/home/swlab/Documents/swvul/java-vuln-detection/slicing/output/CPG/cwe197_cpg/cwe197-1-cpg-resolved.bin	tc1_flow1	CWE197_Numeric_Truncation_Error__int_Environment_to_byte_01.java	32	CWE197_Numeric_Truncation_Error__int_Environment_to_byte_01.java	49
/home/swlab/Documents/swvul/java-vuln-detection/slicing/output/CPG/cwe197_cpg/cwe197-1-cpg-resolved.bin	tc1_flow2	CWE197_Numeric_Truncation_Error__int_Environment_to_byte_01.java	65	CWE197_Numeric_Truncation_Error__int_Environment_to_byte_01.java	69
/home/swlab/Documents/swvul/java-vuln-detection/slicing/output/CPG/cwe197_cpg/cwe197-2-cpg-resolved.bin	tc2_flow1	CWE197_Numeric_Truncation_Error__int_Environment_to_byte_02.java	32	CWE197_Numeric_Truncation_Error__int_Environment_to_byte_02.java	56
/home/swlab/Documents/swvul/java-vuln-detection/slicing/output/CPG/cwe197_cpg/cwe197-2-cpg-resolved.bin	tc2_flow2	CWE197_Numeric_Truncation_Error__int_Environment_to_byte_02.java	75	CWE197_Numeric_Truncation_Error__int_Environment_to_byte_02.java	81
/home/swlab/Documents/swvul/java-vuln-detection/slicing/output/CPG/cwe197_cpg/cwe197-2-cpg-resolved.bin	tc2_flow3	CWE197_Numeric_Truncation_Error__int_Environment_to_byte_02.java	93	CWE197_Numeric_Truncation_Error__int_Environment_to_byte_02.java	104
/home/swlab/Documents/swvul/java-vuln-detection/slicing/output/CPG/cwe197_cpg/cwe197-3-cpg-resolved.bin	tc3_flow1	CWE197_Numeric_Truncation_Error__int_Environment_to_byte_03.java	32	CWE197_Numeric_Truncation_Error__int_Environment_to_byte_03.java	56
/home/swlab/Documents/swvul/java-vuln-detection/slicing/output/CPG/cwe197_cpg/cwe197-3-cpg-resolved.bin	tc3_flow2	CWE197_Numeric_Truncation_Error__int_Environment_to_byte_03.java	75	CWE197_Numeric_Truncation_Error__int_Environment_to_byte_03.java	81
/home/swlab/Documents/swvul/java-vuln-detection/slicing/output/CPG/cwe197_cpg/cwe197-3-cpg-resolved.bin	tc3_flow3	CWE197_Numeric_Truncation_Error__int_Environment_to_byte_03.java	93	CWE197_Numeric_Truncation_Error__int_Environment_to_byte_03.java	104
/home/swlab/Documents/swvul/java-vuln-detection/slicing/output/CPG/cwe197_cpg/cwe197-4-cpg-resolved.bin	tc4_flow1	CWE197_Numeric_Truncation_Error__int_Environment_to_byte_04.java	39	CWE197_Numeric_Truncation_Error__int_Environment_to_byte_04.java	63
/home/swlab/Documents/swvul/java-vuln-detection/slicing/output/CPG/cwe197_cpg/cwe197-4-cpg-resolved.bin	tc4_flow2	CWE197_Numeric_Truncation_Error__int_Environment_to_byte_04.java	82	CWE197_Numeric_Truncation_Error__int_Environment_to_byte_04.java	88
/home/swlab/Documents/swvul/java-vuln-detection/slicing/output/CPG/cwe197_cpg/cwe197-4-cpg-resolved.bin	tc4_flow3	CWE197_Numeric_Truncation_Error__int_Environment_to_byte_04.java	100	CWE197_Numeric_Truncation_Error__int_Environment_to_byte_04.java	111
/home/swlab/Documents/swvul/java-vuln-detection/slicing/output/CPG/cwe197_cpg/cwe197-5-cpg-resolved.bin	tc5_flow1	CWE197_Numeric_Truncation_Error__int_Environment_to_byte_05.java	39	CWE197_Numeric_Truncation_Error__int_Environment_to_byte_05.java	63
/home/swlab/Documents/swvul/java-vuln-detection/slicing/output/CPG/cwe197_cpg/cwe197-5-cpg-resolved.bin	tc5_flow2	CWE197_Numeric_Truncation_Error__int_Environment_to_byte_05.java	82	CWE197_Numeric_Truncation_Error__int_Environment_to_byte_05.java	88
/home/swlab/Documents/swvul/java-vuln-detection/slicing/output/CPG/cwe197_cpg/cwe197-5-cpg-resolved.bin	tc5_flow3	CWE197_Numeric_Truncation_Error__int_Environment_to_byte_05.java	100	CWE197_Numeric_Truncation_Error__int_Environment_to_byte_05.java	111
/home/swlab/Documents/swvul/java-vuln-detection/slicing/output/CPG/cwe197_cpg/cwe197-6-cpg-resolved.bin	tc6_flow1	CWE197_Numeric_Truncation_Error__int_Environment_to_byte_06.java	38	CWE197_Numeric_Truncation_Error__int_Environment_to_byte_06.java	62
/home/swlab/Documents/swvul/java-vuln-detection/slicing/output/CPG/cwe197_cpg/cwe197-6-cpg-resolved.bin	tc6_flow2	CWE197_Numeric_Truncation_Error__int_Environment_to_byte_06.java	81	CWE197_Numeric_Truncation_Error__int_Environment_to_byte_06.java	87
/home/swlab/Documents/swvul/java-vuln-detection/slicing/output/CPG/cwe197_cpg/cwe197-6-cpg-resolved.bin	tc6_flow3	CWE197_Numeric_Truncation_Error__int_Environment_to_byte_06.java	99	CWE197_Numeric_Truncation_Error__int_Environment_to_byte_06.java	110
/home/swlab/Documents/swvul/java-vuln-detection/slicing/output/CPG/cwe197_cpg/cwe197-7-cpg-resolved.bin	tc7_flow1	CWE197_Numeric_Truncation_Error__int_Environment_to_byte_07.java	38	CWE197_Numeric_Truncation_Error__int_Environment_to_byte_07.java	62
/home/swlab/Documents/swvul/java-vuln-detection/slicing/output/CPG/cwe197_cpg/cwe197-7-cpg-resolved.bin	tc7_flow2	CWE197_Numeric_Truncation_Error__int_Environment_to_byte_07.java	81	CWE197_Numeric_Truncation_Error__int_Environment_to_byte_07.java	87
/home/swlab/Documents/swvul/java-vuln-detection/slicing/output/CPG/cwe197_cpg/cwe197-7-cpg-resolved.bin	tc7_flow3	CWE197_Numeric_Truncation_Error__int_Environment_to_byte_07.java	99	CWE197_Numeric_Truncation_Error__int_Environment_to_byte_07.java	110
/home/swlab/Documents/swvul/java-vuln-detection/slicing/output/CPG/cwe197_cpg/cwe197-8-cpg-resolved.bin	tc8_flow1	CWE197_Numeric_Truncation_Error__int_Environment_to_byte_08.java	46	CWE197_Numeric_Truncation_Error__int_Environment_to_byte_08.java	70
/home/swlab/Documents/swvul/java-vuln-detection/slicing/output/CPG/cwe197_cpg/cwe197-8-cpg-resolved.bin	tc8_flow2	CWE197_Numeric_Truncation_Error__int_Environment_to_byte_08.java	89	CWE197_Numeric_Truncation_Error__int_Environment_to_byte_08.java	95
/home/swlab/Documents/swvul/java-vuln-detection/slicing/output/CPG/cwe197_cpg/cwe197-8-cpg-resolved.bin	tc8_flow3	CWE197_Numeric_Truncation_Error__int_Environment_to_byte_08.java	107	CWE197_Numeric_Truncation_Error__int_Environment_to_byte_08.java	118
/home/swlab/Documents/swvul/java-vuln-detection/slicing/output/CPG/cwe197_cpg/cwe197-9-cpg-resolved.bin	tc9_flow1	CWE197_Numeric_Truncation_Error__int_Environment_to_byte_09.java	32	CWE197_Numeric_Truncation_Error__int_Environment_to_byte_09.java	56
/home/swlab/Documents/swvul/java-vuln-detection/slicing/output/CPG/cwe197_cpg/cwe197-9-cpg-resolved.bin	tc9_flow2	CWE197_Numeric_Truncation_Error__int_Environment_to_byte_09.java	75	CWE197_Numeric_Truncation_Error__int_Environment_to_byte_09.java	81
/home/swlab/Documents/swvul/java-vuln-detection/slicing/output/CPG/cwe197_cpg/cwe197-9-cpg-resolved.bin	tc9_flow3	CWE197_Numeric_Truncation_Error__int_Environment_to_byte_09.java	93	CWE197_Numeric_Truncation_Error__int_Environment_to_byte_09.java	104
/home/swlab/Documents/swvul/java-vuln-detection/slicing/output/CPG/cwe197_cpg/cwe197-10-cpg-resolved.bin	tc10_flow1	CWE197_Numeric_Truncation_Error__int_Environment_to_byte_10.java	32	CWE197_Numeric_Truncation_Error__int_Environment_to_byte_10.java	56
/home/swlab/Documents/swvul/java-vuln-detection/slicing/output/CPG/cwe197_cpg/cwe197-10-cpg-resolved.bin	tc10_flow2	CWE197_Numeric_Truncation_Error__int_Environment_to_byte_10.java	75	CWE197_Numeric_Truncation_Error__int_Environment_to_byte_10.java	81
/home/swlab/Documents/swvul/java-vuln-detection/slicing/output/CPG/cwe197_cpg/cwe197-10-cpg-resolved.bin	tc10_flow3	CWE197_Numeric_Truncation_Error__int_Environment_to_byte_10.java	93	CWE197_Numeric_Truncation_Error__int_Environment_to_byte_10.java	104
/home/swlab/Documents/swvul/java-vuln-detection/slicing/output/CPG/cwe197_cpg/cwe197-11-cpg-resolved.bin	tc11_flow1	CWE197_Numeric_Truncation_Error__int_Environment_to_byte_11.java	32	CWE197_Numeric_Truncation_Error__int_Environment_to_byte_11.java	56
/home/swlab/Documents/swvul/java-vuln-detection/slicing/output/CPG/cwe197_cpg/cwe197-11-cpg-resolved.bin	tc11_flow2	CWE197_Numeric_Truncation_Error__int_Environment_to_byte_11.java	75	CWE197_Numeric_Truncation_Error__int_Environment_to_byte_11.java	81
/home/swlab/Documents/swvul/java-vuln-detection/slicing/output/CPG/cwe197_cpg/cwe197-11-cpg-resolved.bin	tc11_flow3	CWE197_Numeric_Truncation_Error__int_Environment_to_byte_11.java	93	CWE197_Numeric_Truncation_Error__int_Environment_to_byte_11.java	104
/home/swlab/Documents/swvul/java-vuln-detection/slicing/output/CPG/cwe197_cpg/cwe197-12-cpg-resolved.bin	tc12_flow1	CWE197_Numeric_Truncation_Error__int_Environment_to_byte_12.java	32	CWE197_Numeric_Truncation_Error__int_Environment_to_byte_12.java	57
/home/swlab/Documents/swvul/java-vuln-detection/slicing/output/CPG/cwe197_cpg/cwe197-12-cpg-resolved.bin	tc12_flow2	CWE197_Numeric_Truncation_Error__int_Environment_to_byte_12.java	70	CWE197_Numeric_Truncation_Error__int_Environment_to_byte_12.java	82
/home/swlab/Documents/swvul/java-vuln-detection/slicing/output/CPG/cwe197_cpg/cwe197-13-cpg-resolved.bin	tc13_flow1	CWE197_Numeric_Truncation_Error__int_Environment_to_byte_13.java	32	CWE197_Numeric_Truncation_Error__int_Environment_to_byte_13.java	56
/home/swlab/Documents/swvul/java-vuln-detection/slicing/output/CPG/cwe197_cpg/cwe197-13-cpg-resolved.bin	tc13_flow2	CWE197_Numeric_Truncation_Error__int_Environment_to_byte_13.java	75	CWE197_Numeric_Truncation_Error__int_Environment_to_byte_13.java	81
/home/swlab/Documents/swvul/java-vuln-detection/slicing/output/CPG/cwe197_cpg/cwe197-13-cpg-resolved.bin	tc13_flow3	CWE197_Numeric_Truncation_Error__int_Environment_to_byte_13.java	93	CWE197_Numeric_Truncation_Error__int_Environment_to_byte_13.java	104
/home/swlab/Documents/swvul/java-vuln-detection/slicing/output/CPG/cwe197_cpg/cwe197-14-cpg-resolved.bin	tc14_flow1	CWE197_Numeric_Truncation_Error__int_Environment_to_byte_14.java	32	CWE197_Numeric_Truncation_Error__int_Environment_to_byte_14.java	56
/home/swlab/Documents/swvul/java-vuln-detection/slicing/output/CPG/cwe197_cpg/cwe197-14-cpg-resolved.bin	tc14_flow2	CWE197_Numeric_Truncation_Error__int_Environment_to_byte_14.java	75	CWE197_Numeric_Truncation_Error__int_Environment_to_byte_14.java	81
/home/swlab/Documents/swvul/java-vuln-detection/slicing/output/CPG/cwe197_cpg/cwe197-14-cpg-resolved.bin	tc14_flow3	CWE197_Numeric_Truncation_Error__int_Environment_to_byte_14.java	93	CWE197_Numeric_Truncation_Error__int_Environment_to_byte_14.java	104
/home/swlab/Documents/swvul/java-vuln-detection/slicing/output/CPG/cwe197_cpg/cwe197-15-cpg-resolved.bin	tc15_flow1	CWE197_Numeric_Truncation_Error__int_Environment_to_byte_15.java	34	CWE197_Numeric_Truncation_Error__int_Environment_to_byte_15.java	58
/home/swlab/Documents/swvul/java-vuln-detection/slicing/output/CPG/cwe197_cpg/cwe197-15-cpg-resolved.bin	tc15_flow2	CWE197_Numeric_Truncation_Error__int_Environment_to_byte_15.java	77	CWE197_Numeric_Truncation_Error__int_Environment_to_byte_15.java	83
/home/swlab/Documents/swvul/java-vuln-detection/slicing/output/CPG/cwe197_cpg/cwe197-15-cpg-resolved.bin	tc15_flow3	CWE197_Numeric_Truncation_Error__int_Environment_to_byte_15.java	97	CWE197_Numeric_Truncation_Error__int_Environment_to_byte_15.java	108
/home/swlab/Documents/swvul/java-vuln-detection/slicing/output/CPG/cwe197_cpg/cwe197-16-cpg-resolved.bin	tc16_flow1	CWE197_Numeric_Truncation_Error__int_Environment_to_byte_16.java	33	CWE197_Numeric_Truncation_Error__int_Environment_to_byte_16.java	52
/home/swlab/Documents/swvul/java-vuln-detection/slicing/output/CPG/cwe197_cpg/cwe197-16-cpg-resolved.bin	tc16_flow2	CWE197_Numeric_Truncation_Error__int_Environment_to_byte_16.java	65	CWE197_Numeric_Truncation_Error__int_Environment_to_byte_16.java	71
/home/swlab/Documents/swvul/java-vuln-detection/slicing/output/CPG/cwe197_cpg/cwe197-17-cpg-resolved.bin	tc17_flow1	CWE197_Numeric_Truncation_Error__int_Environment_to_byte_17.java	32	CWE197_Numeric_Truncation_Error__int_Environment_to_byte_17.java	51
/home/swlab/Documents/swvul/java-vuln-detection/slicing/output/CPG/cwe197_cpg/cwe197-17-cpg-resolved.bin	tc17_flow2	CWE197_Numeric_Truncation_Error__int_Environment_to_byte_17.java	63	CWE197_Numeric_Truncation_Error__int_Environment_to_byte_17.java	69
/home/swlab/Documents/swvul/java-vuln-detection/slicing/output/CPG/cwe197_cpg/cwe197-18-cpg-resolved.bin	tc18_flow1	CWE197_Numeric_Truncation_Error__int_Environment_to_byte_21.java	50	CWE197_Numeric_Truncation_Error__int_Environment_to_byte_21.java	36
/home/swlab/Documents/swvul/java-vuln-detection/slicing/output/CPG/cwe197_cpg/cwe197-18-cpg-resolved.bin	tc18_flow2	CWE197_Numeric_Truncation_Error__int_Environment_to_byte_21.java	114	CWE197_Numeric_Truncation_Error__int_Environment_to_byte_21.java	95
/home/swlab/Documents/swvul/java-vuln-detection/slicing/output/CPG/cwe197_cpg/cwe197-18-cpg-resolved.bin	tc18_flow3	CWE197_Numeric_Truncation_Error__int_Environment_to_byte_21.java	143	CWE197_Numeric_Truncation_Error__int_Environment_to_byte_21.java	131
/home/swlab/Documents/swvul/java-vuln-detection/slicing/output/CPG/cwe197_cpg/cwe197-19-cpg-resolved.bin	tc19_flow1	CWE197_Numeric_Truncation_Error__int_Environment_to_byte_22b.java	33	CWE197_Numeric_Truncation_Error__int_Environment_to_byte_22a.java	35
/home/swlab/Documents/swvul/java-vuln-detection/slicing/output/CPG/cwe197_cpg/cwe197-19-cpg-resolved.bin	tc19_flow2	CWE197_Numeric_Truncation_Error__int_Environment_to_byte_22b.java	72	CWE197_Numeric_Truncation_Error__int_Environment_to_byte_22a.java	61
/home/swlab/Documents/swvul/java-vuln-detection/slicing/output/CPG/cwe197_cpg/cwe197-19-cpg-resolved.bin	tc19_flow3	CWE197_Numeric_Truncation_Error__int_Environment_to_byte_22b.java	87	CWE197_Numeric_Truncation_Error__int_Environment_to_byte_22a.java	76
/home/swlab/Documents/swvul/java-vuln-detection/slicing/output/CPG/cwe197_cpg/cwe197-20-cpg-resolved.bin	tc20_flow1	CWE197_Numeric_Truncation_Error__int_Environment_to_byte_31.java	35	CWE197_Numeric_Truncation_Error__int_Environment_to_byte_31.java	57
/home/swlab/Documents/swvul/java-vuln-detection/slicing/output/CPG/cwe197_cpg/cwe197-20-cpg-resolved.bin	tc20_flow2	CWE197_Numeric_Truncation_Error__int_Environment_to_byte_31.java	76	CWE197_Numeric_Truncation_Error__int_Environment_to_byte_31.java	85
/home/swlab/Documents/swvul/java-vuln-detection/slicing/output/CPG/cwe197_cpg/cwe197-21-cpg-resolved.bin	tc21_flow1	CWE197_Numeric_Truncation_Error__int_Environment_to_byte_41.java	41	CWE197_Numeric_Truncation_Error__int_Environment_to_byte_41.java	28
/home/swlab/Documents/swvul/java-vuln-detection/slicing/output/CPG/cwe197_cpg/cwe197-21-cpg-resolved.bin	tc21_flow2	CWE197_Numeric_Truncation_Error__int_Environment_to_byte_41.java	80	CWE197_Numeric_Truncation_Error__int_Environment_to_byte_41.java	69
/home/swlab/Documents/swvul/java-vuln-detection/slicing/output/CPG/cwe197_cpg/cwe197-22-cpg-resolved.bin	tc22_flow1	CWE197_Numeric_Truncation_Error__int_Environment_to_byte_42.java	31	CWE197_Numeric_Truncation_Error__int_Environment_to_byte_42.java	56
/home/swlab/Documents/swvul/java-vuln-detection/slicing/output/CPG/cwe197_cpg/cwe197-22-cpg-resolved.bin	tc22_flow2	CWE197_Numeric_Truncation_Error__int_Environment_to_byte_42.java	66	CWE197_Numeric_Truncation_Error__int_Environment_to_byte_42.java	78
/home/swlab/Documents/swvul/java-vuln-detection/slicing/output/CPG/cwe197_cpg/cwe197-23-cpg-resolved.bin	tc23_flow1	CWE197_Numeric_Truncation_Error__int_Environment_to_byte_45.java	47	CWE197_Numeric_Truncation_Error__int_Environment_to_byte_45.java	33
/home/swlab/Documents/swvul/java-vuln-detection/slicing/output/CPG/cwe197_cpg/cwe197-23-cpg-resolved.bin	tc23_flow2	CWE197_Numeric_Truncation_Error__int_Environment_to_byte_45.java	88	CWE197_Numeric_Truncation_Error__int_Environment_to_byte_45.java	77
/home/swlab/Documents/swvul/java-vuln-detection/slicing/output/CPG/cwe197_cpg/cwe197-24-cpg-resolved.bin	tc24_flow1	CWE197_Numeric_Truncation_Error__int_Environment_to_byte_51a.java	31	CWE197_Numeric_Truncation_Error__int_Environment_to_byte_51b.java	26
/home/swlab/Documents/swvul/java-vuln-detection/slicing/output/CPG/cwe197_cpg/cwe197-24-cpg-resolved.bin	tc24_flow2	CWE197_Numeric_Truncation_Error__int_Environment_to_byte_51a.java	60	CWE197_Numeric_Truncation_Error__int_Environment_to_byte_51b.java	37
/home/swlab/Documents/swvul/java-vuln-detection/slicing/output/CPG/cwe197_cpg/cwe197-25-cpg-resolved.bin	tc25_flow1	CWE197_Numeric_Truncation_Error__int_Environment_to_byte_52a.java	32	CWE197_Numeric_Truncation_Error__int_Environment_to_byte_52c.java	27
/home/swlab/Documents/swvul/java-vuln-detection/slicing/output/CPG/cwe197_cpg/cwe197-25-cpg-resolved.bin	tc25_flow2	CWE197_Numeric_Truncation_Error__int_Environment_to_byte_52a.java	61	CWE197_Numeric_Truncation_Error__int_Environment_to_byte_52c.java	38
/home/swlab/Documents/swvul/java-vuln-detection/slicing/output/CPG/cwe197_cpg/cwe197-26-cpg-resolved.bin	tc26_flow1	CWE197_Numeric_Truncation_Error__int_Environment_to_byte_53a.java	32	CWE197_Numeric_Truncation_Error__int_Environment_to_byte_53d.java	27
/home/swlab/Documents/swvul/java-vuln-detection/slicing/output/CPG/cwe197_cpg/cwe197-26-cpg-resolved.bin	tc26_flow2	CWE197_Numeric_Truncation_Error__int_Environment_to_byte_53a.java	61	CWE197_Numeric_Truncation_Error__int_Environment_to_byte_53d.java	38
/home/swlab/Documents/swvul/java-vuln-detection/slicing/output/CPG/cwe197_cpg/cwe197-27-cpg-resolved.bin	tc27_flow1	CWE197_Numeric_Truncation_Error__int_Environment_to_byte_54a.java	32	CWE197_Numeric_Truncation_Error__int_Environment_to_byte_54e.java	27
/home/swlab/Documents/swvul/java-vuln-detection/slicing/output/CPG/cwe197_cpg/cwe197-27-cpg-resolved.bin	tc27_flow2	CWE197_Numeric_Truncation_Error__int_Environment_to_byte_54a.java	61	CWE197_Numeric_Truncation_Error__int_Environment_to_byte_54e.java	38
/home/swlab/Documents/swvul/java-vuln-detection/slicing/output/CPG/cwe197_cpg/cwe197-28-cpg-resolved.bin	tc28_flow1	CWE197_Numeric_Truncation_Error__int_Environment_to_byte_61b.java	32	CWE197_Numeric_Truncation_Error__int_Environment_to_byte_61a.java	28
/home/swlab/Documents/swvul/java-vuln-detection/slicing/output/CPG/cwe197_cpg/cwe197-28-cpg-resolved.bin	tc28_flow2	CWE197_Numeric_Truncation_Error__int_Environment_to_byte_61b.java	56	CWE197_Numeric_Truncation_Error__int_Environment_to_byte_61a.java	45
/home/swlab/Documents/swvul/java-vuln-detection/slicing/output/CPG/cwe197_cpg/cwe197-29-cpg-resolved.bin	tc29_flow1	CWE197_Numeric_Truncation_Error__int_Environment_to_byte_66a.java	32	CWE197_Numeric_Truncation_Error__int_Environment_to_byte_66b.java	28
/home/swlab/Documents/swvul/java-vuln-detection/slicing/output/CPG/cwe197_cpg/cwe197-29-cpg-resolved.bin	tc29_flow2	CWE197_Numeric_Truncation_Error__int_Environment_to_byte_66a.java	63	CWE197_Numeric_Truncation_Error__int_Environment_to_byte_66b.java	40
/home/swlab/Documents/swvul/java-vuln-detection/slicing/output/CPG/cwe197_cpg/cwe197-30-cpg-resolved.bin	tc30_flow1	CWE197_Numeric_Truncation_Error__int_Environment_to_byte_67a.java	37	CWE197_Numeric_Truncation_Error__int_Environment_to_byte_67b.java	28
/home/swlab/Documents/swvul/java-vuln-detection/slicing/output/CPG/cwe197_cpg/cwe197-30-cpg-resolved.bin	tc30_flow2	CWE197_Numeric_Truncation_Error__int_Environment_to_byte_67a.java	68	CWE197_Numeric_Truncation_Error__int_Environment_to_byte_67b.java	40
/home/swlab/Documents/swvul/java-vuln-detection/slicing/output/CPG/cwe197_cpg/cwe197-31-cpg-resolved.bin	tc31_flow1	CWE197_Numeric_Truncation_Error__int_Environment_to_byte_68a.java	32	CWE197_Numeric_Truncation_Error__int_Environment_to_byte_68b.java	27
/home/swlab/Documents/swvul/java-vuln-detection/slicing/output/CPG/cwe197_cpg/cwe197-31-cpg-resolved.bin	tc31_flow2	CWE197_Numeric_Truncation_Error__int_Environment_to_byte_68a.java	60	CWE197_Numeric_Truncation_Error__int_Environment_to_byte_68b.java	39
/home/swlab/Documents/swvul/java-vuln-detection/slicing/output/CPG/cwe197_cpg/cwe197-32-cpg-resolved.bin	tc32_flow1	CWE197_Numeric_Truncation_Error__int_Environment_to_byte_71a.java	32	CWE197_Numeric_Truncation_Error__int_Environment_to_byte_71b.java	28
/home/swlab/Documents/swvul/java-vuln-detection/slicing/output/CPG/cwe197_cpg/cwe197-32-cpg-resolved.bin	tc32_flow2	CWE197_Numeric_Truncation_Error__int_Environment_to_byte_71a.java	61	CWE197_Numeric_Truncation_Error__int_Environment_to_byte_71b.java	40
/home/swlab/Documents/swvul/java-vuln-detection/slicing/output/CPG/cwe197_cpg/cwe197-33-cpg-resolved.bin	tc33_flow1	CWE197_Numeric_Truncation_Error__int_Environment_to_byte_72a.java	33	CWE197_Numeric_Truncation_Error__int_Environment_to_byte_72b.java	29
/home/swlab/Documents/swvul/java-vuln-detection/slicing/output/CPG/cwe197_cpg/cwe197-33-cpg-resolved.bin	tc33_flow2	CWE197_Numeric_Truncation_Error__int_Environment_to_byte_72a.java	66	CWE197_Numeric_Truncation_Error__int_Environment_to_byte_72b.java	41
/home/swlab/Documents/swvul/java-vuln-detection/slicing/output/CPG/cwe197_cpg/cwe197-34-cpg-resolved.bin	tc34_flow1	CWE197_Numeric_Truncation_Error__int_Environment_to_byte_73a.java	33	CWE197_Numeric_Truncation_Error__int_Environment_to_byte_73b.java	29
/home/swlab/Documents/swvul/java-vuln-detection/slicing/output/CPG/cwe197_cpg/cwe197-34-cpg-resolved.bin	tc34_flow2	CWE197_Numeric_Truncation_Error__int_Environment_to_byte_73a.java	66	CWE197_Numeric_Truncation_Error__int_Environment_to_byte_73b.java	41
/home/swlab/Documents/swvul/java-vuln-detection/slicing/output/CPG/cwe197_cpg/cwe197-35-cpg-resolved.bin	tc35_flow1	CWE197_Numeric_Truncation_Error__int_Environment_to_byte_74a.java	33	CWE197_Numeric_Truncation_Error__int_Environment_to_byte_74b.java	29
/home/swlab/Documents/swvul/java-vuln-detection/slicing/output/CPG/cwe197_cpg/cwe197-35-cpg-resolved.bin	tc35_flow2	CWE197_Numeric_Truncation_Error__int_Environment_to_byte_74a.java	66	CWE197_Numeric_Truncation_Error__int_Environment_to_byte_74b.java	41
/home/swlab/Documents/swvul/java-vuln-detection/slicing/output/CPG/cwe197_cpg/cwe197-36-cpg-resolved.bin	tc36_flow1	CWE197_Numeric_Truncation_Error__int_Environment_to_byte_75a.java	36	CWE197_Numeric_Truncation_Error__int_Environment_to_byte_75b.java	40
/home/swlab/Documents/swvul/java-vuln-detection/slicing/output/CPG/cwe197_cpg/cwe197-36-cpg-resolved.bin	tc36_flow2	CWE197_Numeric_Truncation_Error__int_Environment_to_byte_75a.java	107	CWE197_Numeric_Truncation_Error__int_Environment_to_byte_75b.java	96
/home/swlab/Documents/swvul/java-vuln-detection/slicing/output/CPG/cwe197_cpg/cwe197-37-cpg-resolved.bin	tc37_flow1	CWE197_Numeric_Truncation_Error__int_Environment_to_byte_81a.java	32	CWE197_Numeric_Truncation_Error__int_Environment_to_byte_81_bad.java	27
/home/swlab/Documents/swvul/java-vuln-detection/slicing/output/CPG/cwe197_cpg/cwe197-37-cpg-resolved.bin	tc37_flow2	CWE197_Numeric_Truncation_Error__int_Environment_to_byte_81a.java	62	CWE197_Numeric_Truncation_Error__int_Environment_to_byte_81_goodG2B.java	27
/home/swlab/Documents/swvul/java-vuln-detection/slicing/output/CPG/cwe197_cpg/cwe197-38-cpg-resolved.bin	tc38_flow1	CWE197_Numeric_Truncation_Error__int_Environment_to_short_01.java	32	CWE197_Numeric_Truncation_Error__int_Environment_to_short_01.java	49
/home/swlab/Documents/swvul/java-vuln-detection/slicing/output/CPG/cwe197_cpg/cwe197-38-cpg-resolved.bin	tc38_flow2	CWE197_Numeric_Truncation_Error__int_Environment_to_short_01.java	65	CWE197_Numeric_Truncation_Error__int_Environment_to_short_01.java	69
/home/swlab/Documents/swvul/java-vuln-detection/slicing/output/CPG/cwe197_cpg/cwe197-39-cpg-resolved.bin	tc39_flow1	CWE197_Numeric_Truncation_Error__int_Environment_to_short_02.java	32	CWE197_Numeric_Truncation_Error__int_Environment_to_short_02.java	56
/home/swlab/Documents/swvul/java-vuln-detection/slicing/output/CPG/cwe197_cpg/cwe197-39-cpg-resolved.bin	tc39_flow2	CWE197_Numeric_Truncation_Error__int_Environment_to_short_02.java	75	CWE197_Numeric_Truncation_Error__int_Environment_to_short_02.java	81
/home/swlab/Documents/swvul/java-vuln-detection/slicing/output/CPG/cwe197_cpg/cwe197-39-cpg-resolved.bin	tc39_flow3	CWE197_Numeric_Truncation_Error__int_Environment_to_short_02.java	93	CWE197_Numeric_Truncation_Error__int_Environment_to_short_02.java	104
/home/swlab/Documents/swvul/java-vuln-detection/slicing/output/CPG/cwe197_cpg/cwe197-40-cpg-resolved.bin	tc40_flow1	CWE197_Numeric_Truncation_Error__int_Environment_to_short_03.java	32	CWE197_Numeric_Truncation_Error__int_Environment_to_short_03.java	56
/home/swlab/Documents/swvul/java-vuln-detection/slicing/output/CPG/cwe197_cpg/cwe197-40-cpg-resolved.bin	tc40_flow2	CWE197_Numeric_Truncation_Error__int_Environment_to_short_03.java	75	CWE197_Numeric_Truncation_Error__int_Environment_to_short_03.java	81
/home/swlab/Documents/swvul/java-vuln-detection/slicing/output/CPG/cwe197_cpg/cwe197-40-cpg-resolved.bin	tc40_flow3	CWE197_Numeric_Truncation_Error__int_Environment_to_short_03.java	93	CWE197_Numeric_Truncation_Error__int_Environment_to_short_03.java	104
/home/swlab/Documents/swvul/java-vuln-detection/slicing/output/CPG/cwe197_cpg/cwe197-41-cpg-resolved.bin	tc41_flow1	CWE197_Numeric_Truncation_Error__int_Environment_to_short_04.java	39	CWE197_Numeric_Truncation_Error__int_Environment_to_short_04.java	63
/home/swlab/Documents/swvul/java-vuln-detection/slicing/output/CPG/cwe197_cpg/cwe197-41-cpg-resolved.bin	tc41_flow2	CWE197_Numeric_Truncation_Error__int_Environment_to_short_04.java	82	CWE197_Numeric_Truncation_Error__int_Environment_to_short_04.java	88
/home/swlab/Documents/swvul/java-vuln-detection/slicing/output/CPG/cwe197_cpg/cwe197-41-cpg-resolved.bin	tc41_flow3	CWE197_Numeric_Truncation_Error__int_Environment_to_short_04.java	100	CWE197_Numeric_Truncation_Error__int_Environment_to_short_04.java	111
/home/swlab/Documents/swvul/java-vuln-detection/slicing/output/CPG/cwe197_cpg/cwe197-42-cpg-resolved.bin	tc42_flow1	CWE197_Numeric_Truncation_Error__int_Environment_to_short_05.java	39	CWE197_Numeric_Truncation_Error__int_Environment_to_short_05.java	63
/home/swlab/Documents/swvul/java-vuln-detection/slicing/output/CPG/cwe197_cpg/cwe197-42-cpg-resolved.bin	tc42_flow2	CWE197_Numeric_Truncation_Error__int_Environment_to_short_05.java	82	CWE197_Numeric_Truncation_Error__int_Environment_to_short_05.java	88
/home/swlab/Documents/swvul/java-vuln-detection/slicing/output/CPG/cwe197_cpg/cwe197-42-cpg-resolved.bin	tc42_flow3	CWE197_Numeric_Truncation_Error__int_Environment_to_short_05.java	100	CWE197_Numeric_Truncation_Error__int_Environment_to_short_05.java	111
/home/swlab/Documents/swvul/java-vuln-detection/slicing/output/CPG/cwe197_cpg/cwe197-43-cpg-resolved.bin	tc43_flow1	CWE197_Numeric_Truncation_Error__int_Environment_to_short_06.java	38	CWE197_Numeric_Truncation_Error__int_Environment_to_short_06.java	62
/home/swlab/Documents/swvul/java-vuln-detection/slicing/output/CPG/cwe197_cpg/cwe197-43-cpg-resolved.bin	tc43_flow2	CWE197_Numeric_Truncation_Error__int_Environment_to_short_06.java	81	CWE197_Numeric_Truncation_Error__int_Environment_to_short_06.java	87
/home/swlab/Documents/swvul/java-vuln-detection/slicing/output/CPG/cwe197_cpg/cwe197-43-cpg-resolved.bin	tc43_flow3	CWE197_Numeric_Truncation_Error__int_Environment_to_short_06.java	99	CWE197_Numeric_Truncation_Error__int_Environment_to_short_06.java	110
/home/swlab/Documents/swvul/java-vuln-detection/slicing/output/CPG/cwe197_cpg/cwe197-44-cpg-resolved.bin	tc44_flow1	CWE197_Numeric_Truncation_Error__int_Environment_to_short_07.java	38	CWE197_Numeric_Truncation_Error__int_Environment_to_short_07.java	62
/home/swlab/Documents/swvul/java-vuln-detection/slicing/output/CPG/cwe197_cpg/cwe197-44-cpg-resolved.bin	tc44_flow2	CWE197_Numeric_Truncation_Error__int_Environment_to_short_07.java	81	CWE197_Numeric_Truncation_Error__int_Environment_to_short_07.java	87
/home/swlab/Documents/swvul/java-vuln-detection/slicing/output/CPG/cwe197_cpg/cwe197-44-cpg-resolved.bin	tc44_flow3	CWE197_Numeric_Truncation_Error__int_Environment_to_short_07.java	99	CWE197_Numeric_Truncation_Error__int_Environment_to_short_07.java	110
/home/swlab/Documents/swvul/java-vuln-detection/slicing/output/CPG/cwe197_cpg/cwe197-45-cpg-resolved.bin	tc45_flow1	CWE197_Numeric_Truncation_Error__int_Environment_to_short_08.java	46	CWE197_Numeric_Truncation_Error__int_Environment_to_short_08.java	70
/home/swlab/Documents/swvul/java-vuln-detection/slicing/output/CPG/cwe197_cpg/cwe197-45-cpg-resolved.bin	tc45_flow2	CWE197_Numeric_Truncation_Error__int_Environment_to_short_08.java	89	CWE197_Numeric_Truncation_Error__int_Environment_to_short_08.java	95
/home/swlab/Documents/swvul/java-vuln-detection/slicing/output/CPG/cwe197_cpg/cwe197-45-cpg-resolved.bin	tc45_flow3	CWE197_Numeric_Truncation_Error__int_Environment_to_short_08.java	107	CWE197_Numeric_Truncation_Error__int_Environment_to_short_08.java	118
/home/swlab/Documents/swvul/java-vuln-detection/slicing/output/CPG/cwe197_cpg/cwe197-46-cpg-resolved.bin	tc46_flow1	CWE197_Numeric_Truncation_Error__int_Environment_to_short_09.java	32	CWE197_Numeric_Truncation_Error__int_Environment_to_short_09.java	56
/home/swlab/Documents/swvul/java-vuln-detection/slicing/output/CPG/cwe197_cpg/cwe197-46-cpg-resolved.bin	tc46_flow2	CWE197_Numeric_Truncation_Error__int_Environment_to_short_09.java	75	CWE197_Numeric_Truncation_Error__int_Environment_to_short_09.java	81
/home/swlab/Documents/swvul/java-vuln-detection/slicing/output/CPG/cwe197_cpg/cwe197-46-cpg-resolved.bin	tc46_flow3	CWE197_Numeric_Truncation_Error__int_Environment_to_short_09.java	93	CWE197_Numeric_Truncation_Error__int_Environment_to_short_09.java	104
/home/swlab/Documents/swvul/java-vuln-detection/slicing/output/CPG/cwe197_cpg/cwe197-47-cpg-resolved.bin	tc47_flow1	CWE197_Numeric_Truncation_Error__int_Environment_to_short_10.java	32	CWE197_Numeric_Truncation_Error__int_Environment_to_short_10.java	56
/home/swlab/Documents/swvul/java-vuln-detection/slicing/output/CPG/cwe197_cpg/cwe197-47-cpg-resolved.bin	tc47_flow2	CWE197_Numeric_Truncation_Error__int_Environment_to_short_10.java	75	CWE197_Numeric_Truncation_Error__int_Environment_to_short_10.java	81
/home/swlab/Documents/swvul/java-vuln-detection/slicing/output/CPG/cwe197_cpg/cwe197-47-cpg-resolved.bin	tc47_flow3	CWE197_Numeric_Truncation_Error__int_Environment_to_short_10.java	93	CWE197_Numeric_Truncation_Error__int_Environment_to_short_10.java	104
/home/swlab/Documents/swvul/java-vuln-detection/slicing/output/CPG/cwe197_cpg/cwe197-48-cpg-resolved.bin	tc48_flow1	CWE197_Numeric_Truncation_Error__int_Environment_to_short_11.java	32	CWE197_Numeric_Truncation_Error__int_Environment_to_short_11.java	56
/home/swlab/Documents/swvul/java-vuln-detection/slicing/output/CPG/cwe197_cpg/cwe197-48-cpg-resolved.bin	tc48_flow2	CWE197_Numeric_Truncation_Error__int_Environment_to_short_11.java	75	CWE197_Numeric_Truncation_Error__int_Environment_to_short_11.java	81
/home/swlab/Documents/swvul/java-vuln-detection/slicing/output/CPG/cwe197_cpg/cwe197-48-cpg-resolved.bin	tc48_flow3	CWE197_Numeric_Truncation_Error__int_Environment_to_short_11.java	93	CWE197_Numeric_Truncation_Error__int_Environment_to_short_11.java	104
/home/swlab/Documents/swvul/java-vuln-detection/slicing/output/CPG/cwe197_cpg/cwe197-49-cpg-resolved.bin	tc49_flow1	CWE197_Numeric_Truncation_Error__int_Environment_to_short_12.java	32	CWE197_Numeric_Truncation_Error__int_Environment_to_short_12.java	57
/home/swlab/Documents/swvul/java-vuln-detection/slicing/output/CPG/cwe197_cpg/cwe197-49-cpg-resolved.bin	tc49_flow2	CWE197_Numeric_Truncation_Error__int_Environment_to_short_12.java	70	CWE197_Numeric_Truncation_Error__int_Environment_to_short_12.java	82
/home/swlab/Documents/swvul/java-vuln-detection/slicing/output/CPG/cwe197_cpg/cwe197-50-cpg-resolved.bin	tc50_flow1	CWE197_Numeric_Truncation_Error__int_Environment_to_short_13.java	32	CWE197_Numeric_Truncation_Error__int_Environment_to_short_13.java	56
/home/swlab/Documents/swvul/java-vuln-detection/slicing/output/CPG/cwe197_cpg/cwe197-50-cpg-resolved.bin	tc50_flow2	CWE197_Numeric_Truncation_Error__int_Environment_to_short_13.java	75	CWE197_Numeric_Truncation_Error__int_Environment_to_short_13.java	81
/home/swlab/Documents/swvul/java-vuln-detection/slicing/output/CPG/cwe197_cpg/cwe197-50-cpg-resolved.bin	tc50_flow3	CWE197_Numeric_Truncation_Error__int_Environment_to_short_13.java	93	CWE197_Numeric_Truncation_Error__int_Environment_to_short_13.java	104
/home/swlab/Documents/swvul/java-vuln-detection/slicing/output/CPG/cwe197_cpg/cwe197-51-cpg-resolved.bin	tc51_flow1	CWE197_Numeric_Truncation_Error__int_Environment_to_short_14.java	32	CWE197_Numeric_Truncation_Error__int_Environment_to_short_14.java	56
/home/swlab/Documents/swvul/java-vuln-detection/slicing/output/CPG/cwe197_cpg/cwe197-51-cpg-resolved.bin	tc51_flow2	CWE197_Numeric_Truncation_Error__int_Environment_to_short_14.java	75	CWE197_Numeric_Truncation_Error__int_Environment_to_short_14.java	81
/home/swlab/Documents/swvul/java-vuln-detection/slicing/output/CPG/cwe197_cpg/cwe197-51-cpg-resolved.bin	tc51_flow3	CWE197_Numeric_Truncation_Error__int_Environment_to_short_14.java	93	CWE197_Numeric_Truncation_Error__int_Environment_to_short_14.java	104
/home/swlab/Documents/swvul/java-vuln-detection/slicing/output/CPG/cwe197_cpg/cwe197-52-cpg-resolved.bin	tc52_flow1	CWE197_Numeric_Truncation_Error__int_Environment_to_short_15.java	34	CWE197_Numeric_Truncation_Error__int_Environment_to_short_15.java	58
/home/swlab/Documents/swvul/java-vuln-detection/slicing/output/CPG/cwe197_cpg/cwe197-52-cpg-resolved.bin	tc52_flow2	CWE197_Numeric_Truncation_Error__int_Environment_to_short_15.java	77	CWE197_Numeric_Truncation_Error__int_Environment_to_short_15.java	83
/home/swlab/Documents/swvul/java-vuln-detection/slicing/output/CPG/cwe197_cpg/cwe197-52-cpg-resolved.bin	tc52_flow3	CWE197_Numeric_Truncation_Error__int_Environment_to_short_15.java	97	CWE197_Numeric_Truncation_Error__int_Environment_to_short_15.java	108
/home/swlab/Documents/swvul/java-vuln-detection/slicing/output/CPG/cwe197_cpg/cwe197-53-cpg-resolved.bin	tc53_flow1	CWE197_Numeric_Truncation_Error__int_Environment_to_short_16.java	33	CWE197_Numeric_Truncation_Error__int_Environment_to_short_16.java	52
/home/swlab/Documents/swvul/java-vuln-detection/slicing/output/CPG/cwe197_cpg/cwe197-53-cpg-resolved.bin	tc53_flow2	CWE197_Numeric_Truncation_Error__int_Environment_to_short_16.java	65	CWE197_Numeric_Truncation_Error__int_Environment_to_short_16.java	71
/home/swlab/Documents/swvul/java-vuln-detection/slicing/output/CPG/cwe197_cpg/cwe197-54-cpg-resolved.bin	tc54_flow1	CWE197_Numeric_Truncation_Error__int_Environment_to_short_17.java	32	CWE197_Numeric_Truncation_Error__int_Environment_to_short_17.java	51
/home/swlab/Documents/swvul/java-vuln-detection/slicing/output/CPG/cwe197_cpg/cwe197-54-cpg-resolved.bin	tc54_flow2	CWE197_Numeric_Truncation_Error__int_Environment_to_short_17.java	63	CWE197_Numeric_Truncation_Error__int_Environment_to_short_17.java	69
/home/swlab/Documents/swvul/java-vuln-detection/slicing/output/CPG/cwe197_cpg/cwe197-55-cpg-resolved.bin	tc55_flow1	CWE197_Numeric_Truncation_Error__int_Environment_to_short_21.java	50	CWE197_Numeric_Truncation_Error__int_Environment_to_short_21.java	36
/home/swlab/Documents/swvul/java-vuln-detection/slicing/output/CPG/cwe197_cpg/cwe197-55-cpg-resolved.bin	tc55_flow2	CWE197_Numeric_Truncation_Error__int_Environment_to_short_21.java	114	CWE197_Numeric_Truncation_Error__int_Environment_to_short_21.java	95
/home/swlab/Documents/swvul/java-vuln-detection/slicing/output/CPG/cwe197_cpg/cwe197-55-cpg-resolved.bin	tc55_flow3	CWE197_Numeric_Truncation_Error__int_Environment_to_short_21.java	143	CWE197_Numeric_Truncation_Error__int_Environment_to_short_21.java	131
/home/swlab/Documents/swvul/java-vuln-detection/slicing/output/CPG/cwe197_cpg/cwe197-56-cpg-resolved.bin	tc56_flow1	CWE197_Numeric_Truncation_Error__int_Environment_to_short_22b.java	33	CWE197_Numeric_Truncation_Error__int_Environment_to_short_22a.java	35
/home/swlab/Documents/swvul/java-vuln-detection/slicing/output/CPG/cwe197_cpg/cwe197-56-cpg-resolved.bin	tc56_flow2	CWE197_Numeric_Truncation_Error__int_Environment_to_short_22b.java	72	CWE197_Numeric_Truncation_Error__int_Environment_to_short_22a.java	61
/home/swlab/Documents/swvul/java-vuln-detection/slicing/output/CPG/cwe197_cpg/cwe197-56-cpg-resolved.bin	tc56_flow3	CWE197_Numeric_Truncation_Error__int_Environment_to_short_22b.java	87	CWE197_Numeric_Truncation_Error__int_Environment_to_short_22a.java	76
/home/swlab/Documents/swvul/java-vuln-detection/slicing/output/CPG/cwe197_cpg/cwe197-57-cpg-resolved.bin	tc57_flow1	CWE197_Numeric_Truncation_Error__int_Environment_to_short_31.java	35	CWE197_Numeric_Truncation_Error__int_Environment_to_short_31.java	57
/home/swlab/Documents/swvul/java-vuln-detection/slicing/output/CPG/cwe197_cpg/cwe197-57-cpg-resolved.bin	tc57_flow2	CWE197_Numeric_Truncation_Error__int_Environment_to_short_31.java	76	CWE197_Numeric_Truncation_Error__int_Environment_to_short_31.java	85
/home/swlab/Documents/swvul/java-vuln-detection/slicing/output/CPG/cwe197_cpg/cwe197-58-cpg-resolved.bin	tc58_flow1	CWE197_Numeric_Truncation_Error__int_Environment_to_short_41.java	41	CWE197_Numeric_Truncation_Error__int_Environment_to_short_41.java	28
/home/swlab/Documents/swvul/java-vuln-detection/slicing/output/CPG/cwe197_cpg/cwe197-58-cpg-resolved.bin	tc58_flow2	CWE197_Numeric_Truncation_Error__int_Environment_to_short_41.java	80	CWE197_Numeric_Truncation_Error__int_Environment_to_short_41.java	69
/home/swlab/Documents/swvul/java-vuln-detection/slicing/output/CPG/cwe197_cpg/cwe197-59-cpg-resolved.bin	tc59_flow1	CWE197_Numeric_Truncation_Error__int_Environment_to_short_42.java	31	CWE197_Numeric_Truncation_Error__int_Environment_to_short_42.java	56
/home/swlab/Documents/swvul/java-vuln-detection/slicing/output/CPG/cwe197_cpg/cwe197-59-cpg-resolved.bin	tc59_flow2	CWE197_Numeric_Truncation_Error__int_Environment_to_short_42.java	66	CWE197_Numeric_Truncation_Error__int_Environment_to_short_42.java	78
/home/swlab/Documents/swvul/java-vuln-detection/slicing/output/CPG/cwe197_cpg/cwe197-60-cpg-resolved.bin	tc60_flow1	CWE197_Numeric_Truncation_Error__int_Environment_to_short_45.java	47	CWE197_Numeric_Truncation_Error__int_Environment_to_short_45.java	33
/home/swlab/Documents/swvul/java-vuln-detection/slicing/output/CPG/cwe197_cpg/cwe197-60-cpg-resolved.bin	tc60_flow2	CWE197_Numeric_Truncation_Error__int_Environment_to_short_45.java	88	CWE197_Numeric_Truncation_Error__int_Environment_to_short_45.java	77
/home/swlab/Documents/swvul/java-vuln-detection/slicing/output/CPG/cwe197_cpg/cwe197-61-cpg-resolved.bin	tc61_flow1	CWE197_Numeric_Truncation_Error__int_Environment_to_short_51a.java	31	CWE197_Numeric_Truncation_Error__int_Environment_to_short_51b.java	26
/home/swlab/Documents/swvul/java-vuln-detection/slicing/output/CPG/cwe197_cpg/cwe197-61-cpg-resolved.bin	tc61_flow2	CWE197_Numeric_Truncation_Error__int_Environment_to_short_51a.java	60	CWE197_Numeric_Truncation_Error__int_Environment_to_short_51b.java	37
/home/swlab/Documents/swvul/java-vuln-detection/slicing/output/CPG/cwe197_cpg/cwe197-62-cpg-resolved.bin	tc62_flow1	CWE197_Numeric_Truncation_Error__int_Environment_to_short_52a.java	32	CWE197_Numeric_Truncation_Error__int_Environment_to_short_52c.java	27
/home/swlab/Documents/swvul/java-vuln-detection/slicing/output/CPG/cwe197_cpg/cwe197-62-cpg-resolved.bin	tc62_flow2	CWE197_Numeric_Truncation_Error__int_Environment_to_short_52a.java	61	CWE197_Numeric_Truncation_Error__int_Environment_to_short_52c.java	38
/home/swlab/Documents/swvul/java-vuln-detection/slicing/output/CPG/cwe197_cpg/cwe197-63-cpg-resolved.bin	tc63_flow1	CWE197_Numeric_Truncation_Error__int_Environment_to_short_53a.java	32	CWE197_Numeric_Truncation_Error__int_Environment_to_short_53d.java	27
/home/swlab/Documents/swvul/java-vuln-detection/slicing/output/CPG/cwe197_cpg/cwe197-63-cpg-resolved.bin	tc63_flow2	CWE197_Numeric_Truncation_Error__int_Environment_to_short_53a.java	61	CWE197_Numeric_Truncation_Error__int_Environment_to_short_53d.java	38
/home/swlab/Documents/swvul/java-vuln-detection/slicing/output/CPG/cwe197_cpg/cwe197-64-cpg-resolved.bin	tc64_flow1	CWE197_Numeric_Truncation_Error__int_Environment_to_short_54a.java	32	CWE197_Numeric_Truncation_Error__int_Environment_to_short_54e.java	27
/home/swlab/Documents/swvul/java-vuln-detection/slicing/output/CPG/cwe197_cpg/cwe197-64-cpg-resolved.bin	tc64_flow2	CWE197_Numeric_Truncation_Error__int_Environment_to_short_54a.java	61	CWE197_Numeric_Truncation_Error__int_Environment_to_short_54e.java	38
/home/swlab/Documents/swvul/java-vuln-detection/slicing/output/CPG/cwe197_cpg/cwe197-65-cpg-resolved.bin	tc65_flow1	CWE197_Numeric_Truncation_Error__int_Environment_to_short_61b.java	32	CWE197_Numeric_Truncation_Error__int_Environment_to_short_61a.java	28
/home/swlab/Documents/swvul/java-vuln-detection/slicing/output/CPG/cwe197_cpg/cwe197-65-cpg-resolved.bin	tc65_flow2	CWE197_Numeric_Truncation_Error__int_Environment_to_short_61b.java	56	CWE197_Numeric_Truncation_Error__int_Environment_to_short_61a.java	45
/home/swlab/Documents/swvul/java-vuln-detection/slicing/output/CPG/cwe197_cpg/cwe197-66-cpg-resolved.bin	tc66_flow1	CWE197_Numeric_Truncation_Error__int_Environment_to_short_66a.java	32	CWE197_Numeric_Truncation_Error__int_Environment_to_short_66b.java	28
/home/swlab/Documents/swvul/java-vuln-detection/slicing/output/CPG/cwe197_cpg/cwe197-66-cpg-resolved.bin	tc66_flow2	CWE197_Numeric_Truncation_Error__int_Environment_to_short_66a.java	63	CWE197_Numeric_Truncation_Error__int_Environment_to_short_66b.java	40
/home/swlab/Documents/swvul/java-vuln-detection/slicing/output/CPG/cwe197_cpg/cwe197-67-cpg-resolved.bin	tc67_flow1	CWE197_Numeric_Truncation_Error__int_Environment_to_short_67a.java	37	CWE197_Numeric_Truncation_Error__int_Environment_to_short_67b.java	28
/home/swlab/Documents/swvul/java-vuln-detection/slicing/output/CPG/cwe197_cpg/cwe197-67-cpg-resolved.bin	tc67_flow2	CWE197_Numeric_Truncation_Error__int_Environment_to_short_67a.java	68	CWE197_Numeric_Truncation_Error__int_Environment_to_short_67b.java	40
/home/swlab/Documents/swvul/java-vuln-detection/slicing/output/CPG/cwe197_cpg/cwe197-68-cpg-resolved.bin	tc68_flow1	CWE197_Numeric_Truncation_Error__int_Environment_to_short_68a.java	32	CWE197_Numeric_Truncation_Error__int_Environment_to_short_68b.java	27
/home/swlab/Documents/swvul/java-vuln-detection/slicing/output/CPG/cwe197_cpg/cwe197-68-cpg-resolved.bin	tc68_flow2	CWE197_Numeric_Truncation_Error__int_Environment_to_short_68a.java	60	CWE197_Numeric_Truncation_Error__int_Environment_to_short_68b.java	39
/home/swlab/Documents/swvul/java-vuln-detection/slicing/output/CPG/cwe197_cpg/cwe197-69-cpg-resolved.bin	tc69_flow1	CWE197_Numeric_Truncation_Error__int_Environment_to_short_71a.java	32	CWE197_Numeric_Truncation_Error__int_Environment_to_short_71b.java	28
/home/swlab/Documents/swvul/java-vuln-detection/slicing/output/CPG/cwe197_cpg/cwe197-69-cpg-resolved.bin	tc69_flow2	CWE197_Numeric_Truncation_Error__int_Environment_to_short_71a.java	61	CWE197_Numeric_Truncation_Error__int_Environment_to_short_71b.java	40
/home/swlab/Documents/swvul/java-vuln-detection/slicing/output/CPG/cwe197_cpg/cwe197-70-cpg-resolved.bin	tc70_flow1	CWE197_Numeric_Truncation_Error__int_Environment_to_short_72a.java	33	CWE197_Numeric_Truncation_Error__int_Environment_to_short_72b.java	29
/home/swlab/Documents/swvul/java-vuln-detection/slicing/output/CPG/cwe197_cpg/cwe197-70-cpg-resolved.bin	tc70_flow2	CWE197_Numeric_Truncation_Error__int_Environment_to_short_72a.java	66	CWE197_Numeric_Truncation_Error__int_Environment_to_short_72b.java	41
/home/swlab/Documents/swvul/java-vuln-detection/slicing/output/CPG/cwe197_cpg/cwe197-71-cpg-resolved.bin	tc71_flow1	CWE197_Numeric_Truncation_Error__int_Environment_to_short_73a.java	33	CWE197_Numeric_Truncation_Error__int_Environment_to_short_73b.java	29
/home/swlab/Documents/swvul/java-vuln-detection/slicing/output/CPG/cwe197_cpg/cwe197-71-cpg-resolved.bin	tc71_flow2	CWE197_Numeric_Truncation_Error__int_Environment_to_short_73a.java	66	CWE197_Numeric_Truncation_Error__int_Environment_to_short_73b.java	41
/home/swlab/Documents/swvul/java-vuln-detection/slicing/output/CPG/cwe197_cpg/cwe197-72-cpg-resolved.bin	tc72_flow1	CWE197_Numeric_Truncation_Error__int_Environment_to_short_74a.java	33	CWE197_Numeric_Truncation_Error__int_Environment_to_short_74b.java	29
/home/swlab/Documents/swvul/java-vuln-detection/slicing/output/CPG/cwe197_cpg/cwe197-72-cpg-resolved.bin	tc72_flow2	CWE197_Numeric_Truncation_Error__int_Environment_to_short_74a.java	66	CWE197_Numeric_Truncation_Error__int_Environment_to_short_74b.java	41
/home/swlab/Documents/swvul/java-vuln-detection/slicing/output/CPG/cwe197_cpg/cwe197-73-cpg-resolved.bin	tc73_flow1	CWE197_Numeric_Truncation_Error__int_Environment_to_short_75a.java	36	CWE197_Numeric_Truncation_Error__int_Environment_to_short_75b.java	40
/home/swlab/Documents/swvul/java-vuln-detection/slicing/output/CPG/cwe197_cpg/cwe197-73-cpg-resolved.bin	tc73_flow2	CWE197_Numeric_Truncation_Error__int_Environment_to_short_75a.java	107	CWE197_Numeric_Truncation_Error__int_Environment_to_short_75b.java	96
/home/swlab/Documents/swvul/java-vuln-detection/slicing/output/CPG/cwe197_cpg/cwe197-74-cpg-resolved.bin	tc74_flow1	CWE197_Numeric_Truncation_Error__int_Environment_to_short_81a.java	32	CWE197_Numeric_Truncation_Error__int_Environment_to_short_81_bad.java	27
/home/swlab/Documents/swvul/java-vuln-detection/slicing/output/CPG/cwe197_cpg/cwe197-74-cpg-resolved.bin	tc74_flow2	CWE197_Numeric_Truncation_Error__int_Environment_to_short_81a.java	62	CWE197_Numeric_Truncation_Error__int_Environment_to_short_81_goodG2B.java	27
/home/swlab/Documents/swvul/java-vuln-detection/slicing/output/CPG/cwe197_cpg/cwe197-75-cpg-resolved.bin	tc75_flow2	CWE197_Numeric_Truncation_Error__int_File_to_byte_01.java	128	CWE197_Numeric_Truncation_Error__int_File_to_byte_01.java	132
/home/swlab/Documents/swvul/java-vuln-detection/slicing/output/CPG/cwe197_cpg/cwe197-76-cpg-resolved.bin	tc76_flow2	CWE197_Numeric_Truncation_Error__int_File_to_byte_02.java	136	CWE197_Numeric_Truncation_Error__int_File_to_byte_02.java	142
/home/swlab/Documents/swvul/java-vuln-detection/slicing/output/CPG/cwe197_cpg/cwe197-76-cpg-resolved.bin	tc76_flow3	CWE197_Numeric_Truncation_Error__int_File_to_byte_02.java	154	CWE197_Numeric_Truncation_Error__int_File_to_byte_02.java	165
/home/swlab/Documents/swvul/java-vuln-detection/slicing/output/CPG/cwe197_cpg/cwe197-77-cpg-resolved.bin	tc77_flow2	CWE197_Numeric_Truncation_Error__int_File_to_byte_03.java	136	CWE197_Numeric_Truncation_Error__int_File_to_byte_03.java	142
/home/swlab/Documents/swvul/java-vuln-detection/slicing/output/CPG/cwe197_cpg/cwe197-77-cpg-resolved.bin	tc77_flow3	CWE197_Numeric_Truncation_Error__int_File_to_byte_03.java	154	CWE197_Numeric_Truncation_Error__int_File_to_byte_03.java	165
/home/swlab/Documents/swvul/java-vuln-detection/slicing/output/CPG/cwe197_cpg/cwe197-78-cpg-resolved.bin	tc78_flow2	CWE197_Numeric_Truncation_Error__int_File_to_byte_04.java	143	CWE197_Numeric_Truncation_Error__int_File_to_byte_04.java	149
/home/swlab/Documents/swvul/java-vuln-detection/slicing/output/CPG/cwe197_cpg/cwe197-78-cpg-resolved.bin	tc78_flow3	CWE197_Numeric_Truncation_Error__int_File_to_byte_04.java	161	CWE197_Numeric_Truncation_Error__int_File_to_byte_04.java	172
/home/swlab/Documents/swvul/java-vuln-detection/slicing/output/CPG/cwe197_cpg/cwe197-79-cpg-resolved.bin	tc79_flow2	CWE197_Numeric_Truncation_Error__int_File_to_byte_05.java	143	CWE197_Numeric_Truncation_Error__int_File_to_byte_05.java	149
/home/swlab/Documents/swvul/java-vuln-detection/slicing/output/CPG/cwe197_cpg/cwe197-79-cpg-resolved.bin	tc79_flow3	CWE197_Numeric_Truncation_Error__int_File_to_byte_05.java	161	CWE197_Numeric_Truncation_Error__int_File_to_byte_05.java	172
/home/swlab/Documents/swvul/java-vuln-detection/slicing/output/CPG/cwe197_cpg/cwe197-80-cpg-resolved.bin	tc80_flow2	CWE197_Numeric_Truncation_Error__int_File_to_byte_06.java	142	CWE197_Numeric_Truncation_Error__int_File_to_byte_06.java	148
/home/swlab/Documents/swvul/java-vuln-detection/slicing/output/CPG/cwe197_cpg/cwe197-80-cpg-resolved.bin	tc80_flow3	CWE197_Numeric_Truncation_Error__int_File_to_byte_06.java	160	CWE197_Numeric_Truncation_Error__int_File_to_byte_06.java	171
/home/swlab/Documents/swvul/java-vuln-detection/slicing/output/CPG/cwe197_cpg/cwe197-81-cpg-resolved.bin	tc81_flow2	CWE197_Numeric_Truncation_Error__int_File_to_byte_07.java	142	CWE197_Numeric_Truncation_Error__int_File_to_byte_07.java	148
/home/swlab/Documents/swvul/java-vuln-detection/slicing/output/CPG/cwe197_cpg/cwe197-81-cpg-resolved.bin	tc81_flow3	CWE197_Numeric_Truncation_Error__int_File_to_byte_07.java	160	CWE197_Numeric_Truncation_Error__int_File_to_byte_07.java	171
/home/swlab/Documents/swvul/java-vuln-detection/slicing/output/CPG/cwe197_cpg/cwe197-82-cpg-resolved.bin	tc82_flow2	CWE197_Numeric_Truncation_Error__int_File_to_byte_08.java	150	CWE197_Numeric_Truncation_Error__int_File_to_byte_08.java	156
/home/swlab/Documents/swvul/java-vuln-detection/slicing/output/CPG/cwe197_cpg/cwe197-82-cpg-resolved.bin	tc82_flow3	CWE197_Numeric_Truncation_Error__int_File_to_byte_08.java	168	CWE197_Numeric_Truncation_Error__int_File_to_byte_08.java	179
/home/swlab/Documents/swvul/java-vuln-detection/slicing/output/CPG/cwe197_cpg/cwe197-83-cpg-resolved.bin	tc83_flow2	CWE197_Numeric_Truncation_Error__int_File_to_byte_09.java	136	CWE197_Numeric_Truncation_Error__int_File_to_byte_09.java	142
/home/swlab/Documents/swvul/java-vuln-detection/slicing/output/CPG/cwe197_cpg/cwe197-83-cpg-resolved.bin	tc83_flow3	CWE197_Numeric_Truncation_Error__int_File_to_byte_09.java	154	CWE197_Numeric_Truncation_Error__int_File_to_byte_09.java	165
/home/swlab/Documents/swvul/java-vuln-detection/slicing/output/CPG/cwe197_cpg/cwe197-84-cpg-resolved.bin	tc84_flow2	CWE197_Numeric_Truncation_Error__int_File_to_byte_10.java	136	CWE197_Numeric_Truncation_Error__int_File_to_byte_10.java	142
/home/swlab/Documents/swvul/java-vuln-detection/slicing/output/CPG/cwe197_cpg/cwe197-84-cpg-resolved.bin	tc84_flow3	CWE197_Numeric_Truncation_Error__int_File_to_byte_10.java	154	CWE197_Numeric_Truncation_Error__int_File_to_byte_10.java	165
/home/swlab/Documents/swvul/java-vuln-detection/slicing/output/CPG/cwe197_cpg/cwe197-85-cpg-resolved.bin	tc85_flow2	CWE197_Numeric_Truncation_Error__int_File_to_byte_11.java	136	CWE197_Numeric_Truncation_Error__int_File_to_byte_11.java	142
/home/swlab/Documents/swvul/java-vuln-detection/slicing/output/CPG/cwe197_cpg/cwe197-85-cpg-resolved.bin	tc85_flow3	CWE197_Numeric_Truncation_Error__int_File_to_byte_11.java	154	CWE197_Numeric_Truncation_Error__int_File_to_byte_11.java	165
/home/swlab/Documents/swvul/java-vuln-detection/slicing/output/CPG/cwe197_cpg/cwe197-86-cpg-resolved.bin	tc86_flow2	CWE197_Numeric_Truncation_Error__int_File_to_byte_12.java	131	CWE197_Numeric_Truncation_Error__int_File_to_byte_12.java	143
/home/swlab/Documents/swvul/java-vuln-detection/slicing/output/CPG/cwe197_cpg/cwe197-87-cpg-resolved.bin	tc87_flow2	CWE197_Numeric_Truncation_Error__int_File_to_byte_13.java	136	CWE197_Numeric_Truncation_Error__int_File_to_byte_13.java	142
/home/swlab/Documents/swvul/java-vuln-detection/slicing/output/CPG/cwe197_cpg/cwe197-87-cpg-resolved.bin	tc87_flow3	CWE197_Numeric_Truncation_Error__int_File_to_byte_13.java	154	CWE197_Numeric_Truncation_Error__int_File_to_byte_13.java	165
/home/swlab/Documents/swvul/java-vuln-detection/slicing/output/CPG/cwe197_cpg/cwe197-88-cpg-resolved.bin	tc88_flow2	CWE197_Numeric_Truncation_Error__int_File_to_byte_14.java	136	CWE197_Numeric_Truncation_Error__int_File_to_byte_14.java	142
/home/swlab/Documents/swvul/java-vuln-detection/slicing/output/CPG/cwe197_cpg/cwe197-88-cpg-resolved.bin	tc88_flow3	CWE197_Numeric_Truncation_Error__int_File_to_byte_14.java	154	CWE197_Numeric_Truncation_Error__int_File_to_byte_14.java	165
/home/swlab/Documents/swvul/java-vuln-detection/slicing/output/CPG/cwe197_cpg/cwe197-89-cpg-resolved.bin	tc89_flow2	CWE197_Numeric_Truncation_Error__int_File_to_byte_15.java	138	CWE197_Numeric_Truncation_Error__int_File_to_byte_15.java	144
/home/swlab/Documents/swvul/java-vuln-detection/slicing/output/CPG/cwe197_cpg/cwe197-89-cpg-resolved.bin	tc89_flow3	CWE197_Numeric_Truncation_Error__int_File_to_byte_15.java	158	CWE197_Numeric_Truncation_Error__int_File_to_byte_15.java	169
/home/swlab/Documents/swvul/java-vuln-detection/slicing/output/CPG/cwe197_cpg/cwe197-90-cpg-resolved.bin	tc90_flow2	CWE197_Numeric_Truncation_Error__int_File_to_byte_16.java	126	CWE197_Numeric_Truncation_Error__int_File_to_byte_16.java	132
/home/swlab/Documents/swvul/java-vuln-detection/slicing/output/CPG/cwe197_cpg/cwe197-91-cpg-resolved.bin	tc91_flow2	CWE197_Numeric_Truncation_Error__int_File_to_byte_17.java	126	CWE197_Numeric_Truncation_Error__int_File_to_byte_17.java	132
/home/swlab/Documents/swvul/java-vuln-detection/slicing/output/CPG/cwe197_cpg/cwe197-92-cpg-resolved.bin	tc92_flow2	CWE197_Numeric_Truncation_Error__int_File_to_byte_21.java	175	CWE197_Numeric_Truncation_Error__int_File_to_byte_21.java	156
/home/swlab/Documents/swvul/java-vuln-detection/slicing/output/CPG/cwe197_cpg/cwe197-92-cpg-resolved.bin	tc92_flow3	CWE197_Numeric_Truncation_Error__int_File_to_byte_21.java	204	CWE197_Numeric_Truncation_Error__int_File_to_byte_21.java	192
/home/swlab/Documents/swvul/java-vuln-detection/slicing/output/CPG/cwe197_cpg/cwe197-93-cpg-resolved.bin	tc93_flow2	CWE197_Numeric_Truncation_Error__int_File_to_byte_22b.java	133	CWE197_Numeric_Truncation_Error__int_File_to_byte_22a.java	61
/home/swlab/Documents/swvul/java-vuln-detection/slicing/output/CPG/cwe197_cpg/cwe197-93-cpg-resolved.bin	tc93_flow3	CWE197_Numeric_Truncation_Error__int_File_to_byte_22b.java	148	CWE197_Numeric_Truncation_Error__int_File_to_byte_22a.java	76
/home/swlab/Documents/swvul/java-vuln-detection/slicing/output/CPG/cwe197_cpg/cwe197-94-cpg-resolved.bin	tc94_flow2	CWE197_Numeric_Truncation_Error__int_File_to_byte_31.java	139	CWE197_Numeric_Truncation_Error__int_File_to_byte_31.java	148
/home/swlab/Documents/swvul/java-vuln-detection/slicing/output/CPG/cwe197_cpg/cwe197-95-cpg-resolved.bin	tc95_flow2	CWE197_Numeric_Truncation_Error__int_File_to_byte_41.java	143	CWE197_Numeric_Truncation_Error__int_File_to_byte_41.java	132
/home/swlab/Documents/swvul/java-vuln-detection/slicing/output/CPG/cwe197_cpg/cwe197-96-cpg-resolved.bin	tc96_flow2	CWE197_Numeric_Truncation_Error__int_File_to_byte_42.java	129	CWE197_Numeric_Truncation_Error__int_File_to_byte_42.java	141
/home/swlab/Documents/swvul/java-vuln-detection/slicing/output/CPG/cwe197_cpg/cwe197-97-cpg-resolved.bin	tc97_flow2	CWE197_Numeric_Truncation_Error__int_File_to_byte_45.java	151	CWE197_Numeric_Truncation_Error__int_File_to_byte_45.java	140
/home/swlab/Documents/swvul/java-vuln-detection/slicing/output/CPG/cwe197_cpg/cwe197-98-cpg-resolved.bin	tc98_flow2	CWE197_Numeric_Truncation_Error__int_File_to_byte_51a.java	123	CWE197_Numeric_Truncation_Error__int_File_to_byte_51b.java	37
/home/swlab/Documents/swvul/java-vuln-detection/slicing/output/CPG/cwe197_cpg/cwe197-99-cpg-resolved.bin	tc99_flow2	CWE197_Numeric_Truncation_Error__int_File_to_byte_52a.java	124	CWE197_Numeric_Truncation_Error__int_File_to_byte_52c.java	38
/home/swlab/Documents/swvul/java-vuln-detection/slicing/output/CPG/cwe197_cpg/cwe197-100-cpg-resolved.bin	tc100_flow2	CWE197_Numeric_Truncation_Error__int_File_to_byte_53a.java	124	CWE197_Numeric_Truncation_Error__int_File_to_byte_53d.java	38
/home/swlab/Documents/swvul/java-vuln-detection/slicing/output/CPG/cwe197_cpg/cwe197-101-cpg-resolved.bin	tc101_flow2	CWE197_Numeric_Truncation_Error__int_File_to_byte_54a.java	124	CWE197_Numeric_Truncation_Error__int_File_to_byte_54e.java	38
/home/swlab/Documents/swvul/java-vuln-detection/slicing/output/CPG/cwe197_cpg/cwe197-102-cpg-resolved.bin	tc102_flow2	CWE197_Numeric_Truncation_Error__int_File_to_byte_61b.java	119	CWE197_Numeric_Truncation_Error__int_File_to_byte_61a.java	45
/home/swlab/Documents/swvul/java-vuln-detection/slicing/output/CPG/cwe197_cpg/cwe197-103-cpg-resolved.bin	tc103_flow2	CWE197_Numeric_Truncation_Error__int_File_to_byte_66a.java	126	CWE197_Numeric_Truncation_Error__int_File_to_byte_66b.java	40
/home/swlab/Documents/swvul/java-vuln-detection/slicing/output/CPG/cwe197_cpg/cwe197-104-cpg-resolved.bin	tc104_flow2	CWE197_Numeric_Truncation_Error__int_File_to_byte_67a.java	131	CWE197_Numeric_Truncation_Error__int_File_to_byte_67b.java	40
/home/swlab/Documents/swvul/java-vuln-detection/slicing/output/CPG/cwe197_cpg/cwe197-105-cpg-resolved.bin	tc105_flow2	CWE197_Numeric_Truncation_Error__int_File_to_byte_68a.java	123	CWE197_Numeric_Truncation_Error__int_File_to_byte_68b.java	39
/home/swlab/Documents/swvul/java-vuln-detection/slicing/output/CPG/cwe197_cpg/cwe197-106-cpg-resolved.bin	tc106_flow2	CWE197_Numeric_Truncation_Error__int_File_to_byte_71a.java	124	CWE197_Numeric_Truncation_Error__int_File_to_byte_71b.java	40
/home/swlab/Documents/swvul/java-vuln-detection/slicing/output/CPG/cwe197_cpg/cwe197-107-cpg-resolved.bin	tc107_flow2	CWE197_Numeric_Truncation_Error__int_File_to_byte_72a.java	129	CWE197_Numeric_Truncation_Error__int_File_to_byte_72b.java	41
/home/swlab/Documents/swvul/java-vuln-detection/slicing/output/CPG/cwe197_cpg/cwe197-108-cpg-resolved.bin	tc108_flow2	CWE197_Numeric_Truncation_Error__int_File_to_byte_73a.java	129	CWE197_Numeric_Truncation_Error__int_File_to_byte_73b.java	41
/home/swlab/Documents/swvul/java-vuln-detection/slicing/output/CPG/cwe197_cpg/cwe197-109-cpg-resolved.bin	tc109_flow2	CWE197_Numeric_Truncation_Error__int_File_to_byte_74a.java	129	CWE197_Numeric_Truncation_Error__int_File_to_byte_74b.java	41
/home/swlab/Documents/swvul/java-vuln-detection/slicing/output/CPG/cwe197_cpg/cwe197-110-cpg-resolved.bin	tc110_flow2	CWE197_Numeric_Truncation_Error__int_File_to_byte_75a.java	169	CWE197_Numeric_Truncation_Error__int_File_to_byte_75b.java	96
/home/swlab/Documents/swvul/java-vuln-detection/slicing/output/CPG/cwe197_cpg/cwe197-111-cpg-resolved.bin	tc111_flow2	CWE197_Numeric_Truncation_Error__int_File_to_byte_81a.java	125	CWE197_Numeric_Truncation_Error__int_File_to_byte_81_goodG2B.java	27
/home/swlab/Documents/swvul/java-vuln-detection/slicing/output/CPG/cwe197_cpg/cwe197-112-cpg-resolved.bin	tc112_flow2	CWE197_Numeric_Truncation_Error__int_File_to_short_01.java	128	CWE197_Numeric_Truncation_Error__int_File_to_short_01.java	132
/home/swlab/Documents/swvul/java-vuln-detection/slicing/output/CPG/cwe197_cpg/cwe197-113-cpg-resolved.bin	tc113_flow2	CWE197_Numeric_Truncation_Error__int_File_to_short_02.java	136	CWE197_Numeric_Truncation_Error__int_File_to_short_02.java	142
/home/swlab/Documents/swvul/java-vuln-detection/slicing/output/CPG/cwe197_cpg/cwe197-113-cpg-resolved.bin	tc113_flow3	CWE197_Numeric_Truncation_Error__int_File_to_short_02.java	154	CWE197_Numeric_Truncation_Error__int_File_to_short_02.java	165
/home/swlab/Documents/swvul/java-vuln-detection/slicing/output/CPG/cwe197_cpg/cwe197-114-cpg-resolved.bin	tc114_flow2	CWE197_Numeric_Truncation_Error__int_File_to_short_03.java	136	CWE197_Numeric_Truncation_Error__int_File_to_short_03.java	142
/home/swlab/Documents/swvul/java-vuln-detection/slicing/output/CPG/cwe197_cpg/cwe197-114-cpg-resolved.bin	tc114_flow3	CWE197_Numeric_Truncation_Error__int_File_to_short_03.java	154	CWE197_Numeric_Truncation_Error__int_File_to_short_03.java	165
/home/swlab/Documents/swvul/java-vuln-detection/slicing/output/CPG/cwe197_cpg/cwe197-115-cpg-resolved.bin	tc115_flow2	CWE197_Numeric_Truncation_Error__int_File_to_short_04.java	143	CWE197_Numeric_Truncation_Error__int_File_to_short_04.java	149
/home/swlab/Documents/swvul/java-vuln-detection/slicing/output/CPG/cwe197_cpg/cwe197-115-cpg-resolved.bin	tc115_flow3	CWE197_Numeric_Truncation_Error__int_File_to_short_04.java	161	CWE197_Numeric_Truncation_Error__int_File_to_short_04.java	172
/home/swlab/Documents/swvul/java-vuln-detection/slicing/output/CPG/cwe197_cpg/cwe197-116-cpg-resolved.bin	tc116_flow2	CWE197_Numeric_Truncation_Error__int_File_to_short_05.java	143	CWE197_Numeric_Truncation_Error__int_File_to_short_05.java	149
/home/swlab/Documents/swvul/java-vuln-detection/slicing/output/CPG/cwe197_cpg/cwe197-116-cpg-resolved.bin	tc116_flow3	CWE197_Numeric_Truncation_Error__int_File_to_short_05.java	161	CWE197_Numeric_Truncation_Error__int_File_to_short_05.java	172
/home/swlab/Documents/swvul/java-vuln-detection/slicing/output/CPG/cwe197_cpg/cwe197-117-cpg-resolved.bin	tc117_flow2	CWE197_Numeric_Truncation_Error__int_File_to_short_06.java	142	CWE197_Numeric_Truncation_Error__int_File_to_short_06.java	148
/home/swlab/Documents/swvul/java-vuln-detection/slicing/output/CPG/cwe197_cpg/cwe197-117-cpg-resolved.bin	tc117_flow3	CWE197_Numeric_Truncation_Error__int_File_to_short_06.java	160	CWE197_Numeric_Truncation_Error__int_File_to_short_06.java	171
/home/swlab/Documents/swvul/java-vuln-detection/slicing/output/CPG/cwe197_cpg/cwe197-118-cpg-resolved.bin	tc118_flow2	CWE197_Numeric_Truncation_Error__int_File_to_short_07.java	142	CWE197_Numeric_Truncation_Error__int_File_to_short_07.java	148
/home/swlab/Documents/swvul/java-vuln-detection/slicing/output/CPG/cwe197_cpg/cwe197-118-cpg-resolved.bin	tc118_flow3	CWE197_Numeric_Truncation_Error__int_File_to_short_07.java	160	CWE197_Numeric_Truncation_Error__int_File_to_short_07.java	171
/home/swlab/Documents/swvul/java-vuln-detection/slicing/output/CPG/cwe197_cpg/cwe197-119-cpg-resolved.bin	tc119_flow2	CWE197_Numeric_Truncation_Error__int_File_to_short_08.java	150	CWE197_Numeric_Truncation_Error__int_File_to_short_08.java	156
/home/swlab/Documents/swvul/java-vuln-detection/slicing/output/CPG/cwe197_cpg/cwe197-119-cpg-resolved.bin	tc119_flow3	CWE197_Numeric_Truncation_Error__int_File_to_short_08.java	168	CWE197_Numeric_Truncation_Error__int_File_to_short_08.java	179
/home/swlab/Documents/swvul/java-vuln-detection/slicing/output/CPG/cwe197_cpg/cwe197-120-cpg-resolved.bin	tc120_flow2	CWE197_Numeric_Truncation_Error__int_File_to_short_09.java	136	CWE197_Numeric_Truncation_Error__int_File_to_short_09.java	142
/home/swlab/Documents/swvul/java-vuln-detection/slicing/output/CPG/cwe197_cpg/cwe197-120-cpg-resolved.bin	tc120_flow3	CWE197_Numeric_Truncation_Error__int_File_to_short_09.java	154	CWE197_Numeric_Truncation_Error__int_File_to_short_09.java	165
/home/swlab/Documents/swvul/java-vuln-detection/slicing/output/CPG/cwe197_cpg/cwe197-121-cpg-resolved.bin	tc121_flow2	CWE197_Numeric_Truncation_Error__int_File_to_short_10.java	136	CWE197_Numeric_Truncation_Error__int_File_to_short_10.java	142
/home/swlab/Documents/swvul/java-vuln-detection/slicing/output/CPG/cwe197_cpg/cwe197-121-cpg-resolved.bin	tc121_flow3	CWE197_Numeric_Truncation_Error__int_File_to_short_10.java	154	CWE197_Numeric_Truncation_Error__int_File_to_short_10.java	165
/home/swlab/Documents/swvul/java-vuln-detection/slicing/output/CPG/cwe197_cpg/cwe197-122-cpg-resolved.bin	tc122_flow2	CWE197_Numeric_Truncation_Error__int_File_to_short_11.java	136	CWE197_Numeric_Truncation_Error__int_File_to_short_11.java	142
/home/swlab/Documents/swvul/java-vuln-detection/slicing/output/CPG/cwe197_cpg/cwe197-122-cpg-resolved.bin	tc122_flow3	CWE197_Numeric_Truncation_Error__int_File_to_short_11.java	154	CWE197_Numeric_Truncation_Error__int_File_to_short_11.java	165
/home/swlab/Documents/swvul/java-vuln-detection/slicing/output/CPG/cwe197_cpg/cwe197-123-cpg-resolved.bin	tc123_flow2	CWE197_Numeric_Truncation_Error__int_File_to_short_12.java	131	CWE197_Numeric_Truncation_Error__int_File_to_short_12.java	143
/home/swlab/Documents/swvul/java-vuln-detection/slicing/output/CPG/cwe197_cpg/cwe197-124-cpg-resolved.bin	tc124_flow2	CWE197_Numeric_Truncation_Error__int_File_to_short_13.java	136	CWE197_Numeric_Truncation_Error__int_File_to_short_13.java	142
/home/swlab/Documents/swvul/java-vuln-detection/slicing/output/CPG/cwe197_cpg/cwe197-124-cpg-resolved.bin	tc124_flow3	CWE197_Numeric_Truncation_Error__int_File_to_short_13.java	154	CWE197_Numeric_Truncation_Error__int_File_to_short_13.java	165
/home/swlab/Documents/swvul/java-vuln-detection/slicing/output/CPG/cwe197_cpg/cwe197-125-cpg-resolved.bin	tc125_flow2	CWE197_Numeric_Truncation_Error__int_File_to_short_14.java	136	CWE197_Numeric_Truncation_Error__int_File_to_short_14.java	142
/home/swlab/Documents/swvul/java-vuln-detection/slicing/output/CPG/cwe197_cpg/cwe197-125-cpg-resolved.bin	tc125_flow3	CWE197_Numeric_Truncation_Error__int_File_to_short_14.java	154	CWE197_Numeric_Truncation_Error__int_File_to_short_14.java	165
/home/swlab/Documents/swvul/java-vuln-detection/slicing/output/CPG/cwe197_cpg/cwe197-126-cpg-resolved.bin	tc126_flow2	CWE197_Numeric_Truncation_Error__int_File_to_short_15.java	138	CWE197_Numeric_Truncation_Error__int_File_to_short_15.java	144
/home/swlab/Documents/swvul/java-vuln-detection/slicing/output/CPG/cwe197_cpg/cwe197-126-cpg-resolved.bin	tc126_flow3	CWE197_Numeric_Truncation_Error__int_File_to_short_15.java	158	CWE197_Numeric_Truncation_Error__int_File_to_short_15.java	169
/home/swlab/Documents/swvul/java-vuln-detection/slicing/output/CPG/cwe197_cpg/cwe197-127-cpg-resolved.bin	tc127_flow2	CWE197_Numeric_Truncation_Error__int_File_to_short_16.java	126	CWE197_Numeric_Truncation_Error__int_File_to_short_16.java	132
/home/swlab/Documents/swvul/java-vuln-detection/slicing/output/CPG/cwe197_cpg/cwe197-128-cpg-resolved.bin	tc128_flow2	CWE197_Numeric_Truncation_Error__int_File_to_short_17.java	126	CWE197_Numeric_Truncation_Error__int_File_to_short_17.java	132
/home/swlab/Documents/swvul/java-vuln-detection/slicing/output/CPG/cwe197_cpg/cwe197-129-cpg-resolved.bin	tc129_flow2	CWE197_Numeric_Truncation_Error__int_File_to_short_21.java	175	CWE197_Numeric_Truncation_Error__int_File_to_short_21.java	156
/home/swlab/Documents/swvul/java-vuln-detection/slicing/output/CPG/cwe197_cpg/cwe197-129-cpg-resolved.bin	tc129_flow3	CWE197_Numeric_Truncation_Error__int_File_to_short_21.java	204	CWE197_Numeric_Truncation_Error__int_File_to_short_21.java	192
/home/swlab/Documents/swvul/java-vuln-detection/slicing/output/CPG/cwe197_cpg/cwe197-130-cpg-resolved.bin	tc130_flow2	CWE197_Numeric_Truncation_Error__int_File_to_short_22b.java	133	CWE197_Numeric_Truncation_Error__int_File_to_short_22a.java	61
/home/swlab/Documents/swvul/java-vuln-detection/slicing/output/CPG/cwe197_cpg/cwe197-130-cpg-resolved.bin	tc130_flow3	CWE197_Numeric_Truncation_Error__int_File_to_short_22b.java	148	CWE197_Numeric_Truncation_Error__int_File_to_short_22a.java	76
/home/swlab/Documents/swvul/java-vuln-detection/slicing/output/CPG/cwe197_cpg/cwe197-131-cpg-resolved.bin	tc131_flow2	CWE197_Numeric_Truncation_Error__int_File_to_short_31.java	139	CWE197_Numeric_Truncation_Error__int_File_to_short_31.java	148
/home/swlab/Documents/swvul/java-vuln-detection/slicing/output/CPG/cwe197_cpg/cwe197-132-cpg-resolved.bin	tc132_flow2	CWE197_Numeric_Truncation_Error__int_File_to_short_41.java	143	CWE197_Numeric_Truncation_Error__int_File_to_short_41.java	132
/home/swlab/Documents/swvul/java-vuln-detection/slicing/output/CPG/cwe197_cpg/cwe197-133-cpg-resolved.bin	tc133_flow2	CWE197_Numeric_Truncation_Error__int_File_to_short_42.java	129	CWE197_Numeric_Truncation_Error__int_File_to_short_42.java	141
/home/swlab/Documents/swvul/java-vuln-detection/slicing/output/CPG/cwe197_cpg/cwe197-134-cpg-resolved.bin	tc134_flow2	CWE197_Numeric_Truncation_Error__int_File_to_short_45.java	151	CWE197_Numeric_Truncation_Error__int_File_to_short_45.java	140
/home/swlab/Documents/swvul/java-vuln-detection/slicing/output/CPG/cwe197_cpg/cwe197-135-cpg-resolved.bin	tc135_flow2	CWE197_Numeric_Truncation_Error__int_File_to_short_51a.java	123	CWE197_Numeric_Truncation_Error__int_File_to_short_51b.java	37
/home/swlab/Documents/swvul/java-vuln-detection/slicing/output/CPG/cwe197_cpg/cwe197-136-cpg-resolved.bin	tc136_flow2	CWE197_Numeric_Truncation_Error__int_File_to_short_52a.java	124	CWE197_Numeric_Truncation_Error__int_File_to_short_52c.java	38
/home/swlab/Documents/swvul/java-vuln-detection/slicing/output/CPG/cwe197_cpg/cwe197-137-cpg-resolved.bin	tc137_flow2	CWE197_Numeric_Truncation_Error__int_File_to_short_53a.java	124	CWE197_Numeric_Truncation_Error__int_File_to_short_53d.java	38
/home/swlab/Documents/swvul/java-vuln-detection/slicing/output/CPG/cwe197_cpg/cwe197-138-cpg-resolved.bin	tc138_flow2	CWE197_Numeric_Truncation_Error__int_File_to_short_54a.java	124	CWE197_Numeric_Truncation_Error__int_File_to_short_54e.java	38
/home/swlab/Documents/swvul/java-vuln-detection/slicing/output/CPG/cwe197_cpg/cwe197-139-cpg-resolved.bin	tc139_flow2	CWE197_Numeric_Truncation_Error__int_File_to_short_61b.java	119	CWE197_Numeric_Truncation_Error__int_File_to_short_61a.java	45
/home/swlab/Documents/swvul/java-vuln-detection/slicing/output/CPG/cwe197_cpg/cwe197-140-cpg-resolved.bin	tc140_flow2	CWE197_Numeric_Truncation_Error__int_File_to_short_66a.java	126	CWE197_Numeric_Truncation_Error__int_File_to_short_66b.java	40
/home/swlab/Documents/swvul/java-vuln-detection/slicing/output/CPG/cwe197_cpg/cwe197-141-cpg-resolved.bin	tc141_flow2	CWE197_Numeric_Truncation_Error__int_File_to_short_67a.java	131	CWE197_Numeric_Truncation_Error__int_File_to_short_67b.java	40
/home/swlab/Documents/swvul/java-vuln-detection/slicing/output/CPG/cwe197_cpg/cwe197-142-cpg-resolved.bin	tc142_flow2	CWE197_Numeric_Truncation_Error__int_File_to_short_68a.java	123	CWE197_Numeric_Truncation_Error__int_File_to_short_68b.java	39
/home/swlab/Documents/swvul/java-vuln-detection/slicing/output/CPG/cwe197_cpg/cwe197-143-cpg-resolved.bin	tc143_flow2	CWE197_Numeric_Truncation_Error__int_File_to_short_71a.java	124	CWE197_Numeric_Truncation_Error__int_File_to_short_71b.java	40
/home/swlab/Documents/swvul/java-vuln-detection/slicing/output/CPG/cwe197_cpg/cwe197-144-cpg-resolved.bin	tc144_flow2	CWE197_Numeric_Truncation_Error__int_File_to_short_72a.java	129	CWE197_Numeric_Truncation_Error__int_File_to_short_72b.java	41
/home/swlab/Documents/swvul/java-vuln-detection/slicing/output/CPG/cwe197_cpg/cwe197-145-cpg-resolved.bin	tc145_flow2	CWE197_Numeric_Truncation_Error__int_File_to_short_73a.java	129	CWE197_Numeric_Truncation_Error__int_File_to_short_73b.java	41
/home/swlab/Documents/swvul/java-vuln-detection/slicing/output/CPG/cwe197_cpg/cwe197-146-cpg-resolved.bin	tc146_flow2	CWE197_Numeric_Truncation_Error__int_File_to_short_74a.java	129	CWE197_Numeric_Truncation_Error__int_File_to_short_74b.java	41
/home/swlab/Documents/swvul/java-vuln-detection/slicing/output/CPG/cwe197_cpg/cwe197-147-cpg-resolved.bin	tc147_flow2	CWE197_Numeric_Truncation_Error__int_File_to_short_75a.java	169	CWE197_Numeric_Truncation_Error__int_File_to_short_75b.java	96
/home/swlab/Documents/swvul/java-vuln-detection/slicing/output/CPG/cwe197_cpg/cwe197-148-cpg-resolved.bin	tc148_flow2	CWE197_Numeric_Truncation_Error__int_File_to_short_81a.java	125	CWE197_Numeric_Truncation_Error__int_File_to_short_81_goodG2B.java	27
/home/swlab/Documents/swvul/java-vuln-detection/slicing/output/CPG/cwe197_cpg/cwe197-149-cpg-resolved.bin	tc149_flow1	CWE197_Numeric_Truncation_Error__int_PropertiesFile_to_byte_01.java	46	CWE197_Numeric_Truncation_Error__int_PropertiesFile_to_byte_01.java	82
/home/swlab/Documents/swvul/java-vuln-detection/slicing/output/CPG/cwe197_cpg/cwe197-149-cpg-resolved.bin	tc149_flow2	CWE197_Numeric_Truncation_Error__int_PropertiesFile_to_byte_01.java	98	CWE197_Numeric_Truncation_Error__int_PropertiesFile_to_byte_01.java	102
/home/swlab/Documents/swvul/java-vuln-detection/slicing/output/CPG/cwe197_cpg/cwe197-150-cpg-resolved.bin	tc150_flow1	CWE197_Numeric_Truncation_Error__int_PropertiesFile_to_byte_02.java	44	CWE197_Numeric_Truncation_Error__int_PropertiesFile_to_byte_02.java	87
/home/swlab/Documents/swvul/java-vuln-detection/slicing/output/CPG/cwe197_cpg/cwe197-150-cpg-resolved.bin	tc150_flow2	CWE197_Numeric_Truncation_Error__int_PropertiesFile_to_byte_02.java	106	CWE197_Numeric_Truncation_Error__int_PropertiesFile_to_byte_02.java	112
/home/swlab/Documents/swvul/java-vuln-detection/slicing/output/CPG/cwe197_cpg/cwe197-150-cpg-resolved.bin	tc150_flow3	CWE197_Numeric_Truncation_Error__int_PropertiesFile_to_byte_02.java	124	CWE197_Numeric_Truncation_Error__int_PropertiesFile_to_byte_02.java	135
/home/swlab/Documents/swvul/java-vuln-detection/slicing/output/CPG/cwe197_cpg/cwe197-151-cpg-resolved.bin	tc151_flow1	CWE197_Numeric_Truncation_Error__int_PropertiesFile_to_byte_03.java	44	CWE197_Numeric_Truncation_Error__int_PropertiesFile_to_byte_03.java	87
/home/swlab/Documents/swvul/java-vuln-detection/slicing/output/CPG/cwe197_cpg/cwe197-151-cpg-resolved.bin	tc151_flow2	CWE197_Numeric_Truncation_Error__int_PropertiesFile_to_byte_03.java	106	CWE197_Numeric_Truncation_Error__int_PropertiesFile_to_byte_03.java	112
/home/swlab/Documents/swvul/java-vuln-detection/slicing/output/CPG/cwe197_cpg/cwe197-151-cpg-resolved.bin	tc151_flow3	CWE197_Numeric_Truncation_Error__int_PropertiesFile_to_byte_03.java	124	CWE197_Numeric_Truncation_Error__int_PropertiesFile_to_byte_03.java	135
/home/swlab/Documents/swvul/java-vuln-detection/slicing/output/CPG/cwe197_cpg/cwe197-152-cpg-resolved.bin	tc152_flow1	CWE197_Numeric_Truncation_Error__int_PropertiesFile_to_byte_04.java	51	CWE197_Numeric_Truncation_Error__int_PropertiesFile_to_byte_04.java	94
/home/swlab/Documents/swvul/java-vuln-detection/slicing/output/CPG/cwe197_cpg/cwe197-152-cpg-resolved.bin	tc152_flow2	CWE197_Numeric_Truncation_Error__int_PropertiesFile_to_byte_04.java	113	CWE197_Numeric_Truncation_Error__int_PropertiesFile_to_byte_04.java	119
/home/swlab/Documents/swvul/java-vuln-detection/slicing/output/CPG/cwe197_cpg/cwe197-152-cpg-resolved.bin	tc152_flow3	CWE197_Numeric_Truncation_Error__int_PropertiesFile_to_byte_04.java	131	CWE197_Numeric_Truncation_Error__int_PropertiesFile_to_byte_04.java	142
/home/swlab/Documents/swvul/java-vuln-detection/slicing/output/CPG/cwe197_cpg/cwe197-153-cpg-resolved.bin	tc153_flow1	CWE197_Numeric_Truncation_Error__int_PropertiesFile_to_byte_05.java	51	CWE197_Numeric_Truncation_Error__int_PropertiesFile_to_byte_05.java	94
/home/swlab/Documents/swvul/java-vuln-detection/slicing/output/CPG/cwe197_cpg/cwe197-153-cpg-resolved.bin	tc153_flow2	CWE197_Numeric_Truncation_Error__int_PropertiesFile_to_byte_05.java	113	CWE197_Numeric_Truncation_Error__int_PropertiesFile_to_byte_05.java	119
/home/swlab/Documents/swvul/java-vuln-detection/slicing/output/CPG/cwe197_cpg/cwe197-153-cpg-resolved.bin	tc153_flow3	CWE197_Numeric_Truncation_Error__int_PropertiesFile_to_byte_05.java	131	CWE197_Numeric_Truncation_Error__int_PropertiesFile_to_byte_05.java	142
/home/swlab/Documents/swvul/java-vuln-detection/slicing/output/CPG/cwe197_cpg/cwe197-154-cpg-resolved.bin	tc154_flow1	CWE197_Numeric_Truncation_Error__int_PropertiesFile_to_byte_06.java	50	CWE197_Numeric_Truncation_Error__int_PropertiesFile_to_byte_06.java	93
/home/swlab/Documents/swvul/java-vuln-detection/slicing/output/CPG/cwe197_cpg/cwe197-154-cpg-resolved.bin	tc154_flow2	CWE197_Numeric_Truncation_Error__int_PropertiesFile_to_byte_06.java	112	CWE197_Numeric_Truncation_Error__int_PropertiesFile_to_byte_06.java	118
/home/swlab/Documents/swvul/java-vuln-detection/slicing/output/CPG/cwe197_cpg/cwe197-154-cpg-resolved.bin	tc154_flow3	CWE197_Numeric_Truncation_Error__int_PropertiesFile_to_byte_06.java	130	CWE197_Numeric_Truncation_Error__int_PropertiesFile_to_byte_06.java	141
/home/swlab/Documents/swvul/java-vuln-detection/slicing/output/CPG/cwe197_cpg/cwe197-155-cpg-resolved.bin	tc155_flow1	CWE197_Numeric_Truncation_Error__int_PropertiesFile_to_byte_07.java	50	CWE197_Numeric_Truncation_Error__int_PropertiesFile_to_byte_07.java	93
/home/swlab/Documents/swvul/java-vuln-detection/slicing/output/CPG/cwe197_cpg/cwe197-155-cpg-resolved.bin	tc155_flow2	CWE197_Numeric_Truncation_Error__int_PropertiesFile_to_byte_07.java	112	CWE197_Numeric_Truncation_Error__int_PropertiesFile_to_byte_07.java	118
/home/swlab/Documents/swvul/java-vuln-detection/slicing/output/CPG/cwe197_cpg/cwe197-155-cpg-resolved.bin	tc155_flow3	CWE197_Numeric_Truncation_Error__int_PropertiesFile_to_byte_07.java	130	CWE197_Numeric_Truncation_Error__int_PropertiesFile_to_byte_07.java	141
/home/swlab/Documents/swvul/java-vuln-detection/slicing/output/CPG/cwe197_cpg/cwe197-156-cpg-resolved.bin	tc156_flow1	CWE197_Numeric_Truncation_Error__int_PropertiesFile_to_byte_08.java	58	CWE197_Numeric_Truncation_Error__int_PropertiesFile_to_byte_08.java	101
/home/swlab/Documents/swvul/java-vuln-detection/slicing/output/CPG/cwe197_cpg/cwe197-156-cpg-resolved.bin	tc156_flow2	CWE197_Numeric_Truncation_Error__int_PropertiesFile_to_byte_08.java	120	CWE197_Numeric_Truncation_Error__int_PropertiesFile_to_byte_08.java	126
/home/swlab/Documents/swvul/java-vuln-detection/slicing/output/CPG/cwe197_cpg/cwe197-156-cpg-resolved.bin	tc156_flow3	CWE197_Numeric_Truncation_Error__int_PropertiesFile_to_byte_08.java	138	CWE197_Numeric_Truncation_Error__int_PropertiesFile_to_byte_08.java	149
/home/swlab/Documents/swvul/java-vuln-detection/slicing/output/CPG/cwe197_cpg/cwe197-157-cpg-resolved.bin	tc157_flow1	CWE197_Numeric_Truncation_Error__int_PropertiesFile_to_byte_09.java	44	CWE197_Numeric_Truncation_Error__int_PropertiesFile_to_byte_09.java	87
/home/swlab/Documents/swvul/java-vuln-detection/slicing/output/CPG/cwe197_cpg/cwe197-157-cpg-resolved.bin	tc157_flow2	CWE197_Numeric_Truncation_Error__int_PropertiesFile_to_byte_09.java	106	CWE197_Numeric_Truncation_Error__int_PropertiesFile_to_byte_09.java	112
/home/swlab/Documents/swvul/java-vuln-detection/slicing/output/CPG/cwe197_cpg/cwe197-157-cpg-resolved.bin	tc157_flow3	CWE197_Numeric_Truncation_Error__int_PropertiesFile_to_byte_09.java	124	CWE197_Numeric_Truncation_Error__int_PropertiesFile_to_byte_09.java	135
/home/swlab/Documents/swvul/java-vuln-detection/slicing/output/CPG/cwe197_cpg/cwe197-158-cpg-resolved.bin	tc158_flow1	CWE197_Numeric_Truncation_Error__int_PropertiesFile_to_byte_10.java	44	CWE197_Numeric_Truncation_Error__int_PropertiesFile_to_byte_10.java	87
/home/swlab/Documents/swvul/java-vuln-detection/slicing/output/CPG/cwe197_cpg/cwe197-158-cpg-resolved.bin	tc158_flow2	CWE197_Numeric_Truncation_Error__int_PropertiesFile_to_byte_10.java	106	CWE197_Numeric_Truncation_Error__int_PropertiesFile_to_byte_10.java	112
/home/swlab/Documents/swvul/java-vuln-detection/slicing/output/CPG/cwe197_cpg/cwe197-158-cpg-resolved.bin	tc158_flow3	CWE197_Numeric_Truncation_Error__int_PropertiesFile_to_byte_10.java	124	CWE197_Numeric_Truncation_Error__int_PropertiesFile_to_byte_10.java	135
/home/swlab/Documents/swvul/java-vuln-detection/slicing/output/CPG/cwe197_cpg/cwe197-159-cpg-resolved.bin	tc159_flow1	CWE197_Numeric_Truncation_Error__int_PropertiesFile_to_byte_11.java	44	CWE197_Numeric_Truncation_Error__int_PropertiesFile_to_byte_11.java	87
/home/swlab/Documents/swvul/java-vuln-detection/slicing/output/CPG/cwe197_cpg/cwe197-159-cpg-resolved.bin	tc159_flow2	CWE197_Numeric_Truncation_Error__int_PropertiesFile_to_byte_11.java	106	CWE197_Numeric_Truncation_Error__int_PropertiesFile_to_byte_11.java	112
/home/swlab/Documents/swvul/java-vuln-detection/slicing/output/CPG/cwe197_cpg/cwe197-159-cpg-resolved.bin	tc159_flow3	CWE197_Numeric_Truncation_Error__int_PropertiesFile_to_byte_11.java	124	CWE197_Numeric_Truncation_Error__int_PropertiesFile_to_byte_11.java	135
/home/swlab/Documents/swvul/java-vuln-detection/slicing/output/CPG/cwe197_cpg/cwe197-160-cpg-resolved.bin	tc160_flow1	CWE197_Numeric_Truncation_Error__int_PropertiesFile_to_byte_12.java	44	CWE197_Numeric_Truncation_Error__int_PropertiesFile_to_byte_12.java	88
/home/swlab/Documents/swvul/java-vuln-detection/slicing/output/CPG/cwe197_cpg/cwe197-160-cpg-resolved.bin	tc160_flow2	CWE197_Numeric_Truncation_Error__int_PropertiesFile_to_byte_12.java	101	CWE197_Numeric_Truncation_Error__int_PropertiesFile_to_byte_12.java	113
/home/swlab/Documents/swvul/java-vuln-detection/slicing/output/CPG/cwe197_cpg/cwe197-161-cpg-resolved.bin	tc161_flow1	CWE197_Numeric_Truncation_Error__int_PropertiesFile_to_byte_13.java	44	CWE197_Numeric_Truncation_Error__int_PropertiesFile_to_byte_13.java	87
/home/swlab/Documents/swvul/java-vuln-detection/slicing/output/CPG/cwe197_cpg/cwe197-161-cpg-resolved.bin	tc161_flow2	CWE197_Numeric_Truncation_Error__int_PropertiesFile_to_byte_13.java	106	CWE197_Numeric_Truncation_Error__int_PropertiesFile_to_byte_13.java	112
/home/swlab/Documents/swvul/java-vuln-detection/slicing/output/CPG/cwe197_cpg/cwe197-161-cpg-resolved.bin	tc161_flow3	CWE197_Numeric_Truncation_Error__int_PropertiesFile_to_byte_13.java	124	CWE197_Numeric_Truncation_Error__int_PropertiesFile_to_byte_13.java	135
/home/swlab/Documents/swvul/java-vuln-detection/slicing/output/CPG/cwe197_cpg/cwe197-162-cpg-resolved.bin	tc162_flow1	CWE197_Numeric_Truncation_Error__int_PropertiesFile_to_byte_14.java	44	CWE197_Numeric_Truncation_Error__int_PropertiesFile_to_byte_14.java	87
/home/swlab/Documents/swvul/java-vuln-detection/slicing/output/CPG/cwe197_cpg/cwe197-162-cpg-resolved.bin	tc162_flow2	CWE197_Numeric_Truncation_Error__int_PropertiesFile_to_byte_14.java	106	CWE197_Numeric_Truncation_Error__int_PropertiesFile_to_byte_14.java	112
/home/swlab/Documents/swvul/java-vuln-detection/slicing/output/CPG/cwe197_cpg/cwe197-162-cpg-resolved.bin	tc162_flow3	CWE197_Numeric_Truncation_Error__int_PropertiesFile_to_byte_14.java	124	CWE197_Numeric_Truncation_Error__int_PropertiesFile_to_byte_14.java	135
/home/swlab/Documents/swvul/java-vuln-detection/slicing/output/CPG/cwe197_cpg/cwe197-163-cpg-resolved.bin	tc163_flow1	CWE197_Numeric_Truncation_Error__int_PropertiesFile_to_byte_15.java	46	CWE197_Numeric_Truncation_Error__int_PropertiesFile_to_byte_15.java	89
/home/swlab/Documents/swvul/java-vuln-detection/slicing/output/CPG/cwe197_cpg/cwe197-163-cpg-resolved.bin	tc163_flow2	CWE197_Numeric_Truncation_Error__int_PropertiesFile_to_byte_15.java	108	CWE197_Numeric_Truncation_Error__int_PropertiesFile_to_byte_15.java	114
/home/swlab/Documents/swvul/java-vuln-detection/slicing/output/CPG/cwe197_cpg/cwe197-163-cpg-resolved.bin	tc163_flow3	CWE197_Numeric_Truncation_Error__int_PropertiesFile_to_byte_15.java	128	CWE197_Numeric_Truncation_Error__int_PropertiesFile_to_byte_15.java	139
/home/swlab/Documents/swvul/java-vuln-detection/slicing/output/CPG/cwe197_cpg/cwe197-164-cpg-resolved.bin	tc164_flow1	CWE197_Numeric_Truncation_Error__int_PropertiesFile_to_byte_16.java	45	CWE197_Numeric_Truncation_Error__int_PropertiesFile_to_byte_16.java	83
/home/swlab/Documents/swvul/java-vuln-detection/slicing/output/CPG/cwe197_cpg/cwe197-164-cpg-resolved.bin	tc164_flow2	CWE197_Numeric_Truncation_Error__int_PropertiesFile_to_byte_16.java	96	CWE197_Numeric_Truncation_Error__int_PropertiesFile_to_byte_16.java	102
/home/swlab/Documents/swvul/java-vuln-detection/slicing/output/CPG/cwe197_cpg/cwe197-165-cpg-resolved.bin	tc165_flow1	CWE197_Numeric_Truncation_Error__int_PropertiesFile_to_byte_17.java	46	CWE197_Numeric_Truncation_Error__int_PropertiesFile_to_byte_17.java	84
/home/swlab/Documents/swvul/java-vuln-detection/slicing/output/CPG/cwe197_cpg/cwe197-165-cpg-resolved.bin	tc165_flow2	CWE197_Numeric_Truncation_Error__int_PropertiesFile_to_byte_17.java	96	CWE197_Numeric_Truncation_Error__int_PropertiesFile_to_byte_17.java	102
/home/swlab/Documents/swvul/java-vuln-detection/slicing/output/CPG/cwe197_cpg/cwe197-166-cpg-resolved.bin	tc166_flow1	CWE197_Numeric_Truncation_Error__int_PropertiesFile_to_byte_21.java	62	CWE197_Numeric_Truncation_Error__int_PropertiesFile_to_byte_21.java	41
/home/swlab/Documents/swvul/java-vuln-detection/slicing/output/CPG/cwe197_cpg/cwe197-166-cpg-resolved.bin	tc166_flow2	CWE197_Numeric_Truncation_Error__int_PropertiesFile_to_byte_21.java	145	CWE197_Numeric_Truncation_Error__int_PropertiesFile_to_byte_21.java	126
/home/swlab/Documents/swvul/java-vuln-detection/slicing/output/CPG/cwe197_cpg/cwe197-166-cpg-resolved.bin	tc166_flow3	CWE197_Numeric_Truncation_Error__int_PropertiesFile_to_byte_21.java	174	CWE197_Numeric_Truncation_Error__int_PropertiesFile_to_byte_21.java	162
/home/swlab/Documents/swvul/java-vuln-detection/slicing/output/CPG/cwe197_cpg/cwe197-167-cpg-resolved.bin	tc167_flow1	CWE197_Numeric_Truncation_Error__int_PropertiesFile_to_byte_22b.java	45	CWE197_Numeric_Truncation_Error__int_PropertiesFile_to_byte_22a.java	35
/home/swlab/Documents/swvul/java-vuln-detection/slicing/output/CPG/cwe197_cpg/cwe197-167-cpg-resolved.bin	tc167_flow2	CWE197_Numeric_Truncation_Error__int_PropertiesFile_to_byte_22b.java	103	CWE197_Numeric_Truncation_Error__int_PropertiesFile_to_byte_22a.java	61
/home/swlab/Documents/swvul/java-vuln-detection/slicing/output/CPG/cwe197_cpg/cwe197-167-cpg-resolved.bin	tc167_flow3	CWE197_Numeric_Truncation_Error__int_PropertiesFile_to_byte_22b.java	118	CWE197_Numeric_Truncation_Error__int_PropertiesFile_to_byte_22a.java	76
/home/swlab/Documents/swvul/java-vuln-detection/slicing/output/CPG/cwe197_cpg/cwe197-168-cpg-resolved.bin	tc168_flow1	CWE197_Numeric_Truncation_Error__int_PropertiesFile_to_byte_31.java	49	CWE197_Numeric_Truncation_Error__int_PropertiesFile_to_byte_31.java	90
/home/swlab/Documents/swvul/java-vuln-detection/slicing/output/CPG/cwe197_cpg/cwe197-168-cpg-resolved.bin	tc168_flow2	CWE197_Numeric_Truncation_Error__int_PropertiesFile_to_byte_31.java	109	CWE197_Numeric_Truncation_Error__int_PropertiesFile_to_byte_31.java	118
/home/swlab/Documents/swvul/java-vuln-detection/slicing/output/CPG/cwe197_cpg/cwe197-169-cpg-resolved.bin	tc169_flow1	CWE197_Numeric_Truncation_Error__int_PropertiesFile_to_byte_41.java	55	CWE197_Numeric_Truncation_Error__int_PropertiesFile_to_byte_41.java	33
/home/swlab/Documents/swvul/java-vuln-detection/slicing/output/CPG/cwe197_cpg/cwe197-169-cpg-resolved.bin	tc169_flow2	CWE197_Numeric_Truncation_Error__int_PropertiesFile_to_byte_41.java	113	CWE197_Numeric_Truncation_Error__int_PropertiesFile_to_byte_41.java	102
/home/swlab/Documents/swvul/java-vuln-detection/slicing/output/CPG/cwe197_cpg/cwe197-170-cpg-resolved.bin	tc170_flow1	CWE197_Numeric_Truncation_Error__int_PropertiesFile_to_byte_42.java	45	CWE197_Numeric_Truncation_Error__int_PropertiesFile_to_byte_42.java	89
/home/swlab/Documents/swvul/java-vuln-detection/slicing/output/CPG/cwe197_cpg/cwe197-170-cpg-resolved.bin	tc170_flow2	CWE197_Numeric_Truncation_Error__int_PropertiesFile_to_byte_42.java	99	CWE197_Numeric_Truncation_Error__int_PropertiesFile_to_byte_42.java	111
/home/swlab/Documents/swvul/java-vuln-detection/slicing/output/CPG/cwe197_cpg/cwe197-171-cpg-resolved.bin	tc171_flow1	CWE197_Numeric_Truncation_Error__int_PropertiesFile_to_byte_45.java	61	CWE197_Numeric_Truncation_Error__int_PropertiesFile_to_byte_45.java	38
/home/swlab/Documents/swvul/java-vuln-detection/slicing/output/CPG/cwe197_cpg/cwe197-171-cpg-resolved.bin	tc171_flow2	CWE197_Numeric_Truncation_Error__int_PropertiesFile_to_byte_45.java	121	CWE197_Numeric_Truncation_Error__int_PropertiesFile_to_byte_45.java	110
/home/swlab/Documents/swvul/java-vuln-detection/slicing/output/CPG/cwe197_cpg/cwe197-172-cpg-resolved.bin	tc172_flow1	CWE197_Numeric_Truncation_Error__int_PropertiesFile_to_byte_51a.java	45	CWE197_Numeric_Truncation_Error__int_PropertiesFile_to_byte_51b.java	26
/home/swlab/Documents/swvul/java-vuln-detection/slicing/output/CPG/cwe197_cpg/cwe197-172-cpg-resolved.bin	tc172_flow2	CWE197_Numeric_Truncation_Error__int_PropertiesFile_to_byte_51a.java	93	CWE197_Numeric_Truncation_Error__int_PropertiesFile_to_byte_51b.java	37
/home/swlab/Documents/swvul/java-vuln-detection/slicing/output/CPG/cwe197_cpg/cwe197-173-cpg-resolved.bin	tc173_flow1	CWE197_Numeric_Truncation_Error__int_PropertiesFile_to_byte_52a.java	46	CWE197_Numeric_Truncation_Error__int_PropertiesFile_to_byte_52c.java	27
/home/swlab/Documents/swvul/java-vuln-detection/slicing/output/CPG/cwe197_cpg/cwe197-173-cpg-resolved.bin	tc173_flow2	CWE197_Numeric_Truncation_Error__int_PropertiesFile_to_byte_52a.java	94	CWE197_Numeric_Truncation_Error__int_PropertiesFile_to_byte_52c.java	38
/home/swlab/Documents/swvul/java-vuln-detection/slicing/output/CPG/cwe197_cpg/cwe197-174-cpg-resolved.bin	tc174_flow1	CWE197_Numeric_Truncation_Error__int_PropertiesFile_to_byte_53a.java	46	CWE197_Numeric_Truncation_Error__int_PropertiesFile_to_byte_53d.java	27
/home/swlab/Documents/swvul/java-vuln-detection/slicing/output/CPG/cwe197_cpg/cwe197-174-cpg-resolved.bin	tc174_flow2	CWE197_Numeric_Truncation_Error__int_PropertiesFile_to_byte_53a.java	94	CWE197_Numeric_Truncation_Error__int_PropertiesFile_to_byte_53d.java	38
/home/swlab/Documents/swvul/java-vuln-detection/slicing/output/CPG/cwe197_cpg/cwe197-175-cpg-resolved.bin	tc175_flow1	CWE197_Numeric_Truncation_Error__int_PropertiesFile_to_byte_54a.java	46	CWE197_Numeric_Truncation_Error__int_PropertiesFile_to_byte_54e.java	27
/home/swlab/Documents/swvul/java-vuln-detection/slicing/output/CPG/cwe197_cpg/cwe197-175-cpg-resolved.bin	tc175_flow2	CWE197_Numeric_Truncation_Error__int_PropertiesFile_to_byte_54a.java	94	CWE197_Numeric_Truncation_Error__int_PropertiesFile_to_byte_54e.java	38
/home/swlab/Documents/swvul/java-vuln-detection/slicing/output/CPG/cwe197_cpg/cwe197-176-cpg-resolved.bin	tc176_flow1	CWE197_Numeric_Truncation_Error__int_PropertiesFile_to_byte_61b.java	46	CWE197_Numeric_Truncation_Error__int_PropertiesFile_to_byte_61a.java	28
/home/swlab/Documents/swvul/java-vuln-detection/slicing/output/CPG/cwe197_cpg/cwe197-176-cpg-resolved.bin	tc176_flow2	CWE197_Numeric_Truncation_Error__int_PropertiesFile_to_byte_61b.java	89	CWE197_Numeric_Truncation_Error__int_PropertiesFile_to_byte_61a.java	45
/home/swlab/Documents/swvul/java-vuln-detection/slicing/output/CPG/cwe197_cpg/cwe197-177-cpg-resolved.bin	tc177_flow1	CWE197_Numeric_Truncation_Error__int_PropertiesFile_to_byte_66a.java	46	CWE197_Numeric_Truncation_Error__int_PropertiesFile_to_byte_66b.java	28
/home/swlab/Documents/swvul/java-vuln-detection/slicing/output/CPG/cwe197_cpg/cwe197-177-cpg-resolved.bin	tc177_flow2	CWE197_Numeric_Truncation_Error__int_PropertiesFile_to_byte_66a.java	96	CWE197_Numeric_Truncation_Error__int_PropertiesFile_to_byte_66b.java	40
/home/swlab/Documents/swvul/java-vuln-detection/slicing/output/CPG/cwe197_cpg/cwe197-178-cpg-resolved.bin	tc178_flow1	CWE197_Numeric_Truncation_Error__int_PropertiesFile_to_byte_67a.java	51	CWE197_Numeric_Truncation_Error__int_PropertiesFile_to_byte_67b.java	28
/home/swlab/Documents/swvul/java-vuln-detection/slicing/output/CPG/cwe197_cpg/cwe197-178-cpg-resolved.bin	tc178_flow2	CWE197_Numeric_Truncation_Error__int_PropertiesFile_to_byte_67a.java	101	CWE197_Numeric_Truncation_Error__int_PropertiesFile_to_byte_67b.java	40
/home/swlab/Documents/swvul/java-vuln-detection/slicing/output/CPG/cwe197_cpg/cwe197-179-cpg-resolved.bin	tc179_flow1	CWE197_Numeric_Truncation_Error__int_PropertiesFile_to_byte_68a.java	46	CWE197_Numeric_Truncation_Error__int_PropertiesFile_to_byte_68b.java	27
/home/swlab/Documents/swvul/java-vuln-detection/slicing/output/CPG/cwe197_cpg/cwe197-179-cpg-resolved.bin	tc179_flow2	CWE197_Numeric_Truncation_Error__int_PropertiesFile_to_byte_68a.java	93	CWE197_Numeric_Truncation_Error__int_PropertiesFile_to_byte_68b.java	39
/home/swlab/Documents/swvul/java-vuln-detection/slicing/output/CPG/cwe197_cpg/cwe197-180-cpg-resolved.bin	tc180_flow1	CWE197_Numeric_Truncation_Error__int_PropertiesFile_to_byte_71a.java	46	CWE197_Numeric_Truncation_Error__int_PropertiesFile_to_byte_71b.java	28
/home/swlab/Documents/swvul/java-vuln-detection/slicing/output/CPG/cwe197_cpg/cwe197-180-cpg-resolved.bin	tc180_flow2	CWE197_Numeric_Truncation_Error__int_PropertiesFile_to_byte_71a.java	94	CWE197_Numeric_Truncation_Error__int_PropertiesFile_to_byte_71b.java	40
/home/swlab/Documents/swvul/java-vuln-detection/slicing/output/CPG/cwe197_cpg/cwe197-181-cpg-resolved.bin	tc181_flow1	CWE197_Numeric_Truncation_Error__int_PropertiesFile_to_byte_72a.java	47	CWE197_Numeric_Truncation_Error__int_PropertiesFile_to_byte_72b.java	29
/home/swlab/Documents/swvul/java-vuln-detection/slicing/output/CPG/cwe197_cpg/cwe197-181-cpg-resolved.bin	tc181_flow2	CWE197_Numeric_Truncation_Error__int_PropertiesFile_to_byte_72a.java	99	CWE197_Numeric_Truncation_Error__int_PropertiesFile_to_byte_72b.java	41
/home/swlab/Documents/swvul/java-vuln-detection/slicing/output/CPG/cwe197_cpg/cwe197-182-cpg-resolved.bin	tc182_flow1	CWE197_Numeric_Truncation_Error__int_PropertiesFile_to_byte_73a.java	47	CWE197_Numeric_Truncation_Error__int_PropertiesFile_to_byte_73b.java	29
/home/swlab/Documents/swvul/java-vuln-detection/slicing/output/CPG/cwe197_cpg/cwe197-182-cpg-resolved.bin	tc182_flow2	CWE197_Numeric_Truncation_Error__int_PropertiesFile_to_byte_73a.java	99	CWE197_Numeric_Truncation_Error__int_PropertiesFile_to_byte_73b.java	41
/home/swlab/Documents/swvul/java-vuln-detection/slicing/output/CPG/cwe197_cpg/cwe197-183-cpg-resolved.bin	tc183_flow1	CWE197_Numeric_Truncation_Error__int_PropertiesFile_to_byte_74a.java	47	CWE197_Numeric_Truncation_Error__int_PropertiesFile_to_byte_74b.java	29
/home/swlab/Documents/swvul/java-vuln-detection/slicing/output/CPG/cwe197_cpg/cwe197-183-cpg-resolved.bin	tc183_flow2	CWE197_Numeric_Truncation_Error__int_PropertiesFile_to_byte_74a.java	99	CWE197_Numeric_Truncation_Error__int_PropertiesFile_to_byte_74b.java	41
/home/swlab/Documents/swvul/java-vuln-detection/slicing/output/CPG/cwe197_cpg/cwe197-184-cpg-resolved.bin	tc184_flow1	CWE197_Numeric_Truncation_Error__int_PropertiesFile_to_byte_75a.java	49	CWE197_Numeric_Truncation_Error__int_PropertiesFile_to_byte_75b.java	40
/home/swlab/Documents/swvul/java-vuln-detection/slicing/output/CPG/cwe197_cpg/cwe197-184-cpg-resolved.bin	tc184_flow2	CWE197_Numeric_Truncation_Error__int_PropertiesFile_to_byte_75a.java	139	CWE197_Numeric_Truncation_Error__int_PropertiesFile_to_byte_75b.java	96
/home/swlab/Documents/swvul/java-vuln-detection/slicing/output/CPG/cwe197_cpg/cwe197-185-cpg-resolved.bin	tc185_flow1	CWE197_Numeric_Truncation_Error__int_PropertiesFile_to_byte_81a.java	46	CWE197_Numeric_Truncation_Error__int_PropertiesFile_to_byte_81_bad.java	27
/home/swlab/Documents/swvul/java-vuln-detection/slicing/output/CPG/cwe197_cpg/cwe197-185-cpg-resolved.bin	tc185_flow2	CWE197_Numeric_Truncation_Error__int_PropertiesFile_to_byte_81a.java	95	CWE197_Numeric_Truncation_Error__int_PropertiesFile_to_byte_81_goodG2B.java	27
/home/swlab/Documents/swvul/java-vuln-detection/slicing/output/CPG/cwe197_cpg/cwe197-186-cpg-resolved.bin	tc186_flow1	CWE197_Numeric_Truncation_Error__int_PropertiesFile_to_short_01.java	46	CWE197_Numeric_Truncation_Error__int_PropertiesFile_to_short_01.java	82
/home/swlab/Documents/swvul/java-vuln-detection/slicing/output/CPG/cwe197_cpg/cwe197-186-cpg-resolved.bin	tc186_flow2	CWE197_Numeric_Truncation_Error__int_PropertiesFile_to_short_01.java	98	CWE197_Numeric_Truncation_Error__int_PropertiesFile_to_short_01.java	102
/home/swlab/Documents/swvul/java-vuln-detection/slicing/output/CPG/cwe197_cpg/cwe197-187-cpg-resolved.bin	tc187_flow1	CWE197_Numeric_Truncation_Error__int_PropertiesFile_to_short_02.java	44	CWE197_Numeric_Truncation_Error__int_PropertiesFile_to_short_02.java	87
/home/swlab/Documents/swvul/java-vuln-detection/slicing/output/CPG/cwe197_cpg/cwe197-187-cpg-resolved.bin	tc187_flow2	CWE197_Numeric_Truncation_Error__int_PropertiesFile_to_short_02.java	106	CWE197_Numeric_Truncation_Error__int_PropertiesFile_to_short_02.java	112
/home/swlab/Documents/swvul/java-vuln-detection/slicing/output/CPG/cwe197_cpg/cwe197-187-cpg-resolved.bin	tc187_flow3	CWE197_Numeric_Truncation_Error__int_PropertiesFile_to_short_02.java	124	CWE197_Numeric_Truncation_Error__int_PropertiesFile_to_short_02.java	135
/home/swlab/Documents/swvul/java-vuln-detection/slicing/output/CPG/cwe197_cpg/cwe197-188-cpg-resolved.bin	tc188_flow1	CWE197_Numeric_Truncation_Error__int_PropertiesFile_to_short_03.java	44	CWE197_Numeric_Truncation_Error__int_PropertiesFile_to_short_03.java	87
/home/swlab/Documents/swvul/java-vuln-detection/slicing/output/CPG/cwe197_cpg/cwe197-188-cpg-resolved.bin	tc188_flow2	CWE197_Numeric_Truncation_Error__int_PropertiesFile_to_short_03.java	106	CWE197_Numeric_Truncation_Error__int_PropertiesFile_to_short_03.java	112
/home/swlab/Documents/swvul/java-vuln-detection/slicing/output/CPG/cwe197_cpg/cwe197-188-cpg-resolved.bin	tc188_flow3	CWE197_Numeric_Truncation_Error__int_PropertiesFile_to_short_03.java	124	CWE197_Numeric_Truncation_Error__int_PropertiesFile_to_short_03.java	135
/home/swlab/Documents/swvul/java-vuln-detection/slicing/output/CPG/cwe197_cpg/cwe197-189-cpg-resolved.bin	tc189_flow1	CWE197_Numeric_Truncation_Error__int_PropertiesFile_to_short_04.java	51	CWE197_Numeric_Truncation_Error__int_PropertiesFile_to_short_04.java	94
/home/swlab/Documents/swvul/java-vuln-detection/slicing/output/CPG/cwe197_cpg/cwe197-189-cpg-resolved.bin	tc189_flow2	CWE197_Numeric_Truncation_Error__int_PropertiesFile_to_short_04.java	113	CWE197_Numeric_Truncation_Error__int_PropertiesFile_to_short_04.java	119
/home/swlab/Documents/swvul/java-vuln-detection/slicing/output/CPG/cwe197_cpg/cwe197-189-cpg-resolved.bin	tc189_flow3	CWE197_Numeric_Truncation_Error__int_PropertiesFile_to_short_04.java	131	CWE197_Numeric_Truncation_Error__int_PropertiesFile_to_short_04.java	142
/home/swlab/Documents/swvul/java-vuln-detection/slicing/output/CPG/cwe197_cpg/cwe197-190-cpg-resolved.bin	tc190_flow1	CWE197_Numeric_Truncation_Error__int_PropertiesFile_to_short_05.java	51	CWE197_Numeric_Truncation_Error__int_PropertiesFile_to_short_05.java	94
/home/swlab/Documents/swvul/java-vuln-detection/slicing/output/CPG/cwe197_cpg/cwe197-190-cpg-resolved.bin	tc190_flow2	CWE197_Numeric_Truncation_Error__int_PropertiesFile_to_short_05.java	113	CWE197_Numeric_Truncation_Error__int_PropertiesFile_to_short_05.java	119
/home/swlab/Documents/swvul/java-vuln-detection/slicing/output/CPG/cwe197_cpg/cwe197-190-cpg-resolved.bin	tc190_flow3	CWE197_Numeric_Truncation_Error__int_PropertiesFile_to_short_05.java	131	CWE197_Numeric_Truncation_Error__int_PropertiesFile_to_short_05.java	142
/home/swlab/Documents/swvul/java-vuln-detection/slicing/output/CPG/cwe197_cpg/cwe197-191-cpg-resolved.bin	tc191_flow1	CWE197_Numeric_Truncation_Error__int_PropertiesFile_to_short_06.java	50	CWE197_Numeric_Truncation_Error__int_PropertiesFile_to_short_06.java	93
/home/swlab/Documents/swvul/java-vuln-detection/slicing/output/CPG/cwe197_cpg/cwe197-191-cpg-resolved.bin	tc191_flow2	CWE197_Numeric_Truncation_Error__int_PropertiesFile_to_short_06.java	112	CWE197_Numeric_Truncation_Error__int_PropertiesFile_to_short_06.java	118
/home/swlab/Documents/swvul/java-vuln-detection/slicing/output/CPG/cwe197_cpg/cwe197-191-cpg-resolved.bin	tc191_flow3	CWE197_Numeric_Truncation_Error__int_PropertiesFile_to_short_06.java	130	CWE197_Numeric_Truncation_Error__int_PropertiesFile_to_short_06.java	141
/home/swlab/Documents/swvul/java-vuln-detection/slicing/output/CPG/cwe197_cpg/cwe197-192-cpg-resolved.bin	tc192_flow1	CWE197_Numeric_Truncation_Error__int_PropertiesFile_to_short_07.java	50	CWE197_Numeric_Truncation_Error__int_PropertiesFile_to_short_07.java	93
/home/swlab/Documents/swvul/java-vuln-detection/slicing/output/CPG/cwe197_cpg/cwe197-192-cpg-resolved.bin	tc192_flow2	CWE197_Numeric_Truncation_Error__int_PropertiesFile_to_short_07.java	112	CWE197_Numeric_Truncation_Error__int_PropertiesFile_to_short_07.java	118
/home/swlab/Documents/swvul/java-vuln-detection/slicing/output/CPG/cwe197_cpg/cwe197-192-cpg-resolved.bin	tc192_flow3	CWE197_Numeric_Truncation_Error__int_PropertiesFile_to_short_07.java	130	CWE197_Numeric_Truncation_Error__int_PropertiesFile_to_short_07.java	141
/home/swlab/Documents/swvul/java-vuln-detection/slicing/output/CPG/cwe197_cpg/cwe197-193-cpg-resolved.bin	tc193_flow1	CWE197_Numeric_Truncation_Error__int_PropertiesFile_to_short_08.java	58	CWE197_Numeric_Truncation_Error__int_PropertiesFile_to_short_08.java	101
/home/swlab/Documents/swvul/java-vuln-detection/slicing/output/CPG/cwe197_cpg/cwe197-193-cpg-resolved.bin	tc193_flow2	CWE197_Numeric_Truncation_Error__int_PropertiesFile_to_short_08.java	120	CWE197_Numeric_Truncation_Error__int_PropertiesFile_to_short_08.java	126
/home/swlab/Documents/swvul/java-vuln-detection/slicing/output/CPG/cwe197_cpg/cwe197-193-cpg-resolved.bin	tc193_flow3	CWE197_Numeric_Truncation_Error__int_PropertiesFile_to_short_08.java	138	CWE197_Numeric_Truncation_Error__int_PropertiesFile_to_short_08.java	149
/home/swlab/Documents/swvul/java-vuln-detection/slicing/output/CPG/cwe197_cpg/cwe197-194-cpg-resolved.bin	tc194_flow1	CWE197_Numeric_Truncation_Error__int_PropertiesFile_to_short_09.java	44	CWE197_Numeric_Truncation_Error__int_PropertiesFile_to_short_09.java	87
/home/swlab/Documents/swvul/java-vuln-detection/slicing/output/CPG/cwe197_cpg/cwe197-194-cpg-resolved.bin	tc194_flow2	CWE197_Numeric_Truncation_Error__int_PropertiesFile_to_short_09.java	106	CWE197_Numeric_Truncation_Error__int_PropertiesFile_to_short_09.java	112
/home/swlab/Documents/swvul/java-vuln-detection/slicing/output/CPG/cwe197_cpg/cwe197-194-cpg-resolved.bin	tc194_flow3	CWE197_Numeric_Truncation_Error__int_PropertiesFile_to_short_09.java	124	CWE197_Numeric_Truncation_Error__int_PropertiesFile_to_short_09.java	135
/home/swlab/Documents/swvul/java-vuln-detection/slicing/output/CPG/cwe197_cpg/cwe197-195-cpg-resolved.bin	tc195_flow1	CWE197_Numeric_Truncation_Error__int_PropertiesFile_to_short_10.java	44	CWE197_Numeric_Truncation_Error__int_PropertiesFile_to_short_10.java	87
/home/swlab/Documents/swvul/java-vuln-detection/slicing/output/CPG/cwe197_cpg/cwe197-195-cpg-resolved.bin	tc195_flow2	CWE197_Numeric_Truncation_Error__int_PropertiesFile_to_short_10.java	106	CWE197_Numeric_Truncation_Error__int_PropertiesFile_to_short_10.java	112
/home/swlab/Documents/swvul/java-vuln-detection/slicing/output/CPG/cwe197_cpg/cwe197-195-cpg-resolved.bin	tc195_flow3	CWE197_Numeric_Truncation_Error__int_PropertiesFile_to_short_10.java	124	CWE197_Numeric_Truncation_Error__int_PropertiesFile_to_short_10.java	135
/home/swlab/Documents/swvul/java-vuln-detection/slicing/output/CPG/cwe197_cpg/cwe197-196-cpg-resolved.bin	tc196_flow1	CWE197_Numeric_Truncation_Error__int_PropertiesFile_to_short_11.java	44	CWE197_Numeric_Truncation_Error__int_PropertiesFile_to_short_11.java	87
/home/swlab/Documents/swvul/java-vuln-detection/slicing/output/CPG/cwe197_cpg/cwe197-196-cpg-resolved.bin	tc196_flow2	CWE197_Numeric_Truncation_Error__int_PropertiesFile_to_short_11.java	106	CWE197_Numeric_Truncation_Error__int_PropertiesFile_to_short_11.java	112
/home/swlab/Documents/swvul/java-vuln-detection/slicing/output/CPG/cwe197_cpg/cwe197-196-cpg-resolved.bin	tc196_flow3	CWE197_Numeric_Truncation_Error__int_PropertiesFile_to_short_11.java	124	CWE197_Numeric_Truncation_Error__int_PropertiesFile_to_short_11.java	135
/home/swlab/Documents/swvul/java-vuln-detection/slicing/output/CPG/cwe197_cpg/cwe197-197-cpg-resolved.bin	tc197_flow1	CWE197_Numeric_Truncation_Error__int_PropertiesFile_to_short_12.java	44	CWE197_Numeric_Truncation_Error__int_PropertiesFile_to_short_12.java	88
/home/swlab/Documents/swvul/java-vuln-detection/slicing/output/CPG/cwe197_cpg/cwe197-197-cpg-resolved.bin	tc197_flow2	CWE197_Numeric_Truncation_Error__int_PropertiesFile_to_short_12.java	101	CWE197_Numeric_Truncation_Error__int_PropertiesFile_to_short_12.java	113
/home/swlab/Documents/swvul/java-vuln-detection/slicing/output/CPG/cwe197_cpg/cwe197-198-cpg-resolved.bin	tc198_flow1	CWE197_Numeric_Truncation_Error__int_PropertiesFile_to_short_13.java	44	CWE197_Numeric_Truncation_Error__int_PropertiesFile_to_short_13.java	87
/home/swlab/Documents/swvul/java-vuln-detection/slicing/output/CPG/cwe197_cpg/cwe197-198-cpg-resolved.bin	tc198_flow2	CWE197_Numeric_Truncation_Error__int_PropertiesFile_to_short_13.java	106	CWE197_Numeric_Truncation_Error__int_PropertiesFile_to_short_13.java	112
/home/swlab/Documents/swvul/java-vuln-detection/slicing/output/CPG/cwe197_cpg/cwe197-198-cpg-resolved.bin	tc198_flow3	CWE197_Numeric_Truncation_Error__int_PropertiesFile_to_short_13.java	124	CWE197_Numeric_Truncation_Error__int_PropertiesFile_to_short_13.java	135
/home/swlab/Documents/swvul/java-vuln-detection/slicing/output/CPG/cwe197_cpg/cwe197-199-cpg-resolved.bin	tc199_flow1	CWE197_Numeric_Truncation_Error__int_PropertiesFile_to_short_14.java	44	CWE197_Numeric_Truncation_Error__int_PropertiesFile_to_short_14.java	87
/home/swlab/Documents/swvul/java-vuln-detection/slicing/output/CPG/cwe197_cpg/cwe197-199-cpg-resolved.bin	tc199_flow2	CWE197_Numeric_Truncation_Error__int_PropertiesFile_to_short_14.java	106	CWE197_Numeric_Truncation_Error__int_PropertiesFile_to_short_14.java	112
/home/swlab/Documents/swvul/java-vuln-detection/slicing/output/CPG/cwe197_cpg/cwe197-199-cpg-resolved.bin	tc199_flow3	CWE197_Numeric_Truncation_Error__int_PropertiesFile_to_short_14.java	124	CWE197_Numeric_Truncation_Error__int_PropertiesFile_to_short_14.java	135
/home/swlab/Documents/swvul/java-vuln-detection/slicing/output/CPG/cwe197_cpg/cwe197-200-cpg-resolved.bin	tc200_flow1	CWE197_Numeric_Truncation_Error__int_PropertiesFile_to_short_15.java	46	CWE197_Numeric_Truncation_Error__int_PropertiesFile_to_short_15.java	89
/home/swlab/Documents/swvul/java-vuln-detection/slicing/output/CPG/cwe197_cpg/cwe197-200-cpg-resolved.bin	tc200_flow2	CWE197_Numeric_Truncation_Error__int_PropertiesFile_to_short_15.java	108	CWE197_Numeric_Truncation_Error__int_PropertiesFile_to_short_15.java	114
/home/swlab/Documents/swvul/java-vuln-detection/slicing/output/CPG/cwe197_cpg/cwe197-200-cpg-resolved.bin	tc200_flow3	CWE197_Numeric_Truncation_Error__int_PropertiesFile_to_short_15.java	128	CWE197_Numeric_Truncation_Error__int_PropertiesFile_to_short_15.java	139
/home/swlab/Documents/swvul/java-vuln-detection/slicing/output/CPG/cwe197_cpg/cwe197-201-cpg-resolved.bin	tc201_flow1	CWE197_Numeric_Truncation_Error__int_PropertiesFile_to_short_16.java	45	CWE197_Numeric_Truncation_Error__int_PropertiesFile_to_short_16.java	83
/home/swlab/Documents/swvul/java-vuln-detection/slicing/output/CPG/cwe197_cpg/cwe197-201-cpg-resolved.bin	tc201_flow2	CWE197_Numeric_Truncation_Error__int_PropertiesFile_to_short_16.java	96	CWE197_Numeric_Truncation_Error__int_PropertiesFile_to_short_16.java	102
/home/swlab/Documents/swvul/java-vuln-detection/slicing/output/CPG/cwe197_cpg/cwe197-202-cpg-resolved.bin	tc202_flow1	CWE197_Numeric_Truncation_Error__int_PropertiesFile_to_short_17.java	46	CWE197_Numeric_Truncation_Error__int_PropertiesFile_to_short_17.java	84
/home/swlab/Documents/swvul/java-vuln-detection/slicing/output/CPG/cwe197_cpg/cwe197-202-cpg-resolved.bin	tc202_flow2	CWE197_Numeric_Truncation_Error__int_PropertiesFile_to_short_17.java	96	CWE197_Numeric_Truncation_Error__int_PropertiesFile_to_short_17.java	102
/home/swlab/Documents/swvul/java-vuln-detection/slicing/output/CPG/cwe197_cpg/cwe197-203-cpg-resolved.bin	tc203_flow1	CWE197_Numeric_Truncation_Error__int_PropertiesFile_to_short_21.java	62	CWE197_Numeric_Truncation_Error__int_PropertiesFile_to_short_21.java	41
/home/swlab/Documents/swvul/java-vuln-detection/slicing/output/CPG/cwe197_cpg/cwe197-203-cpg-resolved.bin	tc203_flow2	CWE197_Numeric_Truncation_Error__int_PropertiesFile_to_short_21.java	145	CWE197_Numeric_Truncation_Error__int_PropertiesFile_to_short_21.java	126
/home/swlab/Documents/swvul/java-vuln-detection/slicing/output/CPG/cwe197_cpg/cwe197-203-cpg-resolved.bin	tc203_flow3	CWE197_Numeric_Truncation_Error__int_PropertiesFile_to_short_21.java	174	CWE197_Numeric_Truncation_Error__int_PropertiesFile_to_short_21.java	162
/home/swlab/Documents/swvul/java-vuln-detection/slicing/output/CPG/cwe197_cpg/cwe197-204-cpg-resolved.bin	tc204_flow1	CWE197_Numeric_Truncation_Error__int_PropertiesFile_to_short_22b.java	45	CWE197_Numeric_Truncation_Error__int_PropertiesFile_to_short_22a.java	35
/home/swlab/Documents/swvul/java-vuln-detection/slicing/output/CPG/cwe197_cpg/cwe197-204-cpg-resolved.bin	tc204_flow2	CWE197_Numeric_Truncation_Error__int_PropertiesFile_to_short_22b.java	103	CWE197_Numeric_Truncation_Error__int_PropertiesFile_to_short_22a.java	61
/home/swlab/Documents/swvul/java-vuln-detection/slicing/output/CPG/cwe197_cpg/cwe197-204-cpg-resolved.bin	tc204_flow3	CWE197_Numeric_Truncation_Error__int_PropertiesFile_to_short_22b.java	118	CWE197_Numeric_Truncation_Error__int_PropertiesFile_to_short_22a.java	76
/home/swlab/Documents/swvul/java-vuln-detection/slicing/output/CPG/cwe197_cpg/cwe197-205-cpg-resolved.bin	tc205_flow1	CWE197_Numeric_Truncation_Error__int_PropertiesFile_to_short_31.java	49	CWE197_Numeric_Truncation_Error__int_PropertiesFile_to_short_31.java	90
/home/swlab/Documents/swvul/java-vuln-detection/slicing/output/CPG/cwe197_cpg/cwe197-205-cpg-resolved.bin	tc205_flow2	CWE197_Numeric_Truncation_Error__int_PropertiesFile_to_short_31.java	109	CWE197_Numeric_Truncation_Error__int_PropertiesFile_to_short_31.java	118
/home/swlab/Documents/swvul/java-vuln-detection/slicing/output/CPG/cwe197_cpg/cwe197-206-cpg-resolved.bin	tc206_flow1	CWE197_Numeric_Truncation_Error__int_PropertiesFile_to_short_41.java	55	CWE197_Numeric_Truncation_Error__int_PropertiesFile_to_short_41.java	33
/home/swlab/Documents/swvul/java-vuln-detection/slicing/output/CPG/cwe197_cpg/cwe197-206-cpg-resolved.bin	tc206_flow2	CWE197_Numeric_Truncation_Error__int_PropertiesFile_to_short_41.java	113	CWE197_Numeric_Truncation_Error__int_PropertiesFile_to_short_41.java	102
/home/swlab/Documents/swvul/java-vuln-detection/slicing/output/CPG/cwe197_cpg/cwe197-207-cpg-resolved.bin	tc207_flow1	CWE197_Numeric_Truncation_Error__int_PropertiesFile_to_short_42.java	45	CWE197_Numeric_Truncation_Error__int_PropertiesFile_to_short_42.java	89
/home/swlab/Documents/swvul/java-vuln-detection/slicing/output/CPG/cwe197_cpg/cwe197-207-cpg-resolved.bin	tc207_flow2	CWE197_Numeric_Truncation_Error__int_PropertiesFile_to_short_42.java	99	CWE197_Numeric_Truncation_Error__int_PropertiesFile_to_short_42.java	111
/home/swlab/Documents/swvul/java-vuln-detection/slicing/output/CPG/cwe197_cpg/cwe197-208-cpg-resolved.bin	tc208_flow1	CWE197_Numeric_Truncation_Error__int_PropertiesFile_to_short_45.java	61	CWE197_Numeric_Truncation_Error__int_PropertiesFile_to_short_45.java	38
/home/swlab/Documents/swvul/java-vuln-detection/slicing/output/CPG/cwe197_cpg/cwe197-208-cpg-resolved.bin	tc208_flow2	CWE197_Numeric_Truncation_Error__int_PropertiesFile_to_short_45.java	121	CWE197_Numeric_Truncation_Error__int_PropertiesFile_to_short_45.java	110
/home/swlab/Documents/swvul/java-vuln-detection/slicing/output/CPG/cwe197_cpg/cwe197-209-cpg-resolved.bin	tc209_flow1	CWE197_Numeric_Truncation_Error__int_PropertiesFile_to_short_51a.java	45	CWE197_Numeric_Truncation_Error__int_PropertiesFile_to_short_51b.java	26
/home/swlab/Documents/swvul/java-vuln-detection/slicing/output/CPG/cwe197_cpg/cwe197-209-cpg-resolved.bin	tc209_flow2	CWE197_Numeric_Truncation_Error__int_PropertiesFile_to_short_51a.java	93	CWE197_Numeric_Truncation_Error__int_PropertiesFile_to_short_51b.java	37
/home/swlab/Documents/swvul/java-vuln-detection/slicing/output/CPG/cwe197_cpg/cwe197-210-cpg-resolved.bin	tc210_flow1	CWE197_Numeric_Truncation_Error__int_PropertiesFile_to_short_52a.java	46	CWE197_Numeric_Truncation_Error__int_PropertiesFile_to_short_52c.java	27
/home/swlab/Documents/swvul/java-vuln-detection/slicing/output/CPG/cwe197_cpg/cwe197-210-cpg-resolved.bin	tc210_flow2	CWE197_Numeric_Truncation_Error__int_PropertiesFile_to_short_52a.java	94	CWE197_Numeric_Truncation_Error__int_PropertiesFile_to_short_52c.java	38
/home/swlab/Documents/swvul/java-vuln-detection/slicing/output/CPG/cwe197_cpg/cwe197-211-cpg-resolved.bin	tc211_flow1	CWE197_Numeric_Truncation_Error__int_PropertiesFile_to_short_53a.java	46	CWE197_Numeric_Truncation_Error__int_PropertiesFile_to_short_53d.java	27
/home/swlab/Documents/swvul/java-vuln-detection/slicing/output/CPG/cwe197_cpg/cwe197-211-cpg-resolved.bin	tc211_flow2	CWE197_Numeric_Truncation_Error__int_PropertiesFile_to_short_53a.java	94	CWE197_Numeric_Truncation_Error__int_PropertiesFile_to_short_53d.java	38
/home/swlab/Documents/swvul/java-vuln-detection/slicing/output/CPG/cwe197_cpg/cwe197-212-cpg-resolved.bin	tc212_flow1	CWE197_Numeric_Truncation_Error__int_PropertiesFile_to_short_54a.java	46	CWE197_Numeric_Truncation_Error__int_PropertiesFile_to_short_54e.java	27
/home/swlab/Documents/swvul/java-vuln-detection/slicing/output/CPG/cwe197_cpg/cwe197-212-cpg-resolved.bin	tc212_flow2	CWE197_Numeric_Truncation_Error__int_PropertiesFile_to_short_54a.java	94	CWE197_Numeric_Truncation_Error__int_PropertiesFile_to_short_54e.java	38
/home/swlab/Documents/swvul/java-vuln-detection/slicing/output/CPG/cwe197_cpg/cwe197-213-cpg-resolved.bin	tc213_flow1	CWE197_Numeric_Truncation_Error__int_PropertiesFile_to_short_61b.java	46	CWE197_Numeric_Truncation_Error__int_PropertiesFile_to_short_61a.java	28
/home/swlab/Documents/swvul/java-vuln-detection/slicing/output/CPG/cwe197_cpg/cwe197-213-cpg-resolved.bin	tc213_flow2	CWE197_Numeric_Truncation_Error__int_PropertiesFile_to_short_61b.java	89	CWE197_Numeric_Truncation_Error__int_PropertiesFile_to_short_61a.java	45
/home/swlab/Documents/swvul/java-vuln-detection/slicing/output/CPG/cwe197_cpg/cwe197-214-cpg-resolved.bin	tc214_flow1	CWE197_Numeric_Truncation_Error__int_PropertiesFile_to_short_66a.java	46	CWE197_Numeric_Truncation_Error__int_PropertiesFile_to_short_66b.java	28
/home/swlab/Documents/swvul/java-vuln-detection/slicing/output/CPG/cwe197_cpg/cwe197-214-cpg-resolved.bin	tc214_flow2	CWE197_Numeric_Truncation_Error__int_PropertiesFile_to_short_66a.java	96	CWE197_Numeric_Truncation_Error__int_PropertiesFile_to_short_66b.java	40
/home/swlab/Documents/swvul/java-vuln-detection/slicing/output/CPG/cwe197_cpg/cwe197-215-cpg-resolved.bin	tc215_flow1	CWE197_Numeric_Truncation_Error__int_PropertiesFile_to_short_67a.java	51	CWE197_Numeric_Truncation_Error__int_PropertiesFile_to_short_67b.java	28
/home/swlab/Documents/swvul/java-vuln-detection/slicing/output/CPG/cwe197_cpg/cwe197-215-cpg-resolved.bin	tc215_flow2	CWE197_Numeric_Truncation_Error__int_PropertiesFile_to_short_67a.java	101	CWE197_Numeric_Truncation_Error__int_PropertiesFile_to_short_67b.java	40
/home/swlab/Documents/swvul/java-vuln-detection/slicing/output/CPG/cwe197_cpg/cwe197-216-cpg-resolved.bin	tc216_flow1	CWE197_Numeric_Truncation_Error__int_PropertiesFile_to_short_68a.java	46	CWE197_Numeric_Truncation_Error__int_PropertiesFile_to_short_68b.java	27
/home/swlab/Documents/swvul/java-vuln-detection/slicing/output/CPG/cwe197_cpg/cwe197-216-cpg-resolved.bin	tc216_flow2	CWE197_Numeric_Truncation_Error__int_PropertiesFile_to_short_68a.java	93	CWE197_Numeric_Truncation_Error__int_PropertiesFile_to_short_68b.java	39
/home/swlab/Documents/swvul/java-vuln-detection/slicing/output/CPG/cwe197_cpg/cwe197-217-cpg-resolved.bin	tc217_flow1	CWE197_Numeric_Truncation_Error__int_PropertiesFile_to_short_71a.java	46	CWE197_Numeric_Truncation_Error__int_PropertiesFile_to_short_71b.java	28
/home/swlab/Documents/swvul/java-vuln-detection/slicing/output/CPG/cwe197_cpg/cwe197-217-cpg-resolved.bin	tc217_flow2	CWE197_Numeric_Truncation_Error__int_PropertiesFile_to_short_71a.java	94	CWE197_Numeric_Truncation_Error__int_PropertiesFile_to_short_71b.java	40
/home/swlab/Documents/swvul/java-vuln-detection/slicing/output/CPG/cwe197_cpg/cwe197-218-cpg-resolved.bin	tc218_flow1	CWE197_Numeric_Truncation_Error__int_PropertiesFile_to_short_72a.java	47	CWE197_Numeric_Truncation_Error__int_PropertiesFile_to_short_72b.java	29
/home/swlab/Documents/swvul/java-vuln-detection/slicing/output/CPG/cwe197_cpg/cwe197-218-cpg-resolved.bin	tc218_flow2	CWE197_Numeric_Truncation_Error__int_PropertiesFile_to_short_72a.java	99	CWE197_Numeric_Truncation_Error__int_PropertiesFile_to_short_72b.java	41
/home/swlab/Documents/swvul/java-vuln-detection/slicing/output/CPG/cwe197_cpg/cwe197-219-cpg-resolved.bin	tc219_flow1	CWE197_Numeric_Truncation_Error__int_PropertiesFile_to_short_73a.java	47	CWE197_Numeric_Truncation_Error__int_PropertiesFile_to_short_73b.java	29
/home/swlab/Documents/swvul/java-vuln-detection/slicing/output/CPG/cwe197_cpg/cwe197-219-cpg-resolved.bin	tc219_flow2	CWE197_Numeric_Truncation_Error__int_PropertiesFile_to_short_73a.java	99	CWE197_Numeric_Truncation_Error__int_PropertiesFile_to_short_73b.java	41
/home/swlab/Documents/swvul/java-vuln-detection/slicing/output/CPG/cwe197_cpg/cwe197-220-cpg-resolved.bin	tc220_flow1	CWE197_Numeric_Truncation_Error__int_PropertiesFile_to_short_74a.java	47	CWE197_Numeric_Truncation_Error__int_PropertiesFile_to_short_74b.java	29
/home/swlab/Documents/swvul/java-vuln-detection/slicing/output/CPG/cwe197_cpg/cwe197-220-cpg-resolved.bin	tc220_flow2	CWE197_Numeric_Truncation_Error__int_PropertiesFile_to_short_74a.java	99	CWE197_Numeric_Truncation_Error__int_PropertiesFile_to_short_74b.java	41
/home/swlab/Documents/swvul/java-vuln-detection/slicing/output/CPG/cwe197_cpg/cwe197-221-cpg-resolved.bin	tc221_flow1	CWE197_Numeric_Truncation_Error__int_PropertiesFile_to_short_75a.java	49	CWE197_Numeric_Truncation_Error__int_PropertiesFile_to_short_75b.java	40
/home/swlab/Documents/swvul/java-vuln-detection/slicing/output/CPG/cwe197_cpg/cwe197-221-cpg-resolved.bin	tc221_flow2	CWE197_Numeric_Truncation_Error__int_PropertiesFile_to_short_75a.java	139	CWE197_Numeric_Truncation_Error__int_PropertiesFile_to_short_75b.java	96
/home/swlab/Documents/swvul/java-vuln-detection/slicing/output/CPG/cwe197_cpg/cwe197-222-cpg-resolved.bin	tc222_flow1	CWE197_Numeric_Truncation_Error__int_PropertiesFile_to_short_81a.java	46	CWE197_Numeric_Truncation_Error__int_PropertiesFile_to_short_81_bad.java	27
/home/swlab/Documents/swvul/java-vuln-detection/slicing/output/CPG/cwe197_cpg/cwe197-222-cpg-resolved.bin	tc222_flow2	CWE197_Numeric_Truncation_Error__int_PropertiesFile_to_short_81a.java	95	CWE197_Numeric_Truncation_Error__int_PropertiesFile_to_short_81_goodG2B.java	27
/home/swlab/Documents/swvul/java-vuln-detection/slicing/output/CPG/cwe197_cpg/cwe197-223-cpg-resolved.bin	tc223_flow1	CWE197_Numeric_Truncation_Error__int_Property_to_byte_01.java	32	CWE197_Numeric_Truncation_Error__int_Property_to_byte_01.java	46
/home/swlab/Documents/swvul/java-vuln-detection/slicing/output/CPG/cwe197_cpg/cwe197-223-cpg-resolved.bin	tc223_flow2	CWE197_Numeric_Truncation_Error__int_Property_to_byte_01.java	62	CWE197_Numeric_Truncation_Error__int_Property_to_byte_01.java	66
/home/swlab/Documents/swvul/java-vuln-detection/slicing/output/CPG/cwe197_cpg/cwe197-224-cpg-resolved.bin	tc224_flow1	CWE197_Numeric_Truncation_Error__int_Property_to_byte_02.java	32	CWE197_Numeric_Truncation_Error__int_Property_to_byte_02.java	53
/home/swlab/Documents/swvul/java-vuln-detection/slicing/output/CPG/cwe197_cpg/cwe197-224-cpg-resolved.bin	tc224_flow2	CWE197_Numeric_Truncation_Error__int_Property_to_byte_02.java	72	CWE197_Numeric_Truncation_Error__int_Property_to_byte_02.java	78
/home/swlab/Documents/swvul/java-vuln-detection/slicing/output/CPG/cwe197_cpg/cwe197-224-cpg-resolved.bin	tc224_flow3	CWE197_Numeric_Truncation_Error__int_Property_to_byte_02.java	90	CWE197_Numeric_Truncation_Error__int_Property_to_byte_02.java	101
/home/swlab/Documents/swvul/java-vuln-detection/slicing/output/CPG/cwe197_cpg/cwe197-225-cpg-resolved.bin	tc225_flow1	CWE197_Numeric_Truncation_Error__int_Property_to_byte_03.java	32	CWE197_Numeric_Truncation_Error__int_Property_to_byte_03.java	53
/home/swlab/Documents/swvul/java-vuln-detection/slicing/output/CPG/cwe197_cpg/cwe197-225-cpg-resolved.bin	tc225_flow2	CWE197_Numeric_Truncation_Error__int_Property_to_byte_03.java	72	CWE197_Numeric_Truncation_Error__int_Property_to_byte_03.java	78
/home/swlab/Documents/swvul/java-vuln-detection/slicing/output/CPG/cwe197_cpg/cwe197-225-cpg-resolved.bin	tc225_flow3	CWE197_Numeric_Truncation_Error__int_Property_to_byte_03.java	90	CWE197_Numeric_Truncation_Error__int_Property_to_byte_03.java	101
/home/swlab/Documents/swvul/java-vuln-detection/slicing/output/CPG/cwe197_cpg/cwe197-226-cpg-resolved.bin	tc226_flow1	CWE197_Numeric_Truncation_Error__int_Property_to_byte_04.java	39	CWE197_Numeric_Truncation_Error__int_Property_to_byte_04.java	60
/home/swlab/Documents/swvul/java-vuln-detection/slicing/output/CPG/cwe197_cpg/cwe197-226-cpg-resolved.bin	tc226_flow2	CWE197_Numeric_Truncation_Error__int_Property_to_byte_04.java	79	CWE197_Numeric_Truncation_Error__int_Property_to_byte_04.java	85
/home/swlab/Documents/swvul/java-vuln-detection/slicing/output/CPG/cwe197_cpg/cwe197-226-cpg-resolved.bin	tc226_flow3	CWE197_Numeric_Truncation_Error__int_Property_to_byte_04.java	97	CWE197_Numeric_Truncation_Error__int_Property_to_byte_04.java	108
/home/swlab/Documents/swvul/java-vuln-detection/slicing/output/CPG/cwe197_cpg/cwe197-227-cpg-resolved.bin	tc227_flow1	CWE197_Numeric_Truncation_Error__int_Property_to_byte_05.java	39	CWE197_Numeric_Truncation_Error__int_Property_to_byte_05.java	60
/home/swlab/Documents/swvul/java-vuln-detection/slicing/output/CPG/cwe197_cpg/cwe197-227-cpg-resolved.bin	tc227_flow2	CWE197_Numeric_Truncation_Error__int_Property_to_byte_05.java	79	CWE197_Numeric_Truncation_Error__int_Property_to_byte_05.java	85
/home/swlab/Documents/swvul/java-vuln-detection/slicing/output/CPG/cwe197_cpg/cwe197-227-cpg-resolved.bin	tc227_flow3	CWE197_Numeric_Truncation_Error__int_Property_to_byte_05.java	97	CWE197_Numeric_Truncation_Error__int_Property_to_byte_05.java	108
/home/swlab/Documents/swvul/java-vuln-detection/slicing/output/CPG/cwe197_cpg/cwe197-228-cpg-resolved.bin	tc228_flow1	CWE197_Numeric_Truncation_Error__int_Property_to_byte_06.java	38	CWE197_Numeric_Truncation_Error__int_Property_to_byte_06.java	59
/home/swlab/Documents/swvul/java-vuln-detection/slicing/output/CPG/cwe197_cpg/cwe197-228-cpg-resolved.bin	tc228_flow2	CWE197_Numeric_Truncation_Error__int_Property_to_byte_06.java	78	CWE197_Numeric_Truncation_Error__int_Property_to_byte_06.java	84
/home/swlab/Documents/swvul/java-vuln-detection/slicing/output/CPG/cwe197_cpg/cwe197-228-cpg-resolved.bin	tc228_flow3	CWE197_Numeric_Truncation_Error__int_Property_to_byte_06.java	96	CWE197_Numeric_Truncation_Error__int_Property_to_byte_06.java	107
/home/swlab/Documents/swvul/java-vuln-detection/slicing/output/CPG/cwe197_cpg/cwe197-229-cpg-resolved.bin	tc229_flow1	CWE197_Numeric_Truncation_Error__int_Property_to_byte_07.java	38	CWE197_Numeric_Truncation_Error__int_Property_to_byte_07.java	59
/home/swlab/Documents/swvul/java-vuln-detection/slicing/output/CPG/cwe197_cpg/cwe197-229-cpg-resolved.bin	tc229_flow2	CWE197_Numeric_Truncation_Error__int_Property_to_byte_07.java	78	CWE197_Numeric_Truncation_Error__int_Property_to_byte_07.java	84
/home/swlab/Documents/swvul/java-vuln-detection/slicing/output/CPG/cwe197_cpg/cwe197-229-cpg-resolved.bin	tc229_flow3	CWE197_Numeric_Truncation_Error__int_Property_to_byte_07.java	96	CWE197_Numeric_Truncation_Error__int_Property_to_byte_07.java	107
/home/swlab/Documents/swvul/java-vuln-detection/slicing/output/CPG/cwe197_cpg/cwe197-230-cpg-resolved.bin	tc230_flow1	CWE197_Numeric_Truncation_Error__int_Property_to_byte_08.java	46	CWE197_Numeric_Truncation_Error__int_Property_to_byte_08.java	67
/home/swlab/Documents/swvul/java-vuln-detection/slicing/output/CPG/cwe197_cpg/cwe197-230-cpg-resolved.bin	tc230_flow2	CWE197_Numeric_Truncation_Error__int_Property_to_byte_08.java	86	CWE197_Numeric_Truncation_Error__int_Property_to_byte_08.java	92
/home/swlab/Documents/swvul/java-vuln-detection/slicing/output/CPG/cwe197_cpg/cwe197-230-cpg-resolved.bin	tc230_flow3	CWE197_Numeric_Truncation_Error__int_Property_to_byte_08.java	104	CWE197_Numeric_Truncation_Error__int_Property_to_byte_08.java	115
/home/swlab/Documents/swvul/java-vuln-detection/slicing/output/CPG/cwe197_cpg/cwe197-231-cpg-resolved.bin	tc231_flow1	CWE197_Numeric_Truncation_Error__int_Property_to_byte_09.java	32	CWE197_Numeric_Truncation_Error__int_Property_to_byte_09.java	53
/home/swlab/Documents/swvul/java-vuln-detection/slicing/output/CPG/cwe197_cpg/cwe197-231-cpg-resolved.bin	tc231_flow2	CWE197_Numeric_Truncation_Error__int_Property_to_byte_09.java	72	CWE197_Numeric_Truncation_Error__int_Property_to_byte_09.java	78
/home/swlab/Documents/swvul/java-vuln-detection/slicing/output/CPG/cwe197_cpg/cwe197-231-cpg-resolved.bin	tc231_flow3	CWE197_Numeric_Truncation_Error__int_Property_to_byte_09.java	90	CWE197_Numeric_Truncation_Error__int_Property_to_byte_09.java	101
/home/swlab/Documents/swvul/java-vuln-detection/slicing/output/CPG/cwe197_cpg/cwe197-232-cpg-resolved.bin	tc232_flow1	CWE197_Numeric_Truncation_Error__int_Property_to_byte_10.java	32	CWE197_Numeric_Truncation_Error__int_Property_to_byte_10.java	53
/home/swlab/Documents/swvul/java-vuln-detection/slicing/output/CPG/cwe197_cpg/cwe197-232-cpg-resolved.bin	tc232_flow2	CWE197_Numeric_Truncation_Error__int_Property_to_byte_10.java	72	CWE197_Numeric_Truncation_Error__int_Property_to_byte_10.java	78
/home/swlab/Documents/swvul/java-vuln-detection/slicing/output/CPG/cwe197_cpg/cwe197-232-cpg-resolved.bin	tc232_flow3	CWE197_Numeric_Truncation_Error__int_Property_to_byte_10.java	90	CWE197_Numeric_Truncation_Error__int_Property_to_byte_10.java	101
/home/swlab/Documents/swvul/java-vuln-detection/slicing/output/CPG/cwe197_cpg/cwe197-233-cpg-resolved.bin	tc233_flow1	CWE197_Numeric_Truncation_Error__int_Property_to_byte_11.java	32	CWE197_Numeric_Truncation_Error__int_Property_to_byte_11.java	53
/home/swlab/Documents/swvul/java-vuln-detection/slicing/output/CPG/cwe197_cpg/cwe197-233-cpg-resolved.bin	tc233_flow2	CWE197_Numeric_Truncation_Error__int_Property_to_byte_11.java	72	CWE197_Numeric_Truncation_Error__int_Property_to_byte_11.java	78
/home/swlab/Documents/swvul/java-vuln-detection/slicing/output/CPG/cwe197_cpg/cwe197-233-cpg-resolved.bin	tc233_flow3	CWE197_Numeric_Truncation_Error__int_Property_to_byte_11.java	90	CWE197_Numeric_Truncation_Error__int_Property_to_byte_11.java	101
/home/swlab/Documents/swvul/java-vuln-detection/slicing/output/CPG/cwe197_cpg/cwe197-234-cpg-resolved.bin	tc234_flow1	CWE197_Numeric_Truncation_Error__int_Property_to_byte_12.java	32	CWE197_Numeric_Truncation_Error__int_Property_to_byte_12.java	54
/home/swlab/Documents/swvul/java-vuln-detection/slicing/output/CPG/cwe197_cpg/cwe197-234-cpg-resolved.bin	tc234_flow2	CWE197_Numeric_Truncation_Error__int_Property_to_byte_12.java	67	CWE197_Numeric_Truncation_Error__int_Property_to_byte_12.java	79
/home/swlab/Documents/swvul/java-vuln-detection/slicing/output/CPG/cwe197_cpg/cwe197-235-cpg-resolved.bin	tc235_flow1	CWE197_Numeric_Truncation_Error__int_Property_to_byte_13.java	32	CWE197_Numeric_Truncation_Error__int_Property_to_byte_13.java	53
/home/swlab/Documents/swvul/java-vuln-detection/slicing/output/CPG/cwe197_cpg/cwe197-235-cpg-resolved.bin	tc235_flow2	CWE197_Numeric_Truncation_Error__int_Property_to_byte_13.java	72	CWE197_Numeric_Truncation_Error__int_Property_to_byte_13.java	78
/home/swlab/Documents/swvul/java-vuln-detection/slicing/output/CPG/cwe197_cpg/cwe197-235-cpg-resolved.bin	tc235_flow3	CWE197_Numeric_Truncation_Error__int_Property_to_byte_13.java	90	CWE197_Numeric_Truncation_Error__int_Property_to_byte_13.java	101
/home/swlab/Documents/swvul/java-vuln-detection/slicing/output/CPG/cwe197_cpg/cwe197-236-cpg-resolved.bin	tc236_flow1	CWE197_Numeric_Truncation_Error__int_Property_to_byte_14.java	32	CWE197_Numeric_Truncation_Error__int_Property_to_byte_14.java	53
/home/swlab/Documents/swvul/java-vuln-detection/slicing/output/CPG/cwe197_cpg/cwe197-236-cpg-resolved.bin	tc236_flow2	CWE197_Numeric_Truncation_Error__int_Property_to_byte_14.java	72	CWE197_Numeric_Truncation_Error__int_Property_to_byte_14.java	78
/home/swlab/Documents/swvul/java-vuln-detection/slicing/output/CPG/cwe197_cpg/cwe197-236-cpg-resolved.bin	tc236_flow3	CWE197_Numeric_Truncation_Error__int_Property_to_byte_14.java	90	CWE197_Numeric_Truncation_Error__int_Property_to_byte_14.java	101
/home/swlab/Documents/swvul/java-vuln-detection/slicing/output/CPG/cwe197_cpg/cwe197-237-cpg-resolved.bin	tc237_flow1	CWE197_Numeric_Truncation_Error__int_Property_to_byte_15.java	34	CWE197_Numeric_Truncation_Error__int_Property_to_byte_15.java	55
/home/swlab/Documents/swvul/java-vuln-detection/slicing/output/CPG/cwe197_cpg/cwe197-237-cpg-resolved.bin	tc237_flow2	CWE197_Numeric_Truncation_Error__int_Property_to_byte_15.java	74	CWE197_Numeric_Truncation_Error__int_Property_to_byte_15.java	80
/home/swlab/Documents/swvul/java-vuln-detection/slicing/output/CPG/cwe197_cpg/cwe197-237-cpg-resolved.bin	tc237_flow3	CWE197_Numeric_Truncation_Error__int_Property_to_byte_15.java	94	CWE197_Numeric_Truncation_Error__int_Property_to_byte_15.java	105
/home/swlab/Documents/swvul/java-vuln-detection/slicing/output/CPG/cwe197_cpg/cwe197-238-cpg-resolved.bin	tc238_flow1	CWE197_Numeric_Truncation_Error__int_Property_to_byte_16.java	33	CWE197_Numeric_Truncation_Error__int_Property_to_byte_16.java	49
/home/swlab/Documents/swvul/java-vuln-detection/slicing/output/CPG/cwe197_cpg/cwe197-238-cpg-resolved.bin	tc238_flow2	CWE197_Numeric_Truncation_Error__int_Property_to_byte_16.java	62	CWE197_Numeric_Truncation_Error__int_Property_to_byte_16.java	68
/home/swlab/Documents/swvul/java-vuln-detection/slicing/output/CPG/cwe197_cpg/cwe197-239-cpg-resolved.bin	tc239_flow1	CWE197_Numeric_Truncation_Error__int_Property_to_byte_17.java	32	CWE197_Numeric_Truncation_Error__int_Property_to_byte_17.java	48
/home/swlab/Documents/swvul/java-vuln-detection/slicing/output/CPG/cwe197_cpg/cwe197-239-cpg-resolved.bin	tc239_flow2	CWE197_Numeric_Truncation_Error__int_Property_to_byte_17.java	60	CWE197_Numeric_Truncation_Error__int_Property_to_byte_17.java	66
/home/swlab/Documents/swvul/java-vuln-detection/slicing/output/CPG/cwe197_cpg/cwe197-240-cpg-resolved.bin	tc240_flow1	CWE197_Numeric_Truncation_Error__int_Property_to_byte_21.java	50	CWE197_Numeric_Truncation_Error__int_Property_to_byte_21.java	36
/home/swlab/Documents/swvul/java-vuln-detection/slicing/output/CPG/cwe197_cpg/cwe197-240-cpg-resolved.bin	tc240_flow2	CWE197_Numeric_Truncation_Error__int_Property_to_byte_21.java	111	CWE197_Numeric_Truncation_Error__int_Property_to_byte_21.java	92
/home/swlab/Documents/swvul/java-vuln-detection/slicing/output/CPG/cwe197_cpg/cwe197-240-cpg-resolved.bin	tc240_flow3	CWE197_Numeric_Truncation_Error__int_Property_to_byte_21.java	140	CWE197_Numeric_Truncation_Error__int_Property_to_byte_21.java	128
/home/swlab/Documents/swvul/java-vuln-detection/slicing/output/CPG/cwe197_cpg/cwe197-241-cpg-resolved.bin	tc241_flow1	CWE197_Numeric_Truncation_Error__int_Property_to_byte_22b.java	33	CWE197_Numeric_Truncation_Error__int_Property_to_byte_22a.java	35
/home/swlab/Documents/swvul/java-vuln-detection/slicing/output/CPG/cwe197_cpg/cwe197-241-cpg-resolved.bin	tc241_flow2	CWE197_Numeric_Truncation_Error__int_Property_to_byte_22b.java	69	CWE197_Numeric_Truncation_Error__int_Property_to_byte_22a.java	61
/home/swlab/Documents/swvul/java-vuln-detection/slicing/output/CPG/cwe197_cpg/cwe197-241-cpg-resolved.bin	tc241_flow3	CWE197_Numeric_Truncation_Error__int_Property_to_byte_22b.java	84	CWE197_Numeric_Truncation_Error__int_Property_to_byte_22a.java	76
/home/swlab/Documents/swvul/java-vuln-detection/slicing/output/CPG/cwe197_cpg/cwe197-242-cpg-resolved.bin	tc242_flow1	CWE197_Numeric_Truncation_Error__int_Property_to_byte_31.java	35	CWE197_Numeric_Truncation_Error__int_Property_to_byte_31.java	54
/home/swlab/Documents/swvul/java-vuln-detection/slicing/output/CPG/cwe197_cpg/cwe197-242-cpg-resolved.bin	tc242_flow2	CWE197_Numeric_Truncation_Error__int_Property_to_byte_31.java	73	CWE197_Numeric_Truncation_Error__int_Property_to_byte_31.java	82
/home/swlab/Documents/swvul/java-vuln-detection/slicing/output/CPG/cwe197_cpg/cwe197-243-cpg-resolved.bin	tc243_flow1	CWE197_Numeric_Truncation_Error__int_Property_to_byte_41.java	41	CWE197_Numeric_Truncation_Error__int_Property_to_byte_41.java	28
/home/swlab/Documents/swvul/java-vuln-detection/slicing/output/CPG/cwe197_cpg/cwe197-243-cpg-resolved.bin	tc243_flow2	CWE197_Numeric_Truncation_Error__int_Property_to_byte_41.java	77	CWE197_Numeric_Truncation_Error__int_Property_to_byte_41.java	66
/home/swlab/Documents/swvul/java-vuln-detection/slicing/output/CPG/cwe197_cpg/cwe197-244-cpg-resolved.bin	tc244_flow1	CWE197_Numeric_Truncation_Error__int_Property_to_byte_42.java	31	CWE197_Numeric_Truncation_Error__int_Property_to_byte_42.java	53
/home/swlab/Documents/swvul/java-vuln-detection/slicing/output/CPG/cwe197_cpg/cwe197-244-cpg-resolved.bin	tc244_flow2	CWE197_Numeric_Truncation_Error__int_Property_to_byte_42.java	63	CWE197_Numeric_Truncation_Error__int_Property_to_byte_42.java	75
/home/swlab/Documents/swvul/java-vuln-detection/slicing/output/CPG/cwe197_cpg/cwe197-245-cpg-resolved.bin	tc245_flow1	CWE197_Numeric_Truncation_Error__int_Property_to_byte_45.java	47	CWE197_Numeric_Truncation_Error__int_Property_to_byte_45.java	33
/home/swlab/Documents/swvul/java-vuln-detection/slicing/output/CPG/cwe197_cpg/cwe197-245-cpg-resolved.bin	tc245_flow2	CWE197_Numeric_Truncation_Error__int_Property_to_byte_45.java	85	CWE197_Numeric_Truncation_Error__int_Property_to_byte_45.java	74
/home/swlab/Documents/swvul/java-vuln-detection/slicing/output/CPG/cwe197_cpg/cwe197-246-cpg-resolved.bin	tc246_flow1	CWE197_Numeric_Truncation_Error__int_Property_to_byte_51a.java	31	CWE197_Numeric_Truncation_Error__int_Property_to_byte_51b.java	26
/home/swlab/Documents/swvul/java-vuln-detection/slicing/output/CPG/cwe197_cpg/cwe197-246-cpg-resolved.bin	tc246_flow2	CWE197_Numeric_Truncation_Error__int_Property_to_byte_51a.java	57	CWE197_Numeric_Truncation_Error__int_Property_to_byte_51b.java	37
/home/swlab/Documents/swvul/java-vuln-detection/slicing/output/CPG/cwe197_cpg/cwe197-247-cpg-resolved.bin	tc247_flow1	CWE197_Numeric_Truncation_Error__int_Property_to_byte_52a.java	32	CWE197_Numeric_Truncation_Error__int_Property_to_byte_52c.java	27
/home/swlab/Documents/swvul/java-vuln-detection/slicing/output/CPG/cwe197_cpg/cwe197-247-cpg-resolved.bin	tc247_flow2	CWE197_Numeric_Truncation_Error__int_Property_to_byte_52a.java	58	CWE197_Numeric_Truncation_Error__int_Property_to_byte_52c.java	38
/home/swlab/Documents/swvul/java-vuln-detection/slicing/output/CPG/cwe197_cpg/cwe197-248-cpg-resolved.bin	tc248_flow1	CWE197_Numeric_Truncation_Error__int_Property_to_byte_53a.java	32	CWE197_Numeric_Truncation_Error__int_Property_to_byte_53d.java	27
/home/swlab/Documents/swvul/java-vuln-detection/slicing/output/CPG/cwe197_cpg/cwe197-248-cpg-resolved.bin	tc248_flow2	CWE197_Numeric_Truncation_Error__int_Property_to_byte_53a.java	58	CWE197_Numeric_Truncation_Error__int_Property_to_byte_53d.java	38
/home/swlab/Documents/swvul/java-vuln-detection/slicing/output/CPG/cwe197_cpg/cwe197-249-cpg-resolved.bin	tc249_flow1	CWE197_Numeric_Truncation_Error__int_Property_to_byte_54a.java	32	CWE197_Numeric_Truncation_Error__int_Property_to_byte_54e.java	27
/home/swlab/Documents/swvul/java-vuln-detection/slicing/output/CPG/cwe197_cpg/cwe197-249-cpg-resolved.bin	tc249_flow2	CWE197_Numeric_Truncation_Error__int_Property_to_byte_54a.java	58	CWE197_Numeric_Truncation_Error__int_Property_to_byte_54e.java	38
/home/swlab/Documents/swvul/java-vuln-detection/slicing/output/CPG/cwe197_cpg/cwe197-250-cpg-resolved.bin	tc250_flow1	CWE197_Numeric_Truncation_Error__int_Property_to_byte_61b.java	32	CWE197_Numeric_Truncation_Error__int_Property_to_byte_61a.java	28
/home/swlab/Documents/swvul/java-vuln-detection/slicing/output/CPG/cwe197_cpg/cwe197-250-cpg-resolved.bin	tc250_flow2	CWE197_Numeric_Truncation_Error__int_Property_to_byte_61b.java	53	CWE197_Numeric_Truncation_Error__int_Property_to_byte_61a.java	45
/home/swlab/Documents/swvul/java-vuln-detection/slicing/output/CPG/cwe197_cpg/cwe197-251-cpg-resolved.bin	tc251_flow1	CWE197_Numeric_Truncation_Error__int_Property_to_byte_66a.java	32	CWE197_Numeric_Truncation_Error__int_Property_to_byte_66b.java	28
/home/swlab/Documents/swvul/java-vuln-detection/slicing/output/CPG/cwe197_cpg/cwe197-251-cpg-resolved.bin	tc251_flow2	CWE197_Numeric_Truncation_Error__int_Property_to_byte_66a.java	60	CWE197_Numeric_Truncation_Error__int_Property_to_byte_66b.java	40
/home/swlab/Documents/swvul/java-vuln-detection/slicing/output/CPG/cwe197_cpg/cwe197-252-cpg-resolved.bin	tc252_flow1	CWE197_Numeric_Truncation_Error__int_Property_to_byte_67a.java	37	CWE197_Numeric_Truncation_Error__int_Property_to_byte_67b.java	28
/home/swlab/Documents/swvul/java-vuln-detection/slicing/output/CPG/cwe197_cpg/cwe197-252-cpg-resolved.bin	tc252_flow2	CWE197_Numeric_Truncation_Error__int_Property_to_byte_67a.java	65	CWE197_Numeric_Truncation_Error__int_Property_to_byte_67b.java	40
/home/swlab/Documents/swvul/java-vuln-detection/slicing/output/CPG/cwe197_cpg/cwe197-253-cpg-resolved.bin	tc253_flow1	CWE197_Numeric_Truncation_Error__int_Property_to_byte_68a.java	32	CWE197_Numeric_Truncation_Error__int_Property_to_byte_68b.java	27
/home/swlab/Documents/swvul/java-vuln-detection/slicing/output/CPG/cwe197_cpg/cwe197-253-cpg-resolved.bin	tc253_flow2	CWE197_Numeric_Truncation_Error__int_Property_to_byte_68a.java	57	CWE197_Numeric_Truncation_Error__int_Property_to_byte_68b.java	39
/home/swlab/Documents/swvul/java-vuln-detection/slicing/output/CPG/cwe197_cpg/cwe197-254-cpg-resolved.bin	tc254_flow1	CWE197_Numeric_Truncation_Error__int_Property_to_byte_71a.java	32	CWE197_Numeric_Truncation_Error__int_Property_to_byte_71b.java	28
/home/swlab/Documents/swvul/java-vuln-detection/slicing/output/CPG/cwe197_cpg/cwe197-254-cpg-resolved.bin	tc254_flow2	CWE197_Numeric_Truncation_Error__int_Property_to_byte_71a.java	58	CWE197_Numeric_Truncation_Error__int_Property_to_byte_71b.java	40
/home/swlab/Documents/swvul/java-vuln-detection/slicing/output/CPG/cwe197_cpg/cwe197-255-cpg-resolved.bin	tc255_flow1	CWE197_Numeric_Truncation_Error__int_Property_to_byte_72a.java	33	CWE197_Numeric_Truncation_Error__int_Property_to_byte_72b.java	29
/home/swlab/Documents/swvul/java-vuln-detection/slicing/output/CPG/cwe197_cpg/cwe197-255-cpg-resolved.bin	tc255_flow2	CWE197_Numeric_Truncation_Error__int_Property_to_byte_72a.java	63	CWE197_Numeric_Truncation_Error__int_Property_to_byte_72b.java	41
/home/swlab/Documents/swvul/java-vuln-detection/slicing/output/CPG/cwe197_cpg/cwe197-256-cpg-resolved.bin	tc256_flow1	CWE197_Numeric_Truncation_Error__int_Property_to_byte_73a.java	33	CWE197_Numeric_Truncation_Error__int_Property_to_byte_73b.java	29
/home/swlab/Documents/swvul/java-vuln-detection/slicing/output/CPG/cwe197_cpg/cwe197-256-cpg-resolved.bin	tc256_flow2	CWE197_Numeric_Truncation_Error__int_Property_to_byte_73a.java	63	CWE197_Numeric_Truncation_Error__int_Property_to_byte_73b.java	41
/home/swlab/Documents/swvul/java-vuln-detection/slicing/output/CPG/cwe197_cpg/cwe197-257-cpg-resolved.bin	tc257_flow1	CWE197_Numeric_Truncation_Error__int_Property_to_byte_74a.java	33	CWE197_Numeric_Truncation_Error__int_Property_to_byte_74b.java	29
/home/swlab/Documents/swvul/java-vuln-detection/slicing/output/CPG/cwe197_cpg/cwe197-257-cpg-resolved.bin	tc257_flow2	CWE197_Numeric_Truncation_Error__int_Property_to_byte_74a.java	63	CWE197_Numeric_Truncation_Error__int_Property_to_byte_74b.java	41
/home/swlab/Documents/swvul/java-vuln-detection/slicing/output/CPG/cwe197_cpg/cwe197-258-cpg-resolved.bin	tc258_flow1	CWE197_Numeric_Truncation_Error__int_Property_to_byte_75a.java	36	CWE197_Numeric_Truncation_Error__int_Property_to_byte_75b.java	40
/home/swlab/Documents/swvul/java-vuln-detection/slicing/output/CPG/cwe197_cpg/cwe197-258-cpg-resolved.bin	tc258_flow2	CWE197_Numeric_Truncation_Error__int_Property_to_byte_75a.java	104	CWE197_Numeric_Truncation_Error__int_Property_to_byte_75b.java	96
/home/swlab/Documents/swvul/java-vuln-detection/slicing/output/CPG/cwe197_cpg/cwe197-259-cpg-resolved.bin	tc259_flow1	CWE197_Numeric_Truncation_Error__int_Property_to_byte_81a.java	32	CWE197_Numeric_Truncation_Error__int_Property_to_byte_81_bad.java	27
/home/swlab/Documents/swvul/java-vuln-detection/slicing/output/CPG/cwe197_cpg/cwe197-259-cpg-resolved.bin	tc259_flow2	CWE197_Numeric_Truncation_Error__int_Property_to_byte_81a.java	59	CWE197_Numeric_Truncation_Error__int_Property_to_byte_81_goodG2B.java	27
/home/swlab/Documents/swvul/java-vuln-detection/slicing/output/CPG/cwe197_cpg/cwe197-260-cpg-resolved.bin	tc260_flow1	CWE197_Numeric_Truncation_Error__int_Property_to_short_01.java	32	CWE197_Numeric_Truncation_Error__int_Property_to_short_01.java	46
/home/swlab/Documents/swvul/java-vuln-detection/slicing/output/CPG/cwe197_cpg/cwe197-260-cpg-resolved.bin	tc260_flow2	CWE197_Numeric_Truncation_Error__int_Property_to_short_01.java	62	CWE197_Numeric_Truncation_Error__int_Property_to_short_01.java	66
/home/swlab/Documents/swvul/java-vuln-detection/slicing/output/CPG/cwe197_cpg/cwe197-261-cpg-resolved.bin	tc261_flow1	CWE197_Numeric_Truncation_Error__int_Property_to_short_02.java	32	CWE197_Numeric_Truncation_Error__int_Property_to_short_02.java	53
/home/swlab/Documents/swvul/java-vuln-detection/slicing/output/CPG/cwe197_cpg/cwe197-261-cpg-resolved.bin	tc261_flow2	CWE197_Numeric_Truncation_Error__int_Property_to_short_02.java	72	CWE197_Numeric_Truncation_Error__int_Property_to_short_02.java	78
/home/swlab/Documents/swvul/java-vuln-detection/slicing/output/CPG/cwe197_cpg/cwe197-261-cpg-resolved.bin	tc261_flow3	CWE197_Numeric_Truncation_Error__int_Property_to_short_02.java	90	CWE197_Numeric_Truncation_Error__int_Property_to_short_02.java	101
/home/swlab/Documents/swvul/java-vuln-detection/slicing/output/CPG/cwe197_cpg/cwe197-262-cpg-resolved.bin	tc262_flow1	CWE197_Numeric_Truncation_Error__int_Property_to_short_03.java	32	CWE197_Numeric_Truncation_Error__int_Property_to_short_03.java	53
/home/swlab/Documents/swvul/java-vuln-detection/slicing/output/CPG/cwe197_cpg/cwe197-262-cpg-resolved.bin	tc262_flow2	CWE197_Numeric_Truncation_Error__int_Property_to_short_03.java	72	CWE197_Numeric_Truncation_Error__int_Property_to_short_03.java	78
/home/swlab/Documents/swvul/java-vuln-detection/slicing/output/CPG/cwe197_cpg/cwe197-262-cpg-resolved.bin	tc262_flow3	CWE197_Numeric_Truncation_Error__int_Property_to_short_03.java	90	CWE197_Numeric_Truncation_Error__int_Property_to_short_03.java	101
/home/swlab/Documents/swvul/java-vuln-detection/slicing/output/CPG/cwe197_cpg/cwe197-263-cpg-resolved.bin	tc263_flow1	CWE197_Numeric_Truncation_Error__int_Property_to_short_04.java	39	CWE197_Numeric_Truncation_Error__int_Property_to_short_04.java	60
/home/swlab/Documents/swvul/java-vuln-detection/slicing/output/CPG/cwe197_cpg/cwe197-263-cpg-resolved.bin	tc263_flow2	CWE197_Numeric_Truncation_Error__int_Property_to_short_04.java	79	CWE197_Numeric_Truncation_Error__int_Property_to_short_04.java	85
/home/swlab/Documents/swvul/java-vuln-detection/slicing/output/CPG/cwe197_cpg/cwe197-263-cpg-resolved.bin	tc263_flow3	CWE197_Numeric_Truncation_Error__int_Property_to_short_04.java	97	CWE197_Numeric_Truncation_Error__int_Property_to_short_04.java	108
/home/swlab/Documents/swvul/java-vuln-detection/slicing/output/CPG/cwe197_cpg/cwe197-264-cpg-resolved.bin	tc264_flow1	CWE197_Numeric_Truncation_Error__int_Property_to_short_05.java	39	CWE197_Numeric_Truncation_Error__int_Property_to_short_05.java	60
/home/swlab/Documents/swvul/java-vuln-detection/slicing/output/CPG/cwe197_cpg/cwe197-264-cpg-resolved.bin	tc264_flow2	CWE197_Numeric_Truncation_Error__int_Property_to_short_05.java	79	CWE197_Numeric_Truncation_Error__int_Property_to_short_05.java	85
/home/swlab/Documents/swvul/java-vuln-detection/slicing/output/CPG/cwe197_cpg/cwe197-264-cpg-resolved.bin	tc264_flow3	CWE197_Numeric_Truncation_Error__int_Property_to_short_05.java	97	CWE197_Numeric_Truncation_Error__int_Property_to_short_05.java	108
/home/swlab/Documents/swvul/java-vuln-detection/slicing/output/CPG/cwe197_cpg/cwe197-265-cpg-resolved.bin	tc265_flow1	CWE197_Numeric_Truncation_Error__int_Property_to_short_06.java	38	CWE197_Numeric_Truncation_Error__int_Property_to_short_06.java	59
/home/swlab/Documents/swvul/java-vuln-detection/slicing/output/CPG/cwe197_cpg/cwe197-265-cpg-resolved.bin	tc265_flow2	CWE197_Numeric_Truncation_Error__int_Property_to_short_06.java	78	CWE197_Numeric_Truncation_Error__int_Property_to_short_06.java	84
/home/swlab/Documents/swvul/java-vuln-detection/slicing/output/CPG/cwe197_cpg/cwe197-265-cpg-resolved.bin	tc265_flow3	CWE197_Numeric_Truncation_Error__int_Property_to_short_06.java	96	CWE197_Numeric_Truncation_Error__int_Property_to_short_06.java	107
/home/swlab/Documents/swvul/java-vuln-detection/slicing/output/CPG/cwe197_cpg/cwe197-266-cpg-resolved.bin	tc266_flow1	CWE197_Numeric_Truncation_Error__int_Property_to_short_07.java	38	CWE197_Numeric_Truncation_Error__int_Property_to_short_07.java	59
/home/swlab/Documents/swvul/java-vuln-detection/slicing/output/CPG/cwe197_cpg/cwe197-266-cpg-resolved.bin	tc266_flow2	CWE197_Numeric_Truncation_Error__int_Property_to_short_07.java	78	CWE197_Numeric_Truncation_Error__int_Property_to_short_07.java	84
/home/swlab/Documents/swvul/java-vuln-detection/slicing/output/CPG/cwe197_cpg/cwe197-266-cpg-resolved.bin	tc266_flow3	CWE197_Numeric_Truncation_Error__int_Property_to_short_07.java	96	CWE197_Numeric_Truncation_Error__int_Property_to_short_07.java	107
/home/swlab/Documents/swvul/java-vuln-detection/slicing/output/CPG/cwe197_cpg/cwe197-267-cpg-resolved.bin	tc267_flow1	CWE197_Numeric_Truncation_Error__int_Property_to_short_08.java	46	CWE197_Numeric_Truncation_Error__int_Property_to_short_08.java	67
/home/swlab/Documents/swvul/java-vuln-detection/slicing/output/CPG/cwe197_cpg/cwe197-267-cpg-resolved.bin	tc267_flow2	CWE197_Numeric_Truncation_Error__int_Property_to_short_08.java	86	CWE197_Numeric_Truncation_Error__int_Property_to_short_08.java	92
/home/swlab/Documents/swvul/java-vuln-detection/slicing/output/CPG/cwe197_cpg/cwe197-267-cpg-resolved.bin	tc267_flow3	CWE197_Numeric_Truncation_Error__int_Property_to_short_08.java	104	CWE197_Numeric_Truncation_Error__int_Property_to_short_08.java	115
/home/swlab/Documents/swvul/java-vuln-detection/slicing/output/CPG/cwe197_cpg/cwe197-268-cpg-resolved.bin	tc268_flow1	CWE197_Numeric_Truncation_Error__int_Property_to_short_09.java	32	CWE197_Numeric_Truncation_Error__int_Property_to_short_09.java	53
/home/swlab/Documents/swvul/java-vuln-detection/slicing/output/CPG/cwe197_cpg/cwe197-268-cpg-resolved.bin	tc268_flow2	CWE197_Numeric_Truncation_Error__int_Property_to_short_09.java	72	CWE197_Numeric_Truncation_Error__int_Property_to_short_09.java	78
/home/swlab/Documents/swvul/java-vuln-detection/slicing/output/CPG/cwe197_cpg/cwe197-268-cpg-resolved.bin	tc268_flow3	CWE197_Numeric_Truncation_Error__int_Property_to_short_09.java	90	CWE197_Numeric_Truncation_Error__int_Property_to_short_09.java	101
/home/swlab/Documents/swvul/java-vuln-detection/slicing/output/CPG/cwe197_cpg/cwe197-269-cpg-resolved.bin	tc269_flow1	CWE197_Numeric_Truncation_Error__int_Property_to_short_10.java	32	CWE197_Numeric_Truncation_Error__int_Property_to_short_10.java	53
/home/swlab/Documents/swvul/java-vuln-detection/slicing/output/CPG/cwe197_cpg/cwe197-269-cpg-resolved.bin	tc269_flow2	CWE197_Numeric_Truncation_Error__int_Property_to_short_10.java	72	CWE197_Numeric_Truncation_Error__int_Property_to_short_10.java	78
/home/swlab/Documents/swvul/java-vuln-detection/slicing/output/CPG/cwe197_cpg/cwe197-269-cpg-resolved.bin	tc269_flow3	CWE197_Numeric_Truncation_Error__int_Property_to_short_10.java	90	CWE197_Numeric_Truncation_Error__int_Property_to_short_10.java	101
/home/swlab/Documents/swvul/java-vuln-detection/slicing/output/CPG/cwe197_cpg/cwe197-270-cpg-resolved.bin	tc270_flow1	CWE197_Numeric_Truncation_Error__int_Property_to_short_11.java	32	CWE197_Numeric_Truncation_Error__int_Property_to_short_11.java	53
/home/swlab/Documents/swvul/java-vuln-detection/slicing/output/CPG/cwe197_cpg/cwe197-270-cpg-resolved.bin	tc270_flow2	CWE197_Numeric_Truncation_Error__int_Property_to_short_11.java	72	CWE197_Numeric_Truncation_Error__int_Property_to_short_11.java	78
/home/swlab/Documents/swvul/java-vuln-detection/slicing/output/CPG/cwe197_cpg/cwe197-270-cpg-resolved.bin	tc270_flow3	CWE197_Numeric_Truncation_Error__int_Property_to_short_11.java	90	CWE197_Numeric_Truncation_Error__int_Property_to_short_11.java	101
/home/swlab/Documents/swvul/java-vuln-detection/slicing/output/CPG/cwe197_cpg/cwe197-271-cpg-resolved.bin	tc271_flow1	CWE197_Numeric_Truncation_Error__int_Property_to_short_12.java	32	CWE197_Numeric_Truncation_Error__int_Property_to_short_12.java	54
/home/swlab/Documents/swvul/java-vuln-detection/slicing/output/CPG/cwe197_cpg/cwe197-271-cpg-resolved.bin	tc271_flow2	CWE197_Numeric_Truncation_Error__int_Property_to_short_12.java	67	CWE197_Numeric_Truncation_Error__int_Property_to_short_12.java	79
/home/swlab/Documents/swvul/java-vuln-detection/slicing/output/CPG/cwe197_cpg/cwe197-272-cpg-resolved.bin	tc272_flow1	CWE197_Numeric_Truncation_Error__int_Property_to_short_13.java	32	CWE197_Numeric_Truncation_Error__int_Property_to_short_13.java	53
/home/swlab/Documents/swvul/java-vuln-detection/slicing/output/CPG/cwe197_cpg/cwe197-272-cpg-resolved.bin	tc272_flow2	CWE197_Numeric_Truncation_Error__int_Property_to_short_13.java	72	CWE197_Numeric_Truncation_Error__int_Property_to_short_13.java	78
/home/swlab/Documents/swvul/java-vuln-detection/slicing/output/CPG/cwe197_cpg/cwe197-272-cpg-resolved.bin	tc272_flow3	CWE197_Numeric_Truncation_Error__int_Property_to_short_13.java	90	CWE197_Numeric_Truncation_Error__int_Property_to_short_13.java	101
/home/swlab/Documents/swvul/java-vuln-detection/slicing/output/CPG/cwe197_cpg/cwe197-273-cpg-resolved.bin	tc273_flow1	CWE197_Numeric_Truncation_Error__int_Property_to_short_14.java	32	CWE197_Numeric_Truncation_Error__int_Property_to_short_14.java	53
/home/swlab/Documents/swvul/java-vuln-detection/slicing/output/CPG/cwe197_cpg/cwe197-273-cpg-resolved.bin	tc273_flow2	CWE197_Numeric_Truncation_Error__int_Property_to_short_14.java	72	CWE197_Numeric_Truncation_Error__int_Property_to_short_14.java	78
/home/swlab/Documents/swvul/java-vuln-detection/slicing/output/CPG/cwe197_cpg/cwe197-273-cpg-resolved.bin	tc273_flow3	CWE197_Numeric_Truncation_Error__int_Property_to_short_14.java	90	CWE197_Numeric_Truncation_Error__int_Property_to_short_14.java	101
/home/swlab/Documents/swvul/java-vuln-detection/slicing/output/CPG/cwe197_cpg/cwe197-274-cpg-resolved.bin	tc274_flow1	CWE197_Numeric_Truncation_Error__int_Property_to_short_15.java	34	CWE197_Numeric_Truncation_Error__int_Property_to_short_15.java	55
/home/swlab/Documents/swvul/java-vuln-detection/slicing/output/CPG/cwe197_cpg/cwe197-274-cpg-resolved.bin	tc274_flow2	CWE197_Numeric_Truncation_Error__int_Property_to_short_15.java	74	CWE197_Numeric_Truncation_Error__int_Property_to_short_15.java	80
/home/swlab/Documents/swvul/java-vuln-detection/slicing/output/CPG/cwe197_cpg/cwe197-274-cpg-resolved.bin	tc274_flow3	CWE197_Numeric_Truncation_Error__int_Property_to_short_15.java	94	CWE197_Numeric_Truncation_Error__int_Property_to_short_15.java	105
/home/swlab/Documents/swvul/java-vuln-detection/slicing/output/CPG/cwe197_cpg/cwe197-275-cpg-resolved.bin	tc275_flow1	CWE197_Numeric_Truncation_Error__int_Property_to_short_16.java	33	CWE197_Numeric_Truncation_Error__int_Property_to_short_16.java	49
/home/swlab/Documents/swvul/java-vuln-detection/slicing/output/CPG/cwe197_cpg/cwe197-275-cpg-resolved.bin	tc275_flow2	CWE197_Numeric_Truncation_Error__int_Property_to_short_16.java	62	CWE197_Numeric_Truncation_Error__int_Property_to_short_16.java	68
/home/swlab/Documents/swvul/java-vuln-detection/slicing/output/CPG/cwe197_cpg/cwe197-276-cpg-resolved.bin	tc276_flow1	CWE197_Numeric_Truncation_Error__int_Property_to_short_17.java	32	CWE197_Numeric_Truncation_Error__int_Property_to_short_17.java	48
/home/swlab/Documents/swvul/java-vuln-detection/slicing/output/CPG/cwe197_cpg/cwe197-276-cpg-resolved.bin	tc276_flow2	CWE197_Numeric_Truncation_Error__int_Property_to_short_17.java	60	CWE197_Numeric_Truncation_Error__int_Property_to_short_17.java	66
/home/swlab/Documents/swvul/java-vuln-detection/slicing/output/CPG/cwe197_cpg/cwe197-277-cpg-resolved.bin	tc277_flow1	CWE197_Numeric_Truncation_Error__int_Property_to_short_21.java	50	CWE197_Numeric_Truncation_Error__int_Property_to_short_21.java	36
/home/swlab/Documents/swvul/java-vuln-detection/slicing/output/CPG/cwe197_cpg/cwe197-277-cpg-resolved.bin	tc277_flow2	CWE197_Numeric_Truncation_Error__int_Property_to_short_21.java	111	CWE197_Numeric_Truncation_Error__int_Property_to_short_21.java	92
/home/swlab/Documents/swvul/java-vuln-detection/slicing/output/CPG/cwe197_cpg/cwe197-277-cpg-resolved.bin	tc277_flow3	CWE197_Numeric_Truncation_Error__int_Property_to_short_21.java	140	CWE197_Numeric_Truncation_Error__int_Property_to_short_21.java	128
/home/swlab/Documents/swvul/java-vuln-detection/slicing/output/CPG/cwe197_cpg/cwe197-278-cpg-resolved.bin	tc278_flow1	CWE197_Numeric_Truncation_Error__int_Property_to_short_22b.java	33	CWE197_Numeric_Truncation_Error__int_Property_to_short_22a.java	35
/home/swlab/Documents/swvul/java-vuln-detection/slicing/output/CPG/cwe197_cpg/cwe197-278-cpg-resolved.bin	tc278_flow2	CWE197_Numeric_Truncation_Error__int_Property_to_short_22b.java	69	CWE197_Numeric_Truncation_Error__int_Property_to_short_22a.java	61
/home/swlab/Documents/swvul/java-vuln-detection/slicing/output/CPG/cwe197_cpg/cwe197-278-cpg-resolved.bin	tc278_flow3	CWE197_Numeric_Truncation_Error__int_Property_to_short_22b.java	84	CWE197_Numeric_Truncation_Error__int_Property_to_short_22a.java	76
/home/swlab/Documents/swvul/java-vuln-detection/slicing/output/CPG/cwe197_cpg/cwe197-279-cpg-resolved.bin	tc279_flow1	CWE197_Numeric_Truncation_Error__int_Property_to_short_31.java	35	CWE197_Numeric_Truncation_Error__int_Property_to_short_31.java	54
/home/swlab/Documents/swvul/java-vuln-detection/slicing/output/CPG/cwe197_cpg/cwe197-279-cpg-resolved.bin	tc279_flow2	CWE197_Numeric_Truncation_Error__int_Property_to_short_31.java	73	CWE197_Numeric_Truncation_Error__int_Property_to_short_31.java	82
/home/swlab/Documents/swvul/java-vuln-detection/slicing/output/CPG/cwe197_cpg/cwe197-280-cpg-resolved.bin	tc280_flow1	CWE197_Numeric_Truncation_Error__int_Property_to_short_41.java	41	CWE197_Numeric_Truncation_Error__int_Property_to_short_41.java	28
/home/swlab/Documents/swvul/java-vuln-detection/slicing/output/CPG/cwe197_cpg/cwe197-280-cpg-resolved.bin	tc280_flow2	CWE197_Numeric_Truncation_Error__int_Property_to_short_41.java	77	CWE197_Numeric_Truncation_Error__int_Property_to_short_41.java	66
/home/swlab/Documents/swvul/java-vuln-detection/slicing/output/CPG/cwe197_cpg/cwe197-281-cpg-resolved.bin	tc281_flow1	CWE197_Numeric_Truncation_Error__int_Property_to_short_42.java	31	CWE197_Numeric_Truncation_Error__int_Property_to_short_42.java	53
/home/swlab/Documents/swvul/java-vuln-detection/slicing/output/CPG/cwe197_cpg/cwe197-281-cpg-resolved.bin	tc281_flow2	CWE197_Numeric_Truncation_Error__int_Property_to_short_42.java	63	CWE197_Numeric_Truncation_Error__int_Property_to_short_42.java	75
/home/swlab/Documents/swvul/java-vuln-detection/slicing/output/CPG/cwe197_cpg/cwe197-282-cpg-resolved.bin	tc282_flow1	CWE197_Numeric_Truncation_Error__int_Property_to_short_45.java	47	CWE197_Numeric_Truncation_Error__int_Property_to_short_45.java	33
/home/swlab/Documents/swvul/java-vuln-detection/slicing/output/CPG/cwe197_cpg/cwe197-282-cpg-resolved.bin	tc282_flow2	CWE197_Numeric_Truncation_Error__int_Property_to_short_45.java	85	CWE197_Numeric_Truncation_Error__int_Property_to_short_45.java	74
/home/swlab/Documents/swvul/java-vuln-detection/slicing/output/CPG/cwe197_cpg/cwe197-283-cpg-resolved.bin	tc283_flow1	CWE197_Numeric_Truncation_Error__int_Property_to_short_51a.java	31	CWE197_Numeric_Truncation_Error__int_Property_to_short_51b.java	26
/home/swlab/Documents/swvul/java-vuln-detection/slicing/output/CPG/cwe197_cpg/cwe197-283-cpg-resolved.bin	tc283_flow2	CWE197_Numeric_Truncation_Error__int_Property_to_short_51a.java	57	CWE197_Numeric_Truncation_Error__int_Property_to_short_51b.java	37
/home/swlab/Documents/swvul/java-vuln-detection/slicing/output/CPG/cwe197_cpg/cwe197-284-cpg-resolved.bin	tc284_flow1	CWE197_Numeric_Truncation_Error__int_Property_to_short_52a.java	32	CWE197_Numeric_Truncation_Error__int_Property_to_short_52c.java	27
/home/swlab/Documents/swvul/java-vuln-detection/slicing/output/CPG/cwe197_cpg/cwe197-284-cpg-resolved.bin	tc284_flow2	CWE197_Numeric_Truncation_Error__int_Property_to_short_52a.java	58	CWE197_Numeric_Truncation_Error__int_Property_to_short_52c.java	38
/home/swlab/Documents/swvul/java-vuln-detection/slicing/output/CPG/cwe197_cpg/cwe197-285-cpg-resolved.bin	tc285_flow1	CWE197_Numeric_Truncation_Error__int_Property_to_short_53a.java	32	CWE197_Numeric_Truncation_Error__int_Property_to_short_53d.java	27
/home/swlab/Documents/swvul/java-vuln-detection/slicing/output/CPG/cwe197_cpg/cwe197-285-cpg-resolved.bin	tc285_flow2	CWE197_Numeric_Truncation_Error__int_Property_to_short_53a.java	58	CWE197_Numeric_Truncation_Error__int_Property_to_short_53d.java	38
/home/swlab/Documents/swvul/java-vuln-detection/slicing/output/CPG/cwe197_cpg/cwe197-286-cpg-resolved.bin	tc286_flow1	CWE197_Numeric_Truncation_Error__int_Property_to_short_54a.java	32	CWE197_Numeric_Truncation_Error__int_Property_to_short_54e.java	27
/home/swlab/Documents/swvul/java-vuln-detection/slicing/output/CPG/cwe197_cpg/cwe197-286-cpg-resolved.bin	tc286_flow2	CWE197_Numeric_Truncation_Error__int_Property_to_short_54a.java	58	CWE197_Numeric_Truncation_Error__int_Property_to_short_54e.java	38
/home/swlab/Documents/swvul/java-vuln-detection/slicing/output/CPG/cwe197_cpg/cwe197-287-cpg-resolved.bin	tc287_flow1	CWE197_Numeric_Truncation_Error__int_Property_to_short_61b.java	32	CWE197_Numeric_Truncation_Error__int_Property_to_short_61a.java	28
/home/swlab/Documents/swvul/java-vuln-detection/slicing/output/CPG/cwe197_cpg/cwe197-287-cpg-resolved.bin	tc287_flow2	CWE197_Numeric_Truncation_Error__int_Property_to_short_61b.java	53	CWE197_Numeric_Truncation_Error__int_Property_to_short_61a.java	45
/home/swlab/Documents/swvul/java-vuln-detection/slicing/output/CPG/cwe197_cpg/cwe197-288-cpg-resolved.bin	tc288_flow1	CWE197_Numeric_Truncation_Error__int_Property_to_short_66a.java	32	CWE197_Numeric_Truncation_Error__int_Property_to_short_66b.java	28
/home/swlab/Documents/swvul/java-vuln-detection/slicing/output/CPG/cwe197_cpg/cwe197-288-cpg-resolved.bin	tc288_flow2	CWE197_Numeric_Truncation_Error__int_Property_to_short_66a.java	60	CWE197_Numeric_Truncation_Error__int_Property_to_short_66b.java	40
/home/swlab/Documents/swvul/java-vuln-detection/slicing/output/CPG/cwe197_cpg/cwe197-289-cpg-resolved.bin	tc289_flow1	CWE197_Numeric_Truncation_Error__int_Property_to_short_67a.java	37	CWE197_Numeric_Truncation_Error__int_Property_to_short_67b.java	28
/home/swlab/Documents/swvul/java-vuln-detection/slicing/output/CPG/cwe197_cpg/cwe197-289-cpg-resolved.bin	tc289_flow2	CWE197_Numeric_Truncation_Error__int_Property_to_short_67a.java	65	CWE197_Numeric_Truncation_Error__int_Property_to_short_67b.java	40
/home/swlab/Documents/swvul/java-vuln-detection/slicing/output/CPG/cwe197_cpg/cwe197-290-cpg-resolved.bin	tc290_flow1	CWE197_Numeric_Truncation_Error__int_Property_to_short_68a.java	32	CWE197_Numeric_Truncation_Error__int_Property_to_short_68b.java	27
/home/swlab/Documents/swvul/java-vuln-detection/slicing/output/CPG/cwe197_cpg/cwe197-290-cpg-resolved.bin	tc290_flow2	CWE197_Numeric_Truncation_Error__int_Property_to_short_68a.java	57	CWE197_Numeric_Truncation_Error__int_Property_to_short_68b.java	39
/home/swlab/Documents/swvul/java-vuln-detection/slicing/output/CPG/cwe197_cpg/cwe197-291-cpg-resolved.bin	tc291_flow1	CWE197_Numeric_Truncation_Error__int_Property_to_short_71a.java	32	CWE197_Numeric_Truncation_Error__int_Property_to_short_71b.java	28
/home/swlab/Documents/swvul/java-vuln-detection/slicing/output/CPG/cwe197_cpg/cwe197-291-cpg-resolved.bin	tc291_flow2	CWE197_Numeric_Truncation_Error__int_Property_to_short_71a.java	58	CWE197_Numeric_Truncation_Error__int_Property_to_short_71b.java	40
/home/swlab/Documents/swvul/java-vuln-detection/slicing/output/CPG/cwe197_cpg/cwe197-292-cpg-resolved.bin	tc292_flow1	CWE197_Numeric_Truncation_Error__int_Property_to_short_72a.java	33	CWE197_Numeric_Truncation_Error__int_Property_to_short_72b.java	29
/home/swlab/Documents/swvul/java-vuln-detection/slicing/output/CPG/cwe197_cpg/cwe197-292-cpg-resolved.bin	tc292_flow2	CWE197_Numeric_Truncation_Error__int_Property_to_short_72a.java	63	CWE197_Numeric_Truncation_Error__int_Property_to_short_72b.java	41
/home/swlab/Documents/swvul/java-vuln-detection/slicing/output/CPG/cwe197_cpg/cwe197-293-cpg-resolved.bin	tc293_flow1	CWE197_Numeric_Truncation_Error__int_Property_to_short_73a.java	33	CWE197_Numeric_Truncation_Error__int_Property_to_short_73b.java	29
/home/swlab/Documents/swvul/java-vuln-detection/slicing/output/CPG/cwe197_cpg/cwe197-293-cpg-resolved.bin	tc293_flow2	CWE197_Numeric_Truncation_Error__int_Property_to_short_73a.java	63	CWE197_Numeric_Truncation_Error__int_Property_to_short_73b.java	41
/home/swlab/Documents/swvul/java-vuln-detection/slicing/output/CPG/cwe197_cpg/cwe197-294-cpg-resolved.bin	tc294_flow1	CWE197_Numeric_Truncation_Error__int_Property_to_short_74a.java	33	CWE197_Numeric_Truncation_Error__int_Property_to_short_74b.java	29
/home/swlab/Documents/swvul/java-vuln-detection/slicing/output/CPG/cwe197_cpg/cwe197-294-cpg-resolved.bin	tc294_flow2	CWE197_Numeric_Truncation_Error__int_Property_to_short_74a.java	63	CWE197_Numeric_Truncation_Error__int_Property_to_short_74b.java	41
/home/swlab/Documents/swvul/java-vuln-detection/slicing/output/CPG/cwe197_cpg/cwe197-295-cpg-resolved.bin	tc295_flow1	CWE197_Numeric_Truncation_Error__int_Property_to_short_75a.java	36	CWE197_Numeric_Truncation_Error__int_Property_to_short_75b.java	40
/home/swlab/Documents/swvul/java-vuln-detection/slicing/output/CPG/cwe197_cpg/cwe197-295-cpg-resolved.bin	tc295_flow2	CWE197_Numeric_Truncation_Error__int_Property_to_short_75a.java	104	CWE197_Numeric_Truncation_Error__int_Property_to_short_75b.java	96
/home/swlab/Documents/swvul/java-vuln-detection/slicing/output/CPG/cwe197_cpg/cwe197-296-cpg-resolved.bin	tc296_flow1	CWE197_Numeric_Truncation_Error__int_Property_to_short_81a.java	32	CWE197_Numeric_Truncation_Error__int_Property_to_short_81_bad.java	27
/home/swlab/Documents/swvul/java-vuln-detection/slicing/output/CPG/cwe197_cpg/cwe197-296-cpg-resolved.bin	tc296_flow2	CWE197_Numeric_Truncation_Error__int_Property_to_short_81a.java	59	CWE197_Numeric_Truncation_Error__int_Property_to_short_81_goodG2B.java	27
/home/swlab/Documents/swvul/java-vuln-detection/slicing/output/CPG/cwe197_cpg/cwe197-297-cpg-resolved.bin	tc297_flow2	CWE197_Numeric_Truncation_Error__int_URLConnection_to_byte_01.java	115	CWE197_Numeric_Truncation_Error__int_URLConnection_to_byte_01.java	119
/home/swlab/Documents/swvul/java-vuln-detection/slicing/output/CPG/cwe197_cpg/cwe197-298-cpg-resolved.bin	tc298_flow2	CWE197_Numeric_Truncation_Error__int_URLConnection_to_byte_02.java	122	CWE197_Numeric_Truncation_Error__int_URLConnection_to_byte_02.java	128
/home/swlab/Documents/swvul/java-vuln-detection/slicing/output/CPG/cwe197_cpg/cwe197-298-cpg-resolved.bin	tc298_flow3	CWE197_Numeric_Truncation_Error__int_URLConnection_to_byte_02.java	140	CWE197_Numeric_Truncation_Error__int_URLConnection_to_byte_02.java	151
/home/swlab/Documents/swvul/java-vuln-detection/slicing/output/CPG/cwe197_cpg/cwe197-299-cpg-resolved.bin	tc299_flow2	CWE197_Numeric_Truncation_Error__int_URLConnection_to_byte_03.java	122	CWE197_Numeric_Truncation_Error__int_URLConnection_to_byte_03.java	128
/home/swlab/Documents/swvul/java-vuln-detection/slicing/output/CPG/cwe197_cpg/cwe197-299-cpg-resolved.bin	tc299_flow3	CWE197_Numeric_Truncation_Error__int_URLConnection_to_byte_03.java	140	CWE197_Numeric_Truncation_Error__int_URLConnection_to_byte_03.java	151
/home/swlab/Documents/swvul/java-vuln-detection/slicing/output/CPG/cwe197_cpg/cwe197-300-cpg-resolved.bin	tc300_flow2	CWE197_Numeric_Truncation_Error__int_URLConnection_to_byte_04.java	129	CWE197_Numeric_Truncation_Error__int_URLConnection_to_byte_04.java	135
/home/swlab/Documents/swvul/java-vuln-detection/slicing/output/CPG/cwe197_cpg/cwe197-300-cpg-resolved.bin	tc300_flow3	CWE197_Numeric_Truncation_Error__int_URLConnection_to_byte_04.java	147	CWE197_Numeric_Truncation_Error__int_URLConnection_to_byte_04.java	158
/home/swlab/Documents/swvul/java-vuln-detection/slicing/output/CPG/cwe197_cpg/cwe197-301-cpg-resolved.bin	tc301_flow2	CWE197_Numeric_Truncation_Error__int_URLConnection_to_byte_05.java	129	CWE197_Numeric_Truncation_Error__int_URLConnection_to_byte_05.java	135
/home/swlab/Documents/swvul/java-vuln-detection/slicing/output/CPG/cwe197_cpg/cwe197-301-cpg-resolved.bin	tc301_flow3	CWE197_Numeric_Truncation_Error__int_URLConnection_to_byte_05.java	147	CWE197_Numeric_Truncation_Error__int_URLConnection_to_byte_05.java	158
/home/swlab/Documents/swvul/java-vuln-detection/slicing/output/CPG/cwe197_cpg/cwe197-302-cpg-resolved.bin	tc302_flow2	CWE197_Numeric_Truncation_Error__int_URLConnection_to_byte_06.java	128	CWE197_Numeric_Truncation_Error__int_URLConnection_to_byte_06.java	134
/home/swlab/Documents/swvul/java-vuln-detection/slicing/output/CPG/cwe197_cpg/cwe197-302-cpg-resolved.bin	tc302_flow3	CWE197_Numeric_Truncation_Error__int_URLConnection_to_byte_06.java	146	CWE197_Numeric_Truncation_Error__int_URLConnection_to_byte_06.java	157
/home/swlab/Documents/swvul/java-vuln-detection/slicing/output/CPG/cwe197_cpg/cwe197-303-cpg-resolved.bin	tc303_flow2	CWE197_Numeric_Truncation_Error__int_URLConnection_to_byte_07.java	128	CWE197_Numeric_Truncation_Error__int_URLConnection_to_byte_07.java	134
/home/swlab/Documents/swvul/java-vuln-detection/slicing/output/CPG/cwe197_cpg/cwe197-303-cpg-resolved.bin	tc303_flow3	CWE197_Numeric_Truncation_Error__int_URLConnection_to_byte_07.java	146	CWE197_Numeric_Truncation_Error__int_URLConnection_to_byte_07.java	157
/home/swlab/Documents/swvul/java-vuln-detection/slicing/output/CPG/cwe197_cpg/cwe197-304-cpg-resolved.bin	tc304_flow2	CWE197_Numeric_Truncation_Error__int_URLConnection_to_byte_08.java	136	CWE197_Numeric_Truncation_Error__int_URLConnection_to_byte_08.java	142
/home/swlab/Documents/swvul/java-vuln-detection/slicing/output/CPG/cwe197_cpg/cwe197-304-cpg-resolved.bin	tc304_flow3	CWE197_Numeric_Truncation_Error__int_URLConnection_to_byte_08.java	154	CWE197_Numeric_Truncation_Error__int_URLConnection_to_byte_08.java	165
/home/swlab/Documents/swvul/java-vuln-detection/slicing/output/CPG/cwe197_cpg/cwe197-305-cpg-resolved.bin	tc305_flow2	CWE197_Numeric_Truncation_Error__int_URLConnection_to_byte_09.java	122	CWE197_Numeric_Truncation_Error__int_URLConnection_to_byte_09.java	128
/home/swlab/Documents/swvul/java-vuln-detection/slicing/output/CPG/cwe197_cpg/cwe197-305-cpg-resolved.bin	tc305_flow3	CWE197_Numeric_Truncation_Error__int_URLConnection_to_byte_09.java	140	CWE197_Numeric_Truncation_Error__int_URLConnection_to_byte_09.java	151
/home/swlab/Documents/swvul/java-vuln-detection/slicing/output/CPG/cwe197_cpg/cwe197-306-cpg-resolved.bin	tc306_flow2	CWE197_Numeric_Truncation_Error__int_URLConnection_to_byte_10.java	122	CWE197_Numeric_Truncation_Error__int_URLConnection_to_byte_10.java	128
/home/swlab/Documents/swvul/java-vuln-detection/slicing/output/CPG/cwe197_cpg/cwe197-306-cpg-resolved.bin	tc306_flow3	CWE197_Numeric_Truncation_Error__int_URLConnection_to_byte_10.java	140	CWE197_Numeric_Truncation_Error__int_URLConnection_to_byte_10.java	151
/home/swlab/Documents/swvul/java-vuln-detection/slicing/output/CPG/cwe197_cpg/cwe197-307-cpg-resolved.bin	tc307_flow2	CWE197_Numeric_Truncation_Error__int_URLConnection_to_byte_11.java	122	CWE197_Numeric_Truncation_Error__int_URLConnection_to_byte_11.java	128
/home/swlab/Documents/swvul/java-vuln-detection/slicing/output/CPG/cwe197_cpg/cwe197-307-cpg-resolved.bin	tc307_flow3	CWE197_Numeric_Truncation_Error__int_URLConnection_to_byte_11.java	140	CWE197_Numeric_Truncation_Error__int_URLConnection_to_byte_11.java	151
/home/swlab/Documents/swvul/java-vuln-detection/slicing/output/CPG/cwe197_cpg/cwe197-308-cpg-resolved.bin	tc308_flow2	CWE197_Numeric_Truncation_Error__int_URLConnection_to_byte_12.java	117	CWE197_Numeric_Truncation_Error__int_URLConnection_to_byte_12.java	129
/home/swlab/Documents/swvul/java-vuln-detection/slicing/output/CPG/cwe197_cpg/cwe197-309-cpg-resolved.bin	tc309_flow2	CWE197_Numeric_Truncation_Error__int_URLConnection_to_byte_13.java	122	CWE197_Numeric_Truncation_Error__int_URLConnection_to_byte_13.java	128
/home/swlab/Documents/swvul/java-vuln-detection/slicing/output/CPG/cwe197_cpg/cwe197-309-cpg-resolved.bin	tc309_flow3	CWE197_Numeric_Truncation_Error__int_URLConnection_to_byte_13.java	140	CWE197_Numeric_Truncation_Error__int_URLConnection_to_byte_13.java	151
/home/swlab/Documents/swvul/java-vuln-detection/slicing/output/CPG/cwe197_cpg/cwe197-310-cpg-resolved.bin	tc310_flow2	CWE197_Numeric_Truncation_Error__int_URLConnection_to_byte_14.java	122	CWE197_Numeric_Truncation_Error__int_URLConnection_to_byte_14.java	128
/home/swlab/Documents/swvul/java-vuln-detection/slicing/output/CPG/cwe197_cpg/cwe197-310-cpg-resolved.bin	tc310_flow3	CWE197_Numeric_Truncation_Error__int_URLConnection_to_byte_14.java	140	CWE197_Numeric_Truncation_Error__int_URLConnection_to_byte_14.java	151
/home/swlab/Documents/swvul/java-vuln-detection/slicing/output/CPG/cwe197_cpg/cwe197-311-cpg-resolved.bin	tc311_flow2	CWE197_Numeric_Truncation_Error__int_URLConnection_to_byte_15.java	124	CWE197_Numeric_Truncation_Error__int_URLConnection_to_byte_15.java	130
/home/swlab/Documents/swvul/java-vuln-detection/slicing/output/CPG/cwe197_cpg/cwe197-311-cpg-resolved.bin	tc311_flow3	CWE197_Numeric_Truncation_Error__int_URLConnection_to_byte_15.java	144	CWE197_Numeric_Truncation_Error__int_URLConnection_to_byte_15.java	155
/home/swlab/Documents/swvul/java-vuln-detection/slicing/output/CPG/cwe197_cpg/cwe197-312-cpg-resolved.bin	tc312_flow2	CWE197_Numeric_Truncation_Error__int_URLConnection_to_byte_16.java	112	CWE197_Numeric_Truncation_Error__int_URLConnection_to_byte_16.java	118
/home/swlab/Documents/swvul/java-vuln-detection/slicing/output/CPG/cwe197_cpg/cwe197-313-cpg-resolved.bin	tc313_flow2	CWE197_Numeric_Truncation_Error__int_URLConnection_to_byte_17.java	113	CWE197_Numeric_Truncation_Error__int_URLConnection_to_byte_17.java	119
/home/swlab/Documents/swvul/java-vuln-detection/slicing/output/CPG/cwe197_cpg/cwe197-314-cpg-resolved.bin	tc314_flow2	CWE197_Numeric_Truncation_Error__int_URLConnection_to_byte_21.java	161	CWE197_Numeric_Truncation_Error__int_URLConnection_to_byte_21.java	142
/home/swlab/Documents/swvul/java-vuln-detection/slicing/output/CPG/cwe197_cpg/cwe197-314-cpg-resolved.bin	tc314_flow3	CWE197_Numeric_Truncation_Error__int_URLConnection_to_byte_21.java	190	CWE197_Numeric_Truncation_Error__int_URLConnection_to_byte_21.java	178
/home/swlab/Documents/swvul/java-vuln-detection/slicing/output/CPG/cwe197_cpg/cwe197-315-cpg-resolved.bin	tc315_flow2	CWE197_Numeric_Truncation_Error__int_URLConnection_to_byte_22b.java	119	CWE197_Numeric_Truncation_Error__int_URLConnection_to_byte_22a.java	61
/home/swlab/Documents/swvul/java-vuln-detection/slicing/output/CPG/cwe197_cpg/cwe197-315-cpg-resolved.bin	tc315_flow3	CWE197_Numeric_Truncation_Error__int_URLConnection_to_byte_22b.java	134	CWE197_Numeric_Truncation_Error__int_URLConnection_to_byte_22a.java	76
/home/swlab/Documents/swvul/java-vuln-detection/slicing/output/CPG/cwe197_cpg/cwe197-316-cpg-resolved.bin	tc316_flow2	CWE197_Numeric_Truncation_Error__int_URLConnection_to_byte_31.java	126	CWE197_Numeric_Truncation_Error__int_URLConnection_to_byte_31.java	135
/home/swlab/Documents/swvul/java-vuln-detection/slicing/output/CPG/cwe197_cpg/cwe197-317-cpg-resolved.bin	tc317_flow2	CWE197_Numeric_Truncation_Error__int_URLConnection_to_byte_41.java	130	CWE197_Numeric_Truncation_Error__int_URLConnection_to_byte_41.java	119
/home/swlab/Documents/swvul/java-vuln-detection/slicing/output/CPG/cwe197_cpg/cwe197-318-cpg-resolved.bin	tc318_flow2	CWE197_Numeric_Truncation_Error__int_URLConnection_to_byte_42.java	116	CWE197_Numeric_Truncation_Error__int_URLConnection_to_byte_42.java	128
/home/swlab/Documents/swvul/java-vuln-detection/slicing/output/CPG/cwe197_cpg/cwe197-319-cpg-resolved.bin	tc319_flow2	CWE197_Numeric_Truncation_Error__int_URLConnection_to_byte_45.java	138	CWE197_Numeric_Truncation_Error__int_URLConnection_to_byte_45.java	127
/home/swlab/Documents/swvul/java-vuln-detection/slicing/output/CPG/cwe197_cpg/cwe197-320-cpg-resolved.bin	tc320_flow2	CWE197_Numeric_Truncation_Error__int_URLConnection_to_byte_51a.java	110	CWE197_Numeric_Truncation_Error__int_URLConnection_to_byte_51b.java	37
/home/swlab/Documents/swvul/java-vuln-detection/slicing/output/CPG/cwe197_cpg/cwe197-321-cpg-resolved.bin	tc321_flow2	CWE197_Numeric_Truncation_Error__int_URLConnection_to_byte_52a.java	111	CWE197_Numeric_Truncation_Error__int_URLConnection_to_byte_52c.java	38
/home/swlab/Documents/swvul/java-vuln-detection/slicing/output/CPG/cwe197_cpg/cwe197-322-cpg-resolved.bin	tc322_flow2	CWE197_Numeric_Truncation_Error__int_URLConnection_to_byte_53a.java	111	CWE197_Numeric_Truncation_Error__int_URLConnection_to_byte_53d.java	38
/home/swlab/Documents/swvul/java-vuln-detection/slicing/output/CPG/cwe197_cpg/cwe197-323-cpg-resolved.bin	tc323_flow2	CWE197_Numeric_Truncation_Error__int_URLConnection_to_byte_54a.java	111	CWE197_Numeric_Truncation_Error__int_URLConnection_to_byte_54e.java	38
/home/swlab/Documents/swvul/java-vuln-detection/slicing/output/CPG/cwe197_cpg/cwe197-324-cpg-resolved.bin	tc324_flow2	CWE197_Numeric_Truncation_Error__int_URLConnection_to_byte_61b.java	106	CWE197_Numeric_Truncation_Error__int_URLConnection_to_byte_61a.java	45
/home/swlab/Documents/swvul/java-vuln-detection/slicing/output/CPG/cwe197_cpg/cwe197-325-cpg-resolved.bin	tc325_flow2	CWE197_Numeric_Truncation_Error__int_URLConnection_to_byte_66a.java	113	CWE197_Numeric_Truncation_Error__int_URLConnection_to_byte_66b.java	40
/home/swlab/Documents/swvul/java-vuln-detection/slicing/output/CPG/cwe197_cpg/cwe197-326-cpg-resolved.bin	tc326_flow2	CWE197_Numeric_Truncation_Error__int_URLConnection_to_byte_67a.java	118	CWE197_Numeric_Truncation_Error__int_URLConnection_to_byte_67b.java	40
/home/swlab/Documents/swvul/java-vuln-detection/slicing/output/CPG/cwe197_cpg/cwe197-327-cpg-resolved.bin	tc327_flow2	CWE197_Numeric_Truncation_Error__int_URLConnection_to_byte_68a.java	110	CWE197_Numeric_Truncation_Error__int_URLConnection_to_byte_68b.java	39
/home/swlab/Documents/swvul/java-vuln-detection/slicing/output/CPG/cwe197_cpg/cwe197-328-cpg-resolved.bin	tc328_flow2	CWE197_Numeric_Truncation_Error__int_URLConnection_to_byte_71a.java	111	CWE197_Numeric_Truncation_Error__int_URLConnection_to_byte_71b.java	40
/home/swlab/Documents/swvul/java-vuln-detection/slicing/output/CPG/cwe197_cpg/cwe197-329-cpg-resolved.bin	tc329_flow2	CWE197_Numeric_Truncation_Error__int_URLConnection_to_byte_72a.java	116	CWE197_Numeric_Truncation_Error__int_URLConnection_to_byte_72b.java	41
/home/swlab/Documents/swvul/java-vuln-detection/slicing/output/CPG/cwe197_cpg/cwe197-330-cpg-resolved.bin	tc330_flow2	CWE197_Numeric_Truncation_Error__int_URLConnection_to_byte_73a.java	116	CWE197_Numeric_Truncation_Error__int_URLConnection_to_byte_73b.java	41
/home/swlab/Documents/swvul/java-vuln-detection/slicing/output/CPG/cwe197_cpg/cwe197-331-cpg-resolved.bin	tc331_flow2	CWE197_Numeric_Truncation_Error__int_URLConnection_to_byte_74a.java	116	CWE197_Numeric_Truncation_Error__int_URLConnection_to_byte_74b.java	41
/home/swlab/Documents/swvul/java-vuln-detection/slicing/output/CPG/cwe197_cpg/cwe197-332-cpg-resolved.bin	tc332_flow2	CWE197_Numeric_Truncation_Error__int_URLConnection_to_byte_75a.java	156	CWE197_Numeric_Truncation_Error__int_URLConnection_to_byte_75b.java	96
/home/swlab/Documents/swvul/java-vuln-detection/slicing/output/CPG/cwe197_cpg/cwe197-333-cpg-resolved.bin	tc333_flow2	CWE197_Numeric_Truncation_Error__int_URLConnection_to_byte_81a.java	112	CWE197_Numeric_Truncation_Error__int_URLConnection_to_byte_81_goodG2B.java	27
/home/swlab/Documents/swvul/java-vuln-detection/slicing/output/CPG/cwe197_cpg/cwe197-334-cpg-resolved.bin	tc334_flow2	CWE197_Numeric_Truncation_Error__int_URLConnection_to_short_01.java	115	CWE197_Numeric_Truncation_Error__int_URLConnection_to_short_01.java	119
/home/swlab/Documents/swvul/java-vuln-detection/slicing/output/CPG/cwe197_cpg/cwe197-335-cpg-resolved.bin	tc335_flow2	CWE197_Numeric_Truncation_Error__int_URLConnection_to_short_02.java	122	CWE197_Numeric_Truncation_Error__int_URLConnection_to_short_02.java	128
/home/swlab/Documents/swvul/java-vuln-detection/slicing/output/CPG/cwe197_cpg/cwe197-335-cpg-resolved.bin	tc335_flow3	CWE197_Numeric_Truncation_Error__int_URLConnection_to_short_02.java	140	CWE197_Numeric_Truncation_Error__int_URLConnection_to_short_02.java	151
/home/swlab/Documents/swvul/java-vuln-detection/slicing/output/CPG/cwe197_cpg/cwe197-336-cpg-resolved.bin	tc336_flow2	CWE197_Numeric_Truncation_Error__int_URLConnection_to_short_03.java	122	CWE197_Numeric_Truncation_Error__int_URLConnection_to_short_03.java	128
/home/swlab/Documents/swvul/java-vuln-detection/slicing/output/CPG/cwe197_cpg/cwe197-336-cpg-resolved.bin	tc336_flow3	CWE197_Numeric_Truncation_Error__int_URLConnection_to_short_03.java	140	CWE197_Numeric_Truncation_Error__int_URLConnection_to_short_03.java	151
/home/swlab/Documents/swvul/java-vuln-detection/slicing/output/CPG/cwe197_cpg/cwe197-337-cpg-resolved.bin	tc337_flow2	CWE197_Numeric_Truncation_Error__int_URLConnection_to_short_04.java	129	CWE197_Numeric_Truncation_Error__int_URLConnection_to_short_04.java	135
/home/swlab/Documents/swvul/java-vuln-detection/slicing/output/CPG/cwe197_cpg/cwe197-337-cpg-resolved.bin	tc337_flow3	CWE197_Numeric_Truncation_Error__int_URLConnection_to_short_04.java	147	CWE197_Numeric_Truncation_Error__int_URLConnection_to_short_04.java	158
/home/swlab/Documents/swvul/java-vuln-detection/slicing/output/CPG/cwe197_cpg/cwe197-338-cpg-resolved.bin	tc338_flow2	CWE197_Numeric_Truncation_Error__int_URLConnection_to_short_05.java	129	CWE197_Numeric_Truncation_Error__int_URLConnection_to_short_05.java	135
/home/swlab/Documents/swvul/java-vuln-detection/slicing/output/CPG/cwe197_cpg/cwe197-338-cpg-resolved.bin	tc338_flow3	CWE197_Numeric_Truncation_Error__int_URLConnection_to_short_05.java	147	CWE197_Numeric_Truncation_Error__int_URLConnection_to_short_05.java	158
/home/swlab/Documents/swvul/java-vuln-detection/slicing/output/CPG/cwe197_cpg/cwe197-339-cpg-resolved.bin	tc339_flow2	CWE197_Numeric_Truncation_Error__int_URLConnection_to_short_06.java	128	CWE197_Numeric_Truncation_Error__int_URLConnection_to_short_06.java	134
/home/swlab/Documents/swvul/java-vuln-detection/slicing/output/CPG/cwe197_cpg/cwe197-339-cpg-resolved.bin	tc339_flow3	CWE197_Numeric_Truncation_Error__int_URLConnection_to_short_06.java	146	CWE197_Numeric_Truncation_Error__int_URLConnection_to_short_06.java	157
/home/swlab/Documents/swvul/java-vuln-detection/slicing/output/CPG/cwe197_cpg/cwe197-340-cpg-resolved.bin	tc340_flow2	CWE197_Numeric_Truncation_Error__int_URLConnection_to_short_07.java	128	CWE197_Numeric_Truncation_Error__int_URLConnection_to_short_07.java	134
/home/swlab/Documents/swvul/java-vuln-detection/slicing/output/CPG/cwe197_cpg/cwe197-340-cpg-resolved.bin	tc340_flow3	CWE197_Numeric_Truncation_Error__int_URLConnection_to_short_07.java	146	CWE197_Numeric_Truncation_Error__int_URLConnection_to_short_07.java	157
/home/swlab/Documents/swvul/java-vuln-detection/slicing/output/CPG/cwe197_cpg/cwe197-341-cpg-resolved.bin	tc341_flow2	CWE197_Numeric_Truncation_Error__int_URLConnection_to_short_08.java	136	CWE197_Numeric_Truncation_Error__int_URLConnection_to_short_08.java	142
/home/swlab/Documents/swvul/java-vuln-detection/slicing/output/CPG/cwe197_cpg/cwe197-341-cpg-resolved.bin	tc341_flow3	CWE197_Numeric_Truncation_Error__int_URLConnection_to_short_08.java	154	CWE197_Numeric_Truncation_Error__int_URLConnection_to_short_08.java	165
/home/swlab/Documents/swvul/java-vuln-detection/slicing/output/CPG/cwe197_cpg/cwe197-342-cpg-resolved.bin	tc342_flow2	CWE197_Numeric_Truncation_Error__int_URLConnection_to_short_09.java	122	CWE197_Numeric_Truncation_Error__int_URLConnection_to_short_09.java	128
/home/swlab/Documents/swvul/java-vuln-detection/slicing/output/CPG/cwe197_cpg/cwe197-342-cpg-resolved.bin	tc342_flow3	CWE197_Numeric_Truncation_Error__int_URLConnection_to_short_09.java	140	CWE197_Numeric_Truncation_Error__int_URLConnection_to_short_09.java	151
/home/swlab/Documents/swvul/java-vuln-detection/slicing/output/CPG/cwe197_cpg/cwe197-343-cpg-resolved.bin	tc343_flow2	CWE197_Numeric_Truncation_Error__int_URLConnection_to_short_10.java	122	CWE197_Numeric_Truncation_Error__int_URLConnection_to_short_10.java	128
/home/swlab/Documents/swvul/java-vuln-detection/slicing/output/CPG/cwe197_cpg/cwe197-343-cpg-resolved.bin	tc343_flow3	CWE197_Numeric_Truncation_Error__int_URLConnection_to_short_10.java	140	CWE197_Numeric_Truncation_Error__int_URLConnection_to_short_10.java	151
/home/swlab/Documents/swvul/java-vuln-detection/slicing/output/CPG/cwe197_cpg/cwe197-344-cpg-resolved.bin	tc344_flow2	CWE197_Numeric_Truncation_Error__int_URLConnection_to_short_11.java	122	CWE197_Numeric_Truncation_Error__int_URLConnection_to_short_11.java	128
/home/swlab/Documents/swvul/java-vuln-detection/slicing/output/CPG/cwe197_cpg/cwe197-344-cpg-resolved.bin	tc344_flow3	CWE197_Numeric_Truncation_Error__int_URLConnection_to_short_11.java	140	CWE197_Numeric_Truncation_Error__int_URLConnection_to_short_11.java	151
/home/swlab/Documents/swvul/java-vuln-detection/slicing/output/CPG/cwe197_cpg/cwe197-345-cpg-resolved.bin	tc345_flow2	CWE197_Numeric_Truncation_Error__int_URLConnection_to_short_12.java	117	CWE197_Numeric_Truncation_Error__int_URLConnection_to_short_12.java	129
/home/swlab/Documents/swvul/java-vuln-detection/slicing/output/CPG/cwe197_cpg/cwe197-346-cpg-resolved.bin	tc346_flow2	CWE197_Numeric_Truncation_Error__int_URLConnection_to_short_13.java	122	CWE197_Numeric_Truncation_Error__int_URLConnection_to_short_13.java	128
/home/swlab/Documents/swvul/java-vuln-detection/slicing/output/CPG/cwe197_cpg/cwe197-346-cpg-resolved.bin	tc346_flow3	CWE197_Numeric_Truncation_Error__int_URLConnection_to_short_13.java	140	CWE197_Numeric_Truncation_Error__int_URLConnection_to_short_13.java	151
/home/swlab/Documents/swvul/java-vuln-detection/slicing/output/CPG/cwe197_cpg/cwe197-347-cpg-resolved.bin	tc347_flow2	CWE197_Numeric_Truncation_Error__int_URLConnection_to_short_14.java	122	CWE197_Numeric_Truncation_Error__int_URLConnection_to_short_14.java	128
/home/swlab/Documents/swvul/java-vuln-detection/slicing/output/CPG/cwe197_cpg/cwe197-347-cpg-resolved.bin	tc347_flow3	CWE197_Numeric_Truncation_Error__int_URLConnection_to_short_14.java	140	CWE197_Numeric_Truncation_Error__int_URLConnection_to_short_14.java	151
/home/swlab/Documents/swvul/java-vuln-detection/slicing/output/CPG/cwe197_cpg/cwe197-348-cpg-resolved.bin	tc348_flow2	CWE197_Numeric_Truncation_Error__int_URLConnection_to_short_15.java	124	CWE197_Numeric_Truncation_Error__int_URLConnection_to_short_15.java	130
/home/swlab/Documents/swvul/java-vuln-detection/slicing/output/CPG/cwe197_cpg/cwe197-348-cpg-resolved.bin	tc348_flow3	CWE197_Numeric_Truncation_Error__int_URLConnection_to_short_15.java	144	CWE197_Numeric_Truncation_Error__int_URLConnection_to_short_15.java	155
/home/swlab/Documents/swvul/java-vuln-detection/slicing/output/CPG/cwe197_cpg/cwe197-349-cpg-resolved.bin	tc349_flow2	CWE197_Numeric_Truncation_Error__int_URLConnection_to_short_16.java	112	CWE197_Numeric_Truncation_Error__int_URLConnection_to_short_16.java	118
/home/swlab/Documents/swvul/java-vuln-detection/slicing/output/CPG/cwe197_cpg/cwe197-350-cpg-resolved.bin	tc350_flow2	CWE197_Numeric_Truncation_Error__int_URLConnection_to_short_17.java	113	CWE197_Numeric_Truncation_Error__int_URLConnection_to_short_17.java	119
/home/swlab/Documents/swvul/java-vuln-detection/slicing/output/CPG/cwe197_cpg/cwe197-351-cpg-resolved.bin	tc351_flow2	CWE197_Numeric_Truncation_Error__int_URLConnection_to_short_21.java	161	CWE197_Numeric_Truncation_Error__int_URLConnection_to_short_21.java	142
/home/swlab/Documents/swvul/java-vuln-detection/slicing/output/CPG/cwe197_cpg/cwe197-351-cpg-resolved.bin	tc351_flow3	CWE197_Numeric_Truncation_Error__int_URLConnection_to_short_21.java	190	CWE197_Numeric_Truncation_Error__int_URLConnection_to_short_21.java	178
/home/swlab/Documents/swvul/java-vuln-detection/slicing/output/CPG/cwe197_cpg/cwe197-352-cpg-resolved.bin	tc352_flow2	CWE197_Numeric_Truncation_Error__int_URLConnection_to_short_22b.java	119	CWE197_Numeric_Truncation_Error__int_URLConnection_to_short_22a.java	61
/home/swlab/Documents/swvul/java-vuln-detection/slicing/output/CPG/cwe197_cpg/cwe197-352-cpg-resolved.bin	tc352_flow3	CWE197_Numeric_Truncation_Error__int_URLConnection_to_short_22b.java	134	CWE197_Numeric_Truncation_Error__int_URLConnection_to_short_22a.java	76
/home/swlab/Documents/swvul/java-vuln-detection/slicing/output/CPG/cwe197_cpg/cwe197-353-cpg-resolved.bin	tc353_flow2	CWE197_Numeric_Truncation_Error__int_URLConnection_to_short_31.java	126	CWE197_Numeric_Truncation_Error__int_URLConnection_to_short_31.java	135
/home/swlab/Documents/swvul/java-vuln-detection/slicing/output/CPG/cwe197_cpg/cwe197-354-cpg-resolved.bin	tc354_flow2	CWE197_Numeric_Truncation_Error__int_URLConnection_to_short_41.java	130	CWE197_Numeric_Truncation_Error__int_URLConnection_to_short_41.java	119
/home/swlab/Documents/swvul/java-vuln-detection/slicing/output/CPG/cwe197_cpg/cwe197-355-cpg-resolved.bin	tc355_flow2	CWE197_Numeric_Truncation_Error__int_URLConnection_to_short_42.java	116	CWE197_Numeric_Truncation_Error__int_URLConnection_to_short_42.java	128
/home/swlab/Documents/swvul/java-vuln-detection/slicing/output/CPG/cwe197_cpg/cwe197-356-cpg-resolved.bin	tc356_flow2	CWE197_Numeric_Truncation_Error__int_URLConnection_to_short_45.java	138	CWE197_Numeric_Truncation_Error__int_URLConnection_to_short_45.java	127
/home/swlab/Documents/swvul/java-vuln-detection/slicing/output/CPG/cwe197_cpg/cwe197-357-cpg-resolved.bin	tc357_flow2	CWE197_Numeric_Truncation_Error__int_URLConnection_to_short_51a.java	110	CWE197_Numeric_Truncation_Error__int_URLConnection_to_short_51b.java	37
/home/swlab/Documents/swvul/java-vuln-detection/slicing/output/CPG/cwe197_cpg/cwe197-358-cpg-resolved.bin	tc358_flow2	CWE197_Numeric_Truncation_Error__int_URLConnection_to_short_52a.java	111	CWE197_Numeric_Truncation_Error__int_URLConnection_to_short_52c.java	38
/home/swlab/Documents/swvul/java-vuln-detection/slicing/output/CPG/cwe197_cpg/cwe197-359-cpg-resolved.bin	tc359_flow2	CWE197_Numeric_Truncation_Error__int_URLConnection_to_short_53a.java	111	CWE197_Numeric_Truncation_Error__int_URLConnection_to_short_53d.java	38
/home/swlab/Documents/swvul/java-vuln-detection/slicing/output/CPG/cwe197_cpg/cwe197-360-cpg-resolved.bin	tc360_flow2	CWE197_Numeric_Truncation_Error__int_URLConnection_to_short_54a.java	111	CWE197_Numeric_Truncation_Error__int_URLConnection_to_short_54e.java	38
/home/swlab/Documents/swvul/java-vuln-detection/slicing/output/CPG/cwe197_cpg/cwe197-361-cpg-resolved.bin	tc361_flow2	CWE197_Numeric_Truncation_Error__int_URLConnection_to_short_61b.java	106	CWE197_Numeric_Truncation_Error__int_URLConnection_to_short_61a.java	45
/home/swlab/Documents/swvul/java-vuln-detection/slicing/output/CPG/cwe197_cpg/cwe197-362-cpg-resolved.bin	tc362_flow2	CWE197_Numeric_Truncation_Error__int_URLConnection_to_short_66a.java	113	CWE197_Numeric_Truncation_Error__int_URLConnection_to_short_66b.java	40
/home/swlab/Documents/swvul/java-vuln-detection/slicing/output/CPG/cwe197_cpg/cwe197-363-cpg-resolved.bin	tc363_flow2	CWE197_Numeric_Truncation_Error__int_URLConnection_to_short_67a.java	118	CWE197_Numeric_Truncation_Error__int_URLConnection_to_short_67b.java	40
/home/swlab/Documents/swvul/java-vuln-detection/slicing/output/CPG/cwe197_cpg/cwe197-364-cpg-resolved.bin	tc364_flow2	CWE197_Numeric_Truncation_Error__int_URLConnection_to_short_68a.java	110	CWE197_Numeric_Truncation_Error__int_URLConnection_to_short_68b.java	39
/home/swlab/Documents/swvul/java-vuln-detection/slicing/output/CPG/cwe197_cpg/cwe197-365-cpg-resolved.bin	tc365_flow2	CWE197_Numeric_Truncation_Error__int_URLConnection_to_short_71a.java	111	CWE197_Numeric_Truncation_Error__int_URLConnection_to_short_71b.java	40
/home/swlab/Documents/swvul/java-vuln-detection/slicing/output/CPG/cwe197_cpg/cwe197-366-cpg-resolved.bin	tc366_flow2	CWE197_Numeric_Truncation_Error__int_URLConnection_to_short_72a.java	116	CWE197_Numeric_Truncation_Error__int_URLConnection_to_short_72b.java	41
/home/swlab/Documents/swvul/java-vuln-detection/slicing/output/CPG/cwe197_cpg/cwe197-367-cpg-resolved.bin	tc367_flow2	CWE197_Numeric_Truncation_Error__int_URLConnection_to_short_73a.java	116	CWE197_Numeric_Truncation_Error__int_URLConnection_to_short_73b.java	41
/home/swlab/Documents/swvul/java-vuln-detection/slicing/output/CPG/cwe197_cpg/cwe197-368-cpg-resolved.bin	tc368_flow2	CWE197_Numeric_Truncation_Error__int_URLConnection_to_short_74a.java	116	CWE197_Numeric_Truncation_Error__int_URLConnection_to_short_74b.java	41
/home/swlab/Documents/swvul/java-vuln-detection/slicing/output/CPG/cwe197_cpg/cwe197-369-cpg-resolved.bin	tc369_flow2	CWE197_Numeric_Truncation_Error__int_URLConnection_to_short_75a.java	156	CWE197_Numeric_Truncation_Error__int_URLConnection_to_short_75b.java	96
/home/swlab/Documents/swvul/java-vuln-detection/slicing/output/CPG/cwe197_cpg/cwe197-370-cpg-resolved.bin	tc370_flow2	CWE197_Numeric_Truncation_Error__int_URLConnection_to_short_81a.java	112	CWE197_Numeric_Truncation_Error__int_URLConnection_to_short_81_goodG2B.java	27
/home/swlab/Documents/swvul/java-vuln-detection/slicing/output/CPG/cwe197_cpg/cwe197-371-cpg-resolved.bin	tc371_flow1	CWE197_Numeric_Truncation_Error__int_connect_tcp_to_byte_01.java	52	CWE197_Numeric_Truncation_Error__int_connect_tcp_to_byte_01.java	113
/home/swlab/Documents/swvul/java-vuln-detection/slicing/output/CPG/cwe197_cpg/cwe197-371-cpg-resolved.bin	tc371_flow2	CWE197_Numeric_Truncation_Error__int_connect_tcp_to_byte_01.java	129	CWE197_Numeric_Truncation_Error__int_connect_tcp_to_byte_01.java	133
/home/swlab/Documents/swvul/java-vuln-detection/slicing/output/CPG/cwe197_cpg/cwe197-372-cpg-resolved.bin	tc372_flow1	CWE197_Numeric_Truncation_Error__int_connect_tcp_to_byte_02.java	48	CWE197_Numeric_Truncation_Error__int_connect_tcp_to_byte_02.java	116
/home/swlab/Documents/swvul/java-vuln-detection/slicing/output/CPG/cwe197_cpg/cwe197-372-cpg-resolved.bin	tc372_flow2	CWE197_Numeric_Truncation_Error__int_connect_tcp_to_byte_02.java	135	CWE197_Numeric_Truncation_Error__int_connect_tcp_to_byte_02.java	141
/home/swlab/Documents/swvul/java-vuln-detection/slicing/output/CPG/cwe197_cpg/cwe197-372-cpg-resolved.bin	tc372_flow3	CWE197_Numeric_Truncation_Error__int_connect_tcp_to_byte_02.java	153	CWE197_Numeric_Truncation_Error__int_connect_tcp_to_byte_02.java	164
/home/swlab/Documents/swvul/java-vuln-detection/slicing/output/CPG/cwe197_cpg/cwe197-373-cpg-resolved.bin	tc373_flow1	CWE197_Numeric_Truncation_Error__int_connect_tcp_to_byte_03.java	48	CWE197_Numeric_Truncation_Error__int_connect_tcp_to_byte_03.java	116
/home/swlab/Documents/swvul/java-vuln-detection/slicing/output/CPG/cwe197_cpg/cwe197-373-cpg-resolved.bin	tc373_flow2	CWE197_Numeric_Truncation_Error__int_connect_tcp_to_byte_03.java	135	CWE197_Numeric_Truncation_Error__int_connect_tcp_to_byte_03.java	141
/home/swlab/Documents/swvul/java-vuln-detection/slicing/output/CPG/cwe197_cpg/cwe197-373-cpg-resolved.bin	tc373_flow3	CWE197_Numeric_Truncation_Error__int_connect_tcp_to_byte_03.java	153	CWE197_Numeric_Truncation_Error__int_connect_tcp_to_byte_03.java	164
/home/swlab/Documents/swvul/java-vuln-detection/slicing/output/CPG/cwe197_cpg/cwe197-374-cpg-resolved.bin	tc374_flow1	CWE197_Numeric_Truncation_Error__int_connect_tcp_to_byte_04.java	55	CWE197_Numeric_Truncation_Error__int_connect_tcp_to_byte_04.java	123
/home/swlab/Documents/swvul/java-vuln-detection/slicing/output/CPG/cwe197_cpg/cwe197-374-cpg-resolved.bin	tc374_flow2	CWE197_Numeric_Truncation_Error__int_connect_tcp_to_byte_04.java	142	CWE197_Numeric_Truncation_Error__int_connect_tcp_to_byte_04.java	148
/home/swlab/Documents/swvul/java-vuln-detection/slicing/output/CPG/cwe197_cpg/cwe197-374-cpg-resolved.bin	tc374_flow3	CWE197_Numeric_Truncation_Error__int_connect_tcp_to_byte_04.java	160	CWE197_Numeric_Truncation_Error__int_connect_tcp_to_byte_04.java	171
/home/swlab/Documents/swvul/java-vuln-detection/slicing/output/CPG/cwe197_cpg/cwe197-375-cpg-resolved.bin	tc375_flow1	CWE197_Numeric_Truncation_Error__int_connect_tcp_to_byte_05.java	55	CWE197_Numeric_Truncation_Error__int_connect_tcp_to_byte_05.java	123
/home/swlab/Documents/swvul/java-vuln-detection/slicing/output/CPG/cwe197_cpg/cwe197-375-cpg-resolved.bin	tc375_flow2	CWE197_Numeric_Truncation_Error__int_connect_tcp_to_byte_05.java	142	CWE197_Numeric_Truncation_Error__int_connect_tcp_to_byte_05.java	148
/home/swlab/Documents/swvul/java-vuln-detection/slicing/output/CPG/cwe197_cpg/cwe197-375-cpg-resolved.bin	tc375_flow3	CWE197_Numeric_Truncation_Error__int_connect_tcp_to_byte_05.java	160	CWE197_Numeric_Truncation_Error__int_connect_tcp_to_byte_05.java	171
/home/swlab/Documents/swvul/java-vuln-detection/slicing/output/CPG/cwe197_cpg/cwe197-376-cpg-resolved.bin	tc376_flow1	CWE197_Numeric_Truncation_Error__int_connect_tcp_to_byte_06.java	54	CWE197_Numeric_Truncation_Error__int_connect_tcp_to_byte_06.java	122
/home/swlab/Documents/swvul/java-vuln-detection/slicing/output/CPG/cwe197_cpg/cwe197-376-cpg-resolved.bin	tc376_flow2	CWE197_Numeric_Truncation_Error__int_connect_tcp_to_byte_06.java	141	CWE197_Numeric_Truncation_Error__int_connect_tcp_to_byte_06.java	147
/home/swlab/Documents/swvul/java-vuln-detection/slicing/output/CPG/cwe197_cpg/cwe197-376-cpg-resolved.bin	tc376_flow3	CWE197_Numeric_Truncation_Error__int_connect_tcp_to_byte_06.java	159	CWE197_Numeric_Truncation_Error__int_connect_tcp_to_byte_06.java	170
/home/swlab/Documents/swvul/java-vuln-detection/slicing/output/CPG/cwe197_cpg/cwe197-377-cpg-resolved.bin	tc377_flow1	CWE197_Numeric_Truncation_Error__int_connect_tcp_to_byte_07.java	54	CWE197_Numeric_Truncation_Error__int_connect_tcp_to_byte_07.java	122
/home/swlab/Documents/swvul/java-vuln-detection/slicing/output/CPG/cwe197_cpg/cwe197-377-cpg-resolved.bin	tc377_flow2	CWE197_Numeric_Truncation_Error__int_connect_tcp_to_byte_07.java	141	CWE197_Numeric_Truncation_Error__int_connect_tcp_to_byte_07.java	147
/home/swlab/Documents/swvul/java-vuln-detection/slicing/output/CPG/cwe197_cpg/cwe197-377-cpg-resolved.bin	tc377_flow3	CWE197_Numeric_Truncation_Error__int_connect_tcp_to_byte_07.java	159	CWE197_Numeric_Truncation_Error__int_connect_tcp_to_byte_07.java	170
/home/swlab/Documents/swvul/java-vuln-detection/slicing/output/CPG/cwe197_cpg/cwe197-378-cpg-resolved.bin	tc378_flow1	CWE197_Numeric_Truncation_Error__int_connect_tcp_to_byte_08.java	62	CWE197_Numeric_Truncation_Error__int_connect_tcp_to_byte_08.java	130
/home/swlab/Documents/swvul/java-vuln-detection/slicing/output/CPG/cwe197_cpg/cwe197-378-cpg-resolved.bin	tc378_flow2	CWE197_Numeric_Truncation_Error__int_connect_tcp_to_byte_08.java	149	CWE197_Numeric_Truncation_Error__int_connect_tcp_to_byte_08.java	155
/home/swlab/Documents/swvul/java-vuln-detection/slicing/output/CPG/cwe197_cpg/cwe197-378-cpg-resolved.bin	tc378_flow3	CWE197_Numeric_Truncation_Error__int_connect_tcp_to_byte_08.java	167	CWE197_Numeric_Truncation_Error__int_connect_tcp_to_byte_08.java	178
/home/swlab/Documents/swvul/java-vuln-detection/slicing/output/CPG/cwe197_cpg/cwe197-379-cpg-resolved.bin	tc379_flow1	CWE197_Numeric_Truncation_Error__int_connect_tcp_to_byte_09.java	48	CWE197_Numeric_Truncation_Error__int_connect_tcp_to_byte_09.java	116
/home/swlab/Documents/swvul/java-vuln-detection/slicing/output/CPG/cwe197_cpg/cwe197-379-cpg-resolved.bin	tc379_flow2	CWE197_Numeric_Truncation_Error__int_connect_tcp_to_byte_09.java	135	CWE197_Numeric_Truncation_Error__int_connect_tcp_to_byte_09.java	141
/home/swlab/Documents/swvul/java-vuln-detection/slicing/output/CPG/cwe197_cpg/cwe197-379-cpg-resolved.bin	tc379_flow3	CWE197_Numeric_Truncation_Error__int_connect_tcp_to_byte_09.java	153	CWE197_Numeric_Truncation_Error__int_connect_tcp_to_byte_09.java	164
/home/swlab/Documents/swvul/java-vuln-detection/slicing/output/CPG/cwe197_cpg/cwe197-380-cpg-resolved.bin	tc380_flow1	CWE197_Numeric_Truncation_Error__int_connect_tcp_to_byte_10.java	48	CWE197_Numeric_Truncation_Error__int_connect_tcp_to_byte_10.java	116
/home/swlab/Documents/swvul/java-vuln-detection/slicing/output/CPG/cwe197_cpg/cwe197-380-cpg-resolved.bin	tc380_flow2	CWE197_Numeric_Truncation_Error__int_connect_tcp_to_byte_10.java	135	CWE197_Numeric_Truncation_Error__int_connect_tcp_to_byte_10.java	141
/home/swlab/Documents/swvul/java-vuln-detection/slicing/output/CPG/cwe197_cpg/cwe197-380-cpg-resolved.bin	tc380_flow3	CWE197_Numeric_Truncation_Error__int_connect_tcp_to_byte_10.java	153	CWE197_Numeric_Truncation_Error__int_connect_tcp_to_byte_10.java	164
/home/swlab/Documents/swvul/java-vuln-detection/slicing/output/CPG/cwe197_cpg/cwe197-381-cpg-resolved.bin	tc381_flow1	CWE197_Numeric_Truncation_Error__int_connect_tcp_to_byte_11.java	48	CWE197_Numeric_Truncation_Error__int_connect_tcp_to_byte_11.java	116
/home/swlab/Documents/swvul/java-vuln-detection/slicing/output/CPG/cwe197_cpg/cwe197-381-cpg-resolved.bin	tc381_flow2	CWE197_Numeric_Truncation_Error__int_connect_tcp_to_byte_11.java	135	CWE197_Numeric_Truncation_Error__int_connect_tcp_to_byte_11.java	141
/home/swlab/Documents/swvul/java-vuln-detection/slicing/output/CPG/cwe197_cpg/cwe197-381-cpg-resolved.bin	tc381_flow3	CWE197_Numeric_Truncation_Error__int_connect_tcp_to_byte_11.java	153	CWE197_Numeric_Truncation_Error__int_connect_tcp_to_byte_11.java	164
/home/swlab/Documents/swvul/java-vuln-detection/slicing/output/CPG/cwe197_cpg/cwe197-382-cpg-resolved.bin	tc382_flow1	CWE197_Numeric_Truncation_Error__int_connect_tcp_to_byte_12.java	48	CWE197_Numeric_Truncation_Error__int_connect_tcp_to_byte_12.java	117
/home/swlab/Documents/swvul/java-vuln-detection/slicing/output/CPG/cwe197_cpg/cwe197-382-cpg-resolved.bin	tc382_flow2	CWE197_Numeric_Truncation_Error__int_connect_tcp_to_byte_12.java	130	CWE197_Numeric_Truncation_Error__int_connect_tcp_to_byte_12.java	142
/home/swlab/Documents/swvul/java-vuln-detection/slicing/output/CPG/cwe197_cpg/cwe197-383-cpg-resolved.bin	tc383_flow1	CWE197_Numeric_Truncation_Error__int_connect_tcp_to_byte_13.java	48	CWE197_Numeric_Truncation_Error__int_connect_tcp_to_byte_13.java	116
/home/swlab/Documents/swvul/java-vuln-detection/slicing/output/CPG/cwe197_cpg/cwe197-383-cpg-resolved.bin	tc383_flow2	CWE197_Numeric_Truncation_Error__int_connect_tcp_to_byte_13.java	135	CWE197_Numeric_Truncation_Error__int_connect_tcp_to_byte_13.java	141
/home/swlab/Documents/swvul/java-vuln-detection/slicing/output/CPG/cwe197_cpg/cwe197-383-cpg-resolved.bin	tc383_flow3	CWE197_Numeric_Truncation_Error__int_connect_tcp_to_byte_13.java	153	CWE197_Numeric_Truncation_Error__int_connect_tcp_to_byte_13.java	164
/home/swlab/Documents/swvul/java-vuln-detection/slicing/output/CPG/cwe197_cpg/cwe197-384-cpg-resolved.bin	tc384_flow1	CWE197_Numeric_Truncation_Error__int_connect_tcp_to_byte_14.java	48	CWE197_Numeric_Truncation_Error__int_connect_tcp_to_byte_14.java	116
/home/swlab/Documents/swvul/java-vuln-detection/slicing/output/CPG/cwe197_cpg/cwe197-384-cpg-resolved.bin	tc384_flow2	CWE197_Numeric_Truncation_Error__int_connect_tcp_to_byte_14.java	135	CWE197_Numeric_Truncation_Error__int_connect_tcp_to_byte_14.java	141
/home/swlab/Documents/swvul/java-vuln-detection/slicing/output/CPG/cwe197_cpg/cwe197-384-cpg-resolved.bin	tc384_flow3	CWE197_Numeric_Truncation_Error__int_connect_tcp_to_byte_14.java	153	CWE197_Numeric_Truncation_Error__int_connect_tcp_to_byte_14.java	164
/home/swlab/Documents/swvul/java-vuln-detection/slicing/output/CPG/cwe197_cpg/cwe197-385-cpg-resolved.bin	tc385_flow1	CWE197_Numeric_Truncation_Error__int_connect_tcp_to_byte_15.java	50	CWE197_Numeric_Truncation_Error__int_connect_tcp_to_byte_15.java	118
/home/swlab/Documents/swvul/java-vuln-detection/slicing/output/CPG/cwe197_cpg/cwe197-385-cpg-resolved.bin	tc385_flow2	CWE197_Numeric_Truncation_Error__int_connect_tcp_to_byte_15.java	137	CWE197_Numeric_Truncation_Error__int_connect_tcp_to_byte_15.java	143
/home/swlab/Documents/swvul/java-vuln-detection/slicing/output/CPG/cwe197_cpg/cwe197-385-cpg-resolved.bin	tc385_flow3	CWE197_Numeric_Truncation_Error__int_connect_tcp_to_byte_15.java	157	CWE197_Numeric_Truncation_Error__int_connect_tcp_to_byte_15.java	168
/home/swlab/Documents/swvul/java-vuln-detection/slicing/output/CPG/cwe197_cpg/cwe197-386-cpg-resolved.bin	tc386_flow1	CWE197_Numeric_Truncation_Error__int_connect_tcp_to_byte_16.java	49	CWE197_Numeric_Truncation_Error__int_connect_tcp_to_byte_16.java	112
/home/swlab/Documents/swvul/java-vuln-detection/slicing/output/CPG/cwe197_cpg/cwe197-386-cpg-resolved.bin	tc386_flow2	CWE197_Numeric_Truncation_Error__int_connect_tcp_to_byte_16.java	125	CWE197_Numeric_Truncation_Error__int_connect_tcp_to_byte_16.java	131
/home/swlab/Documents/swvul/java-vuln-detection/slicing/output/CPG/cwe197_cpg/cwe197-387-cpg-resolved.bin	tc387_flow1	CWE197_Numeric_Truncation_Error__int_connect_tcp_to_byte_17.java	52	CWE197_Numeric_Truncation_Error__int_connect_tcp_to_byte_17.java	115
/home/swlab/Documents/swvul/java-vuln-detection/slicing/output/CPG/cwe197_cpg/cwe197-387-cpg-resolved.bin	tc387_flow2	CWE197_Numeric_Truncation_Error__int_connect_tcp_to_byte_17.java	127	CWE197_Numeric_Truncation_Error__int_connect_tcp_to_byte_17.java	133
/home/swlab/Documents/swvul/java-vuln-detection/slicing/output/CPG/cwe197_cpg/cwe197-388-cpg-resolved.bin	tc388_flow1	CWE197_Numeric_Truncation_Error__int_connect_tcp_to_byte_21.java	66	CWE197_Numeric_Truncation_Error__int_connect_tcp_to_byte_21.java	41
/home/swlab/Documents/swvul/java-vuln-detection/slicing/output/CPG/cwe197_cpg/cwe197-388-cpg-resolved.bin	tc388_flow2	CWE197_Numeric_Truncation_Error__int_connect_tcp_to_byte_21.java	174	CWE197_Numeric_Truncation_Error__int_connect_tcp_to_byte_21.java	155
/home/swlab/Documents/swvul/java-vuln-detection/slicing/output/CPG/cwe197_cpg/cwe197-388-cpg-resolved.bin	tc388_flow3	CWE197_Numeric_Truncation_Error__int_connect_tcp_to_byte_21.java	203	CWE197_Numeric_Truncation_Error__int_connect_tcp_to_byte_21.java	191
/home/swlab/Documents/swvul/java-vuln-detection/slicing/output/CPG/cwe197_cpg/cwe197-389-cpg-resolved.bin	tc389_flow1	CWE197_Numeric_Truncation_Error__int_connect_tcp_to_byte_22b.java	49	CWE197_Numeric_Truncation_Error__int_connect_tcp_to_byte_22a.java	35
/home/swlab/Documents/swvul/java-vuln-detection/slicing/output/CPG/cwe197_cpg/cwe197-389-cpg-resolved.bin	tc389_flow2	CWE197_Numeric_Truncation_Error__int_connect_tcp_to_byte_22b.java	132	CWE197_Numeric_Truncation_Error__int_connect_tcp_to_byte_22a.java	61
/home/swlab/Documents/swvul/java-vuln-detection/slicing/output/CPG/cwe197_cpg/cwe197-389-cpg-resolved.bin	tc389_flow3	CWE197_Numeric_Truncation_Error__int_connect_tcp_to_byte_22b.java	147	CWE197_Numeric_Truncation_Error__int_connect_tcp_to_byte_22a.java	76
/home/swlab/Documents/swvul/java-vuln-detection/slicing/output/CPG/cwe197_cpg/cwe197-390-cpg-resolved.bin	tc390_flow1	CWE197_Numeric_Truncation_Error__int_connect_tcp_to_byte_31.java	55	CWE197_Numeric_Truncation_Error__int_connect_tcp_to_byte_31.java	121
/home/swlab/Documents/swvul/java-vuln-detection/slicing/output/CPG/cwe197_cpg/cwe197-390-cpg-resolved.bin	tc390_flow2	CWE197_Numeric_Truncation_Error__int_connect_tcp_to_byte_31.java	140	CWE197_Numeric_Truncation_Error__int_connect_tcp_to_byte_31.java	149
/home/swlab/Documents/swvul/java-vuln-detection/slicing/output/CPG/cwe197_cpg/cwe197-391-cpg-resolved.bin	tc391_flow1	CWE197_Numeric_Truncation_Error__int_connect_tcp_to_byte_41.java	61	CWE197_Numeric_Truncation_Error__int_connect_tcp_to_byte_41.java	33
/home/swlab/Documents/swvul/java-vuln-detection/slicing/output/CPG/cwe197_cpg/cwe197-391-cpg-resolved.bin	tc391_flow2	CWE197_Numeric_Truncation_Error__int_connect_tcp_to_byte_41.java	144	CWE197_Numeric_Truncation_Error__int_connect_tcp_to_byte_41.java	133
/home/swlab/Documents/swvul/java-vuln-detection/slicing/output/CPG/cwe197_cpg/cwe197-392-cpg-resolved.bin	tc392_flow1	CWE197_Numeric_Truncation_Error__int_connect_tcp_to_byte_42.java	51	CWE197_Numeric_Truncation_Error__int_connect_tcp_to_byte_42.java	120
/home/swlab/Documents/swvul/java-vuln-detection/slicing/output/CPG/cwe197_cpg/cwe197-392-cpg-resolved.bin	tc392_flow2	CWE197_Numeric_Truncation_Error__int_connect_tcp_to_byte_42.java	130	CWE197_Numeric_Truncation_Error__int_connect_tcp_to_byte_42.java	142
/home/swlab/Documents/swvul/java-vuln-detection/slicing/output/CPG/cwe197_cpg/cwe197-393-cpg-resolved.bin	tc393_flow1	CWE197_Numeric_Truncation_Error__int_connect_tcp_to_byte_45.java	67	CWE197_Numeric_Truncation_Error__int_connect_tcp_to_byte_45.java	38
/home/swlab/Documents/swvul/java-vuln-detection/slicing/output/CPG/cwe197_cpg/cwe197-393-cpg-resolved.bin	tc393_flow2	CWE197_Numeric_Truncation_Error__int_connect_tcp_to_byte_45.java	152	CWE197_Numeric_Truncation_Error__int_connect_tcp_to_byte_45.java	141
/home/swlab/Documents/swvul/java-vuln-detection/slicing/output/CPG/cwe197_cpg/cwe197-394-cpg-resolved.bin	tc394_flow1	CWE197_Numeric_Truncation_Error__int_connect_tcp_to_byte_51a.java	51	CWE197_Numeric_Truncation_Error__int_connect_tcp_to_byte_51b.java	26
/home/swlab/Documents/swvul/java-vuln-detection/slicing/output/CPG/cwe197_cpg/cwe197-394-cpg-resolved.bin	tc394_flow2	CWE197_Numeric_Truncation_Error__int_connect_tcp_to_byte_51a.java	124	CWE197_Numeric_Truncation_Error__int_connect_tcp_to_byte_51b.java	37
/home/swlab/Documents/swvul/java-vuln-detection/slicing/output/CPG/cwe197_cpg/cwe197-395-cpg-resolved.bin	tc395_flow1	CWE197_Numeric_Truncation_Error__int_connect_tcp_to_byte_52a.java	52	CWE197_Numeric_Truncation_Error__int_connect_tcp_to_byte_52c.java	27
/home/swlab/Documents/swvul/java-vuln-detection/slicing/output/CPG/cwe197_cpg/cwe197-395-cpg-resolved.bin	tc395_flow2	CWE197_Numeric_Truncation_Error__int_connect_tcp_to_byte_52a.java	125	CWE197_Numeric_Truncation_Error__int_connect_tcp_to_byte_52c.java	38
/home/swlab/Documents/swvul/java-vuln-detection/slicing/output/CPG/cwe197_cpg/cwe197-396-cpg-resolved.bin	tc396_flow1	CWE197_Numeric_Truncation_Error__int_connect_tcp_to_byte_53a.java	52	CWE197_Numeric_Truncation_Error__int_connect_tcp_to_byte_53d.java	27
/home/swlab/Documents/swvul/java-vuln-detection/slicing/output/CPG/cwe197_cpg/cwe197-396-cpg-resolved.bin	tc396_flow2	CWE197_Numeric_Truncation_Error__int_connect_tcp_to_byte_53a.java	125	CWE197_Numeric_Truncation_Error__int_connect_tcp_to_byte_53d.java	38
/home/swlab/Documents/swvul/java-vuln-detection/slicing/output/CPG/cwe197_cpg/cwe197-397-cpg-resolved.bin	tc397_flow1	CWE197_Numeric_Truncation_Error__int_connect_tcp_to_byte_54a.java	52	CWE197_Numeric_Truncation_Error__int_connect_tcp_to_byte_54e.java	27
/home/swlab/Documents/swvul/java-vuln-detection/slicing/output/CPG/cwe197_cpg/cwe197-397-cpg-resolved.bin	tc397_flow2	CWE197_Numeric_Truncation_Error__int_connect_tcp_to_byte_54a.java	125	CWE197_Numeric_Truncation_Error__int_connect_tcp_to_byte_54e.java	38
/home/swlab/Documents/swvul/java-vuln-detection/slicing/output/CPG/cwe197_cpg/cwe197-398-cpg-resolved.bin	tc398_flow1	CWE197_Numeric_Truncation_Error__int_connect_tcp_to_byte_61b.java	52	CWE197_Numeric_Truncation_Error__int_connect_tcp_to_byte_61a.java	28
/home/swlab/Documents/swvul/java-vuln-detection/slicing/output/CPG/cwe197_cpg/cwe197-398-cpg-resolved.bin	tc398_flow2	CWE197_Numeric_Truncation_Error__int_connect_tcp_to_byte_61b.java	120	CWE197_Numeric_Truncation_Error__int_connect_tcp_to_byte_61a.java	45
/home/swlab/Documents/swvul/java-vuln-detection/slicing/output/CPG/cwe197_cpg/cwe197-399-cpg-resolved.bin	tc399_flow1	CWE197_Numeric_Truncation_Error__int_connect_tcp_to_byte_66a.java	52	CWE197_Numeric_Truncation_Error__int_connect_tcp_to_byte_66b.java	28
/home/swlab/Documents/swvul/java-vuln-detection/slicing/output/CPG/cwe197_cpg/cwe197-399-cpg-resolved.bin	tc399_flow2	CWE197_Numeric_Truncation_Error__int_connect_tcp_to_byte_66a.java	127	CWE197_Numeric_Truncation_Error__int_connect_tcp_to_byte_66b.java	40
/home/swlab/Documents/swvul/java-vuln-detection/slicing/output/CPG/cwe197_cpg/cwe197-400-cpg-resolved.bin	tc400_flow1	CWE197_Numeric_Truncation_Error__int_connect_tcp_to_byte_67a.java	57	CWE197_Numeric_Truncation_Error__int_connect_tcp_to_byte_67b.java	28
/home/swlab/Documents/swvul/java-vuln-detection/slicing/output/CPG/cwe197_cpg/cwe197-400-cpg-resolved.bin	tc400_flow2	CWE197_Numeric_Truncation_Error__int_connect_tcp_to_byte_67a.java	132	CWE197_Numeric_Truncation_Error__int_connect_tcp_to_byte_67b.java	40
/home/swlab/Documents/swvul/java-vuln-detection/slicing/output/CPG/cwe197_cpg/cwe197-401-cpg-resolved.bin	tc401_flow1	CWE197_Numeric_Truncation_Error__int_connect_tcp_to_byte_68a.java	52	CWE197_Numeric_Truncation_Error__int_connect_tcp_to_byte_68b.java	27
/home/swlab/Documents/swvul/java-vuln-detection/slicing/output/CPG/cwe197_cpg/cwe197-401-cpg-resolved.bin	tc401_flow2	CWE197_Numeric_Truncation_Error__int_connect_tcp_to_byte_68a.java	124	CWE197_Numeric_Truncation_Error__int_connect_tcp_to_byte_68b.java	39
/home/swlab/Documents/swvul/java-vuln-detection/slicing/output/CPG/cwe197_cpg/cwe197-402-cpg-resolved.bin	tc402_flow1	CWE197_Numeric_Truncation_Error__int_connect_tcp_to_byte_71a.java	52	CWE197_Numeric_Truncation_Error__int_connect_tcp_to_byte_71b.java	28
/home/swlab/Documents/swvul/java-vuln-detection/slicing/output/CPG/cwe197_cpg/cwe197-402-cpg-resolved.bin	tc402_flow2	CWE197_Numeric_Truncation_Error__int_connect_tcp_to_byte_71a.java	125	CWE197_Numeric_Truncation_Error__int_connect_tcp_to_byte_71b.java	40
/home/swlab/Documents/swvul/java-vuln-detection/slicing/output/CPG/cwe197_cpg/cwe197-403-cpg-resolved.bin	tc403_flow1	CWE197_Numeric_Truncation_Error__int_connect_tcp_to_byte_72a.java	53	CWE197_Numeric_Truncation_Error__int_connect_tcp_to_byte_72b.java	29
/home/swlab/Documents/swvul/java-vuln-detection/slicing/output/CPG/cwe197_cpg/cwe197-403-cpg-resolved.bin	tc403_flow2	CWE197_Numeric_Truncation_Error__int_connect_tcp_to_byte_72a.java	130	CWE197_Numeric_Truncation_Error__int_connect_tcp_to_byte_72b.java	41
/home/swlab/Documents/swvul/java-vuln-detection/slicing/output/CPG/cwe197_cpg/cwe197-404-cpg-resolved.bin	tc404_flow1	CWE197_Numeric_Truncation_Error__int_connect_tcp_to_byte_73a.java	53	CWE197_Numeric_Truncation_Error__int_connect_tcp_to_byte_73b.java	29
/home/swlab/Documents/swvul/java-vuln-detection/slicing/output/CPG/cwe197_cpg/cwe197-404-cpg-resolved.bin	tc404_flow2	CWE197_Numeric_Truncation_Error__int_connect_tcp_to_byte_73a.java	130	CWE197_Numeric_Truncation_Error__int_connect_tcp_to_byte_73b.java	41
/home/swlab/Documents/swvul/java-vuln-detection/slicing/output/CPG/cwe197_cpg/cwe197-405-cpg-resolved.bin	tc405_flow1	CWE197_Numeric_Truncation_Error__int_connect_tcp_to_byte_74a.java	53	CWE197_Numeric_Truncation_Error__int_connect_tcp_to_byte_74b.java	29
/home/swlab/Documents/swvul/java-vuln-detection/slicing/output/CPG/cwe197_cpg/cwe197-405-cpg-resolved.bin	tc405_flow2	CWE197_Numeric_Truncation_Error__int_connect_tcp_to_byte_74a.java	130	CWE197_Numeric_Truncation_Error__int_connect_tcp_to_byte_74b.java	41
/home/swlab/Documents/swvul/java-vuln-detection/slicing/output/CPG/cwe197_cpg/cwe197-406-cpg-resolved.bin	tc406_flow1	CWE197_Numeric_Truncation_Error__int_connect_tcp_to_byte_75a.java	55	CWE197_Numeric_Truncation_Error__int_connect_tcp_to_byte_75b.java	40
/home/swlab/Documents/swvul/java-vuln-detection/slicing/output/CPG/cwe197_cpg/cwe197-406-cpg-resolved.bin	tc406_flow2	CWE197_Numeric_Truncation_Error__int_connect_tcp_to_byte_75a.java	170	CWE197_Numeric_Truncation_Error__int_connect_tcp_to_byte_75b.java	96
/home/swlab/Documents/swvul/java-vuln-detection/slicing/output/CPG/cwe197_cpg/cwe197-407-cpg-resolved.bin	tc407_flow1	CWE197_Numeric_Truncation_Error__int_connect_tcp_to_byte_81a.java	52	CWE197_Numeric_Truncation_Error__int_connect_tcp_to_byte_81_bad.java	27
/home/swlab/Documents/swvul/java-vuln-detection/slicing/output/CPG/cwe197_cpg/cwe197-407-cpg-resolved.bin	tc407_flow2	CWE197_Numeric_Truncation_Error__int_connect_tcp_to_byte_81a.java	126	CWE197_Numeric_Truncation_Error__int_connect_tcp_to_byte_81_goodG2B.java	27
/home/swlab/Documents/swvul/java-vuln-detection/slicing/output/CPG/cwe197_cpg/cwe197-408-cpg-resolved.bin	tc408_flow1	CWE197_Numeric_Truncation_Error__int_connect_tcp_to_short_01.java	52	CWE197_Numeric_Truncation_Error__int_connect_tcp_to_short_01.java	113
/home/swlab/Documents/swvul/java-vuln-detection/slicing/output/CPG/cwe197_cpg/cwe197-408-cpg-resolved.bin	tc408_flow2	CWE197_Numeric_Truncation_Error__int_connect_tcp_to_short_01.java	129	CWE197_Numeric_Truncation_Error__int_connect_tcp_to_short_01.java	133
/home/swlab/Documents/swvul/java-vuln-detection/slicing/output/CPG/cwe197_cpg/cwe197-409-cpg-resolved.bin	tc409_flow1	CWE197_Numeric_Truncation_Error__int_connect_tcp_to_short_02.java	48	CWE197_Numeric_Truncation_Error__int_connect_tcp_to_short_02.java	116
/home/swlab/Documents/swvul/java-vuln-detection/slicing/output/CPG/cwe197_cpg/cwe197-409-cpg-resolved.bin	tc409_flow2	CWE197_Numeric_Truncation_Error__int_connect_tcp_to_short_02.java	135	CWE197_Numeric_Truncation_Error__int_connect_tcp_to_short_02.java	141
/home/swlab/Documents/swvul/java-vuln-detection/slicing/output/CPG/cwe197_cpg/cwe197-409-cpg-resolved.bin	tc409_flow3	CWE197_Numeric_Truncation_Error__int_connect_tcp_to_short_02.java	153	CWE197_Numeric_Truncation_Error__int_connect_tcp_to_short_02.java	164
/home/swlab/Documents/swvul/java-vuln-detection/slicing/output/CPG/cwe197_cpg/cwe197-410-cpg-resolved.bin	tc410_flow1	CWE197_Numeric_Truncation_Error__int_connect_tcp_to_short_03.java	48	CWE197_Numeric_Truncation_Error__int_connect_tcp_to_short_03.java	116
/home/swlab/Documents/swvul/java-vuln-detection/slicing/output/CPG/cwe197_cpg/cwe197-410-cpg-resolved.bin	tc410_flow2	CWE197_Numeric_Truncation_Error__int_connect_tcp_to_short_03.java	135	CWE197_Numeric_Truncation_Error__int_connect_tcp_to_short_03.java	141
/home/swlab/Documents/swvul/java-vuln-detection/slicing/output/CPG/cwe197_cpg/cwe197-410-cpg-resolved.bin	tc410_flow3	CWE197_Numeric_Truncation_Error__int_connect_tcp_to_short_03.java	153	CWE197_Numeric_Truncation_Error__int_connect_tcp_to_short_03.java	164
/home/swlab/Documents/swvul/java-vuln-detection/slicing/output/CPG/cwe197_cpg/cwe197-411-cpg-resolved.bin	tc411_flow1	CWE197_Numeric_Truncation_Error__int_connect_tcp_to_short_04.java	55	CWE197_Numeric_Truncation_Error__int_connect_tcp_to_short_04.java	123
/home/swlab/Documents/swvul/java-vuln-detection/slicing/output/CPG/cwe197_cpg/cwe197-411-cpg-resolved.bin	tc411_flow2	CWE197_Numeric_Truncation_Error__int_connect_tcp_to_short_04.java	142	CWE197_Numeric_Truncation_Error__int_connect_tcp_to_short_04.java	148
/home/swlab/Documents/swvul/java-vuln-detection/slicing/output/CPG/cwe197_cpg/cwe197-411-cpg-resolved.bin	tc411_flow3	CWE197_Numeric_Truncation_Error__int_connect_tcp_to_short_04.java	160	CWE197_Numeric_Truncation_Error__int_connect_tcp_to_short_04.java	171
/home/swlab/Documents/swvul/java-vuln-detection/slicing/output/CPG/cwe197_cpg/cwe197-412-cpg-resolved.bin	tc412_flow1	CWE197_Numeric_Truncation_Error__int_connect_tcp_to_short_05.java	55	CWE197_Numeric_Truncation_Error__int_connect_tcp_to_short_05.java	123
/home/swlab/Documents/swvul/java-vuln-detection/slicing/output/CPG/cwe197_cpg/cwe197-412-cpg-resolved.bin	tc412_flow2	CWE197_Numeric_Truncation_Error__int_connect_tcp_to_short_05.java	142	CWE197_Numeric_Truncation_Error__int_connect_tcp_to_short_05.java	148
/home/swlab/Documents/swvul/java-vuln-detection/slicing/output/CPG/cwe197_cpg/cwe197-412-cpg-resolved.bin	tc412_flow3	CWE197_Numeric_Truncation_Error__int_connect_tcp_to_short_05.java	160	CWE197_Numeric_Truncation_Error__int_connect_tcp_to_short_05.java	171
/home/swlab/Documents/swvul/java-vuln-detection/slicing/output/CPG/cwe197_cpg/cwe197-413-cpg-resolved.bin	tc413_flow1	CWE197_Numeric_Truncation_Error__int_connect_tcp_to_short_06.java	54	CWE197_Numeric_Truncation_Error__int_connect_tcp_to_short_06.java	122
/home/swlab/Documents/swvul/java-vuln-detection/slicing/output/CPG/cwe197_cpg/cwe197-413-cpg-resolved.bin	tc413_flow2	CWE197_Numeric_Truncation_Error__int_connect_tcp_to_short_06.java	141	CWE197_Numeric_Truncation_Error__int_connect_tcp_to_short_06.java	147
/home/swlab/Documents/swvul/java-vuln-detection/slicing/output/CPG/cwe197_cpg/cwe197-413-cpg-resolved.bin	tc413_flow3	CWE197_Numeric_Truncation_Error__int_connect_tcp_to_short_06.java	159	CWE197_Numeric_Truncation_Error__int_connect_tcp_to_short_06.java	170
/home/swlab/Documents/swvul/java-vuln-detection/slicing/output/CPG/cwe197_cpg/cwe197-414-cpg-resolved.bin	tc414_flow1	CWE197_Numeric_Truncation_Error__int_connect_tcp_to_short_07.java	54	CWE197_Numeric_Truncation_Error__int_connect_tcp_to_short_07.java	122
/home/swlab/Documents/swvul/java-vuln-detection/slicing/output/CPG/cwe197_cpg/cwe197-414-cpg-resolved.bin	tc414_flow2	CWE197_Numeric_Truncation_Error__int_connect_tcp_to_short_07.java	141	CWE197_Numeric_Truncation_Error__int_connect_tcp_to_short_07.java	147
/home/swlab/Documents/swvul/java-vuln-detection/slicing/output/CPG/cwe197_cpg/cwe197-414-cpg-resolved.bin	tc414_flow3	CWE197_Numeric_Truncation_Error__int_connect_tcp_to_short_07.java	159	CWE197_Numeric_Truncation_Error__int_connect_tcp_to_short_07.java	170
/home/swlab/Documents/swvul/java-vuln-detection/slicing/output/CPG/cwe197_cpg/cwe197-415-cpg-resolved.bin	tc415_flow1	CWE197_Numeric_Truncation_Error__int_connect_tcp_to_short_08.java	62	CWE197_Numeric_Truncation_Error__int_connect_tcp_to_short_08.java	130
/home/swlab/Documents/swvul/java-vuln-detection/slicing/output/CPG/cwe197_cpg/cwe197-415-cpg-resolved.bin	tc415_flow2	CWE197_Numeric_Truncation_Error__int_connect_tcp_to_short_08.java	149	CWE197_Numeric_Truncation_Error__int_connect_tcp_to_short_08.java	155
/home/swlab/Documents/swvul/java-vuln-detection/slicing/output/CPG/cwe197_cpg/cwe197-415-cpg-resolved.bin	tc415_flow3	CWE197_Numeric_Truncation_Error__int_connect_tcp_to_short_08.java	167	CWE197_Numeric_Truncation_Error__int_connect_tcp_to_short_08.java	178
/home/swlab/Documents/swvul/java-vuln-detection/slicing/output/CPG/cwe197_cpg/cwe197-416-cpg-resolved.bin	tc416_flow1	CWE197_Numeric_Truncation_Error__int_connect_tcp_to_short_09.java	48	CWE197_Numeric_Truncation_Error__int_connect_tcp_to_short_09.java	116
/home/swlab/Documents/swvul/java-vuln-detection/slicing/output/CPG/cwe197_cpg/cwe197-416-cpg-resolved.bin	tc416_flow2	CWE197_Numeric_Truncation_Error__int_connect_tcp_to_short_09.java	135	CWE197_Numeric_Truncation_Error__int_connect_tcp_to_short_09.java	141
/home/swlab/Documents/swvul/java-vuln-detection/slicing/output/CPG/cwe197_cpg/cwe197-416-cpg-resolved.bin	tc416_flow3	CWE197_Numeric_Truncation_Error__int_connect_tcp_to_short_09.java	153	CWE197_Numeric_Truncation_Error__int_connect_tcp_to_short_09.java	164
/home/swlab/Documents/swvul/java-vuln-detection/slicing/output/CPG/cwe197_cpg/cwe197-417-cpg-resolved.bin	tc417_flow1	CWE197_Numeric_Truncation_Error__int_connect_tcp_to_short_10.java	48	CWE197_Numeric_Truncation_Error__int_connect_tcp_to_short_10.java	116
/home/swlab/Documents/swvul/java-vuln-detection/slicing/output/CPG/cwe197_cpg/cwe197-417-cpg-resolved.bin	tc417_flow2	CWE197_Numeric_Truncation_Error__int_connect_tcp_to_short_10.java	135	CWE197_Numeric_Truncation_Error__int_connect_tcp_to_short_10.java	141
/home/swlab/Documents/swvul/java-vuln-detection/slicing/output/CPG/cwe197_cpg/cwe197-417-cpg-resolved.bin	tc417_flow3	CWE197_Numeric_Truncation_Error__int_connect_tcp_to_short_10.java	153	CWE197_Numeric_Truncation_Error__int_connect_tcp_to_short_10.java	164
/home/swlab/Documents/swvul/java-vuln-detection/slicing/output/CPG/cwe197_cpg/cwe197-418-cpg-resolved.bin	tc418_flow1	CWE197_Numeric_Truncation_Error__int_connect_tcp_to_short_11.java	48	CWE197_Numeric_Truncation_Error__int_connect_tcp_to_short_11.java	116
/home/swlab/Documents/swvul/java-vuln-detection/slicing/output/CPG/cwe197_cpg/cwe197-418-cpg-resolved.bin	tc418_flow2	CWE197_Numeric_Truncation_Error__int_connect_tcp_to_short_11.java	135	CWE197_Numeric_Truncation_Error__int_connect_tcp_to_short_11.java	141
/home/swlab/Documents/swvul/java-vuln-detection/slicing/output/CPG/cwe197_cpg/cwe197-418-cpg-resolved.bin	tc418_flow3	CWE197_Numeric_Truncation_Error__int_connect_tcp_to_short_11.java	153	CWE197_Numeric_Truncation_Error__int_connect_tcp_to_short_11.java	164
/home/swlab/Documents/swvul/java-vuln-detection/slicing/output/CPG/cwe197_cpg/cwe197-419-cpg-resolved.bin	tc419_flow1	CWE197_Numeric_Truncation_Error__int_connect_tcp_to_short_12.java	48	CWE197_Numeric_Truncation_Error__int_connect_tcp_to_short_12.java	117
/home/swlab/Documents/swvul/java-vuln-detection/slicing/output/CPG/cwe197_cpg/cwe197-419-cpg-resolved.bin	tc419_flow2	CWE197_Numeric_Truncation_Error__int_connect_tcp_to_short_12.java	130	CWE197_Numeric_Truncation_Error__int_connect_tcp_to_short_12.java	142
/home/swlab/Documents/swvul/java-vuln-detection/slicing/output/CPG/cwe197_cpg/cwe197-420-cpg-resolved.bin	tc420_flow1	CWE197_Numeric_Truncation_Error__int_connect_tcp_to_short_13.java	48	CWE197_Numeric_Truncation_Error__int_connect_tcp_to_short_13.java	116
/home/swlab/Documents/swvul/java-vuln-detection/slicing/output/CPG/cwe197_cpg/cwe197-420-cpg-resolved.bin	tc420_flow2	CWE197_Numeric_Truncation_Error__int_connect_tcp_to_short_13.java	135	CWE197_Numeric_Truncation_Error__int_connect_tcp_to_short_13.java	141
/home/swlab/Documents/swvul/java-vuln-detection/slicing/output/CPG/cwe197_cpg/cwe197-420-cpg-resolved.bin	tc420_flow3	CWE197_Numeric_Truncation_Error__int_connect_tcp_to_short_13.java	153	CWE197_Numeric_Truncation_Error__int_connect_tcp_to_short_13.java	164
/home/swlab/Documents/swvul/java-vuln-detection/slicing/output/CPG/cwe197_cpg/cwe197-421-cpg-resolved.bin	tc421_flow1	CWE197_Numeric_Truncation_Error__int_connect_tcp_to_short_14.java	48	CWE197_Numeric_Truncation_Error__int_connect_tcp_to_short_14.java	116
/home/swlab/Documents/swvul/java-vuln-detection/slicing/output/CPG/cwe197_cpg/cwe197-421-cpg-resolved.bin	tc421_flow2	CWE197_Numeric_Truncation_Error__int_connect_tcp_to_short_14.java	135	CWE197_Numeric_Truncation_Error__int_connect_tcp_to_short_14.java	141
/home/swlab/Documents/swvul/java-vuln-detection/slicing/output/CPG/cwe197_cpg/cwe197-421-cpg-resolved.bin	tc421_flow3	CWE197_Numeric_Truncation_Error__int_connect_tcp_to_short_14.java	153	CWE197_Numeric_Truncation_Error__int_connect_tcp_to_short_14.java	164
/home/swlab/Documents/swvul/java-vuln-detection/slicing/output/CPG/cwe197_cpg/cwe197-422-cpg-resolved.bin	tc422_flow1	CWE197_Numeric_Truncation_Error__int_connect_tcp_to_short_15.java	50	CWE197_Numeric_Truncation_Error__int_connect_tcp_to_short_15.java	118
/home/swlab/Documents/swvul/java-vuln-detection/slicing/output/CPG/cwe197_cpg/cwe197-422-cpg-resolved.bin	tc422_flow2	CWE197_Numeric_Truncation_Error__int_connect_tcp_to_short_15.java	137	CWE197_Numeric_Truncation_Error__int_connect_tcp_to_short_15.java	143
/home/swlab/Documents/swvul/java-vuln-detection/slicing/output/CPG/cwe197_cpg/cwe197-422-cpg-resolved.bin	tc422_flow3	CWE197_Numeric_Truncation_Error__int_connect_tcp_to_short_15.java	157	CWE197_Numeric_Truncation_Error__int_connect_tcp_to_short_15.java	168
/home/swlab/Documents/swvul/java-vuln-detection/slicing/output/CPG/cwe197_cpg/cwe197-423-cpg-resolved.bin	tc423_flow1	CWE197_Numeric_Truncation_Error__int_connect_tcp_to_short_16.java	49	CWE197_Numeric_Truncation_Error__int_connect_tcp_to_short_16.java	112
/home/swlab/Documents/swvul/java-vuln-detection/slicing/output/CPG/cwe197_cpg/cwe197-423-cpg-resolved.bin	tc423_flow2	CWE197_Numeric_Truncation_Error__int_connect_tcp_to_short_16.java	125	CWE197_Numeric_Truncation_Error__int_connect_tcp_to_short_16.java	131
/home/swlab/Documents/swvul/java-vuln-detection/slicing/output/CPG/cwe197_cpg/cwe197-424-cpg-resolved.bin	tc424_flow1	CWE197_Numeric_Truncation_Error__int_connect_tcp_to_short_17.java	52	CWE197_Numeric_Truncation_Error__int_connect_tcp_to_short_17.java	115
/home/swlab/Documents/swvul/java-vuln-detection/slicing/output/CPG/cwe197_cpg/cwe197-424-cpg-resolved.bin	tc424_flow2	CWE197_Numeric_Truncation_Error__int_connect_tcp_to_short_17.java	127	CWE197_Numeric_Truncation_Error__int_connect_tcp_to_short_17.java	133
/home/swlab/Documents/swvul/java-vuln-detection/slicing/output/CPG/cwe197_cpg/cwe197-425-cpg-resolved.bin	tc425_flow1	CWE197_Numeric_Truncation_Error__int_connect_tcp_to_short_21.java	66	CWE197_Numeric_Truncation_Error__int_connect_tcp_to_short_21.java	41
/home/swlab/Documents/swvul/java-vuln-detection/slicing/output/CPG/cwe197_cpg/cwe197-425-cpg-resolved.bin	tc425_flow2	CWE197_Numeric_Truncation_Error__int_connect_tcp_to_short_21.java	174	CWE197_Numeric_Truncation_Error__int_connect_tcp_to_short_21.java	155
/home/swlab/Documents/swvul/java-vuln-detection/slicing/output/CPG/cwe197_cpg/cwe197-425-cpg-resolved.bin	tc425_flow3	CWE197_Numeric_Truncation_Error__int_connect_tcp_to_short_21.java	203	CWE197_Numeric_Truncation_Error__int_connect_tcp_to_short_21.java	191
/home/swlab/Documents/swvul/java-vuln-detection/slicing/output/CPG/cwe197_cpg/cwe197-426-cpg-resolved.bin	tc426_flow1	CWE197_Numeric_Truncation_Error__int_connect_tcp_to_short_22b.java	49	CWE197_Numeric_Truncation_Error__int_connect_tcp_to_short_22a.java	35
/home/swlab/Documents/swvul/java-vuln-detection/slicing/output/CPG/cwe197_cpg/cwe197-426-cpg-resolved.bin	tc426_flow2	CWE197_Numeric_Truncation_Error__int_connect_tcp_to_short_22b.java	132	CWE197_Numeric_Truncation_Error__int_connect_tcp_to_short_22a.java	61
/home/swlab/Documents/swvul/java-vuln-detection/slicing/output/CPG/cwe197_cpg/cwe197-426-cpg-resolved.bin	tc426_flow3	CWE197_Numeric_Truncation_Error__int_connect_tcp_to_short_22b.java	147	CWE197_Numeric_Truncation_Error__int_connect_tcp_to_short_22a.java	76
/home/swlab/Documents/swvul/java-vuln-detection/slicing/output/CPG/cwe197_cpg/cwe197-427-cpg-resolved.bin	tc427_flow1	CWE197_Numeric_Truncation_Error__int_connect_tcp_to_short_31.java	55	CWE197_Numeric_Truncation_Error__int_connect_tcp_to_short_31.java	121
/home/swlab/Documents/swvul/java-vuln-detection/slicing/output/CPG/cwe197_cpg/cwe197-427-cpg-resolved.bin	tc427_flow2	CWE197_Numeric_Truncation_Error__int_connect_tcp_to_short_31.java	140	CWE197_Numeric_Truncation_Error__int_connect_tcp_to_short_31.java	149
/home/swlab/Documents/swvul/java-vuln-detection/slicing/output/CPG/cwe197_cpg/cwe197-428-cpg-resolved.bin	tc428_flow1	CWE197_Numeric_Truncation_Error__int_connect_tcp_to_short_41.java	61	CWE197_Numeric_Truncation_Error__int_connect_tcp_to_short_41.java	33
/home/swlab/Documents/swvul/java-vuln-detection/slicing/output/CPG/cwe197_cpg/cwe197-428-cpg-resolved.bin	tc428_flow2	CWE197_Numeric_Truncation_Error__int_connect_tcp_to_short_41.java	144	CWE197_Numeric_Truncation_Error__int_connect_tcp_to_short_41.java	133
/home/swlab/Documents/swvul/java-vuln-detection/slicing/output/CPG/cwe197_cpg/cwe197-429-cpg-resolved.bin	tc429_flow1	CWE197_Numeric_Truncation_Error__int_connect_tcp_to_short_42.java	51	CWE197_Numeric_Truncation_Error__int_connect_tcp_to_short_42.java	120
/home/swlab/Documents/swvul/java-vuln-detection/slicing/output/CPG/cwe197_cpg/cwe197-429-cpg-resolved.bin	tc429_flow2	CWE197_Numeric_Truncation_Error__int_connect_tcp_to_short_42.java	130	CWE197_Numeric_Truncation_Error__int_connect_tcp_to_short_42.java	142
/home/swlab/Documents/swvul/java-vuln-detection/slicing/output/CPG/cwe197_cpg/cwe197-430-cpg-resolved.bin	tc430_flow1	CWE197_Numeric_Truncation_Error__int_connect_tcp_to_short_45.java	67	CWE197_Numeric_Truncation_Error__int_connect_tcp_to_short_45.java	38
/home/swlab/Documents/swvul/java-vuln-detection/slicing/output/CPG/cwe197_cpg/cwe197-430-cpg-resolved.bin	tc430_flow2	CWE197_Numeric_Truncation_Error__int_connect_tcp_to_short_45.java	152	CWE197_Numeric_Truncation_Error__int_connect_tcp_to_short_45.java	141
/home/swlab/Documents/swvul/java-vuln-detection/slicing/output/CPG/cwe197_cpg/cwe197-431-cpg-resolved.bin	tc431_flow1	CWE197_Numeric_Truncation_Error__int_connect_tcp_to_short_51a.java	51	CWE197_Numeric_Truncation_Error__int_connect_tcp_to_short_51b.java	26
/home/swlab/Documents/swvul/java-vuln-detection/slicing/output/CPG/cwe197_cpg/cwe197-431-cpg-resolved.bin	tc431_flow2	CWE197_Numeric_Truncation_Error__int_connect_tcp_to_short_51a.java	124	CWE197_Numeric_Truncation_Error__int_connect_tcp_to_short_51b.java	37
/home/swlab/Documents/swvul/java-vuln-detection/slicing/output/CPG/cwe197_cpg/cwe197-432-cpg-resolved.bin	tc432_flow1	CWE197_Numeric_Truncation_Error__int_connect_tcp_to_short_52a.java	52	CWE197_Numeric_Truncation_Error__int_connect_tcp_to_short_52c.java	27
/home/swlab/Documents/swvul/java-vuln-detection/slicing/output/CPG/cwe197_cpg/cwe197-432-cpg-resolved.bin	tc432_flow2	CWE197_Numeric_Truncation_Error__int_connect_tcp_to_short_52a.java	125	CWE197_Numeric_Truncation_Error__int_connect_tcp_to_short_52c.java	38
/home/swlab/Documents/swvul/java-vuln-detection/slicing/output/CPG/cwe197_cpg/cwe197-433-cpg-resolved.bin	tc433_flow1	CWE197_Numeric_Truncation_Error__int_connect_tcp_to_short_53a.java	52	CWE197_Numeric_Truncation_Error__int_connect_tcp_to_short_53d.java	27
/home/swlab/Documents/swvul/java-vuln-detection/slicing/output/CPG/cwe197_cpg/cwe197-433-cpg-resolved.bin	tc433_flow2	CWE197_Numeric_Truncation_Error__int_connect_tcp_to_short_53a.java	125	CWE197_Numeric_Truncation_Error__int_connect_tcp_to_short_53d.java	38
/home/swlab/Documents/swvul/java-vuln-detection/slicing/output/CPG/cwe197_cpg/cwe197-434-cpg-resolved.bin	tc434_flow1	CWE197_Numeric_Truncation_Error__int_connect_tcp_to_short_54a.java	52	CWE197_Numeric_Truncation_Error__int_connect_tcp_to_short_54e.java	27
/home/swlab/Documents/swvul/java-vuln-detection/slicing/output/CPG/cwe197_cpg/cwe197-434-cpg-resolved.bin	tc434_flow2	CWE197_Numeric_Truncation_Error__int_connect_tcp_to_short_54a.java	125	CWE197_Numeric_Truncation_Error__int_connect_tcp_to_short_54e.java	38
/home/swlab/Documents/swvul/java-vuln-detection/slicing/output/CPG/cwe197_cpg/cwe197-435-cpg-resolved.bin	tc435_flow1	CWE197_Numeric_Truncation_Error__int_connect_tcp_to_short_61b.java	52	CWE197_Numeric_Truncation_Error__int_connect_tcp_to_short_61a.java	28
/home/swlab/Documents/swvul/java-vuln-detection/slicing/output/CPG/cwe197_cpg/cwe197-435-cpg-resolved.bin	tc435_flow2	CWE197_Numeric_Truncation_Error__int_connect_tcp_to_short_61b.java	120	CWE197_Numeric_Truncation_Error__int_connect_tcp_to_short_61a.java	45
/home/swlab/Documents/swvul/java-vuln-detection/slicing/output/CPG/cwe197_cpg/cwe197-436-cpg-resolved.bin	tc436_flow1	CWE197_Numeric_Truncation_Error__int_connect_tcp_to_short_66a.java	52	CWE197_Numeric_Truncation_Error__int_connect_tcp_to_short_66b.java	28
/home/swlab/Documents/swvul/java-vuln-detection/slicing/output/CPG/cwe197_cpg/cwe197-436-cpg-resolved.bin	tc436_flow2	CWE197_Numeric_Truncation_Error__int_connect_tcp_to_short_66a.java	127	CWE197_Numeric_Truncation_Error__int_connect_tcp_to_short_66b.java	40
/home/swlab/Documents/swvul/java-vuln-detection/slicing/output/CPG/cwe197_cpg/cwe197-437-cpg-resolved.bin	tc437_flow1	CWE197_Numeric_Truncation_Error__int_connect_tcp_to_short_67a.java	57	CWE197_Numeric_Truncation_Error__int_connect_tcp_to_short_67b.java	28
/home/swlab/Documents/swvul/java-vuln-detection/slicing/output/CPG/cwe197_cpg/cwe197-437-cpg-resolved.bin	tc437_flow2	CWE197_Numeric_Truncation_Error__int_connect_tcp_to_short_67a.java	132	CWE197_Numeric_Truncation_Error__int_connect_tcp_to_short_67b.java	40
/home/swlab/Documents/swvul/java-vuln-detection/slicing/output/CPG/cwe197_cpg/cwe197-438-cpg-resolved.bin	tc438_flow1	CWE197_Numeric_Truncation_Error__int_connect_tcp_to_short_68a.java	52	CWE197_Numeric_Truncation_Error__int_connect_tcp_to_short_68b.java	27
/home/swlab/Documents/swvul/java-vuln-detection/slicing/output/CPG/cwe197_cpg/cwe197-438-cpg-resolved.bin	tc438_flow2	CWE197_Numeric_Truncation_Error__int_connect_tcp_to_short_68a.java	124	CWE197_Numeric_Truncation_Error__int_connect_tcp_to_short_68b.java	39
/home/swlab/Documents/swvul/java-vuln-detection/slicing/output/CPG/cwe197_cpg/cwe197-439-cpg-resolved.bin	tc439_flow1	CWE197_Numeric_Truncation_Error__int_connect_tcp_to_short_71a.java	52	CWE197_Numeric_Truncation_Error__int_connect_tcp_to_short_71b.java	28
/home/swlab/Documents/swvul/java-vuln-detection/slicing/output/CPG/cwe197_cpg/cwe197-439-cpg-resolved.bin	tc439_flow2	CWE197_Numeric_Truncation_Error__int_connect_tcp_to_short_71a.java	125	CWE197_Numeric_Truncation_Error__int_connect_tcp_to_short_71b.java	40
/home/swlab/Documents/swvul/java-vuln-detection/slicing/output/CPG/cwe197_cpg/cwe197-440-cpg-resolved.bin	tc440_flow1	CWE197_Numeric_Truncation_Error__int_connect_tcp_to_short_72a.java	53	CWE197_Numeric_Truncation_Error__int_connect_tcp_to_short_72b.java	29
/home/swlab/Documents/swvul/java-vuln-detection/slicing/output/CPG/cwe197_cpg/cwe197-440-cpg-resolved.bin	tc440_flow2	CWE197_Numeric_Truncation_Error__int_connect_tcp_to_short_72a.java	130	CWE197_Numeric_Truncation_Error__int_connect_tcp_to_short_72b.java	41
/home/swlab/Documents/swvul/java-vuln-detection/slicing/output/CPG/cwe197_cpg/cwe197-441-cpg-resolved.bin	tc441_flow1	CWE197_Numeric_Truncation_Error__int_connect_tcp_to_short_73a.java	53	CWE197_Numeric_Truncation_Error__int_connect_tcp_to_short_73b.java	29
/home/swlab/Documents/swvul/java-vuln-detection/slicing/output/CPG/cwe197_cpg/cwe197-441-cpg-resolved.bin	tc441_flow2	CWE197_Numeric_Truncation_Error__int_connect_tcp_to_short_73a.java	130	CWE197_Numeric_Truncation_Error__int_connect_tcp_to_short_73b.java	41
/home/swlab/Documents/swvul/java-vuln-detection/slicing/output/CPG/cwe197_cpg/cwe197-442-cpg-resolved.bin	tc442_flow1	CWE197_Numeric_Truncation_Error__int_connect_tcp_to_short_74a.java	53	CWE197_Numeric_Truncation_Error__int_connect_tcp_to_short_74b.java	29
/home/swlab/Documents/swvul/java-vuln-detection/slicing/output/CPG/cwe197_cpg/cwe197-442-cpg-resolved.bin	tc442_flow2	CWE197_Numeric_Truncation_Error__int_connect_tcp_to_short_74a.java	130	CWE197_Numeric_Truncation_Error__int_connect_tcp_to_short_74b.java	41
/home/swlab/Documents/swvul/java-vuln-detection/slicing/output/CPG/cwe197_cpg/cwe197-443-cpg-resolved.bin	tc443_flow1	CWE197_Numeric_Truncation_Error__int_connect_tcp_to_short_75a.java	55	CWE197_Numeric_Truncation_Error__int_connect_tcp_to_short_75b.java	40
/home/swlab/Documents/swvul/java-vuln-detection/slicing/output/CPG/cwe197_cpg/cwe197-443-cpg-resolved.bin	tc443_flow2	CWE197_Numeric_Truncation_Error__int_connect_tcp_to_short_75a.java	170	CWE197_Numeric_Truncation_Error__int_connect_tcp_to_short_75b.java	96
/home/swlab/Documents/swvul/java-vuln-detection/slicing/output/CPG/cwe197_cpg/cwe197-444-cpg-resolved.bin	tc444_flow1	CWE197_Numeric_Truncation_Error__int_connect_tcp_to_short_81a.java	52	CWE197_Numeric_Truncation_Error__int_connect_tcp_to_short_81_bad.java	27
/home/swlab/Documents/swvul/java-vuln-detection/slicing/output/CPG/cwe197_cpg/cwe197-444-cpg-resolved.bin	tc444_flow2	CWE197_Numeric_Truncation_Error__int_connect_tcp_to_short_81a.java	126	CWE197_Numeric_Truncation_Error__int_connect_tcp_to_short_81_goodG2B.java	27
/home/swlab/Documents/swvul/java-vuln-detection/slicing/output/CPG/cwe197_cpg/cwe197-445-cpg-resolved.bin	tc445_flow1	CWE197_Numeric_Truncation_Error__int_console_readLine_to_byte_01.java	45	CWE197_Numeric_Truncation_Error__int_console_readLine_to_byte_01.java	93
/home/swlab/Documents/swvul/java-vuln-detection/slicing/output/CPG/cwe197_cpg/cwe197-445-cpg-resolved.bin	tc445_flow2	CWE197_Numeric_Truncation_Error__int_console_readLine_to_byte_01.java	109	CWE197_Numeric_Truncation_Error__int_console_readLine_to_byte_01.java	113
/home/swlab/Documents/swvul/java-vuln-detection/slicing/output/CPG/cwe197_cpg/cwe197-446-cpg-resolved.bin	tc446_flow1	CWE197_Numeric_Truncation_Error__int_console_readLine_to_byte_02.java	43	CWE197_Numeric_Truncation_Error__int_console_readLine_to_byte_02.java	98
/home/swlab/Documents/swvul/java-vuln-detection/slicing/output/CPG/cwe197_cpg/cwe197-446-cpg-resolved.bin	tc446_flow2	CWE197_Numeric_Truncation_Error__int_console_readLine_to_byte_02.java	117	CWE197_Numeric_Truncation_Error__int_console_readLine_to_byte_02.java	123
/home/swlab/Documents/swvul/java-vuln-detection/slicing/output/CPG/cwe197_cpg/cwe197-446-cpg-resolved.bin	tc446_flow3	CWE197_Numeric_Truncation_Error__int_console_readLine_to_byte_02.java	135	CWE197_Numeric_Truncation_Error__int_console_readLine_to_byte_02.java	146
/home/swlab/Documents/swvul/java-vuln-detection/slicing/output/CPG/cwe197_cpg/cwe197-447-cpg-resolved.bin	tc447_flow1	CWE197_Numeric_Truncation_Error__int_console_readLine_to_byte_03.java	43	CWE197_Numeric_Truncation_Error__int_console_readLine_to_byte_03.java	98
/home/swlab/Documents/swvul/java-vuln-detection/slicing/output/CPG/cwe197_cpg/cwe197-447-cpg-resolved.bin	tc447_flow2	CWE197_Numeric_Truncation_Error__int_console_readLine_to_byte_03.java	117	CWE197_Numeric_Truncation_Error__int_console_readLine_to_byte_03.java	123
/home/swlab/Documents/swvul/java-vuln-detection/slicing/output/CPG/cwe197_cpg/cwe197-447-cpg-resolved.bin	tc447_flow3	CWE197_Numeric_Truncation_Error__int_console_readLine_to_byte_03.java	135	CWE197_Numeric_Truncation_Error__int_console_readLine_to_byte_03.java	146
/home/swlab/Documents/swvul/java-vuln-detection/slicing/output/CPG/cwe197_cpg/cwe197-448-cpg-resolved.bin	tc448_flow1	CWE197_Numeric_Truncation_Error__int_console_readLine_to_byte_04.java	50	CWE197_Numeric_Truncation_Error__int_console_readLine_to_byte_04.java	105
/home/swlab/Documents/swvul/java-vuln-detection/slicing/output/CPG/cwe197_cpg/cwe197-448-cpg-resolved.bin	tc448_flow2	CWE197_Numeric_Truncation_Error__int_console_readLine_to_byte_04.java	124	CWE197_Numeric_Truncation_Error__int_console_readLine_to_byte_04.java	130
/home/swlab/Documents/swvul/java-vuln-detection/slicing/output/CPG/cwe197_cpg/cwe197-448-cpg-resolved.bin	tc448_flow3	CWE197_Numeric_Truncation_Error__int_console_readLine_to_byte_04.java	142	CWE197_Numeric_Truncation_Error__int_console_readLine_to_byte_04.java	153
/home/swlab/Documents/swvul/java-vuln-detection/slicing/output/CPG/cwe197_cpg/cwe197-449-cpg-resolved.bin	tc449_flow1	CWE197_Numeric_Truncation_Error__int_console_readLine_to_byte_05.java	50	CWE197_Numeric_Truncation_Error__int_console_readLine_to_byte_05.java	105
/home/swlab/Documents/swvul/java-vuln-detection/slicing/output/CPG/cwe197_cpg/cwe197-449-cpg-resolved.bin	tc449_flow2	CWE197_Numeric_Truncation_Error__int_console_readLine_to_byte_05.java	124	CWE197_Numeric_Truncation_Error__int_console_readLine_to_byte_05.java	130
/home/swlab/Documents/swvul/java-vuln-detection/slicing/output/CPG/cwe197_cpg/cwe197-449-cpg-resolved.bin	tc449_flow3	CWE197_Numeric_Truncation_Error__int_console_readLine_to_byte_05.java	142	CWE197_Numeric_Truncation_Error__int_console_readLine_to_byte_05.java	153
/home/swlab/Documents/swvul/java-vuln-detection/slicing/output/CPG/cwe197_cpg/cwe197-450-cpg-resolved.bin	tc450_flow1	CWE197_Numeric_Truncation_Error__int_console_readLine_to_byte_06.java	49	CWE197_Numeric_Truncation_Error__int_console_readLine_to_byte_06.java	104
/home/swlab/Documents/swvul/java-vuln-detection/slicing/output/CPG/cwe197_cpg/cwe197-450-cpg-resolved.bin	tc450_flow2	CWE197_Numeric_Truncation_Error__int_console_readLine_to_byte_06.java	123	CWE197_Numeric_Truncation_Error__int_console_readLine_to_byte_06.java	129
/home/swlab/Documents/swvul/java-vuln-detection/slicing/output/CPG/cwe197_cpg/cwe197-450-cpg-resolved.bin	tc450_flow3	CWE197_Numeric_Truncation_Error__int_console_readLine_to_byte_06.java	141	CWE197_Numeric_Truncation_Error__int_console_readLine_to_byte_06.java	152
/home/swlab/Documents/swvul/java-vuln-detection/slicing/output/CPG/cwe197_cpg/cwe197-451-cpg-resolved.bin	tc451_flow1	CWE197_Numeric_Truncation_Error__int_console_readLine_to_byte_07.java	49	CWE197_Numeric_Truncation_Error__int_console_readLine_to_byte_07.java	104
/home/swlab/Documents/swvul/java-vuln-detection/slicing/output/CPG/cwe197_cpg/cwe197-451-cpg-resolved.bin	tc451_flow2	CWE197_Numeric_Truncation_Error__int_console_readLine_to_byte_07.java	123	CWE197_Numeric_Truncation_Error__int_console_readLine_to_byte_07.java	129
/home/swlab/Documents/swvul/java-vuln-detection/slicing/output/CPG/cwe197_cpg/cwe197-451-cpg-resolved.bin	tc451_flow3	CWE197_Numeric_Truncation_Error__int_console_readLine_to_byte_07.java	141	CWE197_Numeric_Truncation_Error__int_console_readLine_to_byte_07.java	152
/home/swlab/Documents/swvul/java-vuln-detection/slicing/output/CPG/cwe197_cpg/cwe197-452-cpg-resolved.bin	tc452_flow1	CWE197_Numeric_Truncation_Error__int_console_readLine_to_byte_08.java	57	CWE197_Numeric_Truncation_Error__int_console_readLine_to_byte_08.java	112
/home/swlab/Documents/swvul/java-vuln-detection/slicing/output/CPG/cwe197_cpg/cwe197-452-cpg-resolved.bin	tc452_flow2	CWE197_Numeric_Truncation_Error__int_console_readLine_to_byte_08.java	131	CWE197_Numeric_Truncation_Error__int_console_readLine_to_byte_08.java	137
/home/swlab/Documents/swvul/java-vuln-detection/slicing/output/CPG/cwe197_cpg/cwe197-452-cpg-resolved.bin	tc452_flow3	CWE197_Numeric_Truncation_Error__int_console_readLine_to_byte_08.java	149	CWE197_Numeric_Truncation_Error__int_console_readLine_to_byte_08.java	160
/home/swlab/Documents/swvul/java-vuln-detection/slicing/output/CPG/cwe197_cpg/cwe197-453-cpg-resolved.bin	tc453_flow1	CWE197_Numeric_Truncation_Error__int_console_readLine_to_byte_09.java	43	CWE197_Numeric_Truncation_Error__int_console_readLine_to_byte_09.java	98
/home/swlab/Documents/swvul/java-vuln-detection/slicing/output/CPG/cwe197_cpg/cwe197-453-cpg-resolved.bin	tc453_flow2	CWE197_Numeric_Truncation_Error__int_console_readLine_to_byte_09.java	117	CWE197_Numeric_Truncation_Error__int_console_readLine_to_byte_09.java	123
/home/swlab/Documents/swvul/java-vuln-detection/slicing/output/CPG/cwe197_cpg/cwe197-453-cpg-resolved.bin	tc453_flow3	CWE197_Numeric_Truncation_Error__int_console_readLine_to_byte_09.java	135	CWE197_Numeric_Truncation_Error__int_console_readLine_to_byte_09.java	146
/home/swlab/Documents/swvul/java-vuln-detection/slicing/output/CPG/cwe197_cpg/cwe197-454-cpg-resolved.bin	tc454_flow1	CWE197_Numeric_Truncation_Error__int_console_readLine_to_byte_10.java	43	CWE197_Numeric_Truncation_Error__int_console_readLine_to_byte_10.java	98
/home/swlab/Documents/swvul/java-vuln-detection/slicing/output/CPG/cwe197_cpg/cwe197-454-cpg-resolved.bin	tc454_flow2	CWE197_Numeric_Truncation_Error__int_console_readLine_to_byte_10.java	117	CWE197_Numeric_Truncation_Error__int_console_readLine_to_byte_10.java	123
/home/swlab/Documents/swvul/java-vuln-detection/slicing/output/CPG/cwe197_cpg/cwe197-454-cpg-resolved.bin	tc454_flow3	CWE197_Numeric_Truncation_Error__int_console_readLine_to_byte_10.java	135	CWE197_Numeric_Truncation_Error__int_console_readLine_to_byte_10.java	146
/home/swlab/Documents/swvul/java-vuln-detection/slicing/output/CPG/cwe197_cpg/cwe197-455-cpg-resolved.bin	tc455_flow1	CWE197_Numeric_Truncation_Error__int_console_readLine_to_byte_11.java	43	CWE197_Numeric_Truncation_Error__int_console_readLine_to_byte_11.java	98
/home/swlab/Documents/swvul/java-vuln-detection/slicing/output/CPG/cwe197_cpg/cwe197-455-cpg-resolved.bin	tc455_flow2	CWE197_Numeric_Truncation_Error__int_console_readLine_to_byte_11.java	117	CWE197_Numeric_Truncation_Error__int_console_readLine_to_byte_11.java	123
/home/swlab/Documents/swvul/java-vuln-detection/slicing/output/CPG/cwe197_cpg/cwe197-455-cpg-resolved.bin	tc455_flow3	CWE197_Numeric_Truncation_Error__int_console_readLine_to_byte_11.java	135	CWE197_Numeric_Truncation_Error__int_console_readLine_to_byte_11.java	146
/home/swlab/Documents/swvul/java-vuln-detection/slicing/output/CPG/cwe197_cpg/cwe197-456-cpg-resolved.bin	tc456_flow1	CWE197_Numeric_Truncation_Error__int_console_readLine_to_byte_12.java	43	CWE197_Numeric_Truncation_Error__int_console_readLine_to_byte_12.java	99
/home/swlab/Documents/swvul/java-vuln-detection/slicing/output/CPG/cwe197_cpg/cwe197-456-cpg-resolved.bin	tc456_flow2	CWE197_Numeric_Truncation_Error__int_console_readLine_to_byte_12.java	112	CWE197_Numeric_Truncation_Error__int_console_readLine_to_byte_12.java	124
/home/swlab/Documents/swvul/java-vuln-detection/slicing/output/CPG/cwe197_cpg/cwe197-457-cpg-resolved.bin	tc457_flow1	CWE197_Numeric_Truncation_Error__int_console_readLine_to_byte_13.java	43	CWE197_Numeric_Truncation_Error__int_console_readLine_to_byte_13.java	98
/home/swlab/Documents/swvul/java-vuln-detection/slicing/output/CPG/cwe197_cpg/cwe197-457-cpg-resolved.bin	tc457_flow2	CWE197_Numeric_Truncation_Error__int_console_readLine_to_byte_13.java	117	CWE197_Numeric_Truncation_Error__int_console_readLine_to_byte_13.java	123
/home/swlab/Documents/swvul/java-vuln-detection/slicing/output/CPG/cwe197_cpg/cwe197-457-cpg-resolved.bin	tc457_flow3	CWE197_Numeric_Truncation_Error__int_console_readLine_to_byte_13.java	135	CWE197_Numeric_Truncation_Error__int_console_readLine_to_byte_13.java	146
/home/swlab/Documents/swvul/java-vuln-detection/slicing/output/CPG/cwe197_cpg/cwe197-458-cpg-resolved.bin	tc458_flow1	CWE197_Numeric_Truncation_Error__int_console_readLine_to_byte_14.java	43	CWE197_Numeric_Truncation_Error__int_console_readLine_to_byte_14.java	98
/home/swlab/Documents/swvul/java-vuln-detection/slicing/output/CPG/cwe197_cpg/cwe197-458-cpg-resolved.bin	tc458_flow2	CWE197_Numeric_Truncation_Error__int_console_readLine_to_byte_14.java	117	CWE197_Numeric_Truncation_Error__int_console_readLine_to_byte_14.java	123
/home/swlab/Documents/swvul/java-vuln-detection/slicing/output/CPG/cwe197_cpg/cwe197-458-cpg-resolved.bin	tc458_flow3	CWE197_Numeric_Truncation_Error__int_console_readLine_to_byte_14.java	135	CWE197_Numeric_Truncation_Error__int_console_readLine_to_byte_14.java	146
/home/swlab/Documents/swvul/java-vuln-detection/slicing/output/CPG/cwe197_cpg/cwe197-459-cpg-resolved.bin	tc459_flow1	CWE197_Numeric_Truncation_Error__int_console_readLine_to_byte_15.java	45	CWE197_Numeric_Truncation_Error__int_console_readLine_to_byte_15.java	100
/home/swlab/Documents/swvul/java-vuln-detection/slicing/output/CPG/cwe197_cpg/cwe197-459-cpg-resolved.bin	tc459_flow2	CWE197_Numeric_Truncation_Error__int_console_readLine_to_byte_15.java	119	CWE197_Numeric_Truncation_Error__int_console_readLine_to_byte_15.java	125
/home/swlab/Documents/swvul/java-vuln-detection/slicing/output/CPG/cwe197_cpg/cwe197-459-cpg-resolved.bin	tc459_flow3	CWE197_Numeric_Truncation_Error__int_console_readLine_to_byte_15.java	139	CWE197_Numeric_Truncation_Error__int_console_readLine_to_byte_15.java	150
/home/swlab/Documents/swvul/java-vuln-detection/slicing/output/CPG/cwe197_cpg/cwe197-460-cpg-resolved.bin	tc460_flow1	CWE197_Numeric_Truncation_Error__int_console_readLine_to_byte_16.java	44	CWE197_Numeric_Truncation_Error__int_console_readLine_to_byte_16.java	94
/home/swlab/Documents/swvul/java-vuln-detection/slicing/output/CPG/cwe197_cpg/cwe197-460-cpg-resolved.bin	tc460_flow2	CWE197_Numeric_Truncation_Error__int_console_readLine_to_byte_16.java	107	CWE197_Numeric_Truncation_Error__int_console_readLine_to_byte_16.java	113
/home/swlab/Documents/swvul/java-vuln-detection/slicing/output/CPG/cwe197_cpg/cwe197-461-cpg-resolved.bin	tc461_flow1	CWE197_Numeric_Truncation_Error__int_console_readLine_to_byte_17.java	45	CWE197_Numeric_Truncation_Error__int_console_readLine_to_byte_17.java	95
/home/swlab/Documents/swvul/java-vuln-detection/slicing/output/CPG/cwe197_cpg/cwe197-461-cpg-resolved.bin	tc461_flow2	CWE197_Numeric_Truncation_Error__int_console_readLine_to_byte_17.java	107	CWE197_Numeric_Truncation_Error__int_console_readLine_to_byte_17.java	113
/home/swlab/Documents/swvul/java-vuln-detection/slicing/output/CPG/cwe197_cpg/cwe197-462-cpg-resolved.bin	tc462_flow2	CWE197_Numeric_Truncation_Error__int_console_readLine_to_byte_21.java	156	CWE197_Numeric_Truncation_Error__int_console_readLine_to_byte_21.java	137
/home/swlab/Documents/swvul/java-vuln-detection/slicing/output/CPG/cwe197_cpg/cwe197-462-cpg-resolved.bin	tc462_flow3	CWE197_Numeric_Truncation_Error__int_console_readLine_to_byte_21.java	185	CWE197_Numeric_Truncation_Error__int_console_readLine_to_byte_21.java	173
/home/swlab/Documents/swvul/java-vuln-detection/slicing/output/CPG/cwe197_cpg/cwe197-463-cpg-resolved.bin	tc463_flow2	CWE197_Numeric_Truncation_Error__int_console_readLine_to_byte_22b.java	114	CWE197_Numeric_Truncation_Error__int_console_readLine_to_byte_22a.java	61
/home/swlab/Documents/swvul/java-vuln-detection/slicing/output/CPG/cwe197_cpg/cwe197-463-cpg-resolved.bin	tc463_flow3	CWE197_Numeric_Truncation_Error__int_console_readLine_to_byte_22b.java	129	CWE197_Numeric_Truncation_Error__int_console_readLine_to_byte_22a.java	76
/home/swlab/Documents/swvul/java-vuln-detection/slicing/output/CPG/cwe197_cpg/cwe197-464-cpg-resolved.bin	tc464_flow1	CWE197_Numeric_Truncation_Error__int_console_readLine_to_byte_31.java	48	CWE197_Numeric_Truncation_Error__int_console_readLine_to_byte_31.java	101
/home/swlab/Documents/swvul/java-vuln-detection/slicing/output/CPG/cwe197_cpg/cwe197-464-cpg-resolved.bin	tc464_flow2	CWE197_Numeric_Truncation_Error__int_console_readLine_to_byte_31.java	120	CWE197_Numeric_Truncation_Error__int_console_readLine_to_byte_31.java	129
/home/swlab/Documents/swvul/java-vuln-detection/slicing/output/CPG/cwe197_cpg/cwe197-465-cpg-resolved.bin	tc465_flow1	CWE197_Numeric_Truncation_Error__int_console_readLine_to_byte_41.java	32	CWE197_Numeric_Truncation_Error__int_console_readLine_to_byte_41.java	100
/home/swlab/Documents/swvul/java-vuln-detection/slicing/output/CPG/cwe197_cpg/cwe197-465-cpg-resolved.bin	tc465_flow2	CWE197_Numeric_Truncation_Error__int_console_readLine_to_byte_41.java	124	CWE197_Numeric_Truncation_Error__int_console_readLine_to_byte_41.java	113
/home/swlab/Documents/swvul/java-vuln-detection/slicing/output/CPG/cwe197_cpg/cwe197-466-cpg-resolved.bin	tc466_flow1	CWE197_Numeric_Truncation_Error__int_console_readLine_to_byte_42.java	44	CWE197_Numeric_Truncation_Error__int_console_readLine_to_byte_42.java	100
/home/swlab/Documents/swvul/java-vuln-detection/slicing/output/CPG/cwe197_cpg/cwe197-466-cpg-resolved.bin	tc466_flow2	CWE197_Numeric_Truncation_Error__int_console_readLine_to_byte_42.java	110	CWE197_Numeric_Truncation_Error__int_console_readLine_to_byte_42.java	122
/home/swlab/Documents/swvul/java-vuln-detection/slicing/output/CPG/cwe197_cpg/cwe197-467-cpg-resolved.bin	tc467_flow1	CWE197_Numeric_Truncation_Error__int_console_readLine_to_byte_45.java	37	CWE197_Numeric_Truncation_Error__int_console_readLine_to_byte_45.java	106
/home/swlab/Documents/swvul/java-vuln-detection/slicing/output/CPG/cwe197_cpg/cwe197-467-cpg-resolved.bin	tc467_flow2	CWE197_Numeric_Truncation_Error__int_console_readLine_to_byte_45.java	132	CWE197_Numeric_Truncation_Error__int_console_readLine_to_byte_45.java	121
/home/swlab/Documents/swvul/java-vuln-detection/slicing/output/CPG/cwe197_cpg/cwe197-468-cpg-resolved.bin	tc468_flow1	CWE197_Numeric_Truncation_Error__int_console_readLine_to_byte_51b.java	26	CWE197_Numeric_Truncation_Error__int_console_readLine_to_byte_51a.java	90
/home/swlab/Documents/swvul/java-vuln-detection/slicing/output/CPG/cwe197_cpg/cwe197-468-cpg-resolved.bin	tc468_flow2	CWE197_Numeric_Truncation_Error__int_console_readLine_to_byte_51a.java	104	CWE197_Numeric_Truncation_Error__int_console_readLine_to_byte_51b.java	37
/home/swlab/Documents/swvul/java-vuln-detection/slicing/output/CPG/cwe197_cpg/cwe197-469-cpg-resolved.bin	tc469_flow1	CWE197_Numeric_Truncation_Error__int_console_readLine_to_byte_52c.java	27	CWE197_Numeric_Truncation_Error__int_console_readLine_to_byte_52a.java	91
/home/swlab/Documents/swvul/java-vuln-detection/slicing/output/CPG/cwe197_cpg/cwe197-469-cpg-resolved.bin	tc469_flow2	CWE197_Numeric_Truncation_Error__int_console_readLine_to_byte_52a.java	105	CWE197_Numeric_Truncation_Error__int_console_readLine_to_byte_52c.java	38
/home/swlab/Documents/swvul/java-vuln-detection/slicing/output/CPG/cwe197_cpg/cwe197-470-cpg-resolved.bin	tc470_flow1	CWE197_Numeric_Truncation_Error__int_console_readLine_to_byte_53d.java	27	CWE197_Numeric_Truncation_Error__int_console_readLine_to_byte_53a.java	91
/home/swlab/Documents/swvul/java-vuln-detection/slicing/output/CPG/cwe197_cpg/cwe197-470-cpg-resolved.bin	tc470_flow2	CWE197_Numeric_Truncation_Error__int_console_readLine_to_byte_53a.java	105	CWE197_Numeric_Truncation_Error__int_console_readLine_to_byte_53d.java	38
/home/swlab/Documents/swvul/java-vuln-detection/slicing/output/CPG/cwe197_cpg/cwe197-471-cpg-resolved.bin	tc471_flow1	CWE197_Numeric_Truncation_Error__int_console_readLine_to_byte_54e.java	27	CWE197_Numeric_Truncation_Error__int_console_readLine_to_byte_54a.java	91
/home/swlab/Documents/swvul/java-vuln-detection/slicing/output/CPG/cwe197_cpg/cwe197-471-cpg-resolved.bin	tc471_flow2	CWE197_Numeric_Truncation_Error__int_console_readLine_to_byte_54a.java	105	CWE197_Numeric_Truncation_Error__int_console_readLine_to_byte_54e.java	38
/home/swlab/Documents/swvul/java-vuln-detection/slicing/output/CPG/cwe197_cpg/cwe197-472-cpg-resolved.bin	tc472_flow1	CWE197_Numeric_Truncation_Error__int_console_readLine_to_byte_61a.java	28	CWE197_Numeric_Truncation_Error__int_console_readLine_to_byte_61b.java	91
/home/swlab/Documents/swvul/java-vuln-detection/slicing/output/CPG/cwe197_cpg/cwe197-472-cpg-resolved.bin	tc472_flow2	CWE197_Numeric_Truncation_Error__int_console_readLine_to_byte_61b.java	100	CWE197_Numeric_Truncation_Error__int_console_readLine_to_byte_61a.java	45
/home/swlab/Documents/swvul/java-vuln-detection/slicing/output/CPG/cwe197_cpg/cwe197-473-cpg-resolved.bin	tc473_flow1	CWE197_Numeric_Truncation_Error__int_console_readLine_to_byte_66b.java	28	CWE197_Numeric_Truncation_Error__int_console_readLine_to_byte_66a.java	91
/home/swlab/Documents/swvul/java-vuln-detection/slicing/output/CPG/cwe197_cpg/cwe197-473-cpg-resolved.bin	tc473_flow2	CWE197_Numeric_Truncation_Error__int_console_readLine_to_byte_66a.java	107	CWE197_Numeric_Truncation_Error__int_console_readLine_to_byte_66b.java	40
/home/swlab/Documents/swvul/java-vuln-detection/slicing/output/CPG/cwe197_cpg/cwe197-474-cpg-resolved.bin	tc474_flow1	CWE197_Numeric_Truncation_Error__int_console_readLine_to_byte_67b.java	28	CWE197_Numeric_Truncation_Error__int_console_readLine_to_byte_67a.java	96
/home/swlab/Documents/swvul/java-vuln-detection/slicing/output/CPG/cwe197_cpg/cwe197-474-cpg-resolved.bin	tc474_flow2	CWE197_Numeric_Truncation_Error__int_console_readLine_to_byte_67a.java	112	CWE197_Numeric_Truncation_Error__int_console_readLine_to_byte_67b.java	40
/home/swlab/Documents/swvul/java-vuln-detection/slicing/output/CPG/cwe197_cpg/cwe197-475-cpg-resolved.bin	tc475_flow1	CWE197_Numeric_Truncation_Error__int_console_readLine_to_byte_68b.java	27	CWE197_Numeric_Truncation_Error__int_console_readLine_to_byte_68a.java	91
/home/swlab/Documents/swvul/java-vuln-detection/slicing/output/CPG/cwe197_cpg/cwe197-475-cpg-resolved.bin	tc475_flow2	CWE197_Numeric_Truncation_Error__int_console_readLine_to_byte_68a.java	104	CWE197_Numeric_Truncation_Error__int_console_readLine_to_byte_68b.java	39
/home/swlab/Documents/swvul/java-vuln-detection/slicing/output/CPG/cwe197_cpg/cwe197-476-cpg-resolved.bin	tc476_flow1	CWE197_Numeric_Truncation_Error__int_console_readLine_to_byte_71b.java	28	CWE197_Numeric_Truncation_Error__int_console_readLine_to_byte_71a.java	91
/home/swlab/Documents/swvul/java-vuln-detection/slicing/output/CPG/cwe197_cpg/cwe197-476-cpg-resolved.bin	tc476_flow2	CWE197_Numeric_Truncation_Error__int_console_readLine_to_byte_71a.java	105	CWE197_Numeric_Truncation_Error__int_console_readLine_to_byte_71b.java	40
/home/swlab/Documents/swvul/java-vuln-detection/slicing/output/CPG/cwe197_cpg/cwe197-477-cpg-resolved.bin	tc477_flow1	CWE197_Numeric_Truncation_Error__int_console_readLine_to_byte_72b.java	29	CWE197_Numeric_Truncation_Error__int_console_readLine_to_byte_72a.java	92
/home/swlab/Documents/swvul/java-vuln-detection/slicing/output/CPG/cwe197_cpg/cwe197-477-cpg-resolved.bin	tc477_flow2	CWE197_Numeric_Truncation_Error__int_console_readLine_to_byte_72a.java	110	CWE197_Numeric_Truncation_Error__int_console_readLine_to_byte_72b.java	41
/home/swlab/Documents/swvul/java-vuln-detection/slicing/output/CPG/cwe197_cpg/cwe197-478-cpg-resolved.bin	tc478_flow1	CWE197_Numeric_Truncation_Error__int_console_readLine_to_byte_73b.java	29	CWE197_Numeric_Truncation_Error__int_console_readLine_to_byte_73a.java	92
/home/swlab/Documents/swvul/java-vuln-detection/slicing/output/CPG/cwe197_cpg/cwe197-478-cpg-resolved.bin	tc478_flow2	CWE197_Numeric_Truncation_Error__int_console_readLine_to_byte_73a.java	110	CWE197_Numeric_Truncation_Error__int_console_readLine_to_byte_73b.java	41
/home/swlab/Documents/swvul/java-vuln-detection/slicing/output/CPG/cwe197_cpg/cwe197-479-cpg-resolved.bin	tc479_flow1	CWE197_Numeric_Truncation_Error__int_console_readLine_to_byte_74b.java	29	CWE197_Numeric_Truncation_Error__int_console_readLine_to_byte_74a.java	92
/home/swlab/Documents/swvul/java-vuln-detection/slicing/output/CPG/cwe197_cpg/cwe197-479-cpg-resolved.bin	tc479_flow2	CWE197_Numeric_Truncation_Error__int_console_readLine_to_byte_74a.java	110	CWE197_Numeric_Truncation_Error__int_console_readLine_to_byte_74b.java	41
/home/swlab/Documents/swvul/java-vuln-detection/slicing/output/CPG/cwe197_cpg/cwe197-480-cpg-resolved.bin	tc480_flow2	CWE197_Numeric_Truncation_Error__int_console_readLine_to_byte_75a.java	150	CWE197_Numeric_Truncation_Error__int_console_readLine_to_byte_75b.java	96
/home/swlab/Documents/swvul/java-vuln-detection/slicing/output/CPG/cwe197_cpg/cwe197-481-cpg-resolved.bin	tc481_flow1	CWE197_Numeric_Truncation_Error__int_console_readLine_to_byte_81_bad.java	27	CWE197_Numeric_Truncation_Error__int_console_readLine_to_byte_81a.java	91
/home/swlab/Documents/swvul/java-vuln-detection/slicing/output/CPG/cwe197_cpg/cwe197-481-cpg-resolved.bin	tc481_flow2	CWE197_Numeric_Truncation_Error__int_console_readLine_to_byte_81a.java	106	CWE197_Numeric_Truncation_Error__int_console_readLine_to_byte_81_goodG2B.java	27
/home/swlab/Documents/swvul/java-vuln-detection/slicing/output/CPG/cwe197_cpg/cwe197-482-cpg-resolved.bin	tc482_flow1	CWE197_Numeric_Truncation_Error__int_console_readLine_to_short_01.java	45	CWE197_Numeric_Truncation_Error__int_console_readLine_to_short_01.java	93
/home/swlab/Documents/swvul/java-vuln-detection/slicing/output/CPG/cwe197_cpg/cwe197-482-cpg-resolved.bin	tc482_flow2	CWE197_Numeric_Truncation_Error__int_console_readLine_to_short_01.java	109	CWE197_Numeric_Truncation_Error__int_console_readLine_to_short_01.java	113
/home/swlab/Documents/swvul/java-vuln-detection/slicing/output/CPG/cwe197_cpg/cwe197-483-cpg-resolved.bin	tc483_flow1	CWE197_Numeric_Truncation_Error__int_console_readLine_to_short_02.java	43	CWE197_Numeric_Truncation_Error__int_console_readLine_to_short_02.java	98
/home/swlab/Documents/swvul/java-vuln-detection/slicing/output/CPG/cwe197_cpg/cwe197-483-cpg-resolved.bin	tc483_flow2	CWE197_Numeric_Truncation_Error__int_console_readLine_to_short_02.java	117	CWE197_Numeric_Truncation_Error__int_console_readLine_to_short_02.java	123
/home/swlab/Documents/swvul/java-vuln-detection/slicing/output/CPG/cwe197_cpg/cwe197-483-cpg-resolved.bin	tc483_flow3	CWE197_Numeric_Truncation_Error__int_console_readLine_to_short_02.java	135	CWE197_Numeric_Truncation_Error__int_console_readLine_to_short_02.java	146
/home/swlab/Documents/swvul/java-vuln-detection/slicing/output/CPG/cwe197_cpg/cwe197-484-cpg-resolved.bin	tc484_flow1	CWE197_Numeric_Truncation_Error__int_console_readLine_to_short_03.java	43	CWE197_Numeric_Truncation_Error__int_console_readLine_to_short_03.java	98
/home/swlab/Documents/swvul/java-vuln-detection/slicing/output/CPG/cwe197_cpg/cwe197-484-cpg-resolved.bin	tc484_flow2	CWE197_Numeric_Truncation_Error__int_console_readLine_to_short_03.java	117	CWE197_Numeric_Truncation_Error__int_console_readLine_to_short_03.java	123
/home/swlab/Documents/swvul/java-vuln-detection/slicing/output/CPG/cwe197_cpg/cwe197-484-cpg-resolved.bin	tc484_flow3	CWE197_Numeric_Truncation_Error__int_console_readLine_to_short_03.java	135	CWE197_Numeric_Truncation_Error__int_console_readLine_to_short_03.java	146
/home/swlab/Documents/swvul/java-vuln-detection/slicing/output/CPG/cwe197_cpg/cwe197-485-cpg-resolved.bin	tc485_flow1	CWE197_Numeric_Truncation_Error__int_console_readLine_to_short_04.java	50	CWE197_Numeric_Truncation_Error__int_console_readLine_to_short_04.java	105
/home/swlab/Documents/swvul/java-vuln-detection/slicing/output/CPG/cwe197_cpg/cwe197-485-cpg-resolved.bin	tc485_flow2	CWE197_Numeric_Truncation_Error__int_console_readLine_to_short_04.java	124	CWE197_Numeric_Truncation_Error__int_console_readLine_to_short_04.java	130
/home/swlab/Documents/swvul/java-vuln-detection/slicing/output/CPG/cwe197_cpg/cwe197-485-cpg-resolved.bin	tc485_flow3	CWE197_Numeric_Truncation_Error__int_console_readLine_to_short_04.java	142	CWE197_Numeric_Truncation_Error__int_console_readLine_to_short_04.java	153
/home/swlab/Documents/swvul/java-vuln-detection/slicing/output/CPG/cwe197_cpg/cwe197-486-cpg-resolved.bin	tc486_flow1	CWE197_Numeric_Truncation_Error__int_console_readLine_to_short_05.java	50	CWE197_Numeric_Truncation_Error__int_console_readLine_to_short_05.java	105
/home/swlab/Documents/swvul/java-vuln-detection/slicing/output/CPG/cwe197_cpg/cwe197-486-cpg-resolved.bin	tc486_flow2	CWE197_Numeric_Truncation_Error__int_console_readLine_to_short_05.java	124	CWE197_Numeric_Truncation_Error__int_console_readLine_to_short_05.java	130
/home/swlab/Documents/swvul/java-vuln-detection/slicing/output/CPG/cwe197_cpg/cwe197-486-cpg-resolved.bin	tc486_flow3	CWE197_Numeric_Truncation_Error__int_console_readLine_to_short_05.java	142	CWE197_Numeric_Truncation_Error__int_console_readLine_to_short_05.java	153
/home/swlab/Documents/swvul/java-vuln-detection/slicing/output/CPG/cwe197_cpg/cwe197-487-cpg-resolved.bin	tc487_flow1	CWE197_Numeric_Truncation_Error__int_console_readLine_to_short_06.java	49	CWE197_Numeric_Truncation_Error__int_console_readLine_to_short_06.java	104
/home/swlab/Documents/swvul/java-vuln-detection/slicing/output/CPG/cwe197_cpg/cwe197-487-cpg-resolved.bin	tc487_flow2	CWE197_Numeric_Truncation_Error__int_console_readLine_to_short_06.java	123	CWE197_Numeric_Truncation_Error__int_console_readLine_to_short_06.java	129
/home/swlab/Documents/swvul/java-vuln-detection/slicing/output/CPG/cwe197_cpg/cwe197-487-cpg-resolved.bin	tc487_flow3	CWE197_Numeric_Truncation_Error__int_console_readLine_to_short_06.java	141	CWE197_Numeric_Truncation_Error__int_console_readLine_to_short_06.java	152
/home/swlab/Documents/swvul/java-vuln-detection/slicing/output/CPG/cwe197_cpg/cwe197-488-cpg-resolved.bin	tc488_flow1	CWE197_Numeric_Truncation_Error__int_console_readLine_to_short_07.java	49	CWE197_Numeric_Truncation_Error__int_console_readLine_to_short_07.java	104
/home/swlab/Documents/swvul/java-vuln-detection/slicing/output/CPG/cwe197_cpg/cwe197-488-cpg-resolved.bin	tc488_flow2	CWE197_Numeric_Truncation_Error__int_console_readLine_to_short_07.java	123	CWE197_Numeric_Truncation_Error__int_console_readLine_to_short_07.java	129
/home/swlab/Documents/swvul/java-vuln-detection/slicing/output/CPG/cwe197_cpg/cwe197-488-cpg-resolved.bin	tc488_flow3	CWE197_Numeric_Truncation_Error__int_console_readLine_to_short_07.java	141	CWE197_Numeric_Truncation_Error__int_console_readLine_to_short_07.java	152
/home/swlab/Documents/swvul/java-vuln-detection/slicing/output/CPG/cwe197_cpg/cwe197-489-cpg-resolved.bin	tc489_flow1	CWE197_Numeric_Truncation_Error__int_console_readLine_to_short_08.java	57	CWE197_Numeric_Truncation_Error__int_console_readLine_to_short_08.java	112
/home/swlab/Documents/swvul/java-vuln-detection/slicing/output/CPG/cwe197_cpg/cwe197-489-cpg-resolved.bin	tc489_flow2	CWE197_Numeric_Truncation_Error__int_console_readLine_to_short_08.java	131	CWE197_Numeric_Truncation_Error__int_console_readLine_to_short_08.java	137
/home/swlab/Documents/swvul/java-vuln-detection/slicing/output/CPG/cwe197_cpg/cwe197-489-cpg-resolved.bin	tc489_flow3	CWE197_Numeric_Truncation_Error__int_console_readLine_to_short_08.java	149	CWE197_Numeric_Truncation_Error__int_console_readLine_to_short_08.java	160
/home/swlab/Documents/swvul/java-vuln-detection/slicing/output/CPG/cwe197_cpg/cwe197-490-cpg-resolved.bin	tc490_flow1	CWE197_Numeric_Truncation_Error__int_console_readLine_to_short_09.java	43	CWE197_Numeric_Truncation_Error__int_console_readLine_to_short_09.java	98
/home/swlab/Documents/swvul/java-vuln-detection/slicing/output/CPG/cwe197_cpg/cwe197-490-cpg-resolved.bin	tc490_flow2	CWE197_Numeric_Truncation_Error__int_console_readLine_to_short_09.java	117	CWE197_Numeric_Truncation_Error__int_console_readLine_to_short_09.java	123
/home/swlab/Documents/swvul/java-vuln-detection/slicing/output/CPG/cwe197_cpg/cwe197-490-cpg-resolved.bin	tc490_flow3	CWE197_Numeric_Truncation_Error__int_console_readLine_to_short_09.java	135	CWE197_Numeric_Truncation_Error__int_console_readLine_to_short_09.java	146
/home/swlab/Documents/swvul/java-vuln-detection/slicing/output/CPG/cwe197_cpg/cwe197-491-cpg-resolved.bin	tc491_flow1	CWE197_Numeric_Truncation_Error__int_console_readLine_to_short_10.java	43	CWE197_Numeric_Truncation_Error__int_console_readLine_to_short_10.java	98
/home/swlab/Documents/swvul/java-vuln-detection/slicing/output/CPG/cwe197_cpg/cwe197-491-cpg-resolved.bin	tc491_flow2	CWE197_Numeric_Truncation_Error__int_console_readLine_to_short_10.java	117	CWE197_Numeric_Truncation_Error__int_console_readLine_to_short_10.java	123
/home/swlab/Documents/swvul/java-vuln-detection/slicing/output/CPG/cwe197_cpg/cwe197-491-cpg-resolved.bin	tc491_flow3	CWE197_Numeric_Truncation_Error__int_console_readLine_to_short_10.java	135	CWE197_Numeric_Truncation_Error__int_console_readLine_to_short_10.java	146
/home/swlab/Documents/swvul/java-vuln-detection/slicing/output/CPG/cwe197_cpg/cwe197-492-cpg-resolved.bin	tc492_flow1	CWE197_Numeric_Truncation_Error__int_console_readLine_to_short_11.java	43	CWE197_Numeric_Truncation_Error__int_console_readLine_to_short_11.java	98
/home/swlab/Documents/swvul/java-vuln-detection/slicing/output/CPG/cwe197_cpg/cwe197-492-cpg-resolved.bin	tc492_flow2	CWE197_Numeric_Truncation_Error__int_console_readLine_to_short_11.java	117	CWE197_Numeric_Truncation_Error__int_console_readLine_to_short_11.java	123
/home/swlab/Documents/swvul/java-vuln-detection/slicing/output/CPG/cwe197_cpg/cwe197-492-cpg-resolved.bin	tc492_flow3	CWE197_Numeric_Truncation_Error__int_console_readLine_to_short_11.java	135	CWE197_Numeric_Truncation_Error__int_console_readLine_to_short_11.java	146
/home/swlab/Documents/swvul/java-vuln-detection/slicing/output/CPG/cwe197_cpg/cwe197-493-cpg-resolved.bin	tc493_flow1	CWE197_Numeric_Truncation_Error__int_console_readLine_to_short_12.java	43	CWE197_Numeric_Truncation_Error__int_console_readLine_to_short_12.java	99
/home/swlab/Documents/swvul/java-vuln-detection/slicing/output/CPG/cwe197_cpg/cwe197-493-cpg-resolved.bin	tc493_flow2	CWE197_Numeric_Truncation_Error__int_console_readLine_to_short_12.java	112	CWE197_Numeric_Truncation_Error__int_console_readLine_to_short_12.java	124
/home/swlab/Documents/swvul/java-vuln-detection/slicing/output/CPG/cwe197_cpg/cwe197-494-cpg-resolved.bin	tc494_flow1	CWE197_Numeric_Truncation_Error__int_console_readLine_to_short_13.java	43	CWE197_Numeric_Truncation_Error__int_console_readLine_to_short_13.java	98
/home/swlab/Documents/swvul/java-vuln-detection/slicing/output/CPG/cwe197_cpg/cwe197-494-cpg-resolved.bin	tc494_flow2	CWE197_Numeric_Truncation_Error__int_console_readLine_to_short_13.java	117	CWE197_Numeric_Truncation_Error__int_console_readLine_to_short_13.java	123
/home/swlab/Documents/swvul/java-vuln-detection/slicing/output/CPG/cwe197_cpg/cwe197-494-cpg-resolved.bin	tc494_flow3	CWE197_Numeric_Truncation_Error__int_console_readLine_to_short_13.java	135	CWE197_Numeric_Truncation_Error__int_console_readLine_to_short_13.java	146
/home/swlab/Documents/swvul/java-vuln-detection/slicing/output/CPG/cwe197_cpg/cwe197-495-cpg-resolved.bin	tc495_flow1	CWE197_Numeric_Truncation_Error__int_console_readLine_to_short_14.java	43	CWE197_Numeric_Truncation_Error__int_console_readLine_to_short_14.java	98
/home/swlab/Documents/swvul/java-vuln-detection/slicing/output/CPG/cwe197_cpg/cwe197-495-cpg-resolved.bin	tc495_flow2	CWE197_Numeric_Truncation_Error__int_console_readLine_to_short_14.java	117	CWE197_Numeric_Truncation_Error__int_console_readLine_to_short_14.java	123
/home/swlab/Documents/swvul/java-vuln-detection/slicing/output/CPG/cwe197_cpg/cwe197-495-cpg-resolved.bin	tc495_flow3	CWE197_Numeric_Truncation_Error__int_console_readLine_to_short_14.java	135	CWE197_Numeric_Truncation_Error__int_console_readLine_to_short_14.java	146
/home/swlab/Documents/swvul/java-vuln-detection/slicing/output/CPG/cwe197_cpg/cwe197-496-cpg-resolved.bin	tc496_flow1	CWE197_Numeric_Truncation_Error__int_console_readLine_to_short_15.java	45	CWE197_Numeric_Truncation_Error__int_console_readLine_to_short_15.java	100
/home/swlab/Documents/swvul/java-vuln-detection/slicing/output/CPG/cwe197_cpg/cwe197-496-cpg-resolved.bin	tc496_flow2	CWE197_Numeric_Truncation_Error__int_console_readLine_to_short_15.java	119	CWE197_Numeric_Truncation_Error__int_console_readLine_to_short_15.java	125
/home/swlab/Documents/swvul/java-vuln-detection/slicing/output/CPG/cwe197_cpg/cwe197-496-cpg-resolved.bin	tc496_flow3	CWE197_Numeric_Truncation_Error__int_console_readLine_to_short_15.java	139	CWE197_Numeric_Truncation_Error__int_console_readLine_to_short_15.java	150
/home/swlab/Documents/swvul/java-vuln-detection/slicing/output/CPG/cwe197_cpg/cwe197-497-cpg-resolved.bin	tc497_flow1	CWE197_Numeric_Truncation_Error__int_console_readLine_to_short_16.java	44	CWE197_Numeric_Truncation_Error__int_console_readLine_to_short_16.java	94
/home/swlab/Documents/swvul/java-vuln-detection/slicing/output/CPG/cwe197_cpg/cwe197-497-cpg-resolved.bin	tc497_flow2	CWE197_Numeric_Truncation_Error__int_console_readLine_to_short_16.java	107	CWE197_Numeric_Truncation_Error__int_console_readLine_to_short_16.java	113
/home/swlab/Documents/swvul/java-vuln-detection/slicing/output/CPG/cwe197_cpg/cwe197-498-cpg-resolved.bin	tc498_flow1	CWE197_Numeric_Truncation_Error__int_console_readLine_to_short_17.java	45	CWE197_Numeric_Truncation_Error__int_console_readLine_to_short_17.java	95
/home/swlab/Documents/swvul/java-vuln-detection/slicing/output/CPG/cwe197_cpg/cwe197-498-cpg-resolved.bin	tc498_flow2	CWE197_Numeric_Truncation_Error__int_console_readLine_to_short_17.java	107	CWE197_Numeric_Truncation_Error__int_console_readLine_to_short_17.java	113
/home/swlab/Documents/swvul/java-vuln-detection/slicing/output/CPG/cwe197_cpg/cwe197-499-cpg-resolved.bin	tc499_flow2	CWE197_Numeric_Truncation_Error__int_console_readLine_to_short_21.java	156	CWE197_Numeric_Truncation_Error__int_console_readLine_to_short_21.java	137
/home/swlab/Documents/swvul/java-vuln-detection/slicing/output/CPG/cwe197_cpg/cwe197-499-cpg-resolved.bin	tc499_flow3	CWE197_Numeric_Truncation_Error__int_console_readLine_to_short_21.java	185	CWE197_Numeric_Truncation_Error__int_console_readLine_to_short_21.java	173
/home/swlab/Documents/swvul/java-vuln-detection/slicing/output/CPG/cwe197_cpg/cwe197-500-cpg-resolved.bin	tc500_flow2	CWE197_Numeric_Truncation_Error__int_console_readLine_to_short_22b.java	114	CWE197_Numeric_Truncation_Error__int_console_readLine_to_short_22a.java	61
/home/swlab/Documents/swvul/java-vuln-detection/slicing/output/CPG/cwe197_cpg/cwe197-500-cpg-resolved.bin	tc500_flow3	CWE197_Numeric_Truncation_Error__int_console_readLine_to_short_22b.java	129	CWE197_Numeric_Truncation_Error__int_console_readLine_to_short_22a.java	76
/home/swlab/Documents/swvul/java-vuln-detection/slicing/output/CPG/cwe197_cpg/cwe197-501-cpg-resolved.bin	tc501_flow1	CWE197_Numeric_Truncation_Error__int_console_readLine_to_short_31.java	48	CWE197_Numeric_Truncation_Error__int_console_readLine_to_short_31.java	101
/home/swlab/Documents/swvul/java-vuln-detection/slicing/output/CPG/cwe197_cpg/cwe197-501-cpg-resolved.bin	tc501_flow2	CWE197_Numeric_Truncation_Error__int_console_readLine_to_short_31.java	120	CWE197_Numeric_Truncation_Error__int_console_readLine_to_short_31.java	129
/home/swlab/Documents/swvul/java-vuln-detection/slicing/output/CPG/cwe197_cpg/cwe197-502-cpg-resolved.bin	tc502_flow1	CWE197_Numeric_Truncation_Error__int_console_readLine_to_short_41.java	32	CWE197_Numeric_Truncation_Error__int_console_readLine_to_short_41.java	100
/home/swlab/Documents/swvul/java-vuln-detection/slicing/output/CPG/cwe197_cpg/cwe197-502-cpg-resolved.bin	tc502_flow2	CWE197_Numeric_Truncation_Error__int_console_readLine_to_short_41.java	124	CWE197_Numeric_Truncation_Error__int_console_readLine_to_short_41.java	113
/home/swlab/Documents/swvul/java-vuln-detection/slicing/output/CPG/cwe197_cpg/cwe197-503-cpg-resolved.bin	tc503_flow1	CWE197_Numeric_Truncation_Error__int_console_readLine_to_short_42.java	44	CWE197_Numeric_Truncation_Error__int_console_readLine_to_short_42.java	100
/home/swlab/Documents/swvul/java-vuln-detection/slicing/output/CPG/cwe197_cpg/cwe197-503-cpg-resolved.bin	tc503_flow2	CWE197_Numeric_Truncation_Error__int_console_readLine_to_short_42.java	110	CWE197_Numeric_Truncation_Error__int_console_readLine_to_short_42.java	122
/home/swlab/Documents/swvul/java-vuln-detection/slicing/output/CPG/cwe197_cpg/cwe197-504-cpg-resolved.bin	tc504_flow1	CWE197_Numeric_Truncation_Error__int_console_readLine_to_short_45.java	37	CWE197_Numeric_Truncation_Error__int_console_readLine_to_short_45.java	106
/home/swlab/Documents/swvul/java-vuln-detection/slicing/output/CPG/cwe197_cpg/cwe197-504-cpg-resolved.bin	tc504_flow2	CWE197_Numeric_Truncation_Error__int_console_readLine_to_short_45.java	132	CWE197_Numeric_Truncation_Error__int_console_readLine_to_short_45.java	121
/home/swlab/Documents/swvul/java-vuln-detection/slicing/output/CPG/cwe197_cpg/cwe197-505-cpg-resolved.bin	tc505_flow1	CWE197_Numeric_Truncation_Error__int_console_readLine_to_short_51b.java	26	CWE197_Numeric_Truncation_Error__int_console_readLine_to_short_51a.java	90
/home/swlab/Documents/swvul/java-vuln-detection/slicing/output/CPG/cwe197_cpg/cwe197-505-cpg-resolved.bin	tc505_flow2	CWE197_Numeric_Truncation_Error__int_console_readLine_to_short_51a.java	104	CWE197_Numeric_Truncation_Error__int_console_readLine_to_short_51b.java	37
/home/swlab/Documents/swvul/java-vuln-detection/slicing/output/CPG/cwe197_cpg/cwe197-506-cpg-resolved.bin	tc506_flow1	CWE197_Numeric_Truncation_Error__int_console_readLine_to_short_52c.java	27	CWE197_Numeric_Truncation_Error__int_console_readLine_to_short_52a.java	91
/home/swlab/Documents/swvul/java-vuln-detection/slicing/output/CPG/cwe197_cpg/cwe197-506-cpg-resolved.bin	tc506_flow2	CWE197_Numeric_Truncation_Error__int_console_readLine_to_short_52a.java	105	CWE197_Numeric_Truncation_Error__int_console_readLine_to_short_52c.java	38
/home/swlab/Documents/swvul/java-vuln-detection/slicing/output/CPG/cwe197_cpg/cwe197-507-cpg-resolved.bin	tc507_flow1	CWE197_Numeric_Truncation_Error__int_console_readLine_to_short_53d.java	27	CWE197_Numeric_Truncation_Error__int_console_readLine_to_short_53a.java	91
/home/swlab/Documents/swvul/java-vuln-detection/slicing/output/CPG/cwe197_cpg/cwe197-507-cpg-resolved.bin	tc507_flow2	CWE197_Numeric_Truncation_Error__int_console_readLine_to_short_53a.java	105	CWE197_Numeric_Truncation_Error__int_console_readLine_to_short_53d.java	38
/home/swlab/Documents/swvul/java-vuln-detection/slicing/output/CPG/cwe197_cpg/cwe197-508-cpg-resolved.bin	tc508_flow1	CWE197_Numeric_Truncation_Error__int_console_readLine_to_short_54e.java	27	CWE197_Numeric_Truncation_Error__int_console_readLine_to_short_54a.java	91
/home/swlab/Documents/swvul/java-vuln-detection/slicing/output/CPG/cwe197_cpg/cwe197-508-cpg-resolved.bin	tc508_flow2	CWE197_Numeric_Truncation_Error__int_console_readLine_to_short_54a.java	105	CWE197_Numeric_Truncation_Error__int_console_readLine_to_short_54e.java	38
/home/swlab/Documents/swvul/java-vuln-detection/slicing/output/CPG/cwe197_cpg/cwe197-509-cpg-resolved.bin	tc509_flow1	CWE197_Numeric_Truncation_Error__int_console_readLine_to_short_61a.java	28	CWE197_Numeric_Truncation_Error__int_console_readLine_to_short_61b.java	91
/home/swlab/Documents/swvul/java-vuln-detection/slicing/output/CPG/cwe197_cpg/cwe197-509-cpg-resolved.bin	tc509_flow2	CWE197_Numeric_Truncation_Error__int_console_readLine_to_short_61b.java	100	CWE197_Numeric_Truncation_Error__int_console_readLine_to_short_61a.java	45
/home/swlab/Documents/swvul/java-vuln-detection/slicing/output/CPG/cwe197_cpg/cwe197-510-cpg-resolved.bin	tc510_flow1	CWE197_Numeric_Truncation_Error__int_console_readLine_to_short_66b.java	28	CWE197_Numeric_Truncation_Error__int_console_readLine_to_short_66a.java	91
/home/swlab/Documents/swvul/java-vuln-detection/slicing/output/CPG/cwe197_cpg/cwe197-510-cpg-resolved.bin	tc510_flow2	CWE197_Numeric_Truncation_Error__int_console_readLine_to_short_66a.java	107	CWE197_Numeric_Truncation_Error__int_console_readLine_to_short_66b.java	40
/home/swlab/Documents/swvul/java-vuln-detection/slicing/output/CPG/cwe197_cpg/cwe197-511-cpg-resolved.bin	tc511_flow1	CWE197_Numeric_Truncation_Error__int_console_readLine_to_short_67b.java	28	CWE197_Numeric_Truncation_Error__int_console_readLine_to_short_67a.java	96
/home/swlab/Documents/swvul/java-vuln-detection/slicing/output/CPG/cwe197_cpg/cwe197-511-cpg-resolved.bin	tc511_flow2	CWE197_Numeric_Truncation_Error__int_console_readLine_to_short_67a.java	112	CWE197_Numeric_Truncation_Error__int_console_readLine_to_short_67b.java	40
/home/swlab/Documents/swvul/java-vuln-detection/slicing/output/CPG/cwe197_cpg/cwe197-512-cpg-resolved.bin	tc512_flow1	CWE197_Numeric_Truncation_Error__int_console_readLine_to_short_68b.java	27	CWE197_Numeric_Truncation_Error__int_console_readLine_to_short_68a.java	91
/home/swlab/Documents/swvul/java-vuln-detection/slicing/output/CPG/cwe197_cpg/cwe197-512-cpg-resolved.bin	tc512_flow2	CWE197_Numeric_Truncation_Error__int_console_readLine_to_short_68a.java	104	CWE197_Numeric_Truncation_Error__int_console_readLine_to_short_68b.java	39
/home/swlab/Documents/swvul/java-vuln-detection/slicing/output/CPG/cwe197_cpg/cwe197-513-cpg-resolved.bin	tc513_flow1	CWE197_Numeric_Truncation_Error__int_console_readLine_to_short_71b.java	28	CWE197_Numeric_Truncation_Error__int_console_readLine_to_short_71a.java	91
/home/swlab/Documents/swvul/java-vuln-detection/slicing/output/CPG/cwe197_cpg/cwe197-513-cpg-resolved.bin	tc513_flow2	CWE197_Numeric_Truncation_Error__int_console_readLine_to_short_71a.java	105	CWE197_Numeric_Truncation_Error__int_console_readLine_to_short_71b.java	40
/home/swlab/Documents/swvul/java-vuln-detection/slicing/output/CPG/cwe197_cpg/cwe197-514-cpg-resolved.bin	tc514_flow1	CWE197_Numeric_Truncation_Error__int_console_readLine_to_short_72b.java	29	CWE197_Numeric_Truncation_Error__int_console_readLine_to_short_72a.java	92
/home/swlab/Documents/swvul/java-vuln-detection/slicing/output/CPG/cwe197_cpg/cwe197-514-cpg-resolved.bin	tc514_flow2	CWE197_Numeric_Truncation_Error__int_console_readLine_to_short_72a.java	110	CWE197_Numeric_Truncation_Error__int_console_readLine_to_short_72b.java	41
/home/swlab/Documents/swvul/java-vuln-detection/slicing/output/CPG/cwe197_cpg/cwe197-515-cpg-resolved.bin	tc515_flow1	CWE197_Numeric_Truncation_Error__int_console_readLine_to_short_73b.java	29	CWE197_Numeric_Truncation_Error__int_console_readLine_to_short_73a.java	92
/home/swlab/Documents/swvul/java-vuln-detection/slicing/output/CPG/cwe197_cpg/cwe197-515-cpg-resolved.bin	tc515_flow2	CWE197_Numeric_Truncation_Error__int_console_readLine_to_short_73a.java	110	CWE197_Numeric_Truncation_Error__int_console_readLine_to_short_73b.java	41
/home/swlab/Documents/swvul/java-vuln-detection/slicing/output/CPG/cwe197_cpg/cwe197-516-cpg-resolved.bin	tc516_flow1	CWE197_Numeric_Truncation_Error__int_console_readLine_to_short_74b.java	29	CWE197_Numeric_Truncation_Error__int_console_readLine_to_short_74a.java	92
/home/swlab/Documents/swvul/java-vuln-detection/slicing/output/CPG/cwe197_cpg/cwe197-516-cpg-resolved.bin	tc516_flow2	CWE197_Numeric_Truncation_Error__int_console_readLine_to_short_74a.java	110	CWE197_Numeric_Truncation_Error__int_console_readLine_to_short_74b.java	41
/home/swlab/Documents/swvul/java-vuln-detection/slicing/output/CPG/cwe197_cpg/cwe197-517-cpg-resolved.bin	tc517_flow2	CWE197_Numeric_Truncation_Error__int_console_readLine_to_short_75a.java	150	CWE197_Numeric_Truncation_Error__int_console_readLine_to_short_75b.java	96
/home/swlab/Documents/swvul/java-vuln-detection/slicing/output/CPG/cwe197_cpg/cwe197-518-cpg-resolved.bin	tc518_flow1	CWE197_Numeric_Truncation_Error__int_console_readLine_to_short_81_bad.java	27	CWE197_Numeric_Truncation_Error__int_console_readLine_to_short_81a.java	91
/home/swlab/Documents/swvul/java-vuln-detection/slicing/output/CPG/cwe197_cpg/cwe197-518-cpg-resolved.bin	tc518_flow2	CWE197_Numeric_Truncation_Error__int_console_readLine_to_short_81a.java	106	CWE197_Numeric_Truncation_Error__int_console_readLine_to_short_81_goodG2B.java	27
/home/swlab/Documents/swvul/java-vuln-detection/slicing/output/CPG/cwe197_cpg/cwe197-519-cpg-resolved.bin	tc519_flow1	CWE197_Numeric_Truncation_Error__int_database_to_byte_01.java	51	CWE197_Numeric_Truncation_Error__int_database_to_byte_01.java	111
/home/swlab/Documents/swvul/java-vuln-detection/slicing/output/CPG/cwe197_cpg/cwe197-519-cpg-resolved.bin	tc519_flow2	CWE197_Numeric_Truncation_Error__int_database_to_byte_01.java	127	CWE197_Numeric_Truncation_Error__int_database_to_byte_01.java	131
/home/swlab/Documents/swvul/java-vuln-detection/slicing/output/CPG/cwe197_cpg/cwe197-520-cpg-resolved.bin	tc520_flow1	CWE197_Numeric_Truncation_Error__int_database_to_byte_02.java	48	CWE197_Numeric_Truncation_Error__int_database_to_byte_02.java	115
/home/swlab/Documents/swvul/java-vuln-detection/slicing/output/CPG/cwe197_cpg/cwe197-520-cpg-resolved.bin	tc520_flow2	CWE197_Numeric_Truncation_Error__int_database_to_byte_02.java	134	CWE197_Numeric_Truncation_Error__int_database_to_byte_02.java	140
/home/swlab/Documents/swvul/java-vuln-detection/slicing/output/CPG/cwe197_cpg/cwe197-520-cpg-resolved.bin	tc520_flow3	CWE197_Numeric_Truncation_Error__int_database_to_byte_02.java	152	CWE197_Numeric_Truncation_Error__int_database_to_byte_02.java	163
/home/swlab/Documents/swvul/java-vuln-detection/slicing/output/CPG/cwe197_cpg/cwe197-521-cpg-resolved.bin	tc521_flow1	CWE197_Numeric_Truncation_Error__int_database_to_byte_03.java	48	CWE197_Numeric_Truncation_Error__int_database_to_byte_03.java	115
/home/swlab/Documents/swvul/java-vuln-detection/slicing/output/CPG/cwe197_cpg/cwe197-521-cpg-resolved.bin	tc521_flow2	CWE197_Numeric_Truncation_Error__int_database_to_byte_03.java	134	CWE197_Numeric_Truncation_Error__int_database_to_byte_03.java	140
/home/swlab/Documents/swvul/java-vuln-detection/slicing/output/CPG/cwe197_cpg/cwe197-521-cpg-resolved.bin	tc521_flow3	CWE197_Numeric_Truncation_Error__int_database_to_byte_03.java	152	CWE197_Numeric_Truncation_Error__int_database_to_byte_03.java	163
/home/swlab/Documents/swvul/java-vuln-detection/slicing/output/CPG/cwe197_cpg/cwe197-522-cpg-resolved.bin	tc522_flow1	CWE197_Numeric_Truncation_Error__int_database_to_byte_04.java	55	CWE197_Numeric_Truncation_Error__int_database_to_byte_04.java	122
/home/swlab/Documents/swvul/java-vuln-detection/slicing/output/CPG/cwe197_cpg/cwe197-522-cpg-resolved.bin	tc522_flow2	CWE197_Numeric_Truncation_Error__int_database_to_byte_04.java	141	CWE197_Numeric_Truncation_Error__int_database_to_byte_04.java	147
/home/swlab/Documents/swvul/java-vuln-detection/slicing/output/CPG/cwe197_cpg/cwe197-522-cpg-resolved.bin	tc522_flow3	CWE197_Numeric_Truncation_Error__int_database_to_byte_04.java	159	CWE197_Numeric_Truncation_Error__int_database_to_byte_04.java	170
/home/swlab/Documents/swvul/java-vuln-detection/slicing/output/CPG/cwe197_cpg/cwe197-523-cpg-resolved.bin	tc523_flow1	CWE197_Numeric_Truncation_Error__int_database_to_byte_05.java	55	CWE197_Numeric_Truncation_Error__int_database_to_byte_05.java	122
/home/swlab/Documents/swvul/java-vuln-detection/slicing/output/CPG/cwe197_cpg/cwe197-523-cpg-resolved.bin	tc523_flow2	CWE197_Numeric_Truncation_Error__int_database_to_byte_05.java	141	CWE197_Numeric_Truncation_Error__int_database_to_byte_05.java	147
/home/swlab/Documents/swvul/java-vuln-detection/slicing/output/CPG/cwe197_cpg/cwe197-523-cpg-resolved.bin	tc523_flow3	CWE197_Numeric_Truncation_Error__int_database_to_byte_05.java	159	CWE197_Numeric_Truncation_Error__int_database_to_byte_05.java	170
/home/swlab/Documents/swvul/java-vuln-detection/slicing/output/CPG/cwe197_cpg/cwe197-524-cpg-resolved.bin	tc524_flow1	CWE197_Numeric_Truncation_Error__int_database_to_byte_06.java	54	CWE197_Numeric_Truncation_Error__int_database_to_byte_06.java	121
/home/swlab/Documents/swvul/java-vuln-detection/slicing/output/CPG/cwe197_cpg/cwe197-524-cpg-resolved.bin	tc524_flow2	CWE197_Numeric_Truncation_Error__int_database_to_byte_06.java	140	CWE197_Numeric_Truncation_Error__int_database_to_byte_06.java	146
/home/swlab/Documents/swvul/java-vuln-detection/slicing/output/CPG/cwe197_cpg/cwe197-524-cpg-resolved.bin	tc524_flow3	CWE197_Numeric_Truncation_Error__int_database_to_byte_06.java	158	CWE197_Numeric_Truncation_Error__int_database_to_byte_06.java	169
/home/swlab/Documents/swvul/java-vuln-detection/slicing/output/CPG/cwe197_cpg/cwe197-525-cpg-resolved.bin	tc525_flow1	CWE197_Numeric_Truncation_Error__int_database_to_byte_07.java	54	CWE197_Numeric_Truncation_Error__int_database_to_byte_07.java	121
/home/swlab/Documents/swvul/java-vuln-detection/slicing/output/CPG/cwe197_cpg/cwe197-525-cpg-resolved.bin	tc525_flow2	CWE197_Numeric_Truncation_Error__int_database_to_byte_07.java	140	CWE197_Numeric_Truncation_Error__int_database_to_byte_07.java	146
/home/swlab/Documents/swvul/java-vuln-detection/slicing/output/CPG/cwe197_cpg/cwe197-525-cpg-resolved.bin	tc525_flow3	CWE197_Numeric_Truncation_Error__int_database_to_byte_07.java	158	CWE197_Numeric_Truncation_Error__int_database_to_byte_07.java	169
/home/swlab/Documents/swvul/java-vuln-detection/slicing/output/CPG/cwe197_cpg/cwe197-526-cpg-resolved.bin	tc526_flow1	CWE197_Numeric_Truncation_Error__int_database_to_byte_08.java	62	CWE197_Numeric_Truncation_Error__int_database_to_byte_08.java	129
/home/swlab/Documents/swvul/java-vuln-detection/slicing/output/CPG/cwe197_cpg/cwe197-526-cpg-resolved.bin	tc526_flow2	CWE197_Numeric_Truncation_Error__int_database_to_byte_08.java	148	CWE197_Numeric_Truncation_Error__int_database_to_byte_08.java	154
/home/swlab/Documents/swvul/java-vuln-detection/slicing/output/CPG/cwe197_cpg/cwe197-526-cpg-resolved.bin	tc526_flow3	CWE197_Numeric_Truncation_Error__int_database_to_byte_08.java	166	CWE197_Numeric_Truncation_Error__int_database_to_byte_08.java	177
/home/swlab/Documents/swvul/java-vuln-detection/slicing/output/CPG/cwe197_cpg/cwe197-527-cpg-resolved.bin	tc527_flow1	CWE197_Numeric_Truncation_Error__int_database_to_byte_09.java	48	CWE197_Numeric_Truncation_Error__int_database_to_byte_09.java	115
/home/swlab/Documents/swvul/java-vuln-detection/slicing/output/CPG/cwe197_cpg/cwe197-527-cpg-resolved.bin	tc527_flow2	CWE197_Numeric_Truncation_Error__int_database_to_byte_09.java	134	CWE197_Numeric_Truncation_Error__int_database_to_byte_09.java	140
/home/swlab/Documents/swvul/java-vuln-detection/slicing/output/CPG/cwe197_cpg/cwe197-527-cpg-resolved.bin	tc527_flow3	CWE197_Numeric_Truncation_Error__int_database_to_byte_09.java	152	CWE197_Numeric_Truncation_Error__int_database_to_byte_09.java	163
/home/swlab/Documents/swvul/java-vuln-detection/slicing/output/CPG/cwe197_cpg/cwe197-528-cpg-resolved.bin	tc528_flow1	CWE197_Numeric_Truncation_Error__int_database_to_byte_10.java	48	CWE197_Numeric_Truncation_Error__int_database_to_byte_10.java	115
/home/swlab/Documents/swvul/java-vuln-detection/slicing/output/CPG/cwe197_cpg/cwe197-528-cpg-resolved.bin	tc528_flow2	CWE197_Numeric_Truncation_Error__int_database_to_byte_10.java	134	CWE197_Numeric_Truncation_Error__int_database_to_byte_10.java	140
/home/swlab/Documents/swvul/java-vuln-detection/slicing/output/CPG/cwe197_cpg/cwe197-528-cpg-resolved.bin	tc528_flow3	CWE197_Numeric_Truncation_Error__int_database_to_byte_10.java	152	CWE197_Numeric_Truncation_Error__int_database_to_byte_10.java	163
/home/swlab/Documents/swvul/java-vuln-detection/slicing/output/CPG/cwe197_cpg/cwe197-529-cpg-resolved.bin	tc529_flow1	CWE197_Numeric_Truncation_Error__int_database_to_byte_11.java	48	CWE197_Numeric_Truncation_Error__int_database_to_byte_11.java	115
/home/swlab/Documents/swvul/java-vuln-detection/slicing/output/CPG/cwe197_cpg/cwe197-529-cpg-resolved.bin	tc529_flow2	CWE197_Numeric_Truncation_Error__int_database_to_byte_11.java	134	CWE197_Numeric_Truncation_Error__int_database_to_byte_11.java	140
/home/swlab/Documents/swvul/java-vuln-detection/slicing/output/CPG/cwe197_cpg/cwe197-529-cpg-resolved.bin	tc529_flow3	CWE197_Numeric_Truncation_Error__int_database_to_byte_11.java	152	CWE197_Numeric_Truncation_Error__int_database_to_byte_11.java	163
/home/swlab/Documents/swvul/java-vuln-detection/slicing/output/CPG/cwe197_cpg/cwe197-530-cpg-resolved.bin	tc530_flow1	CWE197_Numeric_Truncation_Error__int_database_to_byte_12.java	48	CWE197_Numeric_Truncation_Error__int_database_to_byte_12.java	116
/home/swlab/Documents/swvul/java-vuln-detection/slicing/output/CPG/cwe197_cpg/cwe197-530-cpg-resolved.bin	tc530_flow2	CWE197_Numeric_Truncation_Error__int_database_to_byte_12.java	129	CWE197_Numeric_Truncation_Error__int_database_to_byte_12.java	141
/home/swlab/Documents/swvul/java-vuln-detection/slicing/output/CPG/cwe197_cpg/cwe197-531-cpg-resolved.bin	tc531_flow1	CWE197_Numeric_Truncation_Error__int_database_to_byte_13.java	48	CWE197_Numeric_Truncation_Error__int_database_to_byte_13.java	115
/home/swlab/Documents/swvul/java-vuln-detection/slicing/output/CPG/cwe197_cpg/cwe197-531-cpg-resolved.bin	tc531_flow2	CWE197_Numeric_Truncation_Error__int_database_to_byte_13.java	134	CWE197_Numeric_Truncation_Error__int_database_to_byte_13.java	140
/home/swlab/Documents/swvul/java-vuln-detection/slicing/output/CPG/cwe197_cpg/cwe197-531-cpg-resolved.bin	tc531_flow3	CWE197_Numeric_Truncation_Error__int_database_to_byte_13.java	152	CWE197_Numeric_Truncation_Error__int_database_to_byte_13.java	163
/home/swlab/Documents/swvul/java-vuln-detection/slicing/output/CPG/cwe197_cpg/cwe197-532-cpg-resolved.bin	tc532_flow1	CWE197_Numeric_Truncation_Error__int_database_to_byte_14.java	48	CWE197_Numeric_Truncation_Error__int_database_to_byte_14.java	115
/home/swlab/Documents/swvul/java-vuln-detection/slicing/output/CPG/cwe197_cpg/cwe197-532-cpg-resolved.bin	tc532_flow2	CWE197_Numeric_Truncation_Error__int_database_to_byte_14.java	134	CWE197_Numeric_Truncation_Error__int_database_to_byte_14.java	140
/home/swlab/Documents/swvul/java-vuln-detection/slicing/output/CPG/cwe197_cpg/cwe197-532-cpg-resolved.bin	tc532_flow3	CWE197_Numeric_Truncation_Error__int_database_to_byte_14.java	152	CWE197_Numeric_Truncation_Error__int_database_to_byte_14.java	163
/home/swlab/Documents/swvul/java-vuln-detection/slicing/output/CPG/cwe197_cpg/cwe197-533-cpg-resolved.bin	tc533_flow1	CWE197_Numeric_Truncation_Error__int_database_to_byte_15.java	50	CWE197_Numeric_Truncation_Error__int_database_to_byte_15.java	117
/home/swlab/Documents/swvul/java-vuln-detection/slicing/output/CPG/cwe197_cpg/cwe197-533-cpg-resolved.bin	tc533_flow2	CWE197_Numeric_Truncation_Error__int_database_to_byte_15.java	136	CWE197_Numeric_Truncation_Error__int_database_to_byte_15.java	142
/home/swlab/Documents/swvul/java-vuln-detection/slicing/output/CPG/cwe197_cpg/cwe197-533-cpg-resolved.bin	tc533_flow3	CWE197_Numeric_Truncation_Error__int_database_to_byte_15.java	156	CWE197_Numeric_Truncation_Error__int_database_to_byte_15.java	167
/home/swlab/Documents/swvul/java-vuln-detection/slicing/output/CPG/cwe197_cpg/cwe197-534-cpg-resolved.bin	tc534_flow1	CWE197_Numeric_Truncation_Error__int_database_to_byte_16.java	49	CWE197_Numeric_Truncation_Error__int_database_to_byte_16.java	111
/home/swlab/Documents/swvul/java-vuln-detection/slicing/output/CPG/cwe197_cpg/cwe197-534-cpg-resolved.bin	tc534_flow2	CWE197_Numeric_Truncation_Error__int_database_to_byte_16.java	124	CWE197_Numeric_Truncation_Error__int_database_to_byte_16.java	130
/home/swlab/Documents/swvul/java-vuln-detection/slicing/output/CPG/cwe197_cpg/cwe197-535-cpg-resolved.bin	tc535_flow1	CWE197_Numeric_Truncation_Error__int_database_to_byte_17.java	51	CWE197_Numeric_Truncation_Error__int_database_to_byte_17.java	113
/home/swlab/Documents/swvul/java-vuln-detection/slicing/output/CPG/cwe197_cpg/cwe197-535-cpg-resolved.bin	tc535_flow2	CWE197_Numeric_Truncation_Error__int_database_to_byte_17.java	125	CWE197_Numeric_Truncation_Error__int_database_to_byte_17.java	131
/home/swlab/Documents/swvul/java-vuln-detection/slicing/output/CPG/cwe197_cpg/cwe197-536-cpg-resolved.bin	tc536_flow1	CWE197_Numeric_Truncation_Error__int_database_to_byte_21.java	66	CWE197_Numeric_Truncation_Error__int_database_to_byte_21.java	41
/home/swlab/Documents/swvul/java-vuln-detection/slicing/output/CPG/cwe197_cpg/cwe197-536-cpg-resolved.bin	tc536_flow2	CWE197_Numeric_Truncation_Error__int_database_to_byte_21.java	173	CWE197_Numeric_Truncation_Error__int_database_to_byte_21.java	154
/home/swlab/Documents/swvul/java-vuln-detection/slicing/output/CPG/cwe197_cpg/cwe197-536-cpg-resolved.bin	tc536_flow3	CWE197_Numeric_Truncation_Error__int_database_to_byte_21.java	202	CWE197_Numeric_Truncation_Error__int_database_to_byte_21.java	190
/home/swlab/Documents/swvul/java-vuln-detection/slicing/output/CPG/cwe197_cpg/cwe197-537-cpg-resolved.bin	tc537_flow1	CWE197_Numeric_Truncation_Error__int_database_to_byte_22b.java	49	CWE197_Numeric_Truncation_Error__int_database_to_byte_22a.java	35
/home/swlab/Documents/swvul/java-vuln-detection/slicing/output/CPG/cwe197_cpg/cwe197-537-cpg-resolved.bin	tc537_flow2	CWE197_Numeric_Truncation_Error__int_database_to_byte_22b.java	131	CWE197_Numeric_Truncation_Error__int_database_to_byte_22a.java	61
/home/swlab/Documents/swvul/java-vuln-detection/slicing/output/CPG/cwe197_cpg/cwe197-537-cpg-resolved.bin	tc537_flow3	CWE197_Numeric_Truncation_Error__int_database_to_byte_22b.java	146	CWE197_Numeric_Truncation_Error__int_database_to_byte_22a.java	76
/home/swlab/Documents/swvul/java-vuln-detection/slicing/output/CPG/cwe197_cpg/cwe197-538-cpg-resolved.bin	tc538_flow1	CWE197_Numeric_Truncation_Error__int_database_to_byte_31.java	54	CWE197_Numeric_Truncation_Error__int_database_to_byte_31.java	119
/home/swlab/Documents/swvul/java-vuln-detection/slicing/output/CPG/cwe197_cpg/cwe197-538-cpg-resolved.bin	tc538_flow2	CWE197_Numeric_Truncation_Error__int_database_to_byte_31.java	138	CWE197_Numeric_Truncation_Error__int_database_to_byte_31.java	147
/home/swlab/Documents/swvul/java-vuln-detection/slicing/output/CPG/cwe197_cpg/cwe197-539-cpg-resolved.bin	tc539_flow1	CWE197_Numeric_Truncation_Error__int_database_to_byte_41.java	60	CWE197_Numeric_Truncation_Error__int_database_to_byte_41.java	33
/home/swlab/Documents/swvul/java-vuln-detection/slicing/output/CPG/cwe197_cpg/cwe197-539-cpg-resolved.bin	tc539_flow2	CWE197_Numeric_Truncation_Error__int_database_to_byte_41.java	142	CWE197_Numeric_Truncation_Error__int_database_to_byte_41.java	131
/home/swlab/Documents/swvul/java-vuln-detection/slicing/output/CPG/cwe197_cpg/cwe197-540-cpg-resolved.bin	tc540_flow1	CWE197_Numeric_Truncation_Error__int_database_to_byte_42.java	50	CWE197_Numeric_Truncation_Error__int_database_to_byte_42.java	118
/home/swlab/Documents/swvul/java-vuln-detection/slicing/output/CPG/cwe197_cpg/cwe197-540-cpg-resolved.bin	tc540_flow2	CWE197_Numeric_Truncation_Error__int_database_to_byte_42.java	128	CWE197_Numeric_Truncation_Error__int_database_to_byte_42.java	140
/home/swlab/Documents/swvul/java-vuln-detection/slicing/output/CPG/cwe197_cpg/cwe197-541-cpg-resolved.bin	tc541_flow1	CWE197_Numeric_Truncation_Error__int_database_to_byte_45.java	66	CWE197_Numeric_Truncation_Error__int_database_to_byte_45.java	38
/home/swlab/Documents/swvul/java-vuln-detection/slicing/output/CPG/cwe197_cpg/cwe197-541-cpg-resolved.bin	tc541_flow2	CWE197_Numeric_Truncation_Error__int_database_to_byte_45.java	150	CWE197_Numeric_Truncation_Error__int_database_to_byte_45.java	139
/home/swlab/Documents/swvul/java-vuln-detection/slicing/output/CPG/cwe197_cpg/cwe197-542-cpg-resolved.bin	tc542_flow1	CWE197_Numeric_Truncation_Error__int_database_to_byte_51a.java	50	CWE197_Numeric_Truncation_Error__int_database_to_byte_51b.java	26
/home/swlab/Documents/swvul/java-vuln-detection/slicing/output/CPG/cwe197_cpg/cwe197-542-cpg-resolved.bin	tc542_flow2	CWE197_Numeric_Truncation_Error__int_database_to_byte_51a.java	122	CWE197_Numeric_Truncation_Error__int_database_to_byte_51b.java	37
/home/swlab/Documents/swvul/java-vuln-detection/slicing/output/CPG/cwe197_cpg/cwe197-543-cpg-resolved.bin	tc543_flow1	CWE197_Numeric_Truncation_Error__int_database_to_byte_52a.java	51	CWE197_Numeric_Truncation_Error__int_database_to_byte_52c.java	27
/home/swlab/Documents/swvul/java-vuln-detection/slicing/output/CPG/cwe197_cpg/cwe197-543-cpg-resolved.bin	tc543_flow2	CWE197_Numeric_Truncation_Error__int_database_to_byte_52a.java	123	CWE197_Numeric_Truncation_Error__int_database_to_byte_52c.java	38
/home/swlab/Documents/swvul/java-vuln-detection/slicing/output/CPG/cwe197_cpg/cwe197-544-cpg-resolved.bin	tc544_flow1	CWE197_Numeric_Truncation_Error__int_database_to_byte_53a.java	51	CWE197_Numeric_Truncation_Error__int_database_to_byte_53d.java	27
/home/swlab/Documents/swvul/java-vuln-detection/slicing/output/CPG/cwe197_cpg/cwe197-544-cpg-resolved.bin	tc544_flow2	CWE197_Numeric_Truncation_Error__int_database_to_byte_53a.java	123	CWE197_Numeric_Truncation_Error__int_database_to_byte_53d.java	38
/home/swlab/Documents/swvul/java-vuln-detection/slicing/output/CPG/cwe197_cpg/cwe197-545-cpg-resolved.bin	tc545_flow1	CWE197_Numeric_Truncation_Error__int_database_to_byte_54a.java	51	CWE197_Numeric_Truncation_Error__int_database_to_byte_54e.java	27
/home/swlab/Documents/swvul/java-vuln-detection/slicing/output/CPG/cwe197_cpg/cwe197-545-cpg-resolved.bin	tc545_flow2	CWE197_Numeric_Truncation_Error__int_database_to_byte_54a.java	123	CWE197_Numeric_Truncation_Error__int_database_to_byte_54e.java	38
/home/swlab/Documents/swvul/java-vuln-detection/slicing/output/CPG/cwe197_cpg/cwe197-546-cpg-resolved.bin	tc546_flow1	CWE197_Numeric_Truncation_Error__int_database_to_byte_61b.java	51	CWE197_Numeric_Truncation_Error__int_database_to_byte_61a.java	28
/home/swlab/Documents/swvul/java-vuln-detection/slicing/output/CPG/cwe197_cpg/cwe197-546-cpg-resolved.bin	tc546_flow2	CWE197_Numeric_Truncation_Error__int_database_to_byte_61b.java	118	CWE197_Numeric_Truncation_Error__int_database_to_byte_61a.java	45
/home/swlab/Documents/swvul/java-vuln-detection/slicing/output/CPG/cwe197_cpg/cwe197-547-cpg-resolved.bin	tc547_flow1	CWE197_Numeric_Truncation_Error__int_database_to_byte_66a.java	51	CWE197_Numeric_Truncation_Error__int_database_to_byte_66b.java	28
/home/swlab/Documents/swvul/java-vuln-detection/slicing/output/CPG/cwe197_cpg/cwe197-547-cpg-resolved.bin	tc547_flow2	CWE197_Numeric_Truncation_Error__int_database_to_byte_66a.java	125	CWE197_Numeric_Truncation_Error__int_database_to_byte_66b.java	40
/home/swlab/Documents/swvul/java-vuln-detection/slicing/output/CPG/cwe197_cpg/cwe197-548-cpg-resolved.bin	tc548_flow1	CWE197_Numeric_Truncation_Error__int_database_to_byte_67a.java	56	CWE197_Numeric_Truncation_Error__int_database_to_byte_67b.java	28
/home/swlab/Documents/swvul/java-vuln-detection/slicing/output/CPG/cwe197_cpg/cwe197-548-cpg-resolved.bin	tc548_flow2	CWE197_Numeric_Truncation_Error__int_database_to_byte_67a.java	130	CWE197_Numeric_Truncation_Error__int_database_to_byte_67b.java	40
/home/swlab/Documents/swvul/java-vuln-detection/slicing/output/CPG/cwe197_cpg/cwe197-549-cpg-resolved.bin	tc549_flow1	CWE197_Numeric_Truncation_Error__int_database_to_byte_68a.java	51	CWE197_Numeric_Truncation_Error__int_database_to_byte_68b.java	27
/home/swlab/Documents/swvul/java-vuln-detection/slicing/output/CPG/cwe197_cpg/cwe197-549-cpg-resolved.bin	tc549_flow2	CWE197_Numeric_Truncation_Error__int_database_to_byte_68a.java	122	CWE197_Numeric_Truncation_Error__int_database_to_byte_68b.java	39
/home/swlab/Documents/swvul/java-vuln-detection/slicing/output/CPG/cwe197_cpg/cwe197-550-cpg-resolved.bin	tc550_flow1	CWE197_Numeric_Truncation_Error__int_database_to_byte_71a.java	51	CWE197_Numeric_Truncation_Error__int_database_to_byte_71b.java	28
/home/swlab/Documents/swvul/java-vuln-detection/slicing/output/CPG/cwe197_cpg/cwe197-550-cpg-resolved.bin	tc550_flow2	CWE197_Numeric_Truncation_Error__int_database_to_byte_71a.java	123	CWE197_Numeric_Truncation_Error__int_database_to_byte_71b.java	40
/home/swlab/Documents/swvul/java-vuln-detection/slicing/output/CPG/cwe197_cpg/cwe197-551-cpg-resolved.bin	tc551_flow1	CWE197_Numeric_Truncation_Error__int_database_to_byte_72a.java	52	CWE197_Numeric_Truncation_Error__int_database_to_byte_72b.java	29
/home/swlab/Documents/swvul/java-vuln-detection/slicing/output/CPG/cwe197_cpg/cwe197-551-cpg-resolved.bin	tc551_flow2	CWE197_Numeric_Truncation_Error__int_database_to_byte_72a.java	128	CWE197_Numeric_Truncation_Error__int_database_to_byte_72b.java	41
/home/swlab/Documents/swvul/java-vuln-detection/slicing/output/CPG/cwe197_cpg/cwe197-552-cpg-resolved.bin	tc552_flow1	CWE197_Numeric_Truncation_Error__int_database_to_byte_73a.java	52	CWE197_Numeric_Truncation_Error__int_database_to_byte_73b.java	29
/home/swlab/Documents/swvul/java-vuln-detection/slicing/output/CPG/cwe197_cpg/cwe197-552-cpg-resolved.bin	tc552_flow2	CWE197_Numeric_Truncation_Error__int_database_to_byte_73a.java	128	CWE197_Numeric_Truncation_Error__int_database_to_byte_73b.java	41
/home/swlab/Documents/swvul/java-vuln-detection/slicing/output/CPG/cwe197_cpg/cwe197-553-cpg-resolved.bin	tc553_flow1	CWE197_Numeric_Truncation_Error__int_database_to_byte_74a.java	52	CWE197_Numeric_Truncation_Error__int_database_to_byte_74b.java	29
/home/swlab/Documents/swvul/java-vuln-detection/slicing/output/CPG/cwe197_cpg/cwe197-553-cpg-resolved.bin	tc553_flow2	CWE197_Numeric_Truncation_Error__int_database_to_byte_74a.java	128	CWE197_Numeric_Truncation_Error__int_database_to_byte_74b.java	41
/home/swlab/Documents/swvul/java-vuln-detection/slicing/output/CPG/cwe197_cpg/cwe197-554-cpg-resolved.bin	tc554_flow1	CWE197_Numeric_Truncation_Error__int_database_to_byte_75a.java	55	CWE197_Numeric_Truncation_Error__int_database_to_byte_75b.java	40
/home/swlab/Documents/swvul/java-vuln-detection/slicing/output/CPG/cwe197_cpg/cwe197-554-cpg-resolved.bin	tc554_flow2	CWE197_Numeric_Truncation_Error__int_database_to_byte_75a.java	169	CWE197_Numeric_Truncation_Error__int_database_to_byte_75b.java	96
/home/swlab/Documents/swvul/java-vuln-detection/slicing/output/CPG/cwe197_cpg/cwe197-555-cpg-resolved.bin	tc555_flow1	CWE197_Numeric_Truncation_Error__int_database_to_byte_81a.java	51	CWE197_Numeric_Truncation_Error__int_database_to_byte_81_bad.java	27
/home/swlab/Documents/swvul/java-vuln-detection/slicing/output/CPG/cwe197_cpg/cwe197-555-cpg-resolved.bin	tc555_flow2	CWE197_Numeric_Truncation_Error__int_database_to_byte_81a.java	124	CWE197_Numeric_Truncation_Error__int_database_to_byte_81_goodG2B.java	27
/home/swlab/Documents/swvul/java-vuln-detection/slicing/output/CPG/cwe197_cpg/cwe197-556-cpg-resolved.bin	tc556_flow1	CWE197_Numeric_Truncation_Error__int_database_to_short_01.java	51	CWE197_Numeric_Truncation_Error__int_database_to_short_01.java	111
/home/swlab/Documents/swvul/java-vuln-detection/slicing/output/CPG/cwe197_cpg/cwe197-556-cpg-resolved.bin	tc556_flow2	CWE197_Numeric_Truncation_Error__int_database_to_short_01.java	127	CWE197_Numeric_Truncation_Error__int_database_to_short_01.java	131
/home/swlab/Documents/swvul/java-vuln-detection/slicing/output/CPG/cwe197_cpg/cwe197-557-cpg-resolved.bin	tc557_flow1	CWE197_Numeric_Truncation_Error__int_database_to_short_02.java	48	CWE197_Numeric_Truncation_Error__int_database_to_short_02.java	115
/home/swlab/Documents/swvul/java-vuln-detection/slicing/output/CPG/cwe197_cpg/cwe197-557-cpg-resolved.bin	tc557_flow2	CWE197_Numeric_Truncation_Error__int_database_to_short_02.java	134	CWE197_Numeric_Truncation_Error__int_database_to_short_02.java	140
/home/swlab/Documents/swvul/java-vuln-detection/slicing/output/CPG/cwe197_cpg/cwe197-557-cpg-resolved.bin	tc557_flow3	CWE197_Numeric_Truncation_Error__int_database_to_short_02.java	152	CWE197_Numeric_Truncation_Error__int_database_to_short_02.java	163
/home/swlab/Documents/swvul/java-vuln-detection/slicing/output/CPG/cwe197_cpg/cwe197-558-cpg-resolved.bin	tc558_flow1	CWE197_Numeric_Truncation_Error__int_database_to_short_03.java	48	CWE197_Numeric_Truncation_Error__int_database_to_short_03.java	115
/home/swlab/Documents/swvul/java-vuln-detection/slicing/output/CPG/cwe197_cpg/cwe197-558-cpg-resolved.bin	tc558_flow2	CWE197_Numeric_Truncation_Error__int_database_to_short_03.java	134	CWE197_Numeric_Truncation_Error__int_database_to_short_03.java	140
/home/swlab/Documents/swvul/java-vuln-detection/slicing/output/CPG/cwe197_cpg/cwe197-558-cpg-resolved.bin	tc558_flow3	CWE197_Numeric_Truncation_Error__int_database_to_short_03.java	152	CWE197_Numeric_Truncation_Error__int_database_to_short_03.java	163
/home/swlab/Documents/swvul/java-vuln-detection/slicing/output/CPG/cwe197_cpg/cwe197-559-cpg-resolved.bin	tc559_flow1	CWE197_Numeric_Truncation_Error__int_database_to_short_04.java	55	CWE197_Numeric_Truncation_Error__int_database_to_short_04.java	122
/home/swlab/Documents/swvul/java-vuln-detection/slicing/output/CPG/cwe197_cpg/cwe197-559-cpg-resolved.bin	tc559_flow2	CWE197_Numeric_Truncation_Error__int_database_to_short_04.java	141	CWE197_Numeric_Truncation_Error__int_database_to_short_04.java	147
/home/swlab/Documents/swvul/java-vuln-detection/slicing/output/CPG/cwe197_cpg/cwe197-559-cpg-resolved.bin	tc559_flow3	CWE197_Numeric_Truncation_Error__int_database_to_short_04.java	159	CWE197_Numeric_Truncation_Error__int_database_to_short_04.java	170
/home/swlab/Documents/swvul/java-vuln-detection/slicing/output/CPG/cwe197_cpg/cwe197-560-cpg-resolved.bin	tc560_flow1	CWE197_Numeric_Truncation_Error__int_database_to_short_05.java	55	CWE197_Numeric_Truncation_Error__int_database_to_short_05.java	122
/home/swlab/Documents/swvul/java-vuln-detection/slicing/output/CPG/cwe197_cpg/cwe197-560-cpg-resolved.bin	tc560_flow2	CWE197_Numeric_Truncation_Error__int_database_to_short_05.java	141	CWE197_Numeric_Truncation_Error__int_database_to_short_05.java	147
/home/swlab/Documents/swvul/java-vuln-detection/slicing/output/CPG/cwe197_cpg/cwe197-560-cpg-resolved.bin	tc560_flow3	CWE197_Numeric_Truncation_Error__int_database_to_short_05.java	159	CWE197_Numeric_Truncation_Error__int_database_to_short_05.java	170
/home/swlab/Documents/swvul/java-vuln-detection/slicing/output/CPG/cwe197_cpg/cwe197-561-cpg-resolved.bin	tc561_flow1	CWE197_Numeric_Truncation_Error__int_database_to_short_06.java	54	CWE197_Numeric_Truncation_Error__int_database_to_short_06.java	121
/home/swlab/Documents/swvul/java-vuln-detection/slicing/output/CPG/cwe197_cpg/cwe197-561-cpg-resolved.bin	tc561_flow2	CWE197_Numeric_Truncation_Error__int_database_to_short_06.java	140	CWE197_Numeric_Truncation_Error__int_database_to_short_06.java	146
/home/swlab/Documents/swvul/java-vuln-detection/slicing/output/CPG/cwe197_cpg/cwe197-561-cpg-resolved.bin	tc561_flow3	CWE197_Numeric_Truncation_Error__int_database_to_short_06.java	158	CWE197_Numeric_Truncation_Error__int_database_to_short_06.java	169
/home/swlab/Documents/swvul/java-vuln-detection/slicing/output/CPG/cwe197_cpg/cwe197-562-cpg-resolved.bin	tc562_flow1	CWE197_Numeric_Truncation_Error__int_database_to_short_07.java	54	CWE197_Numeric_Truncation_Error__int_database_to_short_07.java	121
/home/swlab/Documents/swvul/java-vuln-detection/slicing/output/CPG/cwe197_cpg/cwe197-562-cpg-resolved.bin	tc562_flow2	CWE197_Numeric_Truncation_Error__int_database_to_short_07.java	140	CWE197_Numeric_Truncation_Error__int_database_to_short_07.java	146
/home/swlab/Documents/swvul/java-vuln-detection/slicing/output/CPG/cwe197_cpg/cwe197-562-cpg-resolved.bin	tc562_flow3	CWE197_Numeric_Truncation_Error__int_database_to_short_07.java	158	CWE197_Numeric_Truncation_Error__int_database_to_short_07.java	169
/home/swlab/Documents/swvul/java-vuln-detection/slicing/output/CPG/cwe197_cpg/cwe197-563-cpg-resolved.bin	tc563_flow1	CWE197_Numeric_Truncation_Error__int_database_to_short_08.java	62	CWE197_Numeric_Truncation_Error__int_database_to_short_08.java	129
/home/swlab/Documents/swvul/java-vuln-detection/slicing/output/CPG/cwe197_cpg/cwe197-563-cpg-resolved.bin	tc563_flow2	CWE197_Numeric_Truncation_Error__int_database_to_short_08.java	148	CWE197_Numeric_Truncation_Error__int_database_to_short_08.java	154
/home/swlab/Documents/swvul/java-vuln-detection/slicing/output/CPG/cwe197_cpg/cwe197-563-cpg-resolved.bin	tc563_flow3	CWE197_Numeric_Truncation_Error__int_database_to_short_08.java	166	CWE197_Numeric_Truncation_Error__int_database_to_short_08.java	177
/home/swlab/Documents/swvul/java-vuln-detection/slicing/output/CPG/cwe197_cpg/cwe197-564-cpg-resolved.bin	tc564_flow1	CWE197_Numeric_Truncation_Error__int_database_to_short_09.java	48	CWE197_Numeric_Truncation_Error__int_database_to_short_09.java	115
/home/swlab/Documents/swvul/java-vuln-detection/slicing/output/CPG/cwe197_cpg/cwe197-564-cpg-resolved.bin	tc564_flow2	CWE197_Numeric_Truncation_Error__int_database_to_short_09.java	134	CWE197_Numeric_Truncation_Error__int_database_to_short_09.java	140
/home/swlab/Documents/swvul/java-vuln-detection/slicing/output/CPG/cwe197_cpg/cwe197-564-cpg-resolved.bin	tc564_flow3	CWE197_Numeric_Truncation_Error__int_database_to_short_09.java	152	CWE197_Numeric_Truncation_Error__int_database_to_short_09.java	163
/home/swlab/Documents/swvul/java-vuln-detection/slicing/output/CPG/cwe197_cpg/cwe197-565-cpg-resolved.bin	tc565_flow1	CWE197_Numeric_Truncation_Error__int_database_to_short_10.java	48	CWE197_Numeric_Truncation_Error__int_database_to_short_10.java	115
/home/swlab/Documents/swvul/java-vuln-detection/slicing/output/CPG/cwe197_cpg/cwe197-565-cpg-resolved.bin	tc565_flow2	CWE197_Numeric_Truncation_Error__int_database_to_short_10.java	134	CWE197_Numeric_Truncation_Error__int_database_to_short_10.java	140
/home/swlab/Documents/swvul/java-vuln-detection/slicing/output/CPG/cwe197_cpg/cwe197-565-cpg-resolved.bin	tc565_flow3	CWE197_Numeric_Truncation_Error__int_database_to_short_10.java	152	CWE197_Numeric_Truncation_Error__int_database_to_short_10.java	163
/home/swlab/Documents/swvul/java-vuln-detection/slicing/output/CPG/cwe197_cpg/cwe197-566-cpg-resolved.bin	tc566_flow1	CWE197_Numeric_Truncation_Error__int_database_to_short_11.java	48	CWE197_Numeric_Truncation_Error__int_database_to_short_11.java	115
/home/swlab/Documents/swvul/java-vuln-detection/slicing/output/CPG/cwe197_cpg/cwe197-566-cpg-resolved.bin	tc566_flow2	CWE197_Numeric_Truncation_Error__int_database_to_short_11.java	134	CWE197_Numeric_Truncation_Error__int_database_to_short_11.java	140
/home/swlab/Documents/swvul/java-vuln-detection/slicing/output/CPG/cwe197_cpg/cwe197-566-cpg-resolved.bin	tc566_flow3	CWE197_Numeric_Truncation_Error__int_database_to_short_11.java	152	CWE197_Numeric_Truncation_Error__int_database_to_short_11.java	163
/home/swlab/Documents/swvul/java-vuln-detection/slicing/output/CPG/cwe197_cpg/cwe197-567-cpg-resolved.bin	tc567_flow1	CWE197_Numeric_Truncation_Error__int_database_to_short_12.java	48	CWE197_Numeric_Truncation_Error__int_database_to_short_12.java	116
/home/swlab/Documents/swvul/java-vuln-detection/slicing/output/CPG/cwe197_cpg/cwe197-567-cpg-resolved.bin	tc567_flow2	CWE197_Numeric_Truncation_Error__int_database_to_short_12.java	129	CWE197_Numeric_Truncation_Error__int_database_to_short_12.java	141
/home/swlab/Documents/swvul/java-vuln-detection/slicing/output/CPG/cwe197_cpg/cwe197-568-cpg-resolved.bin	tc568_flow1	CWE197_Numeric_Truncation_Error__int_database_to_short_13.java	48	CWE197_Numeric_Truncation_Error__int_database_to_short_13.java	115
/home/swlab/Documents/swvul/java-vuln-detection/slicing/output/CPG/cwe197_cpg/cwe197-568-cpg-resolved.bin	tc568_flow2	CWE197_Numeric_Truncation_Error__int_database_to_short_13.java	134	CWE197_Numeric_Truncation_Error__int_database_to_short_13.java	140
/home/swlab/Documents/swvul/java-vuln-detection/slicing/output/CPG/cwe197_cpg/cwe197-568-cpg-resolved.bin	tc568_flow3	CWE197_Numeric_Truncation_Error__int_database_to_short_13.java	152	CWE197_Numeric_Truncation_Error__int_database_to_short_13.java	163
/home/swlab/Documents/swvul/java-vuln-detection/slicing/output/CPG/cwe197_cpg/cwe197-569-cpg-resolved.bin	tc569_flow1	CWE197_Numeric_Truncation_Error__int_database_to_short_14.java	48	CWE197_Numeric_Truncation_Error__int_database_to_short_14.java	115
/home/swlab/Documents/swvul/java-vuln-detection/slicing/output/CPG/cwe197_cpg/cwe197-569-cpg-resolved.bin	tc569_flow2	CWE197_Numeric_Truncation_Error__int_database_to_short_14.java	134	CWE197_Numeric_Truncation_Error__int_database_to_short_14.java	140
/home/swlab/Documents/swvul/java-vuln-detection/slicing/output/CPG/cwe197_cpg/cwe197-569-cpg-resolved.bin	tc569_flow3	CWE197_Numeric_Truncation_Error__int_database_to_short_14.java	152	CWE197_Numeric_Truncation_Error__int_database_to_short_14.java	163
/home/swlab/Documents/swvul/java-vuln-detection/slicing/output/CPG/cwe197_cpg/cwe197-570-cpg-resolved.bin	tc570_flow1	CWE197_Numeric_Truncation_Error__int_database_to_short_15.java	50	CWE197_Numeric_Truncation_Error__int_database_to_short_15.java	117
/home/swlab/Documents/swvul/java-vuln-detection/slicing/output/CPG/cwe197_cpg/cwe197-570-cpg-resolved.bin	tc570_flow2	CWE197_Numeric_Truncation_Error__int_database_to_short_15.java	136	CWE197_Numeric_Truncation_Error__int_database_to_short_15.java	142
/home/swlab/Documents/swvul/java-vuln-detection/slicing/output/CPG/cwe197_cpg/cwe197-570-cpg-resolved.bin	tc570_flow3	CWE197_Numeric_Truncation_Error__int_database_to_short_15.java	156	CWE197_Numeric_Truncation_Error__int_database_to_short_15.java	167
/home/swlab/Documents/swvul/java-vuln-detection/slicing/output/CPG/cwe197_cpg/cwe197-571-cpg-resolved.bin	tc571_flow1	CWE197_Numeric_Truncation_Error__int_database_to_short_16.java	49	CWE197_Numeric_Truncation_Error__int_database_to_short_16.java	111
/home/swlab/Documents/swvul/java-vuln-detection/slicing/output/CPG/cwe197_cpg/cwe197-571-cpg-resolved.bin	tc571_flow2	CWE197_Numeric_Truncation_Error__int_database_to_short_16.java	124	CWE197_Numeric_Truncation_Error__int_database_to_short_16.java	130
/home/swlab/Documents/swvul/java-vuln-detection/slicing/output/CPG/cwe197_cpg/cwe197-572-cpg-resolved.bin	tc572_flow1	CWE197_Numeric_Truncation_Error__int_database_to_short_17.java	51	CWE197_Numeric_Truncation_Error__int_database_to_short_17.java	113
/home/swlab/Documents/swvul/java-vuln-detection/slicing/output/CPG/cwe197_cpg/cwe197-572-cpg-resolved.bin	tc572_flow2	CWE197_Numeric_Truncation_Error__int_database_to_short_17.java	125	CWE197_Numeric_Truncation_Error__int_database_to_short_17.java	131
/home/swlab/Documents/swvul/java-vuln-detection/slicing/output/CPG/cwe197_cpg/cwe197-573-cpg-resolved.bin	tc573_flow1	CWE197_Numeric_Truncation_Error__int_database_to_short_21.java	66	CWE197_Numeric_Truncation_Error__int_database_to_short_21.java	41
/home/swlab/Documents/swvul/java-vuln-detection/slicing/output/CPG/cwe197_cpg/cwe197-573-cpg-resolved.bin	tc573_flow2	CWE197_Numeric_Truncation_Error__int_database_to_short_21.java	173	CWE197_Numeric_Truncation_Error__int_database_to_short_21.java	154
/home/swlab/Documents/swvul/java-vuln-detection/slicing/output/CPG/cwe197_cpg/cwe197-573-cpg-resolved.bin	tc573_flow3	CWE197_Numeric_Truncation_Error__int_database_to_short_21.java	202	CWE197_Numeric_Truncation_Error__int_database_to_short_21.java	190
/home/swlab/Documents/swvul/java-vuln-detection/slicing/output/CPG/cwe197_cpg/cwe197-574-cpg-resolved.bin	tc574_flow1	CWE197_Numeric_Truncation_Error__int_database_to_short_22b.java	49	CWE197_Numeric_Truncation_Error__int_database_to_short_22a.java	35
/home/swlab/Documents/swvul/java-vuln-detection/slicing/output/CPG/cwe197_cpg/cwe197-574-cpg-resolved.bin	tc574_flow2	CWE197_Numeric_Truncation_Error__int_database_to_short_22b.java	131	CWE197_Numeric_Truncation_Error__int_database_to_short_22a.java	61
/home/swlab/Documents/swvul/java-vuln-detection/slicing/output/CPG/cwe197_cpg/cwe197-574-cpg-resolved.bin	tc574_flow3	CWE197_Numeric_Truncation_Error__int_database_to_short_22b.java	146	CWE197_Numeric_Truncation_Error__int_database_to_short_22a.java	76
/home/swlab/Documents/swvul/java-vuln-detection/slicing/output/CPG/cwe197_cpg/cwe197-575-cpg-resolved.bin	tc575_flow1	CWE197_Numeric_Truncation_Error__int_database_to_short_31.java	54	CWE197_Numeric_Truncation_Error__int_database_to_short_31.java	119
/home/swlab/Documents/swvul/java-vuln-detection/slicing/output/CPG/cwe197_cpg/cwe197-575-cpg-resolved.bin	tc575_flow2	CWE197_Numeric_Truncation_Error__int_database_to_short_31.java	138	CWE197_Numeric_Truncation_Error__int_database_to_short_31.java	147
/home/swlab/Documents/swvul/java-vuln-detection/slicing/output/CPG/cwe197_cpg/cwe197-576-cpg-resolved.bin	tc576_flow1	CWE197_Numeric_Truncation_Error__int_database_to_short_41.java	60	CWE197_Numeric_Truncation_Error__int_database_to_short_41.java	33
/home/swlab/Documents/swvul/java-vuln-detection/slicing/output/CPG/cwe197_cpg/cwe197-576-cpg-resolved.bin	tc576_flow2	CWE197_Numeric_Truncation_Error__int_database_to_short_41.java	142	CWE197_Numeric_Truncation_Error__int_database_to_short_41.java	131
/home/swlab/Documents/swvul/java-vuln-detection/slicing/output/CPG/cwe197_cpg/cwe197-577-cpg-resolved.bin	tc577_flow1	CWE197_Numeric_Truncation_Error__int_database_to_short_42.java	50	CWE197_Numeric_Truncation_Error__int_database_to_short_42.java	118
/home/swlab/Documents/swvul/java-vuln-detection/slicing/output/CPG/cwe197_cpg/cwe197-577-cpg-resolved.bin	tc577_flow2	CWE197_Numeric_Truncation_Error__int_database_to_short_42.java	128	CWE197_Numeric_Truncation_Error__int_database_to_short_42.java	140
/home/swlab/Documents/swvul/java-vuln-detection/slicing/output/CPG/cwe197_cpg/cwe197-578-cpg-resolved.bin	tc578_flow1	CWE197_Numeric_Truncation_Error__int_database_to_short_45.java	66	CWE197_Numeric_Truncation_Error__int_database_to_short_45.java	38
/home/swlab/Documents/swvul/java-vuln-detection/slicing/output/CPG/cwe197_cpg/cwe197-578-cpg-resolved.bin	tc578_flow2	CWE197_Numeric_Truncation_Error__int_database_to_short_45.java	150	CWE197_Numeric_Truncation_Error__int_database_to_short_45.java	139
/home/swlab/Documents/swvul/java-vuln-detection/slicing/output/CPG/cwe197_cpg/cwe197-579-cpg-resolved.bin	tc579_flow1	CWE197_Numeric_Truncation_Error__int_database_to_short_51a.java	50	CWE197_Numeric_Truncation_Error__int_database_to_short_51b.java	26
/home/swlab/Documents/swvul/java-vuln-detection/slicing/output/CPG/cwe197_cpg/cwe197-579-cpg-resolved.bin	tc579_flow2	CWE197_Numeric_Truncation_Error__int_database_to_short_51a.java	122	CWE197_Numeric_Truncation_Error__int_database_to_short_51b.java	37
/home/swlab/Documents/swvul/java-vuln-detection/slicing/output/CPG/cwe197_cpg/cwe197-580-cpg-resolved.bin	tc580_flow1	CWE197_Numeric_Truncation_Error__int_database_to_short_52a.java	51	CWE197_Numeric_Truncation_Error__int_database_to_short_52c.java	27
/home/swlab/Documents/swvul/java-vuln-detection/slicing/output/CPG/cwe197_cpg/cwe197-580-cpg-resolved.bin	tc580_flow2	CWE197_Numeric_Truncation_Error__int_database_to_short_52a.java	123	CWE197_Numeric_Truncation_Error__int_database_to_short_52c.java	38
/home/swlab/Documents/swvul/java-vuln-detection/slicing/output/CPG/cwe197_cpg/cwe197-581-cpg-resolved.bin	tc581_flow1	CWE197_Numeric_Truncation_Error__int_database_to_short_53a.java	51	CWE197_Numeric_Truncation_Error__int_database_to_short_53d.java	27
/home/swlab/Documents/swvul/java-vuln-detection/slicing/output/CPG/cwe197_cpg/cwe197-581-cpg-resolved.bin	tc581_flow2	CWE197_Numeric_Truncation_Error__int_database_to_short_53a.java	123	CWE197_Numeric_Truncation_Error__int_database_to_short_53d.java	38
/home/swlab/Documents/swvul/java-vuln-detection/slicing/output/CPG/cwe197_cpg/cwe197-582-cpg-resolved.bin	tc582_flow1	CWE197_Numeric_Truncation_Error__int_database_to_short_54a.java	51	CWE197_Numeric_Truncation_Error__int_database_to_short_54e.java	27
/home/swlab/Documents/swvul/java-vuln-detection/slicing/output/CPG/cwe197_cpg/cwe197-582-cpg-resolved.bin	tc582_flow2	CWE197_Numeric_Truncation_Error__int_database_to_short_54a.java	123	CWE197_Numeric_Truncation_Error__int_database_to_short_54e.java	38
/home/swlab/Documents/swvul/java-vuln-detection/slicing/output/CPG/cwe197_cpg/cwe197-583-cpg-resolved.bin	tc583_flow1	CWE197_Numeric_Truncation_Error__int_database_to_short_61b.java	51	CWE197_Numeric_Truncation_Error__int_database_to_short_61a.java	28
/home/swlab/Documents/swvul/java-vuln-detection/slicing/output/CPG/cwe197_cpg/cwe197-583-cpg-resolved.bin	tc583_flow2	CWE197_Numeric_Truncation_Error__int_database_to_short_61b.java	118	CWE197_Numeric_Truncation_Error__int_database_to_short_61a.java	45
/home/swlab/Documents/swvul/java-vuln-detection/slicing/output/CPG/cwe197_cpg/cwe197-584-cpg-resolved.bin	tc584_flow1	CWE197_Numeric_Truncation_Error__int_database_to_short_66a.java	51	CWE197_Numeric_Truncation_Error__int_database_to_short_66b.java	28
/home/swlab/Documents/swvul/java-vuln-detection/slicing/output/CPG/cwe197_cpg/cwe197-584-cpg-resolved.bin	tc584_flow2	CWE197_Numeric_Truncation_Error__int_database_to_short_66a.java	125	CWE197_Numeric_Truncation_Error__int_database_to_short_66b.java	40
/home/swlab/Documents/swvul/java-vuln-detection/slicing/output/CPG/cwe197_cpg/cwe197-585-cpg-resolved.bin	tc585_flow1	CWE197_Numeric_Truncation_Error__int_database_to_short_67a.java	56	CWE197_Numeric_Truncation_Error__int_database_to_short_67b.java	28
/home/swlab/Documents/swvul/java-vuln-detection/slicing/output/CPG/cwe197_cpg/cwe197-585-cpg-resolved.bin	tc585_flow2	CWE197_Numeric_Truncation_Error__int_database_to_short_67a.java	130	CWE197_Numeric_Truncation_Error__int_database_to_short_67b.java	40
/home/swlab/Documents/swvul/java-vuln-detection/slicing/output/CPG/cwe197_cpg/cwe197-586-cpg-resolved.bin	tc586_flow1	CWE197_Numeric_Truncation_Error__int_database_to_short_68a.java	51	CWE197_Numeric_Truncation_Error__int_database_to_short_68b.java	27
/home/swlab/Documents/swvul/java-vuln-detection/slicing/output/CPG/cwe197_cpg/cwe197-586-cpg-resolved.bin	tc586_flow2	CWE197_Numeric_Truncation_Error__int_database_to_short_68a.java	122	CWE197_Numeric_Truncation_Error__int_database_to_short_68b.java	39
/home/swlab/Documents/swvul/java-vuln-detection/slicing/output/CPG/cwe197_cpg/cwe197-587-cpg-resolved.bin	tc587_flow1	CWE197_Numeric_Truncation_Error__int_database_to_short_71a.java	51	CWE197_Numeric_Truncation_Error__int_database_to_short_71b.java	28
/home/swlab/Documents/swvul/java-vuln-detection/slicing/output/CPG/cwe197_cpg/cwe197-587-cpg-resolved.bin	tc587_flow2	CWE197_Numeric_Truncation_Error__int_database_to_short_71a.java	123	CWE197_Numeric_Truncation_Error__int_database_to_short_71b.java	40
/home/swlab/Documents/swvul/java-vuln-detection/slicing/output/CPG/cwe197_cpg/cwe197-588-cpg-resolved.bin	tc588_flow1	CWE197_Numeric_Truncation_Error__int_database_to_short_72a.java	52	CWE197_Numeric_Truncation_Error__int_database_to_short_72b.java	29
/home/swlab/Documents/swvul/java-vuln-detection/slicing/output/CPG/cwe197_cpg/cwe197-588-cpg-resolved.bin	tc588_flow2	CWE197_Numeric_Truncation_Error__int_database_to_short_72a.java	128	CWE197_Numeric_Truncation_Error__int_database_to_short_72b.java	41
/home/swlab/Documents/swvul/java-vuln-detection/slicing/output/CPG/cwe197_cpg/cwe197-589-cpg-resolved.bin	tc589_flow1	CWE197_Numeric_Truncation_Error__int_database_to_short_73a.java	52	CWE197_Numeric_Truncation_Error__int_database_to_short_73b.java	29
/home/swlab/Documents/swvul/java-vuln-detection/slicing/output/CPG/cwe197_cpg/cwe197-589-cpg-resolved.bin	tc589_flow2	CWE197_Numeric_Truncation_Error__int_database_to_short_73a.java	128	CWE197_Numeric_Truncation_Error__int_database_to_short_73b.java	41
/home/swlab/Documents/swvul/java-vuln-detection/slicing/output/CPG/cwe197_cpg/cwe197-590-cpg-resolved.bin	tc590_flow1	CWE197_Numeric_Truncation_Error__int_database_to_short_74a.java	52	CWE197_Numeric_Truncation_Error__int_database_to_short_74b.java	29
/home/swlab/Documents/swvul/java-vuln-detection/slicing/output/CPG/cwe197_cpg/cwe197-590-cpg-resolved.bin	tc590_flow2	CWE197_Numeric_Truncation_Error__int_database_to_short_74a.java	128	CWE197_Numeric_Truncation_Error__int_database_to_short_74b.java	41
/home/swlab/Documents/swvul/java-vuln-detection/slicing/output/CPG/cwe197_cpg/cwe197-591-cpg-resolved.bin	tc591_flow1	CWE197_Numeric_Truncation_Error__int_database_to_short_75a.java	55	CWE197_Numeric_Truncation_Error__int_database_to_short_75b.java	40
/home/swlab/Documents/swvul/java-vuln-detection/slicing/output/CPG/cwe197_cpg/cwe197-591-cpg-resolved.bin	tc591_flow2	CWE197_Numeric_Truncation_Error__int_database_to_short_75a.java	169	CWE197_Numeric_Truncation_Error__int_database_to_short_75b.java	96
/home/swlab/Documents/swvul/java-vuln-detection/slicing/output/CPG/cwe197_cpg/cwe197-592-cpg-resolved.bin	tc592_flow1	CWE197_Numeric_Truncation_Error__int_database_to_short_81a.java	51	CWE197_Numeric_Truncation_Error__int_database_to_short_81_bad.java	27
/home/swlab/Documents/swvul/java-vuln-detection/slicing/output/CPG/cwe197_cpg/cwe197-592-cpg-resolved.bin	tc592_flow2	CWE197_Numeric_Truncation_Error__int_database_to_short_81a.java	124	CWE197_Numeric_Truncation_Error__int_database_to_short_81_goodG2B.java	27
/home/swlab/Documents/swvul/java-vuln-detection/slicing/output/CPG/cwe197_cpg/cwe197-593-cpg-resolved.bin	tc593_flow1	CWE197_Numeric_Truncation_Error__int_large_to_byte_01.java	27	CWE197_Numeric_Truncation_Error__int_large_to_byte_01.java	31
/home/swlab/Documents/swvul/java-vuln-detection/slicing/output/CPG/cwe197_cpg/cwe197-593-cpg-resolved.bin	tc593_flow2	CWE197_Numeric_Truncation_Error__int_large_to_byte_01.java	47	CWE197_Numeric_Truncation_Error__int_large_to_byte_01.java	51
/home/swlab/Documents/swvul/java-vuln-detection/slicing/output/CPG/cwe197_cpg/cwe197-594-cpg-resolved.bin	tc594_flow1	CWE197_Numeric_Truncation_Error__int_large_to_byte_02.java	28	CWE197_Numeric_Truncation_Error__int_large_to_byte_02.java	39
/home/swlab/Documents/swvul/java-vuln-detection/slicing/output/CPG/cwe197_cpg/cwe197-594-cpg-resolved.bin	tc594_flow2	CWE197_Numeric_Truncation_Error__int_large_to_byte_02.java	58	CWE197_Numeric_Truncation_Error__int_large_to_byte_02.java	64
/home/swlab/Documents/swvul/java-vuln-detection/slicing/output/CPG/cwe197_cpg/cwe197-594-cpg-resolved.bin	tc594_flow3	CWE197_Numeric_Truncation_Error__int_large_to_byte_02.java	76	CWE197_Numeric_Truncation_Error__int_large_to_byte_02.java	87
/home/swlab/Documents/swvul/java-vuln-detection/slicing/output/CPG/cwe197_cpg/cwe197-595-cpg-resolved.bin	tc595_flow1	CWE197_Numeric_Truncation_Error__int_large_to_byte_03.java	28	CWE197_Numeric_Truncation_Error__int_large_to_byte_03.java	39
/home/swlab/Documents/swvul/java-vuln-detection/slicing/output/CPG/cwe197_cpg/cwe197-595-cpg-resolved.bin	tc595_flow2	CWE197_Numeric_Truncation_Error__int_large_to_byte_03.java	58	CWE197_Numeric_Truncation_Error__int_large_to_byte_03.java	64
/home/swlab/Documents/swvul/java-vuln-detection/slicing/output/CPG/cwe197_cpg/cwe197-595-cpg-resolved.bin	tc595_flow3	CWE197_Numeric_Truncation_Error__int_large_to_byte_03.java	76	CWE197_Numeric_Truncation_Error__int_large_to_byte_03.java	87
/home/swlab/Documents/swvul/java-vuln-detection/slicing/output/CPG/cwe197_cpg/cwe197-596-cpg-resolved.bin	tc596_flow1	CWE197_Numeric_Truncation_Error__int_large_to_byte_04.java	35	CWE197_Numeric_Truncation_Error__int_large_to_byte_04.java	46
/home/swlab/Documents/swvul/java-vuln-detection/slicing/output/CPG/cwe197_cpg/cwe197-596-cpg-resolved.bin	tc596_flow2	CWE197_Numeric_Truncation_Error__int_large_to_byte_04.java	65	CWE197_Numeric_Truncation_Error__int_large_to_byte_04.java	71
/home/swlab/Documents/swvul/java-vuln-detection/slicing/output/CPG/cwe197_cpg/cwe197-596-cpg-resolved.bin	tc596_flow3	CWE197_Numeric_Truncation_Error__int_large_to_byte_04.java	83	CWE197_Numeric_Truncation_Error__int_large_to_byte_04.java	94
/home/swlab/Documents/swvul/java-vuln-detection/slicing/output/CPG/cwe197_cpg/cwe197-597-cpg-resolved.bin	tc597_flow1	CWE197_Numeric_Truncation_Error__int_large_to_byte_05.java	35	CWE197_Numeric_Truncation_Error__int_large_to_byte_05.java	46
/home/swlab/Documents/swvul/java-vuln-detection/slicing/output/CPG/cwe197_cpg/cwe197-597-cpg-resolved.bin	tc597_flow2	CWE197_Numeric_Truncation_Error__int_large_to_byte_05.java	65	CWE197_Numeric_Truncation_Error__int_large_to_byte_05.java	71
/home/swlab/Documents/swvul/java-vuln-detection/slicing/output/CPG/cwe197_cpg/cwe197-597-cpg-resolved.bin	tc597_flow3	CWE197_Numeric_Truncation_Error__int_large_to_byte_05.java	83	CWE197_Numeric_Truncation_Error__int_large_to_byte_05.java	94
/home/swlab/Documents/swvul/java-vuln-detection/slicing/output/CPG/cwe197_cpg/cwe197-598-cpg-resolved.bin	tc598_flow1	CWE197_Numeric_Truncation_Error__int_large_to_byte_06.java	34	CWE197_Numeric_Truncation_Error__int_large_to_byte_06.java	45
/home/swlab/Documents/swvul/java-vuln-detection/slicing/output/CPG/cwe197_cpg/cwe197-598-cpg-resolved.bin	tc598_flow2	CWE197_Numeric_Truncation_Error__int_large_to_byte_06.java	64	CWE197_Numeric_Truncation_Error__int_large_to_byte_06.java	70
/home/swlab/Documents/swvul/java-vuln-detection/slicing/output/CPG/cwe197_cpg/cwe197-598-cpg-resolved.bin	tc598_flow3	CWE197_Numeric_Truncation_Error__int_large_to_byte_06.java	82	CWE197_Numeric_Truncation_Error__int_large_to_byte_06.java	93
/home/swlab/Documents/swvul/java-vuln-detection/slicing/output/CPG/cwe197_cpg/cwe197-599-cpg-resolved.bin	tc599_flow1	CWE197_Numeric_Truncation_Error__int_large_to_byte_07.java	34	CWE197_Numeric_Truncation_Error__int_large_to_byte_07.java	45
/home/swlab/Documents/swvul/java-vuln-detection/slicing/output/CPG/cwe197_cpg/cwe197-599-cpg-resolved.bin	tc599_flow2	CWE197_Numeric_Truncation_Error__int_large_to_byte_07.java	64	CWE197_Numeric_Truncation_Error__int_large_to_byte_07.java	70
/home/swlab/Documents/swvul/java-vuln-detection/slicing/output/CPG/cwe197_cpg/cwe197-599-cpg-resolved.bin	tc599_flow3	CWE197_Numeric_Truncation_Error__int_large_to_byte_07.java	82	CWE197_Numeric_Truncation_Error__int_large_to_byte_07.java	93
/home/swlab/Documents/swvul/java-vuln-detection/slicing/output/CPG/cwe197_cpg/cwe197-600-cpg-resolved.bin	tc600_flow1	CWE197_Numeric_Truncation_Error__int_large_to_byte_08.java	42	CWE197_Numeric_Truncation_Error__int_large_to_byte_08.java	53
/home/swlab/Documents/swvul/java-vuln-detection/slicing/output/CPG/cwe197_cpg/cwe197-600-cpg-resolved.bin	tc600_flow2	CWE197_Numeric_Truncation_Error__int_large_to_byte_08.java	72	CWE197_Numeric_Truncation_Error__int_large_to_byte_08.java	78
/home/swlab/Documents/swvul/java-vuln-detection/slicing/output/CPG/cwe197_cpg/cwe197-600-cpg-resolved.bin	tc600_flow3	CWE197_Numeric_Truncation_Error__int_large_to_byte_08.java	90	CWE197_Numeric_Truncation_Error__int_large_to_byte_08.java	101
/home/swlab/Documents/swvul/java-vuln-detection/slicing/output/CPG/cwe197_cpg/cwe197-601-cpg-resolved.bin	tc601_flow1	CWE197_Numeric_Truncation_Error__int_large_to_byte_09.java	28	CWE197_Numeric_Truncation_Error__int_large_to_byte_09.java	39
/home/swlab/Documents/swvul/java-vuln-detection/slicing/output/CPG/cwe197_cpg/cwe197-601-cpg-resolved.bin	tc601_flow2	CWE197_Numeric_Truncation_Error__int_large_to_byte_09.java	58	CWE197_Numeric_Truncation_Error__int_large_to_byte_09.java	64
/home/swlab/Documents/swvul/java-vuln-detection/slicing/output/CPG/cwe197_cpg/cwe197-601-cpg-resolved.bin	tc601_flow3	CWE197_Numeric_Truncation_Error__int_large_to_byte_09.java	76	CWE197_Numeric_Truncation_Error__int_large_to_byte_09.java	87
/home/swlab/Documents/swvul/java-vuln-detection/slicing/output/CPG/cwe197_cpg/cwe197-602-cpg-resolved.bin	tc602_flow1	CWE197_Numeric_Truncation_Error__int_large_to_byte_10.java	28	CWE197_Numeric_Truncation_Error__int_large_to_byte_10.java	39
/home/swlab/Documents/swvul/java-vuln-detection/slicing/output/CPG/cwe197_cpg/cwe197-602-cpg-resolved.bin	tc602_flow2	CWE197_Numeric_Truncation_Error__int_large_to_byte_10.java	58	CWE197_Numeric_Truncation_Error__int_large_to_byte_10.java	64
/home/swlab/Documents/swvul/java-vuln-detection/slicing/output/CPG/cwe197_cpg/cwe197-602-cpg-resolved.bin	tc602_flow3	CWE197_Numeric_Truncation_Error__int_large_to_byte_10.java	76	CWE197_Numeric_Truncation_Error__int_large_to_byte_10.java	87
/home/swlab/Documents/swvul/java-vuln-detection/slicing/output/CPG/cwe197_cpg/cwe197-603-cpg-resolved.bin	tc603_flow1	CWE197_Numeric_Truncation_Error__int_large_to_byte_11.java	28	CWE197_Numeric_Truncation_Error__int_large_to_byte_11.java	39
/home/swlab/Documents/swvul/java-vuln-detection/slicing/output/CPG/cwe197_cpg/cwe197-603-cpg-resolved.bin	tc603_flow2	CWE197_Numeric_Truncation_Error__int_large_to_byte_11.java	58	CWE197_Numeric_Truncation_Error__int_large_to_byte_11.java	64
/home/swlab/Documents/swvul/java-vuln-detection/slicing/output/CPG/cwe197_cpg/cwe197-603-cpg-resolved.bin	tc603_flow3	CWE197_Numeric_Truncation_Error__int_large_to_byte_11.java	76	CWE197_Numeric_Truncation_Error__int_large_to_byte_11.java	87
/home/swlab/Documents/swvul/java-vuln-detection/slicing/output/CPG/cwe197_cpg/cwe197-604-cpg-resolved.bin	tc604_flow1	CWE197_Numeric_Truncation_Error__int_large_to_byte_12.java	28	CWE197_Numeric_Truncation_Error__int_large_to_byte_12.java	40
/home/swlab/Documents/swvul/java-vuln-detection/slicing/output/CPG/cwe197_cpg/cwe197-604-cpg-resolved.bin	tc604_flow2	CWE197_Numeric_Truncation_Error__int_large_to_byte_12.java	53	CWE197_Numeric_Truncation_Error__int_large_to_byte_12.java	65
/home/swlab/Documents/swvul/java-vuln-detection/slicing/output/CPG/cwe197_cpg/cwe197-605-cpg-resolved.bin	tc605_flow1	CWE197_Numeric_Truncation_Error__int_large_to_byte_13.java	28	CWE197_Numeric_Truncation_Error__int_large_to_byte_13.java	39
/home/swlab/Documents/swvul/java-vuln-detection/slicing/output/CPG/cwe197_cpg/cwe197-605-cpg-resolved.bin	tc605_flow2	CWE197_Numeric_Truncation_Error__int_large_to_byte_13.java	58	CWE197_Numeric_Truncation_Error__int_large_to_byte_13.java	64
/home/swlab/Documents/swvul/java-vuln-detection/slicing/output/CPG/cwe197_cpg/cwe197-605-cpg-resolved.bin	tc605_flow3	CWE197_Numeric_Truncation_Error__int_large_to_byte_13.java	76	CWE197_Numeric_Truncation_Error__int_large_to_byte_13.java	87
/home/swlab/Documents/swvul/java-vuln-detection/slicing/output/CPG/cwe197_cpg/cwe197-606-cpg-resolved.bin	tc606_flow1	CWE197_Numeric_Truncation_Error__int_large_to_byte_14.java	28	CWE197_Numeric_Truncation_Error__int_large_to_byte_14.java	39
/home/swlab/Documents/swvul/java-vuln-detection/slicing/output/CPG/cwe197_cpg/cwe197-606-cpg-resolved.bin	tc606_flow2	CWE197_Numeric_Truncation_Error__int_large_to_byte_14.java	58	CWE197_Numeric_Truncation_Error__int_large_to_byte_14.java	64
/home/swlab/Documents/swvul/java-vuln-detection/slicing/output/CPG/cwe197_cpg/cwe197-606-cpg-resolved.bin	tc606_flow3	CWE197_Numeric_Truncation_Error__int_large_to_byte_14.java	76	CWE197_Numeric_Truncation_Error__int_large_to_byte_14.java	87
/home/swlab/Documents/swvul/java-vuln-detection/slicing/output/CPG/cwe197_cpg/cwe197-607-cpg-resolved.bin	tc607_flow1	CWE197_Numeric_Truncation_Error__int_large_to_byte_15.java	30	CWE197_Numeric_Truncation_Error__int_large_to_byte_15.java	41
/home/swlab/Documents/swvul/java-vuln-detection/slicing/output/CPG/cwe197_cpg/cwe197-607-cpg-resolved.bin	tc607_flow2	CWE197_Numeric_Truncation_Error__int_large_to_byte_15.java	60	CWE197_Numeric_Truncation_Error__int_large_to_byte_15.java	66
/home/swlab/Documents/swvul/java-vuln-detection/slicing/output/CPG/cwe197_cpg/cwe197-607-cpg-resolved.bin	tc607_flow3	CWE197_Numeric_Truncation_Error__int_large_to_byte_15.java	80	CWE197_Numeric_Truncation_Error__int_large_to_byte_15.java	91
/home/swlab/Documents/swvul/java-vuln-detection/slicing/output/CPG/cwe197_cpg/cwe197-608-cpg-resolved.bin	tc608_flow1	CWE197_Numeric_Truncation_Error__int_large_to_byte_16.java	29	CWE197_Numeric_Truncation_Error__int_large_to_byte_16.java	35
/home/swlab/Documents/swvul/java-vuln-detection/slicing/output/CPG/cwe197_cpg/cwe197-608-cpg-resolved.bin	tc608_flow2	CWE197_Numeric_Truncation_Error__int_large_to_byte_16.java	48	CWE197_Numeric_Truncation_Error__int_large_to_byte_16.java	54
/home/swlab/Documents/swvul/java-vuln-detection/slicing/output/CPG/cwe197_cpg/cwe197-609-cpg-resolved.bin	tc609_flow1	CWE197_Numeric_Truncation_Error__int_large_to_byte_17.java	27	CWE197_Numeric_Truncation_Error__int_large_to_byte_17.java	33
/home/swlab/Documents/swvul/java-vuln-detection/slicing/output/CPG/cwe197_cpg/cwe197-609-cpg-resolved.bin	tc609_flow2	CWE197_Numeric_Truncation_Error__int_large_to_byte_17.java	45	CWE197_Numeric_Truncation_Error__int_large_to_byte_17.java	51
/home/swlab/Documents/swvul/java-vuln-detection/slicing/output/CPG/cwe197_cpg/cwe197-610-cpg-resolved.bin	tc610_flow1	CWE197_Numeric_Truncation_Error__int_large_to_byte_21.java	46	CWE197_Numeric_Truncation_Error__int_large_to_byte_21.java	34
/home/swlab/Documents/swvul/java-vuln-detection/slicing/output/CPG/cwe197_cpg/cwe197-610-cpg-resolved.bin	tc610_flow2	CWE197_Numeric_Truncation_Error__int_large_to_byte_21.java	97	CWE197_Numeric_Truncation_Error__int_large_to_byte_21.java	78
/home/swlab/Documents/swvul/java-vuln-detection/slicing/output/CPG/cwe197_cpg/cwe197-610-cpg-resolved.bin	tc610_flow3	CWE197_Numeric_Truncation_Error__int_large_to_byte_21.java	126	CWE197_Numeric_Truncation_Error__int_large_to_byte_21.java	114
/home/swlab/Documents/swvul/java-vuln-detection/slicing/output/CPG/cwe197_cpg/cwe197-611-cpg-resolved.bin	tc611_flow1	CWE197_Numeric_Truncation_Error__int_large_to_byte_22b.java	29	CWE197_Numeric_Truncation_Error__int_large_to_byte_22a.java	35
/home/swlab/Documents/swvul/java-vuln-detection/slicing/output/CPG/cwe197_cpg/cwe197-611-cpg-resolved.bin	tc611_flow2	CWE197_Numeric_Truncation_Error__int_large_to_byte_22b.java	55	CWE197_Numeric_Truncation_Error__int_large_to_byte_22a.java	61
/home/swlab/Documents/swvul/java-vuln-detection/slicing/output/CPG/cwe197_cpg/cwe197-611-cpg-resolved.bin	tc611_flow3	CWE197_Numeric_Truncation_Error__int_large_to_byte_22b.java	70	CWE197_Numeric_Truncation_Error__int_large_to_byte_22a.java	76
/home/swlab/Documents/swvul/java-vuln-detection/slicing/output/CPG/cwe197_cpg/cwe197-612-cpg-resolved.bin	tc612_flow1	CWE197_Numeric_Truncation_Error__int_large_to_byte_31.java	30	CWE197_Numeric_Truncation_Error__int_large_to_byte_31.java	39
/home/swlab/Documents/swvul/java-vuln-detection/slicing/output/CPG/cwe197_cpg/cwe197-612-cpg-resolved.bin	tc612_flow2	CWE197_Numeric_Truncation_Error__int_large_to_byte_31.java	58	CWE197_Numeric_Truncation_Error__int_large_to_byte_31.java	67
/home/swlab/Documents/swvul/java-vuln-detection/slicing/output/CPG/cwe197_cpg/cwe197-613-cpg-resolved.bin	tc613_flow1	CWE197_Numeric_Truncation_Error__int_large_to_byte_41.java	36	CWE197_Numeric_Truncation_Error__int_large_to_byte_41.java	26
/home/swlab/Documents/swvul/java-vuln-detection/slicing/output/CPG/cwe197_cpg/cwe197-613-cpg-resolved.bin	tc613_flow2	CWE197_Numeric_Truncation_Error__int_large_to_byte_41.java	62	CWE197_Numeric_Truncation_Error__int_large_to_byte_41.java	51
/home/swlab/Documents/swvul/java-vuln-detection/slicing/output/CPG/cwe197_cpg/cwe197-614-cpg-resolved.bin	tc614_flow1	CWE197_Numeric_Truncation_Error__int_large_to_byte_42.java	26	CWE197_Numeric_Truncation_Error__int_large_to_byte_42.java	38
/home/swlab/Documents/swvul/java-vuln-detection/slicing/output/CPG/cwe197_cpg/cwe197-614-cpg-resolved.bin	tc614_flow2	CWE197_Numeric_Truncation_Error__int_large_to_byte_42.java	48	CWE197_Numeric_Truncation_Error__int_large_to_byte_42.java	60
/home/swlab/Documents/swvul/java-vuln-detection/slicing/output/CPG/cwe197_cpg/cwe197-615-cpg-resolved.bin	tc615_flow1	CWE197_Numeric_Truncation_Error__int_large_to_byte_45.java	42	CWE197_Numeric_Truncation_Error__int_large_to_byte_45.java	31
/home/swlab/Documents/swvul/java-vuln-detection/slicing/output/CPG/cwe197_cpg/cwe197-615-cpg-resolved.bin	tc615_flow2	CWE197_Numeric_Truncation_Error__int_large_to_byte_45.java	70	CWE197_Numeric_Truncation_Error__int_large_to_byte_45.java	59
/home/swlab/Documents/swvul/java-vuln-detection/slicing/output/CPG/cwe197_cpg/cwe197-616-cpg-resolved.bin	tc616_flow1	CWE197_Numeric_Truncation_Error__int_large_to_byte_51a.java	26	CWE197_Numeric_Truncation_Error__int_large_to_byte_51b.java	26
/home/swlab/Documents/swvul/java-vuln-detection/slicing/output/CPG/cwe197_cpg/cwe197-616-cpg-resolved.bin	tc616_flow2	CWE197_Numeric_Truncation_Error__int_large_to_byte_51a.java	42	CWE197_Numeric_Truncation_Error__int_large_to_byte_51b.java	37
/home/swlab/Documents/swvul/java-vuln-detection/slicing/output/CPG/cwe197_cpg/cwe197-617-cpg-resolved.bin	tc617_flow1	CWE197_Numeric_Truncation_Error__int_large_to_byte_52a.java	27	CWE197_Numeric_Truncation_Error__int_large_to_byte_52c.java	27
/home/swlab/Documents/swvul/java-vuln-detection/slicing/output/CPG/cwe197_cpg/cwe197-617-cpg-resolved.bin	tc617_flow2	CWE197_Numeric_Truncation_Error__int_large_to_byte_52a.java	43	CWE197_Numeric_Truncation_Error__int_large_to_byte_52c.java	38
/home/swlab/Documents/swvul/java-vuln-detection/slicing/output/CPG/cwe197_cpg/cwe197-618-cpg-resolved.bin	tc618_flow1	CWE197_Numeric_Truncation_Error__int_large_to_byte_53a.java	27	CWE197_Numeric_Truncation_Error__int_large_to_byte_53d.java	27
/home/swlab/Documents/swvul/java-vuln-detection/slicing/output/CPG/cwe197_cpg/cwe197-618-cpg-resolved.bin	tc618_flow2	CWE197_Numeric_Truncation_Error__int_large_to_byte_53a.java	43	CWE197_Numeric_Truncation_Error__int_large_to_byte_53d.java	38
/home/swlab/Documents/swvul/java-vuln-detection/slicing/output/CPG/cwe197_cpg/cwe197-619-cpg-resolved.bin	tc619_flow1	CWE197_Numeric_Truncation_Error__int_large_to_byte_54a.java	27	CWE197_Numeric_Truncation_Error__int_large_to_byte_54e.java	27
/home/swlab/Documents/swvul/java-vuln-detection/slicing/output/CPG/cwe197_cpg/cwe197-619-cpg-resolved.bin	tc619_flow2	CWE197_Numeric_Truncation_Error__int_large_to_byte_54a.java	43	CWE197_Numeric_Truncation_Error__int_large_to_byte_54e.java	38
/home/swlab/Documents/swvul/java-vuln-detection/slicing/output/CPG/cwe197_cpg/cwe197-620-cpg-resolved.bin	tc620_flow1	CWE197_Numeric_Truncation_Error__int_large_to_byte_61b.java	27	CWE197_Numeric_Truncation_Error__int_large_to_byte_61a.java	28
/home/swlab/Documents/swvul/java-vuln-detection/slicing/output/CPG/cwe197_cpg/cwe197-620-cpg-resolved.bin	tc620_flow2	CWE197_Numeric_Truncation_Error__int_large_to_byte_61b.java	38	CWE197_Numeric_Truncation_Error__int_large_to_byte_61a.java	45
/home/swlab/Documents/swvul/java-vuln-detection/slicing/output/CPG/cwe197_cpg/cwe197-621-cpg-resolved.bin	tc621_flow1	CWE197_Numeric_Truncation_Error__int_large_to_byte_66a.java	27	CWE197_Numeric_Truncation_Error__int_large_to_byte_66b.java	28
/home/swlab/Documents/swvul/java-vuln-detection/slicing/output/CPG/cwe197_cpg/cwe197-621-cpg-resolved.bin	tc621_flow2	CWE197_Numeric_Truncation_Error__int_large_to_byte_66a.java	45	CWE197_Numeric_Truncation_Error__int_large_to_byte_66b.java	40
/home/swlab/Documents/swvul/java-vuln-detection/slicing/output/CPG/cwe197_cpg/cwe197-622-cpg-resolved.bin	tc622_flow1	CWE197_Numeric_Truncation_Error__int_large_to_byte_67a.java	32	CWE197_Numeric_Truncation_Error__int_large_to_byte_67b.java	28
/home/swlab/Documents/swvul/java-vuln-detection/slicing/output/CPG/cwe197_cpg/cwe197-622-cpg-resolved.bin	tc622_flow2	CWE197_Numeric_Truncation_Error__int_large_to_byte_67a.java	50	CWE197_Numeric_Truncation_Error__int_large_to_byte_67b.java	40
/home/swlab/Documents/swvul/java-vuln-detection/slicing/output/CPG/cwe197_cpg/cwe197-623-cpg-resolved.bin	tc623_flow1	CWE197_Numeric_Truncation_Error__int_large_to_byte_68a.java	27	CWE197_Numeric_Truncation_Error__int_large_to_byte_68b.java	27
/home/swlab/Documents/swvul/java-vuln-detection/slicing/output/CPG/cwe197_cpg/cwe197-623-cpg-resolved.bin	tc623_flow2	CWE197_Numeric_Truncation_Error__int_large_to_byte_68a.java	42	CWE197_Numeric_Truncation_Error__int_large_to_byte_68b.java	39
/home/swlab/Documents/swvul/java-vuln-detection/slicing/output/CPG/cwe197_cpg/cwe197-624-cpg-resolved.bin	tc624_flow1	CWE197_Numeric_Truncation_Error__int_large_to_byte_71a.java	27	CWE197_Numeric_Truncation_Error__int_large_to_byte_71b.java	28
/home/swlab/Documents/swvul/java-vuln-detection/slicing/output/CPG/cwe197_cpg/cwe197-624-cpg-resolved.bin	tc624_flow2	CWE197_Numeric_Truncation_Error__int_large_to_byte_71a.java	43	CWE197_Numeric_Truncation_Error__int_large_to_byte_71b.java	40
/home/swlab/Documents/swvul/java-vuln-detection/slicing/output/CPG/cwe197_cpg/cwe197-625-cpg-resolved.bin	tc625_flow1	CWE197_Numeric_Truncation_Error__int_large_to_byte_72a.java	28	CWE197_Numeric_Truncation_Error__int_large_to_byte_72b.java	29
/home/swlab/Documents/swvul/java-vuln-detection/slicing/output/CPG/cwe197_cpg/cwe197-625-cpg-resolved.bin	tc625_flow2	CWE197_Numeric_Truncation_Error__int_large_to_byte_72a.java	48	CWE197_Numeric_Truncation_Error__int_large_to_byte_72b.java	41
/home/swlab/Documents/swvul/java-vuln-detection/slicing/output/CPG/cwe197_cpg/cwe197-626-cpg-resolved.bin	tc626_flow1	CWE197_Numeric_Truncation_Error__int_large_to_byte_73a.java	28	CWE197_Numeric_Truncation_Error__int_large_to_byte_73b.java	29
/home/swlab/Documents/swvul/java-vuln-detection/slicing/output/CPG/cwe197_cpg/cwe197-626-cpg-resolved.bin	tc626_flow2	CWE197_Numeric_Truncation_Error__int_large_to_byte_73a.java	48	CWE197_Numeric_Truncation_Error__int_large_to_byte_73b.java	41
/home/swlab/Documents/swvul/java-vuln-detection/slicing/output/CPG/cwe197_cpg/cwe197-627-cpg-resolved.bin	tc627_flow1	CWE197_Numeric_Truncation_Error__int_large_to_byte_74a.java	28	CWE197_Numeric_Truncation_Error__int_large_to_byte_74b.java	29
/home/swlab/Documents/swvul/java-vuln-detection/slicing/output/CPG/cwe197_cpg/cwe197-627-cpg-resolved.bin	tc627_flow2	CWE197_Numeric_Truncation_Error__int_large_to_byte_74a.java	48	CWE197_Numeric_Truncation_Error__int_large_to_byte_74b.java	41
/home/swlab/Documents/swvul/java-vuln-detection/slicing/output/CPG/cwe197_cpg/cwe197-628-cpg-resolved.bin	tc628_flow1	CWE197_Numeric_Truncation_Error__int_large_to_byte_75a.java	32	CWE197_Numeric_Truncation_Error__int_large_to_byte_75b.java	40
/home/swlab/Documents/swvul/java-vuln-detection/slicing/output/CPG/cwe197_cpg/cwe197-628-cpg-resolved.bin	tc628_flow2	CWE197_Numeric_Truncation_Error__int_large_to_byte_75a.java	90	CWE197_Numeric_Truncation_Error__int_large_to_byte_75b.java	96
/home/swlab/Documents/swvul/java-vuln-detection/slicing/output/CPG/cwe197_cpg/cwe197-629-cpg-resolved.bin	tc629_flow1	CWE197_Numeric_Truncation_Error__int_large_to_byte_81a.java	27	CWE197_Numeric_Truncation_Error__int_large_to_byte_81_bad.java	27
/home/swlab/Documents/swvul/java-vuln-detection/slicing/output/CPG/cwe197_cpg/cwe197-629-cpg-resolved.bin	tc629_flow2	CWE197_Numeric_Truncation_Error__int_large_to_byte_81a.java	44	CWE197_Numeric_Truncation_Error__int_large_to_byte_81_goodG2B.java	27
/home/swlab/Documents/swvul/java-vuln-detection/slicing/output/CPG/cwe197_cpg/cwe197-630-cpg-resolved.bin	tc630_flow1	CWE197_Numeric_Truncation_Error__int_large_to_short_01.java	27	CWE197_Numeric_Truncation_Error__int_large_to_short_01.java	31
/home/swlab/Documents/swvul/java-vuln-detection/slicing/output/CPG/cwe197_cpg/cwe197-630-cpg-resolved.bin	tc630_flow2	CWE197_Numeric_Truncation_Error__int_large_to_short_01.java	47	CWE197_Numeric_Truncation_Error__int_large_to_short_01.java	51
/home/swlab/Documents/swvul/java-vuln-detection/slicing/output/CPG/cwe197_cpg/cwe197-631-cpg-resolved.bin	tc631_flow1	CWE197_Numeric_Truncation_Error__int_large_to_short_02.java	28	CWE197_Numeric_Truncation_Error__int_large_to_short_02.java	39
/home/swlab/Documents/swvul/java-vuln-detection/slicing/output/CPG/cwe197_cpg/cwe197-631-cpg-resolved.bin	tc631_flow2	CWE197_Numeric_Truncation_Error__int_large_to_short_02.java	58	CWE197_Numeric_Truncation_Error__int_large_to_short_02.java	64
/home/swlab/Documents/swvul/java-vuln-detection/slicing/output/CPG/cwe197_cpg/cwe197-631-cpg-resolved.bin	tc631_flow3	CWE197_Numeric_Truncation_Error__int_large_to_short_02.java	76	CWE197_Numeric_Truncation_Error__int_large_to_short_02.java	87
/home/swlab/Documents/swvul/java-vuln-detection/slicing/output/CPG/cwe197_cpg/cwe197-632-cpg-resolved.bin	tc632_flow1	CWE197_Numeric_Truncation_Error__int_large_to_short_03.java	28	CWE197_Numeric_Truncation_Error__int_large_to_short_03.java	39
/home/swlab/Documents/swvul/java-vuln-detection/slicing/output/CPG/cwe197_cpg/cwe197-632-cpg-resolved.bin	tc632_flow2	CWE197_Numeric_Truncation_Error__int_large_to_short_03.java	58	CWE197_Numeric_Truncation_Error__int_large_to_short_03.java	64
/home/swlab/Documents/swvul/java-vuln-detection/slicing/output/CPG/cwe197_cpg/cwe197-632-cpg-resolved.bin	tc632_flow3	CWE197_Numeric_Truncation_Error__int_large_to_short_03.java	76	CWE197_Numeric_Truncation_Error__int_large_to_short_03.java	87
/home/swlab/Documents/swvul/java-vuln-detection/slicing/output/CPG/cwe197_cpg/cwe197-633-cpg-resolved.bin	tc633_flow1	CWE197_Numeric_Truncation_Error__int_large_to_short_04.java	35	CWE197_Numeric_Truncation_Error__int_large_to_short_04.java	46
/home/swlab/Documents/swvul/java-vuln-detection/slicing/output/CPG/cwe197_cpg/cwe197-633-cpg-resolved.bin	tc633_flow2	CWE197_Numeric_Truncation_Error__int_large_to_short_04.java	65	CWE197_Numeric_Truncation_Error__int_large_to_short_04.java	71
/home/swlab/Documents/swvul/java-vuln-detection/slicing/output/CPG/cwe197_cpg/cwe197-633-cpg-resolved.bin	tc633_flow3	CWE197_Numeric_Truncation_Error__int_large_to_short_04.java	83	CWE197_Numeric_Truncation_Error__int_large_to_short_04.java	94
/home/swlab/Documents/swvul/java-vuln-detection/slicing/output/CPG/cwe197_cpg/cwe197-634-cpg-resolved.bin	tc634_flow1	CWE197_Numeric_Truncation_Error__int_large_to_short_05.java	35	CWE197_Numeric_Truncation_Error__int_large_to_short_05.java	46
/home/swlab/Documents/swvul/java-vuln-detection/slicing/output/CPG/cwe197_cpg/cwe197-634-cpg-resolved.bin	tc634_flow2	CWE197_Numeric_Truncation_Error__int_large_to_short_05.java	65	CWE197_Numeric_Truncation_Error__int_large_to_short_05.java	71
/home/swlab/Documents/swvul/java-vuln-detection/slicing/output/CPG/cwe197_cpg/cwe197-634-cpg-resolved.bin	tc634_flow3	CWE197_Numeric_Truncation_Error__int_large_to_short_05.java	83	CWE197_Numeric_Truncation_Error__int_large_to_short_05.java	94
/home/swlab/Documents/swvul/java-vuln-detection/slicing/output/CPG/cwe197_cpg/cwe197-635-cpg-resolved.bin	tc635_flow1	CWE197_Numeric_Truncation_Error__int_large_to_short_06.java	34	CWE197_Numeric_Truncation_Error__int_large_to_short_06.java	45
/home/swlab/Documents/swvul/java-vuln-detection/slicing/output/CPG/cwe197_cpg/cwe197-635-cpg-resolved.bin	tc635_flow2	CWE197_Numeric_Truncation_Error__int_large_to_short_06.java	64	CWE197_Numeric_Truncation_Error__int_large_to_short_06.java	70
/home/swlab/Documents/swvul/java-vuln-detection/slicing/output/CPG/cwe197_cpg/cwe197-635-cpg-resolved.bin	tc635_flow3	CWE197_Numeric_Truncation_Error__int_large_to_short_06.java	82	CWE197_Numeric_Truncation_Error__int_large_to_short_06.java	93
/home/swlab/Documents/swvul/java-vuln-detection/slicing/output/CPG/cwe197_cpg/cwe197-636-cpg-resolved.bin	tc636_flow1	CWE197_Numeric_Truncation_Error__int_large_to_short_07.java	34	CWE197_Numeric_Truncation_Error__int_large_to_short_07.java	45
/home/swlab/Documents/swvul/java-vuln-detection/slicing/output/CPG/cwe197_cpg/cwe197-636-cpg-resolved.bin	tc636_flow2	CWE197_Numeric_Truncation_Error__int_large_to_short_07.java	64	CWE197_Numeric_Truncation_Error__int_large_to_short_07.java	70
/home/swlab/Documents/swvul/java-vuln-detection/slicing/output/CPG/cwe197_cpg/cwe197-636-cpg-resolved.bin	tc636_flow3	CWE197_Numeric_Truncation_Error__int_large_to_short_07.java	82	CWE197_Numeric_Truncation_Error__int_large_to_short_07.java	93
/home/swlab/Documents/swvul/java-vuln-detection/slicing/output/CPG/cwe197_cpg/cwe197-637-cpg-resolved.bin	tc637_flow1	CWE197_Numeric_Truncation_Error__int_large_to_short_08.java	42	CWE197_Numeric_Truncation_Error__int_large_to_short_08.java	53
/home/swlab/Documents/swvul/java-vuln-detection/slicing/output/CPG/cwe197_cpg/cwe197-637-cpg-resolved.bin	tc637_flow2	CWE197_Numeric_Truncation_Error__int_large_to_short_08.java	72	CWE197_Numeric_Truncation_Error__int_large_to_short_08.java	78
/home/swlab/Documents/swvul/java-vuln-detection/slicing/output/CPG/cwe197_cpg/cwe197-637-cpg-resolved.bin	tc637_flow3	CWE197_Numeric_Truncation_Error__int_large_to_short_08.java	90	CWE197_Numeric_Truncation_Error__int_large_to_short_08.java	101
/home/swlab/Documents/swvul/java-vuln-detection/slicing/output/CPG/cwe197_cpg/cwe197-638-cpg-resolved.bin	tc638_flow1	CWE197_Numeric_Truncation_Error__int_large_to_short_09.java	28	CWE197_Numeric_Truncation_Error__int_large_to_short_09.java	39
/home/swlab/Documents/swvul/java-vuln-detection/slicing/output/CPG/cwe197_cpg/cwe197-638-cpg-resolved.bin	tc638_flow2	CWE197_Numeric_Truncation_Error__int_large_to_short_09.java	58	CWE197_Numeric_Truncation_Error__int_large_to_short_09.java	64
/home/swlab/Documents/swvul/java-vuln-detection/slicing/output/CPG/cwe197_cpg/cwe197-638-cpg-resolved.bin	tc638_flow3	CWE197_Numeric_Truncation_Error__int_large_to_short_09.java	76	CWE197_Numeric_Truncation_Error__int_large_to_short_09.java	87
/home/swlab/Documents/swvul/java-vuln-detection/slicing/output/CPG/cwe197_cpg/cwe197-639-cpg-resolved.bin	tc639_flow1	CWE197_Numeric_Truncation_Error__int_large_to_short_10.java	28	CWE197_Numeric_Truncation_Error__int_large_to_short_10.java	39
/home/swlab/Documents/swvul/java-vuln-detection/slicing/output/CPG/cwe197_cpg/cwe197-639-cpg-resolved.bin	tc639_flow2	CWE197_Numeric_Truncation_Error__int_large_to_short_10.java	58	CWE197_Numeric_Truncation_Error__int_large_to_short_10.java	64
/home/swlab/Documents/swvul/java-vuln-detection/slicing/output/CPG/cwe197_cpg/cwe197-639-cpg-resolved.bin	tc639_flow3	CWE197_Numeric_Truncation_Error__int_large_to_short_10.java	76	CWE197_Numeric_Truncation_Error__int_large_to_short_10.java	87
/home/swlab/Documents/swvul/java-vuln-detection/slicing/output/CPG/cwe197_cpg/cwe197-640-cpg-resolved.bin	tc640_flow1	CWE197_Numeric_Truncation_Error__int_large_to_short_11.java	28	CWE197_Numeric_Truncation_Error__int_large_to_short_11.java	39
/home/swlab/Documents/swvul/java-vuln-detection/slicing/output/CPG/cwe197_cpg/cwe197-640-cpg-resolved.bin	tc640_flow2	CWE197_Numeric_Truncation_Error__int_large_to_short_11.java	58	CWE197_Numeric_Truncation_Error__int_large_to_short_11.java	64
/home/swlab/Documents/swvul/java-vuln-detection/slicing/output/CPG/cwe197_cpg/cwe197-640-cpg-resolved.bin	tc640_flow3	CWE197_Numeric_Truncation_Error__int_large_to_short_11.java	76	CWE197_Numeric_Truncation_Error__int_large_to_short_11.java	87
/home/swlab/Documents/swvul/java-vuln-detection/slicing/output/CPG/cwe197_cpg/cwe197-641-cpg-resolved.bin	tc641_flow1	CWE197_Numeric_Truncation_Error__int_large_to_short_12.java	28	CWE197_Numeric_Truncation_Error__int_large_to_short_12.java	40
/home/swlab/Documents/swvul/java-vuln-detection/slicing/output/CPG/cwe197_cpg/cwe197-641-cpg-resolved.bin	tc641_flow2	CWE197_Numeric_Truncation_Error__int_large_to_short_12.java	53	CWE197_Numeric_Truncation_Error__int_large_to_short_12.java	65
/home/swlab/Documents/swvul/java-vuln-detection/slicing/output/CPG/cwe197_cpg/cwe197-642-cpg-resolved.bin	tc642_flow1	CWE197_Numeric_Truncation_Error__int_large_to_short_13.java	28	CWE197_Numeric_Truncation_Error__int_large_to_short_13.java	39
/home/swlab/Documents/swvul/java-vuln-detection/slicing/output/CPG/cwe197_cpg/cwe197-642-cpg-resolved.bin	tc642_flow2	CWE197_Numeric_Truncation_Error__int_large_to_short_13.java	58	CWE197_Numeric_Truncation_Error__int_large_to_short_13.java	64
/home/swlab/Documents/swvul/java-vuln-detection/slicing/output/CPG/cwe197_cpg/cwe197-642-cpg-resolved.bin	tc642_flow3	CWE197_Numeric_Truncation_Error__int_large_to_short_13.java	76	CWE197_Numeric_Truncation_Error__int_large_to_short_13.java	87
/home/swlab/Documents/swvul/java-vuln-detection/slicing/output/CPG/cwe197_cpg/cwe197-643-cpg-resolved.bin	tc643_flow1	CWE197_Numeric_Truncation_Error__int_large_to_short_14.java	28	CWE197_Numeric_Truncation_Error__int_large_to_short_14.java	39
/home/swlab/Documents/swvul/java-vuln-detection/slicing/output/CPG/cwe197_cpg/cwe197-643-cpg-resolved.bin	tc643_flow2	CWE197_Numeric_Truncation_Error__int_large_to_short_14.java	58	CWE197_Numeric_Truncation_Error__int_large_to_short_14.java	64
/home/swlab/Documents/swvul/java-vuln-detection/slicing/output/CPG/cwe197_cpg/cwe197-643-cpg-resolved.bin	tc643_flow3	CWE197_Numeric_Truncation_Error__int_large_to_short_14.java	76	CWE197_Numeric_Truncation_Error__int_large_to_short_14.java	87
/home/swlab/Documents/swvul/java-vuln-detection/slicing/output/CPG/cwe197_cpg/cwe197-644-cpg-resolved.bin	tc644_flow1	CWE197_Numeric_Truncation_Error__int_large_to_short_15.java	30	CWE197_Numeric_Truncation_Error__int_large_to_short_15.java	41
/home/swlab/Documents/swvul/java-vuln-detection/slicing/output/CPG/cwe197_cpg/cwe197-644-cpg-resolved.bin	tc644_flow2	CWE197_Numeric_Truncation_Error__int_large_to_short_15.java	60	CWE197_Numeric_Truncation_Error__int_large_to_short_15.java	66
/home/swlab/Documents/swvul/java-vuln-detection/slicing/output/CPG/cwe197_cpg/cwe197-644-cpg-resolved.bin	tc644_flow3	CWE197_Numeric_Truncation_Error__int_large_to_short_15.java	80	CWE197_Numeric_Truncation_Error__int_large_to_short_15.java	91
/home/swlab/Documents/swvul/java-vuln-detection/slicing/output/CPG/cwe197_cpg/cwe197-645-cpg-resolved.bin	tc645_flow1	CWE197_Numeric_Truncation_Error__int_large_to_short_16.java	29	CWE197_Numeric_Truncation_Error__int_large_to_short_16.java	35
/home/swlab/Documents/swvul/java-vuln-detection/slicing/output/CPG/cwe197_cpg/cwe197-645-cpg-resolved.bin	tc645_flow2	CWE197_Numeric_Truncation_Error__int_large_to_short_16.java	48	CWE197_Numeric_Truncation_Error__int_large_to_short_16.java	54
/home/swlab/Documents/swvul/java-vuln-detection/slicing/output/CPG/cwe197_cpg/cwe197-646-cpg-resolved.bin	tc646_flow1	CWE197_Numeric_Truncation_Error__int_large_to_short_17.java	27	CWE197_Numeric_Truncation_Error__int_large_to_short_17.java	33
/home/swlab/Documents/swvul/java-vuln-detection/slicing/output/CPG/cwe197_cpg/cwe197-646-cpg-resolved.bin	tc646_flow2	CWE197_Numeric_Truncation_Error__int_large_to_short_17.java	45	CWE197_Numeric_Truncation_Error__int_large_to_short_17.java	51
/home/swlab/Documents/swvul/java-vuln-detection/slicing/output/CPG/cwe197_cpg/cwe197-647-cpg-resolved.bin	tc647_flow1	CWE197_Numeric_Truncation_Error__int_large_to_short_21.java	46	CWE197_Numeric_Truncation_Error__int_large_to_short_21.java	34
/home/swlab/Documents/swvul/java-vuln-detection/slicing/output/CPG/cwe197_cpg/cwe197-647-cpg-resolved.bin	tc647_flow2	CWE197_Numeric_Truncation_Error__int_large_to_short_21.java	97	CWE197_Numeric_Truncation_Error__int_large_to_short_21.java	78
/home/swlab/Documents/swvul/java-vuln-detection/slicing/output/CPG/cwe197_cpg/cwe197-647-cpg-resolved.bin	tc647_flow3	CWE197_Numeric_Truncation_Error__int_large_to_short_21.java	126	CWE197_Numeric_Truncation_Error__int_large_to_short_21.java	114
/home/swlab/Documents/swvul/java-vuln-detection/slicing/output/CPG/cwe197_cpg/cwe197-648-cpg-resolved.bin	tc648_flow1	CWE197_Numeric_Truncation_Error__int_large_to_short_22b.java	29	CWE197_Numeric_Truncation_Error__int_large_to_short_22a.java	35
/home/swlab/Documents/swvul/java-vuln-detection/slicing/output/CPG/cwe197_cpg/cwe197-648-cpg-resolved.bin	tc648_flow2	CWE197_Numeric_Truncation_Error__int_large_to_short_22b.java	55	CWE197_Numeric_Truncation_Error__int_large_to_short_22a.java	61
/home/swlab/Documents/swvul/java-vuln-detection/slicing/output/CPG/cwe197_cpg/cwe197-648-cpg-resolved.bin	tc648_flow3	CWE197_Numeric_Truncation_Error__int_large_to_short_22b.java	70	CWE197_Numeric_Truncation_Error__int_large_to_short_22a.java	76
/home/swlab/Documents/swvul/java-vuln-detection/slicing/output/CPG/cwe197_cpg/cwe197-649-cpg-resolved.bin	tc649_flow1	CWE197_Numeric_Truncation_Error__int_large_to_short_31.java	30	CWE197_Numeric_Truncation_Error__int_large_to_short_31.java	39
/home/swlab/Documents/swvul/java-vuln-detection/slicing/output/CPG/cwe197_cpg/cwe197-649-cpg-resolved.bin	tc649_flow2	CWE197_Numeric_Truncation_Error__int_large_to_short_31.java	58	CWE197_Numeric_Truncation_Error__int_large_to_short_31.java	67
/home/swlab/Documents/swvul/java-vuln-detection/slicing/output/CPG/cwe197_cpg/cwe197-650-cpg-resolved.bin	tc650_flow1	CWE197_Numeric_Truncation_Error__int_large_to_short_41.java	36	CWE197_Numeric_Truncation_Error__int_large_to_short_41.java	26
/home/swlab/Documents/swvul/java-vuln-detection/slicing/output/CPG/cwe197_cpg/cwe197-650-cpg-resolved.bin	tc650_flow2	CWE197_Numeric_Truncation_Error__int_large_to_short_41.java	62	CWE197_Numeric_Truncation_Error__int_large_to_short_41.java	51
/home/swlab/Documents/swvul/java-vuln-detection/slicing/output/CPG/cwe197_cpg/cwe197-651-cpg-resolved.bin	tc651_flow1	CWE197_Numeric_Truncation_Error__int_large_to_short_42.java	26	CWE197_Numeric_Truncation_Error__int_large_to_short_42.java	38
/home/swlab/Documents/swvul/java-vuln-detection/slicing/output/CPG/cwe197_cpg/cwe197-651-cpg-resolved.bin	tc651_flow2	CWE197_Numeric_Truncation_Error__int_large_to_short_42.java	48	CWE197_Numeric_Truncation_Error__int_large_to_short_42.java	60
/home/swlab/Documents/swvul/java-vuln-detection/slicing/output/CPG/cwe197_cpg/cwe197-652-cpg-resolved.bin	tc652_flow1	CWE197_Numeric_Truncation_Error__int_large_to_short_45.java	42	CWE197_Numeric_Truncation_Error__int_large_to_short_45.java	31
/home/swlab/Documents/swvul/java-vuln-detection/slicing/output/CPG/cwe197_cpg/cwe197-652-cpg-resolved.bin	tc652_flow2	CWE197_Numeric_Truncation_Error__int_large_to_short_45.java	70	CWE197_Numeric_Truncation_Error__int_large_to_short_45.java	59
/home/swlab/Documents/swvul/java-vuln-detection/slicing/output/CPG/cwe197_cpg/cwe197-653-cpg-resolved.bin	tc653_flow1	CWE197_Numeric_Truncation_Error__int_large_to_short_51a.java	26	CWE197_Numeric_Truncation_Error__int_large_to_short_51b.java	26
/home/swlab/Documents/swvul/java-vuln-detection/slicing/output/CPG/cwe197_cpg/cwe197-653-cpg-resolved.bin	tc653_flow2	CWE197_Numeric_Truncation_Error__int_large_to_short_51a.java	42	CWE197_Numeric_Truncation_Error__int_large_to_short_51b.java	37
/home/swlab/Documents/swvul/java-vuln-detection/slicing/output/CPG/cwe197_cpg/cwe197-654-cpg-resolved.bin	tc654_flow1	CWE197_Numeric_Truncation_Error__int_large_to_short_52a.java	27	CWE197_Numeric_Truncation_Error__int_large_to_short_52c.java	27
/home/swlab/Documents/swvul/java-vuln-detection/slicing/output/CPG/cwe197_cpg/cwe197-654-cpg-resolved.bin	tc654_flow2	CWE197_Numeric_Truncation_Error__int_large_to_short_52a.java	43	CWE197_Numeric_Truncation_Error__int_large_to_short_52c.java	38
/home/swlab/Documents/swvul/java-vuln-detection/slicing/output/CPG/cwe197_cpg/cwe197-655-cpg-resolved.bin	tc655_flow1	CWE197_Numeric_Truncation_Error__int_large_to_short_53a.java	27	CWE197_Numeric_Truncation_Error__int_large_to_short_53d.java	27
/home/swlab/Documents/swvul/java-vuln-detection/slicing/output/CPG/cwe197_cpg/cwe197-655-cpg-resolved.bin	tc655_flow2	CWE197_Numeric_Truncation_Error__int_large_to_short_53a.java	43	CWE197_Numeric_Truncation_Error__int_large_to_short_53d.java	38
/home/swlab/Documents/swvul/java-vuln-detection/slicing/output/CPG/cwe197_cpg/cwe197-656-cpg-resolved.bin	tc656_flow1	CWE197_Numeric_Truncation_Error__int_large_to_short_54a.java	27	CWE197_Numeric_Truncation_Error__int_large_to_short_54e.java	27
/home/swlab/Documents/swvul/java-vuln-detection/slicing/output/CPG/cwe197_cpg/cwe197-656-cpg-resolved.bin	tc656_flow2	CWE197_Numeric_Truncation_Error__int_large_to_short_54a.java	43	CWE197_Numeric_Truncation_Error__int_large_to_short_54e.java	38
/home/swlab/Documents/swvul/java-vuln-detection/slicing/output/CPG/cwe197_cpg/cwe197-657-cpg-resolved.bin	tc657_flow1	CWE197_Numeric_Truncation_Error__int_large_to_short_61b.java	27	CWE197_Numeric_Truncation_Error__int_large_to_short_61a.java	28
/home/swlab/Documents/swvul/java-vuln-detection/slicing/output/CPG/cwe197_cpg/cwe197-657-cpg-resolved.bin	tc657_flow2	CWE197_Numeric_Truncation_Error__int_large_to_short_61b.java	38	CWE197_Numeric_Truncation_Error__int_large_to_short_61a.java	45
/home/swlab/Documents/swvul/java-vuln-detection/slicing/output/CPG/cwe197_cpg/cwe197-658-cpg-resolved.bin	tc658_flow1	CWE197_Numeric_Truncation_Error__int_large_to_short_66a.java	27	CWE197_Numeric_Truncation_Error__int_large_to_short_66b.java	28
/home/swlab/Documents/swvul/java-vuln-detection/slicing/output/CPG/cwe197_cpg/cwe197-658-cpg-resolved.bin	tc658_flow2	CWE197_Numeric_Truncation_Error__int_large_to_short_66a.java	45	CWE197_Numeric_Truncation_Error__int_large_to_short_66b.java	40
/home/swlab/Documents/swvul/java-vuln-detection/slicing/output/CPG/cwe197_cpg/cwe197-659-cpg-resolved.bin	tc659_flow1	CWE197_Numeric_Truncation_Error__int_large_to_short_67a.java	32	CWE197_Numeric_Truncation_Error__int_large_to_short_67b.java	28
/home/swlab/Documents/swvul/java-vuln-detection/slicing/output/CPG/cwe197_cpg/cwe197-659-cpg-resolved.bin	tc659_flow2	CWE197_Numeric_Truncation_Error__int_large_to_short_67a.java	50	CWE197_Numeric_Truncation_Error__int_large_to_short_67b.java	40
/home/swlab/Documents/swvul/java-vuln-detection/slicing/output/CPG/cwe197_cpg/cwe197-660-cpg-resolved.bin	tc660_flow1	CWE197_Numeric_Truncation_Error__int_large_to_short_68a.java	27	CWE197_Numeric_Truncation_Error__int_large_to_short_68b.java	27
/home/swlab/Documents/swvul/java-vuln-detection/slicing/output/CPG/cwe197_cpg/cwe197-660-cpg-resolved.bin	tc660_flow2	CWE197_Numeric_Truncation_Error__int_large_to_short_68a.java	42	CWE197_Numeric_Truncation_Error__int_large_to_short_68b.java	39
/home/swlab/Documents/swvul/java-vuln-detection/slicing/output/CPG/cwe197_cpg/cwe197-661-cpg-resolved.bin	tc661_flow1	CWE197_Numeric_Truncation_Error__int_large_to_short_71a.java	27	CWE197_Numeric_Truncation_Error__int_large_to_short_71b.java	28
/home/swlab/Documents/swvul/java-vuln-detection/slicing/output/CPG/cwe197_cpg/cwe197-661-cpg-resolved.bin	tc661_flow2	CWE197_Numeric_Truncation_Error__int_large_to_short_71a.java	43	CWE197_Numeric_Truncation_Error__int_large_to_short_71b.java	40
/home/swlab/Documents/swvul/java-vuln-detection/slicing/output/CPG/cwe197_cpg/cwe197-662-cpg-resolved.bin	tc662_flow1	CWE197_Numeric_Truncation_Error__int_large_to_short_72a.java	28	CWE197_Numeric_Truncation_Error__int_large_to_short_72b.java	29
/home/swlab/Documents/swvul/java-vuln-detection/slicing/output/CPG/cwe197_cpg/cwe197-662-cpg-resolved.bin	tc662_flow2	CWE197_Numeric_Truncation_Error__int_large_to_short_72a.java	48	CWE197_Numeric_Truncation_Error__int_large_to_short_72b.java	41
/home/swlab/Documents/swvul/java-vuln-detection/slicing/output/CPG/cwe197_cpg/cwe197-663-cpg-resolved.bin	tc663_flow1	CWE197_Numeric_Truncation_Error__int_large_to_short_73a.java	28	CWE197_Numeric_Truncation_Error__int_large_to_short_73b.java	29
/home/swlab/Documents/swvul/java-vuln-detection/slicing/output/CPG/cwe197_cpg/cwe197-663-cpg-resolved.bin	tc663_flow2	CWE197_Numeric_Truncation_Error__int_large_to_short_73a.java	48	CWE197_Numeric_Truncation_Error__int_large_to_short_73b.java	41
/home/swlab/Documents/swvul/java-vuln-detection/slicing/output/CPG/cwe197_cpg/cwe197-664-cpg-resolved.bin	tc664_flow1	CWE197_Numeric_Truncation_Error__int_large_to_short_74a.java	28	CWE197_Numeric_Truncation_Error__int_large_to_short_74b.java	29
/home/swlab/Documents/swvul/java-vuln-detection/slicing/output/CPG/cwe197_cpg/cwe197-664-cpg-resolved.bin	tc664_flow2	CWE197_Numeric_Truncation_Error__int_large_to_short_74a.java	48	CWE197_Numeric_Truncation_Error__int_large_to_short_74b.java	41
/home/swlab/Documents/swvul/java-vuln-detection/slicing/output/CPG/cwe197_cpg/cwe197-665-cpg-resolved.bin	tc665_flow1	CWE197_Numeric_Truncation_Error__int_large_to_short_75a.java	32	CWE197_Numeric_Truncation_Error__int_large_to_short_75b.java	40
/home/swlab/Documents/swvul/java-vuln-detection/slicing/output/CPG/cwe197_cpg/cwe197-665-cpg-resolved.bin	tc665_flow2	CWE197_Numeric_Truncation_Error__int_large_to_short_75a.java	90	CWE197_Numeric_Truncation_Error__int_large_to_short_75b.java	96
/home/swlab/Documents/swvul/java-vuln-detection/slicing/output/CPG/cwe197_cpg/cwe197-666-cpg-resolved.bin	tc666_flow1	CWE197_Numeric_Truncation_Error__int_large_to_short_81a.java	27	CWE197_Numeric_Truncation_Error__int_large_to_short_81_bad.java	27
/home/swlab/Documents/swvul/java-vuln-detection/slicing/output/CPG/cwe197_cpg/cwe197-666-cpg-resolved.bin	tc666_flow2	CWE197_Numeric_Truncation_Error__int_large_to_short_81a.java	44	CWE197_Numeric_Truncation_Error__int_large_to_short_81_goodG2B.java	27
/home/swlab/Documents/swvul/java-vuln-detection/slicing/output/CPG/cwe197_cpg/cwe197-667-cpg-resolved.bin	tc667_flow1	CWE197_Numeric_Truncation_Error__int_listen_tcp_to_byte_01.java	54	CWE197_Numeric_Truncation_Error__int_listen_tcp_to_byte_01.java	127
/home/swlab/Documents/swvul/java-vuln-detection/slicing/output/CPG/cwe197_cpg/cwe197-667-cpg-resolved.bin	tc667_flow2	CWE197_Numeric_Truncation_Error__int_listen_tcp_to_byte_01.java	143	CWE197_Numeric_Truncation_Error__int_listen_tcp_to_byte_01.java	147
/home/swlab/Documents/swvul/java-vuln-detection/slicing/output/CPG/cwe197_cpg/cwe197-668-cpg-resolved.bin	tc668_flow1	CWE197_Numeric_Truncation_Error__int_listen_tcp_to_byte_02.java	50	CWE197_Numeric_Truncation_Error__int_listen_tcp_to_byte_02.java	130
/home/swlab/Documents/swvul/java-vuln-detection/slicing/output/CPG/cwe197_cpg/cwe197-668-cpg-resolved.bin	tc668_flow2	CWE197_Numeric_Truncation_Error__int_listen_tcp_to_byte_02.java	149	CWE197_Numeric_Truncation_Error__int_listen_tcp_to_byte_02.java	155
/home/swlab/Documents/swvul/java-vuln-detection/slicing/output/CPG/cwe197_cpg/cwe197-668-cpg-resolved.bin	tc668_flow3	CWE197_Numeric_Truncation_Error__int_listen_tcp_to_byte_02.java	167	CWE197_Numeric_Truncation_Error__int_listen_tcp_to_byte_02.java	178
/home/swlab/Documents/swvul/java-vuln-detection/slicing/output/CPG/cwe197_cpg/cwe197-669-cpg-resolved.bin	tc669_flow1	CWE197_Numeric_Truncation_Error__int_listen_tcp_to_byte_03.java	50	CWE197_Numeric_Truncation_Error__int_listen_tcp_to_byte_03.java	130
/home/swlab/Documents/swvul/java-vuln-detection/slicing/output/CPG/cwe197_cpg/cwe197-669-cpg-resolved.bin	tc669_flow2	CWE197_Numeric_Truncation_Error__int_listen_tcp_to_byte_03.java	149	CWE197_Numeric_Truncation_Error__int_listen_tcp_to_byte_03.java	155
/home/swlab/Documents/swvul/java-vuln-detection/slicing/output/CPG/cwe197_cpg/cwe197-669-cpg-resolved.bin	tc669_flow3	CWE197_Numeric_Truncation_Error__int_listen_tcp_to_byte_03.java	167	CWE197_Numeric_Truncation_Error__int_listen_tcp_to_byte_03.java	178
/home/swlab/Documents/swvul/java-vuln-detection/slicing/output/CPG/cwe197_cpg/cwe197-670-cpg-resolved.bin	tc670_flow1	CWE197_Numeric_Truncation_Error__int_listen_tcp_to_byte_04.java	57	CWE197_Numeric_Truncation_Error__int_listen_tcp_to_byte_04.java	137
/home/swlab/Documents/swvul/java-vuln-detection/slicing/output/CPG/cwe197_cpg/cwe197-670-cpg-resolved.bin	tc670_flow2	CWE197_Numeric_Truncation_Error__int_listen_tcp_to_byte_04.java	156	CWE197_Numeric_Truncation_Error__int_listen_tcp_to_byte_04.java	162
/home/swlab/Documents/swvul/java-vuln-detection/slicing/output/CPG/cwe197_cpg/cwe197-670-cpg-resolved.bin	tc670_flow3	CWE197_Numeric_Truncation_Error__int_listen_tcp_to_byte_04.java	174	CWE197_Numeric_Truncation_Error__int_listen_tcp_to_byte_04.java	185
/home/swlab/Documents/swvul/java-vuln-detection/slicing/output/CPG/cwe197_cpg/cwe197-671-cpg-resolved.bin	tc671_flow1	CWE197_Numeric_Truncation_Error__int_listen_tcp_to_byte_05.java	57	CWE197_Numeric_Truncation_Error__int_listen_tcp_to_byte_05.java	137
/home/swlab/Documents/swvul/java-vuln-detection/slicing/output/CPG/cwe197_cpg/cwe197-671-cpg-resolved.bin	tc671_flow2	CWE197_Numeric_Truncation_Error__int_listen_tcp_to_byte_05.java	156	CWE197_Numeric_Truncation_Error__int_listen_tcp_to_byte_05.java	162
/home/swlab/Documents/swvul/java-vuln-detection/slicing/output/CPG/cwe197_cpg/cwe197-671-cpg-resolved.bin	tc671_flow3	CWE197_Numeric_Truncation_Error__int_listen_tcp_to_byte_05.java	174	CWE197_Numeric_Truncation_Error__int_listen_tcp_to_byte_05.java	185
/home/swlab/Documents/swvul/java-vuln-detection/slicing/output/CPG/cwe197_cpg/cwe197-672-cpg-resolved.bin	tc672_flow1	CWE197_Numeric_Truncation_Error__int_listen_tcp_to_byte_06.java	56	CWE197_Numeric_Truncation_Error__int_listen_tcp_to_byte_06.java	136
/home/swlab/Documents/swvul/java-vuln-detection/slicing/output/CPG/cwe197_cpg/cwe197-672-cpg-resolved.bin	tc672_flow2	CWE197_Numeric_Truncation_Error__int_listen_tcp_to_byte_06.java	155	CWE197_Numeric_Truncation_Error__int_listen_tcp_to_byte_06.java	161
/home/swlab/Documents/swvul/java-vuln-detection/slicing/output/CPG/cwe197_cpg/cwe197-672-cpg-resolved.bin	tc672_flow3	CWE197_Numeric_Truncation_Error__int_listen_tcp_to_byte_06.java	173	CWE197_Numeric_Truncation_Error__int_listen_tcp_to_byte_06.java	184
/home/swlab/Documents/swvul/java-vuln-detection/slicing/output/CPG/cwe197_cpg/cwe197-673-cpg-resolved.bin	tc673_flow1	CWE197_Numeric_Truncation_Error__int_listen_tcp_to_byte_07.java	56	CWE197_Numeric_Truncation_Error__int_listen_tcp_to_byte_07.java	136
/home/swlab/Documents/swvul/java-vuln-detection/slicing/output/CPG/cwe197_cpg/cwe197-673-cpg-resolved.bin	tc673_flow2	CWE197_Numeric_Truncation_Error__int_listen_tcp_to_byte_07.java	155	CWE197_Numeric_Truncation_Error__int_listen_tcp_to_byte_07.java	161
/home/swlab/Documents/swvul/java-vuln-detection/slicing/output/CPG/cwe197_cpg/cwe197-673-cpg-resolved.bin	tc673_flow3	CWE197_Numeric_Truncation_Error__int_listen_tcp_to_byte_07.java	173	CWE197_Numeric_Truncation_Error__int_listen_tcp_to_byte_07.java	184
/home/swlab/Documents/swvul/java-vuln-detection/slicing/output/CPG/cwe197_cpg/cwe197-674-cpg-resolved.bin	tc674_flow1	CWE197_Numeric_Truncation_Error__int_listen_tcp_to_byte_08.java	64	CWE197_Numeric_Truncation_Error__int_listen_tcp_to_byte_08.java	144
/home/swlab/Documents/swvul/java-vuln-detection/slicing/output/CPG/cwe197_cpg/cwe197-674-cpg-resolved.bin	tc674_flow2	CWE197_Numeric_Truncation_Error__int_listen_tcp_to_byte_08.java	163	CWE197_Numeric_Truncation_Error__int_listen_tcp_to_byte_08.java	169
/home/swlab/Documents/swvul/java-vuln-detection/slicing/output/CPG/cwe197_cpg/cwe197-674-cpg-resolved.bin	tc674_flow3	CWE197_Numeric_Truncation_Error__int_listen_tcp_to_byte_08.java	181	CWE197_Numeric_Truncation_Error__int_listen_tcp_to_byte_08.java	192
/home/swlab/Documents/swvul/java-vuln-detection/slicing/output/CPG/cwe197_cpg/cwe197-675-cpg-resolved.bin	tc675_flow1	CWE197_Numeric_Truncation_Error__int_listen_tcp_to_byte_09.java	50	CWE197_Numeric_Truncation_Error__int_listen_tcp_to_byte_09.java	130
/home/swlab/Documents/swvul/java-vuln-detection/slicing/output/CPG/cwe197_cpg/cwe197-675-cpg-resolved.bin	tc675_flow2	CWE197_Numeric_Truncation_Error__int_listen_tcp_to_byte_09.java	149	CWE197_Numeric_Truncation_Error__int_listen_tcp_to_byte_09.java	155
/home/swlab/Documents/swvul/java-vuln-detection/slicing/output/CPG/cwe197_cpg/cwe197-675-cpg-resolved.bin	tc675_flow3	CWE197_Numeric_Truncation_Error__int_listen_tcp_to_byte_09.java	167	CWE197_Numeric_Truncation_Error__int_listen_tcp_to_byte_09.java	178
/home/swlab/Documents/swvul/java-vuln-detection/slicing/output/CPG/cwe197_cpg/cwe197-676-cpg-resolved.bin	tc676_flow1	CWE197_Numeric_Truncation_Error__int_listen_tcp_to_byte_10.java	50	CWE197_Numeric_Truncation_Error__int_listen_tcp_to_byte_10.java	130
/home/swlab/Documents/swvul/java-vuln-detection/slicing/output/CPG/cwe197_cpg/cwe197-676-cpg-resolved.bin	tc676_flow2	CWE197_Numeric_Truncation_Error__int_listen_tcp_to_byte_10.java	149	CWE197_Numeric_Truncation_Error__int_listen_tcp_to_byte_10.java	155
/home/swlab/Documents/swvul/java-vuln-detection/slicing/output/CPG/cwe197_cpg/cwe197-676-cpg-resolved.bin	tc676_flow3	CWE197_Numeric_Truncation_Error__int_listen_tcp_to_byte_10.java	167	CWE197_Numeric_Truncation_Error__int_listen_tcp_to_byte_10.java	178
/home/swlab/Documents/swvul/java-vuln-detection/slicing/output/CPG/cwe197_cpg/cwe197-677-cpg-resolved.bin	tc677_flow1	CWE197_Numeric_Truncation_Error__int_listen_tcp_to_byte_11.java	50	CWE197_Numeric_Truncation_Error__int_listen_tcp_to_byte_11.java	130
/home/swlab/Documents/swvul/java-vuln-detection/slicing/output/CPG/cwe197_cpg/cwe197-677-cpg-resolved.bin	tc677_flow2	CWE197_Numeric_Truncation_Error__int_listen_tcp_to_byte_11.java	149	CWE197_Numeric_Truncation_Error__int_listen_tcp_to_byte_11.java	155
/home/swlab/Documents/swvul/java-vuln-detection/slicing/output/CPG/cwe197_cpg/cwe197-677-cpg-resolved.bin	tc677_flow3	CWE197_Numeric_Truncation_Error__int_listen_tcp_to_byte_11.java	167	CWE197_Numeric_Truncation_Error__int_listen_tcp_to_byte_11.java	178
/home/swlab/Documents/swvul/java-vuln-detection/slicing/output/CPG/cwe197_cpg/cwe197-678-cpg-resolved.bin	tc678_flow1	CWE197_Numeric_Truncation_Error__int_listen_tcp_to_byte_12.java	50	CWE197_Numeric_Truncation_Error__int_listen_tcp_to_byte_12.java	131
/home/swlab/Documents/swvul/java-vuln-detection/slicing/output/CPG/cwe197_cpg/cwe197-678-cpg-resolved.bin	tc678_flow2	CWE197_Numeric_Truncation_Error__int_listen_tcp_to_byte_12.java	144	CWE197_Numeric_Truncation_Error__int_listen_tcp_to_byte_12.java	156
/home/swlab/Documents/swvul/java-vuln-detection/slicing/output/CPG/cwe197_cpg/cwe197-679-cpg-resolved.bin	tc679_flow1	CWE197_Numeric_Truncation_Error__int_listen_tcp_to_byte_13.java	50	CWE197_Numeric_Truncation_Error__int_listen_tcp_to_byte_13.java	130
/home/swlab/Documents/swvul/java-vuln-detection/slicing/output/CPG/cwe197_cpg/cwe197-679-cpg-resolved.bin	tc679_flow2	CWE197_Numeric_Truncation_Error__int_listen_tcp_to_byte_13.java	149	CWE197_Numeric_Truncation_Error__int_listen_tcp_to_byte_13.java	155
/home/swlab/Documents/swvul/java-vuln-detection/slicing/output/CPG/cwe197_cpg/cwe197-679-cpg-resolved.bin	tc679_flow3	CWE197_Numeric_Truncation_Error__int_listen_tcp_to_byte_13.java	167	CWE197_Numeric_Truncation_Error__int_listen_tcp_to_byte_13.java	178
/home/swlab/Documents/swvul/java-vuln-detection/slicing/output/CPG/cwe197_cpg/cwe197-680-cpg-resolved.bin	tc680_flow1	CWE197_Numeric_Truncation_Error__int_listen_tcp_to_byte_14.java	50	CWE197_Numeric_Truncation_Error__int_listen_tcp_to_byte_14.java	130
/home/swlab/Documents/swvul/java-vuln-detection/slicing/output/CPG/cwe197_cpg/cwe197-680-cpg-resolved.bin	tc680_flow2	CWE197_Numeric_Truncation_Error__int_listen_tcp_to_byte_14.java	149	CWE197_Numeric_Truncation_Error__int_listen_tcp_to_byte_14.java	155
/home/swlab/Documents/swvul/java-vuln-detection/slicing/output/CPG/cwe197_cpg/cwe197-680-cpg-resolved.bin	tc680_flow3	CWE197_Numeric_Truncation_Error__int_listen_tcp_to_byte_14.java	167	CWE197_Numeric_Truncation_Error__int_listen_tcp_to_byte_14.java	178
/home/swlab/Documents/swvul/java-vuln-detection/slicing/output/CPG/cwe197_cpg/cwe197-681-cpg-resolved.bin	tc681_flow1	CWE197_Numeric_Truncation_Error__int_listen_tcp_to_byte_15.java	52	CWE197_Numeric_Truncation_Error__int_listen_tcp_to_byte_15.java	132
/home/swlab/Documents/swvul/java-vuln-detection/slicing/output/CPG/cwe197_cpg/cwe197-681-cpg-resolved.bin	tc681_flow2	CWE197_Numeric_Truncation_Error__int_listen_tcp_to_byte_15.java	151	CWE197_Numeric_Truncation_Error__int_listen_tcp_to_byte_15.java	157
/home/swlab/Documents/swvul/java-vuln-detection/slicing/output/CPG/cwe197_cpg/cwe197-681-cpg-resolved.bin	tc681_flow3	CWE197_Numeric_Truncation_Error__int_listen_tcp_to_byte_15.java	171	CWE197_Numeric_Truncation_Error__int_listen_tcp_to_byte_15.java	182
/home/swlab/Documents/swvul/java-vuln-detection/slicing/output/CPG/cwe197_cpg/cwe197-682-cpg-resolved.bin	tc682_flow1	CWE197_Numeric_Truncation_Error__int_listen_tcp_to_byte_16.java	51	CWE197_Numeric_Truncation_Error__int_listen_tcp_to_byte_16.java	126
/home/swlab/Documents/swvul/java-vuln-detection/slicing/output/CPG/cwe197_cpg/cwe197-682-cpg-resolved.bin	tc682_flow2	CWE197_Numeric_Truncation_Error__int_listen_tcp_to_byte_16.java	139	CWE197_Numeric_Truncation_Error__int_listen_tcp_to_byte_16.java	145
/home/swlab/Documents/swvul/java-vuln-detection/slicing/output/CPG/cwe197_cpg/cwe197-683-cpg-resolved.bin	tc683_flow1	CWE197_Numeric_Truncation_Error__int_listen_tcp_to_byte_17.java	54	CWE197_Numeric_Truncation_Error__int_listen_tcp_to_byte_17.java	129
/home/swlab/Documents/swvul/java-vuln-detection/slicing/output/CPG/cwe197_cpg/cwe197-683-cpg-resolved.bin	tc683_flow2	CWE197_Numeric_Truncation_Error__int_listen_tcp_to_byte_17.java	141	CWE197_Numeric_Truncation_Error__int_listen_tcp_to_byte_17.java	147
/home/swlab/Documents/swvul/java-vuln-detection/slicing/output/CPG/cwe197_cpg/cwe197-684-cpg-resolved.bin	tc684_flow1	CWE197_Numeric_Truncation_Error__int_listen_tcp_to_byte_21.java	68	CWE197_Numeric_Truncation_Error__int_listen_tcp_to_byte_21.java	42
/home/swlab/Documents/swvul/java-vuln-detection/slicing/output/CPG/cwe197_cpg/cwe197-684-cpg-resolved.bin	tc684_flow2	CWE197_Numeric_Truncation_Error__int_listen_tcp_to_byte_21.java	188	CWE197_Numeric_Truncation_Error__int_listen_tcp_to_byte_21.java	169
/home/swlab/Documents/swvul/java-vuln-detection/slicing/output/CPG/cwe197_cpg/cwe197-684-cpg-resolved.bin	tc684_flow3	CWE197_Numeric_Truncation_Error__int_listen_tcp_to_byte_21.java	217	CWE197_Numeric_Truncation_Error__int_listen_tcp_to_byte_21.java	205
/home/swlab/Documents/swvul/java-vuln-detection/slicing/output/CPG/cwe197_cpg/cwe197-685-cpg-resolved.bin	tc685_flow1	CWE197_Numeric_Truncation_Error__int_listen_tcp_to_byte_22b.java	51	CWE197_Numeric_Truncation_Error__int_listen_tcp_to_byte_22a.java	35
/home/swlab/Documents/swvul/java-vuln-detection/slicing/output/CPG/cwe197_cpg/cwe197-685-cpg-resolved.bin	tc685_flow2	CWE197_Numeric_Truncation_Error__int_listen_tcp_to_byte_22b.java	146	CWE197_Numeric_Truncation_Error__int_listen_tcp_to_byte_22a.java	61
/home/swlab/Documents/swvul/java-vuln-detection/slicing/output/CPG/cwe197_cpg/cwe197-685-cpg-resolved.bin	tc685_flow3	CWE197_Numeric_Truncation_Error__int_listen_tcp_to_byte_22b.java	161	CWE197_Numeric_Truncation_Error__int_listen_tcp_to_byte_22a.java	76
/home/swlab/Documents/swvul/java-vuln-detection/slicing/output/CPG/cwe197_cpg/cwe197-686-cpg-resolved.bin	tc686_flow1	CWE197_Numeric_Truncation_Error__int_listen_tcp_to_byte_31.java	57	CWE197_Numeric_Truncation_Error__int_listen_tcp_to_byte_31.java	135
/home/swlab/Documents/swvul/java-vuln-detection/slicing/output/CPG/cwe197_cpg/cwe197-686-cpg-resolved.bin	tc686_flow2	CWE197_Numeric_Truncation_Error__int_listen_tcp_to_byte_31.java	154	CWE197_Numeric_Truncation_Error__int_listen_tcp_to_byte_31.java	163
/home/swlab/Documents/swvul/java-vuln-detection/slicing/output/CPG/cwe197_cpg/cwe197-687-cpg-resolved.bin	tc687_flow1	CWE197_Numeric_Truncation_Error__int_listen_tcp_to_byte_41.java	63	CWE197_Numeric_Truncation_Error__int_listen_tcp_to_byte_41.java	34
/home/swlab/Documents/swvul/java-vuln-detection/slicing/output/CPG/cwe197_cpg/cwe197-687-cpg-resolved.bin	tc687_flow2	CWE197_Numeric_Truncation_Error__int_listen_tcp_to_byte_41.java	158	CWE197_Numeric_Truncation_Error__int_listen_tcp_to_byte_41.java	147
/home/swlab/Documents/swvul/java-vuln-detection/slicing/output/CPG/cwe197_cpg/cwe197-688-cpg-resolved.bin	tc688_flow1	CWE197_Numeric_Truncation_Error__int_listen_tcp_to_byte_42.java	53	CWE197_Numeric_Truncation_Error__int_listen_tcp_to_byte_42.java	134
/home/swlab/Documents/swvul/java-vuln-detection/slicing/output/CPG/cwe197_cpg/cwe197-688-cpg-resolved.bin	tc688_flow2	CWE197_Numeric_Truncation_Error__int_listen_tcp_to_byte_42.java	144	CWE197_Numeric_Truncation_Error__int_listen_tcp_to_byte_42.java	156
/home/swlab/Documents/swvul/java-vuln-detection/slicing/output/CPG/cwe197_cpg/cwe197-689-cpg-resolved.bin	tc689_flow1	CWE197_Numeric_Truncation_Error__int_listen_tcp_to_byte_45.java	69	CWE197_Numeric_Truncation_Error__int_listen_tcp_to_byte_45.java	39
/home/swlab/Documents/swvul/java-vuln-detection/slicing/output/CPG/cwe197_cpg/cwe197-689-cpg-resolved.bin	tc689_flow2	CWE197_Numeric_Truncation_Error__int_listen_tcp_to_byte_45.java	166	CWE197_Numeric_Truncation_Error__int_listen_tcp_to_byte_45.java	155
/home/swlab/Documents/swvul/java-vuln-detection/slicing/output/CPG/cwe197_cpg/cwe197-690-cpg-resolved.bin	tc690_flow1	CWE197_Numeric_Truncation_Error__int_listen_tcp_to_byte_51a.java	53	CWE197_Numeric_Truncation_Error__int_listen_tcp_to_byte_51b.java	26
/home/swlab/Documents/swvul/java-vuln-detection/slicing/output/CPG/cwe197_cpg/cwe197-690-cpg-resolved.bin	tc690_flow2	CWE197_Numeric_Truncation_Error__int_listen_tcp_to_byte_51a.java	138	CWE197_Numeric_Truncation_Error__int_listen_tcp_to_byte_51b.java	37
/home/swlab/Documents/swvul/java-vuln-detection/slicing/output/CPG/cwe197_cpg/cwe197-691-cpg-resolved.bin	tc691_flow1	CWE197_Numeric_Truncation_Error__int_listen_tcp_to_byte_52a.java	54	CWE197_Numeric_Truncation_Error__int_listen_tcp_to_byte_52c.java	27
/home/swlab/Documents/swvul/java-vuln-detection/slicing/output/CPG/cwe197_cpg/cwe197-691-cpg-resolved.bin	tc691_flow2	CWE197_Numeric_Truncation_Error__int_listen_tcp_to_byte_52a.java	139	CWE197_Numeric_Truncation_Error__int_listen_tcp_to_byte_52c.java	38
/home/swlab/Documents/swvul/java-vuln-detection/slicing/output/CPG/cwe197_cpg/cwe197-692-cpg-resolved.bin	tc692_flow1	CWE197_Numeric_Truncation_Error__int_listen_tcp_to_byte_53a.java	54	CWE197_Numeric_Truncation_Error__int_listen_tcp_to_byte_53d.java	27
/home/swlab/Documents/swvul/java-vuln-detection/slicing/output/CPG/cwe197_cpg/cwe197-692-cpg-resolved.bin	tc692_flow2	CWE197_Numeric_Truncation_Error__int_listen_tcp_to_byte_53a.java	139	CWE197_Numeric_Truncation_Error__int_listen_tcp_to_byte_53d.java	38
/home/swlab/Documents/swvul/java-vuln-detection/slicing/output/CPG/cwe197_cpg/cwe197-693-cpg-resolved.bin	tc693_flow1	CWE197_Numeric_Truncation_Error__int_listen_tcp_to_byte_54a.java	54	CWE197_Numeric_Truncation_Error__int_listen_tcp_to_byte_54e.java	27
/home/swlab/Documents/swvul/java-vuln-detection/slicing/output/CPG/cwe197_cpg/cwe197-693-cpg-resolved.bin	tc693_flow2	CWE197_Numeric_Truncation_Error__int_listen_tcp_to_byte_54a.java	139	CWE197_Numeric_Truncation_Error__int_listen_tcp_to_byte_54e.java	38
/home/swlab/Documents/swvul/java-vuln-detection/slicing/output/CPG/cwe197_cpg/cwe197-694-cpg-resolved.bin	tc694_flow1	CWE197_Numeric_Truncation_Error__int_listen_tcp_to_byte_61b.java	54	CWE197_Numeric_Truncation_Error__int_listen_tcp_to_byte_61a.java	28
/home/swlab/Documents/swvul/java-vuln-detection/slicing/output/CPG/cwe197_cpg/cwe197-694-cpg-resolved.bin	tc694_flow2	CWE197_Numeric_Truncation_Error__int_listen_tcp_to_byte_61b.java	134	CWE197_Numeric_Truncation_Error__int_listen_tcp_to_byte_61a.java	45
/home/swlab/Documents/swvul/java-vuln-detection/slicing/output/CPG/cwe197_cpg/cwe197-695-cpg-resolved.bin	tc695_flow1	CWE197_Numeric_Truncation_Error__int_listen_tcp_to_byte_66a.java	54	CWE197_Numeric_Truncation_Error__int_listen_tcp_to_byte_66b.java	28
/home/swlab/Documents/swvul/java-vuln-detection/slicing/output/CPG/cwe197_cpg/cwe197-695-cpg-resolved.bin	tc695_flow2	CWE197_Numeric_Truncation_Error__int_listen_tcp_to_byte_66a.java	141	CWE197_Numeric_Truncation_Error__int_listen_tcp_to_byte_66b.java	40
/home/swlab/Documents/swvul/java-vuln-detection/slicing/output/CPG/cwe197_cpg/cwe197-696-cpg-resolved.bin	tc696_flow1	CWE197_Numeric_Truncation_Error__int_listen_tcp_to_byte_67a.java	59	CWE197_Numeric_Truncation_Error__int_listen_tcp_to_byte_67b.java	28
/home/swlab/Documents/swvul/java-vuln-detection/slicing/output/CPG/cwe197_cpg/cwe197-696-cpg-resolved.bin	tc696_flow2	CWE197_Numeric_Truncation_Error__int_listen_tcp_to_byte_67a.java	146	CWE197_Numeric_Truncation_Error__int_listen_tcp_to_byte_67b.java	40
/home/swlab/Documents/swvul/java-vuln-detection/slicing/output/CPG/cwe197_cpg/cwe197-697-cpg-resolved.bin	tc697_flow1	CWE197_Numeric_Truncation_Error__int_listen_tcp_to_byte_68a.java	54	CWE197_Numeric_Truncation_Error__int_listen_tcp_to_byte_68b.java	27
/home/swlab/Documents/swvul/java-vuln-detection/slicing/output/CPG/cwe197_cpg/cwe197-697-cpg-resolved.bin	tc697_flow2	CWE197_Numeric_Truncation_Error__int_listen_tcp_to_byte_68a.java	138	CWE197_Numeric_Truncation_Error__int_listen_tcp_to_byte_68b.java	39
/home/swlab/Documents/swvul/java-vuln-detection/slicing/output/CPG/cwe197_cpg/cwe197-698-cpg-resolved.bin	tc698_flow1	CWE197_Numeric_Truncation_Error__int_listen_tcp_to_byte_71a.java	54	CWE197_Numeric_Truncation_Error__int_listen_tcp_to_byte_71b.java	28
/home/swlab/Documents/swvul/java-vuln-detection/slicing/output/CPG/cwe197_cpg/cwe197-698-cpg-resolved.bin	tc698_flow2	CWE197_Numeric_Truncation_Error__int_listen_tcp_to_byte_71a.java	139	CWE197_Numeric_Truncation_Error__int_listen_tcp_to_byte_71b.java	40
/home/swlab/Documents/swvul/java-vuln-detection/slicing/output/CPG/cwe197_cpg/cwe197-699-cpg-resolved.bin	tc699_flow1	CWE197_Numeric_Truncation_Error__int_listen_tcp_to_byte_72a.java	55	CWE197_Numeric_Truncation_Error__int_listen_tcp_to_byte_72b.java	29
/home/swlab/Documents/swvul/java-vuln-detection/slicing/output/CPG/cwe197_cpg/cwe197-699-cpg-resolved.bin	tc699_flow2	CWE197_Numeric_Truncation_Error__int_listen_tcp_to_byte_72a.java	144	CWE197_Numeric_Truncation_Error__int_listen_tcp_to_byte_72b.java	41
/home/swlab/Documents/swvul/java-vuln-detection/slicing/output/CPG/cwe197_cpg/cwe197-700-cpg-resolved.bin	tc700_flow1	CWE197_Numeric_Truncation_Error__int_listen_tcp_to_byte_73a.java	55	CWE197_Numeric_Truncation_Error__int_listen_tcp_to_byte_73b.java	29
/home/swlab/Documents/swvul/java-vuln-detection/slicing/output/CPG/cwe197_cpg/cwe197-700-cpg-resolved.bin	tc700_flow2	CWE197_Numeric_Truncation_Error__int_listen_tcp_to_byte_73a.java	144	CWE197_Numeric_Truncation_Error__int_listen_tcp_to_byte_73b.java	41
/home/swlab/Documents/swvul/java-vuln-detection/slicing/output/CPG/cwe197_cpg/cwe197-701-cpg-resolved.bin	tc701_flow1	CWE197_Numeric_Truncation_Error__int_listen_tcp_to_byte_74a.java	55	CWE197_Numeric_Truncation_Error__int_listen_tcp_to_byte_74b.java	29
/home/swlab/Documents/swvul/java-vuln-detection/slicing/output/CPG/cwe197_cpg/cwe197-701-cpg-resolved.bin	tc701_flow2	CWE197_Numeric_Truncation_Error__int_listen_tcp_to_byte_74a.java	144	CWE197_Numeric_Truncation_Error__int_listen_tcp_to_byte_74b.java	41
/home/swlab/Documents/swvul/java-vuln-detection/slicing/output/CPG/cwe197_cpg/cwe197-702-cpg-resolved.bin	tc702_flow1	CWE197_Numeric_Truncation_Error__int_listen_tcp_to_byte_75a.java	57	CWE197_Numeric_Truncation_Error__int_listen_tcp_to_byte_75b.java	40
/home/swlab/Documents/swvul/java-vuln-detection/slicing/output/CPG/cwe197_cpg/cwe197-702-cpg-resolved.bin	tc702_flow2	CWE197_Numeric_Truncation_Error__int_listen_tcp_to_byte_75a.java	184	CWE197_Numeric_Truncation_Error__int_listen_tcp_to_byte_75b.java	96
/home/swlab/Documents/swvul/java-vuln-detection/slicing/output/CPG/cwe197_cpg/cwe197-703-cpg-resolved.bin	tc703_flow1	CWE197_Numeric_Truncation_Error__int_listen_tcp_to_byte_81a.java	54	CWE197_Numeric_Truncation_Error__int_listen_tcp_to_byte_81_bad.java	27
/home/swlab/Documents/swvul/java-vuln-detection/slicing/output/CPG/cwe197_cpg/cwe197-703-cpg-resolved.bin	tc703_flow2	CWE197_Numeric_Truncation_Error__int_listen_tcp_to_byte_81a.java	140	CWE197_Numeric_Truncation_Error__int_listen_tcp_to_byte_81_goodG2B.java	27
/home/swlab/Documents/swvul/java-vuln-detection/slicing/output/CPG/cwe197_cpg/cwe197-704-cpg-resolved.bin	tc704_flow1	CWE197_Numeric_Truncation_Error__int_listen_tcp_to_short_01.java	54	CWE197_Numeric_Truncation_Error__int_listen_tcp_to_short_01.java	127
/home/swlab/Documents/swvul/java-vuln-detection/slicing/output/CPG/cwe197_cpg/cwe197-704-cpg-resolved.bin	tc704_flow2	CWE197_Numeric_Truncation_Error__int_listen_tcp_to_short_01.java	143	CWE197_Numeric_Truncation_Error__int_listen_tcp_to_short_01.java	147
/home/swlab/Documents/swvul/java-vuln-detection/slicing/output/CPG/cwe197_cpg/cwe197-705-cpg-resolved.bin	tc705_flow1	CWE197_Numeric_Truncation_Error__int_listen_tcp_to_short_02.java	50	CWE197_Numeric_Truncation_Error__int_listen_tcp_to_short_02.java	130
/home/swlab/Documents/swvul/java-vuln-detection/slicing/output/CPG/cwe197_cpg/cwe197-705-cpg-resolved.bin	tc705_flow2	CWE197_Numeric_Truncation_Error__int_listen_tcp_to_short_02.java	149	CWE197_Numeric_Truncation_Error__int_listen_tcp_to_short_02.java	155
/home/swlab/Documents/swvul/java-vuln-detection/slicing/output/CPG/cwe197_cpg/cwe197-705-cpg-resolved.bin	tc705_flow3	CWE197_Numeric_Truncation_Error__int_listen_tcp_to_short_02.java	167	CWE197_Numeric_Truncation_Error__int_listen_tcp_to_short_02.java	178
/home/swlab/Documents/swvul/java-vuln-detection/slicing/output/CPG/cwe197_cpg/cwe197-706-cpg-resolved.bin	tc706_flow1	CWE197_Numeric_Truncation_Error__int_listen_tcp_to_short_03.java	50	CWE197_Numeric_Truncation_Error__int_listen_tcp_to_short_03.java	130
/home/swlab/Documents/swvul/java-vuln-detection/slicing/output/CPG/cwe197_cpg/cwe197-706-cpg-resolved.bin	tc706_flow2	CWE197_Numeric_Truncation_Error__int_listen_tcp_to_short_03.java	149	CWE197_Numeric_Truncation_Error__int_listen_tcp_to_short_03.java	155
/home/swlab/Documents/swvul/java-vuln-detection/slicing/output/CPG/cwe197_cpg/cwe197-706-cpg-resolved.bin	tc706_flow3	CWE197_Numeric_Truncation_Error__int_listen_tcp_to_short_03.java	167	CWE197_Numeric_Truncation_Error__int_listen_tcp_to_short_03.java	178
/home/swlab/Documents/swvul/java-vuln-detection/slicing/output/CPG/cwe197_cpg/cwe197-707-cpg-resolved.bin	tc707_flow1	CWE197_Numeric_Truncation_Error__int_listen_tcp_to_short_04.java	57	CWE197_Numeric_Truncation_Error__int_listen_tcp_to_short_04.java	137
/home/swlab/Documents/swvul/java-vuln-detection/slicing/output/CPG/cwe197_cpg/cwe197-707-cpg-resolved.bin	tc707_flow2	CWE197_Numeric_Truncation_Error__int_listen_tcp_to_short_04.java	156	CWE197_Numeric_Truncation_Error__int_listen_tcp_to_short_04.java	162
/home/swlab/Documents/swvul/java-vuln-detection/slicing/output/CPG/cwe197_cpg/cwe197-707-cpg-resolved.bin	tc707_flow3	CWE197_Numeric_Truncation_Error__int_listen_tcp_to_short_04.java	174	CWE197_Numeric_Truncation_Error__int_listen_tcp_to_short_04.java	185
/home/swlab/Documents/swvul/java-vuln-detection/slicing/output/CPG/cwe197_cpg/cwe197-708-cpg-resolved.bin	tc708_flow1	CWE197_Numeric_Truncation_Error__int_listen_tcp_to_short_05.java	57	CWE197_Numeric_Truncation_Error__int_listen_tcp_to_short_05.java	137
/home/swlab/Documents/swvul/java-vuln-detection/slicing/output/CPG/cwe197_cpg/cwe197-708-cpg-resolved.bin	tc708_flow2	CWE197_Numeric_Truncation_Error__int_listen_tcp_to_short_05.java	156	CWE197_Numeric_Truncation_Error__int_listen_tcp_to_short_05.java	162
/home/swlab/Documents/swvul/java-vuln-detection/slicing/output/CPG/cwe197_cpg/cwe197-708-cpg-resolved.bin	tc708_flow3	CWE197_Numeric_Truncation_Error__int_listen_tcp_to_short_05.java	174	CWE197_Numeric_Truncation_Error__int_listen_tcp_to_short_05.java	185
/home/swlab/Documents/swvul/java-vuln-detection/slicing/output/CPG/cwe197_cpg/cwe197-709-cpg-resolved.bin	tc709_flow1	CWE197_Numeric_Truncation_Error__int_listen_tcp_to_short_06.java	56	CWE197_Numeric_Truncation_Error__int_listen_tcp_to_short_06.java	136
/home/swlab/Documents/swvul/java-vuln-detection/slicing/output/CPG/cwe197_cpg/cwe197-709-cpg-resolved.bin	tc709_flow2	CWE197_Numeric_Truncation_Error__int_listen_tcp_to_short_06.java	155	CWE197_Numeric_Truncation_Error__int_listen_tcp_to_short_06.java	161
/home/swlab/Documents/swvul/java-vuln-detection/slicing/output/CPG/cwe197_cpg/cwe197-709-cpg-resolved.bin	tc709_flow3	CWE197_Numeric_Truncation_Error__int_listen_tcp_to_short_06.java	173	CWE197_Numeric_Truncation_Error__int_listen_tcp_to_short_06.java	184
/home/swlab/Documents/swvul/java-vuln-detection/slicing/output/CPG/cwe197_cpg/cwe197-710-cpg-resolved.bin	tc710_flow1	CWE197_Numeric_Truncation_Error__int_listen_tcp_to_short_07.java	56	CWE197_Numeric_Truncation_Error__int_listen_tcp_to_short_07.java	136
/home/swlab/Documents/swvul/java-vuln-detection/slicing/output/CPG/cwe197_cpg/cwe197-710-cpg-resolved.bin	tc710_flow2	CWE197_Numeric_Truncation_Error__int_listen_tcp_to_short_07.java	155	CWE197_Numeric_Truncation_Error__int_listen_tcp_to_short_07.java	161
/home/swlab/Documents/swvul/java-vuln-detection/slicing/output/CPG/cwe197_cpg/cwe197-710-cpg-resolved.bin	tc710_flow3	CWE197_Numeric_Truncation_Error__int_listen_tcp_to_short_07.java	173	CWE197_Numeric_Truncation_Error__int_listen_tcp_to_short_07.java	184
/home/swlab/Documents/swvul/java-vuln-detection/slicing/output/CPG/cwe197_cpg/cwe197-711-cpg-resolved.bin	tc711_flow1	CWE197_Numeric_Truncation_Error__int_listen_tcp_to_short_08.java	64	CWE197_Numeric_Truncation_Error__int_listen_tcp_to_short_08.java	144
/home/swlab/Documents/swvul/java-vuln-detection/slicing/output/CPG/cwe197_cpg/cwe197-711-cpg-resolved.bin	tc711_flow2	CWE197_Numeric_Truncation_Error__int_listen_tcp_to_short_08.java	163	CWE197_Numeric_Truncation_Error__int_listen_tcp_to_short_08.java	169
/home/swlab/Documents/swvul/java-vuln-detection/slicing/output/CPG/cwe197_cpg/cwe197-711-cpg-resolved.bin	tc711_flow3	CWE197_Numeric_Truncation_Error__int_listen_tcp_to_short_08.java	181	CWE197_Numeric_Truncation_Error__int_listen_tcp_to_short_08.java	192
/home/swlab/Documents/swvul/java-vuln-detection/slicing/output/CPG/cwe197_cpg/cwe197-712-cpg-resolved.bin	tc712_flow1	CWE197_Numeric_Truncation_Error__int_listen_tcp_to_short_09.java	50	CWE197_Numeric_Truncation_Error__int_listen_tcp_to_short_09.java	130
/home/swlab/Documents/swvul/java-vuln-detection/slicing/output/CPG/cwe197_cpg/cwe197-712-cpg-resolved.bin	tc712_flow2	CWE197_Numeric_Truncation_Error__int_listen_tcp_to_short_09.java	149	CWE197_Numeric_Truncation_Error__int_listen_tcp_to_short_09.java	155
/home/swlab/Documents/swvul/java-vuln-detection/slicing/output/CPG/cwe197_cpg/cwe197-712-cpg-resolved.bin	tc712_flow3	CWE197_Numeric_Truncation_Error__int_listen_tcp_to_short_09.java	167	CWE197_Numeric_Truncation_Error__int_listen_tcp_to_short_09.java	178
/home/swlab/Documents/swvul/java-vuln-detection/slicing/output/CPG/cwe197_cpg/cwe197-713-cpg-resolved.bin	tc713_flow1	CWE197_Numeric_Truncation_Error__int_listen_tcp_to_short_10.java	50	CWE197_Numeric_Truncation_Error__int_listen_tcp_to_short_10.java	130
/home/swlab/Documents/swvul/java-vuln-detection/slicing/output/CPG/cwe197_cpg/cwe197-713-cpg-resolved.bin	tc713_flow2	CWE197_Numeric_Truncation_Error__int_listen_tcp_to_short_10.java	149	CWE197_Numeric_Truncation_Error__int_listen_tcp_to_short_10.java	155
/home/swlab/Documents/swvul/java-vuln-detection/slicing/output/CPG/cwe197_cpg/cwe197-713-cpg-resolved.bin	tc713_flow3	CWE197_Numeric_Truncation_Error__int_listen_tcp_to_short_10.java	167	CWE197_Numeric_Truncation_Error__int_listen_tcp_to_short_10.java	178
/home/swlab/Documents/swvul/java-vuln-detection/slicing/output/CPG/cwe197_cpg/cwe197-714-cpg-resolved.bin	tc714_flow1	CWE197_Numeric_Truncation_Error__int_listen_tcp_to_short_11.java	50	CWE197_Numeric_Truncation_Error__int_listen_tcp_to_short_11.java	130
/home/swlab/Documents/swvul/java-vuln-detection/slicing/output/CPG/cwe197_cpg/cwe197-714-cpg-resolved.bin	tc714_flow2	CWE197_Numeric_Truncation_Error__int_listen_tcp_to_short_11.java	149	CWE197_Numeric_Truncation_Error__int_listen_tcp_to_short_11.java	155
/home/swlab/Documents/swvul/java-vuln-detection/slicing/output/CPG/cwe197_cpg/cwe197-714-cpg-resolved.bin	tc714_flow3	CWE197_Numeric_Truncation_Error__int_listen_tcp_to_short_11.java	167	CWE197_Numeric_Truncation_Error__int_listen_tcp_to_short_11.java	178
/home/swlab/Documents/swvul/java-vuln-detection/slicing/output/CPG/cwe197_cpg/cwe197-715-cpg-resolved.bin	tc715_flow1	CWE197_Numeric_Truncation_Error__int_listen_tcp_to_short_12.java	50	CWE197_Numeric_Truncation_Error__int_listen_tcp_to_short_12.java	131
/home/swlab/Documents/swvul/java-vuln-detection/slicing/output/CPG/cwe197_cpg/cwe197-715-cpg-resolved.bin	tc715_flow2	CWE197_Numeric_Truncation_Error__int_listen_tcp_to_short_12.java	144	CWE197_Numeric_Truncation_Error__int_listen_tcp_to_short_12.java	156
/home/swlab/Documents/swvul/java-vuln-detection/slicing/output/CPG/cwe197_cpg/cwe197-716-cpg-resolved.bin	tc716_flow1	CWE197_Numeric_Truncation_Error__int_listen_tcp_to_short_13.java	50	CWE197_Numeric_Truncation_Error__int_listen_tcp_to_short_13.java	130
/home/swlab/Documents/swvul/java-vuln-detection/slicing/output/CPG/cwe197_cpg/cwe197-716-cpg-resolved.bin	tc716_flow2	CWE197_Numeric_Truncation_Error__int_listen_tcp_to_short_13.java	149	CWE197_Numeric_Truncation_Error__int_listen_tcp_to_short_13.java	155
/home/swlab/Documents/swvul/java-vuln-detection/slicing/output/CPG/cwe197_cpg/cwe197-716-cpg-resolved.bin	tc716_flow3	CWE197_Numeric_Truncation_Error__int_listen_tcp_to_short_13.java	167	CWE197_Numeric_Truncation_Error__int_listen_tcp_to_short_13.java	178
/home/swlab/Documents/swvul/java-vuln-detection/slicing/output/CPG/cwe197_cpg/cwe197-717-cpg-resolved.bin	tc717_flow1	CWE197_Numeric_Truncation_Error__int_listen_tcp_to_short_14.java	50	CWE197_Numeric_Truncation_Error__int_listen_tcp_to_short_14.java	130
/home/swlab/Documents/swvul/java-vuln-detection/slicing/output/CPG/cwe197_cpg/cwe197-717-cpg-resolved.bin	tc717_flow2	CWE197_Numeric_Truncation_Error__int_listen_tcp_to_short_14.java	149	CWE197_Numeric_Truncation_Error__int_listen_tcp_to_short_14.java	155
/home/swlab/Documents/swvul/java-vuln-detection/slicing/output/CPG/cwe197_cpg/cwe197-717-cpg-resolved.bin	tc717_flow3	CWE197_Numeric_Truncation_Error__int_listen_tcp_to_short_14.java	167	CWE197_Numeric_Truncation_Error__int_listen_tcp_to_short_14.java	178
/home/swlab/Documents/swvul/java-vuln-detection/slicing/output/CPG/cwe197_cpg/cwe197-718-cpg-resolved.bin	tc718_flow1	CWE197_Numeric_Truncation_Error__int_listen_tcp_to_short_15.java	52	CWE197_Numeric_Truncation_Error__int_listen_tcp_to_short_15.java	132
/home/swlab/Documents/swvul/java-vuln-detection/slicing/output/CPG/cwe197_cpg/cwe197-718-cpg-resolved.bin	tc718_flow2	CWE197_Numeric_Truncation_Error__int_listen_tcp_to_short_15.java	151	CWE197_Numeric_Truncation_Error__int_listen_tcp_to_short_15.java	157
/home/swlab/Documents/swvul/java-vuln-detection/slicing/output/CPG/cwe197_cpg/cwe197-718-cpg-resolved.bin	tc718_flow3	CWE197_Numeric_Truncation_Error__int_listen_tcp_to_short_15.java	171	CWE197_Numeric_Truncation_Error__int_listen_tcp_to_short_15.java	182
/home/swlab/Documents/swvul/java-vuln-detection/slicing/output/CPG/cwe197_cpg/cwe197-719-cpg-resolved.bin	tc719_flow1	CWE197_Numeric_Truncation_Error__int_listen_tcp_to_short_16.java	51	CWE197_Numeric_Truncation_Error__int_listen_tcp_to_short_16.java	126
/home/swlab/Documents/swvul/java-vuln-detection/slicing/output/CPG/cwe197_cpg/cwe197-719-cpg-resolved.bin	tc719_flow2	CWE197_Numeric_Truncation_Error__int_listen_tcp_to_short_16.java	139	CWE197_Numeric_Truncation_Error__int_listen_tcp_to_short_16.java	145
/home/swlab/Documents/swvul/java-vuln-detection/slicing/output/CPG/cwe197_cpg/cwe197-720-cpg-resolved.bin	tc720_flow1	CWE197_Numeric_Truncation_Error__int_listen_tcp_to_short_17.java	54	CWE197_Numeric_Truncation_Error__int_listen_tcp_to_short_17.java	129
/home/swlab/Documents/swvul/java-vuln-detection/slicing/output/CPG/cwe197_cpg/cwe197-720-cpg-resolved.bin	tc720_flow2	CWE197_Numeric_Truncation_Error__int_listen_tcp_to_short_17.java	141	CWE197_Numeric_Truncation_Error__int_listen_tcp_to_short_17.java	147
/home/swlab/Documents/swvul/java-vuln-detection/slicing/output/CPG/cwe197_cpg/cwe197-721-cpg-resolved.bin	tc721_flow1	CWE197_Numeric_Truncation_Error__int_listen_tcp_to_short_21.java	68	CWE197_Numeric_Truncation_Error__int_listen_tcp_to_short_21.java	42
/home/swlab/Documents/swvul/java-vuln-detection/slicing/output/CPG/cwe197_cpg/cwe197-721-cpg-resolved.bin	tc721_flow2	CWE197_Numeric_Truncation_Error__int_listen_tcp_to_short_21.java	188	CWE197_Numeric_Truncation_Error__int_listen_tcp_to_short_21.java	169
/home/swlab/Documents/swvul/java-vuln-detection/slicing/output/CPG/cwe197_cpg/cwe197-721-cpg-resolved.bin	tc721_flow3	CWE197_Numeric_Truncation_Error__int_listen_tcp_to_short_21.java	217	CWE197_Numeric_Truncation_Error__int_listen_tcp_to_short_21.java	205
/home/swlab/Documents/swvul/java-vuln-detection/slicing/output/CPG/cwe197_cpg/cwe197-722-cpg-resolved.bin	tc722_flow1	CWE197_Numeric_Truncation_Error__int_listen_tcp_to_short_22b.java	51	CWE197_Numeric_Truncation_Error__int_listen_tcp_to_short_22a.java	35
/home/swlab/Documents/swvul/java-vuln-detection/slicing/output/CPG/cwe197_cpg/cwe197-722-cpg-resolved.bin	tc722_flow2	CWE197_Numeric_Truncation_Error__int_listen_tcp_to_short_22b.java	146	CWE197_Numeric_Truncation_Error__int_listen_tcp_to_short_22a.java	61
/home/swlab/Documents/swvul/java-vuln-detection/slicing/output/CPG/cwe197_cpg/cwe197-722-cpg-resolved.bin	tc722_flow3	CWE197_Numeric_Truncation_Error__int_listen_tcp_to_short_22b.java	161	CWE197_Numeric_Truncation_Error__int_listen_tcp_to_short_22a.java	76
/home/swlab/Documents/swvul/java-vuln-detection/slicing/output/CPG/cwe197_cpg/cwe197-723-cpg-resolved.bin	tc723_flow1	CWE197_Numeric_Truncation_Error__int_listen_tcp_to_short_31.java	57	CWE197_Numeric_Truncation_Error__int_listen_tcp_to_short_31.java	135
/home/swlab/Documents/swvul/java-vuln-detection/slicing/output/CPG/cwe197_cpg/cwe197-723-cpg-resolved.bin	tc723_flow2	CWE197_Numeric_Truncation_Error__int_listen_tcp_to_short_31.java	154	CWE197_Numeric_Truncation_Error__int_listen_tcp_to_short_31.java	163
/home/swlab/Documents/swvul/java-vuln-detection/slicing/output/CPG/cwe197_cpg/cwe197-724-cpg-resolved.bin	tc724_flow1	CWE197_Numeric_Truncation_Error__int_listen_tcp_to_short_41.java	63	CWE197_Numeric_Truncation_Error__int_listen_tcp_to_short_41.java	34
/home/swlab/Documents/swvul/java-vuln-detection/slicing/output/CPG/cwe197_cpg/cwe197-724-cpg-resolved.bin	tc724_flow2	CWE197_Numeric_Truncation_Error__int_listen_tcp_to_short_41.java	158	CWE197_Numeric_Truncation_Error__int_listen_tcp_to_short_41.java	147
/home/swlab/Documents/swvul/java-vuln-detection/slicing/output/CPG/cwe197_cpg/cwe197-725-cpg-resolved.bin	tc725_flow1	CWE197_Numeric_Truncation_Error__int_listen_tcp_to_short_42.java	53	CWE197_Numeric_Truncation_Error__int_listen_tcp_to_short_42.java	134
/home/swlab/Documents/swvul/java-vuln-detection/slicing/output/CPG/cwe197_cpg/cwe197-725-cpg-resolved.bin	tc725_flow2	CWE197_Numeric_Truncation_Error__int_listen_tcp_to_short_42.java	144	CWE197_Numeric_Truncation_Error__int_listen_tcp_to_short_42.java	156
/home/swlab/Documents/swvul/java-vuln-detection/slicing/output/CPG/cwe197_cpg/cwe197-726-cpg-resolved.bin	tc726_flow1	CWE197_Numeric_Truncation_Error__int_listen_tcp_to_short_45.java	69	CWE197_Numeric_Truncation_Error__int_listen_tcp_to_short_45.java	39
/home/swlab/Documents/swvul/java-vuln-detection/slicing/output/CPG/cwe197_cpg/cwe197-726-cpg-resolved.bin	tc726_flow2	CWE197_Numeric_Truncation_Error__int_listen_tcp_to_short_45.java	166	CWE197_Numeric_Truncation_Error__int_listen_tcp_to_short_45.java	155
/home/swlab/Documents/swvul/java-vuln-detection/slicing/output/CPG/cwe197_cpg/cwe197-727-cpg-resolved.bin	tc727_flow1	CWE197_Numeric_Truncation_Error__int_listen_tcp_to_short_51a.java	53	CWE197_Numeric_Truncation_Error__int_listen_tcp_to_short_51b.java	26
/home/swlab/Documents/swvul/java-vuln-detection/slicing/output/CPG/cwe197_cpg/cwe197-727-cpg-resolved.bin	tc727_flow2	CWE197_Numeric_Truncation_Error__int_listen_tcp_to_short_51a.java	138	CWE197_Numeric_Truncation_Error__int_listen_tcp_to_short_51b.java	37
/home/swlab/Documents/swvul/java-vuln-detection/slicing/output/CPG/cwe197_cpg/cwe197-728-cpg-resolved.bin	tc728_flow1	CWE197_Numeric_Truncation_Error__int_listen_tcp_to_short_52a.java	54	CWE197_Numeric_Truncation_Error__int_listen_tcp_to_short_52c.java	27
/home/swlab/Documents/swvul/java-vuln-detection/slicing/output/CPG/cwe197_cpg/cwe197-728-cpg-resolved.bin	tc728_flow2	CWE197_Numeric_Truncation_Error__int_listen_tcp_to_short_52a.java	139	CWE197_Numeric_Truncation_Error__int_listen_tcp_to_short_52c.java	38
/home/swlab/Documents/swvul/java-vuln-detection/slicing/output/CPG/cwe197_cpg/cwe197-729-cpg-resolved.bin	tc729_flow1	CWE197_Numeric_Truncation_Error__int_listen_tcp_to_short_53a.java	54	CWE197_Numeric_Truncation_Error__int_listen_tcp_to_short_53d.java	27
/home/swlab/Documents/swvul/java-vuln-detection/slicing/output/CPG/cwe197_cpg/cwe197-729-cpg-resolved.bin	tc729_flow2	CWE197_Numeric_Truncation_Error__int_listen_tcp_to_short_53a.java	139	CWE197_Numeric_Truncation_Error__int_listen_tcp_to_short_53d.java	38
/home/swlab/Documents/swvul/java-vuln-detection/slicing/output/CPG/cwe197_cpg/cwe197-730-cpg-resolved.bin	tc730_flow1	CWE197_Numeric_Truncation_Error__int_listen_tcp_to_short_54a.java	54	CWE197_Numeric_Truncation_Error__int_listen_tcp_to_short_54e.java	27
/home/swlab/Documents/swvul/java-vuln-detection/slicing/output/CPG/cwe197_cpg/cwe197-730-cpg-resolved.bin	tc730_flow2	CWE197_Numeric_Truncation_Error__int_listen_tcp_to_short_54a.java	139	CWE197_Numeric_Truncation_Error__int_listen_tcp_to_short_54e.java	38
/home/swlab/Documents/swvul/java-vuln-detection/slicing/output/CPG/cwe197_cpg/cwe197-731-cpg-resolved.bin	tc731_flow1	CWE197_Numeric_Truncation_Error__int_listen_tcp_to_short_61b.java	54	CWE197_Numeric_Truncation_Error__int_listen_tcp_to_short_61a.java	28
/home/swlab/Documents/swvul/java-vuln-detection/slicing/output/CPG/cwe197_cpg/cwe197-731-cpg-resolved.bin	tc731_flow2	CWE197_Numeric_Truncation_Error__int_listen_tcp_to_short_61b.java	134	CWE197_Numeric_Truncation_Error__int_listen_tcp_to_short_61a.java	45
/home/swlab/Documents/swvul/java-vuln-detection/slicing/output/CPG/cwe197_cpg/cwe197-732-cpg-resolved.bin	tc732_flow1	CWE197_Numeric_Truncation_Error__int_listen_tcp_to_short_66a.java	54	CWE197_Numeric_Truncation_Error__int_listen_tcp_to_short_66b.java	28
/home/swlab/Documents/swvul/java-vuln-detection/slicing/output/CPG/cwe197_cpg/cwe197-732-cpg-resolved.bin	tc732_flow2	CWE197_Numeric_Truncation_Error__int_listen_tcp_to_short_66a.java	141	CWE197_Numeric_Truncation_Error__int_listen_tcp_to_short_66b.java	40
/home/swlab/Documents/swvul/java-vuln-detection/slicing/output/CPG/cwe197_cpg/cwe197-733-cpg-resolved.bin	tc733_flow1	CWE197_Numeric_Truncation_Error__int_listen_tcp_to_short_67a.java	59	CWE197_Numeric_Truncation_Error__int_listen_tcp_to_short_67b.java	28
/home/swlab/Documents/swvul/java-vuln-detection/slicing/output/CPG/cwe197_cpg/cwe197-733-cpg-resolved.bin	tc733_flow2	CWE197_Numeric_Truncation_Error__int_listen_tcp_to_short_67a.java	146	CWE197_Numeric_Truncation_Error__int_listen_tcp_to_short_67b.java	40
/home/swlab/Documents/swvul/java-vuln-detection/slicing/output/CPG/cwe197_cpg/cwe197-734-cpg-resolved.bin	tc734_flow1	CWE197_Numeric_Truncation_Error__int_listen_tcp_to_short_68a.java	54	CWE197_Numeric_Truncation_Error__int_listen_tcp_to_short_68b.java	27
/home/swlab/Documents/swvul/java-vuln-detection/slicing/output/CPG/cwe197_cpg/cwe197-734-cpg-resolved.bin	tc734_flow2	CWE197_Numeric_Truncation_Error__int_listen_tcp_to_short_68a.java	138	CWE197_Numeric_Truncation_Error__int_listen_tcp_to_short_68b.java	39
/home/swlab/Documents/swvul/java-vuln-detection/slicing/output/CPG/cwe197_cpg/cwe197-735-cpg-resolved.bin	tc735_flow1	CWE197_Numeric_Truncation_Error__int_listen_tcp_to_short_71a.java	54	CWE197_Numeric_Truncation_Error__int_listen_tcp_to_short_71b.java	28
/home/swlab/Documents/swvul/java-vuln-detection/slicing/output/CPG/cwe197_cpg/cwe197-735-cpg-resolved.bin	tc735_flow2	CWE197_Numeric_Truncation_Error__int_listen_tcp_to_short_71a.java	139	CWE197_Numeric_Truncation_Error__int_listen_tcp_to_short_71b.java	40
/home/swlab/Documents/swvul/java-vuln-detection/slicing/output/CPG/cwe197_cpg/cwe197-736-cpg-resolved.bin	tc736_flow1	CWE197_Numeric_Truncation_Error__int_listen_tcp_to_short_72a.java	55	CWE197_Numeric_Truncation_Error__int_listen_tcp_to_short_72b.java	29
/home/swlab/Documents/swvul/java-vuln-detection/slicing/output/CPG/cwe197_cpg/cwe197-736-cpg-resolved.bin	tc736_flow2	CWE197_Numeric_Truncation_Error__int_listen_tcp_to_short_72a.java	144	CWE197_Numeric_Truncation_Error__int_listen_tcp_to_short_72b.java	41
/home/swlab/Documents/swvul/java-vuln-detection/slicing/output/CPG/cwe197_cpg/cwe197-737-cpg-resolved.bin	tc737_flow1	CWE197_Numeric_Truncation_Error__int_listen_tcp_to_short_73a.java	55	CWE197_Numeric_Truncation_Error__int_listen_tcp_to_short_73b.java	29
/home/swlab/Documents/swvul/java-vuln-detection/slicing/output/CPG/cwe197_cpg/cwe197-737-cpg-resolved.bin	tc737_flow2	CWE197_Numeric_Truncation_Error__int_listen_tcp_to_short_73a.java	144	CWE197_Numeric_Truncation_Error__int_listen_tcp_to_short_73b.java	41
/home/swlab/Documents/swvul/java-vuln-detection/slicing/output/CPG/cwe197_cpg/cwe197-738-cpg-resolved.bin	tc738_flow1	CWE197_Numeric_Truncation_Error__int_listen_tcp_to_short_74a.java	55	CWE197_Numeric_Truncation_Error__int_listen_tcp_to_short_74b.java	29
/home/swlab/Documents/swvul/java-vuln-detection/slicing/output/CPG/cwe197_cpg/cwe197-738-cpg-resolved.bin	tc738_flow2	CWE197_Numeric_Truncation_Error__int_listen_tcp_to_short_74a.java	144	CWE197_Numeric_Truncation_Error__int_listen_tcp_to_short_74b.java	41
/home/swlab/Documents/swvul/java-vuln-detection/slicing/output/CPG/cwe197_cpg/cwe197-739-cpg-resolved.bin	tc739_flow1	CWE197_Numeric_Truncation_Error__int_listen_tcp_to_short_75a.java	57	CWE197_Numeric_Truncation_Error__int_listen_tcp_to_short_75b.java	40
/home/swlab/Documents/swvul/java-vuln-detection/slicing/output/CPG/cwe197_cpg/cwe197-739-cpg-resolved.bin	tc739_flow2	CWE197_Numeric_Truncation_Error__int_listen_tcp_to_short_75a.java	184	CWE197_Numeric_Truncation_Error__int_listen_tcp_to_short_75b.java	96
/home/swlab/Documents/swvul/java-vuln-detection/slicing/output/CPG/cwe197_cpg/cwe197-740-cpg-resolved.bin	tc740_flow1	CWE197_Numeric_Truncation_Error__int_listen_tcp_to_short_81a.java	54	CWE197_Numeric_Truncation_Error__int_listen_tcp_to_short_81_bad.java	27
/home/swlab/Documents/swvul/java-vuln-detection/slicing/output/CPG/cwe197_cpg/cwe197-740-cpg-resolved.bin	tc740_flow2	CWE197_Numeric_Truncation_Error__int_listen_tcp_to_short_81a.java	140	CWE197_Numeric_Truncation_Error__int_listen_tcp_to_short_81_goodG2B.java	27
/home/swlab/Documents/swvul/java-vuln-detection/slicing/output/CPG/cwe197_cpg/cwe197-741-cpg-resolved.bin	tc741_flow1	CWE197_Numeric_Truncation_Error__int_random_to_byte_01.java	29	CWE197_Numeric_Truncation_Error__int_random_to_byte_01.java	33
/home/swlab/Documents/swvul/java-vuln-detection/slicing/output/CPG/cwe197_cpg/cwe197-741-cpg-resolved.bin	tc741_flow2	CWE197_Numeric_Truncation_Error__int_random_to_byte_01.java	49	CWE197_Numeric_Truncation_Error__int_random_to_byte_01.java	53
/home/swlab/Documents/swvul/java-vuln-detection/slicing/output/CPG/cwe197_cpg/cwe197-742-cpg-resolved.bin	tc742_flow1	CWE197_Numeric_Truncation_Error__int_random_to_byte_02.java	30	CWE197_Numeric_Truncation_Error__int_random_to_byte_02.java	41
/home/swlab/Documents/swvul/java-vuln-detection/slicing/output/CPG/cwe197_cpg/cwe197-742-cpg-resolved.bin	tc742_flow2	CWE197_Numeric_Truncation_Error__int_random_to_byte_02.java	60	CWE197_Numeric_Truncation_Error__int_random_to_byte_02.java	66
/home/swlab/Documents/swvul/java-vuln-detection/slicing/output/CPG/cwe197_cpg/cwe197-742-cpg-resolved.bin	tc742_flow3	CWE197_Numeric_Truncation_Error__int_random_to_byte_02.java	78	CWE197_Numeric_Truncation_Error__int_random_to_byte_02.java	89
/home/swlab/Documents/swvul/java-vuln-detection/slicing/output/CPG/cwe197_cpg/cwe197-743-cpg-resolved.bin	tc743_flow1	CWE197_Numeric_Truncation_Error__int_random_to_byte_03.java	30	CWE197_Numeric_Truncation_Error__int_random_to_byte_03.java	41
/home/swlab/Documents/swvul/java-vuln-detection/slicing/output/CPG/cwe197_cpg/cwe197-743-cpg-resolved.bin	tc743_flow2	CWE197_Numeric_Truncation_Error__int_random_to_byte_03.java	60	CWE197_Numeric_Truncation_Error__int_random_to_byte_03.java	66
/home/swlab/Documents/swvul/java-vuln-detection/slicing/output/CPG/cwe197_cpg/cwe197-743-cpg-resolved.bin	tc743_flow3	CWE197_Numeric_Truncation_Error__int_random_to_byte_03.java	78	CWE197_Numeric_Truncation_Error__int_random_to_byte_03.java	89
/home/swlab/Documents/swvul/java-vuln-detection/slicing/output/CPG/cwe197_cpg/cwe197-744-cpg-resolved.bin	tc744_flow1	CWE197_Numeric_Truncation_Error__int_random_to_byte_04.java	37	CWE197_Numeric_Truncation_Error__int_random_to_byte_04.java	48
/home/swlab/Documents/swvul/java-vuln-detection/slicing/output/CPG/cwe197_cpg/cwe197-744-cpg-resolved.bin	tc744_flow2	CWE197_Numeric_Truncation_Error__int_random_to_byte_04.java	67	CWE197_Numeric_Truncation_Error__int_random_to_byte_04.java	73
/home/swlab/Documents/swvul/java-vuln-detection/slicing/output/CPG/cwe197_cpg/cwe197-744-cpg-resolved.bin	tc744_flow3	CWE197_Numeric_Truncation_Error__int_random_to_byte_04.java	85	CWE197_Numeric_Truncation_Error__int_random_to_byte_04.java	96
/home/swlab/Documents/swvul/java-vuln-detection/slicing/output/CPG/cwe197_cpg/cwe197-745-cpg-resolved.bin	tc745_flow1	CWE197_Numeric_Truncation_Error__int_random_to_byte_05.java	37	CWE197_Numeric_Truncation_Error__int_random_to_byte_05.java	48
/home/swlab/Documents/swvul/java-vuln-detection/slicing/output/CPG/cwe197_cpg/cwe197-745-cpg-resolved.bin	tc745_flow2	CWE197_Numeric_Truncation_Error__int_random_to_byte_05.java	67	CWE197_Numeric_Truncation_Error__int_random_to_byte_05.java	73
/home/swlab/Documents/swvul/java-vuln-detection/slicing/output/CPG/cwe197_cpg/cwe197-745-cpg-resolved.bin	tc745_flow3	CWE197_Numeric_Truncation_Error__int_random_to_byte_05.java	85	CWE197_Numeric_Truncation_Error__int_random_to_byte_05.java	96
/home/swlab/Documents/swvul/java-vuln-detection/slicing/output/CPG/cwe197_cpg/cwe197-746-cpg-resolved.bin	tc746_flow1	CWE197_Numeric_Truncation_Error__int_random_to_byte_06.java	36	CWE197_Numeric_Truncation_Error__int_random_to_byte_06.java	47
/home/swlab/Documents/swvul/java-vuln-detection/slicing/output/CPG/cwe197_cpg/cwe197-746-cpg-resolved.bin	tc746_flow2	CWE197_Numeric_Truncation_Error__int_random_to_byte_06.java	66	CWE197_Numeric_Truncation_Error__int_random_to_byte_06.java	72
/home/swlab/Documents/swvul/java-vuln-detection/slicing/output/CPG/cwe197_cpg/cwe197-746-cpg-resolved.bin	tc746_flow3	CWE197_Numeric_Truncation_Error__int_random_to_byte_06.java	84	CWE197_Numeric_Truncation_Error__int_random_to_byte_06.java	95
/home/swlab/Documents/swvul/java-vuln-detection/slicing/output/CPG/cwe197_cpg/cwe197-747-cpg-resolved.bin	tc747_flow1	CWE197_Numeric_Truncation_Error__int_random_to_byte_07.java	36	CWE197_Numeric_Truncation_Error__int_random_to_byte_07.java	47
/home/swlab/Documents/swvul/java-vuln-detection/slicing/output/CPG/cwe197_cpg/cwe197-747-cpg-resolved.bin	tc747_flow2	CWE197_Numeric_Truncation_Error__int_random_to_byte_07.java	66	CWE197_Numeric_Truncation_Error__int_random_to_byte_07.java	72
/home/swlab/Documents/swvul/java-vuln-detection/slicing/output/CPG/cwe197_cpg/cwe197-747-cpg-resolved.bin	tc747_flow3	CWE197_Numeric_Truncation_Error__int_random_to_byte_07.java	84	CWE197_Numeric_Truncation_Error__int_random_to_byte_07.java	95
/home/swlab/Documents/swvul/java-vuln-detection/slicing/output/CPG/cwe197_cpg/cwe197-748-cpg-resolved.bin	tc748_flow1	CWE197_Numeric_Truncation_Error__int_random_to_byte_08.java	44	CWE197_Numeric_Truncation_Error__int_random_to_byte_08.java	55
/home/swlab/Documents/swvul/java-vuln-detection/slicing/output/CPG/cwe197_cpg/cwe197-748-cpg-resolved.bin	tc748_flow2	CWE197_Numeric_Truncation_Error__int_random_to_byte_08.java	74	CWE197_Numeric_Truncation_Error__int_random_to_byte_08.java	80
/home/swlab/Documents/swvul/java-vuln-detection/slicing/output/CPG/cwe197_cpg/cwe197-748-cpg-resolved.bin	tc748_flow3	CWE197_Numeric_Truncation_Error__int_random_to_byte_08.java	92	CWE197_Numeric_Truncation_Error__int_random_to_byte_08.java	103
/home/swlab/Documents/swvul/java-vuln-detection/slicing/output/CPG/cwe197_cpg/cwe197-749-cpg-resolved.bin	tc749_flow1	CWE197_Numeric_Truncation_Error__int_random_to_byte_09.java	30	CWE197_Numeric_Truncation_Error__int_random_to_byte_09.java	41
/home/swlab/Documents/swvul/java-vuln-detection/slicing/output/CPG/cwe197_cpg/cwe197-749-cpg-resolved.bin	tc749_flow2	CWE197_Numeric_Truncation_Error__int_random_to_byte_09.java	60	CWE197_Numeric_Truncation_Error__int_random_to_byte_09.java	66
/home/swlab/Documents/swvul/java-vuln-detection/slicing/output/CPG/cwe197_cpg/cwe197-749-cpg-resolved.bin	tc749_flow3	CWE197_Numeric_Truncation_Error__int_random_to_byte_09.java	78	CWE197_Numeric_Truncation_Error__int_random_to_byte_09.java	89
/home/swlab/Documents/swvul/java-vuln-detection/slicing/output/CPG/cwe197_cpg/cwe197-750-cpg-resolved.bin	tc750_flow1	CWE197_Numeric_Truncation_Error__int_random_to_byte_10.java	30	CWE197_Numeric_Truncation_Error__int_random_to_byte_10.java	41
/home/swlab/Documents/swvul/java-vuln-detection/slicing/output/CPG/cwe197_cpg/cwe197-750-cpg-resolved.bin	tc750_flow2	CWE197_Numeric_Truncation_Error__int_random_to_byte_10.java	60	CWE197_Numeric_Truncation_Error__int_random_to_byte_10.java	66
/home/swlab/Documents/swvul/java-vuln-detection/slicing/output/CPG/cwe197_cpg/cwe197-750-cpg-resolved.bin	tc750_flow3	CWE197_Numeric_Truncation_Error__int_random_to_byte_10.java	78	CWE197_Numeric_Truncation_Error__int_random_to_byte_10.java	89
/home/swlab/Documents/swvul/java-vuln-detection/slicing/output/CPG/cwe197_cpg/cwe197-751-cpg-resolved.bin	tc751_flow1	CWE197_Numeric_Truncation_Error__int_random_to_byte_11.java	30	CWE197_Numeric_Truncation_Error__int_random_to_byte_11.java	41
/home/swlab/Documents/swvul/java-vuln-detection/slicing/output/CPG/cwe197_cpg/cwe197-751-cpg-resolved.bin	tc751_flow2	CWE197_Numeric_Truncation_Error__int_random_to_byte_11.java	60	CWE197_Numeric_Truncation_Error__int_random_to_byte_11.java	66
/home/swlab/Documents/swvul/java-vuln-detection/slicing/output/CPG/cwe197_cpg/cwe197-751-cpg-resolved.bin	tc751_flow3	CWE197_Numeric_Truncation_Error__int_random_to_byte_11.java	78	CWE197_Numeric_Truncation_Error__int_random_to_byte_11.java	89
/home/swlab/Documents/swvul/java-vuln-detection/slicing/output/CPG/cwe197_cpg/cwe197-752-cpg-resolved.bin	tc752_flow1	CWE197_Numeric_Truncation_Error__int_random_to_byte_12.java	30	CWE197_Numeric_Truncation_Error__int_random_to_byte_12.java	42
/home/swlab/Documents/swvul/java-vuln-detection/slicing/output/CPG/cwe197_cpg/cwe197-752-cpg-resolved.bin	tc752_flow2	CWE197_Numeric_Truncation_Error__int_random_to_byte_12.java	55	CWE197_Numeric_Truncation_Error__int_random_to_byte_12.java	67
/home/swlab/Documents/swvul/java-vuln-detection/slicing/output/CPG/cwe197_cpg/cwe197-753-cpg-resolved.bin	tc753_flow1	CWE197_Numeric_Truncation_Error__int_random_to_byte_13.java	30	CWE197_Numeric_Truncation_Error__int_random_to_byte_13.java	41
/home/swlab/Documents/swvul/java-vuln-detection/slicing/output/CPG/cwe197_cpg/cwe197-753-cpg-resolved.bin	tc753_flow2	CWE197_Numeric_Truncation_Error__int_random_to_byte_13.java	60	CWE197_Numeric_Truncation_Error__int_random_to_byte_13.java	66
/home/swlab/Documents/swvul/java-vuln-detection/slicing/output/CPG/cwe197_cpg/cwe197-753-cpg-resolved.bin	tc753_flow3	CWE197_Numeric_Truncation_Error__int_random_to_byte_13.java	78	CWE197_Numeric_Truncation_Error__int_random_to_byte_13.java	89
/home/swlab/Documents/swvul/java-vuln-detection/slicing/output/CPG/cwe197_cpg/cwe197-754-cpg-resolved.bin	tc754_flow1	CWE197_Numeric_Truncation_Error__int_random_to_byte_14.java	30	CWE197_Numeric_Truncation_Error__int_random_to_byte_14.java	41
/home/swlab/Documents/swvul/java-vuln-detection/slicing/output/CPG/cwe197_cpg/cwe197-754-cpg-resolved.bin	tc754_flow2	CWE197_Numeric_Truncation_Error__int_random_to_byte_14.java	60	CWE197_Numeric_Truncation_Error__int_random_to_byte_14.java	66
/home/swlab/Documents/swvul/java-vuln-detection/slicing/output/CPG/cwe197_cpg/cwe197-754-cpg-resolved.bin	tc754_flow3	CWE197_Numeric_Truncation_Error__int_random_to_byte_14.java	78	CWE197_Numeric_Truncation_Error__int_random_to_byte_14.java	89
/home/swlab/Documents/swvul/java-vuln-detection/slicing/output/CPG/cwe197_cpg/cwe197-755-cpg-resolved.bin	tc755_flow1	CWE197_Numeric_Truncation_Error__int_random_to_byte_15.java	32	CWE197_Numeric_Truncation_Error__int_random_to_byte_15.java	43
/home/swlab/Documents/swvul/java-vuln-detection/slicing/output/CPG/cwe197_cpg/cwe197-755-cpg-resolved.bin	tc755_flow2	CWE197_Numeric_Truncation_Error__int_random_to_byte_15.java	62	CWE197_Numeric_Truncation_Error__int_random_to_byte_15.java	68
/home/swlab/Documents/swvul/java-vuln-detection/slicing/output/CPG/cwe197_cpg/cwe197-755-cpg-resolved.bin	tc755_flow3	CWE197_Numeric_Truncation_Error__int_random_to_byte_15.java	82	CWE197_Numeric_Truncation_Error__int_random_to_byte_15.java	93
/home/swlab/Documents/swvul/java-vuln-detection/slicing/output/CPG/cwe197_cpg/cwe197-756-cpg-resolved.bin	tc756_flow1	CWE197_Numeric_Truncation_Error__int_random_to_byte_16.java	31	CWE197_Numeric_Truncation_Error__int_random_to_byte_16.java	37
/home/swlab/Documents/swvul/java-vuln-detection/slicing/output/CPG/cwe197_cpg/cwe197-756-cpg-resolved.bin	tc756_flow2	CWE197_Numeric_Truncation_Error__int_random_to_byte_16.java	50	CWE197_Numeric_Truncation_Error__int_random_to_byte_16.java	56
/home/swlab/Documents/swvul/java-vuln-detection/slicing/output/CPG/cwe197_cpg/cwe197-757-cpg-resolved.bin	tc757_flow1	CWE197_Numeric_Truncation_Error__int_random_to_byte_17.java	29	CWE197_Numeric_Truncation_Error__int_random_to_byte_17.java	35
/home/swlab/Documents/swvul/java-vuln-detection/slicing/output/CPG/cwe197_cpg/cwe197-757-cpg-resolved.bin	tc757_flow2	CWE197_Numeric_Truncation_Error__int_random_to_byte_17.java	47	CWE197_Numeric_Truncation_Error__int_random_to_byte_17.java	53
/home/swlab/Documents/swvul/java-vuln-detection/slicing/output/CPG/cwe197_cpg/cwe197-758-cpg-resolved.bin	tc758_flow1	CWE197_Numeric_Truncation_Error__int_random_to_byte_21.java	48	CWE197_Numeric_Truncation_Error__int_random_to_byte_21.java	36
/home/swlab/Documents/swvul/java-vuln-detection/slicing/output/CPG/cwe197_cpg/cwe197-758-cpg-resolved.bin	tc758_flow2	CWE197_Numeric_Truncation_Error__int_random_to_byte_21.java	99	CWE197_Numeric_Truncation_Error__int_random_to_byte_21.java	80
/home/swlab/Documents/swvul/java-vuln-detection/slicing/output/CPG/cwe197_cpg/cwe197-758-cpg-resolved.bin	tc758_flow3	CWE197_Numeric_Truncation_Error__int_random_to_byte_21.java	128	CWE197_Numeric_Truncation_Error__int_random_to_byte_21.java	116
/home/swlab/Documents/swvul/java-vuln-detection/slicing/output/CPG/cwe197_cpg/cwe197-759-cpg-resolved.bin	tc759_flow1	CWE197_Numeric_Truncation_Error__int_random_to_byte_22b.java	31	CWE197_Numeric_Truncation_Error__int_random_to_byte_22a.java	35
/home/swlab/Documents/swvul/java-vuln-detection/slicing/output/CPG/cwe197_cpg/cwe197-759-cpg-resolved.bin	tc759_flow2	CWE197_Numeric_Truncation_Error__int_random_to_byte_22b.java	57	CWE197_Numeric_Truncation_Error__int_random_to_byte_22a.java	61
/home/swlab/Documents/swvul/java-vuln-detection/slicing/output/CPG/cwe197_cpg/cwe197-759-cpg-resolved.bin	tc759_flow3	CWE197_Numeric_Truncation_Error__int_random_to_byte_22b.java	72	CWE197_Numeric_Truncation_Error__int_random_to_byte_22a.java	76
/home/swlab/Documents/swvul/java-vuln-detection/slicing/output/CPG/cwe197_cpg/cwe197-760-cpg-resolved.bin	tc760_flow1	CWE197_Numeric_Truncation_Error__int_random_to_byte_31.java	32	CWE197_Numeric_Truncation_Error__int_random_to_byte_31.java	41
/home/swlab/Documents/swvul/java-vuln-detection/slicing/output/CPG/cwe197_cpg/cwe197-760-cpg-resolved.bin	tc760_flow2	CWE197_Numeric_Truncation_Error__int_random_to_byte_31.java	60	CWE197_Numeric_Truncation_Error__int_random_to_byte_31.java	69
/home/swlab/Documents/swvul/java-vuln-detection/slicing/output/CPG/cwe197_cpg/cwe197-761-cpg-resolved.bin	tc761_flow1	CWE197_Numeric_Truncation_Error__int_random_to_byte_41.java	38	CWE197_Numeric_Truncation_Error__int_random_to_byte_41.java	28
/home/swlab/Documents/swvul/java-vuln-detection/slicing/output/CPG/cwe197_cpg/cwe197-761-cpg-resolved.bin	tc761_flow2	CWE197_Numeric_Truncation_Error__int_random_to_byte_41.java	64	CWE197_Numeric_Truncation_Error__int_random_to_byte_41.java	53
/home/swlab/Documents/swvul/java-vuln-detection/slicing/output/CPG/cwe197_cpg/cwe197-762-cpg-resolved.bin	tc762_flow1	CWE197_Numeric_Truncation_Error__int_random_to_byte_42.java	28	CWE197_Numeric_Truncation_Error__int_random_to_byte_42.java	40
/home/swlab/Documents/swvul/java-vuln-detection/slicing/output/CPG/cwe197_cpg/cwe197-762-cpg-resolved.bin	tc762_flow2	CWE197_Numeric_Truncation_Error__int_random_to_byte_42.java	50	CWE197_Numeric_Truncation_Error__int_random_to_byte_42.java	62
/home/swlab/Documents/swvul/java-vuln-detection/slicing/output/CPG/cwe197_cpg/cwe197-763-cpg-resolved.bin	tc763_flow1	CWE197_Numeric_Truncation_Error__int_random_to_byte_45.java	44	CWE197_Numeric_Truncation_Error__int_random_to_byte_45.java	33
/home/swlab/Documents/swvul/java-vuln-detection/slicing/output/CPG/cwe197_cpg/cwe197-763-cpg-resolved.bin	tc763_flow2	CWE197_Numeric_Truncation_Error__int_random_to_byte_45.java	72	CWE197_Numeric_Truncation_Error__int_random_to_byte_45.java	61
/home/swlab/Documents/swvul/java-vuln-detection/slicing/output/CPG/cwe197_cpg/cwe197-764-cpg-resolved.bin	tc764_flow1	CWE197_Numeric_Truncation_Error__int_random_to_byte_51a.java	28	CWE197_Numeric_Truncation_Error__int_random_to_byte_51b.java	26
/home/swlab/Documents/swvul/java-vuln-detection/slicing/output/CPG/cwe197_cpg/cwe197-764-cpg-resolved.bin	tc764_flow2	CWE197_Numeric_Truncation_Error__int_random_to_byte_51a.java	44	CWE197_Numeric_Truncation_Error__int_random_to_byte_51b.java	37
/home/swlab/Documents/swvul/java-vuln-detection/slicing/output/CPG/cwe197_cpg/cwe197-765-cpg-resolved.bin	tc765_flow1	CWE197_Numeric_Truncation_Error__int_random_to_byte_52a.java	29	CWE197_Numeric_Truncation_Error__int_random_to_byte_52c.java	27
/home/swlab/Documents/swvul/java-vuln-detection/slicing/output/CPG/cwe197_cpg/cwe197-765-cpg-resolved.bin	tc765_flow2	CWE197_Numeric_Truncation_Error__int_random_to_byte_52a.java	45	CWE197_Numeric_Truncation_Error__int_random_to_byte_52c.java	38
/home/swlab/Documents/swvul/java-vuln-detection/slicing/output/CPG/cwe197_cpg/cwe197-766-cpg-resolved.bin	tc766_flow1	CWE197_Numeric_Truncation_Error__int_random_to_byte_53a.java	29	CWE197_Numeric_Truncation_Error__int_random_to_byte_53d.java	27
/home/swlab/Documents/swvul/java-vuln-detection/slicing/output/CPG/cwe197_cpg/cwe197-766-cpg-resolved.bin	tc766_flow2	CWE197_Numeric_Truncation_Error__int_random_to_byte_53a.java	45	CWE197_Numeric_Truncation_Error__int_random_to_byte_53d.java	38
/home/swlab/Documents/swvul/java-vuln-detection/slicing/output/CPG/cwe197_cpg/cwe197-767-cpg-resolved.bin	tc767_flow1	CWE197_Numeric_Truncation_Error__int_random_to_byte_54a.java	29	CWE197_Numeric_Truncation_Error__int_random_to_byte_54e.java	27
/home/swlab/Documents/swvul/java-vuln-detection/slicing/output/CPG/cwe197_cpg/cwe197-767-cpg-resolved.bin	tc767_flow2	CWE197_Numeric_Truncation_Error__int_random_to_byte_54a.java	45	CWE197_Numeric_Truncation_Error__int_random_to_byte_54e.java	38
/home/swlab/Documents/swvul/java-vuln-detection/slicing/output/CPG/cwe197_cpg/cwe197-768-cpg-resolved.bin	tc768_flow1	CWE197_Numeric_Truncation_Error__int_random_to_byte_61b.java	29	CWE197_Numeric_Truncation_Error__int_random_to_byte_61a.java	28
/home/swlab/Documents/swvul/java-vuln-detection/slicing/output/CPG/cwe197_cpg/cwe197-768-cpg-resolved.bin	tc768_flow2	CWE197_Numeric_Truncation_Error__int_random_to_byte_61b.java	40	CWE197_Numeric_Truncation_Error__int_random_to_byte_61a.java	45
/home/swlab/Documents/swvul/java-vuln-detection/slicing/output/CPG/cwe197_cpg/cwe197-769-cpg-resolved.bin	tc769_flow1	CWE197_Numeric_Truncation_Error__int_random_to_byte_66a.java	29	CWE197_Numeric_Truncation_Error__int_random_to_byte_66b.java	28
/home/swlab/Documents/swvul/java-vuln-detection/slicing/output/CPG/cwe197_cpg/cwe197-769-cpg-resolved.bin	tc769_flow2	CWE197_Numeric_Truncation_Error__int_random_to_byte_66a.java	47	CWE197_Numeric_Truncation_Error__int_random_to_byte_66b.java	40
/home/swlab/Documents/swvul/java-vuln-detection/slicing/output/CPG/cwe197_cpg/cwe197-770-cpg-resolved.bin	tc770_flow1	CWE197_Numeric_Truncation_Error__int_random_to_byte_67a.java	34	CWE197_Numeric_Truncation_Error__int_random_to_byte_67b.java	28
/home/swlab/Documents/swvul/java-vuln-detection/slicing/output/CPG/cwe197_cpg/cwe197-770-cpg-resolved.bin	tc770_flow2	CWE197_Numeric_Truncation_Error__int_random_to_byte_67a.java	52	CWE197_Numeric_Truncation_Error__int_random_to_byte_67b.java	40
/home/swlab/Documents/swvul/java-vuln-detection/slicing/output/CPG/cwe197_cpg/cwe197-771-cpg-resolved.bin	tc771_flow1	CWE197_Numeric_Truncation_Error__int_random_to_byte_68a.java	29	CWE197_Numeric_Truncation_Error__int_random_to_byte_68b.java	27
/home/swlab/Documents/swvul/java-vuln-detection/slicing/output/CPG/cwe197_cpg/cwe197-771-cpg-resolved.bin	tc771_flow2	CWE197_Numeric_Truncation_Error__int_random_to_byte_68a.java	44	CWE197_Numeric_Truncation_Error__int_random_to_byte_68b.java	39
/home/swlab/Documents/swvul/java-vuln-detection/slicing/output/CPG/cwe197_cpg/cwe197-772-cpg-resolved.bin	tc772_flow1	CWE197_Numeric_Truncation_Error__int_random_to_byte_71a.java	29	CWE197_Numeric_Truncation_Error__int_random_to_byte_71b.java	28
/home/swlab/Documents/swvul/java-vuln-detection/slicing/output/CPG/cwe197_cpg/cwe197-772-cpg-resolved.bin	tc772_flow2	CWE197_Numeric_Truncation_Error__int_random_to_byte_71a.java	45	CWE197_Numeric_Truncation_Error__int_random_to_byte_71b.java	40
/home/swlab/Documents/swvul/java-vuln-detection/slicing/output/CPG/cwe197_cpg/cwe197-773-cpg-resolved.bin	tc773_flow1	CWE197_Numeric_Truncation_Error__int_random_to_byte_72a.java	30	CWE197_Numeric_Truncation_Error__int_random_to_byte_72b.java	29
/home/swlab/Documents/swvul/java-vuln-detection/slicing/output/CPG/cwe197_cpg/cwe197-773-cpg-resolved.bin	tc773_flow2	CWE197_Numeric_Truncation_Error__int_random_to_byte_72a.java	50	CWE197_Numeric_Truncation_Error__int_random_to_byte_72b.java	41
/home/swlab/Documents/swvul/java-vuln-detection/slicing/output/CPG/cwe197_cpg/cwe197-774-cpg-resolved.bin	tc774_flow1	CWE197_Numeric_Truncation_Error__int_random_to_byte_73a.java	30	CWE197_Numeric_Truncation_Error__int_random_to_byte_73b.java	29
/home/swlab/Documents/swvul/java-vuln-detection/slicing/output/CPG/cwe197_cpg/cwe197-774-cpg-resolved.bin	tc774_flow2	CWE197_Numeric_Truncation_Error__int_random_to_byte_73a.java	50	CWE197_Numeric_Truncation_Error__int_random_to_byte_73b.java	41
/home/swlab/Documents/swvul/java-vuln-detection/slicing/output/CPG/cwe197_cpg/cwe197-775-cpg-resolved.bin	tc775_flow1	CWE197_Numeric_Truncation_Error__int_random_to_byte_74a.java	30	CWE197_Numeric_Truncation_Error__int_random_to_byte_74b.java	29
/home/swlab/Documents/swvul/java-vuln-detection/slicing/output/CPG/cwe197_cpg/cwe197-775-cpg-resolved.bin	tc775_flow2	CWE197_Numeric_Truncation_Error__int_random_to_byte_74a.java	50	CWE197_Numeric_Truncation_Error__int_random_to_byte_74b.java	41
/home/swlab/Documents/swvul/java-vuln-detection/slicing/output/CPG/cwe197_cpg/cwe197-776-cpg-resolved.bin	tc776_flow1	CWE197_Numeric_Truncation_Error__int_random_to_byte_75a.java	34	CWE197_Numeric_Truncation_Error__int_random_to_byte_75b.java	40
/home/swlab/Documents/swvul/java-vuln-detection/slicing/output/CPG/cwe197_cpg/cwe197-776-cpg-resolved.bin	tc776_flow2	CWE197_Numeric_Truncation_Error__int_random_to_byte_75a.java	92	CWE197_Numeric_Truncation_Error__int_random_to_byte_75b.java	96
/home/swlab/Documents/swvul/java-vuln-detection/slicing/output/CPG/cwe197_cpg/cwe197-777-cpg-resolved.bin	tc777_flow1	CWE197_Numeric_Truncation_Error__int_random_to_byte_81a.java	29	CWE197_Numeric_Truncation_Error__int_random_to_byte_81_bad.java	27
/home/swlab/Documents/swvul/java-vuln-detection/slicing/output/CPG/cwe197_cpg/cwe197-777-cpg-resolved.bin	tc777_flow2	CWE197_Numeric_Truncation_Error__int_random_to_byte_81a.java	46	CWE197_Numeric_Truncation_Error__int_random_to_byte_81_goodG2B.java	27
/home/swlab/Documents/swvul/java-vuln-detection/slicing/output/CPG/cwe197_cpg/cwe197-778-cpg-resolved.bin	tc778_flow1	CWE197_Numeric_Truncation_Error__int_random_to_short_01.java	29	CWE197_Numeric_Truncation_Error__int_random_to_short_01.java	33
/home/swlab/Documents/swvul/java-vuln-detection/slicing/output/CPG/cwe197_cpg/cwe197-778-cpg-resolved.bin	tc778_flow2	CWE197_Numeric_Truncation_Error__int_random_to_short_01.java	49	CWE197_Numeric_Truncation_Error__int_random_to_short_01.java	53
/home/swlab/Documents/swvul/java-vuln-detection/slicing/output/CPG/cwe197_cpg/cwe197-779-cpg-resolved.bin	tc779_flow1	CWE197_Numeric_Truncation_Error__int_random_to_short_02.java	30	CWE197_Numeric_Truncation_Error__int_random_to_short_02.java	41
/home/swlab/Documents/swvul/java-vuln-detection/slicing/output/CPG/cwe197_cpg/cwe197-779-cpg-resolved.bin	tc779_flow2	CWE197_Numeric_Truncation_Error__int_random_to_short_02.java	60	CWE197_Numeric_Truncation_Error__int_random_to_short_02.java	66
/home/swlab/Documents/swvul/java-vuln-detection/slicing/output/CPG/cwe197_cpg/cwe197-779-cpg-resolved.bin	tc779_flow3	CWE197_Numeric_Truncation_Error__int_random_to_short_02.java	78	CWE197_Numeric_Truncation_Error__int_random_to_short_02.java	89
/home/swlab/Documents/swvul/java-vuln-detection/slicing/output/CPG/cwe197_cpg/cwe197-780-cpg-resolved.bin	tc780_flow1	CWE197_Numeric_Truncation_Error__int_random_to_short_03.java	30	CWE197_Numeric_Truncation_Error__int_random_to_short_03.java	41
/home/swlab/Documents/swvul/java-vuln-detection/slicing/output/CPG/cwe197_cpg/cwe197-780-cpg-resolved.bin	tc780_flow2	CWE197_Numeric_Truncation_Error__int_random_to_short_03.java	60	CWE197_Numeric_Truncation_Error__int_random_to_short_03.java	66
/home/swlab/Documents/swvul/java-vuln-detection/slicing/output/CPG/cwe197_cpg/cwe197-780-cpg-resolved.bin	tc780_flow3	CWE197_Numeric_Truncation_Error__int_random_to_short_03.java	78	CWE197_Numeric_Truncation_Error__int_random_to_short_03.java	89
/home/swlab/Documents/swvul/java-vuln-detection/slicing/output/CPG/cwe197_cpg/cwe197-781-cpg-resolved.bin	tc781_flow1	CWE197_Numeric_Truncation_Error__int_random_to_short_04.java	37	CWE197_Numeric_Truncation_Error__int_random_to_short_04.java	48
/home/swlab/Documents/swvul/java-vuln-detection/slicing/output/CPG/cwe197_cpg/cwe197-781-cpg-resolved.bin	tc781_flow2	CWE197_Numeric_Truncation_Error__int_random_to_short_04.java	67	CWE197_Numeric_Truncation_Error__int_random_to_short_04.java	73
/home/swlab/Documents/swvul/java-vuln-detection/slicing/output/CPG/cwe197_cpg/cwe197-781-cpg-resolved.bin	tc781_flow3	CWE197_Numeric_Truncation_Error__int_random_to_short_04.java	85	CWE197_Numeric_Truncation_Error__int_random_to_short_04.java	96
/home/swlab/Documents/swvul/java-vuln-detection/slicing/output/CPG/cwe197_cpg/cwe197-782-cpg-resolved.bin	tc782_flow1	CWE197_Numeric_Truncation_Error__int_random_to_short_05.java	37	CWE197_Numeric_Truncation_Error__int_random_to_short_05.java	48
/home/swlab/Documents/swvul/java-vuln-detection/slicing/output/CPG/cwe197_cpg/cwe197-782-cpg-resolved.bin	tc782_flow2	CWE197_Numeric_Truncation_Error__int_random_to_short_05.java	67	CWE197_Numeric_Truncation_Error__int_random_to_short_05.java	73
/home/swlab/Documents/swvul/java-vuln-detection/slicing/output/CPG/cwe197_cpg/cwe197-782-cpg-resolved.bin	tc782_flow3	CWE197_Numeric_Truncation_Error__int_random_to_short_05.java	85	CWE197_Numeric_Truncation_Error__int_random_to_short_05.java	96
/home/swlab/Documents/swvul/java-vuln-detection/slicing/output/CPG/cwe197_cpg/cwe197-783-cpg-resolved.bin	tc783_flow1	CWE197_Numeric_Truncation_Error__int_random_to_short_06.java	36	CWE197_Numeric_Truncation_Error__int_random_to_short_06.java	47
/home/swlab/Documents/swvul/java-vuln-detection/slicing/output/CPG/cwe197_cpg/cwe197-783-cpg-resolved.bin	tc783_flow2	CWE197_Numeric_Truncation_Error__int_random_to_short_06.java	66	CWE197_Numeric_Truncation_Error__int_random_to_short_06.java	72
/home/swlab/Documents/swvul/java-vuln-detection/slicing/output/CPG/cwe197_cpg/cwe197-783-cpg-resolved.bin	tc783_flow3	CWE197_Numeric_Truncation_Error__int_random_to_short_06.java	84	CWE197_Numeric_Truncation_Error__int_random_to_short_06.java	95
/home/swlab/Documents/swvul/java-vuln-detection/slicing/output/CPG/cwe197_cpg/cwe197-784-cpg-resolved.bin	tc784_flow1	CWE197_Numeric_Truncation_Error__int_random_to_short_07.java	36	CWE197_Numeric_Truncation_Error__int_random_to_short_07.java	47
/home/swlab/Documents/swvul/java-vuln-detection/slicing/output/CPG/cwe197_cpg/cwe197-784-cpg-resolved.bin	tc784_flow2	CWE197_Numeric_Truncation_Error__int_random_to_short_07.java	66	CWE197_Numeric_Truncation_Error__int_random_to_short_07.java	72
/home/swlab/Documents/swvul/java-vuln-detection/slicing/output/CPG/cwe197_cpg/cwe197-784-cpg-resolved.bin	tc784_flow3	CWE197_Numeric_Truncation_Error__int_random_to_short_07.java	84	CWE197_Numeric_Truncation_Error__int_random_to_short_07.java	95
/home/swlab/Documents/swvul/java-vuln-detection/slicing/output/CPG/cwe197_cpg/cwe197-785-cpg-resolved.bin	tc785_flow1	CWE197_Numeric_Truncation_Error__int_random_to_short_08.java	44	CWE197_Numeric_Truncation_Error__int_random_to_short_08.java	55
/home/swlab/Documents/swvul/java-vuln-detection/slicing/output/CPG/cwe197_cpg/cwe197-785-cpg-resolved.bin	tc785_flow2	CWE197_Numeric_Truncation_Error__int_random_to_short_08.java	74	CWE197_Numeric_Truncation_Error__int_random_to_short_08.java	80
/home/swlab/Documents/swvul/java-vuln-detection/slicing/output/CPG/cwe197_cpg/cwe197-785-cpg-resolved.bin	tc785_flow3	CWE197_Numeric_Truncation_Error__int_random_to_short_08.java	92	CWE197_Numeric_Truncation_Error__int_random_to_short_08.java	103
/home/swlab/Documents/swvul/java-vuln-detection/slicing/output/CPG/cwe197_cpg/cwe197-786-cpg-resolved.bin	tc786_flow1	CWE197_Numeric_Truncation_Error__int_random_to_short_09.java	30	CWE197_Numeric_Truncation_Error__int_random_to_short_09.java	41
/home/swlab/Documents/swvul/java-vuln-detection/slicing/output/CPG/cwe197_cpg/cwe197-786-cpg-resolved.bin	tc786_flow2	CWE197_Numeric_Truncation_Error__int_random_to_short_09.java	60	CWE197_Numeric_Truncation_Error__int_random_to_short_09.java	66
/home/swlab/Documents/swvul/java-vuln-detection/slicing/output/CPG/cwe197_cpg/cwe197-786-cpg-resolved.bin	tc786_flow3	CWE197_Numeric_Truncation_Error__int_random_to_short_09.java	78	CWE197_Numeric_Truncation_Error__int_random_to_short_09.java	89
/home/swlab/Documents/swvul/java-vuln-detection/slicing/output/CPG/cwe197_cpg/cwe197-787-cpg-resolved.bin	tc787_flow1	CWE197_Numeric_Truncation_Error__int_random_to_short_10.java	30	CWE197_Numeric_Truncation_Error__int_random_to_short_10.java	41
/home/swlab/Documents/swvul/java-vuln-detection/slicing/output/CPG/cwe197_cpg/cwe197-787-cpg-resolved.bin	tc787_flow2	CWE197_Numeric_Truncation_Error__int_random_to_short_10.java	60	CWE197_Numeric_Truncation_Error__int_random_to_short_10.java	66
/home/swlab/Documents/swvul/java-vuln-detection/slicing/output/CPG/cwe197_cpg/cwe197-787-cpg-resolved.bin	tc787_flow3	CWE197_Numeric_Truncation_Error__int_random_to_short_10.java	78	CWE197_Numeric_Truncation_Error__int_random_to_short_10.java	89
/home/swlab/Documents/swvul/java-vuln-detection/slicing/output/CPG/cwe197_cpg/cwe197-788-cpg-resolved.bin	tc788_flow1	CWE197_Numeric_Truncation_Error__int_random_to_short_11.java	30	CWE197_Numeric_Truncation_Error__int_random_to_short_11.java	41
/home/swlab/Documents/swvul/java-vuln-detection/slicing/output/CPG/cwe197_cpg/cwe197-788-cpg-resolved.bin	tc788_flow2	CWE197_Numeric_Truncation_Error__int_random_to_short_11.java	60	CWE197_Numeric_Truncation_Error__int_random_to_short_11.java	66
/home/swlab/Documents/swvul/java-vuln-detection/slicing/output/CPG/cwe197_cpg/cwe197-788-cpg-resolved.bin	tc788_flow3	CWE197_Numeric_Truncation_Error__int_random_to_short_11.java	78	CWE197_Numeric_Truncation_Error__int_random_to_short_11.java	89
/home/swlab/Documents/swvul/java-vuln-detection/slicing/output/CPG/cwe197_cpg/cwe197-789-cpg-resolved.bin	tc789_flow1	CWE197_Numeric_Truncation_Error__int_random_to_short_12.java	30	CWE197_Numeric_Truncation_Error__int_random_to_short_12.java	42
/home/swlab/Documents/swvul/java-vuln-detection/slicing/output/CPG/cwe197_cpg/cwe197-789-cpg-resolved.bin	tc789_flow2	CWE197_Numeric_Truncation_Error__int_random_to_short_12.java	55	CWE197_Numeric_Truncation_Error__int_random_to_short_12.java	67
/home/swlab/Documents/swvul/java-vuln-detection/slicing/output/CPG/cwe197_cpg/cwe197-790-cpg-resolved.bin	tc790_flow1	CWE197_Numeric_Truncation_Error__int_random_to_short_13.java	30	CWE197_Numeric_Truncation_Error__int_random_to_short_13.java	41
/home/swlab/Documents/swvul/java-vuln-detection/slicing/output/CPG/cwe197_cpg/cwe197-790-cpg-resolved.bin	tc790_flow2	CWE197_Numeric_Truncation_Error__int_random_to_short_13.java	60	CWE197_Numeric_Truncation_Error__int_random_to_short_13.java	66
/home/swlab/Documents/swvul/java-vuln-detection/slicing/output/CPG/cwe197_cpg/cwe197-790-cpg-resolved.bin	tc790_flow3	CWE197_Numeric_Truncation_Error__int_random_to_short_13.java	78	CWE197_Numeric_Truncation_Error__int_random_to_short_13.java	89
/home/swlab/Documents/swvul/java-vuln-detection/slicing/output/CPG/cwe197_cpg/cwe197-791-cpg-resolved.bin	tc791_flow1	CWE197_Numeric_Truncation_Error__int_random_to_short_14.java	30	CWE197_Numeric_Truncation_Error__int_random_to_short_14.java	41
/home/swlab/Documents/swvul/java-vuln-detection/slicing/output/CPG/cwe197_cpg/cwe197-791-cpg-resolved.bin	tc791_flow2	CWE197_Numeric_Truncation_Error__int_random_to_short_14.java	60	CWE197_Numeric_Truncation_Error__int_random_to_short_14.java	66
/home/swlab/Documents/swvul/java-vuln-detection/slicing/output/CPG/cwe197_cpg/cwe197-791-cpg-resolved.bin	tc791_flow3	CWE197_Numeric_Truncation_Error__int_random_to_short_14.java	78	CWE197_Numeric_Truncation_Error__int_random_to_short_14.java	89
/home/swlab/Documents/swvul/java-vuln-detection/slicing/output/CPG/cwe197_cpg/cwe197-792-cpg-resolved.bin	tc792_flow1	CWE197_Numeric_Truncation_Error__int_random_to_short_15.java	32	CWE197_Numeric_Truncation_Error__int_random_to_short_15.java	43
/home/swlab/Documents/swvul/java-vuln-detection/slicing/output/CPG/cwe197_cpg/cwe197-792-cpg-resolved.bin	tc792_flow2	CWE197_Numeric_Truncation_Error__int_random_to_short_15.java	62	CWE197_Numeric_Truncation_Error__int_random_to_short_15.java	68
/home/swlab/Documents/swvul/java-vuln-detection/slicing/output/CPG/cwe197_cpg/cwe197-792-cpg-resolved.bin	tc792_flow3	CWE197_Numeric_Truncation_Error__int_random_to_short_15.java	82	CWE197_Numeric_Truncation_Error__int_random_to_short_15.java	93
/home/swlab/Documents/swvul/java-vuln-detection/slicing/output/CPG/cwe197_cpg/cwe197-793-cpg-resolved.bin	tc793_flow1	CWE197_Numeric_Truncation_Error__int_random_to_short_16.java	31	CWE197_Numeric_Truncation_Error__int_random_to_short_16.java	37
/home/swlab/Documents/swvul/java-vuln-detection/slicing/output/CPG/cwe197_cpg/cwe197-793-cpg-resolved.bin	tc793_flow2	CWE197_Numeric_Truncation_Error__int_random_to_short_16.java	50	CWE197_Numeric_Truncation_Error__int_random_to_short_16.java	56
/home/swlab/Documents/swvul/java-vuln-detection/slicing/output/CPG/cwe197_cpg/cwe197-794-cpg-resolved.bin	tc794_flow1	CWE197_Numeric_Truncation_Error__int_random_to_short_17.java	29	CWE197_Numeric_Truncation_Error__int_random_to_short_17.java	35
/home/swlab/Documents/swvul/java-vuln-detection/slicing/output/CPG/cwe197_cpg/cwe197-794-cpg-resolved.bin	tc794_flow2	CWE197_Numeric_Truncation_Error__int_random_to_short_17.java	47	CWE197_Numeric_Truncation_Error__int_random_to_short_17.java	53
/home/swlab/Documents/swvul/java-vuln-detection/slicing/output/CPG/cwe197_cpg/cwe197-795-cpg-resolved.bin	tc795_flow1	CWE197_Numeric_Truncation_Error__int_random_to_short_21.java	48	CWE197_Numeric_Truncation_Error__int_random_to_short_21.java	36
/home/swlab/Documents/swvul/java-vuln-detection/slicing/output/CPG/cwe197_cpg/cwe197-795-cpg-resolved.bin	tc795_flow2	CWE197_Numeric_Truncation_Error__int_random_to_short_21.java	99	CWE197_Numeric_Truncation_Error__int_random_to_short_21.java	80
/home/swlab/Documents/swvul/java-vuln-detection/slicing/output/CPG/cwe197_cpg/cwe197-795-cpg-resolved.bin	tc795_flow3	CWE197_Numeric_Truncation_Error__int_random_to_short_21.java	128	CWE197_Numeric_Truncation_Error__int_random_to_short_21.java	116
/home/swlab/Documents/swvul/java-vuln-detection/slicing/output/CPG/cwe197_cpg/cwe197-796-cpg-resolved.bin	tc796_flow1	CWE197_Numeric_Truncation_Error__int_random_to_short_22b.java	31	CWE197_Numeric_Truncation_Error__int_random_to_short_22a.java	35
/home/swlab/Documents/swvul/java-vuln-detection/slicing/output/CPG/cwe197_cpg/cwe197-796-cpg-resolved.bin	tc796_flow2	CWE197_Numeric_Truncation_Error__int_random_to_short_22b.java	57	CWE197_Numeric_Truncation_Error__int_random_to_short_22a.java	61
/home/swlab/Documents/swvul/java-vuln-detection/slicing/output/CPG/cwe197_cpg/cwe197-796-cpg-resolved.bin	tc796_flow3	CWE197_Numeric_Truncation_Error__int_random_to_short_22b.java	72	CWE197_Numeric_Truncation_Error__int_random_to_short_22a.java	76
/home/swlab/Documents/swvul/java-vuln-detection/slicing/output/CPG/cwe197_cpg/cwe197-797-cpg-resolved.bin	tc797_flow1	CWE197_Numeric_Truncation_Error__int_random_to_short_31.java	32	CWE197_Numeric_Truncation_Error__int_random_to_short_31.java	41
/home/swlab/Documents/swvul/java-vuln-detection/slicing/output/CPG/cwe197_cpg/cwe197-797-cpg-resolved.bin	tc797_flow2	CWE197_Numeric_Truncation_Error__int_random_to_short_31.java	60	CWE197_Numeric_Truncation_Error__int_random_to_short_31.java	69
/home/swlab/Documents/swvul/java-vuln-detection/slicing/output/CPG/cwe197_cpg/cwe197-798-cpg-resolved.bin	tc798_flow1	CWE197_Numeric_Truncation_Error__int_random_to_short_41.java	38	CWE197_Numeric_Truncation_Error__int_random_to_short_41.java	28
/home/swlab/Documents/swvul/java-vuln-detection/slicing/output/CPG/cwe197_cpg/cwe197-798-cpg-resolved.bin	tc798_flow2	CWE197_Numeric_Truncation_Error__int_random_to_short_41.java	64	CWE197_Numeric_Truncation_Error__int_random_to_short_41.java	53
/home/swlab/Documents/swvul/java-vuln-detection/slicing/output/CPG/cwe197_cpg/cwe197-799-cpg-resolved.bin	tc799_flow1	CWE197_Numeric_Truncation_Error__int_random_to_short_42.java	28	CWE197_Numeric_Truncation_Error__int_random_to_short_42.java	40
/home/swlab/Documents/swvul/java-vuln-detection/slicing/output/CPG/cwe197_cpg/cwe197-799-cpg-resolved.bin	tc799_flow2	CWE197_Numeric_Truncation_Error__int_random_to_short_42.java	50	CWE197_Numeric_Truncation_Error__int_random_to_short_42.java	62
/home/swlab/Documents/swvul/java-vuln-detection/slicing/output/CPG/cwe197_cpg/cwe197-800-cpg-resolved.bin	tc800_flow1	CWE197_Numeric_Truncation_Error__int_random_to_short_45.java	44	CWE197_Numeric_Truncation_Error__int_random_to_short_45.java	33
/home/swlab/Documents/swvul/java-vuln-detection/slicing/output/CPG/cwe197_cpg/cwe197-800-cpg-resolved.bin	tc800_flow2	CWE197_Numeric_Truncation_Error__int_random_to_short_45.java	72	CWE197_Numeric_Truncation_Error__int_random_to_short_45.java	61
/home/swlab/Documents/swvul/java-vuln-detection/slicing/output/CPG/cwe197_cpg/cwe197-801-cpg-resolved.bin	tc801_flow1	CWE197_Numeric_Truncation_Error__int_random_to_short_51a.java	28	CWE197_Numeric_Truncation_Error__int_random_to_short_51b.java	26
/home/swlab/Documents/swvul/java-vuln-detection/slicing/output/CPG/cwe197_cpg/cwe197-801-cpg-resolved.bin	tc801_flow2	CWE197_Numeric_Truncation_Error__int_random_to_short_51a.java	44	CWE197_Numeric_Truncation_Error__int_random_to_short_51b.java	37
/home/swlab/Documents/swvul/java-vuln-detection/slicing/output/CPG/cwe197_cpg/cwe197-802-cpg-resolved.bin	tc802_flow1	CWE197_Numeric_Truncation_Error__int_random_to_short_52a.java	29	CWE197_Numeric_Truncation_Error__int_random_to_short_52c.java	27
/home/swlab/Documents/swvul/java-vuln-detection/slicing/output/CPG/cwe197_cpg/cwe197-802-cpg-resolved.bin	tc802_flow2	CWE197_Numeric_Truncation_Error__int_random_to_short_52a.java	45	CWE197_Numeric_Truncation_Error__int_random_to_short_52c.java	38
/home/swlab/Documents/swvul/java-vuln-detection/slicing/output/CPG/cwe197_cpg/cwe197-803-cpg-resolved.bin	tc803_flow1	CWE197_Numeric_Truncation_Error__int_random_to_short_53a.java	29	CWE197_Numeric_Truncation_Error__int_random_to_short_53d.java	27
/home/swlab/Documents/swvul/java-vuln-detection/slicing/output/CPG/cwe197_cpg/cwe197-803-cpg-resolved.bin	tc803_flow2	CWE197_Numeric_Truncation_Error__int_random_to_short_53a.java	45	CWE197_Numeric_Truncation_Error__int_random_to_short_53d.java	38
/home/swlab/Documents/swvul/java-vuln-detection/slicing/output/CPG/cwe197_cpg/cwe197-804-cpg-resolved.bin	tc804_flow1	CWE197_Numeric_Truncation_Error__int_random_to_short_54a.java	29	CWE197_Numeric_Truncation_Error__int_random_to_short_54e.java	27
/home/swlab/Documents/swvul/java-vuln-detection/slicing/output/CPG/cwe197_cpg/cwe197-804-cpg-resolved.bin	tc804_flow2	CWE197_Numeric_Truncation_Error__int_random_to_short_54a.java	45	CWE197_Numeric_Truncation_Error__int_random_to_short_54e.java	38
/home/swlab/Documents/swvul/java-vuln-detection/slicing/output/CPG/cwe197_cpg/cwe197-805-cpg-resolved.bin	tc805_flow1	CWE197_Numeric_Truncation_Error__int_random_to_short_61b.java	29	CWE197_Numeric_Truncation_Error__int_random_to_short_61a.java	28
/home/swlab/Documents/swvul/java-vuln-detection/slicing/output/CPG/cwe197_cpg/cwe197-805-cpg-resolved.bin	tc805_flow2	CWE197_Numeric_Truncation_Error__int_random_to_short_61b.java	40	CWE197_Numeric_Truncation_Error__int_random_to_short_61a.java	45
/home/swlab/Documents/swvul/java-vuln-detection/slicing/output/CPG/cwe197_cpg/cwe197-806-cpg-resolved.bin	tc806_flow1	CWE197_Numeric_Truncation_Error__int_random_to_short_66a.java	29	CWE197_Numeric_Truncation_Error__int_random_to_short_66b.java	28
/home/swlab/Documents/swvul/java-vuln-detection/slicing/output/CPG/cwe197_cpg/cwe197-806-cpg-resolved.bin	tc806_flow2	CWE197_Numeric_Truncation_Error__int_random_to_short_66a.java	47	CWE197_Numeric_Truncation_Error__int_random_to_short_66b.java	40
/home/swlab/Documents/swvul/java-vuln-detection/slicing/output/CPG/cwe197_cpg/cwe197-807-cpg-resolved.bin	tc807_flow1	CWE197_Numeric_Truncation_Error__int_random_to_short_67a.java	34	CWE197_Numeric_Truncation_Error__int_random_to_short_67b.java	28
/home/swlab/Documents/swvul/java-vuln-detection/slicing/output/CPG/cwe197_cpg/cwe197-807-cpg-resolved.bin	tc807_flow2	CWE197_Numeric_Truncation_Error__int_random_to_short_67a.java	52	CWE197_Numeric_Truncation_Error__int_random_to_short_67b.java	40
/home/swlab/Documents/swvul/java-vuln-detection/slicing/output/CPG/cwe197_cpg/cwe197-808-cpg-resolved.bin	tc808_flow1	CWE197_Numeric_Truncation_Error__int_random_to_short_68a.java	29	CWE197_Numeric_Truncation_Error__int_random_to_short_68b.java	27
/home/swlab/Documents/swvul/java-vuln-detection/slicing/output/CPG/cwe197_cpg/cwe197-808-cpg-resolved.bin	tc808_flow2	CWE197_Numeric_Truncation_Error__int_random_to_short_68a.java	44	CWE197_Numeric_Truncation_Error__int_random_to_short_68b.java	39
/home/swlab/Documents/swvul/java-vuln-detection/slicing/output/CPG/cwe197_cpg/cwe197-809-cpg-resolved.bin	tc809_flow1	CWE197_Numeric_Truncation_Error__int_random_to_short_71a.java	29	CWE197_Numeric_Truncation_Error__int_random_to_short_71b.java	28
/home/swlab/Documents/swvul/java-vuln-detection/slicing/output/CPG/cwe197_cpg/cwe197-809-cpg-resolved.bin	tc809_flow2	CWE197_Numeric_Truncation_Error__int_random_to_short_71a.java	45	CWE197_Numeric_Truncation_Error__int_random_to_short_71b.java	40
/home/swlab/Documents/swvul/java-vuln-detection/slicing/output/CPG/cwe197_cpg/cwe197-810-cpg-resolved.bin	tc810_flow1	CWE197_Numeric_Truncation_Error__int_random_to_short_72a.java	30	CWE197_Numeric_Truncation_Error__int_random_to_short_72b.java	29
/home/swlab/Documents/swvul/java-vuln-detection/slicing/output/CPG/cwe197_cpg/cwe197-810-cpg-resolved.bin	tc810_flow2	CWE197_Numeric_Truncation_Error__int_random_to_short_72a.java	50	CWE197_Numeric_Truncation_Error__int_random_to_short_72b.java	41
/home/swlab/Documents/swvul/java-vuln-detection/slicing/output/CPG/cwe197_cpg/cwe197-811-cpg-resolved.bin	tc811_flow1	CWE197_Numeric_Truncation_Error__int_random_to_short_73a.java	30	CWE197_Numeric_Truncation_Error__int_random_to_short_73b.java	29
/home/swlab/Documents/swvul/java-vuln-detection/slicing/output/CPG/cwe197_cpg/cwe197-811-cpg-resolved.bin	tc811_flow2	CWE197_Numeric_Truncation_Error__int_random_to_short_73a.java	50	CWE197_Numeric_Truncation_Error__int_random_to_short_73b.java	41
/home/swlab/Documents/swvul/java-vuln-detection/slicing/output/CPG/cwe197_cpg/cwe197-812-cpg-resolved.bin	tc812_flow1	CWE197_Numeric_Truncation_Error__int_random_to_short_74a.java	30	CWE197_Numeric_Truncation_Error__int_random_to_short_74b.java	29
/home/swlab/Documents/swvul/java-vuln-detection/slicing/output/CPG/cwe197_cpg/cwe197-812-cpg-resolved.bin	tc812_flow2	CWE197_Numeric_Truncation_Error__int_random_to_short_74a.java	50	CWE197_Numeric_Truncation_Error__int_random_to_short_74b.java	41
/home/swlab/Documents/swvul/java-vuln-detection/slicing/output/CPG/cwe197_cpg/cwe197-813-cpg-resolved.bin	tc813_flow1	CWE197_Numeric_Truncation_Error__int_random_to_short_75a.java	34	CWE197_Numeric_Truncation_Error__int_random_to_short_75b.java	40
/home/swlab/Documents/swvul/java-vuln-detection/slicing/output/CPG/cwe197_cpg/cwe197-813-cpg-resolved.bin	tc813_flow2	CWE197_Numeric_Truncation_Error__int_random_to_short_75a.java	92	CWE197_Numeric_Truncation_Error__int_random_to_short_75b.java	96
/home/swlab/Documents/swvul/java-vuln-detection/slicing/output/CPG/cwe197_cpg/cwe197-814-cpg-resolved.bin	tc814_flow1	CWE197_Numeric_Truncation_Error__int_random_to_short_81a.java	29	CWE197_Numeric_Truncation_Error__int_random_to_short_81_bad.java	27
/home/swlab/Documents/swvul/java-vuln-detection/slicing/output/CPG/cwe197_cpg/cwe197-814-cpg-resolved.bin	tc814_flow2	CWE197_Numeric_Truncation_Error__int_random_to_short_81a.java	46	CWE197_Numeric_Truncation_Error__int_random_to_short_81_goodG2B.java	27
/home/swlab/Documents/swvul/java-vuln-detection/slicing/output/CPG/cwe197_cpg/cwe197-815-cpg-resolved.bin	tc815_flow1	CWE197_Numeric_Truncation_Error__short_Environment_01.java	32	CWE197_Numeric_Truncation_Error__short_Environment_01.java	49
/home/swlab/Documents/swvul/java-vuln-detection/slicing/output/CPG/cwe197_cpg/cwe197-815-cpg-resolved.bin	tc815_flow2	CWE197_Numeric_Truncation_Error__short_Environment_01.java	65	CWE197_Numeric_Truncation_Error__short_Environment_01.java	69
/home/swlab/Documents/swvul/java-vuln-detection/slicing/output/CPG/cwe197_cpg/cwe197-816-cpg-resolved.bin	tc816_flow1	CWE197_Numeric_Truncation_Error__short_Environment_02.java	32	CWE197_Numeric_Truncation_Error__short_Environment_02.java	56
/home/swlab/Documents/swvul/java-vuln-detection/slicing/output/CPG/cwe197_cpg/cwe197-816-cpg-resolved.bin	tc816_flow2	CWE197_Numeric_Truncation_Error__short_Environment_02.java	75	CWE197_Numeric_Truncation_Error__short_Environment_02.java	81
/home/swlab/Documents/swvul/java-vuln-detection/slicing/output/CPG/cwe197_cpg/cwe197-816-cpg-resolved.bin	tc816_flow3	CWE197_Numeric_Truncation_Error__short_Environment_02.java	93	CWE197_Numeric_Truncation_Error__short_Environment_02.java	104
/home/swlab/Documents/swvul/java-vuln-detection/slicing/output/CPG/cwe197_cpg/cwe197-817-cpg-resolved.bin	tc817_flow1	CWE197_Numeric_Truncation_Error__short_Environment_03.java	32	CWE197_Numeric_Truncation_Error__short_Environment_03.java	56
/home/swlab/Documents/swvul/java-vuln-detection/slicing/output/CPG/cwe197_cpg/cwe197-817-cpg-resolved.bin	tc817_flow2	CWE197_Numeric_Truncation_Error__short_Environment_03.java	75	CWE197_Numeric_Truncation_Error__short_Environment_03.java	81
/home/swlab/Documents/swvul/java-vuln-detection/slicing/output/CPG/cwe197_cpg/cwe197-817-cpg-resolved.bin	tc817_flow3	CWE197_Numeric_Truncation_Error__short_Environment_03.java	93	CWE197_Numeric_Truncation_Error__short_Environment_03.java	104
/home/swlab/Documents/swvul/java-vuln-detection/slicing/output/CPG/cwe197_cpg/cwe197-818-cpg-resolved.bin	tc818_flow1	CWE197_Numeric_Truncation_Error__short_Environment_04.java	39	CWE197_Numeric_Truncation_Error__short_Environment_04.java	63
/home/swlab/Documents/swvul/java-vuln-detection/slicing/output/CPG/cwe197_cpg/cwe197-818-cpg-resolved.bin	tc818_flow2	CWE197_Numeric_Truncation_Error__short_Environment_04.java	82	CWE197_Numeric_Truncation_Error__short_Environment_04.java	88
/home/swlab/Documents/swvul/java-vuln-detection/slicing/output/CPG/cwe197_cpg/cwe197-818-cpg-resolved.bin	tc818_flow3	CWE197_Numeric_Truncation_Error__short_Environment_04.java	100	CWE197_Numeric_Truncation_Error__short_Environment_04.java	111
/home/swlab/Documents/swvul/java-vuln-detection/slicing/output/CPG/cwe197_cpg/cwe197-819-cpg-resolved.bin	tc819_flow1	CWE197_Numeric_Truncation_Error__short_Environment_05.java	39	CWE197_Numeric_Truncation_Error__short_Environment_05.java	63
/home/swlab/Documents/swvul/java-vuln-detection/slicing/output/CPG/cwe197_cpg/cwe197-819-cpg-resolved.bin	tc819_flow2	CWE197_Numeric_Truncation_Error__short_Environment_05.java	82	CWE197_Numeric_Truncation_Error__short_Environment_05.java	88
/home/swlab/Documents/swvul/java-vuln-detection/slicing/output/CPG/cwe197_cpg/cwe197-819-cpg-resolved.bin	tc819_flow3	CWE197_Numeric_Truncation_Error__short_Environment_05.java	100	CWE197_Numeric_Truncation_Error__short_Environment_05.java	111
/home/swlab/Documents/swvul/java-vuln-detection/slicing/output/CPG/cwe197_cpg/cwe197-820-cpg-resolved.bin	tc820_flow1	CWE197_Numeric_Truncation_Error__short_Environment_06.java	38	CWE197_Numeric_Truncation_Error__short_Environment_06.java	62
/home/swlab/Documents/swvul/java-vuln-detection/slicing/output/CPG/cwe197_cpg/cwe197-820-cpg-resolved.bin	tc820_flow2	CWE197_Numeric_Truncation_Error__short_Environment_06.java	81	CWE197_Numeric_Truncation_Error__short_Environment_06.java	87
/home/swlab/Documents/swvul/java-vuln-detection/slicing/output/CPG/cwe197_cpg/cwe197-820-cpg-resolved.bin	tc820_flow3	CWE197_Numeric_Truncation_Error__short_Environment_06.java	99	CWE197_Numeric_Truncation_Error__short_Environment_06.java	110
/home/swlab/Documents/swvul/java-vuln-detection/slicing/output/CPG/cwe197_cpg/cwe197-821-cpg-resolved.bin	tc821_flow1	CWE197_Numeric_Truncation_Error__short_Environment_07.java	38	CWE197_Numeric_Truncation_Error__short_Environment_07.java	62
/home/swlab/Documents/swvul/java-vuln-detection/slicing/output/CPG/cwe197_cpg/cwe197-821-cpg-resolved.bin	tc821_flow2	CWE197_Numeric_Truncation_Error__short_Environment_07.java	81	CWE197_Numeric_Truncation_Error__short_Environment_07.java	87
/home/swlab/Documents/swvul/java-vuln-detection/slicing/output/CPG/cwe197_cpg/cwe197-821-cpg-resolved.bin	tc821_flow3	CWE197_Numeric_Truncation_Error__short_Environment_07.java	99	CWE197_Numeric_Truncation_Error__short_Environment_07.java	110
/home/swlab/Documents/swvul/java-vuln-detection/slicing/output/CPG/cwe197_cpg/cwe197-822-cpg-resolved.bin	tc822_flow1	CWE197_Numeric_Truncation_Error__short_Environment_08.java	46	CWE197_Numeric_Truncation_Error__short_Environment_08.java	70
/home/swlab/Documents/swvul/java-vuln-detection/slicing/output/CPG/cwe197_cpg/cwe197-822-cpg-resolved.bin	tc822_flow2	CWE197_Numeric_Truncation_Error__short_Environment_08.java	89	CWE197_Numeric_Truncation_Error__short_Environment_08.java	95
/home/swlab/Documents/swvul/java-vuln-detection/slicing/output/CPG/cwe197_cpg/cwe197-822-cpg-resolved.bin	tc822_flow3	CWE197_Numeric_Truncation_Error__short_Environment_08.java	107	CWE197_Numeric_Truncation_Error__short_Environment_08.java	118
/home/swlab/Documents/swvul/java-vuln-detection/slicing/output/CPG/cwe197_cpg/cwe197-823-cpg-resolved.bin	tc823_flow1	CWE197_Numeric_Truncation_Error__short_Environment_09.java	32	CWE197_Numeric_Truncation_Error__short_Environment_09.java	56
/home/swlab/Documents/swvul/java-vuln-detection/slicing/output/CPG/cwe197_cpg/cwe197-823-cpg-resolved.bin	tc823_flow2	CWE197_Numeric_Truncation_Error__short_Environment_09.java	75	CWE197_Numeric_Truncation_Error__short_Environment_09.java	81
/home/swlab/Documents/swvul/java-vuln-detection/slicing/output/CPG/cwe197_cpg/cwe197-823-cpg-resolved.bin	tc823_flow3	CWE197_Numeric_Truncation_Error__short_Environment_09.java	93	CWE197_Numeric_Truncation_Error__short_Environment_09.java	104
/home/swlab/Documents/swvul/java-vuln-detection/slicing/output/CPG/cwe197_cpg/cwe197-824-cpg-resolved.bin	tc824_flow1	CWE197_Numeric_Truncation_Error__short_Environment_10.java	32	CWE197_Numeric_Truncation_Error__short_Environment_10.java	56
/home/swlab/Documents/swvul/java-vuln-detection/slicing/output/CPG/cwe197_cpg/cwe197-824-cpg-resolved.bin	tc824_flow2	CWE197_Numeric_Truncation_Error__short_Environment_10.java	75	CWE197_Numeric_Truncation_Error__short_Environment_10.java	81
/home/swlab/Documents/swvul/java-vuln-detection/slicing/output/CPG/cwe197_cpg/cwe197-824-cpg-resolved.bin	tc824_flow3	CWE197_Numeric_Truncation_Error__short_Environment_10.java	93	CWE197_Numeric_Truncation_Error__short_Environment_10.java	104
/home/swlab/Documents/swvul/java-vuln-detection/slicing/output/CPG/cwe197_cpg/cwe197-825-cpg-resolved.bin	tc825_flow1	CWE197_Numeric_Truncation_Error__short_Environment_11.java	32	CWE197_Numeric_Truncation_Error__short_Environment_11.java	56
/home/swlab/Documents/swvul/java-vuln-detection/slicing/output/CPG/cwe197_cpg/cwe197-825-cpg-resolved.bin	tc825_flow2	CWE197_Numeric_Truncation_Error__short_Environment_11.java	75	CWE197_Numeric_Truncation_Error__short_Environment_11.java	81
/home/swlab/Documents/swvul/java-vuln-detection/slicing/output/CPG/cwe197_cpg/cwe197-825-cpg-resolved.bin	tc825_flow3	CWE197_Numeric_Truncation_Error__short_Environment_11.java	93	CWE197_Numeric_Truncation_Error__short_Environment_11.java	104
/home/swlab/Documents/swvul/java-vuln-detection/slicing/output/CPG/cwe197_cpg/cwe197-826-cpg-resolved.bin	tc826_flow1	CWE197_Numeric_Truncation_Error__short_Environment_12.java	32	CWE197_Numeric_Truncation_Error__short_Environment_12.java	57
/home/swlab/Documents/swvul/java-vuln-detection/slicing/output/CPG/cwe197_cpg/cwe197-826-cpg-resolved.bin	tc826_flow2	CWE197_Numeric_Truncation_Error__short_Environment_12.java	70	CWE197_Numeric_Truncation_Error__short_Environment_12.java	82
/home/swlab/Documents/swvul/java-vuln-detection/slicing/output/CPG/cwe197_cpg/cwe197-827-cpg-resolved.bin	tc827_flow1	CWE197_Numeric_Truncation_Error__short_Environment_13.java	32	CWE197_Numeric_Truncation_Error__short_Environment_13.java	56
/home/swlab/Documents/swvul/java-vuln-detection/slicing/output/CPG/cwe197_cpg/cwe197-827-cpg-resolved.bin	tc827_flow2	CWE197_Numeric_Truncation_Error__short_Environment_13.java	75	CWE197_Numeric_Truncation_Error__short_Environment_13.java	81
/home/swlab/Documents/swvul/java-vuln-detection/slicing/output/CPG/cwe197_cpg/cwe197-827-cpg-resolved.bin	tc827_flow3	CWE197_Numeric_Truncation_Error__short_Environment_13.java	93	CWE197_Numeric_Truncation_Error__short_Environment_13.java	104
/home/swlab/Documents/swvul/java-vuln-detection/slicing/output/CPG/cwe197_cpg/cwe197-828-cpg-resolved.bin	tc828_flow1	CWE197_Numeric_Truncation_Error__short_Environment_14.java	32	CWE197_Numeric_Truncation_Error__short_Environment_14.java	56
/home/swlab/Documents/swvul/java-vuln-detection/slicing/output/CPG/cwe197_cpg/cwe197-828-cpg-resolved.bin	tc828_flow2	CWE197_Numeric_Truncation_Error__short_Environment_14.java	75	CWE197_Numeric_Truncation_Error__short_Environment_14.java	81
/home/swlab/Documents/swvul/java-vuln-detection/slicing/output/CPG/cwe197_cpg/cwe197-828-cpg-resolved.bin	tc828_flow3	CWE197_Numeric_Truncation_Error__short_Environment_14.java	93	CWE197_Numeric_Truncation_Error__short_Environment_14.java	104
/home/swlab/Documents/swvul/java-vuln-detection/slicing/output/CPG/cwe197_cpg/cwe197-829-cpg-resolved.bin	tc829_flow1	CWE197_Numeric_Truncation_Error__short_Environment_15.java	34	CWE197_Numeric_Truncation_Error__short_Environment_15.java	58
/home/swlab/Documents/swvul/java-vuln-detection/slicing/output/CPG/cwe197_cpg/cwe197-829-cpg-resolved.bin	tc829_flow2	CWE197_Numeric_Truncation_Error__short_Environment_15.java	77	CWE197_Numeric_Truncation_Error__short_Environment_15.java	83
/home/swlab/Documents/swvul/java-vuln-detection/slicing/output/CPG/cwe197_cpg/cwe197-829-cpg-resolved.bin	tc829_flow3	CWE197_Numeric_Truncation_Error__short_Environment_15.java	97	CWE197_Numeric_Truncation_Error__short_Environment_15.java	108
/home/swlab/Documents/swvul/java-vuln-detection/slicing/output/CPG/cwe197_cpg/cwe197-830-cpg-resolved.bin	tc830_flow1	CWE197_Numeric_Truncation_Error__short_Environment_16.java	33	CWE197_Numeric_Truncation_Error__short_Environment_16.java	52
/home/swlab/Documents/swvul/java-vuln-detection/slicing/output/CPG/cwe197_cpg/cwe197-830-cpg-resolved.bin	tc830_flow2	CWE197_Numeric_Truncation_Error__short_Environment_16.java	65	CWE197_Numeric_Truncation_Error__short_Environment_16.java	71
/home/swlab/Documents/swvul/java-vuln-detection/slicing/output/CPG/cwe197_cpg/cwe197-831-cpg-resolved.bin	tc831_flow1	CWE197_Numeric_Truncation_Error__short_Environment_17.java	32	CWE197_Numeric_Truncation_Error__short_Environment_17.java	51
/home/swlab/Documents/swvul/java-vuln-detection/slicing/output/CPG/cwe197_cpg/cwe197-831-cpg-resolved.bin	tc831_flow2	CWE197_Numeric_Truncation_Error__short_Environment_17.java	63	CWE197_Numeric_Truncation_Error__short_Environment_17.java	69
/home/swlab/Documents/swvul/java-vuln-detection/slicing/output/CPG/cwe197_cpg/cwe197-832-cpg-resolved.bin	tc832_flow1	CWE197_Numeric_Truncation_Error__short_Environment_21.java	50	CWE197_Numeric_Truncation_Error__short_Environment_21.java	36
/home/swlab/Documents/swvul/java-vuln-detection/slicing/output/CPG/cwe197_cpg/cwe197-832-cpg-resolved.bin	tc832_flow2	CWE197_Numeric_Truncation_Error__short_Environment_21.java	114	CWE197_Numeric_Truncation_Error__short_Environment_21.java	95
/home/swlab/Documents/swvul/java-vuln-detection/slicing/output/CPG/cwe197_cpg/cwe197-832-cpg-resolved.bin	tc832_flow3	CWE197_Numeric_Truncation_Error__short_Environment_21.java	143	CWE197_Numeric_Truncation_Error__short_Environment_21.java	131
/home/swlab/Documents/swvul/java-vuln-detection/slicing/output/CPG/cwe197_cpg/cwe197-833-cpg-resolved.bin	tc833_flow1	CWE197_Numeric_Truncation_Error__short_Environment_22b.java	33	CWE197_Numeric_Truncation_Error__short_Environment_22a.java	35
/home/swlab/Documents/swvul/java-vuln-detection/slicing/output/CPG/cwe197_cpg/cwe197-833-cpg-resolved.bin	tc833_flow2	CWE197_Numeric_Truncation_Error__short_Environment_22b.java	72	CWE197_Numeric_Truncation_Error__short_Environment_22a.java	61
/home/swlab/Documents/swvul/java-vuln-detection/slicing/output/CPG/cwe197_cpg/cwe197-833-cpg-resolved.bin	tc833_flow3	CWE197_Numeric_Truncation_Error__short_Environment_22b.java	87	CWE197_Numeric_Truncation_Error__short_Environment_22a.java	76
/home/swlab/Documents/swvul/java-vuln-detection/slicing/output/CPG/cwe197_cpg/cwe197-834-cpg-resolved.bin	tc834_flow1	CWE197_Numeric_Truncation_Error__short_Environment_31.java	35	CWE197_Numeric_Truncation_Error__short_Environment_31.java	57
/home/swlab/Documents/swvul/java-vuln-detection/slicing/output/CPG/cwe197_cpg/cwe197-834-cpg-resolved.bin	tc834_flow2	CWE197_Numeric_Truncation_Error__short_Environment_31.java	76	CWE197_Numeric_Truncation_Error__short_Environment_31.java	85
/home/swlab/Documents/swvul/java-vuln-detection/slicing/output/CPG/cwe197_cpg/cwe197-835-cpg-resolved.bin	tc835_flow1	CWE197_Numeric_Truncation_Error__short_Environment_41.java	41	CWE197_Numeric_Truncation_Error__short_Environment_41.java	28
/home/swlab/Documents/swvul/java-vuln-detection/slicing/output/CPG/cwe197_cpg/cwe197-835-cpg-resolved.bin	tc835_flow2	CWE197_Numeric_Truncation_Error__short_Environment_41.java	80	CWE197_Numeric_Truncation_Error__short_Environment_41.java	69
/home/swlab/Documents/swvul/java-vuln-detection/slicing/output/CPG/cwe197_cpg/cwe197-836-cpg-resolved.bin	tc836_flow1	CWE197_Numeric_Truncation_Error__short_Environment_42.java	31	CWE197_Numeric_Truncation_Error__short_Environment_42.java	56
/home/swlab/Documents/swvul/java-vuln-detection/slicing/output/CPG/cwe197_cpg/cwe197-836-cpg-resolved.bin	tc836_flow2	CWE197_Numeric_Truncation_Error__short_Environment_42.java	66	CWE197_Numeric_Truncation_Error__short_Environment_42.java	78
/home/swlab/Documents/swvul/java-vuln-detection/slicing/output/CPG/cwe197_cpg/cwe197-837-cpg-resolved.bin	tc837_flow1	CWE197_Numeric_Truncation_Error__short_Environment_45.java	47	CWE197_Numeric_Truncation_Error__short_Environment_45.java	33
/home/swlab/Documents/swvul/java-vuln-detection/slicing/output/CPG/cwe197_cpg/cwe197-837-cpg-resolved.bin	tc837_flow2	CWE197_Numeric_Truncation_Error__short_Environment_45.java	88	CWE197_Numeric_Truncation_Error__short_Environment_45.java	77
/home/swlab/Documents/swvul/java-vuln-detection/slicing/output/CPG/cwe197_cpg/cwe197-838-cpg-resolved.bin	tc838_flow1	CWE197_Numeric_Truncation_Error__short_Environment_51a.java	31	CWE197_Numeric_Truncation_Error__short_Environment_51b.java	26
/home/swlab/Documents/swvul/java-vuln-detection/slicing/output/CPG/cwe197_cpg/cwe197-838-cpg-resolved.bin	tc838_flow2	CWE197_Numeric_Truncation_Error__short_Environment_51a.java	60	CWE197_Numeric_Truncation_Error__short_Environment_51b.java	37
/home/swlab/Documents/swvul/java-vuln-detection/slicing/output/CPG/cwe197_cpg/cwe197-839-cpg-resolved.bin	tc839_flow1	CWE197_Numeric_Truncation_Error__short_Environment_52a.java	32	CWE197_Numeric_Truncation_Error__short_Environment_52c.java	27
/home/swlab/Documents/swvul/java-vuln-detection/slicing/output/CPG/cwe197_cpg/cwe197-839-cpg-resolved.bin	tc839_flow2	CWE197_Numeric_Truncation_Error__short_Environment_52a.java	61	CWE197_Numeric_Truncation_Error__short_Environment_52c.java	38
/home/swlab/Documents/swvul/java-vuln-detection/slicing/output/CPG/cwe197_cpg/cwe197-840-cpg-resolved.bin	tc840_flow1	CWE197_Numeric_Truncation_Error__short_Environment_53a.java	32	CWE197_Numeric_Truncation_Error__short_Environment_53d.java	27
/home/swlab/Documents/swvul/java-vuln-detection/slicing/output/CPG/cwe197_cpg/cwe197-840-cpg-resolved.bin	tc840_flow2	CWE197_Numeric_Truncation_Error__short_Environment_53a.java	61	CWE197_Numeric_Truncation_Error__short_Environment_53d.java	38
/home/swlab/Documents/swvul/java-vuln-detection/slicing/output/CPG/cwe197_cpg/cwe197-841-cpg-resolved.bin	tc841_flow1	CWE197_Numeric_Truncation_Error__short_Environment_54a.java	32	CWE197_Numeric_Truncation_Error__short_Environment_54e.java	27
/home/swlab/Documents/swvul/java-vuln-detection/slicing/output/CPG/cwe197_cpg/cwe197-841-cpg-resolved.bin	tc841_flow2	CWE197_Numeric_Truncation_Error__short_Environment_54a.java	61	CWE197_Numeric_Truncation_Error__short_Environment_54e.java	38
/home/swlab/Documents/swvul/java-vuln-detection/slicing/output/CPG/cwe197_cpg/cwe197-842-cpg-resolved.bin	tc842_flow1	CWE197_Numeric_Truncation_Error__short_Environment_61b.java	32	CWE197_Numeric_Truncation_Error__short_Environment_61a.java	28
/home/swlab/Documents/swvul/java-vuln-detection/slicing/output/CPG/cwe197_cpg/cwe197-842-cpg-resolved.bin	tc842_flow2	CWE197_Numeric_Truncation_Error__short_Environment_61b.java	56	CWE197_Numeric_Truncation_Error__short_Environment_61a.java	45
/home/swlab/Documents/swvul/java-vuln-detection/slicing/output/CPG/cwe197_cpg/cwe197-843-cpg-resolved.bin	tc843_flow1	CWE197_Numeric_Truncation_Error__short_Environment_66a.java	32	CWE197_Numeric_Truncation_Error__short_Environment_66b.java	28
/home/swlab/Documents/swvul/java-vuln-detection/slicing/output/CPG/cwe197_cpg/cwe197-843-cpg-resolved.bin	tc843_flow2	CWE197_Numeric_Truncation_Error__short_Environment_66a.java	63	CWE197_Numeric_Truncation_Error__short_Environment_66b.java	40
/home/swlab/Documents/swvul/java-vuln-detection/slicing/output/CPG/cwe197_cpg/cwe197-844-cpg-resolved.bin	tc844_flow1	CWE197_Numeric_Truncation_Error__short_Environment_67a.java	37	CWE197_Numeric_Truncation_Error__short_Environment_67b.java	28
/home/swlab/Documents/swvul/java-vuln-detection/slicing/output/CPG/cwe197_cpg/cwe197-844-cpg-resolved.bin	tc844_flow2	CWE197_Numeric_Truncation_Error__short_Environment_67a.java	68	CWE197_Numeric_Truncation_Error__short_Environment_67b.java	40
/home/swlab/Documents/swvul/java-vuln-detection/slicing/output/CPG/cwe197_cpg/cwe197-845-cpg-resolved.bin	tc845_flow1	CWE197_Numeric_Truncation_Error__short_Environment_68a.java	32	CWE197_Numeric_Truncation_Error__short_Environment_68b.java	27
/home/swlab/Documents/swvul/java-vuln-detection/slicing/output/CPG/cwe197_cpg/cwe197-845-cpg-resolved.bin	tc845_flow2	CWE197_Numeric_Truncation_Error__short_Environment_68a.java	60	CWE197_Numeric_Truncation_Error__short_Environment_68b.java	39
/home/swlab/Documents/swvul/java-vuln-detection/slicing/output/CPG/cwe197_cpg/cwe197-846-cpg-resolved.bin	tc846_flow1	CWE197_Numeric_Truncation_Error__short_Environment_71a.java	32	CWE197_Numeric_Truncation_Error__short_Environment_71b.java	28
/home/swlab/Documents/swvul/java-vuln-detection/slicing/output/CPG/cwe197_cpg/cwe197-846-cpg-resolved.bin	tc846_flow2	CWE197_Numeric_Truncation_Error__short_Environment_71a.java	61	CWE197_Numeric_Truncation_Error__short_Environment_71b.java	40
/home/swlab/Documents/swvul/java-vuln-detection/slicing/output/CPG/cwe197_cpg/cwe197-847-cpg-resolved.bin	tc847_flow1	CWE197_Numeric_Truncation_Error__short_Environment_72a.java	33	CWE197_Numeric_Truncation_Error__short_Environment_72b.java	29
/home/swlab/Documents/swvul/java-vuln-detection/slicing/output/CPG/cwe197_cpg/cwe197-847-cpg-resolved.bin	tc847_flow2	CWE197_Numeric_Truncation_Error__short_Environment_72a.java	66	CWE197_Numeric_Truncation_Error__short_Environment_72b.java	41
/home/swlab/Documents/swvul/java-vuln-detection/slicing/output/CPG/cwe197_cpg/cwe197-848-cpg-resolved.bin	tc848_flow1	CWE197_Numeric_Truncation_Error__short_Environment_73a.java	33	CWE197_Numeric_Truncation_Error__short_Environment_73b.java	29
/home/swlab/Documents/swvul/java-vuln-detection/slicing/output/CPG/cwe197_cpg/cwe197-848-cpg-resolved.bin	tc848_flow2	CWE197_Numeric_Truncation_Error__short_Environment_73a.java	66	CWE197_Numeric_Truncation_Error__short_Environment_73b.java	41
/home/swlab/Documents/swvul/java-vuln-detection/slicing/output/CPG/cwe197_cpg/cwe197-849-cpg-resolved.bin	tc849_flow1	CWE197_Numeric_Truncation_Error__short_Environment_74a.java	33	CWE197_Numeric_Truncation_Error__short_Environment_74b.java	29
/home/swlab/Documents/swvul/java-vuln-detection/slicing/output/CPG/cwe197_cpg/cwe197-849-cpg-resolved.bin	tc849_flow2	CWE197_Numeric_Truncation_Error__short_Environment_74a.java	66	CWE197_Numeric_Truncation_Error__short_Environment_74b.java	41
/home/swlab/Documents/swvul/java-vuln-detection/slicing/output/CPG/cwe197_cpg/cwe197-850-cpg-resolved.bin	tc850_flow1	CWE197_Numeric_Truncation_Error__short_Environment_75a.java	36	CWE197_Numeric_Truncation_Error__short_Environment_75b.java	40
/home/swlab/Documents/swvul/java-vuln-detection/slicing/output/CPG/cwe197_cpg/cwe197-850-cpg-resolved.bin	tc850_flow2	CWE197_Numeric_Truncation_Error__short_Environment_75a.java	107	CWE197_Numeric_Truncation_Error__short_Environment_75b.java	96
/home/swlab/Documents/swvul/java-vuln-detection/slicing/output/CPG/cwe197_cpg/cwe197-851-cpg-resolved.bin	tc851_flow1	CWE197_Numeric_Truncation_Error__short_Environment_81a.java	32	CWE197_Numeric_Truncation_Error__short_Environment_81_bad.java	27
/home/swlab/Documents/swvul/java-vuln-detection/slicing/output/CPG/cwe197_cpg/cwe197-851-cpg-resolved.bin	tc851_flow2	CWE197_Numeric_Truncation_Error__short_Environment_81a.java	62	CWE197_Numeric_Truncation_Error__short_Environment_81_goodG2B.java	27
/home/swlab/Documents/swvul/java-vuln-detection/slicing/output/CPG/cwe197_cpg/cwe197-852-cpg-resolved.bin	tc852_flow2	CWE197_Numeric_Truncation_Error__short_File_01.java	128	CWE197_Numeric_Truncation_Error__short_File_01.java	132
/home/swlab/Documents/swvul/java-vuln-detection/slicing/output/CPG/cwe197_cpg/cwe197-853-cpg-resolved.bin	tc853_flow2	CWE197_Numeric_Truncation_Error__short_File_02.java	136	CWE197_Numeric_Truncation_Error__short_File_02.java	142
/home/swlab/Documents/swvul/java-vuln-detection/slicing/output/CPG/cwe197_cpg/cwe197-853-cpg-resolved.bin	tc853_flow3	CWE197_Numeric_Truncation_Error__short_File_02.java	154	CWE197_Numeric_Truncation_Error__short_File_02.java	165
/home/swlab/Documents/swvul/java-vuln-detection/slicing/output/CPG/cwe197_cpg/cwe197-854-cpg-resolved.bin	tc854_flow2	CWE197_Numeric_Truncation_Error__short_File_03.java	136	CWE197_Numeric_Truncation_Error__short_File_03.java	142
/home/swlab/Documents/swvul/java-vuln-detection/slicing/output/CPG/cwe197_cpg/cwe197-854-cpg-resolved.bin	tc854_flow3	CWE197_Numeric_Truncation_Error__short_File_03.java	154	CWE197_Numeric_Truncation_Error__short_File_03.java	165
/home/swlab/Documents/swvul/java-vuln-detection/slicing/output/CPG/cwe197_cpg/cwe197-855-cpg-resolved.bin	tc855_flow2	CWE197_Numeric_Truncation_Error__short_File_04.java	143	CWE197_Numeric_Truncation_Error__short_File_04.java	149
/home/swlab/Documents/swvul/java-vuln-detection/slicing/output/CPG/cwe197_cpg/cwe197-855-cpg-resolved.bin	tc855_flow3	CWE197_Numeric_Truncation_Error__short_File_04.java	161	CWE197_Numeric_Truncation_Error__short_File_04.java	172
/home/swlab/Documents/swvul/java-vuln-detection/slicing/output/CPG/cwe197_cpg/cwe197-856-cpg-resolved.bin	tc856_flow2	CWE197_Numeric_Truncation_Error__short_File_05.java	143	CWE197_Numeric_Truncation_Error__short_File_05.java	149
/home/swlab/Documents/swvul/java-vuln-detection/slicing/output/CPG/cwe197_cpg/cwe197-856-cpg-resolved.bin	tc856_flow3	CWE197_Numeric_Truncation_Error__short_File_05.java	161	CWE197_Numeric_Truncation_Error__short_File_05.java	172
/home/swlab/Documents/swvul/java-vuln-detection/slicing/output/CPG/cwe197_cpg/cwe197-857-cpg-resolved.bin	tc857_flow2	CWE197_Numeric_Truncation_Error__short_File_06.java	142	CWE197_Numeric_Truncation_Error__short_File_06.java	148
/home/swlab/Documents/swvul/java-vuln-detection/slicing/output/CPG/cwe197_cpg/cwe197-857-cpg-resolved.bin	tc857_flow3	CWE197_Numeric_Truncation_Error__short_File_06.java	160	CWE197_Numeric_Truncation_Error__short_File_06.java	171
/home/swlab/Documents/swvul/java-vuln-detection/slicing/output/CPG/cwe197_cpg/cwe197-858-cpg-resolved.bin	tc858_flow2	CWE197_Numeric_Truncation_Error__short_File_07.java	142	CWE197_Numeric_Truncation_Error__short_File_07.java	148
/home/swlab/Documents/swvul/java-vuln-detection/slicing/output/CPG/cwe197_cpg/cwe197-858-cpg-resolved.bin	tc858_flow3	CWE197_Numeric_Truncation_Error__short_File_07.java	160	CWE197_Numeric_Truncation_Error__short_File_07.java	171
/home/swlab/Documents/swvul/java-vuln-detection/slicing/output/CPG/cwe197_cpg/cwe197-859-cpg-resolved.bin	tc859_flow2	CWE197_Numeric_Truncation_Error__short_File_08.java	150	CWE197_Numeric_Truncation_Error__short_File_08.java	156
/home/swlab/Documents/swvul/java-vuln-detection/slicing/output/CPG/cwe197_cpg/cwe197-859-cpg-resolved.bin	tc859_flow3	CWE197_Numeric_Truncation_Error__short_File_08.java	168	CWE197_Numeric_Truncation_Error__short_File_08.java	179
/home/swlab/Documents/swvul/java-vuln-detection/slicing/output/CPG/cwe197_cpg/cwe197-860-cpg-resolved.bin	tc860_flow2	CWE197_Numeric_Truncation_Error__short_File_09.java	136	CWE197_Numeric_Truncation_Error__short_File_09.java	142
/home/swlab/Documents/swvul/java-vuln-detection/slicing/output/CPG/cwe197_cpg/cwe197-860-cpg-resolved.bin	tc860_flow3	CWE197_Numeric_Truncation_Error__short_File_09.java	154	CWE197_Numeric_Truncation_Error__short_File_09.java	165
/home/swlab/Documents/swvul/java-vuln-detection/slicing/output/CPG/cwe197_cpg/cwe197-861-cpg-resolved.bin	tc861_flow2	CWE197_Numeric_Truncation_Error__short_File_10.java	136	CWE197_Numeric_Truncation_Error__short_File_10.java	142
/home/swlab/Documents/swvul/java-vuln-detection/slicing/output/CPG/cwe197_cpg/cwe197-861-cpg-resolved.bin	tc861_flow3	CWE197_Numeric_Truncation_Error__short_File_10.java	154	CWE197_Numeric_Truncation_Error__short_File_10.java	165
/home/swlab/Documents/swvul/java-vuln-detection/slicing/output/CPG/cwe197_cpg/cwe197-862-cpg-resolved.bin	tc862_flow2	CWE197_Numeric_Truncation_Error__short_File_11.java	136	CWE197_Numeric_Truncation_Error__short_File_11.java	142
/home/swlab/Documents/swvul/java-vuln-detection/slicing/output/CPG/cwe197_cpg/cwe197-862-cpg-resolved.bin	tc862_flow3	CWE197_Numeric_Truncation_Error__short_File_11.java	154	CWE197_Numeric_Truncation_Error__short_File_11.java	165
/home/swlab/Documents/swvul/java-vuln-detection/slicing/output/CPG/cwe197_cpg/cwe197-863-cpg-resolved.bin	tc863_flow2	CWE197_Numeric_Truncation_Error__short_File_12.java	131	CWE197_Numeric_Truncation_Error__short_File_12.java	143
/home/swlab/Documents/swvul/java-vuln-detection/slicing/output/CPG/cwe197_cpg/cwe197-864-cpg-resolved.bin	tc864_flow2	CWE197_Numeric_Truncation_Error__short_File_13.java	136	CWE197_Numeric_Truncation_Error__short_File_13.java	142
/home/swlab/Documents/swvul/java-vuln-detection/slicing/output/CPG/cwe197_cpg/cwe197-864-cpg-resolved.bin	tc864_flow3	CWE197_Numeric_Truncation_Error__short_File_13.java	154	CWE197_Numeric_Truncation_Error__short_File_13.java	165
/home/swlab/Documents/swvul/java-vuln-detection/slicing/output/CPG/cwe197_cpg/cwe197-865-cpg-resolved.bin	tc865_flow2	CWE197_Numeric_Truncation_Error__short_File_14.java	136	CWE197_Numeric_Truncation_Error__short_File_14.java	142
/home/swlab/Documents/swvul/java-vuln-detection/slicing/output/CPG/cwe197_cpg/cwe197-865-cpg-resolved.bin	tc865_flow3	CWE197_Numeric_Truncation_Error__short_File_14.java	154	CWE197_Numeric_Truncation_Error__short_File_14.java	165
/home/swlab/Documents/swvul/java-vuln-detection/slicing/output/CPG/cwe197_cpg/cwe197-866-cpg-resolved.bin	tc866_flow2	CWE197_Numeric_Truncation_Error__short_File_15.java	138	CWE197_Numeric_Truncation_Error__short_File_15.java	144
/home/swlab/Documents/swvul/java-vuln-detection/slicing/output/CPG/cwe197_cpg/cwe197-866-cpg-resolved.bin	tc866_flow3	CWE197_Numeric_Truncation_Error__short_File_15.java	158	CWE197_Numeric_Truncation_Error__short_File_15.java	169
/home/swlab/Documents/swvul/java-vuln-detection/slicing/output/CPG/cwe197_cpg/cwe197-867-cpg-resolved.bin	tc867_flow2	CWE197_Numeric_Truncation_Error__short_File_16.java	126	CWE197_Numeric_Truncation_Error__short_File_16.java	132
/home/swlab/Documents/swvul/java-vuln-detection/slicing/output/CPG/cwe197_cpg/cwe197-868-cpg-resolved.bin	tc868_flow2	CWE197_Numeric_Truncation_Error__short_File_17.java	126	CWE197_Numeric_Truncation_Error__short_File_17.java	132
/home/swlab/Documents/swvul/java-vuln-detection/slicing/output/CPG/cwe197_cpg/cwe197-869-cpg-resolved.bin	tc869_flow2	CWE197_Numeric_Truncation_Error__short_File_21.java	175	CWE197_Numeric_Truncation_Error__short_File_21.java	156
/home/swlab/Documents/swvul/java-vuln-detection/slicing/output/CPG/cwe197_cpg/cwe197-869-cpg-resolved.bin	tc869_flow3	CWE197_Numeric_Truncation_Error__short_File_21.java	204	CWE197_Numeric_Truncation_Error__short_File_21.java	192
/home/swlab/Documents/swvul/java-vuln-detection/slicing/output/CPG/cwe197_cpg/cwe197-870-cpg-resolved.bin	tc870_flow2	CWE197_Numeric_Truncation_Error__short_File_22b.java	133	CWE197_Numeric_Truncation_Error__short_File_22a.java	61
/home/swlab/Documents/swvul/java-vuln-detection/slicing/output/CPG/cwe197_cpg/cwe197-870-cpg-resolved.bin	tc870_flow3	CWE197_Numeric_Truncation_Error__short_File_22b.java	148	CWE197_Numeric_Truncation_Error__short_File_22a.java	76
/home/swlab/Documents/swvul/java-vuln-detection/slicing/output/CPG/cwe197_cpg/cwe197-871-cpg-resolved.bin	tc871_flow2	CWE197_Numeric_Truncation_Error__short_File_31.java	139	CWE197_Numeric_Truncation_Error__short_File_31.java	148
/home/swlab/Documents/swvul/java-vuln-detection/slicing/output/CPG/cwe197_cpg/cwe197-872-cpg-resolved.bin	tc872_flow2	CWE197_Numeric_Truncation_Error__short_File_41.java	143	CWE197_Numeric_Truncation_Error__short_File_41.java	132
/home/swlab/Documents/swvul/java-vuln-detection/slicing/output/CPG/cwe197_cpg/cwe197-873-cpg-resolved.bin	tc873_flow2	CWE197_Numeric_Truncation_Error__short_File_42.java	129	CWE197_Numeric_Truncation_Error__short_File_42.java	141
/home/swlab/Documents/swvul/java-vuln-detection/slicing/output/CPG/cwe197_cpg/cwe197-874-cpg-resolved.bin	tc874_flow2	CWE197_Numeric_Truncation_Error__short_File_45.java	151	CWE197_Numeric_Truncation_Error__short_File_45.java	140
/home/swlab/Documents/swvul/java-vuln-detection/slicing/output/CPG/cwe197_cpg/cwe197-875-cpg-resolved.bin	tc875_flow2	CWE197_Numeric_Truncation_Error__short_File_51a.java	123	CWE197_Numeric_Truncation_Error__short_File_51b.java	37
/home/swlab/Documents/swvul/java-vuln-detection/slicing/output/CPG/cwe197_cpg/cwe197-876-cpg-resolved.bin	tc876_flow2	CWE197_Numeric_Truncation_Error__short_File_52a.java	124	CWE197_Numeric_Truncation_Error__short_File_52c.java	38
/home/swlab/Documents/swvul/java-vuln-detection/slicing/output/CPG/cwe197_cpg/cwe197-877-cpg-resolved.bin	tc877_flow2	CWE197_Numeric_Truncation_Error__short_File_53a.java	124	CWE197_Numeric_Truncation_Error__short_File_53d.java	38
/home/swlab/Documents/swvul/java-vuln-detection/slicing/output/CPG/cwe197_cpg/cwe197-878-cpg-resolved.bin	tc878_flow2	CWE197_Numeric_Truncation_Error__short_File_54a.java	124	CWE197_Numeric_Truncation_Error__short_File_54e.java	38
/home/swlab/Documents/swvul/java-vuln-detection/slicing/output/CPG/cwe197_cpg/cwe197-879-cpg-resolved.bin	tc879_flow2	CWE197_Numeric_Truncation_Error__short_File_61b.java	119	CWE197_Numeric_Truncation_Error__short_File_61a.java	45
/home/swlab/Documents/swvul/java-vuln-detection/slicing/output/CPG/cwe197_cpg/cwe197-880-cpg-resolved.bin	tc880_flow2	CWE197_Numeric_Truncation_Error__short_File_66a.java	126	CWE197_Numeric_Truncation_Error__short_File_66b.java	40
/home/swlab/Documents/swvul/java-vuln-detection/slicing/output/CPG/cwe197_cpg/cwe197-881-cpg-resolved.bin	tc881_flow2	CWE197_Numeric_Truncation_Error__short_File_67a.java	131	CWE197_Numeric_Truncation_Error__short_File_67b.java	40
/home/swlab/Documents/swvul/java-vuln-detection/slicing/output/CPG/cwe197_cpg/cwe197-882-cpg-resolved.bin	tc882_flow2	CWE197_Numeric_Truncation_Error__short_File_68a.java	123	CWE197_Numeric_Truncation_Error__short_File_68b.java	39
/home/swlab/Documents/swvul/java-vuln-detection/slicing/output/CPG/cwe197_cpg/cwe197-883-cpg-resolved.bin	tc883_flow2	CWE197_Numeric_Truncation_Error__short_File_71a.java	124	CWE197_Numeric_Truncation_Error__short_File_71b.java	40
/home/swlab/Documents/swvul/java-vuln-detection/slicing/output/CPG/cwe197_cpg/cwe197-884-cpg-resolved.bin	tc884_flow2	CWE197_Numeric_Truncation_Error__short_File_72a.java	129	CWE197_Numeric_Truncation_Error__short_File_72b.java	41
/home/swlab/Documents/swvul/java-vuln-detection/slicing/output/CPG/cwe197_cpg/cwe197-885-cpg-resolved.bin	tc885_flow2	CWE197_Numeric_Truncation_Error__short_File_73a.java	129	CWE197_Numeric_Truncation_Error__short_File_73b.java	41
/home/swlab/Documents/swvul/java-vuln-detection/slicing/output/CPG/cwe197_cpg/cwe197-886-cpg-resolved.bin	tc886_flow2	CWE197_Numeric_Truncation_Error__short_File_74a.java	129	CWE197_Numeric_Truncation_Error__short_File_74b.java	41
/home/swlab/Documents/swvul/java-vuln-detection/slicing/output/CPG/cwe197_cpg/cwe197-887-cpg-resolved.bin	tc887_flow2	CWE197_Numeric_Truncation_Error__short_File_75a.java	169	CWE197_Numeric_Truncation_Error__short_File_75b.java	96
/home/swlab/Documents/swvul/java-vuln-detection/slicing/output/CPG/cwe197_cpg/cwe197-888-cpg-resolved.bin	tc888_flow2	CWE197_Numeric_Truncation_Error__short_File_81a.java	125	CWE197_Numeric_Truncation_Error__short_File_81_goodG2B.java	27
/home/swlab/Documents/swvul/java-vuln-detection/slicing/output/CPG/cwe197_cpg/cwe197-889-cpg-resolved.bin	tc889_flow1	CWE197_Numeric_Truncation_Error__short_PropertiesFile_01.java	46	CWE197_Numeric_Truncation_Error__short_PropertiesFile_01.java	82
/home/swlab/Documents/swvul/java-vuln-detection/slicing/output/CPG/cwe197_cpg/cwe197-889-cpg-resolved.bin	tc889_flow2	CWE197_Numeric_Truncation_Error__short_PropertiesFile_01.java	98	CWE197_Numeric_Truncation_Error__short_PropertiesFile_01.java	102
/home/swlab/Documents/swvul/java-vuln-detection/slicing/output/CPG/cwe197_cpg/cwe197-890-cpg-resolved.bin	tc890_flow1	CWE197_Numeric_Truncation_Error__short_PropertiesFile_02.java	44	CWE197_Numeric_Truncation_Error__short_PropertiesFile_02.java	87
/home/swlab/Documents/swvul/java-vuln-detection/slicing/output/CPG/cwe197_cpg/cwe197-890-cpg-resolved.bin	tc890_flow2	CWE197_Numeric_Truncation_Error__short_PropertiesFile_02.java	106	CWE197_Numeric_Truncation_Error__short_PropertiesFile_02.java	112
/home/swlab/Documents/swvul/java-vuln-detection/slicing/output/CPG/cwe197_cpg/cwe197-890-cpg-resolved.bin	tc890_flow3	CWE197_Numeric_Truncation_Error__short_PropertiesFile_02.java	124	CWE197_Numeric_Truncation_Error__short_PropertiesFile_02.java	135
/home/swlab/Documents/swvul/java-vuln-detection/slicing/output/CPG/cwe197_cpg/cwe197-891-cpg-resolved.bin	tc891_flow1	CWE197_Numeric_Truncation_Error__short_PropertiesFile_03.java	44	CWE197_Numeric_Truncation_Error__short_PropertiesFile_03.java	87
/home/swlab/Documents/swvul/java-vuln-detection/slicing/output/CPG/cwe197_cpg/cwe197-891-cpg-resolved.bin	tc891_flow2	CWE197_Numeric_Truncation_Error__short_PropertiesFile_03.java	106	CWE197_Numeric_Truncation_Error__short_PropertiesFile_03.java	112
/home/swlab/Documents/swvul/java-vuln-detection/slicing/output/CPG/cwe197_cpg/cwe197-891-cpg-resolved.bin	tc891_flow3	CWE197_Numeric_Truncation_Error__short_PropertiesFile_03.java	124	CWE197_Numeric_Truncation_Error__short_PropertiesFile_03.java	135
/home/swlab/Documents/swvul/java-vuln-detection/slicing/output/CPG/cwe197_cpg/cwe197-892-cpg-resolved.bin	tc892_flow1	CWE197_Numeric_Truncation_Error__short_PropertiesFile_04.java	51	CWE197_Numeric_Truncation_Error__short_PropertiesFile_04.java	94
/home/swlab/Documents/swvul/java-vuln-detection/slicing/output/CPG/cwe197_cpg/cwe197-892-cpg-resolved.bin	tc892_flow2	CWE197_Numeric_Truncation_Error__short_PropertiesFile_04.java	113	CWE197_Numeric_Truncation_Error__short_PropertiesFile_04.java	119
/home/swlab/Documents/swvul/java-vuln-detection/slicing/output/CPG/cwe197_cpg/cwe197-892-cpg-resolved.bin	tc892_flow3	CWE197_Numeric_Truncation_Error__short_PropertiesFile_04.java	131	CWE197_Numeric_Truncation_Error__short_PropertiesFile_04.java	142
/home/swlab/Documents/swvul/java-vuln-detection/slicing/output/CPG/cwe197_cpg/cwe197-893-cpg-resolved.bin	tc893_flow1	CWE197_Numeric_Truncation_Error__short_PropertiesFile_05.java	51	CWE197_Numeric_Truncation_Error__short_PropertiesFile_05.java	94
/home/swlab/Documents/swvul/java-vuln-detection/slicing/output/CPG/cwe197_cpg/cwe197-893-cpg-resolved.bin	tc893_flow2	CWE197_Numeric_Truncation_Error__short_PropertiesFile_05.java	113	CWE197_Numeric_Truncation_Error__short_PropertiesFile_05.java	119
/home/swlab/Documents/swvul/java-vuln-detection/slicing/output/CPG/cwe197_cpg/cwe197-893-cpg-resolved.bin	tc893_flow3	CWE197_Numeric_Truncation_Error__short_PropertiesFile_05.java	131	CWE197_Numeric_Truncation_Error__short_PropertiesFile_05.java	142
/home/swlab/Documents/swvul/java-vuln-detection/slicing/output/CPG/cwe197_cpg/cwe197-894-cpg-resolved.bin	tc894_flow1	CWE197_Numeric_Truncation_Error__short_PropertiesFile_06.java	50	CWE197_Numeric_Truncation_Error__short_PropertiesFile_06.java	93
/home/swlab/Documents/swvul/java-vuln-detection/slicing/output/CPG/cwe197_cpg/cwe197-894-cpg-resolved.bin	tc894_flow2	CWE197_Numeric_Truncation_Error__short_PropertiesFile_06.java	112	CWE197_Numeric_Truncation_Error__short_PropertiesFile_06.java	118
/home/swlab/Documents/swvul/java-vuln-detection/slicing/output/CPG/cwe197_cpg/cwe197-894-cpg-resolved.bin	tc894_flow3	CWE197_Numeric_Truncation_Error__short_PropertiesFile_06.java	130	CWE197_Numeric_Truncation_Error__short_PropertiesFile_06.java	141
/home/swlab/Documents/swvul/java-vuln-detection/slicing/output/CPG/cwe197_cpg/cwe197-895-cpg-resolved.bin	tc895_flow1	CWE197_Numeric_Truncation_Error__short_PropertiesFile_07.java	50	CWE197_Numeric_Truncation_Error__short_PropertiesFile_07.java	93
/home/swlab/Documents/swvul/java-vuln-detection/slicing/output/CPG/cwe197_cpg/cwe197-895-cpg-resolved.bin	tc895_flow2	CWE197_Numeric_Truncation_Error__short_PropertiesFile_07.java	112	CWE197_Numeric_Truncation_Error__short_PropertiesFile_07.java	118
/home/swlab/Documents/swvul/java-vuln-detection/slicing/output/CPG/cwe197_cpg/cwe197-895-cpg-resolved.bin	tc895_flow3	CWE197_Numeric_Truncation_Error__short_PropertiesFile_07.java	130	CWE197_Numeric_Truncation_Error__short_PropertiesFile_07.java	141
/home/swlab/Documents/swvul/java-vuln-detection/slicing/output/CPG/cwe197_cpg/cwe197-896-cpg-resolved.bin	tc896_flow1	CWE197_Numeric_Truncation_Error__short_PropertiesFile_08.java	58	CWE197_Numeric_Truncation_Error__short_PropertiesFile_08.java	101
/home/swlab/Documents/swvul/java-vuln-detection/slicing/output/CPG/cwe197_cpg/cwe197-896-cpg-resolved.bin	tc896_flow2	CWE197_Numeric_Truncation_Error__short_PropertiesFile_08.java	120	CWE197_Numeric_Truncation_Error__short_PropertiesFile_08.java	126
/home/swlab/Documents/swvul/java-vuln-detection/slicing/output/CPG/cwe197_cpg/cwe197-896-cpg-resolved.bin	tc896_flow3	CWE197_Numeric_Truncation_Error__short_PropertiesFile_08.java	138	CWE197_Numeric_Truncation_Error__short_PropertiesFile_08.java	149
/home/swlab/Documents/swvul/java-vuln-detection/slicing/output/CPG/cwe197_cpg/cwe197-897-cpg-resolved.bin	tc897_flow1	CWE197_Numeric_Truncation_Error__short_PropertiesFile_09.java	44	CWE197_Numeric_Truncation_Error__short_PropertiesFile_09.java	87
/home/swlab/Documents/swvul/java-vuln-detection/slicing/output/CPG/cwe197_cpg/cwe197-897-cpg-resolved.bin	tc897_flow2	CWE197_Numeric_Truncation_Error__short_PropertiesFile_09.java	106	CWE197_Numeric_Truncation_Error__short_PropertiesFile_09.java	112
/home/swlab/Documents/swvul/java-vuln-detection/slicing/output/CPG/cwe197_cpg/cwe197-897-cpg-resolved.bin	tc897_flow3	CWE197_Numeric_Truncation_Error__short_PropertiesFile_09.java	124	CWE197_Numeric_Truncation_Error__short_PropertiesFile_09.java	135
/home/swlab/Documents/swvul/java-vuln-detection/slicing/output/CPG/cwe197_cpg/cwe197-898-cpg-resolved.bin	tc898_flow1	CWE197_Numeric_Truncation_Error__short_PropertiesFile_10.java	44	CWE197_Numeric_Truncation_Error__short_PropertiesFile_10.java	87
/home/swlab/Documents/swvul/java-vuln-detection/slicing/output/CPG/cwe197_cpg/cwe197-898-cpg-resolved.bin	tc898_flow2	CWE197_Numeric_Truncation_Error__short_PropertiesFile_10.java	106	CWE197_Numeric_Truncation_Error__short_PropertiesFile_10.java	112
/home/swlab/Documents/swvul/java-vuln-detection/slicing/output/CPG/cwe197_cpg/cwe197-898-cpg-resolved.bin	tc898_flow3	CWE197_Numeric_Truncation_Error__short_PropertiesFile_10.java	124	CWE197_Numeric_Truncation_Error__short_PropertiesFile_10.java	135
/home/swlab/Documents/swvul/java-vuln-detection/slicing/output/CPG/cwe197_cpg/cwe197-899-cpg-resolved.bin	tc899_flow1	CWE197_Numeric_Truncation_Error__short_PropertiesFile_11.java	44	CWE197_Numeric_Truncation_Error__short_PropertiesFile_11.java	87
/home/swlab/Documents/swvul/java-vuln-detection/slicing/output/CPG/cwe197_cpg/cwe197-899-cpg-resolved.bin	tc899_flow2	CWE197_Numeric_Truncation_Error__short_PropertiesFile_11.java	106	CWE197_Numeric_Truncation_Error__short_PropertiesFile_11.java	112
/home/swlab/Documents/swvul/java-vuln-detection/slicing/output/CPG/cwe197_cpg/cwe197-899-cpg-resolved.bin	tc899_flow3	CWE197_Numeric_Truncation_Error__short_PropertiesFile_11.java	124	CWE197_Numeric_Truncation_Error__short_PropertiesFile_11.java	135
/home/swlab/Documents/swvul/java-vuln-detection/slicing/output/CPG/cwe197_cpg/cwe197-900-cpg-resolved.bin	tc900_flow1	CWE197_Numeric_Truncation_Error__short_PropertiesFile_12.java	44	CWE197_Numeric_Truncation_Error__short_PropertiesFile_12.java	88
/home/swlab/Documents/swvul/java-vuln-detection/slicing/output/CPG/cwe197_cpg/cwe197-900-cpg-resolved.bin	tc900_flow2	CWE197_Numeric_Truncation_Error__short_PropertiesFile_12.java	101	CWE197_Numeric_Truncation_Error__short_PropertiesFile_12.java	113
/home/swlab/Documents/swvul/java-vuln-detection/slicing/output/CPG/cwe197_cpg/cwe197-901-cpg-resolved.bin	tc901_flow1	CWE197_Numeric_Truncation_Error__short_PropertiesFile_13.java	44	CWE197_Numeric_Truncation_Error__short_PropertiesFile_13.java	87
/home/swlab/Documents/swvul/java-vuln-detection/slicing/output/CPG/cwe197_cpg/cwe197-901-cpg-resolved.bin	tc901_flow2	CWE197_Numeric_Truncation_Error__short_PropertiesFile_13.java	106	CWE197_Numeric_Truncation_Error__short_PropertiesFile_13.java	112
/home/swlab/Documents/swvul/java-vuln-detection/slicing/output/CPG/cwe197_cpg/cwe197-901-cpg-resolved.bin	tc901_flow3	CWE197_Numeric_Truncation_Error__short_PropertiesFile_13.java	124	CWE197_Numeric_Truncation_Error__short_PropertiesFile_13.java	135
/home/swlab/Documents/swvul/java-vuln-detection/slicing/output/CPG/cwe197_cpg/cwe197-902-cpg-resolved.bin	tc902_flow1	CWE197_Numeric_Truncation_Error__short_PropertiesFile_14.java	44	CWE197_Numeric_Truncation_Error__short_PropertiesFile_14.java	87
/home/swlab/Documents/swvul/java-vuln-detection/slicing/output/CPG/cwe197_cpg/cwe197-902-cpg-resolved.bin	tc902_flow2	CWE197_Numeric_Truncation_Error__short_PropertiesFile_14.java	106	CWE197_Numeric_Truncation_Error__short_PropertiesFile_14.java	112
/home/swlab/Documents/swvul/java-vuln-detection/slicing/output/CPG/cwe197_cpg/cwe197-902-cpg-resolved.bin	tc902_flow3	CWE197_Numeric_Truncation_Error__short_PropertiesFile_14.java	124	CWE197_Numeric_Truncation_Error__short_PropertiesFile_14.java	135
/home/swlab/Documents/swvul/java-vuln-detection/slicing/output/CPG/cwe197_cpg/cwe197-903-cpg-resolved.bin	tc903_flow1	CWE197_Numeric_Truncation_Error__short_PropertiesFile_15.java	46	CWE197_Numeric_Truncation_Error__short_PropertiesFile_15.java	89
/home/swlab/Documents/swvul/java-vuln-detection/slicing/output/CPG/cwe197_cpg/cwe197-903-cpg-resolved.bin	tc903_flow2	CWE197_Numeric_Truncation_Error__short_PropertiesFile_15.java	108	CWE197_Numeric_Truncation_Error__short_PropertiesFile_15.java	114
/home/swlab/Documents/swvul/java-vuln-detection/slicing/output/CPG/cwe197_cpg/cwe197-903-cpg-resolved.bin	tc903_flow3	CWE197_Numeric_Truncation_Error__short_PropertiesFile_15.java	128	CWE197_Numeric_Truncation_Error__short_PropertiesFile_15.java	139
/home/swlab/Documents/swvul/java-vuln-detection/slicing/output/CPG/cwe197_cpg/cwe197-904-cpg-resolved.bin	tc904_flow1	CWE197_Numeric_Truncation_Error__short_PropertiesFile_16.java	45	CWE197_Numeric_Truncation_Error__short_PropertiesFile_16.java	83
/home/swlab/Documents/swvul/java-vuln-detection/slicing/output/CPG/cwe197_cpg/cwe197-904-cpg-resolved.bin	tc904_flow2	CWE197_Numeric_Truncation_Error__short_PropertiesFile_16.java	96	CWE197_Numeric_Truncation_Error__short_PropertiesFile_16.java	102
/home/swlab/Documents/swvul/java-vuln-detection/slicing/output/CPG/cwe197_cpg/cwe197-905-cpg-resolved.bin	tc905_flow1	CWE197_Numeric_Truncation_Error__short_PropertiesFile_17.java	46	CWE197_Numeric_Truncation_Error__short_PropertiesFile_17.java	84
/home/swlab/Documents/swvul/java-vuln-detection/slicing/output/CPG/cwe197_cpg/cwe197-905-cpg-resolved.bin	tc905_flow2	CWE197_Numeric_Truncation_Error__short_PropertiesFile_17.java	96	CWE197_Numeric_Truncation_Error__short_PropertiesFile_17.java	102
/home/swlab/Documents/swvul/java-vuln-detection/slicing/output/CPG/cwe197_cpg/cwe197-906-cpg-resolved.bin	tc906_flow1	CWE197_Numeric_Truncation_Error__short_PropertiesFile_21.java	62	CWE197_Numeric_Truncation_Error__short_PropertiesFile_21.java	41
/home/swlab/Documents/swvul/java-vuln-detection/slicing/output/CPG/cwe197_cpg/cwe197-906-cpg-resolved.bin	tc906_flow2	CWE197_Numeric_Truncation_Error__short_PropertiesFile_21.java	145	CWE197_Numeric_Truncation_Error__short_PropertiesFile_21.java	126
/home/swlab/Documents/swvul/java-vuln-detection/slicing/output/CPG/cwe197_cpg/cwe197-906-cpg-resolved.bin	tc906_flow3	CWE197_Numeric_Truncation_Error__short_PropertiesFile_21.java	174	CWE197_Numeric_Truncation_Error__short_PropertiesFile_21.java	162
/home/swlab/Documents/swvul/java-vuln-detection/slicing/output/CPG/cwe197_cpg/cwe197-907-cpg-resolved.bin	tc907_flow1	CWE197_Numeric_Truncation_Error__short_PropertiesFile_22b.java	45	CWE197_Numeric_Truncation_Error__short_PropertiesFile_22a.java	35
/home/swlab/Documents/swvul/java-vuln-detection/slicing/output/CPG/cwe197_cpg/cwe197-907-cpg-resolved.bin	tc907_flow2	CWE197_Numeric_Truncation_Error__short_PropertiesFile_22b.java	103	CWE197_Numeric_Truncation_Error__short_PropertiesFile_22a.java	61
/home/swlab/Documents/swvul/java-vuln-detection/slicing/output/CPG/cwe197_cpg/cwe197-907-cpg-resolved.bin	tc907_flow3	CWE197_Numeric_Truncation_Error__short_PropertiesFile_22b.java	118	CWE197_Numeric_Truncation_Error__short_PropertiesFile_22a.java	76
/home/swlab/Documents/swvul/java-vuln-detection/slicing/output/CPG/cwe197_cpg/cwe197-908-cpg-resolved.bin	tc908_flow1	CWE197_Numeric_Truncation_Error__short_PropertiesFile_31.java	49	CWE197_Numeric_Truncation_Error__short_PropertiesFile_31.java	90
/home/swlab/Documents/swvul/java-vuln-detection/slicing/output/CPG/cwe197_cpg/cwe197-908-cpg-resolved.bin	tc908_flow2	CWE197_Numeric_Truncation_Error__short_PropertiesFile_31.java	109	CWE197_Numeric_Truncation_Error__short_PropertiesFile_31.java	118
/home/swlab/Documents/swvul/java-vuln-detection/slicing/output/CPG/cwe197_cpg/cwe197-909-cpg-resolved.bin	tc909_flow1	CWE197_Numeric_Truncation_Error__short_PropertiesFile_41.java	55	CWE197_Numeric_Truncation_Error__short_PropertiesFile_41.java	33
/home/swlab/Documents/swvul/java-vuln-detection/slicing/output/CPG/cwe197_cpg/cwe197-909-cpg-resolved.bin	tc909_flow2	CWE197_Numeric_Truncation_Error__short_PropertiesFile_41.java	113	CWE197_Numeric_Truncation_Error__short_PropertiesFile_41.java	102
/home/swlab/Documents/swvul/java-vuln-detection/slicing/output/CPG/cwe197_cpg/cwe197-910-cpg-resolved.bin	tc910_flow1	CWE197_Numeric_Truncation_Error__short_PropertiesFile_42.java	45	CWE197_Numeric_Truncation_Error__short_PropertiesFile_42.java	89
/home/swlab/Documents/swvul/java-vuln-detection/slicing/output/CPG/cwe197_cpg/cwe197-910-cpg-resolved.bin	tc910_flow2	CWE197_Numeric_Truncation_Error__short_PropertiesFile_42.java	99	CWE197_Numeric_Truncation_Error__short_PropertiesFile_42.java	111
/home/swlab/Documents/swvul/java-vuln-detection/slicing/output/CPG/cwe197_cpg/cwe197-911-cpg-resolved.bin	tc911_flow1	CWE197_Numeric_Truncation_Error__short_PropertiesFile_45.java	61	CWE197_Numeric_Truncation_Error__short_PropertiesFile_45.java	38
/home/swlab/Documents/swvul/java-vuln-detection/slicing/output/CPG/cwe197_cpg/cwe197-911-cpg-resolved.bin	tc911_flow2	CWE197_Numeric_Truncation_Error__short_PropertiesFile_45.java	121	CWE197_Numeric_Truncation_Error__short_PropertiesFile_45.java	110
/home/swlab/Documents/swvul/java-vuln-detection/slicing/output/CPG/cwe197_cpg/cwe197-912-cpg-resolved.bin	tc912_flow1	CWE197_Numeric_Truncation_Error__short_PropertiesFile_51a.java	45	CWE197_Numeric_Truncation_Error__short_PropertiesFile_51b.java	26
/home/swlab/Documents/swvul/java-vuln-detection/slicing/output/CPG/cwe197_cpg/cwe197-912-cpg-resolved.bin	tc912_flow2	CWE197_Numeric_Truncation_Error__short_PropertiesFile_51a.java	93	CWE197_Numeric_Truncation_Error__short_PropertiesFile_51b.java	37
/home/swlab/Documents/swvul/java-vuln-detection/slicing/output/CPG/cwe197_cpg/cwe197-913-cpg-resolved.bin	tc913_flow1	CWE197_Numeric_Truncation_Error__short_PropertiesFile_52a.java	46	CWE197_Numeric_Truncation_Error__short_PropertiesFile_52c.java	27
/home/swlab/Documents/swvul/java-vuln-detection/slicing/output/CPG/cwe197_cpg/cwe197-913-cpg-resolved.bin	tc913_flow2	CWE197_Numeric_Truncation_Error__short_PropertiesFile_52a.java	94	CWE197_Numeric_Truncation_Error__short_PropertiesFile_52c.java	38
/home/swlab/Documents/swvul/java-vuln-detection/slicing/output/CPG/cwe197_cpg/cwe197-914-cpg-resolved.bin	tc914_flow1	CWE197_Numeric_Truncation_Error__short_PropertiesFile_53a.java	46	CWE197_Numeric_Truncation_Error__short_PropertiesFile_53d.java	27
/home/swlab/Documents/swvul/java-vuln-detection/slicing/output/CPG/cwe197_cpg/cwe197-914-cpg-resolved.bin	tc914_flow2	CWE197_Numeric_Truncation_Error__short_PropertiesFile_53a.java	94	CWE197_Numeric_Truncation_Error__short_PropertiesFile_53d.java	38
/home/swlab/Documents/swvul/java-vuln-detection/slicing/output/CPG/cwe197_cpg/cwe197-915-cpg-resolved.bin	tc915_flow1	CWE197_Numeric_Truncation_Error__short_PropertiesFile_54a.java	46	CWE197_Numeric_Truncation_Error__short_PropertiesFile_54e.java	27
/home/swlab/Documents/swvul/java-vuln-detection/slicing/output/CPG/cwe197_cpg/cwe197-915-cpg-resolved.bin	tc915_flow2	CWE197_Numeric_Truncation_Error__short_PropertiesFile_54a.java	94	CWE197_Numeric_Truncation_Error__short_PropertiesFile_54e.java	38
/home/swlab/Documents/swvul/java-vuln-detection/slicing/output/CPG/cwe197_cpg/cwe197-916-cpg-resolved.bin	tc916_flow1	CWE197_Numeric_Truncation_Error__short_PropertiesFile_61b.java	46	CWE197_Numeric_Truncation_Error__short_PropertiesFile_61a.java	28
/home/swlab/Documents/swvul/java-vuln-detection/slicing/output/CPG/cwe197_cpg/cwe197-916-cpg-resolved.bin	tc916_flow2	CWE197_Numeric_Truncation_Error__short_PropertiesFile_61b.java	89	CWE197_Numeric_Truncation_Error__short_PropertiesFile_61a.java	45
/home/swlab/Documents/swvul/java-vuln-detection/slicing/output/CPG/cwe197_cpg/cwe197-917-cpg-resolved.bin	tc917_flow1	CWE197_Numeric_Truncation_Error__short_PropertiesFile_66a.java	46	CWE197_Numeric_Truncation_Error__short_PropertiesFile_66b.java	28
/home/swlab/Documents/swvul/java-vuln-detection/slicing/output/CPG/cwe197_cpg/cwe197-917-cpg-resolved.bin	tc917_flow2	CWE197_Numeric_Truncation_Error__short_PropertiesFile_66a.java	96	CWE197_Numeric_Truncation_Error__short_PropertiesFile_66b.java	40
/home/swlab/Documents/swvul/java-vuln-detection/slicing/output/CPG/cwe197_cpg/cwe197-918-cpg-resolved.bin	tc918_flow1	CWE197_Numeric_Truncation_Error__short_PropertiesFile_67a.java	51	CWE197_Numeric_Truncation_Error__short_PropertiesFile_67b.java	28
/home/swlab/Documents/swvul/java-vuln-detection/slicing/output/CPG/cwe197_cpg/cwe197-918-cpg-resolved.bin	tc918_flow2	CWE197_Numeric_Truncation_Error__short_PropertiesFile_67a.java	101	CWE197_Numeric_Truncation_Error__short_PropertiesFile_67b.java	40
/home/swlab/Documents/swvul/java-vuln-detection/slicing/output/CPG/cwe197_cpg/cwe197-919-cpg-resolved.bin	tc919_flow1	CWE197_Numeric_Truncation_Error__short_PropertiesFile_68a.java	46	CWE197_Numeric_Truncation_Error__short_PropertiesFile_68b.java	27
/home/swlab/Documents/swvul/java-vuln-detection/slicing/output/CPG/cwe197_cpg/cwe197-919-cpg-resolved.bin	tc919_flow2	CWE197_Numeric_Truncation_Error__short_PropertiesFile_68a.java	93	CWE197_Numeric_Truncation_Error__short_PropertiesFile_68b.java	39
/home/swlab/Documents/swvul/java-vuln-detection/slicing/output/CPG/cwe197_cpg/cwe197-920-cpg-resolved.bin	tc920_flow1	CWE197_Numeric_Truncation_Error__short_PropertiesFile_71a.java	46	CWE197_Numeric_Truncation_Error__short_PropertiesFile_71b.java	28
/home/swlab/Documents/swvul/java-vuln-detection/slicing/output/CPG/cwe197_cpg/cwe197-920-cpg-resolved.bin	tc920_flow2	CWE197_Numeric_Truncation_Error__short_PropertiesFile_71a.java	94	CWE197_Numeric_Truncation_Error__short_PropertiesFile_71b.java	40
/home/swlab/Documents/swvul/java-vuln-detection/slicing/output/CPG/cwe197_cpg/cwe197-921-cpg-resolved.bin	tc921_flow1	CWE197_Numeric_Truncation_Error__short_PropertiesFile_72a.java	47	CWE197_Numeric_Truncation_Error__short_PropertiesFile_72b.java	29
/home/swlab/Documents/swvul/java-vuln-detection/slicing/output/CPG/cwe197_cpg/cwe197-921-cpg-resolved.bin	tc921_flow2	CWE197_Numeric_Truncation_Error__short_PropertiesFile_72a.java	99	CWE197_Numeric_Truncation_Error__short_PropertiesFile_72b.java	41
/home/swlab/Documents/swvul/java-vuln-detection/slicing/output/CPG/cwe197_cpg/cwe197-922-cpg-resolved.bin	tc922_flow1	CWE197_Numeric_Truncation_Error__short_PropertiesFile_73a.java	47	CWE197_Numeric_Truncation_Error__short_PropertiesFile_73b.java	29
/home/swlab/Documents/swvul/java-vuln-detection/slicing/output/CPG/cwe197_cpg/cwe197-922-cpg-resolved.bin	tc922_flow2	CWE197_Numeric_Truncation_Error__short_PropertiesFile_73a.java	99	CWE197_Numeric_Truncation_Error__short_PropertiesFile_73b.java	41
/home/swlab/Documents/swvul/java-vuln-detection/slicing/output/CPG/cwe197_cpg/cwe197-923-cpg-resolved.bin	tc923_flow1	CWE197_Numeric_Truncation_Error__short_PropertiesFile_74a.java	47	CWE197_Numeric_Truncation_Error__short_PropertiesFile_74b.java	29
/home/swlab/Documents/swvul/java-vuln-detection/slicing/output/CPG/cwe197_cpg/cwe197-923-cpg-resolved.bin	tc923_flow2	CWE197_Numeric_Truncation_Error__short_PropertiesFile_74a.java	99	CWE197_Numeric_Truncation_Error__short_PropertiesFile_74b.java	41
/home/swlab/Documents/swvul/java-vuln-detection/slicing/output/CPG/cwe197_cpg/cwe197-924-cpg-resolved.bin	tc924_flow1	CWE197_Numeric_Truncation_Error__short_PropertiesFile_75a.java	49	CWE197_Numeric_Truncation_Error__short_PropertiesFile_75b.java	40
/home/swlab/Documents/swvul/java-vuln-detection/slicing/output/CPG/cwe197_cpg/cwe197-924-cpg-resolved.bin	tc924_flow2	CWE197_Numeric_Truncation_Error__short_PropertiesFile_75a.java	139	CWE197_Numeric_Truncation_Error__short_PropertiesFile_75b.java	96
/home/swlab/Documents/swvul/java-vuln-detection/slicing/output/CPG/cwe197_cpg/cwe197-925-cpg-resolved.bin	tc925_flow1	CWE197_Numeric_Truncation_Error__short_PropertiesFile_81a.java	46	CWE197_Numeric_Truncation_Error__short_PropertiesFile_81_bad.java	27
/home/swlab/Documents/swvul/java-vuln-detection/slicing/output/CPG/cwe197_cpg/cwe197-925-cpg-resolved.bin	tc925_flow2	CWE197_Numeric_Truncation_Error__short_PropertiesFile_81a.java	95	CWE197_Numeric_Truncation_Error__short_PropertiesFile_81_goodG2B.java	27
/home/swlab/Documents/swvul/java-vuln-detection/slicing/output/CPG/cwe197_cpg/cwe197-926-cpg-resolved.bin	tc926_flow1	CWE197_Numeric_Truncation_Error__short_Property_01.java	32	CWE197_Numeric_Truncation_Error__short_Property_01.java	46
/home/swlab/Documents/swvul/java-vuln-detection/slicing/output/CPG/cwe197_cpg/cwe197-926-cpg-resolved.bin	tc926_flow2	CWE197_Numeric_Truncation_Error__short_Property_01.java	62	CWE197_Numeric_Truncation_Error__short_Property_01.java	66
/home/swlab/Documents/swvul/java-vuln-detection/slicing/output/CPG/cwe197_cpg/cwe197-927-cpg-resolved.bin	tc927_flow1	CWE197_Numeric_Truncation_Error__short_Property_02.java	32	CWE197_Numeric_Truncation_Error__short_Property_02.java	53
/home/swlab/Documents/swvul/java-vuln-detection/slicing/output/CPG/cwe197_cpg/cwe197-927-cpg-resolved.bin	tc927_flow2	CWE197_Numeric_Truncation_Error__short_Property_02.java	72	CWE197_Numeric_Truncation_Error__short_Property_02.java	78
/home/swlab/Documents/swvul/java-vuln-detection/slicing/output/CPG/cwe197_cpg/cwe197-927-cpg-resolved.bin	tc927_flow3	CWE197_Numeric_Truncation_Error__short_Property_02.java	90	CWE197_Numeric_Truncation_Error__short_Property_02.java	101
/home/swlab/Documents/swvul/java-vuln-detection/slicing/output/CPG/cwe197_cpg/cwe197-928-cpg-resolved.bin	tc928_flow1	CWE197_Numeric_Truncation_Error__short_Property_03.java	32	CWE197_Numeric_Truncation_Error__short_Property_03.java	53
/home/swlab/Documents/swvul/java-vuln-detection/slicing/output/CPG/cwe197_cpg/cwe197-928-cpg-resolved.bin	tc928_flow2	CWE197_Numeric_Truncation_Error__short_Property_03.java	72	CWE197_Numeric_Truncation_Error__short_Property_03.java	78
/home/swlab/Documents/swvul/java-vuln-detection/slicing/output/CPG/cwe197_cpg/cwe197-928-cpg-resolved.bin	tc928_flow3	CWE197_Numeric_Truncation_Error__short_Property_03.java	90	CWE197_Numeric_Truncation_Error__short_Property_03.java	101
/home/swlab/Documents/swvul/java-vuln-detection/slicing/output/CPG/cwe197_cpg/cwe197-929-cpg-resolved.bin	tc929_flow1	CWE197_Numeric_Truncation_Error__short_Property_04.java	39	CWE197_Numeric_Truncation_Error__short_Property_04.java	60
/home/swlab/Documents/swvul/java-vuln-detection/slicing/output/CPG/cwe197_cpg/cwe197-929-cpg-resolved.bin	tc929_flow2	CWE197_Numeric_Truncation_Error__short_Property_04.java	79	CWE197_Numeric_Truncation_Error__short_Property_04.java	85
/home/swlab/Documents/swvul/java-vuln-detection/slicing/output/CPG/cwe197_cpg/cwe197-929-cpg-resolved.bin	tc929_flow3	CWE197_Numeric_Truncation_Error__short_Property_04.java	97	CWE197_Numeric_Truncation_Error__short_Property_04.java	108
/home/swlab/Documents/swvul/java-vuln-detection/slicing/output/CPG/cwe197_cpg/cwe197-930-cpg-resolved.bin	tc930_flow1	CWE197_Numeric_Truncation_Error__short_Property_05.java	39	CWE197_Numeric_Truncation_Error__short_Property_05.java	60
/home/swlab/Documents/swvul/java-vuln-detection/slicing/output/CPG/cwe197_cpg/cwe197-930-cpg-resolved.bin	tc930_flow2	CWE197_Numeric_Truncation_Error__short_Property_05.java	79	CWE197_Numeric_Truncation_Error__short_Property_05.java	85
/home/swlab/Documents/swvul/java-vuln-detection/slicing/output/CPG/cwe197_cpg/cwe197-930-cpg-resolved.bin	tc930_flow3	CWE197_Numeric_Truncation_Error__short_Property_05.java	97	CWE197_Numeric_Truncation_Error__short_Property_05.java	108
/home/swlab/Documents/swvul/java-vuln-detection/slicing/output/CPG/cwe197_cpg/cwe197-931-cpg-resolved.bin	tc931_flow1	CWE197_Numeric_Truncation_Error__short_Property_06.java	38	CWE197_Numeric_Truncation_Error__short_Property_06.java	59
/home/swlab/Documents/swvul/java-vuln-detection/slicing/output/CPG/cwe197_cpg/cwe197-931-cpg-resolved.bin	tc931_flow2	CWE197_Numeric_Truncation_Error__short_Property_06.java	78	CWE197_Numeric_Truncation_Error__short_Property_06.java	84
/home/swlab/Documents/swvul/java-vuln-detection/slicing/output/CPG/cwe197_cpg/cwe197-931-cpg-resolved.bin	tc931_flow3	CWE197_Numeric_Truncation_Error__short_Property_06.java	96	CWE197_Numeric_Truncation_Error__short_Property_06.java	107
/home/swlab/Documents/swvul/java-vuln-detection/slicing/output/CPG/cwe197_cpg/cwe197-932-cpg-resolved.bin	tc932_flow1	CWE197_Numeric_Truncation_Error__short_Property_07.java	38	CWE197_Numeric_Truncation_Error__short_Property_07.java	59
/home/swlab/Documents/swvul/java-vuln-detection/slicing/output/CPG/cwe197_cpg/cwe197-932-cpg-resolved.bin	tc932_flow2	CWE197_Numeric_Truncation_Error__short_Property_07.java	78	CWE197_Numeric_Truncation_Error__short_Property_07.java	84
/home/swlab/Documents/swvul/java-vuln-detection/slicing/output/CPG/cwe197_cpg/cwe197-932-cpg-resolved.bin	tc932_flow3	CWE197_Numeric_Truncation_Error__short_Property_07.java	96	CWE197_Numeric_Truncation_Error__short_Property_07.java	107
/home/swlab/Documents/swvul/java-vuln-detection/slicing/output/CPG/cwe197_cpg/cwe197-933-cpg-resolved.bin	tc933_flow1	CWE197_Numeric_Truncation_Error__short_Property_08.java	46	CWE197_Numeric_Truncation_Error__short_Property_08.java	67
/home/swlab/Documents/swvul/java-vuln-detection/slicing/output/CPG/cwe197_cpg/cwe197-933-cpg-resolved.bin	tc933_flow2	CWE197_Numeric_Truncation_Error__short_Property_08.java	86	CWE197_Numeric_Truncation_Error__short_Property_08.java	92
/home/swlab/Documents/swvul/java-vuln-detection/slicing/output/CPG/cwe197_cpg/cwe197-933-cpg-resolved.bin	tc933_flow3	CWE197_Numeric_Truncation_Error__short_Property_08.java	104	CWE197_Numeric_Truncation_Error__short_Property_08.java	115
/home/swlab/Documents/swvul/java-vuln-detection/slicing/output/CPG/cwe197_cpg/cwe197-934-cpg-resolved.bin	tc934_flow1	CWE197_Numeric_Truncation_Error__short_Property_09.java	32	CWE197_Numeric_Truncation_Error__short_Property_09.java	53
/home/swlab/Documents/swvul/java-vuln-detection/slicing/output/CPG/cwe197_cpg/cwe197-934-cpg-resolved.bin	tc934_flow2	CWE197_Numeric_Truncation_Error__short_Property_09.java	72	CWE197_Numeric_Truncation_Error__short_Property_09.java	78
/home/swlab/Documents/swvul/java-vuln-detection/slicing/output/CPG/cwe197_cpg/cwe197-934-cpg-resolved.bin	tc934_flow3	CWE197_Numeric_Truncation_Error__short_Property_09.java	90	CWE197_Numeric_Truncation_Error__short_Property_09.java	101
/home/swlab/Documents/swvul/java-vuln-detection/slicing/output/CPG/cwe197_cpg/cwe197-935-cpg-resolved.bin	tc935_flow1	CWE197_Numeric_Truncation_Error__short_Property_10.java	32	CWE197_Numeric_Truncation_Error__short_Property_10.java	53
/home/swlab/Documents/swvul/java-vuln-detection/slicing/output/CPG/cwe197_cpg/cwe197-935-cpg-resolved.bin	tc935_flow2	CWE197_Numeric_Truncation_Error__short_Property_10.java	72	CWE197_Numeric_Truncation_Error__short_Property_10.java	78
/home/swlab/Documents/swvul/java-vuln-detection/slicing/output/CPG/cwe197_cpg/cwe197-935-cpg-resolved.bin	tc935_flow3	CWE197_Numeric_Truncation_Error__short_Property_10.java	90	CWE197_Numeric_Truncation_Error__short_Property_10.java	101
/home/swlab/Documents/swvul/java-vuln-detection/slicing/output/CPG/cwe197_cpg/cwe197-936-cpg-resolved.bin	tc936_flow1	CWE197_Numeric_Truncation_Error__short_Property_11.java	32	CWE197_Numeric_Truncation_Error__short_Property_11.java	53
/home/swlab/Documents/swvul/java-vuln-detection/slicing/output/CPG/cwe197_cpg/cwe197-936-cpg-resolved.bin	tc936_flow2	CWE197_Numeric_Truncation_Error__short_Property_11.java	72	CWE197_Numeric_Truncation_Error__short_Property_11.java	78
/home/swlab/Documents/swvul/java-vuln-detection/slicing/output/CPG/cwe197_cpg/cwe197-936-cpg-resolved.bin	tc936_flow3	CWE197_Numeric_Truncation_Error__short_Property_11.java	90	CWE197_Numeric_Truncation_Error__short_Property_11.java	101
/home/swlab/Documents/swvul/java-vuln-detection/slicing/output/CPG/cwe197_cpg/cwe197-937-cpg-resolved.bin	tc937_flow1	CWE197_Numeric_Truncation_Error__short_Property_12.java	32	CWE197_Numeric_Truncation_Error__short_Property_12.java	54
/home/swlab/Documents/swvul/java-vuln-detection/slicing/output/CPG/cwe197_cpg/cwe197-937-cpg-resolved.bin	tc937_flow2	CWE197_Numeric_Truncation_Error__short_Property_12.java	67	CWE197_Numeric_Truncation_Error__short_Property_12.java	79
/home/swlab/Documents/swvul/java-vuln-detection/slicing/output/CPG/cwe197_cpg/cwe197-938-cpg-resolved.bin	tc938_flow1	CWE197_Numeric_Truncation_Error__short_Property_13.java	32	CWE197_Numeric_Truncation_Error__short_Property_13.java	53
/home/swlab/Documents/swvul/java-vuln-detection/slicing/output/CPG/cwe197_cpg/cwe197-938-cpg-resolved.bin	tc938_flow2	CWE197_Numeric_Truncation_Error__short_Property_13.java	72	CWE197_Numeric_Truncation_Error__short_Property_13.java	78
/home/swlab/Documents/swvul/java-vuln-detection/slicing/output/CPG/cwe197_cpg/cwe197-938-cpg-resolved.bin	tc938_flow3	CWE197_Numeric_Truncation_Error__short_Property_13.java	90	CWE197_Numeric_Truncation_Error__short_Property_13.java	101
/home/swlab/Documents/swvul/java-vuln-detection/slicing/output/CPG/cwe197_cpg/cwe197-939-cpg-resolved.bin	tc939_flow1	CWE197_Numeric_Truncation_Error__short_Property_14.java	32	CWE197_Numeric_Truncation_Error__short_Property_14.java	53
/home/swlab/Documents/swvul/java-vuln-detection/slicing/output/CPG/cwe197_cpg/cwe197-939-cpg-resolved.bin	tc939_flow2	CWE197_Numeric_Truncation_Error__short_Property_14.java	72	CWE197_Numeric_Truncation_Error__short_Property_14.java	78
/home/swlab/Documents/swvul/java-vuln-detection/slicing/output/CPG/cwe197_cpg/cwe197-939-cpg-resolved.bin	tc939_flow3	CWE197_Numeric_Truncation_Error__short_Property_14.java	90	CWE197_Numeric_Truncation_Error__short_Property_14.java	101
/home/swlab/Documents/swvul/java-vuln-detection/slicing/output/CPG/cwe197_cpg/cwe197-940-cpg-resolved.bin	tc940_flow1	CWE197_Numeric_Truncation_Error__short_Property_15.java	34	CWE197_Numeric_Truncation_Error__short_Property_15.java	55
/home/swlab/Documents/swvul/java-vuln-detection/slicing/output/CPG/cwe197_cpg/cwe197-940-cpg-resolved.bin	tc940_flow2	CWE197_Numeric_Truncation_Error__short_Property_15.java	74	CWE197_Numeric_Truncation_Error__short_Property_15.java	80
/home/swlab/Documents/swvul/java-vuln-detection/slicing/output/CPG/cwe197_cpg/cwe197-940-cpg-resolved.bin	tc940_flow3	CWE197_Numeric_Truncation_Error__short_Property_15.java	94	CWE197_Numeric_Truncation_Error__short_Property_15.java	105
/home/swlab/Documents/swvul/java-vuln-detection/slicing/output/CPG/cwe197_cpg/cwe197-941-cpg-resolved.bin	tc941_flow1	CWE197_Numeric_Truncation_Error__short_Property_16.java	33	CWE197_Numeric_Truncation_Error__short_Property_16.java	49
/home/swlab/Documents/swvul/java-vuln-detection/slicing/output/CPG/cwe197_cpg/cwe197-941-cpg-resolved.bin	tc941_flow2	CWE197_Numeric_Truncation_Error__short_Property_16.java	62	CWE197_Numeric_Truncation_Error__short_Property_16.java	68
/home/swlab/Documents/swvul/java-vuln-detection/slicing/output/CPG/cwe197_cpg/cwe197-942-cpg-resolved.bin	tc942_flow1	CWE197_Numeric_Truncation_Error__short_Property_17.java	32	CWE197_Numeric_Truncation_Error__short_Property_17.java	48
/home/swlab/Documents/swvul/java-vuln-detection/slicing/output/CPG/cwe197_cpg/cwe197-942-cpg-resolved.bin	tc942_flow2	CWE197_Numeric_Truncation_Error__short_Property_17.java	60	CWE197_Numeric_Truncation_Error__short_Property_17.java	66
/home/swlab/Documents/swvul/java-vuln-detection/slicing/output/CPG/cwe197_cpg/cwe197-943-cpg-resolved.bin	tc943_flow1	CWE197_Numeric_Truncation_Error__short_Property_21.java	50	CWE197_Numeric_Truncation_Error__short_Property_21.java	36
/home/swlab/Documents/swvul/java-vuln-detection/slicing/output/CPG/cwe197_cpg/cwe197-943-cpg-resolved.bin	tc943_flow2	CWE197_Numeric_Truncation_Error__short_Property_21.java	111	CWE197_Numeric_Truncation_Error__short_Property_21.java	92
/home/swlab/Documents/swvul/java-vuln-detection/slicing/output/CPG/cwe197_cpg/cwe197-943-cpg-resolved.bin	tc943_flow3	CWE197_Numeric_Truncation_Error__short_Property_21.java	140	CWE197_Numeric_Truncation_Error__short_Property_21.java	128
/home/swlab/Documents/swvul/java-vuln-detection/slicing/output/CPG/cwe197_cpg/cwe197-944-cpg-resolved.bin	tc944_flow1	CWE197_Numeric_Truncation_Error__short_Property_22b.java	33	CWE197_Numeric_Truncation_Error__short_Property_22a.java	35
/home/swlab/Documents/swvul/java-vuln-detection/slicing/output/CPG/cwe197_cpg/cwe197-944-cpg-resolved.bin	tc944_flow2	CWE197_Numeric_Truncation_Error__short_Property_22b.java	69	CWE197_Numeric_Truncation_Error__short_Property_22a.java	61
/home/swlab/Documents/swvul/java-vuln-detection/slicing/output/CPG/cwe197_cpg/cwe197-944-cpg-resolved.bin	tc944_flow3	CWE197_Numeric_Truncation_Error__short_Property_22b.java	84	CWE197_Numeric_Truncation_Error__short_Property_22a.java	76
/home/swlab/Documents/swvul/java-vuln-detection/slicing/output/CPG/cwe197_cpg/cwe197-945-cpg-resolved.bin	tc945_flow1	CWE197_Numeric_Truncation_Error__short_Property_31.java	35	CWE197_Numeric_Truncation_Error__short_Property_31.java	54
/home/swlab/Documents/swvul/java-vuln-detection/slicing/output/CPG/cwe197_cpg/cwe197-945-cpg-resolved.bin	tc945_flow2	CWE197_Numeric_Truncation_Error__short_Property_31.java	73	CWE197_Numeric_Truncation_Error__short_Property_31.java	82
/home/swlab/Documents/swvul/java-vuln-detection/slicing/output/CPG/cwe197_cpg/cwe197-946-cpg-resolved.bin	tc946_flow1	CWE197_Numeric_Truncation_Error__short_Property_41.java	41	CWE197_Numeric_Truncation_Error__short_Property_41.java	28
/home/swlab/Documents/swvul/java-vuln-detection/slicing/output/CPG/cwe197_cpg/cwe197-946-cpg-resolved.bin	tc946_flow2	CWE197_Numeric_Truncation_Error__short_Property_41.java	77	CWE197_Numeric_Truncation_Error__short_Property_41.java	66
/home/swlab/Documents/swvul/java-vuln-detection/slicing/output/CPG/cwe197_cpg/cwe197-947-cpg-resolved.bin	tc947_flow1	CWE197_Numeric_Truncation_Error__short_Property_42.java	31	CWE197_Numeric_Truncation_Error__short_Property_42.java	53
/home/swlab/Documents/swvul/java-vuln-detection/slicing/output/CPG/cwe197_cpg/cwe197-947-cpg-resolved.bin	tc947_flow2	CWE197_Numeric_Truncation_Error__short_Property_42.java	63	CWE197_Numeric_Truncation_Error__short_Property_42.java	75
/home/swlab/Documents/swvul/java-vuln-detection/slicing/output/CPG/cwe197_cpg/cwe197-948-cpg-resolved.bin	tc948_flow1	CWE197_Numeric_Truncation_Error__short_Property_45.java	47	CWE197_Numeric_Truncation_Error__short_Property_45.java	33
/home/swlab/Documents/swvul/java-vuln-detection/slicing/output/CPG/cwe197_cpg/cwe197-948-cpg-resolved.bin	tc948_flow2	CWE197_Numeric_Truncation_Error__short_Property_45.java	85	CWE197_Numeric_Truncation_Error__short_Property_45.java	74
/home/swlab/Documents/swvul/java-vuln-detection/slicing/output/CPG/cwe197_cpg/cwe197-949-cpg-resolved.bin	tc949_flow1	CWE197_Numeric_Truncation_Error__short_Property_51a.java	31	CWE197_Numeric_Truncation_Error__short_Property_51b.java	26
/home/swlab/Documents/swvul/java-vuln-detection/slicing/output/CPG/cwe197_cpg/cwe197-949-cpg-resolved.bin	tc949_flow2	CWE197_Numeric_Truncation_Error__short_Property_51a.java	57	CWE197_Numeric_Truncation_Error__short_Property_51b.java	37
/home/swlab/Documents/swvul/java-vuln-detection/slicing/output/CPG/cwe197_cpg/cwe197-950-cpg-resolved.bin	tc950_flow1	CWE197_Numeric_Truncation_Error__short_Property_52a.java	32	CWE197_Numeric_Truncation_Error__short_Property_52c.java	27
/home/swlab/Documents/swvul/java-vuln-detection/slicing/output/CPG/cwe197_cpg/cwe197-950-cpg-resolved.bin	tc950_flow2	CWE197_Numeric_Truncation_Error__short_Property_52a.java	58	CWE197_Numeric_Truncation_Error__short_Property_52c.java	38
/home/swlab/Documents/swvul/java-vuln-detection/slicing/output/CPG/cwe197_cpg/cwe197-951-cpg-resolved.bin	tc951_flow1	CWE197_Numeric_Truncation_Error__short_Property_53a.java	32	CWE197_Numeric_Truncation_Error__short_Property_53d.java	27
/home/swlab/Documents/swvul/java-vuln-detection/slicing/output/CPG/cwe197_cpg/cwe197-951-cpg-resolved.bin	tc951_flow2	CWE197_Numeric_Truncation_Error__short_Property_53a.java	58	CWE197_Numeric_Truncation_Error__short_Property_53d.java	38
/home/swlab/Documents/swvul/java-vuln-detection/slicing/output/CPG/cwe197_cpg/cwe197-952-cpg-resolved.bin	tc952_flow1	CWE197_Numeric_Truncation_Error__short_Property_54a.java	32	CWE197_Numeric_Truncation_Error__short_Property_54e.java	27
/home/swlab/Documents/swvul/java-vuln-detection/slicing/output/CPG/cwe197_cpg/cwe197-952-cpg-resolved.bin	tc952_flow2	CWE197_Numeric_Truncation_Error__short_Property_54a.java	58	CWE197_Numeric_Truncation_Error__short_Property_54e.java	38
/home/swlab/Documents/swvul/java-vuln-detection/slicing/output/CPG/cwe197_cpg/cwe197-953-cpg-resolved.bin	tc953_flow1	CWE197_Numeric_Truncation_Error__short_Property_61b.java	32	CWE197_Numeric_Truncation_Error__short_Property_61a.java	28
/home/swlab/Documents/swvul/java-vuln-detection/slicing/output/CPG/cwe197_cpg/cwe197-953-cpg-resolved.bin	tc953_flow2	CWE197_Numeric_Truncation_Error__short_Property_61b.java	53	CWE197_Numeric_Truncation_Error__short_Property_61a.java	45
/home/swlab/Documents/swvul/java-vuln-detection/slicing/output/CPG/cwe197_cpg/cwe197-954-cpg-resolved.bin	tc954_flow1	CWE197_Numeric_Truncation_Error__short_Property_66a.java	32	CWE197_Numeric_Truncation_Error__short_Property_66b.java	28
/home/swlab/Documents/swvul/java-vuln-detection/slicing/output/CPG/cwe197_cpg/cwe197-954-cpg-resolved.bin	tc954_flow2	CWE197_Numeric_Truncation_Error__short_Property_66a.java	60	CWE197_Numeric_Truncation_Error__short_Property_66b.java	40
/home/swlab/Documents/swvul/java-vuln-detection/slicing/output/CPG/cwe197_cpg/cwe197-955-cpg-resolved.bin	tc955_flow1	CWE197_Numeric_Truncation_Error__short_Property_67a.java	37	CWE197_Numeric_Truncation_Error__short_Property_67b.java	28
/home/swlab/Documents/swvul/java-vuln-detection/slicing/output/CPG/cwe197_cpg/cwe197-955-cpg-resolved.bin	tc955_flow2	CWE197_Numeric_Truncation_Error__short_Property_67a.java	65	CWE197_Numeric_Truncation_Error__short_Property_67b.java	40
/home/swlab/Documents/swvul/java-vuln-detection/slicing/output/CPG/cwe197_cpg/cwe197-956-cpg-resolved.bin	tc956_flow1	CWE197_Numeric_Truncation_Error__short_Property_68a.java	32	CWE197_Numeric_Truncation_Error__short_Property_68b.java	27
/home/swlab/Documents/swvul/java-vuln-detection/slicing/output/CPG/cwe197_cpg/cwe197-956-cpg-resolved.bin	tc956_flow2	CWE197_Numeric_Truncation_Error__short_Property_68a.java	57	CWE197_Numeric_Truncation_Error__short_Property_68b.java	39
/home/swlab/Documents/swvul/java-vuln-detection/slicing/output/CPG/cwe197_cpg/cwe197-957-cpg-resolved.bin	tc957_flow1	CWE197_Numeric_Truncation_Error__short_Property_71a.java	32	CWE197_Numeric_Truncation_Error__short_Property_71b.java	28
/home/swlab/Documents/swvul/java-vuln-detection/slicing/output/CPG/cwe197_cpg/cwe197-957-cpg-resolved.bin	tc957_flow2	CWE197_Numeric_Truncation_Error__short_Property_71a.java	58	CWE197_Numeric_Truncation_Error__short_Property_71b.java	40
/home/swlab/Documents/swvul/java-vuln-detection/slicing/output/CPG/cwe197_cpg/cwe197-958-cpg-resolved.bin	tc958_flow1	CWE197_Numeric_Truncation_Error__short_Property_72a.java	33	CWE197_Numeric_Truncation_Error__short_Property_72b.java	29
/home/swlab/Documents/swvul/java-vuln-detection/slicing/output/CPG/cwe197_cpg/cwe197-958-cpg-resolved.bin	tc958_flow2	CWE197_Numeric_Truncation_Error__short_Property_72a.java	63	CWE197_Numeric_Truncation_Error__short_Property_72b.java	41
/home/swlab/Documents/swvul/java-vuln-detection/slicing/output/CPG/cwe197_cpg/cwe197-959-cpg-resolved.bin	tc959_flow1	CWE197_Numeric_Truncation_Error__short_Property_73a.java	33	CWE197_Numeric_Truncation_Error__short_Property_73b.java	29
/home/swlab/Documents/swvul/java-vuln-detection/slicing/output/CPG/cwe197_cpg/cwe197-959-cpg-resolved.bin	tc959_flow2	CWE197_Numeric_Truncation_Error__short_Property_73a.java	63	CWE197_Numeric_Truncation_Error__short_Property_73b.java	41
/home/swlab/Documents/swvul/java-vuln-detection/slicing/output/CPG/cwe197_cpg/cwe197-960-cpg-resolved.bin	tc960_flow1	CWE197_Numeric_Truncation_Error__short_Property_74a.java	33	CWE197_Numeric_Truncation_Error__short_Property_74b.java	29
/home/swlab/Documents/swvul/java-vuln-detection/slicing/output/CPG/cwe197_cpg/cwe197-960-cpg-resolved.bin	tc960_flow2	CWE197_Numeric_Truncation_Error__short_Property_74a.java	63	CWE197_Numeric_Truncation_Error__short_Property_74b.java	41
/home/swlab/Documents/swvul/java-vuln-detection/slicing/output/CPG/cwe197_cpg/cwe197-961-cpg-resolved.bin	tc961_flow1	CWE197_Numeric_Truncation_Error__short_Property_75a.java	36	CWE197_Numeric_Truncation_Error__short_Property_75b.java	40
/home/swlab/Documents/swvul/java-vuln-detection/slicing/output/CPG/cwe197_cpg/cwe197-961-cpg-resolved.bin	tc961_flow2	CWE197_Numeric_Truncation_Error__short_Property_75a.java	104	CWE197_Numeric_Truncation_Error__short_Property_75b.java	96
/home/swlab/Documents/swvul/java-vuln-detection/slicing/output/CPG/cwe197_cpg/cwe197-962-cpg-resolved.bin	tc962_flow1	CWE197_Numeric_Truncation_Error__short_Property_81a.java	32	CWE197_Numeric_Truncation_Error__short_Property_81_bad.java	27
/home/swlab/Documents/swvul/java-vuln-detection/slicing/output/CPG/cwe197_cpg/cwe197-962-cpg-resolved.bin	tc962_flow2	CWE197_Numeric_Truncation_Error__short_Property_81a.java	59	CWE197_Numeric_Truncation_Error__short_Property_81_goodG2B.java	27
/home/swlab/Documents/swvul/java-vuln-detection/slicing/output/CPG/cwe197_cpg/cwe197-963-cpg-resolved.bin	tc963_flow2	CWE197_Numeric_Truncation_Error__short_URLConnection_01.java	115	CWE197_Numeric_Truncation_Error__short_URLConnection_01.java	119
/home/swlab/Documents/swvul/java-vuln-detection/slicing/output/CPG/cwe197_cpg/cwe197-964-cpg-resolved.bin	tc964_flow2	CWE197_Numeric_Truncation_Error__short_URLConnection_02.java	122	CWE197_Numeric_Truncation_Error__short_URLConnection_02.java	128
/home/swlab/Documents/swvul/java-vuln-detection/slicing/output/CPG/cwe197_cpg/cwe197-964-cpg-resolved.bin	tc964_flow3	CWE197_Numeric_Truncation_Error__short_URLConnection_02.java	140	CWE197_Numeric_Truncation_Error__short_URLConnection_02.java	151
/home/swlab/Documents/swvul/java-vuln-detection/slicing/output/CPG/cwe197_cpg/cwe197-965-cpg-resolved.bin	tc965_flow2	CWE197_Numeric_Truncation_Error__short_URLConnection_03.java	122	CWE197_Numeric_Truncation_Error__short_URLConnection_03.java	128
/home/swlab/Documents/swvul/java-vuln-detection/slicing/output/CPG/cwe197_cpg/cwe197-965-cpg-resolved.bin	tc965_flow3	CWE197_Numeric_Truncation_Error__short_URLConnection_03.java	140	CWE197_Numeric_Truncation_Error__short_URLConnection_03.java	151
/home/swlab/Documents/swvul/java-vuln-detection/slicing/output/CPG/cwe197_cpg/cwe197-966-cpg-resolved.bin	tc966_flow2	CWE197_Numeric_Truncation_Error__short_URLConnection_04.java	129	CWE197_Numeric_Truncation_Error__short_URLConnection_04.java	135
/home/swlab/Documents/swvul/java-vuln-detection/slicing/output/CPG/cwe197_cpg/cwe197-966-cpg-resolved.bin	tc966_flow3	CWE197_Numeric_Truncation_Error__short_URLConnection_04.java	147	CWE197_Numeric_Truncation_Error__short_URLConnection_04.java	158
/home/swlab/Documents/swvul/java-vuln-detection/slicing/output/CPG/cwe197_cpg/cwe197-967-cpg-resolved.bin	tc967_flow2	CWE197_Numeric_Truncation_Error__short_URLConnection_05.java	129	CWE197_Numeric_Truncation_Error__short_URLConnection_05.java	135
/home/swlab/Documents/swvul/java-vuln-detection/slicing/output/CPG/cwe197_cpg/cwe197-967-cpg-resolved.bin	tc967_flow3	CWE197_Numeric_Truncation_Error__short_URLConnection_05.java	147	CWE197_Numeric_Truncation_Error__short_URLConnection_05.java	158
/home/swlab/Documents/swvul/java-vuln-detection/slicing/output/CPG/cwe197_cpg/cwe197-968-cpg-resolved.bin	tc968_flow2	CWE197_Numeric_Truncation_Error__short_URLConnection_06.java	128	CWE197_Numeric_Truncation_Error__short_URLConnection_06.java	134
/home/swlab/Documents/swvul/java-vuln-detection/slicing/output/CPG/cwe197_cpg/cwe197-968-cpg-resolved.bin	tc968_flow3	CWE197_Numeric_Truncation_Error__short_URLConnection_06.java	146	CWE197_Numeric_Truncation_Error__short_URLConnection_06.java	157
/home/swlab/Documents/swvul/java-vuln-detection/slicing/output/CPG/cwe197_cpg/cwe197-969-cpg-resolved.bin	tc969_flow2	CWE197_Numeric_Truncation_Error__short_URLConnection_07.java	128	CWE197_Numeric_Truncation_Error__short_URLConnection_07.java	134
/home/swlab/Documents/swvul/java-vuln-detection/slicing/output/CPG/cwe197_cpg/cwe197-969-cpg-resolved.bin	tc969_flow3	CWE197_Numeric_Truncation_Error__short_URLConnection_07.java	146	CWE197_Numeric_Truncation_Error__short_URLConnection_07.java	157
/home/swlab/Documents/swvul/java-vuln-detection/slicing/output/CPG/cwe197_cpg/cwe197-970-cpg-resolved.bin	tc970_flow2	CWE197_Numeric_Truncation_Error__short_URLConnection_08.java	136	CWE197_Numeric_Truncation_Error__short_URLConnection_08.java	142
/home/swlab/Documents/swvul/java-vuln-detection/slicing/output/CPG/cwe197_cpg/cwe197-970-cpg-resolved.bin	tc970_flow3	CWE197_Numeric_Truncation_Error__short_URLConnection_08.java	154	CWE197_Numeric_Truncation_Error__short_URLConnection_08.java	165
/home/swlab/Documents/swvul/java-vuln-detection/slicing/output/CPG/cwe197_cpg/cwe197-971-cpg-resolved.bin	tc971_flow2	CWE197_Numeric_Truncation_Error__short_URLConnection_09.java	122	CWE197_Numeric_Truncation_Error__short_URLConnection_09.java	128
/home/swlab/Documents/swvul/java-vuln-detection/slicing/output/CPG/cwe197_cpg/cwe197-971-cpg-resolved.bin	tc971_flow3	CWE197_Numeric_Truncation_Error__short_URLConnection_09.java	140	CWE197_Numeric_Truncation_Error__short_URLConnection_09.java	151
/home/swlab/Documents/swvul/java-vuln-detection/slicing/output/CPG/cwe197_cpg/cwe197-972-cpg-resolved.bin	tc972_flow2	CWE197_Numeric_Truncation_Error__short_URLConnection_10.java	122	CWE197_Numeric_Truncation_Error__short_URLConnection_10.java	128
/home/swlab/Documents/swvul/java-vuln-detection/slicing/output/CPG/cwe197_cpg/cwe197-972-cpg-resolved.bin	tc972_flow3	CWE197_Numeric_Truncation_Error__short_URLConnection_10.java	140	CWE197_Numeric_Truncation_Error__short_URLConnection_10.java	151
/home/swlab/Documents/swvul/java-vuln-detection/slicing/output/CPG/cwe197_cpg/cwe197-973-cpg-resolved.bin	tc973_flow2	CWE197_Numeric_Truncation_Error__short_URLConnection_11.java	122	CWE197_Numeric_Truncation_Error__short_URLConnection_11.java	128
/home/swlab/Documents/swvul/java-vuln-detection/slicing/output/CPG/cwe197_cpg/cwe197-973-cpg-resolved.bin	tc973_flow3	CWE197_Numeric_Truncation_Error__short_URLConnection_11.java	140	CWE197_Numeric_Truncation_Error__short_URLConnection_11.java	151
/home/swlab/Documents/swvul/java-vuln-detection/slicing/output/CPG/cwe197_cpg/cwe197-974-cpg-resolved.bin	tc974_flow2	CWE197_Numeric_Truncation_Error__short_URLConnection_12.java	117	CWE197_Numeric_Truncation_Error__short_URLConnection_12.java	129
/home/swlab/Documents/swvul/java-vuln-detection/slicing/output/CPG/cwe197_cpg/cwe197-975-cpg-resolved.bin	tc975_flow2	CWE197_Numeric_Truncation_Error__short_URLConnection_13.java	122	CWE197_Numeric_Truncation_Error__short_URLConnection_13.java	128
/home/swlab/Documents/swvul/java-vuln-detection/slicing/output/CPG/cwe197_cpg/cwe197-975-cpg-resolved.bin	tc975_flow3	CWE197_Numeric_Truncation_Error__short_URLConnection_13.java	140	CWE197_Numeric_Truncation_Error__short_URLConnection_13.java	151
/home/swlab/Documents/swvul/java-vuln-detection/slicing/output/CPG/cwe197_cpg/cwe197-976-cpg-resolved.bin	tc976_flow2	CWE197_Numeric_Truncation_Error__short_URLConnection_14.java	122	CWE197_Numeric_Truncation_Error__short_URLConnection_14.java	128
/home/swlab/Documents/swvul/java-vuln-detection/slicing/output/CPG/cwe197_cpg/cwe197-976-cpg-resolved.bin	tc976_flow3	CWE197_Numeric_Truncation_Error__short_URLConnection_14.java	140	CWE197_Numeric_Truncation_Error__short_URLConnection_14.java	151
/home/swlab/Documents/swvul/java-vuln-detection/slicing/output/CPG/cwe197_cpg/cwe197-977-cpg-resolved.bin	tc977_flow2	CWE197_Numeric_Truncation_Error__short_URLConnection_15.java	124	CWE197_Numeric_Truncation_Error__short_URLConnection_15.java	130
/home/swlab/Documents/swvul/java-vuln-detection/slicing/output/CPG/cwe197_cpg/cwe197-977-cpg-resolved.bin	tc977_flow3	CWE197_Numeric_Truncation_Error__short_URLConnection_15.java	144	CWE197_Numeric_Truncation_Error__short_URLConnection_15.java	155
/home/swlab/Documents/swvul/java-vuln-detection/slicing/output/CPG/cwe197_cpg/cwe197-978-cpg-resolved.bin	tc978_flow2	CWE197_Numeric_Truncation_Error__short_URLConnection_16.java	112	CWE197_Numeric_Truncation_Error__short_URLConnection_16.java	118
/home/swlab/Documents/swvul/java-vuln-detection/slicing/output/CPG/cwe197_cpg/cwe197-979-cpg-resolved.bin	tc979_flow2	CWE197_Numeric_Truncation_Error__short_URLConnection_17.java	113	CWE197_Numeric_Truncation_Error__short_URLConnection_17.java	119
/home/swlab/Documents/swvul/java-vuln-detection/slicing/output/CPG/cwe197_cpg/cwe197-980-cpg-resolved.bin	tc980_flow2	CWE197_Numeric_Truncation_Error__short_URLConnection_21.java	161	CWE197_Numeric_Truncation_Error__short_URLConnection_21.java	142
/home/swlab/Documents/swvul/java-vuln-detection/slicing/output/CPG/cwe197_cpg/cwe197-980-cpg-resolved.bin	tc980_flow3	CWE197_Numeric_Truncation_Error__short_URLConnection_21.java	190	CWE197_Numeric_Truncation_Error__short_URLConnection_21.java	178
/home/swlab/Documents/swvul/java-vuln-detection/slicing/output/CPG/cwe197_cpg/cwe197-981-cpg-resolved.bin	tc981_flow2	CWE197_Numeric_Truncation_Error__short_URLConnection_22b.java	119	CWE197_Numeric_Truncation_Error__short_URLConnection_22a.java	61
/home/swlab/Documents/swvul/java-vuln-detection/slicing/output/CPG/cwe197_cpg/cwe197-981-cpg-resolved.bin	tc981_flow3	CWE197_Numeric_Truncation_Error__short_URLConnection_22b.java	134	CWE197_Numeric_Truncation_Error__short_URLConnection_22a.java	76
/home/swlab/Documents/swvul/java-vuln-detection/slicing/output/CPG/cwe197_cpg/cwe197-982-cpg-resolved.bin	tc982_flow2	CWE197_Numeric_Truncation_Error__short_URLConnection_31.java	126	CWE197_Numeric_Truncation_Error__short_URLConnection_31.java	135
/home/swlab/Documents/swvul/java-vuln-detection/slicing/output/CPG/cwe197_cpg/cwe197-983-cpg-resolved.bin	tc983_flow2	CWE197_Numeric_Truncation_Error__short_URLConnection_41.java	130	CWE197_Numeric_Truncation_Error__short_URLConnection_41.java	119
/home/swlab/Documents/swvul/java-vuln-detection/slicing/output/CPG/cwe197_cpg/cwe197-984-cpg-resolved.bin	tc984_flow2	CWE197_Numeric_Truncation_Error__short_URLConnection_42.java	116	CWE197_Numeric_Truncation_Error__short_URLConnection_42.java	128
/home/swlab/Documents/swvul/java-vuln-detection/slicing/output/CPG/cwe197_cpg/cwe197-985-cpg-resolved.bin	tc985_flow2	CWE197_Numeric_Truncation_Error__short_URLConnection_45.java	138	CWE197_Numeric_Truncation_Error__short_URLConnection_45.java	127
/home/swlab/Documents/swvul/java-vuln-detection/slicing/output/CPG/cwe197_cpg/cwe197-986-cpg-resolved.bin	tc986_flow2	CWE197_Numeric_Truncation_Error__short_URLConnection_51a.java	110	CWE197_Numeric_Truncation_Error__short_URLConnection_51b.java	37
/home/swlab/Documents/swvul/java-vuln-detection/slicing/output/CPG/cwe197_cpg/cwe197-987-cpg-resolved.bin	tc987_flow2	CWE197_Numeric_Truncation_Error__short_URLConnection_52a.java	111	CWE197_Numeric_Truncation_Error__short_URLConnection_52c.java	38
/home/swlab/Documents/swvul/java-vuln-detection/slicing/output/CPG/cwe197_cpg/cwe197-988-cpg-resolved.bin	tc988_flow2	CWE197_Numeric_Truncation_Error__short_URLConnection_53a.java	111	CWE197_Numeric_Truncation_Error__short_URLConnection_53d.java	38
/home/swlab/Documents/swvul/java-vuln-detection/slicing/output/CPG/cwe197_cpg/cwe197-989-cpg-resolved.bin	tc989_flow2	CWE197_Numeric_Truncation_Error__short_URLConnection_54a.java	111	CWE197_Numeric_Truncation_Error__short_URLConnection_54e.java	38
/home/swlab/Documents/swvul/java-vuln-detection/slicing/output/CPG/cwe197_cpg/cwe197-990-cpg-resolved.bin	tc990_flow2	CWE197_Numeric_Truncation_Error__short_URLConnection_61b.java	106	CWE197_Numeric_Truncation_Error__short_URLConnection_61a.java	45
/home/swlab/Documents/swvul/java-vuln-detection/slicing/output/CPG/cwe197_cpg/cwe197-991-cpg-resolved.bin	tc991_flow2	CWE197_Numeric_Truncation_Error__short_URLConnection_66a.java	113	CWE197_Numeric_Truncation_Error__short_URLConnection_66b.java	40
/home/swlab/Documents/swvul/java-vuln-detection/slicing/output/CPG/cwe197_cpg/cwe197-992-cpg-resolved.bin	tc992_flow2	CWE197_Numeric_Truncation_Error__short_URLConnection_67a.java	118	CWE197_Numeric_Truncation_Error__short_URLConnection_67b.java	40
/home/swlab/Documents/swvul/java-vuln-detection/slicing/output/CPG/cwe197_cpg/cwe197-993-cpg-resolved.bin	tc993_flow2	CWE197_Numeric_Truncation_Error__short_URLConnection_68a.java	110	CWE197_Numeric_Truncation_Error__short_URLConnection_68b.java	39
/home/swlab/Documents/swvul/java-vuln-detection/slicing/output/CPG/cwe197_cpg/cwe197-994-cpg-resolved.bin	tc994_flow2	CWE197_Numeric_Truncation_Error__short_URLConnection_71a.java	111	CWE197_Numeric_Truncation_Error__short_URLConnection_71b.java	40
/home/swlab/Documents/swvul/java-vuln-detection/slicing/output/CPG/cwe197_cpg/cwe197-995-cpg-resolved.bin	tc995_flow2	CWE197_Numeric_Truncation_Error__short_URLConnection_72a.java	116	CWE197_Numeric_Truncation_Error__short_URLConnection_72b.java	41
/home/swlab/Documents/swvul/java-vuln-detection/slicing/output/CPG/cwe197_cpg/cwe197-996-cpg-resolved.bin	tc996_flow2	CWE197_Numeric_Truncation_Error__short_URLConnection_73a.java	116	CWE197_Numeric_Truncation_Error__short_URLConnection_73b.java	41
/home/swlab/Documents/swvul/java-vuln-detection/slicing/output/CPG/cwe197_cpg/cwe197-997-cpg-resolved.bin	tc997_flow2	CWE197_Numeric_Truncation_Error__short_URLConnection_74a.java	116	CWE197_Numeric_Truncation_Error__short_URLConnection_74b.java	41
/home/swlab/Documents/swvul/java-vuln-detection/slicing/output/CPG/cwe197_cpg/cwe197-998-cpg-resolved.bin	tc998_flow2	CWE197_Numeric_Truncation_Error__short_URLConnection_75a.java	156	CWE197_Numeric_Truncation_Error__short_URLConnection_75b.java	96
/home/swlab/Documents/swvul/java-vuln-detection/slicing/output/CPG/cwe197_cpg/cwe197-999-cpg-resolved.bin	tc999_flow2	CWE197_Numeric_Truncation_Error__short_URLConnection_81a.java	112	CWE197_Numeric_Truncation_Error__short_URLConnection_81_goodG2B.java	27
/home/swlab/Documents/swvul/java-vuln-detection/slicing/output/CPG/cwe197_cpg/cwe197-1000-cpg-resolved.bin	tc1000_flow1	CWE197_Numeric_Truncation_Error__short_connect_tcp_01.java	52	CWE197_Numeric_Truncation_Error__short_connect_tcp_01.java	113
/home/swlab/Documents/swvul/java-vuln-detection/slicing/output/CPG/cwe197_cpg/cwe197-1000-cpg-resolved.bin	tc1000_flow2	CWE197_Numeric_Truncation_Error__short_connect_tcp_01.java	129	CWE197_Numeric_Truncation_Error__short_connect_tcp_01.java	133
/home/swlab/Documents/swvul/java-vuln-detection/slicing/output/CPG/cwe197_cpg/cwe197-1001-cpg-resolved.bin	tc1001_flow1	CWE197_Numeric_Truncation_Error__short_connect_tcp_02.java	48	CWE197_Numeric_Truncation_Error__short_connect_tcp_02.java	116
/home/swlab/Documents/swvul/java-vuln-detection/slicing/output/CPG/cwe197_cpg/cwe197-1001-cpg-resolved.bin	tc1001_flow2	CWE197_Numeric_Truncation_Error__short_connect_tcp_02.java	135	CWE197_Numeric_Truncation_Error__short_connect_tcp_02.java	141
/home/swlab/Documents/swvul/java-vuln-detection/slicing/output/CPG/cwe197_cpg/cwe197-1001-cpg-resolved.bin	tc1001_flow3	CWE197_Numeric_Truncation_Error__short_connect_tcp_02.java	153	CWE197_Numeric_Truncation_Error__short_connect_tcp_02.java	164
/home/swlab/Documents/swvul/java-vuln-detection/slicing/output/CPG/cwe197_cpg/cwe197-1002-cpg-resolved.bin	tc1002_flow1	CWE197_Numeric_Truncation_Error__short_connect_tcp_03.java	48	CWE197_Numeric_Truncation_Error__short_connect_tcp_03.java	116
/home/swlab/Documents/swvul/java-vuln-detection/slicing/output/CPG/cwe197_cpg/cwe197-1002-cpg-resolved.bin	tc1002_flow2	CWE197_Numeric_Truncation_Error__short_connect_tcp_03.java	135	CWE197_Numeric_Truncation_Error__short_connect_tcp_03.java	141
/home/swlab/Documents/swvul/java-vuln-detection/slicing/output/CPG/cwe197_cpg/cwe197-1002-cpg-resolved.bin	tc1002_flow3	CWE197_Numeric_Truncation_Error__short_connect_tcp_03.java	153	CWE197_Numeric_Truncation_Error__short_connect_tcp_03.java	164
/home/swlab/Documents/swvul/java-vuln-detection/slicing/output/CPG/cwe197_cpg/cwe197-1003-cpg-resolved.bin	tc1003_flow1	CWE197_Numeric_Truncation_Error__short_connect_tcp_04.java	55	CWE197_Numeric_Truncation_Error__short_connect_tcp_04.java	123
/home/swlab/Documents/swvul/java-vuln-detection/slicing/output/CPG/cwe197_cpg/cwe197-1003-cpg-resolved.bin	tc1003_flow2	CWE197_Numeric_Truncation_Error__short_connect_tcp_04.java	142	CWE197_Numeric_Truncation_Error__short_connect_tcp_04.java	148
/home/swlab/Documents/swvul/java-vuln-detection/slicing/output/CPG/cwe197_cpg/cwe197-1003-cpg-resolved.bin	tc1003_flow3	CWE197_Numeric_Truncation_Error__short_connect_tcp_04.java	160	CWE197_Numeric_Truncation_Error__short_connect_tcp_04.java	171
/home/swlab/Documents/swvul/java-vuln-detection/slicing/output/CPG/cwe197_cpg/cwe197-1004-cpg-resolved.bin	tc1004_flow1	CWE197_Numeric_Truncation_Error__short_connect_tcp_05.java	55	CWE197_Numeric_Truncation_Error__short_connect_tcp_05.java	123
/home/swlab/Documents/swvul/java-vuln-detection/slicing/output/CPG/cwe197_cpg/cwe197-1004-cpg-resolved.bin	tc1004_flow2	CWE197_Numeric_Truncation_Error__short_connect_tcp_05.java	142	CWE197_Numeric_Truncation_Error__short_connect_tcp_05.java	148
/home/swlab/Documents/swvul/java-vuln-detection/slicing/output/CPG/cwe197_cpg/cwe197-1004-cpg-resolved.bin	tc1004_flow3	CWE197_Numeric_Truncation_Error__short_connect_tcp_05.java	160	CWE197_Numeric_Truncation_Error__short_connect_tcp_05.java	171
/home/swlab/Documents/swvul/java-vuln-detection/slicing/output/CPG/cwe197_cpg/cwe197-1005-cpg-resolved.bin	tc1005_flow1	CWE197_Numeric_Truncation_Error__short_connect_tcp_06.java	54	CWE197_Numeric_Truncation_Error__short_connect_tcp_06.java	122
/home/swlab/Documents/swvul/java-vuln-detection/slicing/output/CPG/cwe197_cpg/cwe197-1005-cpg-resolved.bin	tc1005_flow2	CWE197_Numeric_Truncation_Error__short_connect_tcp_06.java	141	CWE197_Numeric_Truncation_Error__short_connect_tcp_06.java	147
/home/swlab/Documents/swvul/java-vuln-detection/slicing/output/CPG/cwe197_cpg/cwe197-1005-cpg-resolved.bin	tc1005_flow3	CWE197_Numeric_Truncation_Error__short_connect_tcp_06.java	159	CWE197_Numeric_Truncation_Error__short_connect_tcp_06.java	170
/home/swlab/Documents/swvul/java-vuln-detection/slicing/output/CPG/cwe197_cpg/cwe197-1006-cpg-resolved.bin	tc1006_flow1	CWE197_Numeric_Truncation_Error__short_connect_tcp_07.java	54	CWE197_Numeric_Truncation_Error__short_connect_tcp_07.java	122
/home/swlab/Documents/swvul/java-vuln-detection/slicing/output/CPG/cwe197_cpg/cwe197-1006-cpg-resolved.bin	tc1006_flow2	CWE197_Numeric_Truncation_Error__short_connect_tcp_07.java	141	CWE197_Numeric_Truncation_Error__short_connect_tcp_07.java	147
/home/swlab/Documents/swvul/java-vuln-detection/slicing/output/CPG/cwe197_cpg/cwe197-1006-cpg-resolved.bin	tc1006_flow3	CWE197_Numeric_Truncation_Error__short_connect_tcp_07.java	159	CWE197_Numeric_Truncation_Error__short_connect_tcp_07.java	170
/home/swlab/Documents/swvul/java-vuln-detection/slicing/output/CPG/cwe197_cpg/cwe197-1007-cpg-resolved.bin	tc1007_flow1	CWE197_Numeric_Truncation_Error__short_connect_tcp_08.java	62	CWE197_Numeric_Truncation_Error__short_connect_tcp_08.java	130
/home/swlab/Documents/swvul/java-vuln-detection/slicing/output/CPG/cwe197_cpg/cwe197-1007-cpg-resolved.bin	tc1007_flow2	CWE197_Numeric_Truncation_Error__short_connect_tcp_08.java	149	CWE197_Numeric_Truncation_Error__short_connect_tcp_08.java	155
/home/swlab/Documents/swvul/java-vuln-detection/slicing/output/CPG/cwe197_cpg/cwe197-1007-cpg-resolved.bin	tc1007_flow3	CWE197_Numeric_Truncation_Error__short_connect_tcp_08.java	167	CWE197_Numeric_Truncation_Error__short_connect_tcp_08.java	178
/home/swlab/Documents/swvul/java-vuln-detection/slicing/output/CPG/cwe197_cpg/cwe197-1008-cpg-resolved.bin	tc1008_flow1	CWE197_Numeric_Truncation_Error__short_connect_tcp_09.java	48	CWE197_Numeric_Truncation_Error__short_connect_tcp_09.java	116
/home/swlab/Documents/swvul/java-vuln-detection/slicing/output/CPG/cwe197_cpg/cwe197-1008-cpg-resolved.bin	tc1008_flow2	CWE197_Numeric_Truncation_Error__short_connect_tcp_09.java	135	CWE197_Numeric_Truncation_Error__short_connect_tcp_09.java	141
/home/swlab/Documents/swvul/java-vuln-detection/slicing/output/CPG/cwe197_cpg/cwe197-1008-cpg-resolved.bin	tc1008_flow3	CWE197_Numeric_Truncation_Error__short_connect_tcp_09.java	153	CWE197_Numeric_Truncation_Error__short_connect_tcp_09.java	164
/home/swlab/Documents/swvul/java-vuln-detection/slicing/output/CPG/cwe197_cpg/cwe197-1009-cpg-resolved.bin	tc1009_flow1	CWE197_Numeric_Truncation_Error__short_connect_tcp_10.java	48	CWE197_Numeric_Truncation_Error__short_connect_tcp_10.java	116
/home/swlab/Documents/swvul/java-vuln-detection/slicing/output/CPG/cwe197_cpg/cwe197-1009-cpg-resolved.bin	tc1009_flow2	CWE197_Numeric_Truncation_Error__short_connect_tcp_10.java	135	CWE197_Numeric_Truncation_Error__short_connect_tcp_10.java	141
/home/swlab/Documents/swvul/java-vuln-detection/slicing/output/CPG/cwe197_cpg/cwe197-1009-cpg-resolved.bin	tc1009_flow3	CWE197_Numeric_Truncation_Error__short_connect_tcp_10.java	153	CWE197_Numeric_Truncation_Error__short_connect_tcp_10.java	164
/home/swlab/Documents/swvul/java-vuln-detection/slicing/output/CPG/cwe197_cpg/cwe197-1010-cpg-resolved.bin	tc1010_flow1	CWE197_Numeric_Truncation_Error__short_connect_tcp_11.java	48	CWE197_Numeric_Truncation_Error__short_connect_tcp_11.java	116
/home/swlab/Documents/swvul/java-vuln-detection/slicing/output/CPG/cwe197_cpg/cwe197-1010-cpg-resolved.bin	tc1010_flow2	CWE197_Numeric_Truncation_Error__short_connect_tcp_11.java	135	CWE197_Numeric_Truncation_Error__short_connect_tcp_11.java	141
/home/swlab/Documents/swvul/java-vuln-detection/slicing/output/CPG/cwe197_cpg/cwe197-1010-cpg-resolved.bin	tc1010_flow3	CWE197_Numeric_Truncation_Error__short_connect_tcp_11.java	153	CWE197_Numeric_Truncation_Error__short_connect_tcp_11.java	164
/home/swlab/Documents/swvul/java-vuln-detection/slicing/output/CPG/cwe197_cpg/cwe197-1011-cpg-resolved.bin	tc1011_flow1	CWE197_Numeric_Truncation_Error__short_connect_tcp_12.java	48	CWE197_Numeric_Truncation_Error__short_connect_tcp_12.java	117
/home/swlab/Documents/swvul/java-vuln-detection/slicing/output/CPG/cwe197_cpg/cwe197-1011-cpg-resolved.bin	tc1011_flow2	CWE197_Numeric_Truncation_Error__short_connect_tcp_12.java	130	CWE197_Numeric_Truncation_Error__short_connect_tcp_12.java	142
/home/swlab/Documents/swvul/java-vuln-detection/slicing/output/CPG/cwe197_cpg/cwe197-1012-cpg-resolved.bin	tc1012_flow1	CWE197_Numeric_Truncation_Error__short_connect_tcp_13.java	48	CWE197_Numeric_Truncation_Error__short_connect_tcp_13.java	116
/home/swlab/Documents/swvul/java-vuln-detection/slicing/output/CPG/cwe197_cpg/cwe197-1012-cpg-resolved.bin	tc1012_flow2	CWE197_Numeric_Truncation_Error__short_connect_tcp_13.java	135	CWE197_Numeric_Truncation_Error__short_connect_tcp_13.java	141
/home/swlab/Documents/swvul/java-vuln-detection/slicing/output/CPG/cwe197_cpg/cwe197-1012-cpg-resolved.bin	tc1012_flow3	CWE197_Numeric_Truncation_Error__short_connect_tcp_13.java	153	CWE197_Numeric_Truncation_Error__short_connect_tcp_13.java	164
/home/swlab/Documents/swvul/java-vuln-detection/slicing/output/CPG/cwe197_cpg/cwe197-1013-cpg-resolved.bin	tc1013_flow1	CWE197_Numeric_Truncation_Error__short_connect_tcp_14.java	48	CWE197_Numeric_Truncation_Error__short_connect_tcp_14.java	116
/home/swlab/Documents/swvul/java-vuln-detection/slicing/output/CPG/cwe197_cpg/cwe197-1013-cpg-resolved.bin	tc1013_flow2	CWE197_Numeric_Truncation_Error__short_connect_tcp_14.java	135	CWE197_Numeric_Truncation_Error__short_connect_tcp_14.java	141
/home/swlab/Documents/swvul/java-vuln-detection/slicing/output/CPG/cwe197_cpg/cwe197-1013-cpg-resolved.bin	tc1013_flow3	CWE197_Numeric_Truncation_Error__short_connect_tcp_14.java	153	CWE197_Numeric_Truncation_Error__short_connect_tcp_14.java	164
/home/swlab/Documents/swvul/java-vuln-detection/slicing/output/CPG/cwe197_cpg/cwe197-1014-cpg-resolved.bin	tc1014_flow1	CWE197_Numeric_Truncation_Error__short_connect_tcp_15.java	50	CWE197_Numeric_Truncation_Error__short_connect_tcp_15.java	118
/home/swlab/Documents/swvul/java-vuln-detection/slicing/output/CPG/cwe197_cpg/cwe197-1014-cpg-resolved.bin	tc1014_flow2	CWE197_Numeric_Truncation_Error__short_connect_tcp_15.java	137	CWE197_Numeric_Truncation_Error__short_connect_tcp_15.java	143
/home/swlab/Documents/swvul/java-vuln-detection/slicing/output/CPG/cwe197_cpg/cwe197-1014-cpg-resolved.bin	tc1014_flow3	CWE197_Numeric_Truncation_Error__short_connect_tcp_15.java	157	CWE197_Numeric_Truncation_Error__short_connect_tcp_15.java	168
/home/swlab/Documents/swvul/java-vuln-detection/slicing/output/CPG/cwe197_cpg/cwe197-1015-cpg-resolved.bin	tc1015_flow1	CWE197_Numeric_Truncation_Error__short_connect_tcp_16.java	49	CWE197_Numeric_Truncation_Error__short_connect_tcp_16.java	112
/home/swlab/Documents/swvul/java-vuln-detection/slicing/output/CPG/cwe197_cpg/cwe197-1015-cpg-resolved.bin	tc1015_flow2	CWE197_Numeric_Truncation_Error__short_connect_tcp_16.java	125	CWE197_Numeric_Truncation_Error__short_connect_tcp_16.java	131
/home/swlab/Documents/swvul/java-vuln-detection/slicing/output/CPG/cwe197_cpg/cwe197-1016-cpg-resolved.bin	tc1016_flow1	CWE197_Numeric_Truncation_Error__short_connect_tcp_17.java	52	CWE197_Numeric_Truncation_Error__short_connect_tcp_17.java	115
/home/swlab/Documents/swvul/java-vuln-detection/slicing/output/CPG/cwe197_cpg/cwe197-1016-cpg-resolved.bin	tc1016_flow2	CWE197_Numeric_Truncation_Error__short_connect_tcp_17.java	127	CWE197_Numeric_Truncation_Error__short_connect_tcp_17.java	133
/home/swlab/Documents/swvul/java-vuln-detection/slicing/output/CPG/cwe197_cpg/cwe197-1017-cpg-resolved.bin	tc1017_flow1	CWE197_Numeric_Truncation_Error__short_connect_tcp_21.java	66	CWE197_Numeric_Truncation_Error__short_connect_tcp_21.java	41
/home/swlab/Documents/swvul/java-vuln-detection/slicing/output/CPG/cwe197_cpg/cwe197-1017-cpg-resolved.bin	tc1017_flow2	CWE197_Numeric_Truncation_Error__short_connect_tcp_21.java	174	CWE197_Numeric_Truncation_Error__short_connect_tcp_21.java	155
/home/swlab/Documents/swvul/java-vuln-detection/slicing/output/CPG/cwe197_cpg/cwe197-1017-cpg-resolved.bin	tc1017_flow3	CWE197_Numeric_Truncation_Error__short_connect_tcp_21.java	203	CWE197_Numeric_Truncation_Error__short_connect_tcp_21.java	191
/home/swlab/Documents/swvul/java-vuln-detection/slicing/output/CPG/cwe197_cpg/cwe197-1018-cpg-resolved.bin	tc1018_flow1	CWE197_Numeric_Truncation_Error__short_connect_tcp_22b.java	49	CWE197_Numeric_Truncation_Error__short_connect_tcp_22a.java	35
/home/swlab/Documents/swvul/java-vuln-detection/slicing/output/CPG/cwe197_cpg/cwe197-1018-cpg-resolved.bin	tc1018_flow2	CWE197_Numeric_Truncation_Error__short_connect_tcp_22b.java	132	CWE197_Numeric_Truncation_Error__short_connect_tcp_22a.java	61
/home/swlab/Documents/swvul/java-vuln-detection/slicing/output/CPG/cwe197_cpg/cwe197-1018-cpg-resolved.bin	tc1018_flow3	CWE197_Numeric_Truncation_Error__short_connect_tcp_22b.java	147	CWE197_Numeric_Truncation_Error__short_connect_tcp_22a.java	76
/home/swlab/Documents/swvul/java-vuln-detection/slicing/output/CPG/cwe197_cpg/cwe197-1019-cpg-resolved.bin	tc1019_flow1	CWE197_Numeric_Truncation_Error__short_connect_tcp_31.java	55	CWE197_Numeric_Truncation_Error__short_connect_tcp_31.java	121
/home/swlab/Documents/swvul/java-vuln-detection/slicing/output/CPG/cwe197_cpg/cwe197-1019-cpg-resolved.bin	tc1019_flow2	CWE197_Numeric_Truncation_Error__short_connect_tcp_31.java	140	CWE197_Numeric_Truncation_Error__short_connect_tcp_31.java	149
/home/swlab/Documents/swvul/java-vuln-detection/slicing/output/CPG/cwe197_cpg/cwe197-1020-cpg-resolved.bin	tc1020_flow1	CWE197_Numeric_Truncation_Error__short_connect_tcp_41.java	61	CWE197_Numeric_Truncation_Error__short_connect_tcp_41.java	33
/home/swlab/Documents/swvul/java-vuln-detection/slicing/output/CPG/cwe197_cpg/cwe197-1020-cpg-resolved.bin	tc1020_flow2	CWE197_Numeric_Truncation_Error__short_connect_tcp_41.java	144	CWE197_Numeric_Truncation_Error__short_connect_tcp_41.java	133
/home/swlab/Documents/swvul/java-vuln-detection/slicing/output/CPG/cwe197_cpg/cwe197-1021-cpg-resolved.bin	tc1021_flow1	CWE197_Numeric_Truncation_Error__short_connect_tcp_42.java	51	CWE197_Numeric_Truncation_Error__short_connect_tcp_42.java	120
/home/swlab/Documents/swvul/java-vuln-detection/slicing/output/CPG/cwe197_cpg/cwe197-1021-cpg-resolved.bin	tc1021_flow2	CWE197_Numeric_Truncation_Error__short_connect_tcp_42.java	130	CWE197_Numeric_Truncation_Error__short_connect_tcp_42.java	142
/home/swlab/Documents/swvul/java-vuln-detection/slicing/output/CPG/cwe197_cpg/cwe197-1022-cpg-resolved.bin	tc1022_flow1	CWE197_Numeric_Truncation_Error__short_connect_tcp_45.java	67	CWE197_Numeric_Truncation_Error__short_connect_tcp_45.java	38
/home/swlab/Documents/swvul/java-vuln-detection/slicing/output/CPG/cwe197_cpg/cwe197-1022-cpg-resolved.bin	tc1022_flow2	CWE197_Numeric_Truncation_Error__short_connect_tcp_45.java	152	CWE197_Numeric_Truncation_Error__short_connect_tcp_45.java	141
/home/swlab/Documents/swvul/java-vuln-detection/slicing/output/CPG/cwe197_cpg/cwe197-1023-cpg-resolved.bin	tc1023_flow1	CWE197_Numeric_Truncation_Error__short_connect_tcp_51a.java	51	CWE197_Numeric_Truncation_Error__short_connect_tcp_51b.java	26
/home/swlab/Documents/swvul/java-vuln-detection/slicing/output/CPG/cwe197_cpg/cwe197-1023-cpg-resolved.bin	tc1023_flow2	CWE197_Numeric_Truncation_Error__short_connect_tcp_51a.java	124	CWE197_Numeric_Truncation_Error__short_connect_tcp_51b.java	37
/home/swlab/Documents/swvul/java-vuln-detection/slicing/output/CPG/cwe197_cpg/cwe197-1024-cpg-resolved.bin	tc1024_flow1	CWE197_Numeric_Truncation_Error__short_connect_tcp_52a.java	52	CWE197_Numeric_Truncation_Error__short_connect_tcp_52c.java	27
/home/swlab/Documents/swvul/java-vuln-detection/slicing/output/CPG/cwe197_cpg/cwe197-1024-cpg-resolved.bin	tc1024_flow2	CWE197_Numeric_Truncation_Error__short_connect_tcp_52a.java	125	CWE197_Numeric_Truncation_Error__short_connect_tcp_52c.java	38
/home/swlab/Documents/swvul/java-vuln-detection/slicing/output/CPG/cwe197_cpg/cwe197-1025-cpg-resolved.bin	tc1025_flow1	CWE197_Numeric_Truncation_Error__short_connect_tcp_53a.java	52	CWE197_Numeric_Truncation_Error__short_connect_tcp_53d.java	27
/home/swlab/Documents/swvul/java-vuln-detection/slicing/output/CPG/cwe197_cpg/cwe197-1025-cpg-resolved.bin	tc1025_flow2	CWE197_Numeric_Truncation_Error__short_connect_tcp_53a.java	125	CWE197_Numeric_Truncation_Error__short_connect_tcp_53d.java	38
/home/swlab/Documents/swvul/java-vuln-detection/slicing/output/CPG/cwe197_cpg/cwe197-1026-cpg-resolved.bin	tc1026_flow1	CWE197_Numeric_Truncation_Error__short_connect_tcp_54a.java	52	CWE197_Numeric_Truncation_Error__short_connect_tcp_54e.java	27
/home/swlab/Documents/swvul/java-vuln-detection/slicing/output/CPG/cwe197_cpg/cwe197-1026-cpg-resolved.bin	tc1026_flow2	CWE197_Numeric_Truncation_Error__short_connect_tcp_54a.java	125	CWE197_Numeric_Truncation_Error__short_connect_tcp_54e.java	38
/home/swlab/Documents/swvul/java-vuln-detection/slicing/output/CPG/cwe197_cpg/cwe197-1027-cpg-resolved.bin	tc1027_flow1	CWE197_Numeric_Truncation_Error__short_connect_tcp_61b.java	52	CWE197_Numeric_Truncation_Error__short_connect_tcp_61a.java	28
/home/swlab/Documents/swvul/java-vuln-detection/slicing/output/CPG/cwe197_cpg/cwe197-1027-cpg-resolved.bin	tc1027_flow2	CWE197_Numeric_Truncation_Error__short_connect_tcp_61b.java	120	CWE197_Numeric_Truncation_Error__short_connect_tcp_61a.java	45
/home/swlab/Documents/swvul/java-vuln-detection/slicing/output/CPG/cwe197_cpg/cwe197-1028-cpg-resolved.bin	tc1028_flow1	CWE197_Numeric_Truncation_Error__short_connect_tcp_66a.java	52	CWE197_Numeric_Truncation_Error__short_connect_tcp_66b.java	28
/home/swlab/Documents/swvul/java-vuln-detection/slicing/output/CPG/cwe197_cpg/cwe197-1028-cpg-resolved.bin	tc1028_flow2	CWE197_Numeric_Truncation_Error__short_connect_tcp_66a.java	127	CWE197_Numeric_Truncation_Error__short_connect_tcp_66b.java	40
/home/swlab/Documents/swvul/java-vuln-detection/slicing/output/CPG/cwe197_cpg/cwe197-1029-cpg-resolved.bin	tc1029_flow1	CWE197_Numeric_Truncation_Error__short_connect_tcp_67a.java	57	CWE197_Numeric_Truncation_Error__short_connect_tcp_67b.java	28
/home/swlab/Documents/swvul/java-vuln-detection/slicing/output/CPG/cwe197_cpg/cwe197-1029-cpg-resolved.bin	tc1029_flow2	CWE197_Numeric_Truncation_Error__short_connect_tcp_67a.java	132	CWE197_Numeric_Truncation_Error__short_connect_tcp_67b.java	40
/home/swlab/Documents/swvul/java-vuln-detection/slicing/output/CPG/cwe197_cpg/cwe197-1030-cpg-resolved.bin	tc1030_flow1	CWE197_Numeric_Truncation_Error__short_connect_tcp_68a.java	52	CWE197_Numeric_Truncation_Error__short_connect_tcp_68b.java	27
/home/swlab/Documents/swvul/java-vuln-detection/slicing/output/CPG/cwe197_cpg/cwe197-1030-cpg-resolved.bin	tc1030_flow2	CWE197_Numeric_Truncation_Error__short_connect_tcp_68a.java	124	CWE197_Numeric_Truncation_Error__short_connect_tcp_68b.java	39
/home/swlab/Documents/swvul/java-vuln-detection/slicing/output/CPG/cwe197_cpg/cwe197-1031-cpg-resolved.bin	tc1031_flow1	CWE197_Numeric_Truncation_Error__short_connect_tcp_71a.java	52	CWE197_Numeric_Truncation_Error__short_connect_tcp_71b.java	28
/home/swlab/Documents/swvul/java-vuln-detection/slicing/output/CPG/cwe197_cpg/cwe197-1031-cpg-resolved.bin	tc1031_flow2	CWE197_Numeric_Truncation_Error__short_connect_tcp_71a.java	125	CWE197_Numeric_Truncation_Error__short_connect_tcp_71b.java	40
/home/swlab/Documents/swvul/java-vuln-detection/slicing/output/CPG/cwe197_cpg/cwe197-1032-cpg-resolved.bin	tc1032_flow1	CWE197_Numeric_Truncation_Error__short_connect_tcp_72a.java	53	CWE197_Numeric_Truncation_Error__short_connect_tcp_72b.java	29
/home/swlab/Documents/swvul/java-vuln-detection/slicing/output/CPG/cwe197_cpg/cwe197-1032-cpg-resolved.bin	tc1032_flow2	CWE197_Numeric_Truncation_Error__short_connect_tcp_72a.java	130	CWE197_Numeric_Truncation_Error__short_connect_tcp_72b.java	41
/home/swlab/Documents/swvul/java-vuln-detection/slicing/output/CPG/cwe197_cpg/cwe197-1033-cpg-resolved.bin	tc1033_flow1	CWE197_Numeric_Truncation_Error__short_connect_tcp_73a.java	53	CWE197_Numeric_Truncation_Error__short_connect_tcp_73b.java	29
/home/swlab/Documents/swvul/java-vuln-detection/slicing/output/CPG/cwe197_cpg/cwe197-1033-cpg-resolved.bin	tc1033_flow2	CWE197_Numeric_Truncation_Error__short_connect_tcp_73a.java	130	CWE197_Numeric_Truncation_Error__short_connect_tcp_73b.java	41
/home/swlab/Documents/swvul/java-vuln-detection/slicing/output/CPG/cwe197_cpg/cwe197-1034-cpg-resolved.bin	tc1034_flow1	CWE197_Numeric_Truncation_Error__short_connect_tcp_74a.java	53	CWE197_Numeric_Truncation_Error__short_connect_tcp_74b.java	29
/home/swlab/Documents/swvul/java-vuln-detection/slicing/output/CPG/cwe197_cpg/cwe197-1034-cpg-resolved.bin	tc1034_flow2	CWE197_Numeric_Truncation_Error__short_connect_tcp_74a.java	130	CWE197_Numeric_Truncation_Error__short_connect_tcp_74b.java	41
/home/swlab/Documents/swvul/java-vuln-detection/slicing/output/CPG/cwe197_cpg/cwe197-1035-cpg-resolved.bin	tc1035_flow1	CWE197_Numeric_Truncation_Error__short_connect_tcp_75a.java	55	CWE197_Numeric_Truncation_Error__short_connect_tcp_75b.java	40
/home/swlab/Documents/swvul/java-vuln-detection/slicing/output/CPG/cwe197_cpg/cwe197-1035-cpg-resolved.bin	tc1035_flow2	CWE197_Numeric_Truncation_Error__short_connect_tcp_75a.java	170	CWE197_Numeric_Truncation_Error__short_connect_tcp_75b.java	96
/home/swlab/Documents/swvul/java-vuln-detection/slicing/output/CPG/cwe197_cpg/cwe197-1036-cpg-resolved.bin	tc1036_flow1	CWE197_Numeric_Truncation_Error__short_connect_tcp_81a.java	52	CWE197_Numeric_Truncation_Error__short_connect_tcp_81_bad.java	27
/home/swlab/Documents/swvul/java-vuln-detection/slicing/output/CPG/cwe197_cpg/cwe197-1036-cpg-resolved.bin	tc1036_flow2	CWE197_Numeric_Truncation_Error__short_connect_tcp_81a.java	126	CWE197_Numeric_Truncation_Error__short_connect_tcp_81_goodG2B.java	27
/home/swlab/Documents/swvul/java-vuln-detection/slicing/output/CPG/cwe197_cpg/cwe197-1037-cpg-resolved.bin	tc1037_flow1	CWE197_Numeric_Truncation_Error__short_console_readLine_01.java	45	CWE197_Numeric_Truncation_Error__short_console_readLine_01.java	93
/home/swlab/Documents/swvul/java-vuln-detection/slicing/output/CPG/cwe197_cpg/cwe197-1037-cpg-resolved.bin	tc1037_flow2	CWE197_Numeric_Truncation_Error__short_console_readLine_01.java	109	CWE197_Numeric_Truncation_Error__short_console_readLine_01.java	113
/home/swlab/Documents/swvul/java-vuln-detection/slicing/output/CPG/cwe197_cpg/cwe197-1038-cpg-resolved.bin	tc1038_flow1	CWE197_Numeric_Truncation_Error__short_console_readLine_02.java	43	CWE197_Numeric_Truncation_Error__short_console_readLine_02.java	98
/home/swlab/Documents/swvul/java-vuln-detection/slicing/output/CPG/cwe197_cpg/cwe197-1038-cpg-resolved.bin	tc1038_flow2	CWE197_Numeric_Truncation_Error__short_console_readLine_02.java	117	CWE197_Numeric_Truncation_Error__short_console_readLine_02.java	123
/home/swlab/Documents/swvul/java-vuln-detection/slicing/output/CPG/cwe197_cpg/cwe197-1038-cpg-resolved.bin	tc1038_flow3	CWE197_Numeric_Truncation_Error__short_console_readLine_02.java	135	CWE197_Numeric_Truncation_Error__short_console_readLine_02.java	146
/home/swlab/Documents/swvul/java-vuln-detection/slicing/output/CPG/cwe197_cpg/cwe197-1039-cpg-resolved.bin	tc1039_flow1	CWE197_Numeric_Truncation_Error__short_console_readLine_03.java	43	CWE197_Numeric_Truncation_Error__short_console_readLine_03.java	98
/home/swlab/Documents/swvul/java-vuln-detection/slicing/output/CPG/cwe197_cpg/cwe197-1039-cpg-resolved.bin	tc1039_flow2	CWE197_Numeric_Truncation_Error__short_console_readLine_03.java	117	CWE197_Numeric_Truncation_Error__short_console_readLine_03.java	123
/home/swlab/Documents/swvul/java-vuln-detection/slicing/output/CPG/cwe197_cpg/cwe197-1039-cpg-resolved.bin	tc1039_flow3	CWE197_Numeric_Truncation_Error__short_console_readLine_03.java	135	CWE197_Numeric_Truncation_Error__short_console_readLine_03.java	146
/home/swlab/Documents/swvul/java-vuln-detection/slicing/output/CPG/cwe197_cpg/cwe197-1040-cpg-resolved.bin	tc1040_flow1	CWE197_Numeric_Truncation_Error__short_console_readLine_04.java	50	CWE197_Numeric_Truncation_Error__short_console_readLine_04.java	105
/home/swlab/Documents/swvul/java-vuln-detection/slicing/output/CPG/cwe197_cpg/cwe197-1040-cpg-resolved.bin	tc1040_flow2	CWE197_Numeric_Truncation_Error__short_console_readLine_04.java	124	CWE197_Numeric_Truncation_Error__short_console_readLine_04.java	130
/home/swlab/Documents/swvul/java-vuln-detection/slicing/output/CPG/cwe197_cpg/cwe197-1040-cpg-resolved.bin	tc1040_flow3	CWE197_Numeric_Truncation_Error__short_console_readLine_04.java	142	CWE197_Numeric_Truncation_Error__short_console_readLine_04.java	153
/home/swlab/Documents/swvul/java-vuln-detection/slicing/output/CPG/cwe197_cpg/cwe197-1041-cpg-resolved.bin	tc1041_flow1	CWE197_Numeric_Truncation_Error__short_console_readLine_05.java	50	CWE197_Numeric_Truncation_Error__short_console_readLine_05.java	105
/home/swlab/Documents/swvul/java-vuln-detection/slicing/output/CPG/cwe197_cpg/cwe197-1041-cpg-resolved.bin	tc1041_flow2	CWE197_Numeric_Truncation_Error__short_console_readLine_05.java	124	CWE197_Numeric_Truncation_Error__short_console_readLine_05.java	130
/home/swlab/Documents/swvul/java-vuln-detection/slicing/output/CPG/cwe197_cpg/cwe197-1041-cpg-resolved.bin	tc1041_flow3	CWE197_Numeric_Truncation_Error__short_console_readLine_05.java	142	CWE197_Numeric_Truncation_Error__short_console_readLine_05.java	153
/home/swlab/Documents/swvul/java-vuln-detection/slicing/output/CPG/cwe197_cpg/cwe197-1042-cpg-resolved.bin	tc1042_flow1	CWE197_Numeric_Truncation_Error__short_console_readLine_06.java	49	CWE197_Numeric_Truncation_Error__short_console_readLine_06.java	104
/home/swlab/Documents/swvul/java-vuln-detection/slicing/output/CPG/cwe197_cpg/cwe197-1042-cpg-resolved.bin	tc1042_flow2	CWE197_Numeric_Truncation_Error__short_console_readLine_06.java	123	CWE197_Numeric_Truncation_Error__short_console_readLine_06.java	129
/home/swlab/Documents/swvul/java-vuln-detection/slicing/output/CPG/cwe197_cpg/cwe197-1042-cpg-resolved.bin	tc1042_flow3	CWE197_Numeric_Truncation_Error__short_console_readLine_06.java	141	CWE197_Numeric_Truncation_Error__short_console_readLine_06.java	152
/home/swlab/Documents/swvul/java-vuln-detection/slicing/output/CPG/cwe197_cpg/cwe197-1043-cpg-resolved.bin	tc1043_flow1	CWE197_Numeric_Truncation_Error__short_console_readLine_07.java	49	CWE197_Numeric_Truncation_Error__short_console_readLine_07.java	104
/home/swlab/Documents/swvul/java-vuln-detection/slicing/output/CPG/cwe197_cpg/cwe197-1043-cpg-resolved.bin	tc1043_flow2	CWE197_Numeric_Truncation_Error__short_console_readLine_07.java	123	CWE197_Numeric_Truncation_Error__short_console_readLine_07.java	129
/home/swlab/Documents/swvul/java-vuln-detection/slicing/output/CPG/cwe197_cpg/cwe197-1043-cpg-resolved.bin	tc1043_flow3	CWE197_Numeric_Truncation_Error__short_console_readLine_07.java	141	CWE197_Numeric_Truncation_Error__short_console_readLine_07.java	152
/home/swlab/Documents/swvul/java-vuln-detection/slicing/output/CPG/cwe197_cpg/cwe197-1044-cpg-resolved.bin	tc1044_flow1	CWE197_Numeric_Truncation_Error__short_console_readLine_08.java	57	CWE197_Numeric_Truncation_Error__short_console_readLine_08.java	112
/home/swlab/Documents/swvul/java-vuln-detection/slicing/output/CPG/cwe197_cpg/cwe197-1044-cpg-resolved.bin	tc1044_flow2	CWE197_Numeric_Truncation_Error__short_console_readLine_08.java	131	CWE197_Numeric_Truncation_Error__short_console_readLine_08.java	137
/home/swlab/Documents/swvul/java-vuln-detection/slicing/output/CPG/cwe197_cpg/cwe197-1044-cpg-resolved.bin	tc1044_flow3	CWE197_Numeric_Truncation_Error__short_console_readLine_08.java	149	CWE197_Numeric_Truncation_Error__short_console_readLine_08.java	160
/home/swlab/Documents/swvul/java-vuln-detection/slicing/output/CPG/cwe197_cpg/cwe197-1045-cpg-resolved.bin	tc1045_flow1	CWE197_Numeric_Truncation_Error__short_console_readLine_09.java	43	CWE197_Numeric_Truncation_Error__short_console_readLine_09.java	98
/home/swlab/Documents/swvul/java-vuln-detection/slicing/output/CPG/cwe197_cpg/cwe197-1045-cpg-resolved.bin	tc1045_flow2	CWE197_Numeric_Truncation_Error__short_console_readLine_09.java	117	CWE197_Numeric_Truncation_Error__short_console_readLine_09.java	123
/home/swlab/Documents/swvul/java-vuln-detection/slicing/output/CPG/cwe197_cpg/cwe197-1045-cpg-resolved.bin	tc1045_flow3	CWE197_Numeric_Truncation_Error__short_console_readLine_09.java	135	CWE197_Numeric_Truncation_Error__short_console_readLine_09.java	146
/home/swlab/Documents/swvul/java-vuln-detection/slicing/output/CPG/cwe197_cpg/cwe197-1046-cpg-resolved.bin	tc1046_flow1	CWE197_Numeric_Truncation_Error__short_console_readLine_10.java	43	CWE197_Numeric_Truncation_Error__short_console_readLine_10.java	98
/home/swlab/Documents/swvul/java-vuln-detection/slicing/output/CPG/cwe197_cpg/cwe197-1046-cpg-resolved.bin	tc1046_flow2	CWE197_Numeric_Truncation_Error__short_console_readLine_10.java	117	CWE197_Numeric_Truncation_Error__short_console_readLine_10.java	123
/home/swlab/Documents/swvul/java-vuln-detection/slicing/output/CPG/cwe197_cpg/cwe197-1046-cpg-resolved.bin	tc1046_flow3	CWE197_Numeric_Truncation_Error__short_console_readLine_10.java	135	CWE197_Numeric_Truncation_Error__short_console_readLine_10.java	146
/home/swlab/Documents/swvul/java-vuln-detection/slicing/output/CPG/cwe197_cpg/cwe197-1047-cpg-resolved.bin	tc1047_flow1	CWE197_Numeric_Truncation_Error__short_console_readLine_11.java	43	CWE197_Numeric_Truncation_Error__short_console_readLine_11.java	98
/home/swlab/Documents/swvul/java-vuln-detection/slicing/output/CPG/cwe197_cpg/cwe197-1047-cpg-resolved.bin	tc1047_flow2	CWE197_Numeric_Truncation_Error__short_console_readLine_11.java	117	CWE197_Numeric_Truncation_Error__short_console_readLine_11.java	123
/home/swlab/Documents/swvul/java-vuln-detection/slicing/output/CPG/cwe197_cpg/cwe197-1047-cpg-resolved.bin	tc1047_flow3	CWE197_Numeric_Truncation_Error__short_console_readLine_11.java	135	CWE197_Numeric_Truncation_Error__short_console_readLine_11.java	146
/home/swlab/Documents/swvul/java-vuln-detection/slicing/output/CPG/cwe197_cpg/cwe197-1048-cpg-resolved.bin	tc1048_flow1	CWE197_Numeric_Truncation_Error__short_console_readLine_12.java	43	CWE197_Numeric_Truncation_Error__short_console_readLine_12.java	99
/home/swlab/Documents/swvul/java-vuln-detection/slicing/output/CPG/cwe197_cpg/cwe197-1048-cpg-resolved.bin	tc1048_flow2	CWE197_Numeric_Truncation_Error__short_console_readLine_12.java	112	CWE197_Numeric_Truncation_Error__short_console_readLine_12.java	124
/home/swlab/Documents/swvul/java-vuln-detection/slicing/output/CPG/cwe197_cpg/cwe197-1049-cpg-resolved.bin	tc1049_flow1	CWE197_Numeric_Truncation_Error__short_console_readLine_13.java	43	CWE197_Numeric_Truncation_Error__short_console_readLine_13.java	98
/home/swlab/Documents/swvul/java-vuln-detection/slicing/output/CPG/cwe197_cpg/cwe197-1049-cpg-resolved.bin	tc1049_flow2	CWE197_Numeric_Truncation_Error__short_console_readLine_13.java	117	CWE197_Numeric_Truncation_Error__short_console_readLine_13.java	123
/home/swlab/Documents/swvul/java-vuln-detection/slicing/output/CPG/cwe197_cpg/cwe197-1049-cpg-resolved.bin	tc1049_flow3	CWE197_Numeric_Truncation_Error__short_console_readLine_13.java	135	CWE197_Numeric_Truncation_Error__short_console_readLine_13.java	146
/home/swlab/Documents/swvul/java-vuln-detection/slicing/output/CPG/cwe197_cpg/cwe197-1050-cpg-resolved.bin	tc1050_flow1	CWE197_Numeric_Truncation_Error__short_console_readLine_14.java	43	CWE197_Numeric_Truncation_Error__short_console_readLine_14.java	98
/home/swlab/Documents/swvul/java-vuln-detection/slicing/output/CPG/cwe197_cpg/cwe197-1050-cpg-resolved.bin	tc1050_flow2	CWE197_Numeric_Truncation_Error__short_console_readLine_14.java	117	CWE197_Numeric_Truncation_Error__short_console_readLine_14.java	123
/home/swlab/Documents/swvul/java-vuln-detection/slicing/output/CPG/cwe197_cpg/cwe197-1050-cpg-resolved.bin	tc1050_flow3	CWE197_Numeric_Truncation_Error__short_console_readLine_14.java	135	CWE197_Numeric_Truncation_Error__short_console_readLine_14.java	146
/home/swlab/Documents/swvul/java-vuln-detection/slicing/output/CPG/cwe197_cpg/cwe197-1051-cpg-resolved.bin	tc1051_flow1	CWE197_Numeric_Truncation_Error__short_console_readLine_15.java	45	CWE197_Numeric_Truncation_Error__short_console_readLine_15.java	100
/home/swlab/Documents/swvul/java-vuln-detection/slicing/output/CPG/cwe197_cpg/cwe197-1051-cpg-resolved.bin	tc1051_flow2	CWE197_Numeric_Truncation_Error__short_console_readLine_15.java	119	CWE197_Numeric_Truncation_Error__short_console_readLine_15.java	125
/home/swlab/Documents/swvul/java-vuln-detection/slicing/output/CPG/cwe197_cpg/cwe197-1051-cpg-resolved.bin	tc1051_flow3	CWE197_Numeric_Truncation_Error__short_console_readLine_15.java	139	CWE197_Numeric_Truncation_Error__short_console_readLine_15.java	150
/home/swlab/Documents/swvul/java-vuln-detection/slicing/output/CPG/cwe197_cpg/cwe197-1052-cpg-resolved.bin	tc1052_flow1	CWE197_Numeric_Truncation_Error__short_console_readLine_16.java	44	CWE197_Numeric_Truncation_Error__short_console_readLine_16.java	94
/home/swlab/Documents/swvul/java-vuln-detection/slicing/output/CPG/cwe197_cpg/cwe197-1052-cpg-resolved.bin	tc1052_flow2	CWE197_Numeric_Truncation_Error__short_console_readLine_16.java	107	CWE197_Numeric_Truncation_Error__short_console_readLine_16.java	113
/home/swlab/Documents/swvul/java-vuln-detection/slicing/output/CPG/cwe197_cpg/cwe197-1053-cpg-resolved.bin	tc1053_flow1	CWE197_Numeric_Truncation_Error__short_console_readLine_17.java	45	CWE197_Numeric_Truncation_Error__short_console_readLine_17.java	95
/home/swlab/Documents/swvul/java-vuln-detection/slicing/output/CPG/cwe197_cpg/cwe197-1053-cpg-resolved.bin	tc1053_flow2	CWE197_Numeric_Truncation_Error__short_console_readLine_17.java	107	CWE197_Numeric_Truncation_Error__short_console_readLine_17.java	113
/home/swlab/Documents/swvul/java-vuln-detection/slicing/output/CPG/cwe197_cpg/cwe197-1054-cpg-resolved.bin	tc1054_flow2	CWE197_Numeric_Truncation_Error__short_console_readLine_21.java	156	CWE197_Numeric_Truncation_Error__short_console_readLine_21.java	137
/home/swlab/Documents/swvul/java-vuln-detection/slicing/output/CPG/cwe197_cpg/cwe197-1054-cpg-resolved.bin	tc1054_flow3	CWE197_Numeric_Truncation_Error__short_console_readLine_21.java	185	CWE197_Numeric_Truncation_Error__short_console_readLine_21.java	173
/home/swlab/Documents/swvul/java-vuln-detection/slicing/output/CPG/cwe197_cpg/cwe197-1055-cpg-resolved.bin	tc1055_flow2	CWE197_Numeric_Truncation_Error__short_console_readLine_22b.java	114	CWE197_Numeric_Truncation_Error__short_console_readLine_22a.java	61
/home/swlab/Documents/swvul/java-vuln-detection/slicing/output/CPG/cwe197_cpg/cwe197-1055-cpg-resolved.bin	tc1055_flow3	CWE197_Numeric_Truncation_Error__short_console_readLine_22b.java	129	CWE197_Numeric_Truncation_Error__short_console_readLine_22a.java	76
/home/swlab/Documents/swvul/java-vuln-detection/slicing/output/CPG/cwe197_cpg/cwe197-1056-cpg-resolved.bin	tc1056_flow1	CWE197_Numeric_Truncation_Error__short_console_readLine_31.java	48	CWE197_Numeric_Truncation_Error__short_console_readLine_31.java	101
/home/swlab/Documents/swvul/java-vuln-detection/slicing/output/CPG/cwe197_cpg/cwe197-1056-cpg-resolved.bin	tc1056_flow2	CWE197_Numeric_Truncation_Error__short_console_readLine_31.java	120	CWE197_Numeric_Truncation_Error__short_console_readLine_31.java	129
/home/swlab/Documents/swvul/java-vuln-detection/slicing/output/CPG/cwe197_cpg/cwe197-1057-cpg-resolved.bin	tc1057_flow1	CWE197_Numeric_Truncation_Error__short_console_readLine_41.java	32	CWE197_Numeric_Truncation_Error__short_console_readLine_41.java	100
/home/swlab/Documents/swvul/java-vuln-detection/slicing/output/CPG/cwe197_cpg/cwe197-1057-cpg-resolved.bin	tc1057_flow2	CWE197_Numeric_Truncation_Error__short_console_readLine_41.java	124	CWE197_Numeric_Truncation_Error__short_console_readLine_41.java	113
/home/swlab/Documents/swvul/java-vuln-detection/slicing/output/CPG/cwe197_cpg/cwe197-1058-cpg-resolved.bin	tc1058_flow1	CWE197_Numeric_Truncation_Error__short_console_readLine_42.java	44	CWE197_Numeric_Truncation_Error__short_console_readLine_42.java	100
/home/swlab/Documents/swvul/java-vuln-detection/slicing/output/CPG/cwe197_cpg/cwe197-1058-cpg-resolved.bin	tc1058_flow2	CWE197_Numeric_Truncation_Error__short_console_readLine_42.java	110	CWE197_Numeric_Truncation_Error__short_console_readLine_42.java	122
/home/swlab/Documents/swvul/java-vuln-detection/slicing/output/CPG/cwe197_cpg/cwe197-1059-cpg-resolved.bin	tc1059_flow1	CWE197_Numeric_Truncation_Error__short_console_readLine_45.java	37	CWE197_Numeric_Truncation_Error__short_console_readLine_45.java	106
/home/swlab/Documents/swvul/java-vuln-detection/slicing/output/CPG/cwe197_cpg/cwe197-1059-cpg-resolved.bin	tc1059_flow2	CWE197_Numeric_Truncation_Error__short_console_readLine_45.java	132	CWE197_Numeric_Truncation_Error__short_console_readLine_45.java	121
/home/swlab/Documents/swvul/java-vuln-detection/slicing/output/CPG/cwe197_cpg/cwe197-1060-cpg-resolved.bin	tc1060_flow1	CWE197_Numeric_Truncation_Error__short_console_readLine_51b.java	26	CWE197_Numeric_Truncation_Error__short_console_readLine_51a.java	90
/home/swlab/Documents/swvul/java-vuln-detection/slicing/output/CPG/cwe197_cpg/cwe197-1060-cpg-resolved.bin	tc1060_flow2	CWE197_Numeric_Truncation_Error__short_console_readLine_51a.java	104	CWE197_Numeric_Truncation_Error__short_console_readLine_51b.java	37
/home/swlab/Documents/swvul/java-vuln-detection/slicing/output/CPG/cwe197_cpg/cwe197-1061-cpg-resolved.bin	tc1061_flow1	CWE197_Numeric_Truncation_Error__short_console_readLine_52c.java	27	CWE197_Numeric_Truncation_Error__short_console_readLine_52a.java	91
/home/swlab/Documents/swvul/java-vuln-detection/slicing/output/CPG/cwe197_cpg/cwe197-1061-cpg-resolved.bin	tc1061_flow2	CWE197_Numeric_Truncation_Error__short_console_readLine_52a.java	105	CWE197_Numeric_Truncation_Error__short_console_readLine_52c.java	38
/home/swlab/Documents/swvul/java-vuln-detection/slicing/output/CPG/cwe197_cpg/cwe197-1062-cpg-resolved.bin	tc1062_flow1	CWE197_Numeric_Truncation_Error__short_console_readLine_53d.java	27	CWE197_Numeric_Truncation_Error__short_console_readLine_53a.java	91
/home/swlab/Documents/swvul/java-vuln-detection/slicing/output/CPG/cwe197_cpg/cwe197-1062-cpg-resolved.bin	tc1062_flow2	CWE197_Numeric_Truncation_Error__short_console_readLine_53a.java	105	CWE197_Numeric_Truncation_Error__short_console_readLine_53d.java	38
/home/swlab/Documents/swvul/java-vuln-detection/slicing/output/CPG/cwe197_cpg/cwe197-1063-cpg-resolved.bin	tc1063_flow1	CWE197_Numeric_Truncation_Error__short_console_readLine_54e.java	27	CWE197_Numeric_Truncation_Error__short_console_readLine_54a.java	91
/home/swlab/Documents/swvul/java-vuln-detection/slicing/output/CPG/cwe197_cpg/cwe197-1063-cpg-resolved.bin	tc1063_flow2	CWE197_Numeric_Truncation_Error__short_console_readLine_54a.java	105	CWE197_Numeric_Truncation_Error__short_console_readLine_54e.java	38
/home/swlab/Documents/swvul/java-vuln-detection/slicing/output/CPG/cwe197_cpg/cwe197-1064-cpg-resolved.bin	tc1064_flow1	CWE197_Numeric_Truncation_Error__short_console_readLine_61a.java	28	CWE197_Numeric_Truncation_Error__short_console_readLine_61b.java	91
/home/swlab/Documents/swvul/java-vuln-detection/slicing/output/CPG/cwe197_cpg/cwe197-1064-cpg-resolved.bin	tc1064_flow2	CWE197_Numeric_Truncation_Error__short_console_readLine_61b.java	100	CWE197_Numeric_Truncation_Error__short_console_readLine_61a.java	45
/home/swlab/Documents/swvul/java-vuln-detection/slicing/output/CPG/cwe197_cpg/cwe197-1065-cpg-resolved.bin	tc1065_flow1	CWE197_Numeric_Truncation_Error__short_console_readLine_66b.java	28	CWE197_Numeric_Truncation_Error__short_console_readLine_66a.java	91
/home/swlab/Documents/swvul/java-vuln-detection/slicing/output/CPG/cwe197_cpg/cwe197-1065-cpg-resolved.bin	tc1065_flow2	CWE197_Numeric_Truncation_Error__short_console_readLine_66a.java	107	CWE197_Numeric_Truncation_Error__short_console_readLine_66b.java	40
/home/swlab/Documents/swvul/java-vuln-detection/slicing/output/CPG/cwe197_cpg/cwe197-1066-cpg-resolved.bin	tc1066_flow1	CWE197_Numeric_Truncation_Error__short_console_readLine_67b.java	28	CWE197_Numeric_Truncation_Error__short_console_readLine_67a.java	96
/home/swlab/Documents/swvul/java-vuln-detection/slicing/output/CPG/cwe197_cpg/cwe197-1066-cpg-resolved.bin	tc1066_flow2	CWE197_Numeric_Truncation_Error__short_console_readLine_67a.java	112	CWE197_Numeric_Truncation_Error__short_console_readLine_67b.java	40
/home/swlab/Documents/swvul/java-vuln-detection/slicing/output/CPG/cwe197_cpg/cwe197-1067-cpg-resolved.bin	tc1067_flow1	CWE197_Numeric_Truncation_Error__short_console_readLine_68b.java	27	CWE197_Numeric_Truncation_Error__short_console_readLine_68a.java	91
/home/swlab/Documents/swvul/java-vuln-detection/slicing/output/CPG/cwe197_cpg/cwe197-1067-cpg-resolved.bin	tc1067_flow2	CWE197_Numeric_Truncation_Error__short_console_readLine_68a.java	104	CWE197_Numeric_Truncation_Error__short_console_readLine_68b.java	39
/home/swlab/Documents/swvul/java-vuln-detection/slicing/output/CPG/cwe197_cpg/cwe197-1068-cpg-resolved.bin	tc1068_flow1	CWE197_Numeric_Truncation_Error__short_console_readLine_71b.java	28	CWE197_Numeric_Truncation_Error__short_console_readLine_71a.java	91
/home/swlab/Documents/swvul/java-vuln-detection/slicing/output/CPG/cwe197_cpg/cwe197-1068-cpg-resolved.bin	tc1068_flow2	CWE197_Numeric_Truncation_Error__short_console_readLine_71a.java	105	CWE197_Numeric_Truncation_Error__short_console_readLine_71b.java	40
/home/swlab/Documents/swvul/java-vuln-detection/slicing/output/CPG/cwe197_cpg/cwe197-1069-cpg-resolved.bin	tc1069_flow1	CWE197_Numeric_Truncation_Error__short_console_readLine_72b.java	29	CWE197_Numeric_Truncation_Error__short_console_readLine_72a.java	92
/home/swlab/Documents/swvul/java-vuln-detection/slicing/output/CPG/cwe197_cpg/cwe197-1069-cpg-resolved.bin	tc1069_flow2	CWE197_Numeric_Truncation_Error__short_console_readLine_72a.java	110	CWE197_Numeric_Truncation_Error__short_console_readLine_72b.java	41
/home/swlab/Documents/swvul/java-vuln-detection/slicing/output/CPG/cwe197_cpg/cwe197-1070-cpg-resolved.bin	tc1070_flow1	CWE197_Numeric_Truncation_Error__short_console_readLine_73b.java	29	CWE197_Numeric_Truncation_Error__short_console_readLine_73a.java	92
/home/swlab/Documents/swvul/java-vuln-detection/slicing/output/CPG/cwe197_cpg/cwe197-1070-cpg-resolved.bin	tc1070_flow2	CWE197_Numeric_Truncation_Error__short_console_readLine_73a.java	110	CWE197_Numeric_Truncation_Error__short_console_readLine_73b.java	41
/home/swlab/Documents/swvul/java-vuln-detection/slicing/output/CPG/cwe197_cpg/cwe197-1071-cpg-resolved.bin	tc1071_flow1	CWE197_Numeric_Truncation_Error__short_console_readLine_74b.java	29	CWE197_Numeric_Truncation_Error__short_console_readLine_74a.java	92
/home/swlab/Documents/swvul/java-vuln-detection/slicing/output/CPG/cwe197_cpg/cwe197-1071-cpg-resolved.bin	tc1071_flow2	CWE197_Numeric_Truncation_Error__short_console_readLine_74a.java	110	CWE197_Numeric_Truncation_Error__short_console_readLine_74b.java	41
/home/swlab/Documents/swvul/java-vuln-detection/slicing/output/CPG/cwe197_cpg/cwe197-1072-cpg-resolved.bin	tc1072_flow2	CWE197_Numeric_Truncation_Error__short_console_readLine_75a.java	150	CWE197_Numeric_Truncation_Error__short_console_readLine_75b.java	96
/home/swlab/Documents/swvul/java-vuln-detection/slicing/output/CPG/cwe197_cpg/cwe197-1073-cpg-resolved.bin	tc1073_flow1	CWE197_Numeric_Truncation_Error__short_console_readLine_81_bad.java	27	CWE197_Numeric_Truncation_Error__short_console_readLine_81a.java	91
/home/swlab/Documents/swvul/java-vuln-detection/slicing/output/CPG/cwe197_cpg/cwe197-1073-cpg-resolved.bin	tc1073_flow2	CWE197_Numeric_Truncation_Error__short_console_readLine_81a.java	106	CWE197_Numeric_Truncation_Error__short_console_readLine_81_goodG2B.java	27
/home/swlab/Documents/swvul/java-vuln-detection/slicing/output/CPG/cwe197_cpg/cwe197-1074-cpg-resolved.bin	tc1074_flow1	CWE197_Numeric_Truncation_Error__short_database_01.java	51	CWE197_Numeric_Truncation_Error__short_database_01.java	111
/home/swlab/Documents/swvul/java-vuln-detection/slicing/output/CPG/cwe197_cpg/cwe197-1074-cpg-resolved.bin	tc1074_flow2	CWE197_Numeric_Truncation_Error__short_database_01.java	127	CWE197_Numeric_Truncation_Error__short_database_01.java	131
/home/swlab/Documents/swvul/java-vuln-detection/slicing/output/CPG/cwe197_cpg/cwe197-1075-cpg-resolved.bin	tc1075_flow1	CWE197_Numeric_Truncation_Error__short_database_02.java	48	CWE197_Numeric_Truncation_Error__short_database_02.java	115
/home/swlab/Documents/swvul/java-vuln-detection/slicing/output/CPG/cwe197_cpg/cwe197-1075-cpg-resolved.bin	tc1075_flow2	CWE197_Numeric_Truncation_Error__short_database_02.java	134	CWE197_Numeric_Truncation_Error__short_database_02.java	140
/home/swlab/Documents/swvul/java-vuln-detection/slicing/output/CPG/cwe197_cpg/cwe197-1075-cpg-resolved.bin	tc1075_flow3	CWE197_Numeric_Truncation_Error__short_database_02.java	152	CWE197_Numeric_Truncation_Error__short_database_02.java	163
/home/swlab/Documents/swvul/java-vuln-detection/slicing/output/CPG/cwe197_cpg/cwe197-1076-cpg-resolved.bin	tc1076_flow1	CWE197_Numeric_Truncation_Error__short_database_03.java	48	CWE197_Numeric_Truncation_Error__short_database_03.java	115
/home/swlab/Documents/swvul/java-vuln-detection/slicing/output/CPG/cwe197_cpg/cwe197-1076-cpg-resolved.bin	tc1076_flow2	CWE197_Numeric_Truncation_Error__short_database_03.java	134	CWE197_Numeric_Truncation_Error__short_database_03.java	140
/home/swlab/Documents/swvul/java-vuln-detection/slicing/output/CPG/cwe197_cpg/cwe197-1076-cpg-resolved.bin	tc1076_flow3	CWE197_Numeric_Truncation_Error__short_database_03.java	152	CWE197_Numeric_Truncation_Error__short_database_03.java	163
/home/swlab/Documents/swvul/java-vuln-detection/slicing/output/CPG/cwe197_cpg/cwe197-1077-cpg-resolved.bin	tc1077_flow1	CWE197_Numeric_Truncation_Error__short_database_04.java	55	CWE197_Numeric_Truncation_Error__short_database_04.java	122
/home/swlab/Documents/swvul/java-vuln-detection/slicing/output/CPG/cwe197_cpg/cwe197-1077-cpg-resolved.bin	tc1077_flow2	CWE197_Numeric_Truncation_Error__short_database_04.java	141	CWE197_Numeric_Truncation_Error__short_database_04.java	147
/home/swlab/Documents/swvul/java-vuln-detection/slicing/output/CPG/cwe197_cpg/cwe197-1077-cpg-resolved.bin	tc1077_flow3	CWE197_Numeric_Truncation_Error__short_database_04.java	159	CWE197_Numeric_Truncation_Error__short_database_04.java	170
/home/swlab/Documents/swvul/java-vuln-detection/slicing/output/CPG/cwe197_cpg/cwe197-1078-cpg-resolved.bin	tc1078_flow1	CWE197_Numeric_Truncation_Error__short_database_05.java	55	CWE197_Numeric_Truncation_Error__short_database_05.java	122
/home/swlab/Documents/swvul/java-vuln-detection/slicing/output/CPG/cwe197_cpg/cwe197-1078-cpg-resolved.bin	tc1078_flow2	CWE197_Numeric_Truncation_Error__short_database_05.java	141	CWE197_Numeric_Truncation_Error__short_database_05.java	147
/home/swlab/Documents/swvul/java-vuln-detection/slicing/output/CPG/cwe197_cpg/cwe197-1078-cpg-resolved.bin	tc1078_flow3	CWE197_Numeric_Truncation_Error__short_database_05.java	159	CWE197_Numeric_Truncation_Error__short_database_05.java	170
/home/swlab/Documents/swvul/java-vuln-detection/slicing/output/CPG/cwe197_cpg/cwe197-1079-cpg-resolved.bin	tc1079_flow1	CWE197_Numeric_Truncation_Error__short_database_06.java	54	CWE197_Numeric_Truncation_Error__short_database_06.java	121
/home/swlab/Documents/swvul/java-vuln-detection/slicing/output/CPG/cwe197_cpg/cwe197-1079-cpg-resolved.bin	tc1079_flow2	CWE197_Numeric_Truncation_Error__short_database_06.java	140	CWE197_Numeric_Truncation_Error__short_database_06.java	146
/home/swlab/Documents/swvul/java-vuln-detection/slicing/output/CPG/cwe197_cpg/cwe197-1079-cpg-resolved.bin	tc1079_flow3	CWE197_Numeric_Truncation_Error__short_database_06.java	158	CWE197_Numeric_Truncation_Error__short_database_06.java	169
/home/swlab/Documents/swvul/java-vuln-detection/slicing/output/CPG/cwe197_cpg/cwe197-1080-cpg-resolved.bin	tc1080_flow1	CWE197_Numeric_Truncation_Error__short_database_07.java	54	CWE197_Numeric_Truncation_Error__short_database_07.java	121
/home/swlab/Documents/swvul/java-vuln-detection/slicing/output/CPG/cwe197_cpg/cwe197-1080-cpg-resolved.bin	tc1080_flow2	CWE197_Numeric_Truncation_Error__short_database_07.java	140	CWE197_Numeric_Truncation_Error__short_database_07.java	146
/home/swlab/Documents/swvul/java-vuln-detection/slicing/output/CPG/cwe197_cpg/cwe197-1080-cpg-resolved.bin	tc1080_flow3	CWE197_Numeric_Truncation_Error__short_database_07.java	158	CWE197_Numeric_Truncation_Error__short_database_07.java	169
/home/swlab/Documents/swvul/java-vuln-detection/slicing/output/CPG/cwe197_cpg/cwe197-1081-cpg-resolved.bin	tc1081_flow1	CWE197_Numeric_Truncation_Error__short_database_08.java	62	CWE197_Numeric_Truncation_Error__short_database_08.java	129
/home/swlab/Documents/swvul/java-vuln-detection/slicing/output/CPG/cwe197_cpg/cwe197-1081-cpg-resolved.bin	tc1081_flow2	CWE197_Numeric_Truncation_Error__short_database_08.java	148	CWE197_Numeric_Truncation_Error__short_database_08.java	154
/home/swlab/Documents/swvul/java-vuln-detection/slicing/output/CPG/cwe197_cpg/cwe197-1081-cpg-resolved.bin	tc1081_flow3	CWE197_Numeric_Truncation_Error__short_database_08.java	166	CWE197_Numeric_Truncation_Error__short_database_08.java	177
/home/swlab/Documents/swvul/java-vuln-detection/slicing/output/CPG/cwe197_cpg/cwe197-1082-cpg-resolved.bin	tc1082_flow1	CWE197_Numeric_Truncation_Error__short_database_09.java	48	CWE197_Numeric_Truncation_Error__short_database_09.java	115
/home/swlab/Documents/swvul/java-vuln-detection/slicing/output/CPG/cwe197_cpg/cwe197-1082-cpg-resolved.bin	tc1082_flow2	CWE197_Numeric_Truncation_Error__short_database_09.java	134	CWE197_Numeric_Truncation_Error__short_database_09.java	140
/home/swlab/Documents/swvul/java-vuln-detection/slicing/output/CPG/cwe197_cpg/cwe197-1082-cpg-resolved.bin	tc1082_flow3	CWE197_Numeric_Truncation_Error__short_database_09.java	152	CWE197_Numeric_Truncation_Error__short_database_09.java	163
/home/swlab/Documents/swvul/java-vuln-detection/slicing/output/CPG/cwe197_cpg/cwe197-1083-cpg-resolved.bin	tc1083_flow1	CWE197_Numeric_Truncation_Error__short_database_10.java	48	CWE197_Numeric_Truncation_Error__short_database_10.java	115
/home/swlab/Documents/swvul/java-vuln-detection/slicing/output/CPG/cwe197_cpg/cwe197-1083-cpg-resolved.bin	tc1083_flow2	CWE197_Numeric_Truncation_Error__short_database_10.java	134	CWE197_Numeric_Truncation_Error__short_database_10.java	140
/home/swlab/Documents/swvul/java-vuln-detection/slicing/output/CPG/cwe197_cpg/cwe197-1083-cpg-resolved.bin	tc1083_flow3	CWE197_Numeric_Truncation_Error__short_database_10.java	152	CWE197_Numeric_Truncation_Error__short_database_10.java	163
/home/swlab/Documents/swvul/java-vuln-detection/slicing/output/CPG/cwe197_cpg/cwe197-1084-cpg-resolved.bin	tc1084_flow1	CWE197_Numeric_Truncation_Error__short_database_11.java	48	CWE197_Numeric_Truncation_Error__short_database_11.java	115
/home/swlab/Documents/swvul/java-vuln-detection/slicing/output/CPG/cwe197_cpg/cwe197-1084-cpg-resolved.bin	tc1084_flow2	CWE197_Numeric_Truncation_Error__short_database_11.java	134	CWE197_Numeric_Truncation_Error__short_database_11.java	140
/home/swlab/Documents/swvul/java-vuln-detection/slicing/output/CPG/cwe197_cpg/cwe197-1084-cpg-resolved.bin	tc1084_flow3	CWE197_Numeric_Truncation_Error__short_database_11.java	152	CWE197_Numeric_Truncation_Error__short_database_11.java	163
/home/swlab/Documents/swvul/java-vuln-detection/slicing/output/CPG/cwe197_cpg/cwe197-1085-cpg-resolved.bin	tc1085_flow1	CWE197_Numeric_Truncation_Error__short_database_12.java	48	CWE197_Numeric_Truncation_Error__short_database_12.java	116
/home/swlab/Documents/swvul/java-vuln-detection/slicing/output/CPG/cwe197_cpg/cwe197-1085-cpg-resolved.bin	tc1085_flow2	CWE197_Numeric_Truncation_Error__short_database_12.java	129	CWE197_Numeric_Truncation_Error__short_database_12.java	141
/home/swlab/Documents/swvul/java-vuln-detection/slicing/output/CPG/cwe197_cpg/cwe197-1086-cpg-resolved.bin	tc1086_flow1	CWE197_Numeric_Truncation_Error__short_database_13.java	48	CWE197_Numeric_Truncation_Error__short_database_13.java	115
/home/swlab/Documents/swvul/java-vuln-detection/slicing/output/CPG/cwe197_cpg/cwe197-1086-cpg-resolved.bin	tc1086_flow2	CWE197_Numeric_Truncation_Error__short_database_13.java	134	CWE197_Numeric_Truncation_Error__short_database_13.java	140
/home/swlab/Documents/swvul/java-vuln-detection/slicing/output/CPG/cwe197_cpg/cwe197-1086-cpg-resolved.bin	tc1086_flow3	CWE197_Numeric_Truncation_Error__short_database_13.java	152	CWE197_Numeric_Truncation_Error__short_database_13.java	163
/home/swlab/Documents/swvul/java-vuln-detection/slicing/output/CPG/cwe197_cpg/cwe197-1087-cpg-resolved.bin	tc1087_flow1	CWE197_Numeric_Truncation_Error__short_database_14.java	48	CWE197_Numeric_Truncation_Error__short_database_14.java	115
/home/swlab/Documents/swvul/java-vuln-detection/slicing/output/CPG/cwe197_cpg/cwe197-1087-cpg-resolved.bin	tc1087_flow2	CWE197_Numeric_Truncation_Error__short_database_14.java	134	CWE197_Numeric_Truncation_Error__short_database_14.java	140
/home/swlab/Documents/swvul/java-vuln-detection/slicing/output/CPG/cwe197_cpg/cwe197-1087-cpg-resolved.bin	tc1087_flow3	CWE197_Numeric_Truncation_Error__short_database_14.java	152	CWE197_Numeric_Truncation_Error__short_database_14.java	163
/home/swlab/Documents/swvul/java-vuln-detection/slicing/output/CPG/cwe197_cpg/cwe197-1088-cpg-resolved.bin	tc1088_flow1	CWE197_Numeric_Truncation_Error__short_database_15.java	50	CWE197_Numeric_Truncation_Error__short_database_15.java	117
/home/swlab/Documents/swvul/java-vuln-detection/slicing/output/CPG/cwe197_cpg/cwe197-1088-cpg-resolved.bin	tc1088_flow2	CWE197_Numeric_Truncation_Error__short_database_15.java	136	CWE197_Numeric_Truncation_Error__short_database_15.java	142
/home/swlab/Documents/swvul/java-vuln-detection/slicing/output/CPG/cwe197_cpg/cwe197-1088-cpg-resolved.bin	tc1088_flow3	CWE197_Numeric_Truncation_Error__short_database_15.java	156	CWE197_Numeric_Truncation_Error__short_database_15.java	167
/home/swlab/Documents/swvul/java-vuln-detection/slicing/output/CPG/cwe197_cpg/cwe197-1089-cpg-resolved.bin	tc1089_flow1	CWE197_Numeric_Truncation_Error__short_database_16.java	49	CWE197_Numeric_Truncation_Error__short_database_16.java	111
/home/swlab/Documents/swvul/java-vuln-detection/slicing/output/CPG/cwe197_cpg/cwe197-1089-cpg-resolved.bin	tc1089_flow2	CWE197_Numeric_Truncation_Error__short_database_16.java	124	CWE197_Numeric_Truncation_Error__short_database_16.java	130
/home/swlab/Documents/swvul/java-vuln-detection/slicing/output/CPG/cwe197_cpg/cwe197-1090-cpg-resolved.bin	tc1090_flow1	CWE197_Numeric_Truncation_Error__short_database_17.java	51	CWE197_Numeric_Truncation_Error__short_database_17.java	113
/home/swlab/Documents/swvul/java-vuln-detection/slicing/output/CPG/cwe197_cpg/cwe197-1090-cpg-resolved.bin	tc1090_flow2	CWE197_Numeric_Truncation_Error__short_database_17.java	125	CWE197_Numeric_Truncation_Error__short_database_17.java	131
/home/swlab/Documents/swvul/java-vuln-detection/slicing/output/CPG/cwe197_cpg/cwe197-1091-cpg-resolved.bin	tc1091_flow1	CWE197_Numeric_Truncation_Error__short_database_21.java	66	CWE197_Numeric_Truncation_Error__short_database_21.java	41
/home/swlab/Documents/swvul/java-vuln-detection/slicing/output/CPG/cwe197_cpg/cwe197-1091-cpg-resolved.bin	tc1091_flow2	CWE197_Numeric_Truncation_Error__short_database_21.java	173	CWE197_Numeric_Truncation_Error__short_database_21.java	154
/home/swlab/Documents/swvul/java-vuln-detection/slicing/output/CPG/cwe197_cpg/cwe197-1091-cpg-resolved.bin	tc1091_flow3	CWE197_Numeric_Truncation_Error__short_database_21.java	202	CWE197_Numeric_Truncation_Error__short_database_21.java	190
/home/swlab/Documents/swvul/java-vuln-detection/slicing/output/CPG/cwe197_cpg/cwe197-1092-cpg-resolved.bin	tc1092_flow1	CWE197_Numeric_Truncation_Error__short_database_22b.java	49	CWE197_Numeric_Truncation_Error__short_database_22a.java	35
/home/swlab/Documents/swvul/java-vuln-detection/slicing/output/CPG/cwe197_cpg/cwe197-1092-cpg-resolved.bin	tc1092_flow2	CWE197_Numeric_Truncation_Error__short_database_22b.java	131	CWE197_Numeric_Truncation_Error__short_database_22a.java	61
/home/swlab/Documents/swvul/java-vuln-detection/slicing/output/CPG/cwe197_cpg/cwe197-1092-cpg-resolved.bin	tc1092_flow3	CWE197_Numeric_Truncation_Error__short_database_22b.java	146	CWE197_Numeric_Truncation_Error__short_database_22a.java	76
/home/swlab/Documents/swvul/java-vuln-detection/slicing/output/CPG/cwe197_cpg/cwe197-1093-cpg-resolved.bin	tc1093_flow1	CWE197_Numeric_Truncation_Error__short_database_31.java	54	CWE197_Numeric_Truncation_Error__short_database_31.java	119
/home/swlab/Documents/swvul/java-vuln-detection/slicing/output/CPG/cwe197_cpg/cwe197-1093-cpg-resolved.bin	tc1093_flow2	CWE197_Numeric_Truncation_Error__short_database_31.java	138	CWE197_Numeric_Truncation_Error__short_database_31.java	147
/home/swlab/Documents/swvul/java-vuln-detection/slicing/output/CPG/cwe197_cpg/cwe197-1094-cpg-resolved.bin	tc1094_flow1	CWE197_Numeric_Truncation_Error__short_database_41.java	60	CWE197_Numeric_Truncation_Error__short_database_41.java	33
/home/swlab/Documents/swvul/java-vuln-detection/slicing/output/CPG/cwe197_cpg/cwe197-1094-cpg-resolved.bin	tc1094_flow2	CWE197_Numeric_Truncation_Error__short_database_41.java	142	CWE197_Numeric_Truncation_Error__short_database_41.java	131
/home/swlab/Documents/swvul/java-vuln-detection/slicing/output/CPG/cwe197_cpg/cwe197-1095-cpg-resolved.bin	tc1095_flow1	CWE197_Numeric_Truncation_Error__short_database_42.java	50	CWE197_Numeric_Truncation_Error__short_database_42.java	118
/home/swlab/Documents/swvul/java-vuln-detection/slicing/output/CPG/cwe197_cpg/cwe197-1095-cpg-resolved.bin	tc1095_flow2	CWE197_Numeric_Truncation_Error__short_database_42.java	128	CWE197_Numeric_Truncation_Error__short_database_42.java	140
/home/swlab/Documents/swvul/java-vuln-detection/slicing/output/CPG/cwe197_cpg/cwe197-1096-cpg-resolved.bin	tc1096_flow1	CWE197_Numeric_Truncation_Error__short_database_45.java	66	CWE197_Numeric_Truncation_Error__short_database_45.java	38
/home/swlab/Documents/swvul/java-vuln-detection/slicing/output/CPG/cwe197_cpg/cwe197-1096-cpg-resolved.bin	tc1096_flow2	CWE197_Numeric_Truncation_Error__short_database_45.java	150	CWE197_Numeric_Truncation_Error__short_database_45.java	139
/home/swlab/Documents/swvul/java-vuln-detection/slicing/output/CPG/cwe197_cpg/cwe197-1097-cpg-resolved.bin	tc1097_flow1	CWE197_Numeric_Truncation_Error__short_database_51a.java	50	CWE197_Numeric_Truncation_Error__short_database_51b.java	26
/home/swlab/Documents/swvul/java-vuln-detection/slicing/output/CPG/cwe197_cpg/cwe197-1097-cpg-resolved.bin	tc1097_flow2	CWE197_Numeric_Truncation_Error__short_database_51a.java	122	CWE197_Numeric_Truncation_Error__short_database_51b.java	37
/home/swlab/Documents/swvul/java-vuln-detection/slicing/output/CPG/cwe197_cpg/cwe197-1098-cpg-resolved.bin	tc1098_flow1	CWE197_Numeric_Truncation_Error__short_database_52a.java	51	CWE197_Numeric_Truncation_Error__short_database_52c.java	27
/home/swlab/Documents/swvul/java-vuln-detection/slicing/output/CPG/cwe197_cpg/cwe197-1098-cpg-resolved.bin	tc1098_flow2	CWE197_Numeric_Truncation_Error__short_database_52a.java	123	CWE197_Numeric_Truncation_Error__short_database_52c.java	38
/home/swlab/Documents/swvul/java-vuln-detection/slicing/output/CPG/cwe197_cpg/cwe197-1099-cpg-resolved.bin	tc1099_flow1	CWE197_Numeric_Truncation_Error__short_database_53a.java	51	CWE197_Numeric_Truncation_Error__short_database_53d.java	27
/home/swlab/Documents/swvul/java-vuln-detection/slicing/output/CPG/cwe197_cpg/cwe197-1099-cpg-resolved.bin	tc1099_flow2	CWE197_Numeric_Truncation_Error__short_database_53a.java	123	CWE197_Numeric_Truncation_Error__short_database_53d.java	38
/home/swlab/Documents/swvul/java-vuln-detection/slicing/output/CPG/cwe197_cpg/cwe197-1100-cpg-resolved.bin	tc1100_flow1	CWE197_Numeric_Truncation_Error__short_database_54a.java	51	CWE197_Numeric_Truncation_Error__short_database_54e.java	27
/home/swlab/Documents/swvul/java-vuln-detection/slicing/output/CPG/cwe197_cpg/cwe197-1100-cpg-resolved.bin	tc1100_flow2	CWE197_Numeric_Truncation_Error__short_database_54a.java	123	CWE197_Numeric_Truncation_Error__short_database_54e.java	38
/home/swlab/Documents/swvul/java-vuln-detection/slicing/output/CPG/cwe197_cpg/cwe197-1101-cpg-resolved.bin	tc1101_flow1	CWE197_Numeric_Truncation_Error__short_database_61b.java	51	CWE197_Numeric_Truncation_Error__short_database_61a.java	28
/home/swlab/Documents/swvul/java-vuln-detection/slicing/output/CPG/cwe197_cpg/cwe197-1101-cpg-resolved.bin	tc1101_flow2	CWE197_Numeric_Truncation_Error__short_database_61b.java	118	CWE197_Numeric_Truncation_Error__short_database_61a.java	45
/home/swlab/Documents/swvul/java-vuln-detection/slicing/output/CPG/cwe197_cpg/cwe197-1102-cpg-resolved.bin	tc1102_flow1	CWE197_Numeric_Truncation_Error__short_database_66a.java	51	CWE197_Numeric_Truncation_Error__short_database_66b.java	28
/home/swlab/Documents/swvul/java-vuln-detection/slicing/output/CPG/cwe197_cpg/cwe197-1102-cpg-resolved.bin	tc1102_flow2	CWE197_Numeric_Truncation_Error__short_database_66a.java	125	CWE197_Numeric_Truncation_Error__short_database_66b.java	40
/home/swlab/Documents/swvul/java-vuln-detection/slicing/output/CPG/cwe197_cpg/cwe197-1103-cpg-resolved.bin	tc1103_flow1	CWE197_Numeric_Truncation_Error__short_database_67a.java	56	CWE197_Numeric_Truncation_Error__short_database_67b.java	28
/home/swlab/Documents/swvul/java-vuln-detection/slicing/output/CPG/cwe197_cpg/cwe197-1103-cpg-resolved.bin	tc1103_flow2	CWE197_Numeric_Truncation_Error__short_database_67a.java	130	CWE197_Numeric_Truncation_Error__short_database_67b.java	40
/home/swlab/Documents/swvul/java-vuln-detection/slicing/output/CPG/cwe197_cpg/cwe197-1104-cpg-resolved.bin	tc1104_flow1	CWE197_Numeric_Truncation_Error__short_database_68a.java	51	CWE197_Numeric_Truncation_Error__short_database_68b.java	27
/home/swlab/Documents/swvul/java-vuln-detection/slicing/output/CPG/cwe197_cpg/cwe197-1104-cpg-resolved.bin	tc1104_flow2	CWE197_Numeric_Truncation_Error__short_database_68a.java	122	CWE197_Numeric_Truncation_Error__short_database_68b.java	39
/home/swlab/Documents/swvul/java-vuln-detection/slicing/output/CPG/cwe197_cpg/cwe197-1105-cpg-resolved.bin	tc1105_flow1	CWE197_Numeric_Truncation_Error__short_database_71a.java	51	CWE197_Numeric_Truncation_Error__short_database_71b.java	28
/home/swlab/Documents/swvul/java-vuln-detection/slicing/output/CPG/cwe197_cpg/cwe197-1105-cpg-resolved.bin	tc1105_flow2	CWE197_Numeric_Truncation_Error__short_database_71a.java	123	CWE197_Numeric_Truncation_Error__short_database_71b.java	40
/home/swlab/Documents/swvul/java-vuln-detection/slicing/output/CPG/cwe197_cpg/cwe197-1106-cpg-resolved.bin	tc1106_flow1	CWE197_Numeric_Truncation_Error__short_database_72a.java	52	CWE197_Numeric_Truncation_Error__short_database_72b.java	29
/home/swlab/Documents/swvul/java-vuln-detection/slicing/output/CPG/cwe197_cpg/cwe197-1106-cpg-resolved.bin	tc1106_flow2	CWE197_Numeric_Truncation_Error__short_database_72a.java	128	CWE197_Numeric_Truncation_Error__short_database_72b.java	41
/home/swlab/Documents/swvul/java-vuln-detection/slicing/output/CPG/cwe197_cpg/cwe197-1107-cpg-resolved.bin	tc1107_flow1	CWE197_Numeric_Truncation_Error__short_database_73a.java	52	CWE197_Numeric_Truncation_Error__short_database_73b.java	29
/home/swlab/Documents/swvul/java-vuln-detection/slicing/output/CPG/cwe197_cpg/cwe197-1107-cpg-resolved.bin	tc1107_flow2	CWE197_Numeric_Truncation_Error__short_database_73a.java	128	CWE197_Numeric_Truncation_Error__short_database_73b.java	41
/home/swlab/Documents/swvul/java-vuln-detection/slicing/output/CPG/cwe197_cpg/cwe197-1108-cpg-resolved.bin	tc1108_flow1	CWE197_Numeric_Truncation_Error__short_database_74a.java	52	CWE197_Numeric_Truncation_Error__short_database_74b.java	29
/home/swlab/Documents/swvul/java-vuln-detection/slicing/output/CPG/cwe197_cpg/cwe197-1108-cpg-resolved.bin	tc1108_flow2	CWE197_Numeric_Truncation_Error__short_database_74a.java	128	CWE197_Numeric_Truncation_Error__short_database_74b.java	41
/home/swlab/Documents/swvul/java-vuln-detection/slicing/output/CPG/cwe197_cpg/cwe197-1109-cpg-resolved.bin	tc1109_flow1	CWE197_Numeric_Truncation_Error__short_database_75a.java	55	CWE197_Numeric_Truncation_Error__short_database_75b.java	40
/home/swlab/Documents/swvul/java-vuln-detection/slicing/output/CPG/cwe197_cpg/cwe197-1109-cpg-resolved.bin	tc1109_flow2	CWE197_Numeric_Truncation_Error__short_database_75a.java	169	CWE197_Numeric_Truncation_Error__short_database_75b.java	96
/home/swlab/Documents/swvul/java-vuln-detection/slicing/output/CPG/cwe197_cpg/cwe197-1110-cpg-resolved.bin	tc1110_flow1	CWE197_Numeric_Truncation_Error__short_database_81a.java	51	CWE197_Numeric_Truncation_Error__short_database_81_bad.java	27
/home/swlab/Documents/swvul/java-vuln-detection/slicing/output/CPG/cwe197_cpg/cwe197-1110-cpg-resolved.bin	tc1110_flow2	CWE197_Numeric_Truncation_Error__short_database_81a.java	124	CWE197_Numeric_Truncation_Error__short_database_81_goodG2B.java	27
/home/swlab/Documents/swvul/java-vuln-detection/slicing/output/CPG/cwe197_cpg/cwe197-1111-cpg-resolved.bin	tc1111_flow1	CWE197_Numeric_Truncation_Error__short_large_01.java	27	CWE197_Numeric_Truncation_Error__short_large_01.java	31
/home/swlab/Documents/swvul/java-vuln-detection/slicing/output/CPG/cwe197_cpg/cwe197-1111-cpg-resolved.bin	tc1111_flow2	CWE197_Numeric_Truncation_Error__short_large_01.java	47	CWE197_Numeric_Truncation_Error__short_large_01.java	51
/home/swlab/Documents/swvul/java-vuln-detection/slicing/output/CPG/cwe197_cpg/cwe197-1112-cpg-resolved.bin	tc1112_flow1	CWE197_Numeric_Truncation_Error__short_large_02.java	28	CWE197_Numeric_Truncation_Error__short_large_02.java	39
/home/swlab/Documents/swvul/java-vuln-detection/slicing/output/CPG/cwe197_cpg/cwe197-1112-cpg-resolved.bin	tc1112_flow2	CWE197_Numeric_Truncation_Error__short_large_02.java	58	CWE197_Numeric_Truncation_Error__short_large_02.java	64
/home/swlab/Documents/swvul/java-vuln-detection/slicing/output/CPG/cwe197_cpg/cwe197-1112-cpg-resolved.bin	tc1112_flow3	CWE197_Numeric_Truncation_Error__short_large_02.java	76	CWE197_Numeric_Truncation_Error__short_large_02.java	87
/home/swlab/Documents/swvul/java-vuln-detection/slicing/output/CPG/cwe197_cpg/cwe197-1113-cpg-resolved.bin	tc1113_flow1	CWE197_Numeric_Truncation_Error__short_large_03.java	28	CWE197_Numeric_Truncation_Error__short_large_03.java	39
/home/swlab/Documents/swvul/java-vuln-detection/slicing/output/CPG/cwe197_cpg/cwe197-1113-cpg-resolved.bin	tc1113_flow2	CWE197_Numeric_Truncation_Error__short_large_03.java	58	CWE197_Numeric_Truncation_Error__short_large_03.java	64
/home/swlab/Documents/swvul/java-vuln-detection/slicing/output/CPG/cwe197_cpg/cwe197-1113-cpg-resolved.bin	tc1113_flow3	CWE197_Numeric_Truncation_Error__short_large_03.java	76	CWE197_Numeric_Truncation_Error__short_large_03.java	87
/home/swlab/Documents/swvul/java-vuln-detection/slicing/output/CPG/cwe197_cpg/cwe197-1114-cpg-resolved.bin	tc1114_flow1	CWE197_Numeric_Truncation_Error__short_large_04.java	35	CWE197_Numeric_Truncation_Error__short_large_04.java	46
/home/swlab/Documents/swvul/java-vuln-detection/slicing/output/CPG/cwe197_cpg/cwe197-1114-cpg-resolved.bin	tc1114_flow2	CWE197_Numeric_Truncation_Error__short_large_04.java	65	CWE197_Numeric_Truncation_Error__short_large_04.java	71
/home/swlab/Documents/swvul/java-vuln-detection/slicing/output/CPG/cwe197_cpg/cwe197-1114-cpg-resolved.bin	tc1114_flow3	CWE197_Numeric_Truncation_Error__short_large_04.java	83	CWE197_Numeric_Truncation_Error__short_large_04.java	94
/home/swlab/Documents/swvul/java-vuln-detection/slicing/output/CPG/cwe197_cpg/cwe197-1115-cpg-resolved.bin	tc1115_flow1	CWE197_Numeric_Truncation_Error__short_large_05.java	35	CWE197_Numeric_Truncation_Error__short_large_05.java	46
/home/swlab/Documents/swvul/java-vuln-detection/slicing/output/CPG/cwe197_cpg/cwe197-1115-cpg-resolved.bin	tc1115_flow2	CWE197_Numeric_Truncation_Error__short_large_05.java	65	CWE197_Numeric_Truncation_Error__short_large_05.java	71
/home/swlab/Documents/swvul/java-vuln-detection/slicing/output/CPG/cwe197_cpg/cwe197-1115-cpg-resolved.bin	tc1115_flow3	CWE197_Numeric_Truncation_Error__short_large_05.java	83	CWE197_Numeric_Truncation_Error__short_large_05.java	94
/home/swlab/Documents/swvul/java-vuln-detection/slicing/output/CPG/cwe197_cpg/cwe197-1116-cpg-resolved.bin	tc1116_flow1	CWE197_Numeric_Truncation_Error__short_large_06.java	34	CWE197_Numeric_Truncation_Error__short_large_06.java	45
/home/swlab/Documents/swvul/java-vuln-detection/slicing/output/CPG/cwe197_cpg/cwe197-1116-cpg-resolved.bin	tc1116_flow2	CWE197_Numeric_Truncation_Error__short_large_06.java	64	CWE197_Numeric_Truncation_Error__short_large_06.java	70
/home/swlab/Documents/swvul/java-vuln-detection/slicing/output/CPG/cwe197_cpg/cwe197-1116-cpg-resolved.bin	tc1116_flow3	CWE197_Numeric_Truncation_Error__short_large_06.java	82	CWE197_Numeric_Truncation_Error__short_large_06.java	93
/home/swlab/Documents/swvul/java-vuln-detection/slicing/output/CPG/cwe197_cpg/cwe197-1117-cpg-resolved.bin	tc1117_flow1	CWE197_Numeric_Truncation_Error__short_large_07.java	34	CWE197_Numeric_Truncation_Error__short_large_07.java	45
/home/swlab/Documents/swvul/java-vuln-detection/slicing/output/CPG/cwe197_cpg/cwe197-1117-cpg-resolved.bin	tc1117_flow2	CWE197_Numeric_Truncation_Error__short_large_07.java	64	CWE197_Numeric_Truncation_Error__short_large_07.java	70
/home/swlab/Documents/swvul/java-vuln-detection/slicing/output/CPG/cwe197_cpg/cwe197-1117-cpg-resolved.bin	tc1117_flow3	CWE197_Numeric_Truncation_Error__short_large_07.java	82	CWE197_Numeric_Truncation_Error__short_large_07.java	93
/home/swlab/Documents/swvul/java-vuln-detection/slicing/output/CPG/cwe197_cpg/cwe197-1118-cpg-resolved.bin	tc1118_flow1	CWE197_Numeric_Truncation_Error__short_large_08.java	42	CWE197_Numeric_Truncation_Error__short_large_08.java	53
/home/swlab/Documents/swvul/java-vuln-detection/slicing/output/CPG/cwe197_cpg/cwe197-1118-cpg-resolved.bin	tc1118_flow2	CWE197_Numeric_Truncation_Error__short_large_08.java	72	CWE197_Numeric_Truncation_Error__short_large_08.java	78
/home/swlab/Documents/swvul/java-vuln-detection/slicing/output/CPG/cwe197_cpg/cwe197-1118-cpg-resolved.bin	tc1118_flow3	CWE197_Numeric_Truncation_Error__short_large_08.java	90	CWE197_Numeric_Truncation_Error__short_large_08.java	101
/home/swlab/Documents/swvul/java-vuln-detection/slicing/output/CPG/cwe197_cpg/cwe197-1119-cpg-resolved.bin	tc1119_flow1	CWE197_Numeric_Truncation_Error__short_large_09.java	28	CWE197_Numeric_Truncation_Error__short_large_09.java	39
/home/swlab/Documents/swvul/java-vuln-detection/slicing/output/CPG/cwe197_cpg/cwe197-1119-cpg-resolved.bin	tc1119_flow2	CWE197_Numeric_Truncation_Error__short_large_09.java	58	CWE197_Numeric_Truncation_Error__short_large_09.java	64
/home/swlab/Documents/swvul/java-vuln-detection/slicing/output/CPG/cwe197_cpg/cwe197-1119-cpg-resolved.bin	tc1119_flow3	CWE197_Numeric_Truncation_Error__short_large_09.java	76	CWE197_Numeric_Truncation_Error__short_large_09.java	87
/home/swlab/Documents/swvul/java-vuln-detection/slicing/output/CPG/cwe197_cpg/cwe197-1120-cpg-resolved.bin	tc1120_flow1	CWE197_Numeric_Truncation_Error__short_large_10.java	28	CWE197_Numeric_Truncation_Error__short_large_10.java	39
/home/swlab/Documents/swvul/java-vuln-detection/slicing/output/CPG/cwe197_cpg/cwe197-1120-cpg-resolved.bin	tc1120_flow2	CWE197_Numeric_Truncation_Error__short_large_10.java	58	CWE197_Numeric_Truncation_Error__short_large_10.java	64
/home/swlab/Documents/swvul/java-vuln-detection/slicing/output/CPG/cwe197_cpg/cwe197-1120-cpg-resolved.bin	tc1120_flow3	CWE197_Numeric_Truncation_Error__short_large_10.java	76	CWE197_Numeric_Truncation_Error__short_large_10.java	87
/home/swlab/Documents/swvul/java-vuln-detection/slicing/output/CPG/cwe197_cpg/cwe197-1121-cpg-resolved.bin	tc1121_flow1	CWE197_Numeric_Truncation_Error__short_large_11.java	28	CWE197_Numeric_Truncation_Error__short_large_11.java	39
/home/swlab/Documents/swvul/java-vuln-detection/slicing/output/CPG/cwe197_cpg/cwe197-1121-cpg-resolved.bin	tc1121_flow2	CWE197_Numeric_Truncation_Error__short_large_11.java	58	CWE197_Numeric_Truncation_Error__short_large_11.java	64
/home/swlab/Documents/swvul/java-vuln-detection/slicing/output/CPG/cwe197_cpg/cwe197-1121-cpg-resolved.bin	tc1121_flow3	CWE197_Numeric_Truncation_Error__short_large_11.java	76	CWE197_Numeric_Truncation_Error__short_large_11.java	87
/home/swlab/Documents/swvul/java-vuln-detection/slicing/output/CPG/cwe197_cpg/cwe197-1122-cpg-resolved.bin	tc1122_flow1	CWE197_Numeric_Truncation_Error__short_large_12.java	28	CWE197_Numeric_Truncation_Error__short_large_12.java	40
/home/swlab/Documents/swvul/java-vuln-detection/slicing/output/CPG/cwe197_cpg/cwe197-1122-cpg-resolved.bin	tc1122_flow2	CWE197_Numeric_Truncation_Error__short_large_12.java	53	CWE197_Numeric_Truncation_Error__short_large_12.java	65
/home/swlab/Documents/swvul/java-vuln-detection/slicing/output/CPG/cwe197_cpg/cwe197-1123-cpg-resolved.bin	tc1123_flow1	CWE197_Numeric_Truncation_Error__short_large_13.java	28	CWE197_Numeric_Truncation_Error__short_large_13.java	39
/home/swlab/Documents/swvul/java-vuln-detection/slicing/output/CPG/cwe197_cpg/cwe197-1123-cpg-resolved.bin	tc1123_flow2	CWE197_Numeric_Truncation_Error__short_large_13.java	58	CWE197_Numeric_Truncation_Error__short_large_13.java	64
/home/swlab/Documents/swvul/java-vuln-detection/slicing/output/CPG/cwe197_cpg/cwe197-1123-cpg-resolved.bin	tc1123_flow3	CWE197_Numeric_Truncation_Error__short_large_13.java	76	CWE197_Numeric_Truncation_Error__short_large_13.java	87
/home/swlab/Documents/swvul/java-vuln-detection/slicing/output/CPG/cwe197_cpg/cwe197-1124-cpg-resolved.bin	tc1124_flow1	CWE197_Numeric_Truncation_Error__short_large_14.java	28	CWE197_Numeric_Truncation_Error__short_large_14.java	39
/home/swlab/Documents/swvul/java-vuln-detection/slicing/output/CPG/cwe197_cpg/cwe197-1124-cpg-resolved.bin	tc1124_flow2	CWE197_Numeric_Truncation_Error__short_large_14.java	58	CWE197_Numeric_Truncation_Error__short_large_14.java	64
/home/swlab/Documents/swvul/java-vuln-detection/slicing/output/CPG/cwe197_cpg/cwe197-1124-cpg-resolved.bin	tc1124_flow3	CWE197_Numeric_Truncation_Error__short_large_14.java	76	CWE197_Numeric_Truncation_Error__short_large_14.java	87
/home/swlab/Documents/swvul/java-vuln-detection/slicing/output/CPG/cwe197_cpg/cwe197-1125-cpg-resolved.bin	tc1125_flow1	CWE197_Numeric_Truncation_Error__short_large_15.java	30	CWE197_Numeric_Truncation_Error__short_large_15.java	41
/home/swlab/Documents/swvul/java-vuln-detection/slicing/output/CPG/cwe197_cpg/cwe197-1125-cpg-resolved.bin	tc1125_flow2	CWE197_Numeric_Truncation_Error__short_large_15.java	60	CWE197_Numeric_Truncation_Error__short_large_15.java	66
/home/swlab/Documents/swvul/java-vuln-detection/slicing/output/CPG/cwe197_cpg/cwe197-1125-cpg-resolved.bin	tc1125_flow3	CWE197_Numeric_Truncation_Error__short_large_15.java	80	CWE197_Numeric_Truncation_Error__short_large_15.java	91
/home/swlab/Documents/swvul/java-vuln-detection/slicing/output/CPG/cwe197_cpg/cwe197-1126-cpg-resolved.bin	tc1126_flow1	CWE197_Numeric_Truncation_Error__short_large_16.java	29	CWE197_Numeric_Truncation_Error__short_large_16.java	35
/home/swlab/Documents/swvul/java-vuln-detection/slicing/output/CPG/cwe197_cpg/cwe197-1126-cpg-resolved.bin	tc1126_flow2	CWE197_Numeric_Truncation_Error__short_large_16.java	48	CWE197_Numeric_Truncation_Error__short_large_16.java	54
/home/swlab/Documents/swvul/java-vuln-detection/slicing/output/CPG/cwe197_cpg/cwe197-1127-cpg-resolved.bin	tc1127_flow1	CWE197_Numeric_Truncation_Error__short_large_17.java	27	CWE197_Numeric_Truncation_Error__short_large_17.java	33
/home/swlab/Documents/swvul/java-vuln-detection/slicing/output/CPG/cwe197_cpg/cwe197-1127-cpg-resolved.bin	tc1127_flow2	CWE197_Numeric_Truncation_Error__short_large_17.java	45	CWE197_Numeric_Truncation_Error__short_large_17.java	51
/home/swlab/Documents/swvul/java-vuln-detection/slicing/output/CPG/cwe197_cpg/cwe197-1128-cpg-resolved.bin	tc1128_flow1	CWE197_Numeric_Truncation_Error__short_large_21.java	46	CWE197_Numeric_Truncation_Error__short_large_21.java	34
/home/swlab/Documents/swvul/java-vuln-detection/slicing/output/CPG/cwe197_cpg/cwe197-1128-cpg-resolved.bin	tc1128_flow2	CWE197_Numeric_Truncation_Error__short_large_21.java	97	CWE197_Numeric_Truncation_Error__short_large_21.java	78
/home/swlab/Documents/swvul/java-vuln-detection/slicing/output/CPG/cwe197_cpg/cwe197-1128-cpg-resolved.bin	tc1128_flow3	CWE197_Numeric_Truncation_Error__short_large_21.java	126	CWE197_Numeric_Truncation_Error__short_large_21.java	114
/home/swlab/Documents/swvul/java-vuln-detection/slicing/output/CPG/cwe197_cpg/cwe197-1129-cpg-resolved.bin	tc1129_flow1	CWE197_Numeric_Truncation_Error__short_large_22b.java	29	CWE197_Numeric_Truncation_Error__short_large_22a.java	35
/home/swlab/Documents/swvul/java-vuln-detection/slicing/output/CPG/cwe197_cpg/cwe197-1129-cpg-resolved.bin	tc1129_flow2	CWE197_Numeric_Truncation_Error__short_large_22b.java	55	CWE197_Numeric_Truncation_Error__short_large_22a.java	61
/home/swlab/Documents/swvul/java-vuln-detection/slicing/output/CPG/cwe197_cpg/cwe197-1129-cpg-resolved.bin	tc1129_flow3	CWE197_Numeric_Truncation_Error__short_large_22b.java	70	CWE197_Numeric_Truncation_Error__short_large_22a.java	76
/home/swlab/Documents/swvul/java-vuln-detection/slicing/output/CPG/cwe197_cpg/cwe197-1130-cpg-resolved.bin	tc1130_flow1	CWE197_Numeric_Truncation_Error__short_large_31.java	30	CWE197_Numeric_Truncation_Error__short_large_31.java	39
/home/swlab/Documents/swvul/java-vuln-detection/slicing/output/CPG/cwe197_cpg/cwe197-1130-cpg-resolved.bin	tc1130_flow2	CWE197_Numeric_Truncation_Error__short_large_31.java	58	CWE197_Numeric_Truncation_Error__short_large_31.java	67
/home/swlab/Documents/swvul/java-vuln-detection/slicing/output/CPG/cwe197_cpg/cwe197-1131-cpg-resolved.bin	tc1131_flow1	CWE197_Numeric_Truncation_Error__short_large_41.java	36	CWE197_Numeric_Truncation_Error__short_large_41.java	26
/home/swlab/Documents/swvul/java-vuln-detection/slicing/output/CPG/cwe197_cpg/cwe197-1131-cpg-resolved.bin	tc1131_flow2	CWE197_Numeric_Truncation_Error__short_large_41.java	62	CWE197_Numeric_Truncation_Error__short_large_41.java	51
/home/swlab/Documents/swvul/java-vuln-detection/slicing/output/CPG/cwe197_cpg/cwe197-1132-cpg-resolved.bin	tc1132_flow1	CWE197_Numeric_Truncation_Error__short_large_42.java	26	CWE197_Numeric_Truncation_Error__short_large_42.java	38
/home/swlab/Documents/swvul/java-vuln-detection/slicing/output/CPG/cwe197_cpg/cwe197-1132-cpg-resolved.bin	tc1132_flow2	CWE197_Numeric_Truncation_Error__short_large_42.java	48	CWE197_Numeric_Truncation_Error__short_large_42.java	60
/home/swlab/Documents/swvul/java-vuln-detection/slicing/output/CPG/cwe197_cpg/cwe197-1133-cpg-resolved.bin	tc1133_flow1	CWE197_Numeric_Truncation_Error__short_large_45.java	42	CWE197_Numeric_Truncation_Error__short_large_45.java	31
/home/swlab/Documents/swvul/java-vuln-detection/slicing/output/CPG/cwe197_cpg/cwe197-1133-cpg-resolved.bin	tc1133_flow2	CWE197_Numeric_Truncation_Error__short_large_45.java	70	CWE197_Numeric_Truncation_Error__short_large_45.java	59
/home/swlab/Documents/swvul/java-vuln-detection/slicing/output/CPG/cwe197_cpg/cwe197-1134-cpg-resolved.bin	tc1134_flow1	CWE197_Numeric_Truncation_Error__short_large_51a.java	26	CWE197_Numeric_Truncation_Error__short_large_51b.java	26
/home/swlab/Documents/swvul/java-vuln-detection/slicing/output/CPG/cwe197_cpg/cwe197-1134-cpg-resolved.bin	tc1134_flow2	CWE197_Numeric_Truncation_Error__short_large_51a.java	42	CWE197_Numeric_Truncation_Error__short_large_51b.java	37
/home/swlab/Documents/swvul/java-vuln-detection/slicing/output/CPG/cwe197_cpg/cwe197-1135-cpg-resolved.bin	tc1135_flow1	CWE197_Numeric_Truncation_Error__short_large_52a.java	27	CWE197_Numeric_Truncation_Error__short_large_52c.java	27
/home/swlab/Documents/swvul/java-vuln-detection/slicing/output/CPG/cwe197_cpg/cwe197-1135-cpg-resolved.bin	tc1135_flow2	CWE197_Numeric_Truncation_Error__short_large_52a.java	43	CWE197_Numeric_Truncation_Error__short_large_52c.java	38
/home/swlab/Documents/swvul/java-vuln-detection/slicing/output/CPG/cwe197_cpg/cwe197-1136-cpg-resolved.bin	tc1136_flow1	CWE197_Numeric_Truncation_Error__short_large_53a.java	27	CWE197_Numeric_Truncation_Error__short_large_53d.java	27
/home/swlab/Documents/swvul/java-vuln-detection/slicing/output/CPG/cwe197_cpg/cwe197-1136-cpg-resolved.bin	tc1136_flow2	CWE197_Numeric_Truncation_Error__short_large_53a.java	43	CWE197_Numeric_Truncation_Error__short_large_53d.java	38
/home/swlab/Documents/swvul/java-vuln-detection/slicing/output/CPG/cwe197_cpg/cwe197-1137-cpg-resolved.bin	tc1137_flow1	CWE197_Numeric_Truncation_Error__short_large_54a.java	27	CWE197_Numeric_Truncation_Error__short_large_54e.java	27
/home/swlab/Documents/swvul/java-vuln-detection/slicing/output/CPG/cwe197_cpg/cwe197-1137-cpg-resolved.bin	tc1137_flow2	CWE197_Numeric_Truncation_Error__short_large_54a.java	43	CWE197_Numeric_Truncation_Error__short_large_54e.java	38
/home/swlab/Documents/swvul/java-vuln-detection/slicing/output/CPG/cwe197_cpg/cwe197-1138-cpg-resolved.bin	tc1138_flow1	CWE197_Numeric_Truncation_Error__short_large_61b.java	27	CWE197_Numeric_Truncation_Error__short_large_61a.java	28
/home/swlab/Documents/swvul/java-vuln-detection/slicing/output/CPG/cwe197_cpg/cwe197-1138-cpg-resolved.bin	tc1138_flow2	CWE197_Numeric_Truncation_Error__short_large_61b.java	38	CWE197_Numeric_Truncation_Error__short_large_61a.java	45
/home/swlab/Documents/swvul/java-vuln-detection/slicing/output/CPG/cwe197_cpg/cwe197-1139-cpg-resolved.bin	tc1139_flow1	CWE197_Numeric_Truncation_Error__short_large_66a.java	27	CWE197_Numeric_Truncation_Error__short_large_66b.java	28
/home/swlab/Documents/swvul/java-vuln-detection/slicing/output/CPG/cwe197_cpg/cwe197-1139-cpg-resolved.bin	tc1139_flow2	CWE197_Numeric_Truncation_Error__short_large_66a.java	45	CWE197_Numeric_Truncation_Error__short_large_66b.java	40
/home/swlab/Documents/swvul/java-vuln-detection/slicing/output/CPG/cwe197_cpg/cwe197-1140-cpg-resolved.bin	tc1140_flow1	CWE197_Numeric_Truncation_Error__short_large_67a.java	32	CWE197_Numeric_Truncation_Error__short_large_67b.java	28
/home/swlab/Documents/swvul/java-vuln-detection/slicing/output/CPG/cwe197_cpg/cwe197-1140-cpg-resolved.bin	tc1140_flow2	CWE197_Numeric_Truncation_Error__short_large_67a.java	50	CWE197_Numeric_Truncation_Error__short_large_67b.java	40
/home/swlab/Documents/swvul/java-vuln-detection/slicing/output/CPG/cwe197_cpg/cwe197-1141-cpg-resolved.bin	tc1141_flow1	CWE197_Numeric_Truncation_Error__short_large_68a.java	27	CWE197_Numeric_Truncation_Error__short_large_68b.java	27
/home/swlab/Documents/swvul/java-vuln-detection/slicing/output/CPG/cwe197_cpg/cwe197-1141-cpg-resolved.bin	tc1141_flow2	CWE197_Numeric_Truncation_Error__short_large_68a.java	42	CWE197_Numeric_Truncation_Error__short_large_68b.java	39
/home/swlab/Documents/swvul/java-vuln-detection/slicing/output/CPG/cwe197_cpg/cwe197-1142-cpg-resolved.bin	tc1142_flow1	CWE197_Numeric_Truncation_Error__short_large_71a.java	27	CWE197_Numeric_Truncation_Error__short_large_71b.java	28
/home/swlab/Documents/swvul/java-vuln-detection/slicing/output/CPG/cwe197_cpg/cwe197-1142-cpg-resolved.bin	tc1142_flow2	CWE197_Numeric_Truncation_Error__short_large_71a.java	43	CWE197_Numeric_Truncation_Error__short_large_71b.java	40
/home/swlab/Documents/swvul/java-vuln-detection/slicing/output/CPG/cwe197_cpg/cwe197-1143-cpg-resolved.bin	tc1143_flow1	CWE197_Numeric_Truncation_Error__short_large_72a.java	28	CWE197_Numeric_Truncation_Error__short_large_72b.java	29
/home/swlab/Documents/swvul/java-vuln-detection/slicing/output/CPG/cwe197_cpg/cwe197-1143-cpg-resolved.bin	tc1143_flow2	CWE197_Numeric_Truncation_Error__short_large_72a.java	48	CWE197_Numeric_Truncation_Error__short_large_72b.java	41
/home/swlab/Documents/swvul/java-vuln-detection/slicing/output/CPG/cwe197_cpg/cwe197-1144-cpg-resolved.bin	tc1144_flow1	CWE197_Numeric_Truncation_Error__short_large_73a.java	28	CWE197_Numeric_Truncation_Error__short_large_73b.java	29
/home/swlab/Documents/swvul/java-vuln-detection/slicing/output/CPG/cwe197_cpg/cwe197-1144-cpg-resolved.bin	tc1144_flow2	CWE197_Numeric_Truncation_Error__short_large_73a.java	48	CWE197_Numeric_Truncation_Error__short_large_73b.java	41
/home/swlab/Documents/swvul/java-vuln-detection/slicing/output/CPG/cwe197_cpg/cwe197-1145-cpg-resolved.bin	tc1145_flow1	CWE197_Numeric_Truncation_Error__short_large_74a.java	28	CWE197_Numeric_Truncation_Error__short_large_74b.java	29
/home/swlab/Documents/swvul/java-vuln-detection/slicing/output/CPG/cwe197_cpg/cwe197-1145-cpg-resolved.bin	tc1145_flow2	CWE197_Numeric_Truncation_Error__short_large_74a.java	48	CWE197_Numeric_Truncation_Error__short_large_74b.java	41
/home/swlab/Documents/swvul/java-vuln-detection/slicing/output/CPG/cwe197_cpg/cwe197-1146-cpg-resolved.bin	tc1146_flow1	CWE197_Numeric_Truncation_Error__short_large_75a.java	32	CWE197_Numeric_Truncation_Error__short_large_75b.java	40
/home/swlab/Documents/swvul/java-vuln-detection/slicing/output/CPG/cwe197_cpg/cwe197-1146-cpg-resolved.bin	tc1146_flow2	CWE197_Numeric_Truncation_Error__short_large_75a.java	90	CWE197_Numeric_Truncation_Error__short_large_75b.java	96
/home/swlab/Documents/swvul/java-vuln-detection/slicing/output/CPG/cwe197_cpg/cwe197-1147-cpg-resolved.bin	tc1147_flow1	CWE197_Numeric_Truncation_Error__short_large_81a.java	27	CWE197_Numeric_Truncation_Error__short_large_81_bad.java	27
/home/swlab/Documents/swvul/java-vuln-detection/slicing/output/CPG/cwe197_cpg/cwe197-1147-cpg-resolved.bin	tc1147_flow2	CWE197_Numeric_Truncation_Error__short_large_81a.java	44	CWE197_Numeric_Truncation_Error__short_large_81_goodG2B.java	27
/home/swlab/Documents/swvul/java-vuln-detection/slicing/output/CPG/cwe197_cpg/cwe197-1148-cpg-resolved.bin	tc1148_flow1	CWE197_Numeric_Truncation_Error__short_listen_tcp_01.java	54	CWE197_Numeric_Truncation_Error__short_listen_tcp_01.java	127
/home/swlab/Documents/swvul/java-vuln-detection/slicing/output/CPG/cwe197_cpg/cwe197-1148-cpg-resolved.bin	tc1148_flow2	CWE197_Numeric_Truncation_Error__short_listen_tcp_01.java	143	CWE197_Numeric_Truncation_Error__short_listen_tcp_01.java	147
/home/swlab/Documents/swvul/java-vuln-detection/slicing/output/CPG/cwe197_cpg/cwe197-1149-cpg-resolved.bin	tc1149_flow1	CWE197_Numeric_Truncation_Error__short_listen_tcp_02.java	50	CWE197_Numeric_Truncation_Error__short_listen_tcp_02.java	130
/home/swlab/Documents/swvul/java-vuln-detection/slicing/output/CPG/cwe197_cpg/cwe197-1149-cpg-resolved.bin	tc1149_flow2	CWE197_Numeric_Truncation_Error__short_listen_tcp_02.java	149	CWE197_Numeric_Truncation_Error__short_listen_tcp_02.java	155
/home/swlab/Documents/swvul/java-vuln-detection/slicing/output/CPG/cwe197_cpg/cwe197-1149-cpg-resolved.bin	tc1149_flow3	CWE197_Numeric_Truncation_Error__short_listen_tcp_02.java	167	CWE197_Numeric_Truncation_Error__short_listen_tcp_02.java	178
/home/swlab/Documents/swvul/java-vuln-detection/slicing/output/CPG/cwe197_cpg/cwe197-1150-cpg-resolved.bin	tc1150_flow1	CWE197_Numeric_Truncation_Error__short_listen_tcp_03.java	50	CWE197_Numeric_Truncation_Error__short_listen_tcp_03.java	130
/home/swlab/Documents/swvul/java-vuln-detection/slicing/output/CPG/cwe197_cpg/cwe197-1150-cpg-resolved.bin	tc1150_flow2	CWE197_Numeric_Truncation_Error__short_listen_tcp_03.java	149	CWE197_Numeric_Truncation_Error__short_listen_tcp_03.java	155
/home/swlab/Documents/swvul/java-vuln-detection/slicing/output/CPG/cwe197_cpg/cwe197-1150-cpg-resolved.bin	tc1150_flow3	CWE197_Numeric_Truncation_Error__short_listen_tcp_03.java	167	CWE197_Numeric_Truncation_Error__short_listen_tcp_03.java	178
/home/swlab/Documents/swvul/java-vuln-detection/slicing/output/CPG/cwe197_cpg/cwe197-1151-cpg-resolved.bin	tc1151_flow1	CWE197_Numeric_Truncation_Error__short_listen_tcp_04.java	57	CWE197_Numeric_Truncation_Error__short_listen_tcp_04.java	137
/home/swlab/Documents/swvul/java-vuln-detection/slicing/output/CPG/cwe197_cpg/cwe197-1151-cpg-resolved.bin	tc1151_flow2	CWE197_Numeric_Truncation_Error__short_listen_tcp_04.java	156	CWE197_Numeric_Truncation_Error__short_listen_tcp_04.java	162
/home/swlab/Documents/swvul/java-vuln-detection/slicing/output/CPG/cwe197_cpg/cwe197-1151-cpg-resolved.bin	tc1151_flow3	CWE197_Numeric_Truncation_Error__short_listen_tcp_04.java	174	CWE197_Numeric_Truncation_Error__short_listen_tcp_04.java	185
/home/swlab/Documents/swvul/java-vuln-detection/slicing/output/CPG/cwe197_cpg/cwe197-1152-cpg-resolved.bin	tc1152_flow1	CWE197_Numeric_Truncation_Error__short_listen_tcp_05.java	57	CWE197_Numeric_Truncation_Error__short_listen_tcp_05.java	137
/home/swlab/Documents/swvul/java-vuln-detection/slicing/output/CPG/cwe197_cpg/cwe197-1152-cpg-resolved.bin	tc1152_flow2	CWE197_Numeric_Truncation_Error__short_listen_tcp_05.java	156	CWE197_Numeric_Truncation_Error__short_listen_tcp_05.java	162
/home/swlab/Documents/swvul/java-vuln-detection/slicing/output/CPG/cwe197_cpg/cwe197-1152-cpg-resolved.bin	tc1152_flow3	CWE197_Numeric_Truncation_Error__short_listen_tcp_05.java	174	CWE197_Numeric_Truncation_Error__short_listen_tcp_05.java	185
/home/swlab/Documents/swvul/java-vuln-detection/slicing/output/CPG/cwe197_cpg/cwe197-1153-cpg-resolved.bin	tc1153_flow1	CWE197_Numeric_Truncation_Error__short_listen_tcp_06.java	56	CWE197_Numeric_Truncation_Error__short_listen_tcp_06.java	136
/home/swlab/Documents/swvul/java-vuln-detection/slicing/output/CPG/cwe197_cpg/cwe197-1153-cpg-resolved.bin	tc1153_flow2	CWE197_Numeric_Truncation_Error__short_listen_tcp_06.java	155	CWE197_Numeric_Truncation_Error__short_listen_tcp_06.java	161
/home/swlab/Documents/swvul/java-vuln-detection/slicing/output/CPG/cwe197_cpg/cwe197-1153-cpg-resolved.bin	tc1153_flow3	CWE197_Numeric_Truncation_Error__short_listen_tcp_06.java	173	CWE197_Numeric_Truncation_Error__short_listen_tcp_06.java	184
/home/swlab/Documents/swvul/java-vuln-detection/slicing/output/CPG/cwe197_cpg/cwe197-1154-cpg-resolved.bin	tc1154_flow1	CWE197_Numeric_Truncation_Error__short_listen_tcp_07.java	56	CWE197_Numeric_Truncation_Error__short_listen_tcp_07.java	136
/home/swlab/Documents/swvul/java-vuln-detection/slicing/output/CPG/cwe197_cpg/cwe197-1154-cpg-resolved.bin	tc1154_flow2	CWE197_Numeric_Truncation_Error__short_listen_tcp_07.java	155	CWE197_Numeric_Truncation_Error__short_listen_tcp_07.java	161
/home/swlab/Documents/swvul/java-vuln-detection/slicing/output/CPG/cwe197_cpg/cwe197-1154-cpg-resolved.bin	tc1154_flow3	CWE197_Numeric_Truncation_Error__short_listen_tcp_07.java	173	CWE197_Numeric_Truncation_Error__short_listen_tcp_07.java	184
/home/swlab/Documents/swvul/java-vuln-detection/slicing/output/CPG/cwe197_cpg/cwe197-1155-cpg-resolved.bin	tc1155_flow1	CWE197_Numeric_Truncation_Error__short_listen_tcp_08.java	64	CWE197_Numeric_Truncation_Error__short_listen_tcp_08.java	144
/home/swlab/Documents/swvul/java-vuln-detection/slicing/output/CPG/cwe197_cpg/cwe197-1155-cpg-resolved.bin	tc1155_flow2	CWE197_Numeric_Truncation_Error__short_listen_tcp_08.java	163	CWE197_Numeric_Truncation_Error__short_listen_tcp_08.java	169
/home/swlab/Documents/swvul/java-vuln-detection/slicing/output/CPG/cwe197_cpg/cwe197-1155-cpg-resolved.bin	tc1155_flow3	CWE197_Numeric_Truncation_Error__short_listen_tcp_08.java	181	CWE197_Numeric_Truncation_Error__short_listen_tcp_08.java	192
/home/swlab/Documents/swvul/java-vuln-detection/slicing/output/CPG/cwe197_cpg/cwe197-1156-cpg-resolved.bin	tc1156_flow1	CWE197_Numeric_Truncation_Error__short_listen_tcp_09.java	50	CWE197_Numeric_Truncation_Error__short_listen_tcp_09.java	130
/home/swlab/Documents/swvul/java-vuln-detection/slicing/output/CPG/cwe197_cpg/cwe197-1156-cpg-resolved.bin	tc1156_flow2	CWE197_Numeric_Truncation_Error__short_listen_tcp_09.java	149	CWE197_Numeric_Truncation_Error__short_listen_tcp_09.java	155
/home/swlab/Documents/swvul/java-vuln-detection/slicing/output/CPG/cwe197_cpg/cwe197-1156-cpg-resolved.bin	tc1156_flow3	CWE197_Numeric_Truncation_Error__short_listen_tcp_09.java	167	CWE197_Numeric_Truncation_Error__short_listen_tcp_09.java	178
/home/swlab/Documents/swvul/java-vuln-detection/slicing/output/CPG/cwe197_cpg/cwe197-1157-cpg-resolved.bin	tc1157_flow1	CWE197_Numeric_Truncation_Error__short_listen_tcp_10.java	50	CWE197_Numeric_Truncation_Error__short_listen_tcp_10.java	130
/home/swlab/Documents/swvul/java-vuln-detection/slicing/output/CPG/cwe197_cpg/cwe197-1157-cpg-resolved.bin	tc1157_flow2	CWE197_Numeric_Truncation_Error__short_listen_tcp_10.java	149	CWE197_Numeric_Truncation_Error__short_listen_tcp_10.java	155
/home/swlab/Documents/swvul/java-vuln-detection/slicing/output/CPG/cwe197_cpg/cwe197-1157-cpg-resolved.bin	tc1157_flow3	CWE197_Numeric_Truncation_Error__short_listen_tcp_10.java	167	CWE197_Numeric_Truncation_Error__short_listen_tcp_10.java	178
/home/swlab/Documents/swvul/java-vuln-detection/slicing/output/CPG/cwe197_cpg/cwe197-1158-cpg-resolved.bin	tc1158_flow1	CWE197_Numeric_Truncation_Error__short_listen_tcp_11.java	50	CWE197_Numeric_Truncation_Error__short_listen_tcp_11.java	130
/home/swlab/Documents/swvul/java-vuln-detection/slicing/output/CPG/cwe197_cpg/cwe197-1158-cpg-resolved.bin	tc1158_flow2	CWE197_Numeric_Truncation_Error__short_listen_tcp_11.java	149	CWE197_Numeric_Truncation_Error__short_listen_tcp_11.java	155
/home/swlab/Documents/swvul/java-vuln-detection/slicing/output/CPG/cwe197_cpg/cwe197-1158-cpg-resolved.bin	tc1158_flow3	CWE197_Numeric_Truncation_Error__short_listen_tcp_11.java	167	CWE197_Numeric_Truncation_Error__short_listen_tcp_11.java	178
/home/swlab/Documents/swvul/java-vuln-detection/slicing/output/CPG/cwe197_cpg/cwe197-1159-cpg-resolved.bin	tc1159_flow1	CWE197_Numeric_Truncation_Error__short_listen_tcp_12.java	50	CWE197_Numeric_Truncation_Error__short_listen_tcp_12.java	131
/home/swlab/Documents/swvul/java-vuln-detection/slicing/output/CPG/cwe197_cpg/cwe197-1159-cpg-resolved.bin	tc1159_flow2	CWE197_Numeric_Truncation_Error__short_listen_tcp_12.java	144	CWE197_Numeric_Truncation_Error__short_listen_tcp_12.java	156
/home/swlab/Documents/swvul/java-vuln-detection/slicing/output/CPG/cwe197_cpg/cwe197-1160-cpg-resolved.bin	tc1160_flow1	CWE197_Numeric_Truncation_Error__short_listen_tcp_13.java	50	CWE197_Numeric_Truncation_Error__short_listen_tcp_13.java	130
/home/swlab/Documents/swvul/java-vuln-detection/slicing/output/CPG/cwe197_cpg/cwe197-1160-cpg-resolved.bin	tc1160_flow2	CWE197_Numeric_Truncation_Error__short_listen_tcp_13.java	149	CWE197_Numeric_Truncation_Error__short_listen_tcp_13.java	155
/home/swlab/Documents/swvul/java-vuln-detection/slicing/output/CPG/cwe197_cpg/cwe197-1160-cpg-resolved.bin	tc1160_flow3	CWE197_Numeric_Truncation_Error__short_listen_tcp_13.java	167	CWE197_Numeric_Truncation_Error__short_listen_tcp_13.java	178
/home/swlab/Documents/swvul/java-vuln-detection/slicing/output/CPG/cwe197_cpg/cwe197-1161-cpg-resolved.bin	tc1161_flow1	CWE197_Numeric_Truncation_Error__short_listen_tcp_14.java	50	CWE197_Numeric_Truncation_Error__short_listen_tcp_14.java	130
/home/swlab/Documents/swvul/java-vuln-detection/slicing/output/CPG/cwe197_cpg/cwe197-1161-cpg-resolved.bin	tc1161_flow2	CWE197_Numeric_Truncation_Error__short_listen_tcp_14.java	149	CWE197_Numeric_Truncation_Error__short_listen_tcp_14.java	155
/home/swlab/Documents/swvul/java-vuln-detection/slicing/output/CPG/cwe197_cpg/cwe197-1161-cpg-resolved.bin	tc1161_flow3	CWE197_Numeric_Truncation_Error__short_listen_tcp_14.java	167	CWE197_Numeric_Truncation_Error__short_listen_tcp_14.java	178
/home/swlab/Documents/swvul/java-vuln-detection/slicing/output/CPG/cwe197_cpg/cwe197-1162-cpg-resolved.bin	tc1162_flow1	CWE197_Numeric_Truncation_Error__short_listen_tcp_15.java	52	CWE197_Numeric_Truncation_Error__short_listen_tcp_15.java	132
/home/swlab/Documents/swvul/java-vuln-detection/slicing/output/CPG/cwe197_cpg/cwe197-1162-cpg-resolved.bin	tc1162_flow2	CWE197_Numeric_Truncation_Error__short_listen_tcp_15.java	151	CWE197_Numeric_Truncation_Error__short_listen_tcp_15.java	157
/home/swlab/Documents/swvul/java-vuln-detection/slicing/output/CPG/cwe197_cpg/cwe197-1162-cpg-resolved.bin	tc1162_flow3	CWE197_Numeric_Truncation_Error__short_listen_tcp_15.java	171	CWE197_Numeric_Truncation_Error__short_listen_tcp_15.java	182
/home/swlab/Documents/swvul/java-vuln-detection/slicing/output/CPG/cwe197_cpg/cwe197-1163-cpg-resolved.bin	tc1163_flow1	CWE197_Numeric_Truncation_Error__short_listen_tcp_16.java	51	CWE197_Numeric_Truncation_Error__short_listen_tcp_16.java	126
/home/swlab/Documents/swvul/java-vuln-detection/slicing/output/CPG/cwe197_cpg/cwe197-1163-cpg-resolved.bin	tc1163_flow2	CWE197_Numeric_Truncation_Error__short_listen_tcp_16.java	139	CWE197_Numeric_Truncation_Error__short_listen_tcp_16.java	145
/home/swlab/Documents/swvul/java-vuln-detection/slicing/output/CPG/cwe197_cpg/cwe197-1164-cpg-resolved.bin	tc1164_flow1	CWE197_Numeric_Truncation_Error__short_listen_tcp_17.java	54	CWE197_Numeric_Truncation_Error__short_listen_tcp_17.java	129
/home/swlab/Documents/swvul/java-vuln-detection/slicing/output/CPG/cwe197_cpg/cwe197-1164-cpg-resolved.bin	tc1164_flow2	CWE197_Numeric_Truncation_Error__short_listen_tcp_17.java	141	CWE197_Numeric_Truncation_Error__short_listen_tcp_17.java	147
/home/swlab/Documents/swvul/java-vuln-detection/slicing/output/CPG/cwe197_cpg/cwe197-1165-cpg-resolved.bin	tc1165_flow1	CWE197_Numeric_Truncation_Error__short_listen_tcp_21.java	68	CWE197_Numeric_Truncation_Error__short_listen_tcp_21.java	42
/home/swlab/Documents/swvul/java-vuln-detection/slicing/output/CPG/cwe197_cpg/cwe197-1165-cpg-resolved.bin	tc1165_flow2	CWE197_Numeric_Truncation_Error__short_listen_tcp_21.java	188	CWE197_Numeric_Truncation_Error__short_listen_tcp_21.java	169
/home/swlab/Documents/swvul/java-vuln-detection/slicing/output/CPG/cwe197_cpg/cwe197-1165-cpg-resolved.bin	tc1165_flow3	CWE197_Numeric_Truncation_Error__short_listen_tcp_21.java	217	CWE197_Numeric_Truncation_Error__short_listen_tcp_21.java	205
/home/swlab/Documents/swvul/java-vuln-detection/slicing/output/CPG/cwe197_cpg/cwe197-1166-cpg-resolved.bin	tc1166_flow1	CWE197_Numeric_Truncation_Error__short_listen_tcp_22b.java	51	CWE197_Numeric_Truncation_Error__short_listen_tcp_22a.java	35
/home/swlab/Documents/swvul/java-vuln-detection/slicing/output/CPG/cwe197_cpg/cwe197-1166-cpg-resolved.bin	tc1166_flow2	CWE197_Numeric_Truncation_Error__short_listen_tcp_22b.java	146	CWE197_Numeric_Truncation_Error__short_listen_tcp_22a.java	61
/home/swlab/Documents/swvul/java-vuln-detection/slicing/output/CPG/cwe197_cpg/cwe197-1166-cpg-resolved.bin	tc1166_flow3	CWE197_Numeric_Truncation_Error__short_listen_tcp_22b.java	161	CWE197_Numeric_Truncation_Error__short_listen_tcp_22a.java	76
/home/swlab/Documents/swvul/java-vuln-detection/slicing/output/CPG/cwe197_cpg/cwe197-1167-cpg-resolved.bin	tc1167_flow1	CWE197_Numeric_Truncation_Error__short_listen_tcp_31.java	57	CWE197_Numeric_Truncation_Error__short_listen_tcp_31.java	135
/home/swlab/Documents/swvul/java-vuln-detection/slicing/output/CPG/cwe197_cpg/cwe197-1167-cpg-resolved.bin	tc1167_flow2	CWE197_Numeric_Truncation_Error__short_listen_tcp_31.java	154	CWE197_Numeric_Truncation_Error__short_listen_tcp_31.java	163
/home/swlab/Documents/swvul/java-vuln-detection/slicing/output/CPG/cwe197_cpg/cwe197-1168-cpg-resolved.bin	tc1168_flow1	CWE197_Numeric_Truncation_Error__short_listen_tcp_41.java	63	CWE197_Numeric_Truncation_Error__short_listen_tcp_41.java	34
/home/swlab/Documents/swvul/java-vuln-detection/slicing/output/CPG/cwe197_cpg/cwe197-1168-cpg-resolved.bin	tc1168_flow2	CWE197_Numeric_Truncation_Error__short_listen_tcp_41.java	158	CWE197_Numeric_Truncation_Error__short_listen_tcp_41.java	147
/home/swlab/Documents/swvul/java-vuln-detection/slicing/output/CPG/cwe197_cpg/cwe197-1169-cpg-resolved.bin	tc1169_flow1	CWE197_Numeric_Truncation_Error__short_listen_tcp_42.java	53	CWE197_Numeric_Truncation_Error__short_listen_tcp_42.java	134
/home/swlab/Documents/swvul/java-vuln-detection/slicing/output/CPG/cwe197_cpg/cwe197-1169-cpg-resolved.bin	tc1169_flow2	CWE197_Numeric_Truncation_Error__short_listen_tcp_42.java	144	CWE197_Numeric_Truncation_Error__short_listen_tcp_42.java	156
/home/swlab/Documents/swvul/java-vuln-detection/slicing/output/CPG/cwe197_cpg/cwe197-1170-cpg-resolved.bin	tc1170_flow1	CWE197_Numeric_Truncation_Error__short_listen_tcp_45.java	69	CWE197_Numeric_Truncation_Error__short_listen_tcp_45.java	39
/home/swlab/Documents/swvul/java-vuln-detection/slicing/output/CPG/cwe197_cpg/cwe197-1170-cpg-resolved.bin	tc1170_flow2	CWE197_Numeric_Truncation_Error__short_listen_tcp_45.java	166	CWE197_Numeric_Truncation_Error__short_listen_tcp_45.java	155
/home/swlab/Documents/swvul/java-vuln-detection/slicing/output/CPG/cwe197_cpg/cwe197-1171-cpg-resolved.bin	tc1171_flow1	CWE197_Numeric_Truncation_Error__short_listen_tcp_51a.java	53	CWE197_Numeric_Truncation_Error__short_listen_tcp_51b.java	26
/home/swlab/Documents/swvul/java-vuln-detection/slicing/output/CPG/cwe197_cpg/cwe197-1171-cpg-resolved.bin	tc1171_flow2	CWE197_Numeric_Truncation_Error__short_listen_tcp_51a.java	138	CWE197_Numeric_Truncation_Error__short_listen_tcp_51b.java	37
/home/swlab/Documents/swvul/java-vuln-detection/slicing/output/CPG/cwe197_cpg/cwe197-1172-cpg-resolved.bin	tc1172_flow1	CWE197_Numeric_Truncation_Error__short_listen_tcp_52a.java	54	CWE197_Numeric_Truncation_Error__short_listen_tcp_52c.java	27
/home/swlab/Documents/swvul/java-vuln-detection/slicing/output/CPG/cwe197_cpg/cwe197-1172-cpg-resolved.bin	tc1172_flow2	CWE197_Numeric_Truncation_Error__short_listen_tcp_52a.java	139	CWE197_Numeric_Truncation_Error__short_listen_tcp_52c.java	38
/home/swlab/Documents/swvul/java-vuln-detection/slicing/output/CPG/cwe197_cpg/cwe197-1173-cpg-resolved.bin	tc1173_flow1	CWE197_Numeric_Truncation_Error__short_listen_tcp_53a.java	54	CWE197_Numeric_Truncation_Error__short_listen_tcp_53d.java	27
/home/swlab/Documents/swvul/java-vuln-detection/slicing/output/CPG/cwe197_cpg/cwe197-1173-cpg-resolved.bin	tc1173_flow2	CWE197_Numeric_Truncation_Error__short_listen_tcp_53a.java	139	CWE197_Numeric_Truncation_Error__short_listen_tcp_53d.java	38
/home/swlab/Documents/swvul/java-vuln-detection/slicing/output/CPG/cwe197_cpg/cwe197-1174-cpg-resolved.bin	tc1174_flow1	CWE197_Numeric_Truncation_Error__short_listen_tcp_54a.java	54	CWE197_Numeric_Truncation_Error__short_listen_tcp_54e.java	27
/home/swlab/Documents/swvul/java-vuln-detection/slicing/output/CPG/cwe197_cpg/cwe197-1174-cpg-resolved.bin	tc1174_flow2	CWE197_Numeric_Truncation_Error__short_listen_tcp_54a.java	139	CWE197_Numeric_Truncation_Error__short_listen_tcp_54e.java	38
/home/swlab/Documents/swvul/java-vuln-detection/slicing/output/CPG/cwe197_cpg/cwe197-1175-cpg-resolved.bin	tc1175_flow1	CWE197_Numeric_Truncation_Error__short_listen_tcp_61b.java	54	CWE197_Numeric_Truncation_Error__short_listen_tcp_61a.java	28
/home/swlab/Documents/swvul/java-vuln-detection/slicing/output/CPG/cwe197_cpg/cwe197-1175-cpg-resolved.bin	tc1175_flow2	CWE197_Numeric_Truncation_Error__short_listen_tcp_61b.java	134	CWE197_Numeric_Truncation_Error__short_listen_tcp_61a.java	45
/home/swlab/Documents/swvul/java-vuln-detection/slicing/output/CPG/cwe197_cpg/cwe197-1176-cpg-resolved.bin	tc1176_flow1	CWE197_Numeric_Truncation_Error__short_listen_tcp_66a.java	54	CWE197_Numeric_Truncation_Error__short_listen_tcp_66b.java	28
/home/swlab/Documents/swvul/java-vuln-detection/slicing/output/CPG/cwe197_cpg/cwe197-1176-cpg-resolved.bin	tc1176_flow2	CWE197_Numeric_Truncation_Error__short_listen_tcp_66a.java	141	CWE197_Numeric_Truncation_Error__short_listen_tcp_66b.java	40
/home/swlab/Documents/swvul/java-vuln-detection/slicing/output/CPG/cwe197_cpg/cwe197-1177-cpg-resolved.bin	tc1177_flow1	CWE197_Numeric_Truncation_Error__short_listen_tcp_67a.java	59	CWE197_Numeric_Truncation_Error__short_listen_tcp_67b.java	28
/home/swlab/Documents/swvul/java-vuln-detection/slicing/output/CPG/cwe197_cpg/cwe197-1177-cpg-resolved.bin	tc1177_flow2	CWE197_Numeric_Truncation_Error__short_listen_tcp_67a.java	146	CWE197_Numeric_Truncation_Error__short_listen_tcp_67b.java	40
/home/swlab/Documents/swvul/java-vuln-detection/slicing/output/CPG/cwe197_cpg/cwe197-1178-cpg-resolved.bin	tc1178_flow1	CWE197_Numeric_Truncation_Error__short_listen_tcp_68a.java	54	CWE197_Numeric_Truncation_Error__short_listen_tcp_68b.java	27
/home/swlab/Documents/swvul/java-vuln-detection/slicing/output/CPG/cwe197_cpg/cwe197-1178-cpg-resolved.bin	tc1178_flow2	CWE197_Numeric_Truncation_Error__short_listen_tcp_68a.java	138	CWE197_Numeric_Truncation_Error__short_listen_tcp_68b.java	39
/home/swlab/Documents/swvul/java-vuln-detection/slicing/output/CPG/cwe197_cpg/cwe197-1179-cpg-resolved.bin	tc1179_flow1	CWE197_Numeric_Truncation_Error__short_listen_tcp_71a.java	54	CWE197_Numeric_Truncation_Error__short_listen_tcp_71b.java	28
/home/swlab/Documents/swvul/java-vuln-detection/slicing/output/CPG/cwe197_cpg/cwe197-1179-cpg-resolved.bin	tc1179_flow2	CWE197_Numeric_Truncation_Error__short_listen_tcp_71a.java	139	CWE197_Numeric_Truncation_Error__short_listen_tcp_71b.java	40
/home/swlab/Documents/swvul/java-vuln-detection/slicing/output/CPG/cwe197_cpg/cwe197-1180-cpg-resolved.bin	tc1180_flow1	CWE197_Numeric_Truncation_Error__short_listen_tcp_72a.java	55	CWE197_Numeric_Truncation_Error__short_listen_tcp_72b.java	29
/home/swlab/Documents/swvul/java-vuln-detection/slicing/output/CPG/cwe197_cpg/cwe197-1180-cpg-resolved.bin	tc1180_flow2	CWE197_Numeric_Truncation_Error__short_listen_tcp_72a.java	144	CWE197_Numeric_Truncation_Error__short_listen_tcp_72b.java	41
/home/swlab/Documents/swvul/java-vuln-detection/slicing/output/CPG/cwe197_cpg/cwe197-1181-cpg-resolved.bin	tc1181_flow1	CWE197_Numeric_Truncation_Error__short_listen_tcp_73a.java	55	CWE197_Numeric_Truncation_Error__short_listen_tcp_73b.java	29
/home/swlab/Documents/swvul/java-vuln-detection/slicing/output/CPG/cwe197_cpg/cwe197-1181-cpg-resolved.bin	tc1181_flow2	CWE197_Numeric_Truncation_Error__short_listen_tcp_73a.java	144	CWE197_Numeric_Truncation_Error__short_listen_tcp_73b.java	41
/home/swlab/Documents/swvul/java-vuln-detection/slicing/output/CPG/cwe197_cpg/cwe197-1182-cpg-resolved.bin	tc1182_flow1	CWE197_Numeric_Truncation_Error__short_listen_tcp_74a.java	55	CWE197_Numeric_Truncation_Error__short_listen_tcp_74b.java	29
/home/swlab/Documents/swvul/java-vuln-detection/slicing/output/CPG/cwe197_cpg/cwe197-1182-cpg-resolved.bin	tc1182_flow2	CWE197_Numeric_Truncation_Error__short_listen_tcp_74a.java	144	CWE197_Numeric_Truncation_Error__short_listen_tcp_74b.java	41
/home/swlab/Documents/swvul/java-vuln-detection/slicing/output/CPG/cwe197_cpg/cwe197-1183-cpg-resolved.bin	tc1183_flow1	CWE197_Numeric_Truncation_Error__short_listen_tcp_75a.java	57	CWE197_Numeric_Truncation_Error__short_listen_tcp_75b.java	40
/home/swlab/Documents/swvul/java-vuln-detection/slicing/output/CPG/cwe197_cpg/cwe197-1183-cpg-resolved.bin	tc1183_flow2	CWE197_Numeric_Truncation_Error__short_listen_tcp_75a.java	184	CWE197_Numeric_Truncation_Error__short_listen_tcp_75b.java	96
/home/swlab/Documents/swvul/java-vuln-detection/slicing/output/CPG/cwe197_cpg/cwe197-1184-cpg-resolved.bin	tc1184_flow1	CWE197_Numeric_Truncation_Error__short_listen_tcp_81a.java	54	CWE197_Numeric_Truncation_Error__short_listen_tcp_81_bad.java	27
/home/swlab/Documents/swvul/java-vuln-detection/slicing/output/CPG/cwe197_cpg/cwe197-1184-cpg-resolved.bin	tc1184_flow2	CWE197_Numeric_Truncation_Error__short_listen_tcp_81a.java	140	CWE197_Numeric_Truncation_Error__short_listen_tcp_81_goodG2B.java	27
/home/swlab/Documents/swvul/java-vuln-detection/slicing/output/CPG/cwe197_cpg/cwe197-1185-cpg-resolved.bin	tc1185_flow1	CWE197_Numeric_Truncation_Error__short_random_01.java	29	CWE197_Numeric_Truncation_Error__short_random_01.java	33
/home/swlab/Documents/swvul/java-vuln-detection/slicing/output/CPG/cwe197_cpg/cwe197-1185-cpg-resolved.bin	tc1185_flow2	CWE197_Numeric_Truncation_Error__short_random_01.java	49	CWE197_Numeric_Truncation_Error__short_random_01.java	53
/home/swlab/Documents/swvul/java-vuln-detection/slicing/output/CPG/cwe197_cpg/cwe197-1186-cpg-resolved.bin	tc1186_flow1	CWE197_Numeric_Truncation_Error__short_random_02.java	30	CWE197_Numeric_Truncation_Error__short_random_02.java	41
/home/swlab/Documents/swvul/java-vuln-detection/slicing/output/CPG/cwe197_cpg/cwe197-1186-cpg-resolved.bin	tc1186_flow2	CWE197_Numeric_Truncation_Error__short_random_02.java	60	CWE197_Numeric_Truncation_Error__short_random_02.java	66
/home/swlab/Documents/swvul/java-vuln-detection/slicing/output/CPG/cwe197_cpg/cwe197-1186-cpg-resolved.bin	tc1186_flow3	CWE197_Numeric_Truncation_Error__short_random_02.java	78	CWE197_Numeric_Truncation_Error__short_random_02.java	89
/home/swlab/Documents/swvul/java-vuln-detection/slicing/output/CPG/cwe197_cpg/cwe197-1187-cpg-resolved.bin	tc1187_flow1	CWE197_Numeric_Truncation_Error__short_random_03.java	30	CWE197_Numeric_Truncation_Error__short_random_03.java	41
/home/swlab/Documents/swvul/java-vuln-detection/slicing/output/CPG/cwe197_cpg/cwe197-1187-cpg-resolved.bin	tc1187_flow2	CWE197_Numeric_Truncation_Error__short_random_03.java	60	CWE197_Numeric_Truncation_Error__short_random_03.java	66
/home/swlab/Documents/swvul/java-vuln-detection/slicing/output/CPG/cwe197_cpg/cwe197-1187-cpg-resolved.bin	tc1187_flow3	CWE197_Numeric_Truncation_Error__short_random_03.java	78	CWE197_Numeric_Truncation_Error__short_random_03.java	89
/home/swlab/Documents/swvul/java-vuln-detection/slicing/output/CPG/cwe197_cpg/cwe197-1188-cpg-resolved.bin	tc1188_flow1	CWE197_Numeric_Truncation_Error__short_random_04.java	37	CWE197_Numeric_Truncation_Error__short_random_04.java	48
/home/swlab/Documents/swvul/java-vuln-detection/slicing/output/CPG/cwe197_cpg/cwe197-1188-cpg-resolved.bin	tc1188_flow2	CWE197_Numeric_Truncation_Error__short_random_04.java	67	CWE197_Numeric_Truncation_Error__short_random_04.java	73
/home/swlab/Documents/swvul/java-vuln-detection/slicing/output/CPG/cwe197_cpg/cwe197-1188-cpg-resolved.bin	tc1188_flow3	CWE197_Numeric_Truncation_Error__short_random_04.java	85	CWE197_Numeric_Truncation_Error__short_random_04.java	96
/home/swlab/Documents/swvul/java-vuln-detection/slicing/output/CPG/cwe197_cpg/cwe197-1189-cpg-resolved.bin	tc1189_flow1	CWE197_Numeric_Truncation_Error__short_random_05.java	37	CWE197_Numeric_Truncation_Error__short_random_05.java	48
/home/swlab/Documents/swvul/java-vuln-detection/slicing/output/CPG/cwe197_cpg/cwe197-1189-cpg-resolved.bin	tc1189_flow2	CWE197_Numeric_Truncation_Error__short_random_05.java	67	CWE197_Numeric_Truncation_Error__short_random_05.java	73
/home/swlab/Documents/swvul/java-vuln-detection/slicing/output/CPG/cwe197_cpg/cwe197-1189-cpg-resolved.bin	tc1189_flow3	CWE197_Numeric_Truncation_Error__short_random_05.java	85	CWE197_Numeric_Truncation_Error__short_random_05.java	96
/home/swlab/Documents/swvul/java-vuln-detection/slicing/output/CPG/cwe197_cpg/cwe197-1190-cpg-resolved.bin	tc1190_flow1	CWE197_Numeric_Truncation_Error__short_random_06.java	36	CWE197_Numeric_Truncation_Error__short_random_06.java	47
/home/swlab/Documents/swvul/java-vuln-detection/slicing/output/CPG/cwe197_cpg/cwe197-1190-cpg-resolved.bin	tc1190_flow2	CWE197_Numeric_Truncation_Error__short_random_06.java	66	CWE197_Numeric_Truncation_Error__short_random_06.java	72
/home/swlab/Documents/swvul/java-vuln-detection/slicing/output/CPG/cwe197_cpg/cwe197-1190-cpg-resolved.bin	tc1190_flow3	CWE197_Numeric_Truncation_Error__short_random_06.java	84	CWE197_Numeric_Truncation_Error__short_random_06.java	95
/home/swlab/Documents/swvul/java-vuln-detection/slicing/output/CPG/cwe197_cpg/cwe197-1191-cpg-resolved.bin	tc1191_flow1	CWE197_Numeric_Truncation_Error__short_random_07.java	36	CWE197_Numeric_Truncation_Error__short_random_07.java	47
/home/swlab/Documents/swvul/java-vuln-detection/slicing/output/CPG/cwe197_cpg/cwe197-1191-cpg-resolved.bin	tc1191_flow2	CWE197_Numeric_Truncation_Error__short_random_07.java	66	CWE197_Numeric_Truncation_Error__short_random_07.java	72
/home/swlab/Documents/swvul/java-vuln-detection/slicing/output/CPG/cwe197_cpg/cwe197-1191-cpg-resolved.bin	tc1191_flow3	CWE197_Numeric_Truncation_Error__short_random_07.java	84	CWE197_Numeric_Truncation_Error__short_random_07.java	95
/home/swlab/Documents/swvul/java-vuln-detection/slicing/output/CPG/cwe197_cpg/cwe197-1192-cpg-resolved.bin	tc1192_flow1	CWE197_Numeric_Truncation_Error__short_random_08.java	44	CWE197_Numeric_Truncation_Error__short_random_08.java	55
/home/swlab/Documents/swvul/java-vuln-detection/slicing/output/CPG/cwe197_cpg/cwe197-1192-cpg-resolved.bin	tc1192_flow2	CWE197_Numeric_Truncation_Error__short_random_08.java	74	CWE197_Numeric_Truncation_Error__short_random_08.java	80
/home/swlab/Documents/swvul/java-vuln-detection/slicing/output/CPG/cwe197_cpg/cwe197-1192-cpg-resolved.bin	tc1192_flow3	CWE197_Numeric_Truncation_Error__short_random_08.java	92	CWE197_Numeric_Truncation_Error__short_random_08.java	103
/home/swlab/Documents/swvul/java-vuln-detection/slicing/output/CPG/cwe197_cpg/cwe197-1193-cpg-resolved.bin	tc1193_flow1	CWE197_Numeric_Truncation_Error__short_random_09.java	30	CWE197_Numeric_Truncation_Error__short_random_09.java	41
/home/swlab/Documents/swvul/java-vuln-detection/slicing/output/CPG/cwe197_cpg/cwe197-1193-cpg-resolved.bin	tc1193_flow2	CWE197_Numeric_Truncation_Error__short_random_09.java	60	CWE197_Numeric_Truncation_Error__short_random_09.java	66
/home/swlab/Documents/swvul/java-vuln-detection/slicing/output/CPG/cwe197_cpg/cwe197-1193-cpg-resolved.bin	tc1193_flow3	CWE197_Numeric_Truncation_Error__short_random_09.java	78	CWE197_Numeric_Truncation_Error__short_random_09.java	89
/home/swlab/Documents/swvul/java-vuln-detection/slicing/output/CPG/cwe197_cpg/cwe197-1194-cpg-resolved.bin	tc1194_flow1	CWE197_Numeric_Truncation_Error__short_random_10.java	30	CWE197_Numeric_Truncation_Error__short_random_10.java	41
/home/swlab/Documents/swvul/java-vuln-detection/slicing/output/CPG/cwe197_cpg/cwe197-1194-cpg-resolved.bin	tc1194_flow2	CWE197_Numeric_Truncation_Error__short_random_10.java	60	CWE197_Numeric_Truncation_Error__short_random_10.java	66
/home/swlab/Documents/swvul/java-vuln-detection/slicing/output/CPG/cwe197_cpg/cwe197-1194-cpg-resolved.bin	tc1194_flow3	CWE197_Numeric_Truncation_Error__short_random_10.java	78	CWE197_Numeric_Truncation_Error__short_random_10.java	89
/home/swlab/Documents/swvul/java-vuln-detection/slicing/output/CPG/cwe197_cpg/cwe197-1195-cpg-resolved.bin	tc1195_flow1	CWE197_Numeric_Truncation_Error__short_random_11.java	30	CWE197_Numeric_Truncation_Error__short_random_11.java	41
/home/swlab/Documents/swvul/java-vuln-detection/slicing/output/CPG/cwe197_cpg/cwe197-1195-cpg-resolved.bin	tc1195_flow2	CWE197_Numeric_Truncation_Error__short_random_11.java	60	CWE197_Numeric_Truncation_Error__short_random_11.java	66
/home/swlab/Documents/swvul/java-vuln-detection/slicing/output/CPG/cwe197_cpg/cwe197-1195-cpg-resolved.bin	tc1195_flow3	CWE197_Numeric_Truncation_Error__short_random_11.java	78	CWE197_Numeric_Truncation_Error__short_random_11.java	89
/home/swlab/Documents/swvul/java-vuln-detection/slicing/output/CPG/cwe197_cpg/cwe197-1196-cpg-resolved.bin	tc1196_flow1	CWE197_Numeric_Truncation_Error__short_random_12.java	30	CWE197_Numeric_Truncation_Error__short_random_12.java	42
/home/swlab/Documents/swvul/java-vuln-detection/slicing/output/CPG/cwe197_cpg/cwe197-1196-cpg-resolved.bin	tc1196_flow2	CWE197_Numeric_Truncation_Error__short_random_12.java	55	CWE197_Numeric_Truncation_Error__short_random_12.java	67
/home/swlab/Documents/swvul/java-vuln-detection/slicing/output/CPG/cwe197_cpg/cwe197-1197-cpg-resolved.bin	tc1197_flow1	CWE197_Numeric_Truncation_Error__short_random_13.java	30	CWE197_Numeric_Truncation_Error__short_random_13.java	41
/home/swlab/Documents/swvul/java-vuln-detection/slicing/output/CPG/cwe197_cpg/cwe197-1197-cpg-resolved.bin	tc1197_flow2	CWE197_Numeric_Truncation_Error__short_random_13.java	60	CWE197_Numeric_Truncation_Error__short_random_13.java	66
/home/swlab/Documents/swvul/java-vuln-detection/slicing/output/CPG/cwe197_cpg/cwe197-1197-cpg-resolved.bin	tc1197_flow3	CWE197_Numeric_Truncation_Error__short_random_13.java	78	CWE197_Numeric_Truncation_Error__short_random_13.java	89
/home/swlab/Documents/swvul/java-vuln-detection/slicing/output/CPG/cwe197_cpg/cwe197-1198-cpg-resolved.bin	tc1198_flow1	CWE197_Numeric_Truncation_Error__short_random_14.java	30	CWE197_Numeric_Truncation_Error__short_random_14.java	41
/home/swlab/Documents/swvul/java-vuln-detection/slicing/output/CPG/cwe197_cpg/cwe197-1198-cpg-resolved.bin	tc1198_flow2	CWE197_Numeric_Truncation_Error__short_random_14.java	60	CWE197_Numeric_Truncation_Error__short_random_14.java	66
/home/swlab/Documents/swvul/java-vuln-detection/slicing/output/CPG/cwe197_cpg/cwe197-1198-cpg-resolved.bin	tc1198_flow3	CWE197_Numeric_Truncation_Error__short_random_14.java	78	CWE197_Numeric_Truncation_Error__short_random_14.java	89
/home/swlab/Documents/swvul/java-vuln-detection/slicing/output/CPG/cwe197_cpg/cwe197-1199-cpg-resolved.bin	tc1199_flow1	CWE197_Numeric_Truncation_Error__short_random_15.java	32	CWE197_Numeric_Truncation_Error__short_random_15.java	43
/home/swlab/Documents/swvul/java-vuln-detection/slicing/output/CPG/cwe197_cpg/cwe197-1199-cpg-resolved.bin	tc1199_flow2	CWE197_Numeric_Truncation_Error__short_random_15.java	62	CWE197_Numeric_Truncation_Error__short_random_15.java	68
/home/swlab/Documents/swvul/java-vuln-detection/slicing/output/CPG/cwe197_cpg/cwe197-1199-cpg-resolved.bin	tc1199_flow3	CWE197_Numeric_Truncation_Error__short_random_15.java	82	CWE197_Numeric_Truncation_Error__short_random_15.java	93
/home/swlab/Documents/swvul/java-vuln-detection/slicing/output/CPG/cwe197_cpg/cwe197-1200-cpg-resolved.bin	tc1200_flow1	CWE197_Numeric_Truncation_Error__short_random_16.java	31	CWE197_Numeric_Truncation_Error__short_random_16.java	37
/home/swlab/Documents/swvul/java-vuln-detection/slicing/output/CPG/cwe197_cpg/cwe197-1200-cpg-resolved.bin	tc1200_flow2	CWE197_Numeric_Truncation_Error__short_random_16.java	50	CWE197_Numeric_Truncation_Error__short_random_16.java	56
/home/swlab/Documents/swvul/java-vuln-detection/slicing/output/CPG/cwe197_cpg/cwe197-1201-cpg-resolved.bin	tc1201_flow1	CWE197_Numeric_Truncation_Error__short_random_17.java	29	CWE197_Numeric_Truncation_Error__short_random_17.java	35
/home/swlab/Documents/swvul/java-vuln-detection/slicing/output/CPG/cwe197_cpg/cwe197-1201-cpg-resolved.bin	tc1201_flow2	CWE197_Numeric_Truncation_Error__short_random_17.java	47	CWE197_Numeric_Truncation_Error__short_random_17.java	53
/home/swlab/Documents/swvul/java-vuln-detection/slicing/output/CPG/cwe197_cpg/cwe197-1202-cpg-resolved.bin	tc1202_flow1	CWE197_Numeric_Truncation_Error__short_random_21.java	48	CWE197_Numeric_Truncation_Error__short_random_21.java	36
/home/swlab/Documents/swvul/java-vuln-detection/slicing/output/CPG/cwe197_cpg/cwe197-1202-cpg-resolved.bin	tc1202_flow2	CWE197_Numeric_Truncation_Error__short_random_21.java	99	CWE197_Numeric_Truncation_Error__short_random_21.java	80
/home/swlab/Documents/swvul/java-vuln-detection/slicing/output/CPG/cwe197_cpg/cwe197-1202-cpg-resolved.bin	tc1202_flow3	CWE197_Numeric_Truncation_Error__short_random_21.java	128	CWE197_Numeric_Truncation_Error__short_random_21.java	116
/home/swlab/Documents/swvul/java-vuln-detection/slicing/output/CPG/cwe197_cpg/cwe197-1203-cpg-resolved.bin	tc1203_flow1	CWE197_Numeric_Truncation_Error__short_random_22b.java	31	CWE197_Numeric_Truncation_Error__short_random_22a.java	35
/home/swlab/Documents/swvul/java-vuln-detection/slicing/output/CPG/cwe197_cpg/cwe197-1203-cpg-resolved.bin	tc1203_flow2	CWE197_Numeric_Truncation_Error__short_random_22b.java	57	CWE197_Numeric_Truncation_Error__short_random_22a.java	61
/home/swlab/Documents/swvul/java-vuln-detection/slicing/output/CPG/cwe197_cpg/cwe197-1203-cpg-resolved.bin	tc1203_flow3	CWE197_Numeric_Truncation_Error__short_random_22b.java	72	CWE197_Numeric_Truncation_Error__short_random_22a.java	76
/home/swlab/Documents/swvul/java-vuln-detection/slicing/output/CPG/cwe197_cpg/cwe197-1204-cpg-resolved.bin	tc1204_flow1	CWE197_Numeric_Truncation_Error__short_random_31.java	32	CWE197_Numeric_Truncation_Error__short_random_31.java	41
/home/swlab/Documents/swvul/java-vuln-detection/slicing/output/CPG/cwe197_cpg/cwe197-1204-cpg-resolved.bin	tc1204_flow2	CWE197_Numeric_Truncation_Error__short_random_31.java	60	CWE197_Numeric_Truncation_Error__short_random_31.java	69
/home/swlab/Documents/swvul/java-vuln-detection/slicing/output/CPG/cwe197_cpg/cwe197-1205-cpg-resolved.bin	tc1205_flow1	CWE197_Numeric_Truncation_Error__short_random_41.java	38	CWE197_Numeric_Truncation_Error__short_random_41.java	28
/home/swlab/Documents/swvul/java-vuln-detection/slicing/output/CPG/cwe197_cpg/cwe197-1205-cpg-resolved.bin	tc1205_flow2	CWE197_Numeric_Truncation_Error__short_random_41.java	64	CWE197_Numeric_Truncation_Error__short_random_41.java	53
/home/swlab/Documents/swvul/java-vuln-detection/slicing/output/CPG/cwe197_cpg/cwe197-1206-cpg-resolved.bin	tc1206_flow1	CWE197_Numeric_Truncation_Error__short_random_42.java	28	CWE197_Numeric_Truncation_Error__short_random_42.java	40
/home/swlab/Documents/swvul/java-vuln-detection/slicing/output/CPG/cwe197_cpg/cwe197-1206-cpg-resolved.bin	tc1206_flow2	CWE197_Numeric_Truncation_Error__short_random_42.java	50	CWE197_Numeric_Truncation_Error__short_random_42.java	62
/home/swlab/Documents/swvul/java-vuln-detection/slicing/output/CPG/cwe197_cpg/cwe197-1207-cpg-resolved.bin	tc1207_flow1	CWE197_Numeric_Truncation_Error__short_random_45.java	44	CWE197_Numeric_Truncation_Error__short_random_45.java	33
/home/swlab/Documents/swvul/java-vuln-detection/slicing/output/CPG/cwe197_cpg/cwe197-1207-cpg-resolved.bin	tc1207_flow2	CWE197_Numeric_Truncation_Error__short_random_45.java	72	CWE197_Numeric_Truncation_Error__short_random_45.java	61
/home/swlab/Documents/swvul/java-vuln-detection/slicing/output/CPG/cwe197_cpg/cwe197-1208-cpg-resolved.bin	tc1208_flow1	CWE197_Numeric_Truncation_Error__short_random_51a.java	28	CWE197_Numeric_Truncation_Error__short_random_51b.java	26
/home/swlab/Documents/swvul/java-vuln-detection/slicing/output/CPG/cwe197_cpg/cwe197-1208-cpg-resolved.bin	tc1208_flow2	CWE197_Numeric_Truncation_Error__short_random_51a.java	44	CWE197_Numeric_Truncation_Error__short_random_51b.java	37
/home/swlab/Documents/swvul/java-vuln-detection/slicing/output/CPG/cwe197_cpg/cwe197-1209-cpg-resolved.bin	tc1209_flow1	CWE197_Numeric_Truncation_Error__short_random_52a.java	29	CWE197_Numeric_Truncation_Error__short_random_52c.java	27
/home/swlab/Documents/swvul/java-vuln-detection/slicing/output/CPG/cwe197_cpg/cwe197-1209-cpg-resolved.bin	tc1209_flow2	CWE197_Numeric_Truncation_Error__short_random_52a.java	45	CWE197_Numeric_Truncation_Error__short_random_52c.java	38
/home/swlab/Documents/swvul/java-vuln-detection/slicing/output/CPG/cwe197_cpg/cwe197-1210-cpg-resolved.bin	tc1210_flow1	CWE197_Numeric_Truncation_Error__short_random_53a.java	29	CWE197_Numeric_Truncation_Error__short_random_53d.java	27
/home/swlab/Documents/swvul/java-vuln-detection/slicing/output/CPG/cwe197_cpg/cwe197-1210-cpg-resolved.bin	tc1210_flow2	CWE197_Numeric_Truncation_Error__short_random_53a.java	45	CWE197_Numeric_Truncation_Error__short_random_53d.java	38
/home/swlab/Documents/swvul/java-vuln-detection/slicing/output/CPG/cwe197_cpg/cwe197-1211-cpg-resolved.bin	tc1211_flow1	CWE197_Numeric_Truncation_Error__short_random_54a.java	29	CWE197_Numeric_Truncation_Error__short_random_54e.java	27
/home/swlab/Documents/swvul/java-vuln-detection/slicing/output/CPG/cwe197_cpg/cwe197-1211-cpg-resolved.bin	tc1211_flow2	CWE197_Numeric_Truncation_Error__short_random_54a.java	45	CWE197_Numeric_Truncation_Error__short_random_54e.java	38
/home/swlab/Documents/swvul/java-vuln-detection/slicing/output/CPG/cwe197_cpg/cwe197-1212-cpg-resolved.bin	tc1212_flow1	CWE197_Numeric_Truncation_Error__short_random_61b.java	29	CWE197_Numeric_Truncation_Error__short_random_61a.java	28
/home/swlab/Documents/swvul/java-vuln-detection/slicing/output/CPG/cwe197_cpg/cwe197-1212-cpg-resolved.bin	tc1212_flow2	CWE197_Numeric_Truncation_Error__short_random_61b.java	40	CWE197_Numeric_Truncation_Error__short_random_61a.java	45
/home/swlab/Documents/swvul/java-vuln-detection/slicing/output/CPG/cwe197_cpg/cwe197-1213-cpg-resolved.bin	tc1213_flow1	CWE197_Numeric_Truncation_Error__short_random_66a.java	29	CWE197_Numeric_Truncation_Error__short_random_66b.java	28
/home/swlab/Documents/swvul/java-vuln-detection/slicing/output/CPG/cwe197_cpg/cwe197-1213-cpg-resolved.bin	tc1213_flow2	CWE197_Numeric_Truncation_Error__short_random_66a.java	47	CWE197_Numeric_Truncation_Error__short_random_66b.java	40
/home/swlab/Documents/swvul/java-vuln-detection/slicing/output/CPG/cwe197_cpg/cwe197-1214-cpg-resolved.bin	tc1214_flow1	CWE197_Numeric_Truncation_Error__short_random_67a.java	34	CWE197_Numeric_Truncation_Error__short_random_67b.java	28
/home/swlab/Documents/swvul/java-vuln-detection/slicing/output/CPG/cwe197_cpg/cwe197-1214-cpg-resolved.bin	tc1214_flow2	CWE197_Numeric_Truncation_Error__short_random_67a.java	52	CWE197_Numeric_Truncation_Error__short_random_67b.java	40
/home/swlab/Documents/swvul/java-vuln-detection/slicing/output/CPG/cwe197_cpg/cwe197-1215-cpg-resolved.bin	tc1215_flow1	CWE197_Numeric_Truncation_Error__short_random_68a.java	29	CWE197_Numeric_Truncation_Error__short_random_68b.java	27
/home/swlab/Documents/swvul/java-vuln-detection/slicing/output/CPG/cwe197_cpg/cwe197-1215-cpg-resolved.bin	tc1215_flow2	CWE197_Numeric_Truncation_Error__short_random_68a.java	44	CWE197_Numeric_Truncation_Error__short_random_68b.java	39
/home/swlab/Documents/swvul/java-vuln-detection/slicing/output/CPG/cwe197_cpg/cwe197-1216-cpg-resolved.bin	tc1216_flow1	CWE197_Numeric_Truncation_Error__short_random_71a.java	29	CWE197_Numeric_Truncation_Error__short_random_71b.java	28
/home/swlab/Documents/swvul/java-vuln-detection/slicing/output/CPG/cwe197_cpg/cwe197-1216-cpg-resolved.bin	tc1216_flow2	CWE197_Numeric_Truncation_Error__short_random_71a.java	45	CWE197_Numeric_Truncation_Error__short_random_71b.java	40
/home/swlab/Documents/swvul/java-vuln-detection/slicing/output/CPG/cwe197_cpg/cwe197-1217-cpg-resolved.bin	tc1217_flow1	CWE197_Numeric_Truncation_Error__short_random_72a.java	30	CWE197_Numeric_Truncation_Error__short_random_72b.java	29
/home/swlab/Documents/swvul/java-vuln-detection/slicing/output/CPG/cwe197_cpg/cwe197-1217-cpg-resolved.bin	tc1217_flow2	CWE197_Numeric_Truncation_Error__short_random_72a.java	50	CWE197_Numeric_Truncation_Error__short_random_72b.java	41
/home/swlab/Documents/swvul/java-vuln-detection/slicing/output/CPG/cwe197_cpg/cwe197-1218-cpg-resolved.bin	tc1218_flow1	CWE197_Numeric_Truncation_Error__short_random_73a.java	30	CWE197_Numeric_Truncation_Error__short_random_73b.java	29
/home/swlab/Documents/swvul/java-vuln-detection/slicing/output/CPG/cwe197_cpg/cwe197-1218-cpg-resolved.bin	tc1218_flow2	CWE197_Numeric_Truncation_Error__short_random_73a.java	50	CWE197_Numeric_Truncation_Error__short_random_73b.java	41
/home/swlab/Documents/swvul/java-vuln-detection/slicing/output/CPG/cwe197_cpg/cwe197-1219-cpg-resolved.bin	tc1219_flow1	CWE197_Numeric_Truncation_Error__short_random_74a.java	30	CWE197_Numeric_Truncation_Error__short_random_74b.java	29
/home/swlab/Documents/swvul/java-vuln-detection/slicing/output/CPG/cwe197_cpg/cwe197-1219-cpg-resolved.bin	tc1219_flow2	CWE197_Numeric_Truncation_Error__short_random_74a.java	50	CWE197_Numeric_Truncation_Error__short_random_74b.java	41
/home/swlab/Documents/swvul/java-vuln-detection/slicing/output/CPG/cwe197_cpg/cwe197-1220-cpg-resolved.bin	tc1220_flow1	CWE197_Numeric_Truncation_Error__short_random_75a.java	34	CWE197_Numeric_Truncation_Error__short_random_75b.java	40
/home/swlab/Documents/swvul/java-vuln-detection/slicing/output/CPG/cwe197_cpg/cwe197-1220-cpg-resolved.bin	tc1220_flow2	CWE197_Numeric_Truncation_Error__short_random_75a.java	92	CWE197_Numeric_Truncation_Error__short_random_75b.java	96
/home/swlab/Documents/swvul/java-vuln-detection/slicing/output/CPG/cwe197_cpg/cwe197-1221-cpg-resolved.bin	tc1221_flow1	CWE197_Numeric_Truncation_Error__short_random_81a.java	29	CWE197_Numeric_Truncation_Error__short_random_81_bad.java	27
/home/swlab/Documents/swvul/java-vuln-detection/slicing/output/CPG/cwe197_cpg/cwe197-1221-cpg-resolved.bin	tc1221_flow2	CWE197_Numeric_Truncation_Error__short_random_81a.java	46	CWE197_Numeric_Truncation_Error__short_random_81_goodG2B.java	27
