/home/swlab/Documents/swvul/java-vuln-detection/slicing/output/CPG/cwe36_cpg/cwe36-1-cpg-resolved.bin	tc1_flow1	CWE36_Absolute_Path_Traversal__Environment_01.java	34	CWE36_Absolute_Path_Traversal__Environment_01.java	37
/home/swlab/Documents/swvul/java-vuln-detection/slicing/output/CPG/cwe36_cpg/cwe36-1-cpg-resolved.bin	tc1_flow2	CWE36_Absolute_Path_Traversal__Environment_01.java	111	CWE36_Absolute_Path_Traversal__Environment_01.java	114
/home/swlab/Documents/swvul/java-vuln-detection/slicing/output/CPG/cwe36_cpg/cwe36-2-cpg-resolved.bin	tc2_flow1	CWE36_Absolute_Path_Traversal__Environment_02.java	35	CWE36_Absolute_Path_Traversal__Environment_02.java	45
/home/swlab/Documents/swvul/java-vuln-detection/slicing/output/CPG/cwe36_cpg/cwe36-2-cpg-resolved.bin	tc2_flow2	CWE36_Absolute_Path_Traversal__Environment_02.java	122	CWE36_Absolute_Path_Traversal__Environment_02.java	127
/home/swlab/Documents/swvul/java-vuln-detection/slicing/output/CPG/cwe36_cpg/cwe36-2-cpg-resolved.bin	tc2_flow3	CWE36_Absolute_Path_Traversal__Environment_02.java	197	CWE36_Absolute_Path_Traversal__Environment_02.java	207
/home/swlab/Documents/swvul/java-vuln-detection/slicing/output/CPG/cwe36_cpg/cwe36-3-cpg-resolved.bin	tc3_flow1	CWE36_Absolute_Path_Traversal__Environment_03.java	35	CWE36_Absolute_Path_Traversal__Environment_03.java	45
/home/swlab/Documents/swvul/java-vuln-detection/slicing/output/CPG/cwe36_cpg/cwe36-3-cpg-resolved.bin	tc3_flow2	CWE36_Absolute_Path_Traversal__Environment_03.java	122	CWE36_Absolute_Path_Traversal__Environment_03.java	127
/home/swlab/Documents/swvul/java-vuln-detection/slicing/output/CPG/cwe36_cpg/cwe36-3-cpg-resolved.bin	tc3_flow3	CWE36_Absolute_Path_Traversal__Environment_03.java	197	CWE36_Absolute_Path_Traversal__Environment_03.java	207
/home/swlab/Documents/swvul/java-vuln-detection/slicing/output/CPG/cwe36_cpg/cwe36-4-cpg-resolved.bin	tc4_flow1	CWE36_Absolute_Path_Traversal__Environment_04.java	42	CWE36_Absolute_Path_Traversal__Environment_04.java	52
/home/swlab/Documents/swvul/java-vuln-detection/slicing/output/CPG/cwe36_cpg/cwe36-4-cpg-resolved.bin	tc4_flow2	CWE36_Absolute_Path_Traversal__Environment_04.java	129	CWE36_Absolute_Path_Traversal__Environment_04.java	134
/home/swlab/Documents/swvul/java-vuln-detection/slicing/output/CPG/cwe36_cpg/cwe36-4-cpg-resolved.bin	tc4_flow3	CWE36_Absolute_Path_Traversal__Environment_04.java	204	CWE36_Absolute_Path_Traversal__Environment_04.java	214
/home/swlab/Documents/swvul/java-vuln-detection/slicing/output/CPG/cwe36_cpg/cwe36-5-cpg-resolved.bin	tc5_flow1	CWE36_Absolute_Path_Traversal__Environment_05.java	42	CWE36_Absolute_Path_Traversal__Environment_05.java	52
/home/swlab/Documents/swvul/java-vuln-detection/slicing/output/CPG/cwe36_cpg/cwe36-5-cpg-resolved.bin	tc5_flow2	CWE36_Absolute_Path_Traversal__Environment_05.java	129	CWE36_Absolute_Path_Traversal__Environment_05.java	134
/home/swlab/Documents/swvul/java-vuln-detection/slicing/output/CPG/cwe36_cpg/cwe36-5-cpg-resolved.bin	tc5_flow3	CWE36_Absolute_Path_Traversal__Environment_05.java	204	CWE36_Absolute_Path_Traversal__Environment_05.java	214
/home/swlab/Documents/swvul/java-vuln-detection/slicing/output/CPG/cwe36_cpg/cwe36-6-cpg-resolved.bin	tc6_flow1	CWE36_Absolute_Path_Traversal__Environment_06.java	41	CWE36_Absolute_Path_Traversal__Environment_06.java	51
/home/swlab/Documents/swvul/java-vuln-detection/slicing/output/CPG/cwe36_cpg/cwe36-6-cpg-resolved.bin	tc6_flow2	CWE36_Absolute_Path_Traversal__Environment_06.java	128	CWE36_Absolute_Path_Traversal__Environment_06.java	133
/home/swlab/Documents/swvul/java-vuln-detection/slicing/output/CPG/cwe36_cpg/cwe36-6-cpg-resolved.bin	tc6_flow3	CWE36_Absolute_Path_Traversal__Environment_06.java	203	CWE36_Absolute_Path_Traversal__Environment_06.java	213
/home/swlab/Documents/swvul/java-vuln-detection/slicing/output/CPG/cwe36_cpg/cwe36-7-cpg-resolved.bin	tc7_flow1	CWE36_Absolute_Path_Traversal__Environment_07.java	41	CWE36_Absolute_Path_Traversal__Environment_07.java	51
/home/swlab/Documents/swvul/java-vuln-detection/slicing/output/CPG/cwe36_cpg/cwe36-7-cpg-resolved.bin	tc7_flow2	CWE36_Absolute_Path_Traversal__Environment_07.java	128	CWE36_Absolute_Path_Traversal__Environment_07.java	133
/home/swlab/Documents/swvul/java-vuln-detection/slicing/output/CPG/cwe36_cpg/cwe36-7-cpg-resolved.bin	tc7_flow3	CWE36_Absolute_Path_Traversal__Environment_07.java	203	CWE36_Absolute_Path_Traversal__Environment_07.java	213
/home/swlab/Documents/swvul/java-vuln-detection/slicing/output/CPG/cwe36_cpg/cwe36-8-cpg-resolved.bin	tc8_flow1	CWE36_Absolute_Path_Traversal__Environment_08.java	49	CWE36_Absolute_Path_Traversal__Environment_08.java	59
/home/swlab/Documents/swvul/java-vuln-detection/slicing/output/CPG/cwe36_cpg/cwe36-8-cpg-resolved.bin	tc8_flow2	CWE36_Absolute_Path_Traversal__Environment_08.java	136	CWE36_Absolute_Path_Traversal__Environment_08.java	141
/home/swlab/Documents/swvul/java-vuln-detection/slicing/output/CPG/cwe36_cpg/cwe36-8-cpg-resolved.bin	tc8_flow3	CWE36_Absolute_Path_Traversal__Environment_08.java	211	CWE36_Absolute_Path_Traversal__Environment_08.java	221
/home/swlab/Documents/swvul/java-vuln-detection/slicing/output/CPG/cwe36_cpg/cwe36-9-cpg-resolved.bin	tc9_flow1	CWE36_Absolute_Path_Traversal__Environment_09.java	35	CWE36_Absolute_Path_Traversal__Environment_09.java	45
/home/swlab/Documents/swvul/java-vuln-detection/slicing/output/CPG/cwe36_cpg/cwe36-9-cpg-resolved.bin	tc9_flow2	CWE36_Absolute_Path_Traversal__Environment_09.java	122	CWE36_Absolute_Path_Traversal__Environment_09.java	127
/home/swlab/Documents/swvul/java-vuln-detection/slicing/output/CPG/cwe36_cpg/cwe36-9-cpg-resolved.bin	tc9_flow3	CWE36_Absolute_Path_Traversal__Environment_09.java	197	CWE36_Absolute_Path_Traversal__Environment_09.java	207
/home/swlab/Documents/swvul/java-vuln-detection/slicing/output/CPG/cwe36_cpg/cwe36-10-cpg-resolved.bin	tc10_flow1	CWE36_Absolute_Path_Traversal__Environment_10.java	35	CWE36_Absolute_Path_Traversal__Environment_10.java	45
/home/swlab/Documents/swvul/java-vuln-detection/slicing/output/CPG/cwe36_cpg/cwe36-10-cpg-resolved.bin	tc10_flow2	CWE36_Absolute_Path_Traversal__Environment_10.java	122	CWE36_Absolute_Path_Traversal__Environment_10.java	127
/home/swlab/Documents/swvul/java-vuln-detection/slicing/output/CPG/cwe36_cpg/cwe36-10-cpg-resolved.bin	tc10_flow3	CWE36_Absolute_Path_Traversal__Environment_10.java	197	CWE36_Absolute_Path_Traversal__Environment_10.java	207
/home/swlab/Documents/swvul/java-vuln-detection/slicing/output/CPG/cwe36_cpg/cwe36-11-cpg-resolved.bin	tc11_flow1	CWE36_Absolute_Path_Traversal__Environment_11.java	35	CWE36_Absolute_Path_Traversal__Environment_11.java	45
/home/swlab/Documents/swvul/java-vuln-detection/slicing/output/CPG/cwe36_cpg/cwe36-11-cpg-resolved.bin	tc11_flow2	CWE36_Absolute_Path_Traversal__Environment_11.java	122	CWE36_Absolute_Path_Traversal__Environment_11.java	127
/home/swlab/Documents/swvul/java-vuln-detection/slicing/output/CPG/cwe36_cpg/cwe36-11-cpg-resolved.bin	tc11_flow3	CWE36_Absolute_Path_Traversal__Environment_11.java	197	CWE36_Absolute_Path_Traversal__Environment_11.java	207
/home/swlab/Documents/swvul/java-vuln-detection/slicing/output/CPG/cwe36_cpg/cwe36-12-cpg-resolved.bin	tc12_flow1	CWE36_Absolute_Path_Traversal__Environment_12.java	35	CWE36_Absolute_Path_Traversal__Environment_12.java	46
/home/swlab/Documents/swvul/java-vuln-detection/slicing/output/CPG/cwe36_cpg/cwe36-12-cpg-resolved.bin	tc12_flow2	CWE36_Absolute_Path_Traversal__Environment_12.java	117	CWE36_Absolute_Path_Traversal__Environment_12.java	128
/home/swlab/Documents/swvul/java-vuln-detection/slicing/output/CPG/cwe36_cpg/cwe36-13-cpg-resolved.bin	tc13_flow1	CWE36_Absolute_Path_Traversal__Environment_13.java	35	CWE36_Absolute_Path_Traversal__Environment_13.java	45
/home/swlab/Documents/swvul/java-vuln-detection/slicing/output/CPG/cwe36_cpg/cwe36-13-cpg-resolved.bin	tc13_flow2	CWE36_Absolute_Path_Traversal__Environment_13.java	122	CWE36_Absolute_Path_Traversal__Environment_13.java	127
/home/swlab/Documents/swvul/java-vuln-detection/slicing/output/CPG/cwe36_cpg/cwe36-13-cpg-resolved.bin	tc13_flow3	CWE36_Absolute_Path_Traversal__Environment_13.java	197	CWE36_Absolute_Path_Traversal__Environment_13.java	207
/home/swlab/Documents/swvul/java-vuln-detection/slicing/output/CPG/cwe36_cpg/cwe36-14-cpg-resolved.bin	tc14_flow1	CWE36_Absolute_Path_Traversal__Environment_14.java	35	CWE36_Absolute_Path_Traversal__Environment_14.java	45
/home/swlab/Documents/swvul/java-vuln-detection/slicing/output/CPG/cwe36_cpg/cwe36-14-cpg-resolved.bin	tc14_flow2	CWE36_Absolute_Path_Traversal__Environment_14.java	122	CWE36_Absolute_Path_Traversal__Environment_14.java	127
/home/swlab/Documents/swvul/java-vuln-detection/slicing/output/CPG/cwe36_cpg/cwe36-14-cpg-resolved.bin	tc14_flow3	CWE36_Absolute_Path_Traversal__Environment_14.java	197	CWE36_Absolute_Path_Traversal__Environment_14.java	207
/home/swlab/Documents/swvul/java-vuln-detection/slicing/output/CPG/cwe36_cpg/cwe36-15-cpg-resolved.bin	tc15_flow1	CWE36_Absolute_Path_Traversal__Environment_15.java	37	CWE36_Absolute_Path_Traversal__Environment_15.java	47
/home/swlab/Documents/swvul/java-vuln-detection/slicing/output/CPG/cwe36_cpg/cwe36-15-cpg-resolved.bin	tc15_flow2	CWE36_Absolute_Path_Traversal__Environment_15.java	124	CWE36_Absolute_Path_Traversal__Environment_15.java	129
/home/swlab/Documents/swvul/java-vuln-detection/slicing/output/CPG/cwe36_cpg/cwe36-15-cpg-resolved.bin	tc15_flow3	CWE36_Absolute_Path_Traversal__Environment_15.java	201	CWE36_Absolute_Path_Traversal__Environment_15.java	211
/home/swlab/Documents/swvul/java-vuln-detection/slicing/output/CPG/cwe36_cpg/cwe36-16-cpg-resolved.bin	tc16_flow1	CWE36_Absolute_Path_Traversal__Environment_16.java	36	CWE36_Absolute_Path_Traversal__Environment_16.java	41
/home/swlab/Documents/swvul/java-vuln-detection/slicing/output/CPG/cwe36_cpg/cwe36-16-cpg-resolved.bin	tc16_flow2	CWE36_Absolute_Path_Traversal__Environment_16.java	112	CWE36_Absolute_Path_Traversal__Environment_16.java	117
/home/swlab/Documents/swvul/java-vuln-detection/slicing/output/CPG/cwe36_cpg/cwe36-17-cpg-resolved.bin	tc17_flow1	CWE36_Absolute_Path_Traversal__Environment_17.java	34	CWE36_Absolute_Path_Traversal__Environment_17.java	39
/home/swlab/Documents/swvul/java-vuln-detection/slicing/output/CPG/cwe36_cpg/cwe36-17-cpg-resolved.bin	tc17_flow2	CWE36_Absolute_Path_Traversal__Environment_17.java	109	CWE36_Absolute_Path_Traversal__Environment_17.java	114
/home/swlab/Documents/swvul/java-vuln-detection/slicing/output/CPG/cwe36_cpg/cwe36-18-cpg-resolved.bin	tc18_flow1	CWE36_Absolute_Path_Traversal__Environment_21.java	110	CWE36_Absolute_Path_Traversal__Environment_21.java	39
/home/swlab/Documents/swvul/java-vuln-detection/slicing/output/CPG/cwe36_cpg/cwe36-18-cpg-resolved.bin	tc18_flow2	CWE36_Absolute_Path_Traversal__Environment_21.java	218	CWE36_Absolute_Path_Traversal__Environment_21.java	141
/home/swlab/Documents/swvul/java-vuln-detection/slicing/output/CPG/cwe36_cpg/cwe36-18-cpg-resolved.bin	tc18_flow3	CWE36_Absolute_Path_Traversal__Environment_21.java	304	CWE36_Absolute_Path_Traversal__Environment_21.java	234
/home/swlab/Documents/swvul/java-vuln-detection/slicing/output/CPG/cwe36_cpg/cwe36-19-cpg-resolved.bin	tc19_flow1	CWE36_Absolute_Path_Traversal__Environment_22b.java	34	CWE36_Absolute_Path_Traversal__Environment_22a.java	40
/home/swlab/Documents/swvul/java-vuln-detection/slicing/output/CPG/cwe36_cpg/cwe36-19-cpg-resolved.bin	tc19_flow2	CWE36_Absolute_Path_Traversal__Environment_22b.java	60	CWE36_Absolute_Path_Traversal__Environment_22a.java	123
/home/swlab/Documents/swvul/java-vuln-detection/slicing/output/CPG/cwe36_cpg/cwe36-19-cpg-resolved.bin	tc19_flow3	CWE36_Absolute_Path_Traversal__Environment_22b.java	75	CWE36_Absolute_Path_Traversal__Environment_22a.java	195
/home/swlab/Documents/swvul/java-vuln-detection/slicing/output/CPG/cwe36_cpg/cwe36-20-cpg-resolved.bin	tc20_flow1	CWE36_Absolute_Path_Traversal__Environment_31.java	37	CWE36_Absolute_Path_Traversal__Environment_31.java	45
/home/swlab/Documents/swvul/java-vuln-detection/slicing/output/CPG/cwe36_cpg/cwe36-20-cpg-resolved.bin	tc20_flow2	CWE36_Absolute_Path_Traversal__Environment_31.java	122	CWE36_Absolute_Path_Traversal__Environment_31.java	130
/home/swlab/Documents/swvul/java-vuln-detection/slicing/output/CPG/cwe36_cpg/cwe36-21-cpg-resolved.bin	tc21_flow1	CWE36_Absolute_Path_Traversal__Environment_41.java	100	CWE36_Absolute_Path_Traversal__Environment_41.java	31
/home/swlab/Documents/swvul/java-vuln-detection/slicing/output/CPG/cwe36_cpg/cwe36-21-cpg-resolved.bin	tc21_flow2	CWE36_Absolute_Path_Traversal__Environment_41.java	183	CWE36_Absolute_Path_Traversal__Environment_41.java	114
/home/swlab/Documents/swvul/java-vuln-detection/slicing/output/CPG/cwe36_cpg/cwe36-22-cpg-resolved.bin	tc22_flow1	CWE36_Absolute_Path_Traversal__Environment_42.java	33	CWE36_Absolute_Path_Traversal__Environment_42.java	44
/home/swlab/Documents/swvul/java-vuln-detection/slicing/output/CPG/cwe36_cpg/cwe36-22-cpg-resolved.bin	tc22_flow2	CWE36_Absolute_Path_Traversal__Environment_42.java	112	CWE36_Absolute_Path_Traversal__Environment_42.java	123
/home/swlab/Documents/swvul/java-vuln-detection/slicing/output/CPG/cwe36_cpg/cwe36-23-cpg-resolved.bin	tc23_flow1	CWE36_Absolute_Path_Traversal__Environment_45.java	106	CWE36_Absolute_Path_Traversal__Environment_45.java	36
/home/swlab/Documents/swvul/java-vuln-detection/slicing/output/CPG/cwe36_cpg/cwe36-23-cpg-resolved.bin	tc23_flow2	CWE36_Absolute_Path_Traversal__Environment_45.java	191	CWE36_Absolute_Path_Traversal__Environment_45.java	122
/home/swlab/Documents/swvul/java-vuln-detection/slicing/output/CPG/cwe36_cpg/cwe36-24-cpg-resolved.bin	tc24_flow1	CWE36_Absolute_Path_Traversal__Environment_51a.java	31	CWE36_Absolute_Path_Traversal__Environment_51b.java	31
/home/swlab/Documents/swvul/java-vuln-detection/slicing/output/CPG/cwe36_cpg/cwe36-24-cpg-resolved.bin	tc24_flow2	CWE36_Absolute_Path_Traversal__Environment_51a.java	47	CWE36_Absolute_Path_Traversal__Environment_51b.java	99
/home/swlab/Documents/swvul/java-vuln-detection/slicing/output/CPG/cwe36_cpg/cwe36-25-cpg-resolved.bin	tc25_flow1	CWE36_Absolute_Path_Traversal__Environment_52a.java	32	CWE36_Absolute_Path_Traversal__Environment_52c.java	32
/home/swlab/Documents/swvul/java-vuln-detection/slicing/output/CPG/cwe36_cpg/cwe36-25-cpg-resolved.bin	tc25_flow2	CWE36_Absolute_Path_Traversal__Environment_52a.java	48	CWE36_Absolute_Path_Traversal__Environment_52c.java	100
/home/swlab/Documents/swvul/java-vuln-detection/slicing/output/CPG/cwe36_cpg/cwe36-26-cpg-resolved.bin	tc26_flow1	CWE36_Absolute_Path_Traversal__Environment_53a.java	32	CWE36_Absolute_Path_Traversal__Environment_53d.java	32
/home/swlab/Documents/swvul/java-vuln-detection/slicing/output/CPG/cwe36_cpg/cwe36-26-cpg-resolved.bin	tc26_flow2	CWE36_Absolute_Path_Traversal__Environment_53a.java	48	CWE36_Absolute_Path_Traversal__Environment_53d.java	100
/home/swlab/Documents/swvul/java-vuln-detection/slicing/output/CPG/cwe36_cpg/cwe36-27-cpg-resolved.bin	tc27_flow1	CWE36_Absolute_Path_Traversal__Environment_54a.java	32	CWE36_Absolute_Path_Traversal__Environment_54e.java	32
/home/swlab/Documents/swvul/java-vuln-detection/slicing/output/CPG/cwe36_cpg/cwe36-27-cpg-resolved.bin	tc27_flow2	CWE36_Absolute_Path_Traversal__Environment_54a.java	48	CWE36_Absolute_Path_Traversal__Environment_54e.java	100
/home/swlab/Documents/swvul/java-vuln-detection/slicing/output/CPG/cwe36_cpg/cwe36-28-cpg-resolved.bin	tc28_flow1	CWE36_Absolute_Path_Traversal__Environment_61b.java	32	CWE36_Absolute_Path_Traversal__Environment_61a.java	33
/home/swlab/Documents/swvul/java-vuln-detection/slicing/output/CPG/cwe36_cpg/cwe36-28-cpg-resolved.bin	tc28_flow2	CWE36_Absolute_Path_Traversal__Environment_61b.java	43	CWE36_Absolute_Path_Traversal__Environment_61a.java	107
/home/swlab/Documents/swvul/java-vuln-detection/slicing/output/CPG/cwe36_cpg/cwe36-29-cpg-resolved.bin	tc29_flow1	CWE36_Absolute_Path_Traversal__Environment_66a.java	32	CWE36_Absolute_Path_Traversal__Environment_66b.java	33
/home/swlab/Documents/swvul/java-vuln-detection/slicing/output/CPG/cwe36_cpg/cwe36-29-cpg-resolved.bin	tc29_flow2	CWE36_Absolute_Path_Traversal__Environment_66a.java	50	CWE36_Absolute_Path_Traversal__Environment_66b.java	102
/home/swlab/Documents/swvul/java-vuln-detection/slicing/output/CPG/cwe36_cpg/cwe36-30-cpg-resolved.bin	tc30_flow1	CWE36_Absolute_Path_Traversal__Environment_67a.java	37	CWE36_Absolute_Path_Traversal__Environment_67b.java	33
/home/swlab/Documents/swvul/java-vuln-detection/slicing/output/CPG/cwe36_cpg/cwe36-30-cpg-resolved.bin	tc30_flow2	CWE36_Absolute_Path_Traversal__Environment_67a.java	55	CWE36_Absolute_Path_Traversal__Environment_67b.java	102
/home/swlab/Documents/swvul/java-vuln-detection/slicing/output/CPG/cwe36_cpg/cwe36-31-cpg-resolved.bin	tc31_flow1	CWE36_Absolute_Path_Traversal__Environment_68a.java	32	CWE36_Absolute_Path_Traversal__Environment_68b.java	32
/home/swlab/Documents/swvul/java-vuln-detection/slicing/output/CPG/cwe36_cpg/cwe36-31-cpg-resolved.bin	tc31_flow2	CWE36_Absolute_Path_Traversal__Environment_68a.java	47	CWE36_Absolute_Path_Traversal__Environment_68b.java	101
/home/swlab/Documents/swvul/java-vuln-detection/slicing/output/CPG/cwe36_cpg/cwe36-32-cpg-resolved.bin	tc32_flow1	CWE36_Absolute_Path_Traversal__Environment_71a.java	32	CWE36_Absolute_Path_Traversal__Environment_71b.java	33
/home/swlab/Documents/swvul/java-vuln-detection/slicing/output/CPG/cwe36_cpg/cwe36-32-cpg-resolved.bin	tc32_flow2	CWE36_Absolute_Path_Traversal__Environment_71a.java	48	CWE36_Absolute_Path_Traversal__Environment_71b.java	102
/home/swlab/Documents/swvul/java-vuln-detection/slicing/output/CPG/cwe36_cpg/cwe36-33-cpg-resolved.bin	tc33_flow1	CWE36_Absolute_Path_Traversal__Environment_72a.java	33	CWE36_Absolute_Path_Traversal__Environment_72b.java	34
/home/swlab/Documents/swvul/java-vuln-detection/slicing/output/CPG/cwe36_cpg/cwe36-33-cpg-resolved.bin	tc33_flow2	CWE36_Absolute_Path_Traversal__Environment_72a.java	53	CWE36_Absolute_Path_Traversal__Environment_72b.java	103
/home/swlab/Documents/swvul/java-vuln-detection/slicing/output/CPG/cwe36_cpg/cwe36-34-cpg-resolved.bin	tc34_flow1	CWE36_Absolute_Path_Traversal__Environment_73a.java	33	CWE36_Absolute_Path_Traversal__Environment_73b.java	34
/home/swlab/Documents/swvul/java-vuln-detection/slicing/output/CPG/cwe36_cpg/cwe36-34-cpg-resolved.bin	tc34_flow2	CWE36_Absolute_Path_Traversal__Environment_73a.java	53	CWE36_Absolute_Path_Traversal__Environment_73b.java	103
/home/swlab/Documents/swvul/java-vuln-detection/slicing/output/CPG/cwe36_cpg/cwe36-35-cpg-resolved.bin	tc35_flow1	CWE36_Absolute_Path_Traversal__Environment_74a.java	33	CWE36_Absolute_Path_Traversal__Environment_74b.java	34
/home/swlab/Documents/swvul/java-vuln-detection/slicing/output/CPG/cwe36_cpg/cwe36-35-cpg-resolved.bin	tc35_flow2	CWE36_Absolute_Path_Traversal__Environment_74a.java	53	CWE36_Absolute_Path_Traversal__Environment_74b.java	103
/home/swlab/Documents/swvul/java-vuln-detection/slicing/output/CPG/cwe36_cpg/cwe36-36-cpg-resolved.bin	tc36_flow1	CWE36_Absolute_Path_Traversal__Environment_75a.java	37	CWE36_Absolute_Path_Traversal__Environment_75b.java	44
/home/swlab/Documents/swvul/java-vuln-detection/slicing/output/CPG/cwe36_cpg/cwe36-36-cpg-resolved.bin	tc36_flow2	CWE36_Absolute_Path_Traversal__Environment_75a.java	95	CWE36_Absolute_Path_Traversal__Environment_75b.java	157
/home/swlab/Documents/swvul/java-vuln-detection/slicing/output/CPG/cwe36_cpg/cwe36-37-cpg-resolved.bin	tc37_flow1	CWE36_Absolute_Path_Traversal__Environment_81a.java	32	CWE36_Absolute_Path_Traversal__Environment_81_bad.java	32
/home/swlab/Documents/swvul/java-vuln-detection/slicing/output/CPG/cwe36_cpg/cwe36-37-cpg-resolved.bin	tc37_flow2	CWE36_Absolute_Path_Traversal__Environment_81a.java	49	CWE36_Absolute_Path_Traversal__Environment_81_goodG2B.java	32
/home/swlab/Documents/swvul/java-vuln-detection/slicing/output/CPG/cwe36_cpg/cwe36-38-cpg-resolved.bin	tc38_flow2	CWE36_Absolute_Path_Traversal__File_01.java	178	CWE36_Absolute_Path_Traversal__File_01.java	181
/home/swlab/Documents/swvul/java-vuln-detection/slicing/output/CPG/cwe36_cpg/cwe36-39-cpg-resolved.bin	tc39_flow2	CWE36_Absolute_Path_Traversal__File_02.java	187	CWE36_Absolute_Path_Traversal__File_02.java	192
/home/swlab/Documents/swvul/java-vuln-detection/slicing/output/CPG/cwe36_cpg/cwe36-39-cpg-resolved.bin	tc39_flow3	CWE36_Absolute_Path_Traversal__File_02.java	262	CWE36_Absolute_Path_Traversal__File_02.java	272
/home/swlab/Documents/swvul/java-vuln-detection/slicing/output/CPG/cwe36_cpg/cwe36-40-cpg-resolved.bin	tc40_flow2	CWE36_Absolute_Path_Traversal__File_03.java	187	CWE36_Absolute_Path_Traversal__File_03.java	192
/home/swlab/Documents/swvul/java-vuln-detection/slicing/output/CPG/cwe36_cpg/cwe36-40-cpg-resolved.bin	tc40_flow3	CWE36_Absolute_Path_Traversal__File_03.java	262	CWE36_Absolute_Path_Traversal__File_03.java	272
/home/swlab/Documents/swvul/java-vuln-detection/slicing/output/CPG/cwe36_cpg/cwe36-41-cpg-resolved.bin	tc41_flow2	CWE36_Absolute_Path_Traversal__File_04.java	194	CWE36_Absolute_Path_Traversal__File_04.java	199
/home/swlab/Documents/swvul/java-vuln-detection/slicing/output/CPG/cwe36_cpg/cwe36-41-cpg-resolved.bin	tc41_flow3	CWE36_Absolute_Path_Traversal__File_04.java	269	CWE36_Absolute_Path_Traversal__File_04.java	279
/home/swlab/Documents/swvul/java-vuln-detection/slicing/output/CPG/cwe36_cpg/cwe36-42-cpg-resolved.bin	tc42_flow2	CWE36_Absolute_Path_Traversal__File_05.java	194	CWE36_Absolute_Path_Traversal__File_05.java	199
/home/swlab/Documents/swvul/java-vuln-detection/slicing/output/CPG/cwe36_cpg/cwe36-42-cpg-resolved.bin	tc42_flow3	CWE36_Absolute_Path_Traversal__File_05.java	269	CWE36_Absolute_Path_Traversal__File_05.java	279
/home/swlab/Documents/swvul/java-vuln-detection/slicing/output/CPG/cwe36_cpg/cwe36-43-cpg-resolved.bin	tc43_flow2	CWE36_Absolute_Path_Traversal__File_06.java	193	CWE36_Absolute_Path_Traversal__File_06.java	198
/home/swlab/Documents/swvul/java-vuln-detection/slicing/output/CPG/cwe36_cpg/cwe36-43-cpg-resolved.bin	tc43_flow3	CWE36_Absolute_Path_Traversal__File_06.java	268	CWE36_Absolute_Path_Traversal__File_06.java	278
/home/swlab/Documents/swvul/java-vuln-detection/slicing/output/CPG/cwe36_cpg/cwe36-44-cpg-resolved.bin	tc44_flow2	CWE36_Absolute_Path_Traversal__File_07.java	193	CWE36_Absolute_Path_Traversal__File_07.java	198
/home/swlab/Documents/swvul/java-vuln-detection/slicing/output/CPG/cwe36_cpg/cwe36-44-cpg-resolved.bin	tc44_flow3	CWE36_Absolute_Path_Traversal__File_07.java	268	CWE36_Absolute_Path_Traversal__File_07.java	278
/home/swlab/Documents/swvul/java-vuln-detection/slicing/output/CPG/cwe36_cpg/cwe36-45-cpg-resolved.bin	tc45_flow2	CWE36_Absolute_Path_Traversal__File_08.java	201	CWE36_Absolute_Path_Traversal__File_08.java	206
/home/swlab/Documents/swvul/java-vuln-detection/slicing/output/CPG/cwe36_cpg/cwe36-45-cpg-resolved.bin	tc45_flow3	CWE36_Absolute_Path_Traversal__File_08.java	276	CWE36_Absolute_Path_Traversal__File_08.java	286
/home/swlab/Documents/swvul/java-vuln-detection/slicing/output/CPG/cwe36_cpg/cwe36-46-cpg-resolved.bin	tc46_flow2	CWE36_Absolute_Path_Traversal__File_09.java	187	CWE36_Absolute_Path_Traversal__File_09.java	192
/home/swlab/Documents/swvul/java-vuln-detection/slicing/output/CPG/cwe36_cpg/cwe36-46-cpg-resolved.bin	tc46_flow3	CWE36_Absolute_Path_Traversal__File_09.java	262	CWE36_Absolute_Path_Traversal__File_09.java	272
/home/swlab/Documents/swvul/java-vuln-detection/slicing/output/CPG/cwe36_cpg/cwe36-47-cpg-resolved.bin	tc47_flow2	CWE36_Absolute_Path_Traversal__File_10.java	187	CWE36_Absolute_Path_Traversal__File_10.java	192
/home/swlab/Documents/swvul/java-vuln-detection/slicing/output/CPG/cwe36_cpg/cwe36-47-cpg-resolved.bin	tc47_flow3	CWE36_Absolute_Path_Traversal__File_10.java	262	CWE36_Absolute_Path_Traversal__File_10.java	272
/home/swlab/Documents/swvul/java-vuln-detection/slicing/output/CPG/cwe36_cpg/cwe36-48-cpg-resolved.bin	tc48_flow2	CWE36_Absolute_Path_Traversal__File_11.java	187	CWE36_Absolute_Path_Traversal__File_11.java	192
/home/swlab/Documents/swvul/java-vuln-detection/slicing/output/CPG/cwe36_cpg/cwe36-48-cpg-resolved.bin	tc48_flow3	CWE36_Absolute_Path_Traversal__File_11.java	262	CWE36_Absolute_Path_Traversal__File_11.java	272
/home/swlab/Documents/swvul/java-vuln-detection/slicing/output/CPG/cwe36_cpg/cwe36-49-cpg-resolved.bin	tc49_flow2	CWE36_Absolute_Path_Traversal__File_12.java	182	CWE36_Absolute_Path_Traversal__File_12.java	193
/home/swlab/Documents/swvul/java-vuln-detection/slicing/output/CPG/cwe36_cpg/cwe36-50-cpg-resolved.bin	tc50_flow2	CWE36_Absolute_Path_Traversal__File_13.java	187	CWE36_Absolute_Path_Traversal__File_13.java	192
/home/swlab/Documents/swvul/java-vuln-detection/slicing/output/CPG/cwe36_cpg/cwe36-50-cpg-resolved.bin	tc50_flow3	CWE36_Absolute_Path_Traversal__File_13.java	262	CWE36_Absolute_Path_Traversal__File_13.java	272
/home/swlab/Documents/swvul/java-vuln-detection/slicing/output/CPG/cwe36_cpg/cwe36-51-cpg-resolved.bin	tc51_flow2	CWE36_Absolute_Path_Traversal__File_14.java	187	CWE36_Absolute_Path_Traversal__File_14.java	192
/home/swlab/Documents/swvul/java-vuln-detection/slicing/output/CPG/cwe36_cpg/cwe36-51-cpg-resolved.bin	tc51_flow3	CWE36_Absolute_Path_Traversal__File_14.java	262	CWE36_Absolute_Path_Traversal__File_14.java	272
/home/swlab/Documents/swvul/java-vuln-detection/slicing/output/CPG/cwe36_cpg/cwe36-52-cpg-resolved.bin	tc52_flow2	CWE36_Absolute_Path_Traversal__File_15.java	189	CWE36_Absolute_Path_Traversal__File_15.java	194
/home/swlab/Documents/swvul/java-vuln-detection/slicing/output/CPG/cwe36_cpg/cwe36-52-cpg-resolved.bin	tc52_flow3	CWE36_Absolute_Path_Traversal__File_15.java	266	CWE36_Absolute_Path_Traversal__File_15.java	276
/home/swlab/Documents/swvul/java-vuln-detection/slicing/output/CPG/cwe36_cpg/cwe36-53-cpg-resolved.bin	tc53_flow2	CWE36_Absolute_Path_Traversal__File_16.java	177	CWE36_Absolute_Path_Traversal__File_16.java	182
/home/swlab/Documents/swvul/java-vuln-detection/slicing/output/CPG/cwe36_cpg/cwe36-54-cpg-resolved.bin	tc54_flow2	CWE36_Absolute_Path_Traversal__File_17.java	176	CWE36_Absolute_Path_Traversal__File_17.java	181
/home/swlab/Documents/swvul/java-vuln-detection/slicing/output/CPG/cwe36_cpg/cwe36-55-cpg-resolved.bin	tc55_flow2	CWE36_Absolute_Path_Traversal__File_21.java	283	CWE36_Absolute_Path_Traversal__File_21.java	206
/home/swlab/Documents/swvul/java-vuln-detection/slicing/output/CPG/cwe36_cpg/cwe36-55-cpg-resolved.bin	tc55_flow3	CWE36_Absolute_Path_Traversal__File_21.java	369	CWE36_Absolute_Path_Traversal__File_21.java	299
/home/swlab/Documents/swvul/java-vuln-detection/slicing/output/CPG/cwe36_cpg/cwe36-56-cpg-resolved.bin	tc56_flow2	CWE36_Absolute_Path_Traversal__File_22b.java	126	CWE36_Absolute_Path_Traversal__File_22a.java	123
/home/swlab/Documents/swvul/java-vuln-detection/slicing/output/CPG/cwe36_cpg/cwe36-56-cpg-resolved.bin	tc56_flow3	CWE36_Absolute_Path_Traversal__File_22b.java	141	CWE36_Absolute_Path_Traversal__File_22a.java	195
/home/swlab/Documents/swvul/java-vuln-detection/slicing/output/CPG/cwe36_cpg/cwe36-57-cpg-resolved.bin	tc57_flow2	CWE36_Absolute_Path_Traversal__File_31.java	189	CWE36_Absolute_Path_Traversal__File_31.java	197
/home/swlab/Documents/swvul/java-vuln-detection/slicing/output/CPG/cwe36_cpg/cwe36-58-cpg-resolved.bin	tc58_flow2	CWE36_Absolute_Path_Traversal__File_41.java	250	CWE36_Absolute_Path_Traversal__File_41.java	181
/home/swlab/Documents/swvul/java-vuln-detection/slicing/output/CPG/cwe36_cpg/cwe36-59-cpg-resolved.bin	tc59_flow2	CWE36_Absolute_Path_Traversal__File_42.java	179	CWE36_Absolute_Path_Traversal__File_42.java	190
/home/swlab/Documents/swvul/java-vuln-detection/slicing/output/CPG/cwe36_cpg/cwe36-60-cpg-resolved.bin	tc60_flow2	CWE36_Absolute_Path_Traversal__File_45.java	258	CWE36_Absolute_Path_Traversal__File_45.java	189
/home/swlab/Documents/swvul/java-vuln-detection/slicing/output/CPG/cwe36_cpg/cwe36-61-cpg-resolved.bin	tc61_flow2	CWE36_Absolute_Path_Traversal__File_51a.java	115	CWE36_Absolute_Path_Traversal__File_51b.java	99
/home/swlab/Documents/swvul/java-vuln-detection/slicing/output/CPG/cwe36_cpg/cwe36-62-cpg-resolved.bin	tc62_flow2	CWE36_Absolute_Path_Traversal__File_52a.java	116	CWE36_Absolute_Path_Traversal__File_52c.java	100
/home/swlab/Documents/swvul/java-vuln-detection/slicing/output/CPG/cwe36_cpg/cwe36-63-cpg-resolved.bin	tc63_flow2	CWE36_Absolute_Path_Traversal__File_53a.java	116	CWE36_Absolute_Path_Traversal__File_53d.java	100
/home/swlab/Documents/swvul/java-vuln-detection/slicing/output/CPG/cwe36_cpg/cwe36-64-cpg-resolved.bin	tc64_flow2	CWE36_Absolute_Path_Traversal__File_54a.java	116	CWE36_Absolute_Path_Traversal__File_54e.java	100
/home/swlab/Documents/swvul/java-vuln-detection/slicing/output/CPG/cwe36_cpg/cwe36-65-cpg-resolved.bin	tc65_flow2	CWE36_Absolute_Path_Traversal__File_61b.java	111	CWE36_Absolute_Path_Traversal__File_61a.java	107
/home/swlab/Documents/swvul/java-vuln-detection/slicing/output/CPG/cwe36_cpg/cwe36-66-cpg-resolved.bin	tc66_flow2	CWE36_Absolute_Path_Traversal__File_66a.java	118	CWE36_Absolute_Path_Traversal__File_66b.java	102
/home/swlab/Documents/swvul/java-vuln-detection/slicing/output/CPG/cwe36_cpg/cwe36-67-cpg-resolved.bin	tc67_flow2	CWE36_Absolute_Path_Traversal__File_67a.java	123	CWE36_Absolute_Path_Traversal__File_67b.java	102
/home/swlab/Documents/swvul/java-vuln-detection/slicing/output/CPG/cwe36_cpg/cwe36-68-cpg-resolved.bin	tc68_flow2	CWE36_Absolute_Path_Traversal__File_68a.java	115	CWE36_Absolute_Path_Traversal__File_68b.java	101
/home/swlab/Documents/swvul/java-vuln-detection/slicing/output/CPG/cwe36_cpg/cwe36-69-cpg-resolved.bin	tc69_flow2	CWE36_Absolute_Path_Traversal__File_71a.java	116	CWE36_Absolute_Path_Traversal__File_71b.java	102
/home/swlab/Documents/swvul/java-vuln-detection/slicing/output/CPG/cwe36_cpg/cwe36-70-cpg-resolved.bin	tc70_flow2	CWE36_Absolute_Path_Traversal__File_72a.java	121	CWE36_Absolute_Path_Traversal__File_72b.java	103
/home/swlab/Documents/swvul/java-vuln-detection/slicing/output/CPG/cwe36_cpg/cwe36-71-cpg-resolved.bin	tc71_flow2	CWE36_Absolute_Path_Traversal__File_73a.java	121	CWE36_Absolute_Path_Traversal__File_73b.java	103
/home/swlab/Documents/swvul/java-vuln-detection/slicing/output/CPG/cwe36_cpg/cwe36-72-cpg-resolved.bin	tc72_flow2	CWE36_Absolute_Path_Traversal__File_74a.java	121	CWE36_Absolute_Path_Traversal__File_74b.java	103
/home/swlab/Documents/swvul/java-vuln-detection/slicing/output/CPG/cwe36_cpg/cwe36-73-cpg-resolved.bin	tc73_flow2	CWE36_Absolute_Path_Traversal__File_75a.java	161	CWE36_Absolute_Path_Traversal__File_75b.java	157
/home/swlab/Documents/swvul/java-vuln-detection/slicing/output/CPG/cwe36_cpg/cwe36-74-cpg-resolved.bin	tc74_flow2	CWE36_Absolute_Path_Traversal__File_81a.java	117	CWE36_Absolute_Path_Traversal__File_81_goodG2B.java	32
/home/swlab/Documents/swvul/java-vuln-detection/slicing/output/CPG/cwe36_cpg/cwe36-75-cpg-resolved.bin	tc75_flow1	CWE36_Absolute_Path_Traversal__PropertiesFile_01.java	51	CWE36_Absolute_Path_Traversal__PropertiesFile_01.java	75
/home/swlab/Documents/swvul/java-vuln-detection/slicing/output/CPG/cwe36_cpg/cwe36-75-cpg-resolved.bin	tc75_flow2	CWE36_Absolute_Path_Traversal__PropertiesFile_01.java	149	CWE36_Absolute_Path_Traversal__PropertiesFile_01.java	152
/home/swlab/Documents/swvul/java-vuln-detection/slicing/output/CPG/cwe36_cpg/cwe36-76-cpg-resolved.bin	tc76_flow1	CWE36_Absolute_Path_Traversal__PropertiesFile_02.java	49	CWE36_Absolute_Path_Traversal__PropertiesFile_02.java	80
/home/swlab/Documents/swvul/java-vuln-detection/slicing/output/CPG/cwe36_cpg/cwe36-76-cpg-resolved.bin	tc76_flow2	CWE36_Absolute_Path_Traversal__PropertiesFile_02.java	157	CWE36_Absolute_Path_Traversal__PropertiesFile_02.java	162
/home/swlab/Documents/swvul/java-vuln-detection/slicing/output/CPG/cwe36_cpg/cwe36-76-cpg-resolved.bin	tc76_flow3	CWE36_Absolute_Path_Traversal__PropertiesFile_02.java	232	CWE36_Absolute_Path_Traversal__PropertiesFile_02.java	242
/home/swlab/Documents/swvul/java-vuln-detection/slicing/output/CPG/cwe36_cpg/cwe36-77-cpg-resolved.bin	tc77_flow1	CWE36_Absolute_Path_Traversal__PropertiesFile_03.java	49	CWE36_Absolute_Path_Traversal__PropertiesFile_03.java	80
/home/swlab/Documents/swvul/java-vuln-detection/slicing/output/CPG/cwe36_cpg/cwe36-77-cpg-resolved.bin	tc77_flow2	CWE36_Absolute_Path_Traversal__PropertiesFile_03.java	157	CWE36_Absolute_Path_Traversal__PropertiesFile_03.java	162
/home/swlab/Documents/swvul/java-vuln-detection/slicing/output/CPG/cwe36_cpg/cwe36-77-cpg-resolved.bin	tc77_flow3	CWE36_Absolute_Path_Traversal__PropertiesFile_03.java	232	CWE36_Absolute_Path_Traversal__PropertiesFile_03.java	242
/home/swlab/Documents/swvul/java-vuln-detection/slicing/output/CPG/cwe36_cpg/cwe36-78-cpg-resolved.bin	tc78_flow1	CWE36_Absolute_Path_Traversal__PropertiesFile_04.java	56	CWE36_Absolute_Path_Traversal__PropertiesFile_04.java	87
/home/swlab/Documents/swvul/java-vuln-detection/slicing/output/CPG/cwe36_cpg/cwe36-78-cpg-resolved.bin	tc78_flow2	CWE36_Absolute_Path_Traversal__PropertiesFile_04.java	164	CWE36_Absolute_Path_Traversal__PropertiesFile_04.java	169
/home/swlab/Documents/swvul/java-vuln-detection/slicing/output/CPG/cwe36_cpg/cwe36-78-cpg-resolved.bin	tc78_flow3	CWE36_Absolute_Path_Traversal__PropertiesFile_04.java	239	CWE36_Absolute_Path_Traversal__PropertiesFile_04.java	249
/home/swlab/Documents/swvul/java-vuln-detection/slicing/output/CPG/cwe36_cpg/cwe36-79-cpg-resolved.bin	tc79_flow1	CWE36_Absolute_Path_Traversal__PropertiesFile_05.java	56	CWE36_Absolute_Path_Traversal__PropertiesFile_05.java	87
/home/swlab/Documents/swvul/java-vuln-detection/slicing/output/CPG/cwe36_cpg/cwe36-79-cpg-resolved.bin	tc79_flow2	CWE36_Absolute_Path_Traversal__PropertiesFile_05.java	164	CWE36_Absolute_Path_Traversal__PropertiesFile_05.java	169
/home/swlab/Documents/swvul/java-vuln-detection/slicing/output/CPG/cwe36_cpg/cwe36-79-cpg-resolved.bin	tc79_flow3	CWE36_Absolute_Path_Traversal__PropertiesFile_05.java	239	CWE36_Absolute_Path_Traversal__PropertiesFile_05.java	249
/home/swlab/Documents/swvul/java-vuln-detection/slicing/output/CPG/cwe36_cpg/cwe36-80-cpg-resolved.bin	tc80_flow1	CWE36_Absolute_Path_Traversal__PropertiesFile_06.java	55	CWE36_Absolute_Path_Traversal__PropertiesFile_06.java	86
/home/swlab/Documents/swvul/java-vuln-detection/slicing/output/CPG/cwe36_cpg/cwe36-80-cpg-resolved.bin	tc80_flow2	CWE36_Absolute_Path_Traversal__PropertiesFile_06.java	163	CWE36_Absolute_Path_Traversal__PropertiesFile_06.java	168
/home/swlab/Documents/swvul/java-vuln-detection/slicing/output/CPG/cwe36_cpg/cwe36-80-cpg-resolved.bin	tc80_flow3	CWE36_Absolute_Path_Traversal__PropertiesFile_06.java	238	CWE36_Absolute_Path_Traversal__PropertiesFile_06.java	248
/home/swlab/Documents/swvul/java-vuln-detection/slicing/output/CPG/cwe36_cpg/cwe36-81-cpg-resolved.bin	tc81_flow1	CWE36_Absolute_Path_Traversal__PropertiesFile_07.java	55	CWE36_Absolute_Path_Traversal__PropertiesFile_07.java	86
/home/swlab/Documents/swvul/java-vuln-detection/slicing/output/CPG/cwe36_cpg/cwe36-81-cpg-resolved.bin	tc81_flow2	CWE36_Absolute_Path_Traversal__PropertiesFile_07.java	163	CWE36_Absolute_Path_Traversal__PropertiesFile_07.java	168
/home/swlab/Documents/swvul/java-vuln-detection/slicing/output/CPG/cwe36_cpg/cwe36-81-cpg-resolved.bin	tc81_flow3	CWE36_Absolute_Path_Traversal__PropertiesFile_07.java	238	CWE36_Absolute_Path_Traversal__PropertiesFile_07.java	248
/home/swlab/Documents/swvul/java-vuln-detection/slicing/output/CPG/cwe36_cpg/cwe36-82-cpg-resolved.bin	tc82_flow1	CWE36_Absolute_Path_Traversal__PropertiesFile_08.java	63	CWE36_Absolute_Path_Traversal__PropertiesFile_08.java	94
/home/swlab/Documents/swvul/java-vuln-detection/slicing/output/CPG/cwe36_cpg/cwe36-82-cpg-resolved.bin	tc82_flow2	CWE36_Absolute_Path_Traversal__PropertiesFile_08.java	171	CWE36_Absolute_Path_Traversal__PropertiesFile_08.java	176
/home/swlab/Documents/swvul/java-vuln-detection/slicing/output/CPG/cwe36_cpg/cwe36-82-cpg-resolved.bin	tc82_flow3	CWE36_Absolute_Path_Traversal__PropertiesFile_08.java	246	CWE36_Absolute_Path_Traversal__PropertiesFile_08.java	256
/home/swlab/Documents/swvul/java-vuln-detection/slicing/output/CPG/cwe36_cpg/cwe36-83-cpg-resolved.bin	tc83_flow1	CWE36_Absolute_Path_Traversal__PropertiesFile_09.java	49	CWE36_Absolute_Path_Traversal__PropertiesFile_09.java	80
/home/swlab/Documents/swvul/java-vuln-detection/slicing/output/CPG/cwe36_cpg/cwe36-83-cpg-resolved.bin	tc83_flow2	CWE36_Absolute_Path_Traversal__PropertiesFile_09.java	157	CWE36_Absolute_Path_Traversal__PropertiesFile_09.java	162
/home/swlab/Documents/swvul/java-vuln-detection/slicing/output/CPG/cwe36_cpg/cwe36-83-cpg-resolved.bin	tc83_flow3	CWE36_Absolute_Path_Traversal__PropertiesFile_09.java	232	CWE36_Absolute_Path_Traversal__PropertiesFile_09.java	242
/home/swlab/Documents/swvul/java-vuln-detection/slicing/output/CPG/cwe36_cpg/cwe36-84-cpg-resolved.bin	tc84_flow1	CWE36_Absolute_Path_Traversal__PropertiesFile_10.java	49	CWE36_Absolute_Path_Traversal__PropertiesFile_10.java	80
/home/swlab/Documents/swvul/java-vuln-detection/slicing/output/CPG/cwe36_cpg/cwe36-84-cpg-resolved.bin	tc84_flow2	CWE36_Absolute_Path_Traversal__PropertiesFile_10.java	157	CWE36_Absolute_Path_Traversal__PropertiesFile_10.java	162
/home/swlab/Documents/swvul/java-vuln-detection/slicing/output/CPG/cwe36_cpg/cwe36-84-cpg-resolved.bin	tc84_flow3	CWE36_Absolute_Path_Traversal__PropertiesFile_10.java	232	CWE36_Absolute_Path_Traversal__PropertiesFile_10.java	242
/home/swlab/Documents/swvul/java-vuln-detection/slicing/output/CPG/cwe36_cpg/cwe36-85-cpg-resolved.bin	tc85_flow1	CWE36_Absolute_Path_Traversal__PropertiesFile_11.java	49	CWE36_Absolute_Path_Traversal__PropertiesFile_11.java	80
/home/swlab/Documents/swvul/java-vuln-detection/slicing/output/CPG/cwe36_cpg/cwe36-85-cpg-resolved.bin	tc85_flow2	CWE36_Absolute_Path_Traversal__PropertiesFile_11.java	157	CWE36_Absolute_Path_Traversal__PropertiesFile_11.java	162
/home/swlab/Documents/swvul/java-vuln-detection/slicing/output/CPG/cwe36_cpg/cwe36-85-cpg-resolved.bin	tc85_flow3	CWE36_Absolute_Path_Traversal__PropertiesFile_11.java	232	CWE36_Absolute_Path_Traversal__PropertiesFile_11.java	242
/home/swlab/Documents/swvul/java-vuln-detection/slicing/output/CPG/cwe36_cpg/cwe36-86-cpg-resolved.bin	tc86_flow1	CWE36_Absolute_Path_Traversal__PropertiesFile_12.java	49	CWE36_Absolute_Path_Traversal__PropertiesFile_12.java	81
/home/swlab/Documents/swvul/java-vuln-detection/slicing/output/CPG/cwe36_cpg/cwe36-86-cpg-resolved.bin	tc86_flow2	CWE36_Absolute_Path_Traversal__PropertiesFile_12.java	152	CWE36_Absolute_Path_Traversal__PropertiesFile_12.java	163
/home/swlab/Documents/swvul/java-vuln-detection/slicing/output/CPG/cwe36_cpg/cwe36-87-cpg-resolved.bin	tc87_flow1	CWE36_Absolute_Path_Traversal__PropertiesFile_13.java	49	CWE36_Absolute_Path_Traversal__PropertiesFile_13.java	80
/home/swlab/Documents/swvul/java-vuln-detection/slicing/output/CPG/cwe36_cpg/cwe36-87-cpg-resolved.bin	tc87_flow2	CWE36_Absolute_Path_Traversal__PropertiesFile_13.java	157	CWE36_Absolute_Path_Traversal__PropertiesFile_13.java	162
/home/swlab/Documents/swvul/java-vuln-detection/slicing/output/CPG/cwe36_cpg/cwe36-87-cpg-resolved.bin	tc87_flow3	CWE36_Absolute_Path_Traversal__PropertiesFile_13.java	232	CWE36_Absolute_Path_Traversal__PropertiesFile_13.java	242
/home/swlab/Documents/swvul/java-vuln-detection/slicing/output/CPG/cwe36_cpg/cwe36-88-cpg-resolved.bin	tc88_flow1	CWE36_Absolute_Path_Traversal__PropertiesFile_14.java	49	CWE36_Absolute_Path_Traversal__PropertiesFile_14.java	80
/home/swlab/Documents/swvul/java-vuln-detection/slicing/output/CPG/cwe36_cpg/cwe36-88-cpg-resolved.bin	tc88_flow2	CWE36_Absolute_Path_Traversal__PropertiesFile_14.java	157	CWE36_Absolute_Path_Traversal__PropertiesFile_14.java	162
/home/swlab/Documents/swvul/java-vuln-detection/slicing/output/CPG/cwe36_cpg/cwe36-88-cpg-resolved.bin	tc88_flow3	CWE36_Absolute_Path_Traversal__PropertiesFile_14.java	232	CWE36_Absolute_Path_Traversal__PropertiesFile_14.java	242
/home/swlab/Documents/swvul/java-vuln-detection/slicing/output/CPG/cwe36_cpg/cwe36-89-cpg-resolved.bin	tc89_flow1	CWE36_Absolute_Path_Traversal__PropertiesFile_15.java	51	CWE36_Absolute_Path_Traversal__PropertiesFile_15.java	82
/home/swlab/Documents/swvul/java-vuln-detection/slicing/output/CPG/cwe36_cpg/cwe36-89-cpg-resolved.bin	tc89_flow2	CWE36_Absolute_Path_Traversal__PropertiesFile_15.java	159	CWE36_Absolute_Path_Traversal__PropertiesFile_15.java	164
/home/swlab/Documents/swvul/java-vuln-detection/slicing/output/CPG/cwe36_cpg/cwe36-89-cpg-resolved.bin	tc89_flow3	CWE36_Absolute_Path_Traversal__PropertiesFile_15.java	236	CWE36_Absolute_Path_Traversal__PropertiesFile_15.java	246
/home/swlab/Documents/swvul/java-vuln-detection/slicing/output/CPG/cwe36_cpg/cwe36-90-cpg-resolved.bin	tc90_flow1	CWE36_Absolute_Path_Traversal__PropertiesFile_16.java	50	CWE36_Absolute_Path_Traversal__PropertiesFile_16.java	76
/home/swlab/Documents/swvul/java-vuln-detection/slicing/output/CPG/cwe36_cpg/cwe36-90-cpg-resolved.bin	tc90_flow2	CWE36_Absolute_Path_Traversal__PropertiesFile_16.java	147	CWE36_Absolute_Path_Traversal__PropertiesFile_16.java	152
/home/swlab/Documents/swvul/java-vuln-detection/slicing/output/CPG/cwe36_cpg/cwe36-91-cpg-resolved.bin	tc91_flow1	CWE36_Absolute_Path_Traversal__PropertiesFile_17.java	51	CWE36_Absolute_Path_Traversal__PropertiesFile_17.java	77
/home/swlab/Documents/swvul/java-vuln-detection/slicing/output/CPG/cwe36_cpg/cwe36-91-cpg-resolved.bin	tc91_flow2	CWE36_Absolute_Path_Traversal__PropertiesFile_17.java	147	CWE36_Absolute_Path_Traversal__PropertiesFile_17.java	152
/home/swlab/Documents/swvul/java-vuln-detection/slicing/output/CPG/cwe36_cpg/cwe36-92-cpg-resolved.bin	tc92_flow1	CWE36_Absolute_Path_Traversal__PropertiesFile_21.java	124	CWE36_Absolute_Path_Traversal__PropertiesFile_21.java	45
/home/swlab/Documents/swvul/java-vuln-detection/slicing/output/CPG/cwe36_cpg/cwe36-92-cpg-resolved.bin	tc92_flow2	CWE36_Absolute_Path_Traversal__PropertiesFile_21.java	253	CWE36_Absolute_Path_Traversal__PropertiesFile_21.java	176
/home/swlab/Documents/swvul/java-vuln-detection/slicing/output/CPG/cwe36_cpg/cwe36-92-cpg-resolved.bin	tc92_flow3	CWE36_Absolute_Path_Traversal__PropertiesFile_21.java	339	CWE36_Absolute_Path_Traversal__PropertiesFile_21.java	269
/home/swlab/Documents/swvul/java-vuln-detection/slicing/output/CPG/cwe36_cpg/cwe36-93-cpg-resolved.bin	tc93_flow1	CWE36_Absolute_Path_Traversal__PropertiesFile_22b.java	49	CWE36_Absolute_Path_Traversal__PropertiesFile_22a.java	40
/home/swlab/Documents/swvul/java-vuln-detection/slicing/output/CPG/cwe36_cpg/cwe36-93-cpg-resolved.bin	tc93_flow2	CWE36_Absolute_Path_Traversal__PropertiesFile_22b.java	96	CWE36_Absolute_Path_Traversal__PropertiesFile_22a.java	123
/home/swlab/Documents/swvul/java-vuln-detection/slicing/output/CPG/cwe36_cpg/cwe36-93-cpg-resolved.bin	tc93_flow3	CWE36_Absolute_Path_Traversal__PropertiesFile_22b.java	111	CWE36_Absolute_Path_Traversal__PropertiesFile_22a.java	195
/home/swlab/Documents/swvul/java-vuln-detection/slicing/output/CPG/cwe36_cpg/cwe36-94-cpg-resolved.bin	tc94_flow1	CWE36_Absolute_Path_Traversal__PropertiesFile_31.java	54	CWE36_Absolute_Path_Traversal__PropertiesFile_31.java	83
/home/swlab/Documents/swvul/java-vuln-detection/slicing/output/CPG/cwe36_cpg/cwe36-94-cpg-resolved.bin	tc94_flow2	CWE36_Absolute_Path_Traversal__PropertiesFile_31.java	160	CWE36_Absolute_Path_Traversal__PropertiesFile_31.java	168
/home/swlab/Documents/swvul/java-vuln-detection/slicing/output/CPG/cwe36_cpg/cwe36-95-cpg-resolved.bin	tc95_flow1	CWE36_Absolute_Path_Traversal__PropertiesFile_41.java	117	CWE36_Absolute_Path_Traversal__PropertiesFile_41.java	37
/home/swlab/Documents/swvul/java-vuln-detection/slicing/output/CPG/cwe36_cpg/cwe36-95-cpg-resolved.bin	tc95_flow2	CWE36_Absolute_Path_Traversal__PropertiesFile_41.java	221	CWE36_Absolute_Path_Traversal__PropertiesFile_41.java	152
/home/swlab/Documents/swvul/java-vuln-detection/slicing/output/CPG/cwe36_cpg/cwe36-96-cpg-resolved.bin	tc96_flow1	CWE36_Absolute_Path_Traversal__PropertiesFile_42.java	50	CWE36_Absolute_Path_Traversal__PropertiesFile_42.java	82
/home/swlab/Documents/swvul/java-vuln-detection/slicing/output/CPG/cwe36_cpg/cwe36-96-cpg-resolved.bin	tc96_flow2	CWE36_Absolute_Path_Traversal__PropertiesFile_42.java	150	CWE36_Absolute_Path_Traversal__PropertiesFile_42.java	161
/home/swlab/Documents/swvul/java-vuln-detection/slicing/output/CPG/cwe36_cpg/cwe36-97-cpg-resolved.bin	tc97_flow1	CWE36_Absolute_Path_Traversal__PropertiesFile_45.java	123	CWE36_Absolute_Path_Traversal__PropertiesFile_45.java	42
/home/swlab/Documents/swvul/java-vuln-detection/slicing/output/CPG/cwe36_cpg/cwe36-97-cpg-resolved.bin	tc97_flow2	CWE36_Absolute_Path_Traversal__PropertiesFile_45.java	229	CWE36_Absolute_Path_Traversal__PropertiesFile_45.java	160
/home/swlab/Documents/swvul/java-vuln-detection/slicing/output/CPG/cwe36_cpg/cwe36-98-cpg-resolved.bin	tc98_flow1	CWE36_Absolute_Path_Traversal__PropertiesFile_51a.java	49	CWE36_Absolute_Path_Traversal__PropertiesFile_51b.java	31
/home/swlab/Documents/swvul/java-vuln-detection/slicing/output/CPG/cwe36_cpg/cwe36-98-cpg-resolved.bin	tc98_flow2	CWE36_Absolute_Path_Traversal__PropertiesFile_51a.java	86	CWE36_Absolute_Path_Traversal__PropertiesFile_51b.java	99
/home/swlab/Documents/swvul/java-vuln-detection/slicing/output/CPG/cwe36_cpg/cwe36-99-cpg-resolved.bin	tc99_flow1	CWE36_Absolute_Path_Traversal__PropertiesFile_52a.java	50	CWE36_Absolute_Path_Traversal__PropertiesFile_52c.java	32
/home/swlab/Documents/swvul/java-vuln-detection/slicing/output/CPG/cwe36_cpg/cwe36-99-cpg-resolved.bin	tc99_flow2	CWE36_Absolute_Path_Traversal__PropertiesFile_52a.java	87	CWE36_Absolute_Path_Traversal__PropertiesFile_52c.java	100
/home/swlab/Documents/swvul/java-vuln-detection/slicing/output/CPG/cwe36_cpg/cwe36-100-cpg-resolved.bin	tc100_flow1	CWE36_Absolute_Path_Traversal__PropertiesFile_53a.java	50	CWE36_Absolute_Path_Traversal__PropertiesFile_53d.java	32
/home/swlab/Documents/swvul/java-vuln-detection/slicing/output/CPG/cwe36_cpg/cwe36-100-cpg-resolved.bin	tc100_flow2	CWE36_Absolute_Path_Traversal__PropertiesFile_53a.java	87	CWE36_Absolute_Path_Traversal__PropertiesFile_53d.java	100
/home/swlab/Documents/swvul/java-vuln-detection/slicing/output/CPG/cwe36_cpg/cwe36-101-cpg-resolved.bin	tc101_flow1	CWE36_Absolute_Path_Traversal__PropertiesFile_54a.java	50	CWE36_Absolute_Path_Traversal__PropertiesFile_54e.java	32
/home/swlab/Documents/swvul/java-vuln-detection/slicing/output/CPG/cwe36_cpg/cwe36-101-cpg-resolved.bin	tc101_flow2	CWE36_Absolute_Path_Traversal__PropertiesFile_54a.java	87	CWE36_Absolute_Path_Traversal__PropertiesFile_54e.java	100
/home/swlab/Documents/swvul/java-vuln-detection/slicing/output/CPG/cwe36_cpg/cwe36-102-cpg-resolved.bin	tc102_flow1	CWE36_Absolute_Path_Traversal__PropertiesFile_61b.java	50	CWE36_Absolute_Path_Traversal__PropertiesFile_61a.java	33
/home/swlab/Documents/swvul/java-vuln-detection/slicing/output/CPG/cwe36_cpg/cwe36-102-cpg-resolved.bin	tc102_flow2	CWE36_Absolute_Path_Traversal__PropertiesFile_61b.java	82	CWE36_Absolute_Path_Traversal__PropertiesFile_61a.java	107
/home/swlab/Documents/swvul/java-vuln-detection/slicing/output/CPG/cwe36_cpg/cwe36-103-cpg-resolved.bin	tc103_flow1	CWE36_Absolute_Path_Traversal__PropertiesFile_66a.java	50	CWE36_Absolute_Path_Traversal__PropertiesFile_66b.java	33
/home/swlab/Documents/swvul/java-vuln-detection/slicing/output/CPG/cwe36_cpg/cwe36-103-cpg-resolved.bin	tc103_flow2	CWE36_Absolute_Path_Traversal__PropertiesFile_66a.java	89	CWE36_Absolute_Path_Traversal__PropertiesFile_66b.java	102
/home/swlab/Documents/swvul/java-vuln-detection/slicing/output/CPG/cwe36_cpg/cwe36-104-cpg-resolved.bin	tc104_flow1	CWE36_Absolute_Path_Traversal__PropertiesFile_67a.java	55	CWE36_Absolute_Path_Traversal__PropertiesFile_67b.java	33
/home/swlab/Documents/swvul/java-vuln-detection/slicing/output/CPG/cwe36_cpg/cwe36-104-cpg-resolved.bin	tc104_flow2	CWE36_Absolute_Path_Traversal__PropertiesFile_67a.java	94	CWE36_Absolute_Path_Traversal__PropertiesFile_67b.java	102
/home/swlab/Documents/swvul/java-vuln-detection/slicing/output/CPG/cwe36_cpg/cwe36-105-cpg-resolved.bin	tc105_flow1	CWE36_Absolute_Path_Traversal__PropertiesFile_68a.java	50	CWE36_Absolute_Path_Traversal__PropertiesFile_68b.java	32
/home/swlab/Documents/swvul/java-vuln-detection/slicing/output/CPG/cwe36_cpg/cwe36-105-cpg-resolved.bin	tc105_flow2	CWE36_Absolute_Path_Traversal__PropertiesFile_68a.java	86	CWE36_Absolute_Path_Traversal__PropertiesFile_68b.java	101
/home/swlab/Documents/swvul/java-vuln-detection/slicing/output/CPG/cwe36_cpg/cwe36-106-cpg-resolved.bin	tc106_flow1	CWE36_Absolute_Path_Traversal__PropertiesFile_71a.java	50	CWE36_Absolute_Path_Traversal__PropertiesFile_71b.java	33
/home/swlab/Documents/swvul/java-vuln-detection/slicing/output/CPG/cwe36_cpg/cwe36-106-cpg-resolved.bin	tc106_flow2	CWE36_Absolute_Path_Traversal__PropertiesFile_71a.java	87	CWE36_Absolute_Path_Traversal__PropertiesFile_71b.java	102
/home/swlab/Documents/swvul/java-vuln-detection/slicing/output/CPG/cwe36_cpg/cwe36-107-cpg-resolved.bin	tc107_flow1	CWE36_Absolute_Path_Traversal__PropertiesFile_72a.java	51	CWE36_Absolute_Path_Traversal__PropertiesFile_72b.java	34
/home/swlab/Documents/swvul/java-vuln-detection/slicing/output/CPG/cwe36_cpg/cwe36-107-cpg-resolved.bin	tc107_flow2	CWE36_Absolute_Path_Traversal__PropertiesFile_72a.java	92	CWE36_Absolute_Path_Traversal__PropertiesFile_72b.java	103
/home/swlab/Documents/swvul/java-vuln-detection/slicing/output/CPG/cwe36_cpg/cwe36-108-cpg-resolved.bin	tc108_flow1	CWE36_Absolute_Path_Traversal__PropertiesFile_73a.java	51	CWE36_Absolute_Path_Traversal__PropertiesFile_73b.java	34
/home/swlab/Documents/swvul/java-vuln-detection/slicing/output/CPG/cwe36_cpg/cwe36-108-cpg-resolved.bin	tc108_flow2	CWE36_Absolute_Path_Traversal__PropertiesFile_73a.java	92	CWE36_Absolute_Path_Traversal__PropertiesFile_73b.java	103
/home/swlab/Documents/swvul/java-vuln-detection/slicing/output/CPG/cwe36_cpg/cwe36-109-cpg-resolved.bin	tc109_flow1	CWE36_Absolute_Path_Traversal__PropertiesFile_74a.java	51	CWE36_Absolute_Path_Traversal__PropertiesFile_74b.java	34
/home/swlab/Documents/swvul/java-vuln-detection/slicing/output/CPG/cwe36_cpg/cwe36-109-cpg-resolved.bin	tc109_flow2	CWE36_Absolute_Path_Traversal__PropertiesFile_74a.java	92	CWE36_Absolute_Path_Traversal__PropertiesFile_74b.java	103
/home/swlab/Documents/swvul/java-vuln-detection/slicing/output/CPG/cwe36_cpg/cwe36-110-cpg-resolved.bin	tc110_flow1	CWE36_Absolute_Path_Traversal__PropertiesFile_75a.java	53	CWE36_Absolute_Path_Traversal__PropertiesFile_75b.java	44
/home/swlab/Documents/swvul/java-vuln-detection/slicing/output/CPG/cwe36_cpg/cwe36-110-cpg-resolved.bin	tc110_flow2	CWE36_Absolute_Path_Traversal__PropertiesFile_75a.java	132	CWE36_Absolute_Path_Traversal__PropertiesFile_75b.java	157
/home/swlab/Documents/swvul/java-vuln-detection/slicing/output/CPG/cwe36_cpg/cwe36-111-cpg-resolved.bin	tc111_flow1	CWE36_Absolute_Path_Traversal__PropertiesFile_81a.java	50	CWE36_Absolute_Path_Traversal__PropertiesFile_81_bad.java	32
/home/swlab/Documents/swvul/java-vuln-detection/slicing/output/CPG/cwe36_cpg/cwe36-111-cpg-resolved.bin	tc111_flow2	CWE36_Absolute_Path_Traversal__PropertiesFile_81a.java	88	CWE36_Absolute_Path_Traversal__PropertiesFile_81_goodG2B.java	32
/home/swlab/Documents/swvul/java-vuln-detection/slicing/output/CPG/cwe36_cpg/cwe36-112-cpg-resolved.bin	tc112_flow1	CWE36_Absolute_Path_Traversal__Property_01.java	34	CWE36_Absolute_Path_Traversal__Property_01.java	37
/home/swlab/Documents/swvul/java-vuln-detection/slicing/output/CPG/cwe36_cpg/cwe36-112-cpg-resolved.bin	tc112_flow2	CWE36_Absolute_Path_Traversal__Property_01.java	111	CWE36_Absolute_Path_Traversal__Property_01.java	114
/home/swlab/Documents/swvul/java-vuln-detection/slicing/output/CPG/cwe36_cpg/cwe36-113-cpg-resolved.bin	tc113_flow1	CWE36_Absolute_Path_Traversal__Property_02.java	35	CWE36_Absolute_Path_Traversal__Property_02.java	45
/home/swlab/Documents/swvul/java-vuln-detection/slicing/output/CPG/cwe36_cpg/cwe36-113-cpg-resolved.bin	tc113_flow2	CWE36_Absolute_Path_Traversal__Property_02.java	122	CWE36_Absolute_Path_Traversal__Property_02.java	127
/home/swlab/Documents/swvul/java-vuln-detection/slicing/output/CPG/cwe36_cpg/cwe36-113-cpg-resolved.bin	tc113_flow3	CWE36_Absolute_Path_Traversal__Property_02.java	197	CWE36_Absolute_Path_Traversal__Property_02.java	207
/home/swlab/Documents/swvul/java-vuln-detection/slicing/output/CPG/cwe36_cpg/cwe36-114-cpg-resolved.bin	tc114_flow1	CWE36_Absolute_Path_Traversal__Property_03.java	35	CWE36_Absolute_Path_Traversal__Property_03.java	45
/home/swlab/Documents/swvul/java-vuln-detection/slicing/output/CPG/cwe36_cpg/cwe36-114-cpg-resolved.bin	tc114_flow2	CWE36_Absolute_Path_Traversal__Property_03.java	122	CWE36_Absolute_Path_Traversal__Property_03.java	127
/home/swlab/Documents/swvul/java-vuln-detection/slicing/output/CPG/cwe36_cpg/cwe36-114-cpg-resolved.bin	tc114_flow3	CWE36_Absolute_Path_Traversal__Property_03.java	197	CWE36_Absolute_Path_Traversal__Property_03.java	207
/home/swlab/Documents/swvul/java-vuln-detection/slicing/output/CPG/cwe36_cpg/cwe36-115-cpg-resolved.bin	tc115_flow1	CWE36_Absolute_Path_Traversal__Property_04.java	42	CWE36_Absolute_Path_Traversal__Property_04.java	52
/home/swlab/Documents/swvul/java-vuln-detection/slicing/output/CPG/cwe36_cpg/cwe36-115-cpg-resolved.bin	tc115_flow2	CWE36_Absolute_Path_Traversal__Property_04.java	129	CWE36_Absolute_Path_Traversal__Property_04.java	134
/home/swlab/Documents/swvul/java-vuln-detection/slicing/output/CPG/cwe36_cpg/cwe36-115-cpg-resolved.bin	tc115_flow3	CWE36_Absolute_Path_Traversal__Property_04.java	204	CWE36_Absolute_Path_Traversal__Property_04.java	214
/home/swlab/Documents/swvul/java-vuln-detection/slicing/output/CPG/cwe36_cpg/cwe36-116-cpg-resolved.bin	tc116_flow1	CWE36_Absolute_Path_Traversal__Property_05.java	42	CWE36_Absolute_Path_Traversal__Property_05.java	52
/home/swlab/Documents/swvul/java-vuln-detection/slicing/output/CPG/cwe36_cpg/cwe36-116-cpg-resolved.bin	tc116_flow2	CWE36_Absolute_Path_Traversal__Property_05.java	129	CWE36_Absolute_Path_Traversal__Property_05.java	134
/home/swlab/Documents/swvul/java-vuln-detection/slicing/output/CPG/cwe36_cpg/cwe36-116-cpg-resolved.bin	tc116_flow3	CWE36_Absolute_Path_Traversal__Property_05.java	204	CWE36_Absolute_Path_Traversal__Property_05.java	214
/home/swlab/Documents/swvul/java-vuln-detection/slicing/output/CPG/cwe36_cpg/cwe36-117-cpg-resolved.bin	tc117_flow1	CWE36_Absolute_Path_Traversal__Property_06.java	41	CWE36_Absolute_Path_Traversal__Property_06.java	51
/home/swlab/Documents/swvul/java-vuln-detection/slicing/output/CPG/cwe36_cpg/cwe36-117-cpg-resolved.bin	tc117_flow2	CWE36_Absolute_Path_Traversal__Property_06.java	128	CWE36_Absolute_Path_Traversal__Property_06.java	133
/home/swlab/Documents/swvul/java-vuln-detection/slicing/output/CPG/cwe36_cpg/cwe36-117-cpg-resolved.bin	tc117_flow3	CWE36_Absolute_Path_Traversal__Property_06.java	203	CWE36_Absolute_Path_Traversal__Property_06.java	213
/home/swlab/Documents/swvul/java-vuln-detection/slicing/output/CPG/cwe36_cpg/cwe36-118-cpg-resolved.bin	tc118_flow1	CWE36_Absolute_Path_Traversal__Property_07.java	41	CWE36_Absolute_Path_Traversal__Property_07.java	51
/home/swlab/Documents/swvul/java-vuln-detection/slicing/output/CPG/cwe36_cpg/cwe36-118-cpg-resolved.bin	tc118_flow2	CWE36_Absolute_Path_Traversal__Property_07.java	128	CWE36_Absolute_Path_Traversal__Property_07.java	133
/home/swlab/Documents/swvul/java-vuln-detection/slicing/output/CPG/cwe36_cpg/cwe36-118-cpg-resolved.bin	tc118_flow3	CWE36_Absolute_Path_Traversal__Property_07.java	203	CWE36_Absolute_Path_Traversal__Property_07.java	213
/home/swlab/Documents/swvul/java-vuln-detection/slicing/output/CPG/cwe36_cpg/cwe36-119-cpg-resolved.bin	tc119_flow1	CWE36_Absolute_Path_Traversal__Property_08.java	49	CWE36_Absolute_Path_Traversal__Property_08.java	59
/home/swlab/Documents/swvul/java-vuln-detection/slicing/output/CPG/cwe36_cpg/cwe36-119-cpg-resolved.bin	tc119_flow2	CWE36_Absolute_Path_Traversal__Property_08.java	136	CWE36_Absolute_Path_Traversal__Property_08.java	141
/home/swlab/Documents/swvul/java-vuln-detection/slicing/output/CPG/cwe36_cpg/cwe36-119-cpg-resolved.bin	tc119_flow3	CWE36_Absolute_Path_Traversal__Property_08.java	211	CWE36_Absolute_Path_Traversal__Property_08.java	221
/home/swlab/Documents/swvul/java-vuln-detection/slicing/output/CPG/cwe36_cpg/cwe36-120-cpg-resolved.bin	tc120_flow1	CWE36_Absolute_Path_Traversal__Property_09.java	35	CWE36_Absolute_Path_Traversal__Property_09.java	45
/home/swlab/Documents/swvul/java-vuln-detection/slicing/output/CPG/cwe36_cpg/cwe36-120-cpg-resolved.bin	tc120_flow2	CWE36_Absolute_Path_Traversal__Property_09.java	122	CWE36_Absolute_Path_Traversal__Property_09.java	127
/home/swlab/Documents/swvul/java-vuln-detection/slicing/output/CPG/cwe36_cpg/cwe36-120-cpg-resolved.bin	tc120_flow3	CWE36_Absolute_Path_Traversal__Property_09.java	197	CWE36_Absolute_Path_Traversal__Property_09.java	207
/home/swlab/Documents/swvul/java-vuln-detection/slicing/output/CPG/cwe36_cpg/cwe36-121-cpg-resolved.bin	tc121_flow1	CWE36_Absolute_Path_Traversal__Property_10.java	35	CWE36_Absolute_Path_Traversal__Property_10.java	45
/home/swlab/Documents/swvul/java-vuln-detection/slicing/output/CPG/cwe36_cpg/cwe36-121-cpg-resolved.bin	tc121_flow2	CWE36_Absolute_Path_Traversal__Property_10.java	122	CWE36_Absolute_Path_Traversal__Property_10.java	127
/home/swlab/Documents/swvul/java-vuln-detection/slicing/output/CPG/cwe36_cpg/cwe36-121-cpg-resolved.bin	tc121_flow3	CWE36_Absolute_Path_Traversal__Property_10.java	197	CWE36_Absolute_Path_Traversal__Property_10.java	207
/home/swlab/Documents/swvul/java-vuln-detection/slicing/output/CPG/cwe36_cpg/cwe36-122-cpg-resolved.bin	tc122_flow1	CWE36_Absolute_Path_Traversal__Property_11.java	35	CWE36_Absolute_Path_Traversal__Property_11.java	45
/home/swlab/Documents/swvul/java-vuln-detection/slicing/output/CPG/cwe36_cpg/cwe36-122-cpg-resolved.bin	tc122_flow2	CWE36_Absolute_Path_Traversal__Property_11.java	122	CWE36_Absolute_Path_Traversal__Property_11.java	127
/home/swlab/Documents/swvul/java-vuln-detection/slicing/output/CPG/cwe36_cpg/cwe36-122-cpg-resolved.bin	tc122_flow3	CWE36_Absolute_Path_Traversal__Property_11.java	197	CWE36_Absolute_Path_Traversal__Property_11.java	207
/home/swlab/Documents/swvul/java-vuln-detection/slicing/output/CPG/cwe36_cpg/cwe36-123-cpg-resolved.bin	tc123_flow1	CWE36_Absolute_Path_Traversal__Property_12.java	35	CWE36_Absolute_Path_Traversal__Property_12.java	46
/home/swlab/Documents/swvul/java-vuln-detection/slicing/output/CPG/cwe36_cpg/cwe36-123-cpg-resolved.bin	tc123_flow2	CWE36_Absolute_Path_Traversal__Property_12.java	117	CWE36_Absolute_Path_Traversal__Property_12.java	128
/home/swlab/Documents/swvul/java-vuln-detection/slicing/output/CPG/cwe36_cpg/cwe36-124-cpg-resolved.bin	tc124_flow1	CWE36_Absolute_Path_Traversal__Property_13.java	35	CWE36_Absolute_Path_Traversal__Property_13.java	45
/home/swlab/Documents/swvul/java-vuln-detection/slicing/output/CPG/cwe36_cpg/cwe36-124-cpg-resolved.bin	tc124_flow2	CWE36_Absolute_Path_Traversal__Property_13.java	122	CWE36_Absolute_Path_Traversal__Property_13.java	127
/home/swlab/Documents/swvul/java-vuln-detection/slicing/output/CPG/cwe36_cpg/cwe36-124-cpg-resolved.bin	tc124_flow3	CWE36_Absolute_Path_Traversal__Property_13.java	197	CWE36_Absolute_Path_Traversal__Property_13.java	207
/home/swlab/Documents/swvul/java-vuln-detection/slicing/output/CPG/cwe36_cpg/cwe36-125-cpg-resolved.bin	tc125_flow1	CWE36_Absolute_Path_Traversal__Property_14.java	35	CWE36_Absolute_Path_Traversal__Property_14.java	45
/home/swlab/Documents/swvul/java-vuln-detection/slicing/output/CPG/cwe36_cpg/cwe36-125-cpg-resolved.bin	tc125_flow2	CWE36_Absolute_Path_Traversal__Property_14.java	122	CWE36_Absolute_Path_Traversal__Property_14.java	127
/home/swlab/Documents/swvul/java-vuln-detection/slicing/output/CPG/cwe36_cpg/cwe36-125-cpg-resolved.bin	tc125_flow3	CWE36_Absolute_Path_Traversal__Property_14.java	197	CWE36_Absolute_Path_Traversal__Property_14.java	207
/home/swlab/Documents/swvul/java-vuln-detection/slicing/output/CPG/cwe36_cpg/cwe36-126-cpg-resolved.bin	tc126_flow1	CWE36_Absolute_Path_Traversal__Property_15.java	37	CWE36_Absolute_Path_Traversal__Property_15.java	47
/home/swlab/Documents/swvul/java-vuln-detection/slicing/output/CPG/cwe36_cpg/cwe36-126-cpg-resolved.bin	tc126_flow2	CWE36_Absolute_Path_Traversal__Property_15.java	124	CWE36_Absolute_Path_Traversal__Property_15.java	129
/home/swlab/Documents/swvul/java-vuln-detection/slicing/output/CPG/cwe36_cpg/cwe36-126-cpg-resolved.bin	tc126_flow3	CWE36_Absolute_Path_Traversal__Property_15.java	201	CWE36_Absolute_Path_Traversal__Property_15.java	211
/home/swlab/Documents/swvul/java-vuln-detection/slicing/output/CPG/cwe36_cpg/cwe36-127-cpg-resolved.bin	tc127_flow1	CWE36_Absolute_Path_Traversal__Property_16.java	36	CWE36_Absolute_Path_Traversal__Property_16.java	41
/home/swlab/Documents/swvul/java-vuln-detection/slicing/output/CPG/cwe36_cpg/cwe36-127-cpg-resolved.bin	tc127_flow2	CWE36_Absolute_Path_Traversal__Property_16.java	112	CWE36_Absolute_Path_Traversal__Property_16.java	117
/home/swlab/Documents/swvul/java-vuln-detection/slicing/output/CPG/cwe36_cpg/cwe36-128-cpg-resolved.bin	tc128_flow1	CWE36_Absolute_Path_Traversal__Property_17.java	34	CWE36_Absolute_Path_Traversal__Property_17.java	39
/home/swlab/Documents/swvul/java-vuln-detection/slicing/output/CPG/cwe36_cpg/cwe36-128-cpg-resolved.bin	tc128_flow2	CWE36_Absolute_Path_Traversal__Property_17.java	109	CWE36_Absolute_Path_Traversal__Property_17.java	114
/home/swlab/Documents/swvul/java-vuln-detection/slicing/output/CPG/cwe36_cpg/cwe36-129-cpg-resolved.bin	tc129_flow1	CWE36_Absolute_Path_Traversal__Property_21.java	110	CWE36_Absolute_Path_Traversal__Property_21.java	39
/home/swlab/Documents/swvul/java-vuln-detection/slicing/output/CPG/cwe36_cpg/cwe36-129-cpg-resolved.bin	tc129_flow2	CWE36_Absolute_Path_Traversal__Property_21.java	218	CWE36_Absolute_Path_Traversal__Property_21.java	141
/home/swlab/Documents/swvul/java-vuln-detection/slicing/output/CPG/cwe36_cpg/cwe36-129-cpg-resolved.bin	tc129_flow3	CWE36_Absolute_Path_Traversal__Property_21.java	304	CWE36_Absolute_Path_Traversal__Property_21.java	234
/home/swlab/Documents/swvul/java-vuln-detection/slicing/output/CPG/cwe36_cpg/cwe36-130-cpg-resolved.bin	tc130_flow1	CWE36_Absolute_Path_Traversal__Property_22b.java	34	CWE36_Absolute_Path_Traversal__Property_22a.java	40
/home/swlab/Documents/swvul/java-vuln-detection/slicing/output/CPG/cwe36_cpg/cwe36-130-cpg-resolved.bin	tc130_flow2	CWE36_Absolute_Path_Traversal__Property_22b.java	60	CWE36_Absolute_Path_Traversal__Property_22a.java	123
/home/swlab/Documents/swvul/java-vuln-detection/slicing/output/CPG/cwe36_cpg/cwe36-130-cpg-resolved.bin	tc130_flow3	CWE36_Absolute_Path_Traversal__Property_22b.java	75	CWE36_Absolute_Path_Traversal__Property_22a.java	195
/home/swlab/Documents/swvul/java-vuln-detection/slicing/output/CPG/cwe36_cpg/cwe36-131-cpg-resolved.bin	tc131_flow1	CWE36_Absolute_Path_Traversal__Property_31.java	37	CWE36_Absolute_Path_Traversal__Property_31.java	45
/home/swlab/Documents/swvul/java-vuln-detection/slicing/output/CPG/cwe36_cpg/cwe36-131-cpg-resolved.bin	tc131_flow2	CWE36_Absolute_Path_Traversal__Property_31.java	122	CWE36_Absolute_Path_Traversal__Property_31.java	130
/home/swlab/Documents/swvul/java-vuln-detection/slicing/output/CPG/cwe36_cpg/cwe36-132-cpg-resolved.bin	tc132_flow1	CWE36_Absolute_Path_Traversal__Property_41.java	100	CWE36_Absolute_Path_Traversal__Property_41.java	31
/home/swlab/Documents/swvul/java-vuln-detection/slicing/output/CPG/cwe36_cpg/cwe36-132-cpg-resolved.bin	tc132_flow2	CWE36_Absolute_Path_Traversal__Property_41.java	183	CWE36_Absolute_Path_Traversal__Property_41.java	114
/home/swlab/Documents/swvul/java-vuln-detection/slicing/output/CPG/cwe36_cpg/cwe36-133-cpg-resolved.bin	tc133_flow1	CWE36_Absolute_Path_Traversal__Property_42.java	33	CWE36_Absolute_Path_Traversal__Property_42.java	44
/home/swlab/Documents/swvul/java-vuln-detection/slicing/output/CPG/cwe36_cpg/cwe36-133-cpg-resolved.bin	tc133_flow2	CWE36_Absolute_Path_Traversal__Property_42.java	112	CWE36_Absolute_Path_Traversal__Property_42.java	123
/home/swlab/Documents/swvul/java-vuln-detection/slicing/output/CPG/cwe36_cpg/cwe36-134-cpg-resolved.bin	tc134_flow1	CWE36_Absolute_Path_Traversal__Property_45.java	106	CWE36_Absolute_Path_Traversal__Property_45.java	36
/home/swlab/Documents/swvul/java-vuln-detection/slicing/output/CPG/cwe36_cpg/cwe36-134-cpg-resolved.bin	tc134_flow2	CWE36_Absolute_Path_Traversal__Property_45.java	191	CWE36_Absolute_Path_Traversal__Property_45.java	122
/home/swlab/Documents/swvul/java-vuln-detection/slicing/output/CPG/cwe36_cpg/cwe36-135-cpg-resolved.bin	tc135_flow1	CWE36_Absolute_Path_Traversal__Property_51a.java	31	CWE36_Absolute_Path_Traversal__Property_51b.java	31
/home/swlab/Documents/swvul/java-vuln-detection/slicing/output/CPG/cwe36_cpg/cwe36-135-cpg-resolved.bin	tc135_flow2	CWE36_Absolute_Path_Traversal__Property_51a.java	47	CWE36_Absolute_Path_Traversal__Property_51b.java	99
/home/swlab/Documents/swvul/java-vuln-detection/slicing/output/CPG/cwe36_cpg/cwe36-136-cpg-resolved.bin	tc136_flow1	CWE36_Absolute_Path_Traversal__Property_52a.java	32	CWE36_Absolute_Path_Traversal__Property_52c.java	32
/home/swlab/Documents/swvul/java-vuln-detection/slicing/output/CPG/cwe36_cpg/cwe36-136-cpg-resolved.bin	tc136_flow2	CWE36_Absolute_Path_Traversal__Property_52a.java	48	CWE36_Absolute_Path_Traversal__Property_52c.java	100
/home/swlab/Documents/swvul/java-vuln-detection/slicing/output/CPG/cwe36_cpg/cwe36-137-cpg-resolved.bin	tc137_flow1	CWE36_Absolute_Path_Traversal__Property_53a.java	32	CWE36_Absolute_Path_Traversal__Property_53d.java	32
/home/swlab/Documents/swvul/java-vuln-detection/slicing/output/CPG/cwe36_cpg/cwe36-137-cpg-resolved.bin	tc137_flow2	CWE36_Absolute_Path_Traversal__Property_53a.java	48	CWE36_Absolute_Path_Traversal__Property_53d.java	100
/home/swlab/Documents/swvul/java-vuln-detection/slicing/output/CPG/cwe36_cpg/cwe36-138-cpg-resolved.bin	tc138_flow1	CWE36_Absolute_Path_Traversal__Property_54a.java	32	CWE36_Absolute_Path_Traversal__Property_54e.java	32
/home/swlab/Documents/swvul/java-vuln-detection/slicing/output/CPG/cwe36_cpg/cwe36-138-cpg-resolved.bin	tc138_flow2	CWE36_Absolute_Path_Traversal__Property_54a.java	48	CWE36_Absolute_Path_Traversal__Property_54e.java	100
/home/swlab/Documents/swvul/java-vuln-detection/slicing/output/CPG/cwe36_cpg/cwe36-139-cpg-resolved.bin	tc139_flow1	CWE36_Absolute_Path_Traversal__Property_61b.java	32	CWE36_Absolute_Path_Traversal__Property_61a.java	33
/home/swlab/Documents/swvul/java-vuln-detection/slicing/output/CPG/cwe36_cpg/cwe36-139-cpg-resolved.bin	tc139_flow2	CWE36_Absolute_Path_Traversal__Property_61b.java	43	CWE36_Absolute_Path_Traversal__Property_61a.java	107
/home/swlab/Documents/swvul/java-vuln-detection/slicing/output/CPG/cwe36_cpg/cwe36-140-cpg-resolved.bin	tc140_flow1	CWE36_Absolute_Path_Traversal__Property_66a.java	32	CWE36_Absolute_Path_Traversal__Property_66b.java	33
/home/swlab/Documents/swvul/java-vuln-detection/slicing/output/CPG/cwe36_cpg/cwe36-140-cpg-resolved.bin	tc140_flow2	CWE36_Absolute_Path_Traversal__Property_66a.java	50	CWE36_Absolute_Path_Traversal__Property_66b.java	102
/home/swlab/Documents/swvul/java-vuln-detection/slicing/output/CPG/cwe36_cpg/cwe36-141-cpg-resolved.bin	tc141_flow1	CWE36_Absolute_Path_Traversal__Property_67a.java	37	CWE36_Absolute_Path_Traversal__Property_67b.java	33
/home/swlab/Documents/swvul/java-vuln-detection/slicing/output/CPG/cwe36_cpg/cwe36-141-cpg-resolved.bin	tc141_flow2	CWE36_Absolute_Path_Traversal__Property_67a.java	55	CWE36_Absolute_Path_Traversal__Property_67b.java	102
/home/swlab/Documents/swvul/java-vuln-detection/slicing/output/CPG/cwe36_cpg/cwe36-142-cpg-resolved.bin	tc142_flow1	CWE36_Absolute_Path_Traversal__Property_68a.java	32	CWE36_Absolute_Path_Traversal__Property_68b.java	32
/home/swlab/Documents/swvul/java-vuln-detection/slicing/output/CPG/cwe36_cpg/cwe36-142-cpg-resolved.bin	tc142_flow2	CWE36_Absolute_Path_Traversal__Property_68a.java	47	CWE36_Absolute_Path_Traversal__Property_68b.java	101
/home/swlab/Documents/swvul/java-vuln-detection/slicing/output/CPG/cwe36_cpg/cwe36-143-cpg-resolved.bin	tc143_flow1	CWE36_Absolute_Path_Traversal__Property_71a.java	32	CWE36_Absolute_Path_Traversal__Property_71b.java	33
/home/swlab/Documents/swvul/java-vuln-detection/slicing/output/CPG/cwe36_cpg/cwe36-143-cpg-resolved.bin	tc143_flow2	CWE36_Absolute_Path_Traversal__Property_71a.java	48	CWE36_Absolute_Path_Traversal__Property_71b.java	102
/home/swlab/Documents/swvul/java-vuln-detection/slicing/output/CPG/cwe36_cpg/cwe36-144-cpg-resolved.bin	tc144_flow1	CWE36_Absolute_Path_Traversal__Property_72a.java	33	CWE36_Absolute_Path_Traversal__Property_72b.java	34
/home/swlab/Documents/swvul/java-vuln-detection/slicing/output/CPG/cwe36_cpg/cwe36-144-cpg-resolved.bin	tc144_flow2	CWE36_Absolute_Path_Traversal__Property_72a.java	53	CWE36_Absolute_Path_Traversal__Property_72b.java	103
/home/swlab/Documents/swvul/java-vuln-detection/slicing/output/CPG/cwe36_cpg/cwe36-145-cpg-resolved.bin	tc145_flow1	CWE36_Absolute_Path_Traversal__Property_73a.java	33	CWE36_Absolute_Path_Traversal__Property_73b.java	34
/home/swlab/Documents/swvul/java-vuln-detection/slicing/output/CPG/cwe36_cpg/cwe36-145-cpg-resolved.bin	tc145_flow2	CWE36_Absolute_Path_Traversal__Property_73a.java	53	CWE36_Absolute_Path_Traversal__Property_73b.java	103
/home/swlab/Documents/swvul/java-vuln-detection/slicing/output/CPG/cwe36_cpg/cwe36-146-cpg-resolved.bin	tc146_flow1	CWE36_Absolute_Path_Traversal__Property_74a.java	33	CWE36_Absolute_Path_Traversal__Property_74b.java	34
/home/swlab/Documents/swvul/java-vuln-detection/slicing/output/CPG/cwe36_cpg/cwe36-146-cpg-resolved.bin	tc146_flow2	CWE36_Absolute_Path_Traversal__Property_74a.java	53	CWE36_Absolute_Path_Traversal__Property_74b.java	103
/home/swlab/Documents/swvul/java-vuln-detection/slicing/output/CPG/cwe36_cpg/cwe36-147-cpg-resolved.bin	tc147_flow1	CWE36_Absolute_Path_Traversal__Property_75a.java	37	CWE36_Absolute_Path_Traversal__Property_75b.java	44
/home/swlab/Documents/swvul/java-vuln-detection/slicing/output/CPG/cwe36_cpg/cwe36-147-cpg-resolved.bin	tc147_flow2	CWE36_Absolute_Path_Traversal__Property_75a.java	95	CWE36_Absolute_Path_Traversal__Property_75b.java	157
/home/swlab/Documents/swvul/java-vuln-detection/slicing/output/CPG/cwe36_cpg/cwe36-148-cpg-resolved.bin	tc148_flow1	CWE36_Absolute_Path_Traversal__Property_81a.java	32	CWE36_Absolute_Path_Traversal__Property_81_bad.java	32
/home/swlab/Documents/swvul/java-vuln-detection/slicing/output/CPG/cwe36_cpg/cwe36-148-cpg-resolved.bin	tc148_flow2	CWE36_Absolute_Path_Traversal__Property_81a.java	49	CWE36_Absolute_Path_Traversal__Property_81_goodG2B.java	32
/home/swlab/Documents/swvul/java-vuln-detection/slicing/output/CPG/cwe36_cpg/cwe36-149-cpg-resolved.bin	tc149_flow2	CWE36_Absolute_Path_Traversal__URLConnection_01.java	165	CWE36_Absolute_Path_Traversal__URLConnection_01.java	168
/home/swlab/Documents/swvul/java-vuln-detection/slicing/output/CPG/cwe36_cpg/cwe36-150-cpg-resolved.bin	tc150_flow2	CWE36_Absolute_Path_Traversal__URLConnection_02.java	173	CWE36_Absolute_Path_Traversal__URLConnection_02.java	178
/home/swlab/Documents/swvul/java-vuln-detection/slicing/output/CPG/cwe36_cpg/cwe36-150-cpg-resolved.bin	tc150_flow3	CWE36_Absolute_Path_Traversal__URLConnection_02.java	248	CWE36_Absolute_Path_Traversal__URLConnection_02.java	258
/home/swlab/Documents/swvul/java-vuln-detection/slicing/output/CPG/cwe36_cpg/cwe36-151-cpg-resolved.bin	tc151_flow2	CWE36_Absolute_Path_Traversal__URLConnection_03.java	173	CWE36_Absolute_Path_Traversal__URLConnection_03.java	178
/home/swlab/Documents/swvul/java-vuln-detection/slicing/output/CPG/cwe36_cpg/cwe36-151-cpg-resolved.bin	tc151_flow3	CWE36_Absolute_Path_Traversal__URLConnection_03.java	248	CWE36_Absolute_Path_Traversal__URLConnection_03.java	258
/home/swlab/Documents/swvul/java-vuln-detection/slicing/output/CPG/cwe36_cpg/cwe36-152-cpg-resolved.bin	tc152_flow2	CWE36_Absolute_Path_Traversal__URLConnection_04.java	180	CWE36_Absolute_Path_Traversal__URLConnection_04.java	185
/home/swlab/Documents/swvul/java-vuln-detection/slicing/output/CPG/cwe36_cpg/cwe36-152-cpg-resolved.bin	tc152_flow3	CWE36_Absolute_Path_Traversal__URLConnection_04.java	255	CWE36_Absolute_Path_Traversal__URLConnection_04.java	265
/home/swlab/Documents/swvul/java-vuln-detection/slicing/output/CPG/cwe36_cpg/cwe36-153-cpg-resolved.bin	tc153_flow2	CWE36_Absolute_Path_Traversal__URLConnection_05.java	180	CWE36_Absolute_Path_Traversal__URLConnection_05.java	185
/home/swlab/Documents/swvul/java-vuln-detection/slicing/output/CPG/cwe36_cpg/cwe36-153-cpg-resolved.bin	tc153_flow3	CWE36_Absolute_Path_Traversal__URLConnection_05.java	255	CWE36_Absolute_Path_Traversal__URLConnection_05.java	265
/home/swlab/Documents/swvul/java-vuln-detection/slicing/output/CPG/cwe36_cpg/cwe36-154-cpg-resolved.bin	tc154_flow2	CWE36_Absolute_Path_Traversal__URLConnection_06.java	179	CWE36_Absolute_Path_Traversal__URLConnection_06.java	184
/home/swlab/Documents/swvul/java-vuln-detection/slicing/output/CPG/cwe36_cpg/cwe36-154-cpg-resolved.bin	tc154_flow3	CWE36_Absolute_Path_Traversal__URLConnection_06.java	254	CWE36_Absolute_Path_Traversal__URLConnection_06.java	264
/home/swlab/Documents/swvul/java-vuln-detection/slicing/output/CPG/cwe36_cpg/cwe36-155-cpg-resolved.bin	tc155_flow2	CWE36_Absolute_Path_Traversal__URLConnection_07.java	179	CWE36_Absolute_Path_Traversal__URLConnection_07.java	184
/home/swlab/Documents/swvul/java-vuln-detection/slicing/output/CPG/cwe36_cpg/cwe36-155-cpg-resolved.bin	tc155_flow3	CWE36_Absolute_Path_Traversal__URLConnection_07.java	254	CWE36_Absolute_Path_Traversal__URLConnection_07.java	264
/home/swlab/Documents/swvul/java-vuln-detection/slicing/output/CPG/cwe36_cpg/cwe36-156-cpg-resolved.bin	tc156_flow2	CWE36_Absolute_Path_Traversal__URLConnection_08.java	187	CWE36_Absolute_Path_Traversal__URLConnection_08.java	192
/home/swlab/Documents/swvul/java-vuln-detection/slicing/output/CPG/cwe36_cpg/cwe36-156-cpg-resolved.bin	tc156_flow3	CWE36_Absolute_Path_Traversal__URLConnection_08.java	262	CWE36_Absolute_Path_Traversal__URLConnection_08.java	272
/home/swlab/Documents/swvul/java-vuln-detection/slicing/output/CPG/cwe36_cpg/cwe36-157-cpg-resolved.bin	tc157_flow2	CWE36_Absolute_Path_Traversal__URLConnection_09.java	173	CWE36_Absolute_Path_Traversal__URLConnection_09.java	178
/home/swlab/Documents/swvul/java-vuln-detection/slicing/output/CPG/cwe36_cpg/cwe36-157-cpg-resolved.bin	tc157_flow3	CWE36_Absolute_Path_Traversal__URLConnection_09.java	248	CWE36_Absolute_Path_Traversal__URLConnection_09.java	258
/home/swlab/Documents/swvul/java-vuln-detection/slicing/output/CPG/cwe36_cpg/cwe36-158-cpg-resolved.bin	tc158_flow2	CWE36_Absolute_Path_Traversal__URLConnection_10.java	173	CWE36_Absolute_Path_Traversal__URLConnection_10.java	178
/home/swlab/Documents/swvul/java-vuln-detection/slicing/output/CPG/cwe36_cpg/cwe36-158-cpg-resolved.bin	tc158_flow3	CWE36_Absolute_Path_Traversal__URLConnection_10.java	248	CWE36_Absolute_Path_Traversal__URLConnection_10.java	258
/home/swlab/Documents/swvul/java-vuln-detection/slicing/output/CPG/cwe36_cpg/cwe36-159-cpg-resolved.bin	tc159_flow2	CWE36_Absolute_Path_Traversal__URLConnection_11.java	173	CWE36_Absolute_Path_Traversal__URLConnection_11.java	178
/home/swlab/Documents/swvul/java-vuln-detection/slicing/output/CPG/cwe36_cpg/cwe36-159-cpg-resolved.bin	tc159_flow3	CWE36_Absolute_Path_Traversal__URLConnection_11.java	248	CWE36_Absolute_Path_Traversal__URLConnection_11.java	258
/home/swlab/Documents/swvul/java-vuln-detection/slicing/output/CPG/cwe36_cpg/cwe36-160-cpg-resolved.bin	tc160_flow2	CWE36_Absolute_Path_Traversal__URLConnection_12.java	168	CWE36_Absolute_Path_Traversal__URLConnection_12.java	179
/home/swlab/Documents/swvul/java-vuln-detection/slicing/output/CPG/cwe36_cpg/cwe36-161-cpg-resolved.bin	tc161_flow2	CWE36_Absolute_Path_Traversal__URLConnection_13.java	173	CWE36_Absolute_Path_Traversal__URLConnection_13.java	178
/home/swlab/Documents/swvul/java-vuln-detection/slicing/output/CPG/cwe36_cpg/cwe36-161-cpg-resolved.bin	tc161_flow3	CWE36_Absolute_Path_Traversal__URLConnection_13.java	248	CWE36_Absolute_Path_Traversal__URLConnection_13.java	258
/home/swlab/Documents/swvul/java-vuln-detection/slicing/output/CPG/cwe36_cpg/cwe36-162-cpg-resolved.bin	tc162_flow2	CWE36_Absolute_Path_Traversal__URLConnection_14.java	173	CWE36_Absolute_Path_Traversal__URLConnection_14.java	178
/home/swlab/Documents/swvul/java-vuln-detection/slicing/output/CPG/cwe36_cpg/cwe36-162-cpg-resolved.bin	tc162_flow3	CWE36_Absolute_Path_Traversal__URLConnection_14.java	248	CWE36_Absolute_Path_Traversal__URLConnection_14.java	258
/home/swlab/Documents/swvul/java-vuln-detection/slicing/output/CPG/cwe36_cpg/cwe36-163-cpg-resolved.bin	tc163_flow2	CWE36_Absolute_Path_Traversal__URLConnection_15.java	175	CWE36_Absolute_Path_Traversal__URLConnection_15.java	180
/home/swlab/Documents/swvul/java-vuln-detection/slicing/output/CPG/cwe36_cpg/cwe36-163-cpg-resolved.bin	tc163_flow3	CWE36_Absolute_Path_Traversal__URLConnection_15.java	252	CWE36_Absolute_Path_Traversal__URLConnection_15.java	262
/home/swlab/Documents/swvul/java-vuln-detection/slicing/output/CPG/cwe36_cpg/cwe36-164-cpg-resolved.bin	tc164_flow2	CWE36_Absolute_Path_Traversal__URLConnection_16.java	163	CWE36_Absolute_Path_Traversal__URLConnection_16.java	168
/home/swlab/Documents/swvul/java-vuln-detection/slicing/output/CPG/cwe36_cpg/cwe36-165-cpg-resolved.bin	tc165_flow2	CWE36_Absolute_Path_Traversal__URLConnection_17.java	163	CWE36_Absolute_Path_Traversal__URLConnection_17.java	168
/home/swlab/Documents/swvul/java-vuln-detection/slicing/output/CPG/cwe36_cpg/cwe36-166-cpg-resolved.bin	tc166_flow2	CWE36_Absolute_Path_Traversal__URLConnection_21.java	269	CWE36_Absolute_Path_Traversal__URLConnection_21.java	192
/home/swlab/Documents/swvul/java-vuln-detection/slicing/output/CPG/cwe36_cpg/cwe36-166-cpg-resolved.bin	tc166_flow3	CWE36_Absolute_Path_Traversal__URLConnection_21.java	355	CWE36_Absolute_Path_Traversal__URLConnection_21.java	285
/home/swlab/Documents/swvul/java-vuln-detection/slicing/output/CPG/cwe36_cpg/cwe36-167-cpg-resolved.bin	tc167_flow2	CWE36_Absolute_Path_Traversal__URLConnection_22b.java	112	CWE36_Absolute_Path_Traversal__URLConnection_22a.java	123
/home/swlab/Documents/swvul/java-vuln-detection/slicing/output/CPG/cwe36_cpg/cwe36-167-cpg-resolved.bin	tc167_flow3	CWE36_Absolute_Path_Traversal__URLConnection_22b.java	127	CWE36_Absolute_Path_Traversal__URLConnection_22a.java	195
/home/swlab/Documents/swvul/java-vuln-detection/slicing/output/CPG/cwe36_cpg/cwe36-168-cpg-resolved.bin	tc168_flow2	CWE36_Absolute_Path_Traversal__URLConnection_31.java	176	CWE36_Absolute_Path_Traversal__URLConnection_31.java	184
/home/swlab/Documents/swvul/java-vuln-detection/slicing/output/CPG/cwe36_cpg/cwe36-169-cpg-resolved.bin	tc169_flow2	CWE36_Absolute_Path_Traversal__URLConnection_41.java	237	CWE36_Absolute_Path_Traversal__URLConnection_41.java	168
/home/swlab/Documents/swvul/java-vuln-detection/slicing/output/CPG/cwe36_cpg/cwe36-170-cpg-resolved.bin	tc170_flow2	CWE36_Absolute_Path_Traversal__URLConnection_42.java	166	CWE36_Absolute_Path_Traversal__URLConnection_42.java	177
/home/swlab/Documents/swvul/java-vuln-detection/slicing/output/CPG/cwe36_cpg/cwe36-171-cpg-resolved.bin	tc171_flow2	CWE36_Absolute_Path_Traversal__URLConnection_45.java	245	CWE36_Absolute_Path_Traversal__URLConnection_45.java	176
/home/swlab/Documents/swvul/java-vuln-detection/slicing/output/CPG/cwe36_cpg/cwe36-172-cpg-resolved.bin	tc172_flow2	CWE36_Absolute_Path_Traversal__URLConnection_51a.java	102	CWE36_Absolute_Path_Traversal__URLConnection_51b.java	99
/home/swlab/Documents/swvul/java-vuln-detection/slicing/output/CPG/cwe36_cpg/cwe36-173-cpg-resolved.bin	tc173_flow2	CWE36_Absolute_Path_Traversal__URLConnection_52a.java	103	CWE36_Absolute_Path_Traversal__URLConnection_52c.java	100
/home/swlab/Documents/swvul/java-vuln-detection/slicing/output/CPG/cwe36_cpg/cwe36-174-cpg-resolved.bin	tc174_flow2	CWE36_Absolute_Path_Traversal__URLConnection_53a.java	103	CWE36_Absolute_Path_Traversal__URLConnection_53d.java	100
/home/swlab/Documents/swvul/java-vuln-detection/slicing/output/CPG/cwe36_cpg/cwe36-175-cpg-resolved.bin	tc175_flow2	CWE36_Absolute_Path_Traversal__URLConnection_54a.java	103	CWE36_Absolute_Path_Traversal__URLConnection_54e.java	100
/home/swlab/Documents/swvul/java-vuln-detection/slicing/output/CPG/cwe36_cpg/cwe36-176-cpg-resolved.bin	tc176_flow2	CWE36_Absolute_Path_Traversal__URLConnection_61b.java	98	CWE36_Absolute_Path_Traversal__URLConnection_61a.java	107
/home/swlab/Documents/swvul/java-vuln-detection/slicing/output/CPG/cwe36_cpg/cwe36-177-cpg-resolved.bin	tc177_flow2	CWE36_Absolute_Path_Traversal__URLConnection_66a.java	105	CWE36_Absolute_Path_Traversal__URLConnection_66b.java	102
/home/swlab/Documents/swvul/java-vuln-detection/slicing/output/CPG/cwe36_cpg/cwe36-178-cpg-resolved.bin	tc178_flow2	CWE36_Absolute_Path_Traversal__URLConnection_67a.java	110	CWE36_Absolute_Path_Traversal__URLConnection_67b.java	102
/home/swlab/Documents/swvul/java-vuln-detection/slicing/output/CPG/cwe36_cpg/cwe36-179-cpg-resolved.bin	tc179_flow2	CWE36_Absolute_Path_Traversal__URLConnection_68a.java	102	CWE36_Absolute_Path_Traversal__URLConnection_68b.java	101
/home/swlab/Documents/swvul/java-vuln-detection/slicing/output/CPG/cwe36_cpg/cwe36-180-cpg-resolved.bin	tc180_flow2	CWE36_Absolute_Path_Traversal__URLConnection_71a.java	103	CWE36_Absolute_Path_Traversal__URLConnection_71b.java	102
/home/swlab/Documents/swvul/java-vuln-detection/slicing/output/CPG/cwe36_cpg/cwe36-181-cpg-resolved.bin	tc181_flow2	CWE36_Absolute_Path_Traversal__URLConnection_72a.java	108	CWE36_Absolute_Path_Traversal__URLConnection_72b.java	103
/home/swlab/Documents/swvul/java-vuln-detection/slicing/output/CPG/cwe36_cpg/cwe36-182-cpg-resolved.bin	tc182_flow2	CWE36_Absolute_Path_Traversal__URLConnection_73a.java	108	CWE36_Absolute_Path_Traversal__URLConnection_73b.java	103
/home/swlab/Documents/swvul/java-vuln-detection/slicing/output/CPG/cwe36_cpg/cwe36-183-cpg-resolved.bin	tc183_flow2	CWE36_Absolute_Path_Traversal__URLConnection_74a.java	108	CWE36_Absolute_Path_Traversal__URLConnection_74b.java	103
/home/swlab/Documents/swvul/java-vuln-detection/slicing/output/CPG/cwe36_cpg/cwe36-184-cpg-resolved.bin	tc184_flow2	CWE36_Absolute_Path_Traversal__URLConnection_75a.java	148	CWE36_Absolute_Path_Traversal__URLConnection_75b.java	157
/home/swlab/Documents/swvul/java-vuln-detection/slicing/output/CPG/cwe36_cpg/cwe36-185-cpg-resolved.bin	tc185_flow2	CWE36_Absolute_Path_Traversal__URLConnection_81a.java	104	CWE36_Absolute_Path_Traversal__URLConnection_81_goodG2B.java	32
/home/swlab/Documents/swvul/java-vuln-detection/slicing/output/CPG/cwe36_cpg/cwe36-186-cpg-resolved.bin	tc186_flow1	CWE36_Absolute_Path_Traversal__connect_tcp_01.java	57	CWE36_Absolute_Path_Traversal__connect_tcp_01.java	106
/home/swlab/Documents/swvul/java-vuln-detection/slicing/output/CPG/cwe36_cpg/cwe36-186-cpg-resolved.bin	tc186_flow2	CWE36_Absolute_Path_Traversal__connect_tcp_01.java	180	CWE36_Absolute_Path_Traversal__connect_tcp_01.java	183
/home/swlab/Documents/swvul/java-vuln-detection/slicing/output/CPG/cwe36_cpg/cwe36-187-cpg-resolved.bin	tc187_flow1	CWE36_Absolute_Path_Traversal__connect_tcp_02.java	53	CWE36_Absolute_Path_Traversal__connect_tcp_02.java	109
/home/swlab/Documents/swvul/java-vuln-detection/slicing/output/CPG/cwe36_cpg/cwe36-187-cpg-resolved.bin	tc187_flow2	CWE36_Absolute_Path_Traversal__connect_tcp_02.java	186	CWE36_Absolute_Path_Traversal__connect_tcp_02.java	191
/home/swlab/Documents/swvul/java-vuln-detection/slicing/output/CPG/cwe36_cpg/cwe36-187-cpg-resolved.bin	tc187_flow3	CWE36_Absolute_Path_Traversal__connect_tcp_02.java	261	CWE36_Absolute_Path_Traversal__connect_tcp_02.java	271
/home/swlab/Documents/swvul/java-vuln-detection/slicing/output/CPG/cwe36_cpg/cwe36-188-cpg-resolved.bin	tc188_flow1	CWE36_Absolute_Path_Traversal__connect_tcp_03.java	53	CWE36_Absolute_Path_Traversal__connect_tcp_03.java	109
/home/swlab/Documents/swvul/java-vuln-detection/slicing/output/CPG/cwe36_cpg/cwe36-188-cpg-resolved.bin	tc188_flow2	CWE36_Absolute_Path_Traversal__connect_tcp_03.java	186	CWE36_Absolute_Path_Traversal__connect_tcp_03.java	191
/home/swlab/Documents/swvul/java-vuln-detection/slicing/output/CPG/cwe36_cpg/cwe36-188-cpg-resolved.bin	tc188_flow3	CWE36_Absolute_Path_Traversal__connect_tcp_03.java	261	CWE36_Absolute_Path_Traversal__connect_tcp_03.java	271
/home/swlab/Documents/swvul/java-vuln-detection/slicing/output/CPG/cwe36_cpg/cwe36-189-cpg-resolved.bin	tc189_flow1	CWE36_Absolute_Path_Traversal__connect_tcp_04.java	60	CWE36_Absolute_Path_Traversal__connect_tcp_04.java	116
/home/swlab/Documents/swvul/java-vuln-detection/slicing/output/CPG/cwe36_cpg/cwe36-189-cpg-resolved.bin	tc189_flow2	CWE36_Absolute_Path_Traversal__connect_tcp_04.java	193	CWE36_Absolute_Path_Traversal__connect_tcp_04.java	198
/home/swlab/Documents/swvul/java-vuln-detection/slicing/output/CPG/cwe36_cpg/cwe36-189-cpg-resolved.bin	tc189_flow3	CWE36_Absolute_Path_Traversal__connect_tcp_04.java	268	CWE36_Absolute_Path_Traversal__connect_tcp_04.java	278
/home/swlab/Documents/swvul/java-vuln-detection/slicing/output/CPG/cwe36_cpg/cwe36-190-cpg-resolved.bin	tc190_flow1	CWE36_Absolute_Path_Traversal__connect_tcp_05.java	60	CWE36_Absolute_Path_Traversal__connect_tcp_05.java	116
/home/swlab/Documents/swvul/java-vuln-detection/slicing/output/CPG/cwe36_cpg/cwe36-190-cpg-resolved.bin	tc190_flow2	CWE36_Absolute_Path_Traversal__connect_tcp_05.java	193	CWE36_Absolute_Path_Traversal__connect_tcp_05.java	198
/home/swlab/Documents/swvul/java-vuln-detection/slicing/output/CPG/cwe36_cpg/cwe36-190-cpg-resolved.bin	tc190_flow3	CWE36_Absolute_Path_Traversal__connect_tcp_05.java	268	CWE36_Absolute_Path_Traversal__connect_tcp_05.java	278
/home/swlab/Documents/swvul/java-vuln-detection/slicing/output/CPG/cwe36_cpg/cwe36-191-cpg-resolved.bin	tc191_flow1	CWE36_Absolute_Path_Traversal__connect_tcp_06.java	59	CWE36_Absolute_Path_Traversal__connect_tcp_06.java	115
/home/swlab/Documents/swvul/java-vuln-detection/slicing/output/CPG/cwe36_cpg/cwe36-191-cpg-resolved.bin	tc191_flow2	CWE36_Absolute_Path_Traversal__connect_tcp_06.java	192	CWE36_Absolute_Path_Traversal__connect_tcp_06.java	197
/home/swlab/Documents/swvul/java-vuln-detection/slicing/output/CPG/cwe36_cpg/cwe36-191-cpg-resolved.bin	tc191_flow3	CWE36_Absolute_Path_Traversal__connect_tcp_06.java	267	CWE36_Absolute_Path_Traversal__connect_tcp_06.java	277
/home/swlab/Documents/swvul/java-vuln-detection/slicing/output/CPG/cwe36_cpg/cwe36-192-cpg-resolved.bin	tc192_flow1	CWE36_Absolute_Path_Traversal__connect_tcp_07.java	59	CWE36_Absolute_Path_Traversal__connect_tcp_07.java	115
/home/swlab/Documents/swvul/java-vuln-detection/slicing/output/CPG/cwe36_cpg/cwe36-192-cpg-resolved.bin	tc192_flow2	CWE36_Absolute_Path_Traversal__connect_tcp_07.java	192	CWE36_Absolute_Path_Traversal__connect_tcp_07.java	197
/home/swlab/Documents/swvul/java-vuln-detection/slicing/output/CPG/cwe36_cpg/cwe36-192-cpg-resolved.bin	tc192_flow3	CWE36_Absolute_Path_Traversal__connect_tcp_07.java	267	CWE36_Absolute_Path_Traversal__connect_tcp_07.java	277
/home/swlab/Documents/swvul/java-vuln-detection/slicing/output/CPG/cwe36_cpg/cwe36-193-cpg-resolved.bin	tc193_flow1	CWE36_Absolute_Path_Traversal__connect_tcp_08.java	67	CWE36_Absolute_Path_Traversal__connect_tcp_08.java	123
/home/swlab/Documents/swvul/java-vuln-detection/slicing/output/CPG/cwe36_cpg/cwe36-193-cpg-resolved.bin	tc193_flow2	CWE36_Absolute_Path_Traversal__connect_tcp_08.java	200	CWE36_Absolute_Path_Traversal__connect_tcp_08.java	205
/home/swlab/Documents/swvul/java-vuln-detection/slicing/output/CPG/cwe36_cpg/cwe36-193-cpg-resolved.bin	tc193_flow3	CWE36_Absolute_Path_Traversal__connect_tcp_08.java	275	CWE36_Absolute_Path_Traversal__connect_tcp_08.java	285
/home/swlab/Documents/swvul/java-vuln-detection/slicing/output/CPG/cwe36_cpg/cwe36-194-cpg-resolved.bin	tc194_flow1	CWE36_Absolute_Path_Traversal__connect_tcp_09.java	53	CWE36_Absolute_Path_Traversal__connect_tcp_09.java	109
/home/swlab/Documents/swvul/java-vuln-detection/slicing/output/CPG/cwe36_cpg/cwe36-194-cpg-resolved.bin	tc194_flow2	CWE36_Absolute_Path_Traversal__connect_tcp_09.java	186	CWE36_Absolute_Path_Traversal__connect_tcp_09.java	191
/home/swlab/Documents/swvul/java-vuln-detection/slicing/output/CPG/cwe36_cpg/cwe36-194-cpg-resolved.bin	tc194_flow3	CWE36_Absolute_Path_Traversal__connect_tcp_09.java	261	CWE36_Absolute_Path_Traversal__connect_tcp_09.java	271
/home/swlab/Documents/swvul/java-vuln-detection/slicing/output/CPG/cwe36_cpg/cwe36-195-cpg-resolved.bin	tc195_flow1	CWE36_Absolute_Path_Traversal__connect_tcp_10.java	53	CWE36_Absolute_Path_Traversal__connect_tcp_10.java	109
/home/swlab/Documents/swvul/java-vuln-detection/slicing/output/CPG/cwe36_cpg/cwe36-195-cpg-resolved.bin	tc195_flow2	CWE36_Absolute_Path_Traversal__connect_tcp_10.java	186	CWE36_Absolute_Path_Traversal__connect_tcp_10.java	191
/home/swlab/Documents/swvul/java-vuln-detection/slicing/output/CPG/cwe36_cpg/cwe36-195-cpg-resolved.bin	tc195_flow3	CWE36_Absolute_Path_Traversal__connect_tcp_10.java	261	CWE36_Absolute_Path_Traversal__connect_tcp_10.java	271
/home/swlab/Documents/swvul/java-vuln-detection/slicing/output/CPG/cwe36_cpg/cwe36-196-cpg-resolved.bin	tc196_flow1	CWE36_Absolute_Path_Traversal__connect_tcp_11.java	53	CWE36_Absolute_Path_Traversal__connect_tcp_11.java	109
/home/swlab/Documents/swvul/java-vuln-detection/slicing/output/CPG/cwe36_cpg/cwe36-196-cpg-resolved.bin	tc196_flow2	CWE36_Absolute_Path_Traversal__connect_tcp_11.java	186	CWE36_Absolute_Path_Traversal__connect_tcp_11.java	191
/home/swlab/Documents/swvul/java-vuln-detection/slicing/output/CPG/cwe36_cpg/cwe36-196-cpg-resolved.bin	tc196_flow3	CWE36_Absolute_Path_Traversal__connect_tcp_11.java	261	CWE36_Absolute_Path_Traversal__connect_tcp_11.java	271
/home/swlab/Documents/swvul/java-vuln-detection/slicing/output/CPG/cwe36_cpg/cwe36-197-cpg-resolved.bin	tc197_flow1	CWE36_Absolute_Path_Traversal__connect_tcp_12.java	53	CWE36_Absolute_Path_Traversal__connect_tcp_12.java	110
/home/swlab/Documents/swvul/java-vuln-detection/slicing/output/CPG/cwe36_cpg/cwe36-197-cpg-resolved.bin	tc197_flow2	CWE36_Absolute_Path_Traversal__connect_tcp_12.java	181	CWE36_Absolute_Path_Traversal__connect_tcp_12.java	192
/home/swlab/Documents/swvul/java-vuln-detection/slicing/output/CPG/cwe36_cpg/cwe36-198-cpg-resolved.bin	tc198_flow1	CWE36_Absolute_Path_Traversal__connect_tcp_13.java	53	CWE36_Absolute_Path_Traversal__connect_tcp_13.java	109
/home/swlab/Documents/swvul/java-vuln-detection/slicing/output/CPG/cwe36_cpg/cwe36-198-cpg-resolved.bin	tc198_flow2	CWE36_Absolute_Path_Traversal__connect_tcp_13.java	186	CWE36_Absolute_Path_Traversal__connect_tcp_13.java	191
/home/swlab/Documents/swvul/java-vuln-detection/slicing/output/CPG/cwe36_cpg/cwe36-198-cpg-resolved.bin	tc198_flow3	CWE36_Absolute_Path_Traversal__connect_tcp_13.java	261	CWE36_Absolute_Path_Traversal__connect_tcp_13.java	271
/home/swlab/Documents/swvul/java-vuln-detection/slicing/output/CPG/cwe36_cpg/cwe36-199-cpg-resolved.bin	tc199_flow1	CWE36_Absolute_Path_Traversal__connect_tcp_14.java	53	CWE36_Absolute_Path_Traversal__connect_tcp_14.java	109
/home/swlab/Documents/swvul/java-vuln-detection/slicing/output/CPG/cwe36_cpg/cwe36-199-cpg-resolved.bin	tc199_flow2	CWE36_Absolute_Path_Traversal__connect_tcp_14.java	186	CWE36_Absolute_Path_Traversal__connect_tcp_14.java	191
/home/swlab/Documents/swvul/java-vuln-detection/slicing/output/CPG/cwe36_cpg/cwe36-199-cpg-resolved.bin	tc199_flow3	CWE36_Absolute_Path_Traversal__connect_tcp_14.java	261	CWE36_Absolute_Path_Traversal__connect_tcp_14.java	271
/home/swlab/Documents/swvul/java-vuln-detection/slicing/output/CPG/cwe36_cpg/cwe36-200-cpg-resolved.bin	tc200_flow1	CWE36_Absolute_Path_Traversal__connect_tcp_15.java	55	CWE36_Absolute_Path_Traversal__connect_tcp_15.java	111
/home/swlab/Documents/swvul/java-vuln-detection/slicing/output/CPG/cwe36_cpg/cwe36-200-cpg-resolved.bin	tc200_flow2	CWE36_Absolute_Path_Traversal__connect_tcp_15.java	188	CWE36_Absolute_Path_Traversal__connect_tcp_15.java	193
/home/swlab/Documents/swvul/java-vuln-detection/slicing/output/CPG/cwe36_cpg/cwe36-200-cpg-resolved.bin	tc200_flow3	CWE36_Absolute_Path_Traversal__connect_tcp_15.java	265	CWE36_Absolute_Path_Traversal__connect_tcp_15.java	275
/home/swlab/Documents/swvul/java-vuln-detection/slicing/output/CPG/cwe36_cpg/cwe36-201-cpg-resolved.bin	tc201_flow1	CWE36_Absolute_Path_Traversal__connect_tcp_16.java	54	CWE36_Absolute_Path_Traversal__connect_tcp_16.java	105
/home/swlab/Documents/swvul/java-vuln-detection/slicing/output/CPG/cwe36_cpg/cwe36-201-cpg-resolved.bin	tc201_flow2	CWE36_Absolute_Path_Traversal__connect_tcp_16.java	176	CWE36_Absolute_Path_Traversal__connect_tcp_16.java	181
/home/swlab/Documents/swvul/java-vuln-detection/slicing/output/CPG/cwe36_cpg/cwe36-202-cpg-resolved.bin	tc202_flow1	CWE36_Absolute_Path_Traversal__connect_tcp_17.java	57	CWE36_Absolute_Path_Traversal__connect_tcp_17.java	108
/home/swlab/Documents/swvul/java-vuln-detection/slicing/output/CPG/cwe36_cpg/cwe36-202-cpg-resolved.bin	tc202_flow2	CWE36_Absolute_Path_Traversal__connect_tcp_17.java	178	CWE36_Absolute_Path_Traversal__connect_tcp_17.java	183
/home/swlab/Documents/swvul/java-vuln-detection/slicing/output/CPG/cwe36_cpg/cwe36-203-cpg-resolved.bin	tc203_flow1	CWE36_Absolute_Path_Traversal__connect_tcp_21.java	128	CWE36_Absolute_Path_Traversal__connect_tcp_21.java	45
/home/swlab/Documents/swvul/java-vuln-detection/slicing/output/CPG/cwe36_cpg/cwe36-203-cpg-resolved.bin	tc203_flow2	CWE36_Absolute_Path_Traversal__connect_tcp_21.java	282	CWE36_Absolute_Path_Traversal__connect_tcp_21.java	205
/home/swlab/Documents/swvul/java-vuln-detection/slicing/output/CPG/cwe36_cpg/cwe36-203-cpg-resolved.bin	tc203_flow3	CWE36_Absolute_Path_Traversal__connect_tcp_21.java	368	CWE36_Absolute_Path_Traversal__connect_tcp_21.java	298
/home/swlab/Documents/swvul/java-vuln-detection/slicing/output/CPG/cwe36_cpg/cwe36-204-cpg-resolved.bin	tc204_flow1	CWE36_Absolute_Path_Traversal__connect_tcp_22b.java	53	CWE36_Absolute_Path_Traversal__connect_tcp_22a.java	40
/home/swlab/Documents/swvul/java-vuln-detection/slicing/output/CPG/cwe36_cpg/cwe36-204-cpg-resolved.bin	tc204_flow2	CWE36_Absolute_Path_Traversal__connect_tcp_22b.java	125	CWE36_Absolute_Path_Traversal__connect_tcp_22a.java	123
/home/swlab/Documents/swvul/java-vuln-detection/slicing/output/CPG/cwe36_cpg/cwe36-204-cpg-resolved.bin	tc204_flow3	CWE36_Absolute_Path_Traversal__connect_tcp_22b.java	140	CWE36_Absolute_Path_Traversal__connect_tcp_22a.java	195
/home/swlab/Documents/swvul/java-vuln-detection/slicing/output/CPG/cwe36_cpg/cwe36-205-cpg-resolved.bin	tc205_flow1	CWE36_Absolute_Path_Traversal__connect_tcp_31.java	60	CWE36_Absolute_Path_Traversal__connect_tcp_31.java	114
/home/swlab/Documents/swvul/java-vuln-detection/slicing/output/CPG/cwe36_cpg/cwe36-205-cpg-resolved.bin	tc205_flow2	CWE36_Absolute_Path_Traversal__connect_tcp_31.java	191	CWE36_Absolute_Path_Traversal__connect_tcp_31.java	199
/home/swlab/Documents/swvul/java-vuln-detection/slicing/output/CPG/cwe36_cpg/cwe36-206-cpg-resolved.bin	tc206_flow1	CWE36_Absolute_Path_Traversal__connect_tcp_41.java	123	CWE36_Absolute_Path_Traversal__connect_tcp_41.java	37
/home/swlab/Documents/swvul/java-vuln-detection/slicing/output/CPG/cwe36_cpg/cwe36-206-cpg-resolved.bin	tc206_flow2	CWE36_Absolute_Path_Traversal__connect_tcp_41.java	252	CWE36_Absolute_Path_Traversal__connect_tcp_41.java	183
/home/swlab/Documents/swvul/java-vuln-detection/slicing/output/CPG/cwe36_cpg/cwe36-207-cpg-resolved.bin	tc207_flow1	CWE36_Absolute_Path_Traversal__connect_tcp_42.java	56	CWE36_Absolute_Path_Traversal__connect_tcp_42.java	113
/home/swlab/Documents/swvul/java-vuln-detection/slicing/output/CPG/cwe36_cpg/cwe36-207-cpg-resolved.bin	tc207_flow2	CWE36_Absolute_Path_Traversal__connect_tcp_42.java	181	CWE36_Absolute_Path_Traversal__connect_tcp_42.java	192
/home/swlab/Documents/swvul/java-vuln-detection/slicing/output/CPG/cwe36_cpg/cwe36-208-cpg-resolved.bin	tc208_flow1	CWE36_Absolute_Path_Traversal__connect_tcp_45.java	129	CWE36_Absolute_Path_Traversal__connect_tcp_45.java	42
/home/swlab/Documents/swvul/java-vuln-detection/slicing/output/CPG/cwe36_cpg/cwe36-208-cpg-resolved.bin	tc208_flow2	CWE36_Absolute_Path_Traversal__connect_tcp_45.java	260	CWE36_Absolute_Path_Traversal__connect_tcp_45.java	191
/home/swlab/Documents/swvul/java-vuln-detection/slicing/output/CPG/cwe36_cpg/cwe36-209-cpg-resolved.bin	tc209_flow1	CWE36_Absolute_Path_Traversal__connect_tcp_51a.java	55	CWE36_Absolute_Path_Traversal__connect_tcp_51b.java	31
/home/swlab/Documents/swvul/java-vuln-detection/slicing/output/CPG/cwe36_cpg/cwe36-209-cpg-resolved.bin	tc209_flow2	CWE36_Absolute_Path_Traversal__connect_tcp_51a.java	117	CWE36_Absolute_Path_Traversal__connect_tcp_51b.java	99
/home/swlab/Documents/swvul/java-vuln-detection/slicing/output/CPG/cwe36_cpg/cwe36-210-cpg-resolved.bin	tc210_flow1	CWE36_Absolute_Path_Traversal__connect_tcp_52a.java	56	CWE36_Absolute_Path_Traversal__connect_tcp_52c.java	32
/home/swlab/Documents/swvul/java-vuln-detection/slicing/output/CPG/cwe36_cpg/cwe36-210-cpg-resolved.bin	tc210_flow2	CWE36_Absolute_Path_Traversal__connect_tcp_52a.java	118	CWE36_Absolute_Path_Traversal__connect_tcp_52c.java	100
/home/swlab/Documents/swvul/java-vuln-detection/slicing/output/CPG/cwe36_cpg/cwe36-211-cpg-resolved.bin	tc211_flow1	CWE36_Absolute_Path_Traversal__connect_tcp_53a.java	56	CWE36_Absolute_Path_Traversal__connect_tcp_53d.java	32
/home/swlab/Documents/swvul/java-vuln-detection/slicing/output/CPG/cwe36_cpg/cwe36-211-cpg-resolved.bin	tc211_flow2	CWE36_Absolute_Path_Traversal__connect_tcp_53a.java	118	CWE36_Absolute_Path_Traversal__connect_tcp_53d.java	100
/home/swlab/Documents/swvul/java-vuln-detection/slicing/output/CPG/cwe36_cpg/cwe36-212-cpg-resolved.bin	tc212_flow1	CWE36_Absolute_Path_Traversal__connect_tcp_54a.java	56	CWE36_Absolute_Path_Traversal__connect_tcp_54e.java	32
/home/swlab/Documents/swvul/java-vuln-detection/slicing/output/CPG/cwe36_cpg/cwe36-212-cpg-resolved.bin	tc212_flow2	CWE36_Absolute_Path_Traversal__connect_tcp_54a.java	118	CWE36_Absolute_Path_Traversal__connect_tcp_54e.java	100
/home/swlab/Documents/swvul/java-vuln-detection/slicing/output/CPG/cwe36_cpg/cwe36-213-cpg-resolved.bin	tc213_flow1	CWE36_Absolute_Path_Traversal__connect_tcp_61b.java	56	CWE36_Absolute_Path_Traversal__connect_tcp_61a.java	33
/home/swlab/Documents/swvul/java-vuln-detection/slicing/output/CPG/cwe36_cpg/cwe36-213-cpg-resolved.bin	tc213_flow2	CWE36_Absolute_Path_Traversal__connect_tcp_61b.java	113	CWE36_Absolute_Path_Traversal__connect_tcp_61a.java	107
/home/swlab/Documents/swvul/java-vuln-detection/slicing/output/CPG/cwe36_cpg/cwe36-214-cpg-resolved.bin	tc214_flow1	CWE36_Absolute_Path_Traversal__connect_tcp_66a.java	56	CWE36_Absolute_Path_Traversal__connect_tcp_66b.java	33
/home/swlab/Documents/swvul/java-vuln-detection/slicing/output/CPG/cwe36_cpg/cwe36-214-cpg-resolved.bin	tc214_flow2	CWE36_Absolute_Path_Traversal__connect_tcp_66a.java	120	CWE36_Absolute_Path_Traversal__connect_tcp_66b.java	102
/home/swlab/Documents/swvul/java-vuln-detection/slicing/output/CPG/cwe36_cpg/cwe36-215-cpg-resolved.bin	tc215_flow1	CWE36_Absolute_Path_Traversal__connect_tcp_67a.java	61	CWE36_Absolute_Path_Traversal__connect_tcp_67b.java	33
/home/swlab/Documents/swvul/java-vuln-detection/slicing/output/CPG/cwe36_cpg/cwe36-215-cpg-resolved.bin	tc215_flow2	CWE36_Absolute_Path_Traversal__connect_tcp_67a.java	125	CWE36_Absolute_Path_Traversal__connect_tcp_67b.java	102
/home/swlab/Documents/swvul/java-vuln-detection/slicing/output/CPG/cwe36_cpg/cwe36-216-cpg-resolved.bin	tc216_flow1	CWE36_Absolute_Path_Traversal__connect_tcp_68a.java	56	CWE36_Absolute_Path_Traversal__connect_tcp_68b.java	32
/home/swlab/Documents/swvul/java-vuln-detection/slicing/output/CPG/cwe36_cpg/cwe36-216-cpg-resolved.bin	tc216_flow2	CWE36_Absolute_Path_Traversal__connect_tcp_68a.java	117	CWE36_Absolute_Path_Traversal__connect_tcp_68b.java	101
/home/swlab/Documents/swvul/java-vuln-detection/slicing/output/CPG/cwe36_cpg/cwe36-217-cpg-resolved.bin	tc217_flow1	CWE36_Absolute_Path_Traversal__connect_tcp_71a.java	56	CWE36_Absolute_Path_Traversal__connect_tcp_71b.java	33
/home/swlab/Documents/swvul/java-vuln-detection/slicing/output/CPG/cwe36_cpg/cwe36-217-cpg-resolved.bin	tc217_flow2	CWE36_Absolute_Path_Traversal__connect_tcp_71a.java	118	CWE36_Absolute_Path_Traversal__connect_tcp_71b.java	102
/home/swlab/Documents/swvul/java-vuln-detection/slicing/output/CPG/cwe36_cpg/cwe36-218-cpg-resolved.bin	tc218_flow1	CWE36_Absolute_Path_Traversal__connect_tcp_72a.java	57	CWE36_Absolute_Path_Traversal__connect_tcp_72b.java	34
/home/swlab/Documents/swvul/java-vuln-detection/slicing/output/CPG/cwe36_cpg/cwe36-218-cpg-resolved.bin	tc218_flow2	CWE36_Absolute_Path_Traversal__connect_tcp_72a.java	123	CWE36_Absolute_Path_Traversal__connect_tcp_72b.java	103
/home/swlab/Documents/swvul/java-vuln-detection/slicing/output/CPG/cwe36_cpg/cwe36-219-cpg-resolved.bin	tc219_flow1	CWE36_Absolute_Path_Traversal__connect_tcp_73a.java	57	CWE36_Absolute_Path_Traversal__connect_tcp_73b.java	34
/home/swlab/Documents/swvul/java-vuln-detection/slicing/output/CPG/cwe36_cpg/cwe36-219-cpg-resolved.bin	tc219_flow2	CWE36_Absolute_Path_Traversal__connect_tcp_73a.java	123	CWE36_Absolute_Path_Traversal__connect_tcp_73b.java	103
/home/swlab/Documents/swvul/java-vuln-detection/slicing/output/CPG/cwe36_cpg/cwe36-220-cpg-resolved.bin	tc220_flow1	CWE36_Absolute_Path_Traversal__connect_tcp_74a.java	57	CWE36_Absolute_Path_Traversal__connect_tcp_74b.java	34
/home/swlab/Documents/swvul/java-vuln-detection/slicing/output/CPG/cwe36_cpg/cwe36-220-cpg-resolved.bin	tc220_flow2	CWE36_Absolute_Path_Traversal__connect_tcp_74a.java	123	CWE36_Absolute_Path_Traversal__connect_tcp_74b.java	103
/home/swlab/Documents/swvul/java-vuln-detection/slicing/output/CPG/cwe36_cpg/cwe36-221-cpg-resolved.bin	tc221_flow1	CWE36_Absolute_Path_Traversal__connect_tcp_75a.java	59	CWE36_Absolute_Path_Traversal__connect_tcp_75b.java	44
/home/swlab/Documents/swvul/java-vuln-detection/slicing/output/CPG/cwe36_cpg/cwe36-221-cpg-resolved.bin	tc221_flow2	CWE36_Absolute_Path_Traversal__connect_tcp_75a.java	163	CWE36_Absolute_Path_Traversal__connect_tcp_75b.java	157
/home/swlab/Documents/swvul/java-vuln-detection/slicing/output/CPG/cwe36_cpg/cwe36-222-cpg-resolved.bin	tc222_flow1	CWE36_Absolute_Path_Traversal__connect_tcp_81a.java	56	CWE36_Absolute_Path_Traversal__connect_tcp_81_bad.java	32
/home/swlab/Documents/swvul/java-vuln-detection/slicing/output/CPG/cwe36_cpg/cwe36-222-cpg-resolved.bin	tc222_flow2	CWE36_Absolute_Path_Traversal__connect_tcp_81a.java	119	CWE36_Absolute_Path_Traversal__connect_tcp_81_goodG2B.java	32
/home/swlab/Documents/swvul/java-vuln-detection/slicing/output/CPG/cwe36_cpg/cwe36-223-cpg-resolved.bin	tc223_flow1	CWE36_Absolute_Path_Traversal__console_readLine_01.java	50	CWE36_Absolute_Path_Traversal__console_readLine_01.java	86
/home/swlab/Documents/swvul/java-vuln-detection/slicing/output/CPG/cwe36_cpg/cwe36-223-cpg-resolved.bin	tc223_flow2	CWE36_Absolute_Path_Traversal__console_readLine_01.java	160	CWE36_Absolute_Path_Traversal__console_readLine_01.java	163
/home/swlab/Documents/swvul/java-vuln-detection/slicing/output/CPG/cwe36_cpg/cwe36-224-cpg-resolved.bin	tc224_flow1	CWE36_Absolute_Path_Traversal__console_readLine_02.java	48	CWE36_Absolute_Path_Traversal__console_readLine_02.java	91
/home/swlab/Documents/swvul/java-vuln-detection/slicing/output/CPG/cwe36_cpg/cwe36-224-cpg-resolved.bin	tc224_flow2	CWE36_Absolute_Path_Traversal__console_readLine_02.java	168	CWE36_Absolute_Path_Traversal__console_readLine_02.java	173
/home/swlab/Documents/swvul/java-vuln-detection/slicing/output/CPG/cwe36_cpg/cwe36-224-cpg-resolved.bin	tc224_flow3	CWE36_Absolute_Path_Traversal__console_readLine_02.java	243	CWE36_Absolute_Path_Traversal__console_readLine_02.java	253
/home/swlab/Documents/swvul/java-vuln-detection/slicing/output/CPG/cwe36_cpg/cwe36-225-cpg-resolved.bin	tc225_flow1	CWE36_Absolute_Path_Traversal__console_readLine_03.java	48	CWE36_Absolute_Path_Traversal__console_readLine_03.java	91
/home/swlab/Documents/swvul/java-vuln-detection/slicing/output/CPG/cwe36_cpg/cwe36-225-cpg-resolved.bin	tc225_flow2	CWE36_Absolute_Path_Traversal__console_readLine_03.java	168	CWE36_Absolute_Path_Traversal__console_readLine_03.java	173
/home/swlab/Documents/swvul/java-vuln-detection/slicing/output/CPG/cwe36_cpg/cwe36-225-cpg-resolved.bin	tc225_flow3	CWE36_Absolute_Path_Traversal__console_readLine_03.java	243	CWE36_Absolute_Path_Traversal__console_readLine_03.java	253
/home/swlab/Documents/swvul/java-vuln-detection/slicing/output/CPG/cwe36_cpg/cwe36-226-cpg-resolved.bin	tc226_flow1	CWE36_Absolute_Path_Traversal__console_readLine_04.java	55	CWE36_Absolute_Path_Traversal__console_readLine_04.java	98
/home/swlab/Documents/swvul/java-vuln-detection/slicing/output/CPG/cwe36_cpg/cwe36-226-cpg-resolved.bin	tc226_flow2	CWE36_Absolute_Path_Traversal__console_readLine_04.java	175	CWE36_Absolute_Path_Traversal__console_readLine_04.java	180
/home/swlab/Documents/swvul/java-vuln-detection/slicing/output/CPG/cwe36_cpg/cwe36-226-cpg-resolved.bin	tc226_flow3	CWE36_Absolute_Path_Traversal__console_readLine_04.java	250	CWE36_Absolute_Path_Traversal__console_readLine_04.java	260
/home/swlab/Documents/swvul/java-vuln-detection/slicing/output/CPG/cwe36_cpg/cwe36-227-cpg-resolved.bin	tc227_flow1	CWE36_Absolute_Path_Traversal__console_readLine_05.java	55	CWE36_Absolute_Path_Traversal__console_readLine_05.java	98
/home/swlab/Documents/swvul/java-vuln-detection/slicing/output/CPG/cwe36_cpg/cwe36-227-cpg-resolved.bin	tc227_flow2	CWE36_Absolute_Path_Traversal__console_readLine_05.java	175	CWE36_Absolute_Path_Traversal__console_readLine_05.java	180
/home/swlab/Documents/swvul/java-vuln-detection/slicing/output/CPG/cwe36_cpg/cwe36-227-cpg-resolved.bin	tc227_flow3	CWE36_Absolute_Path_Traversal__console_readLine_05.java	250	CWE36_Absolute_Path_Traversal__console_readLine_05.java	260
/home/swlab/Documents/swvul/java-vuln-detection/slicing/output/CPG/cwe36_cpg/cwe36-228-cpg-resolved.bin	tc228_flow1	CWE36_Absolute_Path_Traversal__console_readLine_06.java	54	CWE36_Absolute_Path_Traversal__console_readLine_06.java	97
/home/swlab/Documents/swvul/java-vuln-detection/slicing/output/CPG/cwe36_cpg/cwe36-228-cpg-resolved.bin	tc228_flow2	CWE36_Absolute_Path_Traversal__console_readLine_06.java	174	CWE36_Absolute_Path_Traversal__console_readLine_06.java	179
/home/swlab/Documents/swvul/java-vuln-detection/slicing/output/CPG/cwe36_cpg/cwe36-228-cpg-resolved.bin	tc228_flow3	CWE36_Absolute_Path_Traversal__console_readLine_06.java	249	CWE36_Absolute_Path_Traversal__console_readLine_06.java	259
/home/swlab/Documents/swvul/java-vuln-detection/slicing/output/CPG/cwe36_cpg/cwe36-229-cpg-resolved.bin	tc229_flow1	CWE36_Absolute_Path_Traversal__console_readLine_07.java	54	CWE36_Absolute_Path_Traversal__console_readLine_07.java	97
/home/swlab/Documents/swvul/java-vuln-detection/slicing/output/CPG/cwe36_cpg/cwe36-229-cpg-resolved.bin	tc229_flow2	CWE36_Absolute_Path_Traversal__console_readLine_07.java	174	CWE36_Absolute_Path_Traversal__console_readLine_07.java	179
/home/swlab/Documents/swvul/java-vuln-detection/slicing/output/CPG/cwe36_cpg/cwe36-229-cpg-resolved.bin	tc229_flow3	CWE36_Absolute_Path_Traversal__console_readLine_07.java	249	CWE36_Absolute_Path_Traversal__console_readLine_07.java	259
/home/swlab/Documents/swvul/java-vuln-detection/slicing/output/CPG/cwe36_cpg/cwe36-230-cpg-resolved.bin	tc230_flow1	CWE36_Absolute_Path_Traversal__console_readLine_08.java	62	CWE36_Absolute_Path_Traversal__console_readLine_08.java	105
/home/swlab/Documents/swvul/java-vuln-detection/slicing/output/CPG/cwe36_cpg/cwe36-230-cpg-resolved.bin	tc230_flow2	CWE36_Absolute_Path_Traversal__console_readLine_08.java	182	CWE36_Absolute_Path_Traversal__console_readLine_08.java	187
/home/swlab/Documents/swvul/java-vuln-detection/slicing/output/CPG/cwe36_cpg/cwe36-230-cpg-resolved.bin	tc230_flow3	CWE36_Absolute_Path_Traversal__console_readLine_08.java	257	CWE36_Absolute_Path_Traversal__console_readLine_08.java	267
/home/swlab/Documents/swvul/java-vuln-detection/slicing/output/CPG/cwe36_cpg/cwe36-231-cpg-resolved.bin	tc231_flow1	CWE36_Absolute_Path_Traversal__console_readLine_09.java	48	CWE36_Absolute_Path_Traversal__console_readLine_09.java	91
/home/swlab/Documents/swvul/java-vuln-detection/slicing/output/CPG/cwe36_cpg/cwe36-231-cpg-resolved.bin	tc231_flow2	CWE36_Absolute_Path_Traversal__console_readLine_09.java	168	CWE36_Absolute_Path_Traversal__console_readLine_09.java	173
/home/swlab/Documents/swvul/java-vuln-detection/slicing/output/CPG/cwe36_cpg/cwe36-231-cpg-resolved.bin	tc231_flow3	CWE36_Absolute_Path_Traversal__console_readLine_09.java	243	CWE36_Absolute_Path_Traversal__console_readLine_09.java	253
/home/swlab/Documents/swvul/java-vuln-detection/slicing/output/CPG/cwe36_cpg/cwe36-232-cpg-resolved.bin	tc232_flow1	CWE36_Absolute_Path_Traversal__console_readLine_10.java	48	CWE36_Absolute_Path_Traversal__console_readLine_10.java	91
/home/swlab/Documents/swvul/java-vuln-detection/slicing/output/CPG/cwe36_cpg/cwe36-232-cpg-resolved.bin	tc232_flow2	CWE36_Absolute_Path_Traversal__console_readLine_10.java	168	CWE36_Absolute_Path_Traversal__console_readLine_10.java	173
/home/swlab/Documents/swvul/java-vuln-detection/slicing/output/CPG/cwe36_cpg/cwe36-232-cpg-resolved.bin	tc232_flow3	CWE36_Absolute_Path_Traversal__console_readLine_10.java	243	CWE36_Absolute_Path_Traversal__console_readLine_10.java	253
/home/swlab/Documents/swvul/java-vuln-detection/slicing/output/CPG/cwe36_cpg/cwe36-233-cpg-resolved.bin	tc233_flow1	CWE36_Absolute_Path_Traversal__console_readLine_11.java	48	CWE36_Absolute_Path_Traversal__console_readLine_11.java	91
/home/swlab/Documents/swvul/java-vuln-detection/slicing/output/CPG/cwe36_cpg/cwe36-233-cpg-resolved.bin	tc233_flow2	CWE36_Absolute_Path_Traversal__console_readLine_11.java	168	CWE36_Absolute_Path_Traversal__console_readLine_11.java	173
/home/swlab/Documents/swvul/java-vuln-detection/slicing/output/CPG/cwe36_cpg/cwe36-233-cpg-resolved.bin	tc233_flow3	CWE36_Absolute_Path_Traversal__console_readLine_11.java	243	CWE36_Absolute_Path_Traversal__console_readLine_11.java	253
/home/swlab/Documents/swvul/java-vuln-detection/slicing/output/CPG/cwe36_cpg/cwe36-234-cpg-resolved.bin	tc234_flow1	CWE36_Absolute_Path_Traversal__console_readLine_12.java	48	CWE36_Absolute_Path_Traversal__console_readLine_12.java	92
/home/swlab/Documents/swvul/java-vuln-detection/slicing/output/CPG/cwe36_cpg/cwe36-234-cpg-resolved.bin	tc234_flow2	CWE36_Absolute_Path_Traversal__console_readLine_12.java	163	CWE36_Absolute_Path_Traversal__console_readLine_12.java	174
/home/swlab/Documents/swvul/java-vuln-detection/slicing/output/CPG/cwe36_cpg/cwe36-235-cpg-resolved.bin	tc235_flow1	CWE36_Absolute_Path_Traversal__console_readLine_13.java	48	CWE36_Absolute_Path_Traversal__console_readLine_13.java	91
/home/swlab/Documents/swvul/java-vuln-detection/slicing/output/CPG/cwe36_cpg/cwe36-235-cpg-resolved.bin	tc235_flow2	CWE36_Absolute_Path_Traversal__console_readLine_13.java	168	CWE36_Absolute_Path_Traversal__console_readLine_13.java	173
/home/swlab/Documents/swvul/java-vuln-detection/slicing/output/CPG/cwe36_cpg/cwe36-235-cpg-resolved.bin	tc235_flow3	CWE36_Absolute_Path_Traversal__console_readLine_13.java	243	CWE36_Absolute_Path_Traversal__console_readLine_13.java	253
/home/swlab/Documents/swvul/java-vuln-detection/slicing/output/CPG/cwe36_cpg/cwe36-236-cpg-resolved.bin	tc236_flow1	CWE36_Absolute_Path_Traversal__console_readLine_14.java	48	CWE36_Absolute_Path_Traversal__console_readLine_14.java	91
/home/swlab/Documents/swvul/java-vuln-detection/slicing/output/CPG/cwe36_cpg/cwe36-236-cpg-resolved.bin	tc236_flow2	CWE36_Absolute_Path_Traversal__console_readLine_14.java	168	CWE36_Absolute_Path_Traversal__console_readLine_14.java	173
/home/swlab/Documents/swvul/java-vuln-detection/slicing/output/CPG/cwe36_cpg/cwe36-236-cpg-resolved.bin	tc236_flow3	CWE36_Absolute_Path_Traversal__console_readLine_14.java	243	CWE36_Absolute_Path_Traversal__console_readLine_14.java	253
/home/swlab/Documents/swvul/java-vuln-detection/slicing/output/CPG/cwe36_cpg/cwe36-237-cpg-resolved.bin	tc237_flow1	CWE36_Absolute_Path_Traversal__console_readLine_15.java	50	CWE36_Absolute_Path_Traversal__console_readLine_15.java	93
/home/swlab/Documents/swvul/java-vuln-detection/slicing/output/CPG/cwe36_cpg/cwe36-237-cpg-resolved.bin	tc237_flow2	CWE36_Absolute_Path_Traversal__console_readLine_15.java	170	CWE36_Absolute_Path_Traversal__console_readLine_15.java	175
/home/swlab/Documents/swvul/java-vuln-detection/slicing/output/CPG/cwe36_cpg/cwe36-237-cpg-resolved.bin	tc237_flow3	CWE36_Absolute_Path_Traversal__console_readLine_15.java	247	CWE36_Absolute_Path_Traversal__console_readLine_15.java	257
/home/swlab/Documents/swvul/java-vuln-detection/slicing/output/CPG/cwe36_cpg/cwe36-238-cpg-resolved.bin	tc238_flow1	CWE36_Absolute_Path_Traversal__console_readLine_16.java	49	CWE36_Absolute_Path_Traversal__console_readLine_16.java	87
/home/swlab/Documents/swvul/java-vuln-detection/slicing/output/CPG/cwe36_cpg/cwe36-238-cpg-resolved.bin	tc238_flow2	CWE36_Absolute_Path_Traversal__console_readLine_16.java	158	CWE36_Absolute_Path_Traversal__console_readLine_16.java	163
/home/swlab/Documents/swvul/java-vuln-detection/slicing/output/CPG/cwe36_cpg/cwe36-239-cpg-resolved.bin	tc239_flow1	CWE36_Absolute_Path_Traversal__console_readLine_17.java	50	CWE36_Absolute_Path_Traversal__console_readLine_17.java	88
/home/swlab/Documents/swvul/java-vuln-detection/slicing/output/CPG/cwe36_cpg/cwe36-239-cpg-resolved.bin	tc239_flow2	CWE36_Absolute_Path_Traversal__console_readLine_17.java	158	CWE36_Absolute_Path_Traversal__console_readLine_17.java	163
/home/swlab/Documents/swvul/java-vuln-detection/slicing/output/CPG/cwe36_cpg/cwe36-240-cpg-resolved.bin	tc240_flow2	CWE36_Absolute_Path_Traversal__console_readLine_21.java	264	CWE36_Absolute_Path_Traversal__console_readLine_21.java	187
/home/swlab/Documents/swvul/java-vuln-detection/slicing/output/CPG/cwe36_cpg/cwe36-240-cpg-resolved.bin	tc240_flow3	CWE36_Absolute_Path_Traversal__console_readLine_21.java	350	CWE36_Absolute_Path_Traversal__console_readLine_21.java	280
/home/swlab/Documents/swvul/java-vuln-detection/slicing/output/CPG/cwe36_cpg/cwe36-241-cpg-resolved.bin	tc241_flow2	CWE36_Absolute_Path_Traversal__console_readLine_22b.java	107	CWE36_Absolute_Path_Traversal__console_readLine_22a.java	123
/home/swlab/Documents/swvul/java-vuln-detection/slicing/output/CPG/cwe36_cpg/cwe36-241-cpg-resolved.bin	tc241_flow3	CWE36_Absolute_Path_Traversal__console_readLine_22b.java	122	CWE36_Absolute_Path_Traversal__console_readLine_22a.java	195
/home/swlab/Documents/swvul/java-vuln-detection/slicing/output/CPG/cwe36_cpg/cwe36-242-cpg-resolved.bin	tc242_flow1	CWE36_Absolute_Path_Traversal__console_readLine_31.java	53	CWE36_Absolute_Path_Traversal__console_readLine_31.java	94
/home/swlab/Documents/swvul/java-vuln-detection/slicing/output/CPG/cwe36_cpg/cwe36-242-cpg-resolved.bin	tc242_flow2	CWE36_Absolute_Path_Traversal__console_readLine_31.java	171	CWE36_Absolute_Path_Traversal__console_readLine_31.java	179
/home/swlab/Documents/swvul/java-vuln-detection/slicing/output/CPG/cwe36_cpg/cwe36-243-cpg-resolved.bin	tc243_flow1	CWE36_Absolute_Path_Traversal__console_readLine_41.java	36	CWE36_Absolute_Path_Traversal__console_readLine_41.java	151
/home/swlab/Documents/swvul/java-vuln-detection/slicing/output/CPG/cwe36_cpg/cwe36-243-cpg-resolved.bin	tc243_flow2	CWE36_Absolute_Path_Traversal__console_readLine_41.java	232	CWE36_Absolute_Path_Traversal__console_readLine_41.java	163
/home/swlab/Documents/swvul/java-vuln-detection/slicing/output/CPG/cwe36_cpg/cwe36-244-cpg-resolved.bin	tc244_flow1	CWE36_Absolute_Path_Traversal__console_readLine_42.java	49	CWE36_Absolute_Path_Traversal__console_readLine_42.java	93
/home/swlab/Documents/swvul/java-vuln-detection/slicing/output/CPG/cwe36_cpg/cwe36-244-cpg-resolved.bin	tc244_flow2	CWE36_Absolute_Path_Traversal__console_readLine_42.java	161	CWE36_Absolute_Path_Traversal__console_readLine_42.java	172
/home/swlab/Documents/swvul/java-vuln-detection/slicing/output/CPG/cwe36_cpg/cwe36-245-cpg-resolved.bin	tc245_flow1	CWE36_Absolute_Path_Traversal__console_readLine_45.java	41	CWE36_Absolute_Path_Traversal__console_readLine_45.java	157
/home/swlab/Documents/swvul/java-vuln-detection/slicing/output/CPG/cwe36_cpg/cwe36-245-cpg-resolved.bin	tc245_flow2	CWE36_Absolute_Path_Traversal__console_readLine_45.java	240	CWE36_Absolute_Path_Traversal__console_readLine_45.java	171
/home/swlab/Documents/swvul/java-vuln-detection/slicing/output/CPG/cwe36_cpg/cwe36-246-cpg-resolved.bin	tc246_flow1	CWE36_Absolute_Path_Traversal__console_readLine_51b.java	31	CWE36_Absolute_Path_Traversal__console_readLine_51a.java	83
/home/swlab/Documents/swvul/java-vuln-detection/slicing/output/CPG/cwe36_cpg/cwe36-246-cpg-resolved.bin	tc246_flow2	CWE36_Absolute_Path_Traversal__console_readLine_51a.java	97	CWE36_Absolute_Path_Traversal__console_readLine_51b.java	99
/home/swlab/Documents/swvul/java-vuln-detection/slicing/output/CPG/cwe36_cpg/cwe36-247-cpg-resolved.bin	tc247_flow1	CWE36_Absolute_Path_Traversal__console_readLine_52c.java	32	CWE36_Absolute_Path_Traversal__console_readLine_52a.java	84
/home/swlab/Documents/swvul/java-vuln-detection/slicing/output/CPG/cwe36_cpg/cwe36-247-cpg-resolved.bin	tc247_flow2	CWE36_Absolute_Path_Traversal__console_readLine_52a.java	98	CWE36_Absolute_Path_Traversal__console_readLine_52c.java	100
/home/swlab/Documents/swvul/java-vuln-detection/slicing/output/CPG/cwe36_cpg/cwe36-248-cpg-resolved.bin	tc248_flow1	CWE36_Absolute_Path_Traversal__console_readLine_53d.java	32	CWE36_Absolute_Path_Traversal__console_readLine_53a.java	84
/home/swlab/Documents/swvul/java-vuln-detection/slicing/output/CPG/cwe36_cpg/cwe36-248-cpg-resolved.bin	tc248_flow2	CWE36_Absolute_Path_Traversal__console_readLine_53a.java	98	CWE36_Absolute_Path_Traversal__console_readLine_53d.java	100
/home/swlab/Documents/swvul/java-vuln-detection/slicing/output/CPG/cwe36_cpg/cwe36-249-cpg-resolved.bin	tc249_flow1	CWE36_Absolute_Path_Traversal__console_readLine_54e.java	32	CWE36_Absolute_Path_Traversal__console_readLine_54a.java	84
/home/swlab/Documents/swvul/java-vuln-detection/slicing/output/CPG/cwe36_cpg/cwe36-249-cpg-resolved.bin	tc249_flow2	CWE36_Absolute_Path_Traversal__console_readLine_54a.java	98	CWE36_Absolute_Path_Traversal__console_readLine_54e.java	100
/home/swlab/Documents/swvul/java-vuln-detection/slicing/output/CPG/cwe36_cpg/cwe36-250-cpg-resolved.bin	tc250_flow1	CWE36_Absolute_Path_Traversal__console_readLine_61a.java	33	CWE36_Absolute_Path_Traversal__console_readLine_61b.java	84
/home/swlab/Documents/swvul/java-vuln-detection/slicing/output/CPG/cwe36_cpg/cwe36-250-cpg-resolved.bin	tc250_flow2	CWE36_Absolute_Path_Traversal__console_readLine_61b.java	93	CWE36_Absolute_Path_Traversal__console_readLine_61a.java	107
/home/swlab/Documents/swvul/java-vuln-detection/slicing/output/CPG/cwe36_cpg/cwe36-251-cpg-resolved.bin	tc251_flow1	CWE36_Absolute_Path_Traversal__console_readLine_66b.java	33	CWE36_Absolute_Path_Traversal__console_readLine_66a.java	84
/home/swlab/Documents/swvul/java-vuln-detection/slicing/output/CPG/cwe36_cpg/cwe36-251-cpg-resolved.bin	tc251_flow2	CWE36_Absolute_Path_Traversal__console_readLine_66a.java	100	CWE36_Absolute_Path_Traversal__console_readLine_66b.java	102
/home/swlab/Documents/swvul/java-vuln-detection/slicing/output/CPG/cwe36_cpg/cwe36-252-cpg-resolved.bin	tc252_flow1	CWE36_Absolute_Path_Traversal__console_readLine_67b.java	33	CWE36_Absolute_Path_Traversal__console_readLine_67a.java	89
/home/swlab/Documents/swvul/java-vuln-detection/slicing/output/CPG/cwe36_cpg/cwe36-252-cpg-resolved.bin	tc252_flow2	CWE36_Absolute_Path_Traversal__console_readLine_67a.java	105	CWE36_Absolute_Path_Traversal__console_readLine_67b.java	102
/home/swlab/Documents/swvul/java-vuln-detection/slicing/output/CPG/cwe36_cpg/cwe36-253-cpg-resolved.bin	tc253_flow1	CWE36_Absolute_Path_Traversal__console_readLine_68b.java	32	CWE36_Absolute_Path_Traversal__console_readLine_68a.java	84
/home/swlab/Documents/swvul/java-vuln-detection/slicing/output/CPG/cwe36_cpg/cwe36-253-cpg-resolved.bin	tc253_flow2	CWE36_Absolute_Path_Traversal__console_readLine_68a.java	97	CWE36_Absolute_Path_Traversal__console_readLine_68b.java	101
/home/swlab/Documents/swvul/java-vuln-detection/slicing/output/CPG/cwe36_cpg/cwe36-254-cpg-resolved.bin	tc254_flow1	CWE36_Absolute_Path_Traversal__console_readLine_71b.java	33	CWE36_Absolute_Path_Traversal__console_readLine_71a.java	84
/home/swlab/Documents/swvul/java-vuln-detection/slicing/output/CPG/cwe36_cpg/cwe36-254-cpg-resolved.bin	tc254_flow2	CWE36_Absolute_Path_Traversal__console_readLine_71a.java	98	CWE36_Absolute_Path_Traversal__console_readLine_71b.java	102
/home/swlab/Documents/swvul/java-vuln-detection/slicing/output/CPG/cwe36_cpg/cwe36-255-cpg-resolved.bin	tc255_flow1	CWE36_Absolute_Path_Traversal__console_readLine_72b.java	34	CWE36_Absolute_Path_Traversal__console_readLine_72a.java	85
/home/swlab/Documents/swvul/java-vuln-detection/slicing/output/CPG/cwe36_cpg/cwe36-255-cpg-resolved.bin	tc255_flow2	CWE36_Absolute_Path_Traversal__console_readLine_72a.java	103	CWE36_Absolute_Path_Traversal__console_readLine_72b.java	103
/home/swlab/Documents/swvul/java-vuln-detection/slicing/output/CPG/cwe36_cpg/cwe36-256-cpg-resolved.bin	tc256_flow1	CWE36_Absolute_Path_Traversal__console_readLine_73b.java	34	CWE36_Absolute_Path_Traversal__console_readLine_73a.java	85
/home/swlab/Documents/swvul/java-vuln-detection/slicing/output/CPG/cwe36_cpg/cwe36-256-cpg-resolved.bin	tc256_flow2	CWE36_Absolute_Path_Traversal__console_readLine_73a.java	103	CWE36_Absolute_Path_Traversal__console_readLine_73b.java	103
/home/swlab/Documents/swvul/java-vuln-detection/slicing/output/CPG/cwe36_cpg/cwe36-257-cpg-resolved.bin	tc257_flow1	CWE36_Absolute_Path_Traversal__console_readLine_74b.java	34	CWE36_Absolute_Path_Traversal__console_readLine_74a.java	85
/home/swlab/Documents/swvul/java-vuln-detection/slicing/output/CPG/cwe36_cpg/cwe36-257-cpg-resolved.bin	tc257_flow2	CWE36_Absolute_Path_Traversal__console_readLine_74a.java	103	CWE36_Absolute_Path_Traversal__console_readLine_74b.java	103
/home/swlab/Documents/swvul/java-vuln-detection/slicing/output/CPG/cwe36_cpg/cwe36-258-cpg-resolved.bin	tc258_flow2	CWE36_Absolute_Path_Traversal__console_readLine_75a.java	143	CWE36_Absolute_Path_Traversal__console_readLine_75b.java	157
/home/swlab/Documents/swvul/java-vuln-detection/slicing/output/CPG/cwe36_cpg/cwe36-259-cpg-resolved.bin	tc259_flow1	CWE36_Absolute_Path_Traversal__console_readLine_81_bad.java	32	CWE36_Absolute_Path_Traversal__console_readLine_81a.java	84
/home/swlab/Documents/swvul/java-vuln-detection/slicing/output/CPG/cwe36_cpg/cwe36-259-cpg-resolved.bin	tc259_flow2	CWE36_Absolute_Path_Traversal__console_readLine_81a.java	99	CWE36_Absolute_Path_Traversal__console_readLine_81_goodG2B.java	32
/home/swlab/Documents/swvul/java-vuln-detection/slicing/output/CPG/cwe36_cpg/cwe36-260-cpg-resolved.bin	tc260_flow1	CWE36_Absolute_Path_Traversal__database_01.java	56	CWE36_Absolute_Path_Traversal__database_01.java	104
/home/swlab/Documents/swvul/java-vuln-detection/slicing/output/CPG/cwe36_cpg/cwe36-260-cpg-resolved.bin	tc260_flow2	CWE36_Absolute_Path_Traversal__database_01.java	178	CWE36_Absolute_Path_Traversal__database_01.java	181
/home/swlab/Documents/swvul/java-vuln-detection/slicing/output/CPG/cwe36_cpg/cwe36-261-cpg-resolved.bin	tc261_flow1	CWE36_Absolute_Path_Traversal__database_02.java	53	CWE36_Absolute_Path_Traversal__database_02.java	108
/home/swlab/Documents/swvul/java-vuln-detection/slicing/output/CPG/cwe36_cpg/cwe36-261-cpg-resolved.bin	tc261_flow2	CWE36_Absolute_Path_Traversal__database_02.java	185	CWE36_Absolute_Path_Traversal__database_02.java	190
/home/swlab/Documents/swvul/java-vuln-detection/slicing/output/CPG/cwe36_cpg/cwe36-261-cpg-resolved.bin	tc261_flow3	CWE36_Absolute_Path_Traversal__database_02.java	260	CWE36_Absolute_Path_Traversal__database_02.java	270
/home/swlab/Documents/swvul/java-vuln-detection/slicing/output/CPG/cwe36_cpg/cwe36-262-cpg-resolved.bin	tc262_flow1	CWE36_Absolute_Path_Traversal__database_03.java	53	CWE36_Absolute_Path_Traversal__database_03.java	108
/home/swlab/Documents/swvul/java-vuln-detection/slicing/output/CPG/cwe36_cpg/cwe36-262-cpg-resolved.bin	tc262_flow2	CWE36_Absolute_Path_Traversal__database_03.java	185	CWE36_Absolute_Path_Traversal__database_03.java	190
/home/swlab/Documents/swvul/java-vuln-detection/slicing/output/CPG/cwe36_cpg/cwe36-262-cpg-resolved.bin	tc262_flow3	CWE36_Absolute_Path_Traversal__database_03.java	260	CWE36_Absolute_Path_Traversal__database_03.java	270
/home/swlab/Documents/swvul/java-vuln-detection/slicing/output/CPG/cwe36_cpg/cwe36-263-cpg-resolved.bin	tc263_flow1	CWE36_Absolute_Path_Traversal__database_04.java	60	CWE36_Absolute_Path_Traversal__database_04.java	115
/home/swlab/Documents/swvul/java-vuln-detection/slicing/output/CPG/cwe36_cpg/cwe36-263-cpg-resolved.bin	tc263_flow2	CWE36_Absolute_Path_Traversal__database_04.java	192	CWE36_Absolute_Path_Traversal__database_04.java	197
/home/swlab/Documents/swvul/java-vuln-detection/slicing/output/CPG/cwe36_cpg/cwe36-263-cpg-resolved.bin	tc263_flow3	CWE36_Absolute_Path_Traversal__database_04.java	267	CWE36_Absolute_Path_Traversal__database_04.java	277
/home/swlab/Documents/swvul/java-vuln-detection/slicing/output/CPG/cwe36_cpg/cwe36-264-cpg-resolved.bin	tc264_flow1	CWE36_Absolute_Path_Traversal__database_05.java	60	CWE36_Absolute_Path_Traversal__database_05.java	115
/home/swlab/Documents/swvul/java-vuln-detection/slicing/output/CPG/cwe36_cpg/cwe36-264-cpg-resolved.bin	tc264_flow2	CWE36_Absolute_Path_Traversal__database_05.java	192	CWE36_Absolute_Path_Traversal__database_05.java	197
/home/swlab/Documents/swvul/java-vuln-detection/slicing/output/CPG/cwe36_cpg/cwe36-264-cpg-resolved.bin	tc264_flow3	CWE36_Absolute_Path_Traversal__database_05.java	267	CWE36_Absolute_Path_Traversal__database_05.java	277
/home/swlab/Documents/swvul/java-vuln-detection/slicing/output/CPG/cwe36_cpg/cwe36-265-cpg-resolved.bin	tc265_flow1	CWE36_Absolute_Path_Traversal__database_06.java	59	CWE36_Absolute_Path_Traversal__database_06.java	114
/home/swlab/Documents/swvul/java-vuln-detection/slicing/output/CPG/cwe36_cpg/cwe36-265-cpg-resolved.bin	tc265_flow2	CWE36_Absolute_Path_Traversal__database_06.java	191	CWE36_Absolute_Path_Traversal__database_06.java	196
/home/swlab/Documents/swvul/java-vuln-detection/slicing/output/CPG/cwe36_cpg/cwe36-265-cpg-resolved.bin	tc265_flow3	CWE36_Absolute_Path_Traversal__database_06.java	266	CWE36_Absolute_Path_Traversal__database_06.java	276
/home/swlab/Documents/swvul/java-vuln-detection/slicing/output/CPG/cwe36_cpg/cwe36-266-cpg-resolved.bin	tc266_flow1	CWE36_Absolute_Path_Traversal__database_07.java	59	CWE36_Absolute_Path_Traversal__database_07.java	114
/home/swlab/Documents/swvul/java-vuln-detection/slicing/output/CPG/cwe36_cpg/cwe36-266-cpg-resolved.bin	tc266_flow2	CWE36_Absolute_Path_Traversal__database_07.java	191	CWE36_Absolute_Path_Traversal__database_07.java	196
/home/swlab/Documents/swvul/java-vuln-detection/slicing/output/CPG/cwe36_cpg/cwe36-266-cpg-resolved.bin	tc266_flow3	CWE36_Absolute_Path_Traversal__database_07.java	266	CWE36_Absolute_Path_Traversal__database_07.java	276
/home/swlab/Documents/swvul/java-vuln-detection/slicing/output/CPG/cwe36_cpg/cwe36-267-cpg-resolved.bin	tc267_flow1	CWE36_Absolute_Path_Traversal__database_08.java	67	CWE36_Absolute_Path_Traversal__database_08.java	122
/home/swlab/Documents/swvul/java-vuln-detection/slicing/output/CPG/cwe36_cpg/cwe36-267-cpg-resolved.bin	tc267_flow2	CWE36_Absolute_Path_Traversal__database_08.java	199	CWE36_Absolute_Path_Traversal__database_08.java	204
/home/swlab/Documents/swvul/java-vuln-detection/slicing/output/CPG/cwe36_cpg/cwe36-267-cpg-resolved.bin	tc267_flow3	CWE36_Absolute_Path_Traversal__database_08.java	274	CWE36_Absolute_Path_Traversal__database_08.java	284
/home/swlab/Documents/swvul/java-vuln-detection/slicing/output/CPG/cwe36_cpg/cwe36-268-cpg-resolved.bin	tc268_flow1	CWE36_Absolute_Path_Traversal__database_09.java	53	CWE36_Absolute_Path_Traversal__database_09.java	108
/home/swlab/Documents/swvul/java-vuln-detection/slicing/output/CPG/cwe36_cpg/cwe36-268-cpg-resolved.bin	tc268_flow2	CWE36_Absolute_Path_Traversal__database_09.java	185	CWE36_Absolute_Path_Traversal__database_09.java	190
/home/swlab/Documents/swvul/java-vuln-detection/slicing/output/CPG/cwe36_cpg/cwe36-268-cpg-resolved.bin	tc268_flow3	CWE36_Absolute_Path_Traversal__database_09.java	260	CWE36_Absolute_Path_Traversal__database_09.java	270
/home/swlab/Documents/swvul/java-vuln-detection/slicing/output/CPG/cwe36_cpg/cwe36-269-cpg-resolved.bin	tc269_flow1	CWE36_Absolute_Path_Traversal__database_10.java	53	CWE36_Absolute_Path_Traversal__database_10.java	108
/home/swlab/Documents/swvul/java-vuln-detection/slicing/output/CPG/cwe36_cpg/cwe36-269-cpg-resolved.bin	tc269_flow2	CWE36_Absolute_Path_Traversal__database_10.java	185	CWE36_Absolute_Path_Traversal__database_10.java	190
/home/swlab/Documents/swvul/java-vuln-detection/slicing/output/CPG/cwe36_cpg/cwe36-269-cpg-resolved.bin	tc269_flow3	CWE36_Absolute_Path_Traversal__database_10.java	260	CWE36_Absolute_Path_Traversal__database_10.java	270
/home/swlab/Documents/swvul/java-vuln-detection/slicing/output/CPG/cwe36_cpg/cwe36-270-cpg-resolved.bin	tc270_flow1	CWE36_Absolute_Path_Traversal__database_11.java	53	CWE36_Absolute_Path_Traversal__database_11.java	108
/home/swlab/Documents/swvul/java-vuln-detection/slicing/output/CPG/cwe36_cpg/cwe36-270-cpg-resolved.bin	tc270_flow2	CWE36_Absolute_Path_Traversal__database_11.java	185	CWE36_Absolute_Path_Traversal__database_11.java	190
/home/swlab/Documents/swvul/java-vuln-detection/slicing/output/CPG/cwe36_cpg/cwe36-270-cpg-resolved.bin	tc270_flow3	CWE36_Absolute_Path_Traversal__database_11.java	260	CWE36_Absolute_Path_Traversal__database_11.java	270
/home/swlab/Documents/swvul/java-vuln-detection/slicing/output/CPG/cwe36_cpg/cwe36-271-cpg-resolved.bin	tc271_flow1	CWE36_Absolute_Path_Traversal__database_12.java	53	CWE36_Absolute_Path_Traversal__database_12.java	109
/home/swlab/Documents/swvul/java-vuln-detection/slicing/output/CPG/cwe36_cpg/cwe36-271-cpg-resolved.bin	tc271_flow2	CWE36_Absolute_Path_Traversal__database_12.java	180	CWE36_Absolute_Path_Traversal__database_12.java	191
/home/swlab/Documents/swvul/java-vuln-detection/slicing/output/CPG/cwe36_cpg/cwe36-272-cpg-resolved.bin	tc272_flow1	CWE36_Absolute_Path_Traversal__database_13.java	53	CWE36_Absolute_Path_Traversal__database_13.java	108
/home/swlab/Documents/swvul/java-vuln-detection/slicing/output/CPG/cwe36_cpg/cwe36-272-cpg-resolved.bin	tc272_flow2	CWE36_Absolute_Path_Traversal__database_13.java	185	CWE36_Absolute_Path_Traversal__database_13.java	190
/home/swlab/Documents/swvul/java-vuln-detection/slicing/output/CPG/cwe36_cpg/cwe36-272-cpg-resolved.bin	tc272_flow3	CWE36_Absolute_Path_Traversal__database_13.java	260	CWE36_Absolute_Path_Traversal__database_13.java	270
/home/swlab/Documents/swvul/java-vuln-detection/slicing/output/CPG/cwe36_cpg/cwe36-273-cpg-resolved.bin	tc273_flow1	CWE36_Absolute_Path_Traversal__database_14.java	53	CWE36_Absolute_Path_Traversal__database_14.java	108
/home/swlab/Documents/swvul/java-vuln-detection/slicing/output/CPG/cwe36_cpg/cwe36-273-cpg-resolved.bin	tc273_flow2	CWE36_Absolute_Path_Traversal__database_14.java	185	CWE36_Absolute_Path_Traversal__database_14.java	190
/home/swlab/Documents/swvul/java-vuln-detection/slicing/output/CPG/cwe36_cpg/cwe36-273-cpg-resolved.bin	tc273_flow3	CWE36_Absolute_Path_Traversal__database_14.java	260	CWE36_Absolute_Path_Traversal__database_14.java	270
/home/swlab/Documents/swvul/java-vuln-detection/slicing/output/CPG/cwe36_cpg/cwe36-274-cpg-resolved.bin	tc274_flow1	CWE36_Absolute_Path_Traversal__database_15.java	55	CWE36_Absolute_Path_Traversal__database_15.java	110
/home/swlab/Documents/swvul/java-vuln-detection/slicing/output/CPG/cwe36_cpg/cwe36-274-cpg-resolved.bin	tc274_flow2	CWE36_Absolute_Path_Traversal__database_15.java	187	CWE36_Absolute_Path_Traversal__database_15.java	192
/home/swlab/Documents/swvul/java-vuln-detection/slicing/output/CPG/cwe36_cpg/cwe36-274-cpg-resolved.bin	tc274_flow3	CWE36_Absolute_Path_Traversal__database_15.java	264	CWE36_Absolute_Path_Traversal__database_15.java	274
/home/swlab/Documents/swvul/java-vuln-detection/slicing/output/CPG/cwe36_cpg/cwe36-275-cpg-resolved.bin	tc275_flow1	CWE36_Absolute_Path_Traversal__database_16.java	54	CWE36_Absolute_Path_Traversal__database_16.java	104
/home/swlab/Documents/swvul/java-vuln-detection/slicing/output/CPG/cwe36_cpg/cwe36-275-cpg-resolved.bin	tc275_flow2	CWE36_Absolute_Path_Traversal__database_16.java	175	CWE36_Absolute_Path_Traversal__database_16.java	180
/home/swlab/Documents/swvul/java-vuln-detection/slicing/output/CPG/cwe36_cpg/cwe36-276-cpg-resolved.bin	tc276_flow1	CWE36_Absolute_Path_Traversal__database_17.java	56	CWE36_Absolute_Path_Traversal__database_17.java	106
/home/swlab/Documents/swvul/java-vuln-detection/slicing/output/CPG/cwe36_cpg/cwe36-276-cpg-resolved.bin	tc276_flow2	CWE36_Absolute_Path_Traversal__database_17.java	176	CWE36_Absolute_Path_Traversal__database_17.java	181
/home/swlab/Documents/swvul/java-vuln-detection/slicing/output/CPG/cwe36_cpg/cwe36-277-cpg-resolved.bin	tc277_flow1	CWE36_Absolute_Path_Traversal__database_21.java	128	CWE36_Absolute_Path_Traversal__database_21.java	45
/home/swlab/Documents/swvul/java-vuln-detection/slicing/output/CPG/cwe36_cpg/cwe36-277-cpg-resolved.bin	tc277_flow2	CWE36_Absolute_Path_Traversal__database_21.java	281	CWE36_Absolute_Path_Traversal__database_21.java	204
/home/swlab/Documents/swvul/java-vuln-detection/slicing/output/CPG/cwe36_cpg/cwe36-277-cpg-resolved.bin	tc277_flow3	CWE36_Absolute_Path_Traversal__database_21.java	367	CWE36_Absolute_Path_Traversal__database_21.java	297
/home/swlab/Documents/swvul/java-vuln-detection/slicing/output/CPG/cwe36_cpg/cwe36-278-cpg-resolved.bin	tc278_flow1	CWE36_Absolute_Path_Traversal__database_22b.java	53	CWE36_Absolute_Path_Traversal__database_22a.java	40
/home/swlab/Documents/swvul/java-vuln-detection/slicing/output/CPG/cwe36_cpg/cwe36-278-cpg-resolved.bin	tc278_flow2	CWE36_Absolute_Path_Traversal__database_22b.java	124	CWE36_Absolute_Path_Traversal__database_22a.java	123
/home/swlab/Documents/swvul/java-vuln-detection/slicing/output/CPG/cwe36_cpg/cwe36-278-cpg-resolved.bin	tc278_flow3	CWE36_Absolute_Path_Traversal__database_22b.java	139	CWE36_Absolute_Path_Traversal__database_22a.java	195
/home/swlab/Documents/swvul/java-vuln-detection/slicing/output/CPG/cwe36_cpg/cwe36-279-cpg-resolved.bin	tc279_flow1	CWE36_Absolute_Path_Traversal__database_31.java	59	CWE36_Absolute_Path_Traversal__database_31.java	112
/home/swlab/Documents/swvul/java-vuln-detection/slicing/output/CPG/cwe36_cpg/cwe36-279-cpg-resolved.bin	tc279_flow2	CWE36_Absolute_Path_Traversal__database_31.java	189	CWE36_Absolute_Path_Traversal__database_31.java	197
/home/swlab/Documents/swvul/java-vuln-detection/slicing/output/CPG/cwe36_cpg/cwe36-280-cpg-resolved.bin	tc280_flow1	CWE36_Absolute_Path_Traversal__database_41.java	122	CWE36_Absolute_Path_Traversal__database_41.java	37
/home/swlab/Documents/swvul/java-vuln-detection/slicing/output/CPG/cwe36_cpg/cwe36-280-cpg-resolved.bin	tc280_flow2	CWE36_Absolute_Path_Traversal__database_41.java	250	CWE36_Absolute_Path_Traversal__database_41.java	181
/home/swlab/Documents/swvul/java-vuln-detection/slicing/output/CPG/cwe36_cpg/cwe36-281-cpg-resolved.bin	tc281_flow1	CWE36_Absolute_Path_Traversal__database_42.java	55	CWE36_Absolute_Path_Traversal__database_42.java	111
/home/swlab/Documents/swvul/java-vuln-detection/slicing/output/CPG/cwe36_cpg/cwe36-281-cpg-resolved.bin	tc281_flow2	CWE36_Absolute_Path_Traversal__database_42.java	179	CWE36_Absolute_Path_Traversal__database_42.java	190
/home/swlab/Documents/swvul/java-vuln-detection/slicing/output/CPG/cwe36_cpg/cwe36-282-cpg-resolved.bin	tc282_flow1	CWE36_Absolute_Path_Traversal__database_45.java	128	CWE36_Absolute_Path_Traversal__database_45.java	42
/home/swlab/Documents/swvul/java-vuln-detection/slicing/output/CPG/cwe36_cpg/cwe36-282-cpg-resolved.bin	tc282_flow2	CWE36_Absolute_Path_Traversal__database_45.java	258	CWE36_Absolute_Path_Traversal__database_45.java	189
/home/swlab/Documents/swvul/java-vuln-detection/slicing/output/CPG/cwe36_cpg/cwe36-283-cpg-resolved.bin	tc283_flow1	CWE36_Absolute_Path_Traversal__database_51a.java	54	CWE36_Absolute_Path_Traversal__database_51b.java	31
/home/swlab/Documents/swvul/java-vuln-detection/slicing/output/CPG/cwe36_cpg/cwe36-283-cpg-resolved.bin	tc283_flow2	CWE36_Absolute_Path_Traversal__database_51a.java	115	CWE36_Absolute_Path_Traversal__database_51b.java	99
/home/swlab/Documents/swvul/java-vuln-detection/slicing/output/CPG/cwe36_cpg/cwe36-284-cpg-resolved.bin	tc284_flow1	CWE36_Absolute_Path_Traversal__database_52a.java	55	CWE36_Absolute_Path_Traversal__database_52c.java	32
/home/swlab/Documents/swvul/java-vuln-detection/slicing/output/CPG/cwe36_cpg/cwe36-284-cpg-resolved.bin	tc284_flow2	CWE36_Absolute_Path_Traversal__database_52a.java	116	CWE36_Absolute_Path_Traversal__database_52c.java	100
/home/swlab/Documents/swvul/java-vuln-detection/slicing/output/CPG/cwe36_cpg/cwe36-285-cpg-resolved.bin	tc285_flow1	CWE36_Absolute_Path_Traversal__database_53a.java	55	CWE36_Absolute_Path_Traversal__database_53d.java	32
/home/swlab/Documents/swvul/java-vuln-detection/slicing/output/CPG/cwe36_cpg/cwe36-285-cpg-resolved.bin	tc285_flow2	CWE36_Absolute_Path_Traversal__database_53a.java	116	CWE36_Absolute_Path_Traversal__database_53d.java	100
/home/swlab/Documents/swvul/java-vuln-detection/slicing/output/CPG/cwe36_cpg/cwe36-286-cpg-resolved.bin	tc286_flow1	CWE36_Absolute_Path_Traversal__database_54a.java	55	CWE36_Absolute_Path_Traversal__database_54e.java	32
/home/swlab/Documents/swvul/java-vuln-detection/slicing/output/CPG/cwe36_cpg/cwe36-286-cpg-resolved.bin	tc286_flow2	CWE36_Absolute_Path_Traversal__database_54a.java	116	CWE36_Absolute_Path_Traversal__database_54e.java	100
/home/swlab/Documents/swvul/java-vuln-detection/slicing/output/CPG/cwe36_cpg/cwe36-287-cpg-resolved.bin	tc287_flow1	CWE36_Absolute_Path_Traversal__database_61b.java	55	CWE36_Absolute_Path_Traversal__database_61a.java	33
/home/swlab/Documents/swvul/java-vuln-detection/slicing/output/CPG/cwe36_cpg/cwe36-287-cpg-resolved.bin	tc287_flow2	CWE36_Absolute_Path_Traversal__database_61b.java	111	CWE36_Absolute_Path_Traversal__database_61a.java	107
/home/swlab/Documents/swvul/java-vuln-detection/slicing/output/CPG/cwe36_cpg/cwe36-288-cpg-resolved.bin	tc288_flow1	CWE36_Absolute_Path_Traversal__database_66a.java	55	CWE36_Absolute_Path_Traversal__database_66b.java	33
/home/swlab/Documents/swvul/java-vuln-detection/slicing/output/CPG/cwe36_cpg/cwe36-288-cpg-resolved.bin	tc288_flow2	CWE36_Absolute_Path_Traversal__database_66a.java	118	CWE36_Absolute_Path_Traversal__database_66b.java	102
/home/swlab/Documents/swvul/java-vuln-detection/slicing/output/CPG/cwe36_cpg/cwe36-289-cpg-resolved.bin	tc289_flow1	CWE36_Absolute_Path_Traversal__database_67a.java	60	CWE36_Absolute_Path_Traversal__database_67b.java	33
/home/swlab/Documents/swvul/java-vuln-detection/slicing/output/CPG/cwe36_cpg/cwe36-289-cpg-resolved.bin	tc289_flow2	CWE36_Absolute_Path_Traversal__database_67a.java	123	CWE36_Absolute_Path_Traversal__database_67b.java	102
/home/swlab/Documents/swvul/java-vuln-detection/slicing/output/CPG/cwe36_cpg/cwe36-290-cpg-resolved.bin	tc290_flow1	CWE36_Absolute_Path_Traversal__database_68a.java	55	CWE36_Absolute_Path_Traversal__database_68b.java	32
/home/swlab/Documents/swvul/java-vuln-detection/slicing/output/CPG/cwe36_cpg/cwe36-290-cpg-resolved.bin	tc290_flow2	CWE36_Absolute_Path_Traversal__database_68a.java	115	CWE36_Absolute_Path_Traversal__database_68b.java	101
/home/swlab/Documents/swvul/java-vuln-detection/slicing/output/CPG/cwe36_cpg/cwe36-291-cpg-resolved.bin	tc291_flow1	CWE36_Absolute_Path_Traversal__database_71a.java	55	CWE36_Absolute_Path_Traversal__database_71b.java	33
/home/swlab/Documents/swvul/java-vuln-detection/slicing/output/CPG/cwe36_cpg/cwe36-291-cpg-resolved.bin	tc291_flow2	CWE36_Absolute_Path_Traversal__database_71a.java	116	CWE36_Absolute_Path_Traversal__database_71b.java	102
/home/swlab/Documents/swvul/java-vuln-detection/slicing/output/CPG/cwe36_cpg/cwe36-292-cpg-resolved.bin	tc292_flow1	CWE36_Absolute_Path_Traversal__database_72a.java	56	CWE36_Absolute_Path_Traversal__database_72b.java	34
/home/swlab/Documents/swvul/java-vuln-detection/slicing/output/CPG/cwe36_cpg/cwe36-292-cpg-resolved.bin	tc292_flow2	CWE36_Absolute_Path_Traversal__database_72a.java	121	CWE36_Absolute_Path_Traversal__database_72b.java	103
/home/swlab/Documents/swvul/java-vuln-detection/slicing/output/CPG/cwe36_cpg/cwe36-293-cpg-resolved.bin	tc293_flow1	CWE36_Absolute_Path_Traversal__database_73a.java	56	CWE36_Absolute_Path_Traversal__database_73b.java	34
/home/swlab/Documents/swvul/java-vuln-detection/slicing/output/CPG/cwe36_cpg/cwe36-293-cpg-resolved.bin	tc293_flow2	CWE36_Absolute_Path_Traversal__database_73a.java	121	CWE36_Absolute_Path_Traversal__database_73b.java	103
/home/swlab/Documents/swvul/java-vuln-detection/slicing/output/CPG/cwe36_cpg/cwe36-294-cpg-resolved.bin	tc294_flow1	CWE36_Absolute_Path_Traversal__database_74a.java	56	CWE36_Absolute_Path_Traversal__database_74b.java	34
/home/swlab/Documents/swvul/java-vuln-detection/slicing/output/CPG/cwe36_cpg/cwe36-294-cpg-resolved.bin	tc294_flow2	CWE36_Absolute_Path_Traversal__database_74a.java	121	CWE36_Absolute_Path_Traversal__database_74b.java	103
/home/swlab/Documents/swvul/java-vuln-detection/slicing/output/CPG/cwe36_cpg/cwe36-295-cpg-resolved.bin	tc295_flow1	CWE36_Absolute_Path_Traversal__database_75a.java	59	CWE36_Absolute_Path_Traversal__database_75b.java	44
/home/swlab/Documents/swvul/java-vuln-detection/slicing/output/CPG/cwe36_cpg/cwe36-295-cpg-resolved.bin	tc295_flow2	CWE36_Absolute_Path_Traversal__database_75a.java	162	CWE36_Absolute_Path_Traversal__database_75b.java	157
/home/swlab/Documents/swvul/java-vuln-detection/slicing/output/CPG/cwe36_cpg/cwe36-296-cpg-resolved.bin	tc296_flow1	CWE36_Absolute_Path_Traversal__database_81a.java	55	CWE36_Absolute_Path_Traversal__database_81_bad.java	32
/home/swlab/Documents/swvul/java-vuln-detection/slicing/output/CPG/cwe36_cpg/cwe36-296-cpg-resolved.bin	tc296_flow2	CWE36_Absolute_Path_Traversal__database_81a.java	117	CWE36_Absolute_Path_Traversal__database_81_goodG2B.java	32
/home/swlab/Documents/swvul/java-vuln-detection/slicing/output/CPG/cwe36_cpg/cwe36-297-cpg-resolved.bin	tc297_flow1	CWE36_Absolute_Path_Traversal__getCookies_Servlet_01.java	41	CWE36_Absolute_Path_Traversal__getCookies_Servlet_01.java	46
/home/swlab/Documents/swvul/java-vuln-detection/slicing/output/CPG/cwe36_cpg/cwe36-297-cpg-resolved.bin	tc297_flow2	CWE36_Absolute_Path_Traversal__getCookies_Servlet_01.java	120	CWE36_Absolute_Path_Traversal__getCookies_Servlet_01.java	123
/home/swlab/Documents/swvul/java-vuln-detection/slicing/output/CPG/cwe36_cpg/cwe36-298-cpg-resolved.bin	tc298_flow1	CWE36_Absolute_Path_Traversal__getCookies_Servlet_02.java	41	CWE36_Absolute_Path_Traversal__getCookies_Servlet_02.java	53
/home/swlab/Documents/swvul/java-vuln-detection/slicing/output/CPG/cwe36_cpg/cwe36-298-cpg-resolved.bin	tc298_flow2	CWE36_Absolute_Path_Traversal__getCookies_Servlet_02.java	130	CWE36_Absolute_Path_Traversal__getCookies_Servlet_02.java	135
/home/swlab/Documents/swvul/java-vuln-detection/slicing/output/CPG/cwe36_cpg/cwe36-298-cpg-resolved.bin	tc298_flow3	CWE36_Absolute_Path_Traversal__getCookies_Servlet_02.java	205	CWE36_Absolute_Path_Traversal__getCookies_Servlet_02.java	215
/home/swlab/Documents/swvul/java-vuln-detection/slicing/output/CPG/cwe36_cpg/cwe36-299-cpg-resolved.bin	tc299_flow1	CWE36_Absolute_Path_Traversal__getCookies_Servlet_03.java	41	CWE36_Absolute_Path_Traversal__getCookies_Servlet_03.java	53
/home/swlab/Documents/swvul/java-vuln-detection/slicing/output/CPG/cwe36_cpg/cwe36-299-cpg-resolved.bin	tc299_flow2	CWE36_Absolute_Path_Traversal__getCookies_Servlet_03.java	130	CWE36_Absolute_Path_Traversal__getCookies_Servlet_03.java	135
/home/swlab/Documents/swvul/java-vuln-detection/slicing/output/CPG/cwe36_cpg/cwe36-299-cpg-resolved.bin	tc299_flow3	CWE36_Absolute_Path_Traversal__getCookies_Servlet_03.java	205	CWE36_Absolute_Path_Traversal__getCookies_Servlet_03.java	215
/home/swlab/Documents/swvul/java-vuln-detection/slicing/output/CPG/cwe36_cpg/cwe36-300-cpg-resolved.bin	tc300_flow1	CWE36_Absolute_Path_Traversal__getCookies_Servlet_04.java	48	CWE36_Absolute_Path_Traversal__getCookies_Servlet_04.java	60
/home/swlab/Documents/swvul/java-vuln-detection/slicing/output/CPG/cwe36_cpg/cwe36-300-cpg-resolved.bin	tc300_flow2	CWE36_Absolute_Path_Traversal__getCookies_Servlet_04.java	137	CWE36_Absolute_Path_Traversal__getCookies_Servlet_04.java	142
/home/swlab/Documents/swvul/java-vuln-detection/slicing/output/CPG/cwe36_cpg/cwe36-300-cpg-resolved.bin	tc300_flow3	CWE36_Absolute_Path_Traversal__getCookies_Servlet_04.java	212	CWE36_Absolute_Path_Traversal__getCookies_Servlet_04.java	222
/home/swlab/Documents/swvul/java-vuln-detection/slicing/output/CPG/cwe36_cpg/cwe36-301-cpg-resolved.bin	tc301_flow1	CWE36_Absolute_Path_Traversal__getCookies_Servlet_05.java	48	CWE36_Absolute_Path_Traversal__getCookies_Servlet_05.java	60
/home/swlab/Documents/swvul/java-vuln-detection/slicing/output/CPG/cwe36_cpg/cwe36-301-cpg-resolved.bin	tc301_flow2	CWE36_Absolute_Path_Traversal__getCookies_Servlet_05.java	137	CWE36_Absolute_Path_Traversal__getCookies_Servlet_05.java	142
/home/swlab/Documents/swvul/java-vuln-detection/slicing/output/CPG/cwe36_cpg/cwe36-301-cpg-resolved.bin	tc301_flow3	CWE36_Absolute_Path_Traversal__getCookies_Servlet_05.java	212	CWE36_Absolute_Path_Traversal__getCookies_Servlet_05.java	222
/home/swlab/Documents/swvul/java-vuln-detection/slicing/output/CPG/cwe36_cpg/cwe36-302-cpg-resolved.bin	tc302_flow1	CWE36_Absolute_Path_Traversal__getCookies_Servlet_06.java	47	CWE36_Absolute_Path_Traversal__getCookies_Servlet_06.java	59
/home/swlab/Documents/swvul/java-vuln-detection/slicing/output/CPG/cwe36_cpg/cwe36-302-cpg-resolved.bin	tc302_flow2	CWE36_Absolute_Path_Traversal__getCookies_Servlet_06.java	136	CWE36_Absolute_Path_Traversal__getCookies_Servlet_06.java	141
/home/swlab/Documents/swvul/java-vuln-detection/slicing/output/CPG/cwe36_cpg/cwe36-302-cpg-resolved.bin	tc302_flow3	CWE36_Absolute_Path_Traversal__getCookies_Servlet_06.java	211	CWE36_Absolute_Path_Traversal__getCookies_Servlet_06.java	221
/home/swlab/Documents/swvul/java-vuln-detection/slicing/output/CPG/cwe36_cpg/cwe36-303-cpg-resolved.bin	tc303_flow1	CWE36_Absolute_Path_Traversal__getCookies_Servlet_07.java	47	CWE36_Absolute_Path_Traversal__getCookies_Servlet_07.java	59
/home/swlab/Documents/swvul/java-vuln-detection/slicing/output/CPG/cwe36_cpg/cwe36-303-cpg-resolved.bin	tc303_flow2	CWE36_Absolute_Path_Traversal__getCookies_Servlet_07.java	136	CWE36_Absolute_Path_Traversal__getCookies_Servlet_07.java	141
/home/swlab/Documents/swvul/java-vuln-detection/slicing/output/CPG/cwe36_cpg/cwe36-303-cpg-resolved.bin	tc303_flow3	CWE36_Absolute_Path_Traversal__getCookies_Servlet_07.java	211	CWE36_Absolute_Path_Traversal__getCookies_Servlet_07.java	221
/home/swlab/Documents/swvul/java-vuln-detection/slicing/output/CPG/cwe36_cpg/cwe36-304-cpg-resolved.bin	tc304_flow1	CWE36_Absolute_Path_Traversal__getCookies_Servlet_08.java	55	CWE36_Absolute_Path_Traversal__getCookies_Servlet_08.java	67
/home/swlab/Documents/swvul/java-vuln-detection/slicing/output/CPG/cwe36_cpg/cwe36-304-cpg-resolved.bin	tc304_flow2	CWE36_Absolute_Path_Traversal__getCookies_Servlet_08.java	144	CWE36_Absolute_Path_Traversal__getCookies_Servlet_08.java	149
/home/swlab/Documents/swvul/java-vuln-detection/slicing/output/CPG/cwe36_cpg/cwe36-304-cpg-resolved.bin	tc304_flow3	CWE36_Absolute_Path_Traversal__getCookies_Servlet_08.java	219	CWE36_Absolute_Path_Traversal__getCookies_Servlet_08.java	229
/home/swlab/Documents/swvul/java-vuln-detection/slicing/output/CPG/cwe36_cpg/cwe36-305-cpg-resolved.bin	tc305_flow1	CWE36_Absolute_Path_Traversal__getCookies_Servlet_09.java	41	CWE36_Absolute_Path_Traversal__getCookies_Servlet_09.java	53
/home/swlab/Documents/swvul/java-vuln-detection/slicing/output/CPG/cwe36_cpg/cwe36-305-cpg-resolved.bin	tc305_flow2	CWE36_Absolute_Path_Traversal__getCookies_Servlet_09.java	130	CWE36_Absolute_Path_Traversal__getCookies_Servlet_09.java	135
/home/swlab/Documents/swvul/java-vuln-detection/slicing/output/CPG/cwe36_cpg/cwe36-305-cpg-resolved.bin	tc305_flow3	CWE36_Absolute_Path_Traversal__getCookies_Servlet_09.java	205	CWE36_Absolute_Path_Traversal__getCookies_Servlet_09.java	215
/home/swlab/Documents/swvul/java-vuln-detection/slicing/output/CPG/cwe36_cpg/cwe36-306-cpg-resolved.bin	tc306_flow1	CWE36_Absolute_Path_Traversal__getCookies_Servlet_10.java	41	CWE36_Absolute_Path_Traversal__getCookies_Servlet_10.java	53
/home/swlab/Documents/swvul/java-vuln-detection/slicing/output/CPG/cwe36_cpg/cwe36-306-cpg-resolved.bin	tc306_flow2	CWE36_Absolute_Path_Traversal__getCookies_Servlet_10.java	130	CWE36_Absolute_Path_Traversal__getCookies_Servlet_10.java	135
/home/swlab/Documents/swvul/java-vuln-detection/slicing/output/CPG/cwe36_cpg/cwe36-306-cpg-resolved.bin	tc306_flow3	CWE36_Absolute_Path_Traversal__getCookies_Servlet_10.java	205	CWE36_Absolute_Path_Traversal__getCookies_Servlet_10.java	215
/home/swlab/Documents/swvul/java-vuln-detection/slicing/output/CPG/cwe36_cpg/cwe36-307-cpg-resolved.bin	tc307_flow1	CWE36_Absolute_Path_Traversal__getCookies_Servlet_11.java	41	CWE36_Absolute_Path_Traversal__getCookies_Servlet_11.java	53
/home/swlab/Documents/swvul/java-vuln-detection/slicing/output/CPG/cwe36_cpg/cwe36-307-cpg-resolved.bin	tc307_flow2	CWE36_Absolute_Path_Traversal__getCookies_Servlet_11.java	130	CWE36_Absolute_Path_Traversal__getCookies_Servlet_11.java	135
/home/swlab/Documents/swvul/java-vuln-detection/slicing/output/CPG/cwe36_cpg/cwe36-307-cpg-resolved.bin	tc307_flow3	CWE36_Absolute_Path_Traversal__getCookies_Servlet_11.java	205	CWE36_Absolute_Path_Traversal__getCookies_Servlet_11.java	215
/home/swlab/Documents/swvul/java-vuln-detection/slicing/output/CPG/cwe36_cpg/cwe36-308-cpg-resolved.bin	tc308_flow1	CWE36_Absolute_Path_Traversal__getCookies_Servlet_12.java	41	CWE36_Absolute_Path_Traversal__getCookies_Servlet_12.java	54
/home/swlab/Documents/swvul/java-vuln-detection/slicing/output/CPG/cwe36_cpg/cwe36-308-cpg-resolved.bin	tc308_flow2	CWE36_Absolute_Path_Traversal__getCookies_Servlet_12.java	125	CWE36_Absolute_Path_Traversal__getCookies_Servlet_12.java	136
/home/swlab/Documents/swvul/java-vuln-detection/slicing/output/CPG/cwe36_cpg/cwe36-309-cpg-resolved.bin	tc309_flow1	CWE36_Absolute_Path_Traversal__getCookies_Servlet_13.java	41	CWE36_Absolute_Path_Traversal__getCookies_Servlet_13.java	53
/home/swlab/Documents/swvul/java-vuln-detection/slicing/output/CPG/cwe36_cpg/cwe36-309-cpg-resolved.bin	tc309_flow2	CWE36_Absolute_Path_Traversal__getCookies_Servlet_13.java	130	CWE36_Absolute_Path_Traversal__getCookies_Servlet_13.java	135
/home/swlab/Documents/swvul/java-vuln-detection/slicing/output/CPG/cwe36_cpg/cwe36-309-cpg-resolved.bin	tc309_flow3	CWE36_Absolute_Path_Traversal__getCookies_Servlet_13.java	205	CWE36_Absolute_Path_Traversal__getCookies_Servlet_13.java	215
/home/swlab/Documents/swvul/java-vuln-detection/slicing/output/CPG/cwe36_cpg/cwe36-310-cpg-resolved.bin	tc310_flow1	CWE36_Absolute_Path_Traversal__getCookies_Servlet_14.java	41	CWE36_Absolute_Path_Traversal__getCookies_Servlet_14.java	53
/home/swlab/Documents/swvul/java-vuln-detection/slicing/output/CPG/cwe36_cpg/cwe36-310-cpg-resolved.bin	tc310_flow2	CWE36_Absolute_Path_Traversal__getCookies_Servlet_14.java	130	CWE36_Absolute_Path_Traversal__getCookies_Servlet_14.java	135
/home/swlab/Documents/swvul/java-vuln-detection/slicing/output/CPG/cwe36_cpg/cwe36-310-cpg-resolved.bin	tc310_flow3	CWE36_Absolute_Path_Traversal__getCookies_Servlet_14.java	205	CWE36_Absolute_Path_Traversal__getCookies_Servlet_14.java	215
/home/swlab/Documents/swvul/java-vuln-detection/slicing/output/CPG/cwe36_cpg/cwe36-311-cpg-resolved.bin	tc311_flow1	CWE36_Absolute_Path_Traversal__getCookies_Servlet_15.java	43	CWE36_Absolute_Path_Traversal__getCookies_Servlet_15.java	55
/home/swlab/Documents/swvul/java-vuln-detection/slicing/output/CPG/cwe36_cpg/cwe36-311-cpg-resolved.bin	tc311_flow2	CWE36_Absolute_Path_Traversal__getCookies_Servlet_15.java	132	CWE36_Absolute_Path_Traversal__getCookies_Servlet_15.java	137
/home/swlab/Documents/swvul/java-vuln-detection/slicing/output/CPG/cwe36_cpg/cwe36-311-cpg-resolved.bin	tc311_flow3	CWE36_Absolute_Path_Traversal__getCookies_Servlet_15.java	209	CWE36_Absolute_Path_Traversal__getCookies_Servlet_15.java	219
/home/swlab/Documents/swvul/java-vuln-detection/slicing/output/CPG/cwe36_cpg/cwe36-312-cpg-resolved.bin	tc312_flow1	CWE36_Absolute_Path_Traversal__getCookies_Servlet_16.java	42	CWE36_Absolute_Path_Traversal__getCookies_Servlet_16.java	49
/home/swlab/Documents/swvul/java-vuln-detection/slicing/output/CPG/cwe36_cpg/cwe36-312-cpg-resolved.bin	tc312_flow2	CWE36_Absolute_Path_Traversal__getCookies_Servlet_16.java	120	CWE36_Absolute_Path_Traversal__getCookies_Servlet_16.java	125
/home/swlab/Documents/swvul/java-vuln-detection/slicing/output/CPG/cwe36_cpg/cwe36-313-cpg-resolved.bin	tc313_flow1	CWE36_Absolute_Path_Traversal__getCookies_Servlet_17.java	41	CWE36_Absolute_Path_Traversal__getCookies_Servlet_17.java	48
/home/swlab/Documents/swvul/java-vuln-detection/slicing/output/CPG/cwe36_cpg/cwe36-313-cpg-resolved.bin	tc313_flow2	CWE36_Absolute_Path_Traversal__getCookies_Servlet_17.java	118	CWE36_Absolute_Path_Traversal__getCookies_Servlet_17.java	123
/home/swlab/Documents/swvul/java-vuln-detection/slicing/output/CPG/cwe36_cpg/cwe36-314-cpg-resolved.bin	tc314_flow1	CWE36_Absolute_Path_Traversal__getCookies_Servlet_21.java	116	CWE36_Absolute_Path_Traversal__getCookies_Servlet_21.java	40
/home/swlab/Documents/swvul/java-vuln-detection/slicing/output/CPG/cwe36_cpg/cwe36-314-cpg-resolved.bin	tc314_flow2	CWE36_Absolute_Path_Traversal__getCookies_Servlet_21.java	226	CWE36_Absolute_Path_Traversal__getCookies_Servlet_21.java	149
/home/swlab/Documents/swvul/java-vuln-detection/slicing/output/CPG/cwe36_cpg/cwe36-314-cpg-resolved.bin	tc314_flow3	CWE36_Absolute_Path_Traversal__getCookies_Servlet_21.java	312	CWE36_Absolute_Path_Traversal__getCookies_Servlet_21.java	242
/home/swlab/Documents/swvul/java-vuln-detection/slicing/output/CPG/cwe36_cpg/cwe36-315-cpg-resolved.bin	tc315_flow1	CWE36_Absolute_Path_Traversal__getCookies_Servlet_22b.java	40	CWE36_Absolute_Path_Traversal__getCookies_Servlet_22a.java	40
/home/swlab/Documents/swvul/java-vuln-detection/slicing/output/CPG/cwe36_cpg/cwe36-315-cpg-resolved.bin	tc315_flow2	CWE36_Absolute_Path_Traversal__getCookies_Servlet_22b.java	68	CWE36_Absolute_Path_Traversal__getCookies_Servlet_22a.java	123
/home/swlab/Documents/swvul/java-vuln-detection/slicing/output/CPG/cwe36_cpg/cwe36-315-cpg-resolved.bin	tc315_flow3	CWE36_Absolute_Path_Traversal__getCookies_Servlet_22b.java	83	CWE36_Absolute_Path_Traversal__getCookies_Servlet_22a.java	195
/home/swlab/Documents/swvul/java-vuln-detection/slicing/output/CPG/cwe36_cpg/cwe36-316-cpg-resolved.bin	tc316_flow1	CWE36_Absolute_Path_Traversal__getCookies_Servlet_31.java	44	CWE36_Absolute_Path_Traversal__getCookies_Servlet_31.java	54
/home/swlab/Documents/swvul/java-vuln-detection/slicing/output/CPG/cwe36_cpg/cwe36-316-cpg-resolved.bin	tc316_flow2	CWE36_Absolute_Path_Traversal__getCookies_Servlet_31.java	131	CWE36_Absolute_Path_Traversal__getCookies_Servlet_31.java	139
/home/swlab/Documents/swvul/java-vuln-detection/slicing/output/CPG/cwe36_cpg/cwe36-317-cpg-resolved.bin	tc317_flow1	CWE36_Absolute_Path_Traversal__getCookies_Servlet_41.java	107	CWE36_Absolute_Path_Traversal__getCookies_Servlet_41.java	32
/home/swlab/Documents/swvul/java-vuln-detection/slicing/output/CPG/cwe36_cpg/cwe36-317-cpg-resolved.bin	tc317_flow2	CWE36_Absolute_Path_Traversal__getCookies_Servlet_41.java	192	CWE36_Absolute_Path_Traversal__getCookies_Servlet_41.java	123
/home/swlab/Documents/swvul/java-vuln-detection/slicing/output/CPG/cwe36_cpg/cwe36-318-cpg-resolved.bin	tc318_flow1	CWE36_Absolute_Path_Traversal__getCookies_Servlet_42.java	40	CWE36_Absolute_Path_Traversal__getCookies_Servlet_42.java	53
/home/swlab/Documents/swvul/java-vuln-detection/slicing/output/CPG/cwe36_cpg/cwe36-318-cpg-resolved.bin	tc318_flow2	CWE36_Absolute_Path_Traversal__getCookies_Servlet_42.java	121	CWE36_Absolute_Path_Traversal__getCookies_Servlet_42.java	132
/home/swlab/Documents/swvul/java-vuln-detection/slicing/output/CPG/cwe36_cpg/cwe36-319-cpg-resolved.bin	tc319_flow1	CWE36_Absolute_Path_Traversal__getCookies_Servlet_45.java	113	CWE36_Absolute_Path_Traversal__getCookies_Servlet_45.java	37
/home/swlab/Documents/swvul/java-vuln-detection/slicing/output/CPG/cwe36_cpg/cwe36-319-cpg-resolved.bin	tc319_flow2	CWE36_Absolute_Path_Traversal__getCookies_Servlet_45.java	200	CWE36_Absolute_Path_Traversal__getCookies_Servlet_45.java	131
/home/swlab/Documents/swvul/java-vuln-detection/slicing/output/CPG/cwe36_cpg/cwe36-320-cpg-resolved.bin	tc320_flow1	CWE36_Absolute_Path_Traversal__getCookies_Servlet_51a.java	38	CWE36_Absolute_Path_Traversal__getCookies_Servlet_51b.java	31
/home/swlab/Documents/swvul/java-vuln-detection/slicing/output/CPG/cwe36_cpg/cwe36-320-cpg-resolved.bin	tc320_flow2	CWE36_Absolute_Path_Traversal__getCookies_Servlet_51a.java	56	CWE36_Absolute_Path_Traversal__getCookies_Servlet_51b.java	99
/home/swlab/Documents/swvul/java-vuln-detection/slicing/output/CPG/cwe36_cpg/cwe36-321-cpg-resolved.bin	tc321_flow1	CWE36_Absolute_Path_Traversal__getCookies_Servlet_52a.java	39	CWE36_Absolute_Path_Traversal__getCookies_Servlet_52c.java	32
/home/swlab/Documents/swvul/java-vuln-detection/slicing/output/CPG/cwe36_cpg/cwe36-321-cpg-resolved.bin	tc321_flow2	CWE36_Absolute_Path_Traversal__getCookies_Servlet_52a.java	57	CWE36_Absolute_Path_Traversal__getCookies_Servlet_52c.java	100
/home/swlab/Documents/swvul/java-vuln-detection/slicing/output/CPG/cwe36_cpg/cwe36-322-cpg-resolved.bin	tc322_flow1	CWE36_Absolute_Path_Traversal__getCookies_Servlet_53a.java	39	CWE36_Absolute_Path_Traversal__getCookies_Servlet_53d.java	32
/home/swlab/Documents/swvul/java-vuln-detection/slicing/output/CPG/cwe36_cpg/cwe36-322-cpg-resolved.bin	tc322_flow2	CWE36_Absolute_Path_Traversal__getCookies_Servlet_53a.java	57	CWE36_Absolute_Path_Traversal__getCookies_Servlet_53d.java	100
/home/swlab/Documents/swvul/java-vuln-detection/slicing/output/CPG/cwe36_cpg/cwe36-323-cpg-resolved.bin	tc323_flow1	CWE36_Absolute_Path_Traversal__getCookies_Servlet_54a.java	39	CWE36_Absolute_Path_Traversal__getCookies_Servlet_54e.java	32
/home/swlab/Documents/swvul/java-vuln-detection/slicing/output/CPG/cwe36_cpg/cwe36-323-cpg-resolved.bin	tc323_flow2	CWE36_Absolute_Path_Traversal__getCookies_Servlet_54a.java	57	CWE36_Absolute_Path_Traversal__getCookies_Servlet_54e.java	100
/home/swlab/Documents/swvul/java-vuln-detection/slicing/output/CPG/cwe36_cpg/cwe36-324-cpg-resolved.bin	tc324_flow1	CWE36_Absolute_Path_Traversal__getCookies_Servlet_61b.java	39	CWE36_Absolute_Path_Traversal__getCookies_Servlet_61a.java	33
/home/swlab/Documents/swvul/java-vuln-detection/slicing/output/CPG/cwe36_cpg/cwe36-324-cpg-resolved.bin	tc324_flow2	CWE36_Absolute_Path_Traversal__getCookies_Servlet_61b.java	52	CWE36_Absolute_Path_Traversal__getCookies_Servlet_61a.java	107
/home/swlab/Documents/swvul/java-vuln-detection/slicing/output/CPG/cwe36_cpg/cwe36-325-cpg-resolved.bin	tc325_flow1	CWE36_Absolute_Path_Traversal__getCookies_Servlet_66a.java	39	CWE36_Absolute_Path_Traversal__getCookies_Servlet_66b.java	33
/home/swlab/Documents/swvul/java-vuln-detection/slicing/output/CPG/cwe36_cpg/cwe36-325-cpg-resolved.bin	tc325_flow2	CWE36_Absolute_Path_Traversal__getCookies_Servlet_66a.java	59	CWE36_Absolute_Path_Traversal__getCookies_Servlet_66b.java	102
/home/swlab/Documents/swvul/java-vuln-detection/slicing/output/CPG/cwe36_cpg/cwe36-326-cpg-resolved.bin	tc326_flow1	CWE36_Absolute_Path_Traversal__getCookies_Servlet_67a.java	44	CWE36_Absolute_Path_Traversal__getCookies_Servlet_67b.java	33
/home/swlab/Documents/swvul/java-vuln-detection/slicing/output/CPG/cwe36_cpg/cwe36-326-cpg-resolved.bin	tc326_flow2	CWE36_Absolute_Path_Traversal__getCookies_Servlet_67a.java	64	CWE36_Absolute_Path_Traversal__getCookies_Servlet_67b.java	102
/home/swlab/Documents/swvul/java-vuln-detection/slicing/output/CPG/cwe36_cpg/cwe36-327-cpg-resolved.bin	tc327_flow1	CWE36_Absolute_Path_Traversal__getCookies_Servlet_68a.java	39	CWE36_Absolute_Path_Traversal__getCookies_Servlet_68b.java	32
/home/swlab/Documents/swvul/java-vuln-detection/slicing/output/CPG/cwe36_cpg/cwe36-327-cpg-resolved.bin	tc327_flow2	CWE36_Absolute_Path_Traversal__getCookies_Servlet_68a.java	56	CWE36_Absolute_Path_Traversal__getCookies_Servlet_68b.java	101
/home/swlab/Documents/swvul/java-vuln-detection/slicing/output/CPG/cwe36_cpg/cwe36-328-cpg-resolved.bin	tc328_flow1	CWE36_Absolute_Path_Traversal__getCookies_Servlet_71a.java	39	CWE36_Absolute_Path_Traversal__getCookies_Servlet_71b.java	33
/home/swlab/Documents/swvul/java-vuln-detection/slicing/output/CPG/cwe36_cpg/cwe36-328-cpg-resolved.bin	tc328_flow2	CWE36_Absolute_Path_Traversal__getCookies_Servlet_71a.java	57	CWE36_Absolute_Path_Traversal__getCookies_Servlet_71b.java	102
/home/swlab/Documents/swvul/java-vuln-detection/slicing/output/CPG/cwe36_cpg/cwe36-329-cpg-resolved.bin	tc329_flow1	CWE36_Absolute_Path_Traversal__getCookies_Servlet_72a.java	40	CWE36_Absolute_Path_Traversal__getCookies_Servlet_72b.java	34
/home/swlab/Documents/swvul/java-vuln-detection/slicing/output/CPG/cwe36_cpg/cwe36-329-cpg-resolved.bin	tc329_flow2	CWE36_Absolute_Path_Traversal__getCookies_Servlet_72a.java	62	CWE36_Absolute_Path_Traversal__getCookies_Servlet_72b.java	103
/home/swlab/Documents/swvul/java-vuln-detection/slicing/output/CPG/cwe36_cpg/cwe36-330-cpg-resolved.bin	tc330_flow1	CWE36_Absolute_Path_Traversal__getCookies_Servlet_73a.java	40	CWE36_Absolute_Path_Traversal__getCookies_Servlet_73b.java	34
/home/swlab/Documents/swvul/java-vuln-detection/slicing/output/CPG/cwe36_cpg/cwe36-330-cpg-resolved.bin	tc330_flow2	CWE36_Absolute_Path_Traversal__getCookies_Servlet_73a.java	62	CWE36_Absolute_Path_Traversal__getCookies_Servlet_73b.java	103
/home/swlab/Documents/swvul/java-vuln-detection/slicing/output/CPG/cwe36_cpg/cwe36-331-cpg-resolved.bin	tc331_flow1	CWE36_Absolute_Path_Traversal__getCookies_Servlet_74a.java	40	CWE36_Absolute_Path_Traversal__getCookies_Servlet_74b.java	34
/home/swlab/Documents/swvul/java-vuln-detection/slicing/output/CPG/cwe36_cpg/cwe36-331-cpg-resolved.bin	tc331_flow2	CWE36_Absolute_Path_Traversal__getCookies_Servlet_74a.java	62	CWE36_Absolute_Path_Traversal__getCookies_Servlet_74b.java	103
/home/swlab/Documents/swvul/java-vuln-detection/slicing/output/CPG/cwe36_cpg/cwe36-332-cpg-resolved.bin	tc332_flow1	CWE36_Absolute_Path_Traversal__getCookies_Servlet_75a.java	44	CWE36_Absolute_Path_Traversal__getCookies_Servlet_75b.java	44
/home/swlab/Documents/swvul/java-vuln-detection/slicing/output/CPG/cwe36_cpg/cwe36-332-cpg-resolved.bin	tc332_flow2	CWE36_Absolute_Path_Traversal__getCookies_Servlet_75a.java	104	CWE36_Absolute_Path_Traversal__getCookies_Servlet_75b.java	157
/home/swlab/Documents/swvul/java-vuln-detection/slicing/output/CPG/cwe36_cpg/cwe36-333-cpg-resolved.bin	tc333_flow1	CWE36_Absolute_Path_Traversal__getCookies_Servlet_81a.java	39	CWE36_Absolute_Path_Traversal__getCookies_Servlet_81_bad.java	32
/home/swlab/Documents/swvul/java-vuln-detection/slicing/output/CPG/cwe36_cpg/cwe36-333-cpg-resolved.bin	tc333_flow2	CWE36_Absolute_Path_Traversal__getCookies_Servlet_81a.java	58	CWE36_Absolute_Path_Traversal__getCookies_Servlet_81_goodG2B.java	32
/home/swlab/Documents/swvul/java-vuln-detection/slicing/output/CPG/cwe36_cpg/cwe36-334-cpg-resolved.bin	tc334_flow1	CWE36_Absolute_Path_Traversal__getParameter_Servlet_01.java	34	CWE36_Absolute_Path_Traversal__getParameter_Servlet_01.java	37
/home/swlab/Documents/swvul/java-vuln-detection/slicing/output/CPG/cwe36_cpg/cwe36-334-cpg-resolved.bin	tc334_flow2	CWE36_Absolute_Path_Traversal__getParameter_Servlet_01.java	111	CWE36_Absolute_Path_Traversal__getParameter_Servlet_01.java	114
/home/swlab/Documents/swvul/java-vuln-detection/slicing/output/CPG/cwe36_cpg/cwe36-335-cpg-resolved.bin	tc335_flow1	CWE36_Absolute_Path_Traversal__getParameter_Servlet_02.java	35	CWE36_Absolute_Path_Traversal__getParameter_Servlet_02.java	45
/home/swlab/Documents/swvul/java-vuln-detection/slicing/output/CPG/cwe36_cpg/cwe36-335-cpg-resolved.bin	tc335_flow2	CWE36_Absolute_Path_Traversal__getParameter_Servlet_02.java	122	CWE36_Absolute_Path_Traversal__getParameter_Servlet_02.java	127
/home/swlab/Documents/swvul/java-vuln-detection/slicing/output/CPG/cwe36_cpg/cwe36-335-cpg-resolved.bin	tc335_flow3	CWE36_Absolute_Path_Traversal__getParameter_Servlet_02.java	197	CWE36_Absolute_Path_Traversal__getParameter_Servlet_02.java	207
/home/swlab/Documents/swvul/java-vuln-detection/slicing/output/CPG/cwe36_cpg/cwe36-336-cpg-resolved.bin	tc336_flow1	CWE36_Absolute_Path_Traversal__getParameter_Servlet_03.java	35	CWE36_Absolute_Path_Traversal__getParameter_Servlet_03.java	45
/home/swlab/Documents/swvul/java-vuln-detection/slicing/output/CPG/cwe36_cpg/cwe36-336-cpg-resolved.bin	tc336_flow2	CWE36_Absolute_Path_Traversal__getParameter_Servlet_03.java	122	CWE36_Absolute_Path_Traversal__getParameter_Servlet_03.java	127
/home/swlab/Documents/swvul/java-vuln-detection/slicing/output/CPG/cwe36_cpg/cwe36-336-cpg-resolved.bin	tc336_flow3	CWE36_Absolute_Path_Traversal__getParameter_Servlet_03.java	197	CWE36_Absolute_Path_Traversal__getParameter_Servlet_03.java	207
/home/swlab/Documents/swvul/java-vuln-detection/slicing/output/CPG/cwe36_cpg/cwe36-337-cpg-resolved.bin	tc337_flow1	CWE36_Absolute_Path_Traversal__getParameter_Servlet_04.java	42	CWE36_Absolute_Path_Traversal__getParameter_Servlet_04.java	52
/home/swlab/Documents/swvul/java-vuln-detection/slicing/output/CPG/cwe36_cpg/cwe36-337-cpg-resolved.bin	tc337_flow2	CWE36_Absolute_Path_Traversal__getParameter_Servlet_04.java	129	CWE36_Absolute_Path_Traversal__getParameter_Servlet_04.java	134
/home/swlab/Documents/swvul/java-vuln-detection/slicing/output/CPG/cwe36_cpg/cwe36-337-cpg-resolved.bin	tc337_flow3	CWE36_Absolute_Path_Traversal__getParameter_Servlet_04.java	204	CWE36_Absolute_Path_Traversal__getParameter_Servlet_04.java	214
/home/swlab/Documents/swvul/java-vuln-detection/slicing/output/CPG/cwe36_cpg/cwe36-338-cpg-resolved.bin	tc338_flow1	CWE36_Absolute_Path_Traversal__getParameter_Servlet_05.java	42	CWE36_Absolute_Path_Traversal__getParameter_Servlet_05.java	52
/home/swlab/Documents/swvul/java-vuln-detection/slicing/output/CPG/cwe36_cpg/cwe36-338-cpg-resolved.bin	tc338_flow2	CWE36_Absolute_Path_Traversal__getParameter_Servlet_05.java	129	CWE36_Absolute_Path_Traversal__getParameter_Servlet_05.java	134
/home/swlab/Documents/swvul/java-vuln-detection/slicing/output/CPG/cwe36_cpg/cwe36-338-cpg-resolved.bin	tc338_flow3	CWE36_Absolute_Path_Traversal__getParameter_Servlet_05.java	204	CWE36_Absolute_Path_Traversal__getParameter_Servlet_05.java	214
/home/swlab/Documents/swvul/java-vuln-detection/slicing/output/CPG/cwe36_cpg/cwe36-339-cpg-resolved.bin	tc339_flow1	CWE36_Absolute_Path_Traversal__getParameter_Servlet_06.java	41	CWE36_Absolute_Path_Traversal__getParameter_Servlet_06.java	51
/home/swlab/Documents/swvul/java-vuln-detection/slicing/output/CPG/cwe36_cpg/cwe36-339-cpg-resolved.bin	tc339_flow2	CWE36_Absolute_Path_Traversal__getParameter_Servlet_06.java	128	CWE36_Absolute_Path_Traversal__getParameter_Servlet_06.java	133
/home/swlab/Documents/swvul/java-vuln-detection/slicing/output/CPG/cwe36_cpg/cwe36-339-cpg-resolved.bin	tc339_flow3	CWE36_Absolute_Path_Traversal__getParameter_Servlet_06.java	203	CWE36_Absolute_Path_Traversal__getParameter_Servlet_06.java	213
/home/swlab/Documents/swvul/java-vuln-detection/slicing/output/CPG/cwe36_cpg/cwe36-340-cpg-resolved.bin	tc340_flow1	CWE36_Absolute_Path_Traversal__getParameter_Servlet_07.java	41	CWE36_Absolute_Path_Traversal__getParameter_Servlet_07.java	51
/home/swlab/Documents/swvul/java-vuln-detection/slicing/output/CPG/cwe36_cpg/cwe36-340-cpg-resolved.bin	tc340_flow2	CWE36_Absolute_Path_Traversal__getParameter_Servlet_07.java	128	CWE36_Absolute_Path_Traversal__getParameter_Servlet_07.java	133
/home/swlab/Documents/swvul/java-vuln-detection/slicing/output/CPG/cwe36_cpg/cwe36-340-cpg-resolved.bin	tc340_flow3	CWE36_Absolute_Path_Traversal__getParameter_Servlet_07.java	203	CWE36_Absolute_Path_Traversal__getParameter_Servlet_07.java	213
/home/swlab/Documents/swvul/java-vuln-detection/slicing/output/CPG/cwe36_cpg/cwe36-341-cpg-resolved.bin	tc341_flow1	CWE36_Absolute_Path_Traversal__getParameter_Servlet_08.java	49	CWE36_Absolute_Path_Traversal__getParameter_Servlet_08.java	59
/home/swlab/Documents/swvul/java-vuln-detection/slicing/output/CPG/cwe36_cpg/cwe36-341-cpg-resolved.bin	tc341_flow2	CWE36_Absolute_Path_Traversal__getParameter_Servlet_08.java	136	CWE36_Absolute_Path_Traversal__getParameter_Servlet_08.java	141
/home/swlab/Documents/swvul/java-vuln-detection/slicing/output/CPG/cwe36_cpg/cwe36-341-cpg-resolved.bin	tc341_flow3	CWE36_Absolute_Path_Traversal__getParameter_Servlet_08.java	211	CWE36_Absolute_Path_Traversal__getParameter_Servlet_08.java	221
/home/swlab/Documents/swvul/java-vuln-detection/slicing/output/CPG/cwe36_cpg/cwe36-342-cpg-resolved.bin	tc342_flow1	CWE36_Absolute_Path_Traversal__getParameter_Servlet_09.java	35	CWE36_Absolute_Path_Traversal__getParameter_Servlet_09.java	45
/home/swlab/Documents/swvul/java-vuln-detection/slicing/output/CPG/cwe36_cpg/cwe36-342-cpg-resolved.bin	tc342_flow2	CWE36_Absolute_Path_Traversal__getParameter_Servlet_09.java	122	CWE36_Absolute_Path_Traversal__getParameter_Servlet_09.java	127
/home/swlab/Documents/swvul/java-vuln-detection/slicing/output/CPG/cwe36_cpg/cwe36-342-cpg-resolved.bin	tc342_flow3	CWE36_Absolute_Path_Traversal__getParameter_Servlet_09.java	197	CWE36_Absolute_Path_Traversal__getParameter_Servlet_09.java	207
/home/swlab/Documents/swvul/java-vuln-detection/slicing/output/CPG/cwe36_cpg/cwe36-343-cpg-resolved.bin	tc343_flow1	CWE36_Absolute_Path_Traversal__getParameter_Servlet_10.java	35	CWE36_Absolute_Path_Traversal__getParameter_Servlet_10.java	45
/home/swlab/Documents/swvul/java-vuln-detection/slicing/output/CPG/cwe36_cpg/cwe36-343-cpg-resolved.bin	tc343_flow2	CWE36_Absolute_Path_Traversal__getParameter_Servlet_10.java	122	CWE36_Absolute_Path_Traversal__getParameter_Servlet_10.java	127
/home/swlab/Documents/swvul/java-vuln-detection/slicing/output/CPG/cwe36_cpg/cwe36-343-cpg-resolved.bin	tc343_flow3	CWE36_Absolute_Path_Traversal__getParameter_Servlet_10.java	197	CWE36_Absolute_Path_Traversal__getParameter_Servlet_10.java	207
/home/swlab/Documents/swvul/java-vuln-detection/slicing/output/CPG/cwe36_cpg/cwe36-344-cpg-resolved.bin	tc344_flow1	CWE36_Absolute_Path_Traversal__getParameter_Servlet_11.java	35	CWE36_Absolute_Path_Traversal__getParameter_Servlet_11.java	45
/home/swlab/Documents/swvul/java-vuln-detection/slicing/output/CPG/cwe36_cpg/cwe36-344-cpg-resolved.bin	tc344_flow2	CWE36_Absolute_Path_Traversal__getParameter_Servlet_11.java	122	CWE36_Absolute_Path_Traversal__getParameter_Servlet_11.java	127
/home/swlab/Documents/swvul/java-vuln-detection/slicing/output/CPG/cwe36_cpg/cwe36-344-cpg-resolved.bin	tc344_flow3	CWE36_Absolute_Path_Traversal__getParameter_Servlet_11.java	197	CWE36_Absolute_Path_Traversal__getParameter_Servlet_11.java	207
/home/swlab/Documents/swvul/java-vuln-detection/slicing/output/CPG/cwe36_cpg/cwe36-345-cpg-resolved.bin	tc345_flow1	CWE36_Absolute_Path_Traversal__getParameter_Servlet_12.java	35	CWE36_Absolute_Path_Traversal__getParameter_Servlet_12.java	46
/home/swlab/Documents/swvul/java-vuln-detection/slicing/output/CPG/cwe36_cpg/cwe36-345-cpg-resolved.bin	tc345_flow2	CWE36_Absolute_Path_Traversal__getParameter_Servlet_12.java	117	CWE36_Absolute_Path_Traversal__getParameter_Servlet_12.java	128
/home/swlab/Documents/swvul/java-vuln-detection/slicing/output/CPG/cwe36_cpg/cwe36-346-cpg-resolved.bin	tc346_flow1	CWE36_Absolute_Path_Traversal__getParameter_Servlet_13.java	35	CWE36_Absolute_Path_Traversal__getParameter_Servlet_13.java	45
/home/swlab/Documents/swvul/java-vuln-detection/slicing/output/CPG/cwe36_cpg/cwe36-346-cpg-resolved.bin	tc346_flow2	CWE36_Absolute_Path_Traversal__getParameter_Servlet_13.java	122	CWE36_Absolute_Path_Traversal__getParameter_Servlet_13.java	127
/home/swlab/Documents/swvul/java-vuln-detection/slicing/output/CPG/cwe36_cpg/cwe36-346-cpg-resolved.bin	tc346_flow3	CWE36_Absolute_Path_Traversal__getParameter_Servlet_13.java	197	CWE36_Absolute_Path_Traversal__getParameter_Servlet_13.java	207
/home/swlab/Documents/swvul/java-vuln-detection/slicing/output/CPG/cwe36_cpg/cwe36-347-cpg-resolved.bin	tc347_flow1	CWE36_Absolute_Path_Traversal__getParameter_Servlet_14.java	35	CWE36_Absolute_Path_Traversal__getParameter_Servlet_14.java	45
/home/swlab/Documents/swvul/java-vuln-detection/slicing/output/CPG/cwe36_cpg/cwe36-347-cpg-resolved.bin	tc347_flow2	CWE36_Absolute_Path_Traversal__getParameter_Servlet_14.java	122	CWE36_Absolute_Path_Traversal__getParameter_Servlet_14.java	127
/home/swlab/Documents/swvul/java-vuln-detection/slicing/output/CPG/cwe36_cpg/cwe36-347-cpg-resolved.bin	tc347_flow3	CWE36_Absolute_Path_Traversal__getParameter_Servlet_14.java	197	CWE36_Absolute_Path_Traversal__getParameter_Servlet_14.java	207
/home/swlab/Documents/swvul/java-vuln-detection/slicing/output/CPG/cwe36_cpg/cwe36-348-cpg-resolved.bin	tc348_flow1	CWE36_Absolute_Path_Traversal__getParameter_Servlet_15.java	37	CWE36_Absolute_Path_Traversal__getParameter_Servlet_15.java	47
/home/swlab/Documents/swvul/java-vuln-detection/slicing/output/CPG/cwe36_cpg/cwe36-348-cpg-resolved.bin	tc348_flow2	CWE36_Absolute_Path_Traversal__getParameter_Servlet_15.java	124	CWE36_Absolute_Path_Traversal__getParameter_Servlet_15.java	129
/home/swlab/Documents/swvul/java-vuln-detection/slicing/output/CPG/cwe36_cpg/cwe36-348-cpg-resolved.bin	tc348_flow3	CWE36_Absolute_Path_Traversal__getParameter_Servlet_15.java	201	CWE36_Absolute_Path_Traversal__getParameter_Servlet_15.java	211
/home/swlab/Documents/swvul/java-vuln-detection/slicing/output/CPG/cwe36_cpg/cwe36-349-cpg-resolved.bin	tc349_flow1	CWE36_Absolute_Path_Traversal__getParameter_Servlet_16.java	36	CWE36_Absolute_Path_Traversal__getParameter_Servlet_16.java	41
/home/swlab/Documents/swvul/java-vuln-detection/slicing/output/CPG/cwe36_cpg/cwe36-349-cpg-resolved.bin	tc349_flow2	CWE36_Absolute_Path_Traversal__getParameter_Servlet_16.java	112	CWE36_Absolute_Path_Traversal__getParameter_Servlet_16.java	117
/home/swlab/Documents/swvul/java-vuln-detection/slicing/output/CPG/cwe36_cpg/cwe36-350-cpg-resolved.bin	tc350_flow1	CWE36_Absolute_Path_Traversal__getParameter_Servlet_17.java	34	CWE36_Absolute_Path_Traversal__getParameter_Servlet_17.java	39
/home/swlab/Documents/swvul/java-vuln-detection/slicing/output/CPG/cwe36_cpg/cwe36-350-cpg-resolved.bin	tc350_flow2	CWE36_Absolute_Path_Traversal__getParameter_Servlet_17.java	109	CWE36_Absolute_Path_Traversal__getParameter_Servlet_17.java	114
/home/swlab/Documents/swvul/java-vuln-detection/slicing/output/CPG/cwe36_cpg/cwe36-351-cpg-resolved.bin	tc351_flow1	CWE36_Absolute_Path_Traversal__getParameter_Servlet_21.java	110	CWE36_Absolute_Path_Traversal__getParameter_Servlet_21.java	40
/home/swlab/Documents/swvul/java-vuln-detection/slicing/output/CPG/cwe36_cpg/cwe36-351-cpg-resolved.bin	tc351_flow2	CWE36_Absolute_Path_Traversal__getParameter_Servlet_21.java	218	CWE36_Absolute_Path_Traversal__getParameter_Servlet_21.java	141
/home/swlab/Documents/swvul/java-vuln-detection/slicing/output/CPG/cwe36_cpg/cwe36-351-cpg-resolved.bin	tc351_flow3	CWE36_Absolute_Path_Traversal__getParameter_Servlet_21.java	304	CWE36_Absolute_Path_Traversal__getParameter_Servlet_21.java	234
/home/swlab/Documents/swvul/java-vuln-detection/slicing/output/CPG/cwe36_cpg/cwe36-352-cpg-resolved.bin	tc352_flow1	CWE36_Absolute_Path_Traversal__getParameter_Servlet_22b.java	34	CWE36_Absolute_Path_Traversal__getParameter_Servlet_22a.java	40
/home/swlab/Documents/swvul/java-vuln-detection/slicing/output/CPG/cwe36_cpg/cwe36-352-cpg-resolved.bin	tc352_flow2	CWE36_Absolute_Path_Traversal__getParameter_Servlet_22b.java	60	CWE36_Absolute_Path_Traversal__getParameter_Servlet_22a.java	123
/home/swlab/Documents/swvul/java-vuln-detection/slicing/output/CPG/cwe36_cpg/cwe36-352-cpg-resolved.bin	tc352_flow3	CWE36_Absolute_Path_Traversal__getParameter_Servlet_22b.java	75	CWE36_Absolute_Path_Traversal__getParameter_Servlet_22a.java	195
/home/swlab/Documents/swvul/java-vuln-detection/slicing/output/CPG/cwe36_cpg/cwe36-353-cpg-resolved.bin	tc353_flow1	CWE36_Absolute_Path_Traversal__getParameter_Servlet_31.java	37	CWE36_Absolute_Path_Traversal__getParameter_Servlet_31.java	45
/home/swlab/Documents/swvul/java-vuln-detection/slicing/output/CPG/cwe36_cpg/cwe36-353-cpg-resolved.bin	tc353_flow2	CWE36_Absolute_Path_Traversal__getParameter_Servlet_31.java	122	CWE36_Absolute_Path_Traversal__getParameter_Servlet_31.java	130
/home/swlab/Documents/swvul/java-vuln-detection/slicing/output/CPG/cwe36_cpg/cwe36-354-cpg-resolved.bin	tc354_flow1	CWE36_Absolute_Path_Traversal__getParameter_Servlet_41.java	100	CWE36_Absolute_Path_Traversal__getParameter_Servlet_41.java	32
/home/swlab/Documents/swvul/java-vuln-detection/slicing/output/CPG/cwe36_cpg/cwe36-354-cpg-resolved.bin	tc354_flow2	CWE36_Absolute_Path_Traversal__getParameter_Servlet_41.java	183	CWE36_Absolute_Path_Traversal__getParameter_Servlet_41.java	114
/home/swlab/Documents/swvul/java-vuln-detection/slicing/output/CPG/cwe36_cpg/cwe36-355-cpg-resolved.bin	tc355_flow1	CWE36_Absolute_Path_Traversal__getParameter_Servlet_42.java	33	CWE36_Absolute_Path_Traversal__getParameter_Servlet_42.java	44
/home/swlab/Documents/swvul/java-vuln-detection/slicing/output/CPG/cwe36_cpg/cwe36-355-cpg-resolved.bin	tc355_flow2	CWE36_Absolute_Path_Traversal__getParameter_Servlet_42.java	112	CWE36_Absolute_Path_Traversal__getParameter_Servlet_42.java	123
/home/swlab/Documents/swvul/java-vuln-detection/slicing/output/CPG/cwe36_cpg/cwe36-356-cpg-resolved.bin	tc356_flow1	CWE36_Absolute_Path_Traversal__getParameter_Servlet_45.java	106	CWE36_Absolute_Path_Traversal__getParameter_Servlet_45.java	37
/home/swlab/Documents/swvul/java-vuln-detection/slicing/output/CPG/cwe36_cpg/cwe36-356-cpg-resolved.bin	tc356_flow2	CWE36_Absolute_Path_Traversal__getParameter_Servlet_45.java	191	CWE36_Absolute_Path_Traversal__getParameter_Servlet_45.java	122
/home/swlab/Documents/swvul/java-vuln-detection/slicing/output/CPG/cwe36_cpg/cwe36-357-cpg-resolved.bin	tc357_flow1	CWE36_Absolute_Path_Traversal__getParameter_Servlet_51a.java	31	CWE36_Absolute_Path_Traversal__getParameter_Servlet_51b.java	31
/home/swlab/Documents/swvul/java-vuln-detection/slicing/output/CPG/cwe36_cpg/cwe36-357-cpg-resolved.bin	tc357_flow2	CWE36_Absolute_Path_Traversal__getParameter_Servlet_51a.java	47	CWE36_Absolute_Path_Traversal__getParameter_Servlet_51b.java	99
/home/swlab/Documents/swvul/java-vuln-detection/slicing/output/CPG/cwe36_cpg/cwe36-358-cpg-resolved.bin	tc358_flow1	CWE36_Absolute_Path_Traversal__getParameter_Servlet_52a.java	32	CWE36_Absolute_Path_Traversal__getParameter_Servlet_52c.java	32
/home/swlab/Documents/swvul/java-vuln-detection/slicing/output/CPG/cwe36_cpg/cwe36-358-cpg-resolved.bin	tc358_flow2	CWE36_Absolute_Path_Traversal__getParameter_Servlet_52a.java	48	CWE36_Absolute_Path_Traversal__getParameter_Servlet_52c.java	100
/home/swlab/Documents/swvul/java-vuln-detection/slicing/output/CPG/cwe36_cpg/cwe36-359-cpg-resolved.bin	tc359_flow1	CWE36_Absolute_Path_Traversal__getParameter_Servlet_53a.java	32	CWE36_Absolute_Path_Traversal__getParameter_Servlet_53d.java	32
/home/swlab/Documents/swvul/java-vuln-detection/slicing/output/CPG/cwe36_cpg/cwe36-359-cpg-resolved.bin	tc359_flow2	CWE36_Absolute_Path_Traversal__getParameter_Servlet_53a.java	48	CWE36_Absolute_Path_Traversal__getParameter_Servlet_53d.java	100
/home/swlab/Documents/swvul/java-vuln-detection/slicing/output/CPG/cwe36_cpg/cwe36-360-cpg-resolved.bin	tc360_flow1	CWE36_Absolute_Path_Traversal__getParameter_Servlet_54a.java	32	CWE36_Absolute_Path_Traversal__getParameter_Servlet_54e.java	32
/home/swlab/Documents/swvul/java-vuln-detection/slicing/output/CPG/cwe36_cpg/cwe36-360-cpg-resolved.bin	tc360_flow2	CWE36_Absolute_Path_Traversal__getParameter_Servlet_54a.java	48	CWE36_Absolute_Path_Traversal__getParameter_Servlet_54e.java	100
/home/swlab/Documents/swvul/java-vuln-detection/slicing/output/CPG/cwe36_cpg/cwe36-361-cpg-resolved.bin	tc361_flow1	CWE36_Absolute_Path_Traversal__getParameter_Servlet_61b.java	32	CWE36_Absolute_Path_Traversal__getParameter_Servlet_61a.java	33
/home/swlab/Documents/swvul/java-vuln-detection/slicing/output/CPG/cwe36_cpg/cwe36-361-cpg-resolved.bin	tc361_flow2	CWE36_Absolute_Path_Traversal__getParameter_Servlet_61b.java	43	CWE36_Absolute_Path_Traversal__getParameter_Servlet_61a.java	107
/home/swlab/Documents/swvul/java-vuln-detection/slicing/output/CPG/cwe36_cpg/cwe36-362-cpg-resolved.bin	tc362_flow1	CWE36_Absolute_Path_Traversal__getParameter_Servlet_66a.java	32	CWE36_Absolute_Path_Traversal__getParameter_Servlet_66b.java	33
/home/swlab/Documents/swvul/java-vuln-detection/slicing/output/CPG/cwe36_cpg/cwe36-362-cpg-resolved.bin	tc362_flow2	CWE36_Absolute_Path_Traversal__getParameter_Servlet_66a.java	50	CWE36_Absolute_Path_Traversal__getParameter_Servlet_66b.java	102
/home/swlab/Documents/swvul/java-vuln-detection/slicing/output/CPG/cwe36_cpg/cwe36-363-cpg-resolved.bin	tc363_flow1	CWE36_Absolute_Path_Traversal__getParameter_Servlet_67a.java	37	CWE36_Absolute_Path_Traversal__getParameter_Servlet_67b.java	33
/home/swlab/Documents/swvul/java-vuln-detection/slicing/output/CPG/cwe36_cpg/cwe36-363-cpg-resolved.bin	tc363_flow2	CWE36_Absolute_Path_Traversal__getParameter_Servlet_67a.java	55	CWE36_Absolute_Path_Traversal__getParameter_Servlet_67b.java	102
/home/swlab/Documents/swvul/java-vuln-detection/slicing/output/CPG/cwe36_cpg/cwe36-364-cpg-resolved.bin	tc364_flow1	CWE36_Absolute_Path_Traversal__getParameter_Servlet_68a.java	32	CWE36_Absolute_Path_Traversal__getParameter_Servlet_68b.java	32
/home/swlab/Documents/swvul/java-vuln-detection/slicing/output/CPG/cwe36_cpg/cwe36-364-cpg-resolved.bin	tc364_flow2	CWE36_Absolute_Path_Traversal__getParameter_Servlet_68a.java	47	CWE36_Absolute_Path_Traversal__getParameter_Servlet_68b.java	101
/home/swlab/Documents/swvul/java-vuln-detection/slicing/output/CPG/cwe36_cpg/cwe36-365-cpg-resolved.bin	tc365_flow1	CWE36_Absolute_Path_Traversal__getParameter_Servlet_71a.java	32	CWE36_Absolute_Path_Traversal__getParameter_Servlet_71b.java	33
/home/swlab/Documents/swvul/java-vuln-detection/slicing/output/CPG/cwe36_cpg/cwe36-365-cpg-resolved.bin	tc365_flow2	CWE36_Absolute_Path_Traversal__getParameter_Servlet_71a.java	48	CWE36_Absolute_Path_Traversal__getParameter_Servlet_71b.java	102
/home/swlab/Documents/swvul/java-vuln-detection/slicing/output/CPG/cwe36_cpg/cwe36-366-cpg-resolved.bin	tc366_flow1	CWE36_Absolute_Path_Traversal__getParameter_Servlet_72a.java	33	CWE36_Absolute_Path_Traversal__getParameter_Servlet_72b.java	34
/home/swlab/Documents/swvul/java-vuln-detection/slicing/output/CPG/cwe36_cpg/cwe36-366-cpg-resolved.bin	tc366_flow2	CWE36_Absolute_Path_Traversal__getParameter_Servlet_72a.java	53	CWE36_Absolute_Path_Traversal__getParameter_Servlet_72b.java	103
/home/swlab/Documents/swvul/java-vuln-detection/slicing/output/CPG/cwe36_cpg/cwe36-367-cpg-resolved.bin	tc367_flow1	CWE36_Absolute_Path_Traversal__getParameter_Servlet_73a.java	33	CWE36_Absolute_Path_Traversal__getParameter_Servlet_73b.java	34
/home/swlab/Documents/swvul/java-vuln-detection/slicing/output/CPG/cwe36_cpg/cwe36-367-cpg-resolved.bin	tc367_flow2	CWE36_Absolute_Path_Traversal__getParameter_Servlet_73a.java	53	CWE36_Absolute_Path_Traversal__getParameter_Servlet_73b.java	103
/home/swlab/Documents/swvul/java-vuln-detection/slicing/output/CPG/cwe36_cpg/cwe36-368-cpg-resolved.bin	tc368_flow1	CWE36_Absolute_Path_Traversal__getParameter_Servlet_74a.java	33	CWE36_Absolute_Path_Traversal__getParameter_Servlet_74b.java	34
/home/swlab/Documents/swvul/java-vuln-detection/slicing/output/CPG/cwe36_cpg/cwe36-368-cpg-resolved.bin	tc368_flow2	CWE36_Absolute_Path_Traversal__getParameter_Servlet_74a.java	53	CWE36_Absolute_Path_Traversal__getParameter_Servlet_74b.java	103
/home/swlab/Documents/swvul/java-vuln-detection/slicing/output/CPG/cwe36_cpg/cwe36-369-cpg-resolved.bin	tc369_flow1	CWE36_Absolute_Path_Traversal__getParameter_Servlet_75a.java	37	CWE36_Absolute_Path_Traversal__getParameter_Servlet_75b.java	44
/home/swlab/Documents/swvul/java-vuln-detection/slicing/output/CPG/cwe36_cpg/cwe36-369-cpg-resolved.bin	tc369_flow2	CWE36_Absolute_Path_Traversal__getParameter_Servlet_75a.java	95	CWE36_Absolute_Path_Traversal__getParameter_Servlet_75b.java	157
/home/swlab/Documents/swvul/java-vuln-detection/slicing/output/CPG/cwe36_cpg/cwe36-370-cpg-resolved.bin	tc370_flow1	CWE36_Absolute_Path_Traversal__getParameter_Servlet_81a.java	32	CWE36_Absolute_Path_Traversal__getParameter_Servlet_81_bad.java	32
/home/swlab/Documents/swvul/java-vuln-detection/slicing/output/CPG/cwe36_cpg/cwe36-370-cpg-resolved.bin	tc370_flow2	CWE36_Absolute_Path_Traversal__getParameter_Servlet_81a.java	49	CWE36_Absolute_Path_Traversal__getParameter_Servlet_81_goodG2B.java	32
/home/swlab/Documents/swvul/java-vuln-detection/slicing/output/CPG/cwe36_cpg/cwe36-371-cpg-resolved.bin	tc371_flow1	CWE36_Absolute_Path_Traversal__getQueryString_Servlet_01.java	37	CWE36_Absolute_Path_Traversal__getQueryString_Servlet_01.java	51
/home/swlab/Documents/swvul/java-vuln-detection/slicing/output/CPG/cwe36_cpg/cwe36-371-cpg-resolved.bin	tc371_flow2	CWE36_Absolute_Path_Traversal__getQueryString_Servlet_01.java	125	CWE36_Absolute_Path_Traversal__getQueryString_Servlet_01.java	128
/home/swlab/Documents/swvul/java-vuln-detection/slicing/output/CPG/cwe36_cpg/cwe36-372-cpg-resolved.bin	tc372_flow1	CWE36_Absolute_Path_Traversal__getQueryString_Servlet_02.java	37	CWE36_Absolute_Path_Traversal__getQueryString_Servlet_02.java	58
/home/swlab/Documents/swvul/java-vuln-detection/slicing/output/CPG/cwe36_cpg/cwe36-372-cpg-resolved.bin	tc372_flow2	CWE36_Absolute_Path_Traversal__getQueryString_Servlet_02.java	135	CWE36_Absolute_Path_Traversal__getQueryString_Servlet_02.java	140
/home/swlab/Documents/swvul/java-vuln-detection/slicing/output/CPG/cwe36_cpg/cwe36-372-cpg-resolved.bin	tc372_flow3	CWE36_Absolute_Path_Traversal__getQueryString_Servlet_02.java	210	CWE36_Absolute_Path_Traversal__getQueryString_Servlet_02.java	220
/home/swlab/Documents/swvul/java-vuln-detection/slicing/output/CPG/cwe36_cpg/cwe36-373-cpg-resolved.bin	tc373_flow1	CWE36_Absolute_Path_Traversal__getQueryString_Servlet_03.java	37	CWE36_Absolute_Path_Traversal__getQueryString_Servlet_03.java	58
/home/swlab/Documents/swvul/java-vuln-detection/slicing/output/CPG/cwe36_cpg/cwe36-373-cpg-resolved.bin	tc373_flow2	CWE36_Absolute_Path_Traversal__getQueryString_Servlet_03.java	135	CWE36_Absolute_Path_Traversal__getQueryString_Servlet_03.java	140
/home/swlab/Documents/swvul/java-vuln-detection/slicing/output/CPG/cwe36_cpg/cwe36-373-cpg-resolved.bin	tc373_flow3	CWE36_Absolute_Path_Traversal__getQueryString_Servlet_03.java	210	CWE36_Absolute_Path_Traversal__getQueryString_Servlet_03.java	220
/home/swlab/Documents/swvul/java-vuln-detection/slicing/output/CPG/cwe36_cpg/cwe36-374-cpg-resolved.bin	tc374_flow1	CWE36_Absolute_Path_Traversal__getQueryString_Servlet_04.java	44	CWE36_Absolute_Path_Traversal__getQueryString_Servlet_04.java	65
/home/swlab/Documents/swvul/java-vuln-detection/slicing/output/CPG/cwe36_cpg/cwe36-374-cpg-resolved.bin	tc374_flow2	CWE36_Absolute_Path_Traversal__getQueryString_Servlet_04.java	142	CWE36_Absolute_Path_Traversal__getQueryString_Servlet_04.java	147
/home/swlab/Documents/swvul/java-vuln-detection/slicing/output/CPG/cwe36_cpg/cwe36-374-cpg-resolved.bin	tc374_flow3	CWE36_Absolute_Path_Traversal__getQueryString_Servlet_04.java	217	CWE36_Absolute_Path_Traversal__getQueryString_Servlet_04.java	227
/home/swlab/Documents/swvul/java-vuln-detection/slicing/output/CPG/cwe36_cpg/cwe36-375-cpg-resolved.bin	tc375_flow1	CWE36_Absolute_Path_Traversal__getQueryString_Servlet_05.java	44	CWE36_Absolute_Path_Traversal__getQueryString_Servlet_05.java	65
/home/swlab/Documents/swvul/java-vuln-detection/slicing/output/CPG/cwe36_cpg/cwe36-375-cpg-resolved.bin	tc375_flow2	CWE36_Absolute_Path_Traversal__getQueryString_Servlet_05.java	142	CWE36_Absolute_Path_Traversal__getQueryString_Servlet_05.java	147
/home/swlab/Documents/swvul/java-vuln-detection/slicing/output/CPG/cwe36_cpg/cwe36-375-cpg-resolved.bin	tc375_flow3	CWE36_Absolute_Path_Traversal__getQueryString_Servlet_05.java	217	CWE36_Absolute_Path_Traversal__getQueryString_Servlet_05.java	227
/home/swlab/Documents/swvul/java-vuln-detection/slicing/output/CPG/cwe36_cpg/cwe36-376-cpg-resolved.bin	tc376_flow1	CWE36_Absolute_Path_Traversal__getQueryString_Servlet_06.java	43	CWE36_Absolute_Path_Traversal__getQueryString_Servlet_06.java	64
/home/swlab/Documents/swvul/java-vuln-detection/slicing/output/CPG/cwe36_cpg/cwe36-376-cpg-resolved.bin	tc376_flow2	CWE36_Absolute_Path_Traversal__getQueryString_Servlet_06.java	141	CWE36_Absolute_Path_Traversal__getQueryString_Servlet_06.java	146
/home/swlab/Documents/swvul/java-vuln-detection/slicing/output/CPG/cwe36_cpg/cwe36-376-cpg-resolved.bin	tc376_flow3	CWE36_Absolute_Path_Traversal__getQueryString_Servlet_06.java	216	CWE36_Absolute_Path_Traversal__getQueryString_Servlet_06.java	226
/home/swlab/Documents/swvul/java-vuln-detection/slicing/output/CPG/cwe36_cpg/cwe36-377-cpg-resolved.bin	tc377_flow1	CWE36_Absolute_Path_Traversal__getQueryString_Servlet_07.java	43	CWE36_Absolute_Path_Traversal__getQueryString_Servlet_07.java	64
/home/swlab/Documents/swvul/java-vuln-detection/slicing/output/CPG/cwe36_cpg/cwe36-377-cpg-resolved.bin	tc377_flow2	CWE36_Absolute_Path_Traversal__getQueryString_Servlet_07.java	141	CWE36_Absolute_Path_Traversal__getQueryString_Servlet_07.java	146
/home/swlab/Documents/swvul/java-vuln-detection/slicing/output/CPG/cwe36_cpg/cwe36-377-cpg-resolved.bin	tc377_flow3	CWE36_Absolute_Path_Traversal__getQueryString_Servlet_07.java	216	CWE36_Absolute_Path_Traversal__getQueryString_Servlet_07.java	226
/home/swlab/Documents/swvul/java-vuln-detection/slicing/output/CPG/cwe36_cpg/cwe36-378-cpg-resolved.bin	tc378_flow1	CWE36_Absolute_Path_Traversal__getQueryString_Servlet_08.java	51	CWE36_Absolute_Path_Traversal__getQueryString_Servlet_08.java	72
/home/swlab/Documents/swvul/java-vuln-detection/slicing/output/CPG/cwe36_cpg/cwe36-378-cpg-resolved.bin	tc378_flow2	CWE36_Absolute_Path_Traversal__getQueryString_Servlet_08.java	149	CWE36_Absolute_Path_Traversal__getQueryString_Servlet_08.java	154
/home/swlab/Documents/swvul/java-vuln-detection/slicing/output/CPG/cwe36_cpg/cwe36-378-cpg-resolved.bin	tc378_flow3	CWE36_Absolute_Path_Traversal__getQueryString_Servlet_08.java	224	CWE36_Absolute_Path_Traversal__getQueryString_Servlet_08.java	234
/home/swlab/Documents/swvul/java-vuln-detection/slicing/output/CPG/cwe36_cpg/cwe36-379-cpg-resolved.bin	tc379_flow1	CWE36_Absolute_Path_Traversal__getQueryString_Servlet_09.java	37	CWE36_Absolute_Path_Traversal__getQueryString_Servlet_09.java	58
/home/swlab/Documents/swvul/java-vuln-detection/slicing/output/CPG/cwe36_cpg/cwe36-379-cpg-resolved.bin	tc379_flow2	CWE36_Absolute_Path_Traversal__getQueryString_Servlet_09.java	135	CWE36_Absolute_Path_Traversal__getQueryString_Servlet_09.java	140
/home/swlab/Documents/swvul/java-vuln-detection/slicing/output/CPG/cwe36_cpg/cwe36-379-cpg-resolved.bin	tc379_flow3	CWE36_Absolute_Path_Traversal__getQueryString_Servlet_09.java	210	CWE36_Absolute_Path_Traversal__getQueryString_Servlet_09.java	220
/home/swlab/Documents/swvul/java-vuln-detection/slicing/output/CPG/cwe36_cpg/cwe36-380-cpg-resolved.bin	tc380_flow1	CWE36_Absolute_Path_Traversal__getQueryString_Servlet_10.java	37	CWE36_Absolute_Path_Traversal__getQueryString_Servlet_10.java	58
/home/swlab/Documents/swvul/java-vuln-detection/slicing/output/CPG/cwe36_cpg/cwe36-380-cpg-resolved.bin	tc380_flow2	CWE36_Absolute_Path_Traversal__getQueryString_Servlet_10.java	135	CWE36_Absolute_Path_Traversal__getQueryString_Servlet_10.java	140
/home/swlab/Documents/swvul/java-vuln-detection/slicing/output/CPG/cwe36_cpg/cwe36-380-cpg-resolved.bin	tc380_flow3	CWE36_Absolute_Path_Traversal__getQueryString_Servlet_10.java	210	CWE36_Absolute_Path_Traversal__getQueryString_Servlet_10.java	220
/home/swlab/Documents/swvul/java-vuln-detection/slicing/output/CPG/cwe36_cpg/cwe36-381-cpg-resolved.bin	tc381_flow1	CWE36_Absolute_Path_Traversal__getQueryString_Servlet_11.java	37	CWE36_Absolute_Path_Traversal__getQueryString_Servlet_11.java	58
/home/swlab/Documents/swvul/java-vuln-detection/slicing/output/CPG/cwe36_cpg/cwe36-381-cpg-resolved.bin	tc381_flow2	CWE36_Absolute_Path_Traversal__getQueryString_Servlet_11.java	135	CWE36_Absolute_Path_Traversal__getQueryString_Servlet_11.java	140
/home/swlab/Documents/swvul/java-vuln-detection/slicing/output/CPG/cwe36_cpg/cwe36-381-cpg-resolved.bin	tc381_flow3	CWE36_Absolute_Path_Traversal__getQueryString_Servlet_11.java	210	CWE36_Absolute_Path_Traversal__getQueryString_Servlet_11.java	220
/home/swlab/Documents/swvul/java-vuln-detection/slicing/output/CPG/cwe36_cpg/cwe36-382-cpg-resolved.bin	tc382_flow1	CWE36_Absolute_Path_Traversal__getQueryString_Servlet_12.java	37	CWE36_Absolute_Path_Traversal__getQueryString_Servlet_12.java	59
/home/swlab/Documents/swvul/java-vuln-detection/slicing/output/CPG/cwe36_cpg/cwe36-382-cpg-resolved.bin	tc382_flow2	CWE36_Absolute_Path_Traversal__getQueryString_Servlet_12.java	130	CWE36_Absolute_Path_Traversal__getQueryString_Servlet_12.java	141
/home/swlab/Documents/swvul/java-vuln-detection/slicing/output/CPG/cwe36_cpg/cwe36-383-cpg-resolved.bin	tc383_flow1	CWE36_Absolute_Path_Traversal__getQueryString_Servlet_13.java	37	CWE36_Absolute_Path_Traversal__getQueryString_Servlet_13.java	58
/home/swlab/Documents/swvul/java-vuln-detection/slicing/output/CPG/cwe36_cpg/cwe36-383-cpg-resolved.bin	tc383_flow2	CWE36_Absolute_Path_Traversal__getQueryString_Servlet_13.java	135	CWE36_Absolute_Path_Traversal__getQueryString_Servlet_13.java	140
/home/swlab/Documents/swvul/java-vuln-detection/slicing/output/CPG/cwe36_cpg/cwe36-383-cpg-resolved.bin	tc383_flow3	CWE36_Absolute_Path_Traversal__getQueryString_Servlet_13.java	210	CWE36_Absolute_Path_Traversal__getQueryString_Servlet_13.java	220
/home/swlab/Documents/swvul/java-vuln-detection/slicing/output/CPG/cwe36_cpg/cwe36-384-cpg-resolved.bin	tc384_flow1	CWE36_Absolute_Path_Traversal__getQueryString_Servlet_14.java	37	CWE36_Absolute_Path_Traversal__getQueryString_Servlet_14.java	58
/home/swlab/Documents/swvul/java-vuln-detection/slicing/output/CPG/cwe36_cpg/cwe36-384-cpg-resolved.bin	tc384_flow2	CWE36_Absolute_Path_Traversal__getQueryString_Servlet_14.java	135	CWE36_Absolute_Path_Traversal__getQueryString_Servlet_14.java	140
/home/swlab/Documents/swvul/java-vuln-detection/slicing/output/CPG/cwe36_cpg/cwe36-384-cpg-resolved.bin	tc384_flow3	CWE36_Absolute_Path_Traversal__getQueryString_Servlet_14.java	210	CWE36_Absolute_Path_Traversal__getQueryString_Servlet_14.java	220
/home/swlab/Documents/swvul/java-vuln-detection/slicing/output/CPG/cwe36_cpg/cwe36-385-cpg-resolved.bin	tc385_flow1	CWE36_Absolute_Path_Traversal__getQueryString_Servlet_15.java	39	CWE36_Absolute_Path_Traversal__getQueryString_Servlet_15.java	60
/home/swlab/Documents/swvul/java-vuln-detection/slicing/output/CPG/cwe36_cpg/cwe36-385-cpg-resolved.bin	tc385_flow2	CWE36_Absolute_Path_Traversal__getQueryString_Servlet_15.java	137	CWE36_Absolute_Path_Traversal__getQueryString_Servlet_15.java	142
/home/swlab/Documents/swvul/java-vuln-detection/slicing/output/CPG/cwe36_cpg/cwe36-385-cpg-resolved.bin	tc385_flow3	CWE36_Absolute_Path_Traversal__getQueryString_Servlet_15.java	214	CWE36_Absolute_Path_Traversal__getQueryString_Servlet_15.java	224
/home/swlab/Documents/swvul/java-vuln-detection/slicing/output/CPG/cwe36_cpg/cwe36-386-cpg-resolved.bin	tc386_flow1	CWE36_Absolute_Path_Traversal__getQueryString_Servlet_16.java	38	CWE36_Absolute_Path_Traversal__getQueryString_Servlet_16.java	54
/home/swlab/Documents/swvul/java-vuln-detection/slicing/output/CPG/cwe36_cpg/cwe36-386-cpg-resolved.bin	tc386_flow2	CWE36_Absolute_Path_Traversal__getQueryString_Servlet_16.java	125	CWE36_Absolute_Path_Traversal__getQueryString_Servlet_16.java	130
/home/swlab/Documents/swvul/java-vuln-detection/slicing/output/CPG/cwe36_cpg/cwe36-387-cpg-resolved.bin	tc387_flow1	CWE36_Absolute_Path_Traversal__getQueryString_Servlet_17.java	37	CWE36_Absolute_Path_Traversal__getQueryString_Servlet_17.java	53
/home/swlab/Documents/swvul/java-vuln-detection/slicing/output/CPG/cwe36_cpg/cwe36-387-cpg-resolved.bin	tc387_flow2	CWE36_Absolute_Path_Traversal__getQueryString_Servlet_17.java	123	CWE36_Absolute_Path_Traversal__getQueryString_Servlet_17.java	128
/home/swlab/Documents/swvul/java-vuln-detection/slicing/output/CPG/cwe36_cpg/cwe36-388-cpg-resolved.bin	tc388_flow1	CWE36_Absolute_Path_Traversal__getQueryString_Servlet_21.java	112	CWE36_Absolute_Path_Traversal__getQueryString_Servlet_21.java	41
/home/swlab/Documents/swvul/java-vuln-detection/slicing/output/CPG/cwe36_cpg/cwe36-388-cpg-resolved.bin	tc388_flow2	CWE36_Absolute_Path_Traversal__getQueryString_Servlet_21.java	231	CWE36_Absolute_Path_Traversal__getQueryString_Servlet_21.java	154
/home/swlab/Documents/swvul/java-vuln-detection/slicing/output/CPG/cwe36_cpg/cwe36-388-cpg-resolved.bin	tc388_flow3	CWE36_Absolute_Path_Traversal__getQueryString_Servlet_21.java	317	CWE36_Absolute_Path_Traversal__getQueryString_Servlet_21.java	247
/home/swlab/Documents/swvul/java-vuln-detection/slicing/output/CPG/cwe36_cpg/cwe36-389-cpg-resolved.bin	tc389_flow1	CWE36_Absolute_Path_Traversal__getQueryString_Servlet_22b.java	36	CWE36_Absolute_Path_Traversal__getQueryString_Servlet_22a.java	40
/home/swlab/Documents/swvul/java-vuln-detection/slicing/output/CPG/cwe36_cpg/cwe36-389-cpg-resolved.bin	tc389_flow2	CWE36_Absolute_Path_Traversal__getQueryString_Servlet_22b.java	73	CWE36_Absolute_Path_Traversal__getQueryString_Servlet_22a.java	123
/home/swlab/Documents/swvul/java-vuln-detection/slicing/output/CPG/cwe36_cpg/cwe36-389-cpg-resolved.bin	tc389_flow3	CWE36_Absolute_Path_Traversal__getQueryString_Servlet_22b.java	88	CWE36_Absolute_Path_Traversal__getQueryString_Servlet_22a.java	195
/home/swlab/Documents/swvul/java-vuln-detection/slicing/output/CPG/cwe36_cpg/cwe36-390-cpg-resolved.bin	tc390_flow1	CWE36_Absolute_Path_Traversal__getQueryString_Servlet_31.java	40	CWE36_Absolute_Path_Traversal__getQueryString_Servlet_31.java	59
/home/swlab/Documents/swvul/java-vuln-detection/slicing/output/CPG/cwe36_cpg/cwe36-390-cpg-resolved.bin	tc390_flow2	CWE36_Absolute_Path_Traversal__getQueryString_Servlet_31.java	136	CWE36_Absolute_Path_Traversal__getQueryString_Servlet_31.java	144
/home/swlab/Documents/swvul/java-vuln-detection/slicing/output/CPG/cwe36_cpg/cwe36-391-cpg-resolved.bin	tc391_flow1	CWE36_Absolute_Path_Traversal__getQueryString_Servlet_41.java	103	CWE36_Absolute_Path_Traversal__getQueryString_Servlet_41.java	33
/home/swlab/Documents/swvul/java-vuln-detection/slicing/output/CPG/cwe36_cpg/cwe36-391-cpg-resolved.bin	tc391_flow2	CWE36_Absolute_Path_Traversal__getQueryString_Servlet_41.java	197	CWE36_Absolute_Path_Traversal__getQueryString_Servlet_41.java	128
/home/swlab/Documents/swvul/java-vuln-detection/slicing/output/CPG/cwe36_cpg/cwe36-392-cpg-resolved.bin	tc392_flow1	CWE36_Absolute_Path_Traversal__getQueryString_Servlet_42.java	36	CWE36_Absolute_Path_Traversal__getQueryString_Servlet_42.java	58
/home/swlab/Documents/swvul/java-vuln-detection/slicing/output/CPG/cwe36_cpg/cwe36-392-cpg-resolved.bin	tc392_flow2	CWE36_Absolute_Path_Traversal__getQueryString_Servlet_42.java	126	CWE36_Absolute_Path_Traversal__getQueryString_Servlet_42.java	137
/home/swlab/Documents/swvul/java-vuln-detection/slicing/output/CPG/cwe36_cpg/cwe36-393-cpg-resolved.bin	tc393_flow1	CWE36_Absolute_Path_Traversal__getQueryString_Servlet_45.java	109	CWE36_Absolute_Path_Traversal__getQueryString_Servlet_45.java	38
/home/swlab/Documents/swvul/java-vuln-detection/slicing/output/CPG/cwe36_cpg/cwe36-393-cpg-resolved.bin	tc393_flow2	CWE36_Absolute_Path_Traversal__getQueryString_Servlet_45.java	205	CWE36_Absolute_Path_Traversal__getQueryString_Servlet_45.java	136
/home/swlab/Documents/swvul/java-vuln-detection/slicing/output/CPG/cwe36_cpg/cwe36-394-cpg-resolved.bin	tc394_flow1	CWE36_Absolute_Path_Traversal__getQueryString_Servlet_51a.java	34	CWE36_Absolute_Path_Traversal__getQueryString_Servlet_51b.java	31
/home/swlab/Documents/swvul/java-vuln-detection/slicing/output/CPG/cwe36_cpg/cwe36-394-cpg-resolved.bin	tc394_flow2	CWE36_Absolute_Path_Traversal__getQueryString_Servlet_51a.java	61	CWE36_Absolute_Path_Traversal__getQueryString_Servlet_51b.java	99
/home/swlab/Documents/swvul/java-vuln-detection/slicing/output/CPG/cwe36_cpg/cwe36-395-cpg-resolved.bin	tc395_flow1	CWE36_Absolute_Path_Traversal__getQueryString_Servlet_52a.java	35	CWE36_Absolute_Path_Traversal__getQueryString_Servlet_52c.java	32
/home/swlab/Documents/swvul/java-vuln-detection/slicing/output/CPG/cwe36_cpg/cwe36-395-cpg-resolved.bin	tc395_flow2	CWE36_Absolute_Path_Traversal__getQueryString_Servlet_52a.java	62	CWE36_Absolute_Path_Traversal__getQueryString_Servlet_52c.java	100
/home/swlab/Documents/swvul/java-vuln-detection/slicing/output/CPG/cwe36_cpg/cwe36-396-cpg-resolved.bin	tc396_flow1	CWE36_Absolute_Path_Traversal__getQueryString_Servlet_53a.java	35	CWE36_Absolute_Path_Traversal__getQueryString_Servlet_53d.java	32
/home/swlab/Documents/swvul/java-vuln-detection/slicing/output/CPG/cwe36_cpg/cwe36-396-cpg-resolved.bin	tc396_flow2	CWE36_Absolute_Path_Traversal__getQueryString_Servlet_53a.java	62	CWE36_Absolute_Path_Traversal__getQueryString_Servlet_53d.java	100
/home/swlab/Documents/swvul/java-vuln-detection/slicing/output/CPG/cwe36_cpg/cwe36-397-cpg-resolved.bin	tc397_flow1	CWE36_Absolute_Path_Traversal__getQueryString_Servlet_54a.java	35	CWE36_Absolute_Path_Traversal__getQueryString_Servlet_54e.java	32
/home/swlab/Documents/swvul/java-vuln-detection/slicing/output/CPG/cwe36_cpg/cwe36-397-cpg-resolved.bin	tc397_flow2	CWE36_Absolute_Path_Traversal__getQueryString_Servlet_54a.java	62	CWE36_Absolute_Path_Traversal__getQueryString_Servlet_54e.java	100
/home/swlab/Documents/swvul/java-vuln-detection/slicing/output/CPG/cwe36_cpg/cwe36-398-cpg-resolved.bin	tc398_flow1	CWE36_Absolute_Path_Traversal__getQueryString_Servlet_61b.java	35	CWE36_Absolute_Path_Traversal__getQueryString_Servlet_61a.java	33
/home/swlab/Documents/swvul/java-vuln-detection/slicing/output/CPG/cwe36_cpg/cwe36-398-cpg-resolved.bin	tc398_flow2	CWE36_Absolute_Path_Traversal__getQueryString_Servlet_61b.java	57	CWE36_Absolute_Path_Traversal__getQueryString_Servlet_61a.java	107
/home/swlab/Documents/swvul/java-vuln-detection/slicing/output/CPG/cwe36_cpg/cwe36-399-cpg-resolved.bin	tc399_flow1	CWE36_Absolute_Path_Traversal__getQueryString_Servlet_66a.java	35	CWE36_Absolute_Path_Traversal__getQueryString_Servlet_66b.java	33
/home/swlab/Documents/swvul/java-vuln-detection/slicing/output/CPG/cwe36_cpg/cwe36-399-cpg-resolved.bin	tc399_flow2	CWE36_Absolute_Path_Traversal__getQueryString_Servlet_66a.java	64	CWE36_Absolute_Path_Traversal__getQueryString_Servlet_66b.java	102
/home/swlab/Documents/swvul/java-vuln-detection/slicing/output/CPG/cwe36_cpg/cwe36-400-cpg-resolved.bin	tc400_flow1	CWE36_Absolute_Path_Traversal__getQueryString_Servlet_67a.java	40	CWE36_Absolute_Path_Traversal__getQueryString_Servlet_67b.java	33
/home/swlab/Documents/swvul/java-vuln-detection/slicing/output/CPG/cwe36_cpg/cwe36-400-cpg-resolved.bin	tc400_flow2	CWE36_Absolute_Path_Traversal__getQueryString_Servlet_67a.java	69	CWE36_Absolute_Path_Traversal__getQueryString_Servlet_67b.java	102
/home/swlab/Documents/swvul/java-vuln-detection/slicing/output/CPG/cwe36_cpg/cwe36-401-cpg-resolved.bin	tc401_flow1	CWE36_Absolute_Path_Traversal__getQueryString_Servlet_68a.java	35	CWE36_Absolute_Path_Traversal__getQueryString_Servlet_68b.java	32
/home/swlab/Documents/swvul/java-vuln-detection/slicing/output/CPG/cwe36_cpg/cwe36-401-cpg-resolved.bin	tc401_flow2	CWE36_Absolute_Path_Traversal__getQueryString_Servlet_68a.java	61	CWE36_Absolute_Path_Traversal__getQueryString_Servlet_68b.java	101
/home/swlab/Documents/swvul/java-vuln-detection/slicing/output/CPG/cwe36_cpg/cwe36-402-cpg-resolved.bin	tc402_flow1	CWE36_Absolute_Path_Traversal__getQueryString_Servlet_71a.java	35	CWE36_Absolute_Path_Traversal__getQueryString_Servlet_71b.java	33
/home/swlab/Documents/swvul/java-vuln-detection/slicing/output/CPG/cwe36_cpg/cwe36-402-cpg-resolved.bin	tc402_flow2	CWE36_Absolute_Path_Traversal__getQueryString_Servlet_71a.java	62	CWE36_Absolute_Path_Traversal__getQueryString_Servlet_71b.java	102
/home/swlab/Documents/swvul/java-vuln-detection/slicing/output/CPG/cwe36_cpg/cwe36-403-cpg-resolved.bin	tc403_flow1	CWE36_Absolute_Path_Traversal__getQueryString_Servlet_72a.java	36	CWE36_Absolute_Path_Traversal__getQueryString_Servlet_72b.java	34
/home/swlab/Documents/swvul/java-vuln-detection/slicing/output/CPG/cwe36_cpg/cwe36-403-cpg-resolved.bin	tc403_flow2	CWE36_Absolute_Path_Traversal__getQueryString_Servlet_72a.java	67	CWE36_Absolute_Path_Traversal__getQueryString_Servlet_72b.java	103
/home/swlab/Documents/swvul/java-vuln-detection/slicing/output/CPG/cwe36_cpg/cwe36-404-cpg-resolved.bin	tc404_flow1	CWE36_Absolute_Path_Traversal__getQueryString_Servlet_73a.java	36	CWE36_Absolute_Path_Traversal__getQueryString_Servlet_73b.java	34
/home/swlab/Documents/swvul/java-vuln-detection/slicing/output/CPG/cwe36_cpg/cwe36-404-cpg-resolved.bin	tc404_flow2	CWE36_Absolute_Path_Traversal__getQueryString_Servlet_73a.java	67	CWE36_Absolute_Path_Traversal__getQueryString_Servlet_73b.java	103
/home/swlab/Documents/swvul/java-vuln-detection/slicing/output/CPG/cwe36_cpg/cwe36-405-cpg-resolved.bin	tc405_flow1	CWE36_Absolute_Path_Traversal__getQueryString_Servlet_74a.java	36	CWE36_Absolute_Path_Traversal__getQueryString_Servlet_74b.java	34
/home/swlab/Documents/swvul/java-vuln-detection/slicing/output/CPG/cwe36_cpg/cwe36-405-cpg-resolved.bin	tc405_flow2	CWE36_Absolute_Path_Traversal__getQueryString_Servlet_74a.java	67	CWE36_Absolute_Path_Traversal__getQueryString_Servlet_74b.java	103
/home/swlab/Documents/swvul/java-vuln-detection/slicing/output/CPG/cwe36_cpg/cwe36-406-cpg-resolved.bin	tc406_flow1	CWE36_Absolute_Path_Traversal__getQueryString_Servlet_75a.java	40	CWE36_Absolute_Path_Traversal__getQueryString_Servlet_75b.java	44
/home/swlab/Documents/swvul/java-vuln-detection/slicing/output/CPG/cwe36_cpg/cwe36-406-cpg-resolved.bin	tc406_flow2	CWE36_Absolute_Path_Traversal__getQueryString_Servlet_75a.java	109	CWE36_Absolute_Path_Traversal__getQueryString_Servlet_75b.java	157
/home/swlab/Documents/swvul/java-vuln-detection/slicing/output/CPG/cwe36_cpg/cwe36-407-cpg-resolved.bin	tc407_flow1	CWE36_Absolute_Path_Traversal__getQueryString_Servlet_81a.java	35	CWE36_Absolute_Path_Traversal__getQueryString_Servlet_81_bad.java	32
/home/swlab/Documents/swvul/java-vuln-detection/slicing/output/CPG/cwe36_cpg/cwe36-407-cpg-resolved.bin	tc407_flow2	CWE36_Absolute_Path_Traversal__getQueryString_Servlet_81a.java	63	CWE36_Absolute_Path_Traversal__getQueryString_Servlet_81_goodG2B.java	32
/home/swlab/Documents/swvul/java-vuln-detection/slicing/output/CPG/cwe36_cpg/cwe36-408-cpg-resolved.bin	tc408_flow1	CWE36_Absolute_Path_Traversal__listen_tcp_01.java	60	CWE36_Absolute_Path_Traversal__listen_tcp_01.java	121
/home/swlab/Documents/swvul/java-vuln-detection/slicing/output/CPG/cwe36_cpg/cwe36-408-cpg-resolved.bin	tc408_flow2	CWE36_Absolute_Path_Traversal__listen_tcp_01.java	195	CWE36_Absolute_Path_Traversal__listen_tcp_01.java	198
/home/swlab/Documents/swvul/java-vuln-detection/slicing/output/CPG/cwe36_cpg/cwe36-409-cpg-resolved.bin	tc409_flow1	CWE36_Absolute_Path_Traversal__listen_tcp_02.java	56	CWE36_Absolute_Path_Traversal__listen_tcp_02.java	124
/home/swlab/Documents/swvul/java-vuln-detection/slicing/output/CPG/cwe36_cpg/cwe36-409-cpg-resolved.bin	tc409_flow2	CWE36_Absolute_Path_Traversal__listen_tcp_02.java	201	CWE36_Absolute_Path_Traversal__listen_tcp_02.java	206
/home/swlab/Documents/swvul/java-vuln-detection/slicing/output/CPG/cwe36_cpg/cwe36-409-cpg-resolved.bin	tc409_flow3	CWE36_Absolute_Path_Traversal__listen_tcp_02.java	276	CWE36_Absolute_Path_Traversal__listen_tcp_02.java	286
/home/swlab/Documents/swvul/java-vuln-detection/slicing/output/CPG/cwe36_cpg/cwe36-410-cpg-resolved.bin	tc410_flow1	CWE36_Absolute_Path_Traversal__listen_tcp_03.java	56	CWE36_Absolute_Path_Traversal__listen_tcp_03.java	124
/home/swlab/Documents/swvul/java-vuln-detection/slicing/output/CPG/cwe36_cpg/cwe36-410-cpg-resolved.bin	tc410_flow2	CWE36_Absolute_Path_Traversal__listen_tcp_03.java	201	CWE36_Absolute_Path_Traversal__listen_tcp_03.java	206
/home/swlab/Documents/swvul/java-vuln-detection/slicing/output/CPG/cwe36_cpg/cwe36-410-cpg-resolved.bin	tc410_flow3	CWE36_Absolute_Path_Traversal__listen_tcp_03.java	276	CWE36_Absolute_Path_Traversal__listen_tcp_03.java	286
/home/swlab/Documents/swvul/java-vuln-detection/slicing/output/CPG/cwe36_cpg/cwe36-411-cpg-resolved.bin	tc411_flow1	CWE36_Absolute_Path_Traversal__listen_tcp_04.java	63	CWE36_Absolute_Path_Traversal__listen_tcp_04.java	131
/home/swlab/Documents/swvul/java-vuln-detection/slicing/output/CPG/cwe36_cpg/cwe36-411-cpg-resolved.bin	tc411_flow2	CWE36_Absolute_Path_Traversal__listen_tcp_04.java	208	CWE36_Absolute_Path_Traversal__listen_tcp_04.java	213
/home/swlab/Documents/swvul/java-vuln-detection/slicing/output/CPG/cwe36_cpg/cwe36-411-cpg-resolved.bin	tc411_flow3	CWE36_Absolute_Path_Traversal__listen_tcp_04.java	283	CWE36_Absolute_Path_Traversal__listen_tcp_04.java	293
/home/swlab/Documents/swvul/java-vuln-detection/slicing/output/CPG/cwe36_cpg/cwe36-412-cpg-resolved.bin	tc412_flow1	CWE36_Absolute_Path_Traversal__listen_tcp_05.java	63	CWE36_Absolute_Path_Traversal__listen_tcp_05.java	131
/home/swlab/Documents/swvul/java-vuln-detection/slicing/output/CPG/cwe36_cpg/cwe36-412-cpg-resolved.bin	tc412_flow2	CWE36_Absolute_Path_Traversal__listen_tcp_05.java	208	CWE36_Absolute_Path_Traversal__listen_tcp_05.java	213
/home/swlab/Documents/swvul/java-vuln-detection/slicing/output/CPG/cwe36_cpg/cwe36-412-cpg-resolved.bin	tc412_flow3	CWE36_Absolute_Path_Traversal__listen_tcp_05.java	283	CWE36_Absolute_Path_Traversal__listen_tcp_05.java	293
/home/swlab/Documents/swvul/java-vuln-detection/slicing/output/CPG/cwe36_cpg/cwe36-413-cpg-resolved.bin	tc413_flow1	CWE36_Absolute_Path_Traversal__listen_tcp_06.java	62	CWE36_Absolute_Path_Traversal__listen_tcp_06.java	130
/home/swlab/Documents/swvul/java-vuln-detection/slicing/output/CPG/cwe36_cpg/cwe36-413-cpg-resolved.bin	tc413_flow2	CWE36_Absolute_Path_Traversal__listen_tcp_06.java	207	CWE36_Absolute_Path_Traversal__listen_tcp_06.java	212
/home/swlab/Documents/swvul/java-vuln-detection/slicing/output/CPG/cwe36_cpg/cwe36-413-cpg-resolved.bin	tc413_flow3	CWE36_Absolute_Path_Traversal__listen_tcp_06.java	282	CWE36_Absolute_Path_Traversal__listen_tcp_06.java	292
/home/swlab/Documents/swvul/java-vuln-detection/slicing/output/CPG/cwe36_cpg/cwe36-414-cpg-resolved.bin	tc414_flow1	CWE36_Absolute_Path_Traversal__listen_tcp_07.java	62	CWE36_Absolute_Path_Traversal__listen_tcp_07.java	130
/home/swlab/Documents/swvul/java-vuln-detection/slicing/output/CPG/cwe36_cpg/cwe36-414-cpg-resolved.bin	tc414_flow2	CWE36_Absolute_Path_Traversal__listen_tcp_07.java	207	CWE36_Absolute_Path_Traversal__listen_tcp_07.java	212
/home/swlab/Documents/swvul/java-vuln-detection/slicing/output/CPG/cwe36_cpg/cwe36-414-cpg-resolved.bin	tc414_flow3	CWE36_Absolute_Path_Traversal__listen_tcp_07.java	282	CWE36_Absolute_Path_Traversal__listen_tcp_07.java	292
/home/swlab/Documents/swvul/java-vuln-detection/slicing/output/CPG/cwe36_cpg/cwe36-415-cpg-resolved.bin	tc415_flow1	CWE36_Absolute_Path_Traversal__listen_tcp_08.java	70	CWE36_Absolute_Path_Traversal__listen_tcp_08.java	138
/home/swlab/Documents/swvul/java-vuln-detection/slicing/output/CPG/cwe36_cpg/cwe36-415-cpg-resolved.bin	tc415_flow2	CWE36_Absolute_Path_Traversal__listen_tcp_08.java	215	CWE36_Absolute_Path_Traversal__listen_tcp_08.java	220
/home/swlab/Documents/swvul/java-vuln-detection/slicing/output/CPG/cwe36_cpg/cwe36-415-cpg-resolved.bin	tc415_flow3	CWE36_Absolute_Path_Traversal__listen_tcp_08.java	290	CWE36_Absolute_Path_Traversal__listen_tcp_08.java	300
/home/swlab/Documents/swvul/java-vuln-detection/slicing/output/CPG/cwe36_cpg/cwe36-416-cpg-resolved.bin	tc416_flow1	CWE36_Absolute_Path_Traversal__listen_tcp_09.java	56	CWE36_Absolute_Path_Traversal__listen_tcp_09.java	124
/home/swlab/Documents/swvul/java-vuln-detection/slicing/output/CPG/cwe36_cpg/cwe36-416-cpg-resolved.bin	tc416_flow2	CWE36_Absolute_Path_Traversal__listen_tcp_09.java	201	CWE36_Absolute_Path_Traversal__listen_tcp_09.java	206
/home/swlab/Documents/swvul/java-vuln-detection/slicing/output/CPG/cwe36_cpg/cwe36-416-cpg-resolved.bin	tc416_flow3	CWE36_Absolute_Path_Traversal__listen_tcp_09.java	276	CWE36_Absolute_Path_Traversal__listen_tcp_09.java	286
/home/swlab/Documents/swvul/java-vuln-detection/slicing/output/CPG/cwe36_cpg/cwe36-417-cpg-resolved.bin	tc417_flow1	CWE36_Absolute_Path_Traversal__listen_tcp_10.java	56	CWE36_Absolute_Path_Traversal__listen_tcp_10.java	124
/home/swlab/Documents/swvul/java-vuln-detection/slicing/output/CPG/cwe36_cpg/cwe36-417-cpg-resolved.bin	tc417_flow2	CWE36_Absolute_Path_Traversal__listen_tcp_10.java	201	CWE36_Absolute_Path_Traversal__listen_tcp_10.java	206
/home/swlab/Documents/swvul/java-vuln-detection/slicing/output/CPG/cwe36_cpg/cwe36-417-cpg-resolved.bin	tc417_flow3	CWE36_Absolute_Path_Traversal__listen_tcp_10.java	276	CWE36_Absolute_Path_Traversal__listen_tcp_10.java	286
/home/swlab/Documents/swvul/java-vuln-detection/slicing/output/CPG/cwe36_cpg/cwe36-418-cpg-resolved.bin	tc418_flow1	CWE36_Absolute_Path_Traversal__listen_tcp_11.java	56	CWE36_Absolute_Path_Traversal__listen_tcp_11.java	124
/home/swlab/Documents/swvul/java-vuln-detection/slicing/output/CPG/cwe36_cpg/cwe36-418-cpg-resolved.bin	tc418_flow2	CWE36_Absolute_Path_Traversal__listen_tcp_11.java	201	CWE36_Absolute_Path_Traversal__listen_tcp_11.java	206
/home/swlab/Documents/swvul/java-vuln-detection/slicing/output/CPG/cwe36_cpg/cwe36-418-cpg-resolved.bin	tc418_flow3	CWE36_Absolute_Path_Traversal__listen_tcp_11.java	276	CWE36_Absolute_Path_Traversal__listen_tcp_11.java	286
/home/swlab/Documents/swvul/java-vuln-detection/slicing/output/CPG/cwe36_cpg/cwe36-419-cpg-resolved.bin	tc419_flow1	CWE36_Absolute_Path_Traversal__listen_tcp_12.java	56	CWE36_Absolute_Path_Traversal__listen_tcp_12.java	125
/home/swlab/Documents/swvul/java-vuln-detection/slicing/output/CPG/cwe36_cpg/cwe36-419-cpg-resolved.bin	tc419_flow2	CWE36_Absolute_Path_Traversal__listen_tcp_12.java	196	CWE36_Absolute_Path_Traversal__listen_tcp_12.java	207
/home/swlab/Documents/swvul/java-vuln-detection/slicing/output/CPG/cwe36_cpg/cwe36-420-cpg-resolved.bin	tc420_flow1	CWE36_Absolute_Path_Traversal__listen_tcp_13.java	56	CWE36_Absolute_Path_Traversal__listen_tcp_13.java	124
/home/swlab/Documents/swvul/java-vuln-detection/slicing/output/CPG/cwe36_cpg/cwe36-420-cpg-resolved.bin	tc420_flow2	CWE36_Absolute_Path_Traversal__listen_tcp_13.java	201	CWE36_Absolute_Path_Traversal__listen_tcp_13.java	206
/home/swlab/Documents/swvul/java-vuln-detection/slicing/output/CPG/cwe36_cpg/cwe36-420-cpg-resolved.bin	tc420_flow3	CWE36_Absolute_Path_Traversal__listen_tcp_13.java	276	CWE36_Absolute_Path_Traversal__listen_tcp_13.java	286
/home/swlab/Documents/swvul/java-vuln-detection/slicing/output/CPG/cwe36_cpg/cwe36-421-cpg-resolved.bin	tc421_flow1	CWE36_Absolute_Path_Traversal__listen_tcp_14.java	56	CWE36_Absolute_Path_Traversal__listen_tcp_14.java	124
/home/swlab/Documents/swvul/java-vuln-detection/slicing/output/CPG/cwe36_cpg/cwe36-421-cpg-resolved.bin	tc421_flow2	CWE36_Absolute_Path_Traversal__listen_tcp_14.java	201	CWE36_Absolute_Path_Traversal__listen_tcp_14.java	206
/home/swlab/Documents/swvul/java-vuln-detection/slicing/output/CPG/cwe36_cpg/cwe36-421-cpg-resolved.bin	tc421_flow3	CWE36_Absolute_Path_Traversal__listen_tcp_14.java	276	CWE36_Absolute_Path_Traversal__listen_tcp_14.java	286
/home/swlab/Documents/swvul/java-vuln-detection/slicing/output/CPG/cwe36_cpg/cwe36-422-cpg-resolved.bin	tc422_flow1	CWE36_Absolute_Path_Traversal__listen_tcp_15.java	58	CWE36_Absolute_Path_Traversal__listen_tcp_15.java	126
/home/swlab/Documents/swvul/java-vuln-detection/slicing/output/CPG/cwe36_cpg/cwe36-422-cpg-resolved.bin	tc422_flow2	CWE36_Absolute_Path_Traversal__listen_tcp_15.java	203	CWE36_Absolute_Path_Traversal__listen_tcp_15.java	208
/home/swlab/Documents/swvul/java-vuln-detection/slicing/output/CPG/cwe36_cpg/cwe36-422-cpg-resolved.bin	tc422_flow3	CWE36_Absolute_Path_Traversal__listen_tcp_15.java	280	CWE36_Absolute_Path_Traversal__listen_tcp_15.java	290
/home/swlab/Documents/swvul/java-vuln-detection/slicing/output/CPG/cwe36_cpg/cwe36-423-cpg-resolved.bin	tc423_flow1	CWE36_Absolute_Path_Traversal__listen_tcp_16.java	57	CWE36_Absolute_Path_Traversal__listen_tcp_16.java	120
/home/swlab/Documents/swvul/java-vuln-detection/slicing/output/CPG/cwe36_cpg/cwe36-423-cpg-resolved.bin	tc423_flow2	CWE36_Absolute_Path_Traversal__listen_tcp_16.java	191	CWE36_Absolute_Path_Traversal__listen_tcp_16.java	196
/home/swlab/Documents/swvul/java-vuln-detection/slicing/output/CPG/cwe36_cpg/cwe36-424-cpg-resolved.bin	tc424_flow1	CWE36_Absolute_Path_Traversal__listen_tcp_17.java	60	CWE36_Absolute_Path_Traversal__listen_tcp_17.java	123
/home/swlab/Documents/swvul/java-vuln-detection/slicing/output/CPG/cwe36_cpg/cwe36-424-cpg-resolved.bin	tc424_flow2	CWE36_Absolute_Path_Traversal__listen_tcp_17.java	193	CWE36_Absolute_Path_Traversal__listen_tcp_17.java	198
/home/swlab/Documents/swvul/java-vuln-detection/slicing/output/CPG/cwe36_cpg/cwe36-425-cpg-resolved.bin	tc425_flow1	CWE36_Absolute_Path_Traversal__listen_tcp_21.java	131	CWE36_Absolute_Path_Traversal__listen_tcp_21.java	46
/home/swlab/Documents/swvul/java-vuln-detection/slicing/output/CPG/cwe36_cpg/cwe36-425-cpg-resolved.bin	tc425_flow2	CWE36_Absolute_Path_Traversal__listen_tcp_21.java	297	CWE36_Absolute_Path_Traversal__listen_tcp_21.java	220
/home/swlab/Documents/swvul/java-vuln-detection/slicing/output/CPG/cwe36_cpg/cwe36-425-cpg-resolved.bin	tc425_flow3	CWE36_Absolute_Path_Traversal__listen_tcp_21.java	383	CWE36_Absolute_Path_Traversal__listen_tcp_21.java	313
/home/swlab/Documents/swvul/java-vuln-detection/slicing/output/CPG/cwe36_cpg/cwe36-426-cpg-resolved.bin	tc426_flow1	CWE36_Absolute_Path_Traversal__listen_tcp_22b.java	56	CWE36_Absolute_Path_Traversal__listen_tcp_22a.java	40
/home/swlab/Documents/swvul/java-vuln-detection/slicing/output/CPG/cwe36_cpg/cwe36-426-cpg-resolved.bin	tc426_flow2	CWE36_Absolute_Path_Traversal__listen_tcp_22b.java	140	CWE36_Absolute_Path_Traversal__listen_tcp_22a.java	123
/home/swlab/Documents/swvul/java-vuln-detection/slicing/output/CPG/cwe36_cpg/cwe36-426-cpg-resolved.bin	tc426_flow3	CWE36_Absolute_Path_Traversal__listen_tcp_22b.java	155	CWE36_Absolute_Path_Traversal__listen_tcp_22a.java	195
/home/swlab/Documents/swvul/java-vuln-detection/slicing/output/CPG/cwe36_cpg/cwe36-427-cpg-resolved.bin	tc427_flow1	CWE36_Absolute_Path_Traversal__listen_tcp_31.java	63	CWE36_Absolute_Path_Traversal__listen_tcp_31.java	129
/home/swlab/Documents/swvul/java-vuln-detection/slicing/output/CPG/cwe36_cpg/cwe36-427-cpg-resolved.bin	tc427_flow2	CWE36_Absolute_Path_Traversal__listen_tcp_31.java	206	CWE36_Absolute_Path_Traversal__listen_tcp_31.java	214
/home/swlab/Documents/swvul/java-vuln-detection/slicing/output/CPG/cwe36_cpg/cwe36-428-cpg-resolved.bin	tc428_flow1	CWE36_Absolute_Path_Traversal__listen_tcp_41.java	126	CWE36_Absolute_Path_Traversal__listen_tcp_41.java	38
/home/swlab/Documents/swvul/java-vuln-detection/slicing/output/CPG/cwe36_cpg/cwe36-428-cpg-resolved.bin	tc428_flow2	CWE36_Absolute_Path_Traversal__listen_tcp_41.java	267	CWE36_Absolute_Path_Traversal__listen_tcp_41.java	198
/home/swlab/Documents/swvul/java-vuln-detection/slicing/output/CPG/cwe36_cpg/cwe36-429-cpg-resolved.bin	tc429_flow1	CWE36_Absolute_Path_Traversal__listen_tcp_42.java	59	CWE36_Absolute_Path_Traversal__listen_tcp_42.java	128
/home/swlab/Documents/swvul/java-vuln-detection/slicing/output/CPG/cwe36_cpg/cwe36-429-cpg-resolved.bin	tc429_flow2	CWE36_Absolute_Path_Traversal__listen_tcp_42.java	196	CWE36_Absolute_Path_Traversal__listen_tcp_42.java	207
/home/swlab/Documents/swvul/java-vuln-detection/slicing/output/CPG/cwe36_cpg/cwe36-430-cpg-resolved.bin	tc430_flow1	CWE36_Absolute_Path_Traversal__listen_tcp_45.java	132	CWE36_Absolute_Path_Traversal__listen_tcp_45.java	43
/home/swlab/Documents/swvul/java-vuln-detection/slicing/output/CPG/cwe36_cpg/cwe36-430-cpg-resolved.bin	tc430_flow2	CWE36_Absolute_Path_Traversal__listen_tcp_45.java	275	CWE36_Absolute_Path_Traversal__listen_tcp_45.java	206
/home/swlab/Documents/swvul/java-vuln-detection/slicing/output/CPG/cwe36_cpg/cwe36-431-cpg-resolved.bin	tc431_flow1	CWE36_Absolute_Path_Traversal__listen_tcp_51a.java	58	CWE36_Absolute_Path_Traversal__listen_tcp_51b.java	31
/home/swlab/Documents/swvul/java-vuln-detection/slicing/output/CPG/cwe36_cpg/cwe36-431-cpg-resolved.bin	tc431_flow2	CWE36_Absolute_Path_Traversal__listen_tcp_51a.java	132	CWE36_Absolute_Path_Traversal__listen_tcp_51b.java	99
/home/swlab/Documents/swvul/java-vuln-detection/slicing/output/CPG/cwe36_cpg/cwe36-432-cpg-resolved.bin	tc432_flow1	CWE36_Absolute_Path_Traversal__listen_tcp_52a.java	59	CWE36_Absolute_Path_Traversal__listen_tcp_52c.java	32
/home/swlab/Documents/swvul/java-vuln-detection/slicing/output/CPG/cwe36_cpg/cwe36-432-cpg-resolved.bin	tc432_flow2	CWE36_Absolute_Path_Traversal__listen_tcp_52a.java	133	CWE36_Absolute_Path_Traversal__listen_tcp_52c.java	100
/home/swlab/Documents/swvul/java-vuln-detection/slicing/output/CPG/cwe36_cpg/cwe36-433-cpg-resolved.bin	tc433_flow1	CWE36_Absolute_Path_Traversal__listen_tcp_53a.java	59	CWE36_Absolute_Path_Traversal__listen_tcp_53d.java	32
/home/swlab/Documents/swvul/java-vuln-detection/slicing/output/CPG/cwe36_cpg/cwe36-433-cpg-resolved.bin	tc433_flow2	CWE36_Absolute_Path_Traversal__listen_tcp_53a.java	133	CWE36_Absolute_Path_Traversal__listen_tcp_53d.java	100
/home/swlab/Documents/swvul/java-vuln-detection/slicing/output/CPG/cwe36_cpg/cwe36-434-cpg-resolved.bin	tc434_flow1	CWE36_Absolute_Path_Traversal__listen_tcp_54a.java	59	CWE36_Absolute_Path_Traversal__listen_tcp_54e.java	32
/home/swlab/Documents/swvul/java-vuln-detection/slicing/output/CPG/cwe36_cpg/cwe36-434-cpg-resolved.bin	tc434_flow2	CWE36_Absolute_Path_Traversal__listen_tcp_54a.java	133	CWE36_Absolute_Path_Traversal__listen_tcp_54e.java	100
/home/swlab/Documents/swvul/java-vuln-detection/slicing/output/CPG/cwe36_cpg/cwe36-435-cpg-resolved.bin	tc435_flow1	CWE36_Absolute_Path_Traversal__listen_tcp_61b.java	59	CWE36_Absolute_Path_Traversal__listen_tcp_61a.java	33
/home/swlab/Documents/swvul/java-vuln-detection/slicing/output/CPG/cwe36_cpg/cwe36-435-cpg-resolved.bin	tc435_flow2	CWE36_Absolute_Path_Traversal__listen_tcp_61b.java	128	CWE36_Absolute_Path_Traversal__listen_tcp_61a.java	107
/home/swlab/Documents/swvul/java-vuln-detection/slicing/output/CPG/cwe36_cpg/cwe36-436-cpg-resolved.bin	tc436_flow1	CWE36_Absolute_Path_Traversal__listen_tcp_66a.java	59	CWE36_Absolute_Path_Traversal__listen_tcp_66b.java	33
/home/swlab/Documents/swvul/java-vuln-detection/slicing/output/CPG/cwe36_cpg/cwe36-436-cpg-resolved.bin	tc436_flow2	CWE36_Absolute_Path_Traversal__listen_tcp_66a.java	135	CWE36_Absolute_Path_Traversal__listen_tcp_66b.java	102
/home/swlab/Documents/swvul/java-vuln-detection/slicing/output/CPG/cwe36_cpg/cwe36-437-cpg-resolved.bin	tc437_flow1	CWE36_Absolute_Path_Traversal__listen_tcp_67a.java	64	CWE36_Absolute_Path_Traversal__listen_tcp_67b.java	33
/home/swlab/Documents/swvul/java-vuln-detection/slicing/output/CPG/cwe36_cpg/cwe36-437-cpg-resolved.bin	tc437_flow2	CWE36_Absolute_Path_Traversal__listen_tcp_67a.java	140	CWE36_Absolute_Path_Traversal__listen_tcp_67b.java	102
/home/swlab/Documents/swvul/java-vuln-detection/slicing/output/CPG/cwe36_cpg/cwe36-438-cpg-resolved.bin	tc438_flow1	CWE36_Absolute_Path_Traversal__listen_tcp_68a.java	59	CWE36_Absolute_Path_Traversal__listen_tcp_68b.java	32
/home/swlab/Documents/swvul/java-vuln-detection/slicing/output/CPG/cwe36_cpg/cwe36-438-cpg-resolved.bin	tc438_flow2	CWE36_Absolute_Path_Traversal__listen_tcp_68a.java	132	CWE36_Absolute_Path_Traversal__listen_tcp_68b.java	101
/home/swlab/Documents/swvul/java-vuln-detection/slicing/output/CPG/cwe36_cpg/cwe36-439-cpg-resolved.bin	tc439_flow1	CWE36_Absolute_Path_Traversal__listen_tcp_71a.java	59	CWE36_Absolute_Path_Traversal__listen_tcp_71b.java	33
/home/swlab/Documents/swvul/java-vuln-detection/slicing/output/CPG/cwe36_cpg/cwe36-439-cpg-resolved.bin	tc439_flow2	CWE36_Absolute_Path_Traversal__listen_tcp_71a.java	133	CWE36_Absolute_Path_Traversal__listen_tcp_71b.java	102
/home/swlab/Documents/swvul/java-vuln-detection/slicing/output/CPG/cwe36_cpg/cwe36-440-cpg-resolved.bin	tc440_flow1	CWE36_Absolute_Path_Traversal__listen_tcp_72a.java	60	CWE36_Absolute_Path_Traversal__listen_tcp_72b.java	34
/home/swlab/Documents/swvul/java-vuln-detection/slicing/output/CPG/cwe36_cpg/cwe36-440-cpg-resolved.bin	tc440_flow2	CWE36_Absolute_Path_Traversal__listen_tcp_72a.java	138	CWE36_Absolute_Path_Traversal__listen_tcp_72b.java	103
/home/swlab/Documents/swvul/java-vuln-detection/slicing/output/CPG/cwe36_cpg/cwe36-441-cpg-resolved.bin	tc441_flow1	CWE36_Absolute_Path_Traversal__listen_tcp_73a.java	60	CWE36_Absolute_Path_Traversal__listen_tcp_73b.java	34
/home/swlab/Documents/swvul/java-vuln-detection/slicing/output/CPG/cwe36_cpg/cwe36-441-cpg-resolved.bin	tc441_flow2	CWE36_Absolute_Path_Traversal__listen_tcp_73a.java	138	CWE36_Absolute_Path_Traversal__listen_tcp_73b.java	103
/home/swlab/Documents/swvul/java-vuln-detection/slicing/output/CPG/cwe36_cpg/cwe36-442-cpg-resolved.bin	tc442_flow1	CWE36_Absolute_Path_Traversal__listen_tcp_74a.java	60	CWE36_Absolute_Path_Traversal__listen_tcp_74b.java	34
/home/swlab/Documents/swvul/java-vuln-detection/slicing/output/CPG/cwe36_cpg/cwe36-442-cpg-resolved.bin	tc442_flow2	CWE36_Absolute_Path_Traversal__listen_tcp_74a.java	138	CWE36_Absolute_Path_Traversal__listen_tcp_74b.java	103
/home/swlab/Documents/swvul/java-vuln-detection/slicing/output/CPG/cwe36_cpg/cwe36-443-cpg-resolved.bin	tc443_flow1	CWE36_Absolute_Path_Traversal__listen_tcp_75a.java	62	CWE36_Absolute_Path_Traversal__listen_tcp_75b.java	44
/home/swlab/Documents/swvul/java-vuln-detection/slicing/output/CPG/cwe36_cpg/cwe36-443-cpg-resolved.bin	tc443_flow2	CWE36_Absolute_Path_Traversal__listen_tcp_75a.java	178	CWE36_Absolute_Path_Traversal__listen_tcp_75b.java	157
/home/swlab/Documents/swvul/java-vuln-detection/slicing/output/CPG/cwe36_cpg/cwe36-444-cpg-resolved.bin	tc444_flow1	CWE36_Absolute_Path_Traversal__listen_tcp_81a.java	59	CWE36_Absolute_Path_Traversal__listen_tcp_81_bad.java	32
/home/swlab/Documents/swvul/java-vuln-detection/slicing/output/CPG/cwe36_cpg/cwe36-444-cpg-resolved.bin	tc444_flow2	CWE36_Absolute_Path_Traversal__listen_tcp_81a.java	134	CWE36_Absolute_Path_Traversal__listen_tcp_81_goodG2B.java	32
