/home/swlab/Documents/swvul/java-vuln-detection/slicing/output/CPG/cwe690_cpg/cwe690-1-cpg-resolved.bin	tc1_flow1	CWE690_NULL_Deref_From_Return__Class_String_01.java	29	CWE690_NULL_Deref_From_Return__Class_String_01.java	32
/home/swlab/Documents/swvul/java-vuln-detection/slicing/output/CPG/cwe690_cpg/cwe690-1-cpg-resolved.bin	tc1_flow2	CWE690_NULL_Deref_From_Return__Class_String_01.java	65	CWE690_NULL_Deref_From_Return__Class_String_01.java	68
/home/swlab/Documents/swvul/java-vuln-detection/slicing/output/CPG/cwe690_cpg/cwe690-1-cpg-resolved.bin	tc1_flow3	CWE690_NULL_Deref_From_Return__Class_String_01.java	50	CWE690_NULL_Deref_From_Return__Class_String_01.java	53
/home/swlab/Documents/swvul/java-vuln-detection/slicing/output/CPG/cwe690_cpg/cwe690-2-cpg-resolved.bin	tc2_flow1	CWE690_NULL_Deref_From_Return__Class_String_02.java	30	CWE690_NULL_Deref_From_Return__Class_String_02.java	42
/home/swlab/Documents/swvul/java-vuln-detection/slicing/output/CPG/cwe690_cpg/cwe690-2-cpg-resolved.bin	tc2_flow2	CWE690_NULL_Deref_From_Return__Class_String_02.java	104	CWE690_NULL_Deref_From_Return__Class_String_02.java	122
/home/swlab/Documents/swvul/java-vuln-detection/slicing/output/CPG/cwe690_cpg/cwe690-2-cpg-resolved.bin	tc2_flow3	CWE690_NULL_Deref_From_Return__Class_String_02.java	138	CWE690_NULL_Deref_From_Return__Class_String_02.java	150
/home/swlab/Documents/swvul/java-vuln-detection/slicing/output/CPG/cwe690_cpg/cwe690-2-cpg-resolved.bin	tc2_flow4	CWE690_NULL_Deref_From_Return__Class_String_02.java	61	CWE690_NULL_Deref_From_Return__Class_String_02.java	68
/home/swlab/Documents/swvul/java-vuln-detection/slicing/output/CPG/cwe690_cpg/cwe690-2-cpg-resolved.bin	tc2_flow5	CWE690_NULL_Deref_From_Return__Class_String_02.java	80	CWE690_NULL_Deref_From_Return__Class_String_02.java	92
/home/swlab/Documents/swvul/java-vuln-detection/slicing/output/CPG/cwe690_cpg/cwe690-3-cpg-resolved.bin	tc3_flow1	CWE690_NULL_Deref_From_Return__Class_String_03.java	30	CWE690_NULL_Deref_From_Return__Class_String_03.java	42
/home/swlab/Documents/swvul/java-vuln-detection/slicing/output/CPG/cwe690_cpg/cwe690-3-cpg-resolved.bin	tc3_flow2	CWE690_NULL_Deref_From_Return__Class_String_03.java	104	CWE690_NULL_Deref_From_Return__Class_String_03.java	122
/home/swlab/Documents/swvul/java-vuln-detection/slicing/output/CPG/cwe690_cpg/cwe690-3-cpg-resolved.bin	tc3_flow3	CWE690_NULL_Deref_From_Return__Class_String_03.java	138	CWE690_NULL_Deref_From_Return__Class_String_03.java	150
/home/swlab/Documents/swvul/java-vuln-detection/slicing/output/CPG/cwe690_cpg/cwe690-3-cpg-resolved.bin	tc3_flow4	CWE690_NULL_Deref_From_Return__Class_String_03.java	61	CWE690_NULL_Deref_From_Return__Class_String_03.java	68
/home/swlab/Documents/swvul/java-vuln-detection/slicing/output/CPG/cwe690_cpg/cwe690-3-cpg-resolved.bin	tc3_flow5	CWE690_NULL_Deref_From_Return__Class_String_03.java	80	CWE690_NULL_Deref_From_Return__Class_String_03.java	92
/home/swlab/Documents/swvul/java-vuln-detection/slicing/output/CPG/cwe690_cpg/cwe690-4-cpg-resolved.bin	tc4_flow1	CWE690_NULL_Deref_From_Return__Class_String_04.java	37	CWE690_NULL_Deref_From_Return__Class_String_04.java	49
/home/swlab/Documents/swvul/java-vuln-detection/slicing/output/CPG/cwe690_cpg/cwe690-4-cpg-resolved.bin	tc4_flow2	CWE690_NULL_Deref_From_Return__Class_String_04.java	111	CWE690_NULL_Deref_From_Return__Class_String_04.java	129
/home/swlab/Documents/swvul/java-vuln-detection/slicing/output/CPG/cwe690_cpg/cwe690-4-cpg-resolved.bin	tc4_flow3	CWE690_NULL_Deref_From_Return__Class_String_04.java	145	CWE690_NULL_Deref_From_Return__Class_String_04.java	157
/home/swlab/Documents/swvul/java-vuln-detection/slicing/output/CPG/cwe690_cpg/cwe690-4-cpg-resolved.bin	tc4_flow4	CWE690_NULL_Deref_From_Return__Class_String_04.java	68	CWE690_NULL_Deref_From_Return__Class_String_04.java	75
/home/swlab/Documents/swvul/java-vuln-detection/slicing/output/CPG/cwe690_cpg/cwe690-4-cpg-resolved.bin	tc4_flow5	CWE690_NULL_Deref_From_Return__Class_String_04.java	87	CWE690_NULL_Deref_From_Return__Class_String_04.java	99
/home/swlab/Documents/swvul/java-vuln-detection/slicing/output/CPG/cwe690_cpg/cwe690-5-cpg-resolved.bin	tc5_flow1	CWE690_NULL_Deref_From_Return__Class_String_05.java	37	CWE690_NULL_Deref_From_Return__Class_String_05.java	49
/home/swlab/Documents/swvul/java-vuln-detection/slicing/output/CPG/cwe690_cpg/cwe690-5-cpg-resolved.bin	tc5_flow2	CWE690_NULL_Deref_From_Return__Class_String_05.java	112	CWE690_NULL_Deref_From_Return__Class_String_05.java	130
/home/swlab/Documents/swvul/java-vuln-detection/slicing/output/CPG/cwe690_cpg/cwe690-5-cpg-resolved.bin	tc5_flow3	CWE690_NULL_Deref_From_Return__Class_String_05.java	146	CWE690_NULL_Deref_From_Return__Class_String_05.java	158
/home/swlab/Documents/swvul/java-vuln-detection/slicing/output/CPG/cwe690_cpg/cwe690-5-cpg-resolved.bin	tc5_flow4	CWE690_NULL_Deref_From_Return__Class_String_05.java	68	CWE690_NULL_Deref_From_Return__Class_String_05.java	75
/home/swlab/Documents/swvul/java-vuln-detection/slicing/output/CPG/cwe690_cpg/cwe690-5-cpg-resolved.bin	tc5_flow5	CWE690_NULL_Deref_From_Return__Class_String_05.java	87	CWE690_NULL_Deref_From_Return__Class_String_05.java	99
/home/swlab/Documents/swvul/java-vuln-detection/slicing/output/CPG/cwe690_cpg/cwe690-6-cpg-resolved.bin	tc6_flow1	CWE690_NULL_Deref_From_Return__Class_String_06.java	35	CWE690_NULL_Deref_From_Return__Class_String_06.java	47
/home/swlab/Documents/swvul/java-vuln-detection/slicing/output/CPG/cwe690_cpg/cwe690-6-cpg-resolved.bin	tc6_flow2	CWE690_NULL_Deref_From_Return__Class_String_06.java	109	CWE690_NULL_Deref_From_Return__Class_String_06.java	127
/home/swlab/Documents/swvul/java-vuln-detection/slicing/output/CPG/cwe690_cpg/cwe690-6-cpg-resolved.bin	tc6_flow3	CWE690_NULL_Deref_From_Return__Class_String_06.java	143	CWE690_NULL_Deref_From_Return__Class_String_06.java	155
/home/swlab/Documents/swvul/java-vuln-detection/slicing/output/CPG/cwe690_cpg/cwe690-6-cpg-resolved.bin	tc6_flow4	CWE690_NULL_Deref_From_Return__Class_String_06.java	66	CWE690_NULL_Deref_From_Return__Class_String_06.java	73
/home/swlab/Documents/swvul/java-vuln-detection/slicing/output/CPG/cwe690_cpg/cwe690-6-cpg-resolved.bin	tc6_flow5	CWE690_NULL_Deref_From_Return__Class_String_06.java	85	CWE690_NULL_Deref_From_Return__Class_String_06.java	97
/home/swlab/Documents/swvul/java-vuln-detection/slicing/output/CPG/cwe690_cpg/cwe690-7-cpg-resolved.bin	tc7_flow1	CWE690_NULL_Deref_From_Return__Class_String_07.java	35	CWE690_NULL_Deref_From_Return__Class_String_07.java	47
/home/swlab/Documents/swvul/java-vuln-detection/slicing/output/CPG/cwe690_cpg/cwe690-7-cpg-resolved.bin	tc7_flow2	CWE690_NULL_Deref_From_Return__Class_String_07.java	109	CWE690_NULL_Deref_From_Return__Class_String_07.java	127
/home/swlab/Documents/swvul/java-vuln-detection/slicing/output/CPG/cwe690_cpg/cwe690-7-cpg-resolved.bin	tc7_flow3	CWE690_NULL_Deref_From_Return__Class_String_07.java	143	CWE690_NULL_Deref_From_Return__Class_String_07.java	155
/home/swlab/Documents/swvul/java-vuln-detection/slicing/output/CPG/cwe690_cpg/cwe690-7-cpg-resolved.bin	tc7_flow4	CWE690_NULL_Deref_From_Return__Class_String_07.java	66	CWE690_NULL_Deref_From_Return__Class_String_07.java	73
/home/swlab/Documents/swvul/java-vuln-detection/slicing/output/CPG/cwe690_cpg/cwe690-7-cpg-resolved.bin	tc7_flow5	CWE690_NULL_Deref_From_Return__Class_String_07.java	85	CWE690_NULL_Deref_From_Return__Class_String_07.java	97
/home/swlab/Documents/swvul/java-vuln-detection/slicing/output/CPG/cwe690_cpg/cwe690-8-cpg-resolved.bin	tc8_flow1	CWE690_NULL_Deref_From_Return__Class_String_08.java	43	CWE690_NULL_Deref_From_Return__Class_String_08.java	55
/home/swlab/Documents/swvul/java-vuln-detection/slicing/output/CPG/cwe690_cpg/cwe690-8-cpg-resolved.bin	tc8_flow2	CWE690_NULL_Deref_From_Return__Class_String_08.java	117	CWE690_NULL_Deref_From_Return__Class_String_08.java	135
/home/swlab/Documents/swvul/java-vuln-detection/slicing/output/CPG/cwe690_cpg/cwe690-8-cpg-resolved.bin	tc8_flow3	CWE690_NULL_Deref_From_Return__Class_String_08.java	151	CWE690_NULL_Deref_From_Return__Class_String_08.java	163
/home/swlab/Documents/swvul/java-vuln-detection/slicing/output/CPG/cwe690_cpg/cwe690-8-cpg-resolved.bin	tc8_flow4	CWE690_NULL_Deref_From_Return__Class_String_08.java	74	CWE690_NULL_Deref_From_Return__Class_String_08.java	81
/home/swlab/Documents/swvul/java-vuln-detection/slicing/output/CPG/cwe690_cpg/cwe690-8-cpg-resolved.bin	tc8_flow5	CWE690_NULL_Deref_From_Return__Class_String_08.java	93	CWE690_NULL_Deref_From_Return__Class_String_08.java	105
/home/swlab/Documents/swvul/java-vuln-detection/slicing/output/CPG/cwe690_cpg/cwe690-9-cpg-resolved.bin	tc9_flow1	CWE690_NULL_Deref_From_Return__Class_String_09.java	30	CWE690_NULL_Deref_From_Return__Class_String_09.java	42
/home/swlab/Documents/swvul/java-vuln-detection/slicing/output/CPG/cwe690_cpg/cwe690-9-cpg-resolved.bin	tc9_flow2	CWE690_NULL_Deref_From_Return__Class_String_09.java	104	CWE690_NULL_Deref_From_Return__Class_String_09.java	122
/home/swlab/Documents/swvul/java-vuln-detection/slicing/output/CPG/cwe690_cpg/cwe690-9-cpg-resolved.bin	tc9_flow3	CWE690_NULL_Deref_From_Return__Class_String_09.java	138	CWE690_NULL_Deref_From_Return__Class_String_09.java	150
/home/swlab/Documents/swvul/java-vuln-detection/slicing/output/CPG/cwe690_cpg/cwe690-9-cpg-resolved.bin	tc9_flow4	CWE690_NULL_Deref_From_Return__Class_String_09.java	61	CWE690_NULL_Deref_From_Return__Class_String_09.java	68
/home/swlab/Documents/swvul/java-vuln-detection/slicing/output/CPG/cwe690_cpg/cwe690-9-cpg-resolved.bin	tc9_flow5	CWE690_NULL_Deref_From_Return__Class_String_09.java	80	CWE690_NULL_Deref_From_Return__Class_String_09.java	92
/home/swlab/Documents/swvul/java-vuln-detection/slicing/output/CPG/cwe690_cpg/cwe690-10-cpg-resolved.bin	tc10_flow1	CWE690_NULL_Deref_From_Return__Class_String_10.java	30	CWE690_NULL_Deref_From_Return__Class_String_10.java	42
/home/swlab/Documents/swvul/java-vuln-detection/slicing/output/CPG/cwe690_cpg/cwe690-10-cpg-resolved.bin	tc10_flow2	CWE690_NULL_Deref_From_Return__Class_String_10.java	104	CWE690_NULL_Deref_From_Return__Class_String_10.java	122
/home/swlab/Documents/swvul/java-vuln-detection/slicing/output/CPG/cwe690_cpg/cwe690-10-cpg-resolved.bin	tc10_flow3	CWE690_NULL_Deref_From_Return__Class_String_10.java	138	CWE690_NULL_Deref_From_Return__Class_String_10.java	150
/home/swlab/Documents/swvul/java-vuln-detection/slicing/output/CPG/cwe690_cpg/cwe690-10-cpg-resolved.bin	tc10_flow4	CWE690_NULL_Deref_From_Return__Class_String_10.java	61	CWE690_NULL_Deref_From_Return__Class_String_10.java	68
/home/swlab/Documents/swvul/java-vuln-detection/slicing/output/CPG/cwe690_cpg/cwe690-10-cpg-resolved.bin	tc10_flow5	CWE690_NULL_Deref_From_Return__Class_String_10.java	80	CWE690_NULL_Deref_From_Return__Class_String_10.java	92
/home/swlab/Documents/swvul/java-vuln-detection/slicing/output/CPG/cwe690_cpg/cwe690-11-cpg-resolved.bin	tc11_flow1	CWE690_NULL_Deref_From_Return__Class_String_11.java	30	CWE690_NULL_Deref_From_Return__Class_String_11.java	42
/home/swlab/Documents/swvul/java-vuln-detection/slicing/output/CPG/cwe690_cpg/cwe690-11-cpg-resolved.bin	tc11_flow2	CWE690_NULL_Deref_From_Return__Class_String_11.java	105	CWE690_NULL_Deref_From_Return__Class_String_11.java	123
/home/swlab/Documents/swvul/java-vuln-detection/slicing/output/CPG/cwe690_cpg/cwe690-11-cpg-resolved.bin	tc11_flow3	CWE690_NULL_Deref_From_Return__Class_String_11.java	139	CWE690_NULL_Deref_From_Return__Class_String_11.java	151
/home/swlab/Documents/swvul/java-vuln-detection/slicing/output/CPG/cwe690_cpg/cwe690-11-cpg-resolved.bin	tc11_flow4	CWE690_NULL_Deref_From_Return__Class_String_11.java	61	CWE690_NULL_Deref_From_Return__Class_String_11.java	68
/home/swlab/Documents/swvul/java-vuln-detection/slicing/output/CPG/cwe690_cpg/cwe690-11-cpg-resolved.bin	tc11_flow5	CWE690_NULL_Deref_From_Return__Class_String_11.java	81	CWE690_NULL_Deref_From_Return__Class_String_11.java	93
/home/swlab/Documents/swvul/java-vuln-detection/slicing/output/CPG/cwe690_cpg/cwe690-12-cpg-resolved.bin	tc12_flow2	CWE690_NULL_Deref_From_Return__Class_String_12.java	102	CWE690_NULL_Deref_From_Return__Class_String_12.java	125
/home/swlab/Documents/swvul/java-vuln-detection/slicing/output/CPG/cwe690_cpg/cwe690-12-cpg-resolved.bin	tc12_flow3	CWE690_NULL_Deref_From_Return__Class_String_12.java	67	CWE690_NULL_Deref_From_Return__Class_String_12.java	87
/home/swlab/Documents/swvul/java-vuln-detection/slicing/output/CPG/cwe690_cpg/cwe690-13-cpg-resolved.bin	tc13_flow1	CWE690_NULL_Deref_From_Return__Class_String_13.java	30	CWE690_NULL_Deref_From_Return__Class_String_13.java	42
/home/swlab/Documents/swvul/java-vuln-detection/slicing/output/CPG/cwe690_cpg/cwe690-13-cpg-resolved.bin	tc13_flow2	CWE690_NULL_Deref_From_Return__Class_String_13.java	104	CWE690_NULL_Deref_From_Return__Class_String_13.java	122
/home/swlab/Documents/swvul/java-vuln-detection/slicing/output/CPG/cwe690_cpg/cwe690-13-cpg-resolved.bin	tc13_flow3	CWE690_NULL_Deref_From_Return__Class_String_13.java	138	CWE690_NULL_Deref_From_Return__Class_String_13.java	150
/home/swlab/Documents/swvul/java-vuln-detection/slicing/output/CPG/cwe690_cpg/cwe690-13-cpg-resolved.bin	tc13_flow4	CWE690_NULL_Deref_From_Return__Class_String_13.java	61	CWE690_NULL_Deref_From_Return__Class_String_13.java	68
/home/swlab/Documents/swvul/java-vuln-detection/slicing/output/CPG/cwe690_cpg/cwe690-13-cpg-resolved.bin	tc13_flow5	CWE690_NULL_Deref_From_Return__Class_String_13.java	80	CWE690_NULL_Deref_From_Return__Class_String_13.java	92
/home/swlab/Documents/swvul/java-vuln-detection/slicing/output/CPG/cwe690_cpg/cwe690-14-cpg-resolved.bin	tc14_flow1	CWE690_NULL_Deref_From_Return__Class_String_14.java	30	CWE690_NULL_Deref_From_Return__Class_String_14.java	42
/home/swlab/Documents/swvul/java-vuln-detection/slicing/output/CPG/cwe690_cpg/cwe690-14-cpg-resolved.bin	tc14_flow2	CWE690_NULL_Deref_From_Return__Class_String_14.java	104	CWE690_NULL_Deref_From_Return__Class_String_14.java	122
/home/swlab/Documents/swvul/java-vuln-detection/slicing/output/CPG/cwe690_cpg/cwe690-14-cpg-resolved.bin	tc14_flow3	CWE690_NULL_Deref_From_Return__Class_String_14.java	138	CWE690_NULL_Deref_From_Return__Class_String_14.java	150
/home/swlab/Documents/swvul/java-vuln-detection/slicing/output/CPG/cwe690_cpg/cwe690-14-cpg-resolved.bin	tc14_flow4	CWE690_NULL_Deref_From_Return__Class_String_14.java	61	CWE690_NULL_Deref_From_Return__Class_String_14.java	68
/home/swlab/Documents/swvul/java-vuln-detection/slicing/output/CPG/cwe690_cpg/cwe690-14-cpg-resolved.bin	tc14_flow5	CWE690_NULL_Deref_From_Return__Class_String_14.java	80	CWE690_NULL_Deref_From_Return__Class_String_14.java	92
/home/swlab/Documents/swvul/java-vuln-detection/slicing/output/CPG/cwe690_cpg/cwe690-15-cpg-resolved.bin	tc15_flow1	CWE690_NULL_Deref_From_Return__Class_String_15.java	32	CWE690_NULL_Deref_From_Return__Class_String_15.java	45
/home/swlab/Documents/swvul/java-vuln-detection/slicing/output/CPG/cwe690_cpg/cwe690-15-cpg-resolved.bin	tc15_flow2	CWE690_NULL_Deref_From_Return__Class_String_15.java	128	CWE690_NULL_Deref_From_Return__Class_String_15.java	145
/home/swlab/Documents/swvul/java-vuln-detection/slicing/output/CPG/cwe690_cpg/cwe690-15-cpg-resolved.bin	tc15_flow3	CWE690_NULL_Deref_From_Return__Class_String_15.java	163	CWE690_NULL_Deref_From_Return__Class_String_15.java	176
/home/swlab/Documents/swvul/java-vuln-detection/slicing/output/CPG/cwe690_cpg/cwe690-15-cpg-resolved.bin	tc15_flow4	CWE690_NULL_Deref_From_Return__Class_String_15.java	69	CWE690_NULL_Deref_From_Return__Class_String_15.java	77
/home/swlab/Documents/swvul/java-vuln-detection/slicing/output/CPG/cwe690_cpg/cwe690-15-cpg-resolved.bin	tc15_flow5	CWE690_NULL_Deref_From_Return__Class_String_15.java	96	CWE690_NULL_Deref_From_Return__Class_String_15.java	109
/home/swlab/Documents/swvul/java-vuln-detection/slicing/output/CPG/cwe690_cpg/cwe690-16-cpg-resolved.bin	tc16_flow1	CWE690_NULL_Deref_From_Return__Class_String_16.java	31	CWE690_NULL_Deref_From_Return__Class_String_16.java	38
/home/swlab/Documents/swvul/java-vuln-detection/slicing/output/CPG/cwe690_cpg/cwe690-16-cpg-resolved.bin	tc16_flow2	CWE690_NULL_Deref_From_Return__Class_String_16.java	74	CWE690_NULL_Deref_From_Return__Class_String_16.java	81
/home/swlab/Documents/swvul/java-vuln-detection/slicing/output/CPG/cwe690_cpg/cwe690-16-cpg-resolved.bin	tc16_flow3	CWE690_NULL_Deref_From_Return__Class_String_16.java	52	CWE690_NULL_Deref_From_Return__Class_String_16.java	59
/home/swlab/Documents/swvul/java-vuln-detection/slicing/output/CPG/cwe690_cpg/cwe690-17-cpg-resolved.bin	tc17_flow1	CWE690_NULL_Deref_From_Return__Class_String_17.java	34	CWE690_NULL_Deref_From_Return__Class_String_17.java	39
/home/swlab/Documents/swvul/java-vuln-detection/slicing/output/CPG/cwe690_cpg/cwe690-17-cpg-resolved.bin	tc17_flow2	CWE690_NULL_Deref_From_Return__Class_String_17.java	66	CWE690_NULL_Deref_From_Return__Class_String_17.java	71
/home/swlab/Documents/swvul/java-vuln-detection/slicing/output/CPG/cwe690_cpg/cwe690-17-cpg-resolved.bin	tc17_flow3	CWE690_NULL_Deref_From_Return__Class_String_17.java	50	CWE690_NULL_Deref_From_Return__Class_String_17.java	55
/home/swlab/Documents/swvul/java-vuln-detection/slicing/output/CPG/cwe690_cpg/cwe690-18-cpg-resolved.bin	tc18_flow1	CWE690_NULL_Deref_From_Return__Class_String_21.java	32	CWE690_NULL_Deref_From_Return__Class_String_21.java	43
/home/swlab/Documents/swvul/java-vuln-detection/slicing/output/CPG/cwe690_cpg/cwe690-18-cpg-resolved.bin	tc18_flow2	CWE690_NULL_Deref_From_Return__Class_String_21.java	66	CWE690_NULL_Deref_From_Return__Class_String_21.java	83
/home/swlab/Documents/swvul/java-vuln-detection/slicing/output/CPG/cwe690_cpg/cwe690-18-cpg-resolved.bin	tc18_flow3	CWE690_NULL_Deref_From_Return__Class_String_21.java	98	CWE690_NULL_Deref_From_Return__Class_String_21.java	109
/home/swlab/Documents/swvul/java-vuln-detection/slicing/output/CPG/cwe690_cpg/cwe690-18-cpg-resolved.bin	tc18_flow4	CWE690_NULL_Deref_From_Return__Class_String_21.java	123	CWE690_NULL_Deref_From_Return__Class_String_21.java	134
/home/swlab/Documents/swvul/java-vuln-detection/slicing/output/CPG/cwe690_cpg/cwe690-19-cpg-resolved.bin	tc19_flow1	CWE690_NULL_Deref_From_Return__Class_String_22a.java	33	CWE690_NULL_Deref_From_Return__Class_String_22b.java	29
/home/swlab/Documents/swvul/java-vuln-detection/slicing/output/CPG/cwe690_cpg/cwe690-19-cpg-resolved.bin	tc19_flow2	CWE690_NULL_Deref_From_Return__Class_String_22a.java	58	CWE690_NULL_Deref_From_Return__Class_String_22b.java	53
/home/swlab/Documents/swvul/java-vuln-detection/slicing/output/CPG/cwe690_cpg/cwe690-19-cpg-resolved.bin	tc19_flow3	CWE690_NULL_Deref_From_Return__Class_String_22a.java	70	CWE690_NULL_Deref_From_Return__Class_String_22b.java	68
/home/swlab/Documents/swvul/java-vuln-detection/slicing/output/CPG/cwe690_cpg/cwe690-19-cpg-resolved.bin	tc19_flow4	CWE690_NULL_Deref_From_Return__Class_String_22a.java	82	CWE690_NULL_Deref_From_Return__Class_String_22b.java	88
/home/swlab/Documents/swvul/java-vuln-detection/slicing/output/CPG/cwe690_cpg/cwe690-20-cpg-resolved.bin	tc20_flow1	CWE690_NULL_Deref_From_Return__Class_String_31.java	31	CWE690_NULL_Deref_From_Return__Class_String_31.java	39
/home/swlab/Documents/swvul/java-vuln-detection/slicing/output/CPG/cwe690_cpg/cwe690-20-cpg-resolved.bin	tc20_flow2	CWE690_NULL_Deref_From_Return__Class_String_31.java	83	CWE690_NULL_Deref_From_Return__Class_String_31.java	91
/home/swlab/Documents/swvul/java-vuln-detection/slicing/output/CPG/cwe690_cpg/cwe690-20-cpg-resolved.bin	tc20_flow3	CWE690_NULL_Deref_From_Return__Class_String_31.java	60	CWE690_NULL_Deref_From_Return__Class_String_31.java	68
/home/swlab/Documents/swvul/java-vuln-detection/slicing/output/CPG/cwe690_cpg/cwe690-21-cpg-resolved.bin	tc21_flow1	CWE690_NULL_Deref_From_Return__Class_String_41.java	39	CWE690_NULL_Deref_From_Return__Class_String_41.java	28
/home/swlab/Documents/swvul/java-vuln-detection/slicing/output/CPG/cwe690_cpg/cwe690-21-cpg-resolved.bin	tc21_flow2	CWE690_NULL_Deref_From_Return__Class_String_41.java	89	CWE690_NULL_Deref_From_Return__Class_String_41.java	75
/home/swlab/Documents/swvul/java-vuln-detection/slicing/output/CPG/cwe690_cpg/cwe690-21-cpg-resolved.bin	tc21_flow3	CWE690_NULL_Deref_From_Return__Class_String_41.java	66	CWE690_NULL_Deref_From_Return__Class_String_41.java	54
/home/swlab/Documents/swvul/java-vuln-detection/slicing/output/CPG/cwe690_cpg/cwe690-22-cpg-resolved.bin	tc22_flow1	CWE690_NULL_Deref_From_Return__Class_String_42.java	29	CWE690_NULL_Deref_From_Return__Class_String_42.java	39
/home/swlab/Documents/swvul/java-vuln-detection/slicing/output/CPG/cwe690_cpg/cwe690-22-cpg-resolved.bin	tc22_flow2	CWE690_NULL_Deref_From_Return__Class_String_42.java	73	CWE690_NULL_Deref_From_Return__Class_String_42.java	83
/home/swlab/Documents/swvul/java-vuln-detection/slicing/output/CPG/cwe690_cpg/cwe690-22-cpg-resolved.bin	tc22_flow3	CWE690_NULL_Deref_From_Return__Class_String_42.java	51	CWE690_NULL_Deref_From_Return__Class_String_42.java	61
/home/swlab/Documents/swvul/java-vuln-detection/slicing/output/CPG/cwe690_cpg/cwe690-23-cpg-resolved.bin	tc23_flow1	CWE690_NULL_Deref_From_Return__Class_String_45.java	44	CWE690_NULL_Deref_From_Return__Class_String_45.java	33
/home/swlab/Documents/swvul/java-vuln-detection/slicing/output/CPG/cwe690_cpg/cwe690-23-cpg-resolved.bin	tc23_flow2	CWE690_NULL_Deref_From_Return__Class_String_45.java	98	CWE690_NULL_Deref_From_Return__Class_String_45.java	84
/home/swlab/Documents/swvul/java-vuln-detection/slicing/output/CPG/cwe690_cpg/cwe690-23-cpg-resolved.bin	tc23_flow3	CWE690_NULL_Deref_From_Return__Class_String_45.java	73	CWE690_NULL_Deref_From_Return__Class_String_45.java	61
/home/swlab/Documents/swvul/java-vuln-detection/slicing/output/CPG/cwe690_cpg/cwe690-24-cpg-resolved.bin	tc24_flow1	CWE690_NULL_Deref_From_Return__Class_String_51a.java	29	CWE690_NULL_Deref_From_Return__Class_String_51b.java	28
/home/swlab/Documents/swvul/java-vuln-detection/slicing/output/CPG/cwe690_cpg/cwe690-24-cpg-resolved.bin	tc24_flow2	CWE690_NULL_Deref_From_Return__Class_String_51a.java	57	CWE690_NULL_Deref_From_Return__Class_String_51b.java	50
/home/swlab/Documents/swvul/java-vuln-detection/slicing/output/CPG/cwe690_cpg/cwe690-24-cpg-resolved.bin	tc24_flow3	CWE690_NULL_Deref_From_Return__Class_String_51a.java	46	CWE690_NULL_Deref_From_Return__Class_String_51b.java	39
/home/swlab/Documents/swvul/java-vuln-detection/slicing/output/CPG/cwe690_cpg/cwe690-25-cpg-resolved.bin	tc25_flow1	CWE690_NULL_Deref_From_Return__Class_String_52a.java	29	CWE690_NULL_Deref_From_Return__Class_String_52c.java	28
/home/swlab/Documents/swvul/java-vuln-detection/slicing/output/CPG/cwe690_cpg/cwe690-25-cpg-resolved.bin	tc25_flow2	CWE690_NULL_Deref_From_Return__Class_String_52a.java	57	CWE690_NULL_Deref_From_Return__Class_String_52c.java	50
/home/swlab/Documents/swvul/java-vuln-detection/slicing/output/CPG/cwe690_cpg/cwe690-25-cpg-resolved.bin	tc25_flow3	CWE690_NULL_Deref_From_Return__Class_String_52a.java	46	CWE690_NULL_Deref_From_Return__Class_String_52c.java	39
/home/swlab/Documents/swvul/java-vuln-detection/slicing/output/CPG/cwe690_cpg/cwe690-26-cpg-resolved.bin	tc26_flow1	CWE690_NULL_Deref_From_Return__Class_String_53a.java	29	CWE690_NULL_Deref_From_Return__Class_String_53d.java	28
/home/swlab/Documents/swvul/java-vuln-detection/slicing/output/CPG/cwe690_cpg/cwe690-26-cpg-resolved.bin	tc26_flow2	CWE690_NULL_Deref_From_Return__Class_String_53a.java	57	CWE690_NULL_Deref_From_Return__Class_String_53d.java	50
/home/swlab/Documents/swvul/java-vuln-detection/slicing/output/CPG/cwe690_cpg/cwe690-26-cpg-resolved.bin	tc26_flow3	CWE690_NULL_Deref_From_Return__Class_String_53a.java	46	CWE690_NULL_Deref_From_Return__Class_String_53d.java	39
/home/swlab/Documents/swvul/java-vuln-detection/slicing/output/CPG/cwe690_cpg/cwe690-27-cpg-resolved.bin	tc27_flow1	CWE690_NULL_Deref_From_Return__Class_String_54a.java	29	CWE690_NULL_Deref_From_Return__Class_String_54e.java	28
/home/swlab/Documents/swvul/java-vuln-detection/slicing/output/CPG/cwe690_cpg/cwe690-27-cpg-resolved.bin	tc27_flow2	CWE690_NULL_Deref_From_Return__Class_String_54a.java	57	CWE690_NULL_Deref_From_Return__Class_String_54e.java	50
/home/swlab/Documents/swvul/java-vuln-detection/slicing/output/CPG/cwe690_cpg/cwe690-27-cpg-resolved.bin	tc27_flow3	CWE690_NULL_Deref_From_Return__Class_String_54a.java	46	CWE690_NULL_Deref_From_Return__Class_String_54e.java	39
/home/swlab/Documents/swvul/java-vuln-detection/slicing/output/CPG/cwe690_cpg/cwe690-28-cpg-resolved.bin	tc28_flow1	CWE690_NULL_Deref_From_Return__Class_String_61b.java	29	CWE690_NULL_Deref_From_Return__Class_String_61a.java	29
/home/swlab/Documents/swvul/java-vuln-detection/slicing/output/CPG/cwe690_cpg/cwe690-28-cpg-resolved.bin	tc28_flow2	CWE690_NULL_Deref_From_Return__Class_String_61b.java	51	CWE690_NULL_Deref_From_Return__Class_String_61a.java	59
/home/swlab/Documents/swvul/java-vuln-detection/slicing/output/CPG/cwe690_cpg/cwe690-28-cpg-resolved.bin	tc28_flow3	CWE690_NULL_Deref_From_Return__Class_String_61b.java	40	CWE690_NULL_Deref_From_Return__Class_String_61a.java	47
/home/swlab/Documents/swvul/java-vuln-detection/slicing/output/CPG/cwe690_cpg/cwe690-29-cpg-resolved.bin	tc29_flow1	CWE690_NULL_Deref_From_Return__Class_String_66a.java	29	CWE690_NULL_Deref_From_Return__Class_String_66b.java	29
/home/swlab/Documents/swvul/java-vuln-detection/slicing/output/CPG/cwe690_cpg/cwe690-29-cpg-resolved.bin	tc29_flow2	CWE690_NULL_Deref_From_Return__Class_String_66a.java	61	CWE690_NULL_Deref_From_Return__Class_String_66b.java	53
/home/swlab/Documents/swvul/java-vuln-detection/slicing/output/CPG/cwe690_cpg/cwe690-29-cpg-resolved.bin	tc29_flow3	CWE690_NULL_Deref_From_Return__Class_String_66a.java	48	CWE690_NULL_Deref_From_Return__Class_String_66b.java	41
/home/swlab/Documents/swvul/java-vuln-detection/slicing/output/CPG/cwe690_cpg/cwe690-30-cpg-resolved.bin	tc30_flow1	CWE690_NULL_Deref_From_Return__Class_String_67a.java	34	CWE690_NULL_Deref_From_Return__Class_String_67b.java	29
/home/swlab/Documents/swvul/java-vuln-detection/slicing/output/CPG/cwe690_cpg/cwe690-30-cpg-resolved.bin	tc30_flow2	CWE690_NULL_Deref_From_Return__Class_String_67a.java	66	CWE690_NULL_Deref_From_Return__Class_String_67b.java	53
/home/swlab/Documents/swvul/java-vuln-detection/slicing/output/CPG/cwe690_cpg/cwe690-30-cpg-resolved.bin	tc30_flow3	CWE690_NULL_Deref_From_Return__Class_String_67a.java	53	CWE690_NULL_Deref_From_Return__Class_String_67b.java	41
/home/swlab/Documents/swvul/java-vuln-detection/slicing/output/CPG/cwe690_cpg/cwe690-31-cpg-resolved.bin	tc31_flow1	CWE690_NULL_Deref_From_Return__Class_String_68a.java	30	CWE690_NULL_Deref_From_Return__Class_String_68b.java	29
/home/swlab/Documents/swvul/java-vuln-detection/slicing/output/CPG/cwe690_cpg/cwe690-31-cpg-resolved.bin	tc31_flow2	CWE690_NULL_Deref_From_Return__Class_String_68a.java	56	CWE690_NULL_Deref_From_Return__Class_String_68b.java	53
/home/swlab/Documents/swvul/java-vuln-detection/slicing/output/CPG/cwe690_cpg/cwe690-31-cpg-resolved.bin	tc31_flow3	CWE690_NULL_Deref_From_Return__Class_String_68a.java	46	CWE690_NULL_Deref_From_Return__Class_String_68b.java	41
/home/swlab/Documents/swvul/java-vuln-detection/slicing/output/CPG/cwe690_cpg/cwe690-32-cpg-resolved.bin	tc32_flow1	CWE690_NULL_Deref_From_Return__Class_String_71a.java	29	CWE690_NULL_Deref_From_Return__Class_String_71b.java	29
/home/swlab/Documents/swvul/java-vuln-detection/slicing/output/CPG/cwe690_cpg/cwe690-32-cpg-resolved.bin	tc32_flow2	CWE690_NULL_Deref_From_Return__Class_String_71a.java	57	CWE690_NULL_Deref_From_Return__Class_String_71b.java	53
/home/swlab/Documents/swvul/java-vuln-detection/slicing/output/CPG/cwe690_cpg/cwe690-32-cpg-resolved.bin	tc32_flow3	CWE690_NULL_Deref_From_Return__Class_String_71a.java	46	CWE690_NULL_Deref_From_Return__Class_String_71b.java	41
/home/swlab/Documents/swvul/java-vuln-detection/slicing/output/CPG/cwe690_cpg/cwe690-33-cpg-resolved.bin	tc33_flow1	CWE690_NULL_Deref_From_Return__Class_String_72a.java	30	CWE690_NULL_Deref_From_Return__Class_String_72b.java	30
/home/swlab/Documents/swvul/java-vuln-detection/slicing/output/CPG/cwe690_cpg/cwe690-33-cpg-resolved.bin	tc33_flow2	CWE690_NULL_Deref_From_Return__Class_String_72a.java	66	CWE690_NULL_Deref_From_Return__Class_String_72b.java	54
/home/swlab/Documents/swvul/java-vuln-detection/slicing/output/CPG/cwe690_cpg/cwe690-33-cpg-resolved.bin	tc33_flow3	CWE690_NULL_Deref_From_Return__Class_String_72a.java	51	CWE690_NULL_Deref_From_Return__Class_String_72b.java	42
/home/swlab/Documents/swvul/java-vuln-detection/slicing/output/CPG/cwe690_cpg/cwe690-34-cpg-resolved.bin	tc34_flow1	CWE690_NULL_Deref_From_Return__Class_String_73a.java	30	CWE690_NULL_Deref_From_Return__Class_String_73b.java	30
/home/swlab/Documents/swvul/java-vuln-detection/slicing/output/CPG/cwe690_cpg/cwe690-34-cpg-resolved.bin	tc34_flow2	CWE690_NULL_Deref_From_Return__Class_String_73a.java	66	CWE690_NULL_Deref_From_Return__Class_String_73b.java	54
/home/swlab/Documents/swvul/java-vuln-detection/slicing/output/CPG/cwe690_cpg/cwe690-34-cpg-resolved.bin	tc34_flow3	CWE690_NULL_Deref_From_Return__Class_String_73a.java	51	CWE690_NULL_Deref_From_Return__Class_String_73b.java	42
/home/swlab/Documents/swvul/java-vuln-detection/slicing/output/CPG/cwe690_cpg/cwe690-35-cpg-resolved.bin	tc35_flow1	CWE690_NULL_Deref_From_Return__Class_String_74a.java	30	CWE690_NULL_Deref_From_Return__Class_String_74b.java	30
/home/swlab/Documents/swvul/java-vuln-detection/slicing/output/CPG/cwe690_cpg/cwe690-35-cpg-resolved.bin	tc35_flow2	CWE690_NULL_Deref_From_Return__Class_String_74a.java	66	CWE690_NULL_Deref_From_Return__Class_String_74b.java	54
/home/swlab/Documents/swvul/java-vuln-detection/slicing/output/CPG/cwe690_cpg/cwe690-35-cpg-resolved.bin	tc35_flow3	CWE690_NULL_Deref_From_Return__Class_String_74a.java	51	CWE690_NULL_Deref_From_Return__Class_String_74b.java	42
/home/swlab/Documents/swvul/java-vuln-detection/slicing/output/CPG/cwe690_cpg/cwe690-36-cpg-resolved.bin	tc36_flow1	CWE690_NULL_Deref_From_Return__Class_String_75a.java	34	CWE690_NULL_Deref_From_Return__Class_String_75b.java	41
/home/swlab/Documents/swvul/java-vuln-detection/slicing/output/CPG/cwe690_cpg/cwe690-36-cpg-resolved.bin	tc36_flow2	CWE690_NULL_Deref_From_Return__Class_String_75a.java	146	CWE690_NULL_Deref_From_Return__Class_String_75b.java	152
/home/swlab/Documents/swvul/java-vuln-detection/slicing/output/CPG/cwe690_cpg/cwe690-36-cpg-resolved.bin	tc36_flow3	CWE690_NULL_Deref_From_Return__Class_String_75a.java	93	CWE690_NULL_Deref_From_Return__Class_String_75b.java	96
/home/swlab/Documents/swvul/java-vuln-detection/slicing/output/CPG/cwe690_cpg/cwe690-37-cpg-resolved.bin	tc37_flow1	CWE690_NULL_Deref_From_Return__Class_String_81a.java	29	CWE690_NULL_Deref_From_Return__Class_String_81_bad.java	28
/home/swlab/Documents/swvul/java-vuln-detection/slicing/output/CPG/cwe690_cpg/cwe690-37-cpg-resolved.bin	tc37_flow2	CWE690_NULL_Deref_From_Return__Class_String_81a.java	59	CWE690_NULL_Deref_From_Return__Class_String_81_goodB2G.java	28
/home/swlab/Documents/swvul/java-vuln-detection/slicing/output/CPG/cwe690_cpg/cwe690-37-cpg-resolved.bin	tc37_flow3	CWE690_NULL_Deref_From_Return__Class_String_81a.java	47	CWE690_NULL_Deref_From_Return__Class_String_81_goodG2B.java	28
/home/swlab/Documents/swvul/java-vuln-detection/slicing/output/CPG/cwe690_cpg/cwe690-38-cpg-resolved.bin	tc38_flow1	CWE690_NULL_Deref_From_Return__Class_StringBuilder_01.java	29	CWE690_NULL_Deref_From_Return__Class_StringBuilder_01.java	32
/home/swlab/Documents/swvul/java-vuln-detection/slicing/output/CPG/cwe690_cpg/cwe690-38-cpg-resolved.bin	tc38_flow2	CWE690_NULL_Deref_From_Return__Class_StringBuilder_01.java	65	CWE690_NULL_Deref_From_Return__Class_StringBuilder_01.java	68
/home/swlab/Documents/swvul/java-vuln-detection/slicing/output/CPG/cwe690_cpg/cwe690-38-cpg-resolved.bin	tc38_flow3	CWE690_NULL_Deref_From_Return__Class_StringBuilder_01.java	50	CWE690_NULL_Deref_From_Return__Class_StringBuilder_01.java	53
/home/swlab/Documents/swvul/java-vuln-detection/slicing/output/CPG/cwe690_cpg/cwe690-39-cpg-resolved.bin	tc39_flow1	CWE690_NULL_Deref_From_Return__Class_StringBuilder_02.java	30	CWE690_NULL_Deref_From_Return__Class_StringBuilder_02.java	42
/home/swlab/Documents/swvul/java-vuln-detection/slicing/output/CPG/cwe690_cpg/cwe690-39-cpg-resolved.bin	tc39_flow2	CWE690_NULL_Deref_From_Return__Class_StringBuilder_02.java	104	CWE690_NULL_Deref_From_Return__Class_StringBuilder_02.java	122
/home/swlab/Documents/swvul/java-vuln-detection/slicing/output/CPG/cwe690_cpg/cwe690-39-cpg-resolved.bin	tc39_flow3	CWE690_NULL_Deref_From_Return__Class_StringBuilder_02.java	138	CWE690_NULL_Deref_From_Return__Class_StringBuilder_02.java	150
/home/swlab/Documents/swvul/java-vuln-detection/slicing/output/CPG/cwe690_cpg/cwe690-39-cpg-resolved.bin	tc39_flow4	CWE690_NULL_Deref_From_Return__Class_StringBuilder_02.java	61	CWE690_NULL_Deref_From_Return__Class_StringBuilder_02.java	68
/home/swlab/Documents/swvul/java-vuln-detection/slicing/output/CPG/cwe690_cpg/cwe690-39-cpg-resolved.bin	tc39_flow5	CWE690_NULL_Deref_From_Return__Class_StringBuilder_02.java	80	CWE690_NULL_Deref_From_Return__Class_StringBuilder_02.java	92
/home/swlab/Documents/swvul/java-vuln-detection/slicing/output/CPG/cwe690_cpg/cwe690-40-cpg-resolved.bin	tc40_flow1	CWE690_NULL_Deref_From_Return__Class_StringBuilder_03.java	30	CWE690_NULL_Deref_From_Return__Class_StringBuilder_03.java	42
/home/swlab/Documents/swvul/java-vuln-detection/slicing/output/CPG/cwe690_cpg/cwe690-40-cpg-resolved.bin	tc40_flow2	CWE690_NULL_Deref_From_Return__Class_StringBuilder_03.java	104	CWE690_NULL_Deref_From_Return__Class_StringBuilder_03.java	122
/home/swlab/Documents/swvul/java-vuln-detection/slicing/output/CPG/cwe690_cpg/cwe690-40-cpg-resolved.bin	tc40_flow3	CWE690_NULL_Deref_From_Return__Class_StringBuilder_03.java	138	CWE690_NULL_Deref_From_Return__Class_StringBuilder_03.java	150
/home/swlab/Documents/swvul/java-vuln-detection/slicing/output/CPG/cwe690_cpg/cwe690-40-cpg-resolved.bin	tc40_flow4	CWE690_NULL_Deref_From_Return__Class_StringBuilder_03.java	61	CWE690_NULL_Deref_From_Return__Class_StringBuilder_03.java	68
/home/swlab/Documents/swvul/java-vuln-detection/slicing/output/CPG/cwe690_cpg/cwe690-40-cpg-resolved.bin	tc40_flow5	CWE690_NULL_Deref_From_Return__Class_StringBuilder_03.java	80	CWE690_NULL_Deref_From_Return__Class_StringBuilder_03.java	92
/home/swlab/Documents/swvul/java-vuln-detection/slicing/output/CPG/cwe690_cpg/cwe690-41-cpg-resolved.bin	tc41_flow1	CWE690_NULL_Deref_From_Return__Class_StringBuilder_04.java	37	CWE690_NULL_Deref_From_Return__Class_StringBuilder_04.java	49
/home/swlab/Documents/swvul/java-vuln-detection/slicing/output/CPG/cwe690_cpg/cwe690-41-cpg-resolved.bin	tc41_flow2	CWE690_NULL_Deref_From_Return__Class_StringBuilder_04.java	111	CWE690_NULL_Deref_From_Return__Class_StringBuilder_04.java	129
/home/swlab/Documents/swvul/java-vuln-detection/slicing/output/CPG/cwe690_cpg/cwe690-41-cpg-resolved.bin	tc41_flow3	CWE690_NULL_Deref_From_Return__Class_StringBuilder_04.java	145	CWE690_NULL_Deref_From_Return__Class_StringBuilder_04.java	157
/home/swlab/Documents/swvul/java-vuln-detection/slicing/output/CPG/cwe690_cpg/cwe690-41-cpg-resolved.bin	tc41_flow4	CWE690_NULL_Deref_From_Return__Class_StringBuilder_04.java	68	CWE690_NULL_Deref_From_Return__Class_StringBuilder_04.java	75
/home/swlab/Documents/swvul/java-vuln-detection/slicing/output/CPG/cwe690_cpg/cwe690-41-cpg-resolved.bin	tc41_flow5	CWE690_NULL_Deref_From_Return__Class_StringBuilder_04.java	87	CWE690_NULL_Deref_From_Return__Class_StringBuilder_04.java	99
/home/swlab/Documents/swvul/java-vuln-detection/slicing/output/CPG/cwe690_cpg/cwe690-42-cpg-resolved.bin	tc42_flow1	CWE690_NULL_Deref_From_Return__Class_StringBuilder_05.java	37	CWE690_NULL_Deref_From_Return__Class_StringBuilder_05.java	49
/home/swlab/Documents/swvul/java-vuln-detection/slicing/output/CPG/cwe690_cpg/cwe690-42-cpg-resolved.bin	tc42_flow2	CWE690_NULL_Deref_From_Return__Class_StringBuilder_05.java	112	CWE690_NULL_Deref_From_Return__Class_StringBuilder_05.java	130
/home/swlab/Documents/swvul/java-vuln-detection/slicing/output/CPG/cwe690_cpg/cwe690-42-cpg-resolved.bin	tc42_flow3	CWE690_NULL_Deref_From_Return__Class_StringBuilder_05.java	146	CWE690_NULL_Deref_From_Return__Class_StringBuilder_05.java	158
/home/swlab/Documents/swvul/java-vuln-detection/slicing/output/CPG/cwe690_cpg/cwe690-42-cpg-resolved.bin	tc42_flow4	CWE690_NULL_Deref_From_Return__Class_StringBuilder_05.java	68	CWE690_NULL_Deref_From_Return__Class_StringBuilder_05.java	75
/home/swlab/Documents/swvul/java-vuln-detection/slicing/output/CPG/cwe690_cpg/cwe690-42-cpg-resolved.bin	tc42_flow5	CWE690_NULL_Deref_From_Return__Class_StringBuilder_05.java	87	CWE690_NULL_Deref_From_Return__Class_StringBuilder_05.java	99
/home/swlab/Documents/swvul/java-vuln-detection/slicing/output/CPG/cwe690_cpg/cwe690-43-cpg-resolved.bin	tc43_flow1	CWE690_NULL_Deref_From_Return__Class_StringBuilder_06.java	35	CWE690_NULL_Deref_From_Return__Class_StringBuilder_06.java	47
/home/swlab/Documents/swvul/java-vuln-detection/slicing/output/CPG/cwe690_cpg/cwe690-43-cpg-resolved.bin	tc43_flow2	CWE690_NULL_Deref_From_Return__Class_StringBuilder_06.java	109	CWE690_NULL_Deref_From_Return__Class_StringBuilder_06.java	127
/home/swlab/Documents/swvul/java-vuln-detection/slicing/output/CPG/cwe690_cpg/cwe690-43-cpg-resolved.bin	tc43_flow3	CWE690_NULL_Deref_From_Return__Class_StringBuilder_06.java	143	CWE690_NULL_Deref_From_Return__Class_StringBuilder_06.java	155
/home/swlab/Documents/swvul/java-vuln-detection/slicing/output/CPG/cwe690_cpg/cwe690-43-cpg-resolved.bin	tc43_flow4	CWE690_NULL_Deref_From_Return__Class_StringBuilder_06.java	66	CWE690_NULL_Deref_From_Return__Class_StringBuilder_06.java	73
/home/swlab/Documents/swvul/java-vuln-detection/slicing/output/CPG/cwe690_cpg/cwe690-43-cpg-resolved.bin	tc43_flow5	CWE690_NULL_Deref_From_Return__Class_StringBuilder_06.java	85	CWE690_NULL_Deref_From_Return__Class_StringBuilder_06.java	97
/home/swlab/Documents/swvul/java-vuln-detection/slicing/output/CPG/cwe690_cpg/cwe690-44-cpg-resolved.bin	tc44_flow1	CWE690_NULL_Deref_From_Return__Class_StringBuilder_07.java	35	CWE690_NULL_Deref_From_Return__Class_StringBuilder_07.java	47
/home/swlab/Documents/swvul/java-vuln-detection/slicing/output/CPG/cwe690_cpg/cwe690-44-cpg-resolved.bin	tc44_flow2	CWE690_NULL_Deref_From_Return__Class_StringBuilder_07.java	109	CWE690_NULL_Deref_From_Return__Class_StringBuilder_07.java	127
/home/swlab/Documents/swvul/java-vuln-detection/slicing/output/CPG/cwe690_cpg/cwe690-44-cpg-resolved.bin	tc44_flow3	CWE690_NULL_Deref_From_Return__Class_StringBuilder_07.java	143	CWE690_NULL_Deref_From_Return__Class_StringBuilder_07.java	155
/home/swlab/Documents/swvul/java-vuln-detection/slicing/output/CPG/cwe690_cpg/cwe690-44-cpg-resolved.bin	tc44_flow4	CWE690_NULL_Deref_From_Return__Class_StringBuilder_07.java	66	CWE690_NULL_Deref_From_Return__Class_StringBuilder_07.java	73
/home/swlab/Documents/swvul/java-vuln-detection/slicing/output/CPG/cwe690_cpg/cwe690-44-cpg-resolved.bin	tc44_flow5	CWE690_NULL_Deref_From_Return__Class_StringBuilder_07.java	85	CWE690_NULL_Deref_From_Return__Class_StringBuilder_07.java	97
/home/swlab/Documents/swvul/java-vuln-detection/slicing/output/CPG/cwe690_cpg/cwe690-45-cpg-resolved.bin	tc45_flow1	CWE690_NULL_Deref_From_Return__Class_StringBuilder_08.java	43	CWE690_NULL_Deref_From_Return__Class_StringBuilder_08.java	55
/home/swlab/Documents/swvul/java-vuln-detection/slicing/output/CPG/cwe690_cpg/cwe690-45-cpg-resolved.bin	tc45_flow2	CWE690_NULL_Deref_From_Return__Class_StringBuilder_08.java	117	CWE690_NULL_Deref_From_Return__Class_StringBuilder_08.java	135
/home/swlab/Documents/swvul/java-vuln-detection/slicing/output/CPG/cwe690_cpg/cwe690-45-cpg-resolved.bin	tc45_flow3	CWE690_NULL_Deref_From_Return__Class_StringBuilder_08.java	151	CWE690_NULL_Deref_From_Return__Class_StringBuilder_08.java	163
/home/swlab/Documents/swvul/java-vuln-detection/slicing/output/CPG/cwe690_cpg/cwe690-45-cpg-resolved.bin	tc45_flow4	CWE690_NULL_Deref_From_Return__Class_StringBuilder_08.java	74	CWE690_NULL_Deref_From_Return__Class_StringBuilder_08.java	81
/home/swlab/Documents/swvul/java-vuln-detection/slicing/output/CPG/cwe690_cpg/cwe690-45-cpg-resolved.bin	tc45_flow5	CWE690_NULL_Deref_From_Return__Class_StringBuilder_08.java	93	CWE690_NULL_Deref_From_Return__Class_StringBuilder_08.java	105
/home/swlab/Documents/swvul/java-vuln-detection/slicing/output/CPG/cwe690_cpg/cwe690-46-cpg-resolved.bin	tc46_flow1	CWE690_NULL_Deref_From_Return__Class_StringBuilder_09.java	30	CWE690_NULL_Deref_From_Return__Class_StringBuilder_09.java	42
/home/swlab/Documents/swvul/java-vuln-detection/slicing/output/CPG/cwe690_cpg/cwe690-46-cpg-resolved.bin	tc46_flow2	CWE690_NULL_Deref_From_Return__Class_StringBuilder_09.java	104	CWE690_NULL_Deref_From_Return__Class_StringBuilder_09.java	122
/home/swlab/Documents/swvul/java-vuln-detection/slicing/output/CPG/cwe690_cpg/cwe690-46-cpg-resolved.bin	tc46_flow3	CWE690_NULL_Deref_From_Return__Class_StringBuilder_09.java	138	CWE690_NULL_Deref_From_Return__Class_StringBuilder_09.java	150
/home/swlab/Documents/swvul/java-vuln-detection/slicing/output/CPG/cwe690_cpg/cwe690-46-cpg-resolved.bin	tc46_flow4	CWE690_NULL_Deref_From_Return__Class_StringBuilder_09.java	61	CWE690_NULL_Deref_From_Return__Class_StringBuilder_09.java	68
/home/swlab/Documents/swvul/java-vuln-detection/slicing/output/CPG/cwe690_cpg/cwe690-46-cpg-resolved.bin	tc46_flow5	CWE690_NULL_Deref_From_Return__Class_StringBuilder_09.java	80	CWE690_NULL_Deref_From_Return__Class_StringBuilder_09.java	92
/home/swlab/Documents/swvul/java-vuln-detection/slicing/output/CPG/cwe690_cpg/cwe690-47-cpg-resolved.bin	tc47_flow1	CWE690_NULL_Deref_From_Return__Class_StringBuilder_10.java	30	CWE690_NULL_Deref_From_Return__Class_StringBuilder_10.java	42
/home/swlab/Documents/swvul/java-vuln-detection/slicing/output/CPG/cwe690_cpg/cwe690-47-cpg-resolved.bin	tc47_flow2	CWE690_NULL_Deref_From_Return__Class_StringBuilder_10.java	104	CWE690_NULL_Deref_From_Return__Class_StringBuilder_10.java	122
/home/swlab/Documents/swvul/java-vuln-detection/slicing/output/CPG/cwe690_cpg/cwe690-47-cpg-resolved.bin	tc47_flow3	CWE690_NULL_Deref_From_Return__Class_StringBuilder_10.java	138	CWE690_NULL_Deref_From_Return__Class_StringBuilder_10.java	150
/home/swlab/Documents/swvul/java-vuln-detection/slicing/output/CPG/cwe690_cpg/cwe690-47-cpg-resolved.bin	tc47_flow4	CWE690_NULL_Deref_From_Return__Class_StringBuilder_10.java	61	CWE690_NULL_Deref_From_Return__Class_StringBuilder_10.java	68
/home/swlab/Documents/swvul/java-vuln-detection/slicing/output/CPG/cwe690_cpg/cwe690-47-cpg-resolved.bin	tc47_flow5	CWE690_NULL_Deref_From_Return__Class_StringBuilder_10.java	80	CWE690_NULL_Deref_From_Return__Class_StringBuilder_10.java	92
/home/swlab/Documents/swvul/java-vuln-detection/slicing/output/CPG/cwe690_cpg/cwe690-48-cpg-resolved.bin	tc48_flow1	CWE690_NULL_Deref_From_Return__Class_StringBuilder_11.java	30	CWE690_NULL_Deref_From_Return__Class_StringBuilder_11.java	42
/home/swlab/Documents/swvul/java-vuln-detection/slicing/output/CPG/cwe690_cpg/cwe690-48-cpg-resolved.bin	tc48_flow2	CWE690_NULL_Deref_From_Return__Class_StringBuilder_11.java	105	CWE690_NULL_Deref_From_Return__Class_StringBuilder_11.java	123
/home/swlab/Documents/swvul/java-vuln-detection/slicing/output/CPG/cwe690_cpg/cwe690-48-cpg-resolved.bin	tc48_flow3	CWE690_NULL_Deref_From_Return__Class_StringBuilder_11.java	139	CWE690_NULL_Deref_From_Return__Class_StringBuilder_11.java	151
/home/swlab/Documents/swvul/java-vuln-detection/slicing/output/CPG/cwe690_cpg/cwe690-48-cpg-resolved.bin	tc48_flow4	CWE690_NULL_Deref_From_Return__Class_StringBuilder_11.java	61	CWE690_NULL_Deref_From_Return__Class_StringBuilder_11.java	68
/home/swlab/Documents/swvul/java-vuln-detection/slicing/output/CPG/cwe690_cpg/cwe690-48-cpg-resolved.bin	tc48_flow5	CWE690_NULL_Deref_From_Return__Class_StringBuilder_11.java	81	CWE690_NULL_Deref_From_Return__Class_StringBuilder_11.java	93
/home/swlab/Documents/swvul/java-vuln-detection/slicing/output/CPG/cwe690_cpg/cwe690-49-cpg-resolved.bin	tc49_flow2	CWE690_NULL_Deref_From_Return__Class_StringBuilder_12.java	102	CWE690_NULL_Deref_From_Return__Class_StringBuilder_12.java	125
/home/swlab/Documents/swvul/java-vuln-detection/slicing/output/CPG/cwe690_cpg/cwe690-49-cpg-resolved.bin	tc49_flow3	CWE690_NULL_Deref_From_Return__Class_StringBuilder_12.java	67	CWE690_NULL_Deref_From_Return__Class_StringBuilder_12.java	87
/home/swlab/Documents/swvul/java-vuln-detection/slicing/output/CPG/cwe690_cpg/cwe690-50-cpg-resolved.bin	tc50_flow1	CWE690_NULL_Deref_From_Return__Class_StringBuilder_13.java	30	CWE690_NULL_Deref_From_Return__Class_StringBuilder_13.java	42
/home/swlab/Documents/swvul/java-vuln-detection/slicing/output/CPG/cwe690_cpg/cwe690-50-cpg-resolved.bin	tc50_flow2	CWE690_NULL_Deref_From_Return__Class_StringBuilder_13.java	104	CWE690_NULL_Deref_From_Return__Class_StringBuilder_13.java	122
/home/swlab/Documents/swvul/java-vuln-detection/slicing/output/CPG/cwe690_cpg/cwe690-50-cpg-resolved.bin	tc50_flow3	CWE690_NULL_Deref_From_Return__Class_StringBuilder_13.java	138	CWE690_NULL_Deref_From_Return__Class_StringBuilder_13.java	150
/home/swlab/Documents/swvul/java-vuln-detection/slicing/output/CPG/cwe690_cpg/cwe690-50-cpg-resolved.bin	tc50_flow4	CWE690_NULL_Deref_From_Return__Class_StringBuilder_13.java	61	CWE690_NULL_Deref_From_Return__Class_StringBuilder_13.java	68
/home/swlab/Documents/swvul/java-vuln-detection/slicing/output/CPG/cwe690_cpg/cwe690-50-cpg-resolved.bin	tc50_flow5	CWE690_NULL_Deref_From_Return__Class_StringBuilder_13.java	80	CWE690_NULL_Deref_From_Return__Class_StringBuilder_13.java	92
/home/swlab/Documents/swvul/java-vuln-detection/slicing/output/CPG/cwe690_cpg/cwe690-51-cpg-resolved.bin	tc51_flow1	CWE690_NULL_Deref_From_Return__Class_StringBuilder_14.java	30	CWE690_NULL_Deref_From_Return__Class_StringBuilder_14.java	42
/home/swlab/Documents/swvul/java-vuln-detection/slicing/output/CPG/cwe690_cpg/cwe690-51-cpg-resolved.bin	tc51_flow2	CWE690_NULL_Deref_From_Return__Class_StringBuilder_14.java	104	CWE690_NULL_Deref_From_Return__Class_StringBuilder_14.java	122
/home/swlab/Documents/swvul/java-vuln-detection/slicing/output/CPG/cwe690_cpg/cwe690-51-cpg-resolved.bin	tc51_flow3	CWE690_NULL_Deref_From_Return__Class_StringBuilder_14.java	138	CWE690_NULL_Deref_From_Return__Class_StringBuilder_14.java	150
/home/swlab/Documents/swvul/java-vuln-detection/slicing/output/CPG/cwe690_cpg/cwe690-51-cpg-resolved.bin	tc51_flow4	CWE690_NULL_Deref_From_Return__Class_StringBuilder_14.java	61	CWE690_NULL_Deref_From_Return__Class_StringBuilder_14.java	68
/home/swlab/Documents/swvul/java-vuln-detection/slicing/output/CPG/cwe690_cpg/cwe690-51-cpg-resolved.bin	tc51_flow5	CWE690_NULL_Deref_From_Return__Class_StringBuilder_14.java	80	CWE690_NULL_Deref_From_Return__Class_StringBuilder_14.java	92
/home/swlab/Documents/swvul/java-vuln-detection/slicing/output/CPG/cwe690_cpg/cwe690-52-cpg-resolved.bin	tc52_flow1	CWE690_NULL_Deref_From_Return__Class_StringBuilder_15.java	32	CWE690_NULL_Deref_From_Return__Class_StringBuilder_15.java	45
/home/swlab/Documents/swvul/java-vuln-detection/slicing/output/CPG/cwe690_cpg/cwe690-52-cpg-resolved.bin	tc52_flow2	CWE690_NULL_Deref_From_Return__Class_StringBuilder_15.java	128	CWE690_NULL_Deref_From_Return__Class_StringBuilder_15.java	145
/home/swlab/Documents/swvul/java-vuln-detection/slicing/output/CPG/cwe690_cpg/cwe690-52-cpg-resolved.bin	tc52_flow3	CWE690_NULL_Deref_From_Return__Class_StringBuilder_15.java	163	CWE690_NULL_Deref_From_Return__Class_StringBuilder_15.java	176
/home/swlab/Documents/swvul/java-vuln-detection/slicing/output/CPG/cwe690_cpg/cwe690-52-cpg-resolved.bin	tc52_flow4	CWE690_NULL_Deref_From_Return__Class_StringBuilder_15.java	69	CWE690_NULL_Deref_From_Return__Class_StringBuilder_15.java	77
/home/swlab/Documents/swvul/java-vuln-detection/slicing/output/CPG/cwe690_cpg/cwe690-52-cpg-resolved.bin	tc52_flow5	CWE690_NULL_Deref_From_Return__Class_StringBuilder_15.java	96	CWE690_NULL_Deref_From_Return__Class_StringBuilder_15.java	109
/home/swlab/Documents/swvul/java-vuln-detection/slicing/output/CPG/cwe690_cpg/cwe690-53-cpg-resolved.bin	tc53_flow1	CWE690_NULL_Deref_From_Return__Class_StringBuilder_16.java	31	CWE690_NULL_Deref_From_Return__Class_StringBuilder_16.java	38
/home/swlab/Documents/swvul/java-vuln-detection/slicing/output/CPG/cwe690_cpg/cwe690-53-cpg-resolved.bin	tc53_flow2	CWE690_NULL_Deref_From_Return__Class_StringBuilder_16.java	74	CWE690_NULL_Deref_From_Return__Class_StringBuilder_16.java	81
/home/swlab/Documents/swvul/java-vuln-detection/slicing/output/CPG/cwe690_cpg/cwe690-53-cpg-resolved.bin	tc53_flow3	CWE690_NULL_Deref_From_Return__Class_StringBuilder_16.java	52	CWE690_NULL_Deref_From_Return__Class_StringBuilder_16.java	59
/home/swlab/Documents/swvul/java-vuln-detection/slicing/output/CPG/cwe690_cpg/cwe690-54-cpg-resolved.bin	tc54_flow1	CWE690_NULL_Deref_From_Return__Class_StringBuilder_17.java	34	CWE690_NULL_Deref_From_Return__Class_StringBuilder_17.java	39
/home/swlab/Documents/swvul/java-vuln-detection/slicing/output/CPG/cwe690_cpg/cwe690-54-cpg-resolved.bin	tc54_flow2	CWE690_NULL_Deref_From_Return__Class_StringBuilder_17.java	66	CWE690_NULL_Deref_From_Return__Class_StringBuilder_17.java	71
/home/swlab/Documents/swvul/java-vuln-detection/slicing/output/CPG/cwe690_cpg/cwe690-54-cpg-resolved.bin	tc54_flow3	CWE690_NULL_Deref_From_Return__Class_StringBuilder_17.java	50	CWE690_NULL_Deref_From_Return__Class_StringBuilder_17.java	55
/home/swlab/Documents/swvul/java-vuln-detection/slicing/output/CPG/cwe690_cpg/cwe690-55-cpg-resolved.bin	tc55_flow1	CWE690_NULL_Deref_From_Return__Class_StringBuilder_21.java	32	CWE690_NULL_Deref_From_Return__Class_StringBuilder_21.java	43
/home/swlab/Documents/swvul/java-vuln-detection/slicing/output/CPG/cwe690_cpg/cwe690-55-cpg-resolved.bin	tc55_flow2	CWE690_NULL_Deref_From_Return__Class_StringBuilder_21.java	66	CWE690_NULL_Deref_From_Return__Class_StringBuilder_21.java	83
/home/swlab/Documents/swvul/java-vuln-detection/slicing/output/CPG/cwe690_cpg/cwe690-55-cpg-resolved.bin	tc55_flow3	CWE690_NULL_Deref_From_Return__Class_StringBuilder_21.java	98	CWE690_NULL_Deref_From_Return__Class_StringBuilder_21.java	109
/home/swlab/Documents/swvul/java-vuln-detection/slicing/output/CPG/cwe690_cpg/cwe690-55-cpg-resolved.bin	tc55_flow4	CWE690_NULL_Deref_From_Return__Class_StringBuilder_21.java	123	CWE690_NULL_Deref_From_Return__Class_StringBuilder_21.java	134
/home/swlab/Documents/swvul/java-vuln-detection/slicing/output/CPG/cwe690_cpg/cwe690-56-cpg-resolved.bin	tc56_flow1	CWE690_NULL_Deref_From_Return__Class_StringBuilder_22a.java	33	CWE690_NULL_Deref_From_Return__Class_StringBuilder_22b.java	29
/home/swlab/Documents/swvul/java-vuln-detection/slicing/output/CPG/cwe690_cpg/cwe690-56-cpg-resolved.bin	tc56_flow2	CWE690_NULL_Deref_From_Return__Class_StringBuilder_22a.java	58	CWE690_NULL_Deref_From_Return__Class_StringBuilder_22b.java	53
/home/swlab/Documents/swvul/java-vuln-detection/slicing/output/CPG/cwe690_cpg/cwe690-56-cpg-resolved.bin	tc56_flow3	CWE690_NULL_Deref_From_Return__Class_StringBuilder_22a.java	70	CWE690_NULL_Deref_From_Return__Class_StringBuilder_22b.java	68
/home/swlab/Documents/swvul/java-vuln-detection/slicing/output/CPG/cwe690_cpg/cwe690-56-cpg-resolved.bin	tc56_flow4	CWE690_NULL_Deref_From_Return__Class_StringBuilder_22a.java	82	CWE690_NULL_Deref_From_Return__Class_StringBuilder_22b.java	88
/home/swlab/Documents/swvul/java-vuln-detection/slicing/output/CPG/cwe690_cpg/cwe690-57-cpg-resolved.bin	tc57_flow1	CWE690_NULL_Deref_From_Return__Class_StringBuilder_31.java	31	CWE690_NULL_Deref_From_Return__Class_StringBuilder_31.java	39
/home/swlab/Documents/swvul/java-vuln-detection/slicing/output/CPG/cwe690_cpg/cwe690-57-cpg-resolved.bin	tc57_flow2	CWE690_NULL_Deref_From_Return__Class_StringBuilder_31.java	83	CWE690_NULL_Deref_From_Return__Class_StringBuilder_31.java	91
/home/swlab/Documents/swvul/java-vuln-detection/slicing/output/CPG/cwe690_cpg/cwe690-57-cpg-resolved.bin	tc57_flow3	CWE690_NULL_Deref_From_Return__Class_StringBuilder_31.java	60	CWE690_NULL_Deref_From_Return__Class_StringBuilder_31.java	68
/home/swlab/Documents/swvul/java-vuln-detection/slicing/output/CPG/cwe690_cpg/cwe690-58-cpg-resolved.bin	tc58_flow1	CWE690_NULL_Deref_From_Return__Class_StringBuilder_41.java	39	CWE690_NULL_Deref_From_Return__Class_StringBuilder_41.java	28
/home/swlab/Documents/swvul/java-vuln-detection/slicing/output/CPG/cwe690_cpg/cwe690-58-cpg-resolved.bin	tc58_flow2	CWE690_NULL_Deref_From_Return__Class_StringBuilder_41.java	89	CWE690_NULL_Deref_From_Return__Class_StringBuilder_41.java	75
/home/swlab/Documents/swvul/java-vuln-detection/slicing/output/CPG/cwe690_cpg/cwe690-58-cpg-resolved.bin	tc58_flow3	CWE690_NULL_Deref_From_Return__Class_StringBuilder_41.java	66	CWE690_NULL_Deref_From_Return__Class_StringBuilder_41.java	54
/home/swlab/Documents/swvul/java-vuln-detection/slicing/output/CPG/cwe690_cpg/cwe690-59-cpg-resolved.bin	tc59_flow1	CWE690_NULL_Deref_From_Return__Class_StringBuilder_42.java	29	CWE690_NULL_Deref_From_Return__Class_StringBuilder_42.java	39
/home/swlab/Documents/swvul/java-vuln-detection/slicing/output/CPG/cwe690_cpg/cwe690-59-cpg-resolved.bin	tc59_flow2	CWE690_NULL_Deref_From_Return__Class_StringBuilder_42.java	73	CWE690_NULL_Deref_From_Return__Class_StringBuilder_42.java	83
/home/swlab/Documents/swvul/java-vuln-detection/slicing/output/CPG/cwe690_cpg/cwe690-59-cpg-resolved.bin	tc59_flow3	CWE690_NULL_Deref_From_Return__Class_StringBuilder_42.java	51	CWE690_NULL_Deref_From_Return__Class_StringBuilder_42.java	61
/home/swlab/Documents/swvul/java-vuln-detection/slicing/output/CPG/cwe690_cpg/cwe690-60-cpg-resolved.bin	tc60_flow1	CWE690_NULL_Deref_From_Return__Class_StringBuilder_45.java	44	CWE690_NULL_Deref_From_Return__Class_StringBuilder_45.java	33
/home/swlab/Documents/swvul/java-vuln-detection/slicing/output/CPG/cwe690_cpg/cwe690-60-cpg-resolved.bin	tc60_flow2	CWE690_NULL_Deref_From_Return__Class_StringBuilder_45.java	98	CWE690_NULL_Deref_From_Return__Class_StringBuilder_45.java	84
/home/swlab/Documents/swvul/java-vuln-detection/slicing/output/CPG/cwe690_cpg/cwe690-60-cpg-resolved.bin	tc60_flow3	CWE690_NULL_Deref_From_Return__Class_StringBuilder_45.java	73	CWE690_NULL_Deref_From_Return__Class_StringBuilder_45.java	61
/home/swlab/Documents/swvul/java-vuln-detection/slicing/output/CPG/cwe690_cpg/cwe690-61-cpg-resolved.bin	tc61_flow1	CWE690_NULL_Deref_From_Return__Class_StringBuilder_51a.java	29	CWE690_NULL_Deref_From_Return__Class_StringBuilder_51b.java	28
/home/swlab/Documents/swvul/java-vuln-detection/slicing/output/CPG/cwe690_cpg/cwe690-61-cpg-resolved.bin	tc61_flow2	CWE690_NULL_Deref_From_Return__Class_StringBuilder_51a.java	57	CWE690_NULL_Deref_From_Return__Class_StringBuilder_51b.java	50
/home/swlab/Documents/swvul/java-vuln-detection/slicing/output/CPG/cwe690_cpg/cwe690-61-cpg-resolved.bin	tc61_flow3	CWE690_NULL_Deref_From_Return__Class_StringBuilder_51a.java	46	CWE690_NULL_Deref_From_Return__Class_StringBuilder_51b.java	39
/home/swlab/Documents/swvul/java-vuln-detection/slicing/output/CPG/cwe690_cpg/cwe690-62-cpg-resolved.bin	tc62_flow1	CWE690_NULL_Deref_From_Return__Class_StringBuilder_52a.java	29	CWE690_NULL_Deref_From_Return__Class_StringBuilder_52c.java	28
/home/swlab/Documents/swvul/java-vuln-detection/slicing/output/CPG/cwe690_cpg/cwe690-62-cpg-resolved.bin	tc62_flow2	CWE690_NULL_Deref_From_Return__Class_StringBuilder_52a.java	57	CWE690_NULL_Deref_From_Return__Class_StringBuilder_52c.java	50
/home/swlab/Documents/swvul/java-vuln-detection/slicing/output/CPG/cwe690_cpg/cwe690-62-cpg-resolved.bin	tc62_flow3	CWE690_NULL_Deref_From_Return__Class_StringBuilder_52a.java	46	CWE690_NULL_Deref_From_Return__Class_StringBuilder_52c.java	39
/home/swlab/Documents/swvul/java-vuln-detection/slicing/output/CPG/cwe690_cpg/cwe690-63-cpg-resolved.bin	tc63_flow1	CWE690_NULL_Deref_From_Return__Class_StringBuilder_53a.java	29	CWE690_NULL_Deref_From_Return__Class_StringBuilder_53d.java	28
/home/swlab/Documents/swvul/java-vuln-detection/slicing/output/CPG/cwe690_cpg/cwe690-63-cpg-resolved.bin	tc63_flow2	CWE690_NULL_Deref_From_Return__Class_StringBuilder_53a.java	57	CWE690_NULL_Deref_From_Return__Class_StringBuilder_53d.java	50
/home/swlab/Documents/swvul/java-vuln-detection/slicing/output/CPG/cwe690_cpg/cwe690-63-cpg-resolved.bin	tc63_flow3	CWE690_NULL_Deref_From_Return__Class_StringBuilder_53a.java	46	CWE690_NULL_Deref_From_Return__Class_StringBuilder_53d.java	39
/home/swlab/Documents/swvul/java-vuln-detection/slicing/output/CPG/cwe690_cpg/cwe690-64-cpg-resolved.bin	tc64_flow1	CWE690_NULL_Deref_From_Return__Class_StringBuilder_54a.java	29	CWE690_NULL_Deref_From_Return__Class_StringBuilder_54e.java	28
/home/swlab/Documents/swvul/java-vuln-detection/slicing/output/CPG/cwe690_cpg/cwe690-64-cpg-resolved.bin	tc64_flow2	CWE690_NULL_Deref_From_Return__Class_StringBuilder_54a.java	57	CWE690_NULL_Deref_From_Return__Class_StringBuilder_54e.java	50
/home/swlab/Documents/swvul/java-vuln-detection/slicing/output/CPG/cwe690_cpg/cwe690-64-cpg-resolved.bin	tc64_flow3	CWE690_NULL_Deref_From_Return__Class_StringBuilder_54a.java	46	CWE690_NULL_Deref_From_Return__Class_StringBuilder_54e.java	39
/home/swlab/Documents/swvul/java-vuln-detection/slicing/output/CPG/cwe690_cpg/cwe690-65-cpg-resolved.bin	tc65_flow1	CWE690_NULL_Deref_From_Return__Class_StringBuilder_61b.java	29	CWE690_NULL_Deref_From_Return__Class_StringBuilder_61a.java	29
/home/swlab/Documents/swvul/java-vuln-detection/slicing/output/CPG/cwe690_cpg/cwe690-65-cpg-resolved.bin	tc65_flow2	CWE690_NULL_Deref_From_Return__Class_StringBuilder_61b.java	51	CWE690_NULL_Deref_From_Return__Class_StringBuilder_61a.java	59
/home/swlab/Documents/swvul/java-vuln-detection/slicing/output/CPG/cwe690_cpg/cwe690-65-cpg-resolved.bin	tc65_flow3	CWE690_NULL_Deref_From_Return__Class_StringBuilder_61b.java	40	CWE690_NULL_Deref_From_Return__Class_StringBuilder_61a.java	47
/home/swlab/Documents/swvul/java-vuln-detection/slicing/output/CPG/cwe690_cpg/cwe690-66-cpg-resolved.bin	tc66_flow1	CWE690_NULL_Deref_From_Return__Class_StringBuilder_66a.java	29	CWE690_NULL_Deref_From_Return__Class_StringBuilder_66b.java	29
/home/swlab/Documents/swvul/java-vuln-detection/slicing/output/CPG/cwe690_cpg/cwe690-66-cpg-resolved.bin	tc66_flow2	CWE690_NULL_Deref_From_Return__Class_StringBuilder_66a.java	61	CWE690_NULL_Deref_From_Return__Class_StringBuilder_66b.java	53
/home/swlab/Documents/swvul/java-vuln-detection/slicing/output/CPG/cwe690_cpg/cwe690-66-cpg-resolved.bin	tc66_flow3	CWE690_NULL_Deref_From_Return__Class_StringBuilder_66a.java	48	CWE690_NULL_Deref_From_Return__Class_StringBuilder_66b.java	41
/home/swlab/Documents/swvul/java-vuln-detection/slicing/output/CPG/cwe690_cpg/cwe690-67-cpg-resolved.bin	tc67_flow1	CWE690_NULL_Deref_From_Return__Class_StringBuilder_67a.java	34	CWE690_NULL_Deref_From_Return__Class_StringBuilder_67b.java	29
/home/swlab/Documents/swvul/java-vuln-detection/slicing/output/CPG/cwe690_cpg/cwe690-67-cpg-resolved.bin	tc67_flow2	CWE690_NULL_Deref_From_Return__Class_StringBuilder_67a.java	66	CWE690_NULL_Deref_From_Return__Class_StringBuilder_67b.java	53
/home/swlab/Documents/swvul/java-vuln-detection/slicing/output/CPG/cwe690_cpg/cwe690-67-cpg-resolved.bin	tc67_flow3	CWE690_NULL_Deref_From_Return__Class_StringBuilder_67a.java	53	CWE690_NULL_Deref_From_Return__Class_StringBuilder_67b.java	41
/home/swlab/Documents/swvul/java-vuln-detection/slicing/output/CPG/cwe690_cpg/cwe690-68-cpg-resolved.bin	tc68_flow1	CWE690_NULL_Deref_From_Return__Class_StringBuilder_68a.java	30	CWE690_NULL_Deref_From_Return__Class_StringBuilder_68b.java	29
/home/swlab/Documents/swvul/java-vuln-detection/slicing/output/CPG/cwe690_cpg/cwe690-68-cpg-resolved.bin	tc68_flow2	CWE690_NULL_Deref_From_Return__Class_StringBuilder_68a.java	56	CWE690_NULL_Deref_From_Return__Class_StringBuilder_68b.java	53
/home/swlab/Documents/swvul/java-vuln-detection/slicing/output/CPG/cwe690_cpg/cwe690-68-cpg-resolved.bin	tc68_flow3	CWE690_NULL_Deref_From_Return__Class_StringBuilder_68a.java	46	CWE690_NULL_Deref_From_Return__Class_StringBuilder_68b.java	41
/home/swlab/Documents/swvul/java-vuln-detection/slicing/output/CPG/cwe690_cpg/cwe690-69-cpg-resolved.bin	tc69_flow1	CWE690_NULL_Deref_From_Return__Class_StringBuilder_71a.java	29	CWE690_NULL_Deref_From_Return__Class_StringBuilder_71b.java	29
/home/swlab/Documents/swvul/java-vuln-detection/slicing/output/CPG/cwe690_cpg/cwe690-69-cpg-resolved.bin	tc69_flow2	CWE690_NULL_Deref_From_Return__Class_StringBuilder_71a.java	57	CWE690_NULL_Deref_From_Return__Class_StringBuilder_71b.java	53
/home/swlab/Documents/swvul/java-vuln-detection/slicing/output/CPG/cwe690_cpg/cwe690-69-cpg-resolved.bin	tc69_flow3	CWE690_NULL_Deref_From_Return__Class_StringBuilder_71a.java	46	CWE690_NULL_Deref_From_Return__Class_StringBuilder_71b.java	41
/home/swlab/Documents/swvul/java-vuln-detection/slicing/output/CPG/cwe690_cpg/cwe690-70-cpg-resolved.bin	tc70_flow1	CWE690_NULL_Deref_From_Return__Class_StringBuilder_72a.java	30	CWE690_NULL_Deref_From_Return__Class_StringBuilder_72b.java	30
/home/swlab/Documents/swvul/java-vuln-detection/slicing/output/CPG/cwe690_cpg/cwe690-70-cpg-resolved.bin	tc70_flow2	CWE690_NULL_Deref_From_Return__Class_StringBuilder_72a.java	66	CWE690_NULL_Deref_From_Return__Class_StringBuilder_72b.java	54
/home/swlab/Documents/swvul/java-vuln-detection/slicing/output/CPG/cwe690_cpg/cwe690-70-cpg-resolved.bin	tc70_flow3	CWE690_NULL_Deref_From_Return__Class_StringBuilder_72a.java	51	CWE690_NULL_Deref_From_Return__Class_StringBuilder_72b.java	42
/home/swlab/Documents/swvul/java-vuln-detection/slicing/output/CPG/cwe690_cpg/cwe690-71-cpg-resolved.bin	tc71_flow1	CWE690_NULL_Deref_From_Return__Class_StringBuilder_73a.java	30	CWE690_NULL_Deref_From_Return__Class_StringBuilder_73b.java	30
/home/swlab/Documents/swvul/java-vuln-detection/slicing/output/CPG/cwe690_cpg/cwe690-71-cpg-resolved.bin	tc71_flow2	CWE690_NULL_Deref_From_Return__Class_StringBuilder_73a.java	66	CWE690_NULL_Deref_From_Return__Class_StringBuilder_73b.java	54
/home/swlab/Documents/swvul/java-vuln-detection/slicing/output/CPG/cwe690_cpg/cwe690-71-cpg-resolved.bin	tc71_flow3	CWE690_NULL_Deref_From_Return__Class_StringBuilder_73a.java	51	CWE690_NULL_Deref_From_Return__Class_StringBuilder_73b.java	42
/home/swlab/Documents/swvul/java-vuln-detection/slicing/output/CPG/cwe690_cpg/cwe690-72-cpg-resolved.bin	tc72_flow1	CWE690_NULL_Deref_From_Return__Class_StringBuilder_74a.java	30	CWE690_NULL_Deref_From_Return__Class_StringBuilder_74b.java	30
/home/swlab/Documents/swvul/java-vuln-detection/slicing/output/CPG/cwe690_cpg/cwe690-72-cpg-resolved.bin	tc72_flow2	CWE690_NULL_Deref_From_Return__Class_StringBuilder_74a.java	66	CWE690_NULL_Deref_From_Return__Class_StringBuilder_74b.java	54
/home/swlab/Documents/swvul/java-vuln-detection/slicing/output/CPG/cwe690_cpg/cwe690-72-cpg-resolved.bin	tc72_flow3	CWE690_NULL_Deref_From_Return__Class_StringBuilder_74a.java	51	CWE690_NULL_Deref_From_Return__Class_StringBuilder_74b.java	42
/home/swlab/Documents/swvul/java-vuln-detection/slicing/output/CPG/cwe690_cpg/cwe690-73-cpg-resolved.bin	tc73_flow1	CWE690_NULL_Deref_From_Return__Class_StringBuilder_75a.java	34	CWE690_NULL_Deref_From_Return__Class_StringBuilder_75b.java	41
/home/swlab/Documents/swvul/java-vuln-detection/slicing/output/CPG/cwe690_cpg/cwe690-73-cpg-resolved.bin	tc73_flow2	CWE690_NULL_Deref_From_Return__Class_StringBuilder_75a.java	146	CWE690_NULL_Deref_From_Return__Class_StringBuilder_75b.java	152
/home/swlab/Documents/swvul/java-vuln-detection/slicing/output/CPG/cwe690_cpg/cwe690-73-cpg-resolved.bin	tc73_flow3	CWE690_NULL_Deref_From_Return__Class_StringBuilder_75a.java	93	CWE690_NULL_Deref_From_Return__Class_StringBuilder_75b.java	96
/home/swlab/Documents/swvul/java-vuln-detection/slicing/output/CPG/cwe690_cpg/cwe690-74-cpg-resolved.bin	tc74_flow1	CWE690_NULL_Deref_From_Return__Class_StringBuilder_81a.java	29	CWE690_NULL_Deref_From_Return__Class_StringBuilder_81_bad.java	28
/home/swlab/Documents/swvul/java-vuln-detection/slicing/output/CPG/cwe690_cpg/cwe690-74-cpg-resolved.bin	tc74_flow2	CWE690_NULL_Deref_From_Return__Class_StringBuilder_81a.java	59	CWE690_NULL_Deref_From_Return__Class_StringBuilder_81_goodB2G.java	28
/home/swlab/Documents/swvul/java-vuln-detection/slicing/output/CPG/cwe690_cpg/cwe690-74-cpg-resolved.bin	tc74_flow3	CWE690_NULL_Deref_From_Return__Class_StringBuilder_81a.java	47	CWE690_NULL_Deref_From_Return__Class_StringBuilder_81_goodG2B.java	28
/home/swlab/Documents/swvul/java-vuln-detection/slicing/output/CPG/cwe690_cpg/cwe690-75-cpg-resolved.bin	tc75_flow1	CWE690_NULL_Deref_From_Return__Properties_getProperty_equals_01.java	45	CWE690_NULL_Deref_From_Return__Properties_getProperty_equals_01.java	68
/home/swlab/Documents/swvul/java-vuln-detection/slicing/output/CPG/cwe690_cpg/cwe690-75-cpg-resolved.bin	tc75_flow2	CWE690_NULL_Deref_From_Return__Properties_getProperty_equals_01.java	111	CWE690_NULL_Deref_From_Return__Properties_getProperty_equals_01.java	134
/home/swlab/Documents/swvul/java-vuln-detection/slicing/output/CPG/cwe690_cpg/cwe690-75-cpg-resolved.bin	tc75_flow3	CWE690_NULL_Deref_From_Return__Properties_getProperty_equals_01.java	87	CWE690_NULL_Deref_From_Return__Properties_getProperty_equals_01.java	90
/home/swlab/Documents/swvul/java-vuln-detection/slicing/output/CPG/cwe690_cpg/cwe690-76-cpg-resolved.bin	tc76_flow1	CWE690_NULL_Deref_From_Return__Properties_getProperty_equals_02.java	45	CWE690_NULL_Deref_From_Return__Properties_getProperty_equals_02.java	77
/home/swlab/Documents/swvul/java-vuln-detection/slicing/output/CPG/cwe690_cpg/cwe690-76-cpg-resolved.bin	tc76_flow2	CWE690_NULL_Deref_From_Return__Properties_getProperty_equals_02.java	152	CWE690_NULL_Deref_From_Return__Properties_getProperty_equals_02.java	190
/home/swlab/Documents/swvul/java-vuln-detection/slicing/output/CPG/cwe690_cpg/cwe690-76-cpg-resolved.bin	tc76_flow3	CWE690_NULL_Deref_From_Return__Properties_getProperty_equals_02.java	212	CWE690_NULL_Deref_From_Return__Properties_getProperty_equals_02.java	244
/home/swlab/Documents/swvul/java-vuln-detection/slicing/output/CPG/cwe690_cpg/cwe690-76-cpg-resolved.bin	tc76_flow4	CWE690_NULL_Deref_From_Return__Properties_getProperty_equals_02.java	98	CWE690_NULL_Deref_From_Return__Properties_getProperty_equals_02.java	105
/home/swlab/Documents/swvul/java-vuln-detection/slicing/output/CPG/cwe690_cpg/cwe690-76-cpg-resolved.bin	tc76_flow5	CWE690_NULL_Deref_From_Return__Properties_getProperty_equals_02.java	119	CWE690_NULL_Deref_From_Return__Properties_getProperty_equals_02.java	131
/home/swlab/Documents/swvul/java-vuln-detection/slicing/output/CPG/cwe690_cpg/cwe690-77-cpg-resolved.bin	tc77_flow1	CWE690_NULL_Deref_From_Return__Properties_getProperty_equals_03.java	45	CWE690_NULL_Deref_From_Return__Properties_getProperty_equals_03.java	77
/home/swlab/Documents/swvul/java-vuln-detection/slicing/output/CPG/cwe690_cpg/cwe690-77-cpg-resolved.bin	tc77_flow2	CWE690_NULL_Deref_From_Return__Properties_getProperty_equals_03.java	152	CWE690_NULL_Deref_From_Return__Properties_getProperty_equals_03.java	190
/home/swlab/Documents/swvul/java-vuln-detection/slicing/output/CPG/cwe690_cpg/cwe690-77-cpg-resolved.bin	tc77_flow3	CWE690_NULL_Deref_From_Return__Properties_getProperty_equals_03.java	212	CWE690_NULL_Deref_From_Return__Properties_getProperty_equals_03.java	244
/home/swlab/Documents/swvul/java-vuln-detection/slicing/output/CPG/cwe690_cpg/cwe690-77-cpg-resolved.bin	tc77_flow4	CWE690_NULL_Deref_From_Return__Properties_getProperty_equals_03.java	98	CWE690_NULL_Deref_From_Return__Properties_getProperty_equals_03.java	105
/home/swlab/Documents/swvul/java-vuln-detection/slicing/output/CPG/cwe690_cpg/cwe690-77-cpg-resolved.bin	tc77_flow5	CWE690_NULL_Deref_From_Return__Properties_getProperty_equals_03.java	119	CWE690_NULL_Deref_From_Return__Properties_getProperty_equals_03.java	131
/home/swlab/Documents/swvul/java-vuln-detection/slicing/output/CPG/cwe690_cpg/cwe690-78-cpg-resolved.bin	tc78_flow1	CWE690_NULL_Deref_From_Return__Properties_getProperty_equals_04.java	52	CWE690_NULL_Deref_From_Return__Properties_getProperty_equals_04.java	84
/home/swlab/Documents/swvul/java-vuln-detection/slicing/output/CPG/cwe690_cpg/cwe690-78-cpg-resolved.bin	tc78_flow2	CWE690_NULL_Deref_From_Return__Properties_getProperty_equals_04.java	159	CWE690_NULL_Deref_From_Return__Properties_getProperty_equals_04.java	197
/home/swlab/Documents/swvul/java-vuln-detection/slicing/output/CPG/cwe690_cpg/cwe690-78-cpg-resolved.bin	tc78_flow3	CWE690_NULL_Deref_From_Return__Properties_getProperty_equals_04.java	219	CWE690_NULL_Deref_From_Return__Properties_getProperty_equals_04.java	251
/home/swlab/Documents/swvul/java-vuln-detection/slicing/output/CPG/cwe690_cpg/cwe690-78-cpg-resolved.bin	tc78_flow4	CWE690_NULL_Deref_From_Return__Properties_getProperty_equals_04.java	105	CWE690_NULL_Deref_From_Return__Properties_getProperty_equals_04.java	112
/home/swlab/Documents/swvul/java-vuln-detection/slicing/output/CPG/cwe690_cpg/cwe690-78-cpg-resolved.bin	tc78_flow5	CWE690_NULL_Deref_From_Return__Properties_getProperty_equals_04.java	126	CWE690_NULL_Deref_From_Return__Properties_getProperty_equals_04.java	138
/home/swlab/Documents/swvul/java-vuln-detection/slicing/output/CPG/cwe690_cpg/cwe690-79-cpg-resolved.bin	tc79_flow1	CWE690_NULL_Deref_From_Return__Properties_getProperty_equals_05.java	52	CWE690_NULL_Deref_From_Return__Properties_getProperty_equals_05.java	84
/home/swlab/Documents/swvul/java-vuln-detection/slicing/output/CPG/cwe690_cpg/cwe690-79-cpg-resolved.bin	tc79_flow2	CWE690_NULL_Deref_From_Return__Properties_getProperty_equals_05.java	160	CWE690_NULL_Deref_From_Return__Properties_getProperty_equals_05.java	198
/home/swlab/Documents/swvul/java-vuln-detection/slicing/output/CPG/cwe690_cpg/cwe690-79-cpg-resolved.bin	tc79_flow3	CWE690_NULL_Deref_From_Return__Properties_getProperty_equals_05.java	220	CWE690_NULL_Deref_From_Return__Properties_getProperty_equals_05.java	252
/home/swlab/Documents/swvul/java-vuln-detection/slicing/output/CPG/cwe690_cpg/cwe690-79-cpg-resolved.bin	tc79_flow4	CWE690_NULL_Deref_From_Return__Properties_getProperty_equals_05.java	105	CWE690_NULL_Deref_From_Return__Properties_getProperty_equals_05.java	112
/home/swlab/Documents/swvul/java-vuln-detection/slicing/output/CPG/cwe690_cpg/cwe690-79-cpg-resolved.bin	tc79_flow5	CWE690_NULL_Deref_From_Return__Properties_getProperty_equals_05.java	126	CWE690_NULL_Deref_From_Return__Properties_getProperty_equals_05.java	138
/home/swlab/Documents/swvul/java-vuln-detection/slicing/output/CPG/cwe690_cpg/cwe690-80-cpg-resolved.bin	tc80_flow1	CWE690_NULL_Deref_From_Return__Properties_getProperty_equals_06.java	50	CWE690_NULL_Deref_From_Return__Properties_getProperty_equals_06.java	82
/home/swlab/Documents/swvul/java-vuln-detection/slicing/output/CPG/cwe690_cpg/cwe690-80-cpg-resolved.bin	tc80_flow2	CWE690_NULL_Deref_From_Return__Properties_getProperty_equals_06.java	157	CWE690_NULL_Deref_From_Return__Properties_getProperty_equals_06.java	195
/home/swlab/Documents/swvul/java-vuln-detection/slicing/output/CPG/cwe690_cpg/cwe690-80-cpg-resolved.bin	tc80_flow3	CWE690_NULL_Deref_From_Return__Properties_getProperty_equals_06.java	217	CWE690_NULL_Deref_From_Return__Properties_getProperty_equals_06.java	249
/home/swlab/Documents/swvul/java-vuln-detection/slicing/output/CPG/cwe690_cpg/cwe690-80-cpg-resolved.bin	tc80_flow4	CWE690_NULL_Deref_From_Return__Properties_getProperty_equals_06.java	103	CWE690_NULL_Deref_From_Return__Properties_getProperty_equals_06.java	110
/home/swlab/Documents/swvul/java-vuln-detection/slicing/output/CPG/cwe690_cpg/cwe690-80-cpg-resolved.bin	tc80_flow5	CWE690_NULL_Deref_From_Return__Properties_getProperty_equals_06.java	124	CWE690_NULL_Deref_From_Return__Properties_getProperty_equals_06.java	136
/home/swlab/Documents/swvul/java-vuln-detection/slicing/output/CPG/cwe690_cpg/cwe690-81-cpg-resolved.bin	tc81_flow1	CWE690_NULL_Deref_From_Return__Properties_getProperty_equals_07.java	50	CWE690_NULL_Deref_From_Return__Properties_getProperty_equals_07.java	82
/home/swlab/Documents/swvul/java-vuln-detection/slicing/output/CPG/cwe690_cpg/cwe690-81-cpg-resolved.bin	tc81_flow2	CWE690_NULL_Deref_From_Return__Properties_getProperty_equals_07.java	157	CWE690_NULL_Deref_From_Return__Properties_getProperty_equals_07.java	195
/home/swlab/Documents/swvul/java-vuln-detection/slicing/output/CPG/cwe690_cpg/cwe690-81-cpg-resolved.bin	tc81_flow3	CWE690_NULL_Deref_From_Return__Properties_getProperty_equals_07.java	217	CWE690_NULL_Deref_From_Return__Properties_getProperty_equals_07.java	249
/home/swlab/Documents/swvul/java-vuln-detection/slicing/output/CPG/cwe690_cpg/cwe690-81-cpg-resolved.bin	tc81_flow4	CWE690_NULL_Deref_From_Return__Properties_getProperty_equals_07.java	103	CWE690_NULL_Deref_From_Return__Properties_getProperty_equals_07.java	110
/home/swlab/Documents/swvul/java-vuln-detection/slicing/output/CPG/cwe690_cpg/cwe690-81-cpg-resolved.bin	tc81_flow5	CWE690_NULL_Deref_From_Return__Properties_getProperty_equals_07.java	124	CWE690_NULL_Deref_From_Return__Properties_getProperty_equals_07.java	136
/home/swlab/Documents/swvul/java-vuln-detection/slicing/output/CPG/cwe690_cpg/cwe690-82-cpg-resolved.bin	tc82_flow1	CWE690_NULL_Deref_From_Return__Properties_getProperty_equals_08.java	58	CWE690_NULL_Deref_From_Return__Properties_getProperty_equals_08.java	90
/home/swlab/Documents/swvul/java-vuln-detection/slicing/output/CPG/cwe690_cpg/cwe690-82-cpg-resolved.bin	tc82_flow2	CWE690_NULL_Deref_From_Return__Properties_getProperty_equals_08.java	165	CWE690_NULL_Deref_From_Return__Properties_getProperty_equals_08.java	203
/home/swlab/Documents/swvul/java-vuln-detection/slicing/output/CPG/cwe690_cpg/cwe690-82-cpg-resolved.bin	tc82_flow3	CWE690_NULL_Deref_From_Return__Properties_getProperty_equals_08.java	225	CWE690_NULL_Deref_From_Return__Properties_getProperty_equals_08.java	257
/home/swlab/Documents/swvul/java-vuln-detection/slicing/output/CPG/cwe690_cpg/cwe690-82-cpg-resolved.bin	tc82_flow4	CWE690_NULL_Deref_From_Return__Properties_getProperty_equals_08.java	111	CWE690_NULL_Deref_From_Return__Properties_getProperty_equals_08.java	118
/home/swlab/Documents/swvul/java-vuln-detection/slicing/output/CPG/cwe690_cpg/cwe690-82-cpg-resolved.bin	tc82_flow5	CWE690_NULL_Deref_From_Return__Properties_getProperty_equals_08.java	132	CWE690_NULL_Deref_From_Return__Properties_getProperty_equals_08.java	144
/home/swlab/Documents/swvul/java-vuln-detection/slicing/output/CPG/cwe690_cpg/cwe690-83-cpg-resolved.bin	tc83_flow1	CWE690_NULL_Deref_From_Return__Properties_getProperty_equals_09.java	45	CWE690_NULL_Deref_From_Return__Properties_getProperty_equals_09.java	77
/home/swlab/Documents/swvul/java-vuln-detection/slicing/output/CPG/cwe690_cpg/cwe690-83-cpg-resolved.bin	tc83_flow2	CWE690_NULL_Deref_From_Return__Properties_getProperty_equals_09.java	152	CWE690_NULL_Deref_From_Return__Properties_getProperty_equals_09.java	190
/home/swlab/Documents/swvul/java-vuln-detection/slicing/output/CPG/cwe690_cpg/cwe690-83-cpg-resolved.bin	tc83_flow3	CWE690_NULL_Deref_From_Return__Properties_getProperty_equals_09.java	212	CWE690_NULL_Deref_From_Return__Properties_getProperty_equals_09.java	244
/home/swlab/Documents/swvul/java-vuln-detection/slicing/output/CPG/cwe690_cpg/cwe690-83-cpg-resolved.bin	tc83_flow4	CWE690_NULL_Deref_From_Return__Properties_getProperty_equals_09.java	98	CWE690_NULL_Deref_From_Return__Properties_getProperty_equals_09.java	105
/home/swlab/Documents/swvul/java-vuln-detection/slicing/output/CPG/cwe690_cpg/cwe690-83-cpg-resolved.bin	tc83_flow5	CWE690_NULL_Deref_From_Return__Properties_getProperty_equals_09.java	119	CWE690_NULL_Deref_From_Return__Properties_getProperty_equals_09.java	131
/home/swlab/Documents/swvul/java-vuln-detection/slicing/output/CPG/cwe690_cpg/cwe690-84-cpg-resolved.bin	tc84_flow1	CWE690_NULL_Deref_From_Return__Properties_getProperty_equals_10.java	45	CWE690_NULL_Deref_From_Return__Properties_getProperty_equals_10.java	77
/home/swlab/Documents/swvul/java-vuln-detection/slicing/output/CPG/cwe690_cpg/cwe690-84-cpg-resolved.bin	tc84_flow2	CWE690_NULL_Deref_From_Return__Properties_getProperty_equals_10.java	152	CWE690_NULL_Deref_From_Return__Properties_getProperty_equals_10.java	190
/home/swlab/Documents/swvul/java-vuln-detection/slicing/output/CPG/cwe690_cpg/cwe690-84-cpg-resolved.bin	tc84_flow3	CWE690_NULL_Deref_From_Return__Properties_getProperty_equals_10.java	212	CWE690_NULL_Deref_From_Return__Properties_getProperty_equals_10.java	244
/home/swlab/Documents/swvul/java-vuln-detection/slicing/output/CPG/cwe690_cpg/cwe690-84-cpg-resolved.bin	tc84_flow4	CWE690_NULL_Deref_From_Return__Properties_getProperty_equals_10.java	98	CWE690_NULL_Deref_From_Return__Properties_getProperty_equals_10.java	105
/home/swlab/Documents/swvul/java-vuln-detection/slicing/output/CPG/cwe690_cpg/cwe690-84-cpg-resolved.bin	tc84_flow5	CWE690_NULL_Deref_From_Return__Properties_getProperty_equals_10.java	119	CWE690_NULL_Deref_From_Return__Properties_getProperty_equals_10.java	131
/home/swlab/Documents/swvul/java-vuln-detection/slicing/output/CPG/cwe690_cpg/cwe690-85-cpg-resolved.bin	tc85_flow1	CWE690_NULL_Deref_From_Return__Properties_getProperty_equals_11.java	45	CWE690_NULL_Deref_From_Return__Properties_getProperty_equals_11.java	77
/home/swlab/Documents/swvul/java-vuln-detection/slicing/output/CPG/cwe690_cpg/cwe690-85-cpg-resolved.bin	tc85_flow2	CWE690_NULL_Deref_From_Return__Properties_getProperty_equals_11.java	153	CWE690_NULL_Deref_From_Return__Properties_getProperty_equals_11.java	191
/home/swlab/Documents/swvul/java-vuln-detection/slicing/output/CPG/cwe690_cpg/cwe690-85-cpg-resolved.bin	tc85_flow3	CWE690_NULL_Deref_From_Return__Properties_getProperty_equals_11.java	213	CWE690_NULL_Deref_From_Return__Properties_getProperty_equals_11.java	245
/home/swlab/Documents/swvul/java-vuln-detection/slicing/output/CPG/cwe690_cpg/cwe690-85-cpg-resolved.bin	tc85_flow4	CWE690_NULL_Deref_From_Return__Properties_getProperty_equals_11.java	98	CWE690_NULL_Deref_From_Return__Properties_getProperty_equals_11.java	105
/home/swlab/Documents/swvul/java-vuln-detection/slicing/output/CPG/cwe690_cpg/cwe690-85-cpg-resolved.bin	tc85_flow5	CWE690_NULL_Deref_From_Return__Properties_getProperty_equals_11.java	120	CWE690_NULL_Deref_From_Return__Properties_getProperty_equals_11.java	132
/home/swlab/Documents/swvul/java-vuln-detection/slicing/output/CPG/cwe690_cpg/cwe690-86-cpg-resolved.bin	tc86_flow2	CWE690_NULL_Deref_From_Return__Properties_getProperty_equals_12.java	148	CWE690_NULL_Deref_From_Return__Properties_getProperty_equals_12.java	218
/home/swlab/Documents/swvul/java-vuln-detection/slicing/output/CPG/cwe690_cpg/cwe690-86-cpg-resolved.bin	tc86_flow3	CWE690_NULL_Deref_From_Return__Properties_getProperty_equals_12.java	103	CWE690_NULL_Deref_From_Return__Properties_getProperty_equals_12.java	125
/home/swlab/Documents/swvul/java-vuln-detection/slicing/output/CPG/cwe690_cpg/cwe690-87-cpg-resolved.bin	tc87_flow1	CWE690_NULL_Deref_From_Return__Properties_getProperty_equals_13.java	45	CWE690_NULL_Deref_From_Return__Properties_getProperty_equals_13.java	77
/home/swlab/Documents/swvul/java-vuln-detection/slicing/output/CPG/cwe690_cpg/cwe690-87-cpg-resolved.bin	tc87_flow2	CWE690_NULL_Deref_From_Return__Properties_getProperty_equals_13.java	152	CWE690_NULL_Deref_From_Return__Properties_getProperty_equals_13.java	190
/home/swlab/Documents/swvul/java-vuln-detection/slicing/output/CPG/cwe690_cpg/cwe690-87-cpg-resolved.bin	tc87_flow3	CWE690_NULL_Deref_From_Return__Properties_getProperty_equals_13.java	212	CWE690_NULL_Deref_From_Return__Properties_getProperty_equals_13.java	244
/home/swlab/Documents/swvul/java-vuln-detection/slicing/output/CPG/cwe690_cpg/cwe690-87-cpg-resolved.bin	tc87_flow4	CWE690_NULL_Deref_From_Return__Properties_getProperty_equals_13.java	98	CWE690_NULL_Deref_From_Return__Properties_getProperty_equals_13.java	105
/home/swlab/Documents/swvul/java-vuln-detection/slicing/output/CPG/cwe690_cpg/cwe690-87-cpg-resolved.bin	tc87_flow5	CWE690_NULL_Deref_From_Return__Properties_getProperty_equals_13.java	119	CWE690_NULL_Deref_From_Return__Properties_getProperty_equals_13.java	131
/home/swlab/Documents/swvul/java-vuln-detection/slicing/output/CPG/cwe690_cpg/cwe690-88-cpg-resolved.bin	tc88_flow1	CWE690_NULL_Deref_From_Return__Properties_getProperty_equals_14.java	45	CWE690_NULL_Deref_From_Return__Properties_getProperty_equals_14.java	77
/home/swlab/Documents/swvul/java-vuln-detection/slicing/output/CPG/cwe690_cpg/cwe690-88-cpg-resolved.bin	tc88_flow2	CWE690_NULL_Deref_From_Return__Properties_getProperty_equals_14.java	152	CWE690_NULL_Deref_From_Return__Properties_getProperty_equals_14.java	190
/home/swlab/Documents/swvul/java-vuln-detection/slicing/output/CPG/cwe690_cpg/cwe690-88-cpg-resolved.bin	tc88_flow3	CWE690_NULL_Deref_From_Return__Properties_getProperty_equals_14.java	212	CWE690_NULL_Deref_From_Return__Properties_getProperty_equals_14.java	244
/home/swlab/Documents/swvul/java-vuln-detection/slicing/output/CPG/cwe690_cpg/cwe690-88-cpg-resolved.bin	tc88_flow4	CWE690_NULL_Deref_From_Return__Properties_getProperty_equals_14.java	98	CWE690_NULL_Deref_From_Return__Properties_getProperty_equals_14.java	105
/home/swlab/Documents/swvul/java-vuln-detection/slicing/output/CPG/cwe690_cpg/cwe690-88-cpg-resolved.bin	tc88_flow5	CWE690_NULL_Deref_From_Return__Properties_getProperty_equals_14.java	119	CWE690_NULL_Deref_From_Return__Properties_getProperty_equals_14.java	131
/home/swlab/Documents/swvul/java-vuln-detection/slicing/output/CPG/cwe690_cpg/cwe690-89-cpg-resolved.bin	tc89_flow1	CWE690_NULL_Deref_From_Return__Properties_getProperty_equals_15.java	47	CWE690_NULL_Deref_From_Return__Properties_getProperty_equals_15.java	80
/home/swlab/Documents/swvul/java-vuln-detection/slicing/output/CPG/cwe690_cpg/cwe690-89-cpg-resolved.bin	tc89_flow2	CWE690_NULL_Deref_From_Return__Properties_getProperty_equals_15.java	176	CWE690_NULL_Deref_From_Return__Properties_getProperty_equals_15.java	213
/home/swlab/Documents/swvul/java-vuln-detection/slicing/output/CPG/cwe690_cpg/cwe690-89-cpg-resolved.bin	tc89_flow3	CWE690_NULL_Deref_From_Return__Properties_getProperty_equals_15.java	237	CWE690_NULL_Deref_From_Return__Properties_getProperty_equals_15.java	270
/home/swlab/Documents/swvul/java-vuln-detection/slicing/output/CPG/cwe690_cpg/cwe690-89-cpg-resolved.bin	tc89_flow4	CWE690_NULL_Deref_From_Return__Properties_getProperty_equals_15.java	106	CWE690_NULL_Deref_From_Return__Properties_getProperty_equals_15.java	114
/home/swlab/Documents/swvul/java-vuln-detection/slicing/output/CPG/cwe690_cpg/cwe690-89-cpg-resolved.bin	tc89_flow5	CWE690_NULL_Deref_From_Return__Properties_getProperty_equals_15.java	135	CWE690_NULL_Deref_From_Return__Properties_getProperty_equals_15.java	148
/home/swlab/Documents/swvul/java-vuln-detection/slicing/output/CPG/cwe690_cpg/cwe690-90-cpg-resolved.bin	tc90_flow1	CWE690_NULL_Deref_From_Return__Properties_getProperty_equals_16.java	46	CWE690_NULL_Deref_From_Return__Properties_getProperty_equals_16.java	73
/home/swlab/Documents/swvul/java-vuln-detection/slicing/output/CPG/cwe690_cpg/cwe690-90-cpg-resolved.bin	tc90_flow2	CWE690_NULL_Deref_From_Return__Properties_getProperty_equals_16.java	120	CWE690_NULL_Deref_From_Return__Properties_getProperty_equals_16.java	147
/home/swlab/Documents/swvul/java-vuln-detection/slicing/output/CPG/cwe690_cpg/cwe690-90-cpg-resolved.bin	tc90_flow3	CWE690_NULL_Deref_From_Return__Properties_getProperty_equals_16.java	89	CWE690_NULL_Deref_From_Return__Properties_getProperty_equals_16.java	96
/home/swlab/Documents/swvul/java-vuln-detection/slicing/output/CPG/cwe690_cpg/cwe690-91-cpg-resolved.bin	tc91_flow1	CWE690_NULL_Deref_From_Return__Properties_getProperty_equals_17.java	50	CWE690_NULL_Deref_From_Return__Properties_getProperty_equals_17.java	75
/home/swlab/Documents/swvul/java-vuln-detection/slicing/output/CPG/cwe690_cpg/cwe690-91-cpg-resolved.bin	tc91_flow2	CWE690_NULL_Deref_From_Return__Properties_getProperty_equals_17.java	114	CWE690_NULL_Deref_From_Return__Properties_getProperty_equals_17.java	139
/home/swlab/Documents/swvul/java-vuln-detection/slicing/output/CPG/cwe690_cpg/cwe690-91-cpg-resolved.bin	tc91_flow3	CWE690_NULL_Deref_From_Return__Properties_getProperty_equals_17.java	88	CWE690_NULL_Deref_From_Return__Properties_getProperty_equals_17.java	93
/home/swlab/Documents/swvul/java-vuln-detection/slicing/output/CPG/cwe690_cpg/cwe690-92-cpg-resolved.bin	tc92_flow1	CWE690_NULL_Deref_From_Return__Properties_getProperty_equals_21.java	48	CWE690_NULL_Deref_From_Return__Properties_getProperty_equals_21.java	79
/home/swlab/Documents/swvul/java-vuln-detection/slicing/output/CPG/cwe690_cpg/cwe690-92-cpg-resolved.bin	tc92_flow2	CWE690_NULL_Deref_From_Return__Properties_getProperty_equals_21.java	112	CWE690_NULL_Deref_From_Return__Properties_getProperty_equals_21.java	149
/home/swlab/Documents/swvul/java-vuln-detection/slicing/output/CPG/cwe690_cpg/cwe690-92-cpg-resolved.bin	tc92_flow3	CWE690_NULL_Deref_From_Return__Properties_getProperty_equals_21.java	171	CWE690_NULL_Deref_From_Return__Properties_getProperty_equals_21.java	202
/home/swlab/Documents/swvul/java-vuln-detection/slicing/output/CPG/cwe690_cpg/cwe690-92-cpg-resolved.bin	tc92_flow4	CWE690_NULL_Deref_From_Return__Properties_getProperty_equals_21.java	215	CWE690_NULL_Deref_From_Return__Properties_getProperty_equals_21.java	226
/home/swlab/Documents/swvul/java-vuln-detection/slicing/output/CPG/cwe690_cpg/cwe690-93-cpg-resolved.bin	tc93_flow1	CWE690_NULL_Deref_From_Return__Properties_getProperty_equals_22a.java	49	CWE690_NULL_Deref_From_Return__Properties_getProperty_equals_22b.java	31
/home/swlab/Documents/swvul/java-vuln-detection/slicing/output/CPG/cwe690_cpg/cwe690-93-cpg-resolved.bin	tc93_flow2	CWE690_NULL_Deref_From_Return__Properties_getProperty_equals_22a.java	102	CWE690_NULL_Deref_From_Return__Properties_getProperty_equals_22b.java	57
/home/swlab/Documents/swvul/java-vuln-detection/slicing/output/CPG/cwe690_cpg/cwe690-93-cpg-resolved.bin	tc93_flow3	CWE690_NULL_Deref_From_Return__Properties_getProperty_equals_22a.java	142	CWE690_NULL_Deref_From_Return__Properties_getProperty_equals_22b.java	71
/home/swlab/Documents/swvul/java-vuln-detection/slicing/output/CPG/cwe690_cpg/cwe690-93-cpg-resolved.bin	tc93_flow4	CWE690_NULL_Deref_From_Return__Properties_getProperty_equals_22a.java	174	CWE690_NULL_Deref_From_Return__Properties_getProperty_equals_22b.java	90
/home/swlab/Documents/swvul/java-vuln-detection/slicing/output/CPG/cwe690_cpg/cwe690-94-cpg-resolved.bin	tc94_flow1	CWE690_NULL_Deref_From_Return__Properties_getProperty_equals_31.java	47	CWE690_NULL_Deref_From_Return__Properties_getProperty_equals_31.java	75
/home/swlab/Documents/swvul/java-vuln-detection/slicing/output/CPG/cwe690_cpg/cwe690-94-cpg-resolved.bin	tc94_flow2	CWE690_NULL_Deref_From_Return__Properties_getProperty_equals_31.java	129	CWE690_NULL_Deref_From_Return__Properties_getProperty_equals_31.java	157
/home/swlab/Documents/swvul/java-vuln-detection/slicing/output/CPG/cwe690_cpg/cwe690-94-cpg-resolved.bin	tc94_flow3	CWE690_NULL_Deref_From_Return__Properties_getProperty_equals_31.java	97	CWE690_NULL_Deref_From_Return__Properties_getProperty_equals_31.java	105
/home/swlab/Documents/swvul/java-vuln-detection/slicing/output/CPG/cwe690_cpg/cwe690-95-cpg-resolved.bin	tc95_flow1	CWE690_NULL_Deref_From_Return__Properties_getProperty_equals_41.java	56	CWE690_NULL_Deref_From_Return__Properties_getProperty_equals_41.java	36
/home/swlab/Documents/swvul/java-vuln-detection/slicing/output/CPG/cwe690_cpg/cwe690-95-cpg-resolved.bin	tc95_flow2	CWE690_NULL_Deref_From_Return__Properties_getProperty_equals_41.java	134	CWE690_NULL_Deref_From_Return__Properties_getProperty_equals_41.java	113
/home/swlab/Documents/swvul/java-vuln-detection/slicing/output/CPG/cwe690_cpg/cwe690-95-cpg-resolved.bin	tc95_flow3	CWE690_NULL_Deref_From_Return__Properties_getProperty_equals_41.java	104	CWE690_NULL_Deref_From_Return__Properties_getProperty_equals_41.java	91
/home/swlab/Documents/swvul/java-vuln-detection/slicing/output/CPG/cwe690_cpg/cwe690-96-cpg-resolved.bin	tc96_flow1	CWE690_NULL_Deref_From_Return__Properties_getProperty_equals_42.java	45	CWE690_NULL_Deref_From_Return__Properties_getProperty_equals_42.java	75
/home/swlab/Documents/swvul/java-vuln-detection/slicing/output/CPG/cwe690_cpg/cwe690-96-cpg-resolved.bin	tc96_flow2	CWE690_NULL_Deref_From_Return__Properties_getProperty_equals_42.java	119	CWE690_NULL_Deref_From_Return__Properties_getProperty_equals_42.java	149
/home/swlab/Documents/swvul/java-vuln-detection/slicing/output/CPG/cwe690_cpg/cwe690-96-cpg-resolved.bin	tc96_flow3	CWE690_NULL_Deref_From_Return__Properties_getProperty_equals_42.java	88	CWE690_NULL_Deref_From_Return__Properties_getProperty_equals_42.java	98
/home/swlab/Documents/swvul/java-vuln-detection/slicing/output/CPG/cwe690_cpg/cwe690-97-cpg-resolved.bin	tc97_flow1	CWE690_NULL_Deref_From_Return__Properties_getProperty_equals_45.java	61	CWE690_NULL_Deref_From_Return__Properties_getProperty_equals_45.java	41
/home/swlab/Documents/swvul/java-vuln-detection/slicing/output/CPG/cwe690_cpg/cwe690-97-cpg-resolved.bin	tc97_flow2	CWE690_NULL_Deref_From_Return__Properties_getProperty_equals_45.java	143	CWE690_NULL_Deref_From_Return__Properties_getProperty_equals_45.java	122
/home/swlab/Documents/swvul/java-vuln-detection/slicing/output/CPG/cwe690_cpg/cwe690-97-cpg-resolved.bin	tc97_flow3	CWE690_NULL_Deref_From_Return__Properties_getProperty_equals_45.java	111	CWE690_NULL_Deref_From_Return__Properties_getProperty_equals_45.java	98
/home/swlab/Documents/swvul/java-vuln-detection/slicing/output/CPG/cwe690_cpg/cwe690-98-cpg-resolved.bin	tc98_flow1	CWE690_NULL_Deref_From_Return__Properties_getProperty_equals_51a.java	45	CWE690_NULL_Deref_From_Return__Properties_getProperty_equals_51b.java	30
/home/swlab/Documents/swvul/java-vuln-detection/slicing/output/CPG/cwe690_cpg/cwe690-98-cpg-resolved.bin	tc98_flow2	CWE690_NULL_Deref_From_Return__Properties_getProperty_equals_51a.java	101	CWE690_NULL_Deref_From_Return__Properties_getProperty_equals_51b.java	54
/home/swlab/Documents/swvul/java-vuln-detection/slicing/output/CPG/cwe690_cpg/cwe690-98-cpg-resolved.bin	tc98_flow3	CWE690_NULL_Deref_From_Return__Properties_getProperty_equals_51a.java	82	CWE690_NULL_Deref_From_Return__Properties_getProperty_equals_51b.java	42
/home/swlab/Documents/swvul/java-vuln-detection/slicing/output/CPG/cwe690_cpg/cwe690-99-cpg-resolved.bin	tc99_flow1	CWE690_NULL_Deref_From_Return__Properties_getProperty_equals_52a.java	45	CWE690_NULL_Deref_From_Return__Properties_getProperty_equals_52c.java	30
/home/swlab/Documents/swvul/java-vuln-detection/slicing/output/CPG/cwe690_cpg/cwe690-99-cpg-resolved.bin	tc99_flow2	CWE690_NULL_Deref_From_Return__Properties_getProperty_equals_52a.java	101	CWE690_NULL_Deref_From_Return__Properties_getProperty_equals_52c.java	54
/home/swlab/Documents/swvul/java-vuln-detection/slicing/output/CPG/cwe690_cpg/cwe690-99-cpg-resolved.bin	tc99_flow3	CWE690_NULL_Deref_From_Return__Properties_getProperty_equals_52a.java	82	CWE690_NULL_Deref_From_Return__Properties_getProperty_equals_52c.java	42
/home/swlab/Documents/swvul/java-vuln-detection/slicing/output/CPG/cwe690_cpg/cwe690-100-cpg-resolved.bin	tc100_flow1	CWE690_NULL_Deref_From_Return__Properties_getProperty_equals_53a.java	45	CWE690_NULL_Deref_From_Return__Properties_getProperty_equals_53d.java	30
/home/swlab/Documents/swvul/java-vuln-detection/slicing/output/CPG/cwe690_cpg/cwe690-100-cpg-resolved.bin	tc100_flow2	CWE690_NULL_Deref_From_Return__Properties_getProperty_equals_53a.java	101	CWE690_NULL_Deref_From_Return__Properties_getProperty_equals_53d.java	54
/home/swlab/Documents/swvul/java-vuln-detection/slicing/output/CPG/cwe690_cpg/cwe690-100-cpg-resolved.bin	tc100_flow3	CWE690_NULL_Deref_From_Return__Properties_getProperty_equals_53a.java	82	CWE690_NULL_Deref_From_Return__Properties_getProperty_equals_53d.java	42
/home/swlab/Documents/swvul/java-vuln-detection/slicing/output/CPG/cwe690_cpg/cwe690-101-cpg-resolved.bin	tc101_flow1	CWE690_NULL_Deref_From_Return__Properties_getProperty_equals_54a.java	45	CWE690_NULL_Deref_From_Return__Properties_getProperty_equals_54e.java	30
/home/swlab/Documents/swvul/java-vuln-detection/slicing/output/CPG/cwe690_cpg/cwe690-101-cpg-resolved.bin	tc101_flow2	CWE690_NULL_Deref_From_Return__Properties_getProperty_equals_54a.java	101	CWE690_NULL_Deref_From_Return__Properties_getProperty_equals_54e.java	54
/home/swlab/Documents/swvul/java-vuln-detection/slicing/output/CPG/cwe690_cpg/cwe690-101-cpg-resolved.bin	tc101_flow3	CWE690_NULL_Deref_From_Return__Properties_getProperty_equals_54a.java	82	CWE690_NULL_Deref_From_Return__Properties_getProperty_equals_54e.java	42
/home/swlab/Documents/swvul/java-vuln-detection/slicing/output/CPG/cwe690_cpg/cwe690-102-cpg-resolved.bin	tc102_flow1	CWE690_NULL_Deref_From_Return__Properties_getProperty_equals_61b.java	45	CWE690_NULL_Deref_From_Return__Properties_getProperty_equals_61a.java	31
/home/swlab/Documents/swvul/java-vuln-detection/slicing/output/CPG/cwe690_cpg/cwe690-102-cpg-resolved.bin	tc102_flow2	CWE690_NULL_Deref_From_Return__Properties_getProperty_equals_61b.java	95	CWE690_NULL_Deref_From_Return__Properties_getProperty_equals_61a.java	63
/home/swlab/Documents/swvul/java-vuln-detection/slicing/output/CPG/cwe690_cpg/cwe690-102-cpg-resolved.bin	tc102_flow3	CWE690_NULL_Deref_From_Return__Properties_getProperty_equals_61b.java	76	CWE690_NULL_Deref_From_Return__Properties_getProperty_equals_61a.java	50
/home/swlab/Documents/swvul/java-vuln-detection/slicing/output/CPG/cwe690_cpg/cwe690-103-cpg-resolved.bin	tc103_flow1	CWE690_NULL_Deref_From_Return__Properties_getProperty_equals_66a.java	45	CWE690_NULL_Deref_From_Return__Properties_getProperty_equals_66b.java	31
/home/swlab/Documents/swvul/java-vuln-detection/slicing/output/CPG/cwe690_cpg/cwe690-103-cpg-resolved.bin	tc103_flow2	CWE690_NULL_Deref_From_Return__Properties_getProperty_equals_66a.java	105	CWE690_NULL_Deref_From_Return__Properties_getProperty_equals_66b.java	57
/home/swlab/Documents/swvul/java-vuln-detection/slicing/output/CPG/cwe690_cpg/cwe690-103-cpg-resolved.bin	tc103_flow3	CWE690_NULL_Deref_From_Return__Properties_getProperty_equals_66a.java	84	CWE690_NULL_Deref_From_Return__Properties_getProperty_equals_66b.java	44
/home/swlab/Documents/swvul/java-vuln-detection/slicing/output/CPG/cwe690_cpg/cwe690-104-cpg-resolved.bin	tc104_flow1	CWE690_NULL_Deref_From_Return__Properties_getProperty_equals_67a.java	50	CWE690_NULL_Deref_From_Return__Properties_getProperty_equals_67b.java	31
/home/swlab/Documents/swvul/java-vuln-detection/slicing/output/CPG/cwe690_cpg/cwe690-104-cpg-resolved.bin	tc104_flow2	CWE690_NULL_Deref_From_Return__Properties_getProperty_equals_67a.java	110	CWE690_NULL_Deref_From_Return__Properties_getProperty_equals_67b.java	57
/home/swlab/Documents/swvul/java-vuln-detection/slicing/output/CPG/cwe690_cpg/cwe690-104-cpg-resolved.bin	tc104_flow3	CWE690_NULL_Deref_From_Return__Properties_getProperty_equals_67a.java	89	CWE690_NULL_Deref_From_Return__Properties_getProperty_equals_67b.java	44
/home/swlab/Documents/swvul/java-vuln-detection/slicing/output/CPG/cwe690_cpg/cwe690-105-cpg-resolved.bin	tc105_flow1	CWE690_NULL_Deref_From_Return__Properties_getProperty_equals_68a.java	46	CWE690_NULL_Deref_From_Return__Properties_getProperty_equals_68b.java	31
/home/swlab/Documents/swvul/java-vuln-detection/slicing/output/CPG/cwe690_cpg/cwe690-105-cpg-resolved.bin	tc105_flow2	CWE690_NULL_Deref_From_Return__Properties_getProperty_equals_68a.java	100	CWE690_NULL_Deref_From_Return__Properties_getProperty_equals_68b.java	57
/home/swlab/Documents/swvul/java-vuln-detection/slicing/output/CPG/cwe690_cpg/cwe690-105-cpg-resolved.bin	tc105_flow3	CWE690_NULL_Deref_From_Return__Properties_getProperty_equals_68a.java	82	CWE690_NULL_Deref_From_Return__Properties_getProperty_equals_68b.java	44
/home/swlab/Documents/swvul/java-vuln-detection/slicing/output/CPG/cwe690_cpg/cwe690-106-cpg-resolved.bin	tc106_flow1	CWE690_NULL_Deref_From_Return__Properties_getProperty_equals_71a.java	45	CWE690_NULL_Deref_From_Return__Properties_getProperty_equals_71b.java	31
/home/swlab/Documents/swvul/java-vuln-detection/slicing/output/CPG/cwe690_cpg/cwe690-106-cpg-resolved.bin	tc106_flow2	CWE690_NULL_Deref_From_Return__Properties_getProperty_equals_71a.java	101	CWE690_NULL_Deref_From_Return__Properties_getProperty_equals_71b.java	57
/home/swlab/Documents/swvul/java-vuln-detection/slicing/output/CPG/cwe690_cpg/cwe690-106-cpg-resolved.bin	tc106_flow3	CWE690_NULL_Deref_From_Return__Properties_getProperty_equals_71a.java	82	CWE690_NULL_Deref_From_Return__Properties_getProperty_equals_71b.java	44
/home/swlab/Documents/swvul/java-vuln-detection/slicing/output/CPG/cwe690_cpg/cwe690-107-cpg-resolved.bin	tc107_flow1	CWE690_NULL_Deref_From_Return__Properties_getProperty_equals_72a.java	46	CWE690_NULL_Deref_From_Return__Properties_getProperty_equals_72b.java	32
/home/swlab/Documents/swvul/java-vuln-detection/slicing/output/CPG/cwe690_cpg/cwe690-107-cpg-resolved.bin	tc107_flow2	CWE690_NULL_Deref_From_Return__Properties_getProperty_equals_72a.java	110	CWE690_NULL_Deref_From_Return__Properties_getProperty_equals_72b.java	58
/home/swlab/Documents/swvul/java-vuln-detection/slicing/output/CPG/cwe690_cpg/cwe690-107-cpg-resolved.bin	tc107_flow3	CWE690_NULL_Deref_From_Return__Properties_getProperty_equals_72a.java	87	CWE690_NULL_Deref_From_Return__Properties_getProperty_equals_72b.java	45
/home/swlab/Documents/swvul/java-vuln-detection/slicing/output/CPG/cwe690_cpg/cwe690-108-cpg-resolved.bin	tc108_flow1	CWE690_NULL_Deref_From_Return__Properties_getProperty_equals_73a.java	46	CWE690_NULL_Deref_From_Return__Properties_getProperty_equals_73b.java	32
/home/swlab/Documents/swvul/java-vuln-detection/slicing/output/CPG/cwe690_cpg/cwe690-108-cpg-resolved.bin	tc108_flow2	CWE690_NULL_Deref_From_Return__Properties_getProperty_equals_73a.java	110	CWE690_NULL_Deref_From_Return__Properties_getProperty_equals_73b.java	58
/home/swlab/Documents/swvul/java-vuln-detection/slicing/output/CPG/cwe690_cpg/cwe690-108-cpg-resolved.bin	tc108_flow3	CWE690_NULL_Deref_From_Return__Properties_getProperty_equals_73a.java	87	CWE690_NULL_Deref_From_Return__Properties_getProperty_equals_73b.java	45
/home/swlab/Documents/swvul/java-vuln-detection/slicing/output/CPG/cwe690_cpg/cwe690-109-cpg-resolved.bin	tc109_flow1	CWE690_NULL_Deref_From_Return__Properties_getProperty_equals_74a.java	46	CWE690_NULL_Deref_From_Return__Properties_getProperty_equals_74b.java	32
/home/swlab/Documents/swvul/java-vuln-detection/slicing/output/CPG/cwe690_cpg/cwe690-109-cpg-resolved.bin	tc109_flow2	CWE690_NULL_Deref_From_Return__Properties_getProperty_equals_74a.java	110	CWE690_NULL_Deref_From_Return__Properties_getProperty_equals_74b.java	58
/home/swlab/Documents/swvul/java-vuln-detection/slicing/output/CPG/cwe690_cpg/cwe690-109-cpg-resolved.bin	tc109_flow3	CWE690_NULL_Deref_From_Return__Properties_getProperty_equals_74a.java	87	CWE690_NULL_Deref_From_Return__Properties_getProperty_equals_74b.java	45
/home/swlab/Documents/swvul/java-vuln-detection/slicing/output/CPG/cwe690_cpg/cwe690-110-cpg-resolved.bin	tc110_flow1	CWE690_NULL_Deref_From_Return__Properties_getProperty_equals_75a.java	48	CWE690_NULL_Deref_From_Return__Properties_getProperty_equals_75b.java	43
/home/swlab/Documents/swvul/java-vuln-detection/slicing/output/CPG/cwe690_cpg/cwe690-110-cpg-resolved.bin	tc110_flow2	CWE690_NULL_Deref_From_Return__Properties_getProperty_equals_75a.java	188	CWE690_NULL_Deref_From_Return__Properties_getProperty_equals_75b.java	156
/home/swlab/Documents/swvul/java-vuln-detection/slicing/output/CPG/cwe690_cpg/cwe690-110-cpg-resolved.bin	tc110_flow3	CWE690_NULL_Deref_From_Return__Properties_getProperty_equals_75a.java	127	CWE690_NULL_Deref_From_Return__Properties_getProperty_equals_75b.java	99
/home/swlab/Documents/swvul/java-vuln-detection/slicing/output/CPG/cwe690_cpg/cwe690-111-cpg-resolved.bin	tc111_flow1	CWE690_NULL_Deref_From_Return__Properties_getProperty_equals_81a.java	45	CWE690_NULL_Deref_From_Return__Properties_getProperty_equals_81_bad.java	30
/home/swlab/Documents/swvul/java-vuln-detection/slicing/output/CPG/cwe690_cpg/cwe690-111-cpg-resolved.bin	tc111_flow2	CWE690_NULL_Deref_From_Return__Properties_getProperty_equals_81a.java	103	CWE690_NULL_Deref_From_Return__Properties_getProperty_equals_81_goodB2G.java	30
/home/swlab/Documents/swvul/java-vuln-detection/slicing/output/CPG/cwe690_cpg/cwe690-111-cpg-resolved.bin	tc111_flow3	CWE690_NULL_Deref_From_Return__Properties_getProperty_equals_81a.java	83	CWE690_NULL_Deref_From_Return__Properties_getProperty_equals_81_goodG2B.java	30
/home/swlab/Documents/swvul/java-vuln-detection/slicing/output/CPG/cwe690_cpg/cwe690-112-cpg-resolved.bin	tc112_flow1	CWE690_NULL_Deref_From_Return__Properties_getProperty_trim_01.java	45	CWE690_NULL_Deref_From_Return__Properties_getProperty_trim_01.java	68
/home/swlab/Documents/swvul/java-vuln-detection/slicing/output/CPG/cwe690_cpg/cwe690-112-cpg-resolved.bin	tc112_flow2	CWE690_NULL_Deref_From_Return__Properties_getProperty_trim_01.java	109	CWE690_NULL_Deref_From_Return__Properties_getProperty_trim_01.java	132
/home/swlab/Documents/swvul/java-vuln-detection/slicing/output/CPG/cwe690_cpg/cwe690-112-cpg-resolved.bin	tc112_flow3	CWE690_NULL_Deref_From_Return__Properties_getProperty_trim_01.java	86	CWE690_NULL_Deref_From_Return__Properties_getProperty_trim_01.java	89
/home/swlab/Documents/swvul/java-vuln-detection/slicing/output/CPG/cwe690_cpg/cwe690-113-cpg-resolved.bin	tc113_flow1	CWE690_NULL_Deref_From_Return__Properties_getProperty_trim_02.java	45	CWE690_NULL_Deref_From_Return__Properties_getProperty_trim_02.java	77
/home/swlab/Documents/swvul/java-vuln-detection/slicing/output/CPG/cwe690_cpg/cwe690-113-cpg-resolved.bin	tc113_flow2	CWE690_NULL_Deref_From_Return__Properties_getProperty_trim_02.java	146	CWE690_NULL_Deref_From_Return__Properties_getProperty_trim_02.java	184
/home/swlab/Documents/swvul/java-vuln-detection/slicing/output/CPG/cwe690_cpg/cwe690-113-cpg-resolved.bin	tc113_flow3	CWE690_NULL_Deref_From_Return__Properties_getProperty_trim_02.java	207	CWE690_NULL_Deref_From_Return__Properties_getProperty_trim_02.java	239
/home/swlab/Documents/swvul/java-vuln-detection/slicing/output/CPG/cwe690_cpg/cwe690-113-cpg-resolved.bin	tc113_flow4	CWE690_NULL_Deref_From_Return__Properties_getProperty_trim_02.java	96	CWE690_NULL_Deref_From_Return__Properties_getProperty_trim_02.java	103
/home/swlab/Documents/swvul/java-vuln-detection/slicing/output/CPG/cwe690_cpg/cwe690-113-cpg-resolved.bin	tc113_flow5	CWE690_NULL_Deref_From_Return__Properties_getProperty_trim_02.java	115	CWE690_NULL_Deref_From_Return__Properties_getProperty_trim_02.java	127
/home/swlab/Documents/swvul/java-vuln-detection/slicing/output/CPG/cwe690_cpg/cwe690-114-cpg-resolved.bin	tc114_flow1	CWE690_NULL_Deref_From_Return__Properties_getProperty_trim_03.java	45	CWE690_NULL_Deref_From_Return__Properties_getProperty_trim_03.java	77
/home/swlab/Documents/swvul/java-vuln-detection/slicing/output/CPG/cwe690_cpg/cwe690-114-cpg-resolved.bin	tc114_flow2	CWE690_NULL_Deref_From_Return__Properties_getProperty_trim_03.java	146	CWE690_NULL_Deref_From_Return__Properties_getProperty_trim_03.java	184
/home/swlab/Documents/swvul/java-vuln-detection/slicing/output/CPG/cwe690_cpg/cwe690-114-cpg-resolved.bin	tc114_flow3	CWE690_NULL_Deref_From_Return__Properties_getProperty_trim_03.java	207	CWE690_NULL_Deref_From_Return__Properties_getProperty_trim_03.java	239
/home/swlab/Documents/swvul/java-vuln-detection/slicing/output/CPG/cwe690_cpg/cwe690-114-cpg-resolved.bin	tc114_flow4	CWE690_NULL_Deref_From_Return__Properties_getProperty_trim_03.java	96	CWE690_NULL_Deref_From_Return__Properties_getProperty_trim_03.java	103
/home/swlab/Documents/swvul/java-vuln-detection/slicing/output/CPG/cwe690_cpg/cwe690-114-cpg-resolved.bin	tc114_flow5	CWE690_NULL_Deref_From_Return__Properties_getProperty_trim_03.java	115	CWE690_NULL_Deref_From_Return__Properties_getProperty_trim_03.java	127
/home/swlab/Documents/swvul/java-vuln-detection/slicing/output/CPG/cwe690_cpg/cwe690-115-cpg-resolved.bin	tc115_flow1	CWE690_NULL_Deref_From_Return__Properties_getProperty_trim_04.java	52	CWE690_NULL_Deref_From_Return__Properties_getProperty_trim_04.java	84
/home/swlab/Documents/swvul/java-vuln-detection/slicing/output/CPG/cwe690_cpg/cwe690-115-cpg-resolved.bin	tc115_flow2	CWE690_NULL_Deref_From_Return__Properties_getProperty_trim_04.java	153	CWE690_NULL_Deref_From_Return__Properties_getProperty_trim_04.java	191
/home/swlab/Documents/swvul/java-vuln-detection/slicing/output/CPG/cwe690_cpg/cwe690-115-cpg-resolved.bin	tc115_flow3	CWE690_NULL_Deref_From_Return__Properties_getProperty_trim_04.java	214	CWE690_NULL_Deref_From_Return__Properties_getProperty_trim_04.java	246
/home/swlab/Documents/swvul/java-vuln-detection/slicing/output/CPG/cwe690_cpg/cwe690-115-cpg-resolved.bin	tc115_flow4	CWE690_NULL_Deref_From_Return__Properties_getProperty_trim_04.java	103	CWE690_NULL_Deref_From_Return__Properties_getProperty_trim_04.java	110
/home/swlab/Documents/swvul/java-vuln-detection/slicing/output/CPG/cwe690_cpg/cwe690-115-cpg-resolved.bin	tc115_flow5	CWE690_NULL_Deref_From_Return__Properties_getProperty_trim_04.java	122	CWE690_NULL_Deref_From_Return__Properties_getProperty_trim_04.java	134
/home/swlab/Documents/swvul/java-vuln-detection/slicing/output/CPG/cwe690_cpg/cwe690-116-cpg-resolved.bin	tc116_flow1	CWE690_NULL_Deref_From_Return__Properties_getProperty_trim_05.java	52	CWE690_NULL_Deref_From_Return__Properties_getProperty_trim_05.java	84
/home/swlab/Documents/swvul/java-vuln-detection/slicing/output/CPG/cwe690_cpg/cwe690-116-cpg-resolved.bin	tc116_flow2	CWE690_NULL_Deref_From_Return__Properties_getProperty_trim_05.java	154	CWE690_NULL_Deref_From_Return__Properties_getProperty_trim_05.java	192
/home/swlab/Documents/swvul/java-vuln-detection/slicing/output/CPG/cwe690_cpg/cwe690-116-cpg-resolved.bin	tc116_flow3	CWE690_NULL_Deref_From_Return__Properties_getProperty_trim_05.java	215	CWE690_NULL_Deref_From_Return__Properties_getProperty_trim_05.java	247
/home/swlab/Documents/swvul/java-vuln-detection/slicing/output/CPG/cwe690_cpg/cwe690-116-cpg-resolved.bin	tc116_flow4	CWE690_NULL_Deref_From_Return__Properties_getProperty_trim_05.java	103	CWE690_NULL_Deref_From_Return__Properties_getProperty_trim_05.java	110
/home/swlab/Documents/swvul/java-vuln-detection/slicing/output/CPG/cwe690_cpg/cwe690-116-cpg-resolved.bin	tc116_flow5	CWE690_NULL_Deref_From_Return__Properties_getProperty_trim_05.java	122	CWE690_NULL_Deref_From_Return__Properties_getProperty_trim_05.java	134
/home/swlab/Documents/swvul/java-vuln-detection/slicing/output/CPG/cwe690_cpg/cwe690-117-cpg-resolved.bin	tc117_flow1	CWE690_NULL_Deref_From_Return__Properties_getProperty_trim_06.java	50	CWE690_NULL_Deref_From_Return__Properties_getProperty_trim_06.java	82
/home/swlab/Documents/swvul/java-vuln-detection/slicing/output/CPG/cwe690_cpg/cwe690-117-cpg-resolved.bin	tc117_flow2	CWE690_NULL_Deref_From_Return__Properties_getProperty_trim_06.java	151	CWE690_NULL_Deref_From_Return__Properties_getProperty_trim_06.java	189
/home/swlab/Documents/swvul/java-vuln-detection/slicing/output/CPG/cwe690_cpg/cwe690-117-cpg-resolved.bin	tc117_flow3	CWE690_NULL_Deref_From_Return__Properties_getProperty_trim_06.java	212	CWE690_NULL_Deref_From_Return__Properties_getProperty_trim_06.java	244
/home/swlab/Documents/swvul/java-vuln-detection/slicing/output/CPG/cwe690_cpg/cwe690-117-cpg-resolved.bin	tc117_flow4	CWE690_NULL_Deref_From_Return__Properties_getProperty_trim_06.java	101	CWE690_NULL_Deref_From_Return__Properties_getProperty_trim_06.java	108
/home/swlab/Documents/swvul/java-vuln-detection/slicing/output/CPG/cwe690_cpg/cwe690-117-cpg-resolved.bin	tc117_flow5	CWE690_NULL_Deref_From_Return__Properties_getProperty_trim_06.java	120	CWE690_NULL_Deref_From_Return__Properties_getProperty_trim_06.java	132
/home/swlab/Documents/swvul/java-vuln-detection/slicing/output/CPG/cwe690_cpg/cwe690-118-cpg-resolved.bin	tc118_flow1	CWE690_NULL_Deref_From_Return__Properties_getProperty_trim_07.java	50	CWE690_NULL_Deref_From_Return__Properties_getProperty_trim_07.java	82
/home/swlab/Documents/swvul/java-vuln-detection/slicing/output/CPG/cwe690_cpg/cwe690-118-cpg-resolved.bin	tc118_flow2	CWE690_NULL_Deref_From_Return__Properties_getProperty_trim_07.java	151	CWE690_NULL_Deref_From_Return__Properties_getProperty_trim_07.java	189
/home/swlab/Documents/swvul/java-vuln-detection/slicing/output/CPG/cwe690_cpg/cwe690-118-cpg-resolved.bin	tc118_flow3	CWE690_NULL_Deref_From_Return__Properties_getProperty_trim_07.java	212	CWE690_NULL_Deref_From_Return__Properties_getProperty_trim_07.java	244
/home/swlab/Documents/swvul/java-vuln-detection/slicing/output/CPG/cwe690_cpg/cwe690-118-cpg-resolved.bin	tc118_flow4	CWE690_NULL_Deref_From_Return__Properties_getProperty_trim_07.java	101	CWE690_NULL_Deref_From_Return__Properties_getProperty_trim_07.java	108
/home/swlab/Documents/swvul/java-vuln-detection/slicing/output/CPG/cwe690_cpg/cwe690-118-cpg-resolved.bin	tc118_flow5	CWE690_NULL_Deref_From_Return__Properties_getProperty_trim_07.java	120	CWE690_NULL_Deref_From_Return__Properties_getProperty_trim_07.java	132
/home/swlab/Documents/swvul/java-vuln-detection/slicing/output/CPG/cwe690_cpg/cwe690-119-cpg-resolved.bin	tc119_flow1	CWE690_NULL_Deref_From_Return__Properties_getProperty_trim_08.java	58	CWE690_NULL_Deref_From_Return__Properties_getProperty_trim_08.java	90
/home/swlab/Documents/swvul/java-vuln-detection/slicing/output/CPG/cwe690_cpg/cwe690-119-cpg-resolved.bin	tc119_flow2	CWE690_NULL_Deref_From_Return__Properties_getProperty_trim_08.java	159	CWE690_NULL_Deref_From_Return__Properties_getProperty_trim_08.java	197
/home/swlab/Documents/swvul/java-vuln-detection/slicing/output/CPG/cwe690_cpg/cwe690-119-cpg-resolved.bin	tc119_flow3	CWE690_NULL_Deref_From_Return__Properties_getProperty_trim_08.java	220	CWE690_NULL_Deref_From_Return__Properties_getProperty_trim_08.java	252
/home/swlab/Documents/swvul/java-vuln-detection/slicing/output/CPG/cwe690_cpg/cwe690-119-cpg-resolved.bin	tc119_flow4	CWE690_NULL_Deref_From_Return__Properties_getProperty_trim_08.java	109	CWE690_NULL_Deref_From_Return__Properties_getProperty_trim_08.java	116
/home/swlab/Documents/swvul/java-vuln-detection/slicing/output/CPG/cwe690_cpg/cwe690-119-cpg-resolved.bin	tc119_flow5	CWE690_NULL_Deref_From_Return__Properties_getProperty_trim_08.java	128	CWE690_NULL_Deref_From_Return__Properties_getProperty_trim_08.java	140
/home/swlab/Documents/swvul/java-vuln-detection/slicing/output/CPG/cwe690_cpg/cwe690-120-cpg-resolved.bin	tc120_flow1	CWE690_NULL_Deref_From_Return__Properties_getProperty_trim_09.java	45	CWE690_NULL_Deref_From_Return__Properties_getProperty_trim_09.java	77
/home/swlab/Documents/swvul/java-vuln-detection/slicing/output/CPG/cwe690_cpg/cwe690-120-cpg-resolved.bin	tc120_flow2	CWE690_NULL_Deref_From_Return__Properties_getProperty_trim_09.java	146	CWE690_NULL_Deref_From_Return__Properties_getProperty_trim_09.java	184
/home/swlab/Documents/swvul/java-vuln-detection/slicing/output/CPG/cwe690_cpg/cwe690-120-cpg-resolved.bin	tc120_flow3	CWE690_NULL_Deref_From_Return__Properties_getProperty_trim_09.java	207	CWE690_NULL_Deref_From_Return__Properties_getProperty_trim_09.java	239
/home/swlab/Documents/swvul/java-vuln-detection/slicing/output/CPG/cwe690_cpg/cwe690-120-cpg-resolved.bin	tc120_flow4	CWE690_NULL_Deref_From_Return__Properties_getProperty_trim_09.java	96	CWE690_NULL_Deref_From_Return__Properties_getProperty_trim_09.java	103
/home/swlab/Documents/swvul/java-vuln-detection/slicing/output/CPG/cwe690_cpg/cwe690-120-cpg-resolved.bin	tc120_flow5	CWE690_NULL_Deref_From_Return__Properties_getProperty_trim_09.java	115	CWE690_NULL_Deref_From_Return__Properties_getProperty_trim_09.java	127
/home/swlab/Documents/swvul/java-vuln-detection/slicing/output/CPG/cwe690_cpg/cwe690-121-cpg-resolved.bin	tc121_flow1	CWE690_NULL_Deref_From_Return__Properties_getProperty_trim_10.java	45	CWE690_NULL_Deref_From_Return__Properties_getProperty_trim_10.java	77
/home/swlab/Documents/swvul/java-vuln-detection/slicing/output/CPG/cwe690_cpg/cwe690-121-cpg-resolved.bin	tc121_flow2	CWE690_NULL_Deref_From_Return__Properties_getProperty_trim_10.java	146	CWE690_NULL_Deref_From_Return__Properties_getProperty_trim_10.java	184
/home/swlab/Documents/swvul/java-vuln-detection/slicing/output/CPG/cwe690_cpg/cwe690-121-cpg-resolved.bin	tc121_flow3	CWE690_NULL_Deref_From_Return__Properties_getProperty_trim_10.java	207	CWE690_NULL_Deref_From_Return__Properties_getProperty_trim_10.java	239
/home/swlab/Documents/swvul/java-vuln-detection/slicing/output/CPG/cwe690_cpg/cwe690-121-cpg-resolved.bin	tc121_flow4	CWE690_NULL_Deref_From_Return__Properties_getProperty_trim_10.java	96	CWE690_NULL_Deref_From_Return__Properties_getProperty_trim_10.java	103
/home/swlab/Documents/swvul/java-vuln-detection/slicing/output/CPG/cwe690_cpg/cwe690-121-cpg-resolved.bin	tc121_flow5	CWE690_NULL_Deref_From_Return__Properties_getProperty_trim_10.java	115	CWE690_NULL_Deref_From_Return__Properties_getProperty_trim_10.java	127
/home/swlab/Documents/swvul/java-vuln-detection/slicing/output/CPG/cwe690_cpg/cwe690-122-cpg-resolved.bin	tc122_flow1	CWE690_NULL_Deref_From_Return__Properties_getProperty_trim_11.java	45	CWE690_NULL_Deref_From_Return__Properties_getProperty_trim_11.java	77
/home/swlab/Documents/swvul/java-vuln-detection/slicing/output/CPG/cwe690_cpg/cwe690-122-cpg-resolved.bin	tc122_flow2	CWE690_NULL_Deref_From_Return__Properties_getProperty_trim_11.java	147	CWE690_NULL_Deref_From_Return__Properties_getProperty_trim_11.java	185
/home/swlab/Documents/swvul/java-vuln-detection/slicing/output/CPG/cwe690_cpg/cwe690-122-cpg-resolved.bin	tc122_flow3	CWE690_NULL_Deref_From_Return__Properties_getProperty_trim_11.java	208	CWE690_NULL_Deref_From_Return__Properties_getProperty_trim_11.java	240
/home/swlab/Documents/swvul/java-vuln-detection/slicing/output/CPG/cwe690_cpg/cwe690-122-cpg-resolved.bin	tc122_flow4	CWE690_NULL_Deref_From_Return__Properties_getProperty_trim_11.java	96	CWE690_NULL_Deref_From_Return__Properties_getProperty_trim_11.java	103
/home/swlab/Documents/swvul/java-vuln-detection/slicing/output/CPG/cwe690_cpg/cwe690-122-cpg-resolved.bin	tc122_flow5	CWE690_NULL_Deref_From_Return__Properties_getProperty_trim_11.java	116	CWE690_NULL_Deref_From_Return__Properties_getProperty_trim_11.java	128
/home/swlab/Documents/swvul/java-vuln-detection/slicing/output/CPG/cwe690_cpg/cwe690-123-cpg-resolved.bin	tc123_flow2	CWE690_NULL_Deref_From_Return__Properties_getProperty_trim_12.java	144	CWE690_NULL_Deref_From_Return__Properties_getProperty_trim_12.java	215
/home/swlab/Documents/swvul/java-vuln-detection/slicing/output/CPG/cwe690_cpg/cwe690-123-cpg-resolved.bin	tc123_flow3	CWE690_NULL_Deref_From_Return__Properties_getProperty_trim_12.java	102	CWE690_NULL_Deref_From_Return__Properties_getProperty_trim_12.java	122
/home/swlab/Documents/swvul/java-vuln-detection/slicing/output/CPG/cwe690_cpg/cwe690-124-cpg-resolved.bin	tc124_flow1	CWE690_NULL_Deref_From_Return__Properties_getProperty_trim_13.java	45	CWE690_NULL_Deref_From_Return__Properties_getProperty_trim_13.java	77
/home/swlab/Documents/swvul/java-vuln-detection/slicing/output/CPG/cwe690_cpg/cwe690-124-cpg-resolved.bin	tc124_flow2	CWE690_NULL_Deref_From_Return__Properties_getProperty_trim_13.java	146	CWE690_NULL_Deref_From_Return__Properties_getProperty_trim_13.java	184
/home/swlab/Documents/swvul/java-vuln-detection/slicing/output/CPG/cwe690_cpg/cwe690-124-cpg-resolved.bin	tc124_flow3	CWE690_NULL_Deref_From_Return__Properties_getProperty_trim_13.java	207	CWE690_NULL_Deref_From_Return__Properties_getProperty_trim_13.java	239
/home/swlab/Documents/swvul/java-vuln-detection/slicing/output/CPG/cwe690_cpg/cwe690-124-cpg-resolved.bin	tc124_flow4	CWE690_NULL_Deref_From_Return__Properties_getProperty_trim_13.java	96	CWE690_NULL_Deref_From_Return__Properties_getProperty_trim_13.java	103
/home/swlab/Documents/swvul/java-vuln-detection/slicing/output/CPG/cwe690_cpg/cwe690-124-cpg-resolved.bin	tc124_flow5	CWE690_NULL_Deref_From_Return__Properties_getProperty_trim_13.java	115	CWE690_NULL_Deref_From_Return__Properties_getProperty_trim_13.java	127
/home/swlab/Documents/swvul/java-vuln-detection/slicing/output/CPG/cwe690_cpg/cwe690-125-cpg-resolved.bin	tc125_flow1	CWE690_NULL_Deref_From_Return__Properties_getProperty_trim_14.java	45	CWE690_NULL_Deref_From_Return__Properties_getProperty_trim_14.java	77
/home/swlab/Documents/swvul/java-vuln-detection/slicing/output/CPG/cwe690_cpg/cwe690-125-cpg-resolved.bin	tc125_flow2	CWE690_NULL_Deref_From_Return__Properties_getProperty_trim_14.java	146	CWE690_NULL_Deref_From_Return__Properties_getProperty_trim_14.java	184
/home/swlab/Documents/swvul/java-vuln-detection/slicing/output/CPG/cwe690_cpg/cwe690-125-cpg-resolved.bin	tc125_flow3	CWE690_NULL_Deref_From_Return__Properties_getProperty_trim_14.java	207	CWE690_NULL_Deref_From_Return__Properties_getProperty_trim_14.java	239
/home/swlab/Documents/swvul/java-vuln-detection/slicing/output/CPG/cwe690_cpg/cwe690-125-cpg-resolved.bin	tc125_flow4	CWE690_NULL_Deref_From_Return__Properties_getProperty_trim_14.java	96	CWE690_NULL_Deref_From_Return__Properties_getProperty_trim_14.java	103
/home/swlab/Documents/swvul/java-vuln-detection/slicing/output/CPG/cwe690_cpg/cwe690-125-cpg-resolved.bin	tc125_flow5	CWE690_NULL_Deref_From_Return__Properties_getProperty_trim_14.java	115	CWE690_NULL_Deref_From_Return__Properties_getProperty_trim_14.java	127
/home/swlab/Documents/swvul/java-vuln-detection/slicing/output/CPG/cwe690_cpg/cwe690-126-cpg-resolved.bin	tc126_flow1	CWE690_NULL_Deref_From_Return__Properties_getProperty_trim_15.java	47	CWE690_NULL_Deref_From_Return__Properties_getProperty_trim_15.java	80
/home/swlab/Documents/swvul/java-vuln-detection/slicing/output/CPG/cwe690_cpg/cwe690-126-cpg-resolved.bin	tc126_flow2	CWE690_NULL_Deref_From_Return__Properties_getProperty_trim_15.java	170	CWE690_NULL_Deref_From_Return__Properties_getProperty_trim_15.java	207
/home/swlab/Documents/swvul/java-vuln-detection/slicing/output/CPG/cwe690_cpg/cwe690-126-cpg-resolved.bin	tc126_flow3	CWE690_NULL_Deref_From_Return__Properties_getProperty_trim_15.java	232	CWE690_NULL_Deref_From_Return__Properties_getProperty_trim_15.java	265
/home/swlab/Documents/swvul/java-vuln-detection/slicing/output/CPG/cwe690_cpg/cwe690-126-cpg-resolved.bin	tc126_flow4	CWE690_NULL_Deref_From_Return__Properties_getProperty_trim_15.java	104	CWE690_NULL_Deref_From_Return__Properties_getProperty_trim_15.java	112
/home/swlab/Documents/swvul/java-vuln-detection/slicing/output/CPG/cwe690_cpg/cwe690-126-cpg-resolved.bin	tc126_flow5	CWE690_NULL_Deref_From_Return__Properties_getProperty_trim_15.java	131	CWE690_NULL_Deref_From_Return__Properties_getProperty_trim_15.java	144
/home/swlab/Documents/swvul/java-vuln-detection/slicing/output/CPG/cwe690_cpg/cwe690-127-cpg-resolved.bin	tc127_flow1	CWE690_NULL_Deref_From_Return__Properties_getProperty_trim_16.java	46	CWE690_NULL_Deref_From_Return__Properties_getProperty_trim_16.java	73
/home/swlab/Documents/swvul/java-vuln-detection/slicing/output/CPG/cwe690_cpg/cwe690-127-cpg-resolved.bin	tc127_flow2	CWE690_NULL_Deref_From_Return__Properties_getProperty_trim_16.java	116	CWE690_NULL_Deref_From_Return__Properties_getProperty_trim_16.java	143
/home/swlab/Documents/swvul/java-vuln-detection/slicing/output/CPG/cwe690_cpg/cwe690-127-cpg-resolved.bin	tc127_flow3	CWE690_NULL_Deref_From_Return__Properties_getProperty_trim_16.java	87	CWE690_NULL_Deref_From_Return__Properties_getProperty_trim_16.java	94
/home/swlab/Documents/swvul/java-vuln-detection/slicing/output/CPG/cwe690_cpg/cwe690-128-cpg-resolved.bin	tc128_flow1	CWE690_NULL_Deref_From_Return__Properties_getProperty_trim_17.java	50	CWE690_NULL_Deref_From_Return__Properties_getProperty_trim_17.java	75
/home/swlab/Documents/swvul/java-vuln-detection/slicing/output/CPG/cwe690_cpg/cwe690-128-cpg-resolved.bin	tc128_flow2	CWE690_NULL_Deref_From_Return__Properties_getProperty_trim_17.java	110	CWE690_NULL_Deref_From_Return__Properties_getProperty_trim_17.java	135
/home/swlab/Documents/swvul/java-vuln-detection/slicing/output/CPG/cwe690_cpg/cwe690-128-cpg-resolved.bin	tc128_flow3	CWE690_NULL_Deref_From_Return__Properties_getProperty_trim_17.java	86	CWE690_NULL_Deref_From_Return__Properties_getProperty_trim_17.java	91
/home/swlab/Documents/swvul/java-vuln-detection/slicing/output/CPG/cwe690_cpg/cwe690-129-cpg-resolved.bin	tc129_flow1	CWE690_NULL_Deref_From_Return__Properties_getProperty_trim_21.java	48	CWE690_NULL_Deref_From_Return__Properties_getProperty_trim_21.java	79
/home/swlab/Documents/swvul/java-vuln-detection/slicing/output/CPG/cwe690_cpg/cwe690-129-cpg-resolved.bin	tc129_flow2	CWE690_NULL_Deref_From_Return__Properties_getProperty_trim_21.java	110	CWE690_NULL_Deref_From_Return__Properties_getProperty_trim_21.java	147
/home/swlab/Documents/swvul/java-vuln-detection/slicing/output/CPG/cwe690_cpg/cwe690-129-cpg-resolved.bin	tc129_flow3	CWE690_NULL_Deref_From_Return__Properties_getProperty_trim_21.java	170	CWE690_NULL_Deref_From_Return__Properties_getProperty_trim_21.java	201
/home/swlab/Documents/swvul/java-vuln-detection/slicing/output/CPG/cwe690_cpg/cwe690-129-cpg-resolved.bin	tc129_flow4	CWE690_NULL_Deref_From_Return__Properties_getProperty_trim_21.java	215	CWE690_NULL_Deref_From_Return__Properties_getProperty_trim_21.java	226
/home/swlab/Documents/swvul/java-vuln-detection/slicing/output/CPG/cwe690_cpg/cwe690-130-cpg-resolved.bin	tc130_flow1	CWE690_NULL_Deref_From_Return__Properties_getProperty_trim_22a.java	49	CWE690_NULL_Deref_From_Return__Properties_getProperty_trim_22b.java	31
/home/swlab/Documents/swvul/java-vuln-detection/slicing/output/CPG/cwe690_cpg/cwe690-130-cpg-resolved.bin	tc130_flow2	CWE690_NULL_Deref_From_Return__Properties_getProperty_trim_22a.java	102	CWE690_NULL_Deref_From_Return__Properties_getProperty_trim_22b.java	55
/home/swlab/Documents/swvul/java-vuln-detection/slicing/output/CPG/cwe690_cpg/cwe690-130-cpg-resolved.bin	tc130_flow3	CWE690_NULL_Deref_From_Return__Properties_getProperty_trim_22a.java	142	CWE690_NULL_Deref_From_Return__Properties_getProperty_trim_22b.java	70
/home/swlab/Documents/swvul/java-vuln-detection/slicing/output/CPG/cwe690_cpg/cwe690-130-cpg-resolved.bin	tc130_flow4	CWE690_NULL_Deref_From_Return__Properties_getProperty_trim_22a.java	174	CWE690_NULL_Deref_From_Return__Properties_getProperty_trim_22b.java	90
/home/swlab/Documents/swvul/java-vuln-detection/slicing/output/CPG/cwe690_cpg/cwe690-131-cpg-resolved.bin	tc131_flow1	CWE690_NULL_Deref_From_Return__Properties_getProperty_trim_31.java	47	CWE690_NULL_Deref_From_Return__Properties_getProperty_trim_31.java	75
/home/swlab/Documents/swvul/java-vuln-detection/slicing/output/CPG/cwe690_cpg/cwe690-131-cpg-resolved.bin	tc131_flow2	CWE690_NULL_Deref_From_Return__Properties_getProperty_trim_31.java	127	CWE690_NULL_Deref_From_Return__Properties_getProperty_trim_31.java	155
/home/swlab/Documents/swvul/java-vuln-detection/slicing/output/CPG/cwe690_cpg/cwe690-131-cpg-resolved.bin	tc131_flow3	CWE690_NULL_Deref_From_Return__Properties_getProperty_trim_31.java	96	CWE690_NULL_Deref_From_Return__Properties_getProperty_trim_31.java	104
/home/swlab/Documents/swvul/java-vuln-detection/slicing/output/CPG/cwe690_cpg/cwe690-132-cpg-resolved.bin	tc132_flow1	CWE690_NULL_Deref_From_Return__Properties_getProperty_trim_41.java	55	CWE690_NULL_Deref_From_Return__Properties_getProperty_trim_41.java	36
/home/swlab/Documents/swvul/java-vuln-detection/slicing/output/CPG/cwe690_cpg/cwe690-132-cpg-resolved.bin	tc132_flow2	CWE690_NULL_Deref_From_Return__Properties_getProperty_trim_41.java	133	CWE690_NULL_Deref_From_Return__Properties_getProperty_trim_41.java	111
/home/swlab/Documents/swvul/java-vuln-detection/slicing/output/CPG/cwe690_cpg/cwe690-132-cpg-resolved.bin	tc132_flow3	CWE690_NULL_Deref_From_Return__Properties_getProperty_trim_41.java	102	CWE690_NULL_Deref_From_Return__Properties_getProperty_trim_41.java	90
/home/swlab/Documents/swvul/java-vuln-detection/slicing/output/CPG/cwe690_cpg/cwe690-133-cpg-resolved.bin	tc133_flow1	CWE690_NULL_Deref_From_Return__Properties_getProperty_trim_42.java	45	CWE690_NULL_Deref_From_Return__Properties_getProperty_trim_42.java	75
/home/swlab/Documents/swvul/java-vuln-detection/slicing/output/CPG/cwe690_cpg/cwe690-133-cpg-resolved.bin	tc133_flow2	CWE690_NULL_Deref_From_Return__Properties_getProperty_trim_42.java	117	CWE690_NULL_Deref_From_Return__Properties_getProperty_trim_42.java	147
/home/swlab/Documents/swvul/java-vuln-detection/slicing/output/CPG/cwe690_cpg/cwe690-133-cpg-resolved.bin	tc133_flow3	CWE690_NULL_Deref_From_Return__Properties_getProperty_trim_42.java	87	CWE690_NULL_Deref_From_Return__Properties_getProperty_trim_42.java	97
/home/swlab/Documents/swvul/java-vuln-detection/slicing/output/CPG/cwe690_cpg/cwe690-134-cpg-resolved.bin	tc134_flow1	CWE690_NULL_Deref_From_Return__Properties_getProperty_trim_45.java	60	CWE690_NULL_Deref_From_Return__Properties_getProperty_trim_45.java	41
/home/swlab/Documents/swvul/java-vuln-detection/slicing/output/CPG/cwe690_cpg/cwe690-134-cpg-resolved.bin	tc134_flow2	CWE690_NULL_Deref_From_Return__Properties_getProperty_trim_45.java	142	CWE690_NULL_Deref_From_Return__Properties_getProperty_trim_45.java	120
/home/swlab/Documents/swvul/java-vuln-detection/slicing/output/CPG/cwe690_cpg/cwe690-134-cpg-resolved.bin	tc134_flow3	CWE690_NULL_Deref_From_Return__Properties_getProperty_trim_45.java	109	CWE690_NULL_Deref_From_Return__Properties_getProperty_trim_45.java	97
/home/swlab/Documents/swvul/java-vuln-detection/slicing/output/CPG/cwe690_cpg/cwe690-135-cpg-resolved.bin	tc135_flow1	CWE690_NULL_Deref_From_Return__Properties_getProperty_trim_51a.java	45	CWE690_NULL_Deref_From_Return__Properties_getProperty_trim_51b.java	30
/home/swlab/Documents/swvul/java-vuln-detection/slicing/output/CPG/cwe690_cpg/cwe690-135-cpg-resolved.bin	tc135_flow2	CWE690_NULL_Deref_From_Return__Properties_getProperty_trim_51a.java	101	CWE690_NULL_Deref_From_Return__Properties_getProperty_trim_51b.java	52
/home/swlab/Documents/swvul/java-vuln-detection/slicing/output/CPG/cwe690_cpg/cwe690-135-cpg-resolved.bin	tc135_flow3	CWE690_NULL_Deref_From_Return__Properties_getProperty_trim_51a.java	82	CWE690_NULL_Deref_From_Return__Properties_getProperty_trim_51b.java	41
/home/swlab/Documents/swvul/java-vuln-detection/slicing/output/CPG/cwe690_cpg/cwe690-136-cpg-resolved.bin	tc136_flow1	CWE690_NULL_Deref_From_Return__Properties_getProperty_trim_52a.java	45	CWE690_NULL_Deref_From_Return__Properties_getProperty_trim_52c.java	30
/home/swlab/Documents/swvul/java-vuln-detection/slicing/output/CPG/cwe690_cpg/cwe690-136-cpg-resolved.bin	tc136_flow2	CWE690_NULL_Deref_From_Return__Properties_getProperty_trim_52a.java	101	CWE690_NULL_Deref_From_Return__Properties_getProperty_trim_52c.java	52
/home/swlab/Documents/swvul/java-vuln-detection/slicing/output/CPG/cwe690_cpg/cwe690-136-cpg-resolved.bin	tc136_flow3	CWE690_NULL_Deref_From_Return__Properties_getProperty_trim_52a.java	82	CWE690_NULL_Deref_From_Return__Properties_getProperty_trim_52c.java	41
/home/swlab/Documents/swvul/java-vuln-detection/slicing/output/CPG/cwe690_cpg/cwe690-137-cpg-resolved.bin	tc137_flow1	CWE690_NULL_Deref_From_Return__Properties_getProperty_trim_53a.java	45	CWE690_NULL_Deref_From_Return__Properties_getProperty_trim_53d.java	30
/home/swlab/Documents/swvul/java-vuln-detection/slicing/output/CPG/cwe690_cpg/cwe690-137-cpg-resolved.bin	tc137_flow2	CWE690_NULL_Deref_From_Return__Properties_getProperty_trim_53a.java	101	CWE690_NULL_Deref_From_Return__Properties_getProperty_trim_53d.java	52
/home/swlab/Documents/swvul/java-vuln-detection/slicing/output/CPG/cwe690_cpg/cwe690-137-cpg-resolved.bin	tc137_flow3	CWE690_NULL_Deref_From_Return__Properties_getProperty_trim_53a.java	82	CWE690_NULL_Deref_From_Return__Properties_getProperty_trim_53d.java	41
/home/swlab/Documents/swvul/java-vuln-detection/slicing/output/CPG/cwe690_cpg/cwe690-138-cpg-resolved.bin	tc138_flow1	CWE690_NULL_Deref_From_Return__Properties_getProperty_trim_54a.java	45	CWE690_NULL_Deref_From_Return__Properties_getProperty_trim_54e.java	30
/home/swlab/Documents/swvul/java-vuln-detection/slicing/output/CPG/cwe690_cpg/cwe690-138-cpg-resolved.bin	tc138_flow2	CWE690_NULL_Deref_From_Return__Properties_getProperty_trim_54a.java	101	CWE690_NULL_Deref_From_Return__Properties_getProperty_trim_54e.java	52
/home/swlab/Documents/swvul/java-vuln-detection/slicing/output/CPG/cwe690_cpg/cwe690-138-cpg-resolved.bin	tc138_flow3	CWE690_NULL_Deref_From_Return__Properties_getProperty_trim_54a.java	82	CWE690_NULL_Deref_From_Return__Properties_getProperty_trim_54e.java	41
/home/swlab/Documents/swvul/java-vuln-detection/slicing/output/CPG/cwe690_cpg/cwe690-139-cpg-resolved.bin	tc139_flow1	CWE690_NULL_Deref_From_Return__Properties_getProperty_trim_61b.java	45	CWE690_NULL_Deref_From_Return__Properties_getProperty_trim_61a.java	31
/home/swlab/Documents/swvul/java-vuln-detection/slicing/output/CPG/cwe690_cpg/cwe690-139-cpg-resolved.bin	tc139_flow2	CWE690_NULL_Deref_From_Return__Properties_getProperty_trim_61b.java	95	CWE690_NULL_Deref_From_Return__Properties_getProperty_trim_61a.java	61
/home/swlab/Documents/swvul/java-vuln-detection/slicing/output/CPG/cwe690_cpg/cwe690-139-cpg-resolved.bin	tc139_flow3	CWE690_NULL_Deref_From_Return__Properties_getProperty_trim_61b.java	76	CWE690_NULL_Deref_From_Return__Properties_getProperty_trim_61a.java	49
/home/swlab/Documents/swvul/java-vuln-detection/slicing/output/CPG/cwe690_cpg/cwe690-140-cpg-resolved.bin	tc140_flow1	CWE690_NULL_Deref_From_Return__Properties_getProperty_trim_66a.java	45	CWE690_NULL_Deref_From_Return__Properties_getProperty_trim_66b.java	31
/home/swlab/Documents/swvul/java-vuln-detection/slicing/output/CPG/cwe690_cpg/cwe690-140-cpg-resolved.bin	tc140_flow2	CWE690_NULL_Deref_From_Return__Properties_getProperty_trim_66a.java	105	CWE690_NULL_Deref_From_Return__Properties_getProperty_trim_66b.java	55
/home/swlab/Documents/swvul/java-vuln-detection/slicing/output/CPG/cwe690_cpg/cwe690-140-cpg-resolved.bin	tc140_flow3	CWE690_NULL_Deref_From_Return__Properties_getProperty_trim_66a.java	84	CWE690_NULL_Deref_From_Return__Properties_getProperty_trim_66b.java	43
/home/swlab/Documents/swvul/java-vuln-detection/slicing/output/CPG/cwe690_cpg/cwe690-141-cpg-resolved.bin	tc141_flow1	CWE690_NULL_Deref_From_Return__Properties_getProperty_trim_67a.java	50	CWE690_NULL_Deref_From_Return__Properties_getProperty_trim_67b.java	31
/home/swlab/Documents/swvul/java-vuln-detection/slicing/output/CPG/cwe690_cpg/cwe690-141-cpg-resolved.bin	tc141_flow2	CWE690_NULL_Deref_From_Return__Properties_getProperty_trim_67a.java	110	CWE690_NULL_Deref_From_Return__Properties_getProperty_trim_67b.java	55
/home/swlab/Documents/swvul/java-vuln-detection/slicing/output/CPG/cwe690_cpg/cwe690-141-cpg-resolved.bin	tc141_flow3	CWE690_NULL_Deref_From_Return__Properties_getProperty_trim_67a.java	89	CWE690_NULL_Deref_From_Return__Properties_getProperty_trim_67b.java	43
/home/swlab/Documents/swvul/java-vuln-detection/slicing/output/CPG/cwe690_cpg/cwe690-142-cpg-resolved.bin	tc142_flow1	CWE690_NULL_Deref_From_Return__Properties_getProperty_trim_68a.java	46	CWE690_NULL_Deref_From_Return__Properties_getProperty_trim_68b.java	31
/home/swlab/Documents/swvul/java-vuln-detection/slicing/output/CPG/cwe690_cpg/cwe690-142-cpg-resolved.bin	tc142_flow2	CWE690_NULL_Deref_From_Return__Properties_getProperty_trim_68a.java	100	CWE690_NULL_Deref_From_Return__Properties_getProperty_trim_68b.java	55
/home/swlab/Documents/swvul/java-vuln-detection/slicing/output/CPG/cwe690_cpg/cwe690-142-cpg-resolved.bin	tc142_flow3	CWE690_NULL_Deref_From_Return__Properties_getProperty_trim_68a.java	82	CWE690_NULL_Deref_From_Return__Properties_getProperty_trim_68b.java	43
/home/swlab/Documents/swvul/java-vuln-detection/slicing/output/CPG/cwe690_cpg/cwe690-143-cpg-resolved.bin	tc143_flow1	CWE690_NULL_Deref_From_Return__Properties_getProperty_trim_71a.java	45	CWE690_NULL_Deref_From_Return__Properties_getProperty_trim_71b.java	31
/home/swlab/Documents/swvul/java-vuln-detection/slicing/output/CPG/cwe690_cpg/cwe690-143-cpg-resolved.bin	tc143_flow2	CWE690_NULL_Deref_From_Return__Properties_getProperty_trim_71a.java	101	CWE690_NULL_Deref_From_Return__Properties_getProperty_trim_71b.java	55
/home/swlab/Documents/swvul/java-vuln-detection/slicing/output/CPG/cwe690_cpg/cwe690-143-cpg-resolved.bin	tc143_flow3	CWE690_NULL_Deref_From_Return__Properties_getProperty_trim_71a.java	82	CWE690_NULL_Deref_From_Return__Properties_getProperty_trim_71b.java	43
/home/swlab/Documents/swvul/java-vuln-detection/slicing/output/CPG/cwe690_cpg/cwe690-144-cpg-resolved.bin	tc144_flow1	CWE690_NULL_Deref_From_Return__Properties_getProperty_trim_72a.java	46	CWE690_NULL_Deref_From_Return__Properties_getProperty_trim_72b.java	32
/home/swlab/Documents/swvul/java-vuln-detection/slicing/output/CPG/cwe690_cpg/cwe690-144-cpg-resolved.bin	tc144_flow2	CWE690_NULL_Deref_From_Return__Properties_getProperty_trim_72a.java	110	CWE690_NULL_Deref_From_Return__Properties_getProperty_trim_72b.java	56
/home/swlab/Documents/swvul/java-vuln-detection/slicing/output/CPG/cwe690_cpg/cwe690-144-cpg-resolved.bin	tc144_flow3	CWE690_NULL_Deref_From_Return__Properties_getProperty_trim_72a.java	87	CWE690_NULL_Deref_From_Return__Properties_getProperty_trim_72b.java	44
/home/swlab/Documents/swvul/java-vuln-detection/slicing/output/CPG/cwe690_cpg/cwe690-145-cpg-resolved.bin	tc145_flow1	CWE690_NULL_Deref_From_Return__Properties_getProperty_trim_73a.java	46	CWE690_NULL_Deref_From_Return__Properties_getProperty_trim_73b.java	32
/home/swlab/Documents/swvul/java-vuln-detection/slicing/output/CPG/cwe690_cpg/cwe690-145-cpg-resolved.bin	tc145_flow2	CWE690_NULL_Deref_From_Return__Properties_getProperty_trim_73a.java	110	CWE690_NULL_Deref_From_Return__Properties_getProperty_trim_73b.java	56
/home/swlab/Documents/swvul/java-vuln-detection/slicing/output/CPG/cwe690_cpg/cwe690-145-cpg-resolved.bin	tc145_flow3	CWE690_NULL_Deref_From_Return__Properties_getProperty_trim_73a.java	87	CWE690_NULL_Deref_From_Return__Properties_getProperty_trim_73b.java	44
/home/swlab/Documents/swvul/java-vuln-detection/slicing/output/CPG/cwe690_cpg/cwe690-146-cpg-resolved.bin	tc146_flow1	CWE690_NULL_Deref_From_Return__Properties_getProperty_trim_74a.java	46	CWE690_NULL_Deref_From_Return__Properties_getProperty_trim_74b.java	32
/home/swlab/Documents/swvul/java-vuln-detection/slicing/output/CPG/cwe690_cpg/cwe690-146-cpg-resolved.bin	tc146_flow2	CWE690_NULL_Deref_From_Return__Properties_getProperty_trim_74a.java	110	CWE690_NULL_Deref_From_Return__Properties_getProperty_trim_74b.java	56
/home/swlab/Documents/swvul/java-vuln-detection/slicing/output/CPG/cwe690_cpg/cwe690-146-cpg-resolved.bin	tc146_flow3	CWE690_NULL_Deref_From_Return__Properties_getProperty_trim_74a.java	87	CWE690_NULL_Deref_From_Return__Properties_getProperty_trim_74b.java	44
/home/swlab/Documents/swvul/java-vuln-detection/slicing/output/CPG/cwe690_cpg/cwe690-147-cpg-resolved.bin	tc147_flow1	CWE690_NULL_Deref_From_Return__Properties_getProperty_trim_75a.java	48	CWE690_NULL_Deref_From_Return__Properties_getProperty_trim_75b.java	43
/home/swlab/Documents/swvul/java-vuln-detection/slicing/output/CPG/cwe690_cpg/cwe690-147-cpg-resolved.bin	tc147_flow2	CWE690_NULL_Deref_From_Return__Properties_getProperty_trim_75a.java	188	CWE690_NULL_Deref_From_Return__Properties_getProperty_trim_75b.java	154
/home/swlab/Documents/swvul/java-vuln-detection/slicing/output/CPG/cwe690_cpg/cwe690-147-cpg-resolved.bin	tc147_flow3	CWE690_NULL_Deref_From_Return__Properties_getProperty_trim_75a.java	127	CWE690_NULL_Deref_From_Return__Properties_getProperty_trim_75b.java	98
/home/swlab/Documents/swvul/java-vuln-detection/slicing/output/CPG/cwe690_cpg/cwe690-148-cpg-resolved.bin	tc148_flow1	CWE690_NULL_Deref_From_Return__Properties_getProperty_trim_81a.java	45	CWE690_NULL_Deref_From_Return__Properties_getProperty_trim_81_bad.java	30
/home/swlab/Documents/swvul/java-vuln-detection/slicing/output/CPG/cwe690_cpg/cwe690-148-cpg-resolved.bin	tc148_flow2	CWE690_NULL_Deref_From_Return__Properties_getProperty_trim_81a.java	103	CWE690_NULL_Deref_From_Return__Properties_getProperty_trim_81_goodB2G.java	30
/home/swlab/Documents/swvul/java-vuln-detection/slicing/output/CPG/cwe690_cpg/cwe690-148-cpg-resolved.bin	tc148_flow3	CWE690_NULL_Deref_From_Return__Properties_getProperty_trim_81a.java	83	CWE690_NULL_Deref_From_Return__Properties_getProperty_trim_81_goodG2B.java	30
/home/swlab/Documents/swvul/java-vuln-detection/slicing/output/CPG/cwe690_cpg/cwe690-149-cpg-resolved.bin	tc149_flow1	CWE690_NULL_Deref_From_Return__System_getProperty_equals_01.java	31	CWE690_NULL_Deref_From_Return__System_getProperty_equals_01.java	34
/home/swlab/Documents/swvul/java-vuln-detection/slicing/output/CPG/cwe690_cpg/cwe690-149-cpg-resolved.bin	tc149_flow2	CWE690_NULL_Deref_From_Return__System_getProperty_equals_01.java	69	CWE690_NULL_Deref_From_Return__System_getProperty_equals_01.java	72
/home/swlab/Documents/swvul/java-vuln-detection/slicing/output/CPG/cwe690_cpg/cwe690-149-cpg-resolved.bin	tc149_flow3	CWE690_NULL_Deref_From_Return__System_getProperty_equals_01.java	53	CWE690_NULL_Deref_From_Return__System_getProperty_equals_01.java	56
/home/swlab/Documents/swvul/java-vuln-detection/slicing/output/CPG/cwe690_cpg/cwe690-150-cpg-resolved.bin	tc150_flow1	CWE690_NULL_Deref_From_Return__System_getProperty_equals_02.java	32	CWE690_NULL_Deref_From_Return__System_getProperty_equals_02.java	44
/home/swlab/Documents/swvul/java-vuln-detection/slicing/output/CPG/cwe690_cpg/cwe690-150-cpg-resolved.bin	tc150_flow2	CWE690_NULL_Deref_From_Return__System_getProperty_equals_02.java	112	CWE690_NULL_Deref_From_Return__System_getProperty_equals_02.java	130
/home/swlab/Documents/swvul/java-vuln-detection/slicing/output/CPG/cwe690_cpg/cwe690-150-cpg-resolved.bin	tc150_flow3	CWE690_NULL_Deref_From_Return__System_getProperty_equals_02.java	145	CWE690_NULL_Deref_From_Return__System_getProperty_equals_02.java	157
/home/swlab/Documents/swvul/java-vuln-detection/slicing/output/CPG/cwe690_cpg/cwe690-150-cpg-resolved.bin	tc150_flow4	CWE690_NULL_Deref_From_Return__System_getProperty_equals_02.java	65	CWE690_NULL_Deref_From_Return__System_getProperty_equals_02.java	72
/home/swlab/Documents/swvul/java-vuln-detection/slicing/output/CPG/cwe690_cpg/cwe690-150-cpg-resolved.bin	tc150_flow5	CWE690_NULL_Deref_From_Return__System_getProperty_equals_02.java	86	CWE690_NULL_Deref_From_Return__System_getProperty_equals_02.java	98
/home/swlab/Documents/swvul/java-vuln-detection/slicing/output/CPG/cwe690_cpg/cwe690-151-cpg-resolved.bin	tc151_flow1	CWE690_NULL_Deref_From_Return__System_getProperty_equals_03.java	32	CWE690_NULL_Deref_From_Return__System_getProperty_equals_03.java	44
/home/swlab/Documents/swvul/java-vuln-detection/slicing/output/CPG/cwe690_cpg/cwe690-151-cpg-resolved.bin	tc151_flow2	CWE690_NULL_Deref_From_Return__System_getProperty_equals_03.java	112	CWE690_NULL_Deref_From_Return__System_getProperty_equals_03.java	130
/home/swlab/Documents/swvul/java-vuln-detection/slicing/output/CPG/cwe690_cpg/cwe690-151-cpg-resolved.bin	tc151_flow3	CWE690_NULL_Deref_From_Return__System_getProperty_equals_03.java	145	CWE690_NULL_Deref_From_Return__System_getProperty_equals_03.java	157
/home/swlab/Documents/swvul/java-vuln-detection/slicing/output/CPG/cwe690_cpg/cwe690-151-cpg-resolved.bin	tc151_flow4	CWE690_NULL_Deref_From_Return__System_getProperty_equals_03.java	65	CWE690_NULL_Deref_From_Return__System_getProperty_equals_03.java	72
/home/swlab/Documents/swvul/java-vuln-detection/slicing/output/CPG/cwe690_cpg/cwe690-151-cpg-resolved.bin	tc151_flow5	CWE690_NULL_Deref_From_Return__System_getProperty_equals_03.java	86	CWE690_NULL_Deref_From_Return__System_getProperty_equals_03.java	98
/home/swlab/Documents/swvul/java-vuln-detection/slicing/output/CPG/cwe690_cpg/cwe690-152-cpg-resolved.bin	tc152_flow1	CWE690_NULL_Deref_From_Return__System_getProperty_equals_04.java	39	CWE690_NULL_Deref_From_Return__System_getProperty_equals_04.java	51
/home/swlab/Documents/swvul/java-vuln-detection/slicing/output/CPG/cwe690_cpg/cwe690-152-cpg-resolved.bin	tc152_flow2	CWE690_NULL_Deref_From_Return__System_getProperty_equals_04.java	119	CWE690_NULL_Deref_From_Return__System_getProperty_equals_04.java	137
/home/swlab/Documents/swvul/java-vuln-detection/slicing/output/CPG/cwe690_cpg/cwe690-152-cpg-resolved.bin	tc152_flow3	CWE690_NULL_Deref_From_Return__System_getProperty_equals_04.java	152	CWE690_NULL_Deref_From_Return__System_getProperty_equals_04.java	164
/home/swlab/Documents/swvul/java-vuln-detection/slicing/output/CPG/cwe690_cpg/cwe690-152-cpg-resolved.bin	tc152_flow4	CWE690_NULL_Deref_From_Return__System_getProperty_equals_04.java	72	CWE690_NULL_Deref_From_Return__System_getProperty_equals_04.java	79
/home/swlab/Documents/swvul/java-vuln-detection/slicing/output/CPG/cwe690_cpg/cwe690-152-cpg-resolved.bin	tc152_flow5	CWE690_NULL_Deref_From_Return__System_getProperty_equals_04.java	93	CWE690_NULL_Deref_From_Return__System_getProperty_equals_04.java	105
/home/swlab/Documents/swvul/java-vuln-detection/slicing/output/CPG/cwe690_cpg/cwe690-153-cpg-resolved.bin	tc153_flow1	CWE690_NULL_Deref_From_Return__System_getProperty_equals_05.java	39	CWE690_NULL_Deref_From_Return__System_getProperty_equals_05.java	51
/home/swlab/Documents/swvul/java-vuln-detection/slicing/output/CPG/cwe690_cpg/cwe690-153-cpg-resolved.bin	tc153_flow2	CWE690_NULL_Deref_From_Return__System_getProperty_equals_05.java	120	CWE690_NULL_Deref_From_Return__System_getProperty_equals_05.java	138
/home/swlab/Documents/swvul/java-vuln-detection/slicing/output/CPG/cwe690_cpg/cwe690-153-cpg-resolved.bin	tc153_flow3	CWE690_NULL_Deref_From_Return__System_getProperty_equals_05.java	153	CWE690_NULL_Deref_From_Return__System_getProperty_equals_05.java	165
/home/swlab/Documents/swvul/java-vuln-detection/slicing/output/CPG/cwe690_cpg/cwe690-153-cpg-resolved.bin	tc153_flow4	CWE690_NULL_Deref_From_Return__System_getProperty_equals_05.java	72	CWE690_NULL_Deref_From_Return__System_getProperty_equals_05.java	79
/home/swlab/Documents/swvul/java-vuln-detection/slicing/output/CPG/cwe690_cpg/cwe690-153-cpg-resolved.bin	tc153_flow5	CWE690_NULL_Deref_From_Return__System_getProperty_equals_05.java	93	CWE690_NULL_Deref_From_Return__System_getProperty_equals_05.java	105
/home/swlab/Documents/swvul/java-vuln-detection/slicing/output/CPG/cwe690_cpg/cwe690-154-cpg-resolved.bin	tc154_flow1	CWE690_NULL_Deref_From_Return__System_getProperty_equals_06.java	37	CWE690_NULL_Deref_From_Return__System_getProperty_equals_06.java	49
/home/swlab/Documents/swvul/java-vuln-detection/slicing/output/CPG/cwe690_cpg/cwe690-154-cpg-resolved.bin	tc154_flow2	CWE690_NULL_Deref_From_Return__System_getProperty_equals_06.java	117	CWE690_NULL_Deref_From_Return__System_getProperty_equals_06.java	135
/home/swlab/Documents/swvul/java-vuln-detection/slicing/output/CPG/cwe690_cpg/cwe690-154-cpg-resolved.bin	tc154_flow3	CWE690_NULL_Deref_From_Return__System_getProperty_equals_06.java	150	CWE690_NULL_Deref_From_Return__System_getProperty_equals_06.java	162
/home/swlab/Documents/swvul/java-vuln-detection/slicing/output/CPG/cwe690_cpg/cwe690-154-cpg-resolved.bin	tc154_flow4	CWE690_NULL_Deref_From_Return__System_getProperty_equals_06.java	70	CWE690_NULL_Deref_From_Return__System_getProperty_equals_06.java	77
/home/swlab/Documents/swvul/java-vuln-detection/slicing/output/CPG/cwe690_cpg/cwe690-154-cpg-resolved.bin	tc154_flow5	CWE690_NULL_Deref_From_Return__System_getProperty_equals_06.java	91	CWE690_NULL_Deref_From_Return__System_getProperty_equals_06.java	103
/home/swlab/Documents/swvul/java-vuln-detection/slicing/output/CPG/cwe690_cpg/cwe690-155-cpg-resolved.bin	tc155_flow1	CWE690_NULL_Deref_From_Return__System_getProperty_equals_07.java	37	CWE690_NULL_Deref_From_Return__System_getProperty_equals_07.java	49
/home/swlab/Documents/swvul/java-vuln-detection/slicing/output/CPG/cwe690_cpg/cwe690-155-cpg-resolved.bin	tc155_flow2	CWE690_NULL_Deref_From_Return__System_getProperty_equals_07.java	117	CWE690_NULL_Deref_From_Return__System_getProperty_equals_07.java	135
/home/swlab/Documents/swvul/java-vuln-detection/slicing/output/CPG/cwe690_cpg/cwe690-155-cpg-resolved.bin	tc155_flow3	CWE690_NULL_Deref_From_Return__System_getProperty_equals_07.java	150	CWE690_NULL_Deref_From_Return__System_getProperty_equals_07.java	162
/home/swlab/Documents/swvul/java-vuln-detection/slicing/output/CPG/cwe690_cpg/cwe690-155-cpg-resolved.bin	tc155_flow4	CWE690_NULL_Deref_From_Return__System_getProperty_equals_07.java	70	CWE690_NULL_Deref_From_Return__System_getProperty_equals_07.java	77
/home/swlab/Documents/swvul/java-vuln-detection/slicing/output/CPG/cwe690_cpg/cwe690-155-cpg-resolved.bin	tc155_flow5	CWE690_NULL_Deref_From_Return__System_getProperty_equals_07.java	91	CWE690_NULL_Deref_From_Return__System_getProperty_equals_07.java	103
/home/swlab/Documents/swvul/java-vuln-detection/slicing/output/CPG/cwe690_cpg/cwe690-156-cpg-resolved.bin	tc156_flow1	CWE690_NULL_Deref_From_Return__System_getProperty_equals_08.java	45	CWE690_NULL_Deref_From_Return__System_getProperty_equals_08.java	57
/home/swlab/Documents/swvul/java-vuln-detection/slicing/output/CPG/cwe690_cpg/cwe690-156-cpg-resolved.bin	tc156_flow2	CWE690_NULL_Deref_From_Return__System_getProperty_equals_08.java	125	CWE690_NULL_Deref_From_Return__System_getProperty_equals_08.java	143
/home/swlab/Documents/swvul/java-vuln-detection/slicing/output/CPG/cwe690_cpg/cwe690-156-cpg-resolved.bin	tc156_flow3	CWE690_NULL_Deref_From_Return__System_getProperty_equals_08.java	158	CWE690_NULL_Deref_From_Return__System_getProperty_equals_08.java	170
/home/swlab/Documents/swvul/java-vuln-detection/slicing/output/CPG/cwe690_cpg/cwe690-156-cpg-resolved.bin	tc156_flow4	CWE690_NULL_Deref_From_Return__System_getProperty_equals_08.java	78	CWE690_NULL_Deref_From_Return__System_getProperty_equals_08.java	85
/home/swlab/Documents/swvul/java-vuln-detection/slicing/output/CPG/cwe690_cpg/cwe690-156-cpg-resolved.bin	tc156_flow5	CWE690_NULL_Deref_From_Return__System_getProperty_equals_08.java	99	CWE690_NULL_Deref_From_Return__System_getProperty_equals_08.java	111
/home/swlab/Documents/swvul/java-vuln-detection/slicing/output/CPG/cwe690_cpg/cwe690-157-cpg-resolved.bin	tc157_flow1	CWE690_NULL_Deref_From_Return__System_getProperty_equals_09.java	32	CWE690_NULL_Deref_From_Return__System_getProperty_equals_09.java	44
/home/swlab/Documents/swvul/java-vuln-detection/slicing/output/CPG/cwe690_cpg/cwe690-157-cpg-resolved.bin	tc157_flow2	CWE690_NULL_Deref_From_Return__System_getProperty_equals_09.java	112	CWE690_NULL_Deref_From_Return__System_getProperty_equals_09.java	130
/home/swlab/Documents/swvul/java-vuln-detection/slicing/output/CPG/cwe690_cpg/cwe690-157-cpg-resolved.bin	tc157_flow3	CWE690_NULL_Deref_From_Return__System_getProperty_equals_09.java	145	CWE690_NULL_Deref_From_Return__System_getProperty_equals_09.java	157
/home/swlab/Documents/swvul/java-vuln-detection/slicing/output/CPG/cwe690_cpg/cwe690-157-cpg-resolved.bin	tc157_flow4	CWE690_NULL_Deref_From_Return__System_getProperty_equals_09.java	65	CWE690_NULL_Deref_From_Return__System_getProperty_equals_09.java	72
/home/swlab/Documents/swvul/java-vuln-detection/slicing/output/CPG/cwe690_cpg/cwe690-157-cpg-resolved.bin	tc157_flow5	CWE690_NULL_Deref_From_Return__System_getProperty_equals_09.java	86	CWE690_NULL_Deref_From_Return__System_getProperty_equals_09.java	98
/home/swlab/Documents/swvul/java-vuln-detection/slicing/output/CPG/cwe690_cpg/cwe690-158-cpg-resolved.bin	tc158_flow1	CWE690_NULL_Deref_From_Return__System_getProperty_equals_10.java	32	CWE690_NULL_Deref_From_Return__System_getProperty_equals_10.java	44
/home/swlab/Documents/swvul/java-vuln-detection/slicing/output/CPG/cwe690_cpg/cwe690-158-cpg-resolved.bin	tc158_flow2	CWE690_NULL_Deref_From_Return__System_getProperty_equals_10.java	112	CWE690_NULL_Deref_From_Return__System_getProperty_equals_10.java	130
/home/swlab/Documents/swvul/java-vuln-detection/slicing/output/CPG/cwe690_cpg/cwe690-158-cpg-resolved.bin	tc158_flow3	CWE690_NULL_Deref_From_Return__System_getProperty_equals_10.java	145	CWE690_NULL_Deref_From_Return__System_getProperty_equals_10.java	157
/home/swlab/Documents/swvul/java-vuln-detection/slicing/output/CPG/cwe690_cpg/cwe690-158-cpg-resolved.bin	tc158_flow4	CWE690_NULL_Deref_From_Return__System_getProperty_equals_10.java	65	CWE690_NULL_Deref_From_Return__System_getProperty_equals_10.java	72
/home/swlab/Documents/swvul/java-vuln-detection/slicing/output/CPG/cwe690_cpg/cwe690-158-cpg-resolved.bin	tc158_flow5	CWE690_NULL_Deref_From_Return__System_getProperty_equals_10.java	86	CWE690_NULL_Deref_From_Return__System_getProperty_equals_10.java	98
/home/swlab/Documents/swvul/java-vuln-detection/slicing/output/CPG/cwe690_cpg/cwe690-159-cpg-resolved.bin	tc159_flow1	CWE690_NULL_Deref_From_Return__System_getProperty_equals_11.java	32	CWE690_NULL_Deref_From_Return__System_getProperty_equals_11.java	44
/home/swlab/Documents/swvul/java-vuln-detection/slicing/output/CPG/cwe690_cpg/cwe690-159-cpg-resolved.bin	tc159_flow2	CWE690_NULL_Deref_From_Return__System_getProperty_equals_11.java	113	CWE690_NULL_Deref_From_Return__System_getProperty_equals_11.java	131
/home/swlab/Documents/swvul/java-vuln-detection/slicing/output/CPG/cwe690_cpg/cwe690-159-cpg-resolved.bin	tc159_flow3	CWE690_NULL_Deref_From_Return__System_getProperty_equals_11.java	146	CWE690_NULL_Deref_From_Return__System_getProperty_equals_11.java	158
/home/swlab/Documents/swvul/java-vuln-detection/slicing/output/CPG/cwe690_cpg/cwe690-159-cpg-resolved.bin	tc159_flow4	CWE690_NULL_Deref_From_Return__System_getProperty_equals_11.java	65	CWE690_NULL_Deref_From_Return__System_getProperty_equals_11.java	72
/home/swlab/Documents/swvul/java-vuln-detection/slicing/output/CPG/cwe690_cpg/cwe690-159-cpg-resolved.bin	tc159_flow5	CWE690_NULL_Deref_From_Return__System_getProperty_equals_11.java	87	CWE690_NULL_Deref_From_Return__System_getProperty_equals_11.java	99
/home/swlab/Documents/swvul/java-vuln-detection/slicing/output/CPG/cwe690_cpg/cwe690-160-cpg-resolved.bin	tc160_flow2	CWE690_NULL_Deref_From_Return__System_getProperty_equals_12.java	108	CWE690_NULL_Deref_From_Return__System_getProperty_equals_12.java	130
/home/swlab/Documents/swvul/java-vuln-detection/slicing/output/CPG/cwe690_cpg/cwe690-160-cpg-resolved.bin	tc160_flow3	CWE690_NULL_Deref_From_Return__System_getProperty_equals_12.java	70	CWE690_NULL_Deref_From_Return__System_getProperty_equals_12.java	92
/home/swlab/Documents/swvul/java-vuln-detection/slicing/output/CPG/cwe690_cpg/cwe690-161-cpg-resolved.bin	tc161_flow1	CWE690_NULL_Deref_From_Return__System_getProperty_equals_13.java	32	CWE690_NULL_Deref_From_Return__System_getProperty_equals_13.java	44
/home/swlab/Documents/swvul/java-vuln-detection/slicing/output/CPG/cwe690_cpg/cwe690-161-cpg-resolved.bin	tc161_flow2	CWE690_NULL_Deref_From_Return__System_getProperty_equals_13.java	112	CWE690_NULL_Deref_From_Return__System_getProperty_equals_13.java	130
/home/swlab/Documents/swvul/java-vuln-detection/slicing/output/CPG/cwe690_cpg/cwe690-161-cpg-resolved.bin	tc161_flow3	CWE690_NULL_Deref_From_Return__System_getProperty_equals_13.java	145	CWE690_NULL_Deref_From_Return__System_getProperty_equals_13.java	157
/home/swlab/Documents/swvul/java-vuln-detection/slicing/output/CPG/cwe690_cpg/cwe690-161-cpg-resolved.bin	tc161_flow4	CWE690_NULL_Deref_From_Return__System_getProperty_equals_13.java	65	CWE690_NULL_Deref_From_Return__System_getProperty_equals_13.java	72
/home/swlab/Documents/swvul/java-vuln-detection/slicing/output/CPG/cwe690_cpg/cwe690-161-cpg-resolved.bin	tc161_flow5	CWE690_NULL_Deref_From_Return__System_getProperty_equals_13.java	86	CWE690_NULL_Deref_From_Return__System_getProperty_equals_13.java	98
/home/swlab/Documents/swvul/java-vuln-detection/slicing/output/CPG/cwe690_cpg/cwe690-162-cpg-resolved.bin	tc162_flow1	CWE690_NULL_Deref_From_Return__System_getProperty_equals_14.java	32	CWE690_NULL_Deref_From_Return__System_getProperty_equals_14.java	44
/home/swlab/Documents/swvul/java-vuln-detection/slicing/output/CPG/cwe690_cpg/cwe690-162-cpg-resolved.bin	tc162_flow2	CWE690_NULL_Deref_From_Return__System_getProperty_equals_14.java	112	CWE690_NULL_Deref_From_Return__System_getProperty_equals_14.java	130
/home/swlab/Documents/swvul/java-vuln-detection/slicing/output/CPG/cwe690_cpg/cwe690-162-cpg-resolved.bin	tc162_flow3	CWE690_NULL_Deref_From_Return__System_getProperty_equals_14.java	145	CWE690_NULL_Deref_From_Return__System_getProperty_equals_14.java	157
/home/swlab/Documents/swvul/java-vuln-detection/slicing/output/CPG/cwe690_cpg/cwe690-162-cpg-resolved.bin	tc162_flow4	CWE690_NULL_Deref_From_Return__System_getProperty_equals_14.java	65	CWE690_NULL_Deref_From_Return__System_getProperty_equals_14.java	72
/home/swlab/Documents/swvul/java-vuln-detection/slicing/output/CPG/cwe690_cpg/cwe690-162-cpg-resolved.bin	tc162_flow5	CWE690_NULL_Deref_From_Return__System_getProperty_equals_14.java	86	CWE690_NULL_Deref_From_Return__System_getProperty_equals_14.java	98
/home/swlab/Documents/swvul/java-vuln-detection/slicing/output/CPG/cwe690_cpg/cwe690-163-cpg-resolved.bin	tc163_flow1	CWE690_NULL_Deref_From_Return__System_getProperty_equals_15.java	34	CWE690_NULL_Deref_From_Return__System_getProperty_equals_15.java	47
/home/swlab/Documents/swvul/java-vuln-detection/slicing/output/CPG/cwe690_cpg/cwe690-163-cpg-resolved.bin	tc163_flow2	CWE690_NULL_Deref_From_Return__System_getProperty_equals_15.java	136	CWE690_NULL_Deref_From_Return__System_getProperty_equals_15.java	153
/home/swlab/Documents/swvul/java-vuln-detection/slicing/output/CPG/cwe690_cpg/cwe690-163-cpg-resolved.bin	tc163_flow3	CWE690_NULL_Deref_From_Return__System_getProperty_equals_15.java	170	CWE690_NULL_Deref_From_Return__System_getProperty_equals_15.java	183
/home/swlab/Documents/swvul/java-vuln-detection/slicing/output/CPG/cwe690_cpg/cwe690-163-cpg-resolved.bin	tc163_flow4	CWE690_NULL_Deref_From_Return__System_getProperty_equals_15.java	73	CWE690_NULL_Deref_From_Return__System_getProperty_equals_15.java	81
/home/swlab/Documents/swvul/java-vuln-detection/slicing/output/CPG/cwe690_cpg/cwe690-163-cpg-resolved.bin	tc163_flow5	CWE690_NULL_Deref_From_Return__System_getProperty_equals_15.java	102	CWE690_NULL_Deref_From_Return__System_getProperty_equals_15.java	115
/home/swlab/Documents/swvul/java-vuln-detection/slicing/output/CPG/cwe690_cpg/cwe690-164-cpg-resolved.bin	tc164_flow1	CWE690_NULL_Deref_From_Return__System_getProperty_equals_16.java	33	CWE690_NULL_Deref_From_Return__System_getProperty_equals_16.java	40
/home/swlab/Documents/swvul/java-vuln-detection/slicing/output/CPG/cwe690_cpg/cwe690-164-cpg-resolved.bin	tc164_flow2	CWE690_NULL_Deref_From_Return__System_getProperty_equals_16.java	80	CWE690_NULL_Deref_From_Return__System_getProperty_equals_16.java	87
/home/swlab/Documents/swvul/java-vuln-detection/slicing/output/CPG/cwe690_cpg/cwe690-164-cpg-resolved.bin	tc164_flow3	CWE690_NULL_Deref_From_Return__System_getProperty_equals_16.java	56	CWE690_NULL_Deref_From_Return__System_getProperty_equals_16.java	63
/home/swlab/Documents/swvul/java-vuln-detection/slicing/output/CPG/cwe690_cpg/cwe690-165-cpg-resolved.bin	tc165_flow1	CWE690_NULL_Deref_From_Return__System_getProperty_equals_17.java	36	CWE690_NULL_Deref_From_Return__System_getProperty_equals_17.java	41
/home/swlab/Documents/swvul/java-vuln-detection/slicing/output/CPG/cwe690_cpg/cwe690-165-cpg-resolved.bin	tc165_flow2	CWE690_NULL_Deref_From_Return__System_getProperty_equals_17.java	72	CWE690_NULL_Deref_From_Return__System_getProperty_equals_17.java	77
/home/swlab/Documents/swvul/java-vuln-detection/slicing/output/CPG/cwe690_cpg/cwe690-165-cpg-resolved.bin	tc165_flow3	CWE690_NULL_Deref_From_Return__System_getProperty_equals_17.java	54	CWE690_NULL_Deref_From_Return__System_getProperty_equals_17.java	59
/home/swlab/Documents/swvul/java-vuln-detection/slicing/output/CPG/cwe690_cpg/cwe690-166-cpg-resolved.bin	tc166_flow1	CWE690_NULL_Deref_From_Return__System_getProperty_equals_21.java	34	CWE690_NULL_Deref_From_Return__System_getProperty_equals_21.java	45
/home/swlab/Documents/swvul/java-vuln-detection/slicing/output/CPG/cwe690_cpg/cwe690-166-cpg-resolved.bin	tc166_flow2	CWE690_NULL_Deref_From_Return__System_getProperty_equals_21.java	70	CWE690_NULL_Deref_From_Return__System_getProperty_equals_21.java	87
/home/swlab/Documents/swvul/java-vuln-detection/slicing/output/CPG/cwe690_cpg/cwe690-166-cpg-resolved.bin	tc166_flow3	CWE690_NULL_Deref_From_Return__System_getProperty_equals_21.java	101	CWE690_NULL_Deref_From_Return__System_getProperty_equals_21.java	112
/home/swlab/Documents/swvul/java-vuln-detection/slicing/output/CPG/cwe690_cpg/cwe690-166-cpg-resolved.bin	tc166_flow4	CWE690_NULL_Deref_From_Return__System_getProperty_equals_21.java	125	CWE690_NULL_Deref_From_Return__System_getProperty_equals_21.java	136
/home/swlab/Documents/swvul/java-vuln-detection/slicing/output/CPG/cwe690_cpg/cwe690-167-cpg-resolved.bin	tc167_flow1	CWE690_NULL_Deref_From_Return__System_getProperty_equals_22a.java	35	CWE690_NULL_Deref_From_Return__System_getProperty_equals_22b.java	31
/home/swlab/Documents/swvul/java-vuln-detection/slicing/output/CPG/cwe690_cpg/cwe690-167-cpg-resolved.bin	tc167_flow2	CWE690_NULL_Deref_From_Return__System_getProperty_equals_22a.java	60	CWE690_NULL_Deref_From_Return__System_getProperty_equals_22b.java	57
/home/swlab/Documents/swvul/java-vuln-detection/slicing/output/CPG/cwe690_cpg/cwe690-167-cpg-resolved.bin	tc167_flow3	CWE690_NULL_Deref_From_Return__System_getProperty_equals_22a.java	72	CWE690_NULL_Deref_From_Return__System_getProperty_equals_22b.java	71
/home/swlab/Documents/swvul/java-vuln-detection/slicing/output/CPG/cwe690_cpg/cwe690-167-cpg-resolved.bin	tc167_flow4	CWE690_NULL_Deref_From_Return__System_getProperty_equals_22a.java	84	CWE690_NULL_Deref_From_Return__System_getProperty_equals_22b.java	90
/home/swlab/Documents/swvul/java-vuln-detection/slicing/output/CPG/cwe690_cpg/cwe690-168-cpg-resolved.bin	tc168_flow1	CWE690_NULL_Deref_From_Return__System_getProperty_equals_31.java	33	CWE690_NULL_Deref_From_Return__System_getProperty_equals_31.java	41
/home/swlab/Documents/swvul/java-vuln-detection/slicing/output/CPG/cwe690_cpg/cwe690-168-cpg-resolved.bin	tc168_flow2	CWE690_NULL_Deref_From_Return__System_getProperty_equals_31.java	87	CWE690_NULL_Deref_From_Return__System_getProperty_equals_31.java	95
/home/swlab/Documents/swvul/java-vuln-detection/slicing/output/CPG/cwe690_cpg/cwe690-168-cpg-resolved.bin	tc168_flow3	CWE690_NULL_Deref_From_Return__System_getProperty_equals_31.java	63	CWE690_NULL_Deref_From_Return__System_getProperty_equals_31.java	71
/home/swlab/Documents/swvul/java-vuln-detection/slicing/output/CPG/cwe690_cpg/cwe690-169-cpg-resolved.bin	tc169_flow1	CWE690_NULL_Deref_From_Return__System_getProperty_equals_41.java	42	CWE690_NULL_Deref_From_Return__System_getProperty_equals_41.java	30
/home/swlab/Documents/swvul/java-vuln-detection/slicing/output/CPG/cwe690_cpg/cwe690-169-cpg-resolved.bin	tc169_flow2	CWE690_NULL_Deref_From_Return__System_getProperty_equals_41.java	92	CWE690_NULL_Deref_From_Return__System_getProperty_equals_41.java	79
/home/swlab/Documents/swvul/java-vuln-detection/slicing/output/CPG/cwe690_cpg/cwe690-169-cpg-resolved.bin	tc169_flow3	CWE690_NULL_Deref_From_Return__System_getProperty_equals_41.java	70	CWE690_NULL_Deref_From_Return__System_getProperty_equals_41.java	57
/home/swlab/Documents/swvul/java-vuln-detection/slicing/output/CPG/cwe690_cpg/cwe690-170-cpg-resolved.bin	tc170_flow1	CWE690_NULL_Deref_From_Return__System_getProperty_equals_42.java	31	CWE690_NULL_Deref_From_Return__System_getProperty_equals_42.java	41
/home/swlab/Documents/swvul/java-vuln-detection/slicing/output/CPG/cwe690_cpg/cwe690-170-cpg-resolved.bin	tc170_flow2	CWE690_NULL_Deref_From_Return__System_getProperty_equals_42.java	77	CWE690_NULL_Deref_From_Return__System_getProperty_equals_42.java	87
/home/swlab/Documents/swvul/java-vuln-detection/slicing/output/CPG/cwe690_cpg/cwe690-170-cpg-resolved.bin	tc170_flow3	CWE690_NULL_Deref_From_Return__System_getProperty_equals_42.java	54	CWE690_NULL_Deref_From_Return__System_getProperty_equals_42.java	64
/home/swlab/Documents/swvul/java-vuln-detection/slicing/output/CPG/cwe690_cpg/cwe690-171-cpg-resolved.bin	tc171_flow1	CWE690_NULL_Deref_From_Return__System_getProperty_equals_45.java	47	CWE690_NULL_Deref_From_Return__System_getProperty_equals_45.java	35
/home/swlab/Documents/swvul/java-vuln-detection/slicing/output/CPG/cwe690_cpg/cwe690-171-cpg-resolved.bin	tc171_flow2	CWE690_NULL_Deref_From_Return__System_getProperty_equals_45.java	101	CWE690_NULL_Deref_From_Return__System_getProperty_equals_45.java	88
/home/swlab/Documents/swvul/java-vuln-detection/slicing/output/CPG/cwe690_cpg/cwe690-171-cpg-resolved.bin	tc171_flow3	CWE690_NULL_Deref_From_Return__System_getProperty_equals_45.java	77	CWE690_NULL_Deref_From_Return__System_getProperty_equals_45.java	64
/home/swlab/Documents/swvul/java-vuln-detection/slicing/output/CPG/cwe690_cpg/cwe690-172-cpg-resolved.bin	tc172_flow1	CWE690_NULL_Deref_From_Return__System_getProperty_equals_51a.java	31	CWE690_NULL_Deref_From_Return__System_getProperty_equals_51b.java	30
/home/swlab/Documents/swvul/java-vuln-detection/slicing/output/CPG/cwe690_cpg/cwe690-172-cpg-resolved.bin	tc172_flow2	CWE690_NULL_Deref_From_Return__System_getProperty_equals_51a.java	59	CWE690_NULL_Deref_From_Return__System_getProperty_equals_51b.java	54
/home/swlab/Documents/swvul/java-vuln-detection/slicing/output/CPG/cwe690_cpg/cwe690-172-cpg-resolved.bin	tc172_flow3	CWE690_NULL_Deref_From_Return__System_getProperty_equals_51a.java	48	CWE690_NULL_Deref_From_Return__System_getProperty_equals_51b.java	42
/home/swlab/Documents/swvul/java-vuln-detection/slicing/output/CPG/cwe690_cpg/cwe690-173-cpg-resolved.bin	tc173_flow1	CWE690_NULL_Deref_From_Return__System_getProperty_equals_52a.java	31	CWE690_NULL_Deref_From_Return__System_getProperty_equals_52c.java	30
/home/swlab/Documents/swvul/java-vuln-detection/slicing/output/CPG/cwe690_cpg/cwe690-173-cpg-resolved.bin	tc173_flow2	CWE690_NULL_Deref_From_Return__System_getProperty_equals_52a.java	59	CWE690_NULL_Deref_From_Return__System_getProperty_equals_52c.java	54
/home/swlab/Documents/swvul/java-vuln-detection/slicing/output/CPG/cwe690_cpg/cwe690-173-cpg-resolved.bin	tc173_flow3	CWE690_NULL_Deref_From_Return__System_getProperty_equals_52a.java	48	CWE690_NULL_Deref_From_Return__System_getProperty_equals_52c.java	42
/home/swlab/Documents/swvul/java-vuln-detection/slicing/output/CPG/cwe690_cpg/cwe690-174-cpg-resolved.bin	tc174_flow1	CWE690_NULL_Deref_From_Return__System_getProperty_equals_53a.java	31	CWE690_NULL_Deref_From_Return__System_getProperty_equals_53d.java	30
/home/swlab/Documents/swvul/java-vuln-detection/slicing/output/CPG/cwe690_cpg/cwe690-174-cpg-resolved.bin	tc174_flow2	CWE690_NULL_Deref_From_Return__System_getProperty_equals_53a.java	59	CWE690_NULL_Deref_From_Return__System_getProperty_equals_53d.java	54
/home/swlab/Documents/swvul/java-vuln-detection/slicing/output/CPG/cwe690_cpg/cwe690-174-cpg-resolved.bin	tc174_flow3	CWE690_NULL_Deref_From_Return__System_getProperty_equals_53a.java	48	CWE690_NULL_Deref_From_Return__System_getProperty_equals_53d.java	42
/home/swlab/Documents/swvul/java-vuln-detection/slicing/output/CPG/cwe690_cpg/cwe690-175-cpg-resolved.bin	tc175_flow1	CWE690_NULL_Deref_From_Return__System_getProperty_equals_54a.java	31	CWE690_NULL_Deref_From_Return__System_getProperty_equals_54e.java	30
/home/swlab/Documents/swvul/java-vuln-detection/slicing/output/CPG/cwe690_cpg/cwe690-175-cpg-resolved.bin	tc175_flow2	CWE690_NULL_Deref_From_Return__System_getProperty_equals_54a.java	59	CWE690_NULL_Deref_From_Return__System_getProperty_equals_54e.java	54
/home/swlab/Documents/swvul/java-vuln-detection/slicing/output/CPG/cwe690_cpg/cwe690-175-cpg-resolved.bin	tc175_flow3	CWE690_NULL_Deref_From_Return__System_getProperty_equals_54a.java	48	CWE690_NULL_Deref_From_Return__System_getProperty_equals_54e.java	42
/home/swlab/Documents/swvul/java-vuln-detection/slicing/output/CPG/cwe690_cpg/cwe690-176-cpg-resolved.bin	tc176_flow1	CWE690_NULL_Deref_From_Return__System_getProperty_equals_61b.java	31	CWE690_NULL_Deref_From_Return__System_getProperty_equals_61a.java	31
/home/swlab/Documents/swvul/java-vuln-detection/slicing/output/CPG/cwe690_cpg/cwe690-176-cpg-resolved.bin	tc176_flow2	CWE690_NULL_Deref_From_Return__System_getProperty_equals_61b.java	53	CWE690_NULL_Deref_From_Return__System_getProperty_equals_61a.java	63
/home/swlab/Documents/swvul/java-vuln-detection/slicing/output/CPG/cwe690_cpg/cwe690-176-cpg-resolved.bin	tc176_flow3	CWE690_NULL_Deref_From_Return__System_getProperty_equals_61b.java	42	CWE690_NULL_Deref_From_Return__System_getProperty_equals_61a.java	50
/home/swlab/Documents/swvul/java-vuln-detection/slicing/output/CPG/cwe690_cpg/cwe690-177-cpg-resolved.bin	tc177_flow1	CWE690_NULL_Deref_From_Return__System_getProperty_equals_66a.java	31	CWE690_NULL_Deref_From_Return__System_getProperty_equals_66b.java	31
/home/swlab/Documents/swvul/java-vuln-detection/slicing/output/CPG/cwe690_cpg/cwe690-177-cpg-resolved.bin	tc177_flow2	CWE690_NULL_Deref_From_Return__System_getProperty_equals_66a.java	63	CWE690_NULL_Deref_From_Return__System_getProperty_equals_66b.java	57
/home/swlab/Documents/swvul/java-vuln-detection/slicing/output/CPG/cwe690_cpg/cwe690-177-cpg-resolved.bin	tc177_flow3	CWE690_NULL_Deref_From_Return__System_getProperty_equals_66a.java	50	CWE690_NULL_Deref_From_Return__System_getProperty_equals_66b.java	44
/home/swlab/Documents/swvul/java-vuln-detection/slicing/output/CPG/cwe690_cpg/cwe690-178-cpg-resolved.bin	tc178_flow1	CWE690_NULL_Deref_From_Return__System_getProperty_equals_67a.java	36	CWE690_NULL_Deref_From_Return__System_getProperty_equals_67b.java	31
/home/swlab/Documents/swvul/java-vuln-detection/slicing/output/CPG/cwe690_cpg/cwe690-178-cpg-resolved.bin	tc178_flow2	CWE690_NULL_Deref_From_Return__System_getProperty_equals_67a.java	68	CWE690_NULL_Deref_From_Return__System_getProperty_equals_67b.java	57
/home/swlab/Documents/swvul/java-vuln-detection/slicing/output/CPG/cwe690_cpg/cwe690-178-cpg-resolved.bin	tc178_flow3	CWE690_NULL_Deref_From_Return__System_getProperty_equals_67a.java	55	CWE690_NULL_Deref_From_Return__System_getProperty_equals_67b.java	44
/home/swlab/Documents/swvul/java-vuln-detection/slicing/output/CPG/cwe690_cpg/cwe690-179-cpg-resolved.bin	tc179_flow1	CWE690_NULL_Deref_From_Return__System_getProperty_equals_68a.java	32	CWE690_NULL_Deref_From_Return__System_getProperty_equals_68b.java	31
/home/swlab/Documents/swvul/java-vuln-detection/slicing/output/CPG/cwe690_cpg/cwe690-179-cpg-resolved.bin	tc179_flow2	CWE690_NULL_Deref_From_Return__System_getProperty_equals_68a.java	58	CWE690_NULL_Deref_From_Return__System_getProperty_equals_68b.java	57
/home/swlab/Documents/swvul/java-vuln-detection/slicing/output/CPG/cwe690_cpg/cwe690-179-cpg-resolved.bin	tc179_flow3	CWE690_NULL_Deref_From_Return__System_getProperty_equals_68a.java	48	CWE690_NULL_Deref_From_Return__System_getProperty_equals_68b.java	44
/home/swlab/Documents/swvul/java-vuln-detection/slicing/output/CPG/cwe690_cpg/cwe690-180-cpg-resolved.bin	tc180_flow1	CWE690_NULL_Deref_From_Return__System_getProperty_equals_71a.java	31	CWE690_NULL_Deref_From_Return__System_getProperty_equals_71b.java	31
/home/swlab/Documents/swvul/java-vuln-detection/slicing/output/CPG/cwe690_cpg/cwe690-180-cpg-resolved.bin	tc180_flow2	CWE690_NULL_Deref_From_Return__System_getProperty_equals_71a.java	59	CWE690_NULL_Deref_From_Return__System_getProperty_equals_71b.java	57
/home/swlab/Documents/swvul/java-vuln-detection/slicing/output/CPG/cwe690_cpg/cwe690-180-cpg-resolved.bin	tc180_flow3	CWE690_NULL_Deref_From_Return__System_getProperty_equals_71a.java	48	CWE690_NULL_Deref_From_Return__System_getProperty_equals_71b.java	44
/home/swlab/Documents/swvul/java-vuln-detection/slicing/output/CPG/cwe690_cpg/cwe690-181-cpg-resolved.bin	tc181_flow1	CWE690_NULL_Deref_From_Return__System_getProperty_equals_72a.java	32	CWE690_NULL_Deref_From_Return__System_getProperty_equals_72b.java	32
/home/swlab/Documents/swvul/java-vuln-detection/slicing/output/CPG/cwe690_cpg/cwe690-181-cpg-resolved.bin	tc181_flow2	CWE690_NULL_Deref_From_Return__System_getProperty_equals_72a.java	68	CWE690_NULL_Deref_From_Return__System_getProperty_equals_72b.java	58
/home/swlab/Documents/swvul/java-vuln-detection/slicing/output/CPG/cwe690_cpg/cwe690-181-cpg-resolved.bin	tc181_flow3	CWE690_NULL_Deref_From_Return__System_getProperty_equals_72a.java	53	CWE690_NULL_Deref_From_Return__System_getProperty_equals_72b.java	45
/home/swlab/Documents/swvul/java-vuln-detection/slicing/output/CPG/cwe690_cpg/cwe690-182-cpg-resolved.bin	tc182_flow1	CWE690_NULL_Deref_From_Return__System_getProperty_equals_73a.java	32	CWE690_NULL_Deref_From_Return__System_getProperty_equals_73b.java	32
/home/swlab/Documents/swvul/java-vuln-detection/slicing/output/CPG/cwe690_cpg/cwe690-182-cpg-resolved.bin	tc182_flow2	CWE690_NULL_Deref_From_Return__System_getProperty_equals_73a.java	68	CWE690_NULL_Deref_From_Return__System_getProperty_equals_73b.java	58
/home/swlab/Documents/swvul/java-vuln-detection/slicing/output/CPG/cwe690_cpg/cwe690-182-cpg-resolved.bin	tc182_flow3	CWE690_NULL_Deref_From_Return__System_getProperty_equals_73a.java	53	CWE690_NULL_Deref_From_Return__System_getProperty_equals_73b.java	45
/home/swlab/Documents/swvul/java-vuln-detection/slicing/output/CPG/cwe690_cpg/cwe690-183-cpg-resolved.bin	tc183_flow1	CWE690_NULL_Deref_From_Return__System_getProperty_equals_74a.java	32	CWE690_NULL_Deref_From_Return__System_getProperty_equals_74b.java	32
/home/swlab/Documents/swvul/java-vuln-detection/slicing/output/CPG/cwe690_cpg/cwe690-183-cpg-resolved.bin	tc183_flow2	CWE690_NULL_Deref_From_Return__System_getProperty_equals_74a.java	68	CWE690_NULL_Deref_From_Return__System_getProperty_equals_74b.java	58
/home/swlab/Documents/swvul/java-vuln-detection/slicing/output/CPG/cwe690_cpg/cwe690-183-cpg-resolved.bin	tc183_flow3	CWE690_NULL_Deref_From_Return__System_getProperty_equals_74a.java	53	CWE690_NULL_Deref_From_Return__System_getProperty_equals_74b.java	45
/home/swlab/Documents/swvul/java-vuln-detection/slicing/output/CPG/cwe690_cpg/cwe690-184-cpg-resolved.bin	tc184_flow1	CWE690_NULL_Deref_From_Return__System_getProperty_equals_75a.java	36	CWE690_NULL_Deref_From_Return__System_getProperty_equals_75b.java	43
/home/swlab/Documents/swvul/java-vuln-detection/slicing/output/CPG/cwe690_cpg/cwe690-184-cpg-resolved.bin	tc184_flow2	CWE690_NULL_Deref_From_Return__System_getProperty_equals_75a.java	148	CWE690_NULL_Deref_From_Return__System_getProperty_equals_75b.java	156
/home/swlab/Documents/swvul/java-vuln-detection/slicing/output/CPG/cwe690_cpg/cwe690-184-cpg-resolved.bin	tc184_flow3	CWE690_NULL_Deref_From_Return__System_getProperty_equals_75a.java	95	CWE690_NULL_Deref_From_Return__System_getProperty_equals_75b.java	99
/home/swlab/Documents/swvul/java-vuln-detection/slicing/output/CPG/cwe690_cpg/cwe690-185-cpg-resolved.bin	tc185_flow1	CWE690_NULL_Deref_From_Return__System_getProperty_equals_81a.java	31	CWE690_NULL_Deref_From_Return__System_getProperty_equals_81_bad.java	30
/home/swlab/Documents/swvul/java-vuln-detection/slicing/output/CPG/cwe690_cpg/cwe690-185-cpg-resolved.bin	tc185_flow2	CWE690_NULL_Deref_From_Return__System_getProperty_equals_81a.java	61	CWE690_NULL_Deref_From_Return__System_getProperty_equals_81_goodB2G.java	30
/home/swlab/Documents/swvul/java-vuln-detection/slicing/output/CPG/cwe690_cpg/cwe690-185-cpg-resolved.bin	tc185_flow3	CWE690_NULL_Deref_From_Return__System_getProperty_equals_81a.java	49	CWE690_NULL_Deref_From_Return__System_getProperty_equals_81_goodG2B.java	30
/home/swlab/Documents/swvul/java-vuln-detection/slicing/output/CPG/cwe690_cpg/cwe690-186-cpg-resolved.bin	tc186_flow1	CWE690_NULL_Deref_From_Return__System_getProperty_trim_01.java	31	CWE690_NULL_Deref_From_Return__System_getProperty_trim_01.java	34
/home/swlab/Documents/swvul/java-vuln-detection/slicing/output/CPG/cwe690_cpg/cwe690-186-cpg-resolved.bin	tc186_flow2	CWE690_NULL_Deref_From_Return__System_getProperty_trim_01.java	67	CWE690_NULL_Deref_From_Return__System_getProperty_trim_01.java	70
/home/swlab/Documents/swvul/java-vuln-detection/slicing/output/CPG/cwe690_cpg/cwe690-186-cpg-resolved.bin	tc186_flow3	CWE690_NULL_Deref_From_Return__System_getProperty_trim_01.java	52	CWE690_NULL_Deref_From_Return__System_getProperty_trim_01.java	55
/home/swlab/Documents/swvul/java-vuln-detection/slicing/output/CPG/cwe690_cpg/cwe690-187-cpg-resolved.bin	tc187_flow1	CWE690_NULL_Deref_From_Return__System_getProperty_trim_02.java	32	CWE690_NULL_Deref_From_Return__System_getProperty_trim_02.java	44
/home/swlab/Documents/swvul/java-vuln-detection/slicing/output/CPG/cwe690_cpg/cwe690-187-cpg-resolved.bin	tc187_flow2	CWE690_NULL_Deref_From_Return__System_getProperty_trim_02.java	106	CWE690_NULL_Deref_From_Return__System_getProperty_trim_02.java	124
/home/swlab/Documents/swvul/java-vuln-detection/slicing/output/CPG/cwe690_cpg/cwe690-187-cpg-resolved.bin	tc187_flow3	CWE690_NULL_Deref_From_Return__System_getProperty_trim_02.java	140	CWE690_NULL_Deref_From_Return__System_getProperty_trim_02.java	152
/home/swlab/Documents/swvul/java-vuln-detection/slicing/output/CPG/cwe690_cpg/cwe690-187-cpg-resolved.bin	tc187_flow4	CWE690_NULL_Deref_From_Return__System_getProperty_trim_02.java	63	CWE690_NULL_Deref_From_Return__System_getProperty_trim_02.java	70
/home/swlab/Documents/swvul/java-vuln-detection/slicing/output/CPG/cwe690_cpg/cwe690-187-cpg-resolved.bin	tc187_flow5	CWE690_NULL_Deref_From_Return__System_getProperty_trim_02.java	82	CWE690_NULL_Deref_From_Return__System_getProperty_trim_02.java	94
/home/swlab/Documents/swvul/java-vuln-detection/slicing/output/CPG/cwe690_cpg/cwe690-188-cpg-resolved.bin	tc188_flow1	CWE690_NULL_Deref_From_Return__System_getProperty_trim_03.java	32	CWE690_NULL_Deref_From_Return__System_getProperty_trim_03.java	44
/home/swlab/Documents/swvul/java-vuln-detection/slicing/output/CPG/cwe690_cpg/cwe690-188-cpg-resolved.bin	tc188_flow2	CWE690_NULL_Deref_From_Return__System_getProperty_trim_03.java	106	CWE690_NULL_Deref_From_Return__System_getProperty_trim_03.java	124
/home/swlab/Documents/swvul/java-vuln-detection/slicing/output/CPG/cwe690_cpg/cwe690-188-cpg-resolved.bin	tc188_flow3	CWE690_NULL_Deref_From_Return__System_getProperty_trim_03.java	140	CWE690_NULL_Deref_From_Return__System_getProperty_trim_03.java	152
/home/swlab/Documents/swvul/java-vuln-detection/slicing/output/CPG/cwe690_cpg/cwe690-188-cpg-resolved.bin	tc188_flow4	CWE690_NULL_Deref_From_Return__System_getProperty_trim_03.java	63	CWE690_NULL_Deref_From_Return__System_getProperty_trim_03.java	70
/home/swlab/Documents/swvul/java-vuln-detection/slicing/output/CPG/cwe690_cpg/cwe690-188-cpg-resolved.bin	tc188_flow5	CWE690_NULL_Deref_From_Return__System_getProperty_trim_03.java	82	CWE690_NULL_Deref_From_Return__System_getProperty_trim_03.java	94
/home/swlab/Documents/swvul/java-vuln-detection/slicing/output/CPG/cwe690_cpg/cwe690-189-cpg-resolved.bin	tc189_flow1	CWE690_NULL_Deref_From_Return__System_getProperty_trim_04.java	39	CWE690_NULL_Deref_From_Return__System_getProperty_trim_04.java	51
/home/swlab/Documents/swvul/java-vuln-detection/slicing/output/CPG/cwe690_cpg/cwe690-189-cpg-resolved.bin	tc189_flow2	CWE690_NULL_Deref_From_Return__System_getProperty_trim_04.java	113	CWE690_NULL_Deref_From_Return__System_getProperty_trim_04.java	131
/home/swlab/Documents/swvul/java-vuln-detection/slicing/output/CPG/cwe690_cpg/cwe690-189-cpg-resolved.bin	tc189_flow3	CWE690_NULL_Deref_From_Return__System_getProperty_trim_04.java	147	CWE690_NULL_Deref_From_Return__System_getProperty_trim_04.java	159
/home/swlab/Documents/swvul/java-vuln-detection/slicing/output/CPG/cwe690_cpg/cwe690-189-cpg-resolved.bin	tc189_flow4	CWE690_NULL_Deref_From_Return__System_getProperty_trim_04.java	70	CWE690_NULL_Deref_From_Return__System_getProperty_trim_04.java	77
/home/swlab/Documents/swvul/java-vuln-detection/slicing/output/CPG/cwe690_cpg/cwe690-189-cpg-resolved.bin	tc189_flow5	CWE690_NULL_Deref_From_Return__System_getProperty_trim_04.java	89	CWE690_NULL_Deref_From_Return__System_getProperty_trim_04.java	101
/home/swlab/Documents/swvul/java-vuln-detection/slicing/output/CPG/cwe690_cpg/cwe690-190-cpg-resolved.bin	tc190_flow1	CWE690_NULL_Deref_From_Return__System_getProperty_trim_05.java	39	CWE690_NULL_Deref_From_Return__System_getProperty_trim_05.java	51
/home/swlab/Documents/swvul/java-vuln-detection/slicing/output/CPG/cwe690_cpg/cwe690-190-cpg-resolved.bin	tc190_flow2	CWE690_NULL_Deref_From_Return__System_getProperty_trim_05.java	114	CWE690_NULL_Deref_From_Return__System_getProperty_trim_05.java	132
/home/swlab/Documents/swvul/java-vuln-detection/slicing/output/CPG/cwe690_cpg/cwe690-190-cpg-resolved.bin	tc190_flow3	CWE690_NULL_Deref_From_Return__System_getProperty_trim_05.java	148	CWE690_NULL_Deref_From_Return__System_getProperty_trim_05.java	160
/home/swlab/Documents/swvul/java-vuln-detection/slicing/output/CPG/cwe690_cpg/cwe690-190-cpg-resolved.bin	tc190_flow4	CWE690_NULL_Deref_From_Return__System_getProperty_trim_05.java	70	CWE690_NULL_Deref_From_Return__System_getProperty_trim_05.java	77
/home/swlab/Documents/swvul/java-vuln-detection/slicing/output/CPG/cwe690_cpg/cwe690-190-cpg-resolved.bin	tc190_flow5	CWE690_NULL_Deref_From_Return__System_getProperty_trim_05.java	89	CWE690_NULL_Deref_From_Return__System_getProperty_trim_05.java	101
/home/swlab/Documents/swvul/java-vuln-detection/slicing/output/CPG/cwe690_cpg/cwe690-191-cpg-resolved.bin	tc191_flow1	CWE690_NULL_Deref_From_Return__System_getProperty_trim_06.java	37	CWE690_NULL_Deref_From_Return__System_getProperty_trim_06.java	49
/home/swlab/Documents/swvul/java-vuln-detection/slicing/output/CPG/cwe690_cpg/cwe690-191-cpg-resolved.bin	tc191_flow2	CWE690_NULL_Deref_From_Return__System_getProperty_trim_06.java	111	CWE690_NULL_Deref_From_Return__System_getProperty_trim_06.java	129
/home/swlab/Documents/swvul/java-vuln-detection/slicing/output/CPG/cwe690_cpg/cwe690-191-cpg-resolved.bin	tc191_flow3	CWE690_NULL_Deref_From_Return__System_getProperty_trim_06.java	145	CWE690_NULL_Deref_From_Return__System_getProperty_trim_06.java	157
/home/swlab/Documents/swvul/java-vuln-detection/slicing/output/CPG/cwe690_cpg/cwe690-191-cpg-resolved.bin	tc191_flow4	CWE690_NULL_Deref_From_Return__System_getProperty_trim_06.java	68	CWE690_NULL_Deref_From_Return__System_getProperty_trim_06.java	75
/home/swlab/Documents/swvul/java-vuln-detection/slicing/output/CPG/cwe690_cpg/cwe690-191-cpg-resolved.bin	tc191_flow5	CWE690_NULL_Deref_From_Return__System_getProperty_trim_06.java	87	CWE690_NULL_Deref_From_Return__System_getProperty_trim_06.java	99
/home/swlab/Documents/swvul/java-vuln-detection/slicing/output/CPG/cwe690_cpg/cwe690-192-cpg-resolved.bin	tc192_flow1	CWE690_NULL_Deref_From_Return__System_getProperty_trim_07.java	37	CWE690_NULL_Deref_From_Return__System_getProperty_trim_07.java	49
/home/swlab/Documents/swvul/java-vuln-detection/slicing/output/CPG/cwe690_cpg/cwe690-192-cpg-resolved.bin	tc192_flow2	CWE690_NULL_Deref_From_Return__System_getProperty_trim_07.java	111	CWE690_NULL_Deref_From_Return__System_getProperty_trim_07.java	129
/home/swlab/Documents/swvul/java-vuln-detection/slicing/output/CPG/cwe690_cpg/cwe690-192-cpg-resolved.bin	tc192_flow3	CWE690_NULL_Deref_From_Return__System_getProperty_trim_07.java	145	CWE690_NULL_Deref_From_Return__System_getProperty_trim_07.java	157
/home/swlab/Documents/swvul/java-vuln-detection/slicing/output/CPG/cwe690_cpg/cwe690-192-cpg-resolved.bin	tc192_flow4	CWE690_NULL_Deref_From_Return__System_getProperty_trim_07.java	68	CWE690_NULL_Deref_From_Return__System_getProperty_trim_07.java	75
/home/swlab/Documents/swvul/java-vuln-detection/slicing/output/CPG/cwe690_cpg/cwe690-192-cpg-resolved.bin	tc192_flow5	CWE690_NULL_Deref_From_Return__System_getProperty_trim_07.java	87	CWE690_NULL_Deref_From_Return__System_getProperty_trim_07.java	99
/home/swlab/Documents/swvul/java-vuln-detection/slicing/output/CPG/cwe690_cpg/cwe690-193-cpg-resolved.bin	tc193_flow1	CWE690_NULL_Deref_From_Return__System_getProperty_trim_08.java	45	CWE690_NULL_Deref_From_Return__System_getProperty_trim_08.java	57
/home/swlab/Documents/swvul/java-vuln-detection/slicing/output/CPG/cwe690_cpg/cwe690-193-cpg-resolved.bin	tc193_flow2	CWE690_NULL_Deref_From_Return__System_getProperty_trim_08.java	119	CWE690_NULL_Deref_From_Return__System_getProperty_trim_08.java	137
/home/swlab/Documents/swvul/java-vuln-detection/slicing/output/CPG/cwe690_cpg/cwe690-193-cpg-resolved.bin	tc193_flow3	CWE690_NULL_Deref_From_Return__System_getProperty_trim_08.java	153	CWE690_NULL_Deref_From_Return__System_getProperty_trim_08.java	165
/home/swlab/Documents/swvul/java-vuln-detection/slicing/output/CPG/cwe690_cpg/cwe690-193-cpg-resolved.bin	tc193_flow4	CWE690_NULL_Deref_From_Return__System_getProperty_trim_08.java	76	CWE690_NULL_Deref_From_Return__System_getProperty_trim_08.java	83
/home/swlab/Documents/swvul/java-vuln-detection/slicing/output/CPG/cwe690_cpg/cwe690-193-cpg-resolved.bin	tc193_flow5	CWE690_NULL_Deref_From_Return__System_getProperty_trim_08.java	95	CWE690_NULL_Deref_From_Return__System_getProperty_trim_08.java	107
/home/swlab/Documents/swvul/java-vuln-detection/slicing/output/CPG/cwe690_cpg/cwe690-194-cpg-resolved.bin	tc194_flow1	CWE690_NULL_Deref_From_Return__System_getProperty_trim_09.java	32	CWE690_NULL_Deref_From_Return__System_getProperty_trim_09.java	44
/home/swlab/Documents/swvul/java-vuln-detection/slicing/output/CPG/cwe690_cpg/cwe690-194-cpg-resolved.bin	tc194_flow2	CWE690_NULL_Deref_From_Return__System_getProperty_trim_09.java	106	CWE690_NULL_Deref_From_Return__System_getProperty_trim_09.java	124
/home/swlab/Documents/swvul/java-vuln-detection/slicing/output/CPG/cwe690_cpg/cwe690-194-cpg-resolved.bin	tc194_flow3	CWE690_NULL_Deref_From_Return__System_getProperty_trim_09.java	140	CWE690_NULL_Deref_From_Return__System_getProperty_trim_09.java	152
/home/swlab/Documents/swvul/java-vuln-detection/slicing/output/CPG/cwe690_cpg/cwe690-194-cpg-resolved.bin	tc194_flow4	CWE690_NULL_Deref_From_Return__System_getProperty_trim_09.java	63	CWE690_NULL_Deref_From_Return__System_getProperty_trim_09.java	70
/home/swlab/Documents/swvul/java-vuln-detection/slicing/output/CPG/cwe690_cpg/cwe690-194-cpg-resolved.bin	tc194_flow5	CWE690_NULL_Deref_From_Return__System_getProperty_trim_09.java	82	CWE690_NULL_Deref_From_Return__System_getProperty_trim_09.java	94
/home/swlab/Documents/swvul/java-vuln-detection/slicing/output/CPG/cwe690_cpg/cwe690-195-cpg-resolved.bin	tc195_flow1	CWE690_NULL_Deref_From_Return__System_getProperty_trim_10.java	32	CWE690_NULL_Deref_From_Return__System_getProperty_trim_10.java	44
/home/swlab/Documents/swvul/java-vuln-detection/slicing/output/CPG/cwe690_cpg/cwe690-195-cpg-resolved.bin	tc195_flow2	CWE690_NULL_Deref_From_Return__System_getProperty_trim_10.java	106	CWE690_NULL_Deref_From_Return__System_getProperty_trim_10.java	124
/home/swlab/Documents/swvul/java-vuln-detection/slicing/output/CPG/cwe690_cpg/cwe690-195-cpg-resolved.bin	tc195_flow3	CWE690_NULL_Deref_From_Return__System_getProperty_trim_10.java	140	CWE690_NULL_Deref_From_Return__System_getProperty_trim_10.java	152
/home/swlab/Documents/swvul/java-vuln-detection/slicing/output/CPG/cwe690_cpg/cwe690-195-cpg-resolved.bin	tc195_flow4	CWE690_NULL_Deref_From_Return__System_getProperty_trim_10.java	63	CWE690_NULL_Deref_From_Return__System_getProperty_trim_10.java	70
/home/swlab/Documents/swvul/java-vuln-detection/slicing/output/CPG/cwe690_cpg/cwe690-195-cpg-resolved.bin	tc195_flow5	CWE690_NULL_Deref_From_Return__System_getProperty_trim_10.java	82	CWE690_NULL_Deref_From_Return__System_getProperty_trim_10.java	94
/home/swlab/Documents/swvul/java-vuln-detection/slicing/output/CPG/cwe690_cpg/cwe690-196-cpg-resolved.bin	tc196_flow1	CWE690_NULL_Deref_From_Return__System_getProperty_trim_11.java	32	CWE690_NULL_Deref_From_Return__System_getProperty_trim_11.java	44
/home/swlab/Documents/swvul/java-vuln-detection/slicing/output/CPG/cwe690_cpg/cwe690-196-cpg-resolved.bin	tc196_flow2	CWE690_NULL_Deref_From_Return__System_getProperty_trim_11.java	107	CWE690_NULL_Deref_From_Return__System_getProperty_trim_11.java	125
/home/swlab/Documents/swvul/java-vuln-detection/slicing/output/CPG/cwe690_cpg/cwe690-196-cpg-resolved.bin	tc196_flow3	CWE690_NULL_Deref_From_Return__System_getProperty_trim_11.java	141	CWE690_NULL_Deref_From_Return__System_getProperty_trim_11.java	153
/home/swlab/Documents/swvul/java-vuln-detection/slicing/output/CPG/cwe690_cpg/cwe690-196-cpg-resolved.bin	tc196_flow4	CWE690_NULL_Deref_From_Return__System_getProperty_trim_11.java	63	CWE690_NULL_Deref_From_Return__System_getProperty_trim_11.java	70
/home/swlab/Documents/swvul/java-vuln-detection/slicing/output/CPG/cwe690_cpg/cwe690-196-cpg-resolved.bin	tc196_flow5	CWE690_NULL_Deref_From_Return__System_getProperty_trim_11.java	83	CWE690_NULL_Deref_From_Return__System_getProperty_trim_11.java	95
/home/swlab/Documents/swvul/java-vuln-detection/slicing/output/CPG/cwe690_cpg/cwe690-197-cpg-resolved.bin	tc197_flow2	CWE690_NULL_Deref_From_Return__System_getProperty_trim_12.java	104	CWE690_NULL_Deref_From_Return__System_getProperty_trim_12.java	127
/home/swlab/Documents/swvul/java-vuln-detection/slicing/output/CPG/cwe690_cpg/cwe690-197-cpg-resolved.bin	tc197_flow3	CWE690_NULL_Deref_From_Return__System_getProperty_trim_12.java	69	CWE690_NULL_Deref_From_Return__System_getProperty_trim_12.java	89
/home/swlab/Documents/swvul/java-vuln-detection/slicing/output/CPG/cwe690_cpg/cwe690-198-cpg-resolved.bin	tc198_flow1	CWE690_NULL_Deref_From_Return__System_getProperty_trim_13.java	32	CWE690_NULL_Deref_From_Return__System_getProperty_trim_13.java	44
/home/swlab/Documents/swvul/java-vuln-detection/slicing/output/CPG/cwe690_cpg/cwe690-198-cpg-resolved.bin	tc198_flow2	CWE690_NULL_Deref_From_Return__System_getProperty_trim_13.java	106	CWE690_NULL_Deref_From_Return__System_getProperty_trim_13.java	124
/home/swlab/Documents/swvul/java-vuln-detection/slicing/output/CPG/cwe690_cpg/cwe690-198-cpg-resolved.bin	tc198_flow3	CWE690_NULL_Deref_From_Return__System_getProperty_trim_13.java	140	CWE690_NULL_Deref_From_Return__System_getProperty_trim_13.java	152
/home/swlab/Documents/swvul/java-vuln-detection/slicing/output/CPG/cwe690_cpg/cwe690-198-cpg-resolved.bin	tc198_flow4	CWE690_NULL_Deref_From_Return__System_getProperty_trim_13.java	63	CWE690_NULL_Deref_From_Return__System_getProperty_trim_13.java	70
/home/swlab/Documents/swvul/java-vuln-detection/slicing/output/CPG/cwe690_cpg/cwe690-198-cpg-resolved.bin	tc198_flow5	CWE690_NULL_Deref_From_Return__System_getProperty_trim_13.java	82	CWE690_NULL_Deref_From_Return__System_getProperty_trim_13.java	94
/home/swlab/Documents/swvul/java-vuln-detection/slicing/output/CPG/cwe690_cpg/cwe690-199-cpg-resolved.bin	tc199_flow1	CWE690_NULL_Deref_From_Return__System_getProperty_trim_14.java	32	CWE690_NULL_Deref_From_Return__System_getProperty_trim_14.java	44
/home/swlab/Documents/swvul/java-vuln-detection/slicing/output/CPG/cwe690_cpg/cwe690-199-cpg-resolved.bin	tc199_flow2	CWE690_NULL_Deref_From_Return__System_getProperty_trim_14.java	106	CWE690_NULL_Deref_From_Return__System_getProperty_trim_14.java	124
/home/swlab/Documents/swvul/java-vuln-detection/slicing/output/CPG/cwe690_cpg/cwe690-199-cpg-resolved.bin	tc199_flow3	CWE690_NULL_Deref_From_Return__System_getProperty_trim_14.java	140	CWE690_NULL_Deref_From_Return__System_getProperty_trim_14.java	152
/home/swlab/Documents/swvul/java-vuln-detection/slicing/output/CPG/cwe690_cpg/cwe690-199-cpg-resolved.bin	tc199_flow4	CWE690_NULL_Deref_From_Return__System_getProperty_trim_14.java	63	CWE690_NULL_Deref_From_Return__System_getProperty_trim_14.java	70
/home/swlab/Documents/swvul/java-vuln-detection/slicing/output/CPG/cwe690_cpg/cwe690-199-cpg-resolved.bin	tc199_flow5	CWE690_NULL_Deref_From_Return__System_getProperty_trim_14.java	82	CWE690_NULL_Deref_From_Return__System_getProperty_trim_14.java	94
/home/swlab/Documents/swvul/java-vuln-detection/slicing/output/CPG/cwe690_cpg/cwe690-200-cpg-resolved.bin	tc200_flow1	CWE690_NULL_Deref_From_Return__System_getProperty_trim_15.java	34	CWE690_NULL_Deref_From_Return__System_getProperty_trim_15.java	47
/home/swlab/Documents/swvul/java-vuln-detection/slicing/output/CPG/cwe690_cpg/cwe690-200-cpg-resolved.bin	tc200_flow2	CWE690_NULL_Deref_From_Return__System_getProperty_trim_15.java	130	CWE690_NULL_Deref_From_Return__System_getProperty_trim_15.java	147
/home/swlab/Documents/swvul/java-vuln-detection/slicing/output/CPG/cwe690_cpg/cwe690-200-cpg-resolved.bin	tc200_flow3	CWE690_NULL_Deref_From_Return__System_getProperty_trim_15.java	165	CWE690_NULL_Deref_From_Return__System_getProperty_trim_15.java	178
/home/swlab/Documents/swvul/java-vuln-detection/slicing/output/CPG/cwe690_cpg/cwe690-200-cpg-resolved.bin	tc200_flow4	CWE690_NULL_Deref_From_Return__System_getProperty_trim_15.java	71	CWE690_NULL_Deref_From_Return__System_getProperty_trim_15.java	79
/home/swlab/Documents/swvul/java-vuln-detection/slicing/output/CPG/cwe690_cpg/cwe690-200-cpg-resolved.bin	tc200_flow5	CWE690_NULL_Deref_From_Return__System_getProperty_trim_15.java	98	CWE690_NULL_Deref_From_Return__System_getProperty_trim_15.java	111
/home/swlab/Documents/swvul/java-vuln-detection/slicing/output/CPG/cwe690_cpg/cwe690-201-cpg-resolved.bin	tc201_flow1	CWE690_NULL_Deref_From_Return__System_getProperty_trim_16.java	33	CWE690_NULL_Deref_From_Return__System_getProperty_trim_16.java	40
/home/swlab/Documents/swvul/java-vuln-detection/slicing/output/CPG/cwe690_cpg/cwe690-201-cpg-resolved.bin	tc201_flow2	CWE690_NULL_Deref_From_Return__System_getProperty_trim_16.java	76	CWE690_NULL_Deref_From_Return__System_getProperty_trim_16.java	83
/home/swlab/Documents/swvul/java-vuln-detection/slicing/output/CPG/cwe690_cpg/cwe690-201-cpg-resolved.bin	tc201_flow3	CWE690_NULL_Deref_From_Return__System_getProperty_trim_16.java	54	CWE690_NULL_Deref_From_Return__System_getProperty_trim_16.java	61
/home/swlab/Documents/swvul/java-vuln-detection/slicing/output/CPG/cwe690_cpg/cwe690-202-cpg-resolved.bin	tc202_flow1	CWE690_NULL_Deref_From_Return__System_getProperty_trim_17.java	36	CWE690_NULL_Deref_From_Return__System_getProperty_trim_17.java	41
/home/swlab/Documents/swvul/java-vuln-detection/slicing/output/CPG/cwe690_cpg/cwe690-202-cpg-resolved.bin	tc202_flow2	CWE690_NULL_Deref_From_Return__System_getProperty_trim_17.java	68	CWE690_NULL_Deref_From_Return__System_getProperty_trim_17.java	73
/home/swlab/Documents/swvul/java-vuln-detection/slicing/output/CPG/cwe690_cpg/cwe690-202-cpg-resolved.bin	tc202_flow3	CWE690_NULL_Deref_From_Return__System_getProperty_trim_17.java	52	CWE690_NULL_Deref_From_Return__System_getProperty_trim_17.java	57
/home/swlab/Documents/swvul/java-vuln-detection/slicing/output/CPG/cwe690_cpg/cwe690-203-cpg-resolved.bin	tc203_flow1	CWE690_NULL_Deref_From_Return__System_getProperty_trim_21.java	34	CWE690_NULL_Deref_From_Return__System_getProperty_trim_21.java	45
/home/swlab/Documents/swvul/java-vuln-detection/slicing/output/CPG/cwe690_cpg/cwe690-203-cpg-resolved.bin	tc203_flow2	CWE690_NULL_Deref_From_Return__System_getProperty_trim_21.java	68	CWE690_NULL_Deref_From_Return__System_getProperty_trim_21.java	85
/home/swlab/Documents/swvul/java-vuln-detection/slicing/output/CPG/cwe690_cpg/cwe690-203-cpg-resolved.bin	tc203_flow3	CWE690_NULL_Deref_From_Return__System_getProperty_trim_21.java	100	CWE690_NULL_Deref_From_Return__System_getProperty_trim_21.java	111
/home/swlab/Documents/swvul/java-vuln-detection/slicing/output/CPG/cwe690_cpg/cwe690-203-cpg-resolved.bin	tc203_flow4	CWE690_NULL_Deref_From_Return__System_getProperty_trim_21.java	125	CWE690_NULL_Deref_From_Return__System_getProperty_trim_21.java	136
/home/swlab/Documents/swvul/java-vuln-detection/slicing/output/CPG/cwe690_cpg/cwe690-204-cpg-resolved.bin	tc204_flow1	CWE690_NULL_Deref_From_Return__System_getProperty_trim_22a.java	35	CWE690_NULL_Deref_From_Return__System_getProperty_trim_22b.java	31
/home/swlab/Documents/swvul/java-vuln-detection/slicing/output/CPG/cwe690_cpg/cwe690-204-cpg-resolved.bin	tc204_flow2	CWE690_NULL_Deref_From_Return__System_getProperty_trim_22a.java	60	CWE690_NULL_Deref_From_Return__System_getProperty_trim_22b.java	55
/home/swlab/Documents/swvul/java-vuln-detection/slicing/output/CPG/cwe690_cpg/cwe690-204-cpg-resolved.bin	tc204_flow3	CWE690_NULL_Deref_From_Return__System_getProperty_trim_22a.java	72	CWE690_NULL_Deref_From_Return__System_getProperty_trim_22b.java	70
/home/swlab/Documents/swvul/java-vuln-detection/slicing/output/CPG/cwe690_cpg/cwe690-204-cpg-resolved.bin	tc204_flow4	CWE690_NULL_Deref_From_Return__System_getProperty_trim_22a.java	84	CWE690_NULL_Deref_From_Return__System_getProperty_trim_22b.java	90
/home/swlab/Documents/swvul/java-vuln-detection/slicing/output/CPG/cwe690_cpg/cwe690-205-cpg-resolved.bin	tc205_flow1	CWE690_NULL_Deref_From_Return__System_getProperty_trim_31.java	33	CWE690_NULL_Deref_From_Return__System_getProperty_trim_31.java	41
/home/swlab/Documents/swvul/java-vuln-detection/slicing/output/CPG/cwe690_cpg/cwe690-205-cpg-resolved.bin	tc205_flow2	CWE690_NULL_Deref_From_Return__System_getProperty_trim_31.java	85	CWE690_NULL_Deref_From_Return__System_getProperty_trim_31.java	93
/home/swlab/Documents/swvul/java-vuln-detection/slicing/output/CPG/cwe690_cpg/cwe690-205-cpg-resolved.bin	tc205_flow3	CWE690_NULL_Deref_From_Return__System_getProperty_trim_31.java	62	CWE690_NULL_Deref_From_Return__System_getProperty_trim_31.java	70
/home/swlab/Documents/swvul/java-vuln-detection/slicing/output/CPG/cwe690_cpg/cwe690-206-cpg-resolved.bin	tc206_flow1	CWE690_NULL_Deref_From_Return__System_getProperty_trim_41.java	41	CWE690_NULL_Deref_From_Return__System_getProperty_trim_41.java	30
/home/swlab/Documents/swvul/java-vuln-detection/slicing/output/CPG/cwe690_cpg/cwe690-206-cpg-resolved.bin	tc206_flow2	CWE690_NULL_Deref_From_Return__System_getProperty_trim_41.java	91	CWE690_NULL_Deref_From_Return__System_getProperty_trim_41.java	77
/home/swlab/Documents/swvul/java-vuln-detection/slicing/output/CPG/cwe690_cpg/cwe690-206-cpg-resolved.bin	tc206_flow3	CWE690_NULL_Deref_From_Return__System_getProperty_trim_41.java	68	CWE690_NULL_Deref_From_Return__System_getProperty_trim_41.java	56
/home/swlab/Documents/swvul/java-vuln-detection/slicing/output/CPG/cwe690_cpg/cwe690-207-cpg-resolved.bin	tc207_flow1	CWE690_NULL_Deref_From_Return__System_getProperty_trim_42.java	31	CWE690_NULL_Deref_From_Return__System_getProperty_trim_42.java	41
/home/swlab/Documents/swvul/java-vuln-detection/slicing/output/CPG/cwe690_cpg/cwe690-207-cpg-resolved.bin	tc207_flow2	CWE690_NULL_Deref_From_Return__System_getProperty_trim_42.java	75	CWE690_NULL_Deref_From_Return__System_getProperty_trim_42.java	85
/home/swlab/Documents/swvul/java-vuln-detection/slicing/output/CPG/cwe690_cpg/cwe690-207-cpg-resolved.bin	tc207_flow3	CWE690_NULL_Deref_From_Return__System_getProperty_trim_42.java	53	CWE690_NULL_Deref_From_Return__System_getProperty_trim_42.java	63
/home/swlab/Documents/swvul/java-vuln-detection/slicing/output/CPG/cwe690_cpg/cwe690-208-cpg-resolved.bin	tc208_flow1	CWE690_NULL_Deref_From_Return__System_getProperty_trim_45.java	46	CWE690_NULL_Deref_From_Return__System_getProperty_trim_45.java	35
/home/swlab/Documents/swvul/java-vuln-detection/slicing/output/CPG/cwe690_cpg/cwe690-208-cpg-resolved.bin	tc208_flow2	CWE690_NULL_Deref_From_Return__System_getProperty_trim_45.java	100	CWE690_NULL_Deref_From_Return__System_getProperty_trim_45.java	86
/home/swlab/Documents/swvul/java-vuln-detection/slicing/output/CPG/cwe690_cpg/cwe690-208-cpg-resolved.bin	tc208_flow3	CWE690_NULL_Deref_From_Return__System_getProperty_trim_45.java	75	CWE690_NULL_Deref_From_Return__System_getProperty_trim_45.java	63
/home/swlab/Documents/swvul/java-vuln-detection/slicing/output/CPG/cwe690_cpg/cwe690-209-cpg-resolved.bin	tc209_flow1	CWE690_NULL_Deref_From_Return__System_getProperty_trim_51a.java	31	CWE690_NULL_Deref_From_Return__System_getProperty_trim_51b.java	30
/home/swlab/Documents/swvul/java-vuln-detection/slicing/output/CPG/cwe690_cpg/cwe690-209-cpg-resolved.bin	tc209_flow2	CWE690_NULL_Deref_From_Return__System_getProperty_trim_51a.java	59	CWE690_NULL_Deref_From_Return__System_getProperty_trim_51b.java	52
/home/swlab/Documents/swvul/java-vuln-detection/slicing/output/CPG/cwe690_cpg/cwe690-209-cpg-resolved.bin	tc209_flow3	CWE690_NULL_Deref_From_Return__System_getProperty_trim_51a.java	48	CWE690_NULL_Deref_From_Return__System_getProperty_trim_51b.java	41
/home/swlab/Documents/swvul/java-vuln-detection/slicing/output/CPG/cwe690_cpg/cwe690-210-cpg-resolved.bin	tc210_flow1	CWE690_NULL_Deref_From_Return__System_getProperty_trim_52a.java	31	CWE690_NULL_Deref_From_Return__System_getProperty_trim_52c.java	30
/home/swlab/Documents/swvul/java-vuln-detection/slicing/output/CPG/cwe690_cpg/cwe690-210-cpg-resolved.bin	tc210_flow2	CWE690_NULL_Deref_From_Return__System_getProperty_trim_52a.java	59	CWE690_NULL_Deref_From_Return__System_getProperty_trim_52c.java	52
/home/swlab/Documents/swvul/java-vuln-detection/slicing/output/CPG/cwe690_cpg/cwe690-210-cpg-resolved.bin	tc210_flow3	CWE690_NULL_Deref_From_Return__System_getProperty_trim_52a.java	48	CWE690_NULL_Deref_From_Return__System_getProperty_trim_52c.java	41
/home/swlab/Documents/swvul/java-vuln-detection/slicing/output/CPG/cwe690_cpg/cwe690-211-cpg-resolved.bin	tc211_flow1	CWE690_NULL_Deref_From_Return__System_getProperty_trim_53a.java	31	CWE690_NULL_Deref_From_Return__System_getProperty_trim_53d.java	30
/home/swlab/Documents/swvul/java-vuln-detection/slicing/output/CPG/cwe690_cpg/cwe690-211-cpg-resolved.bin	tc211_flow2	CWE690_NULL_Deref_From_Return__System_getProperty_trim_53a.java	59	CWE690_NULL_Deref_From_Return__System_getProperty_trim_53d.java	52
/home/swlab/Documents/swvul/java-vuln-detection/slicing/output/CPG/cwe690_cpg/cwe690-211-cpg-resolved.bin	tc211_flow3	CWE690_NULL_Deref_From_Return__System_getProperty_trim_53a.java	48	CWE690_NULL_Deref_From_Return__System_getProperty_trim_53d.java	41
/home/swlab/Documents/swvul/java-vuln-detection/slicing/output/CPG/cwe690_cpg/cwe690-212-cpg-resolved.bin	tc212_flow1	CWE690_NULL_Deref_From_Return__System_getProperty_trim_54a.java	31	CWE690_NULL_Deref_From_Return__System_getProperty_trim_54e.java	30
/home/swlab/Documents/swvul/java-vuln-detection/slicing/output/CPG/cwe690_cpg/cwe690-212-cpg-resolved.bin	tc212_flow2	CWE690_NULL_Deref_From_Return__System_getProperty_trim_54a.java	59	CWE690_NULL_Deref_From_Return__System_getProperty_trim_54e.java	52
/home/swlab/Documents/swvul/java-vuln-detection/slicing/output/CPG/cwe690_cpg/cwe690-212-cpg-resolved.bin	tc212_flow3	CWE690_NULL_Deref_From_Return__System_getProperty_trim_54a.java	48	CWE690_NULL_Deref_From_Return__System_getProperty_trim_54e.java	41
/home/swlab/Documents/swvul/java-vuln-detection/slicing/output/CPG/cwe690_cpg/cwe690-213-cpg-resolved.bin	tc213_flow1	CWE690_NULL_Deref_From_Return__System_getProperty_trim_61b.java	31	CWE690_NULL_Deref_From_Return__System_getProperty_trim_61a.java	31
/home/swlab/Documents/swvul/java-vuln-detection/slicing/output/CPG/cwe690_cpg/cwe690-213-cpg-resolved.bin	tc213_flow2	CWE690_NULL_Deref_From_Return__System_getProperty_trim_61b.java	53	CWE690_NULL_Deref_From_Return__System_getProperty_trim_61a.java	61
/home/swlab/Documents/swvul/java-vuln-detection/slicing/output/CPG/cwe690_cpg/cwe690-213-cpg-resolved.bin	tc213_flow3	CWE690_NULL_Deref_From_Return__System_getProperty_trim_61b.java	42	CWE690_NULL_Deref_From_Return__System_getProperty_trim_61a.java	49
/home/swlab/Documents/swvul/java-vuln-detection/slicing/output/CPG/cwe690_cpg/cwe690-214-cpg-resolved.bin	tc214_flow1	CWE690_NULL_Deref_From_Return__System_getProperty_trim_66a.java	31	CWE690_NULL_Deref_From_Return__System_getProperty_trim_66b.java	31
/home/swlab/Documents/swvul/java-vuln-detection/slicing/output/CPG/cwe690_cpg/cwe690-214-cpg-resolved.bin	tc214_flow2	CWE690_NULL_Deref_From_Return__System_getProperty_trim_66a.java	63	CWE690_NULL_Deref_From_Return__System_getProperty_trim_66b.java	55
/home/swlab/Documents/swvul/java-vuln-detection/slicing/output/CPG/cwe690_cpg/cwe690-214-cpg-resolved.bin	tc214_flow3	CWE690_NULL_Deref_From_Return__System_getProperty_trim_66a.java	50	CWE690_NULL_Deref_From_Return__System_getProperty_trim_66b.java	43
/home/swlab/Documents/swvul/java-vuln-detection/slicing/output/CPG/cwe690_cpg/cwe690-215-cpg-resolved.bin	tc215_flow1	CWE690_NULL_Deref_From_Return__System_getProperty_trim_67a.java	36	CWE690_NULL_Deref_From_Return__System_getProperty_trim_67b.java	31
/home/swlab/Documents/swvul/java-vuln-detection/slicing/output/CPG/cwe690_cpg/cwe690-215-cpg-resolved.bin	tc215_flow2	CWE690_NULL_Deref_From_Return__System_getProperty_trim_67a.java	68	CWE690_NULL_Deref_From_Return__System_getProperty_trim_67b.java	55
/home/swlab/Documents/swvul/java-vuln-detection/slicing/output/CPG/cwe690_cpg/cwe690-215-cpg-resolved.bin	tc215_flow3	CWE690_NULL_Deref_From_Return__System_getProperty_trim_67a.java	55	CWE690_NULL_Deref_From_Return__System_getProperty_trim_67b.java	43
/home/swlab/Documents/swvul/java-vuln-detection/slicing/output/CPG/cwe690_cpg/cwe690-216-cpg-resolved.bin	tc216_flow1	CWE690_NULL_Deref_From_Return__System_getProperty_trim_68a.java	32	CWE690_NULL_Deref_From_Return__System_getProperty_trim_68b.java	31
/home/swlab/Documents/swvul/java-vuln-detection/slicing/output/CPG/cwe690_cpg/cwe690-216-cpg-resolved.bin	tc216_flow2	CWE690_NULL_Deref_From_Return__System_getProperty_trim_68a.java	58	CWE690_NULL_Deref_From_Return__System_getProperty_trim_68b.java	55
/home/swlab/Documents/swvul/java-vuln-detection/slicing/output/CPG/cwe690_cpg/cwe690-216-cpg-resolved.bin	tc216_flow3	CWE690_NULL_Deref_From_Return__System_getProperty_trim_68a.java	48	CWE690_NULL_Deref_From_Return__System_getProperty_trim_68b.java	43
/home/swlab/Documents/swvul/java-vuln-detection/slicing/output/CPG/cwe690_cpg/cwe690-217-cpg-resolved.bin	tc217_flow1	CWE690_NULL_Deref_From_Return__System_getProperty_trim_71a.java	31	CWE690_NULL_Deref_From_Return__System_getProperty_trim_71b.java	31
/home/swlab/Documents/swvul/java-vuln-detection/slicing/output/CPG/cwe690_cpg/cwe690-217-cpg-resolved.bin	tc217_flow2	CWE690_NULL_Deref_From_Return__System_getProperty_trim_71a.java	59	CWE690_NULL_Deref_From_Return__System_getProperty_trim_71b.java	55
/home/swlab/Documents/swvul/java-vuln-detection/slicing/output/CPG/cwe690_cpg/cwe690-217-cpg-resolved.bin	tc217_flow3	CWE690_NULL_Deref_From_Return__System_getProperty_trim_71a.java	48	CWE690_NULL_Deref_From_Return__System_getProperty_trim_71b.java	43
/home/swlab/Documents/swvul/java-vuln-detection/slicing/output/CPG/cwe690_cpg/cwe690-218-cpg-resolved.bin	tc218_flow1	CWE690_NULL_Deref_From_Return__System_getProperty_trim_72a.java	32	CWE690_NULL_Deref_From_Return__System_getProperty_trim_72b.java	32
/home/swlab/Documents/swvul/java-vuln-detection/slicing/output/CPG/cwe690_cpg/cwe690-218-cpg-resolved.bin	tc218_flow2	CWE690_NULL_Deref_From_Return__System_getProperty_trim_72a.java	68	CWE690_NULL_Deref_From_Return__System_getProperty_trim_72b.java	56
/home/swlab/Documents/swvul/java-vuln-detection/slicing/output/CPG/cwe690_cpg/cwe690-218-cpg-resolved.bin	tc218_flow3	CWE690_NULL_Deref_From_Return__System_getProperty_trim_72a.java	53	CWE690_NULL_Deref_From_Return__System_getProperty_trim_72b.java	44
/home/swlab/Documents/swvul/java-vuln-detection/slicing/output/CPG/cwe690_cpg/cwe690-219-cpg-resolved.bin	tc219_flow1	CWE690_NULL_Deref_From_Return__System_getProperty_trim_73a.java	32	CWE690_NULL_Deref_From_Return__System_getProperty_trim_73b.java	32
/home/swlab/Documents/swvul/java-vuln-detection/slicing/output/CPG/cwe690_cpg/cwe690-219-cpg-resolved.bin	tc219_flow2	CWE690_NULL_Deref_From_Return__System_getProperty_trim_73a.java	68	CWE690_NULL_Deref_From_Return__System_getProperty_trim_73b.java	56
/home/swlab/Documents/swvul/java-vuln-detection/slicing/output/CPG/cwe690_cpg/cwe690-219-cpg-resolved.bin	tc219_flow3	CWE690_NULL_Deref_From_Return__System_getProperty_trim_73a.java	53	CWE690_NULL_Deref_From_Return__System_getProperty_trim_73b.java	44
/home/swlab/Documents/swvul/java-vuln-detection/slicing/output/CPG/cwe690_cpg/cwe690-220-cpg-resolved.bin	tc220_flow1	CWE690_NULL_Deref_From_Return__System_getProperty_trim_74a.java	32	CWE690_NULL_Deref_From_Return__System_getProperty_trim_74b.java	32
/home/swlab/Documents/swvul/java-vuln-detection/slicing/output/CPG/cwe690_cpg/cwe690-220-cpg-resolved.bin	tc220_flow2	CWE690_NULL_Deref_From_Return__System_getProperty_trim_74a.java	68	CWE690_NULL_Deref_From_Return__System_getProperty_trim_74b.java	56
/home/swlab/Documents/swvul/java-vuln-detection/slicing/output/CPG/cwe690_cpg/cwe690-220-cpg-resolved.bin	tc220_flow3	CWE690_NULL_Deref_From_Return__System_getProperty_trim_74a.java	53	CWE690_NULL_Deref_From_Return__System_getProperty_trim_74b.java	44
/home/swlab/Documents/swvul/java-vuln-detection/slicing/output/CPG/cwe690_cpg/cwe690-221-cpg-resolved.bin	tc221_flow1	CWE690_NULL_Deref_From_Return__System_getProperty_trim_75a.java	36	CWE690_NULL_Deref_From_Return__System_getProperty_trim_75b.java	43
/home/swlab/Documents/swvul/java-vuln-detection/slicing/output/CPG/cwe690_cpg/cwe690-221-cpg-resolved.bin	tc221_flow2	CWE690_NULL_Deref_From_Return__System_getProperty_trim_75a.java	148	CWE690_NULL_Deref_From_Return__System_getProperty_trim_75b.java	154
/home/swlab/Documents/swvul/java-vuln-detection/slicing/output/CPG/cwe690_cpg/cwe690-221-cpg-resolved.bin	tc221_flow3	CWE690_NULL_Deref_From_Return__System_getProperty_trim_75a.java	95	CWE690_NULL_Deref_From_Return__System_getProperty_trim_75b.java	98
/home/swlab/Documents/swvul/java-vuln-detection/slicing/output/CPG/cwe690_cpg/cwe690-222-cpg-resolved.bin	tc222_flow1	CWE690_NULL_Deref_From_Return__System_getProperty_trim_81a.java	31	CWE690_NULL_Deref_From_Return__System_getProperty_trim_81_bad.java	30
/home/swlab/Documents/swvul/java-vuln-detection/slicing/output/CPG/cwe690_cpg/cwe690-222-cpg-resolved.bin	tc222_flow2	CWE690_NULL_Deref_From_Return__System_getProperty_trim_81a.java	61	CWE690_NULL_Deref_From_Return__System_getProperty_trim_81_goodB2G.java	30
/home/swlab/Documents/swvul/java-vuln-detection/slicing/output/CPG/cwe690_cpg/cwe690-222-cpg-resolved.bin	tc222_flow3	CWE690_NULL_Deref_From_Return__System_getProperty_trim_81a.java	49	CWE690_NULL_Deref_From_Return__System_getProperty_trim_81_goodG2B.java	30
/home/swlab/Documents/swvul/java-vuln-detection/slicing/output/CPG/cwe690_cpg/cwe690-223-cpg-resolved.bin	tc223_flow1	CWE690_NULL_Deref_From_Return__getParameter_Servlet_equals_01.java	31	CWE690_NULL_Deref_From_Return__getParameter_Servlet_equals_01.java	34
/home/swlab/Documents/swvul/java-vuln-detection/slicing/output/CPG/cwe690_cpg/cwe690-223-cpg-resolved.bin	tc223_flow2	CWE690_NULL_Deref_From_Return__getParameter_Servlet_equals_01.java	69	CWE690_NULL_Deref_From_Return__getParameter_Servlet_equals_01.java	72
/home/swlab/Documents/swvul/java-vuln-detection/slicing/output/CPG/cwe690_cpg/cwe690-223-cpg-resolved.bin	tc223_flow3	CWE690_NULL_Deref_From_Return__getParameter_Servlet_equals_01.java	53	CWE690_NULL_Deref_From_Return__getParameter_Servlet_equals_01.java	56
/home/swlab/Documents/swvul/java-vuln-detection/slicing/output/CPG/cwe690_cpg/cwe690-224-cpg-resolved.bin	tc224_flow1	CWE690_NULL_Deref_From_Return__getParameter_Servlet_equals_02.java	32	CWE690_NULL_Deref_From_Return__getParameter_Servlet_equals_02.java	44
/home/swlab/Documents/swvul/java-vuln-detection/slicing/output/CPG/cwe690_cpg/cwe690-224-cpg-resolved.bin	tc224_flow2	CWE690_NULL_Deref_From_Return__getParameter_Servlet_equals_02.java	112	CWE690_NULL_Deref_From_Return__getParameter_Servlet_equals_02.java	130
/home/swlab/Documents/swvul/java-vuln-detection/slicing/output/CPG/cwe690_cpg/cwe690-224-cpg-resolved.bin	tc224_flow3	CWE690_NULL_Deref_From_Return__getParameter_Servlet_equals_02.java	145	CWE690_NULL_Deref_From_Return__getParameter_Servlet_equals_02.java	157
/home/swlab/Documents/swvul/java-vuln-detection/slicing/output/CPG/cwe690_cpg/cwe690-224-cpg-resolved.bin	tc224_flow4	CWE690_NULL_Deref_From_Return__getParameter_Servlet_equals_02.java	65	CWE690_NULL_Deref_From_Return__getParameter_Servlet_equals_02.java	72
/home/swlab/Documents/swvul/java-vuln-detection/slicing/output/CPG/cwe690_cpg/cwe690-224-cpg-resolved.bin	tc224_flow5	CWE690_NULL_Deref_From_Return__getParameter_Servlet_equals_02.java	86	CWE690_NULL_Deref_From_Return__getParameter_Servlet_equals_02.java	98
/home/swlab/Documents/swvul/java-vuln-detection/slicing/output/CPG/cwe690_cpg/cwe690-225-cpg-resolved.bin	tc225_flow1	CWE690_NULL_Deref_From_Return__getParameter_Servlet_equals_03.java	32	CWE690_NULL_Deref_From_Return__getParameter_Servlet_equals_03.java	44
/home/swlab/Documents/swvul/java-vuln-detection/slicing/output/CPG/cwe690_cpg/cwe690-225-cpg-resolved.bin	tc225_flow2	CWE690_NULL_Deref_From_Return__getParameter_Servlet_equals_03.java	112	CWE690_NULL_Deref_From_Return__getParameter_Servlet_equals_03.java	130
/home/swlab/Documents/swvul/java-vuln-detection/slicing/output/CPG/cwe690_cpg/cwe690-225-cpg-resolved.bin	tc225_flow3	CWE690_NULL_Deref_From_Return__getParameter_Servlet_equals_03.java	145	CWE690_NULL_Deref_From_Return__getParameter_Servlet_equals_03.java	157
/home/swlab/Documents/swvul/java-vuln-detection/slicing/output/CPG/cwe690_cpg/cwe690-225-cpg-resolved.bin	tc225_flow4	CWE690_NULL_Deref_From_Return__getParameter_Servlet_equals_03.java	65	CWE690_NULL_Deref_From_Return__getParameter_Servlet_equals_03.java	72
/home/swlab/Documents/swvul/java-vuln-detection/slicing/output/CPG/cwe690_cpg/cwe690-225-cpg-resolved.bin	tc225_flow5	CWE690_NULL_Deref_From_Return__getParameter_Servlet_equals_03.java	86	CWE690_NULL_Deref_From_Return__getParameter_Servlet_equals_03.java	98
/home/swlab/Documents/swvul/java-vuln-detection/slicing/output/CPG/cwe690_cpg/cwe690-226-cpg-resolved.bin	tc226_flow1	CWE690_NULL_Deref_From_Return__getParameter_Servlet_equals_04.java	39	CWE690_NULL_Deref_From_Return__getParameter_Servlet_equals_04.java	51
/home/swlab/Documents/swvul/java-vuln-detection/slicing/output/CPG/cwe690_cpg/cwe690-226-cpg-resolved.bin	tc226_flow2	CWE690_NULL_Deref_From_Return__getParameter_Servlet_equals_04.java	119	CWE690_NULL_Deref_From_Return__getParameter_Servlet_equals_04.java	137
/home/swlab/Documents/swvul/java-vuln-detection/slicing/output/CPG/cwe690_cpg/cwe690-226-cpg-resolved.bin	tc226_flow3	CWE690_NULL_Deref_From_Return__getParameter_Servlet_equals_04.java	152	CWE690_NULL_Deref_From_Return__getParameter_Servlet_equals_04.java	164
/home/swlab/Documents/swvul/java-vuln-detection/slicing/output/CPG/cwe690_cpg/cwe690-226-cpg-resolved.bin	tc226_flow4	CWE690_NULL_Deref_From_Return__getParameter_Servlet_equals_04.java	72	CWE690_NULL_Deref_From_Return__getParameter_Servlet_equals_04.java	79
/home/swlab/Documents/swvul/java-vuln-detection/slicing/output/CPG/cwe690_cpg/cwe690-226-cpg-resolved.bin	tc226_flow5	CWE690_NULL_Deref_From_Return__getParameter_Servlet_equals_04.java	93	CWE690_NULL_Deref_From_Return__getParameter_Servlet_equals_04.java	105
/home/swlab/Documents/swvul/java-vuln-detection/slicing/output/CPG/cwe690_cpg/cwe690-227-cpg-resolved.bin	tc227_flow1	CWE690_NULL_Deref_From_Return__getParameter_Servlet_equals_05.java	39	CWE690_NULL_Deref_From_Return__getParameter_Servlet_equals_05.java	51
/home/swlab/Documents/swvul/java-vuln-detection/slicing/output/CPG/cwe690_cpg/cwe690-227-cpg-resolved.bin	tc227_flow2	CWE690_NULL_Deref_From_Return__getParameter_Servlet_equals_05.java	120	CWE690_NULL_Deref_From_Return__getParameter_Servlet_equals_05.java	138
/home/swlab/Documents/swvul/java-vuln-detection/slicing/output/CPG/cwe690_cpg/cwe690-227-cpg-resolved.bin	tc227_flow3	CWE690_NULL_Deref_From_Return__getParameter_Servlet_equals_05.java	153	CWE690_NULL_Deref_From_Return__getParameter_Servlet_equals_05.java	165
/home/swlab/Documents/swvul/java-vuln-detection/slicing/output/CPG/cwe690_cpg/cwe690-227-cpg-resolved.bin	tc227_flow4	CWE690_NULL_Deref_From_Return__getParameter_Servlet_equals_05.java	72	CWE690_NULL_Deref_From_Return__getParameter_Servlet_equals_05.java	79
/home/swlab/Documents/swvul/java-vuln-detection/slicing/output/CPG/cwe690_cpg/cwe690-227-cpg-resolved.bin	tc227_flow5	CWE690_NULL_Deref_From_Return__getParameter_Servlet_equals_05.java	93	CWE690_NULL_Deref_From_Return__getParameter_Servlet_equals_05.java	105
/home/swlab/Documents/swvul/java-vuln-detection/slicing/output/CPG/cwe690_cpg/cwe690-228-cpg-resolved.bin	tc228_flow1	CWE690_NULL_Deref_From_Return__getParameter_Servlet_equals_06.java	37	CWE690_NULL_Deref_From_Return__getParameter_Servlet_equals_06.java	49
/home/swlab/Documents/swvul/java-vuln-detection/slicing/output/CPG/cwe690_cpg/cwe690-228-cpg-resolved.bin	tc228_flow2	CWE690_NULL_Deref_From_Return__getParameter_Servlet_equals_06.java	117	CWE690_NULL_Deref_From_Return__getParameter_Servlet_equals_06.java	135
/home/swlab/Documents/swvul/java-vuln-detection/slicing/output/CPG/cwe690_cpg/cwe690-228-cpg-resolved.bin	tc228_flow3	CWE690_NULL_Deref_From_Return__getParameter_Servlet_equals_06.java	150	CWE690_NULL_Deref_From_Return__getParameter_Servlet_equals_06.java	162
/home/swlab/Documents/swvul/java-vuln-detection/slicing/output/CPG/cwe690_cpg/cwe690-228-cpg-resolved.bin	tc228_flow4	CWE690_NULL_Deref_From_Return__getParameter_Servlet_equals_06.java	70	CWE690_NULL_Deref_From_Return__getParameter_Servlet_equals_06.java	77
/home/swlab/Documents/swvul/java-vuln-detection/slicing/output/CPG/cwe690_cpg/cwe690-228-cpg-resolved.bin	tc228_flow5	CWE690_NULL_Deref_From_Return__getParameter_Servlet_equals_06.java	91	CWE690_NULL_Deref_From_Return__getParameter_Servlet_equals_06.java	103
/home/swlab/Documents/swvul/java-vuln-detection/slicing/output/CPG/cwe690_cpg/cwe690-229-cpg-resolved.bin	tc229_flow1	CWE690_NULL_Deref_From_Return__getParameter_Servlet_equals_07.java	37	CWE690_NULL_Deref_From_Return__getParameter_Servlet_equals_07.java	49
/home/swlab/Documents/swvul/java-vuln-detection/slicing/output/CPG/cwe690_cpg/cwe690-229-cpg-resolved.bin	tc229_flow2	CWE690_NULL_Deref_From_Return__getParameter_Servlet_equals_07.java	117	CWE690_NULL_Deref_From_Return__getParameter_Servlet_equals_07.java	135
/home/swlab/Documents/swvul/java-vuln-detection/slicing/output/CPG/cwe690_cpg/cwe690-229-cpg-resolved.bin	tc229_flow3	CWE690_NULL_Deref_From_Return__getParameter_Servlet_equals_07.java	150	CWE690_NULL_Deref_From_Return__getParameter_Servlet_equals_07.java	162
/home/swlab/Documents/swvul/java-vuln-detection/slicing/output/CPG/cwe690_cpg/cwe690-229-cpg-resolved.bin	tc229_flow4	CWE690_NULL_Deref_From_Return__getParameter_Servlet_equals_07.java	70	CWE690_NULL_Deref_From_Return__getParameter_Servlet_equals_07.java	77
/home/swlab/Documents/swvul/java-vuln-detection/slicing/output/CPG/cwe690_cpg/cwe690-229-cpg-resolved.bin	tc229_flow5	CWE690_NULL_Deref_From_Return__getParameter_Servlet_equals_07.java	91	CWE690_NULL_Deref_From_Return__getParameter_Servlet_equals_07.java	103
/home/swlab/Documents/swvul/java-vuln-detection/slicing/output/CPG/cwe690_cpg/cwe690-230-cpg-resolved.bin	tc230_flow1	CWE690_NULL_Deref_From_Return__getParameter_Servlet_equals_08.java	45	CWE690_NULL_Deref_From_Return__getParameter_Servlet_equals_08.java	57
/home/swlab/Documents/swvul/java-vuln-detection/slicing/output/CPG/cwe690_cpg/cwe690-230-cpg-resolved.bin	tc230_flow2	CWE690_NULL_Deref_From_Return__getParameter_Servlet_equals_08.java	125	CWE690_NULL_Deref_From_Return__getParameter_Servlet_equals_08.java	143
/home/swlab/Documents/swvul/java-vuln-detection/slicing/output/CPG/cwe690_cpg/cwe690-230-cpg-resolved.bin	tc230_flow3	CWE690_NULL_Deref_From_Return__getParameter_Servlet_equals_08.java	158	CWE690_NULL_Deref_From_Return__getParameter_Servlet_equals_08.java	170
/home/swlab/Documents/swvul/java-vuln-detection/slicing/output/CPG/cwe690_cpg/cwe690-230-cpg-resolved.bin	tc230_flow4	CWE690_NULL_Deref_From_Return__getParameter_Servlet_equals_08.java	78	CWE690_NULL_Deref_From_Return__getParameter_Servlet_equals_08.java	85
/home/swlab/Documents/swvul/java-vuln-detection/slicing/output/CPG/cwe690_cpg/cwe690-230-cpg-resolved.bin	tc230_flow5	CWE690_NULL_Deref_From_Return__getParameter_Servlet_equals_08.java	99	CWE690_NULL_Deref_From_Return__getParameter_Servlet_equals_08.java	111
/home/swlab/Documents/swvul/java-vuln-detection/slicing/output/CPG/cwe690_cpg/cwe690-231-cpg-resolved.bin	tc231_flow1	CWE690_NULL_Deref_From_Return__getParameter_Servlet_equals_09.java	32	CWE690_NULL_Deref_From_Return__getParameter_Servlet_equals_09.java	44
/home/swlab/Documents/swvul/java-vuln-detection/slicing/output/CPG/cwe690_cpg/cwe690-231-cpg-resolved.bin	tc231_flow2	CWE690_NULL_Deref_From_Return__getParameter_Servlet_equals_09.java	112	CWE690_NULL_Deref_From_Return__getParameter_Servlet_equals_09.java	130
/home/swlab/Documents/swvul/java-vuln-detection/slicing/output/CPG/cwe690_cpg/cwe690-231-cpg-resolved.bin	tc231_flow3	CWE690_NULL_Deref_From_Return__getParameter_Servlet_equals_09.java	145	CWE690_NULL_Deref_From_Return__getParameter_Servlet_equals_09.java	157
/home/swlab/Documents/swvul/java-vuln-detection/slicing/output/CPG/cwe690_cpg/cwe690-231-cpg-resolved.bin	tc231_flow4	CWE690_NULL_Deref_From_Return__getParameter_Servlet_equals_09.java	65	CWE690_NULL_Deref_From_Return__getParameter_Servlet_equals_09.java	72
/home/swlab/Documents/swvul/java-vuln-detection/slicing/output/CPG/cwe690_cpg/cwe690-231-cpg-resolved.bin	tc231_flow5	CWE690_NULL_Deref_From_Return__getParameter_Servlet_equals_09.java	86	CWE690_NULL_Deref_From_Return__getParameter_Servlet_equals_09.java	98
/home/swlab/Documents/swvul/java-vuln-detection/slicing/output/CPG/cwe690_cpg/cwe690-232-cpg-resolved.bin	tc232_flow1	CWE690_NULL_Deref_From_Return__getParameter_Servlet_equals_10.java	32	CWE690_NULL_Deref_From_Return__getParameter_Servlet_equals_10.java	44
/home/swlab/Documents/swvul/java-vuln-detection/slicing/output/CPG/cwe690_cpg/cwe690-232-cpg-resolved.bin	tc232_flow2	CWE690_NULL_Deref_From_Return__getParameter_Servlet_equals_10.java	112	CWE690_NULL_Deref_From_Return__getParameter_Servlet_equals_10.java	130
/home/swlab/Documents/swvul/java-vuln-detection/slicing/output/CPG/cwe690_cpg/cwe690-232-cpg-resolved.bin	tc232_flow3	CWE690_NULL_Deref_From_Return__getParameter_Servlet_equals_10.java	145	CWE690_NULL_Deref_From_Return__getParameter_Servlet_equals_10.java	157
/home/swlab/Documents/swvul/java-vuln-detection/slicing/output/CPG/cwe690_cpg/cwe690-232-cpg-resolved.bin	tc232_flow4	CWE690_NULL_Deref_From_Return__getParameter_Servlet_equals_10.java	65	CWE690_NULL_Deref_From_Return__getParameter_Servlet_equals_10.java	72
/home/swlab/Documents/swvul/java-vuln-detection/slicing/output/CPG/cwe690_cpg/cwe690-232-cpg-resolved.bin	tc232_flow5	CWE690_NULL_Deref_From_Return__getParameter_Servlet_equals_10.java	86	CWE690_NULL_Deref_From_Return__getParameter_Servlet_equals_10.java	98
/home/swlab/Documents/swvul/java-vuln-detection/slicing/output/CPG/cwe690_cpg/cwe690-233-cpg-resolved.bin	tc233_flow1	CWE690_NULL_Deref_From_Return__getParameter_Servlet_equals_11.java	32	CWE690_NULL_Deref_From_Return__getParameter_Servlet_equals_11.java	44
/home/swlab/Documents/swvul/java-vuln-detection/slicing/output/CPG/cwe690_cpg/cwe690-233-cpg-resolved.bin	tc233_flow2	CWE690_NULL_Deref_From_Return__getParameter_Servlet_equals_11.java	113	CWE690_NULL_Deref_From_Return__getParameter_Servlet_equals_11.java	131
/home/swlab/Documents/swvul/java-vuln-detection/slicing/output/CPG/cwe690_cpg/cwe690-233-cpg-resolved.bin	tc233_flow3	CWE690_NULL_Deref_From_Return__getParameter_Servlet_equals_11.java	146	CWE690_NULL_Deref_From_Return__getParameter_Servlet_equals_11.java	158
/home/swlab/Documents/swvul/java-vuln-detection/slicing/output/CPG/cwe690_cpg/cwe690-233-cpg-resolved.bin	tc233_flow4	CWE690_NULL_Deref_From_Return__getParameter_Servlet_equals_11.java	65	CWE690_NULL_Deref_From_Return__getParameter_Servlet_equals_11.java	72
/home/swlab/Documents/swvul/java-vuln-detection/slicing/output/CPG/cwe690_cpg/cwe690-233-cpg-resolved.bin	tc233_flow5	CWE690_NULL_Deref_From_Return__getParameter_Servlet_equals_11.java	87	CWE690_NULL_Deref_From_Return__getParameter_Servlet_equals_11.java	99
/home/swlab/Documents/swvul/java-vuln-detection/slicing/output/CPG/cwe690_cpg/cwe690-234-cpg-resolved.bin	tc234_flow2	CWE690_NULL_Deref_From_Return__getParameter_Servlet_equals_12.java	108	CWE690_NULL_Deref_From_Return__getParameter_Servlet_equals_12.java	130
/home/swlab/Documents/swvul/java-vuln-detection/slicing/output/CPG/cwe690_cpg/cwe690-234-cpg-resolved.bin	tc234_flow3	CWE690_NULL_Deref_From_Return__getParameter_Servlet_equals_12.java	70	CWE690_NULL_Deref_From_Return__getParameter_Servlet_equals_12.java	92
/home/swlab/Documents/swvul/java-vuln-detection/slicing/output/CPG/cwe690_cpg/cwe690-235-cpg-resolved.bin	tc235_flow1	CWE690_NULL_Deref_From_Return__getParameter_Servlet_equals_13.java	32	CWE690_NULL_Deref_From_Return__getParameter_Servlet_equals_13.java	44
/home/swlab/Documents/swvul/java-vuln-detection/slicing/output/CPG/cwe690_cpg/cwe690-235-cpg-resolved.bin	tc235_flow2	CWE690_NULL_Deref_From_Return__getParameter_Servlet_equals_13.java	112	CWE690_NULL_Deref_From_Return__getParameter_Servlet_equals_13.java	130
/home/swlab/Documents/swvul/java-vuln-detection/slicing/output/CPG/cwe690_cpg/cwe690-235-cpg-resolved.bin	tc235_flow3	CWE690_NULL_Deref_From_Return__getParameter_Servlet_equals_13.java	145	CWE690_NULL_Deref_From_Return__getParameter_Servlet_equals_13.java	157
/home/swlab/Documents/swvul/java-vuln-detection/slicing/output/CPG/cwe690_cpg/cwe690-235-cpg-resolved.bin	tc235_flow4	CWE690_NULL_Deref_From_Return__getParameter_Servlet_equals_13.java	65	CWE690_NULL_Deref_From_Return__getParameter_Servlet_equals_13.java	72
/home/swlab/Documents/swvul/java-vuln-detection/slicing/output/CPG/cwe690_cpg/cwe690-235-cpg-resolved.bin	tc235_flow5	CWE690_NULL_Deref_From_Return__getParameter_Servlet_equals_13.java	86	CWE690_NULL_Deref_From_Return__getParameter_Servlet_equals_13.java	98
/home/swlab/Documents/swvul/java-vuln-detection/slicing/output/CPG/cwe690_cpg/cwe690-236-cpg-resolved.bin	tc236_flow1	CWE690_NULL_Deref_From_Return__getParameter_Servlet_equals_14.java	32	CWE690_NULL_Deref_From_Return__getParameter_Servlet_equals_14.java	44
/home/swlab/Documents/swvul/java-vuln-detection/slicing/output/CPG/cwe690_cpg/cwe690-236-cpg-resolved.bin	tc236_flow2	CWE690_NULL_Deref_From_Return__getParameter_Servlet_equals_14.java	112	CWE690_NULL_Deref_From_Return__getParameter_Servlet_equals_14.java	130
/home/swlab/Documents/swvul/java-vuln-detection/slicing/output/CPG/cwe690_cpg/cwe690-236-cpg-resolved.bin	tc236_flow3	CWE690_NULL_Deref_From_Return__getParameter_Servlet_equals_14.java	145	CWE690_NULL_Deref_From_Return__getParameter_Servlet_equals_14.java	157
/home/swlab/Documents/swvul/java-vuln-detection/slicing/output/CPG/cwe690_cpg/cwe690-236-cpg-resolved.bin	tc236_flow4	CWE690_NULL_Deref_From_Return__getParameter_Servlet_equals_14.java	65	CWE690_NULL_Deref_From_Return__getParameter_Servlet_equals_14.java	72
/home/swlab/Documents/swvul/java-vuln-detection/slicing/output/CPG/cwe690_cpg/cwe690-236-cpg-resolved.bin	tc236_flow5	CWE690_NULL_Deref_From_Return__getParameter_Servlet_equals_14.java	86	CWE690_NULL_Deref_From_Return__getParameter_Servlet_equals_14.java	98
/home/swlab/Documents/swvul/java-vuln-detection/slicing/output/CPG/cwe690_cpg/cwe690-237-cpg-resolved.bin	tc237_flow1	CWE690_NULL_Deref_From_Return__getParameter_Servlet_equals_15.java	34	CWE690_NULL_Deref_From_Return__getParameter_Servlet_equals_15.java	47
/home/swlab/Documents/swvul/java-vuln-detection/slicing/output/CPG/cwe690_cpg/cwe690-237-cpg-resolved.bin	tc237_flow2	CWE690_NULL_Deref_From_Return__getParameter_Servlet_equals_15.java	136	CWE690_NULL_Deref_From_Return__getParameter_Servlet_equals_15.java	153
/home/swlab/Documents/swvul/java-vuln-detection/slicing/output/CPG/cwe690_cpg/cwe690-237-cpg-resolved.bin	tc237_flow3	CWE690_NULL_Deref_From_Return__getParameter_Servlet_equals_15.java	170	CWE690_NULL_Deref_From_Return__getParameter_Servlet_equals_15.java	183
/home/swlab/Documents/swvul/java-vuln-detection/slicing/output/CPG/cwe690_cpg/cwe690-237-cpg-resolved.bin	tc237_flow4	CWE690_NULL_Deref_From_Return__getParameter_Servlet_equals_15.java	73	CWE690_NULL_Deref_From_Return__getParameter_Servlet_equals_15.java	81
/home/swlab/Documents/swvul/java-vuln-detection/slicing/output/CPG/cwe690_cpg/cwe690-237-cpg-resolved.bin	tc237_flow5	CWE690_NULL_Deref_From_Return__getParameter_Servlet_equals_15.java	102	CWE690_NULL_Deref_From_Return__getParameter_Servlet_equals_15.java	115
/home/swlab/Documents/swvul/java-vuln-detection/slicing/output/CPG/cwe690_cpg/cwe690-238-cpg-resolved.bin	tc238_flow1	CWE690_NULL_Deref_From_Return__getParameter_Servlet_equals_16.java	33	CWE690_NULL_Deref_From_Return__getParameter_Servlet_equals_16.java	40
/home/swlab/Documents/swvul/java-vuln-detection/slicing/output/CPG/cwe690_cpg/cwe690-238-cpg-resolved.bin	tc238_flow2	CWE690_NULL_Deref_From_Return__getParameter_Servlet_equals_16.java	80	CWE690_NULL_Deref_From_Return__getParameter_Servlet_equals_16.java	87
/home/swlab/Documents/swvul/java-vuln-detection/slicing/output/CPG/cwe690_cpg/cwe690-238-cpg-resolved.bin	tc238_flow3	CWE690_NULL_Deref_From_Return__getParameter_Servlet_equals_16.java	56	CWE690_NULL_Deref_From_Return__getParameter_Servlet_equals_16.java	63
/home/swlab/Documents/swvul/java-vuln-detection/slicing/output/CPG/cwe690_cpg/cwe690-239-cpg-resolved.bin	tc239_flow1	CWE690_NULL_Deref_From_Return__getParameter_Servlet_equals_17.java	36	CWE690_NULL_Deref_From_Return__getParameter_Servlet_equals_17.java	41
/home/swlab/Documents/swvul/java-vuln-detection/slicing/output/CPG/cwe690_cpg/cwe690-239-cpg-resolved.bin	tc239_flow2	CWE690_NULL_Deref_From_Return__getParameter_Servlet_equals_17.java	72	CWE690_NULL_Deref_From_Return__getParameter_Servlet_equals_17.java	77
/home/swlab/Documents/swvul/java-vuln-detection/slicing/output/CPG/cwe690_cpg/cwe690-239-cpg-resolved.bin	tc239_flow3	CWE690_NULL_Deref_From_Return__getParameter_Servlet_equals_17.java	54	CWE690_NULL_Deref_From_Return__getParameter_Servlet_equals_17.java	59
/home/swlab/Documents/swvul/java-vuln-detection/slicing/output/CPG/cwe690_cpg/cwe690-240-cpg-resolved.bin	tc240_flow1	CWE690_NULL_Deref_From_Return__getParameter_Servlet_equals_21.java	34	CWE690_NULL_Deref_From_Return__getParameter_Servlet_equals_21.java	45
/home/swlab/Documents/swvul/java-vuln-detection/slicing/output/CPG/cwe690_cpg/cwe690-240-cpg-resolved.bin	tc240_flow2	CWE690_NULL_Deref_From_Return__getParameter_Servlet_equals_21.java	70	CWE690_NULL_Deref_From_Return__getParameter_Servlet_equals_21.java	87
/home/swlab/Documents/swvul/java-vuln-detection/slicing/output/CPG/cwe690_cpg/cwe690-240-cpg-resolved.bin	tc240_flow3	CWE690_NULL_Deref_From_Return__getParameter_Servlet_equals_21.java	101	CWE690_NULL_Deref_From_Return__getParameter_Servlet_equals_21.java	112
/home/swlab/Documents/swvul/java-vuln-detection/slicing/output/CPG/cwe690_cpg/cwe690-240-cpg-resolved.bin	tc240_flow4	CWE690_NULL_Deref_From_Return__getParameter_Servlet_equals_21.java	125	CWE690_NULL_Deref_From_Return__getParameter_Servlet_equals_21.java	136
/home/swlab/Documents/swvul/java-vuln-detection/slicing/output/CPG/cwe690_cpg/cwe690-241-cpg-resolved.bin	tc241_flow1	CWE690_NULL_Deref_From_Return__getParameter_Servlet_equals_22a.java	35	CWE690_NULL_Deref_From_Return__getParameter_Servlet_equals_22b.java	31
/home/swlab/Documents/swvul/java-vuln-detection/slicing/output/CPG/cwe690_cpg/cwe690-241-cpg-resolved.bin	tc241_flow2	CWE690_NULL_Deref_From_Return__getParameter_Servlet_equals_22a.java	60	CWE690_NULL_Deref_From_Return__getParameter_Servlet_equals_22b.java	57
/home/swlab/Documents/swvul/java-vuln-detection/slicing/output/CPG/cwe690_cpg/cwe690-241-cpg-resolved.bin	tc241_flow3	CWE690_NULL_Deref_From_Return__getParameter_Servlet_equals_22a.java	72	CWE690_NULL_Deref_From_Return__getParameter_Servlet_equals_22b.java	71
/home/swlab/Documents/swvul/java-vuln-detection/slicing/output/CPG/cwe690_cpg/cwe690-241-cpg-resolved.bin	tc241_flow4	CWE690_NULL_Deref_From_Return__getParameter_Servlet_equals_22a.java	84	CWE690_NULL_Deref_From_Return__getParameter_Servlet_equals_22b.java	90
/home/swlab/Documents/swvul/java-vuln-detection/slicing/output/CPG/cwe690_cpg/cwe690-242-cpg-resolved.bin	tc242_flow1	CWE690_NULL_Deref_From_Return__getParameter_Servlet_equals_31.java	33	CWE690_NULL_Deref_From_Return__getParameter_Servlet_equals_31.java	41
/home/swlab/Documents/swvul/java-vuln-detection/slicing/output/CPG/cwe690_cpg/cwe690-242-cpg-resolved.bin	tc242_flow2	CWE690_NULL_Deref_From_Return__getParameter_Servlet_equals_31.java	87	CWE690_NULL_Deref_From_Return__getParameter_Servlet_equals_31.java	95
/home/swlab/Documents/swvul/java-vuln-detection/slicing/output/CPG/cwe690_cpg/cwe690-242-cpg-resolved.bin	tc242_flow3	CWE690_NULL_Deref_From_Return__getParameter_Servlet_equals_31.java	63	CWE690_NULL_Deref_From_Return__getParameter_Servlet_equals_31.java	71
/home/swlab/Documents/swvul/java-vuln-detection/slicing/output/CPG/cwe690_cpg/cwe690-243-cpg-resolved.bin	tc243_flow1	CWE690_NULL_Deref_From_Return__getParameter_Servlet_equals_41.java	42	CWE690_NULL_Deref_From_Return__getParameter_Servlet_equals_41.java	30
/home/swlab/Documents/swvul/java-vuln-detection/slicing/output/CPG/cwe690_cpg/cwe690-243-cpg-resolved.bin	tc243_flow2	CWE690_NULL_Deref_From_Return__getParameter_Servlet_equals_41.java	92	CWE690_NULL_Deref_From_Return__getParameter_Servlet_equals_41.java	79
/home/swlab/Documents/swvul/java-vuln-detection/slicing/output/CPG/cwe690_cpg/cwe690-243-cpg-resolved.bin	tc243_flow3	CWE690_NULL_Deref_From_Return__getParameter_Servlet_equals_41.java	70	CWE690_NULL_Deref_From_Return__getParameter_Servlet_equals_41.java	57
/home/swlab/Documents/swvul/java-vuln-detection/slicing/output/CPG/cwe690_cpg/cwe690-244-cpg-resolved.bin	tc244_flow1	CWE690_NULL_Deref_From_Return__getParameter_Servlet_equals_42.java	31	CWE690_NULL_Deref_From_Return__getParameter_Servlet_equals_42.java	41
/home/swlab/Documents/swvul/java-vuln-detection/slicing/output/CPG/cwe690_cpg/cwe690-244-cpg-resolved.bin	tc244_flow2	CWE690_NULL_Deref_From_Return__getParameter_Servlet_equals_42.java	77	CWE690_NULL_Deref_From_Return__getParameter_Servlet_equals_42.java	87
/home/swlab/Documents/swvul/java-vuln-detection/slicing/output/CPG/cwe690_cpg/cwe690-244-cpg-resolved.bin	tc244_flow3	CWE690_NULL_Deref_From_Return__getParameter_Servlet_equals_42.java	54	CWE690_NULL_Deref_From_Return__getParameter_Servlet_equals_42.java	64
/home/swlab/Documents/swvul/java-vuln-detection/slicing/output/CPG/cwe690_cpg/cwe690-245-cpg-resolved.bin	tc245_flow1	CWE690_NULL_Deref_From_Return__getParameter_Servlet_equals_45.java	47	CWE690_NULL_Deref_From_Return__getParameter_Servlet_equals_45.java	35
/home/swlab/Documents/swvul/java-vuln-detection/slicing/output/CPG/cwe690_cpg/cwe690-245-cpg-resolved.bin	tc245_flow2	CWE690_NULL_Deref_From_Return__getParameter_Servlet_equals_45.java	101	CWE690_NULL_Deref_From_Return__getParameter_Servlet_equals_45.java	88
/home/swlab/Documents/swvul/java-vuln-detection/slicing/output/CPG/cwe690_cpg/cwe690-245-cpg-resolved.bin	tc245_flow3	CWE690_NULL_Deref_From_Return__getParameter_Servlet_equals_45.java	77	CWE690_NULL_Deref_From_Return__getParameter_Servlet_equals_45.java	64
/home/swlab/Documents/swvul/java-vuln-detection/slicing/output/CPG/cwe690_cpg/cwe690-246-cpg-resolved.bin	tc246_flow1	CWE690_NULL_Deref_From_Return__getParameter_Servlet_equals_51a.java	31	CWE690_NULL_Deref_From_Return__getParameter_Servlet_equals_51b.java	30
/home/swlab/Documents/swvul/java-vuln-detection/slicing/output/CPG/cwe690_cpg/cwe690-246-cpg-resolved.bin	tc246_flow2	CWE690_NULL_Deref_From_Return__getParameter_Servlet_equals_51a.java	59	CWE690_NULL_Deref_From_Return__getParameter_Servlet_equals_51b.java	54
/home/swlab/Documents/swvul/java-vuln-detection/slicing/output/CPG/cwe690_cpg/cwe690-246-cpg-resolved.bin	tc246_flow3	CWE690_NULL_Deref_From_Return__getParameter_Servlet_equals_51a.java	48	CWE690_NULL_Deref_From_Return__getParameter_Servlet_equals_51b.java	42
/home/swlab/Documents/swvul/java-vuln-detection/slicing/output/CPG/cwe690_cpg/cwe690-247-cpg-resolved.bin	tc247_flow1	CWE690_NULL_Deref_From_Return__getParameter_Servlet_equals_52a.java	31	CWE690_NULL_Deref_From_Return__getParameter_Servlet_equals_52c.java	30
/home/swlab/Documents/swvul/java-vuln-detection/slicing/output/CPG/cwe690_cpg/cwe690-247-cpg-resolved.bin	tc247_flow2	CWE690_NULL_Deref_From_Return__getParameter_Servlet_equals_52a.java	59	CWE690_NULL_Deref_From_Return__getParameter_Servlet_equals_52c.java	54
/home/swlab/Documents/swvul/java-vuln-detection/slicing/output/CPG/cwe690_cpg/cwe690-247-cpg-resolved.bin	tc247_flow3	CWE690_NULL_Deref_From_Return__getParameter_Servlet_equals_52a.java	48	CWE690_NULL_Deref_From_Return__getParameter_Servlet_equals_52c.java	42
/home/swlab/Documents/swvul/java-vuln-detection/slicing/output/CPG/cwe690_cpg/cwe690-248-cpg-resolved.bin	tc248_flow1	CWE690_NULL_Deref_From_Return__getParameter_Servlet_equals_53a.java	31	CWE690_NULL_Deref_From_Return__getParameter_Servlet_equals_53d.java	30
/home/swlab/Documents/swvul/java-vuln-detection/slicing/output/CPG/cwe690_cpg/cwe690-248-cpg-resolved.bin	tc248_flow2	CWE690_NULL_Deref_From_Return__getParameter_Servlet_equals_53a.java	59	CWE690_NULL_Deref_From_Return__getParameter_Servlet_equals_53d.java	54
/home/swlab/Documents/swvul/java-vuln-detection/slicing/output/CPG/cwe690_cpg/cwe690-248-cpg-resolved.bin	tc248_flow3	CWE690_NULL_Deref_From_Return__getParameter_Servlet_equals_53a.java	48	CWE690_NULL_Deref_From_Return__getParameter_Servlet_equals_53d.java	42
/home/swlab/Documents/swvul/java-vuln-detection/slicing/output/CPG/cwe690_cpg/cwe690-249-cpg-resolved.bin	tc249_flow1	CWE690_NULL_Deref_From_Return__getParameter_Servlet_equals_54a.java	31	CWE690_NULL_Deref_From_Return__getParameter_Servlet_equals_54e.java	30
/home/swlab/Documents/swvul/java-vuln-detection/slicing/output/CPG/cwe690_cpg/cwe690-249-cpg-resolved.bin	tc249_flow2	CWE690_NULL_Deref_From_Return__getParameter_Servlet_equals_54a.java	59	CWE690_NULL_Deref_From_Return__getParameter_Servlet_equals_54e.java	54
/home/swlab/Documents/swvul/java-vuln-detection/slicing/output/CPG/cwe690_cpg/cwe690-249-cpg-resolved.bin	tc249_flow3	CWE690_NULL_Deref_From_Return__getParameter_Servlet_equals_54a.java	48	CWE690_NULL_Deref_From_Return__getParameter_Servlet_equals_54e.java	42
/home/swlab/Documents/swvul/java-vuln-detection/slicing/output/CPG/cwe690_cpg/cwe690-250-cpg-resolved.bin	tc250_flow1	CWE690_NULL_Deref_From_Return__getParameter_Servlet_equals_61b.java	31	CWE690_NULL_Deref_From_Return__getParameter_Servlet_equals_61a.java	31
/home/swlab/Documents/swvul/java-vuln-detection/slicing/output/CPG/cwe690_cpg/cwe690-250-cpg-resolved.bin	tc250_flow2	CWE690_NULL_Deref_From_Return__getParameter_Servlet_equals_61b.java	53	CWE690_NULL_Deref_From_Return__getParameter_Servlet_equals_61a.java	63
/home/swlab/Documents/swvul/java-vuln-detection/slicing/output/CPG/cwe690_cpg/cwe690-250-cpg-resolved.bin	tc250_flow3	CWE690_NULL_Deref_From_Return__getParameter_Servlet_equals_61b.java	42	CWE690_NULL_Deref_From_Return__getParameter_Servlet_equals_61a.java	50
/home/swlab/Documents/swvul/java-vuln-detection/slicing/output/CPG/cwe690_cpg/cwe690-251-cpg-resolved.bin	tc251_flow1	CWE690_NULL_Deref_From_Return__getParameter_Servlet_equals_66a.java	31	CWE690_NULL_Deref_From_Return__getParameter_Servlet_equals_66b.java	31
/home/swlab/Documents/swvul/java-vuln-detection/slicing/output/CPG/cwe690_cpg/cwe690-251-cpg-resolved.bin	tc251_flow2	CWE690_NULL_Deref_From_Return__getParameter_Servlet_equals_66a.java	63	CWE690_NULL_Deref_From_Return__getParameter_Servlet_equals_66b.java	57
/home/swlab/Documents/swvul/java-vuln-detection/slicing/output/CPG/cwe690_cpg/cwe690-251-cpg-resolved.bin	tc251_flow3	CWE690_NULL_Deref_From_Return__getParameter_Servlet_equals_66a.java	50	CWE690_NULL_Deref_From_Return__getParameter_Servlet_equals_66b.java	44
/home/swlab/Documents/swvul/java-vuln-detection/slicing/output/CPG/cwe690_cpg/cwe690-252-cpg-resolved.bin	tc252_flow1	CWE690_NULL_Deref_From_Return__getParameter_Servlet_equals_67a.java	36	CWE690_NULL_Deref_From_Return__getParameter_Servlet_equals_67b.java	31
/home/swlab/Documents/swvul/java-vuln-detection/slicing/output/CPG/cwe690_cpg/cwe690-252-cpg-resolved.bin	tc252_flow2	CWE690_NULL_Deref_From_Return__getParameter_Servlet_equals_67a.java	68	CWE690_NULL_Deref_From_Return__getParameter_Servlet_equals_67b.java	57
/home/swlab/Documents/swvul/java-vuln-detection/slicing/output/CPG/cwe690_cpg/cwe690-252-cpg-resolved.bin	tc252_flow3	CWE690_NULL_Deref_From_Return__getParameter_Servlet_equals_67a.java	55	CWE690_NULL_Deref_From_Return__getParameter_Servlet_equals_67b.java	44
/home/swlab/Documents/swvul/java-vuln-detection/slicing/output/CPG/cwe690_cpg/cwe690-253-cpg-resolved.bin	tc253_flow1	CWE690_NULL_Deref_From_Return__getParameter_Servlet_equals_68a.java	32	CWE690_NULL_Deref_From_Return__getParameter_Servlet_equals_68b.java	31
/home/swlab/Documents/swvul/java-vuln-detection/slicing/output/CPG/cwe690_cpg/cwe690-253-cpg-resolved.bin	tc253_flow2	CWE690_NULL_Deref_From_Return__getParameter_Servlet_equals_68a.java	58	CWE690_NULL_Deref_From_Return__getParameter_Servlet_equals_68b.java	57
/home/swlab/Documents/swvul/java-vuln-detection/slicing/output/CPG/cwe690_cpg/cwe690-253-cpg-resolved.bin	tc253_flow3	CWE690_NULL_Deref_From_Return__getParameter_Servlet_equals_68a.java	48	CWE690_NULL_Deref_From_Return__getParameter_Servlet_equals_68b.java	44
/home/swlab/Documents/swvul/java-vuln-detection/slicing/output/CPG/cwe690_cpg/cwe690-254-cpg-resolved.bin	tc254_flow1	CWE690_NULL_Deref_From_Return__getParameter_Servlet_equals_71a.java	31	CWE690_NULL_Deref_From_Return__getParameter_Servlet_equals_71b.java	31
/home/swlab/Documents/swvul/java-vuln-detection/slicing/output/CPG/cwe690_cpg/cwe690-254-cpg-resolved.bin	tc254_flow2	CWE690_NULL_Deref_From_Return__getParameter_Servlet_equals_71a.java	59	CWE690_NULL_Deref_From_Return__getParameter_Servlet_equals_71b.java	57
/home/swlab/Documents/swvul/java-vuln-detection/slicing/output/CPG/cwe690_cpg/cwe690-254-cpg-resolved.bin	tc254_flow3	CWE690_NULL_Deref_From_Return__getParameter_Servlet_equals_71a.java	48	CWE690_NULL_Deref_From_Return__getParameter_Servlet_equals_71b.java	44
/home/swlab/Documents/swvul/java-vuln-detection/slicing/output/CPG/cwe690_cpg/cwe690-255-cpg-resolved.bin	tc255_flow1	CWE690_NULL_Deref_From_Return__getParameter_Servlet_equals_72a.java	32	CWE690_NULL_Deref_From_Return__getParameter_Servlet_equals_72b.java	32
/home/swlab/Documents/swvul/java-vuln-detection/slicing/output/CPG/cwe690_cpg/cwe690-255-cpg-resolved.bin	tc255_flow2	CWE690_NULL_Deref_From_Return__getParameter_Servlet_equals_72a.java	68	CWE690_NULL_Deref_From_Return__getParameter_Servlet_equals_72b.java	58
/home/swlab/Documents/swvul/java-vuln-detection/slicing/output/CPG/cwe690_cpg/cwe690-255-cpg-resolved.bin	tc255_flow3	CWE690_NULL_Deref_From_Return__getParameter_Servlet_equals_72a.java	53	CWE690_NULL_Deref_From_Return__getParameter_Servlet_equals_72b.java	45
/home/swlab/Documents/swvul/java-vuln-detection/slicing/output/CPG/cwe690_cpg/cwe690-256-cpg-resolved.bin	tc256_flow1	CWE690_NULL_Deref_From_Return__getParameter_Servlet_equals_73a.java	32	CWE690_NULL_Deref_From_Return__getParameter_Servlet_equals_73b.java	32
/home/swlab/Documents/swvul/java-vuln-detection/slicing/output/CPG/cwe690_cpg/cwe690-256-cpg-resolved.bin	tc256_flow2	CWE690_NULL_Deref_From_Return__getParameter_Servlet_equals_73a.java	68	CWE690_NULL_Deref_From_Return__getParameter_Servlet_equals_73b.java	58
/home/swlab/Documents/swvul/java-vuln-detection/slicing/output/CPG/cwe690_cpg/cwe690-256-cpg-resolved.bin	tc256_flow3	CWE690_NULL_Deref_From_Return__getParameter_Servlet_equals_73a.java	53	CWE690_NULL_Deref_From_Return__getParameter_Servlet_equals_73b.java	45
/home/swlab/Documents/swvul/java-vuln-detection/slicing/output/CPG/cwe690_cpg/cwe690-257-cpg-resolved.bin	tc257_flow1	CWE690_NULL_Deref_From_Return__getParameter_Servlet_equals_74a.java	32	CWE690_NULL_Deref_From_Return__getParameter_Servlet_equals_74b.java	32
/home/swlab/Documents/swvul/java-vuln-detection/slicing/output/CPG/cwe690_cpg/cwe690-257-cpg-resolved.bin	tc257_flow2	CWE690_NULL_Deref_From_Return__getParameter_Servlet_equals_74a.java	68	CWE690_NULL_Deref_From_Return__getParameter_Servlet_equals_74b.java	58
/home/swlab/Documents/swvul/java-vuln-detection/slicing/output/CPG/cwe690_cpg/cwe690-257-cpg-resolved.bin	tc257_flow3	CWE690_NULL_Deref_From_Return__getParameter_Servlet_equals_74a.java	53	CWE690_NULL_Deref_From_Return__getParameter_Servlet_equals_74b.java	45
/home/swlab/Documents/swvul/java-vuln-detection/slicing/output/CPG/cwe690_cpg/cwe690-258-cpg-resolved.bin	tc258_flow1	CWE690_NULL_Deref_From_Return__getParameter_Servlet_equals_75a.java	36	CWE690_NULL_Deref_From_Return__getParameter_Servlet_equals_75b.java	43
/home/swlab/Documents/swvul/java-vuln-detection/slicing/output/CPG/cwe690_cpg/cwe690-258-cpg-resolved.bin	tc258_flow2	CWE690_NULL_Deref_From_Return__getParameter_Servlet_equals_75a.java	148	CWE690_NULL_Deref_From_Return__getParameter_Servlet_equals_75b.java	156
/home/swlab/Documents/swvul/java-vuln-detection/slicing/output/CPG/cwe690_cpg/cwe690-258-cpg-resolved.bin	tc258_flow3	CWE690_NULL_Deref_From_Return__getParameter_Servlet_equals_75a.java	95	CWE690_NULL_Deref_From_Return__getParameter_Servlet_equals_75b.java	99
/home/swlab/Documents/swvul/java-vuln-detection/slicing/output/CPG/cwe690_cpg/cwe690-259-cpg-resolved.bin	tc259_flow1	CWE690_NULL_Deref_From_Return__getParameter_Servlet_equals_81a.java	31	CWE690_NULL_Deref_From_Return__getParameter_Servlet_equals_81_bad.java	30
/home/swlab/Documents/swvul/java-vuln-detection/slicing/output/CPG/cwe690_cpg/cwe690-259-cpg-resolved.bin	tc259_flow2	CWE690_NULL_Deref_From_Return__getParameter_Servlet_equals_81a.java	61	CWE690_NULL_Deref_From_Return__getParameter_Servlet_equals_81_goodB2G.java	30
/home/swlab/Documents/swvul/java-vuln-detection/slicing/output/CPG/cwe690_cpg/cwe690-259-cpg-resolved.bin	tc259_flow3	CWE690_NULL_Deref_From_Return__getParameter_Servlet_equals_81a.java	49	CWE690_NULL_Deref_From_Return__getParameter_Servlet_equals_81_goodG2B.java	30
/home/swlab/Documents/swvul/java-vuln-detection/slicing/output/CPG/cwe690_cpg/cwe690-260-cpg-resolved.bin	tc260_flow1	CWE690_NULL_Deref_From_Return__getParameter_Servlet_trim_01.java	31	CWE690_NULL_Deref_From_Return__getParameter_Servlet_trim_01.java	34
/home/swlab/Documents/swvul/java-vuln-detection/slicing/output/CPG/cwe690_cpg/cwe690-260-cpg-resolved.bin	tc260_flow2	CWE690_NULL_Deref_From_Return__getParameter_Servlet_trim_01.java	67	CWE690_NULL_Deref_From_Return__getParameter_Servlet_trim_01.java	70
/home/swlab/Documents/swvul/java-vuln-detection/slicing/output/CPG/cwe690_cpg/cwe690-260-cpg-resolved.bin	tc260_flow3	CWE690_NULL_Deref_From_Return__getParameter_Servlet_trim_01.java	52	CWE690_NULL_Deref_From_Return__getParameter_Servlet_trim_01.java	55
/home/swlab/Documents/swvul/java-vuln-detection/slicing/output/CPG/cwe690_cpg/cwe690-261-cpg-resolved.bin	tc261_flow1	CWE690_NULL_Deref_From_Return__getParameter_Servlet_trim_02.java	32	CWE690_NULL_Deref_From_Return__getParameter_Servlet_trim_02.java	44
/home/swlab/Documents/swvul/java-vuln-detection/slicing/output/CPG/cwe690_cpg/cwe690-261-cpg-resolved.bin	tc261_flow2	CWE690_NULL_Deref_From_Return__getParameter_Servlet_trim_02.java	106	CWE690_NULL_Deref_From_Return__getParameter_Servlet_trim_02.java	124
/home/swlab/Documents/swvul/java-vuln-detection/slicing/output/CPG/cwe690_cpg/cwe690-261-cpg-resolved.bin	tc261_flow3	CWE690_NULL_Deref_From_Return__getParameter_Servlet_trim_02.java	140	CWE690_NULL_Deref_From_Return__getParameter_Servlet_trim_02.java	152
/home/swlab/Documents/swvul/java-vuln-detection/slicing/output/CPG/cwe690_cpg/cwe690-261-cpg-resolved.bin	tc261_flow4	CWE690_NULL_Deref_From_Return__getParameter_Servlet_trim_02.java	63	CWE690_NULL_Deref_From_Return__getParameter_Servlet_trim_02.java	70
/home/swlab/Documents/swvul/java-vuln-detection/slicing/output/CPG/cwe690_cpg/cwe690-261-cpg-resolved.bin	tc261_flow5	CWE690_NULL_Deref_From_Return__getParameter_Servlet_trim_02.java	82	CWE690_NULL_Deref_From_Return__getParameter_Servlet_trim_02.java	94
/home/swlab/Documents/swvul/java-vuln-detection/slicing/output/CPG/cwe690_cpg/cwe690-262-cpg-resolved.bin	tc262_flow1	CWE690_NULL_Deref_From_Return__getParameter_Servlet_trim_03.java	32	CWE690_NULL_Deref_From_Return__getParameter_Servlet_trim_03.java	44
/home/swlab/Documents/swvul/java-vuln-detection/slicing/output/CPG/cwe690_cpg/cwe690-262-cpg-resolved.bin	tc262_flow2	CWE690_NULL_Deref_From_Return__getParameter_Servlet_trim_03.java	106	CWE690_NULL_Deref_From_Return__getParameter_Servlet_trim_03.java	124
/home/swlab/Documents/swvul/java-vuln-detection/slicing/output/CPG/cwe690_cpg/cwe690-262-cpg-resolved.bin	tc262_flow3	CWE690_NULL_Deref_From_Return__getParameter_Servlet_trim_03.java	140	CWE690_NULL_Deref_From_Return__getParameter_Servlet_trim_03.java	152
/home/swlab/Documents/swvul/java-vuln-detection/slicing/output/CPG/cwe690_cpg/cwe690-262-cpg-resolved.bin	tc262_flow4	CWE690_NULL_Deref_From_Return__getParameter_Servlet_trim_03.java	63	CWE690_NULL_Deref_From_Return__getParameter_Servlet_trim_03.java	70
/home/swlab/Documents/swvul/java-vuln-detection/slicing/output/CPG/cwe690_cpg/cwe690-262-cpg-resolved.bin	tc262_flow5	CWE690_NULL_Deref_From_Return__getParameter_Servlet_trim_03.java	82	CWE690_NULL_Deref_From_Return__getParameter_Servlet_trim_03.java	94
/home/swlab/Documents/swvul/java-vuln-detection/slicing/output/CPG/cwe690_cpg/cwe690-263-cpg-resolved.bin	tc263_flow1	CWE690_NULL_Deref_From_Return__getParameter_Servlet_trim_04.java	39	CWE690_NULL_Deref_From_Return__getParameter_Servlet_trim_04.java	51
/home/swlab/Documents/swvul/java-vuln-detection/slicing/output/CPG/cwe690_cpg/cwe690-263-cpg-resolved.bin	tc263_flow2	CWE690_NULL_Deref_From_Return__getParameter_Servlet_trim_04.java	113	CWE690_NULL_Deref_From_Return__getParameter_Servlet_trim_04.java	131
/home/swlab/Documents/swvul/java-vuln-detection/slicing/output/CPG/cwe690_cpg/cwe690-263-cpg-resolved.bin	tc263_flow3	CWE690_NULL_Deref_From_Return__getParameter_Servlet_trim_04.java	147	CWE690_NULL_Deref_From_Return__getParameter_Servlet_trim_04.java	159
/home/swlab/Documents/swvul/java-vuln-detection/slicing/output/CPG/cwe690_cpg/cwe690-263-cpg-resolved.bin	tc263_flow4	CWE690_NULL_Deref_From_Return__getParameter_Servlet_trim_04.java	70	CWE690_NULL_Deref_From_Return__getParameter_Servlet_trim_04.java	77
/home/swlab/Documents/swvul/java-vuln-detection/slicing/output/CPG/cwe690_cpg/cwe690-263-cpg-resolved.bin	tc263_flow5	CWE690_NULL_Deref_From_Return__getParameter_Servlet_trim_04.java	89	CWE690_NULL_Deref_From_Return__getParameter_Servlet_trim_04.java	101
/home/swlab/Documents/swvul/java-vuln-detection/slicing/output/CPG/cwe690_cpg/cwe690-264-cpg-resolved.bin	tc264_flow1	CWE690_NULL_Deref_From_Return__getParameter_Servlet_trim_05.java	39	CWE690_NULL_Deref_From_Return__getParameter_Servlet_trim_05.java	51
/home/swlab/Documents/swvul/java-vuln-detection/slicing/output/CPG/cwe690_cpg/cwe690-264-cpg-resolved.bin	tc264_flow2	CWE690_NULL_Deref_From_Return__getParameter_Servlet_trim_05.java	114	CWE690_NULL_Deref_From_Return__getParameter_Servlet_trim_05.java	132
/home/swlab/Documents/swvul/java-vuln-detection/slicing/output/CPG/cwe690_cpg/cwe690-264-cpg-resolved.bin	tc264_flow3	CWE690_NULL_Deref_From_Return__getParameter_Servlet_trim_05.java	148	CWE690_NULL_Deref_From_Return__getParameter_Servlet_trim_05.java	160
/home/swlab/Documents/swvul/java-vuln-detection/slicing/output/CPG/cwe690_cpg/cwe690-264-cpg-resolved.bin	tc264_flow4	CWE690_NULL_Deref_From_Return__getParameter_Servlet_trim_05.java	70	CWE690_NULL_Deref_From_Return__getParameter_Servlet_trim_05.java	77
/home/swlab/Documents/swvul/java-vuln-detection/slicing/output/CPG/cwe690_cpg/cwe690-264-cpg-resolved.bin	tc264_flow5	CWE690_NULL_Deref_From_Return__getParameter_Servlet_trim_05.java	89	CWE690_NULL_Deref_From_Return__getParameter_Servlet_trim_05.java	101
/home/swlab/Documents/swvul/java-vuln-detection/slicing/output/CPG/cwe690_cpg/cwe690-265-cpg-resolved.bin	tc265_flow1	CWE690_NULL_Deref_From_Return__getParameter_Servlet_trim_06.java	37	CWE690_NULL_Deref_From_Return__getParameter_Servlet_trim_06.java	49
/home/swlab/Documents/swvul/java-vuln-detection/slicing/output/CPG/cwe690_cpg/cwe690-265-cpg-resolved.bin	tc265_flow2	CWE690_NULL_Deref_From_Return__getParameter_Servlet_trim_06.java	111	CWE690_NULL_Deref_From_Return__getParameter_Servlet_trim_06.java	129
/home/swlab/Documents/swvul/java-vuln-detection/slicing/output/CPG/cwe690_cpg/cwe690-265-cpg-resolved.bin	tc265_flow3	CWE690_NULL_Deref_From_Return__getParameter_Servlet_trim_06.java	145	CWE690_NULL_Deref_From_Return__getParameter_Servlet_trim_06.java	157
/home/swlab/Documents/swvul/java-vuln-detection/slicing/output/CPG/cwe690_cpg/cwe690-265-cpg-resolved.bin	tc265_flow4	CWE690_NULL_Deref_From_Return__getParameter_Servlet_trim_06.java	68	CWE690_NULL_Deref_From_Return__getParameter_Servlet_trim_06.java	75
/home/swlab/Documents/swvul/java-vuln-detection/slicing/output/CPG/cwe690_cpg/cwe690-265-cpg-resolved.bin	tc265_flow5	CWE690_NULL_Deref_From_Return__getParameter_Servlet_trim_06.java	87	CWE690_NULL_Deref_From_Return__getParameter_Servlet_trim_06.java	99
/home/swlab/Documents/swvul/java-vuln-detection/slicing/output/CPG/cwe690_cpg/cwe690-266-cpg-resolved.bin	tc266_flow1	CWE690_NULL_Deref_From_Return__getParameter_Servlet_trim_07.java	37	CWE690_NULL_Deref_From_Return__getParameter_Servlet_trim_07.java	49
/home/swlab/Documents/swvul/java-vuln-detection/slicing/output/CPG/cwe690_cpg/cwe690-266-cpg-resolved.bin	tc266_flow2	CWE690_NULL_Deref_From_Return__getParameter_Servlet_trim_07.java	111	CWE690_NULL_Deref_From_Return__getParameter_Servlet_trim_07.java	129
/home/swlab/Documents/swvul/java-vuln-detection/slicing/output/CPG/cwe690_cpg/cwe690-266-cpg-resolved.bin	tc266_flow3	CWE690_NULL_Deref_From_Return__getParameter_Servlet_trim_07.java	145	CWE690_NULL_Deref_From_Return__getParameter_Servlet_trim_07.java	157
/home/swlab/Documents/swvul/java-vuln-detection/slicing/output/CPG/cwe690_cpg/cwe690-266-cpg-resolved.bin	tc266_flow4	CWE690_NULL_Deref_From_Return__getParameter_Servlet_trim_07.java	68	CWE690_NULL_Deref_From_Return__getParameter_Servlet_trim_07.java	75
/home/swlab/Documents/swvul/java-vuln-detection/slicing/output/CPG/cwe690_cpg/cwe690-266-cpg-resolved.bin	tc266_flow5	CWE690_NULL_Deref_From_Return__getParameter_Servlet_trim_07.java	87	CWE690_NULL_Deref_From_Return__getParameter_Servlet_trim_07.java	99
/home/swlab/Documents/swvul/java-vuln-detection/slicing/output/CPG/cwe690_cpg/cwe690-267-cpg-resolved.bin	tc267_flow1	CWE690_NULL_Deref_From_Return__getParameter_Servlet_trim_08.java	45	CWE690_NULL_Deref_From_Return__getParameter_Servlet_trim_08.java	57
/home/swlab/Documents/swvul/java-vuln-detection/slicing/output/CPG/cwe690_cpg/cwe690-267-cpg-resolved.bin	tc267_flow2	CWE690_NULL_Deref_From_Return__getParameter_Servlet_trim_08.java	119	CWE690_NULL_Deref_From_Return__getParameter_Servlet_trim_08.java	137
/home/swlab/Documents/swvul/java-vuln-detection/slicing/output/CPG/cwe690_cpg/cwe690-267-cpg-resolved.bin	tc267_flow3	CWE690_NULL_Deref_From_Return__getParameter_Servlet_trim_08.java	153	CWE690_NULL_Deref_From_Return__getParameter_Servlet_trim_08.java	165
/home/swlab/Documents/swvul/java-vuln-detection/slicing/output/CPG/cwe690_cpg/cwe690-267-cpg-resolved.bin	tc267_flow4	CWE690_NULL_Deref_From_Return__getParameter_Servlet_trim_08.java	76	CWE690_NULL_Deref_From_Return__getParameter_Servlet_trim_08.java	83
/home/swlab/Documents/swvul/java-vuln-detection/slicing/output/CPG/cwe690_cpg/cwe690-267-cpg-resolved.bin	tc267_flow5	CWE690_NULL_Deref_From_Return__getParameter_Servlet_trim_08.java	95	CWE690_NULL_Deref_From_Return__getParameter_Servlet_trim_08.java	107
/home/swlab/Documents/swvul/java-vuln-detection/slicing/output/CPG/cwe690_cpg/cwe690-268-cpg-resolved.bin	tc268_flow1	CWE690_NULL_Deref_From_Return__getParameter_Servlet_trim_09.java	32	CWE690_NULL_Deref_From_Return__getParameter_Servlet_trim_09.java	44
/home/swlab/Documents/swvul/java-vuln-detection/slicing/output/CPG/cwe690_cpg/cwe690-268-cpg-resolved.bin	tc268_flow2	CWE690_NULL_Deref_From_Return__getParameter_Servlet_trim_09.java	106	CWE690_NULL_Deref_From_Return__getParameter_Servlet_trim_09.java	124
/home/swlab/Documents/swvul/java-vuln-detection/slicing/output/CPG/cwe690_cpg/cwe690-268-cpg-resolved.bin	tc268_flow3	CWE690_NULL_Deref_From_Return__getParameter_Servlet_trim_09.java	140	CWE690_NULL_Deref_From_Return__getParameter_Servlet_trim_09.java	152
/home/swlab/Documents/swvul/java-vuln-detection/slicing/output/CPG/cwe690_cpg/cwe690-268-cpg-resolved.bin	tc268_flow4	CWE690_NULL_Deref_From_Return__getParameter_Servlet_trim_09.java	63	CWE690_NULL_Deref_From_Return__getParameter_Servlet_trim_09.java	70
/home/swlab/Documents/swvul/java-vuln-detection/slicing/output/CPG/cwe690_cpg/cwe690-268-cpg-resolved.bin	tc268_flow5	CWE690_NULL_Deref_From_Return__getParameter_Servlet_trim_09.java	82	CWE690_NULL_Deref_From_Return__getParameter_Servlet_trim_09.java	94
/home/swlab/Documents/swvul/java-vuln-detection/slicing/output/CPG/cwe690_cpg/cwe690-269-cpg-resolved.bin	tc269_flow1	CWE690_NULL_Deref_From_Return__getParameter_Servlet_trim_10.java	32	CWE690_NULL_Deref_From_Return__getParameter_Servlet_trim_10.java	44
/home/swlab/Documents/swvul/java-vuln-detection/slicing/output/CPG/cwe690_cpg/cwe690-269-cpg-resolved.bin	tc269_flow2	CWE690_NULL_Deref_From_Return__getParameter_Servlet_trim_10.java	106	CWE690_NULL_Deref_From_Return__getParameter_Servlet_trim_10.java	124
/home/swlab/Documents/swvul/java-vuln-detection/slicing/output/CPG/cwe690_cpg/cwe690-269-cpg-resolved.bin	tc269_flow3	CWE690_NULL_Deref_From_Return__getParameter_Servlet_trim_10.java	140	CWE690_NULL_Deref_From_Return__getParameter_Servlet_trim_10.java	152
/home/swlab/Documents/swvul/java-vuln-detection/slicing/output/CPG/cwe690_cpg/cwe690-269-cpg-resolved.bin	tc269_flow4	CWE690_NULL_Deref_From_Return__getParameter_Servlet_trim_10.java	63	CWE690_NULL_Deref_From_Return__getParameter_Servlet_trim_10.java	70
/home/swlab/Documents/swvul/java-vuln-detection/slicing/output/CPG/cwe690_cpg/cwe690-269-cpg-resolved.bin	tc269_flow5	CWE690_NULL_Deref_From_Return__getParameter_Servlet_trim_10.java	82	CWE690_NULL_Deref_From_Return__getParameter_Servlet_trim_10.java	94
/home/swlab/Documents/swvul/java-vuln-detection/slicing/output/CPG/cwe690_cpg/cwe690-270-cpg-resolved.bin	tc270_flow1	CWE690_NULL_Deref_From_Return__getParameter_Servlet_trim_11.java	32	CWE690_NULL_Deref_From_Return__getParameter_Servlet_trim_11.java	44
/home/swlab/Documents/swvul/java-vuln-detection/slicing/output/CPG/cwe690_cpg/cwe690-270-cpg-resolved.bin	tc270_flow2	CWE690_NULL_Deref_From_Return__getParameter_Servlet_trim_11.java	107	CWE690_NULL_Deref_From_Return__getParameter_Servlet_trim_11.java	125
/home/swlab/Documents/swvul/java-vuln-detection/slicing/output/CPG/cwe690_cpg/cwe690-270-cpg-resolved.bin	tc270_flow3	CWE690_NULL_Deref_From_Return__getParameter_Servlet_trim_11.java	141	CWE690_NULL_Deref_From_Return__getParameter_Servlet_trim_11.java	153
/home/swlab/Documents/swvul/java-vuln-detection/slicing/output/CPG/cwe690_cpg/cwe690-270-cpg-resolved.bin	tc270_flow4	CWE690_NULL_Deref_From_Return__getParameter_Servlet_trim_11.java	63	CWE690_NULL_Deref_From_Return__getParameter_Servlet_trim_11.java	70
/home/swlab/Documents/swvul/java-vuln-detection/slicing/output/CPG/cwe690_cpg/cwe690-270-cpg-resolved.bin	tc270_flow5	CWE690_NULL_Deref_From_Return__getParameter_Servlet_trim_11.java	83	CWE690_NULL_Deref_From_Return__getParameter_Servlet_trim_11.java	95
/home/swlab/Documents/swvul/java-vuln-detection/slicing/output/CPG/cwe690_cpg/cwe690-271-cpg-resolved.bin	tc271_flow2	CWE690_NULL_Deref_From_Return__getParameter_Servlet_trim_12.java	104	CWE690_NULL_Deref_From_Return__getParameter_Servlet_trim_12.java	127
/home/swlab/Documents/swvul/java-vuln-detection/slicing/output/CPG/cwe690_cpg/cwe690-271-cpg-resolved.bin	tc271_flow3	CWE690_NULL_Deref_From_Return__getParameter_Servlet_trim_12.java	69	CWE690_NULL_Deref_From_Return__getParameter_Servlet_trim_12.java	89
/home/swlab/Documents/swvul/java-vuln-detection/slicing/output/CPG/cwe690_cpg/cwe690-272-cpg-resolved.bin	tc272_flow1	CWE690_NULL_Deref_From_Return__getParameter_Servlet_trim_13.java	32	CWE690_NULL_Deref_From_Return__getParameter_Servlet_trim_13.java	44
/home/swlab/Documents/swvul/java-vuln-detection/slicing/output/CPG/cwe690_cpg/cwe690-272-cpg-resolved.bin	tc272_flow2	CWE690_NULL_Deref_From_Return__getParameter_Servlet_trim_13.java	106	CWE690_NULL_Deref_From_Return__getParameter_Servlet_trim_13.java	124
/home/swlab/Documents/swvul/java-vuln-detection/slicing/output/CPG/cwe690_cpg/cwe690-272-cpg-resolved.bin	tc272_flow3	CWE690_NULL_Deref_From_Return__getParameter_Servlet_trim_13.java	140	CWE690_NULL_Deref_From_Return__getParameter_Servlet_trim_13.java	152
/home/swlab/Documents/swvul/java-vuln-detection/slicing/output/CPG/cwe690_cpg/cwe690-272-cpg-resolved.bin	tc272_flow4	CWE690_NULL_Deref_From_Return__getParameter_Servlet_trim_13.java	63	CWE690_NULL_Deref_From_Return__getParameter_Servlet_trim_13.java	70
/home/swlab/Documents/swvul/java-vuln-detection/slicing/output/CPG/cwe690_cpg/cwe690-272-cpg-resolved.bin	tc272_flow5	CWE690_NULL_Deref_From_Return__getParameter_Servlet_trim_13.java	82	CWE690_NULL_Deref_From_Return__getParameter_Servlet_trim_13.java	94
/home/swlab/Documents/swvul/java-vuln-detection/slicing/output/CPG/cwe690_cpg/cwe690-273-cpg-resolved.bin	tc273_flow1	CWE690_NULL_Deref_From_Return__getParameter_Servlet_trim_14.java	32	CWE690_NULL_Deref_From_Return__getParameter_Servlet_trim_14.java	44
/home/swlab/Documents/swvul/java-vuln-detection/slicing/output/CPG/cwe690_cpg/cwe690-273-cpg-resolved.bin	tc273_flow2	CWE690_NULL_Deref_From_Return__getParameter_Servlet_trim_14.java	106	CWE690_NULL_Deref_From_Return__getParameter_Servlet_trim_14.java	124
/home/swlab/Documents/swvul/java-vuln-detection/slicing/output/CPG/cwe690_cpg/cwe690-273-cpg-resolved.bin	tc273_flow3	CWE690_NULL_Deref_From_Return__getParameter_Servlet_trim_14.java	140	CWE690_NULL_Deref_From_Return__getParameter_Servlet_trim_14.java	152
/home/swlab/Documents/swvul/java-vuln-detection/slicing/output/CPG/cwe690_cpg/cwe690-273-cpg-resolved.bin	tc273_flow4	CWE690_NULL_Deref_From_Return__getParameter_Servlet_trim_14.java	63	CWE690_NULL_Deref_From_Return__getParameter_Servlet_trim_14.java	70
/home/swlab/Documents/swvul/java-vuln-detection/slicing/output/CPG/cwe690_cpg/cwe690-273-cpg-resolved.bin	tc273_flow5	CWE690_NULL_Deref_From_Return__getParameter_Servlet_trim_14.java	82	CWE690_NULL_Deref_From_Return__getParameter_Servlet_trim_14.java	94
/home/swlab/Documents/swvul/java-vuln-detection/slicing/output/CPG/cwe690_cpg/cwe690-274-cpg-resolved.bin	tc274_flow1	CWE690_NULL_Deref_From_Return__getParameter_Servlet_trim_15.java	34	CWE690_NULL_Deref_From_Return__getParameter_Servlet_trim_15.java	47
/home/swlab/Documents/swvul/java-vuln-detection/slicing/output/CPG/cwe690_cpg/cwe690-274-cpg-resolved.bin	tc274_flow2	CWE690_NULL_Deref_From_Return__getParameter_Servlet_trim_15.java	130	CWE690_NULL_Deref_From_Return__getParameter_Servlet_trim_15.java	147
/home/swlab/Documents/swvul/java-vuln-detection/slicing/output/CPG/cwe690_cpg/cwe690-274-cpg-resolved.bin	tc274_flow3	CWE690_NULL_Deref_From_Return__getParameter_Servlet_trim_15.java	165	CWE690_NULL_Deref_From_Return__getParameter_Servlet_trim_15.java	178
/home/swlab/Documents/swvul/java-vuln-detection/slicing/output/CPG/cwe690_cpg/cwe690-274-cpg-resolved.bin	tc274_flow4	CWE690_NULL_Deref_From_Return__getParameter_Servlet_trim_15.java	71	CWE690_NULL_Deref_From_Return__getParameter_Servlet_trim_15.java	79
/home/swlab/Documents/swvul/java-vuln-detection/slicing/output/CPG/cwe690_cpg/cwe690-274-cpg-resolved.bin	tc274_flow5	CWE690_NULL_Deref_From_Return__getParameter_Servlet_trim_15.java	98	CWE690_NULL_Deref_From_Return__getParameter_Servlet_trim_15.java	111
/home/swlab/Documents/swvul/java-vuln-detection/slicing/output/CPG/cwe690_cpg/cwe690-275-cpg-resolved.bin	tc275_flow1	CWE690_NULL_Deref_From_Return__getParameter_Servlet_trim_16.java	33	CWE690_NULL_Deref_From_Return__getParameter_Servlet_trim_16.java	40
/home/swlab/Documents/swvul/java-vuln-detection/slicing/output/CPG/cwe690_cpg/cwe690-275-cpg-resolved.bin	tc275_flow2	CWE690_NULL_Deref_From_Return__getParameter_Servlet_trim_16.java	76	CWE690_NULL_Deref_From_Return__getParameter_Servlet_trim_16.java	83
/home/swlab/Documents/swvul/java-vuln-detection/slicing/output/CPG/cwe690_cpg/cwe690-275-cpg-resolved.bin	tc275_flow3	CWE690_NULL_Deref_From_Return__getParameter_Servlet_trim_16.java	54	CWE690_NULL_Deref_From_Return__getParameter_Servlet_trim_16.java	61
/home/swlab/Documents/swvul/java-vuln-detection/slicing/output/CPG/cwe690_cpg/cwe690-276-cpg-resolved.bin	tc276_flow1	CWE690_NULL_Deref_From_Return__getParameter_Servlet_trim_17.java	36	CWE690_NULL_Deref_From_Return__getParameter_Servlet_trim_17.java	41
/home/swlab/Documents/swvul/java-vuln-detection/slicing/output/CPG/cwe690_cpg/cwe690-276-cpg-resolved.bin	tc276_flow2	CWE690_NULL_Deref_From_Return__getParameter_Servlet_trim_17.java	68	CWE690_NULL_Deref_From_Return__getParameter_Servlet_trim_17.java	73
/home/swlab/Documents/swvul/java-vuln-detection/slicing/output/CPG/cwe690_cpg/cwe690-276-cpg-resolved.bin	tc276_flow3	CWE690_NULL_Deref_From_Return__getParameter_Servlet_trim_17.java	52	CWE690_NULL_Deref_From_Return__getParameter_Servlet_trim_17.java	57
/home/swlab/Documents/swvul/java-vuln-detection/slicing/output/CPG/cwe690_cpg/cwe690-277-cpg-resolved.bin	tc277_flow1	CWE690_NULL_Deref_From_Return__getParameter_Servlet_trim_21.java	34	CWE690_NULL_Deref_From_Return__getParameter_Servlet_trim_21.java	45
/home/swlab/Documents/swvul/java-vuln-detection/slicing/output/CPG/cwe690_cpg/cwe690-277-cpg-resolved.bin	tc277_flow2	CWE690_NULL_Deref_From_Return__getParameter_Servlet_trim_21.java	68	CWE690_NULL_Deref_From_Return__getParameter_Servlet_trim_21.java	85
/home/swlab/Documents/swvul/java-vuln-detection/slicing/output/CPG/cwe690_cpg/cwe690-277-cpg-resolved.bin	tc277_flow3	CWE690_NULL_Deref_From_Return__getParameter_Servlet_trim_21.java	100	CWE690_NULL_Deref_From_Return__getParameter_Servlet_trim_21.java	111
/home/swlab/Documents/swvul/java-vuln-detection/slicing/output/CPG/cwe690_cpg/cwe690-277-cpg-resolved.bin	tc277_flow4	CWE690_NULL_Deref_From_Return__getParameter_Servlet_trim_21.java	125	CWE690_NULL_Deref_From_Return__getParameter_Servlet_trim_21.java	136
/home/swlab/Documents/swvul/java-vuln-detection/slicing/output/CPG/cwe690_cpg/cwe690-278-cpg-resolved.bin	tc278_flow1	CWE690_NULL_Deref_From_Return__getParameter_Servlet_trim_22a.java	35	CWE690_NULL_Deref_From_Return__getParameter_Servlet_trim_22b.java	31
/home/swlab/Documents/swvul/java-vuln-detection/slicing/output/CPG/cwe690_cpg/cwe690-278-cpg-resolved.bin	tc278_flow2	CWE690_NULL_Deref_From_Return__getParameter_Servlet_trim_22a.java	60	CWE690_NULL_Deref_From_Return__getParameter_Servlet_trim_22b.java	55
/home/swlab/Documents/swvul/java-vuln-detection/slicing/output/CPG/cwe690_cpg/cwe690-278-cpg-resolved.bin	tc278_flow3	CWE690_NULL_Deref_From_Return__getParameter_Servlet_trim_22a.java	72	CWE690_NULL_Deref_From_Return__getParameter_Servlet_trim_22b.java	70
/home/swlab/Documents/swvul/java-vuln-detection/slicing/output/CPG/cwe690_cpg/cwe690-278-cpg-resolved.bin	tc278_flow4	CWE690_NULL_Deref_From_Return__getParameter_Servlet_trim_22a.java	84	CWE690_NULL_Deref_From_Return__getParameter_Servlet_trim_22b.java	90
/home/swlab/Documents/swvul/java-vuln-detection/slicing/output/CPG/cwe690_cpg/cwe690-279-cpg-resolved.bin	tc279_flow1	CWE690_NULL_Deref_From_Return__getParameter_Servlet_trim_31.java	33	CWE690_NULL_Deref_From_Return__getParameter_Servlet_trim_31.java	41
/home/swlab/Documents/swvul/java-vuln-detection/slicing/output/CPG/cwe690_cpg/cwe690-279-cpg-resolved.bin	tc279_flow2	CWE690_NULL_Deref_From_Return__getParameter_Servlet_trim_31.java	85	CWE690_NULL_Deref_From_Return__getParameter_Servlet_trim_31.java	93
/home/swlab/Documents/swvul/java-vuln-detection/slicing/output/CPG/cwe690_cpg/cwe690-279-cpg-resolved.bin	tc279_flow3	CWE690_NULL_Deref_From_Return__getParameter_Servlet_trim_31.java	62	CWE690_NULL_Deref_From_Return__getParameter_Servlet_trim_31.java	70
/home/swlab/Documents/swvul/java-vuln-detection/slicing/output/CPG/cwe690_cpg/cwe690-280-cpg-resolved.bin	tc280_flow1	CWE690_NULL_Deref_From_Return__getParameter_Servlet_trim_41.java	41	CWE690_NULL_Deref_From_Return__getParameter_Servlet_trim_41.java	30
/home/swlab/Documents/swvul/java-vuln-detection/slicing/output/CPG/cwe690_cpg/cwe690-280-cpg-resolved.bin	tc280_flow2	CWE690_NULL_Deref_From_Return__getParameter_Servlet_trim_41.java	91	CWE690_NULL_Deref_From_Return__getParameter_Servlet_trim_41.java	77
/home/swlab/Documents/swvul/java-vuln-detection/slicing/output/CPG/cwe690_cpg/cwe690-280-cpg-resolved.bin	tc280_flow3	CWE690_NULL_Deref_From_Return__getParameter_Servlet_trim_41.java	68	CWE690_NULL_Deref_From_Return__getParameter_Servlet_trim_41.java	56
/home/swlab/Documents/swvul/java-vuln-detection/slicing/output/CPG/cwe690_cpg/cwe690-281-cpg-resolved.bin	tc281_flow1	CWE690_NULL_Deref_From_Return__getParameter_Servlet_trim_42.java	31	CWE690_NULL_Deref_From_Return__getParameter_Servlet_trim_42.java	41
/home/swlab/Documents/swvul/java-vuln-detection/slicing/output/CPG/cwe690_cpg/cwe690-281-cpg-resolved.bin	tc281_flow2	CWE690_NULL_Deref_From_Return__getParameter_Servlet_trim_42.java	75	CWE690_NULL_Deref_From_Return__getParameter_Servlet_trim_42.java	85
/home/swlab/Documents/swvul/java-vuln-detection/slicing/output/CPG/cwe690_cpg/cwe690-281-cpg-resolved.bin	tc281_flow3	CWE690_NULL_Deref_From_Return__getParameter_Servlet_trim_42.java	53	CWE690_NULL_Deref_From_Return__getParameter_Servlet_trim_42.java	63
/home/swlab/Documents/swvul/java-vuln-detection/slicing/output/CPG/cwe690_cpg/cwe690-282-cpg-resolved.bin	tc282_flow1	CWE690_NULL_Deref_From_Return__getParameter_Servlet_trim_45.java	46	CWE690_NULL_Deref_From_Return__getParameter_Servlet_trim_45.java	35
/home/swlab/Documents/swvul/java-vuln-detection/slicing/output/CPG/cwe690_cpg/cwe690-282-cpg-resolved.bin	tc282_flow2	CWE690_NULL_Deref_From_Return__getParameter_Servlet_trim_45.java	100	CWE690_NULL_Deref_From_Return__getParameter_Servlet_trim_45.java	86
/home/swlab/Documents/swvul/java-vuln-detection/slicing/output/CPG/cwe690_cpg/cwe690-282-cpg-resolved.bin	tc282_flow3	CWE690_NULL_Deref_From_Return__getParameter_Servlet_trim_45.java	75	CWE690_NULL_Deref_From_Return__getParameter_Servlet_trim_45.java	63
/home/swlab/Documents/swvul/java-vuln-detection/slicing/output/CPG/cwe690_cpg/cwe690-283-cpg-resolved.bin	tc283_flow1	CWE690_NULL_Deref_From_Return__getParameter_Servlet_trim_51a.java	31	CWE690_NULL_Deref_From_Return__getParameter_Servlet_trim_51b.java	30
/home/swlab/Documents/swvul/java-vuln-detection/slicing/output/CPG/cwe690_cpg/cwe690-283-cpg-resolved.bin	tc283_flow2	CWE690_NULL_Deref_From_Return__getParameter_Servlet_trim_51a.java	59	CWE690_NULL_Deref_From_Return__getParameter_Servlet_trim_51b.java	52
/home/swlab/Documents/swvul/java-vuln-detection/slicing/output/CPG/cwe690_cpg/cwe690-283-cpg-resolved.bin	tc283_flow3	CWE690_NULL_Deref_From_Return__getParameter_Servlet_trim_51a.java	48	CWE690_NULL_Deref_From_Return__getParameter_Servlet_trim_51b.java	41
/home/swlab/Documents/swvul/java-vuln-detection/slicing/output/CPG/cwe690_cpg/cwe690-284-cpg-resolved.bin	tc284_flow1	CWE690_NULL_Deref_From_Return__getParameter_Servlet_trim_52a.java	31	CWE690_NULL_Deref_From_Return__getParameter_Servlet_trim_52c.java	30
/home/swlab/Documents/swvul/java-vuln-detection/slicing/output/CPG/cwe690_cpg/cwe690-284-cpg-resolved.bin	tc284_flow2	CWE690_NULL_Deref_From_Return__getParameter_Servlet_trim_52a.java	59	CWE690_NULL_Deref_From_Return__getParameter_Servlet_trim_52c.java	52
/home/swlab/Documents/swvul/java-vuln-detection/slicing/output/CPG/cwe690_cpg/cwe690-284-cpg-resolved.bin	tc284_flow3	CWE690_NULL_Deref_From_Return__getParameter_Servlet_trim_52a.java	48	CWE690_NULL_Deref_From_Return__getParameter_Servlet_trim_52c.java	41
/home/swlab/Documents/swvul/java-vuln-detection/slicing/output/CPG/cwe690_cpg/cwe690-285-cpg-resolved.bin	tc285_flow1	CWE690_NULL_Deref_From_Return__getParameter_Servlet_trim_53a.java	31	CWE690_NULL_Deref_From_Return__getParameter_Servlet_trim_53d.java	30
/home/swlab/Documents/swvul/java-vuln-detection/slicing/output/CPG/cwe690_cpg/cwe690-285-cpg-resolved.bin	tc285_flow2	CWE690_NULL_Deref_From_Return__getParameter_Servlet_trim_53a.java	59	CWE690_NULL_Deref_From_Return__getParameter_Servlet_trim_53d.java	52
/home/swlab/Documents/swvul/java-vuln-detection/slicing/output/CPG/cwe690_cpg/cwe690-285-cpg-resolved.bin	tc285_flow3	CWE690_NULL_Deref_From_Return__getParameter_Servlet_trim_53a.java	48	CWE690_NULL_Deref_From_Return__getParameter_Servlet_trim_53d.java	41
/home/swlab/Documents/swvul/java-vuln-detection/slicing/output/CPG/cwe690_cpg/cwe690-286-cpg-resolved.bin	tc286_flow1	CWE690_NULL_Deref_From_Return__getParameter_Servlet_trim_54a.java	31	CWE690_NULL_Deref_From_Return__getParameter_Servlet_trim_54e.java	30
/home/swlab/Documents/swvul/java-vuln-detection/slicing/output/CPG/cwe690_cpg/cwe690-286-cpg-resolved.bin	tc286_flow2	CWE690_NULL_Deref_From_Return__getParameter_Servlet_trim_54a.java	59	CWE690_NULL_Deref_From_Return__getParameter_Servlet_trim_54e.java	52
/home/swlab/Documents/swvul/java-vuln-detection/slicing/output/CPG/cwe690_cpg/cwe690-286-cpg-resolved.bin	tc286_flow3	CWE690_NULL_Deref_From_Return__getParameter_Servlet_trim_54a.java	48	CWE690_NULL_Deref_From_Return__getParameter_Servlet_trim_54e.java	41
/home/swlab/Documents/swvul/java-vuln-detection/slicing/output/CPG/cwe690_cpg/cwe690-287-cpg-resolved.bin	tc287_flow1	CWE690_NULL_Deref_From_Return__getParameter_Servlet_trim_61b.java	31	CWE690_NULL_Deref_From_Return__getParameter_Servlet_trim_61a.java	31
/home/swlab/Documents/swvul/java-vuln-detection/slicing/output/CPG/cwe690_cpg/cwe690-287-cpg-resolved.bin	tc287_flow2	CWE690_NULL_Deref_From_Return__getParameter_Servlet_trim_61b.java	53	CWE690_NULL_Deref_From_Return__getParameter_Servlet_trim_61a.java	61
/home/swlab/Documents/swvul/java-vuln-detection/slicing/output/CPG/cwe690_cpg/cwe690-287-cpg-resolved.bin	tc287_flow3	CWE690_NULL_Deref_From_Return__getParameter_Servlet_trim_61b.java	42	CWE690_NULL_Deref_From_Return__getParameter_Servlet_trim_61a.java	49
/home/swlab/Documents/swvul/java-vuln-detection/slicing/output/CPG/cwe690_cpg/cwe690-288-cpg-resolved.bin	tc288_flow1	CWE690_NULL_Deref_From_Return__getParameter_Servlet_trim_66a.java	31	CWE690_NULL_Deref_From_Return__getParameter_Servlet_trim_66b.java	31
/home/swlab/Documents/swvul/java-vuln-detection/slicing/output/CPG/cwe690_cpg/cwe690-288-cpg-resolved.bin	tc288_flow2	CWE690_NULL_Deref_From_Return__getParameter_Servlet_trim_66a.java	63	CWE690_NULL_Deref_From_Return__getParameter_Servlet_trim_66b.java	55
/home/swlab/Documents/swvul/java-vuln-detection/slicing/output/CPG/cwe690_cpg/cwe690-288-cpg-resolved.bin	tc288_flow3	CWE690_NULL_Deref_From_Return__getParameter_Servlet_trim_66a.java	50	CWE690_NULL_Deref_From_Return__getParameter_Servlet_trim_66b.java	43
/home/swlab/Documents/swvul/java-vuln-detection/slicing/output/CPG/cwe690_cpg/cwe690-289-cpg-resolved.bin	tc289_flow1	CWE690_NULL_Deref_From_Return__getParameter_Servlet_trim_67a.java	36	CWE690_NULL_Deref_From_Return__getParameter_Servlet_trim_67b.java	31
/home/swlab/Documents/swvul/java-vuln-detection/slicing/output/CPG/cwe690_cpg/cwe690-289-cpg-resolved.bin	tc289_flow2	CWE690_NULL_Deref_From_Return__getParameter_Servlet_trim_67a.java	68	CWE690_NULL_Deref_From_Return__getParameter_Servlet_trim_67b.java	55
/home/swlab/Documents/swvul/java-vuln-detection/slicing/output/CPG/cwe690_cpg/cwe690-289-cpg-resolved.bin	tc289_flow3	CWE690_NULL_Deref_From_Return__getParameter_Servlet_trim_67a.java	55	CWE690_NULL_Deref_From_Return__getParameter_Servlet_trim_67b.java	43
/home/swlab/Documents/swvul/java-vuln-detection/slicing/output/CPG/cwe690_cpg/cwe690-290-cpg-resolved.bin	tc290_flow1	CWE690_NULL_Deref_From_Return__getParameter_Servlet_trim_68a.java	32	CWE690_NULL_Deref_From_Return__getParameter_Servlet_trim_68b.java	31
/home/swlab/Documents/swvul/java-vuln-detection/slicing/output/CPG/cwe690_cpg/cwe690-290-cpg-resolved.bin	tc290_flow2	CWE690_NULL_Deref_From_Return__getParameter_Servlet_trim_68a.java	58	CWE690_NULL_Deref_From_Return__getParameter_Servlet_trim_68b.java	55
/home/swlab/Documents/swvul/java-vuln-detection/slicing/output/CPG/cwe690_cpg/cwe690-290-cpg-resolved.bin	tc290_flow3	CWE690_NULL_Deref_From_Return__getParameter_Servlet_trim_68a.java	48	CWE690_NULL_Deref_From_Return__getParameter_Servlet_trim_68b.java	43
/home/swlab/Documents/swvul/java-vuln-detection/slicing/output/CPG/cwe690_cpg/cwe690-291-cpg-resolved.bin	tc291_flow1	CWE690_NULL_Deref_From_Return__getParameter_Servlet_trim_71a.java	31	CWE690_NULL_Deref_From_Return__getParameter_Servlet_trim_71b.java	31
/home/swlab/Documents/swvul/java-vuln-detection/slicing/output/CPG/cwe690_cpg/cwe690-291-cpg-resolved.bin	tc291_flow2	CWE690_NULL_Deref_From_Return__getParameter_Servlet_trim_71a.java	59	CWE690_NULL_Deref_From_Return__getParameter_Servlet_trim_71b.java	55
/home/swlab/Documents/swvul/java-vuln-detection/slicing/output/CPG/cwe690_cpg/cwe690-291-cpg-resolved.bin	tc291_flow3	CWE690_NULL_Deref_From_Return__getParameter_Servlet_trim_71a.java	48	CWE690_NULL_Deref_From_Return__getParameter_Servlet_trim_71b.java	43
/home/swlab/Documents/swvul/java-vuln-detection/slicing/output/CPG/cwe690_cpg/cwe690-292-cpg-resolved.bin	tc292_flow1	CWE690_NULL_Deref_From_Return__getParameter_Servlet_trim_72a.java	32	CWE690_NULL_Deref_From_Return__getParameter_Servlet_trim_72b.java	32
/home/swlab/Documents/swvul/java-vuln-detection/slicing/output/CPG/cwe690_cpg/cwe690-292-cpg-resolved.bin	tc292_flow2	CWE690_NULL_Deref_From_Return__getParameter_Servlet_trim_72a.java	68	CWE690_NULL_Deref_From_Return__getParameter_Servlet_trim_72b.java	56
/home/swlab/Documents/swvul/java-vuln-detection/slicing/output/CPG/cwe690_cpg/cwe690-292-cpg-resolved.bin	tc292_flow3	CWE690_NULL_Deref_From_Return__getParameter_Servlet_trim_72a.java	53	CWE690_NULL_Deref_From_Return__getParameter_Servlet_trim_72b.java	44
/home/swlab/Documents/swvul/java-vuln-detection/slicing/output/CPG/cwe690_cpg/cwe690-293-cpg-resolved.bin	tc293_flow1	CWE690_NULL_Deref_From_Return__getParameter_Servlet_trim_73a.java	32	CWE690_NULL_Deref_From_Return__getParameter_Servlet_trim_73b.java	32
/home/swlab/Documents/swvul/java-vuln-detection/slicing/output/CPG/cwe690_cpg/cwe690-293-cpg-resolved.bin	tc293_flow2	CWE690_NULL_Deref_From_Return__getParameter_Servlet_trim_73a.java	68	CWE690_NULL_Deref_From_Return__getParameter_Servlet_trim_73b.java	56
/home/swlab/Documents/swvul/java-vuln-detection/slicing/output/CPG/cwe690_cpg/cwe690-293-cpg-resolved.bin	tc293_flow3	CWE690_NULL_Deref_From_Return__getParameter_Servlet_trim_73a.java	53	CWE690_NULL_Deref_From_Return__getParameter_Servlet_trim_73b.java	44
/home/swlab/Documents/swvul/java-vuln-detection/slicing/output/CPG/cwe690_cpg/cwe690-294-cpg-resolved.bin	tc294_flow1	CWE690_NULL_Deref_From_Return__getParameter_Servlet_trim_74a.java	32	CWE690_NULL_Deref_From_Return__getParameter_Servlet_trim_74b.java	32
/home/swlab/Documents/swvul/java-vuln-detection/slicing/output/CPG/cwe690_cpg/cwe690-294-cpg-resolved.bin	tc294_flow2	CWE690_NULL_Deref_From_Return__getParameter_Servlet_trim_74a.java	68	CWE690_NULL_Deref_From_Return__getParameter_Servlet_trim_74b.java	56
/home/swlab/Documents/swvul/java-vuln-detection/slicing/output/CPG/cwe690_cpg/cwe690-294-cpg-resolved.bin	tc294_flow3	CWE690_NULL_Deref_From_Return__getParameter_Servlet_trim_74a.java	53	CWE690_NULL_Deref_From_Return__getParameter_Servlet_trim_74b.java	44
/home/swlab/Documents/swvul/java-vuln-detection/slicing/output/CPG/cwe690_cpg/cwe690-295-cpg-resolved.bin	tc295_flow1	CWE690_NULL_Deref_From_Return__getParameter_Servlet_trim_75a.java	36	CWE690_NULL_Deref_From_Return__getParameter_Servlet_trim_75b.java	43
/home/swlab/Documents/swvul/java-vuln-detection/slicing/output/CPG/cwe690_cpg/cwe690-295-cpg-resolved.bin	tc295_flow2	CWE690_NULL_Deref_From_Return__getParameter_Servlet_trim_75a.java	148	CWE690_NULL_Deref_From_Return__getParameter_Servlet_trim_75b.java	154
/home/swlab/Documents/swvul/java-vuln-detection/slicing/output/CPG/cwe690_cpg/cwe690-295-cpg-resolved.bin	tc295_flow3	CWE690_NULL_Deref_From_Return__getParameter_Servlet_trim_75a.java	95	CWE690_NULL_Deref_From_Return__getParameter_Servlet_trim_75b.java	98
/home/swlab/Documents/swvul/java-vuln-detection/slicing/output/CPG/cwe690_cpg/cwe690-296-cpg-resolved.bin	tc296_flow1	CWE690_NULL_Deref_From_Return__getParameter_Servlet_trim_81a.java	31	CWE690_NULL_Deref_From_Return__getParameter_Servlet_trim_81_bad.java	30
/home/swlab/Documents/swvul/java-vuln-detection/slicing/output/CPG/cwe690_cpg/cwe690-296-cpg-resolved.bin	tc296_flow2	CWE690_NULL_Deref_From_Return__getParameter_Servlet_trim_81a.java	61	CWE690_NULL_Deref_From_Return__getParameter_Servlet_trim_81_goodB2G.java	30
/home/swlab/Documents/swvul/java-vuln-detection/slicing/output/CPG/cwe690_cpg/cwe690-296-cpg-resolved.bin	tc296_flow3	CWE690_NULL_Deref_From_Return__getParameter_Servlet_trim_81a.java	49	CWE690_NULL_Deref_From_Return__getParameter_Servlet_trim_81_goodG2B.java	30
