/home/swlab/Documents/swvul/java-vuln-detection/slicing/output/CPG/cwe789_cpg/cwe789-1-cpg-resolved.bin	tc1_flow1	CWE789_Uncontrolled_Mem_Alloc__Environment_ArrayList_01.java	36	CWE789_Uncontrolled_Mem_Alloc__Environment_ArrayList_01.java	52
/home/swlab/Documents/swvul/java-vuln-detection/slicing/output/CPG/cwe789_cpg/cwe789-1-cpg-resolved.bin	tc1_flow2	CWE789_Uncontrolled_Mem_Alloc__Environment_ArrayList_01.java	67	CWE789_Uncontrolled_Mem_Alloc__Environment_ArrayList_01.java	70
/home/swlab/Documents/swvul/java-vuln-detection/slicing/output/CPG/cwe789_cpg/cwe789-2-cpg-resolved.bin	tc2_flow1	CWE789_Uncontrolled_Mem_Alloc__Environment_ArrayList_02.java	36	CWE789_Uncontrolled_Mem_Alloc__Environment_ArrayList_02.java	59
/home/swlab/Documents/swvul/java-vuln-detection/slicing/output/CPG/cwe789_cpg/cwe789-2-cpg-resolved.bin	tc2_flow2	CWE789_Uncontrolled_Mem_Alloc__Environment_ArrayList_02.java	77	CWE789_Uncontrolled_Mem_Alloc__Environment_ArrayList_02.java	82
/home/swlab/Documents/swvul/java-vuln-detection/slicing/output/CPG/cwe789_cpg/cwe789-2-cpg-resolved.bin	tc2_flow3	CWE789_Uncontrolled_Mem_Alloc__Environment_ArrayList_02.java	93	CWE789_Uncontrolled_Mem_Alloc__Environment_ArrayList_02.java	103
/home/swlab/Documents/swvul/java-vuln-detection/slicing/output/CPG/cwe789_cpg/cwe789-3-cpg-resolved.bin	tc3_flow1	CWE789_Uncontrolled_Mem_Alloc__Environment_ArrayList_03.java	36	CWE789_Uncontrolled_Mem_Alloc__Environment_ArrayList_03.java	59
/home/swlab/Documents/swvul/java-vuln-detection/slicing/output/CPG/cwe789_cpg/cwe789-3-cpg-resolved.bin	tc3_flow2	CWE789_Uncontrolled_Mem_Alloc__Environment_ArrayList_03.java	77	CWE789_Uncontrolled_Mem_Alloc__Environment_ArrayList_03.java	82
/home/swlab/Documents/swvul/java-vuln-detection/slicing/output/CPG/cwe789_cpg/cwe789-3-cpg-resolved.bin	tc3_flow3	CWE789_Uncontrolled_Mem_Alloc__Environment_ArrayList_03.java	93	CWE789_Uncontrolled_Mem_Alloc__Environment_ArrayList_03.java	103
/home/swlab/Documents/swvul/java-vuln-detection/slicing/output/CPG/cwe789_cpg/cwe789-4-cpg-resolved.bin	tc4_flow1	CWE789_Uncontrolled_Mem_Alloc__Environment_ArrayList_04.java	43	CWE789_Uncontrolled_Mem_Alloc__Environment_ArrayList_04.java	66
/home/swlab/Documents/swvul/java-vuln-detection/slicing/output/CPG/cwe789_cpg/cwe789-4-cpg-resolved.bin	tc4_flow2	CWE789_Uncontrolled_Mem_Alloc__Environment_ArrayList_04.java	84	CWE789_Uncontrolled_Mem_Alloc__Environment_ArrayList_04.java	89
/home/swlab/Documents/swvul/java-vuln-detection/slicing/output/CPG/cwe789_cpg/cwe789-4-cpg-resolved.bin	tc4_flow3	CWE789_Uncontrolled_Mem_Alloc__Environment_ArrayList_04.java	100	CWE789_Uncontrolled_Mem_Alloc__Environment_ArrayList_04.java	110
/home/swlab/Documents/swvul/java-vuln-detection/slicing/output/CPG/cwe789_cpg/cwe789-5-cpg-resolved.bin	tc5_flow1	CWE789_Uncontrolled_Mem_Alloc__Environment_ArrayList_05.java	43	CWE789_Uncontrolled_Mem_Alloc__Environment_ArrayList_05.java	66
/home/swlab/Documents/swvul/java-vuln-detection/slicing/output/CPG/cwe789_cpg/cwe789-5-cpg-resolved.bin	tc5_flow2	CWE789_Uncontrolled_Mem_Alloc__Environment_ArrayList_05.java	84	CWE789_Uncontrolled_Mem_Alloc__Environment_ArrayList_05.java	89
/home/swlab/Documents/swvul/java-vuln-detection/slicing/output/CPG/cwe789_cpg/cwe789-5-cpg-resolved.bin	tc5_flow3	CWE789_Uncontrolled_Mem_Alloc__Environment_ArrayList_05.java	100	CWE789_Uncontrolled_Mem_Alloc__Environment_ArrayList_05.java	110
/home/swlab/Documents/swvul/java-vuln-detection/slicing/output/CPG/cwe789_cpg/cwe789-6-cpg-resolved.bin	tc6_flow1	CWE789_Uncontrolled_Mem_Alloc__Environment_ArrayList_06.java	42	CWE789_Uncontrolled_Mem_Alloc__Environment_ArrayList_06.java	65
/home/swlab/Documents/swvul/java-vuln-detection/slicing/output/CPG/cwe789_cpg/cwe789-6-cpg-resolved.bin	tc6_flow2	CWE789_Uncontrolled_Mem_Alloc__Environment_ArrayList_06.java	83	CWE789_Uncontrolled_Mem_Alloc__Environment_ArrayList_06.java	88
/home/swlab/Documents/swvul/java-vuln-detection/slicing/output/CPG/cwe789_cpg/cwe789-6-cpg-resolved.bin	tc6_flow3	CWE789_Uncontrolled_Mem_Alloc__Environment_ArrayList_06.java	99	CWE789_Uncontrolled_Mem_Alloc__Environment_ArrayList_06.java	109
/home/swlab/Documents/swvul/java-vuln-detection/slicing/output/CPG/cwe789_cpg/cwe789-7-cpg-resolved.bin	tc7_flow1	CWE789_Uncontrolled_Mem_Alloc__Environment_ArrayList_07.java	42	CWE789_Uncontrolled_Mem_Alloc__Environment_ArrayList_07.java	65
/home/swlab/Documents/swvul/java-vuln-detection/slicing/output/CPG/cwe789_cpg/cwe789-7-cpg-resolved.bin	tc7_flow2	CWE789_Uncontrolled_Mem_Alloc__Environment_ArrayList_07.java	83	CWE789_Uncontrolled_Mem_Alloc__Environment_ArrayList_07.java	88
/home/swlab/Documents/swvul/java-vuln-detection/slicing/output/CPG/cwe789_cpg/cwe789-7-cpg-resolved.bin	tc7_flow3	CWE789_Uncontrolled_Mem_Alloc__Environment_ArrayList_07.java	99	CWE789_Uncontrolled_Mem_Alloc__Environment_ArrayList_07.java	109
/home/swlab/Documents/swvul/java-vuln-detection/slicing/output/CPG/cwe789_cpg/cwe789-8-cpg-resolved.bin	tc8_flow1	CWE789_Uncontrolled_Mem_Alloc__Environment_ArrayList_08.java	50	CWE789_Uncontrolled_Mem_Alloc__Environment_ArrayList_08.java	73
/home/swlab/Documents/swvul/java-vuln-detection/slicing/output/CPG/cwe789_cpg/cwe789-8-cpg-resolved.bin	tc8_flow2	CWE789_Uncontrolled_Mem_Alloc__Environment_ArrayList_08.java	91	CWE789_Uncontrolled_Mem_Alloc__Environment_ArrayList_08.java	96
/home/swlab/Documents/swvul/java-vuln-detection/slicing/output/CPG/cwe789_cpg/cwe789-8-cpg-resolved.bin	tc8_flow3	CWE789_Uncontrolled_Mem_Alloc__Environment_ArrayList_08.java	107	CWE789_Uncontrolled_Mem_Alloc__Environment_ArrayList_08.java	117
/home/swlab/Documents/swvul/java-vuln-detection/slicing/output/CPG/cwe789_cpg/cwe789-9-cpg-resolved.bin	tc9_flow1	CWE789_Uncontrolled_Mem_Alloc__Environment_ArrayList_09.java	36	CWE789_Uncontrolled_Mem_Alloc__Environment_ArrayList_09.java	59
/home/swlab/Documents/swvul/java-vuln-detection/slicing/output/CPG/cwe789_cpg/cwe789-9-cpg-resolved.bin	tc9_flow2	CWE789_Uncontrolled_Mem_Alloc__Environment_ArrayList_09.java	77	CWE789_Uncontrolled_Mem_Alloc__Environment_ArrayList_09.java	82
/home/swlab/Documents/swvul/java-vuln-detection/slicing/output/CPG/cwe789_cpg/cwe789-9-cpg-resolved.bin	tc9_flow3	CWE789_Uncontrolled_Mem_Alloc__Environment_ArrayList_09.java	93	CWE789_Uncontrolled_Mem_Alloc__Environment_ArrayList_09.java	103
/home/swlab/Documents/swvul/java-vuln-detection/slicing/output/CPG/cwe789_cpg/cwe789-10-cpg-resolved.bin	tc10_flow1	CWE789_Uncontrolled_Mem_Alloc__Environment_ArrayList_10.java	36	CWE789_Uncontrolled_Mem_Alloc__Environment_ArrayList_10.java	59
/home/swlab/Documents/swvul/java-vuln-detection/slicing/output/CPG/cwe789_cpg/cwe789-10-cpg-resolved.bin	tc10_flow2	CWE789_Uncontrolled_Mem_Alloc__Environment_ArrayList_10.java	77	CWE789_Uncontrolled_Mem_Alloc__Environment_ArrayList_10.java	82
/home/swlab/Documents/swvul/java-vuln-detection/slicing/output/CPG/cwe789_cpg/cwe789-10-cpg-resolved.bin	tc10_flow3	CWE789_Uncontrolled_Mem_Alloc__Environment_ArrayList_10.java	93	CWE789_Uncontrolled_Mem_Alloc__Environment_ArrayList_10.java	103
/home/swlab/Documents/swvul/java-vuln-detection/slicing/output/CPG/cwe789_cpg/cwe789-11-cpg-resolved.bin	tc11_flow1	CWE789_Uncontrolled_Mem_Alloc__Environment_ArrayList_11.java	36	CWE789_Uncontrolled_Mem_Alloc__Environment_ArrayList_11.java	59
/home/swlab/Documents/swvul/java-vuln-detection/slicing/output/CPG/cwe789_cpg/cwe789-11-cpg-resolved.bin	tc11_flow2	CWE789_Uncontrolled_Mem_Alloc__Environment_ArrayList_11.java	77	CWE789_Uncontrolled_Mem_Alloc__Environment_ArrayList_11.java	82
/home/swlab/Documents/swvul/java-vuln-detection/slicing/output/CPG/cwe789_cpg/cwe789-11-cpg-resolved.bin	tc11_flow3	CWE789_Uncontrolled_Mem_Alloc__Environment_ArrayList_11.java	93	CWE789_Uncontrolled_Mem_Alloc__Environment_ArrayList_11.java	103
/home/swlab/Documents/swvul/java-vuln-detection/slicing/output/CPG/cwe789_cpg/cwe789-12-cpg-resolved.bin	tc12_flow1	CWE789_Uncontrolled_Mem_Alloc__Environment_ArrayList_12.java	36	CWE789_Uncontrolled_Mem_Alloc__Environment_ArrayList_12.java	60
/home/swlab/Documents/swvul/java-vuln-detection/slicing/output/CPG/cwe789_cpg/cwe789-12-cpg-resolved.bin	tc12_flow2	CWE789_Uncontrolled_Mem_Alloc__Environment_ArrayList_12.java	72	CWE789_Uncontrolled_Mem_Alloc__Environment_ArrayList_12.java	83
/home/swlab/Documents/swvul/java-vuln-detection/slicing/output/CPG/cwe789_cpg/cwe789-13-cpg-resolved.bin	tc13_flow1	CWE789_Uncontrolled_Mem_Alloc__Environment_ArrayList_13.java	36	CWE789_Uncontrolled_Mem_Alloc__Environment_ArrayList_13.java	59
/home/swlab/Documents/swvul/java-vuln-detection/slicing/output/CPG/cwe789_cpg/cwe789-13-cpg-resolved.bin	tc13_flow2	CWE789_Uncontrolled_Mem_Alloc__Environment_ArrayList_13.java	77	CWE789_Uncontrolled_Mem_Alloc__Environment_ArrayList_13.java	82
/home/swlab/Documents/swvul/java-vuln-detection/slicing/output/CPG/cwe789_cpg/cwe789-13-cpg-resolved.bin	tc13_flow3	CWE789_Uncontrolled_Mem_Alloc__Environment_ArrayList_13.java	93	CWE789_Uncontrolled_Mem_Alloc__Environment_ArrayList_13.java	103
/home/swlab/Documents/swvul/java-vuln-detection/slicing/output/CPG/cwe789_cpg/cwe789-14-cpg-resolved.bin	tc14_flow1	CWE789_Uncontrolled_Mem_Alloc__Environment_ArrayList_14.java	36	CWE789_Uncontrolled_Mem_Alloc__Environment_ArrayList_14.java	59
/home/swlab/Documents/swvul/java-vuln-detection/slicing/output/CPG/cwe789_cpg/cwe789-14-cpg-resolved.bin	tc14_flow2	CWE789_Uncontrolled_Mem_Alloc__Environment_ArrayList_14.java	77	CWE789_Uncontrolled_Mem_Alloc__Environment_ArrayList_14.java	82
/home/swlab/Documents/swvul/java-vuln-detection/slicing/output/CPG/cwe789_cpg/cwe789-14-cpg-resolved.bin	tc14_flow3	CWE789_Uncontrolled_Mem_Alloc__Environment_ArrayList_14.java	93	CWE789_Uncontrolled_Mem_Alloc__Environment_ArrayList_14.java	103
/home/swlab/Documents/swvul/java-vuln-detection/slicing/output/CPG/cwe789_cpg/cwe789-15-cpg-resolved.bin	tc15_flow1	CWE789_Uncontrolled_Mem_Alloc__Environment_ArrayList_15.java	38	CWE789_Uncontrolled_Mem_Alloc__Environment_ArrayList_15.java	61
/home/swlab/Documents/swvul/java-vuln-detection/slicing/output/CPG/cwe789_cpg/cwe789-15-cpg-resolved.bin	tc15_flow2	CWE789_Uncontrolled_Mem_Alloc__Environment_ArrayList_15.java	79	CWE789_Uncontrolled_Mem_Alloc__Environment_ArrayList_15.java	84
/home/swlab/Documents/swvul/java-vuln-detection/slicing/output/CPG/cwe789_cpg/cwe789-15-cpg-resolved.bin	tc15_flow3	CWE789_Uncontrolled_Mem_Alloc__Environment_ArrayList_15.java	97	CWE789_Uncontrolled_Mem_Alloc__Environment_ArrayList_15.java	107
/home/swlab/Documents/swvul/java-vuln-detection/slicing/output/CPG/cwe789_cpg/cwe789-16-cpg-resolved.bin	tc16_flow1	CWE789_Uncontrolled_Mem_Alloc__Environment_ArrayList_16.java	37	CWE789_Uncontrolled_Mem_Alloc__Environment_ArrayList_16.java	55
/home/swlab/Documents/swvul/java-vuln-detection/slicing/output/CPG/cwe789_cpg/cwe789-16-cpg-resolved.bin	tc16_flow2	CWE789_Uncontrolled_Mem_Alloc__Environment_ArrayList_16.java	67	CWE789_Uncontrolled_Mem_Alloc__Environment_ArrayList_16.java	72
/home/swlab/Documents/swvul/java-vuln-detection/slicing/output/CPG/cwe789_cpg/cwe789-17-cpg-resolved.bin	tc17_flow1	CWE789_Uncontrolled_Mem_Alloc__Environment_ArrayList_17.java	36	CWE789_Uncontrolled_Mem_Alloc__Environment_ArrayList_17.java	54
/home/swlab/Documents/swvul/java-vuln-detection/slicing/output/CPG/cwe789_cpg/cwe789-17-cpg-resolved.bin	tc17_flow2	CWE789_Uncontrolled_Mem_Alloc__Environment_ArrayList_17.java	65	CWE789_Uncontrolled_Mem_Alloc__Environment_ArrayList_17.java	70
/home/swlab/Documents/swvul/java-vuln-detection/slicing/output/CPG/cwe789_cpg/cwe789-18-cpg-resolved.bin	tc18_flow1	CWE789_Uncontrolled_Mem_Alloc__Environment_ArrayList_21.java	52	CWE789_Uncontrolled_Mem_Alloc__Environment_ArrayList_21.java	39
/home/swlab/Documents/swvul/java-vuln-detection/slicing/output/CPG/cwe789_cpg/cwe789-18-cpg-resolved.bin	tc18_flow2	CWE789_Uncontrolled_Mem_Alloc__Environment_ArrayList_21.java	114	CWE789_Uncontrolled_Mem_Alloc__Environment_ArrayList_21.java	96
/home/swlab/Documents/swvul/java-vuln-detection/slicing/output/CPG/cwe789_cpg/cwe789-18-cpg-resolved.bin	tc18_flow3	CWE789_Uncontrolled_Mem_Alloc__Environment_ArrayList_21.java	141	CWE789_Uncontrolled_Mem_Alloc__Environment_ArrayList_21.java	130
/home/swlab/Documents/swvul/java-vuln-detection/slicing/output/CPG/cwe789_cpg/cwe789-19-cpg-resolved.bin	tc19_flow1	CWE789_Uncontrolled_Mem_Alloc__Environment_ArrayList_22b.java	35	CWE789_Uncontrolled_Mem_Alloc__Environment_ArrayList_22a.java	38
/home/swlab/Documents/swvul/java-vuln-detection/slicing/output/CPG/cwe789_cpg/cwe789-19-cpg-resolved.bin	tc19_flow2	CWE789_Uncontrolled_Mem_Alloc__Environment_ArrayList_22b.java	74	CWE789_Uncontrolled_Mem_Alloc__Environment_ArrayList_22a.java	62
/home/swlab/Documents/swvul/java-vuln-detection/slicing/output/CPG/cwe789_cpg/cwe789-19-cpg-resolved.bin	tc19_flow3	CWE789_Uncontrolled_Mem_Alloc__Environment_ArrayList_22b.java	89	CWE789_Uncontrolled_Mem_Alloc__Environment_ArrayList_22a.java	75
/home/swlab/Documents/swvul/java-vuln-detection/slicing/output/CPG/cwe789_cpg/cwe789-20-cpg-resolved.bin	tc20_flow1	CWE789_Uncontrolled_Mem_Alloc__Environment_ArrayList_31.java	39	CWE789_Uncontrolled_Mem_Alloc__Environment_ArrayList_31.java	60
/home/swlab/Documents/swvul/java-vuln-detection/slicing/output/CPG/cwe789_cpg/cwe789-20-cpg-resolved.bin	tc20_flow2	CWE789_Uncontrolled_Mem_Alloc__Environment_ArrayList_31.java	78	CWE789_Uncontrolled_Mem_Alloc__Environment_ArrayList_31.java	86
/home/swlab/Documents/swvul/java-vuln-detection/slicing/output/CPG/cwe789_cpg/cwe789-21-cpg-resolved.bin	tc21_flow1	CWE789_Uncontrolled_Mem_Alloc__Environment_ArrayList_41.java	43	CWE789_Uncontrolled_Mem_Alloc__Environment_ArrayList_41.java	31
/home/swlab/Documents/swvul/java-vuln-detection/slicing/output/CPG/cwe789_cpg/cwe789-21-cpg-resolved.bin	tc21_flow2	CWE789_Uncontrolled_Mem_Alloc__Environment_ArrayList_41.java	80	CWE789_Uncontrolled_Mem_Alloc__Environment_ArrayList_41.java	70
/home/swlab/Documents/swvul/java-vuln-detection/slicing/output/CPG/cwe789_cpg/cwe789-22-cpg-resolved.bin	tc22_flow1	CWE789_Uncontrolled_Mem_Alloc__Environment_ArrayList_42.java	35	CWE789_Uncontrolled_Mem_Alloc__Environment_ArrayList_42.java	59
/home/swlab/Documents/swvul/java-vuln-detection/slicing/output/CPG/cwe789_cpg/cwe789-22-cpg-resolved.bin	tc22_flow2	CWE789_Uncontrolled_Mem_Alloc__Environment_ArrayList_42.java	68	CWE789_Uncontrolled_Mem_Alloc__Environment_ArrayList_42.java	79
/home/swlab/Documents/swvul/java-vuln-detection/slicing/output/CPG/cwe789_cpg/cwe789-23-cpg-resolved.bin	tc23_flow1	CWE789_Uncontrolled_Mem_Alloc__Environment_ArrayList_45.java	49	CWE789_Uncontrolled_Mem_Alloc__Environment_ArrayList_45.java	36
/home/swlab/Documents/swvul/java-vuln-detection/slicing/output/CPG/cwe789_cpg/cwe789-23-cpg-resolved.bin	tc23_flow2	CWE789_Uncontrolled_Mem_Alloc__Environment_ArrayList_45.java	88	CWE789_Uncontrolled_Mem_Alloc__Environment_ArrayList_45.java	78
/home/swlab/Documents/swvul/java-vuln-detection/slicing/output/CPG/cwe789_cpg/cwe789-24-cpg-resolved.bin	tc24_flow1	CWE789_Uncontrolled_Mem_Alloc__Environment_ArrayList_51a.java	33	CWE789_Uncontrolled_Mem_Alloc__Environment_ArrayList_51b.java	29
/home/swlab/Documents/swvul/java-vuln-detection/slicing/output/CPG/cwe789_cpg/cwe789-24-cpg-resolved.bin	tc24_flow2	CWE789_Uncontrolled_Mem_Alloc__Environment_ArrayList_51a.java	62	CWE789_Uncontrolled_Mem_Alloc__Environment_ArrayList_51b.java	38
/home/swlab/Documents/swvul/java-vuln-detection/slicing/output/CPG/cwe789_cpg/cwe789-25-cpg-resolved.bin	tc25_flow1	CWE789_Uncontrolled_Mem_Alloc__Environment_ArrayList_52a.java	34	CWE789_Uncontrolled_Mem_Alloc__Environment_ArrayList_52c.java	30
/home/swlab/Documents/swvul/java-vuln-detection/slicing/output/CPG/cwe789_cpg/cwe789-25-cpg-resolved.bin	tc25_flow2	CWE789_Uncontrolled_Mem_Alloc__Environment_ArrayList_52a.java	63	CWE789_Uncontrolled_Mem_Alloc__Environment_ArrayList_52c.java	39
/home/swlab/Documents/swvul/java-vuln-detection/slicing/output/CPG/cwe789_cpg/cwe789-26-cpg-resolved.bin	tc26_flow1	CWE789_Uncontrolled_Mem_Alloc__Environment_ArrayList_53a.java	34	CWE789_Uncontrolled_Mem_Alloc__Environment_ArrayList_53d.java	30
/home/swlab/Documents/swvul/java-vuln-detection/slicing/output/CPG/cwe789_cpg/cwe789-26-cpg-resolved.bin	tc26_flow2	CWE789_Uncontrolled_Mem_Alloc__Environment_ArrayList_53a.java	63	CWE789_Uncontrolled_Mem_Alloc__Environment_ArrayList_53d.java	39
/home/swlab/Documents/swvul/java-vuln-detection/slicing/output/CPG/cwe789_cpg/cwe789-27-cpg-resolved.bin	tc27_flow1	CWE789_Uncontrolled_Mem_Alloc__Environment_ArrayList_54a.java	34	CWE789_Uncontrolled_Mem_Alloc__Environment_ArrayList_54e.java	30
/home/swlab/Documents/swvul/java-vuln-detection/slicing/output/CPG/cwe789_cpg/cwe789-27-cpg-resolved.bin	tc27_flow2	CWE789_Uncontrolled_Mem_Alloc__Environment_ArrayList_54a.java	63	CWE789_Uncontrolled_Mem_Alloc__Environment_ArrayList_54e.java	39
/home/swlab/Documents/swvul/java-vuln-detection/slicing/output/CPG/cwe789_cpg/cwe789-28-cpg-resolved.bin	tc28_flow1	CWE789_Uncontrolled_Mem_Alloc__Environment_ArrayList_61b.java	34	CWE789_Uncontrolled_Mem_Alloc__Environment_ArrayList_61a.java	31
/home/swlab/Documents/swvul/java-vuln-detection/slicing/output/CPG/cwe789_cpg/cwe789-28-cpg-resolved.bin	tc28_flow2	CWE789_Uncontrolled_Mem_Alloc__Environment_ArrayList_61b.java	58	CWE789_Uncontrolled_Mem_Alloc__Environment_ArrayList_61a.java	46
/home/swlab/Documents/swvul/java-vuln-detection/slicing/output/CPG/cwe789_cpg/cwe789-29-cpg-resolved.bin	tc29_flow1	CWE789_Uncontrolled_Mem_Alloc__Environment_ArrayList_66a.java	34	CWE789_Uncontrolled_Mem_Alloc__Environment_ArrayList_66b.java	31
/home/swlab/Documents/swvul/java-vuln-detection/slicing/output/CPG/cwe789_cpg/cwe789-29-cpg-resolved.bin	tc29_flow2	CWE789_Uncontrolled_Mem_Alloc__Environment_ArrayList_66a.java	65	CWE789_Uncontrolled_Mem_Alloc__Environment_ArrayList_66b.java	41
/home/swlab/Documents/swvul/java-vuln-detection/slicing/output/CPG/cwe789_cpg/cwe789-30-cpg-resolved.bin	tc30_flow1	CWE789_Uncontrolled_Mem_Alloc__Environment_ArrayList_67a.java	39	CWE789_Uncontrolled_Mem_Alloc__Environment_ArrayList_67b.java	31
/home/swlab/Documents/swvul/java-vuln-detection/slicing/output/CPG/cwe789_cpg/cwe789-30-cpg-resolved.bin	tc30_flow2	CWE789_Uncontrolled_Mem_Alloc__Environment_ArrayList_67a.java	70	CWE789_Uncontrolled_Mem_Alloc__Environment_ArrayList_67b.java	41
/home/swlab/Documents/swvul/java-vuln-detection/slicing/output/CPG/cwe789_cpg/cwe789-31-cpg-resolved.bin	tc31_flow1	CWE789_Uncontrolled_Mem_Alloc__Environment_ArrayList_68a.java	34	CWE789_Uncontrolled_Mem_Alloc__Environment_ArrayList_68b.java	30
/home/swlab/Documents/swvul/java-vuln-detection/slicing/output/CPG/cwe789_cpg/cwe789-31-cpg-resolved.bin	tc31_flow2	CWE789_Uncontrolled_Mem_Alloc__Environment_ArrayList_68a.java	62	CWE789_Uncontrolled_Mem_Alloc__Environment_ArrayList_68b.java	40
/home/swlab/Documents/swvul/java-vuln-detection/slicing/output/CPG/cwe789_cpg/cwe789-32-cpg-resolved.bin	tc32_flow1	CWE789_Uncontrolled_Mem_Alloc__Environment_ArrayList_71a.java	34	CWE789_Uncontrolled_Mem_Alloc__Environment_ArrayList_71b.java	31
/home/swlab/Documents/swvul/java-vuln-detection/slicing/output/CPG/cwe789_cpg/cwe789-32-cpg-resolved.bin	tc32_flow2	CWE789_Uncontrolled_Mem_Alloc__Environment_ArrayList_71a.java	63	CWE789_Uncontrolled_Mem_Alloc__Environment_ArrayList_71b.java	41
/home/swlab/Documents/swvul/java-vuln-detection/slicing/output/CPG/cwe789_cpg/cwe789-33-cpg-resolved.bin	tc33_flow1	CWE789_Uncontrolled_Mem_Alloc__Environment_ArrayList_72a.java	35	CWE789_Uncontrolled_Mem_Alloc__Environment_ArrayList_72b.java	32
/home/swlab/Documents/swvul/java-vuln-detection/slicing/output/CPG/cwe789_cpg/cwe789-33-cpg-resolved.bin	tc33_flow2	CWE789_Uncontrolled_Mem_Alloc__Environment_ArrayList_72a.java	68	CWE789_Uncontrolled_Mem_Alloc__Environment_ArrayList_72b.java	42
/home/swlab/Documents/swvul/java-vuln-detection/slicing/output/CPG/cwe789_cpg/cwe789-34-cpg-resolved.bin	tc34_flow1	CWE789_Uncontrolled_Mem_Alloc__Environment_ArrayList_73a.java	35	CWE789_Uncontrolled_Mem_Alloc__Environment_ArrayList_73b.java	32
/home/swlab/Documents/swvul/java-vuln-detection/slicing/output/CPG/cwe789_cpg/cwe789-34-cpg-resolved.bin	tc34_flow2	CWE789_Uncontrolled_Mem_Alloc__Environment_ArrayList_73a.java	68	CWE789_Uncontrolled_Mem_Alloc__Environment_ArrayList_73b.java	42
/home/swlab/Documents/swvul/java-vuln-detection/slicing/output/CPG/cwe789_cpg/cwe789-35-cpg-resolved.bin	tc35_flow1	CWE789_Uncontrolled_Mem_Alloc__Environment_ArrayList_74a.java	35	CWE789_Uncontrolled_Mem_Alloc__Environment_ArrayList_74b.java	32
/home/swlab/Documents/swvul/java-vuln-detection/slicing/output/CPG/cwe789_cpg/cwe789-35-cpg-resolved.bin	tc35_flow2	CWE789_Uncontrolled_Mem_Alloc__Environment_ArrayList_74a.java	68	CWE789_Uncontrolled_Mem_Alloc__Environment_ArrayList_74b.java	42
/home/swlab/Documents/swvul/java-vuln-detection/slicing/output/CPG/cwe789_cpg/cwe789-36-cpg-resolved.bin	tc36_flow1	CWE789_Uncontrolled_Mem_Alloc__Environment_ArrayList_75a.java	38	CWE789_Uncontrolled_Mem_Alloc__Environment_ArrayList_75b.java	43
/home/swlab/Documents/swvul/java-vuln-detection/slicing/output/CPG/cwe789_cpg/cwe789-36-cpg-resolved.bin	tc36_flow2	CWE789_Uncontrolled_Mem_Alloc__Environment_ArrayList_75a.java	109	CWE789_Uncontrolled_Mem_Alloc__Environment_ArrayList_75b.java	97
/home/swlab/Documents/swvul/java-vuln-detection/slicing/output/CPG/cwe789_cpg/cwe789-37-cpg-resolved.bin	tc37_flow1	CWE789_Uncontrolled_Mem_Alloc__Environment_ArrayList_81a.java	34	CWE789_Uncontrolled_Mem_Alloc__Environment_ArrayList_81_bad.java	30
/home/swlab/Documents/swvul/java-vuln-detection/slicing/output/CPG/cwe789_cpg/cwe789-37-cpg-resolved.bin	tc37_flow2	CWE789_Uncontrolled_Mem_Alloc__Environment_ArrayList_81a.java	64	CWE789_Uncontrolled_Mem_Alloc__Environment_ArrayList_81_goodG2B.java	30
/home/swlab/Documents/swvul/java-vuln-detection/slicing/output/CPG/cwe789_cpg/cwe789-38-cpg-resolved.bin	tc38_flow1	CWE789_Uncontrolled_Mem_Alloc__Environment_HashMap_01.java	36	CWE789_Uncontrolled_Mem_Alloc__Environment_HashMap_01.java	52
/home/swlab/Documents/swvul/java-vuln-detection/slicing/output/CPG/cwe789_cpg/cwe789-38-cpg-resolved.bin	tc38_flow2	CWE789_Uncontrolled_Mem_Alloc__Environment_HashMap_01.java	67	CWE789_Uncontrolled_Mem_Alloc__Environment_HashMap_01.java	70
/home/swlab/Documents/swvul/java-vuln-detection/slicing/output/CPG/cwe789_cpg/cwe789-39-cpg-resolved.bin	tc39_flow1	CWE789_Uncontrolled_Mem_Alloc__Environment_HashMap_02.java	36	CWE789_Uncontrolled_Mem_Alloc__Environment_HashMap_02.java	59
/home/swlab/Documents/swvul/java-vuln-detection/slicing/output/CPG/cwe789_cpg/cwe789-39-cpg-resolved.bin	tc39_flow2	CWE789_Uncontrolled_Mem_Alloc__Environment_HashMap_02.java	77	CWE789_Uncontrolled_Mem_Alloc__Environment_HashMap_02.java	82
/home/swlab/Documents/swvul/java-vuln-detection/slicing/output/CPG/cwe789_cpg/cwe789-39-cpg-resolved.bin	tc39_flow3	CWE789_Uncontrolled_Mem_Alloc__Environment_HashMap_02.java	93	CWE789_Uncontrolled_Mem_Alloc__Environment_HashMap_02.java	103
/home/swlab/Documents/swvul/java-vuln-detection/slicing/output/CPG/cwe789_cpg/cwe789-40-cpg-resolved.bin	tc40_flow1	CWE789_Uncontrolled_Mem_Alloc__Environment_HashMap_03.java	36	CWE789_Uncontrolled_Mem_Alloc__Environment_HashMap_03.java	59
/home/swlab/Documents/swvul/java-vuln-detection/slicing/output/CPG/cwe789_cpg/cwe789-40-cpg-resolved.bin	tc40_flow2	CWE789_Uncontrolled_Mem_Alloc__Environment_HashMap_03.java	77	CWE789_Uncontrolled_Mem_Alloc__Environment_HashMap_03.java	82
/home/swlab/Documents/swvul/java-vuln-detection/slicing/output/CPG/cwe789_cpg/cwe789-40-cpg-resolved.bin	tc40_flow3	CWE789_Uncontrolled_Mem_Alloc__Environment_HashMap_03.java	93	CWE789_Uncontrolled_Mem_Alloc__Environment_HashMap_03.java	103
/home/swlab/Documents/swvul/java-vuln-detection/slicing/output/CPG/cwe789_cpg/cwe789-41-cpg-resolved.bin	tc41_flow1	CWE789_Uncontrolled_Mem_Alloc__Environment_HashMap_04.java	43	CWE789_Uncontrolled_Mem_Alloc__Environment_HashMap_04.java	66
/home/swlab/Documents/swvul/java-vuln-detection/slicing/output/CPG/cwe789_cpg/cwe789-41-cpg-resolved.bin	tc41_flow2	CWE789_Uncontrolled_Mem_Alloc__Environment_HashMap_04.java	84	CWE789_Uncontrolled_Mem_Alloc__Environment_HashMap_04.java	89
/home/swlab/Documents/swvul/java-vuln-detection/slicing/output/CPG/cwe789_cpg/cwe789-41-cpg-resolved.bin	tc41_flow3	CWE789_Uncontrolled_Mem_Alloc__Environment_HashMap_04.java	100	CWE789_Uncontrolled_Mem_Alloc__Environment_HashMap_04.java	110
/home/swlab/Documents/swvul/java-vuln-detection/slicing/output/CPG/cwe789_cpg/cwe789-42-cpg-resolved.bin	tc42_flow1	CWE789_Uncontrolled_Mem_Alloc__Environment_HashMap_05.java	43	CWE789_Uncontrolled_Mem_Alloc__Environment_HashMap_05.java	66
/home/swlab/Documents/swvul/java-vuln-detection/slicing/output/CPG/cwe789_cpg/cwe789-42-cpg-resolved.bin	tc42_flow2	CWE789_Uncontrolled_Mem_Alloc__Environment_HashMap_05.java	84	CWE789_Uncontrolled_Mem_Alloc__Environment_HashMap_05.java	89
/home/swlab/Documents/swvul/java-vuln-detection/slicing/output/CPG/cwe789_cpg/cwe789-42-cpg-resolved.bin	tc42_flow3	CWE789_Uncontrolled_Mem_Alloc__Environment_HashMap_05.java	100	CWE789_Uncontrolled_Mem_Alloc__Environment_HashMap_05.java	110
/home/swlab/Documents/swvul/java-vuln-detection/slicing/output/CPG/cwe789_cpg/cwe789-43-cpg-resolved.bin	tc43_flow1	CWE789_Uncontrolled_Mem_Alloc__Environment_HashMap_06.java	42	CWE789_Uncontrolled_Mem_Alloc__Environment_HashMap_06.java	65
/home/swlab/Documents/swvul/java-vuln-detection/slicing/output/CPG/cwe789_cpg/cwe789-43-cpg-resolved.bin	tc43_flow2	CWE789_Uncontrolled_Mem_Alloc__Environment_HashMap_06.java	83	CWE789_Uncontrolled_Mem_Alloc__Environment_HashMap_06.java	88
/home/swlab/Documents/swvul/java-vuln-detection/slicing/output/CPG/cwe789_cpg/cwe789-43-cpg-resolved.bin	tc43_flow3	CWE789_Uncontrolled_Mem_Alloc__Environment_HashMap_06.java	99	CWE789_Uncontrolled_Mem_Alloc__Environment_HashMap_06.java	109
/home/swlab/Documents/swvul/java-vuln-detection/slicing/output/CPG/cwe789_cpg/cwe789-44-cpg-resolved.bin	tc44_flow1	CWE789_Uncontrolled_Mem_Alloc__Environment_HashMap_07.java	42	CWE789_Uncontrolled_Mem_Alloc__Environment_HashMap_07.java	65
/home/swlab/Documents/swvul/java-vuln-detection/slicing/output/CPG/cwe789_cpg/cwe789-44-cpg-resolved.bin	tc44_flow2	CWE789_Uncontrolled_Mem_Alloc__Environment_HashMap_07.java	83	CWE789_Uncontrolled_Mem_Alloc__Environment_HashMap_07.java	88
/home/swlab/Documents/swvul/java-vuln-detection/slicing/output/CPG/cwe789_cpg/cwe789-44-cpg-resolved.bin	tc44_flow3	CWE789_Uncontrolled_Mem_Alloc__Environment_HashMap_07.java	99	CWE789_Uncontrolled_Mem_Alloc__Environment_HashMap_07.java	109
/home/swlab/Documents/swvul/java-vuln-detection/slicing/output/CPG/cwe789_cpg/cwe789-45-cpg-resolved.bin	tc45_flow1	CWE789_Uncontrolled_Mem_Alloc__Environment_HashMap_08.java	50	CWE789_Uncontrolled_Mem_Alloc__Environment_HashMap_08.java	73
/home/swlab/Documents/swvul/java-vuln-detection/slicing/output/CPG/cwe789_cpg/cwe789-45-cpg-resolved.bin	tc45_flow2	CWE789_Uncontrolled_Mem_Alloc__Environment_HashMap_08.java	91	CWE789_Uncontrolled_Mem_Alloc__Environment_HashMap_08.java	96
/home/swlab/Documents/swvul/java-vuln-detection/slicing/output/CPG/cwe789_cpg/cwe789-45-cpg-resolved.bin	tc45_flow3	CWE789_Uncontrolled_Mem_Alloc__Environment_HashMap_08.java	107	CWE789_Uncontrolled_Mem_Alloc__Environment_HashMap_08.java	117
/home/swlab/Documents/swvul/java-vuln-detection/slicing/output/CPG/cwe789_cpg/cwe789-46-cpg-resolved.bin	tc46_flow1	CWE789_Uncontrolled_Mem_Alloc__Environment_HashMap_09.java	36	CWE789_Uncontrolled_Mem_Alloc__Environment_HashMap_09.java	59
/home/swlab/Documents/swvul/java-vuln-detection/slicing/output/CPG/cwe789_cpg/cwe789-46-cpg-resolved.bin	tc46_flow2	CWE789_Uncontrolled_Mem_Alloc__Environment_HashMap_09.java	77	CWE789_Uncontrolled_Mem_Alloc__Environment_HashMap_09.java	82
/home/swlab/Documents/swvul/java-vuln-detection/slicing/output/CPG/cwe789_cpg/cwe789-46-cpg-resolved.bin	tc46_flow3	CWE789_Uncontrolled_Mem_Alloc__Environment_HashMap_09.java	93	CWE789_Uncontrolled_Mem_Alloc__Environment_HashMap_09.java	103
/home/swlab/Documents/swvul/java-vuln-detection/slicing/output/CPG/cwe789_cpg/cwe789-47-cpg-resolved.bin	tc47_flow1	CWE789_Uncontrolled_Mem_Alloc__Environment_HashMap_10.java	36	CWE789_Uncontrolled_Mem_Alloc__Environment_HashMap_10.java	59
/home/swlab/Documents/swvul/java-vuln-detection/slicing/output/CPG/cwe789_cpg/cwe789-47-cpg-resolved.bin	tc47_flow2	CWE789_Uncontrolled_Mem_Alloc__Environment_HashMap_10.java	77	CWE789_Uncontrolled_Mem_Alloc__Environment_HashMap_10.java	82
/home/swlab/Documents/swvul/java-vuln-detection/slicing/output/CPG/cwe789_cpg/cwe789-47-cpg-resolved.bin	tc47_flow3	CWE789_Uncontrolled_Mem_Alloc__Environment_HashMap_10.java	93	CWE789_Uncontrolled_Mem_Alloc__Environment_HashMap_10.java	103
/home/swlab/Documents/swvul/java-vuln-detection/slicing/output/CPG/cwe789_cpg/cwe789-48-cpg-resolved.bin	tc48_flow1	CWE789_Uncontrolled_Mem_Alloc__Environment_HashMap_11.java	36	CWE789_Uncontrolled_Mem_Alloc__Environment_HashMap_11.java	59
/home/swlab/Documents/swvul/java-vuln-detection/slicing/output/CPG/cwe789_cpg/cwe789-48-cpg-resolved.bin	tc48_flow2	CWE789_Uncontrolled_Mem_Alloc__Environment_HashMap_11.java	77	CWE789_Uncontrolled_Mem_Alloc__Environment_HashMap_11.java	82
/home/swlab/Documents/swvul/java-vuln-detection/slicing/output/CPG/cwe789_cpg/cwe789-48-cpg-resolved.bin	tc48_flow3	CWE789_Uncontrolled_Mem_Alloc__Environment_HashMap_11.java	93	CWE789_Uncontrolled_Mem_Alloc__Environment_HashMap_11.java	103
/home/swlab/Documents/swvul/java-vuln-detection/slicing/output/CPG/cwe789_cpg/cwe789-49-cpg-resolved.bin	tc49_flow1	CWE789_Uncontrolled_Mem_Alloc__Environment_HashMap_12.java	36	CWE789_Uncontrolled_Mem_Alloc__Environment_HashMap_12.java	60
/home/swlab/Documents/swvul/java-vuln-detection/slicing/output/CPG/cwe789_cpg/cwe789-49-cpg-resolved.bin	tc49_flow2	CWE789_Uncontrolled_Mem_Alloc__Environment_HashMap_12.java	72	CWE789_Uncontrolled_Mem_Alloc__Environment_HashMap_12.java	83
/home/swlab/Documents/swvul/java-vuln-detection/slicing/output/CPG/cwe789_cpg/cwe789-50-cpg-resolved.bin	tc50_flow1	CWE789_Uncontrolled_Mem_Alloc__Environment_HashMap_13.java	36	CWE789_Uncontrolled_Mem_Alloc__Environment_HashMap_13.java	59
/home/swlab/Documents/swvul/java-vuln-detection/slicing/output/CPG/cwe789_cpg/cwe789-50-cpg-resolved.bin	tc50_flow2	CWE789_Uncontrolled_Mem_Alloc__Environment_HashMap_13.java	77	CWE789_Uncontrolled_Mem_Alloc__Environment_HashMap_13.java	82
/home/swlab/Documents/swvul/java-vuln-detection/slicing/output/CPG/cwe789_cpg/cwe789-50-cpg-resolved.bin	tc50_flow3	CWE789_Uncontrolled_Mem_Alloc__Environment_HashMap_13.java	93	CWE789_Uncontrolled_Mem_Alloc__Environment_HashMap_13.java	103
/home/swlab/Documents/swvul/java-vuln-detection/slicing/output/CPG/cwe789_cpg/cwe789-51-cpg-resolved.bin	tc51_flow1	CWE789_Uncontrolled_Mem_Alloc__Environment_HashMap_14.java	36	CWE789_Uncontrolled_Mem_Alloc__Environment_HashMap_14.java	59
/home/swlab/Documents/swvul/java-vuln-detection/slicing/output/CPG/cwe789_cpg/cwe789-51-cpg-resolved.bin	tc51_flow2	CWE789_Uncontrolled_Mem_Alloc__Environment_HashMap_14.java	77	CWE789_Uncontrolled_Mem_Alloc__Environment_HashMap_14.java	82
/home/swlab/Documents/swvul/java-vuln-detection/slicing/output/CPG/cwe789_cpg/cwe789-51-cpg-resolved.bin	tc51_flow3	CWE789_Uncontrolled_Mem_Alloc__Environment_HashMap_14.java	93	CWE789_Uncontrolled_Mem_Alloc__Environment_HashMap_14.java	103
/home/swlab/Documents/swvul/java-vuln-detection/slicing/output/CPG/cwe789_cpg/cwe789-52-cpg-resolved.bin	tc52_flow1	CWE789_Uncontrolled_Mem_Alloc__Environment_HashMap_15.java	38	CWE789_Uncontrolled_Mem_Alloc__Environment_HashMap_15.java	61
/home/swlab/Documents/swvul/java-vuln-detection/slicing/output/CPG/cwe789_cpg/cwe789-52-cpg-resolved.bin	tc52_flow2	CWE789_Uncontrolled_Mem_Alloc__Environment_HashMap_15.java	79	CWE789_Uncontrolled_Mem_Alloc__Environment_HashMap_15.java	84
/home/swlab/Documents/swvul/java-vuln-detection/slicing/output/CPG/cwe789_cpg/cwe789-52-cpg-resolved.bin	tc52_flow3	CWE789_Uncontrolled_Mem_Alloc__Environment_HashMap_15.java	97	CWE789_Uncontrolled_Mem_Alloc__Environment_HashMap_15.java	107
/home/swlab/Documents/swvul/java-vuln-detection/slicing/output/CPG/cwe789_cpg/cwe789-53-cpg-resolved.bin	tc53_flow1	CWE789_Uncontrolled_Mem_Alloc__Environment_HashMap_16.java	37	CWE789_Uncontrolled_Mem_Alloc__Environment_HashMap_16.java	55
/home/swlab/Documents/swvul/java-vuln-detection/slicing/output/CPG/cwe789_cpg/cwe789-53-cpg-resolved.bin	tc53_flow2	CWE789_Uncontrolled_Mem_Alloc__Environment_HashMap_16.java	67	CWE789_Uncontrolled_Mem_Alloc__Environment_HashMap_16.java	72
/home/swlab/Documents/swvul/java-vuln-detection/slicing/output/CPG/cwe789_cpg/cwe789-54-cpg-resolved.bin	tc54_flow1	CWE789_Uncontrolled_Mem_Alloc__Environment_HashMap_17.java	36	CWE789_Uncontrolled_Mem_Alloc__Environment_HashMap_17.java	54
/home/swlab/Documents/swvul/java-vuln-detection/slicing/output/CPG/cwe789_cpg/cwe789-54-cpg-resolved.bin	tc54_flow2	CWE789_Uncontrolled_Mem_Alloc__Environment_HashMap_17.java	65	CWE789_Uncontrolled_Mem_Alloc__Environment_HashMap_17.java	70
/home/swlab/Documents/swvul/java-vuln-detection/slicing/output/CPG/cwe789_cpg/cwe789-55-cpg-resolved.bin	tc55_flow1	CWE789_Uncontrolled_Mem_Alloc__Environment_HashMap_21.java	52	CWE789_Uncontrolled_Mem_Alloc__Environment_HashMap_21.java	39
/home/swlab/Documents/swvul/java-vuln-detection/slicing/output/CPG/cwe789_cpg/cwe789-55-cpg-resolved.bin	tc55_flow2	CWE789_Uncontrolled_Mem_Alloc__Environment_HashMap_21.java	114	CWE789_Uncontrolled_Mem_Alloc__Environment_HashMap_21.java	96
/home/swlab/Documents/swvul/java-vuln-detection/slicing/output/CPG/cwe789_cpg/cwe789-55-cpg-resolved.bin	tc55_flow3	CWE789_Uncontrolled_Mem_Alloc__Environment_HashMap_21.java	141	CWE789_Uncontrolled_Mem_Alloc__Environment_HashMap_21.java	130
/home/swlab/Documents/swvul/java-vuln-detection/slicing/output/CPG/cwe789_cpg/cwe789-56-cpg-resolved.bin	tc56_flow1	CWE789_Uncontrolled_Mem_Alloc__Environment_HashMap_22b.java	35	CWE789_Uncontrolled_Mem_Alloc__Environment_HashMap_22a.java	38
/home/swlab/Documents/swvul/java-vuln-detection/slicing/output/CPG/cwe789_cpg/cwe789-56-cpg-resolved.bin	tc56_flow2	CWE789_Uncontrolled_Mem_Alloc__Environment_HashMap_22b.java	74	CWE789_Uncontrolled_Mem_Alloc__Environment_HashMap_22a.java	62
/home/swlab/Documents/swvul/java-vuln-detection/slicing/output/CPG/cwe789_cpg/cwe789-56-cpg-resolved.bin	tc56_flow3	CWE789_Uncontrolled_Mem_Alloc__Environment_HashMap_22b.java	89	CWE789_Uncontrolled_Mem_Alloc__Environment_HashMap_22a.java	75
/home/swlab/Documents/swvul/java-vuln-detection/slicing/output/CPG/cwe789_cpg/cwe789-57-cpg-resolved.bin	tc57_flow1	CWE789_Uncontrolled_Mem_Alloc__Environment_HashMap_31.java	39	CWE789_Uncontrolled_Mem_Alloc__Environment_HashMap_31.java	60
/home/swlab/Documents/swvul/java-vuln-detection/slicing/output/CPG/cwe789_cpg/cwe789-57-cpg-resolved.bin	tc57_flow2	CWE789_Uncontrolled_Mem_Alloc__Environment_HashMap_31.java	78	CWE789_Uncontrolled_Mem_Alloc__Environment_HashMap_31.java	86
/home/swlab/Documents/swvul/java-vuln-detection/slicing/output/CPG/cwe789_cpg/cwe789-58-cpg-resolved.bin	tc58_flow1	CWE789_Uncontrolled_Mem_Alloc__Environment_HashMap_41.java	43	CWE789_Uncontrolled_Mem_Alloc__Environment_HashMap_41.java	31
/home/swlab/Documents/swvul/java-vuln-detection/slicing/output/CPG/cwe789_cpg/cwe789-58-cpg-resolved.bin	tc58_flow2	CWE789_Uncontrolled_Mem_Alloc__Environment_HashMap_41.java	80	CWE789_Uncontrolled_Mem_Alloc__Environment_HashMap_41.java	70
/home/swlab/Documents/swvul/java-vuln-detection/slicing/output/CPG/cwe789_cpg/cwe789-59-cpg-resolved.bin	tc59_flow1	CWE789_Uncontrolled_Mem_Alloc__Environment_HashMap_42.java	35	CWE789_Uncontrolled_Mem_Alloc__Environment_HashMap_42.java	59
/home/swlab/Documents/swvul/java-vuln-detection/slicing/output/CPG/cwe789_cpg/cwe789-59-cpg-resolved.bin	tc59_flow2	CWE789_Uncontrolled_Mem_Alloc__Environment_HashMap_42.java	68	CWE789_Uncontrolled_Mem_Alloc__Environment_HashMap_42.java	79
/home/swlab/Documents/swvul/java-vuln-detection/slicing/output/CPG/cwe789_cpg/cwe789-60-cpg-resolved.bin	tc60_flow1	CWE789_Uncontrolled_Mem_Alloc__Environment_HashMap_45.java	49	CWE789_Uncontrolled_Mem_Alloc__Environment_HashMap_45.java	36
/home/swlab/Documents/swvul/java-vuln-detection/slicing/output/CPG/cwe789_cpg/cwe789-60-cpg-resolved.bin	tc60_flow2	CWE789_Uncontrolled_Mem_Alloc__Environment_HashMap_45.java	88	CWE789_Uncontrolled_Mem_Alloc__Environment_HashMap_45.java	78
/home/swlab/Documents/swvul/java-vuln-detection/slicing/output/CPG/cwe789_cpg/cwe789-61-cpg-resolved.bin	tc61_flow1	CWE789_Uncontrolled_Mem_Alloc__Environment_HashMap_51a.java	33	CWE789_Uncontrolled_Mem_Alloc__Environment_HashMap_51b.java	29
/home/swlab/Documents/swvul/java-vuln-detection/slicing/output/CPG/cwe789_cpg/cwe789-61-cpg-resolved.bin	tc61_flow2	CWE789_Uncontrolled_Mem_Alloc__Environment_HashMap_51a.java	62	CWE789_Uncontrolled_Mem_Alloc__Environment_HashMap_51b.java	38
/home/swlab/Documents/swvul/java-vuln-detection/slicing/output/CPG/cwe789_cpg/cwe789-62-cpg-resolved.bin	tc62_flow1	CWE789_Uncontrolled_Mem_Alloc__Environment_HashMap_52a.java	34	CWE789_Uncontrolled_Mem_Alloc__Environment_HashMap_52c.java	30
/home/swlab/Documents/swvul/java-vuln-detection/slicing/output/CPG/cwe789_cpg/cwe789-62-cpg-resolved.bin	tc62_flow2	CWE789_Uncontrolled_Mem_Alloc__Environment_HashMap_52a.java	63	CWE789_Uncontrolled_Mem_Alloc__Environment_HashMap_52c.java	39
/home/swlab/Documents/swvul/java-vuln-detection/slicing/output/CPG/cwe789_cpg/cwe789-63-cpg-resolved.bin	tc63_flow1	CWE789_Uncontrolled_Mem_Alloc__Environment_HashMap_53a.java	34	CWE789_Uncontrolled_Mem_Alloc__Environment_HashMap_53d.java	30
/home/swlab/Documents/swvul/java-vuln-detection/slicing/output/CPG/cwe789_cpg/cwe789-63-cpg-resolved.bin	tc63_flow2	CWE789_Uncontrolled_Mem_Alloc__Environment_HashMap_53a.java	63	CWE789_Uncontrolled_Mem_Alloc__Environment_HashMap_53d.java	39
/home/swlab/Documents/swvul/java-vuln-detection/slicing/output/CPG/cwe789_cpg/cwe789-64-cpg-resolved.bin	tc64_flow1	CWE789_Uncontrolled_Mem_Alloc__Environment_HashMap_54a.java	34	CWE789_Uncontrolled_Mem_Alloc__Environment_HashMap_54e.java	30
/home/swlab/Documents/swvul/java-vuln-detection/slicing/output/CPG/cwe789_cpg/cwe789-64-cpg-resolved.bin	tc64_flow2	CWE789_Uncontrolled_Mem_Alloc__Environment_HashMap_54a.java	63	CWE789_Uncontrolled_Mem_Alloc__Environment_HashMap_54e.java	39
/home/swlab/Documents/swvul/java-vuln-detection/slicing/output/CPG/cwe789_cpg/cwe789-65-cpg-resolved.bin	tc65_flow1	CWE789_Uncontrolled_Mem_Alloc__Environment_HashMap_61b.java	34	CWE789_Uncontrolled_Mem_Alloc__Environment_HashMap_61a.java	31
/home/swlab/Documents/swvul/java-vuln-detection/slicing/output/CPG/cwe789_cpg/cwe789-65-cpg-resolved.bin	tc65_flow2	CWE789_Uncontrolled_Mem_Alloc__Environment_HashMap_61b.java	58	CWE789_Uncontrolled_Mem_Alloc__Environment_HashMap_61a.java	46
/home/swlab/Documents/swvul/java-vuln-detection/slicing/output/CPG/cwe789_cpg/cwe789-66-cpg-resolved.bin	tc66_flow1	CWE789_Uncontrolled_Mem_Alloc__Environment_HashMap_66a.java	34	CWE789_Uncontrolled_Mem_Alloc__Environment_HashMap_66b.java	31
/home/swlab/Documents/swvul/java-vuln-detection/slicing/output/CPG/cwe789_cpg/cwe789-66-cpg-resolved.bin	tc66_flow2	CWE789_Uncontrolled_Mem_Alloc__Environment_HashMap_66a.java	65	CWE789_Uncontrolled_Mem_Alloc__Environment_HashMap_66b.java	41
/home/swlab/Documents/swvul/java-vuln-detection/slicing/output/CPG/cwe789_cpg/cwe789-67-cpg-resolved.bin	tc67_flow1	CWE789_Uncontrolled_Mem_Alloc__Environment_HashMap_67a.java	39	CWE789_Uncontrolled_Mem_Alloc__Environment_HashMap_67b.java	31
/home/swlab/Documents/swvul/java-vuln-detection/slicing/output/CPG/cwe789_cpg/cwe789-67-cpg-resolved.bin	tc67_flow2	CWE789_Uncontrolled_Mem_Alloc__Environment_HashMap_67a.java	70	CWE789_Uncontrolled_Mem_Alloc__Environment_HashMap_67b.java	41
/home/swlab/Documents/swvul/java-vuln-detection/slicing/output/CPG/cwe789_cpg/cwe789-68-cpg-resolved.bin	tc68_flow1	CWE789_Uncontrolled_Mem_Alloc__Environment_HashMap_68a.java	34	CWE789_Uncontrolled_Mem_Alloc__Environment_HashMap_68b.java	30
/home/swlab/Documents/swvul/java-vuln-detection/slicing/output/CPG/cwe789_cpg/cwe789-68-cpg-resolved.bin	tc68_flow2	CWE789_Uncontrolled_Mem_Alloc__Environment_HashMap_68a.java	62	CWE789_Uncontrolled_Mem_Alloc__Environment_HashMap_68b.java	40
/home/swlab/Documents/swvul/java-vuln-detection/slicing/output/CPG/cwe789_cpg/cwe789-69-cpg-resolved.bin	tc69_flow1	CWE789_Uncontrolled_Mem_Alloc__Environment_HashMap_71a.java	34	CWE789_Uncontrolled_Mem_Alloc__Environment_HashMap_71b.java	31
/home/swlab/Documents/swvul/java-vuln-detection/slicing/output/CPG/cwe789_cpg/cwe789-69-cpg-resolved.bin	tc69_flow2	CWE789_Uncontrolled_Mem_Alloc__Environment_HashMap_71a.java	63	CWE789_Uncontrolled_Mem_Alloc__Environment_HashMap_71b.java	41
/home/swlab/Documents/swvul/java-vuln-detection/slicing/output/CPG/cwe789_cpg/cwe789-70-cpg-resolved.bin	tc70_flow1	CWE789_Uncontrolled_Mem_Alloc__Environment_HashMap_72a.java	35	CWE789_Uncontrolled_Mem_Alloc__Environment_HashMap_72b.java	32
/home/swlab/Documents/swvul/java-vuln-detection/slicing/output/CPG/cwe789_cpg/cwe789-70-cpg-resolved.bin	tc70_flow2	CWE789_Uncontrolled_Mem_Alloc__Environment_HashMap_72a.java	68	CWE789_Uncontrolled_Mem_Alloc__Environment_HashMap_72b.java	42
/home/swlab/Documents/swvul/java-vuln-detection/slicing/output/CPG/cwe789_cpg/cwe789-71-cpg-resolved.bin	tc71_flow1	CWE789_Uncontrolled_Mem_Alloc__Environment_HashMap_73a.java	35	CWE789_Uncontrolled_Mem_Alloc__Environment_HashMap_73b.java	32
/home/swlab/Documents/swvul/java-vuln-detection/slicing/output/CPG/cwe789_cpg/cwe789-71-cpg-resolved.bin	tc71_flow2	CWE789_Uncontrolled_Mem_Alloc__Environment_HashMap_73a.java	68	CWE789_Uncontrolled_Mem_Alloc__Environment_HashMap_73b.java	42
/home/swlab/Documents/swvul/java-vuln-detection/slicing/output/CPG/cwe789_cpg/cwe789-72-cpg-resolved.bin	tc72_flow1	CWE789_Uncontrolled_Mem_Alloc__Environment_HashMap_74a.java	35	CWE789_Uncontrolled_Mem_Alloc__Environment_HashMap_74b.java	31
/home/swlab/Documents/swvul/java-vuln-detection/slicing/output/CPG/cwe789_cpg/cwe789-72-cpg-resolved.bin	tc72_flow2	CWE789_Uncontrolled_Mem_Alloc__Environment_HashMap_74a.java	68	CWE789_Uncontrolled_Mem_Alloc__Environment_HashMap_74b.java	41
/home/swlab/Documents/swvul/java-vuln-detection/slicing/output/CPG/cwe789_cpg/cwe789-73-cpg-resolved.bin	tc73_flow1	CWE789_Uncontrolled_Mem_Alloc__Environment_HashMap_75a.java	38	CWE789_Uncontrolled_Mem_Alloc__Environment_HashMap_75b.java	43
/home/swlab/Documents/swvul/java-vuln-detection/slicing/output/CPG/cwe789_cpg/cwe789-73-cpg-resolved.bin	tc73_flow2	CWE789_Uncontrolled_Mem_Alloc__Environment_HashMap_75a.java	109	CWE789_Uncontrolled_Mem_Alloc__Environment_HashMap_75b.java	97
/home/swlab/Documents/swvul/java-vuln-detection/slicing/output/CPG/cwe789_cpg/cwe789-74-cpg-resolved.bin	tc74_flow1	CWE789_Uncontrolled_Mem_Alloc__Environment_HashMap_81a.java	34	CWE789_Uncontrolled_Mem_Alloc__Environment_HashMap_81_bad.java	30
/home/swlab/Documents/swvul/java-vuln-detection/slicing/output/CPG/cwe789_cpg/cwe789-74-cpg-resolved.bin	tc74_flow2	CWE789_Uncontrolled_Mem_Alloc__Environment_HashMap_81a.java	64	CWE789_Uncontrolled_Mem_Alloc__Environment_HashMap_81_goodG2B.java	30
/home/swlab/Documents/swvul/java-vuln-detection/slicing/output/CPG/cwe789_cpg/cwe789-75-cpg-resolved.bin	tc75_flow1	CWE789_Uncontrolled_Mem_Alloc__Environment_HashSet_01.java	36	CWE789_Uncontrolled_Mem_Alloc__Environment_HashSet_01.java	52
/home/swlab/Documents/swvul/java-vuln-detection/slicing/output/CPG/cwe789_cpg/cwe789-75-cpg-resolved.bin	tc75_flow2	CWE789_Uncontrolled_Mem_Alloc__Environment_HashSet_01.java	67	CWE789_Uncontrolled_Mem_Alloc__Environment_HashSet_01.java	70
/home/swlab/Documents/swvul/java-vuln-detection/slicing/output/CPG/cwe789_cpg/cwe789-76-cpg-resolved.bin	tc76_flow1	CWE789_Uncontrolled_Mem_Alloc__Environment_HashSet_02.java	36	CWE789_Uncontrolled_Mem_Alloc__Environment_HashSet_02.java	59
/home/swlab/Documents/swvul/java-vuln-detection/slicing/output/CPG/cwe789_cpg/cwe789-76-cpg-resolved.bin	tc76_flow2	CWE789_Uncontrolled_Mem_Alloc__Environment_HashSet_02.java	77	CWE789_Uncontrolled_Mem_Alloc__Environment_HashSet_02.java	82
/home/swlab/Documents/swvul/java-vuln-detection/slicing/output/CPG/cwe789_cpg/cwe789-76-cpg-resolved.bin	tc76_flow3	CWE789_Uncontrolled_Mem_Alloc__Environment_HashSet_02.java	93	CWE789_Uncontrolled_Mem_Alloc__Environment_HashSet_02.java	103
/home/swlab/Documents/swvul/java-vuln-detection/slicing/output/CPG/cwe789_cpg/cwe789-77-cpg-resolved.bin	tc77_flow1	CWE789_Uncontrolled_Mem_Alloc__Environment_HashSet_03.java	36	CWE789_Uncontrolled_Mem_Alloc__Environment_HashSet_03.java	59
/home/swlab/Documents/swvul/java-vuln-detection/slicing/output/CPG/cwe789_cpg/cwe789-77-cpg-resolved.bin	tc77_flow2	CWE789_Uncontrolled_Mem_Alloc__Environment_HashSet_03.java	77	CWE789_Uncontrolled_Mem_Alloc__Environment_HashSet_03.java	82
/home/swlab/Documents/swvul/java-vuln-detection/slicing/output/CPG/cwe789_cpg/cwe789-77-cpg-resolved.bin	tc77_flow3	CWE789_Uncontrolled_Mem_Alloc__Environment_HashSet_03.java	93	CWE789_Uncontrolled_Mem_Alloc__Environment_HashSet_03.java	103
/home/swlab/Documents/swvul/java-vuln-detection/slicing/output/CPG/cwe789_cpg/cwe789-78-cpg-resolved.bin	tc78_flow1	CWE789_Uncontrolled_Mem_Alloc__Environment_HashSet_04.java	43	CWE789_Uncontrolled_Mem_Alloc__Environment_HashSet_04.java	66
/home/swlab/Documents/swvul/java-vuln-detection/slicing/output/CPG/cwe789_cpg/cwe789-78-cpg-resolved.bin	tc78_flow2	CWE789_Uncontrolled_Mem_Alloc__Environment_HashSet_04.java	84	CWE789_Uncontrolled_Mem_Alloc__Environment_HashSet_04.java	89
/home/swlab/Documents/swvul/java-vuln-detection/slicing/output/CPG/cwe789_cpg/cwe789-78-cpg-resolved.bin	tc78_flow3	CWE789_Uncontrolled_Mem_Alloc__Environment_HashSet_04.java	100	CWE789_Uncontrolled_Mem_Alloc__Environment_HashSet_04.java	110
/home/swlab/Documents/swvul/java-vuln-detection/slicing/output/CPG/cwe789_cpg/cwe789-79-cpg-resolved.bin	tc79_flow1	CWE789_Uncontrolled_Mem_Alloc__Environment_HashSet_05.java	43	CWE789_Uncontrolled_Mem_Alloc__Environment_HashSet_05.java	66
/home/swlab/Documents/swvul/java-vuln-detection/slicing/output/CPG/cwe789_cpg/cwe789-79-cpg-resolved.bin	tc79_flow2	CWE789_Uncontrolled_Mem_Alloc__Environment_HashSet_05.java	84	CWE789_Uncontrolled_Mem_Alloc__Environment_HashSet_05.java	89
/home/swlab/Documents/swvul/java-vuln-detection/slicing/output/CPG/cwe789_cpg/cwe789-79-cpg-resolved.bin	tc79_flow3	CWE789_Uncontrolled_Mem_Alloc__Environment_HashSet_05.java	100	CWE789_Uncontrolled_Mem_Alloc__Environment_HashSet_05.java	110
/home/swlab/Documents/swvul/java-vuln-detection/slicing/output/CPG/cwe789_cpg/cwe789-80-cpg-resolved.bin	tc80_flow1	CWE789_Uncontrolled_Mem_Alloc__Environment_HashSet_06.java	42	CWE789_Uncontrolled_Mem_Alloc__Environment_HashSet_06.java	65
/home/swlab/Documents/swvul/java-vuln-detection/slicing/output/CPG/cwe789_cpg/cwe789-80-cpg-resolved.bin	tc80_flow2	CWE789_Uncontrolled_Mem_Alloc__Environment_HashSet_06.java	83	CWE789_Uncontrolled_Mem_Alloc__Environment_HashSet_06.java	88
/home/swlab/Documents/swvul/java-vuln-detection/slicing/output/CPG/cwe789_cpg/cwe789-80-cpg-resolved.bin	tc80_flow3	CWE789_Uncontrolled_Mem_Alloc__Environment_HashSet_06.java	99	CWE789_Uncontrolled_Mem_Alloc__Environment_HashSet_06.java	109
/home/swlab/Documents/swvul/java-vuln-detection/slicing/output/CPG/cwe789_cpg/cwe789-81-cpg-resolved.bin	tc81_flow1	CWE789_Uncontrolled_Mem_Alloc__Environment_HashSet_07.java	42	CWE789_Uncontrolled_Mem_Alloc__Environment_HashSet_07.java	65
/home/swlab/Documents/swvul/java-vuln-detection/slicing/output/CPG/cwe789_cpg/cwe789-81-cpg-resolved.bin	tc81_flow2	CWE789_Uncontrolled_Mem_Alloc__Environment_HashSet_07.java	83	CWE789_Uncontrolled_Mem_Alloc__Environment_HashSet_07.java	88
/home/swlab/Documents/swvul/java-vuln-detection/slicing/output/CPG/cwe789_cpg/cwe789-81-cpg-resolved.bin	tc81_flow3	CWE789_Uncontrolled_Mem_Alloc__Environment_HashSet_07.java	99	CWE789_Uncontrolled_Mem_Alloc__Environment_HashSet_07.java	109
/home/swlab/Documents/swvul/java-vuln-detection/slicing/output/CPG/cwe789_cpg/cwe789-82-cpg-resolved.bin	tc82_flow1	CWE789_Uncontrolled_Mem_Alloc__Environment_HashSet_08.java	50	CWE789_Uncontrolled_Mem_Alloc__Environment_HashSet_08.java	73
/home/swlab/Documents/swvul/java-vuln-detection/slicing/output/CPG/cwe789_cpg/cwe789-82-cpg-resolved.bin	tc82_flow2	CWE789_Uncontrolled_Mem_Alloc__Environment_HashSet_08.java	91	CWE789_Uncontrolled_Mem_Alloc__Environment_HashSet_08.java	96
/home/swlab/Documents/swvul/java-vuln-detection/slicing/output/CPG/cwe789_cpg/cwe789-82-cpg-resolved.bin	tc82_flow3	CWE789_Uncontrolled_Mem_Alloc__Environment_HashSet_08.java	107	CWE789_Uncontrolled_Mem_Alloc__Environment_HashSet_08.java	117
/home/swlab/Documents/swvul/java-vuln-detection/slicing/output/CPG/cwe789_cpg/cwe789-83-cpg-resolved.bin	tc83_flow1	CWE789_Uncontrolled_Mem_Alloc__Environment_HashSet_09.java	36	CWE789_Uncontrolled_Mem_Alloc__Environment_HashSet_09.java	59
/home/swlab/Documents/swvul/java-vuln-detection/slicing/output/CPG/cwe789_cpg/cwe789-83-cpg-resolved.bin	tc83_flow2	CWE789_Uncontrolled_Mem_Alloc__Environment_HashSet_09.java	77	CWE789_Uncontrolled_Mem_Alloc__Environment_HashSet_09.java	82
/home/swlab/Documents/swvul/java-vuln-detection/slicing/output/CPG/cwe789_cpg/cwe789-83-cpg-resolved.bin	tc83_flow3	CWE789_Uncontrolled_Mem_Alloc__Environment_HashSet_09.java	93	CWE789_Uncontrolled_Mem_Alloc__Environment_HashSet_09.java	103
/home/swlab/Documents/swvul/java-vuln-detection/slicing/output/CPG/cwe789_cpg/cwe789-84-cpg-resolved.bin	tc84_flow1	CWE789_Uncontrolled_Mem_Alloc__Environment_HashSet_10.java	36	CWE789_Uncontrolled_Mem_Alloc__Environment_HashSet_10.java	59
/home/swlab/Documents/swvul/java-vuln-detection/slicing/output/CPG/cwe789_cpg/cwe789-84-cpg-resolved.bin	tc84_flow2	CWE789_Uncontrolled_Mem_Alloc__Environment_HashSet_10.java	77	CWE789_Uncontrolled_Mem_Alloc__Environment_HashSet_10.java	82
/home/swlab/Documents/swvul/java-vuln-detection/slicing/output/CPG/cwe789_cpg/cwe789-84-cpg-resolved.bin	tc84_flow3	CWE789_Uncontrolled_Mem_Alloc__Environment_HashSet_10.java	93	CWE789_Uncontrolled_Mem_Alloc__Environment_HashSet_10.java	103
/home/swlab/Documents/swvul/java-vuln-detection/slicing/output/CPG/cwe789_cpg/cwe789-85-cpg-resolved.bin	tc85_flow1	CWE789_Uncontrolled_Mem_Alloc__Environment_HashSet_11.java	36	CWE789_Uncontrolled_Mem_Alloc__Environment_HashSet_11.java	59
/home/swlab/Documents/swvul/java-vuln-detection/slicing/output/CPG/cwe789_cpg/cwe789-85-cpg-resolved.bin	tc85_flow2	CWE789_Uncontrolled_Mem_Alloc__Environment_HashSet_11.java	77	CWE789_Uncontrolled_Mem_Alloc__Environment_HashSet_11.java	82
/home/swlab/Documents/swvul/java-vuln-detection/slicing/output/CPG/cwe789_cpg/cwe789-85-cpg-resolved.bin	tc85_flow3	CWE789_Uncontrolled_Mem_Alloc__Environment_HashSet_11.java	93	CWE789_Uncontrolled_Mem_Alloc__Environment_HashSet_11.java	103
/home/swlab/Documents/swvul/java-vuln-detection/slicing/output/CPG/cwe789_cpg/cwe789-86-cpg-resolved.bin	tc86_flow1	CWE789_Uncontrolled_Mem_Alloc__Environment_HashSet_12.java	36	CWE789_Uncontrolled_Mem_Alloc__Environment_HashSet_12.java	60
/home/swlab/Documents/swvul/java-vuln-detection/slicing/output/CPG/cwe789_cpg/cwe789-86-cpg-resolved.bin	tc86_flow2	CWE789_Uncontrolled_Mem_Alloc__Environment_HashSet_12.java	72	CWE789_Uncontrolled_Mem_Alloc__Environment_HashSet_12.java	83
/home/swlab/Documents/swvul/java-vuln-detection/slicing/output/CPG/cwe789_cpg/cwe789-87-cpg-resolved.bin	tc87_flow1	CWE789_Uncontrolled_Mem_Alloc__Environment_HashSet_13.java	36	CWE789_Uncontrolled_Mem_Alloc__Environment_HashSet_13.java	59
/home/swlab/Documents/swvul/java-vuln-detection/slicing/output/CPG/cwe789_cpg/cwe789-87-cpg-resolved.bin	tc87_flow2	CWE789_Uncontrolled_Mem_Alloc__Environment_HashSet_13.java	77	CWE789_Uncontrolled_Mem_Alloc__Environment_HashSet_13.java	82
/home/swlab/Documents/swvul/java-vuln-detection/slicing/output/CPG/cwe789_cpg/cwe789-87-cpg-resolved.bin	tc87_flow3	CWE789_Uncontrolled_Mem_Alloc__Environment_HashSet_13.java	93	CWE789_Uncontrolled_Mem_Alloc__Environment_HashSet_13.java	103
/home/swlab/Documents/swvul/java-vuln-detection/slicing/output/CPG/cwe789_cpg/cwe789-88-cpg-resolved.bin	tc88_flow1	CWE789_Uncontrolled_Mem_Alloc__Environment_HashSet_14.java	36	CWE789_Uncontrolled_Mem_Alloc__Environment_HashSet_14.java	59
/home/swlab/Documents/swvul/java-vuln-detection/slicing/output/CPG/cwe789_cpg/cwe789-88-cpg-resolved.bin	tc88_flow2	CWE789_Uncontrolled_Mem_Alloc__Environment_HashSet_14.java	77	CWE789_Uncontrolled_Mem_Alloc__Environment_HashSet_14.java	82
/home/swlab/Documents/swvul/java-vuln-detection/slicing/output/CPG/cwe789_cpg/cwe789-88-cpg-resolved.bin	tc88_flow3	CWE789_Uncontrolled_Mem_Alloc__Environment_HashSet_14.java	93	CWE789_Uncontrolled_Mem_Alloc__Environment_HashSet_14.java	103
/home/swlab/Documents/swvul/java-vuln-detection/slicing/output/CPG/cwe789_cpg/cwe789-89-cpg-resolved.bin	tc89_flow1	CWE789_Uncontrolled_Mem_Alloc__Environment_HashSet_15.java	38	CWE789_Uncontrolled_Mem_Alloc__Environment_HashSet_15.java	61
/home/swlab/Documents/swvul/java-vuln-detection/slicing/output/CPG/cwe789_cpg/cwe789-89-cpg-resolved.bin	tc89_flow2	CWE789_Uncontrolled_Mem_Alloc__Environment_HashSet_15.java	79	CWE789_Uncontrolled_Mem_Alloc__Environment_HashSet_15.java	84
/home/swlab/Documents/swvul/java-vuln-detection/slicing/output/CPG/cwe789_cpg/cwe789-89-cpg-resolved.bin	tc89_flow3	CWE789_Uncontrolled_Mem_Alloc__Environment_HashSet_15.java	97	CWE789_Uncontrolled_Mem_Alloc__Environment_HashSet_15.java	107
/home/swlab/Documents/swvul/java-vuln-detection/slicing/output/CPG/cwe789_cpg/cwe789-90-cpg-resolved.bin	tc90_flow1	CWE789_Uncontrolled_Mem_Alloc__Environment_HashSet_16.java	37	CWE789_Uncontrolled_Mem_Alloc__Environment_HashSet_16.java	55
/home/swlab/Documents/swvul/java-vuln-detection/slicing/output/CPG/cwe789_cpg/cwe789-90-cpg-resolved.bin	tc90_flow2	CWE789_Uncontrolled_Mem_Alloc__Environment_HashSet_16.java	67	CWE789_Uncontrolled_Mem_Alloc__Environment_HashSet_16.java	72
/home/swlab/Documents/swvul/java-vuln-detection/slicing/output/CPG/cwe789_cpg/cwe789-91-cpg-resolved.bin	tc91_flow1	CWE789_Uncontrolled_Mem_Alloc__Environment_HashSet_17.java	36	CWE789_Uncontrolled_Mem_Alloc__Environment_HashSet_17.java	54
/home/swlab/Documents/swvul/java-vuln-detection/slicing/output/CPG/cwe789_cpg/cwe789-91-cpg-resolved.bin	tc91_flow2	CWE789_Uncontrolled_Mem_Alloc__Environment_HashSet_17.java	65	CWE789_Uncontrolled_Mem_Alloc__Environment_HashSet_17.java	70
/home/swlab/Documents/swvul/java-vuln-detection/slicing/output/CPG/cwe789_cpg/cwe789-92-cpg-resolved.bin	tc92_flow1	CWE789_Uncontrolled_Mem_Alloc__Environment_HashSet_21.java	52	CWE789_Uncontrolled_Mem_Alloc__Environment_HashSet_21.java	39
/home/swlab/Documents/swvul/java-vuln-detection/slicing/output/CPG/cwe789_cpg/cwe789-92-cpg-resolved.bin	tc92_flow2	CWE789_Uncontrolled_Mem_Alloc__Environment_HashSet_21.java	114	CWE789_Uncontrolled_Mem_Alloc__Environment_HashSet_21.java	96
/home/swlab/Documents/swvul/java-vuln-detection/slicing/output/CPG/cwe789_cpg/cwe789-92-cpg-resolved.bin	tc92_flow3	CWE789_Uncontrolled_Mem_Alloc__Environment_HashSet_21.java	141	CWE789_Uncontrolled_Mem_Alloc__Environment_HashSet_21.java	130
/home/swlab/Documents/swvul/java-vuln-detection/slicing/output/CPG/cwe789_cpg/cwe789-93-cpg-resolved.bin	tc93_flow1	CWE789_Uncontrolled_Mem_Alloc__Environment_HashSet_22b.java	35	CWE789_Uncontrolled_Mem_Alloc__Environment_HashSet_22a.java	38
/home/swlab/Documents/swvul/java-vuln-detection/slicing/output/CPG/cwe789_cpg/cwe789-93-cpg-resolved.bin	tc93_flow2	CWE789_Uncontrolled_Mem_Alloc__Environment_HashSet_22b.java	74	CWE789_Uncontrolled_Mem_Alloc__Environment_HashSet_22a.java	62
/home/swlab/Documents/swvul/java-vuln-detection/slicing/output/CPG/cwe789_cpg/cwe789-93-cpg-resolved.bin	tc93_flow3	CWE789_Uncontrolled_Mem_Alloc__Environment_HashSet_22b.java	89	CWE789_Uncontrolled_Mem_Alloc__Environment_HashSet_22a.java	75
/home/swlab/Documents/swvul/java-vuln-detection/slicing/output/CPG/cwe789_cpg/cwe789-94-cpg-resolved.bin	tc94_flow1	CWE789_Uncontrolled_Mem_Alloc__Environment_HashSet_31.java	39	CWE789_Uncontrolled_Mem_Alloc__Environment_HashSet_31.java	60
/home/swlab/Documents/swvul/java-vuln-detection/slicing/output/CPG/cwe789_cpg/cwe789-94-cpg-resolved.bin	tc94_flow2	CWE789_Uncontrolled_Mem_Alloc__Environment_HashSet_31.java	78	CWE789_Uncontrolled_Mem_Alloc__Environment_HashSet_31.java	86
/home/swlab/Documents/swvul/java-vuln-detection/slicing/output/CPG/cwe789_cpg/cwe789-95-cpg-resolved.bin	tc95_flow1	CWE789_Uncontrolled_Mem_Alloc__Environment_HashSet_41.java	43	CWE789_Uncontrolled_Mem_Alloc__Environment_HashSet_41.java	31
/home/swlab/Documents/swvul/java-vuln-detection/slicing/output/CPG/cwe789_cpg/cwe789-95-cpg-resolved.bin	tc95_flow2	CWE789_Uncontrolled_Mem_Alloc__Environment_HashSet_41.java	80	CWE789_Uncontrolled_Mem_Alloc__Environment_HashSet_41.java	70
/home/swlab/Documents/swvul/java-vuln-detection/slicing/output/CPG/cwe789_cpg/cwe789-96-cpg-resolved.bin	tc96_flow1	CWE789_Uncontrolled_Mem_Alloc__Environment_HashSet_42.java	35	CWE789_Uncontrolled_Mem_Alloc__Environment_HashSet_42.java	59
/home/swlab/Documents/swvul/java-vuln-detection/slicing/output/CPG/cwe789_cpg/cwe789-96-cpg-resolved.bin	tc96_flow2	CWE789_Uncontrolled_Mem_Alloc__Environment_HashSet_42.java	68	CWE789_Uncontrolled_Mem_Alloc__Environment_HashSet_42.java	79
/home/swlab/Documents/swvul/java-vuln-detection/slicing/output/CPG/cwe789_cpg/cwe789-97-cpg-resolved.bin	tc97_flow1	CWE789_Uncontrolled_Mem_Alloc__Environment_HashSet_45.java	49	CWE789_Uncontrolled_Mem_Alloc__Environment_HashSet_45.java	36
/home/swlab/Documents/swvul/java-vuln-detection/slicing/output/CPG/cwe789_cpg/cwe789-97-cpg-resolved.bin	tc97_flow2	CWE789_Uncontrolled_Mem_Alloc__Environment_HashSet_45.java	88	CWE789_Uncontrolled_Mem_Alloc__Environment_HashSet_45.java	78
/home/swlab/Documents/swvul/java-vuln-detection/slicing/output/CPG/cwe789_cpg/cwe789-98-cpg-resolved.bin	tc98_flow1	CWE789_Uncontrolled_Mem_Alloc__Environment_HashSet_51a.java	33	CWE789_Uncontrolled_Mem_Alloc__Environment_HashSet_51b.java	29
/home/swlab/Documents/swvul/java-vuln-detection/slicing/output/CPG/cwe789_cpg/cwe789-98-cpg-resolved.bin	tc98_flow2	CWE789_Uncontrolled_Mem_Alloc__Environment_HashSet_51a.java	62	CWE789_Uncontrolled_Mem_Alloc__Environment_HashSet_51b.java	38
/home/swlab/Documents/swvul/java-vuln-detection/slicing/output/CPG/cwe789_cpg/cwe789-99-cpg-resolved.bin	tc99_flow1	CWE789_Uncontrolled_Mem_Alloc__Environment_HashSet_52a.java	34	CWE789_Uncontrolled_Mem_Alloc__Environment_HashSet_52c.java	30
/home/swlab/Documents/swvul/java-vuln-detection/slicing/output/CPG/cwe789_cpg/cwe789-99-cpg-resolved.bin	tc99_flow2	CWE789_Uncontrolled_Mem_Alloc__Environment_HashSet_52a.java	63	CWE789_Uncontrolled_Mem_Alloc__Environment_HashSet_52c.java	39
/home/swlab/Documents/swvul/java-vuln-detection/slicing/output/CPG/cwe789_cpg/cwe789-100-cpg-resolved.bin	tc100_flow1	CWE789_Uncontrolled_Mem_Alloc__Environment_HashSet_53a.java	34	CWE789_Uncontrolled_Mem_Alloc__Environment_HashSet_53d.java	30
/home/swlab/Documents/swvul/java-vuln-detection/slicing/output/CPG/cwe789_cpg/cwe789-100-cpg-resolved.bin	tc100_flow2	CWE789_Uncontrolled_Mem_Alloc__Environment_HashSet_53a.java	63	CWE789_Uncontrolled_Mem_Alloc__Environment_HashSet_53d.java	39
/home/swlab/Documents/swvul/java-vuln-detection/slicing/output/CPG/cwe789_cpg/cwe789-101-cpg-resolved.bin	tc101_flow1	CWE789_Uncontrolled_Mem_Alloc__Environment_HashSet_54a.java	34	CWE789_Uncontrolled_Mem_Alloc__Environment_HashSet_54e.java	30
/home/swlab/Documents/swvul/java-vuln-detection/slicing/output/CPG/cwe789_cpg/cwe789-101-cpg-resolved.bin	tc101_flow2	CWE789_Uncontrolled_Mem_Alloc__Environment_HashSet_54a.java	63	CWE789_Uncontrolled_Mem_Alloc__Environment_HashSet_54e.java	39
/home/swlab/Documents/swvul/java-vuln-detection/slicing/output/CPG/cwe789_cpg/cwe789-102-cpg-resolved.bin	tc102_flow1	CWE789_Uncontrolled_Mem_Alloc__Environment_HashSet_61b.java	34	CWE789_Uncontrolled_Mem_Alloc__Environment_HashSet_61a.java	31
/home/swlab/Documents/swvul/java-vuln-detection/slicing/output/CPG/cwe789_cpg/cwe789-102-cpg-resolved.bin	tc102_flow2	CWE789_Uncontrolled_Mem_Alloc__Environment_HashSet_61b.java	58	CWE789_Uncontrolled_Mem_Alloc__Environment_HashSet_61a.java	46
/home/swlab/Documents/swvul/java-vuln-detection/slicing/output/CPG/cwe789_cpg/cwe789-103-cpg-resolved.bin	tc103_flow1	CWE789_Uncontrolled_Mem_Alloc__Environment_HashSet_66a.java	34	CWE789_Uncontrolled_Mem_Alloc__Environment_HashSet_66b.java	31
/home/swlab/Documents/swvul/java-vuln-detection/slicing/output/CPG/cwe789_cpg/cwe789-103-cpg-resolved.bin	tc103_flow2	CWE789_Uncontrolled_Mem_Alloc__Environment_HashSet_66a.java	65	CWE789_Uncontrolled_Mem_Alloc__Environment_HashSet_66b.java	41
/home/swlab/Documents/swvul/java-vuln-detection/slicing/output/CPG/cwe789_cpg/cwe789-104-cpg-resolved.bin	tc104_flow1	CWE789_Uncontrolled_Mem_Alloc__Environment_HashSet_67a.java	39	CWE789_Uncontrolled_Mem_Alloc__Environment_HashSet_67b.java	31
/home/swlab/Documents/swvul/java-vuln-detection/slicing/output/CPG/cwe789_cpg/cwe789-104-cpg-resolved.bin	tc104_flow2	CWE789_Uncontrolled_Mem_Alloc__Environment_HashSet_67a.java	70	CWE789_Uncontrolled_Mem_Alloc__Environment_HashSet_67b.java	41
/home/swlab/Documents/swvul/java-vuln-detection/slicing/output/CPG/cwe789_cpg/cwe789-105-cpg-resolved.bin	tc105_flow1	CWE789_Uncontrolled_Mem_Alloc__Environment_HashSet_68a.java	34	CWE789_Uncontrolled_Mem_Alloc__Environment_HashSet_68b.java	30
/home/swlab/Documents/swvul/java-vuln-detection/slicing/output/CPG/cwe789_cpg/cwe789-105-cpg-resolved.bin	tc105_flow2	CWE789_Uncontrolled_Mem_Alloc__Environment_HashSet_68a.java	62	CWE789_Uncontrolled_Mem_Alloc__Environment_HashSet_68b.java	40
/home/swlab/Documents/swvul/java-vuln-detection/slicing/output/CPG/cwe789_cpg/cwe789-106-cpg-resolved.bin	tc106_flow1	CWE789_Uncontrolled_Mem_Alloc__Environment_HashSet_71a.java	34	CWE789_Uncontrolled_Mem_Alloc__Environment_HashSet_71b.java	31
/home/swlab/Documents/swvul/java-vuln-detection/slicing/output/CPG/cwe789_cpg/cwe789-106-cpg-resolved.bin	tc106_flow2	CWE789_Uncontrolled_Mem_Alloc__Environment_HashSet_71a.java	63	CWE789_Uncontrolled_Mem_Alloc__Environment_HashSet_71b.java	41
/home/swlab/Documents/swvul/java-vuln-detection/slicing/output/CPG/cwe789_cpg/cwe789-107-cpg-resolved.bin	tc107_flow1	CWE789_Uncontrolled_Mem_Alloc__Environment_HashSet_72a.java	35	CWE789_Uncontrolled_Mem_Alloc__Environment_HashSet_72b.java	32
/home/swlab/Documents/swvul/java-vuln-detection/slicing/output/CPG/cwe789_cpg/cwe789-107-cpg-resolved.bin	tc107_flow2	CWE789_Uncontrolled_Mem_Alloc__Environment_HashSet_72a.java	68	CWE789_Uncontrolled_Mem_Alloc__Environment_HashSet_72b.java	42
/home/swlab/Documents/swvul/java-vuln-detection/slicing/output/CPG/cwe789_cpg/cwe789-108-cpg-resolved.bin	tc108_flow1	CWE789_Uncontrolled_Mem_Alloc__Environment_HashSet_73a.java	35	CWE789_Uncontrolled_Mem_Alloc__Environment_HashSet_73b.java	32
/home/swlab/Documents/swvul/java-vuln-detection/slicing/output/CPG/cwe789_cpg/cwe789-108-cpg-resolved.bin	tc108_flow2	CWE789_Uncontrolled_Mem_Alloc__Environment_HashSet_73a.java	68	CWE789_Uncontrolled_Mem_Alloc__Environment_HashSet_73b.java	42
/home/swlab/Documents/swvul/java-vuln-detection/slicing/output/CPG/cwe789_cpg/cwe789-109-cpg-resolved.bin	tc109_flow1	CWE789_Uncontrolled_Mem_Alloc__Environment_HashSet_74a.java	35	CWE789_Uncontrolled_Mem_Alloc__Environment_HashSet_74b.java	32
/home/swlab/Documents/swvul/java-vuln-detection/slicing/output/CPG/cwe789_cpg/cwe789-109-cpg-resolved.bin	tc109_flow2	CWE789_Uncontrolled_Mem_Alloc__Environment_HashSet_74a.java	68	CWE789_Uncontrolled_Mem_Alloc__Environment_HashSet_74b.java	42
/home/swlab/Documents/swvul/java-vuln-detection/slicing/output/CPG/cwe789_cpg/cwe789-110-cpg-resolved.bin	tc110_flow1	CWE789_Uncontrolled_Mem_Alloc__Environment_HashSet_75a.java	38	CWE789_Uncontrolled_Mem_Alloc__Environment_HashSet_75b.java	43
/home/swlab/Documents/swvul/java-vuln-detection/slicing/output/CPG/cwe789_cpg/cwe789-110-cpg-resolved.bin	tc110_flow2	CWE789_Uncontrolled_Mem_Alloc__Environment_HashSet_75a.java	109	CWE789_Uncontrolled_Mem_Alloc__Environment_HashSet_75b.java	97
/home/swlab/Documents/swvul/java-vuln-detection/slicing/output/CPG/cwe789_cpg/cwe789-111-cpg-resolved.bin	tc111_flow1	CWE789_Uncontrolled_Mem_Alloc__Environment_HashSet_81a.java	34	CWE789_Uncontrolled_Mem_Alloc__Environment_HashSet_81_bad.java	30
/home/swlab/Documents/swvul/java-vuln-detection/slicing/output/CPG/cwe789_cpg/cwe789-111-cpg-resolved.bin	tc111_flow2	CWE789_Uncontrolled_Mem_Alloc__Environment_HashSet_81a.java	64	CWE789_Uncontrolled_Mem_Alloc__Environment_HashSet_81_goodG2B.java	30
/home/swlab/Documents/swvul/java-vuln-detection/slicing/output/CPG/cwe789_cpg/cwe789-112-cpg-resolved.bin	tc112_flow2	CWE789_Uncontrolled_Mem_Alloc__File_ArrayList_01.java	130	CWE789_Uncontrolled_Mem_Alloc__File_ArrayList_01.java	133
/home/swlab/Documents/swvul/java-vuln-detection/slicing/output/CPG/cwe789_cpg/cwe789-113-cpg-resolved.bin	tc113_flow2	CWE789_Uncontrolled_Mem_Alloc__File_ArrayList_02.java	138	CWE789_Uncontrolled_Mem_Alloc__File_ArrayList_02.java	143
/home/swlab/Documents/swvul/java-vuln-detection/slicing/output/CPG/cwe789_cpg/cwe789-113-cpg-resolved.bin	tc113_flow3	CWE789_Uncontrolled_Mem_Alloc__File_ArrayList_02.java	154	CWE789_Uncontrolled_Mem_Alloc__File_ArrayList_02.java	164
/home/swlab/Documents/swvul/java-vuln-detection/slicing/output/CPG/cwe789_cpg/cwe789-114-cpg-resolved.bin	tc114_flow2	CWE789_Uncontrolled_Mem_Alloc__File_ArrayList_03.java	138	CWE789_Uncontrolled_Mem_Alloc__File_ArrayList_03.java	143
/home/swlab/Documents/swvul/java-vuln-detection/slicing/output/CPG/cwe789_cpg/cwe789-114-cpg-resolved.bin	tc114_flow3	CWE789_Uncontrolled_Mem_Alloc__File_ArrayList_03.java	154	CWE789_Uncontrolled_Mem_Alloc__File_ArrayList_03.java	164
/home/swlab/Documents/swvul/java-vuln-detection/slicing/output/CPG/cwe789_cpg/cwe789-115-cpg-resolved.bin	tc115_flow2	CWE789_Uncontrolled_Mem_Alloc__File_ArrayList_04.java	145	CWE789_Uncontrolled_Mem_Alloc__File_ArrayList_04.java	150
/home/swlab/Documents/swvul/java-vuln-detection/slicing/output/CPG/cwe789_cpg/cwe789-115-cpg-resolved.bin	tc115_flow3	CWE789_Uncontrolled_Mem_Alloc__File_ArrayList_04.java	161	CWE789_Uncontrolled_Mem_Alloc__File_ArrayList_04.java	171
/home/swlab/Documents/swvul/java-vuln-detection/slicing/output/CPG/cwe789_cpg/cwe789-116-cpg-resolved.bin	tc116_flow2	CWE789_Uncontrolled_Mem_Alloc__File_ArrayList_05.java	145	CWE789_Uncontrolled_Mem_Alloc__File_ArrayList_05.java	150
/home/swlab/Documents/swvul/java-vuln-detection/slicing/output/CPG/cwe789_cpg/cwe789-116-cpg-resolved.bin	tc116_flow3	CWE789_Uncontrolled_Mem_Alloc__File_ArrayList_05.java	161	CWE789_Uncontrolled_Mem_Alloc__File_ArrayList_05.java	171
/home/swlab/Documents/swvul/java-vuln-detection/slicing/output/CPG/cwe789_cpg/cwe789-117-cpg-resolved.bin	tc117_flow2	CWE789_Uncontrolled_Mem_Alloc__File_ArrayList_06.java	144	CWE789_Uncontrolled_Mem_Alloc__File_ArrayList_06.java	149
/home/swlab/Documents/swvul/java-vuln-detection/slicing/output/CPG/cwe789_cpg/cwe789-117-cpg-resolved.bin	tc117_flow3	CWE789_Uncontrolled_Mem_Alloc__File_ArrayList_06.java	160	CWE789_Uncontrolled_Mem_Alloc__File_ArrayList_06.java	170
/home/swlab/Documents/swvul/java-vuln-detection/slicing/output/CPG/cwe789_cpg/cwe789-118-cpg-resolved.bin	tc118_flow2	CWE789_Uncontrolled_Mem_Alloc__File_ArrayList_07.java	144	CWE789_Uncontrolled_Mem_Alloc__File_ArrayList_07.java	149
/home/swlab/Documents/swvul/java-vuln-detection/slicing/output/CPG/cwe789_cpg/cwe789-118-cpg-resolved.bin	tc118_flow3	CWE789_Uncontrolled_Mem_Alloc__File_ArrayList_07.java	160	CWE789_Uncontrolled_Mem_Alloc__File_ArrayList_07.java	170
/home/swlab/Documents/swvul/java-vuln-detection/slicing/output/CPG/cwe789_cpg/cwe789-119-cpg-resolved.bin	tc119_flow2	CWE789_Uncontrolled_Mem_Alloc__File_ArrayList_08.java	152	CWE789_Uncontrolled_Mem_Alloc__File_ArrayList_08.java	157
/home/swlab/Documents/swvul/java-vuln-detection/slicing/output/CPG/cwe789_cpg/cwe789-119-cpg-resolved.bin	tc119_flow3	CWE789_Uncontrolled_Mem_Alloc__File_ArrayList_08.java	168	CWE789_Uncontrolled_Mem_Alloc__File_ArrayList_08.java	178
/home/swlab/Documents/swvul/java-vuln-detection/slicing/output/CPG/cwe789_cpg/cwe789-120-cpg-resolved.bin	tc120_flow2	CWE789_Uncontrolled_Mem_Alloc__File_ArrayList_09.java	138	CWE789_Uncontrolled_Mem_Alloc__File_ArrayList_09.java	143
/home/swlab/Documents/swvul/java-vuln-detection/slicing/output/CPG/cwe789_cpg/cwe789-120-cpg-resolved.bin	tc120_flow3	CWE789_Uncontrolled_Mem_Alloc__File_ArrayList_09.java	154	CWE789_Uncontrolled_Mem_Alloc__File_ArrayList_09.java	164
/home/swlab/Documents/swvul/java-vuln-detection/slicing/output/CPG/cwe789_cpg/cwe789-121-cpg-resolved.bin	tc121_flow2	CWE789_Uncontrolled_Mem_Alloc__File_ArrayList_10.java	138	CWE789_Uncontrolled_Mem_Alloc__File_ArrayList_10.java	143
/home/swlab/Documents/swvul/java-vuln-detection/slicing/output/CPG/cwe789_cpg/cwe789-121-cpg-resolved.bin	tc121_flow3	CWE789_Uncontrolled_Mem_Alloc__File_ArrayList_10.java	154	CWE789_Uncontrolled_Mem_Alloc__File_ArrayList_10.java	164
/home/swlab/Documents/swvul/java-vuln-detection/slicing/output/CPG/cwe789_cpg/cwe789-122-cpg-resolved.bin	tc122_flow2	CWE789_Uncontrolled_Mem_Alloc__File_ArrayList_11.java	138	CWE789_Uncontrolled_Mem_Alloc__File_ArrayList_11.java	143
/home/swlab/Documents/swvul/java-vuln-detection/slicing/output/CPG/cwe789_cpg/cwe789-122-cpg-resolved.bin	tc122_flow3	CWE789_Uncontrolled_Mem_Alloc__File_ArrayList_11.java	154	CWE789_Uncontrolled_Mem_Alloc__File_ArrayList_11.java	164
/home/swlab/Documents/swvul/java-vuln-detection/slicing/output/CPG/cwe789_cpg/cwe789-123-cpg-resolved.bin	tc123_flow2	CWE789_Uncontrolled_Mem_Alloc__File_ArrayList_12.java	133	CWE789_Uncontrolled_Mem_Alloc__File_ArrayList_12.java	144
/home/swlab/Documents/swvul/java-vuln-detection/slicing/output/CPG/cwe789_cpg/cwe789-124-cpg-resolved.bin	tc124_flow2	CWE789_Uncontrolled_Mem_Alloc__File_ArrayList_13.java	138	CWE789_Uncontrolled_Mem_Alloc__File_ArrayList_13.java	143
/home/swlab/Documents/swvul/java-vuln-detection/slicing/output/CPG/cwe789_cpg/cwe789-124-cpg-resolved.bin	tc124_flow3	CWE789_Uncontrolled_Mem_Alloc__File_ArrayList_13.java	154	CWE789_Uncontrolled_Mem_Alloc__File_ArrayList_13.java	164
/home/swlab/Documents/swvul/java-vuln-detection/slicing/output/CPG/cwe789_cpg/cwe789-125-cpg-resolved.bin	tc125_flow2	CWE789_Uncontrolled_Mem_Alloc__File_ArrayList_14.java	138	CWE789_Uncontrolled_Mem_Alloc__File_ArrayList_14.java	143
/home/swlab/Documents/swvul/java-vuln-detection/slicing/output/CPG/cwe789_cpg/cwe789-125-cpg-resolved.bin	tc125_flow3	CWE789_Uncontrolled_Mem_Alloc__File_ArrayList_14.java	154	CWE789_Uncontrolled_Mem_Alloc__File_ArrayList_14.java	164
/home/swlab/Documents/swvul/java-vuln-detection/slicing/output/CPG/cwe789_cpg/cwe789-126-cpg-resolved.bin	tc126_flow2	CWE789_Uncontrolled_Mem_Alloc__File_ArrayList_15.java	140	CWE789_Uncontrolled_Mem_Alloc__File_ArrayList_15.java	145
/home/swlab/Documents/swvul/java-vuln-detection/slicing/output/CPG/cwe789_cpg/cwe789-126-cpg-resolved.bin	tc126_flow3	CWE789_Uncontrolled_Mem_Alloc__File_ArrayList_15.java	158	CWE789_Uncontrolled_Mem_Alloc__File_ArrayList_15.java	168
/home/swlab/Documents/swvul/java-vuln-detection/slicing/output/CPG/cwe789_cpg/cwe789-127-cpg-resolved.bin	tc127_flow2	CWE789_Uncontrolled_Mem_Alloc__File_ArrayList_16.java	128	CWE789_Uncontrolled_Mem_Alloc__File_ArrayList_16.java	133
/home/swlab/Documents/swvul/java-vuln-detection/slicing/output/CPG/cwe789_cpg/cwe789-128-cpg-resolved.bin	tc128_flow2	CWE789_Uncontrolled_Mem_Alloc__File_ArrayList_17.java	128	CWE789_Uncontrolled_Mem_Alloc__File_ArrayList_17.java	133
/home/swlab/Documents/swvul/java-vuln-detection/slicing/output/CPG/cwe789_cpg/cwe789-129-cpg-resolved.bin	tc129_flow2	CWE789_Uncontrolled_Mem_Alloc__File_ArrayList_21.java	175	CWE789_Uncontrolled_Mem_Alloc__File_ArrayList_21.java	157
/home/swlab/Documents/swvul/java-vuln-detection/slicing/output/CPG/cwe789_cpg/cwe789-129-cpg-resolved.bin	tc129_flow3	CWE789_Uncontrolled_Mem_Alloc__File_ArrayList_21.java	202	CWE789_Uncontrolled_Mem_Alloc__File_ArrayList_21.java	191
/home/swlab/Documents/swvul/java-vuln-detection/slicing/output/CPG/cwe789_cpg/cwe789-130-cpg-resolved.bin	tc130_flow2	CWE789_Uncontrolled_Mem_Alloc__File_ArrayList_22b.java	135	CWE789_Uncontrolled_Mem_Alloc__File_ArrayList_22a.java	62
/home/swlab/Documents/swvul/java-vuln-detection/slicing/output/CPG/cwe789_cpg/cwe789-130-cpg-resolved.bin	tc130_flow3	CWE789_Uncontrolled_Mem_Alloc__File_ArrayList_22b.java	150	CWE789_Uncontrolled_Mem_Alloc__File_ArrayList_22a.java	75
/home/swlab/Documents/swvul/java-vuln-detection/slicing/output/CPG/cwe789_cpg/cwe789-131-cpg-resolved.bin	tc131_flow2	CWE789_Uncontrolled_Mem_Alloc__File_ArrayList_31.java	141	CWE789_Uncontrolled_Mem_Alloc__File_ArrayList_31.java	149
/home/swlab/Documents/swvul/java-vuln-detection/slicing/output/CPG/cwe789_cpg/cwe789-132-cpg-resolved.bin	tc132_flow2	CWE789_Uncontrolled_Mem_Alloc__File_ArrayList_41.java	143	CWE789_Uncontrolled_Mem_Alloc__File_ArrayList_41.java	133
/home/swlab/Documents/swvul/java-vuln-detection/slicing/output/CPG/cwe789_cpg/cwe789-133-cpg-resolved.bin	tc133_flow2	CWE789_Uncontrolled_Mem_Alloc__File_ArrayList_42.java	131	CWE789_Uncontrolled_Mem_Alloc__File_ArrayList_42.java	142
/home/swlab/Documents/swvul/java-vuln-detection/slicing/output/CPG/cwe789_cpg/cwe789-134-cpg-resolved.bin	tc134_flow2	CWE789_Uncontrolled_Mem_Alloc__File_ArrayList_45.java	151	CWE789_Uncontrolled_Mem_Alloc__File_ArrayList_45.java	141
/home/swlab/Documents/swvul/java-vuln-detection/slicing/output/CPG/cwe789_cpg/cwe789-135-cpg-resolved.bin	tc135_flow2	CWE789_Uncontrolled_Mem_Alloc__File_ArrayList_51a.java	125	CWE789_Uncontrolled_Mem_Alloc__File_ArrayList_51b.java	38
/home/swlab/Documents/swvul/java-vuln-detection/slicing/output/CPG/cwe789_cpg/cwe789-136-cpg-resolved.bin	tc136_flow2	CWE789_Uncontrolled_Mem_Alloc__File_ArrayList_52a.java	126	CWE789_Uncontrolled_Mem_Alloc__File_ArrayList_52c.java	39
/home/swlab/Documents/swvul/java-vuln-detection/slicing/output/CPG/cwe789_cpg/cwe789-137-cpg-resolved.bin	tc137_flow2	CWE789_Uncontrolled_Mem_Alloc__File_ArrayList_53a.java	126	CWE789_Uncontrolled_Mem_Alloc__File_ArrayList_53d.java	39
/home/swlab/Documents/swvul/java-vuln-detection/slicing/output/CPG/cwe789_cpg/cwe789-138-cpg-resolved.bin	tc138_flow2	CWE789_Uncontrolled_Mem_Alloc__File_ArrayList_54a.java	126	CWE789_Uncontrolled_Mem_Alloc__File_ArrayList_54e.java	39
/home/swlab/Documents/swvul/java-vuln-detection/slicing/output/CPG/cwe789_cpg/cwe789-139-cpg-resolved.bin	tc139_flow2	CWE789_Uncontrolled_Mem_Alloc__File_ArrayList_61b.java	121	CWE789_Uncontrolled_Mem_Alloc__File_ArrayList_61a.java	46
/home/swlab/Documents/swvul/java-vuln-detection/slicing/output/CPG/cwe789_cpg/cwe789-140-cpg-resolved.bin	tc140_flow2	CWE789_Uncontrolled_Mem_Alloc__File_ArrayList_66a.java	128	CWE789_Uncontrolled_Mem_Alloc__File_ArrayList_66b.java	41
/home/swlab/Documents/swvul/java-vuln-detection/slicing/output/CPG/cwe789_cpg/cwe789-141-cpg-resolved.bin	tc141_flow2	CWE789_Uncontrolled_Mem_Alloc__File_ArrayList_67a.java	133	CWE789_Uncontrolled_Mem_Alloc__File_ArrayList_67b.java	41
/home/swlab/Documents/swvul/java-vuln-detection/slicing/output/CPG/cwe789_cpg/cwe789-142-cpg-resolved.bin	tc142_flow2	CWE789_Uncontrolled_Mem_Alloc__File_ArrayList_68a.java	125	CWE789_Uncontrolled_Mem_Alloc__File_ArrayList_68b.java	40
/home/swlab/Documents/swvul/java-vuln-detection/slicing/output/CPG/cwe789_cpg/cwe789-143-cpg-resolved.bin	tc143_flow2	CWE789_Uncontrolled_Mem_Alloc__File_ArrayList_71a.java	126	CWE789_Uncontrolled_Mem_Alloc__File_ArrayList_71b.java	41
/home/swlab/Documents/swvul/java-vuln-detection/slicing/output/CPG/cwe789_cpg/cwe789-144-cpg-resolved.bin	tc144_flow2	CWE789_Uncontrolled_Mem_Alloc__File_ArrayList_72a.java	131	CWE789_Uncontrolled_Mem_Alloc__File_ArrayList_72b.java	42
/home/swlab/Documents/swvul/java-vuln-detection/slicing/output/CPG/cwe789_cpg/cwe789-145-cpg-resolved.bin	tc145_flow2	CWE789_Uncontrolled_Mem_Alloc__File_ArrayList_73a.java	131	CWE789_Uncontrolled_Mem_Alloc__File_ArrayList_73b.java	42
/home/swlab/Documents/swvul/java-vuln-detection/slicing/output/CPG/cwe789_cpg/cwe789-146-cpg-resolved.bin	tc146_flow2	CWE789_Uncontrolled_Mem_Alloc__File_ArrayList_74a.java	131	CWE789_Uncontrolled_Mem_Alloc__File_ArrayList_74b.java	42
/home/swlab/Documents/swvul/java-vuln-detection/slicing/output/CPG/cwe789_cpg/cwe789-147-cpg-resolved.bin	tc147_flow2	CWE789_Uncontrolled_Mem_Alloc__File_ArrayList_75a.java	171	CWE789_Uncontrolled_Mem_Alloc__File_ArrayList_75b.java	97
/home/swlab/Documents/swvul/java-vuln-detection/slicing/output/CPG/cwe789_cpg/cwe789-148-cpg-resolved.bin	tc148_flow2	CWE789_Uncontrolled_Mem_Alloc__File_ArrayList_81a.java	127	CWE789_Uncontrolled_Mem_Alloc__File_ArrayList_81_goodG2B.java	30
/home/swlab/Documents/swvul/java-vuln-detection/slicing/output/CPG/cwe789_cpg/cwe789-149-cpg-resolved.bin	tc149_flow2	CWE789_Uncontrolled_Mem_Alloc__File_HashMap_01.java	130	CWE789_Uncontrolled_Mem_Alloc__File_HashMap_01.java	133
/home/swlab/Documents/swvul/java-vuln-detection/slicing/output/CPG/cwe789_cpg/cwe789-150-cpg-resolved.bin	tc150_flow2	CWE789_Uncontrolled_Mem_Alloc__File_HashMap_02.java	138	CWE789_Uncontrolled_Mem_Alloc__File_HashMap_02.java	143
/home/swlab/Documents/swvul/java-vuln-detection/slicing/output/CPG/cwe789_cpg/cwe789-150-cpg-resolved.bin	tc150_flow3	CWE789_Uncontrolled_Mem_Alloc__File_HashMap_02.java	154	CWE789_Uncontrolled_Mem_Alloc__File_HashMap_02.java	164
/home/swlab/Documents/swvul/java-vuln-detection/slicing/output/CPG/cwe789_cpg/cwe789-151-cpg-resolved.bin	tc151_flow2	CWE789_Uncontrolled_Mem_Alloc__File_HashMap_03.java	138	CWE789_Uncontrolled_Mem_Alloc__File_HashMap_03.java	143
/home/swlab/Documents/swvul/java-vuln-detection/slicing/output/CPG/cwe789_cpg/cwe789-151-cpg-resolved.bin	tc151_flow3	CWE789_Uncontrolled_Mem_Alloc__File_HashMap_03.java	154	CWE789_Uncontrolled_Mem_Alloc__File_HashMap_03.java	164
/home/swlab/Documents/swvul/java-vuln-detection/slicing/output/CPG/cwe789_cpg/cwe789-152-cpg-resolved.bin	tc152_flow2	CWE789_Uncontrolled_Mem_Alloc__File_HashMap_04.java	145	CWE789_Uncontrolled_Mem_Alloc__File_HashMap_04.java	150
/home/swlab/Documents/swvul/java-vuln-detection/slicing/output/CPG/cwe789_cpg/cwe789-152-cpg-resolved.bin	tc152_flow3	CWE789_Uncontrolled_Mem_Alloc__File_HashMap_04.java	161	CWE789_Uncontrolled_Mem_Alloc__File_HashMap_04.java	171
/home/swlab/Documents/swvul/java-vuln-detection/slicing/output/CPG/cwe789_cpg/cwe789-153-cpg-resolved.bin	tc153_flow2	CWE789_Uncontrolled_Mem_Alloc__File_HashMap_05.java	145	CWE789_Uncontrolled_Mem_Alloc__File_HashMap_05.java	150
/home/swlab/Documents/swvul/java-vuln-detection/slicing/output/CPG/cwe789_cpg/cwe789-153-cpg-resolved.bin	tc153_flow3	CWE789_Uncontrolled_Mem_Alloc__File_HashMap_05.java	161	CWE789_Uncontrolled_Mem_Alloc__File_HashMap_05.java	171
/home/swlab/Documents/swvul/java-vuln-detection/slicing/output/CPG/cwe789_cpg/cwe789-154-cpg-resolved.bin	tc154_flow2	CWE789_Uncontrolled_Mem_Alloc__File_HashMap_06.java	144	CWE789_Uncontrolled_Mem_Alloc__File_HashMap_06.java	149
/home/swlab/Documents/swvul/java-vuln-detection/slicing/output/CPG/cwe789_cpg/cwe789-154-cpg-resolved.bin	tc154_flow3	CWE789_Uncontrolled_Mem_Alloc__File_HashMap_06.java	160	CWE789_Uncontrolled_Mem_Alloc__File_HashMap_06.java	170
/home/swlab/Documents/swvul/java-vuln-detection/slicing/output/CPG/cwe789_cpg/cwe789-155-cpg-resolved.bin	tc155_flow2	CWE789_Uncontrolled_Mem_Alloc__File_HashMap_07.java	144	CWE789_Uncontrolled_Mem_Alloc__File_HashMap_07.java	149
/home/swlab/Documents/swvul/java-vuln-detection/slicing/output/CPG/cwe789_cpg/cwe789-155-cpg-resolved.bin	tc155_flow3	CWE789_Uncontrolled_Mem_Alloc__File_HashMap_07.java	160	CWE789_Uncontrolled_Mem_Alloc__File_HashMap_07.java	170
/home/swlab/Documents/swvul/java-vuln-detection/slicing/output/CPG/cwe789_cpg/cwe789-156-cpg-resolved.bin	tc156_flow2	CWE789_Uncontrolled_Mem_Alloc__File_HashMap_08.java	152	CWE789_Uncontrolled_Mem_Alloc__File_HashMap_08.java	157
/home/swlab/Documents/swvul/java-vuln-detection/slicing/output/CPG/cwe789_cpg/cwe789-156-cpg-resolved.bin	tc156_flow3	CWE789_Uncontrolled_Mem_Alloc__File_HashMap_08.java	168	CWE789_Uncontrolled_Mem_Alloc__File_HashMap_08.java	178
/home/swlab/Documents/swvul/java-vuln-detection/slicing/output/CPG/cwe789_cpg/cwe789-157-cpg-resolved.bin	tc157_flow2	CWE789_Uncontrolled_Mem_Alloc__File_HashMap_09.java	138	CWE789_Uncontrolled_Mem_Alloc__File_HashMap_09.java	143
/home/swlab/Documents/swvul/java-vuln-detection/slicing/output/CPG/cwe789_cpg/cwe789-157-cpg-resolved.bin	tc157_flow3	CWE789_Uncontrolled_Mem_Alloc__File_HashMap_09.java	154	CWE789_Uncontrolled_Mem_Alloc__File_HashMap_09.java	164
/home/swlab/Documents/swvul/java-vuln-detection/slicing/output/CPG/cwe789_cpg/cwe789-158-cpg-resolved.bin	tc158_flow2	CWE789_Uncontrolled_Mem_Alloc__File_HashMap_10.java	138	CWE789_Uncontrolled_Mem_Alloc__File_HashMap_10.java	143
/home/swlab/Documents/swvul/java-vuln-detection/slicing/output/CPG/cwe789_cpg/cwe789-158-cpg-resolved.bin	tc158_flow3	CWE789_Uncontrolled_Mem_Alloc__File_HashMap_10.java	154	CWE789_Uncontrolled_Mem_Alloc__File_HashMap_10.java	164
/home/swlab/Documents/swvul/java-vuln-detection/slicing/output/CPG/cwe789_cpg/cwe789-159-cpg-resolved.bin	tc159_flow2	CWE789_Uncontrolled_Mem_Alloc__File_HashMap_11.java	138	CWE789_Uncontrolled_Mem_Alloc__File_HashMap_11.java	143
/home/swlab/Documents/swvul/java-vuln-detection/slicing/output/CPG/cwe789_cpg/cwe789-159-cpg-resolved.bin	tc159_flow3	CWE789_Uncontrolled_Mem_Alloc__File_HashMap_11.java	154	CWE789_Uncontrolled_Mem_Alloc__File_HashMap_11.java	164
/home/swlab/Documents/swvul/java-vuln-detection/slicing/output/CPG/cwe789_cpg/cwe789-160-cpg-resolved.bin	tc160_flow2	CWE789_Uncontrolled_Mem_Alloc__File_HashMap_12.java	133	CWE789_Uncontrolled_Mem_Alloc__File_HashMap_12.java	144
/home/swlab/Documents/swvul/java-vuln-detection/slicing/output/CPG/cwe789_cpg/cwe789-161-cpg-resolved.bin	tc161_flow2	CWE789_Uncontrolled_Mem_Alloc__File_HashMap_13.java	138	CWE789_Uncontrolled_Mem_Alloc__File_HashMap_13.java	143
/home/swlab/Documents/swvul/java-vuln-detection/slicing/output/CPG/cwe789_cpg/cwe789-161-cpg-resolved.bin	tc161_flow3	CWE789_Uncontrolled_Mem_Alloc__File_HashMap_13.java	154	CWE789_Uncontrolled_Mem_Alloc__File_HashMap_13.java	164
/home/swlab/Documents/swvul/java-vuln-detection/slicing/output/CPG/cwe789_cpg/cwe789-162-cpg-resolved.bin	tc162_flow2	CWE789_Uncontrolled_Mem_Alloc__File_HashMap_14.java	138	CWE789_Uncontrolled_Mem_Alloc__File_HashMap_14.java	143
/home/swlab/Documents/swvul/java-vuln-detection/slicing/output/CPG/cwe789_cpg/cwe789-162-cpg-resolved.bin	tc162_flow3	CWE789_Uncontrolled_Mem_Alloc__File_HashMap_14.java	154	CWE789_Uncontrolled_Mem_Alloc__File_HashMap_14.java	164
/home/swlab/Documents/swvul/java-vuln-detection/slicing/output/CPG/cwe789_cpg/cwe789-163-cpg-resolved.bin	tc163_flow2	CWE789_Uncontrolled_Mem_Alloc__File_HashMap_15.java	140	CWE789_Uncontrolled_Mem_Alloc__File_HashMap_15.java	145
/home/swlab/Documents/swvul/java-vuln-detection/slicing/output/CPG/cwe789_cpg/cwe789-163-cpg-resolved.bin	tc163_flow3	CWE789_Uncontrolled_Mem_Alloc__File_HashMap_15.java	158	CWE789_Uncontrolled_Mem_Alloc__File_HashMap_15.java	168
/home/swlab/Documents/swvul/java-vuln-detection/slicing/output/CPG/cwe789_cpg/cwe789-164-cpg-resolved.bin	tc164_flow2	CWE789_Uncontrolled_Mem_Alloc__File_HashMap_16.java	128	CWE789_Uncontrolled_Mem_Alloc__File_HashMap_16.java	133
/home/swlab/Documents/swvul/java-vuln-detection/slicing/output/CPG/cwe789_cpg/cwe789-165-cpg-resolved.bin	tc165_flow2	CWE789_Uncontrolled_Mem_Alloc__File_HashMap_17.java	128	CWE789_Uncontrolled_Mem_Alloc__File_HashMap_17.java	133
/home/swlab/Documents/swvul/java-vuln-detection/slicing/output/CPG/cwe789_cpg/cwe789-166-cpg-resolved.bin	tc166_flow2	CWE789_Uncontrolled_Mem_Alloc__File_HashMap_21.java	175	CWE789_Uncontrolled_Mem_Alloc__File_HashMap_21.java	157
/home/swlab/Documents/swvul/java-vuln-detection/slicing/output/CPG/cwe789_cpg/cwe789-166-cpg-resolved.bin	tc166_flow3	CWE789_Uncontrolled_Mem_Alloc__File_HashMap_21.java	202	CWE789_Uncontrolled_Mem_Alloc__File_HashMap_21.java	191
/home/swlab/Documents/swvul/java-vuln-detection/slicing/output/CPG/cwe789_cpg/cwe789-167-cpg-resolved.bin	tc167_flow2	CWE789_Uncontrolled_Mem_Alloc__File_HashMap_22b.java	135	CWE789_Uncontrolled_Mem_Alloc__File_HashMap_22a.java	62
/home/swlab/Documents/swvul/java-vuln-detection/slicing/output/CPG/cwe789_cpg/cwe789-167-cpg-resolved.bin	tc167_flow3	CWE789_Uncontrolled_Mem_Alloc__File_HashMap_22b.java	150	CWE789_Uncontrolled_Mem_Alloc__File_HashMap_22a.java	75
/home/swlab/Documents/swvul/java-vuln-detection/slicing/output/CPG/cwe789_cpg/cwe789-168-cpg-resolved.bin	tc168_flow2	CWE789_Uncontrolled_Mem_Alloc__File_HashMap_31.java	141	CWE789_Uncontrolled_Mem_Alloc__File_HashMap_31.java	149
/home/swlab/Documents/swvul/java-vuln-detection/slicing/output/CPG/cwe789_cpg/cwe789-169-cpg-resolved.bin	tc169_flow2	CWE789_Uncontrolled_Mem_Alloc__File_HashMap_41.java	143	CWE789_Uncontrolled_Mem_Alloc__File_HashMap_41.java	133
/home/swlab/Documents/swvul/java-vuln-detection/slicing/output/CPG/cwe789_cpg/cwe789-170-cpg-resolved.bin	tc170_flow2	CWE789_Uncontrolled_Mem_Alloc__File_HashMap_42.java	131	CWE789_Uncontrolled_Mem_Alloc__File_HashMap_42.java	142
/home/swlab/Documents/swvul/java-vuln-detection/slicing/output/CPG/cwe789_cpg/cwe789-171-cpg-resolved.bin	tc171_flow2	CWE789_Uncontrolled_Mem_Alloc__File_HashMap_45.java	151	CWE789_Uncontrolled_Mem_Alloc__File_HashMap_45.java	141
/home/swlab/Documents/swvul/java-vuln-detection/slicing/output/CPG/cwe789_cpg/cwe789-172-cpg-resolved.bin	tc172_flow2	CWE789_Uncontrolled_Mem_Alloc__File_HashMap_51a.java	125	CWE789_Uncontrolled_Mem_Alloc__File_HashMap_51b.java	38
/home/swlab/Documents/swvul/java-vuln-detection/slicing/output/CPG/cwe789_cpg/cwe789-173-cpg-resolved.bin	tc173_flow2	CWE789_Uncontrolled_Mem_Alloc__File_HashMap_52a.java	126	CWE789_Uncontrolled_Mem_Alloc__File_HashMap_52c.java	39
/home/swlab/Documents/swvul/java-vuln-detection/slicing/output/CPG/cwe789_cpg/cwe789-174-cpg-resolved.bin	tc174_flow2	CWE789_Uncontrolled_Mem_Alloc__File_HashMap_53a.java	126	CWE789_Uncontrolled_Mem_Alloc__File_HashMap_53d.java	39
/home/swlab/Documents/swvul/java-vuln-detection/slicing/output/CPG/cwe789_cpg/cwe789-175-cpg-resolved.bin	tc175_flow2	CWE789_Uncontrolled_Mem_Alloc__File_HashMap_54a.java	126	CWE789_Uncontrolled_Mem_Alloc__File_HashMap_54e.java	39
/home/swlab/Documents/swvul/java-vuln-detection/slicing/output/CPG/cwe789_cpg/cwe789-176-cpg-resolved.bin	tc176_flow2	CWE789_Uncontrolled_Mem_Alloc__File_HashMap_61b.java	121	CWE789_Uncontrolled_Mem_Alloc__File_HashMap_61a.java	46
/home/swlab/Documents/swvul/java-vuln-detection/slicing/output/CPG/cwe789_cpg/cwe789-177-cpg-resolved.bin	tc177_flow2	CWE789_Uncontrolled_Mem_Alloc__File_HashMap_66a.java	128	CWE789_Uncontrolled_Mem_Alloc__File_HashMap_66b.java	41
/home/swlab/Documents/swvul/java-vuln-detection/slicing/output/CPG/cwe789_cpg/cwe789-178-cpg-resolved.bin	tc178_flow2	CWE789_Uncontrolled_Mem_Alloc__File_HashMap_67a.java	133	CWE789_Uncontrolled_Mem_Alloc__File_HashMap_67b.java	41
/home/swlab/Documents/swvul/java-vuln-detection/slicing/output/CPG/cwe789_cpg/cwe789-179-cpg-resolved.bin	tc179_flow2	CWE789_Uncontrolled_Mem_Alloc__File_HashMap_68a.java	125	CWE789_Uncontrolled_Mem_Alloc__File_HashMap_68b.java	40
/home/swlab/Documents/swvul/java-vuln-detection/slicing/output/CPG/cwe789_cpg/cwe789-180-cpg-resolved.bin	tc180_flow2	CWE789_Uncontrolled_Mem_Alloc__File_HashMap_71a.java	126	CWE789_Uncontrolled_Mem_Alloc__File_HashMap_71b.java	41
/home/swlab/Documents/swvul/java-vuln-detection/slicing/output/CPG/cwe789_cpg/cwe789-181-cpg-resolved.bin	tc181_flow2	CWE789_Uncontrolled_Mem_Alloc__File_HashMap_72a.java	131	CWE789_Uncontrolled_Mem_Alloc__File_HashMap_72b.java	42
/home/swlab/Documents/swvul/java-vuln-detection/slicing/output/CPG/cwe789_cpg/cwe789-182-cpg-resolved.bin	tc182_flow2	CWE789_Uncontrolled_Mem_Alloc__File_HashMap_73a.java	131	CWE789_Uncontrolled_Mem_Alloc__File_HashMap_73b.java	42
/home/swlab/Documents/swvul/java-vuln-detection/slicing/output/CPG/cwe789_cpg/cwe789-183-cpg-resolved.bin	tc183_flow2	CWE789_Uncontrolled_Mem_Alloc__File_HashMap_74a.java	131	CWE789_Uncontrolled_Mem_Alloc__File_HashMap_74b.java	41
/home/swlab/Documents/swvul/java-vuln-detection/slicing/output/CPG/cwe789_cpg/cwe789-184-cpg-resolved.bin	tc184_flow2	CWE789_Uncontrolled_Mem_Alloc__File_HashMap_75a.java	171	CWE789_Uncontrolled_Mem_Alloc__File_HashMap_75b.java	97
/home/swlab/Documents/swvul/java-vuln-detection/slicing/output/CPG/cwe789_cpg/cwe789-185-cpg-resolved.bin	tc185_flow2	CWE789_Uncontrolled_Mem_Alloc__File_HashMap_81a.java	127	CWE789_Uncontrolled_Mem_Alloc__File_HashMap_81_goodG2B.java	30
/home/swlab/Documents/swvul/java-vuln-detection/slicing/output/CPG/cwe789_cpg/cwe789-186-cpg-resolved.bin	tc186_flow2	CWE789_Uncontrolled_Mem_Alloc__File_HashSet_01.java	130	CWE789_Uncontrolled_Mem_Alloc__File_HashSet_01.java	133
/home/swlab/Documents/swvul/java-vuln-detection/slicing/output/CPG/cwe789_cpg/cwe789-187-cpg-resolved.bin	tc187_flow2	CWE789_Uncontrolled_Mem_Alloc__File_HashSet_02.java	138	CWE789_Uncontrolled_Mem_Alloc__File_HashSet_02.java	143
/home/swlab/Documents/swvul/java-vuln-detection/slicing/output/CPG/cwe789_cpg/cwe789-187-cpg-resolved.bin	tc187_flow3	CWE789_Uncontrolled_Mem_Alloc__File_HashSet_02.java	154	CWE789_Uncontrolled_Mem_Alloc__File_HashSet_02.java	164
/home/swlab/Documents/swvul/java-vuln-detection/slicing/output/CPG/cwe789_cpg/cwe789-188-cpg-resolved.bin	tc188_flow2	CWE789_Uncontrolled_Mem_Alloc__File_HashSet_03.java	138	CWE789_Uncontrolled_Mem_Alloc__File_HashSet_03.java	143
/home/swlab/Documents/swvul/java-vuln-detection/slicing/output/CPG/cwe789_cpg/cwe789-188-cpg-resolved.bin	tc188_flow3	CWE789_Uncontrolled_Mem_Alloc__File_HashSet_03.java	154	CWE789_Uncontrolled_Mem_Alloc__File_HashSet_03.java	164
/home/swlab/Documents/swvul/java-vuln-detection/slicing/output/CPG/cwe789_cpg/cwe789-189-cpg-resolved.bin	tc189_flow2	CWE789_Uncontrolled_Mem_Alloc__File_HashSet_04.java	145	CWE789_Uncontrolled_Mem_Alloc__File_HashSet_04.java	150
/home/swlab/Documents/swvul/java-vuln-detection/slicing/output/CPG/cwe789_cpg/cwe789-189-cpg-resolved.bin	tc189_flow3	CWE789_Uncontrolled_Mem_Alloc__File_HashSet_04.java	161	CWE789_Uncontrolled_Mem_Alloc__File_HashSet_04.java	171
/home/swlab/Documents/swvul/java-vuln-detection/slicing/output/CPG/cwe789_cpg/cwe789-190-cpg-resolved.bin	tc190_flow2	CWE789_Uncontrolled_Mem_Alloc__File_HashSet_05.java	145	CWE789_Uncontrolled_Mem_Alloc__File_HashSet_05.java	150
/home/swlab/Documents/swvul/java-vuln-detection/slicing/output/CPG/cwe789_cpg/cwe789-190-cpg-resolved.bin	tc190_flow3	CWE789_Uncontrolled_Mem_Alloc__File_HashSet_05.java	161	CWE789_Uncontrolled_Mem_Alloc__File_HashSet_05.java	171
/home/swlab/Documents/swvul/java-vuln-detection/slicing/output/CPG/cwe789_cpg/cwe789-191-cpg-resolved.bin	tc191_flow2	CWE789_Uncontrolled_Mem_Alloc__File_HashSet_06.java	144	CWE789_Uncontrolled_Mem_Alloc__File_HashSet_06.java	149
/home/swlab/Documents/swvul/java-vuln-detection/slicing/output/CPG/cwe789_cpg/cwe789-191-cpg-resolved.bin	tc191_flow3	CWE789_Uncontrolled_Mem_Alloc__File_HashSet_06.java	160	CWE789_Uncontrolled_Mem_Alloc__File_HashSet_06.java	170
/home/swlab/Documents/swvul/java-vuln-detection/slicing/output/CPG/cwe789_cpg/cwe789-192-cpg-resolved.bin	tc192_flow2	CWE789_Uncontrolled_Mem_Alloc__File_HashSet_07.java	144	CWE789_Uncontrolled_Mem_Alloc__File_HashSet_07.java	149
/home/swlab/Documents/swvul/java-vuln-detection/slicing/output/CPG/cwe789_cpg/cwe789-192-cpg-resolved.bin	tc192_flow3	CWE789_Uncontrolled_Mem_Alloc__File_HashSet_07.java	160	CWE789_Uncontrolled_Mem_Alloc__File_HashSet_07.java	170
/home/swlab/Documents/swvul/java-vuln-detection/slicing/output/CPG/cwe789_cpg/cwe789-193-cpg-resolved.bin	tc193_flow2	CWE789_Uncontrolled_Mem_Alloc__File_HashSet_08.java	152	CWE789_Uncontrolled_Mem_Alloc__File_HashSet_08.java	157
/home/swlab/Documents/swvul/java-vuln-detection/slicing/output/CPG/cwe789_cpg/cwe789-193-cpg-resolved.bin	tc193_flow3	CWE789_Uncontrolled_Mem_Alloc__File_HashSet_08.java	168	CWE789_Uncontrolled_Mem_Alloc__File_HashSet_08.java	178
/home/swlab/Documents/swvul/java-vuln-detection/slicing/output/CPG/cwe789_cpg/cwe789-194-cpg-resolved.bin	tc194_flow2	CWE789_Uncontrolled_Mem_Alloc__File_HashSet_09.java	138	CWE789_Uncontrolled_Mem_Alloc__File_HashSet_09.java	143
/home/swlab/Documents/swvul/java-vuln-detection/slicing/output/CPG/cwe789_cpg/cwe789-194-cpg-resolved.bin	tc194_flow3	CWE789_Uncontrolled_Mem_Alloc__File_HashSet_09.java	154	CWE789_Uncontrolled_Mem_Alloc__File_HashSet_09.java	164
/home/swlab/Documents/swvul/java-vuln-detection/slicing/output/CPG/cwe789_cpg/cwe789-195-cpg-resolved.bin	tc195_flow2	CWE789_Uncontrolled_Mem_Alloc__File_HashSet_10.java	138	CWE789_Uncontrolled_Mem_Alloc__File_HashSet_10.java	143
/home/swlab/Documents/swvul/java-vuln-detection/slicing/output/CPG/cwe789_cpg/cwe789-195-cpg-resolved.bin	tc195_flow3	CWE789_Uncontrolled_Mem_Alloc__File_HashSet_10.java	154	CWE789_Uncontrolled_Mem_Alloc__File_HashSet_10.java	164
/home/swlab/Documents/swvul/java-vuln-detection/slicing/output/CPG/cwe789_cpg/cwe789-196-cpg-resolved.bin	tc196_flow2	CWE789_Uncontrolled_Mem_Alloc__File_HashSet_11.java	138	CWE789_Uncontrolled_Mem_Alloc__File_HashSet_11.java	143
/home/swlab/Documents/swvul/java-vuln-detection/slicing/output/CPG/cwe789_cpg/cwe789-196-cpg-resolved.bin	tc196_flow3	CWE789_Uncontrolled_Mem_Alloc__File_HashSet_11.java	154	CWE789_Uncontrolled_Mem_Alloc__File_HashSet_11.java	164
/home/swlab/Documents/swvul/java-vuln-detection/slicing/output/CPG/cwe789_cpg/cwe789-197-cpg-resolved.bin	tc197_flow2	CWE789_Uncontrolled_Mem_Alloc__File_HashSet_12.java	133	CWE789_Uncontrolled_Mem_Alloc__File_HashSet_12.java	144
/home/swlab/Documents/swvul/java-vuln-detection/slicing/output/CPG/cwe789_cpg/cwe789-198-cpg-resolved.bin	tc198_flow2	CWE789_Uncontrolled_Mem_Alloc__File_HashSet_13.java	138	CWE789_Uncontrolled_Mem_Alloc__File_HashSet_13.java	143
/home/swlab/Documents/swvul/java-vuln-detection/slicing/output/CPG/cwe789_cpg/cwe789-198-cpg-resolved.bin	tc198_flow3	CWE789_Uncontrolled_Mem_Alloc__File_HashSet_13.java	154	CWE789_Uncontrolled_Mem_Alloc__File_HashSet_13.java	164
/home/swlab/Documents/swvul/java-vuln-detection/slicing/output/CPG/cwe789_cpg/cwe789-199-cpg-resolved.bin	tc199_flow2	CWE789_Uncontrolled_Mem_Alloc__File_HashSet_14.java	138	CWE789_Uncontrolled_Mem_Alloc__File_HashSet_14.java	143
/home/swlab/Documents/swvul/java-vuln-detection/slicing/output/CPG/cwe789_cpg/cwe789-199-cpg-resolved.bin	tc199_flow3	CWE789_Uncontrolled_Mem_Alloc__File_HashSet_14.java	154	CWE789_Uncontrolled_Mem_Alloc__File_HashSet_14.java	164
/home/swlab/Documents/swvul/java-vuln-detection/slicing/output/CPG/cwe789_cpg/cwe789-200-cpg-resolved.bin	tc200_flow2	CWE789_Uncontrolled_Mem_Alloc__File_HashSet_15.java	140	CWE789_Uncontrolled_Mem_Alloc__File_HashSet_15.java	145
/home/swlab/Documents/swvul/java-vuln-detection/slicing/output/CPG/cwe789_cpg/cwe789-200-cpg-resolved.bin	tc200_flow3	CWE789_Uncontrolled_Mem_Alloc__File_HashSet_15.java	158	CWE789_Uncontrolled_Mem_Alloc__File_HashSet_15.java	168
/home/swlab/Documents/swvul/java-vuln-detection/slicing/output/CPG/cwe789_cpg/cwe789-201-cpg-resolved.bin	tc201_flow2	CWE789_Uncontrolled_Mem_Alloc__File_HashSet_16.java	128	CWE789_Uncontrolled_Mem_Alloc__File_HashSet_16.java	133
/home/swlab/Documents/swvul/java-vuln-detection/slicing/output/CPG/cwe789_cpg/cwe789-202-cpg-resolved.bin	tc202_flow2	CWE789_Uncontrolled_Mem_Alloc__File_HashSet_17.java	128	CWE789_Uncontrolled_Mem_Alloc__File_HashSet_17.java	133
/home/swlab/Documents/swvul/java-vuln-detection/slicing/output/CPG/cwe789_cpg/cwe789-203-cpg-resolved.bin	tc203_flow2	CWE789_Uncontrolled_Mem_Alloc__File_HashSet_21.java	175	CWE789_Uncontrolled_Mem_Alloc__File_HashSet_21.java	157
/home/swlab/Documents/swvul/java-vuln-detection/slicing/output/CPG/cwe789_cpg/cwe789-203-cpg-resolved.bin	tc203_flow3	CWE789_Uncontrolled_Mem_Alloc__File_HashSet_21.java	202	CWE789_Uncontrolled_Mem_Alloc__File_HashSet_21.java	191
/home/swlab/Documents/swvul/java-vuln-detection/slicing/output/CPG/cwe789_cpg/cwe789-204-cpg-resolved.bin	tc204_flow2	CWE789_Uncontrolled_Mem_Alloc__File_HashSet_22b.java	135	CWE789_Uncontrolled_Mem_Alloc__File_HashSet_22a.java	62
/home/swlab/Documents/swvul/java-vuln-detection/slicing/output/CPG/cwe789_cpg/cwe789-204-cpg-resolved.bin	tc204_flow3	CWE789_Uncontrolled_Mem_Alloc__File_HashSet_22b.java	150	CWE789_Uncontrolled_Mem_Alloc__File_HashSet_22a.java	75
/home/swlab/Documents/swvul/java-vuln-detection/slicing/output/CPG/cwe789_cpg/cwe789-205-cpg-resolved.bin	tc205_flow2	CWE789_Uncontrolled_Mem_Alloc__File_HashSet_31.java	141	CWE789_Uncontrolled_Mem_Alloc__File_HashSet_31.java	149
/home/swlab/Documents/swvul/java-vuln-detection/slicing/output/CPG/cwe789_cpg/cwe789-206-cpg-resolved.bin	tc206_flow2	CWE789_Uncontrolled_Mem_Alloc__File_HashSet_41.java	143	CWE789_Uncontrolled_Mem_Alloc__File_HashSet_41.java	133
/home/swlab/Documents/swvul/java-vuln-detection/slicing/output/CPG/cwe789_cpg/cwe789-207-cpg-resolved.bin	tc207_flow2	CWE789_Uncontrolled_Mem_Alloc__File_HashSet_42.java	131	CWE789_Uncontrolled_Mem_Alloc__File_HashSet_42.java	142
/home/swlab/Documents/swvul/java-vuln-detection/slicing/output/CPG/cwe789_cpg/cwe789-208-cpg-resolved.bin	tc208_flow2	CWE789_Uncontrolled_Mem_Alloc__File_HashSet_45.java	151	CWE789_Uncontrolled_Mem_Alloc__File_HashSet_45.java	141
/home/swlab/Documents/swvul/java-vuln-detection/slicing/output/CPG/cwe789_cpg/cwe789-209-cpg-resolved.bin	tc209_flow2	CWE789_Uncontrolled_Mem_Alloc__File_HashSet_51a.java	125	CWE789_Uncontrolled_Mem_Alloc__File_HashSet_51b.java	38
/home/swlab/Documents/swvul/java-vuln-detection/slicing/output/CPG/cwe789_cpg/cwe789-210-cpg-resolved.bin	tc210_flow2	CWE789_Uncontrolled_Mem_Alloc__File_HashSet_52a.java	126	CWE789_Uncontrolled_Mem_Alloc__File_HashSet_52c.java	39
/home/swlab/Documents/swvul/java-vuln-detection/slicing/output/CPG/cwe789_cpg/cwe789-211-cpg-resolved.bin	tc211_flow2	CWE789_Uncontrolled_Mem_Alloc__File_HashSet_53a.java	126	CWE789_Uncontrolled_Mem_Alloc__File_HashSet_53d.java	39
/home/swlab/Documents/swvul/java-vuln-detection/slicing/output/CPG/cwe789_cpg/cwe789-212-cpg-resolved.bin	tc212_flow2	CWE789_Uncontrolled_Mem_Alloc__File_HashSet_54a.java	126	CWE789_Uncontrolled_Mem_Alloc__File_HashSet_54e.java	39
/home/swlab/Documents/swvul/java-vuln-detection/slicing/output/CPG/cwe789_cpg/cwe789-213-cpg-resolved.bin	tc213_flow2	CWE789_Uncontrolled_Mem_Alloc__File_HashSet_61b.java	121	CWE789_Uncontrolled_Mem_Alloc__File_HashSet_61a.java	46
/home/swlab/Documents/swvul/java-vuln-detection/slicing/output/CPG/cwe789_cpg/cwe789-214-cpg-resolved.bin	tc214_flow2	CWE789_Uncontrolled_Mem_Alloc__File_HashSet_66a.java	128	CWE789_Uncontrolled_Mem_Alloc__File_HashSet_66b.java	41
/home/swlab/Documents/swvul/java-vuln-detection/slicing/output/CPG/cwe789_cpg/cwe789-215-cpg-resolved.bin	tc215_flow2	CWE789_Uncontrolled_Mem_Alloc__File_HashSet_67a.java	133	CWE789_Uncontrolled_Mem_Alloc__File_HashSet_67b.java	41
/home/swlab/Documents/swvul/java-vuln-detection/slicing/output/CPG/cwe789_cpg/cwe789-216-cpg-resolved.bin	tc216_flow2	CWE789_Uncontrolled_Mem_Alloc__File_HashSet_68a.java	125	CWE789_Uncontrolled_Mem_Alloc__File_HashSet_68b.java	40
/home/swlab/Documents/swvul/java-vuln-detection/slicing/output/CPG/cwe789_cpg/cwe789-217-cpg-resolved.bin	tc217_flow2	CWE789_Uncontrolled_Mem_Alloc__File_HashSet_71a.java	126	CWE789_Uncontrolled_Mem_Alloc__File_HashSet_71b.java	41
/home/swlab/Documents/swvul/java-vuln-detection/slicing/output/CPG/cwe789_cpg/cwe789-218-cpg-resolved.bin	tc218_flow2	CWE789_Uncontrolled_Mem_Alloc__File_HashSet_72a.java	131	CWE789_Uncontrolled_Mem_Alloc__File_HashSet_72b.java	42
/home/swlab/Documents/swvul/java-vuln-detection/slicing/output/CPG/cwe789_cpg/cwe789-219-cpg-resolved.bin	tc219_flow2	CWE789_Uncontrolled_Mem_Alloc__File_HashSet_73a.java	131	CWE789_Uncontrolled_Mem_Alloc__File_HashSet_73b.java	42
/home/swlab/Documents/swvul/java-vuln-detection/slicing/output/CPG/cwe789_cpg/cwe789-220-cpg-resolved.bin	tc220_flow2	CWE789_Uncontrolled_Mem_Alloc__File_HashSet_74a.java	131	CWE789_Uncontrolled_Mem_Alloc__File_HashSet_74b.java	42
/home/swlab/Documents/swvul/java-vuln-detection/slicing/output/CPG/cwe789_cpg/cwe789-221-cpg-resolved.bin	tc221_flow2	CWE789_Uncontrolled_Mem_Alloc__File_HashSet_75a.java	171	CWE789_Uncontrolled_Mem_Alloc__File_HashSet_75b.java	97
/home/swlab/Documents/swvul/java-vuln-detection/slicing/output/CPG/cwe789_cpg/cwe789-222-cpg-resolved.bin	tc222_flow2	CWE789_Uncontrolled_Mem_Alloc__File_HashSet_81a.java	127	CWE789_Uncontrolled_Mem_Alloc__File_HashSet_81_goodG2B.java	30
/home/swlab/Documents/swvul/java-vuln-detection/slicing/output/CPG/cwe789_cpg/cwe789-223-cpg-resolved.bin	tc223_flow1	CWE789_Uncontrolled_Mem_Alloc__PropertiesFile_ArrayList_01.java	50	CWE789_Uncontrolled_Mem_Alloc__PropertiesFile_ArrayList_01.java	85
/home/swlab/Documents/swvul/java-vuln-detection/slicing/output/CPG/cwe789_cpg/cwe789-223-cpg-resolved.bin	tc223_flow2	CWE789_Uncontrolled_Mem_Alloc__PropertiesFile_ArrayList_01.java	100	CWE789_Uncontrolled_Mem_Alloc__PropertiesFile_ArrayList_01.java	103
/home/swlab/Documents/swvul/java-vuln-detection/slicing/output/CPG/cwe789_cpg/cwe789-224-cpg-resolved.bin	tc224_flow1	CWE789_Uncontrolled_Mem_Alloc__PropertiesFile_ArrayList_02.java	48	CWE789_Uncontrolled_Mem_Alloc__PropertiesFile_ArrayList_02.java	90
/home/swlab/Documents/swvul/java-vuln-detection/slicing/output/CPG/cwe789_cpg/cwe789-224-cpg-resolved.bin	tc224_flow2	CWE789_Uncontrolled_Mem_Alloc__PropertiesFile_ArrayList_02.java	108	CWE789_Uncontrolled_Mem_Alloc__PropertiesFile_ArrayList_02.java	113
/home/swlab/Documents/swvul/java-vuln-detection/slicing/output/CPG/cwe789_cpg/cwe789-224-cpg-resolved.bin	tc224_flow3	CWE789_Uncontrolled_Mem_Alloc__PropertiesFile_ArrayList_02.java	124	CWE789_Uncontrolled_Mem_Alloc__PropertiesFile_ArrayList_02.java	134
/home/swlab/Documents/swvul/java-vuln-detection/slicing/output/CPG/cwe789_cpg/cwe789-225-cpg-resolved.bin	tc225_flow1	CWE789_Uncontrolled_Mem_Alloc__PropertiesFile_ArrayList_03.java	48	CWE789_Uncontrolled_Mem_Alloc__PropertiesFile_ArrayList_03.java	90
/home/swlab/Documents/swvul/java-vuln-detection/slicing/output/CPG/cwe789_cpg/cwe789-225-cpg-resolved.bin	tc225_flow2	CWE789_Uncontrolled_Mem_Alloc__PropertiesFile_ArrayList_03.java	108	CWE789_Uncontrolled_Mem_Alloc__PropertiesFile_ArrayList_03.java	113
/home/swlab/Documents/swvul/java-vuln-detection/slicing/output/CPG/cwe789_cpg/cwe789-225-cpg-resolved.bin	tc225_flow3	CWE789_Uncontrolled_Mem_Alloc__PropertiesFile_ArrayList_03.java	124	CWE789_Uncontrolled_Mem_Alloc__PropertiesFile_ArrayList_03.java	134
/home/swlab/Documents/swvul/java-vuln-detection/slicing/output/CPG/cwe789_cpg/cwe789-226-cpg-resolved.bin	tc226_flow1	CWE789_Uncontrolled_Mem_Alloc__PropertiesFile_ArrayList_04.java	55	CWE789_Uncontrolled_Mem_Alloc__PropertiesFile_ArrayList_04.java	97
/home/swlab/Documents/swvul/java-vuln-detection/slicing/output/CPG/cwe789_cpg/cwe789-226-cpg-resolved.bin	tc226_flow2	CWE789_Uncontrolled_Mem_Alloc__PropertiesFile_ArrayList_04.java	115	CWE789_Uncontrolled_Mem_Alloc__PropertiesFile_ArrayList_04.java	120
/home/swlab/Documents/swvul/java-vuln-detection/slicing/output/CPG/cwe789_cpg/cwe789-226-cpg-resolved.bin	tc226_flow3	CWE789_Uncontrolled_Mem_Alloc__PropertiesFile_ArrayList_04.java	131	CWE789_Uncontrolled_Mem_Alloc__PropertiesFile_ArrayList_04.java	141
/home/swlab/Documents/swvul/java-vuln-detection/slicing/output/CPG/cwe789_cpg/cwe789-227-cpg-resolved.bin	tc227_flow1	CWE789_Uncontrolled_Mem_Alloc__PropertiesFile_ArrayList_05.java	55	CWE789_Uncontrolled_Mem_Alloc__PropertiesFile_ArrayList_05.java	97
/home/swlab/Documents/swvul/java-vuln-detection/slicing/output/CPG/cwe789_cpg/cwe789-227-cpg-resolved.bin	tc227_flow2	CWE789_Uncontrolled_Mem_Alloc__PropertiesFile_ArrayList_05.java	115	CWE789_Uncontrolled_Mem_Alloc__PropertiesFile_ArrayList_05.java	120
/home/swlab/Documents/swvul/java-vuln-detection/slicing/output/CPG/cwe789_cpg/cwe789-227-cpg-resolved.bin	tc227_flow3	CWE789_Uncontrolled_Mem_Alloc__PropertiesFile_ArrayList_05.java	131	CWE789_Uncontrolled_Mem_Alloc__PropertiesFile_ArrayList_05.java	141
/home/swlab/Documents/swvul/java-vuln-detection/slicing/output/CPG/cwe789_cpg/cwe789-228-cpg-resolved.bin	tc228_flow1	CWE789_Uncontrolled_Mem_Alloc__PropertiesFile_ArrayList_06.java	54	CWE789_Uncontrolled_Mem_Alloc__PropertiesFile_ArrayList_06.java	96
/home/swlab/Documents/swvul/java-vuln-detection/slicing/output/CPG/cwe789_cpg/cwe789-228-cpg-resolved.bin	tc228_flow2	CWE789_Uncontrolled_Mem_Alloc__PropertiesFile_ArrayList_06.java	114	CWE789_Uncontrolled_Mem_Alloc__PropertiesFile_ArrayList_06.java	119
/home/swlab/Documents/swvul/java-vuln-detection/slicing/output/CPG/cwe789_cpg/cwe789-228-cpg-resolved.bin	tc228_flow3	CWE789_Uncontrolled_Mem_Alloc__PropertiesFile_ArrayList_06.java	130	CWE789_Uncontrolled_Mem_Alloc__PropertiesFile_ArrayList_06.java	140
/home/swlab/Documents/swvul/java-vuln-detection/slicing/output/CPG/cwe789_cpg/cwe789-229-cpg-resolved.bin	tc229_flow1	CWE789_Uncontrolled_Mem_Alloc__PropertiesFile_ArrayList_07.java	54	CWE789_Uncontrolled_Mem_Alloc__PropertiesFile_ArrayList_07.java	96
/home/swlab/Documents/swvul/java-vuln-detection/slicing/output/CPG/cwe789_cpg/cwe789-229-cpg-resolved.bin	tc229_flow2	CWE789_Uncontrolled_Mem_Alloc__PropertiesFile_ArrayList_07.java	114	CWE789_Uncontrolled_Mem_Alloc__PropertiesFile_ArrayList_07.java	119
/home/swlab/Documents/swvul/java-vuln-detection/slicing/output/CPG/cwe789_cpg/cwe789-229-cpg-resolved.bin	tc229_flow3	CWE789_Uncontrolled_Mem_Alloc__PropertiesFile_ArrayList_07.java	130	CWE789_Uncontrolled_Mem_Alloc__PropertiesFile_ArrayList_07.java	140
/home/swlab/Documents/swvul/java-vuln-detection/slicing/output/CPG/cwe789_cpg/cwe789-230-cpg-resolved.bin	tc230_flow1	CWE789_Uncontrolled_Mem_Alloc__PropertiesFile_ArrayList_08.java	62	CWE789_Uncontrolled_Mem_Alloc__PropertiesFile_ArrayList_08.java	104
/home/swlab/Documents/swvul/java-vuln-detection/slicing/output/CPG/cwe789_cpg/cwe789-230-cpg-resolved.bin	tc230_flow2	CWE789_Uncontrolled_Mem_Alloc__PropertiesFile_ArrayList_08.java	122	CWE789_Uncontrolled_Mem_Alloc__PropertiesFile_ArrayList_08.java	127
/home/swlab/Documents/swvul/java-vuln-detection/slicing/output/CPG/cwe789_cpg/cwe789-230-cpg-resolved.bin	tc230_flow3	CWE789_Uncontrolled_Mem_Alloc__PropertiesFile_ArrayList_08.java	138	CWE789_Uncontrolled_Mem_Alloc__PropertiesFile_ArrayList_08.java	148
/home/swlab/Documents/swvul/java-vuln-detection/slicing/output/CPG/cwe789_cpg/cwe789-231-cpg-resolved.bin	tc231_flow1	CWE789_Uncontrolled_Mem_Alloc__PropertiesFile_ArrayList_09.java	48	CWE789_Uncontrolled_Mem_Alloc__PropertiesFile_ArrayList_09.java	90
/home/swlab/Documents/swvul/java-vuln-detection/slicing/output/CPG/cwe789_cpg/cwe789-231-cpg-resolved.bin	tc231_flow2	CWE789_Uncontrolled_Mem_Alloc__PropertiesFile_ArrayList_09.java	108	CWE789_Uncontrolled_Mem_Alloc__PropertiesFile_ArrayList_09.java	113
/home/swlab/Documents/swvul/java-vuln-detection/slicing/output/CPG/cwe789_cpg/cwe789-231-cpg-resolved.bin	tc231_flow3	CWE789_Uncontrolled_Mem_Alloc__PropertiesFile_ArrayList_09.java	124	CWE789_Uncontrolled_Mem_Alloc__PropertiesFile_ArrayList_09.java	134
/home/swlab/Documents/swvul/java-vuln-detection/slicing/output/CPG/cwe789_cpg/cwe789-232-cpg-resolved.bin	tc232_flow1	CWE789_Uncontrolled_Mem_Alloc__PropertiesFile_ArrayList_10.java	48	CWE789_Uncontrolled_Mem_Alloc__PropertiesFile_ArrayList_10.java	90
/home/swlab/Documents/swvul/java-vuln-detection/slicing/output/CPG/cwe789_cpg/cwe789-232-cpg-resolved.bin	tc232_flow2	CWE789_Uncontrolled_Mem_Alloc__PropertiesFile_ArrayList_10.java	108	CWE789_Uncontrolled_Mem_Alloc__PropertiesFile_ArrayList_10.java	113
/home/swlab/Documents/swvul/java-vuln-detection/slicing/output/CPG/cwe789_cpg/cwe789-232-cpg-resolved.bin	tc232_flow3	CWE789_Uncontrolled_Mem_Alloc__PropertiesFile_ArrayList_10.java	124	CWE789_Uncontrolled_Mem_Alloc__PropertiesFile_ArrayList_10.java	134
/home/swlab/Documents/swvul/java-vuln-detection/slicing/output/CPG/cwe789_cpg/cwe789-233-cpg-resolved.bin	tc233_flow1	CWE789_Uncontrolled_Mem_Alloc__PropertiesFile_ArrayList_11.java	48	CWE789_Uncontrolled_Mem_Alloc__PropertiesFile_ArrayList_11.java	90
/home/swlab/Documents/swvul/java-vuln-detection/slicing/output/CPG/cwe789_cpg/cwe789-233-cpg-resolved.bin	tc233_flow2	CWE789_Uncontrolled_Mem_Alloc__PropertiesFile_ArrayList_11.java	108	CWE789_Uncontrolled_Mem_Alloc__PropertiesFile_ArrayList_11.java	113
/home/swlab/Documents/swvul/java-vuln-detection/slicing/output/CPG/cwe789_cpg/cwe789-233-cpg-resolved.bin	tc233_flow3	CWE789_Uncontrolled_Mem_Alloc__PropertiesFile_ArrayList_11.java	124	CWE789_Uncontrolled_Mem_Alloc__PropertiesFile_ArrayList_11.java	134
/home/swlab/Documents/swvul/java-vuln-detection/slicing/output/CPG/cwe789_cpg/cwe789-234-cpg-resolved.bin	tc234_flow1	CWE789_Uncontrolled_Mem_Alloc__PropertiesFile_ArrayList_12.java	48	CWE789_Uncontrolled_Mem_Alloc__PropertiesFile_ArrayList_12.java	91
/home/swlab/Documents/swvul/java-vuln-detection/slicing/output/CPG/cwe789_cpg/cwe789-234-cpg-resolved.bin	tc234_flow2	CWE789_Uncontrolled_Mem_Alloc__PropertiesFile_ArrayList_12.java	103	CWE789_Uncontrolled_Mem_Alloc__PropertiesFile_ArrayList_12.java	114
/home/swlab/Documents/swvul/java-vuln-detection/slicing/output/CPG/cwe789_cpg/cwe789-235-cpg-resolved.bin	tc235_flow1	CWE789_Uncontrolled_Mem_Alloc__PropertiesFile_ArrayList_13.java	48	CWE789_Uncontrolled_Mem_Alloc__PropertiesFile_ArrayList_13.java	90
/home/swlab/Documents/swvul/java-vuln-detection/slicing/output/CPG/cwe789_cpg/cwe789-235-cpg-resolved.bin	tc235_flow2	CWE789_Uncontrolled_Mem_Alloc__PropertiesFile_ArrayList_13.java	108	CWE789_Uncontrolled_Mem_Alloc__PropertiesFile_ArrayList_13.java	113
/home/swlab/Documents/swvul/java-vuln-detection/slicing/output/CPG/cwe789_cpg/cwe789-235-cpg-resolved.bin	tc235_flow3	CWE789_Uncontrolled_Mem_Alloc__PropertiesFile_ArrayList_13.java	124	CWE789_Uncontrolled_Mem_Alloc__PropertiesFile_ArrayList_13.java	134
/home/swlab/Documents/swvul/java-vuln-detection/slicing/output/CPG/cwe789_cpg/cwe789-236-cpg-resolved.bin	tc236_flow1	CWE789_Uncontrolled_Mem_Alloc__PropertiesFile_ArrayList_14.java	48	CWE789_Uncontrolled_Mem_Alloc__PropertiesFile_ArrayList_14.java	90
/home/swlab/Documents/swvul/java-vuln-detection/slicing/output/CPG/cwe789_cpg/cwe789-236-cpg-resolved.bin	tc236_flow2	CWE789_Uncontrolled_Mem_Alloc__PropertiesFile_ArrayList_14.java	108	CWE789_Uncontrolled_Mem_Alloc__PropertiesFile_ArrayList_14.java	113
/home/swlab/Documents/swvul/java-vuln-detection/slicing/output/CPG/cwe789_cpg/cwe789-236-cpg-resolved.bin	tc236_flow3	CWE789_Uncontrolled_Mem_Alloc__PropertiesFile_ArrayList_14.java	124	CWE789_Uncontrolled_Mem_Alloc__PropertiesFile_ArrayList_14.java	134
/home/swlab/Documents/swvul/java-vuln-detection/slicing/output/CPG/cwe789_cpg/cwe789-237-cpg-resolved.bin	tc237_flow1	CWE789_Uncontrolled_Mem_Alloc__PropertiesFile_ArrayList_15.java	50	CWE789_Uncontrolled_Mem_Alloc__PropertiesFile_ArrayList_15.java	92
/home/swlab/Documents/swvul/java-vuln-detection/slicing/output/CPG/cwe789_cpg/cwe789-237-cpg-resolved.bin	tc237_flow2	CWE789_Uncontrolled_Mem_Alloc__PropertiesFile_ArrayList_15.java	110	CWE789_Uncontrolled_Mem_Alloc__PropertiesFile_ArrayList_15.java	115
/home/swlab/Documents/swvul/java-vuln-detection/slicing/output/CPG/cwe789_cpg/cwe789-237-cpg-resolved.bin	tc237_flow3	CWE789_Uncontrolled_Mem_Alloc__PropertiesFile_ArrayList_15.java	128	CWE789_Uncontrolled_Mem_Alloc__PropertiesFile_ArrayList_15.java	138
/home/swlab/Documents/swvul/java-vuln-detection/slicing/output/CPG/cwe789_cpg/cwe789-238-cpg-resolved.bin	tc238_flow1	CWE789_Uncontrolled_Mem_Alloc__PropertiesFile_ArrayList_16.java	49	CWE789_Uncontrolled_Mem_Alloc__PropertiesFile_ArrayList_16.java	86
/home/swlab/Documents/swvul/java-vuln-detection/slicing/output/CPG/cwe789_cpg/cwe789-238-cpg-resolved.bin	tc238_flow2	CWE789_Uncontrolled_Mem_Alloc__PropertiesFile_ArrayList_16.java	98	CWE789_Uncontrolled_Mem_Alloc__PropertiesFile_ArrayList_16.java	103
/home/swlab/Documents/swvul/java-vuln-detection/slicing/output/CPG/cwe789_cpg/cwe789-239-cpg-resolved.bin	tc239_flow1	CWE789_Uncontrolled_Mem_Alloc__PropertiesFile_ArrayList_17.java	50	CWE789_Uncontrolled_Mem_Alloc__PropertiesFile_ArrayList_17.java	87
/home/swlab/Documents/swvul/java-vuln-detection/slicing/output/CPG/cwe789_cpg/cwe789-239-cpg-resolved.bin	tc239_flow2	CWE789_Uncontrolled_Mem_Alloc__PropertiesFile_ArrayList_17.java	98	CWE789_Uncontrolled_Mem_Alloc__PropertiesFile_ArrayList_17.java	103
/home/swlab/Documents/swvul/java-vuln-detection/slicing/output/CPG/cwe789_cpg/cwe789-240-cpg-resolved.bin	tc240_flow1	CWE789_Uncontrolled_Mem_Alloc__PropertiesFile_ArrayList_21.java	64	CWE789_Uncontrolled_Mem_Alloc__PropertiesFile_ArrayList_21.java	44
/home/swlab/Documents/swvul/java-vuln-detection/slicing/output/CPG/cwe789_cpg/cwe789-240-cpg-resolved.bin	tc240_flow2	CWE789_Uncontrolled_Mem_Alloc__PropertiesFile_ArrayList_21.java	145	CWE789_Uncontrolled_Mem_Alloc__PropertiesFile_ArrayList_21.java	127
/home/swlab/Documents/swvul/java-vuln-detection/slicing/output/CPG/cwe789_cpg/cwe789-240-cpg-resolved.bin	tc240_flow3	CWE789_Uncontrolled_Mem_Alloc__PropertiesFile_ArrayList_21.java	172	CWE789_Uncontrolled_Mem_Alloc__PropertiesFile_ArrayList_21.java	161
/home/swlab/Documents/swvul/java-vuln-detection/slicing/output/CPG/cwe789_cpg/cwe789-241-cpg-resolved.bin	tc241_flow1	CWE789_Uncontrolled_Mem_Alloc__PropertiesFile_ArrayList_22b.java	47	CWE789_Uncontrolled_Mem_Alloc__PropertiesFile_ArrayList_22a.java	38
/home/swlab/Documents/swvul/java-vuln-detection/slicing/output/CPG/cwe789_cpg/cwe789-241-cpg-resolved.bin	tc241_flow2	CWE789_Uncontrolled_Mem_Alloc__PropertiesFile_ArrayList_22b.java	105	CWE789_Uncontrolled_Mem_Alloc__PropertiesFile_ArrayList_22a.java	62
/home/swlab/Documents/swvul/java-vuln-detection/slicing/output/CPG/cwe789_cpg/cwe789-241-cpg-resolved.bin	tc241_flow3	CWE789_Uncontrolled_Mem_Alloc__PropertiesFile_ArrayList_22b.java	120	CWE789_Uncontrolled_Mem_Alloc__PropertiesFile_ArrayList_22a.java	75
/home/swlab/Documents/swvul/java-vuln-detection/slicing/output/CPG/cwe789_cpg/cwe789-242-cpg-resolved.bin	tc242_flow1	CWE789_Uncontrolled_Mem_Alloc__PropertiesFile_ArrayList_31.java	53	CWE789_Uncontrolled_Mem_Alloc__PropertiesFile_ArrayList_31.java	93
/home/swlab/Documents/swvul/java-vuln-detection/slicing/output/CPG/cwe789_cpg/cwe789-242-cpg-resolved.bin	tc242_flow2	CWE789_Uncontrolled_Mem_Alloc__PropertiesFile_ArrayList_31.java	111	CWE789_Uncontrolled_Mem_Alloc__PropertiesFile_ArrayList_31.java	119
/home/swlab/Documents/swvul/java-vuln-detection/slicing/output/CPG/cwe789_cpg/cwe789-243-cpg-resolved.bin	tc243_flow1	CWE789_Uncontrolled_Mem_Alloc__PropertiesFile_ArrayList_41.java	57	CWE789_Uncontrolled_Mem_Alloc__PropertiesFile_ArrayList_41.java	36
/home/swlab/Documents/swvul/java-vuln-detection/slicing/output/CPG/cwe789_cpg/cwe789-243-cpg-resolved.bin	tc243_flow2	CWE789_Uncontrolled_Mem_Alloc__PropertiesFile_ArrayList_41.java	113	CWE789_Uncontrolled_Mem_Alloc__PropertiesFile_ArrayList_41.java	103
/home/swlab/Documents/swvul/java-vuln-detection/slicing/output/CPG/cwe789_cpg/cwe789-244-cpg-resolved.bin	tc244_flow1	CWE789_Uncontrolled_Mem_Alloc__PropertiesFile_ArrayList_42.java	49	CWE789_Uncontrolled_Mem_Alloc__PropertiesFile_ArrayList_42.java	92
/home/swlab/Documents/swvul/java-vuln-detection/slicing/output/CPG/cwe789_cpg/cwe789-244-cpg-resolved.bin	tc244_flow2	CWE789_Uncontrolled_Mem_Alloc__PropertiesFile_ArrayList_42.java	101	CWE789_Uncontrolled_Mem_Alloc__PropertiesFile_ArrayList_42.java	112
/home/swlab/Documents/swvul/java-vuln-detection/slicing/output/CPG/cwe789_cpg/cwe789-245-cpg-resolved.bin	tc245_flow1	CWE789_Uncontrolled_Mem_Alloc__PropertiesFile_ArrayList_45.java	63	CWE789_Uncontrolled_Mem_Alloc__PropertiesFile_ArrayList_45.java	41
/home/swlab/Documents/swvul/java-vuln-detection/slicing/output/CPG/cwe789_cpg/cwe789-245-cpg-resolved.bin	tc245_flow2	CWE789_Uncontrolled_Mem_Alloc__PropertiesFile_ArrayList_45.java	121	CWE789_Uncontrolled_Mem_Alloc__PropertiesFile_ArrayList_45.java	111
/home/swlab/Documents/swvul/java-vuln-detection/slicing/output/CPG/cwe789_cpg/cwe789-246-cpg-resolved.bin	tc246_flow1	CWE789_Uncontrolled_Mem_Alloc__PropertiesFile_ArrayList_51a.java	47	CWE789_Uncontrolled_Mem_Alloc__PropertiesFile_ArrayList_51b.java	29
/home/swlab/Documents/swvul/java-vuln-detection/slicing/output/CPG/cwe789_cpg/cwe789-246-cpg-resolved.bin	tc246_flow2	CWE789_Uncontrolled_Mem_Alloc__PropertiesFile_ArrayList_51a.java	95	CWE789_Uncontrolled_Mem_Alloc__PropertiesFile_ArrayList_51b.java	38
/home/swlab/Documents/swvul/java-vuln-detection/slicing/output/CPG/cwe789_cpg/cwe789-247-cpg-resolved.bin	tc247_flow1	CWE789_Uncontrolled_Mem_Alloc__PropertiesFile_ArrayList_52a.java	48	CWE789_Uncontrolled_Mem_Alloc__PropertiesFile_ArrayList_52c.java	30
/home/swlab/Documents/swvul/java-vuln-detection/slicing/output/CPG/cwe789_cpg/cwe789-247-cpg-resolved.bin	tc247_flow2	CWE789_Uncontrolled_Mem_Alloc__PropertiesFile_ArrayList_52a.java	96	CWE789_Uncontrolled_Mem_Alloc__PropertiesFile_ArrayList_52c.java	39
/home/swlab/Documents/swvul/java-vuln-detection/slicing/output/CPG/cwe789_cpg/cwe789-248-cpg-resolved.bin	tc248_flow1	CWE789_Uncontrolled_Mem_Alloc__PropertiesFile_ArrayList_53a.java	48	CWE789_Uncontrolled_Mem_Alloc__PropertiesFile_ArrayList_53d.java	30
/home/swlab/Documents/swvul/java-vuln-detection/slicing/output/CPG/cwe789_cpg/cwe789-248-cpg-resolved.bin	tc248_flow2	CWE789_Uncontrolled_Mem_Alloc__PropertiesFile_ArrayList_53a.java	96	CWE789_Uncontrolled_Mem_Alloc__PropertiesFile_ArrayList_53d.java	39
/home/swlab/Documents/swvul/java-vuln-detection/slicing/output/CPG/cwe789_cpg/cwe789-249-cpg-resolved.bin	tc249_flow1	CWE789_Uncontrolled_Mem_Alloc__PropertiesFile_ArrayList_54a.java	48	CWE789_Uncontrolled_Mem_Alloc__PropertiesFile_ArrayList_54e.java	30
/home/swlab/Documents/swvul/java-vuln-detection/slicing/output/CPG/cwe789_cpg/cwe789-249-cpg-resolved.bin	tc249_flow2	CWE789_Uncontrolled_Mem_Alloc__PropertiesFile_ArrayList_54a.java	96	CWE789_Uncontrolled_Mem_Alloc__PropertiesFile_ArrayList_54e.java	39
/home/swlab/Documents/swvul/java-vuln-detection/slicing/output/CPG/cwe789_cpg/cwe789-250-cpg-resolved.bin	tc250_flow1	CWE789_Uncontrolled_Mem_Alloc__PropertiesFile_ArrayList_61b.java	48	CWE789_Uncontrolled_Mem_Alloc__PropertiesFile_ArrayList_61a.java	31
/home/swlab/Documents/swvul/java-vuln-detection/slicing/output/CPG/cwe789_cpg/cwe789-250-cpg-resolved.bin	tc250_flow2	CWE789_Uncontrolled_Mem_Alloc__PropertiesFile_ArrayList_61b.java	91	CWE789_Uncontrolled_Mem_Alloc__PropertiesFile_ArrayList_61a.java	46
/home/swlab/Documents/swvul/java-vuln-detection/slicing/output/CPG/cwe789_cpg/cwe789-251-cpg-resolved.bin	tc251_flow1	CWE789_Uncontrolled_Mem_Alloc__PropertiesFile_ArrayList_66a.java	48	CWE789_Uncontrolled_Mem_Alloc__PropertiesFile_ArrayList_66b.java	31
/home/swlab/Documents/swvul/java-vuln-detection/slicing/output/CPG/cwe789_cpg/cwe789-251-cpg-resolved.bin	tc251_flow2	CWE789_Uncontrolled_Mem_Alloc__PropertiesFile_ArrayList_66a.java	98	CWE789_Uncontrolled_Mem_Alloc__PropertiesFile_ArrayList_66b.java	41
/home/swlab/Documents/swvul/java-vuln-detection/slicing/output/CPG/cwe789_cpg/cwe789-252-cpg-resolved.bin	tc252_flow1	CWE789_Uncontrolled_Mem_Alloc__PropertiesFile_ArrayList_67a.java	53	CWE789_Uncontrolled_Mem_Alloc__PropertiesFile_ArrayList_67b.java	31
/home/swlab/Documents/swvul/java-vuln-detection/slicing/output/CPG/cwe789_cpg/cwe789-252-cpg-resolved.bin	tc252_flow2	CWE789_Uncontrolled_Mem_Alloc__PropertiesFile_ArrayList_67a.java	103	CWE789_Uncontrolled_Mem_Alloc__PropertiesFile_ArrayList_67b.java	41
/home/swlab/Documents/swvul/java-vuln-detection/slicing/output/CPG/cwe789_cpg/cwe789-253-cpg-resolved.bin	tc253_flow1	CWE789_Uncontrolled_Mem_Alloc__PropertiesFile_ArrayList_68a.java	48	CWE789_Uncontrolled_Mem_Alloc__PropertiesFile_ArrayList_68b.java	30
/home/swlab/Documents/swvul/java-vuln-detection/slicing/output/CPG/cwe789_cpg/cwe789-253-cpg-resolved.bin	tc253_flow2	CWE789_Uncontrolled_Mem_Alloc__PropertiesFile_ArrayList_68a.java	95	CWE789_Uncontrolled_Mem_Alloc__PropertiesFile_ArrayList_68b.java	40
/home/swlab/Documents/swvul/java-vuln-detection/slicing/output/CPG/cwe789_cpg/cwe789-254-cpg-resolved.bin	tc254_flow1	CWE789_Uncontrolled_Mem_Alloc__PropertiesFile_ArrayList_71a.java	48	CWE789_Uncontrolled_Mem_Alloc__PropertiesFile_ArrayList_71b.java	31
/home/swlab/Documents/swvul/java-vuln-detection/slicing/output/CPG/cwe789_cpg/cwe789-254-cpg-resolved.bin	tc254_flow2	CWE789_Uncontrolled_Mem_Alloc__PropertiesFile_ArrayList_71a.java	96	CWE789_Uncontrolled_Mem_Alloc__PropertiesFile_ArrayList_71b.java	41
/home/swlab/Documents/swvul/java-vuln-detection/slicing/output/CPG/cwe789_cpg/cwe789-255-cpg-resolved.bin	tc255_flow1	CWE789_Uncontrolled_Mem_Alloc__PropertiesFile_ArrayList_72a.java	49	CWE789_Uncontrolled_Mem_Alloc__PropertiesFile_ArrayList_72b.java	32
/home/swlab/Documents/swvul/java-vuln-detection/slicing/output/CPG/cwe789_cpg/cwe789-255-cpg-resolved.bin	tc255_flow2	CWE789_Uncontrolled_Mem_Alloc__PropertiesFile_ArrayList_72a.java	101	CWE789_Uncontrolled_Mem_Alloc__PropertiesFile_ArrayList_72b.java	42
/home/swlab/Documents/swvul/java-vuln-detection/slicing/output/CPG/cwe789_cpg/cwe789-256-cpg-resolved.bin	tc256_flow1	CWE789_Uncontrolled_Mem_Alloc__PropertiesFile_ArrayList_73a.java	49	CWE789_Uncontrolled_Mem_Alloc__PropertiesFile_ArrayList_73b.java	32
/home/swlab/Documents/swvul/java-vuln-detection/slicing/output/CPG/cwe789_cpg/cwe789-256-cpg-resolved.bin	tc256_flow2	CWE789_Uncontrolled_Mem_Alloc__PropertiesFile_ArrayList_73a.java	101	CWE789_Uncontrolled_Mem_Alloc__PropertiesFile_ArrayList_73b.java	42
/home/swlab/Documents/swvul/java-vuln-detection/slicing/output/CPG/cwe789_cpg/cwe789-257-cpg-resolved.bin	tc257_flow1	CWE789_Uncontrolled_Mem_Alloc__PropertiesFile_ArrayList_74a.java	49	CWE789_Uncontrolled_Mem_Alloc__PropertiesFile_ArrayList_74b.java	32
/home/swlab/Documents/swvul/java-vuln-detection/slicing/output/CPG/cwe789_cpg/cwe789-257-cpg-resolved.bin	tc257_flow2	CWE789_Uncontrolled_Mem_Alloc__PropertiesFile_ArrayList_74a.java	101	CWE789_Uncontrolled_Mem_Alloc__PropertiesFile_ArrayList_74b.java	42
/home/swlab/Documents/swvul/java-vuln-detection/slicing/output/CPG/cwe789_cpg/cwe789-258-cpg-resolved.bin	tc258_flow1	CWE789_Uncontrolled_Mem_Alloc__PropertiesFile_ArrayList_75a.java	51	CWE789_Uncontrolled_Mem_Alloc__PropertiesFile_ArrayList_75b.java	43
/home/swlab/Documents/swvul/java-vuln-detection/slicing/output/CPG/cwe789_cpg/cwe789-258-cpg-resolved.bin	tc258_flow2	CWE789_Uncontrolled_Mem_Alloc__PropertiesFile_ArrayList_75a.java	141	CWE789_Uncontrolled_Mem_Alloc__PropertiesFile_ArrayList_75b.java	97
/home/swlab/Documents/swvul/java-vuln-detection/slicing/output/CPG/cwe789_cpg/cwe789-259-cpg-resolved.bin	tc259_flow1	CWE789_Uncontrolled_Mem_Alloc__PropertiesFile_ArrayList_81a.java	48	CWE789_Uncontrolled_Mem_Alloc__PropertiesFile_ArrayList_81_bad.java	30
/home/swlab/Documents/swvul/java-vuln-detection/slicing/output/CPG/cwe789_cpg/cwe789-259-cpg-resolved.bin	tc259_flow2	CWE789_Uncontrolled_Mem_Alloc__PropertiesFile_ArrayList_81a.java	97	CWE789_Uncontrolled_Mem_Alloc__PropertiesFile_ArrayList_81_goodG2B.java	30
/home/swlab/Documents/swvul/java-vuln-detection/slicing/output/CPG/cwe789_cpg/cwe789-260-cpg-resolved.bin	tc260_flow1	CWE789_Uncontrolled_Mem_Alloc__PropertiesFile_HashMap_01.java	50	CWE789_Uncontrolled_Mem_Alloc__PropertiesFile_HashMap_01.java	85
/home/swlab/Documents/swvul/java-vuln-detection/slicing/output/CPG/cwe789_cpg/cwe789-260-cpg-resolved.bin	tc260_flow2	CWE789_Uncontrolled_Mem_Alloc__PropertiesFile_HashMap_01.java	100	CWE789_Uncontrolled_Mem_Alloc__PropertiesFile_HashMap_01.java	103
/home/swlab/Documents/swvul/java-vuln-detection/slicing/output/CPG/cwe789_cpg/cwe789-261-cpg-resolved.bin	tc261_flow1	CWE789_Uncontrolled_Mem_Alloc__PropertiesFile_HashMap_02.java	48	CWE789_Uncontrolled_Mem_Alloc__PropertiesFile_HashMap_02.java	90
/home/swlab/Documents/swvul/java-vuln-detection/slicing/output/CPG/cwe789_cpg/cwe789-261-cpg-resolved.bin	tc261_flow2	CWE789_Uncontrolled_Mem_Alloc__PropertiesFile_HashMap_02.java	108	CWE789_Uncontrolled_Mem_Alloc__PropertiesFile_HashMap_02.java	113
/home/swlab/Documents/swvul/java-vuln-detection/slicing/output/CPG/cwe789_cpg/cwe789-261-cpg-resolved.bin	tc261_flow3	CWE789_Uncontrolled_Mem_Alloc__PropertiesFile_HashMap_02.java	124	CWE789_Uncontrolled_Mem_Alloc__PropertiesFile_HashMap_02.java	134
/home/swlab/Documents/swvul/java-vuln-detection/slicing/output/CPG/cwe789_cpg/cwe789-262-cpg-resolved.bin	tc262_flow1	CWE789_Uncontrolled_Mem_Alloc__PropertiesFile_HashMap_03.java	48	CWE789_Uncontrolled_Mem_Alloc__PropertiesFile_HashMap_03.java	90
/home/swlab/Documents/swvul/java-vuln-detection/slicing/output/CPG/cwe789_cpg/cwe789-262-cpg-resolved.bin	tc262_flow2	CWE789_Uncontrolled_Mem_Alloc__PropertiesFile_HashMap_03.java	108	CWE789_Uncontrolled_Mem_Alloc__PropertiesFile_HashMap_03.java	113
/home/swlab/Documents/swvul/java-vuln-detection/slicing/output/CPG/cwe789_cpg/cwe789-262-cpg-resolved.bin	tc262_flow3	CWE789_Uncontrolled_Mem_Alloc__PropertiesFile_HashMap_03.java	124	CWE789_Uncontrolled_Mem_Alloc__PropertiesFile_HashMap_03.java	134
/home/swlab/Documents/swvul/java-vuln-detection/slicing/output/CPG/cwe789_cpg/cwe789-263-cpg-resolved.bin	tc263_flow1	CWE789_Uncontrolled_Mem_Alloc__PropertiesFile_HashMap_04.java	55	CWE789_Uncontrolled_Mem_Alloc__PropertiesFile_HashMap_04.java	97
/home/swlab/Documents/swvul/java-vuln-detection/slicing/output/CPG/cwe789_cpg/cwe789-263-cpg-resolved.bin	tc263_flow2	CWE789_Uncontrolled_Mem_Alloc__PropertiesFile_HashMap_04.java	115	CWE789_Uncontrolled_Mem_Alloc__PropertiesFile_HashMap_04.java	120
/home/swlab/Documents/swvul/java-vuln-detection/slicing/output/CPG/cwe789_cpg/cwe789-263-cpg-resolved.bin	tc263_flow3	CWE789_Uncontrolled_Mem_Alloc__PropertiesFile_HashMap_04.java	131	CWE789_Uncontrolled_Mem_Alloc__PropertiesFile_HashMap_04.java	141
/home/swlab/Documents/swvul/java-vuln-detection/slicing/output/CPG/cwe789_cpg/cwe789-264-cpg-resolved.bin	tc264_flow1	CWE789_Uncontrolled_Mem_Alloc__PropertiesFile_HashMap_05.java	55	CWE789_Uncontrolled_Mem_Alloc__PropertiesFile_HashMap_05.java	97
/home/swlab/Documents/swvul/java-vuln-detection/slicing/output/CPG/cwe789_cpg/cwe789-264-cpg-resolved.bin	tc264_flow2	CWE789_Uncontrolled_Mem_Alloc__PropertiesFile_HashMap_05.java	115	CWE789_Uncontrolled_Mem_Alloc__PropertiesFile_HashMap_05.java	120
/home/swlab/Documents/swvul/java-vuln-detection/slicing/output/CPG/cwe789_cpg/cwe789-264-cpg-resolved.bin	tc264_flow3	CWE789_Uncontrolled_Mem_Alloc__PropertiesFile_HashMap_05.java	131	CWE789_Uncontrolled_Mem_Alloc__PropertiesFile_HashMap_05.java	141
/home/swlab/Documents/swvul/java-vuln-detection/slicing/output/CPG/cwe789_cpg/cwe789-265-cpg-resolved.bin	tc265_flow1	CWE789_Uncontrolled_Mem_Alloc__PropertiesFile_HashMap_06.java	54	CWE789_Uncontrolled_Mem_Alloc__PropertiesFile_HashMap_06.java	96
/home/swlab/Documents/swvul/java-vuln-detection/slicing/output/CPG/cwe789_cpg/cwe789-265-cpg-resolved.bin	tc265_flow2	CWE789_Uncontrolled_Mem_Alloc__PropertiesFile_HashMap_06.java	114	CWE789_Uncontrolled_Mem_Alloc__PropertiesFile_HashMap_06.java	119
/home/swlab/Documents/swvul/java-vuln-detection/slicing/output/CPG/cwe789_cpg/cwe789-265-cpg-resolved.bin	tc265_flow3	CWE789_Uncontrolled_Mem_Alloc__PropertiesFile_HashMap_06.java	130	CWE789_Uncontrolled_Mem_Alloc__PropertiesFile_HashMap_06.java	140
/home/swlab/Documents/swvul/java-vuln-detection/slicing/output/CPG/cwe789_cpg/cwe789-266-cpg-resolved.bin	tc266_flow1	CWE789_Uncontrolled_Mem_Alloc__PropertiesFile_HashMap_07.java	54	CWE789_Uncontrolled_Mem_Alloc__PropertiesFile_HashMap_07.java	96
/home/swlab/Documents/swvul/java-vuln-detection/slicing/output/CPG/cwe789_cpg/cwe789-266-cpg-resolved.bin	tc266_flow2	CWE789_Uncontrolled_Mem_Alloc__PropertiesFile_HashMap_07.java	114	CWE789_Uncontrolled_Mem_Alloc__PropertiesFile_HashMap_07.java	119
/home/swlab/Documents/swvul/java-vuln-detection/slicing/output/CPG/cwe789_cpg/cwe789-266-cpg-resolved.bin	tc266_flow3	CWE789_Uncontrolled_Mem_Alloc__PropertiesFile_HashMap_07.java	130	CWE789_Uncontrolled_Mem_Alloc__PropertiesFile_HashMap_07.java	140
/home/swlab/Documents/swvul/java-vuln-detection/slicing/output/CPG/cwe789_cpg/cwe789-267-cpg-resolved.bin	tc267_flow1	CWE789_Uncontrolled_Mem_Alloc__PropertiesFile_HashMap_08.java	62	CWE789_Uncontrolled_Mem_Alloc__PropertiesFile_HashMap_08.java	104
/home/swlab/Documents/swvul/java-vuln-detection/slicing/output/CPG/cwe789_cpg/cwe789-267-cpg-resolved.bin	tc267_flow2	CWE789_Uncontrolled_Mem_Alloc__PropertiesFile_HashMap_08.java	122	CWE789_Uncontrolled_Mem_Alloc__PropertiesFile_HashMap_08.java	127
/home/swlab/Documents/swvul/java-vuln-detection/slicing/output/CPG/cwe789_cpg/cwe789-267-cpg-resolved.bin	tc267_flow3	CWE789_Uncontrolled_Mem_Alloc__PropertiesFile_HashMap_08.java	138	CWE789_Uncontrolled_Mem_Alloc__PropertiesFile_HashMap_08.java	148
/home/swlab/Documents/swvul/java-vuln-detection/slicing/output/CPG/cwe789_cpg/cwe789-268-cpg-resolved.bin	tc268_flow1	CWE789_Uncontrolled_Mem_Alloc__PropertiesFile_HashMap_09.java	48	CWE789_Uncontrolled_Mem_Alloc__PropertiesFile_HashMap_09.java	90
/home/swlab/Documents/swvul/java-vuln-detection/slicing/output/CPG/cwe789_cpg/cwe789-268-cpg-resolved.bin	tc268_flow2	CWE789_Uncontrolled_Mem_Alloc__PropertiesFile_HashMap_09.java	108	CWE789_Uncontrolled_Mem_Alloc__PropertiesFile_HashMap_09.java	113
/home/swlab/Documents/swvul/java-vuln-detection/slicing/output/CPG/cwe789_cpg/cwe789-268-cpg-resolved.bin	tc268_flow3	CWE789_Uncontrolled_Mem_Alloc__PropertiesFile_HashMap_09.java	124	CWE789_Uncontrolled_Mem_Alloc__PropertiesFile_HashMap_09.java	134
/home/swlab/Documents/swvul/java-vuln-detection/slicing/output/CPG/cwe789_cpg/cwe789-269-cpg-resolved.bin	tc269_flow1	CWE789_Uncontrolled_Mem_Alloc__PropertiesFile_HashMap_10.java	48	CWE789_Uncontrolled_Mem_Alloc__PropertiesFile_HashMap_10.java	90
/home/swlab/Documents/swvul/java-vuln-detection/slicing/output/CPG/cwe789_cpg/cwe789-269-cpg-resolved.bin	tc269_flow2	CWE789_Uncontrolled_Mem_Alloc__PropertiesFile_HashMap_10.java	108	CWE789_Uncontrolled_Mem_Alloc__PropertiesFile_HashMap_10.java	113
/home/swlab/Documents/swvul/java-vuln-detection/slicing/output/CPG/cwe789_cpg/cwe789-269-cpg-resolved.bin	tc269_flow3	CWE789_Uncontrolled_Mem_Alloc__PropertiesFile_HashMap_10.java	124	CWE789_Uncontrolled_Mem_Alloc__PropertiesFile_HashMap_10.java	134
/home/swlab/Documents/swvul/java-vuln-detection/slicing/output/CPG/cwe789_cpg/cwe789-270-cpg-resolved.bin	tc270_flow1	CWE789_Uncontrolled_Mem_Alloc__PropertiesFile_HashMap_11.java	48	CWE789_Uncontrolled_Mem_Alloc__PropertiesFile_HashMap_11.java	90
/home/swlab/Documents/swvul/java-vuln-detection/slicing/output/CPG/cwe789_cpg/cwe789-270-cpg-resolved.bin	tc270_flow2	CWE789_Uncontrolled_Mem_Alloc__PropertiesFile_HashMap_11.java	108	CWE789_Uncontrolled_Mem_Alloc__PropertiesFile_HashMap_11.java	113
/home/swlab/Documents/swvul/java-vuln-detection/slicing/output/CPG/cwe789_cpg/cwe789-270-cpg-resolved.bin	tc270_flow3	CWE789_Uncontrolled_Mem_Alloc__PropertiesFile_HashMap_11.java	124	CWE789_Uncontrolled_Mem_Alloc__PropertiesFile_HashMap_11.java	134
/home/swlab/Documents/swvul/java-vuln-detection/slicing/output/CPG/cwe789_cpg/cwe789-271-cpg-resolved.bin	tc271_flow1	CWE789_Uncontrolled_Mem_Alloc__PropertiesFile_HashMap_12.java	48	CWE789_Uncontrolled_Mem_Alloc__PropertiesFile_HashMap_12.java	91
/home/swlab/Documents/swvul/java-vuln-detection/slicing/output/CPG/cwe789_cpg/cwe789-271-cpg-resolved.bin	tc271_flow2	CWE789_Uncontrolled_Mem_Alloc__PropertiesFile_HashMap_12.java	103	CWE789_Uncontrolled_Mem_Alloc__PropertiesFile_HashMap_12.java	114
/home/swlab/Documents/swvul/java-vuln-detection/slicing/output/CPG/cwe789_cpg/cwe789-272-cpg-resolved.bin	tc272_flow1	CWE789_Uncontrolled_Mem_Alloc__PropertiesFile_HashMap_13.java	48	CWE789_Uncontrolled_Mem_Alloc__PropertiesFile_HashMap_13.java	90
/home/swlab/Documents/swvul/java-vuln-detection/slicing/output/CPG/cwe789_cpg/cwe789-272-cpg-resolved.bin	tc272_flow2	CWE789_Uncontrolled_Mem_Alloc__PropertiesFile_HashMap_13.java	108	CWE789_Uncontrolled_Mem_Alloc__PropertiesFile_HashMap_13.java	113
/home/swlab/Documents/swvul/java-vuln-detection/slicing/output/CPG/cwe789_cpg/cwe789-272-cpg-resolved.bin	tc272_flow3	CWE789_Uncontrolled_Mem_Alloc__PropertiesFile_HashMap_13.java	124	CWE789_Uncontrolled_Mem_Alloc__PropertiesFile_HashMap_13.java	134
/home/swlab/Documents/swvul/java-vuln-detection/slicing/output/CPG/cwe789_cpg/cwe789-273-cpg-resolved.bin	tc273_flow1	CWE789_Uncontrolled_Mem_Alloc__PropertiesFile_HashMap_14.java	48	CWE789_Uncontrolled_Mem_Alloc__PropertiesFile_HashMap_14.java	90
/home/swlab/Documents/swvul/java-vuln-detection/slicing/output/CPG/cwe789_cpg/cwe789-273-cpg-resolved.bin	tc273_flow2	CWE789_Uncontrolled_Mem_Alloc__PropertiesFile_HashMap_14.java	108	CWE789_Uncontrolled_Mem_Alloc__PropertiesFile_HashMap_14.java	113
/home/swlab/Documents/swvul/java-vuln-detection/slicing/output/CPG/cwe789_cpg/cwe789-273-cpg-resolved.bin	tc273_flow3	CWE789_Uncontrolled_Mem_Alloc__PropertiesFile_HashMap_14.java	124	CWE789_Uncontrolled_Mem_Alloc__PropertiesFile_HashMap_14.java	134
/home/swlab/Documents/swvul/java-vuln-detection/slicing/output/CPG/cwe789_cpg/cwe789-274-cpg-resolved.bin	tc274_flow1	CWE789_Uncontrolled_Mem_Alloc__PropertiesFile_HashMap_15.java	50	CWE789_Uncontrolled_Mem_Alloc__PropertiesFile_HashMap_15.java	92
/home/swlab/Documents/swvul/java-vuln-detection/slicing/output/CPG/cwe789_cpg/cwe789-274-cpg-resolved.bin	tc274_flow2	CWE789_Uncontrolled_Mem_Alloc__PropertiesFile_HashMap_15.java	110	CWE789_Uncontrolled_Mem_Alloc__PropertiesFile_HashMap_15.java	115
/home/swlab/Documents/swvul/java-vuln-detection/slicing/output/CPG/cwe789_cpg/cwe789-274-cpg-resolved.bin	tc274_flow3	CWE789_Uncontrolled_Mem_Alloc__PropertiesFile_HashMap_15.java	128	CWE789_Uncontrolled_Mem_Alloc__PropertiesFile_HashMap_15.java	138
/home/swlab/Documents/swvul/java-vuln-detection/slicing/output/CPG/cwe789_cpg/cwe789-275-cpg-resolved.bin	tc275_flow1	CWE789_Uncontrolled_Mem_Alloc__PropertiesFile_HashMap_16.java	49	CWE789_Uncontrolled_Mem_Alloc__PropertiesFile_HashMap_16.java	86
/home/swlab/Documents/swvul/java-vuln-detection/slicing/output/CPG/cwe789_cpg/cwe789-275-cpg-resolved.bin	tc275_flow2	CWE789_Uncontrolled_Mem_Alloc__PropertiesFile_HashMap_16.java	98	CWE789_Uncontrolled_Mem_Alloc__PropertiesFile_HashMap_16.java	103
/home/swlab/Documents/swvul/java-vuln-detection/slicing/output/CPG/cwe789_cpg/cwe789-276-cpg-resolved.bin	tc276_flow1	CWE789_Uncontrolled_Mem_Alloc__PropertiesFile_HashMap_17.java	50	CWE789_Uncontrolled_Mem_Alloc__PropertiesFile_HashMap_17.java	87
/home/swlab/Documents/swvul/java-vuln-detection/slicing/output/CPG/cwe789_cpg/cwe789-276-cpg-resolved.bin	tc276_flow2	CWE789_Uncontrolled_Mem_Alloc__PropertiesFile_HashMap_17.java	98	CWE789_Uncontrolled_Mem_Alloc__PropertiesFile_HashMap_17.java	103
/home/swlab/Documents/swvul/java-vuln-detection/slicing/output/CPG/cwe789_cpg/cwe789-277-cpg-resolved.bin	tc277_flow1	CWE789_Uncontrolled_Mem_Alloc__PropertiesFile_HashMap_21.java	64	CWE789_Uncontrolled_Mem_Alloc__PropertiesFile_HashMap_21.java	44
/home/swlab/Documents/swvul/java-vuln-detection/slicing/output/CPG/cwe789_cpg/cwe789-277-cpg-resolved.bin	tc277_flow2	CWE789_Uncontrolled_Mem_Alloc__PropertiesFile_HashMap_21.java	145	CWE789_Uncontrolled_Mem_Alloc__PropertiesFile_HashMap_21.java	127
/home/swlab/Documents/swvul/java-vuln-detection/slicing/output/CPG/cwe789_cpg/cwe789-277-cpg-resolved.bin	tc277_flow3	CWE789_Uncontrolled_Mem_Alloc__PropertiesFile_HashMap_21.java	172	CWE789_Uncontrolled_Mem_Alloc__PropertiesFile_HashMap_21.java	161
/home/swlab/Documents/swvul/java-vuln-detection/slicing/output/CPG/cwe789_cpg/cwe789-278-cpg-resolved.bin	tc278_flow1	CWE789_Uncontrolled_Mem_Alloc__PropertiesFile_HashMap_22b.java	47	CWE789_Uncontrolled_Mem_Alloc__PropertiesFile_HashMap_22a.java	38
/home/swlab/Documents/swvul/java-vuln-detection/slicing/output/CPG/cwe789_cpg/cwe789-278-cpg-resolved.bin	tc278_flow2	CWE789_Uncontrolled_Mem_Alloc__PropertiesFile_HashMap_22b.java	105	CWE789_Uncontrolled_Mem_Alloc__PropertiesFile_HashMap_22a.java	62
/home/swlab/Documents/swvul/java-vuln-detection/slicing/output/CPG/cwe789_cpg/cwe789-278-cpg-resolved.bin	tc278_flow3	CWE789_Uncontrolled_Mem_Alloc__PropertiesFile_HashMap_22b.java	120	CWE789_Uncontrolled_Mem_Alloc__PropertiesFile_HashMap_22a.java	75
/home/swlab/Documents/swvul/java-vuln-detection/slicing/output/CPG/cwe789_cpg/cwe789-279-cpg-resolved.bin	tc279_flow1	CWE789_Uncontrolled_Mem_Alloc__PropertiesFile_HashMap_31.java	53	CWE789_Uncontrolled_Mem_Alloc__PropertiesFile_HashMap_31.java	93
/home/swlab/Documents/swvul/java-vuln-detection/slicing/output/CPG/cwe789_cpg/cwe789-279-cpg-resolved.bin	tc279_flow2	CWE789_Uncontrolled_Mem_Alloc__PropertiesFile_HashMap_31.java	111	CWE789_Uncontrolled_Mem_Alloc__PropertiesFile_HashMap_31.java	119
/home/swlab/Documents/swvul/java-vuln-detection/slicing/output/CPG/cwe789_cpg/cwe789-280-cpg-resolved.bin	tc280_flow1	CWE789_Uncontrolled_Mem_Alloc__PropertiesFile_HashMap_41.java	57	CWE789_Uncontrolled_Mem_Alloc__PropertiesFile_HashMap_41.java	36
/home/swlab/Documents/swvul/java-vuln-detection/slicing/output/CPG/cwe789_cpg/cwe789-280-cpg-resolved.bin	tc280_flow2	CWE789_Uncontrolled_Mem_Alloc__PropertiesFile_HashMap_41.java	113	CWE789_Uncontrolled_Mem_Alloc__PropertiesFile_HashMap_41.java	103
/home/swlab/Documents/swvul/java-vuln-detection/slicing/output/CPG/cwe789_cpg/cwe789-281-cpg-resolved.bin	tc281_flow1	CWE789_Uncontrolled_Mem_Alloc__PropertiesFile_HashMap_42.java	49	CWE789_Uncontrolled_Mem_Alloc__PropertiesFile_HashMap_42.java	92
/home/swlab/Documents/swvul/java-vuln-detection/slicing/output/CPG/cwe789_cpg/cwe789-281-cpg-resolved.bin	tc281_flow2	CWE789_Uncontrolled_Mem_Alloc__PropertiesFile_HashMap_42.java	101	CWE789_Uncontrolled_Mem_Alloc__PropertiesFile_HashMap_42.java	112
/home/swlab/Documents/swvul/java-vuln-detection/slicing/output/CPG/cwe789_cpg/cwe789-282-cpg-resolved.bin	tc282_flow1	CWE789_Uncontrolled_Mem_Alloc__PropertiesFile_HashMap_45.java	63	CWE789_Uncontrolled_Mem_Alloc__PropertiesFile_HashMap_45.java	41
/home/swlab/Documents/swvul/java-vuln-detection/slicing/output/CPG/cwe789_cpg/cwe789-282-cpg-resolved.bin	tc282_flow2	CWE789_Uncontrolled_Mem_Alloc__PropertiesFile_HashMap_45.java	121	CWE789_Uncontrolled_Mem_Alloc__PropertiesFile_HashMap_45.java	111
/home/swlab/Documents/swvul/java-vuln-detection/slicing/output/CPG/cwe789_cpg/cwe789-283-cpg-resolved.bin	tc283_flow1	CWE789_Uncontrolled_Mem_Alloc__PropertiesFile_HashMap_51a.java	47	CWE789_Uncontrolled_Mem_Alloc__PropertiesFile_HashMap_51b.java	29
/home/swlab/Documents/swvul/java-vuln-detection/slicing/output/CPG/cwe789_cpg/cwe789-283-cpg-resolved.bin	tc283_flow2	CWE789_Uncontrolled_Mem_Alloc__PropertiesFile_HashMap_51a.java	95	CWE789_Uncontrolled_Mem_Alloc__PropertiesFile_HashMap_51b.java	38
/home/swlab/Documents/swvul/java-vuln-detection/slicing/output/CPG/cwe789_cpg/cwe789-284-cpg-resolved.bin	tc284_flow1	CWE789_Uncontrolled_Mem_Alloc__PropertiesFile_HashMap_52a.java	48	CWE789_Uncontrolled_Mem_Alloc__PropertiesFile_HashMap_52c.java	30
/home/swlab/Documents/swvul/java-vuln-detection/slicing/output/CPG/cwe789_cpg/cwe789-284-cpg-resolved.bin	tc284_flow2	CWE789_Uncontrolled_Mem_Alloc__PropertiesFile_HashMap_52a.java	96	CWE789_Uncontrolled_Mem_Alloc__PropertiesFile_HashMap_52c.java	39
/home/swlab/Documents/swvul/java-vuln-detection/slicing/output/CPG/cwe789_cpg/cwe789-285-cpg-resolved.bin	tc285_flow1	CWE789_Uncontrolled_Mem_Alloc__PropertiesFile_HashMap_53a.java	48	CWE789_Uncontrolled_Mem_Alloc__PropertiesFile_HashMap_53d.java	30
/home/swlab/Documents/swvul/java-vuln-detection/slicing/output/CPG/cwe789_cpg/cwe789-285-cpg-resolved.bin	tc285_flow2	CWE789_Uncontrolled_Mem_Alloc__PropertiesFile_HashMap_53a.java	96	CWE789_Uncontrolled_Mem_Alloc__PropertiesFile_HashMap_53d.java	39
/home/swlab/Documents/swvul/java-vuln-detection/slicing/output/CPG/cwe789_cpg/cwe789-286-cpg-resolved.bin	tc286_flow1	CWE789_Uncontrolled_Mem_Alloc__PropertiesFile_HashMap_54a.java	48	CWE789_Uncontrolled_Mem_Alloc__PropertiesFile_HashMap_54e.java	30
/home/swlab/Documents/swvul/java-vuln-detection/slicing/output/CPG/cwe789_cpg/cwe789-286-cpg-resolved.bin	tc286_flow2	CWE789_Uncontrolled_Mem_Alloc__PropertiesFile_HashMap_54a.java	96	CWE789_Uncontrolled_Mem_Alloc__PropertiesFile_HashMap_54e.java	39
/home/swlab/Documents/swvul/java-vuln-detection/slicing/output/CPG/cwe789_cpg/cwe789-287-cpg-resolved.bin	tc287_flow1	CWE789_Uncontrolled_Mem_Alloc__PropertiesFile_HashMap_61b.java	48	CWE789_Uncontrolled_Mem_Alloc__PropertiesFile_HashMap_61a.java	31
/home/swlab/Documents/swvul/java-vuln-detection/slicing/output/CPG/cwe789_cpg/cwe789-287-cpg-resolved.bin	tc287_flow2	CWE789_Uncontrolled_Mem_Alloc__PropertiesFile_HashMap_61b.java	91	CWE789_Uncontrolled_Mem_Alloc__PropertiesFile_HashMap_61a.java	46
/home/swlab/Documents/swvul/java-vuln-detection/slicing/output/CPG/cwe789_cpg/cwe789-288-cpg-resolved.bin	tc288_flow1	CWE789_Uncontrolled_Mem_Alloc__PropertiesFile_HashMap_66a.java	48	CWE789_Uncontrolled_Mem_Alloc__PropertiesFile_HashMap_66b.java	31
/home/swlab/Documents/swvul/java-vuln-detection/slicing/output/CPG/cwe789_cpg/cwe789-288-cpg-resolved.bin	tc288_flow2	CWE789_Uncontrolled_Mem_Alloc__PropertiesFile_HashMap_66a.java	98	CWE789_Uncontrolled_Mem_Alloc__PropertiesFile_HashMap_66b.java	41
/home/swlab/Documents/swvul/java-vuln-detection/slicing/output/CPG/cwe789_cpg/cwe789-289-cpg-resolved.bin	tc289_flow1	CWE789_Uncontrolled_Mem_Alloc__PropertiesFile_HashMap_67a.java	53	CWE789_Uncontrolled_Mem_Alloc__PropertiesFile_HashMap_67b.java	31
/home/swlab/Documents/swvul/java-vuln-detection/slicing/output/CPG/cwe789_cpg/cwe789-289-cpg-resolved.bin	tc289_flow2	CWE789_Uncontrolled_Mem_Alloc__PropertiesFile_HashMap_67a.java	103	CWE789_Uncontrolled_Mem_Alloc__PropertiesFile_HashMap_67b.java	41
/home/swlab/Documents/swvul/java-vuln-detection/slicing/output/CPG/cwe789_cpg/cwe789-290-cpg-resolved.bin	tc290_flow1	CWE789_Uncontrolled_Mem_Alloc__PropertiesFile_HashMap_68a.java	48	CWE789_Uncontrolled_Mem_Alloc__PropertiesFile_HashMap_68b.java	30
/home/swlab/Documents/swvul/java-vuln-detection/slicing/output/CPG/cwe789_cpg/cwe789-290-cpg-resolved.bin	tc290_flow2	CWE789_Uncontrolled_Mem_Alloc__PropertiesFile_HashMap_68a.java	95	CWE789_Uncontrolled_Mem_Alloc__PropertiesFile_HashMap_68b.java	40
/home/swlab/Documents/swvul/java-vuln-detection/slicing/output/CPG/cwe789_cpg/cwe789-291-cpg-resolved.bin	tc291_flow1	CWE789_Uncontrolled_Mem_Alloc__PropertiesFile_HashMap_71a.java	48	CWE789_Uncontrolled_Mem_Alloc__PropertiesFile_HashMap_71b.java	31
/home/swlab/Documents/swvul/java-vuln-detection/slicing/output/CPG/cwe789_cpg/cwe789-291-cpg-resolved.bin	tc291_flow2	CWE789_Uncontrolled_Mem_Alloc__PropertiesFile_HashMap_71a.java	96	CWE789_Uncontrolled_Mem_Alloc__PropertiesFile_HashMap_71b.java	41
/home/swlab/Documents/swvul/java-vuln-detection/slicing/output/CPG/cwe789_cpg/cwe789-292-cpg-resolved.bin	tc292_flow1	CWE789_Uncontrolled_Mem_Alloc__PropertiesFile_HashMap_72a.java	49	CWE789_Uncontrolled_Mem_Alloc__PropertiesFile_HashMap_72b.java	32
/home/swlab/Documents/swvul/java-vuln-detection/slicing/output/CPG/cwe789_cpg/cwe789-292-cpg-resolved.bin	tc292_flow2	CWE789_Uncontrolled_Mem_Alloc__PropertiesFile_HashMap_72a.java	101	CWE789_Uncontrolled_Mem_Alloc__PropertiesFile_HashMap_72b.java	42
/home/swlab/Documents/swvul/java-vuln-detection/slicing/output/CPG/cwe789_cpg/cwe789-293-cpg-resolved.bin	tc293_flow1	CWE789_Uncontrolled_Mem_Alloc__PropertiesFile_HashMap_73a.java	49	CWE789_Uncontrolled_Mem_Alloc__PropertiesFile_HashMap_73b.java	32
/home/swlab/Documents/swvul/java-vuln-detection/slicing/output/CPG/cwe789_cpg/cwe789-293-cpg-resolved.bin	tc293_flow2	CWE789_Uncontrolled_Mem_Alloc__PropertiesFile_HashMap_73a.java	101	CWE789_Uncontrolled_Mem_Alloc__PropertiesFile_HashMap_73b.java	42
/home/swlab/Documents/swvul/java-vuln-detection/slicing/output/CPG/cwe789_cpg/cwe789-294-cpg-resolved.bin	tc294_flow1	CWE789_Uncontrolled_Mem_Alloc__PropertiesFile_HashMap_74a.java	49	CWE789_Uncontrolled_Mem_Alloc__PropertiesFile_HashMap_74b.java	31
/home/swlab/Documents/swvul/java-vuln-detection/slicing/output/CPG/cwe789_cpg/cwe789-294-cpg-resolved.bin	tc294_flow2	CWE789_Uncontrolled_Mem_Alloc__PropertiesFile_HashMap_74a.java	101	CWE789_Uncontrolled_Mem_Alloc__PropertiesFile_HashMap_74b.java	41
/home/swlab/Documents/swvul/java-vuln-detection/slicing/output/CPG/cwe789_cpg/cwe789-295-cpg-resolved.bin	tc295_flow1	CWE789_Uncontrolled_Mem_Alloc__PropertiesFile_HashMap_75a.java	51	CWE789_Uncontrolled_Mem_Alloc__PropertiesFile_HashMap_75b.java	43
/home/swlab/Documents/swvul/java-vuln-detection/slicing/output/CPG/cwe789_cpg/cwe789-295-cpg-resolved.bin	tc295_flow2	CWE789_Uncontrolled_Mem_Alloc__PropertiesFile_HashMap_75a.java	141	CWE789_Uncontrolled_Mem_Alloc__PropertiesFile_HashMap_75b.java	97
/home/swlab/Documents/swvul/java-vuln-detection/slicing/output/CPG/cwe789_cpg/cwe789-296-cpg-resolved.bin	tc296_flow1	CWE789_Uncontrolled_Mem_Alloc__PropertiesFile_HashMap_81a.java	48	CWE789_Uncontrolled_Mem_Alloc__PropertiesFile_HashMap_81_bad.java	30
/home/swlab/Documents/swvul/java-vuln-detection/slicing/output/CPG/cwe789_cpg/cwe789-296-cpg-resolved.bin	tc296_flow2	CWE789_Uncontrolled_Mem_Alloc__PropertiesFile_HashMap_81a.java	97	CWE789_Uncontrolled_Mem_Alloc__PropertiesFile_HashMap_81_goodG2B.java	30
/home/swlab/Documents/swvul/java-vuln-detection/slicing/output/CPG/cwe789_cpg/cwe789-297-cpg-resolved.bin	tc297_flow1	CWE789_Uncontrolled_Mem_Alloc__PropertiesFile_HashSet_01.java	50	CWE789_Uncontrolled_Mem_Alloc__PropertiesFile_HashSet_01.java	85
/home/swlab/Documents/swvul/java-vuln-detection/slicing/output/CPG/cwe789_cpg/cwe789-297-cpg-resolved.bin	tc297_flow2	CWE789_Uncontrolled_Mem_Alloc__PropertiesFile_HashSet_01.java	100	CWE789_Uncontrolled_Mem_Alloc__PropertiesFile_HashSet_01.java	103
/home/swlab/Documents/swvul/java-vuln-detection/slicing/output/CPG/cwe789_cpg/cwe789-298-cpg-resolved.bin	tc298_flow1	CWE789_Uncontrolled_Mem_Alloc__PropertiesFile_HashSet_02.java	48	CWE789_Uncontrolled_Mem_Alloc__PropertiesFile_HashSet_02.java	90
/home/swlab/Documents/swvul/java-vuln-detection/slicing/output/CPG/cwe789_cpg/cwe789-298-cpg-resolved.bin	tc298_flow2	CWE789_Uncontrolled_Mem_Alloc__PropertiesFile_HashSet_02.java	108	CWE789_Uncontrolled_Mem_Alloc__PropertiesFile_HashSet_02.java	113
/home/swlab/Documents/swvul/java-vuln-detection/slicing/output/CPG/cwe789_cpg/cwe789-298-cpg-resolved.bin	tc298_flow3	CWE789_Uncontrolled_Mem_Alloc__PropertiesFile_HashSet_02.java	124	CWE789_Uncontrolled_Mem_Alloc__PropertiesFile_HashSet_02.java	134
/home/swlab/Documents/swvul/java-vuln-detection/slicing/output/CPG/cwe789_cpg/cwe789-299-cpg-resolved.bin	tc299_flow1	CWE789_Uncontrolled_Mem_Alloc__PropertiesFile_HashSet_03.java	48	CWE789_Uncontrolled_Mem_Alloc__PropertiesFile_HashSet_03.java	90
/home/swlab/Documents/swvul/java-vuln-detection/slicing/output/CPG/cwe789_cpg/cwe789-299-cpg-resolved.bin	tc299_flow2	CWE789_Uncontrolled_Mem_Alloc__PropertiesFile_HashSet_03.java	108	CWE789_Uncontrolled_Mem_Alloc__PropertiesFile_HashSet_03.java	113
/home/swlab/Documents/swvul/java-vuln-detection/slicing/output/CPG/cwe789_cpg/cwe789-299-cpg-resolved.bin	tc299_flow3	CWE789_Uncontrolled_Mem_Alloc__PropertiesFile_HashSet_03.java	124	CWE789_Uncontrolled_Mem_Alloc__PropertiesFile_HashSet_03.java	134
/home/swlab/Documents/swvul/java-vuln-detection/slicing/output/CPG/cwe789_cpg/cwe789-300-cpg-resolved.bin	tc300_flow1	CWE789_Uncontrolled_Mem_Alloc__PropertiesFile_HashSet_04.java	55	CWE789_Uncontrolled_Mem_Alloc__PropertiesFile_HashSet_04.java	97
/home/swlab/Documents/swvul/java-vuln-detection/slicing/output/CPG/cwe789_cpg/cwe789-300-cpg-resolved.bin	tc300_flow2	CWE789_Uncontrolled_Mem_Alloc__PropertiesFile_HashSet_04.java	115	CWE789_Uncontrolled_Mem_Alloc__PropertiesFile_HashSet_04.java	120
/home/swlab/Documents/swvul/java-vuln-detection/slicing/output/CPG/cwe789_cpg/cwe789-300-cpg-resolved.bin	tc300_flow3	CWE789_Uncontrolled_Mem_Alloc__PropertiesFile_HashSet_04.java	131	CWE789_Uncontrolled_Mem_Alloc__PropertiesFile_HashSet_04.java	141
/home/swlab/Documents/swvul/java-vuln-detection/slicing/output/CPG/cwe789_cpg/cwe789-301-cpg-resolved.bin	tc301_flow1	CWE789_Uncontrolled_Mem_Alloc__PropertiesFile_HashSet_05.java	55	CWE789_Uncontrolled_Mem_Alloc__PropertiesFile_HashSet_05.java	97
/home/swlab/Documents/swvul/java-vuln-detection/slicing/output/CPG/cwe789_cpg/cwe789-301-cpg-resolved.bin	tc301_flow2	CWE789_Uncontrolled_Mem_Alloc__PropertiesFile_HashSet_05.java	115	CWE789_Uncontrolled_Mem_Alloc__PropertiesFile_HashSet_05.java	120
/home/swlab/Documents/swvul/java-vuln-detection/slicing/output/CPG/cwe789_cpg/cwe789-301-cpg-resolved.bin	tc301_flow3	CWE789_Uncontrolled_Mem_Alloc__PropertiesFile_HashSet_05.java	131	CWE789_Uncontrolled_Mem_Alloc__PropertiesFile_HashSet_05.java	141
/home/swlab/Documents/swvul/java-vuln-detection/slicing/output/CPG/cwe789_cpg/cwe789-302-cpg-resolved.bin	tc302_flow1	CWE789_Uncontrolled_Mem_Alloc__PropertiesFile_HashSet_06.java	54	CWE789_Uncontrolled_Mem_Alloc__PropertiesFile_HashSet_06.java	96
/home/swlab/Documents/swvul/java-vuln-detection/slicing/output/CPG/cwe789_cpg/cwe789-302-cpg-resolved.bin	tc302_flow2	CWE789_Uncontrolled_Mem_Alloc__PropertiesFile_HashSet_06.java	114	CWE789_Uncontrolled_Mem_Alloc__PropertiesFile_HashSet_06.java	119
/home/swlab/Documents/swvul/java-vuln-detection/slicing/output/CPG/cwe789_cpg/cwe789-302-cpg-resolved.bin	tc302_flow3	CWE789_Uncontrolled_Mem_Alloc__PropertiesFile_HashSet_06.java	130	CWE789_Uncontrolled_Mem_Alloc__PropertiesFile_HashSet_06.java	140
/home/swlab/Documents/swvul/java-vuln-detection/slicing/output/CPG/cwe789_cpg/cwe789-303-cpg-resolved.bin	tc303_flow1	CWE789_Uncontrolled_Mem_Alloc__PropertiesFile_HashSet_07.java	54	CWE789_Uncontrolled_Mem_Alloc__PropertiesFile_HashSet_07.java	96
/home/swlab/Documents/swvul/java-vuln-detection/slicing/output/CPG/cwe789_cpg/cwe789-303-cpg-resolved.bin	tc303_flow2	CWE789_Uncontrolled_Mem_Alloc__PropertiesFile_HashSet_07.java	114	CWE789_Uncontrolled_Mem_Alloc__PropertiesFile_HashSet_07.java	119
/home/swlab/Documents/swvul/java-vuln-detection/slicing/output/CPG/cwe789_cpg/cwe789-303-cpg-resolved.bin	tc303_flow3	CWE789_Uncontrolled_Mem_Alloc__PropertiesFile_HashSet_07.java	130	CWE789_Uncontrolled_Mem_Alloc__PropertiesFile_HashSet_07.java	140
/home/swlab/Documents/swvul/java-vuln-detection/slicing/output/CPG/cwe789_cpg/cwe789-304-cpg-resolved.bin	tc304_flow1	CWE789_Uncontrolled_Mem_Alloc__PropertiesFile_HashSet_08.java	62	CWE789_Uncontrolled_Mem_Alloc__PropertiesFile_HashSet_08.java	104
/home/swlab/Documents/swvul/java-vuln-detection/slicing/output/CPG/cwe789_cpg/cwe789-304-cpg-resolved.bin	tc304_flow2	CWE789_Uncontrolled_Mem_Alloc__PropertiesFile_HashSet_08.java	122	CWE789_Uncontrolled_Mem_Alloc__PropertiesFile_HashSet_08.java	127
/home/swlab/Documents/swvul/java-vuln-detection/slicing/output/CPG/cwe789_cpg/cwe789-304-cpg-resolved.bin	tc304_flow3	CWE789_Uncontrolled_Mem_Alloc__PropertiesFile_HashSet_08.java	138	CWE789_Uncontrolled_Mem_Alloc__PropertiesFile_HashSet_08.java	148
/home/swlab/Documents/swvul/java-vuln-detection/slicing/output/CPG/cwe789_cpg/cwe789-305-cpg-resolved.bin	tc305_flow1	CWE789_Uncontrolled_Mem_Alloc__PropertiesFile_HashSet_09.java	48	CWE789_Uncontrolled_Mem_Alloc__PropertiesFile_HashSet_09.java	90
/home/swlab/Documents/swvul/java-vuln-detection/slicing/output/CPG/cwe789_cpg/cwe789-305-cpg-resolved.bin	tc305_flow2	CWE789_Uncontrolled_Mem_Alloc__PropertiesFile_HashSet_09.java	108	CWE789_Uncontrolled_Mem_Alloc__PropertiesFile_HashSet_09.java	113
/home/swlab/Documents/swvul/java-vuln-detection/slicing/output/CPG/cwe789_cpg/cwe789-305-cpg-resolved.bin	tc305_flow3	CWE789_Uncontrolled_Mem_Alloc__PropertiesFile_HashSet_09.java	124	CWE789_Uncontrolled_Mem_Alloc__PropertiesFile_HashSet_09.java	134
/home/swlab/Documents/swvul/java-vuln-detection/slicing/output/CPG/cwe789_cpg/cwe789-306-cpg-resolved.bin	tc306_flow1	CWE789_Uncontrolled_Mem_Alloc__PropertiesFile_HashSet_10.java	48	CWE789_Uncontrolled_Mem_Alloc__PropertiesFile_HashSet_10.java	90
/home/swlab/Documents/swvul/java-vuln-detection/slicing/output/CPG/cwe789_cpg/cwe789-306-cpg-resolved.bin	tc306_flow2	CWE789_Uncontrolled_Mem_Alloc__PropertiesFile_HashSet_10.java	108	CWE789_Uncontrolled_Mem_Alloc__PropertiesFile_HashSet_10.java	113
/home/swlab/Documents/swvul/java-vuln-detection/slicing/output/CPG/cwe789_cpg/cwe789-306-cpg-resolved.bin	tc306_flow3	CWE789_Uncontrolled_Mem_Alloc__PropertiesFile_HashSet_10.java	124	CWE789_Uncontrolled_Mem_Alloc__PropertiesFile_HashSet_10.java	134
/home/swlab/Documents/swvul/java-vuln-detection/slicing/output/CPG/cwe789_cpg/cwe789-307-cpg-resolved.bin	tc307_flow1	CWE789_Uncontrolled_Mem_Alloc__PropertiesFile_HashSet_11.java	48	CWE789_Uncontrolled_Mem_Alloc__PropertiesFile_HashSet_11.java	90
/home/swlab/Documents/swvul/java-vuln-detection/slicing/output/CPG/cwe789_cpg/cwe789-307-cpg-resolved.bin	tc307_flow2	CWE789_Uncontrolled_Mem_Alloc__PropertiesFile_HashSet_11.java	108	CWE789_Uncontrolled_Mem_Alloc__PropertiesFile_HashSet_11.java	113
/home/swlab/Documents/swvul/java-vuln-detection/slicing/output/CPG/cwe789_cpg/cwe789-307-cpg-resolved.bin	tc307_flow3	CWE789_Uncontrolled_Mem_Alloc__PropertiesFile_HashSet_11.java	124	CWE789_Uncontrolled_Mem_Alloc__PropertiesFile_HashSet_11.java	134
/home/swlab/Documents/swvul/java-vuln-detection/slicing/output/CPG/cwe789_cpg/cwe789-308-cpg-resolved.bin	tc308_flow1	CWE789_Uncontrolled_Mem_Alloc__PropertiesFile_HashSet_12.java	48	CWE789_Uncontrolled_Mem_Alloc__PropertiesFile_HashSet_12.java	91
/home/swlab/Documents/swvul/java-vuln-detection/slicing/output/CPG/cwe789_cpg/cwe789-308-cpg-resolved.bin	tc308_flow2	CWE789_Uncontrolled_Mem_Alloc__PropertiesFile_HashSet_12.java	103	CWE789_Uncontrolled_Mem_Alloc__PropertiesFile_HashSet_12.java	114
/home/swlab/Documents/swvul/java-vuln-detection/slicing/output/CPG/cwe789_cpg/cwe789-309-cpg-resolved.bin	tc309_flow1	CWE789_Uncontrolled_Mem_Alloc__PropertiesFile_HashSet_13.java	48	CWE789_Uncontrolled_Mem_Alloc__PropertiesFile_HashSet_13.java	90
/home/swlab/Documents/swvul/java-vuln-detection/slicing/output/CPG/cwe789_cpg/cwe789-309-cpg-resolved.bin	tc309_flow2	CWE789_Uncontrolled_Mem_Alloc__PropertiesFile_HashSet_13.java	108	CWE789_Uncontrolled_Mem_Alloc__PropertiesFile_HashSet_13.java	113
/home/swlab/Documents/swvul/java-vuln-detection/slicing/output/CPG/cwe789_cpg/cwe789-309-cpg-resolved.bin	tc309_flow3	CWE789_Uncontrolled_Mem_Alloc__PropertiesFile_HashSet_13.java	124	CWE789_Uncontrolled_Mem_Alloc__PropertiesFile_HashSet_13.java	134
/home/swlab/Documents/swvul/java-vuln-detection/slicing/output/CPG/cwe789_cpg/cwe789-310-cpg-resolved.bin	tc310_flow1	CWE789_Uncontrolled_Mem_Alloc__PropertiesFile_HashSet_14.java	48	CWE789_Uncontrolled_Mem_Alloc__PropertiesFile_HashSet_14.java	90
/home/swlab/Documents/swvul/java-vuln-detection/slicing/output/CPG/cwe789_cpg/cwe789-310-cpg-resolved.bin	tc310_flow2	CWE789_Uncontrolled_Mem_Alloc__PropertiesFile_HashSet_14.java	108	CWE789_Uncontrolled_Mem_Alloc__PropertiesFile_HashSet_14.java	113
/home/swlab/Documents/swvul/java-vuln-detection/slicing/output/CPG/cwe789_cpg/cwe789-310-cpg-resolved.bin	tc310_flow3	CWE789_Uncontrolled_Mem_Alloc__PropertiesFile_HashSet_14.java	124	CWE789_Uncontrolled_Mem_Alloc__PropertiesFile_HashSet_14.java	134
/home/swlab/Documents/swvul/java-vuln-detection/slicing/output/CPG/cwe789_cpg/cwe789-311-cpg-resolved.bin	tc311_flow1	CWE789_Uncontrolled_Mem_Alloc__PropertiesFile_HashSet_15.java	50	CWE789_Uncontrolled_Mem_Alloc__PropertiesFile_HashSet_15.java	92
/home/swlab/Documents/swvul/java-vuln-detection/slicing/output/CPG/cwe789_cpg/cwe789-311-cpg-resolved.bin	tc311_flow2	CWE789_Uncontrolled_Mem_Alloc__PropertiesFile_HashSet_15.java	110	CWE789_Uncontrolled_Mem_Alloc__PropertiesFile_HashSet_15.java	115
/home/swlab/Documents/swvul/java-vuln-detection/slicing/output/CPG/cwe789_cpg/cwe789-311-cpg-resolved.bin	tc311_flow3	CWE789_Uncontrolled_Mem_Alloc__PropertiesFile_HashSet_15.java	128	CWE789_Uncontrolled_Mem_Alloc__PropertiesFile_HashSet_15.java	138
/home/swlab/Documents/swvul/java-vuln-detection/slicing/output/CPG/cwe789_cpg/cwe789-312-cpg-resolved.bin	tc312_flow1	CWE789_Uncontrolled_Mem_Alloc__PropertiesFile_HashSet_16.java	49	CWE789_Uncontrolled_Mem_Alloc__PropertiesFile_HashSet_16.java	86
/home/swlab/Documents/swvul/java-vuln-detection/slicing/output/CPG/cwe789_cpg/cwe789-312-cpg-resolved.bin	tc312_flow2	CWE789_Uncontrolled_Mem_Alloc__PropertiesFile_HashSet_16.java	98	CWE789_Uncontrolled_Mem_Alloc__PropertiesFile_HashSet_16.java	103
/home/swlab/Documents/swvul/java-vuln-detection/slicing/output/CPG/cwe789_cpg/cwe789-313-cpg-resolved.bin	tc313_flow1	CWE789_Uncontrolled_Mem_Alloc__PropertiesFile_HashSet_17.java	50	CWE789_Uncontrolled_Mem_Alloc__PropertiesFile_HashSet_17.java	87
/home/swlab/Documents/swvul/java-vuln-detection/slicing/output/CPG/cwe789_cpg/cwe789-313-cpg-resolved.bin	tc313_flow2	CWE789_Uncontrolled_Mem_Alloc__PropertiesFile_HashSet_17.java	98	CWE789_Uncontrolled_Mem_Alloc__PropertiesFile_HashSet_17.java	103
/home/swlab/Documents/swvul/java-vuln-detection/slicing/output/CPG/cwe789_cpg/cwe789-314-cpg-resolved.bin	tc314_flow1	CWE789_Uncontrolled_Mem_Alloc__PropertiesFile_HashSet_21.java	64	CWE789_Uncontrolled_Mem_Alloc__PropertiesFile_HashSet_21.java	44
/home/swlab/Documents/swvul/java-vuln-detection/slicing/output/CPG/cwe789_cpg/cwe789-314-cpg-resolved.bin	tc314_flow2	CWE789_Uncontrolled_Mem_Alloc__PropertiesFile_HashSet_21.java	145	CWE789_Uncontrolled_Mem_Alloc__PropertiesFile_HashSet_21.java	127
/home/swlab/Documents/swvul/java-vuln-detection/slicing/output/CPG/cwe789_cpg/cwe789-314-cpg-resolved.bin	tc314_flow3	CWE789_Uncontrolled_Mem_Alloc__PropertiesFile_HashSet_21.java	172	CWE789_Uncontrolled_Mem_Alloc__PropertiesFile_HashSet_21.java	161
/home/swlab/Documents/swvul/java-vuln-detection/slicing/output/CPG/cwe789_cpg/cwe789-315-cpg-resolved.bin	tc315_flow1	CWE789_Uncontrolled_Mem_Alloc__PropertiesFile_HashSet_22b.java	47	CWE789_Uncontrolled_Mem_Alloc__PropertiesFile_HashSet_22a.java	38
/home/swlab/Documents/swvul/java-vuln-detection/slicing/output/CPG/cwe789_cpg/cwe789-315-cpg-resolved.bin	tc315_flow2	CWE789_Uncontrolled_Mem_Alloc__PropertiesFile_HashSet_22b.java	105	CWE789_Uncontrolled_Mem_Alloc__PropertiesFile_HashSet_22a.java	62
/home/swlab/Documents/swvul/java-vuln-detection/slicing/output/CPG/cwe789_cpg/cwe789-315-cpg-resolved.bin	tc315_flow3	CWE789_Uncontrolled_Mem_Alloc__PropertiesFile_HashSet_22b.java	120	CWE789_Uncontrolled_Mem_Alloc__PropertiesFile_HashSet_22a.java	75
/home/swlab/Documents/swvul/java-vuln-detection/slicing/output/CPG/cwe789_cpg/cwe789-316-cpg-resolved.bin	tc316_flow1	CWE789_Uncontrolled_Mem_Alloc__PropertiesFile_HashSet_31.java	53	CWE789_Uncontrolled_Mem_Alloc__PropertiesFile_HashSet_31.java	93
/home/swlab/Documents/swvul/java-vuln-detection/slicing/output/CPG/cwe789_cpg/cwe789-316-cpg-resolved.bin	tc316_flow2	CWE789_Uncontrolled_Mem_Alloc__PropertiesFile_HashSet_31.java	111	CWE789_Uncontrolled_Mem_Alloc__PropertiesFile_HashSet_31.java	119
/home/swlab/Documents/swvul/java-vuln-detection/slicing/output/CPG/cwe789_cpg/cwe789-317-cpg-resolved.bin	tc317_flow1	CWE789_Uncontrolled_Mem_Alloc__PropertiesFile_HashSet_41.java	57	CWE789_Uncontrolled_Mem_Alloc__PropertiesFile_HashSet_41.java	36
/home/swlab/Documents/swvul/java-vuln-detection/slicing/output/CPG/cwe789_cpg/cwe789-317-cpg-resolved.bin	tc317_flow2	CWE789_Uncontrolled_Mem_Alloc__PropertiesFile_HashSet_41.java	113	CWE789_Uncontrolled_Mem_Alloc__PropertiesFile_HashSet_41.java	103
/home/swlab/Documents/swvul/java-vuln-detection/slicing/output/CPG/cwe789_cpg/cwe789-318-cpg-resolved.bin	tc318_flow1	CWE789_Uncontrolled_Mem_Alloc__PropertiesFile_HashSet_42.java	49	CWE789_Uncontrolled_Mem_Alloc__PropertiesFile_HashSet_42.java	92
/home/swlab/Documents/swvul/java-vuln-detection/slicing/output/CPG/cwe789_cpg/cwe789-318-cpg-resolved.bin	tc318_flow2	CWE789_Uncontrolled_Mem_Alloc__PropertiesFile_HashSet_42.java	101	CWE789_Uncontrolled_Mem_Alloc__PropertiesFile_HashSet_42.java	112
/home/swlab/Documents/swvul/java-vuln-detection/slicing/output/CPG/cwe789_cpg/cwe789-319-cpg-resolved.bin	tc319_flow1	CWE789_Uncontrolled_Mem_Alloc__PropertiesFile_HashSet_45.java	63	CWE789_Uncontrolled_Mem_Alloc__PropertiesFile_HashSet_45.java	41
/home/swlab/Documents/swvul/java-vuln-detection/slicing/output/CPG/cwe789_cpg/cwe789-319-cpg-resolved.bin	tc319_flow2	CWE789_Uncontrolled_Mem_Alloc__PropertiesFile_HashSet_45.java	121	CWE789_Uncontrolled_Mem_Alloc__PropertiesFile_HashSet_45.java	111
/home/swlab/Documents/swvul/java-vuln-detection/slicing/output/CPG/cwe789_cpg/cwe789-320-cpg-resolved.bin	tc320_flow1	CWE789_Uncontrolled_Mem_Alloc__PropertiesFile_HashSet_51a.java	47	CWE789_Uncontrolled_Mem_Alloc__PropertiesFile_HashSet_51b.java	29
/home/swlab/Documents/swvul/java-vuln-detection/slicing/output/CPG/cwe789_cpg/cwe789-320-cpg-resolved.bin	tc320_flow2	CWE789_Uncontrolled_Mem_Alloc__PropertiesFile_HashSet_51a.java	95	CWE789_Uncontrolled_Mem_Alloc__PropertiesFile_HashSet_51b.java	38
/home/swlab/Documents/swvul/java-vuln-detection/slicing/output/CPG/cwe789_cpg/cwe789-321-cpg-resolved.bin	tc321_flow1	CWE789_Uncontrolled_Mem_Alloc__PropertiesFile_HashSet_52a.java	48	CWE789_Uncontrolled_Mem_Alloc__PropertiesFile_HashSet_52c.java	30
/home/swlab/Documents/swvul/java-vuln-detection/slicing/output/CPG/cwe789_cpg/cwe789-321-cpg-resolved.bin	tc321_flow2	CWE789_Uncontrolled_Mem_Alloc__PropertiesFile_HashSet_52a.java	96	CWE789_Uncontrolled_Mem_Alloc__PropertiesFile_HashSet_52c.java	39
/home/swlab/Documents/swvul/java-vuln-detection/slicing/output/CPG/cwe789_cpg/cwe789-322-cpg-resolved.bin	tc322_flow1	CWE789_Uncontrolled_Mem_Alloc__PropertiesFile_HashSet_53a.java	48	CWE789_Uncontrolled_Mem_Alloc__PropertiesFile_HashSet_53d.java	30
/home/swlab/Documents/swvul/java-vuln-detection/slicing/output/CPG/cwe789_cpg/cwe789-322-cpg-resolved.bin	tc322_flow2	CWE789_Uncontrolled_Mem_Alloc__PropertiesFile_HashSet_53a.java	96	CWE789_Uncontrolled_Mem_Alloc__PropertiesFile_HashSet_53d.java	39
/home/swlab/Documents/swvul/java-vuln-detection/slicing/output/CPG/cwe789_cpg/cwe789-323-cpg-resolved.bin	tc323_flow1	CWE789_Uncontrolled_Mem_Alloc__PropertiesFile_HashSet_54a.java	48	CWE789_Uncontrolled_Mem_Alloc__PropertiesFile_HashSet_54e.java	30
/home/swlab/Documents/swvul/java-vuln-detection/slicing/output/CPG/cwe789_cpg/cwe789-323-cpg-resolved.bin	tc323_flow2	CWE789_Uncontrolled_Mem_Alloc__PropertiesFile_HashSet_54a.java	96	CWE789_Uncontrolled_Mem_Alloc__PropertiesFile_HashSet_54e.java	39
/home/swlab/Documents/swvul/java-vuln-detection/slicing/output/CPG/cwe789_cpg/cwe789-324-cpg-resolved.bin	tc324_flow1	CWE789_Uncontrolled_Mem_Alloc__PropertiesFile_HashSet_61b.java	48	CWE789_Uncontrolled_Mem_Alloc__PropertiesFile_HashSet_61a.java	31
/home/swlab/Documents/swvul/java-vuln-detection/slicing/output/CPG/cwe789_cpg/cwe789-324-cpg-resolved.bin	tc324_flow2	CWE789_Uncontrolled_Mem_Alloc__PropertiesFile_HashSet_61b.java	91	CWE789_Uncontrolled_Mem_Alloc__PropertiesFile_HashSet_61a.java	46
/home/swlab/Documents/swvul/java-vuln-detection/slicing/output/CPG/cwe789_cpg/cwe789-325-cpg-resolved.bin	tc325_flow1	CWE789_Uncontrolled_Mem_Alloc__PropertiesFile_HashSet_66a.java	48	CWE789_Uncontrolled_Mem_Alloc__PropertiesFile_HashSet_66b.java	31
/home/swlab/Documents/swvul/java-vuln-detection/slicing/output/CPG/cwe789_cpg/cwe789-325-cpg-resolved.bin	tc325_flow2	CWE789_Uncontrolled_Mem_Alloc__PropertiesFile_HashSet_66a.java	98	CWE789_Uncontrolled_Mem_Alloc__PropertiesFile_HashSet_66b.java	41
/home/swlab/Documents/swvul/java-vuln-detection/slicing/output/CPG/cwe789_cpg/cwe789-326-cpg-resolved.bin	tc326_flow1	CWE789_Uncontrolled_Mem_Alloc__PropertiesFile_HashSet_67a.java	53	CWE789_Uncontrolled_Mem_Alloc__PropertiesFile_HashSet_67b.java	31
/home/swlab/Documents/swvul/java-vuln-detection/slicing/output/CPG/cwe789_cpg/cwe789-326-cpg-resolved.bin	tc326_flow2	CWE789_Uncontrolled_Mem_Alloc__PropertiesFile_HashSet_67a.java	103	CWE789_Uncontrolled_Mem_Alloc__PropertiesFile_HashSet_67b.java	41
/home/swlab/Documents/swvul/java-vuln-detection/slicing/output/CPG/cwe789_cpg/cwe789-327-cpg-resolved.bin	tc327_flow1	CWE789_Uncontrolled_Mem_Alloc__PropertiesFile_HashSet_68a.java	48	CWE789_Uncontrolled_Mem_Alloc__PropertiesFile_HashSet_68b.java	30
/home/swlab/Documents/swvul/java-vuln-detection/slicing/output/CPG/cwe789_cpg/cwe789-327-cpg-resolved.bin	tc327_flow2	CWE789_Uncontrolled_Mem_Alloc__PropertiesFile_HashSet_68a.java	95	CWE789_Uncontrolled_Mem_Alloc__PropertiesFile_HashSet_68b.java	40
/home/swlab/Documents/swvul/java-vuln-detection/slicing/output/CPG/cwe789_cpg/cwe789-328-cpg-resolved.bin	tc328_flow1	CWE789_Uncontrolled_Mem_Alloc__PropertiesFile_HashSet_71a.java	48	CWE789_Uncontrolled_Mem_Alloc__PropertiesFile_HashSet_71b.java	31
/home/swlab/Documents/swvul/java-vuln-detection/slicing/output/CPG/cwe789_cpg/cwe789-328-cpg-resolved.bin	tc328_flow2	CWE789_Uncontrolled_Mem_Alloc__PropertiesFile_HashSet_71a.java	96	CWE789_Uncontrolled_Mem_Alloc__PropertiesFile_HashSet_71b.java	41
/home/swlab/Documents/swvul/java-vuln-detection/slicing/output/CPG/cwe789_cpg/cwe789-329-cpg-resolved.bin	tc329_flow1	CWE789_Uncontrolled_Mem_Alloc__PropertiesFile_HashSet_72a.java	49	CWE789_Uncontrolled_Mem_Alloc__PropertiesFile_HashSet_72b.java	32
/home/swlab/Documents/swvul/java-vuln-detection/slicing/output/CPG/cwe789_cpg/cwe789-329-cpg-resolved.bin	tc329_flow2	CWE789_Uncontrolled_Mem_Alloc__PropertiesFile_HashSet_72a.java	101	CWE789_Uncontrolled_Mem_Alloc__PropertiesFile_HashSet_72b.java	42
/home/swlab/Documents/swvul/java-vuln-detection/slicing/output/CPG/cwe789_cpg/cwe789-330-cpg-resolved.bin	tc330_flow1	CWE789_Uncontrolled_Mem_Alloc__PropertiesFile_HashSet_73a.java	49	CWE789_Uncontrolled_Mem_Alloc__PropertiesFile_HashSet_73b.java	32
/home/swlab/Documents/swvul/java-vuln-detection/slicing/output/CPG/cwe789_cpg/cwe789-330-cpg-resolved.bin	tc330_flow2	CWE789_Uncontrolled_Mem_Alloc__PropertiesFile_HashSet_73a.java	101	CWE789_Uncontrolled_Mem_Alloc__PropertiesFile_HashSet_73b.java	42
/home/swlab/Documents/swvul/java-vuln-detection/slicing/output/CPG/cwe789_cpg/cwe789-331-cpg-resolved.bin	tc331_flow1	CWE789_Uncontrolled_Mem_Alloc__PropertiesFile_HashSet_74a.java	49	CWE789_Uncontrolled_Mem_Alloc__PropertiesFile_HashSet_74b.java	32
/home/swlab/Documents/swvul/java-vuln-detection/slicing/output/CPG/cwe789_cpg/cwe789-331-cpg-resolved.bin	tc331_flow2	CWE789_Uncontrolled_Mem_Alloc__PropertiesFile_HashSet_74a.java	101	CWE789_Uncontrolled_Mem_Alloc__PropertiesFile_HashSet_74b.java	42
/home/swlab/Documents/swvul/java-vuln-detection/slicing/output/CPG/cwe789_cpg/cwe789-332-cpg-resolved.bin	tc332_flow1	CWE789_Uncontrolled_Mem_Alloc__PropertiesFile_HashSet_75a.java	51	CWE789_Uncontrolled_Mem_Alloc__PropertiesFile_HashSet_75b.java	43
/home/swlab/Documents/swvul/java-vuln-detection/slicing/output/CPG/cwe789_cpg/cwe789-332-cpg-resolved.bin	tc332_flow2	CWE789_Uncontrolled_Mem_Alloc__PropertiesFile_HashSet_75a.java	141	CWE789_Uncontrolled_Mem_Alloc__PropertiesFile_HashSet_75b.java	97
/home/swlab/Documents/swvul/java-vuln-detection/slicing/output/CPG/cwe789_cpg/cwe789-333-cpg-resolved.bin	tc333_flow1	CWE789_Uncontrolled_Mem_Alloc__PropertiesFile_HashSet_81a.java	48	CWE789_Uncontrolled_Mem_Alloc__PropertiesFile_HashSet_81_bad.java	30
/home/swlab/Documents/swvul/java-vuln-detection/slicing/output/CPG/cwe789_cpg/cwe789-333-cpg-resolved.bin	tc333_flow2	CWE789_Uncontrolled_Mem_Alloc__PropertiesFile_HashSet_81a.java	97	CWE789_Uncontrolled_Mem_Alloc__PropertiesFile_HashSet_81_goodG2B.java	30
/home/swlab/Documents/swvul/java-vuln-detection/slicing/output/CPG/cwe789_cpg/cwe789-334-cpg-resolved.bin	tc334_flow1	CWE789_Uncontrolled_Mem_Alloc__Property_ArrayList_01.java	36	CWE789_Uncontrolled_Mem_Alloc__Property_ArrayList_01.java	49
/home/swlab/Documents/swvul/java-vuln-detection/slicing/output/CPG/cwe789_cpg/cwe789-334-cpg-resolved.bin	tc334_flow2	CWE789_Uncontrolled_Mem_Alloc__Property_ArrayList_01.java	64	CWE789_Uncontrolled_Mem_Alloc__Property_ArrayList_01.java	67
/home/swlab/Documents/swvul/java-vuln-detection/slicing/output/CPG/cwe789_cpg/cwe789-335-cpg-resolved.bin	tc335_flow1	CWE789_Uncontrolled_Mem_Alloc__Property_ArrayList_02.java	36	CWE789_Uncontrolled_Mem_Alloc__Property_ArrayList_02.java	56
/home/swlab/Documents/swvul/java-vuln-detection/slicing/output/CPG/cwe789_cpg/cwe789-335-cpg-resolved.bin	tc335_flow2	CWE789_Uncontrolled_Mem_Alloc__Property_ArrayList_02.java	74	CWE789_Uncontrolled_Mem_Alloc__Property_ArrayList_02.java	79
/home/swlab/Documents/swvul/java-vuln-detection/slicing/output/CPG/cwe789_cpg/cwe789-335-cpg-resolved.bin	tc335_flow3	CWE789_Uncontrolled_Mem_Alloc__Property_ArrayList_02.java	90	CWE789_Uncontrolled_Mem_Alloc__Property_ArrayList_02.java	100
/home/swlab/Documents/swvul/java-vuln-detection/slicing/output/CPG/cwe789_cpg/cwe789-336-cpg-resolved.bin	tc336_flow1	CWE789_Uncontrolled_Mem_Alloc__Property_ArrayList_03.java	36	CWE789_Uncontrolled_Mem_Alloc__Property_ArrayList_03.java	56
/home/swlab/Documents/swvul/java-vuln-detection/slicing/output/CPG/cwe789_cpg/cwe789-336-cpg-resolved.bin	tc336_flow2	CWE789_Uncontrolled_Mem_Alloc__Property_ArrayList_03.java	74	CWE789_Uncontrolled_Mem_Alloc__Property_ArrayList_03.java	79
/home/swlab/Documents/swvul/java-vuln-detection/slicing/output/CPG/cwe789_cpg/cwe789-336-cpg-resolved.bin	tc336_flow3	CWE789_Uncontrolled_Mem_Alloc__Property_ArrayList_03.java	90	CWE789_Uncontrolled_Mem_Alloc__Property_ArrayList_03.java	100
/home/swlab/Documents/swvul/java-vuln-detection/slicing/output/CPG/cwe789_cpg/cwe789-337-cpg-resolved.bin	tc337_flow1	CWE789_Uncontrolled_Mem_Alloc__Property_ArrayList_04.java	43	CWE789_Uncontrolled_Mem_Alloc__Property_ArrayList_04.java	63
/home/swlab/Documents/swvul/java-vuln-detection/slicing/output/CPG/cwe789_cpg/cwe789-337-cpg-resolved.bin	tc337_flow2	CWE789_Uncontrolled_Mem_Alloc__Property_ArrayList_04.java	81	CWE789_Uncontrolled_Mem_Alloc__Property_ArrayList_04.java	86
/home/swlab/Documents/swvul/java-vuln-detection/slicing/output/CPG/cwe789_cpg/cwe789-337-cpg-resolved.bin	tc337_flow3	CWE789_Uncontrolled_Mem_Alloc__Property_ArrayList_04.java	97	CWE789_Uncontrolled_Mem_Alloc__Property_ArrayList_04.java	107
/home/swlab/Documents/swvul/java-vuln-detection/slicing/output/CPG/cwe789_cpg/cwe789-338-cpg-resolved.bin	tc338_flow1	CWE789_Uncontrolled_Mem_Alloc__Property_ArrayList_05.java	43	CWE789_Uncontrolled_Mem_Alloc__Property_ArrayList_05.java	63
/home/swlab/Documents/swvul/java-vuln-detection/slicing/output/CPG/cwe789_cpg/cwe789-338-cpg-resolved.bin	tc338_flow2	CWE789_Uncontrolled_Mem_Alloc__Property_ArrayList_05.java	81	CWE789_Uncontrolled_Mem_Alloc__Property_ArrayList_05.java	86
/home/swlab/Documents/swvul/java-vuln-detection/slicing/output/CPG/cwe789_cpg/cwe789-338-cpg-resolved.bin	tc338_flow3	CWE789_Uncontrolled_Mem_Alloc__Property_ArrayList_05.java	97	CWE789_Uncontrolled_Mem_Alloc__Property_ArrayList_05.java	107
/home/swlab/Documents/swvul/java-vuln-detection/slicing/output/CPG/cwe789_cpg/cwe789-339-cpg-resolved.bin	tc339_flow1	CWE789_Uncontrolled_Mem_Alloc__Property_ArrayList_06.java	42	CWE789_Uncontrolled_Mem_Alloc__Property_ArrayList_06.java	62
/home/swlab/Documents/swvul/java-vuln-detection/slicing/output/CPG/cwe789_cpg/cwe789-339-cpg-resolved.bin	tc339_flow2	CWE789_Uncontrolled_Mem_Alloc__Property_ArrayList_06.java	80	CWE789_Uncontrolled_Mem_Alloc__Property_ArrayList_06.java	85
/home/swlab/Documents/swvul/java-vuln-detection/slicing/output/CPG/cwe789_cpg/cwe789-339-cpg-resolved.bin	tc339_flow3	CWE789_Uncontrolled_Mem_Alloc__Property_ArrayList_06.java	96	CWE789_Uncontrolled_Mem_Alloc__Property_ArrayList_06.java	106
/home/swlab/Documents/swvul/java-vuln-detection/slicing/output/CPG/cwe789_cpg/cwe789-340-cpg-resolved.bin	tc340_flow1	CWE789_Uncontrolled_Mem_Alloc__Property_ArrayList_07.java	42	CWE789_Uncontrolled_Mem_Alloc__Property_ArrayList_07.java	62
/home/swlab/Documents/swvul/java-vuln-detection/slicing/output/CPG/cwe789_cpg/cwe789-340-cpg-resolved.bin	tc340_flow2	CWE789_Uncontrolled_Mem_Alloc__Property_ArrayList_07.java	80	CWE789_Uncontrolled_Mem_Alloc__Property_ArrayList_07.java	85
/home/swlab/Documents/swvul/java-vuln-detection/slicing/output/CPG/cwe789_cpg/cwe789-340-cpg-resolved.bin	tc340_flow3	CWE789_Uncontrolled_Mem_Alloc__Property_ArrayList_07.java	96	CWE789_Uncontrolled_Mem_Alloc__Property_ArrayList_07.java	106
/home/swlab/Documents/swvul/java-vuln-detection/slicing/output/CPG/cwe789_cpg/cwe789-341-cpg-resolved.bin	tc341_flow1	CWE789_Uncontrolled_Mem_Alloc__Property_ArrayList_08.java	50	CWE789_Uncontrolled_Mem_Alloc__Property_ArrayList_08.java	70
/home/swlab/Documents/swvul/java-vuln-detection/slicing/output/CPG/cwe789_cpg/cwe789-341-cpg-resolved.bin	tc341_flow2	CWE789_Uncontrolled_Mem_Alloc__Property_ArrayList_08.java	88	CWE789_Uncontrolled_Mem_Alloc__Property_ArrayList_08.java	93
/home/swlab/Documents/swvul/java-vuln-detection/slicing/output/CPG/cwe789_cpg/cwe789-341-cpg-resolved.bin	tc341_flow3	CWE789_Uncontrolled_Mem_Alloc__Property_ArrayList_08.java	104	CWE789_Uncontrolled_Mem_Alloc__Property_ArrayList_08.java	114
/home/swlab/Documents/swvul/java-vuln-detection/slicing/output/CPG/cwe789_cpg/cwe789-342-cpg-resolved.bin	tc342_flow1	CWE789_Uncontrolled_Mem_Alloc__Property_ArrayList_09.java	36	CWE789_Uncontrolled_Mem_Alloc__Property_ArrayList_09.java	56
/home/swlab/Documents/swvul/java-vuln-detection/slicing/output/CPG/cwe789_cpg/cwe789-342-cpg-resolved.bin	tc342_flow2	CWE789_Uncontrolled_Mem_Alloc__Property_ArrayList_09.java	74	CWE789_Uncontrolled_Mem_Alloc__Property_ArrayList_09.java	79
/home/swlab/Documents/swvul/java-vuln-detection/slicing/output/CPG/cwe789_cpg/cwe789-342-cpg-resolved.bin	tc342_flow3	CWE789_Uncontrolled_Mem_Alloc__Property_ArrayList_09.java	90	CWE789_Uncontrolled_Mem_Alloc__Property_ArrayList_09.java	100
/home/swlab/Documents/swvul/java-vuln-detection/slicing/output/CPG/cwe789_cpg/cwe789-343-cpg-resolved.bin	tc343_flow1	CWE789_Uncontrolled_Mem_Alloc__Property_ArrayList_10.java	36	CWE789_Uncontrolled_Mem_Alloc__Property_ArrayList_10.java	56
/home/swlab/Documents/swvul/java-vuln-detection/slicing/output/CPG/cwe789_cpg/cwe789-343-cpg-resolved.bin	tc343_flow2	CWE789_Uncontrolled_Mem_Alloc__Property_ArrayList_10.java	74	CWE789_Uncontrolled_Mem_Alloc__Property_ArrayList_10.java	79
/home/swlab/Documents/swvul/java-vuln-detection/slicing/output/CPG/cwe789_cpg/cwe789-343-cpg-resolved.bin	tc343_flow3	CWE789_Uncontrolled_Mem_Alloc__Property_ArrayList_10.java	90	CWE789_Uncontrolled_Mem_Alloc__Property_ArrayList_10.java	100
/home/swlab/Documents/swvul/java-vuln-detection/slicing/output/CPG/cwe789_cpg/cwe789-344-cpg-resolved.bin	tc344_flow1	CWE789_Uncontrolled_Mem_Alloc__Property_ArrayList_11.java	36	CWE789_Uncontrolled_Mem_Alloc__Property_ArrayList_11.java	56
/home/swlab/Documents/swvul/java-vuln-detection/slicing/output/CPG/cwe789_cpg/cwe789-344-cpg-resolved.bin	tc344_flow2	CWE789_Uncontrolled_Mem_Alloc__Property_ArrayList_11.java	74	CWE789_Uncontrolled_Mem_Alloc__Property_ArrayList_11.java	79
/home/swlab/Documents/swvul/java-vuln-detection/slicing/output/CPG/cwe789_cpg/cwe789-344-cpg-resolved.bin	tc344_flow3	CWE789_Uncontrolled_Mem_Alloc__Property_ArrayList_11.java	90	CWE789_Uncontrolled_Mem_Alloc__Property_ArrayList_11.java	100
/home/swlab/Documents/swvul/java-vuln-detection/slicing/output/CPG/cwe789_cpg/cwe789-345-cpg-resolved.bin	tc345_flow1	CWE789_Uncontrolled_Mem_Alloc__Property_ArrayList_12.java	36	CWE789_Uncontrolled_Mem_Alloc__Property_ArrayList_12.java	57
/home/swlab/Documents/swvul/java-vuln-detection/slicing/output/CPG/cwe789_cpg/cwe789-345-cpg-resolved.bin	tc345_flow2	CWE789_Uncontrolled_Mem_Alloc__Property_ArrayList_12.java	69	CWE789_Uncontrolled_Mem_Alloc__Property_ArrayList_12.java	80
/home/swlab/Documents/swvul/java-vuln-detection/slicing/output/CPG/cwe789_cpg/cwe789-346-cpg-resolved.bin	tc346_flow1	CWE789_Uncontrolled_Mem_Alloc__Property_ArrayList_13.java	36	CWE789_Uncontrolled_Mem_Alloc__Property_ArrayList_13.java	56
/home/swlab/Documents/swvul/java-vuln-detection/slicing/output/CPG/cwe789_cpg/cwe789-346-cpg-resolved.bin	tc346_flow2	CWE789_Uncontrolled_Mem_Alloc__Property_ArrayList_13.java	74	CWE789_Uncontrolled_Mem_Alloc__Property_ArrayList_13.java	79
/home/swlab/Documents/swvul/java-vuln-detection/slicing/output/CPG/cwe789_cpg/cwe789-346-cpg-resolved.bin	tc346_flow3	CWE789_Uncontrolled_Mem_Alloc__Property_ArrayList_13.java	90	CWE789_Uncontrolled_Mem_Alloc__Property_ArrayList_13.java	100
/home/swlab/Documents/swvul/java-vuln-detection/slicing/output/CPG/cwe789_cpg/cwe789-347-cpg-resolved.bin	tc347_flow1	CWE789_Uncontrolled_Mem_Alloc__Property_ArrayList_14.java	36	CWE789_Uncontrolled_Mem_Alloc__Property_ArrayList_14.java	56
/home/swlab/Documents/swvul/java-vuln-detection/slicing/output/CPG/cwe789_cpg/cwe789-347-cpg-resolved.bin	tc347_flow2	CWE789_Uncontrolled_Mem_Alloc__Property_ArrayList_14.java	74	CWE789_Uncontrolled_Mem_Alloc__Property_ArrayList_14.java	79
/home/swlab/Documents/swvul/java-vuln-detection/slicing/output/CPG/cwe789_cpg/cwe789-347-cpg-resolved.bin	tc347_flow3	CWE789_Uncontrolled_Mem_Alloc__Property_ArrayList_14.java	90	CWE789_Uncontrolled_Mem_Alloc__Property_ArrayList_14.java	100
/home/swlab/Documents/swvul/java-vuln-detection/slicing/output/CPG/cwe789_cpg/cwe789-348-cpg-resolved.bin	tc348_flow1	CWE789_Uncontrolled_Mem_Alloc__Property_ArrayList_15.java	38	CWE789_Uncontrolled_Mem_Alloc__Property_ArrayList_15.java	58
/home/swlab/Documents/swvul/java-vuln-detection/slicing/output/CPG/cwe789_cpg/cwe789-348-cpg-resolved.bin	tc348_flow2	CWE789_Uncontrolled_Mem_Alloc__Property_ArrayList_15.java	76	CWE789_Uncontrolled_Mem_Alloc__Property_ArrayList_15.java	81
/home/swlab/Documents/swvul/java-vuln-detection/slicing/output/CPG/cwe789_cpg/cwe789-348-cpg-resolved.bin	tc348_flow3	CWE789_Uncontrolled_Mem_Alloc__Property_ArrayList_15.java	94	CWE789_Uncontrolled_Mem_Alloc__Property_ArrayList_15.java	104
/home/swlab/Documents/swvul/java-vuln-detection/slicing/output/CPG/cwe789_cpg/cwe789-349-cpg-resolved.bin	tc349_flow1	CWE789_Uncontrolled_Mem_Alloc__Property_ArrayList_16.java	37	CWE789_Uncontrolled_Mem_Alloc__Property_ArrayList_16.java	52
/home/swlab/Documents/swvul/java-vuln-detection/slicing/output/CPG/cwe789_cpg/cwe789-349-cpg-resolved.bin	tc349_flow2	CWE789_Uncontrolled_Mem_Alloc__Property_ArrayList_16.java	64	CWE789_Uncontrolled_Mem_Alloc__Property_ArrayList_16.java	69
/home/swlab/Documents/swvul/java-vuln-detection/slicing/output/CPG/cwe789_cpg/cwe789-350-cpg-resolved.bin	tc350_flow1	CWE789_Uncontrolled_Mem_Alloc__Property_ArrayList_17.java	36	CWE789_Uncontrolled_Mem_Alloc__Property_ArrayList_17.java	51
/home/swlab/Documents/swvul/java-vuln-detection/slicing/output/CPG/cwe789_cpg/cwe789-350-cpg-resolved.bin	tc350_flow2	CWE789_Uncontrolled_Mem_Alloc__Property_ArrayList_17.java	62	CWE789_Uncontrolled_Mem_Alloc__Property_ArrayList_17.java	67
/home/swlab/Documents/swvul/java-vuln-detection/slicing/output/CPG/cwe789_cpg/cwe789-351-cpg-resolved.bin	tc351_flow1	CWE789_Uncontrolled_Mem_Alloc__Property_ArrayList_21.java	52	CWE789_Uncontrolled_Mem_Alloc__Property_ArrayList_21.java	39
/home/swlab/Documents/swvul/java-vuln-detection/slicing/output/CPG/cwe789_cpg/cwe789-351-cpg-resolved.bin	tc351_flow2	CWE789_Uncontrolled_Mem_Alloc__Property_ArrayList_21.java	111	CWE789_Uncontrolled_Mem_Alloc__Property_ArrayList_21.java	93
/home/swlab/Documents/swvul/java-vuln-detection/slicing/output/CPG/cwe789_cpg/cwe789-351-cpg-resolved.bin	tc351_flow3	CWE789_Uncontrolled_Mem_Alloc__Property_ArrayList_21.java	138	CWE789_Uncontrolled_Mem_Alloc__Property_ArrayList_21.java	127
/home/swlab/Documents/swvul/java-vuln-detection/slicing/output/CPG/cwe789_cpg/cwe789-352-cpg-resolved.bin	tc352_flow1	CWE789_Uncontrolled_Mem_Alloc__Property_ArrayList_22b.java	35	CWE789_Uncontrolled_Mem_Alloc__Property_ArrayList_22a.java	38
/home/swlab/Documents/swvul/java-vuln-detection/slicing/output/CPG/cwe789_cpg/cwe789-352-cpg-resolved.bin	tc352_flow2	CWE789_Uncontrolled_Mem_Alloc__Property_ArrayList_22b.java	71	CWE789_Uncontrolled_Mem_Alloc__Property_ArrayList_22a.java	62
/home/swlab/Documents/swvul/java-vuln-detection/slicing/output/CPG/cwe789_cpg/cwe789-352-cpg-resolved.bin	tc352_flow3	CWE789_Uncontrolled_Mem_Alloc__Property_ArrayList_22b.java	86	CWE789_Uncontrolled_Mem_Alloc__Property_ArrayList_22a.java	75
/home/swlab/Documents/swvul/java-vuln-detection/slicing/output/CPG/cwe789_cpg/cwe789-353-cpg-resolved.bin	tc353_flow1	CWE789_Uncontrolled_Mem_Alloc__Property_ArrayList_31.java	39	CWE789_Uncontrolled_Mem_Alloc__Property_ArrayList_31.java	57
/home/swlab/Documents/swvul/java-vuln-detection/slicing/output/CPG/cwe789_cpg/cwe789-353-cpg-resolved.bin	tc353_flow2	CWE789_Uncontrolled_Mem_Alloc__Property_ArrayList_31.java	75	CWE789_Uncontrolled_Mem_Alloc__Property_ArrayList_31.java	83
/home/swlab/Documents/swvul/java-vuln-detection/slicing/output/CPG/cwe789_cpg/cwe789-354-cpg-resolved.bin	tc354_flow1	CWE789_Uncontrolled_Mem_Alloc__Property_ArrayList_41.java	43	CWE789_Uncontrolled_Mem_Alloc__Property_ArrayList_41.java	31
/home/swlab/Documents/swvul/java-vuln-detection/slicing/output/CPG/cwe789_cpg/cwe789-354-cpg-resolved.bin	tc354_flow2	CWE789_Uncontrolled_Mem_Alloc__Property_ArrayList_41.java	77	CWE789_Uncontrolled_Mem_Alloc__Property_ArrayList_41.java	67
/home/swlab/Documents/swvul/java-vuln-detection/slicing/output/CPG/cwe789_cpg/cwe789-355-cpg-resolved.bin	tc355_flow1	CWE789_Uncontrolled_Mem_Alloc__Property_ArrayList_42.java	35	CWE789_Uncontrolled_Mem_Alloc__Property_ArrayList_42.java	56
/home/swlab/Documents/swvul/java-vuln-detection/slicing/output/CPG/cwe789_cpg/cwe789-355-cpg-resolved.bin	tc355_flow2	CWE789_Uncontrolled_Mem_Alloc__Property_ArrayList_42.java	65	CWE789_Uncontrolled_Mem_Alloc__Property_ArrayList_42.java	76
/home/swlab/Documents/swvul/java-vuln-detection/slicing/output/CPG/cwe789_cpg/cwe789-356-cpg-resolved.bin	tc356_flow1	CWE789_Uncontrolled_Mem_Alloc__Property_ArrayList_45.java	49	CWE789_Uncontrolled_Mem_Alloc__Property_ArrayList_45.java	36
/home/swlab/Documents/swvul/java-vuln-detection/slicing/output/CPG/cwe789_cpg/cwe789-356-cpg-resolved.bin	tc356_flow2	CWE789_Uncontrolled_Mem_Alloc__Property_ArrayList_45.java	85	CWE789_Uncontrolled_Mem_Alloc__Property_ArrayList_45.java	75
/home/swlab/Documents/swvul/java-vuln-detection/slicing/output/CPG/cwe789_cpg/cwe789-357-cpg-resolved.bin	tc357_flow1	CWE789_Uncontrolled_Mem_Alloc__Property_ArrayList_51a.java	33	CWE789_Uncontrolled_Mem_Alloc__Property_ArrayList_51b.java	29
/home/swlab/Documents/swvul/java-vuln-detection/slicing/output/CPG/cwe789_cpg/cwe789-357-cpg-resolved.bin	tc357_flow2	CWE789_Uncontrolled_Mem_Alloc__Property_ArrayList_51a.java	59	CWE789_Uncontrolled_Mem_Alloc__Property_ArrayList_51b.java	38
/home/swlab/Documents/swvul/java-vuln-detection/slicing/output/CPG/cwe789_cpg/cwe789-358-cpg-resolved.bin	tc358_flow1	CWE789_Uncontrolled_Mem_Alloc__Property_ArrayList_52a.java	34	CWE789_Uncontrolled_Mem_Alloc__Property_ArrayList_52c.java	30
/home/swlab/Documents/swvul/java-vuln-detection/slicing/output/CPG/cwe789_cpg/cwe789-358-cpg-resolved.bin	tc358_flow2	CWE789_Uncontrolled_Mem_Alloc__Property_ArrayList_52a.java	60	CWE789_Uncontrolled_Mem_Alloc__Property_ArrayList_52c.java	39
/home/swlab/Documents/swvul/java-vuln-detection/slicing/output/CPG/cwe789_cpg/cwe789-359-cpg-resolved.bin	tc359_flow1	CWE789_Uncontrolled_Mem_Alloc__Property_ArrayList_53a.java	34	CWE789_Uncontrolled_Mem_Alloc__Property_ArrayList_53d.java	30
/home/swlab/Documents/swvul/java-vuln-detection/slicing/output/CPG/cwe789_cpg/cwe789-359-cpg-resolved.bin	tc359_flow2	CWE789_Uncontrolled_Mem_Alloc__Property_ArrayList_53a.java	60	CWE789_Uncontrolled_Mem_Alloc__Property_ArrayList_53d.java	39
/home/swlab/Documents/swvul/java-vuln-detection/slicing/output/CPG/cwe789_cpg/cwe789-360-cpg-resolved.bin	tc360_flow1	CWE789_Uncontrolled_Mem_Alloc__Property_ArrayList_54a.java	34	CWE789_Uncontrolled_Mem_Alloc__Property_ArrayList_54e.java	30
/home/swlab/Documents/swvul/java-vuln-detection/slicing/output/CPG/cwe789_cpg/cwe789-360-cpg-resolved.bin	tc360_flow2	CWE789_Uncontrolled_Mem_Alloc__Property_ArrayList_54a.java	60	CWE789_Uncontrolled_Mem_Alloc__Property_ArrayList_54e.java	39
/home/swlab/Documents/swvul/java-vuln-detection/slicing/output/CPG/cwe789_cpg/cwe789-361-cpg-resolved.bin	tc361_flow1	CWE789_Uncontrolled_Mem_Alloc__Property_ArrayList_61b.java	34	CWE789_Uncontrolled_Mem_Alloc__Property_ArrayList_61a.java	31
/home/swlab/Documents/swvul/java-vuln-detection/slicing/output/CPG/cwe789_cpg/cwe789-361-cpg-resolved.bin	tc361_flow2	CWE789_Uncontrolled_Mem_Alloc__Property_ArrayList_61b.java	55	CWE789_Uncontrolled_Mem_Alloc__Property_ArrayList_61a.java	46
/home/swlab/Documents/swvul/java-vuln-detection/slicing/output/CPG/cwe789_cpg/cwe789-362-cpg-resolved.bin	tc362_flow1	CWE789_Uncontrolled_Mem_Alloc__Property_ArrayList_66a.java	34	CWE789_Uncontrolled_Mem_Alloc__Property_ArrayList_66b.java	31
/home/swlab/Documents/swvul/java-vuln-detection/slicing/output/CPG/cwe789_cpg/cwe789-362-cpg-resolved.bin	tc362_flow2	CWE789_Uncontrolled_Mem_Alloc__Property_ArrayList_66a.java	62	CWE789_Uncontrolled_Mem_Alloc__Property_ArrayList_66b.java	41
/home/swlab/Documents/swvul/java-vuln-detection/slicing/output/CPG/cwe789_cpg/cwe789-363-cpg-resolved.bin	tc363_flow1	CWE789_Uncontrolled_Mem_Alloc__Property_ArrayList_67a.java	39	CWE789_Uncontrolled_Mem_Alloc__Property_ArrayList_67b.java	31
/home/swlab/Documents/swvul/java-vuln-detection/slicing/output/CPG/cwe789_cpg/cwe789-363-cpg-resolved.bin	tc363_flow2	CWE789_Uncontrolled_Mem_Alloc__Property_ArrayList_67a.java	67	CWE789_Uncontrolled_Mem_Alloc__Property_ArrayList_67b.java	41
/home/swlab/Documents/swvul/java-vuln-detection/slicing/output/CPG/cwe789_cpg/cwe789-364-cpg-resolved.bin	tc364_flow1	CWE789_Uncontrolled_Mem_Alloc__Property_ArrayList_68a.java	34	CWE789_Uncontrolled_Mem_Alloc__Property_ArrayList_68b.java	30
/home/swlab/Documents/swvul/java-vuln-detection/slicing/output/CPG/cwe789_cpg/cwe789-364-cpg-resolved.bin	tc364_flow2	CWE789_Uncontrolled_Mem_Alloc__Property_ArrayList_68a.java	59	CWE789_Uncontrolled_Mem_Alloc__Property_ArrayList_68b.java	40
/home/swlab/Documents/swvul/java-vuln-detection/slicing/output/CPG/cwe789_cpg/cwe789-365-cpg-resolved.bin	tc365_flow1	CWE789_Uncontrolled_Mem_Alloc__Property_ArrayList_71a.java	34	CWE789_Uncontrolled_Mem_Alloc__Property_ArrayList_71b.java	31
/home/swlab/Documents/swvul/java-vuln-detection/slicing/output/CPG/cwe789_cpg/cwe789-365-cpg-resolved.bin	tc365_flow2	CWE789_Uncontrolled_Mem_Alloc__Property_ArrayList_71a.java	60	CWE789_Uncontrolled_Mem_Alloc__Property_ArrayList_71b.java	41
/home/swlab/Documents/swvul/java-vuln-detection/slicing/output/CPG/cwe789_cpg/cwe789-366-cpg-resolved.bin	tc366_flow1	CWE789_Uncontrolled_Mem_Alloc__Property_ArrayList_72a.java	35	CWE789_Uncontrolled_Mem_Alloc__Property_ArrayList_72b.java	32
/home/swlab/Documents/swvul/java-vuln-detection/slicing/output/CPG/cwe789_cpg/cwe789-366-cpg-resolved.bin	tc366_flow2	CWE789_Uncontrolled_Mem_Alloc__Property_ArrayList_72a.java	65	CWE789_Uncontrolled_Mem_Alloc__Property_ArrayList_72b.java	42
/home/swlab/Documents/swvul/java-vuln-detection/slicing/output/CPG/cwe789_cpg/cwe789-367-cpg-resolved.bin	tc367_flow1	CWE789_Uncontrolled_Mem_Alloc__Property_ArrayList_73a.java	35	CWE789_Uncontrolled_Mem_Alloc__Property_ArrayList_73b.java	32
/home/swlab/Documents/swvul/java-vuln-detection/slicing/output/CPG/cwe789_cpg/cwe789-367-cpg-resolved.bin	tc367_flow2	CWE789_Uncontrolled_Mem_Alloc__Property_ArrayList_73a.java	65	CWE789_Uncontrolled_Mem_Alloc__Property_ArrayList_73b.java	42
/home/swlab/Documents/swvul/java-vuln-detection/slicing/output/CPG/cwe789_cpg/cwe789-368-cpg-resolved.bin	tc368_flow1	CWE789_Uncontrolled_Mem_Alloc__Property_ArrayList_74a.java	35	CWE789_Uncontrolled_Mem_Alloc__Property_ArrayList_74b.java	32
/home/swlab/Documents/swvul/java-vuln-detection/slicing/output/CPG/cwe789_cpg/cwe789-368-cpg-resolved.bin	tc368_flow2	CWE789_Uncontrolled_Mem_Alloc__Property_ArrayList_74a.java	65	CWE789_Uncontrolled_Mem_Alloc__Property_ArrayList_74b.java	42
/home/swlab/Documents/swvul/java-vuln-detection/slicing/output/CPG/cwe789_cpg/cwe789-369-cpg-resolved.bin	tc369_flow1	CWE789_Uncontrolled_Mem_Alloc__Property_ArrayList_75a.java	38	CWE789_Uncontrolled_Mem_Alloc__Property_ArrayList_75b.java	43
/home/swlab/Documents/swvul/java-vuln-detection/slicing/output/CPG/cwe789_cpg/cwe789-369-cpg-resolved.bin	tc369_flow2	CWE789_Uncontrolled_Mem_Alloc__Property_ArrayList_75a.java	106	CWE789_Uncontrolled_Mem_Alloc__Property_ArrayList_75b.java	97
/home/swlab/Documents/swvul/java-vuln-detection/slicing/output/CPG/cwe789_cpg/cwe789-370-cpg-resolved.bin	tc370_flow1	CWE789_Uncontrolled_Mem_Alloc__Property_ArrayList_81a.java	34	CWE789_Uncontrolled_Mem_Alloc__Property_ArrayList_81_bad.java	30
/home/swlab/Documents/swvul/java-vuln-detection/slicing/output/CPG/cwe789_cpg/cwe789-370-cpg-resolved.bin	tc370_flow2	CWE789_Uncontrolled_Mem_Alloc__Property_ArrayList_81a.java	61	CWE789_Uncontrolled_Mem_Alloc__Property_ArrayList_81_goodG2B.java	30
/home/swlab/Documents/swvul/java-vuln-detection/slicing/output/CPG/cwe789_cpg/cwe789-371-cpg-resolved.bin	tc371_flow1	CWE789_Uncontrolled_Mem_Alloc__Property_HashMap_01.java	36	CWE789_Uncontrolled_Mem_Alloc__Property_HashMap_01.java	49
/home/swlab/Documents/swvul/java-vuln-detection/slicing/output/CPG/cwe789_cpg/cwe789-371-cpg-resolved.bin	tc371_flow2	CWE789_Uncontrolled_Mem_Alloc__Property_HashMap_01.java	64	CWE789_Uncontrolled_Mem_Alloc__Property_HashMap_01.java	67
/home/swlab/Documents/swvul/java-vuln-detection/slicing/output/CPG/cwe789_cpg/cwe789-372-cpg-resolved.bin	tc372_flow1	CWE789_Uncontrolled_Mem_Alloc__Property_HashMap_02.java	36	CWE789_Uncontrolled_Mem_Alloc__Property_HashMap_02.java	56
/home/swlab/Documents/swvul/java-vuln-detection/slicing/output/CPG/cwe789_cpg/cwe789-372-cpg-resolved.bin	tc372_flow2	CWE789_Uncontrolled_Mem_Alloc__Property_HashMap_02.java	74	CWE789_Uncontrolled_Mem_Alloc__Property_HashMap_02.java	79
/home/swlab/Documents/swvul/java-vuln-detection/slicing/output/CPG/cwe789_cpg/cwe789-372-cpg-resolved.bin	tc372_flow3	CWE789_Uncontrolled_Mem_Alloc__Property_HashMap_02.java	90	CWE789_Uncontrolled_Mem_Alloc__Property_HashMap_02.java	100
/home/swlab/Documents/swvul/java-vuln-detection/slicing/output/CPG/cwe789_cpg/cwe789-373-cpg-resolved.bin	tc373_flow1	CWE789_Uncontrolled_Mem_Alloc__Property_HashMap_03.java	36	CWE789_Uncontrolled_Mem_Alloc__Property_HashMap_03.java	56
/home/swlab/Documents/swvul/java-vuln-detection/slicing/output/CPG/cwe789_cpg/cwe789-373-cpg-resolved.bin	tc373_flow2	CWE789_Uncontrolled_Mem_Alloc__Property_HashMap_03.java	74	CWE789_Uncontrolled_Mem_Alloc__Property_HashMap_03.java	79
/home/swlab/Documents/swvul/java-vuln-detection/slicing/output/CPG/cwe789_cpg/cwe789-373-cpg-resolved.bin	tc373_flow3	CWE789_Uncontrolled_Mem_Alloc__Property_HashMap_03.java	90	CWE789_Uncontrolled_Mem_Alloc__Property_HashMap_03.java	100
/home/swlab/Documents/swvul/java-vuln-detection/slicing/output/CPG/cwe789_cpg/cwe789-374-cpg-resolved.bin	tc374_flow1	CWE789_Uncontrolled_Mem_Alloc__Property_HashMap_04.java	43	CWE789_Uncontrolled_Mem_Alloc__Property_HashMap_04.java	63
/home/swlab/Documents/swvul/java-vuln-detection/slicing/output/CPG/cwe789_cpg/cwe789-374-cpg-resolved.bin	tc374_flow2	CWE789_Uncontrolled_Mem_Alloc__Property_HashMap_04.java	81	CWE789_Uncontrolled_Mem_Alloc__Property_HashMap_04.java	86
/home/swlab/Documents/swvul/java-vuln-detection/slicing/output/CPG/cwe789_cpg/cwe789-374-cpg-resolved.bin	tc374_flow3	CWE789_Uncontrolled_Mem_Alloc__Property_HashMap_04.java	97	CWE789_Uncontrolled_Mem_Alloc__Property_HashMap_04.java	107
/home/swlab/Documents/swvul/java-vuln-detection/slicing/output/CPG/cwe789_cpg/cwe789-375-cpg-resolved.bin	tc375_flow1	CWE789_Uncontrolled_Mem_Alloc__Property_HashMap_05.java	43	CWE789_Uncontrolled_Mem_Alloc__Property_HashMap_05.java	63
/home/swlab/Documents/swvul/java-vuln-detection/slicing/output/CPG/cwe789_cpg/cwe789-375-cpg-resolved.bin	tc375_flow2	CWE789_Uncontrolled_Mem_Alloc__Property_HashMap_05.java	81	CWE789_Uncontrolled_Mem_Alloc__Property_HashMap_05.java	86
/home/swlab/Documents/swvul/java-vuln-detection/slicing/output/CPG/cwe789_cpg/cwe789-375-cpg-resolved.bin	tc375_flow3	CWE789_Uncontrolled_Mem_Alloc__Property_HashMap_05.java	97	CWE789_Uncontrolled_Mem_Alloc__Property_HashMap_05.java	107
/home/swlab/Documents/swvul/java-vuln-detection/slicing/output/CPG/cwe789_cpg/cwe789-376-cpg-resolved.bin	tc376_flow1	CWE789_Uncontrolled_Mem_Alloc__Property_HashMap_06.java	42	CWE789_Uncontrolled_Mem_Alloc__Property_HashMap_06.java	62
/home/swlab/Documents/swvul/java-vuln-detection/slicing/output/CPG/cwe789_cpg/cwe789-376-cpg-resolved.bin	tc376_flow2	CWE789_Uncontrolled_Mem_Alloc__Property_HashMap_06.java	80	CWE789_Uncontrolled_Mem_Alloc__Property_HashMap_06.java	85
/home/swlab/Documents/swvul/java-vuln-detection/slicing/output/CPG/cwe789_cpg/cwe789-376-cpg-resolved.bin	tc376_flow3	CWE789_Uncontrolled_Mem_Alloc__Property_HashMap_06.java	96	CWE789_Uncontrolled_Mem_Alloc__Property_HashMap_06.java	106
/home/swlab/Documents/swvul/java-vuln-detection/slicing/output/CPG/cwe789_cpg/cwe789-377-cpg-resolved.bin	tc377_flow1	CWE789_Uncontrolled_Mem_Alloc__Property_HashMap_07.java	42	CWE789_Uncontrolled_Mem_Alloc__Property_HashMap_07.java	62
/home/swlab/Documents/swvul/java-vuln-detection/slicing/output/CPG/cwe789_cpg/cwe789-377-cpg-resolved.bin	tc377_flow2	CWE789_Uncontrolled_Mem_Alloc__Property_HashMap_07.java	80	CWE789_Uncontrolled_Mem_Alloc__Property_HashMap_07.java	85
/home/swlab/Documents/swvul/java-vuln-detection/slicing/output/CPG/cwe789_cpg/cwe789-377-cpg-resolved.bin	tc377_flow3	CWE789_Uncontrolled_Mem_Alloc__Property_HashMap_07.java	96	CWE789_Uncontrolled_Mem_Alloc__Property_HashMap_07.java	106
/home/swlab/Documents/swvul/java-vuln-detection/slicing/output/CPG/cwe789_cpg/cwe789-378-cpg-resolved.bin	tc378_flow1	CWE789_Uncontrolled_Mem_Alloc__Property_HashMap_08.java	50	CWE789_Uncontrolled_Mem_Alloc__Property_HashMap_08.java	70
/home/swlab/Documents/swvul/java-vuln-detection/slicing/output/CPG/cwe789_cpg/cwe789-378-cpg-resolved.bin	tc378_flow2	CWE789_Uncontrolled_Mem_Alloc__Property_HashMap_08.java	88	CWE789_Uncontrolled_Mem_Alloc__Property_HashMap_08.java	93
/home/swlab/Documents/swvul/java-vuln-detection/slicing/output/CPG/cwe789_cpg/cwe789-378-cpg-resolved.bin	tc378_flow3	CWE789_Uncontrolled_Mem_Alloc__Property_HashMap_08.java	104	CWE789_Uncontrolled_Mem_Alloc__Property_HashMap_08.java	114
/home/swlab/Documents/swvul/java-vuln-detection/slicing/output/CPG/cwe789_cpg/cwe789-379-cpg-resolved.bin	tc379_flow1	CWE789_Uncontrolled_Mem_Alloc__Property_HashMap_09.java	36	CWE789_Uncontrolled_Mem_Alloc__Property_HashMap_09.java	56
/home/swlab/Documents/swvul/java-vuln-detection/slicing/output/CPG/cwe789_cpg/cwe789-379-cpg-resolved.bin	tc379_flow2	CWE789_Uncontrolled_Mem_Alloc__Property_HashMap_09.java	74	CWE789_Uncontrolled_Mem_Alloc__Property_HashMap_09.java	79
/home/swlab/Documents/swvul/java-vuln-detection/slicing/output/CPG/cwe789_cpg/cwe789-379-cpg-resolved.bin	tc379_flow3	CWE789_Uncontrolled_Mem_Alloc__Property_HashMap_09.java	90	CWE789_Uncontrolled_Mem_Alloc__Property_HashMap_09.java	100
/home/swlab/Documents/swvul/java-vuln-detection/slicing/output/CPG/cwe789_cpg/cwe789-380-cpg-resolved.bin	tc380_flow1	CWE789_Uncontrolled_Mem_Alloc__Property_HashMap_10.java	36	CWE789_Uncontrolled_Mem_Alloc__Property_HashMap_10.java	56
/home/swlab/Documents/swvul/java-vuln-detection/slicing/output/CPG/cwe789_cpg/cwe789-380-cpg-resolved.bin	tc380_flow2	CWE789_Uncontrolled_Mem_Alloc__Property_HashMap_10.java	74	CWE789_Uncontrolled_Mem_Alloc__Property_HashMap_10.java	79
/home/swlab/Documents/swvul/java-vuln-detection/slicing/output/CPG/cwe789_cpg/cwe789-380-cpg-resolved.bin	tc380_flow3	CWE789_Uncontrolled_Mem_Alloc__Property_HashMap_10.java	90	CWE789_Uncontrolled_Mem_Alloc__Property_HashMap_10.java	100
/home/swlab/Documents/swvul/java-vuln-detection/slicing/output/CPG/cwe789_cpg/cwe789-381-cpg-resolved.bin	tc381_flow1	CWE789_Uncontrolled_Mem_Alloc__Property_HashMap_11.java	36	CWE789_Uncontrolled_Mem_Alloc__Property_HashMap_11.java	56
/home/swlab/Documents/swvul/java-vuln-detection/slicing/output/CPG/cwe789_cpg/cwe789-381-cpg-resolved.bin	tc381_flow2	CWE789_Uncontrolled_Mem_Alloc__Property_HashMap_11.java	74	CWE789_Uncontrolled_Mem_Alloc__Property_HashMap_11.java	79
/home/swlab/Documents/swvul/java-vuln-detection/slicing/output/CPG/cwe789_cpg/cwe789-381-cpg-resolved.bin	tc381_flow3	CWE789_Uncontrolled_Mem_Alloc__Property_HashMap_11.java	90	CWE789_Uncontrolled_Mem_Alloc__Property_HashMap_11.java	100
/home/swlab/Documents/swvul/java-vuln-detection/slicing/output/CPG/cwe789_cpg/cwe789-382-cpg-resolved.bin	tc382_flow1	CWE789_Uncontrolled_Mem_Alloc__Property_HashMap_12.java	36	CWE789_Uncontrolled_Mem_Alloc__Property_HashMap_12.java	57
/home/swlab/Documents/swvul/java-vuln-detection/slicing/output/CPG/cwe789_cpg/cwe789-382-cpg-resolved.bin	tc382_flow2	CWE789_Uncontrolled_Mem_Alloc__Property_HashMap_12.java	69	CWE789_Uncontrolled_Mem_Alloc__Property_HashMap_12.java	80
/home/swlab/Documents/swvul/java-vuln-detection/slicing/output/CPG/cwe789_cpg/cwe789-383-cpg-resolved.bin	tc383_flow1	CWE789_Uncontrolled_Mem_Alloc__Property_HashMap_13.java	36	CWE789_Uncontrolled_Mem_Alloc__Property_HashMap_13.java	56
/home/swlab/Documents/swvul/java-vuln-detection/slicing/output/CPG/cwe789_cpg/cwe789-383-cpg-resolved.bin	tc383_flow2	CWE789_Uncontrolled_Mem_Alloc__Property_HashMap_13.java	74	CWE789_Uncontrolled_Mem_Alloc__Property_HashMap_13.java	79
/home/swlab/Documents/swvul/java-vuln-detection/slicing/output/CPG/cwe789_cpg/cwe789-383-cpg-resolved.bin	tc383_flow3	CWE789_Uncontrolled_Mem_Alloc__Property_HashMap_13.java	90	CWE789_Uncontrolled_Mem_Alloc__Property_HashMap_13.java	100
/home/swlab/Documents/swvul/java-vuln-detection/slicing/output/CPG/cwe789_cpg/cwe789-384-cpg-resolved.bin	tc384_flow1	CWE789_Uncontrolled_Mem_Alloc__Property_HashMap_14.java	36	CWE789_Uncontrolled_Mem_Alloc__Property_HashMap_14.java	56
/home/swlab/Documents/swvul/java-vuln-detection/slicing/output/CPG/cwe789_cpg/cwe789-384-cpg-resolved.bin	tc384_flow2	CWE789_Uncontrolled_Mem_Alloc__Property_HashMap_14.java	74	CWE789_Uncontrolled_Mem_Alloc__Property_HashMap_14.java	79
/home/swlab/Documents/swvul/java-vuln-detection/slicing/output/CPG/cwe789_cpg/cwe789-384-cpg-resolved.bin	tc384_flow3	CWE789_Uncontrolled_Mem_Alloc__Property_HashMap_14.java	90	CWE789_Uncontrolled_Mem_Alloc__Property_HashMap_14.java	100
/home/swlab/Documents/swvul/java-vuln-detection/slicing/output/CPG/cwe789_cpg/cwe789-385-cpg-resolved.bin	tc385_flow1	CWE789_Uncontrolled_Mem_Alloc__Property_HashMap_15.java	38	CWE789_Uncontrolled_Mem_Alloc__Property_HashMap_15.java	58
/home/swlab/Documents/swvul/java-vuln-detection/slicing/output/CPG/cwe789_cpg/cwe789-385-cpg-resolved.bin	tc385_flow2	CWE789_Uncontrolled_Mem_Alloc__Property_HashMap_15.java	76	CWE789_Uncontrolled_Mem_Alloc__Property_HashMap_15.java	81
/home/swlab/Documents/swvul/java-vuln-detection/slicing/output/CPG/cwe789_cpg/cwe789-385-cpg-resolved.bin	tc385_flow3	CWE789_Uncontrolled_Mem_Alloc__Property_HashMap_15.java	94	CWE789_Uncontrolled_Mem_Alloc__Property_HashMap_15.java	104
/home/swlab/Documents/swvul/java-vuln-detection/slicing/output/CPG/cwe789_cpg/cwe789-386-cpg-resolved.bin	tc386_flow1	CWE789_Uncontrolled_Mem_Alloc__Property_HashMap_16.java	37	CWE789_Uncontrolled_Mem_Alloc__Property_HashMap_16.java	52
/home/swlab/Documents/swvul/java-vuln-detection/slicing/output/CPG/cwe789_cpg/cwe789-386-cpg-resolved.bin	tc386_flow2	CWE789_Uncontrolled_Mem_Alloc__Property_HashMap_16.java	64	CWE789_Uncontrolled_Mem_Alloc__Property_HashMap_16.java	69
/home/swlab/Documents/swvul/java-vuln-detection/slicing/output/CPG/cwe789_cpg/cwe789-387-cpg-resolved.bin	tc387_flow1	CWE789_Uncontrolled_Mem_Alloc__Property_HashMap_17.java	36	CWE789_Uncontrolled_Mem_Alloc__Property_HashMap_17.java	51
/home/swlab/Documents/swvul/java-vuln-detection/slicing/output/CPG/cwe789_cpg/cwe789-387-cpg-resolved.bin	tc387_flow2	CWE789_Uncontrolled_Mem_Alloc__Property_HashMap_17.java	62	CWE789_Uncontrolled_Mem_Alloc__Property_HashMap_17.java	67
/home/swlab/Documents/swvul/java-vuln-detection/slicing/output/CPG/cwe789_cpg/cwe789-388-cpg-resolved.bin	tc388_flow1	CWE789_Uncontrolled_Mem_Alloc__Property_HashMap_21.java	52	CWE789_Uncontrolled_Mem_Alloc__Property_HashMap_21.java	39
/home/swlab/Documents/swvul/java-vuln-detection/slicing/output/CPG/cwe789_cpg/cwe789-388-cpg-resolved.bin	tc388_flow2	CWE789_Uncontrolled_Mem_Alloc__Property_HashMap_21.java	111	CWE789_Uncontrolled_Mem_Alloc__Property_HashMap_21.java	93
/home/swlab/Documents/swvul/java-vuln-detection/slicing/output/CPG/cwe789_cpg/cwe789-388-cpg-resolved.bin	tc388_flow3	CWE789_Uncontrolled_Mem_Alloc__Property_HashMap_21.java	138	CWE789_Uncontrolled_Mem_Alloc__Property_HashMap_21.java	127
/home/swlab/Documents/swvul/java-vuln-detection/slicing/output/CPG/cwe789_cpg/cwe789-389-cpg-resolved.bin	tc389_flow1	CWE789_Uncontrolled_Mem_Alloc__Property_HashMap_22b.java	35	CWE789_Uncontrolled_Mem_Alloc__Property_HashMap_22a.java	38
/home/swlab/Documents/swvul/java-vuln-detection/slicing/output/CPG/cwe789_cpg/cwe789-389-cpg-resolved.bin	tc389_flow2	CWE789_Uncontrolled_Mem_Alloc__Property_HashMap_22b.java	71	CWE789_Uncontrolled_Mem_Alloc__Property_HashMap_22a.java	62
/home/swlab/Documents/swvul/java-vuln-detection/slicing/output/CPG/cwe789_cpg/cwe789-389-cpg-resolved.bin	tc389_flow3	CWE789_Uncontrolled_Mem_Alloc__Property_HashMap_22b.java	86	CWE789_Uncontrolled_Mem_Alloc__Property_HashMap_22a.java	75
/home/swlab/Documents/swvul/java-vuln-detection/slicing/output/CPG/cwe789_cpg/cwe789-390-cpg-resolved.bin	tc390_flow1	CWE789_Uncontrolled_Mem_Alloc__Property_HashMap_31.java	39	CWE789_Uncontrolled_Mem_Alloc__Property_HashMap_31.java	57
/home/swlab/Documents/swvul/java-vuln-detection/slicing/output/CPG/cwe789_cpg/cwe789-390-cpg-resolved.bin	tc390_flow2	CWE789_Uncontrolled_Mem_Alloc__Property_HashMap_31.java	75	CWE789_Uncontrolled_Mem_Alloc__Property_HashMap_31.java	83
/home/swlab/Documents/swvul/java-vuln-detection/slicing/output/CPG/cwe789_cpg/cwe789-391-cpg-resolved.bin	tc391_flow1	CWE789_Uncontrolled_Mem_Alloc__Property_HashMap_41.java	43	CWE789_Uncontrolled_Mem_Alloc__Property_HashMap_41.java	31
/home/swlab/Documents/swvul/java-vuln-detection/slicing/output/CPG/cwe789_cpg/cwe789-391-cpg-resolved.bin	tc391_flow2	CWE789_Uncontrolled_Mem_Alloc__Property_HashMap_41.java	77	CWE789_Uncontrolled_Mem_Alloc__Property_HashMap_41.java	67
/home/swlab/Documents/swvul/java-vuln-detection/slicing/output/CPG/cwe789_cpg/cwe789-392-cpg-resolved.bin	tc392_flow1	CWE789_Uncontrolled_Mem_Alloc__Property_HashMap_42.java	35	CWE789_Uncontrolled_Mem_Alloc__Property_HashMap_42.java	56
/home/swlab/Documents/swvul/java-vuln-detection/slicing/output/CPG/cwe789_cpg/cwe789-392-cpg-resolved.bin	tc392_flow2	CWE789_Uncontrolled_Mem_Alloc__Property_HashMap_42.java	65	CWE789_Uncontrolled_Mem_Alloc__Property_HashMap_42.java	76
/home/swlab/Documents/swvul/java-vuln-detection/slicing/output/CPG/cwe789_cpg/cwe789-393-cpg-resolved.bin	tc393_flow1	CWE789_Uncontrolled_Mem_Alloc__Property_HashMap_45.java	49	CWE789_Uncontrolled_Mem_Alloc__Property_HashMap_45.java	36
/home/swlab/Documents/swvul/java-vuln-detection/slicing/output/CPG/cwe789_cpg/cwe789-393-cpg-resolved.bin	tc393_flow2	CWE789_Uncontrolled_Mem_Alloc__Property_HashMap_45.java	85	CWE789_Uncontrolled_Mem_Alloc__Property_HashMap_45.java	75
/home/swlab/Documents/swvul/java-vuln-detection/slicing/output/CPG/cwe789_cpg/cwe789-394-cpg-resolved.bin	tc394_flow1	CWE789_Uncontrolled_Mem_Alloc__Property_HashMap_51a.java	33	CWE789_Uncontrolled_Mem_Alloc__Property_HashMap_51b.java	29
/home/swlab/Documents/swvul/java-vuln-detection/slicing/output/CPG/cwe789_cpg/cwe789-394-cpg-resolved.bin	tc394_flow2	CWE789_Uncontrolled_Mem_Alloc__Property_HashMap_51a.java	59	CWE789_Uncontrolled_Mem_Alloc__Property_HashMap_51b.java	38
/home/swlab/Documents/swvul/java-vuln-detection/slicing/output/CPG/cwe789_cpg/cwe789-395-cpg-resolved.bin	tc395_flow1	CWE789_Uncontrolled_Mem_Alloc__Property_HashMap_52a.java	34	CWE789_Uncontrolled_Mem_Alloc__Property_HashMap_52c.java	30
/home/swlab/Documents/swvul/java-vuln-detection/slicing/output/CPG/cwe789_cpg/cwe789-395-cpg-resolved.bin	tc395_flow2	CWE789_Uncontrolled_Mem_Alloc__Property_HashMap_52a.java	60	CWE789_Uncontrolled_Mem_Alloc__Property_HashMap_52c.java	39
/home/swlab/Documents/swvul/java-vuln-detection/slicing/output/CPG/cwe789_cpg/cwe789-396-cpg-resolved.bin	tc396_flow1	CWE789_Uncontrolled_Mem_Alloc__Property_HashMap_53a.java	34	CWE789_Uncontrolled_Mem_Alloc__Property_HashMap_53d.java	30
/home/swlab/Documents/swvul/java-vuln-detection/slicing/output/CPG/cwe789_cpg/cwe789-396-cpg-resolved.bin	tc396_flow2	CWE789_Uncontrolled_Mem_Alloc__Property_HashMap_53a.java	60	CWE789_Uncontrolled_Mem_Alloc__Property_HashMap_53d.java	39
/home/swlab/Documents/swvul/java-vuln-detection/slicing/output/CPG/cwe789_cpg/cwe789-397-cpg-resolved.bin	tc397_flow1	CWE789_Uncontrolled_Mem_Alloc__Property_HashMap_54a.java	34	CWE789_Uncontrolled_Mem_Alloc__Property_HashMap_54e.java	30
/home/swlab/Documents/swvul/java-vuln-detection/slicing/output/CPG/cwe789_cpg/cwe789-397-cpg-resolved.bin	tc397_flow2	CWE789_Uncontrolled_Mem_Alloc__Property_HashMap_54a.java	60	CWE789_Uncontrolled_Mem_Alloc__Property_HashMap_54e.java	39
/home/swlab/Documents/swvul/java-vuln-detection/slicing/output/CPG/cwe789_cpg/cwe789-398-cpg-resolved.bin	tc398_flow1	CWE789_Uncontrolled_Mem_Alloc__Property_HashMap_61b.java	34	CWE789_Uncontrolled_Mem_Alloc__Property_HashMap_61a.java	31
/home/swlab/Documents/swvul/java-vuln-detection/slicing/output/CPG/cwe789_cpg/cwe789-398-cpg-resolved.bin	tc398_flow2	CWE789_Uncontrolled_Mem_Alloc__Property_HashMap_61b.java	55	CWE789_Uncontrolled_Mem_Alloc__Property_HashMap_61a.java	46
/home/swlab/Documents/swvul/java-vuln-detection/slicing/output/CPG/cwe789_cpg/cwe789-399-cpg-resolved.bin	tc399_flow1	CWE789_Uncontrolled_Mem_Alloc__Property_HashMap_66a.java	34	CWE789_Uncontrolled_Mem_Alloc__Property_HashMap_66b.java	31
/home/swlab/Documents/swvul/java-vuln-detection/slicing/output/CPG/cwe789_cpg/cwe789-399-cpg-resolved.bin	tc399_flow2	CWE789_Uncontrolled_Mem_Alloc__Property_HashMap_66a.java	62	CWE789_Uncontrolled_Mem_Alloc__Property_HashMap_66b.java	41
/home/swlab/Documents/swvul/java-vuln-detection/slicing/output/CPG/cwe789_cpg/cwe789-400-cpg-resolved.bin	tc400_flow1	CWE789_Uncontrolled_Mem_Alloc__Property_HashMap_67a.java	39	CWE789_Uncontrolled_Mem_Alloc__Property_HashMap_67b.java	31
/home/swlab/Documents/swvul/java-vuln-detection/slicing/output/CPG/cwe789_cpg/cwe789-400-cpg-resolved.bin	tc400_flow2	CWE789_Uncontrolled_Mem_Alloc__Property_HashMap_67a.java	67	CWE789_Uncontrolled_Mem_Alloc__Property_HashMap_67b.java	41
/home/swlab/Documents/swvul/java-vuln-detection/slicing/output/CPG/cwe789_cpg/cwe789-401-cpg-resolved.bin	tc401_flow1	CWE789_Uncontrolled_Mem_Alloc__Property_HashMap_68a.java	34	CWE789_Uncontrolled_Mem_Alloc__Property_HashMap_68b.java	30
/home/swlab/Documents/swvul/java-vuln-detection/slicing/output/CPG/cwe789_cpg/cwe789-401-cpg-resolved.bin	tc401_flow2	CWE789_Uncontrolled_Mem_Alloc__Property_HashMap_68a.java	59	CWE789_Uncontrolled_Mem_Alloc__Property_HashMap_68b.java	40
/home/swlab/Documents/swvul/java-vuln-detection/slicing/output/CPG/cwe789_cpg/cwe789-402-cpg-resolved.bin	tc402_flow1	CWE789_Uncontrolled_Mem_Alloc__Property_HashMap_71a.java	34	CWE789_Uncontrolled_Mem_Alloc__Property_HashMap_71b.java	31
/home/swlab/Documents/swvul/java-vuln-detection/slicing/output/CPG/cwe789_cpg/cwe789-402-cpg-resolved.bin	tc402_flow2	CWE789_Uncontrolled_Mem_Alloc__Property_HashMap_71a.java	60	CWE789_Uncontrolled_Mem_Alloc__Property_HashMap_71b.java	41
/home/swlab/Documents/swvul/java-vuln-detection/slicing/output/CPG/cwe789_cpg/cwe789-403-cpg-resolved.bin	tc403_flow1	CWE789_Uncontrolled_Mem_Alloc__Property_HashMap_72a.java	35	CWE789_Uncontrolled_Mem_Alloc__Property_HashMap_72b.java	32
/home/swlab/Documents/swvul/java-vuln-detection/slicing/output/CPG/cwe789_cpg/cwe789-403-cpg-resolved.bin	tc403_flow2	CWE789_Uncontrolled_Mem_Alloc__Property_HashMap_72a.java	65	CWE789_Uncontrolled_Mem_Alloc__Property_HashMap_72b.java	42
/home/swlab/Documents/swvul/java-vuln-detection/slicing/output/CPG/cwe789_cpg/cwe789-404-cpg-resolved.bin	tc404_flow1	CWE789_Uncontrolled_Mem_Alloc__Property_HashMap_73a.java	35	CWE789_Uncontrolled_Mem_Alloc__Property_HashMap_73b.java	32
/home/swlab/Documents/swvul/java-vuln-detection/slicing/output/CPG/cwe789_cpg/cwe789-404-cpg-resolved.bin	tc404_flow2	CWE789_Uncontrolled_Mem_Alloc__Property_HashMap_73a.java	65	CWE789_Uncontrolled_Mem_Alloc__Property_HashMap_73b.java	42
/home/swlab/Documents/swvul/java-vuln-detection/slicing/output/CPG/cwe789_cpg/cwe789-405-cpg-resolved.bin	tc405_flow1	CWE789_Uncontrolled_Mem_Alloc__Property_HashMap_74a.java	35	CWE789_Uncontrolled_Mem_Alloc__Property_HashMap_74b.java	31
/home/swlab/Documents/swvul/java-vuln-detection/slicing/output/CPG/cwe789_cpg/cwe789-405-cpg-resolved.bin	tc405_flow2	CWE789_Uncontrolled_Mem_Alloc__Property_HashMap_74a.java	65	CWE789_Uncontrolled_Mem_Alloc__Property_HashMap_74b.java	41
/home/swlab/Documents/swvul/java-vuln-detection/slicing/output/CPG/cwe789_cpg/cwe789-406-cpg-resolved.bin	tc406_flow1	CWE789_Uncontrolled_Mem_Alloc__Property_HashMap_75a.java	38	CWE789_Uncontrolled_Mem_Alloc__Property_HashMap_75b.java	43
/home/swlab/Documents/swvul/java-vuln-detection/slicing/output/CPG/cwe789_cpg/cwe789-406-cpg-resolved.bin	tc406_flow2	CWE789_Uncontrolled_Mem_Alloc__Property_HashMap_75a.java	106	CWE789_Uncontrolled_Mem_Alloc__Property_HashMap_75b.java	97
/home/swlab/Documents/swvul/java-vuln-detection/slicing/output/CPG/cwe789_cpg/cwe789-407-cpg-resolved.bin	tc407_flow1	CWE789_Uncontrolled_Mem_Alloc__Property_HashMap_81a.java	34	CWE789_Uncontrolled_Mem_Alloc__Property_HashMap_81_bad.java	30
/home/swlab/Documents/swvul/java-vuln-detection/slicing/output/CPG/cwe789_cpg/cwe789-407-cpg-resolved.bin	tc407_flow2	CWE789_Uncontrolled_Mem_Alloc__Property_HashMap_81a.java	61	CWE789_Uncontrolled_Mem_Alloc__Property_HashMap_81_goodG2B.java	30
/home/swlab/Documents/swvul/java-vuln-detection/slicing/output/CPG/cwe789_cpg/cwe789-408-cpg-resolved.bin	tc408_flow1	CWE789_Uncontrolled_Mem_Alloc__Property_HashSet_01.java	36	CWE789_Uncontrolled_Mem_Alloc__Property_HashSet_01.java	49
/home/swlab/Documents/swvul/java-vuln-detection/slicing/output/CPG/cwe789_cpg/cwe789-408-cpg-resolved.bin	tc408_flow2	CWE789_Uncontrolled_Mem_Alloc__Property_HashSet_01.java	64	CWE789_Uncontrolled_Mem_Alloc__Property_HashSet_01.java	67
/home/swlab/Documents/swvul/java-vuln-detection/slicing/output/CPG/cwe789_cpg/cwe789-409-cpg-resolved.bin	tc409_flow1	CWE789_Uncontrolled_Mem_Alloc__Property_HashSet_02.java	36	CWE789_Uncontrolled_Mem_Alloc__Property_HashSet_02.java	56
/home/swlab/Documents/swvul/java-vuln-detection/slicing/output/CPG/cwe789_cpg/cwe789-409-cpg-resolved.bin	tc409_flow2	CWE789_Uncontrolled_Mem_Alloc__Property_HashSet_02.java	74	CWE789_Uncontrolled_Mem_Alloc__Property_HashSet_02.java	79
/home/swlab/Documents/swvul/java-vuln-detection/slicing/output/CPG/cwe789_cpg/cwe789-409-cpg-resolved.bin	tc409_flow3	CWE789_Uncontrolled_Mem_Alloc__Property_HashSet_02.java	90	CWE789_Uncontrolled_Mem_Alloc__Property_HashSet_02.java	100
/home/swlab/Documents/swvul/java-vuln-detection/slicing/output/CPG/cwe789_cpg/cwe789-410-cpg-resolved.bin	tc410_flow1	CWE789_Uncontrolled_Mem_Alloc__Property_HashSet_03.java	36	CWE789_Uncontrolled_Mem_Alloc__Property_HashSet_03.java	56
/home/swlab/Documents/swvul/java-vuln-detection/slicing/output/CPG/cwe789_cpg/cwe789-410-cpg-resolved.bin	tc410_flow2	CWE789_Uncontrolled_Mem_Alloc__Property_HashSet_03.java	74	CWE789_Uncontrolled_Mem_Alloc__Property_HashSet_03.java	79
/home/swlab/Documents/swvul/java-vuln-detection/slicing/output/CPG/cwe789_cpg/cwe789-410-cpg-resolved.bin	tc410_flow3	CWE789_Uncontrolled_Mem_Alloc__Property_HashSet_03.java	90	CWE789_Uncontrolled_Mem_Alloc__Property_HashSet_03.java	100
/home/swlab/Documents/swvul/java-vuln-detection/slicing/output/CPG/cwe789_cpg/cwe789-411-cpg-resolved.bin	tc411_flow1	CWE789_Uncontrolled_Mem_Alloc__Property_HashSet_04.java	43	CWE789_Uncontrolled_Mem_Alloc__Property_HashSet_04.java	63
/home/swlab/Documents/swvul/java-vuln-detection/slicing/output/CPG/cwe789_cpg/cwe789-411-cpg-resolved.bin	tc411_flow2	CWE789_Uncontrolled_Mem_Alloc__Property_HashSet_04.java	81	CWE789_Uncontrolled_Mem_Alloc__Property_HashSet_04.java	86
/home/swlab/Documents/swvul/java-vuln-detection/slicing/output/CPG/cwe789_cpg/cwe789-411-cpg-resolved.bin	tc411_flow3	CWE789_Uncontrolled_Mem_Alloc__Property_HashSet_04.java	97	CWE789_Uncontrolled_Mem_Alloc__Property_HashSet_04.java	107
/home/swlab/Documents/swvul/java-vuln-detection/slicing/output/CPG/cwe789_cpg/cwe789-412-cpg-resolved.bin	tc412_flow1	CWE789_Uncontrolled_Mem_Alloc__Property_HashSet_05.java	43	CWE789_Uncontrolled_Mem_Alloc__Property_HashSet_05.java	63
/home/swlab/Documents/swvul/java-vuln-detection/slicing/output/CPG/cwe789_cpg/cwe789-412-cpg-resolved.bin	tc412_flow2	CWE789_Uncontrolled_Mem_Alloc__Property_HashSet_05.java	81	CWE789_Uncontrolled_Mem_Alloc__Property_HashSet_05.java	86
/home/swlab/Documents/swvul/java-vuln-detection/slicing/output/CPG/cwe789_cpg/cwe789-412-cpg-resolved.bin	tc412_flow3	CWE789_Uncontrolled_Mem_Alloc__Property_HashSet_05.java	97	CWE789_Uncontrolled_Mem_Alloc__Property_HashSet_05.java	107
/home/swlab/Documents/swvul/java-vuln-detection/slicing/output/CPG/cwe789_cpg/cwe789-413-cpg-resolved.bin	tc413_flow1	CWE789_Uncontrolled_Mem_Alloc__Property_HashSet_06.java	42	CWE789_Uncontrolled_Mem_Alloc__Property_HashSet_06.java	62
/home/swlab/Documents/swvul/java-vuln-detection/slicing/output/CPG/cwe789_cpg/cwe789-413-cpg-resolved.bin	tc413_flow2	CWE789_Uncontrolled_Mem_Alloc__Property_HashSet_06.java	80	CWE789_Uncontrolled_Mem_Alloc__Property_HashSet_06.java	85
/home/swlab/Documents/swvul/java-vuln-detection/slicing/output/CPG/cwe789_cpg/cwe789-413-cpg-resolved.bin	tc413_flow3	CWE789_Uncontrolled_Mem_Alloc__Property_HashSet_06.java	96	CWE789_Uncontrolled_Mem_Alloc__Property_HashSet_06.java	106
/home/swlab/Documents/swvul/java-vuln-detection/slicing/output/CPG/cwe789_cpg/cwe789-414-cpg-resolved.bin	tc414_flow1	CWE789_Uncontrolled_Mem_Alloc__Property_HashSet_07.java	42	CWE789_Uncontrolled_Mem_Alloc__Property_HashSet_07.java	62
/home/swlab/Documents/swvul/java-vuln-detection/slicing/output/CPG/cwe789_cpg/cwe789-414-cpg-resolved.bin	tc414_flow2	CWE789_Uncontrolled_Mem_Alloc__Property_HashSet_07.java	80	CWE789_Uncontrolled_Mem_Alloc__Property_HashSet_07.java	85
/home/swlab/Documents/swvul/java-vuln-detection/slicing/output/CPG/cwe789_cpg/cwe789-414-cpg-resolved.bin	tc414_flow3	CWE789_Uncontrolled_Mem_Alloc__Property_HashSet_07.java	96	CWE789_Uncontrolled_Mem_Alloc__Property_HashSet_07.java	106
/home/swlab/Documents/swvul/java-vuln-detection/slicing/output/CPG/cwe789_cpg/cwe789-415-cpg-resolved.bin	tc415_flow1	CWE789_Uncontrolled_Mem_Alloc__Property_HashSet_08.java	50	CWE789_Uncontrolled_Mem_Alloc__Property_HashSet_08.java	70
/home/swlab/Documents/swvul/java-vuln-detection/slicing/output/CPG/cwe789_cpg/cwe789-415-cpg-resolved.bin	tc415_flow2	CWE789_Uncontrolled_Mem_Alloc__Property_HashSet_08.java	88	CWE789_Uncontrolled_Mem_Alloc__Property_HashSet_08.java	93
/home/swlab/Documents/swvul/java-vuln-detection/slicing/output/CPG/cwe789_cpg/cwe789-415-cpg-resolved.bin	tc415_flow3	CWE789_Uncontrolled_Mem_Alloc__Property_HashSet_08.java	104	CWE789_Uncontrolled_Mem_Alloc__Property_HashSet_08.java	114
/home/swlab/Documents/swvul/java-vuln-detection/slicing/output/CPG/cwe789_cpg/cwe789-416-cpg-resolved.bin	tc416_flow1	CWE789_Uncontrolled_Mem_Alloc__Property_HashSet_09.java	36	CWE789_Uncontrolled_Mem_Alloc__Property_HashSet_09.java	56
/home/swlab/Documents/swvul/java-vuln-detection/slicing/output/CPG/cwe789_cpg/cwe789-416-cpg-resolved.bin	tc416_flow2	CWE789_Uncontrolled_Mem_Alloc__Property_HashSet_09.java	74	CWE789_Uncontrolled_Mem_Alloc__Property_HashSet_09.java	79
/home/swlab/Documents/swvul/java-vuln-detection/slicing/output/CPG/cwe789_cpg/cwe789-416-cpg-resolved.bin	tc416_flow3	CWE789_Uncontrolled_Mem_Alloc__Property_HashSet_09.java	90	CWE789_Uncontrolled_Mem_Alloc__Property_HashSet_09.java	100
/home/swlab/Documents/swvul/java-vuln-detection/slicing/output/CPG/cwe789_cpg/cwe789-417-cpg-resolved.bin	tc417_flow1	CWE789_Uncontrolled_Mem_Alloc__Property_HashSet_10.java	36	CWE789_Uncontrolled_Mem_Alloc__Property_HashSet_10.java	56
/home/swlab/Documents/swvul/java-vuln-detection/slicing/output/CPG/cwe789_cpg/cwe789-417-cpg-resolved.bin	tc417_flow2	CWE789_Uncontrolled_Mem_Alloc__Property_HashSet_10.java	74	CWE789_Uncontrolled_Mem_Alloc__Property_HashSet_10.java	79
/home/swlab/Documents/swvul/java-vuln-detection/slicing/output/CPG/cwe789_cpg/cwe789-417-cpg-resolved.bin	tc417_flow3	CWE789_Uncontrolled_Mem_Alloc__Property_HashSet_10.java	90	CWE789_Uncontrolled_Mem_Alloc__Property_HashSet_10.java	100
/home/swlab/Documents/swvul/java-vuln-detection/slicing/output/CPG/cwe789_cpg/cwe789-418-cpg-resolved.bin	tc418_flow1	CWE789_Uncontrolled_Mem_Alloc__Property_HashSet_11.java	36	CWE789_Uncontrolled_Mem_Alloc__Property_HashSet_11.java	56
/home/swlab/Documents/swvul/java-vuln-detection/slicing/output/CPG/cwe789_cpg/cwe789-418-cpg-resolved.bin	tc418_flow2	CWE789_Uncontrolled_Mem_Alloc__Property_HashSet_11.java	74	CWE789_Uncontrolled_Mem_Alloc__Property_HashSet_11.java	79
/home/swlab/Documents/swvul/java-vuln-detection/slicing/output/CPG/cwe789_cpg/cwe789-418-cpg-resolved.bin	tc418_flow3	CWE789_Uncontrolled_Mem_Alloc__Property_HashSet_11.java	90	CWE789_Uncontrolled_Mem_Alloc__Property_HashSet_11.java	100
/home/swlab/Documents/swvul/java-vuln-detection/slicing/output/CPG/cwe789_cpg/cwe789-419-cpg-resolved.bin	tc419_flow1	CWE789_Uncontrolled_Mem_Alloc__Property_HashSet_12.java	36	CWE789_Uncontrolled_Mem_Alloc__Property_HashSet_12.java	57
/home/swlab/Documents/swvul/java-vuln-detection/slicing/output/CPG/cwe789_cpg/cwe789-419-cpg-resolved.bin	tc419_flow2	CWE789_Uncontrolled_Mem_Alloc__Property_HashSet_12.java	69	CWE789_Uncontrolled_Mem_Alloc__Property_HashSet_12.java	80
/home/swlab/Documents/swvul/java-vuln-detection/slicing/output/CPG/cwe789_cpg/cwe789-420-cpg-resolved.bin	tc420_flow1	CWE789_Uncontrolled_Mem_Alloc__Property_HashSet_13.java	36	CWE789_Uncontrolled_Mem_Alloc__Property_HashSet_13.java	56
/home/swlab/Documents/swvul/java-vuln-detection/slicing/output/CPG/cwe789_cpg/cwe789-420-cpg-resolved.bin	tc420_flow2	CWE789_Uncontrolled_Mem_Alloc__Property_HashSet_13.java	74	CWE789_Uncontrolled_Mem_Alloc__Property_HashSet_13.java	79
/home/swlab/Documents/swvul/java-vuln-detection/slicing/output/CPG/cwe789_cpg/cwe789-420-cpg-resolved.bin	tc420_flow3	CWE789_Uncontrolled_Mem_Alloc__Property_HashSet_13.java	90	CWE789_Uncontrolled_Mem_Alloc__Property_HashSet_13.java	100
/home/swlab/Documents/swvul/java-vuln-detection/slicing/output/CPG/cwe789_cpg/cwe789-421-cpg-resolved.bin	tc421_flow1	CWE789_Uncontrolled_Mem_Alloc__Property_HashSet_14.java	36	CWE789_Uncontrolled_Mem_Alloc__Property_HashSet_14.java	56
/home/swlab/Documents/swvul/java-vuln-detection/slicing/output/CPG/cwe789_cpg/cwe789-421-cpg-resolved.bin	tc421_flow2	CWE789_Uncontrolled_Mem_Alloc__Property_HashSet_14.java	74	CWE789_Uncontrolled_Mem_Alloc__Property_HashSet_14.java	79
/home/swlab/Documents/swvul/java-vuln-detection/slicing/output/CPG/cwe789_cpg/cwe789-421-cpg-resolved.bin	tc421_flow3	CWE789_Uncontrolled_Mem_Alloc__Property_HashSet_14.java	90	CWE789_Uncontrolled_Mem_Alloc__Property_HashSet_14.java	100
/home/swlab/Documents/swvul/java-vuln-detection/slicing/output/CPG/cwe789_cpg/cwe789-422-cpg-resolved.bin	tc422_flow1	CWE789_Uncontrolled_Mem_Alloc__Property_HashSet_15.java	38	CWE789_Uncontrolled_Mem_Alloc__Property_HashSet_15.java	58
/home/swlab/Documents/swvul/java-vuln-detection/slicing/output/CPG/cwe789_cpg/cwe789-422-cpg-resolved.bin	tc422_flow2	CWE789_Uncontrolled_Mem_Alloc__Property_HashSet_15.java	76	CWE789_Uncontrolled_Mem_Alloc__Property_HashSet_15.java	81
/home/swlab/Documents/swvul/java-vuln-detection/slicing/output/CPG/cwe789_cpg/cwe789-422-cpg-resolved.bin	tc422_flow3	CWE789_Uncontrolled_Mem_Alloc__Property_HashSet_15.java	94	CWE789_Uncontrolled_Mem_Alloc__Property_HashSet_15.java	104
/home/swlab/Documents/swvul/java-vuln-detection/slicing/output/CPG/cwe789_cpg/cwe789-423-cpg-resolved.bin	tc423_flow1	CWE789_Uncontrolled_Mem_Alloc__Property_HashSet_16.java	37	CWE789_Uncontrolled_Mem_Alloc__Property_HashSet_16.java	52
/home/swlab/Documents/swvul/java-vuln-detection/slicing/output/CPG/cwe789_cpg/cwe789-423-cpg-resolved.bin	tc423_flow2	CWE789_Uncontrolled_Mem_Alloc__Property_HashSet_16.java	64	CWE789_Uncontrolled_Mem_Alloc__Property_HashSet_16.java	69
/home/swlab/Documents/swvul/java-vuln-detection/slicing/output/CPG/cwe789_cpg/cwe789-424-cpg-resolved.bin	tc424_flow1	CWE789_Uncontrolled_Mem_Alloc__Property_HashSet_17.java	36	CWE789_Uncontrolled_Mem_Alloc__Property_HashSet_17.java	51
/home/swlab/Documents/swvul/java-vuln-detection/slicing/output/CPG/cwe789_cpg/cwe789-424-cpg-resolved.bin	tc424_flow2	CWE789_Uncontrolled_Mem_Alloc__Property_HashSet_17.java	62	CWE789_Uncontrolled_Mem_Alloc__Property_HashSet_17.java	67
/home/swlab/Documents/swvul/java-vuln-detection/slicing/output/CPG/cwe789_cpg/cwe789-425-cpg-resolved.bin	tc425_flow1	CWE789_Uncontrolled_Mem_Alloc__Property_HashSet_21.java	52	CWE789_Uncontrolled_Mem_Alloc__Property_HashSet_21.java	39
/home/swlab/Documents/swvul/java-vuln-detection/slicing/output/CPG/cwe789_cpg/cwe789-425-cpg-resolved.bin	tc425_flow2	CWE789_Uncontrolled_Mem_Alloc__Property_HashSet_21.java	111	CWE789_Uncontrolled_Mem_Alloc__Property_HashSet_21.java	93
/home/swlab/Documents/swvul/java-vuln-detection/slicing/output/CPG/cwe789_cpg/cwe789-425-cpg-resolved.bin	tc425_flow3	CWE789_Uncontrolled_Mem_Alloc__Property_HashSet_21.java	138	CWE789_Uncontrolled_Mem_Alloc__Property_HashSet_21.java	127
/home/swlab/Documents/swvul/java-vuln-detection/slicing/output/CPG/cwe789_cpg/cwe789-426-cpg-resolved.bin	tc426_flow1	CWE789_Uncontrolled_Mem_Alloc__Property_HashSet_22b.java	35	CWE789_Uncontrolled_Mem_Alloc__Property_HashSet_22a.java	38
/home/swlab/Documents/swvul/java-vuln-detection/slicing/output/CPG/cwe789_cpg/cwe789-426-cpg-resolved.bin	tc426_flow2	CWE789_Uncontrolled_Mem_Alloc__Property_HashSet_22b.java	71	CWE789_Uncontrolled_Mem_Alloc__Property_HashSet_22a.java	62
/home/swlab/Documents/swvul/java-vuln-detection/slicing/output/CPG/cwe789_cpg/cwe789-426-cpg-resolved.bin	tc426_flow3	CWE789_Uncontrolled_Mem_Alloc__Property_HashSet_22b.java	86	CWE789_Uncontrolled_Mem_Alloc__Property_HashSet_22a.java	75
/home/swlab/Documents/swvul/java-vuln-detection/slicing/output/CPG/cwe789_cpg/cwe789-427-cpg-resolved.bin	tc427_flow1	CWE789_Uncontrolled_Mem_Alloc__Property_HashSet_31.java	39	CWE789_Uncontrolled_Mem_Alloc__Property_HashSet_31.java	57
/home/swlab/Documents/swvul/java-vuln-detection/slicing/output/CPG/cwe789_cpg/cwe789-427-cpg-resolved.bin	tc427_flow2	CWE789_Uncontrolled_Mem_Alloc__Property_HashSet_31.java	75	CWE789_Uncontrolled_Mem_Alloc__Property_HashSet_31.java	83
/home/swlab/Documents/swvul/java-vuln-detection/slicing/output/CPG/cwe789_cpg/cwe789-428-cpg-resolved.bin	tc428_flow1	CWE789_Uncontrolled_Mem_Alloc__Property_HashSet_41.java	43	CWE789_Uncontrolled_Mem_Alloc__Property_HashSet_41.java	31
/home/swlab/Documents/swvul/java-vuln-detection/slicing/output/CPG/cwe789_cpg/cwe789-428-cpg-resolved.bin	tc428_flow2	CWE789_Uncontrolled_Mem_Alloc__Property_HashSet_41.java	77	CWE789_Uncontrolled_Mem_Alloc__Property_HashSet_41.java	67
/home/swlab/Documents/swvul/java-vuln-detection/slicing/output/CPG/cwe789_cpg/cwe789-429-cpg-resolved.bin	tc429_flow1	CWE789_Uncontrolled_Mem_Alloc__Property_HashSet_42.java	35	CWE789_Uncontrolled_Mem_Alloc__Property_HashSet_42.java	56
/home/swlab/Documents/swvul/java-vuln-detection/slicing/output/CPG/cwe789_cpg/cwe789-429-cpg-resolved.bin	tc429_flow2	CWE789_Uncontrolled_Mem_Alloc__Property_HashSet_42.java	65	CWE789_Uncontrolled_Mem_Alloc__Property_HashSet_42.java	76
/home/swlab/Documents/swvul/java-vuln-detection/slicing/output/CPG/cwe789_cpg/cwe789-430-cpg-resolved.bin	tc430_flow1	CWE789_Uncontrolled_Mem_Alloc__Property_HashSet_45.java	49	CWE789_Uncontrolled_Mem_Alloc__Property_HashSet_45.java	36
/home/swlab/Documents/swvul/java-vuln-detection/slicing/output/CPG/cwe789_cpg/cwe789-430-cpg-resolved.bin	tc430_flow2	CWE789_Uncontrolled_Mem_Alloc__Property_HashSet_45.java	85	CWE789_Uncontrolled_Mem_Alloc__Property_HashSet_45.java	75
/home/swlab/Documents/swvul/java-vuln-detection/slicing/output/CPG/cwe789_cpg/cwe789-431-cpg-resolved.bin	tc431_flow1	CWE789_Uncontrolled_Mem_Alloc__Property_HashSet_51a.java	33	CWE789_Uncontrolled_Mem_Alloc__Property_HashSet_51b.java	29
/home/swlab/Documents/swvul/java-vuln-detection/slicing/output/CPG/cwe789_cpg/cwe789-431-cpg-resolved.bin	tc431_flow2	CWE789_Uncontrolled_Mem_Alloc__Property_HashSet_51a.java	59	CWE789_Uncontrolled_Mem_Alloc__Property_HashSet_51b.java	38
/home/swlab/Documents/swvul/java-vuln-detection/slicing/output/CPG/cwe789_cpg/cwe789-432-cpg-resolved.bin	tc432_flow1	CWE789_Uncontrolled_Mem_Alloc__Property_HashSet_52a.java	34	CWE789_Uncontrolled_Mem_Alloc__Property_HashSet_52c.java	30
/home/swlab/Documents/swvul/java-vuln-detection/slicing/output/CPG/cwe789_cpg/cwe789-432-cpg-resolved.bin	tc432_flow2	CWE789_Uncontrolled_Mem_Alloc__Property_HashSet_52a.java	60	CWE789_Uncontrolled_Mem_Alloc__Property_HashSet_52c.java	39
/home/swlab/Documents/swvul/java-vuln-detection/slicing/output/CPG/cwe789_cpg/cwe789-433-cpg-resolved.bin	tc433_flow1	CWE789_Uncontrolled_Mem_Alloc__Property_HashSet_53a.java	34	CWE789_Uncontrolled_Mem_Alloc__Property_HashSet_53d.java	30
/home/swlab/Documents/swvul/java-vuln-detection/slicing/output/CPG/cwe789_cpg/cwe789-433-cpg-resolved.bin	tc433_flow2	CWE789_Uncontrolled_Mem_Alloc__Property_HashSet_53a.java	60	CWE789_Uncontrolled_Mem_Alloc__Property_HashSet_53d.java	39
/home/swlab/Documents/swvul/java-vuln-detection/slicing/output/CPG/cwe789_cpg/cwe789-434-cpg-resolved.bin	tc434_flow1	CWE789_Uncontrolled_Mem_Alloc__Property_HashSet_54a.java	34	CWE789_Uncontrolled_Mem_Alloc__Property_HashSet_54e.java	30
/home/swlab/Documents/swvul/java-vuln-detection/slicing/output/CPG/cwe789_cpg/cwe789-434-cpg-resolved.bin	tc434_flow2	CWE789_Uncontrolled_Mem_Alloc__Property_HashSet_54a.java	60	CWE789_Uncontrolled_Mem_Alloc__Property_HashSet_54e.java	39
/home/swlab/Documents/swvul/java-vuln-detection/slicing/output/CPG/cwe789_cpg/cwe789-435-cpg-resolved.bin	tc435_flow1	CWE789_Uncontrolled_Mem_Alloc__Property_HashSet_61b.java	34	CWE789_Uncontrolled_Mem_Alloc__Property_HashSet_61a.java	31
/home/swlab/Documents/swvul/java-vuln-detection/slicing/output/CPG/cwe789_cpg/cwe789-435-cpg-resolved.bin	tc435_flow2	CWE789_Uncontrolled_Mem_Alloc__Property_HashSet_61b.java	55	CWE789_Uncontrolled_Mem_Alloc__Property_HashSet_61a.java	46
/home/swlab/Documents/swvul/java-vuln-detection/slicing/output/CPG/cwe789_cpg/cwe789-436-cpg-resolved.bin	tc436_flow1	CWE789_Uncontrolled_Mem_Alloc__Property_HashSet_66a.java	34	CWE789_Uncontrolled_Mem_Alloc__Property_HashSet_66b.java	31
/home/swlab/Documents/swvul/java-vuln-detection/slicing/output/CPG/cwe789_cpg/cwe789-436-cpg-resolved.bin	tc436_flow2	CWE789_Uncontrolled_Mem_Alloc__Property_HashSet_66a.java	62	CWE789_Uncontrolled_Mem_Alloc__Property_HashSet_66b.java	41
/home/swlab/Documents/swvul/java-vuln-detection/slicing/output/CPG/cwe789_cpg/cwe789-437-cpg-resolved.bin	tc437_flow1	CWE789_Uncontrolled_Mem_Alloc__Property_HashSet_67a.java	39	CWE789_Uncontrolled_Mem_Alloc__Property_HashSet_67b.java	31
/home/swlab/Documents/swvul/java-vuln-detection/slicing/output/CPG/cwe789_cpg/cwe789-437-cpg-resolved.bin	tc437_flow2	CWE789_Uncontrolled_Mem_Alloc__Property_HashSet_67a.java	67	CWE789_Uncontrolled_Mem_Alloc__Property_HashSet_67b.java	41
/home/swlab/Documents/swvul/java-vuln-detection/slicing/output/CPG/cwe789_cpg/cwe789-438-cpg-resolved.bin	tc438_flow1	CWE789_Uncontrolled_Mem_Alloc__Property_HashSet_68a.java	34	CWE789_Uncontrolled_Mem_Alloc__Property_HashSet_68b.java	30
/home/swlab/Documents/swvul/java-vuln-detection/slicing/output/CPG/cwe789_cpg/cwe789-438-cpg-resolved.bin	tc438_flow2	CWE789_Uncontrolled_Mem_Alloc__Property_HashSet_68a.java	59	CWE789_Uncontrolled_Mem_Alloc__Property_HashSet_68b.java	40
/home/swlab/Documents/swvul/java-vuln-detection/slicing/output/CPG/cwe789_cpg/cwe789-439-cpg-resolved.bin	tc439_flow1	CWE789_Uncontrolled_Mem_Alloc__Property_HashSet_71a.java	34	CWE789_Uncontrolled_Mem_Alloc__Property_HashSet_71b.java	31
/home/swlab/Documents/swvul/java-vuln-detection/slicing/output/CPG/cwe789_cpg/cwe789-439-cpg-resolved.bin	tc439_flow2	CWE789_Uncontrolled_Mem_Alloc__Property_HashSet_71a.java	60	CWE789_Uncontrolled_Mem_Alloc__Property_HashSet_71b.java	41
/home/swlab/Documents/swvul/java-vuln-detection/slicing/output/CPG/cwe789_cpg/cwe789-440-cpg-resolved.bin	tc440_flow1	CWE789_Uncontrolled_Mem_Alloc__Property_HashSet_72a.java	35	CWE789_Uncontrolled_Mem_Alloc__Property_HashSet_72b.java	32
/home/swlab/Documents/swvul/java-vuln-detection/slicing/output/CPG/cwe789_cpg/cwe789-440-cpg-resolved.bin	tc440_flow2	CWE789_Uncontrolled_Mem_Alloc__Property_HashSet_72a.java	65	CWE789_Uncontrolled_Mem_Alloc__Property_HashSet_72b.java	42
/home/swlab/Documents/swvul/java-vuln-detection/slicing/output/CPG/cwe789_cpg/cwe789-441-cpg-resolved.bin	tc441_flow1	CWE789_Uncontrolled_Mem_Alloc__Property_HashSet_73a.java	35	CWE789_Uncontrolled_Mem_Alloc__Property_HashSet_73b.java	32
/home/swlab/Documents/swvul/java-vuln-detection/slicing/output/CPG/cwe789_cpg/cwe789-441-cpg-resolved.bin	tc441_flow2	CWE789_Uncontrolled_Mem_Alloc__Property_HashSet_73a.java	65	CWE789_Uncontrolled_Mem_Alloc__Property_HashSet_73b.java	42
/home/swlab/Documents/swvul/java-vuln-detection/slicing/output/CPG/cwe789_cpg/cwe789-442-cpg-resolved.bin	tc442_flow1	CWE789_Uncontrolled_Mem_Alloc__Property_HashSet_74a.java	35	CWE789_Uncontrolled_Mem_Alloc__Property_HashSet_74b.java	32
/home/swlab/Documents/swvul/java-vuln-detection/slicing/output/CPG/cwe789_cpg/cwe789-442-cpg-resolved.bin	tc442_flow2	CWE789_Uncontrolled_Mem_Alloc__Property_HashSet_74a.java	65	CWE789_Uncontrolled_Mem_Alloc__Property_HashSet_74b.java	42
/home/swlab/Documents/swvul/java-vuln-detection/slicing/output/CPG/cwe789_cpg/cwe789-443-cpg-resolved.bin	tc443_flow1	CWE789_Uncontrolled_Mem_Alloc__Property_HashSet_75a.java	38	CWE789_Uncontrolled_Mem_Alloc__Property_HashSet_75b.java	43
/home/swlab/Documents/swvul/java-vuln-detection/slicing/output/CPG/cwe789_cpg/cwe789-443-cpg-resolved.bin	tc443_flow2	CWE789_Uncontrolled_Mem_Alloc__Property_HashSet_75a.java	106	CWE789_Uncontrolled_Mem_Alloc__Property_HashSet_75b.java	97
/home/swlab/Documents/swvul/java-vuln-detection/slicing/output/CPG/cwe789_cpg/cwe789-444-cpg-resolved.bin	tc444_flow1	CWE789_Uncontrolled_Mem_Alloc__Property_HashSet_81a.java	34	CWE789_Uncontrolled_Mem_Alloc__Property_HashSet_81_bad.java	30
/home/swlab/Documents/swvul/java-vuln-detection/slicing/output/CPG/cwe789_cpg/cwe789-444-cpg-resolved.bin	tc444_flow2	CWE789_Uncontrolled_Mem_Alloc__Property_HashSet_81a.java	61	CWE789_Uncontrolled_Mem_Alloc__Property_HashSet_81_goodG2B.java	30
/home/swlab/Documents/swvul/java-vuln-detection/slicing/output/CPG/cwe789_cpg/cwe789-445-cpg-resolved.bin	tc445_flow2	CWE789_Uncontrolled_Mem_Alloc__URLConnection_ArrayList_01.java	117	CWE789_Uncontrolled_Mem_Alloc__URLConnection_ArrayList_01.java	120
/home/swlab/Documents/swvul/java-vuln-detection/slicing/output/CPG/cwe789_cpg/cwe789-446-cpg-resolved.bin	tc446_flow2	CWE789_Uncontrolled_Mem_Alloc__URLConnection_ArrayList_02.java	124	CWE789_Uncontrolled_Mem_Alloc__URLConnection_ArrayList_02.java	129
/home/swlab/Documents/swvul/java-vuln-detection/slicing/output/CPG/cwe789_cpg/cwe789-446-cpg-resolved.bin	tc446_flow3	CWE789_Uncontrolled_Mem_Alloc__URLConnection_ArrayList_02.java	140	CWE789_Uncontrolled_Mem_Alloc__URLConnection_ArrayList_02.java	150
/home/swlab/Documents/swvul/java-vuln-detection/slicing/output/CPG/cwe789_cpg/cwe789-447-cpg-resolved.bin	tc447_flow2	CWE789_Uncontrolled_Mem_Alloc__URLConnection_ArrayList_03.java	124	CWE789_Uncontrolled_Mem_Alloc__URLConnection_ArrayList_03.java	129
/home/swlab/Documents/swvul/java-vuln-detection/slicing/output/CPG/cwe789_cpg/cwe789-447-cpg-resolved.bin	tc447_flow3	CWE789_Uncontrolled_Mem_Alloc__URLConnection_ArrayList_03.java	140	CWE789_Uncontrolled_Mem_Alloc__URLConnection_ArrayList_03.java	150
/home/swlab/Documents/swvul/java-vuln-detection/slicing/output/CPG/cwe789_cpg/cwe789-448-cpg-resolved.bin	tc448_flow2	CWE789_Uncontrolled_Mem_Alloc__URLConnection_ArrayList_04.java	131	CWE789_Uncontrolled_Mem_Alloc__URLConnection_ArrayList_04.java	136
/home/swlab/Documents/swvul/java-vuln-detection/slicing/output/CPG/cwe789_cpg/cwe789-448-cpg-resolved.bin	tc448_flow3	CWE789_Uncontrolled_Mem_Alloc__URLConnection_ArrayList_04.java	147	CWE789_Uncontrolled_Mem_Alloc__URLConnection_ArrayList_04.java	157
/home/swlab/Documents/swvul/java-vuln-detection/slicing/output/CPG/cwe789_cpg/cwe789-449-cpg-resolved.bin	tc449_flow2	CWE789_Uncontrolled_Mem_Alloc__URLConnection_ArrayList_05.java	131	CWE789_Uncontrolled_Mem_Alloc__URLConnection_ArrayList_05.java	136
/home/swlab/Documents/swvul/java-vuln-detection/slicing/output/CPG/cwe789_cpg/cwe789-449-cpg-resolved.bin	tc449_flow3	CWE789_Uncontrolled_Mem_Alloc__URLConnection_ArrayList_05.java	147	CWE789_Uncontrolled_Mem_Alloc__URLConnection_ArrayList_05.java	157
/home/swlab/Documents/swvul/java-vuln-detection/slicing/output/CPG/cwe789_cpg/cwe789-450-cpg-resolved.bin	tc450_flow2	CWE789_Uncontrolled_Mem_Alloc__URLConnection_ArrayList_06.java	130	CWE789_Uncontrolled_Mem_Alloc__URLConnection_ArrayList_06.java	135
/home/swlab/Documents/swvul/java-vuln-detection/slicing/output/CPG/cwe789_cpg/cwe789-450-cpg-resolved.bin	tc450_flow3	CWE789_Uncontrolled_Mem_Alloc__URLConnection_ArrayList_06.java	146	CWE789_Uncontrolled_Mem_Alloc__URLConnection_ArrayList_06.java	156
/home/swlab/Documents/swvul/java-vuln-detection/slicing/output/CPG/cwe789_cpg/cwe789-451-cpg-resolved.bin	tc451_flow2	CWE789_Uncontrolled_Mem_Alloc__URLConnection_ArrayList_07.java	130	CWE789_Uncontrolled_Mem_Alloc__URLConnection_ArrayList_07.java	135
/home/swlab/Documents/swvul/java-vuln-detection/slicing/output/CPG/cwe789_cpg/cwe789-451-cpg-resolved.bin	tc451_flow3	CWE789_Uncontrolled_Mem_Alloc__URLConnection_ArrayList_07.java	146	CWE789_Uncontrolled_Mem_Alloc__URLConnection_ArrayList_07.java	156
/home/swlab/Documents/swvul/java-vuln-detection/slicing/output/CPG/cwe789_cpg/cwe789-452-cpg-resolved.bin	tc452_flow2	CWE789_Uncontrolled_Mem_Alloc__URLConnection_ArrayList_08.java	138	CWE789_Uncontrolled_Mem_Alloc__URLConnection_ArrayList_08.java	143
/home/swlab/Documents/swvul/java-vuln-detection/slicing/output/CPG/cwe789_cpg/cwe789-452-cpg-resolved.bin	tc452_flow3	CWE789_Uncontrolled_Mem_Alloc__URLConnection_ArrayList_08.java	154	CWE789_Uncontrolled_Mem_Alloc__URLConnection_ArrayList_08.java	164
/home/swlab/Documents/swvul/java-vuln-detection/slicing/output/CPG/cwe789_cpg/cwe789-453-cpg-resolved.bin	tc453_flow2	CWE789_Uncontrolled_Mem_Alloc__URLConnection_ArrayList_09.java	124	CWE789_Uncontrolled_Mem_Alloc__URLConnection_ArrayList_09.java	129
/home/swlab/Documents/swvul/java-vuln-detection/slicing/output/CPG/cwe789_cpg/cwe789-453-cpg-resolved.bin	tc453_flow3	CWE789_Uncontrolled_Mem_Alloc__URLConnection_ArrayList_09.java	140	CWE789_Uncontrolled_Mem_Alloc__URLConnection_ArrayList_09.java	150
/home/swlab/Documents/swvul/java-vuln-detection/slicing/output/CPG/cwe789_cpg/cwe789-454-cpg-resolved.bin	tc454_flow2	CWE789_Uncontrolled_Mem_Alloc__URLConnection_ArrayList_10.java	124	CWE789_Uncontrolled_Mem_Alloc__URLConnection_ArrayList_10.java	129
/home/swlab/Documents/swvul/java-vuln-detection/slicing/output/CPG/cwe789_cpg/cwe789-454-cpg-resolved.bin	tc454_flow3	CWE789_Uncontrolled_Mem_Alloc__URLConnection_ArrayList_10.java	140	CWE789_Uncontrolled_Mem_Alloc__URLConnection_ArrayList_10.java	150
/home/swlab/Documents/swvul/java-vuln-detection/slicing/output/CPG/cwe789_cpg/cwe789-455-cpg-resolved.bin	tc455_flow2	CWE789_Uncontrolled_Mem_Alloc__URLConnection_ArrayList_11.java	124	CWE789_Uncontrolled_Mem_Alloc__URLConnection_ArrayList_11.java	129
/home/swlab/Documents/swvul/java-vuln-detection/slicing/output/CPG/cwe789_cpg/cwe789-455-cpg-resolved.bin	tc455_flow3	CWE789_Uncontrolled_Mem_Alloc__URLConnection_ArrayList_11.java	140	CWE789_Uncontrolled_Mem_Alloc__URLConnection_ArrayList_11.java	150
/home/swlab/Documents/swvul/java-vuln-detection/slicing/output/CPG/cwe789_cpg/cwe789-456-cpg-resolved.bin	tc456_flow2	CWE789_Uncontrolled_Mem_Alloc__URLConnection_ArrayList_12.java	119	CWE789_Uncontrolled_Mem_Alloc__URLConnection_ArrayList_12.java	130
/home/swlab/Documents/swvul/java-vuln-detection/slicing/output/CPG/cwe789_cpg/cwe789-457-cpg-resolved.bin	tc457_flow2	CWE789_Uncontrolled_Mem_Alloc__URLConnection_ArrayList_13.java	124	CWE789_Uncontrolled_Mem_Alloc__URLConnection_ArrayList_13.java	129
/home/swlab/Documents/swvul/java-vuln-detection/slicing/output/CPG/cwe789_cpg/cwe789-457-cpg-resolved.bin	tc457_flow3	CWE789_Uncontrolled_Mem_Alloc__URLConnection_ArrayList_13.java	140	CWE789_Uncontrolled_Mem_Alloc__URLConnection_ArrayList_13.java	150
/home/swlab/Documents/swvul/java-vuln-detection/slicing/output/CPG/cwe789_cpg/cwe789-458-cpg-resolved.bin	tc458_flow2	CWE789_Uncontrolled_Mem_Alloc__URLConnection_ArrayList_14.java	124	CWE789_Uncontrolled_Mem_Alloc__URLConnection_ArrayList_14.java	129
/home/swlab/Documents/swvul/java-vuln-detection/slicing/output/CPG/cwe789_cpg/cwe789-458-cpg-resolved.bin	tc458_flow3	CWE789_Uncontrolled_Mem_Alloc__URLConnection_ArrayList_14.java	140	CWE789_Uncontrolled_Mem_Alloc__URLConnection_ArrayList_14.java	150
/home/swlab/Documents/swvul/java-vuln-detection/slicing/output/CPG/cwe789_cpg/cwe789-459-cpg-resolved.bin	tc459_flow2	CWE789_Uncontrolled_Mem_Alloc__URLConnection_ArrayList_15.java	126	CWE789_Uncontrolled_Mem_Alloc__URLConnection_ArrayList_15.java	131
/home/swlab/Documents/swvul/java-vuln-detection/slicing/output/CPG/cwe789_cpg/cwe789-459-cpg-resolved.bin	tc459_flow3	CWE789_Uncontrolled_Mem_Alloc__URLConnection_ArrayList_15.java	144	CWE789_Uncontrolled_Mem_Alloc__URLConnection_ArrayList_15.java	154
/home/swlab/Documents/swvul/java-vuln-detection/slicing/output/CPG/cwe789_cpg/cwe789-460-cpg-resolved.bin	tc460_flow2	CWE789_Uncontrolled_Mem_Alloc__URLConnection_ArrayList_16.java	114	CWE789_Uncontrolled_Mem_Alloc__URLConnection_ArrayList_16.java	119
/home/swlab/Documents/swvul/java-vuln-detection/slicing/output/CPG/cwe789_cpg/cwe789-461-cpg-resolved.bin	tc461_flow2	CWE789_Uncontrolled_Mem_Alloc__URLConnection_ArrayList_17.java	115	CWE789_Uncontrolled_Mem_Alloc__URLConnection_ArrayList_17.java	120
/home/swlab/Documents/swvul/java-vuln-detection/slicing/output/CPG/cwe789_cpg/cwe789-462-cpg-resolved.bin	tc462_flow2	CWE789_Uncontrolled_Mem_Alloc__URLConnection_ArrayList_21.java	161	CWE789_Uncontrolled_Mem_Alloc__URLConnection_ArrayList_21.java	143
/home/swlab/Documents/swvul/java-vuln-detection/slicing/output/CPG/cwe789_cpg/cwe789-462-cpg-resolved.bin	tc462_flow3	CWE789_Uncontrolled_Mem_Alloc__URLConnection_ArrayList_21.java	188	CWE789_Uncontrolled_Mem_Alloc__URLConnection_ArrayList_21.java	177
/home/swlab/Documents/swvul/java-vuln-detection/slicing/output/CPG/cwe789_cpg/cwe789-463-cpg-resolved.bin	tc463_flow2	CWE789_Uncontrolled_Mem_Alloc__URLConnection_ArrayList_22b.java	121	CWE789_Uncontrolled_Mem_Alloc__URLConnection_ArrayList_22a.java	62
/home/swlab/Documents/swvul/java-vuln-detection/slicing/output/CPG/cwe789_cpg/cwe789-463-cpg-resolved.bin	tc463_flow3	CWE789_Uncontrolled_Mem_Alloc__URLConnection_ArrayList_22b.java	136	CWE789_Uncontrolled_Mem_Alloc__URLConnection_ArrayList_22a.java	75
/home/swlab/Documents/swvul/java-vuln-detection/slicing/output/CPG/cwe789_cpg/cwe789-464-cpg-resolved.bin	tc464_flow2	CWE789_Uncontrolled_Mem_Alloc__URLConnection_ArrayList_31.java	128	CWE789_Uncontrolled_Mem_Alloc__URLConnection_ArrayList_31.java	136
/home/swlab/Documents/swvul/java-vuln-detection/slicing/output/CPG/cwe789_cpg/cwe789-465-cpg-resolved.bin	tc465_flow2	CWE789_Uncontrolled_Mem_Alloc__URLConnection_ArrayList_41.java	130	CWE789_Uncontrolled_Mem_Alloc__URLConnection_ArrayList_41.java	120
/home/swlab/Documents/swvul/java-vuln-detection/slicing/output/CPG/cwe789_cpg/cwe789-466-cpg-resolved.bin	tc466_flow2	CWE789_Uncontrolled_Mem_Alloc__URLConnection_ArrayList_42.java	118	CWE789_Uncontrolled_Mem_Alloc__URLConnection_ArrayList_42.java	129
/home/swlab/Documents/swvul/java-vuln-detection/slicing/output/CPG/cwe789_cpg/cwe789-467-cpg-resolved.bin	tc467_flow2	CWE789_Uncontrolled_Mem_Alloc__URLConnection_ArrayList_45.java	138	CWE789_Uncontrolled_Mem_Alloc__URLConnection_ArrayList_45.java	128
/home/swlab/Documents/swvul/java-vuln-detection/slicing/output/CPG/cwe789_cpg/cwe789-468-cpg-resolved.bin	tc468_flow2	CWE789_Uncontrolled_Mem_Alloc__URLConnection_ArrayList_51a.java	112	CWE789_Uncontrolled_Mem_Alloc__URLConnection_ArrayList_51b.java	38
/home/swlab/Documents/swvul/java-vuln-detection/slicing/output/CPG/cwe789_cpg/cwe789-469-cpg-resolved.bin	tc469_flow2	CWE789_Uncontrolled_Mem_Alloc__URLConnection_ArrayList_52a.java	113	CWE789_Uncontrolled_Mem_Alloc__URLConnection_ArrayList_52c.java	39
/home/swlab/Documents/swvul/java-vuln-detection/slicing/output/CPG/cwe789_cpg/cwe789-470-cpg-resolved.bin	tc470_flow2	CWE789_Uncontrolled_Mem_Alloc__URLConnection_ArrayList_53a.java	113	CWE789_Uncontrolled_Mem_Alloc__URLConnection_ArrayList_53d.java	39
/home/swlab/Documents/swvul/java-vuln-detection/slicing/output/CPG/cwe789_cpg/cwe789-471-cpg-resolved.bin	tc471_flow2	CWE789_Uncontrolled_Mem_Alloc__URLConnection_ArrayList_54a.java	113	CWE789_Uncontrolled_Mem_Alloc__URLConnection_ArrayList_54e.java	39
/home/swlab/Documents/swvul/java-vuln-detection/slicing/output/CPG/cwe789_cpg/cwe789-472-cpg-resolved.bin	tc472_flow2	CWE789_Uncontrolled_Mem_Alloc__URLConnection_ArrayList_61b.java	108	CWE789_Uncontrolled_Mem_Alloc__URLConnection_ArrayList_61a.java	46
/home/swlab/Documents/swvul/java-vuln-detection/slicing/output/CPG/cwe789_cpg/cwe789-473-cpg-resolved.bin	tc473_flow2	CWE789_Uncontrolled_Mem_Alloc__URLConnection_ArrayList_66a.java	115	CWE789_Uncontrolled_Mem_Alloc__URLConnection_ArrayList_66b.java	41
/home/swlab/Documents/swvul/java-vuln-detection/slicing/output/CPG/cwe789_cpg/cwe789-474-cpg-resolved.bin	tc474_flow2	CWE789_Uncontrolled_Mem_Alloc__URLConnection_ArrayList_67a.java	120	CWE789_Uncontrolled_Mem_Alloc__URLConnection_ArrayList_67b.java	41
/home/swlab/Documents/swvul/java-vuln-detection/slicing/output/CPG/cwe789_cpg/cwe789-475-cpg-resolved.bin	tc475_flow2	CWE789_Uncontrolled_Mem_Alloc__URLConnection_ArrayList_68a.java	112	CWE789_Uncontrolled_Mem_Alloc__URLConnection_ArrayList_68b.java	40
/home/swlab/Documents/swvul/java-vuln-detection/slicing/output/CPG/cwe789_cpg/cwe789-476-cpg-resolved.bin	tc476_flow2	CWE789_Uncontrolled_Mem_Alloc__URLConnection_ArrayList_71a.java	113	CWE789_Uncontrolled_Mem_Alloc__URLConnection_ArrayList_71b.java	41
/home/swlab/Documents/swvul/java-vuln-detection/slicing/output/CPG/cwe789_cpg/cwe789-477-cpg-resolved.bin	tc477_flow2	CWE789_Uncontrolled_Mem_Alloc__URLConnection_ArrayList_72a.java	118	CWE789_Uncontrolled_Mem_Alloc__URLConnection_ArrayList_72b.java	42
/home/swlab/Documents/swvul/java-vuln-detection/slicing/output/CPG/cwe789_cpg/cwe789-478-cpg-resolved.bin	tc478_flow2	CWE789_Uncontrolled_Mem_Alloc__URLConnection_ArrayList_73a.java	118	CWE789_Uncontrolled_Mem_Alloc__URLConnection_ArrayList_73b.java	42
/home/swlab/Documents/swvul/java-vuln-detection/slicing/output/CPG/cwe789_cpg/cwe789-479-cpg-resolved.bin	tc479_flow2	CWE789_Uncontrolled_Mem_Alloc__URLConnection_ArrayList_74a.java	118	CWE789_Uncontrolled_Mem_Alloc__URLConnection_ArrayList_74b.java	42
/home/swlab/Documents/swvul/java-vuln-detection/slicing/output/CPG/cwe789_cpg/cwe789-480-cpg-resolved.bin	tc480_flow2	CWE789_Uncontrolled_Mem_Alloc__URLConnection_ArrayList_75a.java	158	CWE789_Uncontrolled_Mem_Alloc__URLConnection_ArrayList_75b.java	97
/home/swlab/Documents/swvul/java-vuln-detection/slicing/output/CPG/cwe789_cpg/cwe789-481-cpg-resolved.bin	tc481_flow2	CWE789_Uncontrolled_Mem_Alloc__URLConnection_ArrayList_81a.java	114	CWE789_Uncontrolled_Mem_Alloc__URLConnection_ArrayList_81_goodG2B.java	30
/home/swlab/Documents/swvul/java-vuln-detection/slicing/output/CPG/cwe789_cpg/cwe789-482-cpg-resolved.bin	tc482_flow2	CWE789_Uncontrolled_Mem_Alloc__URLConnection_HashMap_01.java	117	CWE789_Uncontrolled_Mem_Alloc__URLConnection_HashMap_01.java	120
/home/swlab/Documents/swvul/java-vuln-detection/slicing/output/CPG/cwe789_cpg/cwe789-483-cpg-resolved.bin	tc483_flow2	CWE789_Uncontrolled_Mem_Alloc__URLConnection_HashMap_02.java	124	CWE789_Uncontrolled_Mem_Alloc__URLConnection_HashMap_02.java	129
/home/swlab/Documents/swvul/java-vuln-detection/slicing/output/CPG/cwe789_cpg/cwe789-483-cpg-resolved.bin	tc483_flow3	CWE789_Uncontrolled_Mem_Alloc__URLConnection_HashMap_02.java	140	CWE789_Uncontrolled_Mem_Alloc__URLConnection_HashMap_02.java	150
/home/swlab/Documents/swvul/java-vuln-detection/slicing/output/CPG/cwe789_cpg/cwe789-484-cpg-resolved.bin	tc484_flow2	CWE789_Uncontrolled_Mem_Alloc__URLConnection_HashMap_03.java	124	CWE789_Uncontrolled_Mem_Alloc__URLConnection_HashMap_03.java	129
/home/swlab/Documents/swvul/java-vuln-detection/slicing/output/CPG/cwe789_cpg/cwe789-484-cpg-resolved.bin	tc484_flow3	CWE789_Uncontrolled_Mem_Alloc__URLConnection_HashMap_03.java	140	CWE789_Uncontrolled_Mem_Alloc__URLConnection_HashMap_03.java	150
/home/swlab/Documents/swvul/java-vuln-detection/slicing/output/CPG/cwe789_cpg/cwe789-485-cpg-resolved.bin	tc485_flow2	CWE789_Uncontrolled_Mem_Alloc__URLConnection_HashMap_04.java	131	CWE789_Uncontrolled_Mem_Alloc__URLConnection_HashMap_04.java	136
/home/swlab/Documents/swvul/java-vuln-detection/slicing/output/CPG/cwe789_cpg/cwe789-485-cpg-resolved.bin	tc485_flow3	CWE789_Uncontrolled_Mem_Alloc__URLConnection_HashMap_04.java	147	CWE789_Uncontrolled_Mem_Alloc__URLConnection_HashMap_04.java	157
/home/swlab/Documents/swvul/java-vuln-detection/slicing/output/CPG/cwe789_cpg/cwe789-486-cpg-resolved.bin	tc486_flow2	CWE789_Uncontrolled_Mem_Alloc__URLConnection_HashMap_05.java	131	CWE789_Uncontrolled_Mem_Alloc__URLConnection_HashMap_05.java	136
/home/swlab/Documents/swvul/java-vuln-detection/slicing/output/CPG/cwe789_cpg/cwe789-486-cpg-resolved.bin	tc486_flow3	CWE789_Uncontrolled_Mem_Alloc__URLConnection_HashMap_05.java	147	CWE789_Uncontrolled_Mem_Alloc__URLConnection_HashMap_05.java	157
/home/swlab/Documents/swvul/java-vuln-detection/slicing/output/CPG/cwe789_cpg/cwe789-487-cpg-resolved.bin	tc487_flow2	CWE789_Uncontrolled_Mem_Alloc__URLConnection_HashMap_06.java	130	CWE789_Uncontrolled_Mem_Alloc__URLConnection_HashMap_06.java	135
/home/swlab/Documents/swvul/java-vuln-detection/slicing/output/CPG/cwe789_cpg/cwe789-487-cpg-resolved.bin	tc487_flow3	CWE789_Uncontrolled_Mem_Alloc__URLConnection_HashMap_06.java	146	CWE789_Uncontrolled_Mem_Alloc__URLConnection_HashMap_06.java	156
/home/swlab/Documents/swvul/java-vuln-detection/slicing/output/CPG/cwe789_cpg/cwe789-488-cpg-resolved.bin	tc488_flow2	CWE789_Uncontrolled_Mem_Alloc__URLConnection_HashMap_07.java	130	CWE789_Uncontrolled_Mem_Alloc__URLConnection_HashMap_07.java	135
/home/swlab/Documents/swvul/java-vuln-detection/slicing/output/CPG/cwe789_cpg/cwe789-488-cpg-resolved.bin	tc488_flow3	CWE789_Uncontrolled_Mem_Alloc__URLConnection_HashMap_07.java	146	CWE789_Uncontrolled_Mem_Alloc__URLConnection_HashMap_07.java	156
/home/swlab/Documents/swvul/java-vuln-detection/slicing/output/CPG/cwe789_cpg/cwe789-489-cpg-resolved.bin	tc489_flow2	CWE789_Uncontrolled_Mem_Alloc__URLConnection_HashMap_08.java	138	CWE789_Uncontrolled_Mem_Alloc__URLConnection_HashMap_08.java	143
/home/swlab/Documents/swvul/java-vuln-detection/slicing/output/CPG/cwe789_cpg/cwe789-489-cpg-resolved.bin	tc489_flow3	CWE789_Uncontrolled_Mem_Alloc__URLConnection_HashMap_08.java	154	CWE789_Uncontrolled_Mem_Alloc__URLConnection_HashMap_08.java	164
/home/swlab/Documents/swvul/java-vuln-detection/slicing/output/CPG/cwe789_cpg/cwe789-490-cpg-resolved.bin	tc490_flow2	CWE789_Uncontrolled_Mem_Alloc__URLConnection_HashMap_09.java	124	CWE789_Uncontrolled_Mem_Alloc__URLConnection_HashMap_09.java	129
/home/swlab/Documents/swvul/java-vuln-detection/slicing/output/CPG/cwe789_cpg/cwe789-490-cpg-resolved.bin	tc490_flow3	CWE789_Uncontrolled_Mem_Alloc__URLConnection_HashMap_09.java	140	CWE789_Uncontrolled_Mem_Alloc__URLConnection_HashMap_09.java	150
/home/swlab/Documents/swvul/java-vuln-detection/slicing/output/CPG/cwe789_cpg/cwe789-491-cpg-resolved.bin	tc491_flow2	CWE789_Uncontrolled_Mem_Alloc__URLConnection_HashMap_10.java	124	CWE789_Uncontrolled_Mem_Alloc__URLConnection_HashMap_10.java	129
/home/swlab/Documents/swvul/java-vuln-detection/slicing/output/CPG/cwe789_cpg/cwe789-491-cpg-resolved.bin	tc491_flow3	CWE789_Uncontrolled_Mem_Alloc__URLConnection_HashMap_10.java	140	CWE789_Uncontrolled_Mem_Alloc__URLConnection_HashMap_10.java	150
/home/swlab/Documents/swvul/java-vuln-detection/slicing/output/CPG/cwe789_cpg/cwe789-492-cpg-resolved.bin	tc492_flow2	CWE789_Uncontrolled_Mem_Alloc__URLConnection_HashMap_11.java	124	CWE789_Uncontrolled_Mem_Alloc__URLConnection_HashMap_11.java	129
/home/swlab/Documents/swvul/java-vuln-detection/slicing/output/CPG/cwe789_cpg/cwe789-492-cpg-resolved.bin	tc492_flow3	CWE789_Uncontrolled_Mem_Alloc__URLConnection_HashMap_11.java	140	CWE789_Uncontrolled_Mem_Alloc__URLConnection_HashMap_11.java	150
/home/swlab/Documents/swvul/java-vuln-detection/slicing/output/CPG/cwe789_cpg/cwe789-493-cpg-resolved.bin	tc493_flow2	CWE789_Uncontrolled_Mem_Alloc__URLConnection_HashMap_12.java	119	CWE789_Uncontrolled_Mem_Alloc__URLConnection_HashMap_12.java	130
/home/swlab/Documents/swvul/java-vuln-detection/slicing/output/CPG/cwe789_cpg/cwe789-494-cpg-resolved.bin	tc494_flow2	CWE789_Uncontrolled_Mem_Alloc__URLConnection_HashMap_13.java	124	CWE789_Uncontrolled_Mem_Alloc__URLConnection_HashMap_13.java	129
/home/swlab/Documents/swvul/java-vuln-detection/slicing/output/CPG/cwe789_cpg/cwe789-494-cpg-resolved.bin	tc494_flow3	CWE789_Uncontrolled_Mem_Alloc__URLConnection_HashMap_13.java	140	CWE789_Uncontrolled_Mem_Alloc__URLConnection_HashMap_13.java	150
/home/swlab/Documents/swvul/java-vuln-detection/slicing/output/CPG/cwe789_cpg/cwe789-495-cpg-resolved.bin	tc495_flow2	CWE789_Uncontrolled_Mem_Alloc__URLConnection_HashMap_14.java	124	CWE789_Uncontrolled_Mem_Alloc__URLConnection_HashMap_14.java	129
/home/swlab/Documents/swvul/java-vuln-detection/slicing/output/CPG/cwe789_cpg/cwe789-495-cpg-resolved.bin	tc495_flow3	CWE789_Uncontrolled_Mem_Alloc__URLConnection_HashMap_14.java	140	CWE789_Uncontrolled_Mem_Alloc__URLConnection_HashMap_14.java	150
/home/swlab/Documents/swvul/java-vuln-detection/slicing/output/CPG/cwe789_cpg/cwe789-496-cpg-resolved.bin	tc496_flow2	CWE789_Uncontrolled_Mem_Alloc__URLConnection_HashMap_15.java	126	CWE789_Uncontrolled_Mem_Alloc__URLConnection_HashMap_15.java	131
/home/swlab/Documents/swvul/java-vuln-detection/slicing/output/CPG/cwe789_cpg/cwe789-496-cpg-resolved.bin	tc496_flow3	CWE789_Uncontrolled_Mem_Alloc__URLConnection_HashMap_15.java	144	CWE789_Uncontrolled_Mem_Alloc__URLConnection_HashMap_15.java	154
/home/swlab/Documents/swvul/java-vuln-detection/slicing/output/CPG/cwe789_cpg/cwe789-497-cpg-resolved.bin	tc497_flow2	CWE789_Uncontrolled_Mem_Alloc__URLConnection_HashMap_16.java	114	CWE789_Uncontrolled_Mem_Alloc__URLConnection_HashMap_16.java	119
/home/swlab/Documents/swvul/java-vuln-detection/slicing/output/CPG/cwe789_cpg/cwe789-498-cpg-resolved.bin	tc498_flow2	CWE789_Uncontrolled_Mem_Alloc__URLConnection_HashMap_17.java	115	CWE789_Uncontrolled_Mem_Alloc__URLConnection_HashMap_17.java	120
/home/swlab/Documents/swvul/java-vuln-detection/slicing/output/CPG/cwe789_cpg/cwe789-499-cpg-resolved.bin	tc499_flow2	CWE789_Uncontrolled_Mem_Alloc__URLConnection_HashMap_21.java	161	CWE789_Uncontrolled_Mem_Alloc__URLConnection_HashMap_21.java	143
/home/swlab/Documents/swvul/java-vuln-detection/slicing/output/CPG/cwe789_cpg/cwe789-499-cpg-resolved.bin	tc499_flow3	CWE789_Uncontrolled_Mem_Alloc__URLConnection_HashMap_21.java	188	CWE789_Uncontrolled_Mem_Alloc__URLConnection_HashMap_21.java	177
/home/swlab/Documents/swvul/java-vuln-detection/slicing/output/CPG/cwe789_cpg/cwe789-500-cpg-resolved.bin	tc500_flow2	CWE789_Uncontrolled_Mem_Alloc__URLConnection_HashMap_22b.java	121	CWE789_Uncontrolled_Mem_Alloc__URLConnection_HashMap_22a.java	62
/home/swlab/Documents/swvul/java-vuln-detection/slicing/output/CPG/cwe789_cpg/cwe789-500-cpg-resolved.bin	tc500_flow3	CWE789_Uncontrolled_Mem_Alloc__URLConnection_HashMap_22b.java	136	CWE789_Uncontrolled_Mem_Alloc__URLConnection_HashMap_22a.java	75
/home/swlab/Documents/swvul/java-vuln-detection/slicing/output/CPG/cwe789_cpg/cwe789-501-cpg-resolved.bin	tc501_flow2	CWE789_Uncontrolled_Mem_Alloc__URLConnection_HashMap_31.java	128	CWE789_Uncontrolled_Mem_Alloc__URLConnection_HashMap_31.java	136
/home/swlab/Documents/swvul/java-vuln-detection/slicing/output/CPG/cwe789_cpg/cwe789-502-cpg-resolved.bin	tc502_flow2	CWE789_Uncontrolled_Mem_Alloc__URLConnection_HashMap_41.java	130	CWE789_Uncontrolled_Mem_Alloc__URLConnection_HashMap_41.java	120
/home/swlab/Documents/swvul/java-vuln-detection/slicing/output/CPG/cwe789_cpg/cwe789-503-cpg-resolved.bin	tc503_flow2	CWE789_Uncontrolled_Mem_Alloc__URLConnection_HashMap_42.java	118	CWE789_Uncontrolled_Mem_Alloc__URLConnection_HashMap_42.java	129
/home/swlab/Documents/swvul/java-vuln-detection/slicing/output/CPG/cwe789_cpg/cwe789-504-cpg-resolved.bin	tc504_flow2	CWE789_Uncontrolled_Mem_Alloc__URLConnection_HashMap_45.java	138	CWE789_Uncontrolled_Mem_Alloc__URLConnection_HashMap_45.java	128
/home/swlab/Documents/swvul/java-vuln-detection/slicing/output/CPG/cwe789_cpg/cwe789-505-cpg-resolved.bin	tc505_flow2	CWE789_Uncontrolled_Mem_Alloc__URLConnection_HashMap_51a.java	112	CWE789_Uncontrolled_Mem_Alloc__URLConnection_HashMap_51b.java	38
/home/swlab/Documents/swvul/java-vuln-detection/slicing/output/CPG/cwe789_cpg/cwe789-506-cpg-resolved.bin	tc506_flow2	CWE789_Uncontrolled_Mem_Alloc__URLConnection_HashMap_52a.java	113	CWE789_Uncontrolled_Mem_Alloc__URLConnection_HashMap_52c.java	39
/home/swlab/Documents/swvul/java-vuln-detection/slicing/output/CPG/cwe789_cpg/cwe789-507-cpg-resolved.bin	tc507_flow2	CWE789_Uncontrolled_Mem_Alloc__URLConnection_HashMap_53a.java	113	CWE789_Uncontrolled_Mem_Alloc__URLConnection_HashMap_53d.java	39
/home/swlab/Documents/swvul/java-vuln-detection/slicing/output/CPG/cwe789_cpg/cwe789-508-cpg-resolved.bin	tc508_flow2	CWE789_Uncontrolled_Mem_Alloc__URLConnection_HashMap_54a.java	113	CWE789_Uncontrolled_Mem_Alloc__URLConnection_HashMap_54e.java	39
/home/swlab/Documents/swvul/java-vuln-detection/slicing/output/CPG/cwe789_cpg/cwe789-509-cpg-resolved.bin	tc509_flow2	CWE789_Uncontrolled_Mem_Alloc__URLConnection_HashMap_61b.java	108	CWE789_Uncontrolled_Mem_Alloc__URLConnection_HashMap_61a.java	46
/home/swlab/Documents/swvul/java-vuln-detection/slicing/output/CPG/cwe789_cpg/cwe789-510-cpg-resolved.bin	tc510_flow2	CWE789_Uncontrolled_Mem_Alloc__URLConnection_HashMap_66a.java	115	CWE789_Uncontrolled_Mem_Alloc__URLConnection_HashMap_66b.java	41
/home/swlab/Documents/swvul/java-vuln-detection/slicing/output/CPG/cwe789_cpg/cwe789-511-cpg-resolved.bin	tc511_flow2	CWE789_Uncontrolled_Mem_Alloc__URLConnection_HashMap_67a.java	120	CWE789_Uncontrolled_Mem_Alloc__URLConnection_HashMap_67b.java	41
/home/swlab/Documents/swvul/java-vuln-detection/slicing/output/CPG/cwe789_cpg/cwe789-512-cpg-resolved.bin	tc512_flow2	CWE789_Uncontrolled_Mem_Alloc__URLConnection_HashMap_68a.java	112	CWE789_Uncontrolled_Mem_Alloc__URLConnection_HashMap_68b.java	40
/home/swlab/Documents/swvul/java-vuln-detection/slicing/output/CPG/cwe789_cpg/cwe789-513-cpg-resolved.bin	tc513_flow2	CWE789_Uncontrolled_Mem_Alloc__URLConnection_HashMap_71a.java	113	CWE789_Uncontrolled_Mem_Alloc__URLConnection_HashMap_71b.java	41
/home/swlab/Documents/swvul/java-vuln-detection/slicing/output/CPG/cwe789_cpg/cwe789-514-cpg-resolved.bin	tc514_flow2	CWE789_Uncontrolled_Mem_Alloc__URLConnection_HashMap_72a.java	118	CWE789_Uncontrolled_Mem_Alloc__URLConnection_HashMap_72b.java	42
/home/swlab/Documents/swvul/java-vuln-detection/slicing/output/CPG/cwe789_cpg/cwe789-515-cpg-resolved.bin	tc515_flow2	CWE789_Uncontrolled_Mem_Alloc__URLConnection_HashMap_73a.java	118	CWE789_Uncontrolled_Mem_Alloc__URLConnection_HashMap_73b.java	42
/home/swlab/Documents/swvul/java-vuln-detection/slicing/output/CPG/cwe789_cpg/cwe789-516-cpg-resolved.bin	tc516_flow2	CWE789_Uncontrolled_Mem_Alloc__URLConnection_HashMap_74a.java	118	CWE789_Uncontrolled_Mem_Alloc__URLConnection_HashMap_74b.java	41
/home/swlab/Documents/swvul/java-vuln-detection/slicing/output/CPG/cwe789_cpg/cwe789-517-cpg-resolved.bin	tc517_flow2	CWE789_Uncontrolled_Mem_Alloc__URLConnection_HashMap_75a.java	158	CWE789_Uncontrolled_Mem_Alloc__URLConnection_HashMap_75b.java	97
/home/swlab/Documents/swvul/java-vuln-detection/slicing/output/CPG/cwe789_cpg/cwe789-518-cpg-resolved.bin	tc518_flow2	CWE789_Uncontrolled_Mem_Alloc__URLConnection_HashMap_81a.java	114	CWE789_Uncontrolled_Mem_Alloc__URLConnection_HashMap_81_goodG2B.java	30
/home/swlab/Documents/swvul/java-vuln-detection/slicing/output/CPG/cwe789_cpg/cwe789-519-cpg-resolved.bin	tc519_flow2	CWE789_Uncontrolled_Mem_Alloc__URLConnection_HashSet_01.java	117	CWE789_Uncontrolled_Mem_Alloc__URLConnection_HashSet_01.java	120
/home/swlab/Documents/swvul/java-vuln-detection/slicing/output/CPG/cwe789_cpg/cwe789-520-cpg-resolved.bin	tc520_flow2	CWE789_Uncontrolled_Mem_Alloc__URLConnection_HashSet_02.java	124	CWE789_Uncontrolled_Mem_Alloc__URLConnection_HashSet_02.java	129
/home/swlab/Documents/swvul/java-vuln-detection/slicing/output/CPG/cwe789_cpg/cwe789-520-cpg-resolved.bin	tc520_flow3	CWE789_Uncontrolled_Mem_Alloc__URLConnection_HashSet_02.java	140	CWE789_Uncontrolled_Mem_Alloc__URLConnection_HashSet_02.java	150
/home/swlab/Documents/swvul/java-vuln-detection/slicing/output/CPG/cwe789_cpg/cwe789-521-cpg-resolved.bin	tc521_flow2	CWE789_Uncontrolled_Mem_Alloc__URLConnection_HashSet_03.java	124	CWE789_Uncontrolled_Mem_Alloc__URLConnection_HashSet_03.java	129
/home/swlab/Documents/swvul/java-vuln-detection/slicing/output/CPG/cwe789_cpg/cwe789-521-cpg-resolved.bin	tc521_flow3	CWE789_Uncontrolled_Mem_Alloc__URLConnection_HashSet_03.java	140	CWE789_Uncontrolled_Mem_Alloc__URLConnection_HashSet_03.java	150
/home/swlab/Documents/swvul/java-vuln-detection/slicing/output/CPG/cwe789_cpg/cwe789-522-cpg-resolved.bin	tc522_flow2	CWE789_Uncontrolled_Mem_Alloc__URLConnection_HashSet_04.java	131	CWE789_Uncontrolled_Mem_Alloc__URLConnection_HashSet_04.java	136
/home/swlab/Documents/swvul/java-vuln-detection/slicing/output/CPG/cwe789_cpg/cwe789-522-cpg-resolved.bin	tc522_flow3	CWE789_Uncontrolled_Mem_Alloc__URLConnection_HashSet_04.java	147	CWE789_Uncontrolled_Mem_Alloc__URLConnection_HashSet_04.java	157
/home/swlab/Documents/swvul/java-vuln-detection/slicing/output/CPG/cwe789_cpg/cwe789-523-cpg-resolved.bin	tc523_flow2	CWE789_Uncontrolled_Mem_Alloc__URLConnection_HashSet_05.java	131	CWE789_Uncontrolled_Mem_Alloc__URLConnection_HashSet_05.java	136
/home/swlab/Documents/swvul/java-vuln-detection/slicing/output/CPG/cwe789_cpg/cwe789-523-cpg-resolved.bin	tc523_flow3	CWE789_Uncontrolled_Mem_Alloc__URLConnection_HashSet_05.java	147	CWE789_Uncontrolled_Mem_Alloc__URLConnection_HashSet_05.java	157
/home/swlab/Documents/swvul/java-vuln-detection/slicing/output/CPG/cwe789_cpg/cwe789-524-cpg-resolved.bin	tc524_flow2	CWE789_Uncontrolled_Mem_Alloc__URLConnection_HashSet_06.java	130	CWE789_Uncontrolled_Mem_Alloc__URLConnection_HashSet_06.java	135
/home/swlab/Documents/swvul/java-vuln-detection/slicing/output/CPG/cwe789_cpg/cwe789-524-cpg-resolved.bin	tc524_flow3	CWE789_Uncontrolled_Mem_Alloc__URLConnection_HashSet_06.java	146	CWE789_Uncontrolled_Mem_Alloc__URLConnection_HashSet_06.java	156
/home/swlab/Documents/swvul/java-vuln-detection/slicing/output/CPG/cwe789_cpg/cwe789-525-cpg-resolved.bin	tc525_flow2	CWE789_Uncontrolled_Mem_Alloc__URLConnection_HashSet_07.java	130	CWE789_Uncontrolled_Mem_Alloc__URLConnection_HashSet_07.java	135
/home/swlab/Documents/swvul/java-vuln-detection/slicing/output/CPG/cwe789_cpg/cwe789-525-cpg-resolved.bin	tc525_flow3	CWE789_Uncontrolled_Mem_Alloc__URLConnection_HashSet_07.java	146	CWE789_Uncontrolled_Mem_Alloc__URLConnection_HashSet_07.java	156
/home/swlab/Documents/swvul/java-vuln-detection/slicing/output/CPG/cwe789_cpg/cwe789-526-cpg-resolved.bin	tc526_flow2	CWE789_Uncontrolled_Mem_Alloc__URLConnection_HashSet_08.java	138	CWE789_Uncontrolled_Mem_Alloc__URLConnection_HashSet_08.java	143
/home/swlab/Documents/swvul/java-vuln-detection/slicing/output/CPG/cwe789_cpg/cwe789-526-cpg-resolved.bin	tc526_flow3	CWE789_Uncontrolled_Mem_Alloc__URLConnection_HashSet_08.java	154	CWE789_Uncontrolled_Mem_Alloc__URLConnection_HashSet_08.java	164
/home/swlab/Documents/swvul/java-vuln-detection/slicing/output/CPG/cwe789_cpg/cwe789-527-cpg-resolved.bin	tc527_flow2	CWE789_Uncontrolled_Mem_Alloc__URLConnection_HashSet_09.java	124	CWE789_Uncontrolled_Mem_Alloc__URLConnection_HashSet_09.java	129
/home/swlab/Documents/swvul/java-vuln-detection/slicing/output/CPG/cwe789_cpg/cwe789-527-cpg-resolved.bin	tc527_flow3	CWE789_Uncontrolled_Mem_Alloc__URLConnection_HashSet_09.java	140	CWE789_Uncontrolled_Mem_Alloc__URLConnection_HashSet_09.java	150
/home/swlab/Documents/swvul/java-vuln-detection/slicing/output/CPG/cwe789_cpg/cwe789-528-cpg-resolved.bin	tc528_flow2	CWE789_Uncontrolled_Mem_Alloc__URLConnection_HashSet_10.java	124	CWE789_Uncontrolled_Mem_Alloc__URLConnection_HashSet_10.java	129
/home/swlab/Documents/swvul/java-vuln-detection/slicing/output/CPG/cwe789_cpg/cwe789-528-cpg-resolved.bin	tc528_flow3	CWE789_Uncontrolled_Mem_Alloc__URLConnection_HashSet_10.java	140	CWE789_Uncontrolled_Mem_Alloc__URLConnection_HashSet_10.java	150
/home/swlab/Documents/swvul/java-vuln-detection/slicing/output/CPG/cwe789_cpg/cwe789-529-cpg-resolved.bin	tc529_flow2	CWE789_Uncontrolled_Mem_Alloc__URLConnection_HashSet_11.java	124	CWE789_Uncontrolled_Mem_Alloc__URLConnection_HashSet_11.java	129
/home/swlab/Documents/swvul/java-vuln-detection/slicing/output/CPG/cwe789_cpg/cwe789-529-cpg-resolved.bin	tc529_flow3	CWE789_Uncontrolled_Mem_Alloc__URLConnection_HashSet_11.java	140	CWE789_Uncontrolled_Mem_Alloc__URLConnection_HashSet_11.java	150
/home/swlab/Documents/swvul/java-vuln-detection/slicing/output/CPG/cwe789_cpg/cwe789-530-cpg-resolved.bin	tc530_flow2	CWE789_Uncontrolled_Mem_Alloc__URLConnection_HashSet_12.java	119	CWE789_Uncontrolled_Mem_Alloc__URLConnection_HashSet_12.java	130
/home/swlab/Documents/swvul/java-vuln-detection/slicing/output/CPG/cwe789_cpg/cwe789-531-cpg-resolved.bin	tc531_flow2	CWE789_Uncontrolled_Mem_Alloc__URLConnection_HashSet_13.java	124	CWE789_Uncontrolled_Mem_Alloc__URLConnection_HashSet_13.java	129
/home/swlab/Documents/swvul/java-vuln-detection/slicing/output/CPG/cwe789_cpg/cwe789-531-cpg-resolved.bin	tc531_flow3	CWE789_Uncontrolled_Mem_Alloc__URLConnection_HashSet_13.java	140	CWE789_Uncontrolled_Mem_Alloc__URLConnection_HashSet_13.java	150
/home/swlab/Documents/swvul/java-vuln-detection/slicing/output/CPG/cwe789_cpg/cwe789-532-cpg-resolved.bin	tc532_flow2	CWE789_Uncontrolled_Mem_Alloc__URLConnection_HashSet_14.java	124	CWE789_Uncontrolled_Mem_Alloc__URLConnection_HashSet_14.java	129
/home/swlab/Documents/swvul/java-vuln-detection/slicing/output/CPG/cwe789_cpg/cwe789-532-cpg-resolved.bin	tc532_flow3	CWE789_Uncontrolled_Mem_Alloc__URLConnection_HashSet_14.java	140	CWE789_Uncontrolled_Mem_Alloc__URLConnection_HashSet_14.java	150
/home/swlab/Documents/swvul/java-vuln-detection/slicing/output/CPG/cwe789_cpg/cwe789-533-cpg-resolved.bin	tc533_flow2	CWE789_Uncontrolled_Mem_Alloc__URLConnection_HashSet_15.java	126	CWE789_Uncontrolled_Mem_Alloc__URLConnection_HashSet_15.java	131
/home/swlab/Documents/swvul/java-vuln-detection/slicing/output/CPG/cwe789_cpg/cwe789-533-cpg-resolved.bin	tc533_flow3	CWE789_Uncontrolled_Mem_Alloc__URLConnection_HashSet_15.java	144	CWE789_Uncontrolled_Mem_Alloc__URLConnection_HashSet_15.java	154
/home/swlab/Documents/swvul/java-vuln-detection/slicing/output/CPG/cwe789_cpg/cwe789-534-cpg-resolved.bin	tc534_flow2	CWE789_Uncontrolled_Mem_Alloc__URLConnection_HashSet_16.java	114	CWE789_Uncontrolled_Mem_Alloc__URLConnection_HashSet_16.java	119
/home/swlab/Documents/swvul/java-vuln-detection/slicing/output/CPG/cwe789_cpg/cwe789-535-cpg-resolved.bin	tc535_flow2	CWE789_Uncontrolled_Mem_Alloc__URLConnection_HashSet_17.java	115	CWE789_Uncontrolled_Mem_Alloc__URLConnection_HashSet_17.java	120
/home/swlab/Documents/swvul/java-vuln-detection/slicing/output/CPG/cwe789_cpg/cwe789-536-cpg-resolved.bin	tc536_flow2	CWE789_Uncontrolled_Mem_Alloc__URLConnection_HashSet_21.java	161	CWE789_Uncontrolled_Mem_Alloc__URLConnection_HashSet_21.java	143
/home/swlab/Documents/swvul/java-vuln-detection/slicing/output/CPG/cwe789_cpg/cwe789-536-cpg-resolved.bin	tc536_flow3	CWE789_Uncontrolled_Mem_Alloc__URLConnection_HashSet_21.java	188	CWE789_Uncontrolled_Mem_Alloc__URLConnection_HashSet_21.java	177
/home/swlab/Documents/swvul/java-vuln-detection/slicing/output/CPG/cwe789_cpg/cwe789-537-cpg-resolved.bin	tc537_flow2	CWE789_Uncontrolled_Mem_Alloc__URLConnection_HashSet_22b.java	121	CWE789_Uncontrolled_Mem_Alloc__URLConnection_HashSet_22a.java	62
/home/swlab/Documents/swvul/java-vuln-detection/slicing/output/CPG/cwe789_cpg/cwe789-537-cpg-resolved.bin	tc537_flow3	CWE789_Uncontrolled_Mem_Alloc__URLConnection_HashSet_22b.java	136	CWE789_Uncontrolled_Mem_Alloc__URLConnection_HashSet_22a.java	75
/home/swlab/Documents/swvul/java-vuln-detection/slicing/output/CPG/cwe789_cpg/cwe789-538-cpg-resolved.bin	tc538_flow2	CWE789_Uncontrolled_Mem_Alloc__URLConnection_HashSet_31.java	128	CWE789_Uncontrolled_Mem_Alloc__URLConnection_HashSet_31.java	136
/home/swlab/Documents/swvul/java-vuln-detection/slicing/output/CPG/cwe789_cpg/cwe789-539-cpg-resolved.bin	tc539_flow2	CWE789_Uncontrolled_Mem_Alloc__URLConnection_HashSet_41.java	130	CWE789_Uncontrolled_Mem_Alloc__URLConnection_HashSet_41.java	120
/home/swlab/Documents/swvul/java-vuln-detection/slicing/output/CPG/cwe789_cpg/cwe789-540-cpg-resolved.bin	tc540_flow2	CWE789_Uncontrolled_Mem_Alloc__URLConnection_HashSet_42.java	118	CWE789_Uncontrolled_Mem_Alloc__URLConnection_HashSet_42.java	129
/home/swlab/Documents/swvul/java-vuln-detection/slicing/output/CPG/cwe789_cpg/cwe789-541-cpg-resolved.bin	tc541_flow2	CWE789_Uncontrolled_Mem_Alloc__URLConnection_HashSet_45.java	138	CWE789_Uncontrolled_Mem_Alloc__URLConnection_HashSet_45.java	128
/home/swlab/Documents/swvul/java-vuln-detection/slicing/output/CPG/cwe789_cpg/cwe789-542-cpg-resolved.bin	tc542_flow2	CWE789_Uncontrolled_Mem_Alloc__URLConnection_HashSet_51a.java	112	CWE789_Uncontrolled_Mem_Alloc__URLConnection_HashSet_51b.java	38
/home/swlab/Documents/swvul/java-vuln-detection/slicing/output/CPG/cwe789_cpg/cwe789-543-cpg-resolved.bin	tc543_flow2	CWE789_Uncontrolled_Mem_Alloc__URLConnection_HashSet_52a.java	113	CWE789_Uncontrolled_Mem_Alloc__URLConnection_HashSet_52c.java	39
/home/swlab/Documents/swvul/java-vuln-detection/slicing/output/CPG/cwe789_cpg/cwe789-544-cpg-resolved.bin	tc544_flow2	CWE789_Uncontrolled_Mem_Alloc__URLConnection_HashSet_53a.java	113	CWE789_Uncontrolled_Mem_Alloc__URLConnection_HashSet_53d.java	39
/home/swlab/Documents/swvul/java-vuln-detection/slicing/output/CPG/cwe789_cpg/cwe789-545-cpg-resolved.bin	tc545_flow2	CWE789_Uncontrolled_Mem_Alloc__URLConnection_HashSet_54a.java	113	CWE789_Uncontrolled_Mem_Alloc__URLConnection_HashSet_54e.java	39
/home/swlab/Documents/swvul/java-vuln-detection/slicing/output/CPG/cwe789_cpg/cwe789-546-cpg-resolved.bin	tc546_flow2	CWE789_Uncontrolled_Mem_Alloc__URLConnection_HashSet_61b.java	108	CWE789_Uncontrolled_Mem_Alloc__URLConnection_HashSet_61a.java	46
/home/swlab/Documents/swvul/java-vuln-detection/slicing/output/CPG/cwe789_cpg/cwe789-547-cpg-resolved.bin	tc547_flow2	CWE789_Uncontrolled_Mem_Alloc__URLConnection_HashSet_66a.java	115	CWE789_Uncontrolled_Mem_Alloc__URLConnection_HashSet_66b.java	41
/home/swlab/Documents/swvul/java-vuln-detection/slicing/output/CPG/cwe789_cpg/cwe789-548-cpg-resolved.bin	tc548_flow2	CWE789_Uncontrolled_Mem_Alloc__URLConnection_HashSet_67a.java	120	CWE789_Uncontrolled_Mem_Alloc__URLConnection_HashSet_67b.java	41
/home/swlab/Documents/swvul/java-vuln-detection/slicing/output/CPG/cwe789_cpg/cwe789-549-cpg-resolved.bin	tc549_flow2	CWE789_Uncontrolled_Mem_Alloc__URLConnection_HashSet_68a.java	112	CWE789_Uncontrolled_Mem_Alloc__URLConnection_HashSet_68b.java	40
/home/swlab/Documents/swvul/java-vuln-detection/slicing/output/CPG/cwe789_cpg/cwe789-550-cpg-resolved.bin	tc550_flow2	CWE789_Uncontrolled_Mem_Alloc__URLConnection_HashSet_71a.java	113	CWE789_Uncontrolled_Mem_Alloc__URLConnection_HashSet_71b.java	41
/home/swlab/Documents/swvul/java-vuln-detection/slicing/output/CPG/cwe789_cpg/cwe789-551-cpg-resolved.bin	tc551_flow2	CWE789_Uncontrolled_Mem_Alloc__URLConnection_HashSet_72a.java	118	CWE789_Uncontrolled_Mem_Alloc__URLConnection_HashSet_72b.java	42
/home/swlab/Documents/swvul/java-vuln-detection/slicing/output/CPG/cwe789_cpg/cwe789-552-cpg-resolved.bin	tc552_flow2	CWE789_Uncontrolled_Mem_Alloc__URLConnection_HashSet_73a.java	118	CWE789_Uncontrolled_Mem_Alloc__URLConnection_HashSet_73b.java	42
/home/swlab/Documents/swvul/java-vuln-detection/slicing/output/CPG/cwe789_cpg/cwe789-553-cpg-resolved.bin	tc553_flow2	CWE789_Uncontrolled_Mem_Alloc__URLConnection_HashSet_74a.java	118	CWE789_Uncontrolled_Mem_Alloc__URLConnection_HashSet_74b.java	42
/home/swlab/Documents/swvul/java-vuln-detection/slicing/output/CPG/cwe789_cpg/cwe789-554-cpg-resolved.bin	tc554_flow2	CWE789_Uncontrolled_Mem_Alloc__URLConnection_HashSet_75a.java	158	CWE789_Uncontrolled_Mem_Alloc__URLConnection_HashSet_75b.java	97
/home/swlab/Documents/swvul/java-vuln-detection/slicing/output/CPG/cwe789_cpg/cwe789-555-cpg-resolved.bin	tc555_flow2	CWE789_Uncontrolled_Mem_Alloc__URLConnection_HashSet_81a.java	114	CWE789_Uncontrolled_Mem_Alloc__URLConnection_HashSet_81_goodG2B.java	30
/home/swlab/Documents/swvul/java-vuln-detection/slicing/output/CPG/cwe789_cpg/cwe789-556-cpg-resolved.bin	tc556_flow1	CWE789_Uncontrolled_Mem_Alloc__connect_tcp_ArrayList_01.java	56	CWE789_Uncontrolled_Mem_Alloc__connect_tcp_ArrayList_01.java	116
/home/swlab/Documents/swvul/java-vuln-detection/slicing/output/CPG/cwe789_cpg/cwe789-556-cpg-resolved.bin	tc556_flow2	CWE789_Uncontrolled_Mem_Alloc__connect_tcp_ArrayList_01.java	131	CWE789_Uncontrolled_Mem_Alloc__connect_tcp_ArrayList_01.java	134
/home/swlab/Documents/swvul/java-vuln-detection/slicing/output/CPG/cwe789_cpg/cwe789-557-cpg-resolved.bin	tc557_flow1	CWE789_Uncontrolled_Mem_Alloc__connect_tcp_ArrayList_02.java	52	CWE789_Uncontrolled_Mem_Alloc__connect_tcp_ArrayList_02.java	119
/home/swlab/Documents/swvul/java-vuln-detection/slicing/output/CPG/cwe789_cpg/cwe789-557-cpg-resolved.bin	tc557_flow2	CWE789_Uncontrolled_Mem_Alloc__connect_tcp_ArrayList_02.java	137	CWE789_Uncontrolled_Mem_Alloc__connect_tcp_ArrayList_02.java	142
/home/swlab/Documents/swvul/java-vuln-detection/slicing/output/CPG/cwe789_cpg/cwe789-557-cpg-resolved.bin	tc557_flow3	CWE789_Uncontrolled_Mem_Alloc__connect_tcp_ArrayList_02.java	153	CWE789_Uncontrolled_Mem_Alloc__connect_tcp_ArrayList_02.java	163
/home/swlab/Documents/swvul/java-vuln-detection/slicing/output/CPG/cwe789_cpg/cwe789-558-cpg-resolved.bin	tc558_flow1	CWE789_Uncontrolled_Mem_Alloc__connect_tcp_ArrayList_03.java	52	CWE789_Uncontrolled_Mem_Alloc__connect_tcp_ArrayList_03.java	119
/home/swlab/Documents/swvul/java-vuln-detection/slicing/output/CPG/cwe789_cpg/cwe789-558-cpg-resolved.bin	tc558_flow2	CWE789_Uncontrolled_Mem_Alloc__connect_tcp_ArrayList_03.java	137	CWE789_Uncontrolled_Mem_Alloc__connect_tcp_ArrayList_03.java	142
/home/swlab/Documents/swvul/java-vuln-detection/slicing/output/CPG/cwe789_cpg/cwe789-558-cpg-resolved.bin	tc558_flow3	CWE789_Uncontrolled_Mem_Alloc__connect_tcp_ArrayList_03.java	153	CWE789_Uncontrolled_Mem_Alloc__connect_tcp_ArrayList_03.java	163
/home/swlab/Documents/swvul/java-vuln-detection/slicing/output/CPG/cwe789_cpg/cwe789-559-cpg-resolved.bin	tc559_flow1	CWE789_Uncontrolled_Mem_Alloc__connect_tcp_ArrayList_04.java	59	CWE789_Uncontrolled_Mem_Alloc__connect_tcp_ArrayList_04.java	126
/home/swlab/Documents/swvul/java-vuln-detection/slicing/output/CPG/cwe789_cpg/cwe789-559-cpg-resolved.bin	tc559_flow2	CWE789_Uncontrolled_Mem_Alloc__connect_tcp_ArrayList_04.java	144	CWE789_Uncontrolled_Mem_Alloc__connect_tcp_ArrayList_04.java	149
/home/swlab/Documents/swvul/java-vuln-detection/slicing/output/CPG/cwe789_cpg/cwe789-559-cpg-resolved.bin	tc559_flow3	CWE789_Uncontrolled_Mem_Alloc__connect_tcp_ArrayList_04.java	160	CWE789_Uncontrolled_Mem_Alloc__connect_tcp_ArrayList_04.java	170
/home/swlab/Documents/swvul/java-vuln-detection/slicing/output/CPG/cwe789_cpg/cwe789-560-cpg-resolved.bin	tc560_flow1	CWE789_Uncontrolled_Mem_Alloc__connect_tcp_ArrayList_05.java	59	CWE789_Uncontrolled_Mem_Alloc__connect_tcp_ArrayList_05.java	126
/home/swlab/Documents/swvul/java-vuln-detection/slicing/output/CPG/cwe789_cpg/cwe789-560-cpg-resolved.bin	tc560_flow2	CWE789_Uncontrolled_Mem_Alloc__connect_tcp_ArrayList_05.java	144	CWE789_Uncontrolled_Mem_Alloc__connect_tcp_ArrayList_05.java	149
/home/swlab/Documents/swvul/java-vuln-detection/slicing/output/CPG/cwe789_cpg/cwe789-560-cpg-resolved.bin	tc560_flow3	CWE789_Uncontrolled_Mem_Alloc__connect_tcp_ArrayList_05.java	160	CWE789_Uncontrolled_Mem_Alloc__connect_tcp_ArrayList_05.java	170
/home/swlab/Documents/swvul/java-vuln-detection/slicing/output/CPG/cwe789_cpg/cwe789-561-cpg-resolved.bin	tc561_flow1	CWE789_Uncontrolled_Mem_Alloc__connect_tcp_ArrayList_06.java	58	CWE789_Uncontrolled_Mem_Alloc__connect_tcp_ArrayList_06.java	125
/home/swlab/Documents/swvul/java-vuln-detection/slicing/output/CPG/cwe789_cpg/cwe789-561-cpg-resolved.bin	tc561_flow2	CWE789_Uncontrolled_Mem_Alloc__connect_tcp_ArrayList_06.java	143	CWE789_Uncontrolled_Mem_Alloc__connect_tcp_ArrayList_06.java	148
/home/swlab/Documents/swvul/java-vuln-detection/slicing/output/CPG/cwe789_cpg/cwe789-561-cpg-resolved.bin	tc561_flow3	CWE789_Uncontrolled_Mem_Alloc__connect_tcp_ArrayList_06.java	159	CWE789_Uncontrolled_Mem_Alloc__connect_tcp_ArrayList_06.java	169
/home/swlab/Documents/swvul/java-vuln-detection/slicing/output/CPG/cwe789_cpg/cwe789-562-cpg-resolved.bin	tc562_flow1	CWE789_Uncontrolled_Mem_Alloc__connect_tcp_ArrayList_07.java	58	CWE789_Uncontrolled_Mem_Alloc__connect_tcp_ArrayList_07.java	125
/home/swlab/Documents/swvul/java-vuln-detection/slicing/output/CPG/cwe789_cpg/cwe789-562-cpg-resolved.bin	tc562_flow2	CWE789_Uncontrolled_Mem_Alloc__connect_tcp_ArrayList_07.java	143	CWE789_Uncontrolled_Mem_Alloc__connect_tcp_ArrayList_07.java	148
/home/swlab/Documents/swvul/java-vuln-detection/slicing/output/CPG/cwe789_cpg/cwe789-562-cpg-resolved.bin	tc562_flow3	CWE789_Uncontrolled_Mem_Alloc__connect_tcp_ArrayList_07.java	159	CWE789_Uncontrolled_Mem_Alloc__connect_tcp_ArrayList_07.java	169
/home/swlab/Documents/swvul/java-vuln-detection/slicing/output/CPG/cwe789_cpg/cwe789-563-cpg-resolved.bin	tc563_flow1	CWE789_Uncontrolled_Mem_Alloc__connect_tcp_ArrayList_08.java	66	CWE789_Uncontrolled_Mem_Alloc__connect_tcp_ArrayList_08.java	133
/home/swlab/Documents/swvul/java-vuln-detection/slicing/output/CPG/cwe789_cpg/cwe789-563-cpg-resolved.bin	tc563_flow2	CWE789_Uncontrolled_Mem_Alloc__connect_tcp_ArrayList_08.java	151	CWE789_Uncontrolled_Mem_Alloc__connect_tcp_ArrayList_08.java	156
/home/swlab/Documents/swvul/java-vuln-detection/slicing/output/CPG/cwe789_cpg/cwe789-563-cpg-resolved.bin	tc563_flow3	CWE789_Uncontrolled_Mem_Alloc__connect_tcp_ArrayList_08.java	167	CWE789_Uncontrolled_Mem_Alloc__connect_tcp_ArrayList_08.java	177
/home/swlab/Documents/swvul/java-vuln-detection/slicing/output/CPG/cwe789_cpg/cwe789-564-cpg-resolved.bin	tc564_flow1	CWE789_Uncontrolled_Mem_Alloc__connect_tcp_ArrayList_09.java	52	CWE789_Uncontrolled_Mem_Alloc__connect_tcp_ArrayList_09.java	119
/home/swlab/Documents/swvul/java-vuln-detection/slicing/output/CPG/cwe789_cpg/cwe789-564-cpg-resolved.bin	tc564_flow2	CWE789_Uncontrolled_Mem_Alloc__connect_tcp_ArrayList_09.java	137	CWE789_Uncontrolled_Mem_Alloc__connect_tcp_ArrayList_09.java	142
/home/swlab/Documents/swvul/java-vuln-detection/slicing/output/CPG/cwe789_cpg/cwe789-564-cpg-resolved.bin	tc564_flow3	CWE789_Uncontrolled_Mem_Alloc__connect_tcp_ArrayList_09.java	153	CWE789_Uncontrolled_Mem_Alloc__connect_tcp_ArrayList_09.java	163
/home/swlab/Documents/swvul/java-vuln-detection/slicing/output/CPG/cwe789_cpg/cwe789-565-cpg-resolved.bin	tc565_flow1	CWE789_Uncontrolled_Mem_Alloc__connect_tcp_ArrayList_10.java	52	CWE789_Uncontrolled_Mem_Alloc__connect_tcp_ArrayList_10.java	119
/home/swlab/Documents/swvul/java-vuln-detection/slicing/output/CPG/cwe789_cpg/cwe789-565-cpg-resolved.bin	tc565_flow2	CWE789_Uncontrolled_Mem_Alloc__connect_tcp_ArrayList_10.java	137	CWE789_Uncontrolled_Mem_Alloc__connect_tcp_ArrayList_10.java	142
/home/swlab/Documents/swvul/java-vuln-detection/slicing/output/CPG/cwe789_cpg/cwe789-565-cpg-resolved.bin	tc565_flow3	CWE789_Uncontrolled_Mem_Alloc__connect_tcp_ArrayList_10.java	153	CWE789_Uncontrolled_Mem_Alloc__connect_tcp_ArrayList_10.java	163
/home/swlab/Documents/swvul/java-vuln-detection/slicing/output/CPG/cwe789_cpg/cwe789-566-cpg-resolved.bin	tc566_flow1	CWE789_Uncontrolled_Mem_Alloc__connect_tcp_ArrayList_11.java	52	CWE789_Uncontrolled_Mem_Alloc__connect_tcp_ArrayList_11.java	119
/home/swlab/Documents/swvul/java-vuln-detection/slicing/output/CPG/cwe789_cpg/cwe789-566-cpg-resolved.bin	tc566_flow2	CWE789_Uncontrolled_Mem_Alloc__connect_tcp_ArrayList_11.java	137	CWE789_Uncontrolled_Mem_Alloc__connect_tcp_ArrayList_11.java	142
/home/swlab/Documents/swvul/java-vuln-detection/slicing/output/CPG/cwe789_cpg/cwe789-566-cpg-resolved.bin	tc566_flow3	CWE789_Uncontrolled_Mem_Alloc__connect_tcp_ArrayList_11.java	153	CWE789_Uncontrolled_Mem_Alloc__connect_tcp_ArrayList_11.java	163
/home/swlab/Documents/swvul/java-vuln-detection/slicing/output/CPG/cwe789_cpg/cwe789-567-cpg-resolved.bin	tc567_flow1	CWE789_Uncontrolled_Mem_Alloc__connect_tcp_ArrayList_12.java	52	CWE789_Uncontrolled_Mem_Alloc__connect_tcp_ArrayList_12.java	120
/home/swlab/Documents/swvul/java-vuln-detection/slicing/output/CPG/cwe789_cpg/cwe789-567-cpg-resolved.bin	tc567_flow2	CWE789_Uncontrolled_Mem_Alloc__connect_tcp_ArrayList_12.java	132	CWE789_Uncontrolled_Mem_Alloc__connect_tcp_ArrayList_12.java	143
/home/swlab/Documents/swvul/java-vuln-detection/slicing/output/CPG/cwe789_cpg/cwe789-568-cpg-resolved.bin	tc568_flow1	CWE789_Uncontrolled_Mem_Alloc__connect_tcp_ArrayList_13.java	52	CWE789_Uncontrolled_Mem_Alloc__connect_tcp_ArrayList_13.java	119
/home/swlab/Documents/swvul/java-vuln-detection/slicing/output/CPG/cwe789_cpg/cwe789-568-cpg-resolved.bin	tc568_flow2	CWE789_Uncontrolled_Mem_Alloc__connect_tcp_ArrayList_13.java	137	CWE789_Uncontrolled_Mem_Alloc__connect_tcp_ArrayList_13.java	142
/home/swlab/Documents/swvul/java-vuln-detection/slicing/output/CPG/cwe789_cpg/cwe789-568-cpg-resolved.bin	tc568_flow3	CWE789_Uncontrolled_Mem_Alloc__connect_tcp_ArrayList_13.java	153	CWE789_Uncontrolled_Mem_Alloc__connect_tcp_ArrayList_13.java	163
/home/swlab/Documents/swvul/java-vuln-detection/slicing/output/CPG/cwe789_cpg/cwe789-569-cpg-resolved.bin	tc569_flow1	CWE789_Uncontrolled_Mem_Alloc__connect_tcp_ArrayList_14.java	52	CWE789_Uncontrolled_Mem_Alloc__connect_tcp_ArrayList_14.java	119
/home/swlab/Documents/swvul/java-vuln-detection/slicing/output/CPG/cwe789_cpg/cwe789-569-cpg-resolved.bin	tc569_flow2	CWE789_Uncontrolled_Mem_Alloc__connect_tcp_ArrayList_14.java	137	CWE789_Uncontrolled_Mem_Alloc__connect_tcp_ArrayList_14.java	142
/home/swlab/Documents/swvul/java-vuln-detection/slicing/output/CPG/cwe789_cpg/cwe789-569-cpg-resolved.bin	tc569_flow3	CWE789_Uncontrolled_Mem_Alloc__connect_tcp_ArrayList_14.java	153	CWE789_Uncontrolled_Mem_Alloc__connect_tcp_ArrayList_14.java	163
/home/swlab/Documents/swvul/java-vuln-detection/slicing/output/CPG/cwe789_cpg/cwe789-570-cpg-resolved.bin	tc570_flow1	CWE789_Uncontrolled_Mem_Alloc__connect_tcp_ArrayList_15.java	54	CWE789_Uncontrolled_Mem_Alloc__connect_tcp_ArrayList_15.java	121
/home/swlab/Documents/swvul/java-vuln-detection/slicing/output/CPG/cwe789_cpg/cwe789-570-cpg-resolved.bin	tc570_flow2	CWE789_Uncontrolled_Mem_Alloc__connect_tcp_ArrayList_15.java	139	CWE789_Uncontrolled_Mem_Alloc__connect_tcp_ArrayList_15.java	144
/home/swlab/Documents/swvul/java-vuln-detection/slicing/output/CPG/cwe789_cpg/cwe789-570-cpg-resolved.bin	tc570_flow3	CWE789_Uncontrolled_Mem_Alloc__connect_tcp_ArrayList_15.java	157	CWE789_Uncontrolled_Mem_Alloc__connect_tcp_ArrayList_15.java	167
/home/swlab/Documents/swvul/java-vuln-detection/slicing/output/CPG/cwe789_cpg/cwe789-571-cpg-resolved.bin	tc571_flow1	CWE789_Uncontrolled_Mem_Alloc__connect_tcp_ArrayList_16.java	53	CWE789_Uncontrolled_Mem_Alloc__connect_tcp_ArrayList_16.java	115
/home/swlab/Documents/swvul/java-vuln-detection/slicing/output/CPG/cwe789_cpg/cwe789-571-cpg-resolved.bin	tc571_flow2	CWE789_Uncontrolled_Mem_Alloc__connect_tcp_ArrayList_16.java	127	CWE789_Uncontrolled_Mem_Alloc__connect_tcp_ArrayList_16.java	132
/home/swlab/Documents/swvul/java-vuln-detection/slicing/output/CPG/cwe789_cpg/cwe789-572-cpg-resolved.bin	tc572_flow1	CWE789_Uncontrolled_Mem_Alloc__connect_tcp_ArrayList_17.java	56	CWE789_Uncontrolled_Mem_Alloc__connect_tcp_ArrayList_17.java	118
/home/swlab/Documents/swvul/java-vuln-detection/slicing/output/CPG/cwe789_cpg/cwe789-572-cpg-resolved.bin	tc572_flow2	CWE789_Uncontrolled_Mem_Alloc__connect_tcp_ArrayList_17.java	129	CWE789_Uncontrolled_Mem_Alloc__connect_tcp_ArrayList_17.java	134
/home/swlab/Documents/swvul/java-vuln-detection/slicing/output/CPG/cwe789_cpg/cwe789-573-cpg-resolved.bin	tc573_flow1	CWE789_Uncontrolled_Mem_Alloc__connect_tcp_ArrayList_21.java	68	CWE789_Uncontrolled_Mem_Alloc__connect_tcp_ArrayList_21.java	44
/home/swlab/Documents/swvul/java-vuln-detection/slicing/output/CPG/cwe789_cpg/cwe789-573-cpg-resolved.bin	tc573_flow2	CWE789_Uncontrolled_Mem_Alloc__connect_tcp_ArrayList_21.java	174	CWE789_Uncontrolled_Mem_Alloc__connect_tcp_ArrayList_21.java	156
/home/swlab/Documents/swvul/java-vuln-detection/slicing/output/CPG/cwe789_cpg/cwe789-573-cpg-resolved.bin	tc573_flow3	CWE789_Uncontrolled_Mem_Alloc__connect_tcp_ArrayList_21.java	201	CWE789_Uncontrolled_Mem_Alloc__connect_tcp_ArrayList_21.java	190
/home/swlab/Documents/swvul/java-vuln-detection/slicing/output/CPG/cwe789_cpg/cwe789-574-cpg-resolved.bin	tc574_flow1	CWE789_Uncontrolled_Mem_Alloc__connect_tcp_ArrayList_22b.java	51	CWE789_Uncontrolled_Mem_Alloc__connect_tcp_ArrayList_22a.java	38
/home/swlab/Documents/swvul/java-vuln-detection/slicing/output/CPG/cwe789_cpg/cwe789-574-cpg-resolved.bin	tc574_flow2	CWE789_Uncontrolled_Mem_Alloc__connect_tcp_ArrayList_22b.java	134	CWE789_Uncontrolled_Mem_Alloc__connect_tcp_ArrayList_22a.java	62
/home/swlab/Documents/swvul/java-vuln-detection/slicing/output/CPG/cwe789_cpg/cwe789-574-cpg-resolved.bin	tc574_flow3	CWE789_Uncontrolled_Mem_Alloc__connect_tcp_ArrayList_22b.java	149	CWE789_Uncontrolled_Mem_Alloc__connect_tcp_ArrayList_22a.java	75
/home/swlab/Documents/swvul/java-vuln-detection/slicing/output/CPG/cwe789_cpg/cwe789-575-cpg-resolved.bin	tc575_flow1	CWE789_Uncontrolled_Mem_Alloc__connect_tcp_ArrayList_31.java	59	CWE789_Uncontrolled_Mem_Alloc__connect_tcp_ArrayList_31.java	124
/home/swlab/Documents/swvul/java-vuln-detection/slicing/output/CPG/cwe789_cpg/cwe789-575-cpg-resolved.bin	tc575_flow2	CWE789_Uncontrolled_Mem_Alloc__connect_tcp_ArrayList_31.java	142	CWE789_Uncontrolled_Mem_Alloc__connect_tcp_ArrayList_31.java	150
/home/swlab/Documents/swvul/java-vuln-detection/slicing/output/CPG/cwe789_cpg/cwe789-576-cpg-resolved.bin	tc576_flow1	CWE789_Uncontrolled_Mem_Alloc__connect_tcp_ArrayList_41.java	63	CWE789_Uncontrolled_Mem_Alloc__connect_tcp_ArrayList_41.java	36
/home/swlab/Documents/swvul/java-vuln-detection/slicing/output/CPG/cwe789_cpg/cwe789-576-cpg-resolved.bin	tc576_flow2	CWE789_Uncontrolled_Mem_Alloc__connect_tcp_ArrayList_41.java	144	CWE789_Uncontrolled_Mem_Alloc__connect_tcp_ArrayList_41.java	134
/home/swlab/Documents/swvul/java-vuln-detection/slicing/output/CPG/cwe789_cpg/cwe789-577-cpg-resolved.bin	tc577_flow1	CWE789_Uncontrolled_Mem_Alloc__connect_tcp_ArrayList_42.java	55	CWE789_Uncontrolled_Mem_Alloc__connect_tcp_ArrayList_42.java	123
/home/swlab/Documents/swvul/java-vuln-detection/slicing/output/CPG/cwe789_cpg/cwe789-577-cpg-resolved.bin	tc577_flow2	CWE789_Uncontrolled_Mem_Alloc__connect_tcp_ArrayList_42.java	132	CWE789_Uncontrolled_Mem_Alloc__connect_tcp_ArrayList_42.java	143
/home/swlab/Documents/swvul/java-vuln-detection/slicing/output/CPG/cwe789_cpg/cwe789-578-cpg-resolved.bin	tc578_flow1	CWE789_Uncontrolled_Mem_Alloc__connect_tcp_ArrayList_45.java	69	CWE789_Uncontrolled_Mem_Alloc__connect_tcp_ArrayList_45.java	41
/home/swlab/Documents/swvul/java-vuln-detection/slicing/output/CPG/cwe789_cpg/cwe789-578-cpg-resolved.bin	tc578_flow2	CWE789_Uncontrolled_Mem_Alloc__connect_tcp_ArrayList_45.java	152	CWE789_Uncontrolled_Mem_Alloc__connect_tcp_ArrayList_45.java	142
/home/swlab/Documents/swvul/java-vuln-detection/slicing/output/CPG/cwe789_cpg/cwe789-579-cpg-resolved.bin	tc579_flow1	CWE789_Uncontrolled_Mem_Alloc__connect_tcp_ArrayList_51a.java	53	CWE789_Uncontrolled_Mem_Alloc__connect_tcp_ArrayList_51b.java	29
/home/swlab/Documents/swvul/java-vuln-detection/slicing/output/CPG/cwe789_cpg/cwe789-579-cpg-resolved.bin	tc579_flow2	CWE789_Uncontrolled_Mem_Alloc__connect_tcp_ArrayList_51a.java	126	CWE789_Uncontrolled_Mem_Alloc__connect_tcp_ArrayList_51b.java	38
/home/swlab/Documents/swvul/java-vuln-detection/slicing/output/CPG/cwe789_cpg/cwe789-580-cpg-resolved.bin	tc580_flow1	CWE789_Uncontrolled_Mem_Alloc__connect_tcp_ArrayList_52a.java	54	CWE789_Uncontrolled_Mem_Alloc__connect_tcp_ArrayList_52c.java	30
/home/swlab/Documents/swvul/java-vuln-detection/slicing/output/CPG/cwe789_cpg/cwe789-580-cpg-resolved.bin	tc580_flow2	CWE789_Uncontrolled_Mem_Alloc__connect_tcp_ArrayList_52a.java	127	CWE789_Uncontrolled_Mem_Alloc__connect_tcp_ArrayList_52c.java	39
/home/swlab/Documents/swvul/java-vuln-detection/slicing/output/CPG/cwe789_cpg/cwe789-581-cpg-resolved.bin	tc581_flow1	CWE789_Uncontrolled_Mem_Alloc__connect_tcp_ArrayList_53a.java	54	CWE789_Uncontrolled_Mem_Alloc__connect_tcp_ArrayList_53d.java	30
/home/swlab/Documents/swvul/java-vuln-detection/slicing/output/CPG/cwe789_cpg/cwe789-581-cpg-resolved.bin	tc581_flow2	CWE789_Uncontrolled_Mem_Alloc__connect_tcp_ArrayList_53a.java	127	CWE789_Uncontrolled_Mem_Alloc__connect_tcp_ArrayList_53d.java	39
/home/swlab/Documents/swvul/java-vuln-detection/slicing/output/CPG/cwe789_cpg/cwe789-582-cpg-resolved.bin	tc582_flow1	CWE789_Uncontrolled_Mem_Alloc__connect_tcp_ArrayList_54a.java	54	CWE789_Uncontrolled_Mem_Alloc__connect_tcp_ArrayList_54e.java	30
/home/swlab/Documents/swvul/java-vuln-detection/slicing/output/CPG/cwe789_cpg/cwe789-582-cpg-resolved.bin	tc582_flow2	CWE789_Uncontrolled_Mem_Alloc__connect_tcp_ArrayList_54a.java	127	CWE789_Uncontrolled_Mem_Alloc__connect_tcp_ArrayList_54e.java	39
/home/swlab/Documents/swvul/java-vuln-detection/slicing/output/CPG/cwe789_cpg/cwe789-583-cpg-resolved.bin	tc583_flow1	CWE789_Uncontrolled_Mem_Alloc__connect_tcp_ArrayList_61b.java	54	CWE789_Uncontrolled_Mem_Alloc__connect_tcp_ArrayList_61a.java	31
/home/swlab/Documents/swvul/java-vuln-detection/slicing/output/CPG/cwe789_cpg/cwe789-583-cpg-resolved.bin	tc583_flow2	CWE789_Uncontrolled_Mem_Alloc__connect_tcp_ArrayList_61b.java	122	CWE789_Uncontrolled_Mem_Alloc__connect_tcp_ArrayList_61a.java	46
/home/swlab/Documents/swvul/java-vuln-detection/slicing/output/CPG/cwe789_cpg/cwe789-584-cpg-resolved.bin	tc584_flow1	CWE789_Uncontrolled_Mem_Alloc__connect_tcp_ArrayList_66a.java	54	CWE789_Uncontrolled_Mem_Alloc__connect_tcp_ArrayList_66b.java	31
/home/swlab/Documents/swvul/java-vuln-detection/slicing/output/CPG/cwe789_cpg/cwe789-584-cpg-resolved.bin	tc584_flow2	CWE789_Uncontrolled_Mem_Alloc__connect_tcp_ArrayList_66a.java	129	CWE789_Uncontrolled_Mem_Alloc__connect_tcp_ArrayList_66b.java	41
/home/swlab/Documents/swvul/java-vuln-detection/slicing/output/CPG/cwe789_cpg/cwe789-585-cpg-resolved.bin	tc585_flow1	CWE789_Uncontrolled_Mem_Alloc__connect_tcp_ArrayList_67a.java	59	CWE789_Uncontrolled_Mem_Alloc__connect_tcp_ArrayList_67b.java	31
/home/swlab/Documents/swvul/java-vuln-detection/slicing/output/CPG/cwe789_cpg/cwe789-585-cpg-resolved.bin	tc585_flow2	CWE789_Uncontrolled_Mem_Alloc__connect_tcp_ArrayList_67a.java	134	CWE789_Uncontrolled_Mem_Alloc__connect_tcp_ArrayList_67b.java	41
/home/swlab/Documents/swvul/java-vuln-detection/slicing/output/CPG/cwe789_cpg/cwe789-586-cpg-resolved.bin	tc586_flow1	CWE789_Uncontrolled_Mem_Alloc__connect_tcp_ArrayList_68a.java	54	CWE789_Uncontrolled_Mem_Alloc__connect_tcp_ArrayList_68b.java	30
/home/swlab/Documents/swvul/java-vuln-detection/slicing/output/CPG/cwe789_cpg/cwe789-586-cpg-resolved.bin	tc586_flow2	CWE789_Uncontrolled_Mem_Alloc__connect_tcp_ArrayList_68a.java	126	CWE789_Uncontrolled_Mem_Alloc__connect_tcp_ArrayList_68b.java	40
/home/swlab/Documents/swvul/java-vuln-detection/slicing/output/CPG/cwe789_cpg/cwe789-587-cpg-resolved.bin	tc587_flow1	CWE789_Uncontrolled_Mem_Alloc__connect_tcp_ArrayList_71a.java	54	CWE789_Uncontrolled_Mem_Alloc__connect_tcp_ArrayList_71b.java	31
/home/swlab/Documents/swvul/java-vuln-detection/slicing/output/CPG/cwe789_cpg/cwe789-587-cpg-resolved.bin	tc587_flow2	CWE789_Uncontrolled_Mem_Alloc__connect_tcp_ArrayList_71a.java	127	CWE789_Uncontrolled_Mem_Alloc__connect_tcp_ArrayList_71b.java	41
/home/swlab/Documents/swvul/java-vuln-detection/slicing/output/CPG/cwe789_cpg/cwe789-588-cpg-resolved.bin	tc588_flow1	CWE789_Uncontrolled_Mem_Alloc__connect_tcp_ArrayList_72a.java	55	CWE789_Uncontrolled_Mem_Alloc__connect_tcp_ArrayList_72b.java	32
/home/swlab/Documents/swvul/java-vuln-detection/slicing/output/CPG/cwe789_cpg/cwe789-588-cpg-resolved.bin	tc588_flow2	CWE789_Uncontrolled_Mem_Alloc__connect_tcp_ArrayList_72a.java	132	CWE789_Uncontrolled_Mem_Alloc__connect_tcp_ArrayList_72b.java	42
/home/swlab/Documents/swvul/java-vuln-detection/slicing/output/CPG/cwe789_cpg/cwe789-589-cpg-resolved.bin	tc589_flow1	CWE789_Uncontrolled_Mem_Alloc__connect_tcp_ArrayList_73a.java	55	CWE789_Uncontrolled_Mem_Alloc__connect_tcp_ArrayList_73b.java	32
/home/swlab/Documents/swvul/java-vuln-detection/slicing/output/CPG/cwe789_cpg/cwe789-589-cpg-resolved.bin	tc589_flow2	CWE789_Uncontrolled_Mem_Alloc__connect_tcp_ArrayList_73a.java	132	CWE789_Uncontrolled_Mem_Alloc__connect_tcp_ArrayList_73b.java	42
/home/swlab/Documents/swvul/java-vuln-detection/slicing/output/CPG/cwe789_cpg/cwe789-590-cpg-resolved.bin	tc590_flow1	CWE789_Uncontrolled_Mem_Alloc__connect_tcp_ArrayList_74a.java	55	CWE789_Uncontrolled_Mem_Alloc__connect_tcp_ArrayList_74b.java	32
/home/swlab/Documents/swvul/java-vuln-detection/slicing/output/CPG/cwe789_cpg/cwe789-590-cpg-resolved.bin	tc590_flow2	CWE789_Uncontrolled_Mem_Alloc__connect_tcp_ArrayList_74a.java	132	CWE789_Uncontrolled_Mem_Alloc__connect_tcp_ArrayList_74b.java	42
/home/swlab/Documents/swvul/java-vuln-detection/slicing/output/CPG/cwe789_cpg/cwe789-591-cpg-resolved.bin	tc591_flow1	CWE789_Uncontrolled_Mem_Alloc__connect_tcp_ArrayList_75a.java	57	CWE789_Uncontrolled_Mem_Alloc__connect_tcp_ArrayList_75b.java	43
/home/swlab/Documents/swvul/java-vuln-detection/slicing/output/CPG/cwe789_cpg/cwe789-591-cpg-resolved.bin	tc591_flow2	CWE789_Uncontrolled_Mem_Alloc__connect_tcp_ArrayList_75a.java	172	CWE789_Uncontrolled_Mem_Alloc__connect_tcp_ArrayList_75b.java	97
/home/swlab/Documents/swvul/java-vuln-detection/slicing/output/CPG/cwe789_cpg/cwe789-592-cpg-resolved.bin	tc592_flow1	CWE789_Uncontrolled_Mem_Alloc__connect_tcp_ArrayList_81a.java	54	CWE789_Uncontrolled_Mem_Alloc__connect_tcp_ArrayList_81_bad.java	30
/home/swlab/Documents/swvul/java-vuln-detection/slicing/output/CPG/cwe789_cpg/cwe789-592-cpg-resolved.bin	tc592_flow2	CWE789_Uncontrolled_Mem_Alloc__connect_tcp_ArrayList_81a.java	128	CWE789_Uncontrolled_Mem_Alloc__connect_tcp_ArrayList_81_goodG2B.java	30
/home/swlab/Documents/swvul/java-vuln-detection/slicing/output/CPG/cwe789_cpg/cwe789-593-cpg-resolved.bin	tc593_flow1	CWE789_Uncontrolled_Mem_Alloc__connect_tcp_HashMap_01.java	56	CWE789_Uncontrolled_Mem_Alloc__connect_tcp_HashMap_01.java	116
/home/swlab/Documents/swvul/java-vuln-detection/slicing/output/CPG/cwe789_cpg/cwe789-593-cpg-resolved.bin	tc593_flow2	CWE789_Uncontrolled_Mem_Alloc__connect_tcp_HashMap_01.java	131	CWE789_Uncontrolled_Mem_Alloc__connect_tcp_HashMap_01.java	134
/home/swlab/Documents/swvul/java-vuln-detection/slicing/output/CPG/cwe789_cpg/cwe789-594-cpg-resolved.bin	tc594_flow1	CWE789_Uncontrolled_Mem_Alloc__connect_tcp_HashMap_02.java	52	CWE789_Uncontrolled_Mem_Alloc__connect_tcp_HashMap_02.java	119
/home/swlab/Documents/swvul/java-vuln-detection/slicing/output/CPG/cwe789_cpg/cwe789-594-cpg-resolved.bin	tc594_flow2	CWE789_Uncontrolled_Mem_Alloc__connect_tcp_HashMap_02.java	137	CWE789_Uncontrolled_Mem_Alloc__connect_tcp_HashMap_02.java	142
/home/swlab/Documents/swvul/java-vuln-detection/slicing/output/CPG/cwe789_cpg/cwe789-594-cpg-resolved.bin	tc594_flow3	CWE789_Uncontrolled_Mem_Alloc__connect_tcp_HashMap_02.java	153	CWE789_Uncontrolled_Mem_Alloc__connect_tcp_HashMap_02.java	163
/home/swlab/Documents/swvul/java-vuln-detection/slicing/output/CPG/cwe789_cpg/cwe789-595-cpg-resolved.bin	tc595_flow1	CWE789_Uncontrolled_Mem_Alloc__connect_tcp_HashMap_03.java	52	CWE789_Uncontrolled_Mem_Alloc__connect_tcp_HashMap_03.java	119
/home/swlab/Documents/swvul/java-vuln-detection/slicing/output/CPG/cwe789_cpg/cwe789-595-cpg-resolved.bin	tc595_flow2	CWE789_Uncontrolled_Mem_Alloc__connect_tcp_HashMap_03.java	137	CWE789_Uncontrolled_Mem_Alloc__connect_tcp_HashMap_03.java	142
/home/swlab/Documents/swvul/java-vuln-detection/slicing/output/CPG/cwe789_cpg/cwe789-595-cpg-resolved.bin	tc595_flow3	CWE789_Uncontrolled_Mem_Alloc__connect_tcp_HashMap_03.java	153	CWE789_Uncontrolled_Mem_Alloc__connect_tcp_HashMap_03.java	163
/home/swlab/Documents/swvul/java-vuln-detection/slicing/output/CPG/cwe789_cpg/cwe789-596-cpg-resolved.bin	tc596_flow1	CWE789_Uncontrolled_Mem_Alloc__connect_tcp_HashMap_04.java	59	CWE789_Uncontrolled_Mem_Alloc__connect_tcp_HashMap_04.java	126
/home/swlab/Documents/swvul/java-vuln-detection/slicing/output/CPG/cwe789_cpg/cwe789-596-cpg-resolved.bin	tc596_flow2	CWE789_Uncontrolled_Mem_Alloc__connect_tcp_HashMap_04.java	144	CWE789_Uncontrolled_Mem_Alloc__connect_tcp_HashMap_04.java	149
/home/swlab/Documents/swvul/java-vuln-detection/slicing/output/CPG/cwe789_cpg/cwe789-596-cpg-resolved.bin	tc596_flow3	CWE789_Uncontrolled_Mem_Alloc__connect_tcp_HashMap_04.java	160	CWE789_Uncontrolled_Mem_Alloc__connect_tcp_HashMap_04.java	170
/home/swlab/Documents/swvul/java-vuln-detection/slicing/output/CPG/cwe789_cpg/cwe789-597-cpg-resolved.bin	tc597_flow1	CWE789_Uncontrolled_Mem_Alloc__connect_tcp_HashMap_05.java	59	CWE789_Uncontrolled_Mem_Alloc__connect_tcp_HashMap_05.java	126
/home/swlab/Documents/swvul/java-vuln-detection/slicing/output/CPG/cwe789_cpg/cwe789-597-cpg-resolved.bin	tc597_flow2	CWE789_Uncontrolled_Mem_Alloc__connect_tcp_HashMap_05.java	144	CWE789_Uncontrolled_Mem_Alloc__connect_tcp_HashMap_05.java	149
/home/swlab/Documents/swvul/java-vuln-detection/slicing/output/CPG/cwe789_cpg/cwe789-597-cpg-resolved.bin	tc597_flow3	CWE789_Uncontrolled_Mem_Alloc__connect_tcp_HashMap_05.java	160	CWE789_Uncontrolled_Mem_Alloc__connect_tcp_HashMap_05.java	170
/home/swlab/Documents/swvul/java-vuln-detection/slicing/output/CPG/cwe789_cpg/cwe789-598-cpg-resolved.bin	tc598_flow1	CWE789_Uncontrolled_Mem_Alloc__connect_tcp_HashMap_06.java	58	CWE789_Uncontrolled_Mem_Alloc__connect_tcp_HashMap_06.java	125
/home/swlab/Documents/swvul/java-vuln-detection/slicing/output/CPG/cwe789_cpg/cwe789-598-cpg-resolved.bin	tc598_flow2	CWE789_Uncontrolled_Mem_Alloc__connect_tcp_HashMap_06.java	143	CWE789_Uncontrolled_Mem_Alloc__connect_tcp_HashMap_06.java	148
/home/swlab/Documents/swvul/java-vuln-detection/slicing/output/CPG/cwe789_cpg/cwe789-598-cpg-resolved.bin	tc598_flow3	CWE789_Uncontrolled_Mem_Alloc__connect_tcp_HashMap_06.java	159	CWE789_Uncontrolled_Mem_Alloc__connect_tcp_HashMap_06.java	169
/home/swlab/Documents/swvul/java-vuln-detection/slicing/output/CPG/cwe789_cpg/cwe789-599-cpg-resolved.bin	tc599_flow1	CWE789_Uncontrolled_Mem_Alloc__connect_tcp_HashMap_07.java	58	CWE789_Uncontrolled_Mem_Alloc__connect_tcp_HashMap_07.java	125
/home/swlab/Documents/swvul/java-vuln-detection/slicing/output/CPG/cwe789_cpg/cwe789-599-cpg-resolved.bin	tc599_flow2	CWE789_Uncontrolled_Mem_Alloc__connect_tcp_HashMap_07.java	143	CWE789_Uncontrolled_Mem_Alloc__connect_tcp_HashMap_07.java	148
/home/swlab/Documents/swvul/java-vuln-detection/slicing/output/CPG/cwe789_cpg/cwe789-599-cpg-resolved.bin	tc599_flow3	CWE789_Uncontrolled_Mem_Alloc__connect_tcp_HashMap_07.java	159	CWE789_Uncontrolled_Mem_Alloc__connect_tcp_HashMap_07.java	169
/home/swlab/Documents/swvul/java-vuln-detection/slicing/output/CPG/cwe789_cpg/cwe789-600-cpg-resolved.bin	tc600_flow1	CWE789_Uncontrolled_Mem_Alloc__connect_tcp_HashMap_08.java	66	CWE789_Uncontrolled_Mem_Alloc__connect_tcp_HashMap_08.java	133
/home/swlab/Documents/swvul/java-vuln-detection/slicing/output/CPG/cwe789_cpg/cwe789-600-cpg-resolved.bin	tc600_flow2	CWE789_Uncontrolled_Mem_Alloc__connect_tcp_HashMap_08.java	151	CWE789_Uncontrolled_Mem_Alloc__connect_tcp_HashMap_08.java	156
/home/swlab/Documents/swvul/java-vuln-detection/slicing/output/CPG/cwe789_cpg/cwe789-600-cpg-resolved.bin	tc600_flow3	CWE789_Uncontrolled_Mem_Alloc__connect_tcp_HashMap_08.java	167	CWE789_Uncontrolled_Mem_Alloc__connect_tcp_HashMap_08.java	177
/home/swlab/Documents/swvul/java-vuln-detection/slicing/output/CPG/cwe789_cpg/cwe789-601-cpg-resolved.bin	tc601_flow1	CWE789_Uncontrolled_Mem_Alloc__connect_tcp_HashMap_09.java	52	CWE789_Uncontrolled_Mem_Alloc__connect_tcp_HashMap_09.java	119
/home/swlab/Documents/swvul/java-vuln-detection/slicing/output/CPG/cwe789_cpg/cwe789-601-cpg-resolved.bin	tc601_flow2	CWE789_Uncontrolled_Mem_Alloc__connect_tcp_HashMap_09.java	137	CWE789_Uncontrolled_Mem_Alloc__connect_tcp_HashMap_09.java	142
/home/swlab/Documents/swvul/java-vuln-detection/slicing/output/CPG/cwe789_cpg/cwe789-601-cpg-resolved.bin	tc601_flow3	CWE789_Uncontrolled_Mem_Alloc__connect_tcp_HashMap_09.java	153	CWE789_Uncontrolled_Mem_Alloc__connect_tcp_HashMap_09.java	163
/home/swlab/Documents/swvul/java-vuln-detection/slicing/output/CPG/cwe789_cpg/cwe789-602-cpg-resolved.bin	tc602_flow1	CWE789_Uncontrolled_Mem_Alloc__connect_tcp_HashMap_10.java	52	CWE789_Uncontrolled_Mem_Alloc__connect_tcp_HashMap_10.java	119
/home/swlab/Documents/swvul/java-vuln-detection/slicing/output/CPG/cwe789_cpg/cwe789-602-cpg-resolved.bin	tc602_flow2	CWE789_Uncontrolled_Mem_Alloc__connect_tcp_HashMap_10.java	137	CWE789_Uncontrolled_Mem_Alloc__connect_tcp_HashMap_10.java	142
/home/swlab/Documents/swvul/java-vuln-detection/slicing/output/CPG/cwe789_cpg/cwe789-602-cpg-resolved.bin	tc602_flow3	CWE789_Uncontrolled_Mem_Alloc__connect_tcp_HashMap_10.java	153	CWE789_Uncontrolled_Mem_Alloc__connect_tcp_HashMap_10.java	163
/home/swlab/Documents/swvul/java-vuln-detection/slicing/output/CPG/cwe789_cpg/cwe789-603-cpg-resolved.bin	tc603_flow1	CWE789_Uncontrolled_Mem_Alloc__connect_tcp_HashMap_11.java	52	CWE789_Uncontrolled_Mem_Alloc__connect_tcp_HashMap_11.java	119
/home/swlab/Documents/swvul/java-vuln-detection/slicing/output/CPG/cwe789_cpg/cwe789-603-cpg-resolved.bin	tc603_flow2	CWE789_Uncontrolled_Mem_Alloc__connect_tcp_HashMap_11.java	137	CWE789_Uncontrolled_Mem_Alloc__connect_tcp_HashMap_11.java	142
/home/swlab/Documents/swvul/java-vuln-detection/slicing/output/CPG/cwe789_cpg/cwe789-603-cpg-resolved.bin	tc603_flow3	CWE789_Uncontrolled_Mem_Alloc__connect_tcp_HashMap_11.java	153	CWE789_Uncontrolled_Mem_Alloc__connect_tcp_HashMap_11.java	163
/home/swlab/Documents/swvul/java-vuln-detection/slicing/output/CPG/cwe789_cpg/cwe789-604-cpg-resolved.bin	tc604_flow1	CWE789_Uncontrolled_Mem_Alloc__connect_tcp_HashMap_12.java	52	CWE789_Uncontrolled_Mem_Alloc__connect_tcp_HashMap_12.java	120
/home/swlab/Documents/swvul/java-vuln-detection/slicing/output/CPG/cwe789_cpg/cwe789-604-cpg-resolved.bin	tc604_flow2	CWE789_Uncontrolled_Mem_Alloc__connect_tcp_HashMap_12.java	132	CWE789_Uncontrolled_Mem_Alloc__connect_tcp_HashMap_12.java	143
/home/swlab/Documents/swvul/java-vuln-detection/slicing/output/CPG/cwe789_cpg/cwe789-605-cpg-resolved.bin	tc605_flow1	CWE789_Uncontrolled_Mem_Alloc__connect_tcp_HashMap_13.java	52	CWE789_Uncontrolled_Mem_Alloc__connect_tcp_HashMap_13.java	119
/home/swlab/Documents/swvul/java-vuln-detection/slicing/output/CPG/cwe789_cpg/cwe789-605-cpg-resolved.bin	tc605_flow2	CWE789_Uncontrolled_Mem_Alloc__connect_tcp_HashMap_13.java	137	CWE789_Uncontrolled_Mem_Alloc__connect_tcp_HashMap_13.java	142
/home/swlab/Documents/swvul/java-vuln-detection/slicing/output/CPG/cwe789_cpg/cwe789-605-cpg-resolved.bin	tc605_flow3	CWE789_Uncontrolled_Mem_Alloc__connect_tcp_HashMap_13.java	153	CWE789_Uncontrolled_Mem_Alloc__connect_tcp_HashMap_13.java	163
/home/swlab/Documents/swvul/java-vuln-detection/slicing/output/CPG/cwe789_cpg/cwe789-606-cpg-resolved.bin	tc606_flow1	CWE789_Uncontrolled_Mem_Alloc__connect_tcp_HashMap_14.java	52	CWE789_Uncontrolled_Mem_Alloc__connect_tcp_HashMap_14.java	119
/home/swlab/Documents/swvul/java-vuln-detection/slicing/output/CPG/cwe789_cpg/cwe789-606-cpg-resolved.bin	tc606_flow2	CWE789_Uncontrolled_Mem_Alloc__connect_tcp_HashMap_14.java	137	CWE789_Uncontrolled_Mem_Alloc__connect_tcp_HashMap_14.java	142
/home/swlab/Documents/swvul/java-vuln-detection/slicing/output/CPG/cwe789_cpg/cwe789-606-cpg-resolved.bin	tc606_flow3	CWE789_Uncontrolled_Mem_Alloc__connect_tcp_HashMap_14.java	153	CWE789_Uncontrolled_Mem_Alloc__connect_tcp_HashMap_14.java	163
/home/swlab/Documents/swvul/java-vuln-detection/slicing/output/CPG/cwe789_cpg/cwe789-607-cpg-resolved.bin	tc607_flow1	CWE789_Uncontrolled_Mem_Alloc__connect_tcp_HashMap_15.java	54	CWE789_Uncontrolled_Mem_Alloc__connect_tcp_HashMap_15.java	121
/home/swlab/Documents/swvul/java-vuln-detection/slicing/output/CPG/cwe789_cpg/cwe789-607-cpg-resolved.bin	tc607_flow2	CWE789_Uncontrolled_Mem_Alloc__connect_tcp_HashMap_15.java	139	CWE789_Uncontrolled_Mem_Alloc__connect_tcp_HashMap_15.java	144
/home/swlab/Documents/swvul/java-vuln-detection/slicing/output/CPG/cwe789_cpg/cwe789-607-cpg-resolved.bin	tc607_flow3	CWE789_Uncontrolled_Mem_Alloc__connect_tcp_HashMap_15.java	157	CWE789_Uncontrolled_Mem_Alloc__connect_tcp_HashMap_15.java	167
/home/swlab/Documents/swvul/java-vuln-detection/slicing/output/CPG/cwe789_cpg/cwe789-608-cpg-resolved.bin	tc608_flow1	CWE789_Uncontrolled_Mem_Alloc__connect_tcp_HashMap_16.java	53	CWE789_Uncontrolled_Mem_Alloc__connect_tcp_HashMap_16.java	115
/home/swlab/Documents/swvul/java-vuln-detection/slicing/output/CPG/cwe789_cpg/cwe789-608-cpg-resolved.bin	tc608_flow2	CWE789_Uncontrolled_Mem_Alloc__connect_tcp_HashMap_16.java	127	CWE789_Uncontrolled_Mem_Alloc__connect_tcp_HashMap_16.java	132
/home/swlab/Documents/swvul/java-vuln-detection/slicing/output/CPG/cwe789_cpg/cwe789-609-cpg-resolved.bin	tc609_flow1	CWE789_Uncontrolled_Mem_Alloc__connect_tcp_HashMap_17.java	56	CWE789_Uncontrolled_Mem_Alloc__connect_tcp_HashMap_17.java	118
/home/swlab/Documents/swvul/java-vuln-detection/slicing/output/CPG/cwe789_cpg/cwe789-609-cpg-resolved.bin	tc609_flow2	CWE789_Uncontrolled_Mem_Alloc__connect_tcp_HashMap_17.java	129	CWE789_Uncontrolled_Mem_Alloc__connect_tcp_HashMap_17.java	134
/home/swlab/Documents/swvul/java-vuln-detection/slicing/output/CPG/cwe789_cpg/cwe789-610-cpg-resolved.bin	tc610_flow1	CWE789_Uncontrolled_Mem_Alloc__connect_tcp_HashMap_21.java	68	CWE789_Uncontrolled_Mem_Alloc__connect_tcp_HashMap_21.java	44
/home/swlab/Documents/swvul/java-vuln-detection/slicing/output/CPG/cwe789_cpg/cwe789-610-cpg-resolved.bin	tc610_flow2	CWE789_Uncontrolled_Mem_Alloc__connect_tcp_HashMap_21.java	174	CWE789_Uncontrolled_Mem_Alloc__connect_tcp_HashMap_21.java	156
/home/swlab/Documents/swvul/java-vuln-detection/slicing/output/CPG/cwe789_cpg/cwe789-610-cpg-resolved.bin	tc610_flow3	CWE789_Uncontrolled_Mem_Alloc__connect_tcp_HashMap_21.java	201	CWE789_Uncontrolled_Mem_Alloc__connect_tcp_HashMap_21.java	190
/home/swlab/Documents/swvul/java-vuln-detection/slicing/output/CPG/cwe789_cpg/cwe789-611-cpg-resolved.bin	tc611_flow1	CWE789_Uncontrolled_Mem_Alloc__connect_tcp_HashMap_22b.java	51	CWE789_Uncontrolled_Mem_Alloc__connect_tcp_HashMap_22a.java	38
/home/swlab/Documents/swvul/java-vuln-detection/slicing/output/CPG/cwe789_cpg/cwe789-611-cpg-resolved.bin	tc611_flow2	CWE789_Uncontrolled_Mem_Alloc__connect_tcp_HashMap_22b.java	134	CWE789_Uncontrolled_Mem_Alloc__connect_tcp_HashMap_22a.java	62
/home/swlab/Documents/swvul/java-vuln-detection/slicing/output/CPG/cwe789_cpg/cwe789-611-cpg-resolved.bin	tc611_flow3	CWE789_Uncontrolled_Mem_Alloc__connect_tcp_HashMap_22b.java	149	CWE789_Uncontrolled_Mem_Alloc__connect_tcp_HashMap_22a.java	75
/home/swlab/Documents/swvul/java-vuln-detection/slicing/output/CPG/cwe789_cpg/cwe789-612-cpg-resolved.bin	tc612_flow1	CWE789_Uncontrolled_Mem_Alloc__connect_tcp_HashMap_31.java	59	CWE789_Uncontrolled_Mem_Alloc__connect_tcp_HashMap_31.java	124
/home/swlab/Documents/swvul/java-vuln-detection/slicing/output/CPG/cwe789_cpg/cwe789-612-cpg-resolved.bin	tc612_flow2	CWE789_Uncontrolled_Mem_Alloc__connect_tcp_HashMap_31.java	142	CWE789_Uncontrolled_Mem_Alloc__connect_tcp_HashMap_31.java	150
/home/swlab/Documents/swvul/java-vuln-detection/slicing/output/CPG/cwe789_cpg/cwe789-613-cpg-resolved.bin	tc613_flow1	CWE789_Uncontrolled_Mem_Alloc__connect_tcp_HashMap_41.java	63	CWE789_Uncontrolled_Mem_Alloc__connect_tcp_HashMap_41.java	36
/home/swlab/Documents/swvul/java-vuln-detection/slicing/output/CPG/cwe789_cpg/cwe789-613-cpg-resolved.bin	tc613_flow2	CWE789_Uncontrolled_Mem_Alloc__connect_tcp_HashMap_41.java	144	CWE789_Uncontrolled_Mem_Alloc__connect_tcp_HashMap_41.java	134
/home/swlab/Documents/swvul/java-vuln-detection/slicing/output/CPG/cwe789_cpg/cwe789-614-cpg-resolved.bin	tc614_flow1	CWE789_Uncontrolled_Mem_Alloc__connect_tcp_HashMap_42.java	55	CWE789_Uncontrolled_Mem_Alloc__connect_tcp_HashMap_42.java	123
/home/swlab/Documents/swvul/java-vuln-detection/slicing/output/CPG/cwe789_cpg/cwe789-614-cpg-resolved.bin	tc614_flow2	CWE789_Uncontrolled_Mem_Alloc__connect_tcp_HashMap_42.java	132	CWE789_Uncontrolled_Mem_Alloc__connect_tcp_HashMap_42.java	143
/home/swlab/Documents/swvul/java-vuln-detection/slicing/output/CPG/cwe789_cpg/cwe789-615-cpg-resolved.bin	tc615_flow1	CWE789_Uncontrolled_Mem_Alloc__connect_tcp_HashMap_45.java	69	CWE789_Uncontrolled_Mem_Alloc__connect_tcp_HashMap_45.java	41
/home/swlab/Documents/swvul/java-vuln-detection/slicing/output/CPG/cwe789_cpg/cwe789-615-cpg-resolved.bin	tc615_flow2	CWE789_Uncontrolled_Mem_Alloc__connect_tcp_HashMap_45.java	152	CWE789_Uncontrolled_Mem_Alloc__connect_tcp_HashMap_45.java	142
/home/swlab/Documents/swvul/java-vuln-detection/slicing/output/CPG/cwe789_cpg/cwe789-616-cpg-resolved.bin	tc616_flow1	CWE789_Uncontrolled_Mem_Alloc__connect_tcp_HashMap_51a.java	53	CWE789_Uncontrolled_Mem_Alloc__connect_tcp_HashMap_51b.java	29
/home/swlab/Documents/swvul/java-vuln-detection/slicing/output/CPG/cwe789_cpg/cwe789-616-cpg-resolved.bin	tc616_flow2	CWE789_Uncontrolled_Mem_Alloc__connect_tcp_HashMap_51a.java	126	CWE789_Uncontrolled_Mem_Alloc__connect_tcp_HashMap_51b.java	38
/home/swlab/Documents/swvul/java-vuln-detection/slicing/output/CPG/cwe789_cpg/cwe789-617-cpg-resolved.bin	tc617_flow1	CWE789_Uncontrolled_Mem_Alloc__connect_tcp_HashMap_52a.java	54	CWE789_Uncontrolled_Mem_Alloc__connect_tcp_HashMap_52c.java	30
/home/swlab/Documents/swvul/java-vuln-detection/slicing/output/CPG/cwe789_cpg/cwe789-617-cpg-resolved.bin	tc617_flow2	CWE789_Uncontrolled_Mem_Alloc__connect_tcp_HashMap_52a.java	127	CWE789_Uncontrolled_Mem_Alloc__connect_tcp_HashMap_52c.java	39
/home/swlab/Documents/swvul/java-vuln-detection/slicing/output/CPG/cwe789_cpg/cwe789-618-cpg-resolved.bin	tc618_flow1	CWE789_Uncontrolled_Mem_Alloc__connect_tcp_HashMap_53a.java	54	CWE789_Uncontrolled_Mem_Alloc__connect_tcp_HashMap_53d.java	30
/home/swlab/Documents/swvul/java-vuln-detection/slicing/output/CPG/cwe789_cpg/cwe789-618-cpg-resolved.bin	tc618_flow2	CWE789_Uncontrolled_Mem_Alloc__connect_tcp_HashMap_53a.java	127	CWE789_Uncontrolled_Mem_Alloc__connect_tcp_HashMap_53d.java	39
/home/swlab/Documents/swvul/java-vuln-detection/slicing/output/CPG/cwe789_cpg/cwe789-619-cpg-resolved.bin	tc619_flow1	CWE789_Uncontrolled_Mem_Alloc__connect_tcp_HashMap_54a.java	54	CWE789_Uncontrolled_Mem_Alloc__connect_tcp_HashMap_54e.java	30
/home/swlab/Documents/swvul/java-vuln-detection/slicing/output/CPG/cwe789_cpg/cwe789-619-cpg-resolved.bin	tc619_flow2	CWE789_Uncontrolled_Mem_Alloc__connect_tcp_HashMap_54a.java	127	CWE789_Uncontrolled_Mem_Alloc__connect_tcp_HashMap_54e.java	39
/home/swlab/Documents/swvul/java-vuln-detection/slicing/output/CPG/cwe789_cpg/cwe789-620-cpg-resolved.bin	tc620_flow1	CWE789_Uncontrolled_Mem_Alloc__connect_tcp_HashMap_61b.java	54	CWE789_Uncontrolled_Mem_Alloc__connect_tcp_HashMap_61a.java	31
/home/swlab/Documents/swvul/java-vuln-detection/slicing/output/CPG/cwe789_cpg/cwe789-620-cpg-resolved.bin	tc620_flow2	CWE789_Uncontrolled_Mem_Alloc__connect_tcp_HashMap_61b.java	122	CWE789_Uncontrolled_Mem_Alloc__connect_tcp_HashMap_61a.java	46
/home/swlab/Documents/swvul/java-vuln-detection/slicing/output/CPG/cwe789_cpg/cwe789-621-cpg-resolved.bin	tc621_flow1	CWE789_Uncontrolled_Mem_Alloc__connect_tcp_HashMap_66a.java	54	CWE789_Uncontrolled_Mem_Alloc__connect_tcp_HashMap_66b.java	31
/home/swlab/Documents/swvul/java-vuln-detection/slicing/output/CPG/cwe789_cpg/cwe789-621-cpg-resolved.bin	tc621_flow2	CWE789_Uncontrolled_Mem_Alloc__connect_tcp_HashMap_66a.java	129	CWE789_Uncontrolled_Mem_Alloc__connect_tcp_HashMap_66b.java	41
/home/swlab/Documents/swvul/java-vuln-detection/slicing/output/CPG/cwe789_cpg/cwe789-622-cpg-resolved.bin	tc622_flow1	CWE789_Uncontrolled_Mem_Alloc__connect_tcp_HashMap_67a.java	59	CWE789_Uncontrolled_Mem_Alloc__connect_tcp_HashMap_67b.java	31
/home/swlab/Documents/swvul/java-vuln-detection/slicing/output/CPG/cwe789_cpg/cwe789-622-cpg-resolved.bin	tc622_flow2	CWE789_Uncontrolled_Mem_Alloc__connect_tcp_HashMap_67a.java	134	CWE789_Uncontrolled_Mem_Alloc__connect_tcp_HashMap_67b.java	41
/home/swlab/Documents/swvul/java-vuln-detection/slicing/output/CPG/cwe789_cpg/cwe789-623-cpg-resolved.bin	tc623_flow1	CWE789_Uncontrolled_Mem_Alloc__connect_tcp_HashMap_68a.java	54	CWE789_Uncontrolled_Mem_Alloc__connect_tcp_HashMap_68b.java	30
/home/swlab/Documents/swvul/java-vuln-detection/slicing/output/CPG/cwe789_cpg/cwe789-623-cpg-resolved.bin	tc623_flow2	CWE789_Uncontrolled_Mem_Alloc__connect_tcp_HashMap_68a.java	126	CWE789_Uncontrolled_Mem_Alloc__connect_tcp_HashMap_68b.java	40
/home/swlab/Documents/swvul/java-vuln-detection/slicing/output/CPG/cwe789_cpg/cwe789-624-cpg-resolved.bin	tc624_flow1	CWE789_Uncontrolled_Mem_Alloc__connect_tcp_HashMap_71a.java	54	CWE789_Uncontrolled_Mem_Alloc__connect_tcp_HashMap_71b.java	31
/home/swlab/Documents/swvul/java-vuln-detection/slicing/output/CPG/cwe789_cpg/cwe789-624-cpg-resolved.bin	tc624_flow2	CWE789_Uncontrolled_Mem_Alloc__connect_tcp_HashMap_71a.java	127	CWE789_Uncontrolled_Mem_Alloc__connect_tcp_HashMap_71b.java	41
/home/swlab/Documents/swvul/java-vuln-detection/slicing/output/CPG/cwe789_cpg/cwe789-625-cpg-resolved.bin	tc625_flow1	CWE789_Uncontrolled_Mem_Alloc__connect_tcp_HashMap_72a.java	55	CWE789_Uncontrolled_Mem_Alloc__connect_tcp_HashMap_72b.java	32
/home/swlab/Documents/swvul/java-vuln-detection/slicing/output/CPG/cwe789_cpg/cwe789-625-cpg-resolved.bin	tc625_flow2	CWE789_Uncontrolled_Mem_Alloc__connect_tcp_HashMap_72a.java	132	CWE789_Uncontrolled_Mem_Alloc__connect_tcp_HashMap_72b.java	42
/home/swlab/Documents/swvul/java-vuln-detection/slicing/output/CPG/cwe789_cpg/cwe789-626-cpg-resolved.bin	tc626_flow1	CWE789_Uncontrolled_Mem_Alloc__connect_tcp_HashMap_73a.java	55	CWE789_Uncontrolled_Mem_Alloc__connect_tcp_HashMap_73b.java	32
/home/swlab/Documents/swvul/java-vuln-detection/slicing/output/CPG/cwe789_cpg/cwe789-626-cpg-resolved.bin	tc626_flow2	CWE789_Uncontrolled_Mem_Alloc__connect_tcp_HashMap_73a.java	132	CWE789_Uncontrolled_Mem_Alloc__connect_tcp_HashMap_73b.java	42
/home/swlab/Documents/swvul/java-vuln-detection/slicing/output/CPG/cwe789_cpg/cwe789-627-cpg-resolved.bin	tc627_flow1	CWE789_Uncontrolled_Mem_Alloc__connect_tcp_HashMap_74a.java	55	CWE789_Uncontrolled_Mem_Alloc__connect_tcp_HashMap_74b.java	31
/home/swlab/Documents/swvul/java-vuln-detection/slicing/output/CPG/cwe789_cpg/cwe789-627-cpg-resolved.bin	tc627_flow2	CWE789_Uncontrolled_Mem_Alloc__connect_tcp_HashMap_74a.java	132	CWE789_Uncontrolled_Mem_Alloc__connect_tcp_HashMap_74b.java	41
/home/swlab/Documents/swvul/java-vuln-detection/slicing/output/CPG/cwe789_cpg/cwe789-628-cpg-resolved.bin	tc628_flow1	CWE789_Uncontrolled_Mem_Alloc__connect_tcp_HashMap_75a.java	57	CWE789_Uncontrolled_Mem_Alloc__connect_tcp_HashMap_75b.java	43
/home/swlab/Documents/swvul/java-vuln-detection/slicing/output/CPG/cwe789_cpg/cwe789-628-cpg-resolved.bin	tc628_flow2	CWE789_Uncontrolled_Mem_Alloc__connect_tcp_HashMap_75a.java	172	CWE789_Uncontrolled_Mem_Alloc__connect_tcp_HashMap_75b.java	97
/home/swlab/Documents/swvul/java-vuln-detection/slicing/output/CPG/cwe789_cpg/cwe789-629-cpg-resolved.bin	tc629_flow1	CWE789_Uncontrolled_Mem_Alloc__connect_tcp_HashMap_81a.java	54	CWE789_Uncontrolled_Mem_Alloc__connect_tcp_HashMap_81_bad.java	30
/home/swlab/Documents/swvul/java-vuln-detection/slicing/output/CPG/cwe789_cpg/cwe789-629-cpg-resolved.bin	tc629_flow2	CWE789_Uncontrolled_Mem_Alloc__connect_tcp_HashMap_81a.java	128	CWE789_Uncontrolled_Mem_Alloc__connect_tcp_HashMap_81_goodG2B.java	30
/home/swlab/Documents/swvul/java-vuln-detection/slicing/output/CPG/cwe789_cpg/cwe789-630-cpg-resolved.bin	tc630_flow1	CWE789_Uncontrolled_Mem_Alloc__connect_tcp_HashSet_01.java	56	CWE789_Uncontrolled_Mem_Alloc__connect_tcp_HashSet_01.java	116
/home/swlab/Documents/swvul/java-vuln-detection/slicing/output/CPG/cwe789_cpg/cwe789-630-cpg-resolved.bin	tc630_flow2	CWE789_Uncontrolled_Mem_Alloc__connect_tcp_HashSet_01.java	131	CWE789_Uncontrolled_Mem_Alloc__connect_tcp_HashSet_01.java	134
/home/swlab/Documents/swvul/java-vuln-detection/slicing/output/CPG/cwe789_cpg/cwe789-631-cpg-resolved.bin	tc631_flow1	CWE789_Uncontrolled_Mem_Alloc__connect_tcp_HashSet_02.java	52	CWE789_Uncontrolled_Mem_Alloc__connect_tcp_HashSet_02.java	119
/home/swlab/Documents/swvul/java-vuln-detection/slicing/output/CPG/cwe789_cpg/cwe789-631-cpg-resolved.bin	tc631_flow2	CWE789_Uncontrolled_Mem_Alloc__connect_tcp_HashSet_02.java	137	CWE789_Uncontrolled_Mem_Alloc__connect_tcp_HashSet_02.java	142
/home/swlab/Documents/swvul/java-vuln-detection/slicing/output/CPG/cwe789_cpg/cwe789-631-cpg-resolved.bin	tc631_flow3	CWE789_Uncontrolled_Mem_Alloc__connect_tcp_HashSet_02.java	153	CWE789_Uncontrolled_Mem_Alloc__connect_tcp_HashSet_02.java	163
/home/swlab/Documents/swvul/java-vuln-detection/slicing/output/CPG/cwe789_cpg/cwe789-632-cpg-resolved.bin	tc632_flow1	CWE789_Uncontrolled_Mem_Alloc__connect_tcp_HashSet_03.java	52	CWE789_Uncontrolled_Mem_Alloc__connect_tcp_HashSet_03.java	119
/home/swlab/Documents/swvul/java-vuln-detection/slicing/output/CPG/cwe789_cpg/cwe789-632-cpg-resolved.bin	tc632_flow2	CWE789_Uncontrolled_Mem_Alloc__connect_tcp_HashSet_03.java	137	CWE789_Uncontrolled_Mem_Alloc__connect_tcp_HashSet_03.java	142
/home/swlab/Documents/swvul/java-vuln-detection/slicing/output/CPG/cwe789_cpg/cwe789-632-cpg-resolved.bin	tc632_flow3	CWE789_Uncontrolled_Mem_Alloc__connect_tcp_HashSet_03.java	153	CWE789_Uncontrolled_Mem_Alloc__connect_tcp_HashSet_03.java	163
/home/swlab/Documents/swvul/java-vuln-detection/slicing/output/CPG/cwe789_cpg/cwe789-633-cpg-resolved.bin	tc633_flow1	CWE789_Uncontrolled_Mem_Alloc__connect_tcp_HashSet_04.java	59	CWE789_Uncontrolled_Mem_Alloc__connect_tcp_HashSet_04.java	126
/home/swlab/Documents/swvul/java-vuln-detection/slicing/output/CPG/cwe789_cpg/cwe789-633-cpg-resolved.bin	tc633_flow2	CWE789_Uncontrolled_Mem_Alloc__connect_tcp_HashSet_04.java	144	CWE789_Uncontrolled_Mem_Alloc__connect_tcp_HashSet_04.java	149
/home/swlab/Documents/swvul/java-vuln-detection/slicing/output/CPG/cwe789_cpg/cwe789-633-cpg-resolved.bin	tc633_flow3	CWE789_Uncontrolled_Mem_Alloc__connect_tcp_HashSet_04.java	160	CWE789_Uncontrolled_Mem_Alloc__connect_tcp_HashSet_04.java	170
/home/swlab/Documents/swvul/java-vuln-detection/slicing/output/CPG/cwe789_cpg/cwe789-634-cpg-resolved.bin	tc634_flow1	CWE789_Uncontrolled_Mem_Alloc__connect_tcp_HashSet_05.java	59	CWE789_Uncontrolled_Mem_Alloc__connect_tcp_HashSet_05.java	126
/home/swlab/Documents/swvul/java-vuln-detection/slicing/output/CPG/cwe789_cpg/cwe789-634-cpg-resolved.bin	tc634_flow2	CWE789_Uncontrolled_Mem_Alloc__connect_tcp_HashSet_05.java	144	CWE789_Uncontrolled_Mem_Alloc__connect_tcp_HashSet_05.java	149
/home/swlab/Documents/swvul/java-vuln-detection/slicing/output/CPG/cwe789_cpg/cwe789-634-cpg-resolved.bin	tc634_flow3	CWE789_Uncontrolled_Mem_Alloc__connect_tcp_HashSet_05.java	160	CWE789_Uncontrolled_Mem_Alloc__connect_tcp_HashSet_05.java	170
/home/swlab/Documents/swvul/java-vuln-detection/slicing/output/CPG/cwe789_cpg/cwe789-635-cpg-resolved.bin	tc635_flow1	CWE789_Uncontrolled_Mem_Alloc__connect_tcp_HashSet_06.java	58	CWE789_Uncontrolled_Mem_Alloc__connect_tcp_HashSet_06.java	125
/home/swlab/Documents/swvul/java-vuln-detection/slicing/output/CPG/cwe789_cpg/cwe789-635-cpg-resolved.bin	tc635_flow2	CWE789_Uncontrolled_Mem_Alloc__connect_tcp_HashSet_06.java	143	CWE789_Uncontrolled_Mem_Alloc__connect_tcp_HashSet_06.java	148
/home/swlab/Documents/swvul/java-vuln-detection/slicing/output/CPG/cwe789_cpg/cwe789-635-cpg-resolved.bin	tc635_flow3	CWE789_Uncontrolled_Mem_Alloc__connect_tcp_HashSet_06.java	159	CWE789_Uncontrolled_Mem_Alloc__connect_tcp_HashSet_06.java	169
/home/swlab/Documents/swvul/java-vuln-detection/slicing/output/CPG/cwe789_cpg/cwe789-636-cpg-resolved.bin	tc636_flow1	CWE789_Uncontrolled_Mem_Alloc__connect_tcp_HashSet_07.java	58	CWE789_Uncontrolled_Mem_Alloc__connect_tcp_HashSet_07.java	125
/home/swlab/Documents/swvul/java-vuln-detection/slicing/output/CPG/cwe789_cpg/cwe789-636-cpg-resolved.bin	tc636_flow2	CWE789_Uncontrolled_Mem_Alloc__connect_tcp_HashSet_07.java	143	CWE789_Uncontrolled_Mem_Alloc__connect_tcp_HashSet_07.java	148
/home/swlab/Documents/swvul/java-vuln-detection/slicing/output/CPG/cwe789_cpg/cwe789-636-cpg-resolved.bin	tc636_flow3	CWE789_Uncontrolled_Mem_Alloc__connect_tcp_HashSet_07.java	159	CWE789_Uncontrolled_Mem_Alloc__connect_tcp_HashSet_07.java	169
/home/swlab/Documents/swvul/java-vuln-detection/slicing/output/CPG/cwe789_cpg/cwe789-637-cpg-resolved.bin	tc637_flow1	CWE789_Uncontrolled_Mem_Alloc__connect_tcp_HashSet_08.java	66	CWE789_Uncontrolled_Mem_Alloc__connect_tcp_HashSet_08.java	133
/home/swlab/Documents/swvul/java-vuln-detection/slicing/output/CPG/cwe789_cpg/cwe789-637-cpg-resolved.bin	tc637_flow2	CWE789_Uncontrolled_Mem_Alloc__connect_tcp_HashSet_08.java	151	CWE789_Uncontrolled_Mem_Alloc__connect_tcp_HashSet_08.java	156
/home/swlab/Documents/swvul/java-vuln-detection/slicing/output/CPG/cwe789_cpg/cwe789-637-cpg-resolved.bin	tc637_flow3	CWE789_Uncontrolled_Mem_Alloc__connect_tcp_HashSet_08.java	167	CWE789_Uncontrolled_Mem_Alloc__connect_tcp_HashSet_08.java	177
/home/swlab/Documents/swvul/java-vuln-detection/slicing/output/CPG/cwe789_cpg/cwe789-638-cpg-resolved.bin	tc638_flow1	CWE789_Uncontrolled_Mem_Alloc__connect_tcp_HashSet_09.java	52	CWE789_Uncontrolled_Mem_Alloc__connect_tcp_HashSet_09.java	119
/home/swlab/Documents/swvul/java-vuln-detection/slicing/output/CPG/cwe789_cpg/cwe789-638-cpg-resolved.bin	tc638_flow2	CWE789_Uncontrolled_Mem_Alloc__connect_tcp_HashSet_09.java	137	CWE789_Uncontrolled_Mem_Alloc__connect_tcp_HashSet_09.java	142
/home/swlab/Documents/swvul/java-vuln-detection/slicing/output/CPG/cwe789_cpg/cwe789-638-cpg-resolved.bin	tc638_flow3	CWE789_Uncontrolled_Mem_Alloc__connect_tcp_HashSet_09.java	153	CWE789_Uncontrolled_Mem_Alloc__connect_tcp_HashSet_09.java	163
/home/swlab/Documents/swvul/java-vuln-detection/slicing/output/CPG/cwe789_cpg/cwe789-639-cpg-resolved.bin	tc639_flow1	CWE789_Uncontrolled_Mem_Alloc__connect_tcp_HashSet_10.java	52	CWE789_Uncontrolled_Mem_Alloc__connect_tcp_HashSet_10.java	119
/home/swlab/Documents/swvul/java-vuln-detection/slicing/output/CPG/cwe789_cpg/cwe789-639-cpg-resolved.bin	tc639_flow2	CWE789_Uncontrolled_Mem_Alloc__connect_tcp_HashSet_10.java	137	CWE789_Uncontrolled_Mem_Alloc__connect_tcp_HashSet_10.java	142
/home/swlab/Documents/swvul/java-vuln-detection/slicing/output/CPG/cwe789_cpg/cwe789-639-cpg-resolved.bin	tc639_flow3	CWE789_Uncontrolled_Mem_Alloc__connect_tcp_HashSet_10.java	153	CWE789_Uncontrolled_Mem_Alloc__connect_tcp_HashSet_10.java	163
/home/swlab/Documents/swvul/java-vuln-detection/slicing/output/CPG/cwe789_cpg/cwe789-640-cpg-resolved.bin	tc640_flow1	CWE789_Uncontrolled_Mem_Alloc__connect_tcp_HashSet_11.java	52	CWE789_Uncontrolled_Mem_Alloc__connect_tcp_HashSet_11.java	119
/home/swlab/Documents/swvul/java-vuln-detection/slicing/output/CPG/cwe789_cpg/cwe789-640-cpg-resolved.bin	tc640_flow2	CWE789_Uncontrolled_Mem_Alloc__connect_tcp_HashSet_11.java	137	CWE789_Uncontrolled_Mem_Alloc__connect_tcp_HashSet_11.java	142
/home/swlab/Documents/swvul/java-vuln-detection/slicing/output/CPG/cwe789_cpg/cwe789-640-cpg-resolved.bin	tc640_flow3	CWE789_Uncontrolled_Mem_Alloc__connect_tcp_HashSet_11.java	153	CWE789_Uncontrolled_Mem_Alloc__connect_tcp_HashSet_11.java	163
/home/swlab/Documents/swvul/java-vuln-detection/slicing/output/CPG/cwe789_cpg/cwe789-641-cpg-resolved.bin	tc641_flow1	CWE789_Uncontrolled_Mem_Alloc__connect_tcp_HashSet_12.java	52	CWE789_Uncontrolled_Mem_Alloc__connect_tcp_HashSet_12.java	120
/home/swlab/Documents/swvul/java-vuln-detection/slicing/output/CPG/cwe789_cpg/cwe789-641-cpg-resolved.bin	tc641_flow2	CWE789_Uncontrolled_Mem_Alloc__connect_tcp_HashSet_12.java	132	CWE789_Uncontrolled_Mem_Alloc__connect_tcp_HashSet_12.java	143
/home/swlab/Documents/swvul/java-vuln-detection/slicing/output/CPG/cwe789_cpg/cwe789-642-cpg-resolved.bin	tc642_flow1	CWE789_Uncontrolled_Mem_Alloc__connect_tcp_HashSet_13.java	52	CWE789_Uncontrolled_Mem_Alloc__connect_tcp_HashSet_13.java	119
/home/swlab/Documents/swvul/java-vuln-detection/slicing/output/CPG/cwe789_cpg/cwe789-642-cpg-resolved.bin	tc642_flow2	CWE789_Uncontrolled_Mem_Alloc__connect_tcp_HashSet_13.java	137	CWE789_Uncontrolled_Mem_Alloc__connect_tcp_HashSet_13.java	142
/home/swlab/Documents/swvul/java-vuln-detection/slicing/output/CPG/cwe789_cpg/cwe789-642-cpg-resolved.bin	tc642_flow3	CWE789_Uncontrolled_Mem_Alloc__connect_tcp_HashSet_13.java	153	CWE789_Uncontrolled_Mem_Alloc__connect_tcp_HashSet_13.java	163
/home/swlab/Documents/swvul/java-vuln-detection/slicing/output/CPG/cwe789_cpg/cwe789-643-cpg-resolved.bin	tc643_flow1	CWE789_Uncontrolled_Mem_Alloc__connect_tcp_HashSet_14.java	52	CWE789_Uncontrolled_Mem_Alloc__connect_tcp_HashSet_14.java	119
/home/swlab/Documents/swvul/java-vuln-detection/slicing/output/CPG/cwe789_cpg/cwe789-643-cpg-resolved.bin	tc643_flow2	CWE789_Uncontrolled_Mem_Alloc__connect_tcp_HashSet_14.java	137	CWE789_Uncontrolled_Mem_Alloc__connect_tcp_HashSet_14.java	142
/home/swlab/Documents/swvul/java-vuln-detection/slicing/output/CPG/cwe789_cpg/cwe789-643-cpg-resolved.bin	tc643_flow3	CWE789_Uncontrolled_Mem_Alloc__connect_tcp_HashSet_14.java	153	CWE789_Uncontrolled_Mem_Alloc__connect_tcp_HashSet_14.java	163
/home/swlab/Documents/swvul/java-vuln-detection/slicing/output/CPG/cwe789_cpg/cwe789-644-cpg-resolved.bin	tc644_flow1	CWE789_Uncontrolled_Mem_Alloc__connect_tcp_HashSet_15.java	54	CWE789_Uncontrolled_Mem_Alloc__connect_tcp_HashSet_15.java	121
/home/swlab/Documents/swvul/java-vuln-detection/slicing/output/CPG/cwe789_cpg/cwe789-644-cpg-resolved.bin	tc644_flow2	CWE789_Uncontrolled_Mem_Alloc__connect_tcp_HashSet_15.java	139	CWE789_Uncontrolled_Mem_Alloc__connect_tcp_HashSet_15.java	144
/home/swlab/Documents/swvul/java-vuln-detection/slicing/output/CPG/cwe789_cpg/cwe789-644-cpg-resolved.bin	tc644_flow3	CWE789_Uncontrolled_Mem_Alloc__connect_tcp_HashSet_15.java	157	CWE789_Uncontrolled_Mem_Alloc__connect_tcp_HashSet_15.java	167
/home/swlab/Documents/swvul/java-vuln-detection/slicing/output/CPG/cwe789_cpg/cwe789-645-cpg-resolved.bin	tc645_flow1	CWE789_Uncontrolled_Mem_Alloc__connect_tcp_HashSet_16.java	53	CWE789_Uncontrolled_Mem_Alloc__connect_tcp_HashSet_16.java	115
/home/swlab/Documents/swvul/java-vuln-detection/slicing/output/CPG/cwe789_cpg/cwe789-645-cpg-resolved.bin	tc645_flow2	CWE789_Uncontrolled_Mem_Alloc__connect_tcp_HashSet_16.java	127	CWE789_Uncontrolled_Mem_Alloc__connect_tcp_HashSet_16.java	132
/home/swlab/Documents/swvul/java-vuln-detection/slicing/output/CPG/cwe789_cpg/cwe789-646-cpg-resolved.bin	tc646_flow1	CWE789_Uncontrolled_Mem_Alloc__connect_tcp_HashSet_17.java	56	CWE789_Uncontrolled_Mem_Alloc__connect_tcp_HashSet_17.java	118
/home/swlab/Documents/swvul/java-vuln-detection/slicing/output/CPG/cwe789_cpg/cwe789-646-cpg-resolved.bin	tc646_flow2	CWE789_Uncontrolled_Mem_Alloc__connect_tcp_HashSet_17.java	129	CWE789_Uncontrolled_Mem_Alloc__connect_tcp_HashSet_17.java	134
/home/swlab/Documents/swvul/java-vuln-detection/slicing/output/CPG/cwe789_cpg/cwe789-647-cpg-resolved.bin	tc647_flow1	CWE789_Uncontrolled_Mem_Alloc__connect_tcp_HashSet_21.java	68	CWE789_Uncontrolled_Mem_Alloc__connect_tcp_HashSet_21.java	44
/home/swlab/Documents/swvul/java-vuln-detection/slicing/output/CPG/cwe789_cpg/cwe789-647-cpg-resolved.bin	tc647_flow2	CWE789_Uncontrolled_Mem_Alloc__connect_tcp_HashSet_21.java	174	CWE789_Uncontrolled_Mem_Alloc__connect_tcp_HashSet_21.java	156
/home/swlab/Documents/swvul/java-vuln-detection/slicing/output/CPG/cwe789_cpg/cwe789-647-cpg-resolved.bin	tc647_flow3	CWE789_Uncontrolled_Mem_Alloc__connect_tcp_HashSet_21.java	201	CWE789_Uncontrolled_Mem_Alloc__connect_tcp_HashSet_21.java	190
/home/swlab/Documents/swvul/java-vuln-detection/slicing/output/CPG/cwe789_cpg/cwe789-648-cpg-resolved.bin	tc648_flow1	CWE789_Uncontrolled_Mem_Alloc__connect_tcp_HashSet_22b.java	51	CWE789_Uncontrolled_Mem_Alloc__connect_tcp_HashSet_22a.java	38
/home/swlab/Documents/swvul/java-vuln-detection/slicing/output/CPG/cwe789_cpg/cwe789-648-cpg-resolved.bin	tc648_flow2	CWE789_Uncontrolled_Mem_Alloc__connect_tcp_HashSet_22b.java	134	CWE789_Uncontrolled_Mem_Alloc__connect_tcp_HashSet_22a.java	62
/home/swlab/Documents/swvul/java-vuln-detection/slicing/output/CPG/cwe789_cpg/cwe789-648-cpg-resolved.bin	tc648_flow3	CWE789_Uncontrolled_Mem_Alloc__connect_tcp_HashSet_22b.java	149	CWE789_Uncontrolled_Mem_Alloc__connect_tcp_HashSet_22a.java	75
/home/swlab/Documents/swvul/java-vuln-detection/slicing/output/CPG/cwe789_cpg/cwe789-649-cpg-resolved.bin	tc649_flow1	CWE789_Uncontrolled_Mem_Alloc__connect_tcp_HashSet_31.java	59	CWE789_Uncontrolled_Mem_Alloc__connect_tcp_HashSet_31.java	124
/home/swlab/Documents/swvul/java-vuln-detection/slicing/output/CPG/cwe789_cpg/cwe789-649-cpg-resolved.bin	tc649_flow2	CWE789_Uncontrolled_Mem_Alloc__connect_tcp_HashSet_31.java	142	CWE789_Uncontrolled_Mem_Alloc__connect_tcp_HashSet_31.java	150
/home/swlab/Documents/swvul/java-vuln-detection/slicing/output/CPG/cwe789_cpg/cwe789-650-cpg-resolved.bin	tc650_flow1	CWE789_Uncontrolled_Mem_Alloc__connect_tcp_HashSet_41.java	63	CWE789_Uncontrolled_Mem_Alloc__connect_tcp_HashSet_41.java	36
/home/swlab/Documents/swvul/java-vuln-detection/slicing/output/CPG/cwe789_cpg/cwe789-650-cpg-resolved.bin	tc650_flow2	CWE789_Uncontrolled_Mem_Alloc__connect_tcp_HashSet_41.java	144	CWE789_Uncontrolled_Mem_Alloc__connect_tcp_HashSet_41.java	134
/home/swlab/Documents/swvul/java-vuln-detection/slicing/output/CPG/cwe789_cpg/cwe789-651-cpg-resolved.bin	tc651_flow1	CWE789_Uncontrolled_Mem_Alloc__connect_tcp_HashSet_42.java	55	CWE789_Uncontrolled_Mem_Alloc__connect_tcp_HashSet_42.java	123
/home/swlab/Documents/swvul/java-vuln-detection/slicing/output/CPG/cwe789_cpg/cwe789-651-cpg-resolved.bin	tc651_flow2	CWE789_Uncontrolled_Mem_Alloc__connect_tcp_HashSet_42.java	132	CWE789_Uncontrolled_Mem_Alloc__connect_tcp_HashSet_42.java	143
/home/swlab/Documents/swvul/java-vuln-detection/slicing/output/CPG/cwe789_cpg/cwe789-652-cpg-resolved.bin	tc652_flow1	CWE789_Uncontrolled_Mem_Alloc__connect_tcp_HashSet_45.java	69	CWE789_Uncontrolled_Mem_Alloc__connect_tcp_HashSet_45.java	41
/home/swlab/Documents/swvul/java-vuln-detection/slicing/output/CPG/cwe789_cpg/cwe789-652-cpg-resolved.bin	tc652_flow2	CWE789_Uncontrolled_Mem_Alloc__connect_tcp_HashSet_45.java	152	CWE789_Uncontrolled_Mem_Alloc__connect_tcp_HashSet_45.java	142
/home/swlab/Documents/swvul/java-vuln-detection/slicing/output/CPG/cwe789_cpg/cwe789-653-cpg-resolved.bin	tc653_flow1	CWE789_Uncontrolled_Mem_Alloc__connect_tcp_HashSet_51a.java	53	CWE789_Uncontrolled_Mem_Alloc__connect_tcp_HashSet_51b.java	29
/home/swlab/Documents/swvul/java-vuln-detection/slicing/output/CPG/cwe789_cpg/cwe789-653-cpg-resolved.bin	tc653_flow2	CWE789_Uncontrolled_Mem_Alloc__connect_tcp_HashSet_51a.java	126	CWE789_Uncontrolled_Mem_Alloc__connect_tcp_HashSet_51b.java	38
/home/swlab/Documents/swvul/java-vuln-detection/slicing/output/CPG/cwe789_cpg/cwe789-654-cpg-resolved.bin	tc654_flow1	CWE789_Uncontrolled_Mem_Alloc__connect_tcp_HashSet_52a.java	54	CWE789_Uncontrolled_Mem_Alloc__connect_tcp_HashSet_52c.java	30
/home/swlab/Documents/swvul/java-vuln-detection/slicing/output/CPG/cwe789_cpg/cwe789-654-cpg-resolved.bin	tc654_flow2	CWE789_Uncontrolled_Mem_Alloc__connect_tcp_HashSet_52a.java	127	CWE789_Uncontrolled_Mem_Alloc__connect_tcp_HashSet_52c.java	39
/home/swlab/Documents/swvul/java-vuln-detection/slicing/output/CPG/cwe789_cpg/cwe789-655-cpg-resolved.bin	tc655_flow1	CWE789_Uncontrolled_Mem_Alloc__connect_tcp_HashSet_53a.java	54	CWE789_Uncontrolled_Mem_Alloc__connect_tcp_HashSet_53d.java	30
/home/swlab/Documents/swvul/java-vuln-detection/slicing/output/CPG/cwe789_cpg/cwe789-655-cpg-resolved.bin	tc655_flow2	CWE789_Uncontrolled_Mem_Alloc__connect_tcp_HashSet_53a.java	127	CWE789_Uncontrolled_Mem_Alloc__connect_tcp_HashSet_53d.java	39
/home/swlab/Documents/swvul/java-vuln-detection/slicing/output/CPG/cwe789_cpg/cwe789-656-cpg-resolved.bin	tc656_flow1	CWE789_Uncontrolled_Mem_Alloc__connect_tcp_HashSet_54a.java	54	CWE789_Uncontrolled_Mem_Alloc__connect_tcp_HashSet_54e.java	30
/home/swlab/Documents/swvul/java-vuln-detection/slicing/output/CPG/cwe789_cpg/cwe789-656-cpg-resolved.bin	tc656_flow2	CWE789_Uncontrolled_Mem_Alloc__connect_tcp_HashSet_54a.java	127	CWE789_Uncontrolled_Mem_Alloc__connect_tcp_HashSet_54e.java	39
/home/swlab/Documents/swvul/java-vuln-detection/slicing/output/CPG/cwe789_cpg/cwe789-657-cpg-resolved.bin	tc657_flow1	CWE789_Uncontrolled_Mem_Alloc__connect_tcp_HashSet_61b.java	54	CWE789_Uncontrolled_Mem_Alloc__connect_tcp_HashSet_61a.java	31
/home/swlab/Documents/swvul/java-vuln-detection/slicing/output/CPG/cwe789_cpg/cwe789-657-cpg-resolved.bin	tc657_flow2	CWE789_Uncontrolled_Mem_Alloc__connect_tcp_HashSet_61b.java	122	CWE789_Uncontrolled_Mem_Alloc__connect_tcp_HashSet_61a.java	46
/home/swlab/Documents/swvul/java-vuln-detection/slicing/output/CPG/cwe789_cpg/cwe789-658-cpg-resolved.bin	tc658_flow1	CWE789_Uncontrolled_Mem_Alloc__connect_tcp_HashSet_66a.java	54	CWE789_Uncontrolled_Mem_Alloc__connect_tcp_HashSet_66b.java	31
/home/swlab/Documents/swvul/java-vuln-detection/slicing/output/CPG/cwe789_cpg/cwe789-658-cpg-resolved.bin	tc658_flow2	CWE789_Uncontrolled_Mem_Alloc__connect_tcp_HashSet_66a.java	129	CWE789_Uncontrolled_Mem_Alloc__connect_tcp_HashSet_66b.java	41
/home/swlab/Documents/swvul/java-vuln-detection/slicing/output/CPG/cwe789_cpg/cwe789-659-cpg-resolved.bin	tc659_flow1	CWE789_Uncontrolled_Mem_Alloc__connect_tcp_HashSet_67a.java	59	CWE789_Uncontrolled_Mem_Alloc__connect_tcp_HashSet_67b.java	31
/home/swlab/Documents/swvul/java-vuln-detection/slicing/output/CPG/cwe789_cpg/cwe789-659-cpg-resolved.bin	tc659_flow2	CWE789_Uncontrolled_Mem_Alloc__connect_tcp_HashSet_67a.java	134	CWE789_Uncontrolled_Mem_Alloc__connect_tcp_HashSet_67b.java	41
/home/swlab/Documents/swvul/java-vuln-detection/slicing/output/CPG/cwe789_cpg/cwe789-660-cpg-resolved.bin	tc660_flow1	CWE789_Uncontrolled_Mem_Alloc__connect_tcp_HashSet_68a.java	54	CWE789_Uncontrolled_Mem_Alloc__connect_tcp_HashSet_68b.java	30
/home/swlab/Documents/swvul/java-vuln-detection/slicing/output/CPG/cwe789_cpg/cwe789-660-cpg-resolved.bin	tc660_flow2	CWE789_Uncontrolled_Mem_Alloc__connect_tcp_HashSet_68a.java	126	CWE789_Uncontrolled_Mem_Alloc__connect_tcp_HashSet_68b.java	40
/home/swlab/Documents/swvul/java-vuln-detection/slicing/output/CPG/cwe789_cpg/cwe789-661-cpg-resolved.bin	tc661_flow1	CWE789_Uncontrolled_Mem_Alloc__connect_tcp_HashSet_71a.java	54	CWE789_Uncontrolled_Mem_Alloc__connect_tcp_HashSet_71b.java	31
/home/swlab/Documents/swvul/java-vuln-detection/slicing/output/CPG/cwe789_cpg/cwe789-661-cpg-resolved.bin	tc661_flow2	CWE789_Uncontrolled_Mem_Alloc__connect_tcp_HashSet_71a.java	127	CWE789_Uncontrolled_Mem_Alloc__connect_tcp_HashSet_71b.java	41
/home/swlab/Documents/swvul/java-vuln-detection/slicing/output/CPG/cwe789_cpg/cwe789-662-cpg-resolved.bin	tc662_flow1	CWE789_Uncontrolled_Mem_Alloc__connect_tcp_HashSet_72a.java	55	CWE789_Uncontrolled_Mem_Alloc__connect_tcp_HashSet_72b.java	32
/home/swlab/Documents/swvul/java-vuln-detection/slicing/output/CPG/cwe789_cpg/cwe789-662-cpg-resolved.bin	tc662_flow2	CWE789_Uncontrolled_Mem_Alloc__connect_tcp_HashSet_72a.java	132	CWE789_Uncontrolled_Mem_Alloc__connect_tcp_HashSet_72b.java	42
/home/swlab/Documents/swvul/java-vuln-detection/slicing/output/CPG/cwe789_cpg/cwe789-663-cpg-resolved.bin	tc663_flow1	CWE789_Uncontrolled_Mem_Alloc__connect_tcp_HashSet_73a.java	55	CWE789_Uncontrolled_Mem_Alloc__connect_tcp_HashSet_73b.java	32
/home/swlab/Documents/swvul/java-vuln-detection/slicing/output/CPG/cwe789_cpg/cwe789-663-cpg-resolved.bin	tc663_flow2	CWE789_Uncontrolled_Mem_Alloc__connect_tcp_HashSet_73a.java	132	CWE789_Uncontrolled_Mem_Alloc__connect_tcp_HashSet_73b.java	42
/home/swlab/Documents/swvul/java-vuln-detection/slicing/output/CPG/cwe789_cpg/cwe789-664-cpg-resolved.bin	tc664_flow1	CWE789_Uncontrolled_Mem_Alloc__connect_tcp_HashSet_74a.java	55	CWE789_Uncontrolled_Mem_Alloc__connect_tcp_HashSet_74b.java	32
/home/swlab/Documents/swvul/java-vuln-detection/slicing/output/CPG/cwe789_cpg/cwe789-664-cpg-resolved.bin	tc664_flow2	CWE789_Uncontrolled_Mem_Alloc__connect_tcp_HashSet_74a.java	132	CWE789_Uncontrolled_Mem_Alloc__connect_tcp_HashSet_74b.java	42
/home/swlab/Documents/swvul/java-vuln-detection/slicing/output/CPG/cwe789_cpg/cwe789-665-cpg-resolved.bin	tc665_flow1	CWE789_Uncontrolled_Mem_Alloc__connect_tcp_HashSet_75a.java	57	CWE789_Uncontrolled_Mem_Alloc__connect_tcp_HashSet_75b.java	43
/home/swlab/Documents/swvul/java-vuln-detection/slicing/output/CPG/cwe789_cpg/cwe789-665-cpg-resolved.bin	tc665_flow2	CWE789_Uncontrolled_Mem_Alloc__connect_tcp_HashSet_75a.java	172	CWE789_Uncontrolled_Mem_Alloc__connect_tcp_HashSet_75b.java	97
/home/swlab/Documents/swvul/java-vuln-detection/slicing/output/CPG/cwe789_cpg/cwe789-666-cpg-resolved.bin	tc666_flow1	CWE789_Uncontrolled_Mem_Alloc__connect_tcp_HashSet_81a.java	54	CWE789_Uncontrolled_Mem_Alloc__connect_tcp_HashSet_81_bad.java	30
/home/swlab/Documents/swvul/java-vuln-detection/slicing/output/CPG/cwe789_cpg/cwe789-666-cpg-resolved.bin	tc666_flow2	CWE789_Uncontrolled_Mem_Alloc__connect_tcp_HashSet_81a.java	128	CWE789_Uncontrolled_Mem_Alloc__connect_tcp_HashSet_81_goodG2B.java	30
/home/swlab/Documents/swvul/java-vuln-detection/slicing/output/CPG/cwe789_cpg/cwe789-667-cpg-resolved.bin	tc667_flow1	CWE789_Uncontrolled_Mem_Alloc__console_readLine_ArrayList_01.java	49	CWE789_Uncontrolled_Mem_Alloc__console_readLine_ArrayList_01.java	96
/home/swlab/Documents/swvul/java-vuln-detection/slicing/output/CPG/cwe789_cpg/cwe789-667-cpg-resolved.bin	tc667_flow2	CWE789_Uncontrolled_Mem_Alloc__console_readLine_ArrayList_01.java	111	CWE789_Uncontrolled_Mem_Alloc__console_readLine_ArrayList_01.java	114
/home/swlab/Documents/swvul/java-vuln-detection/slicing/output/CPG/cwe789_cpg/cwe789-668-cpg-resolved.bin	tc668_flow1	CWE789_Uncontrolled_Mem_Alloc__console_readLine_ArrayList_02.java	47	CWE789_Uncontrolled_Mem_Alloc__console_readLine_ArrayList_02.java	101
/home/swlab/Documents/swvul/java-vuln-detection/slicing/output/CPG/cwe789_cpg/cwe789-668-cpg-resolved.bin	tc668_flow2	CWE789_Uncontrolled_Mem_Alloc__console_readLine_ArrayList_02.java	119	CWE789_Uncontrolled_Mem_Alloc__console_readLine_ArrayList_02.java	124
/home/swlab/Documents/swvul/java-vuln-detection/slicing/output/CPG/cwe789_cpg/cwe789-668-cpg-resolved.bin	tc668_flow3	CWE789_Uncontrolled_Mem_Alloc__console_readLine_ArrayList_02.java	135	CWE789_Uncontrolled_Mem_Alloc__console_readLine_ArrayList_02.java	145
/home/swlab/Documents/swvul/java-vuln-detection/slicing/output/CPG/cwe789_cpg/cwe789-669-cpg-resolved.bin	tc669_flow1	CWE789_Uncontrolled_Mem_Alloc__console_readLine_ArrayList_03.java	47	CWE789_Uncontrolled_Mem_Alloc__console_readLine_ArrayList_03.java	101
/home/swlab/Documents/swvul/java-vuln-detection/slicing/output/CPG/cwe789_cpg/cwe789-669-cpg-resolved.bin	tc669_flow2	CWE789_Uncontrolled_Mem_Alloc__console_readLine_ArrayList_03.java	119	CWE789_Uncontrolled_Mem_Alloc__console_readLine_ArrayList_03.java	124
/home/swlab/Documents/swvul/java-vuln-detection/slicing/output/CPG/cwe789_cpg/cwe789-669-cpg-resolved.bin	tc669_flow3	CWE789_Uncontrolled_Mem_Alloc__console_readLine_ArrayList_03.java	135	CWE789_Uncontrolled_Mem_Alloc__console_readLine_ArrayList_03.java	145
/home/swlab/Documents/swvul/java-vuln-detection/slicing/output/CPG/cwe789_cpg/cwe789-670-cpg-resolved.bin	tc670_flow1	CWE789_Uncontrolled_Mem_Alloc__console_readLine_ArrayList_04.java	54	CWE789_Uncontrolled_Mem_Alloc__console_readLine_ArrayList_04.java	108
/home/swlab/Documents/swvul/java-vuln-detection/slicing/output/CPG/cwe789_cpg/cwe789-670-cpg-resolved.bin	tc670_flow2	CWE789_Uncontrolled_Mem_Alloc__console_readLine_ArrayList_04.java	126	CWE789_Uncontrolled_Mem_Alloc__console_readLine_ArrayList_04.java	131
/home/swlab/Documents/swvul/java-vuln-detection/slicing/output/CPG/cwe789_cpg/cwe789-670-cpg-resolved.bin	tc670_flow3	CWE789_Uncontrolled_Mem_Alloc__console_readLine_ArrayList_04.java	142	CWE789_Uncontrolled_Mem_Alloc__console_readLine_ArrayList_04.java	152
/home/swlab/Documents/swvul/java-vuln-detection/slicing/output/CPG/cwe789_cpg/cwe789-671-cpg-resolved.bin	tc671_flow1	CWE789_Uncontrolled_Mem_Alloc__console_readLine_ArrayList_05.java	54	CWE789_Uncontrolled_Mem_Alloc__console_readLine_ArrayList_05.java	108
/home/swlab/Documents/swvul/java-vuln-detection/slicing/output/CPG/cwe789_cpg/cwe789-671-cpg-resolved.bin	tc671_flow2	CWE789_Uncontrolled_Mem_Alloc__console_readLine_ArrayList_05.java	126	CWE789_Uncontrolled_Mem_Alloc__console_readLine_ArrayList_05.java	131
/home/swlab/Documents/swvul/java-vuln-detection/slicing/output/CPG/cwe789_cpg/cwe789-671-cpg-resolved.bin	tc671_flow3	CWE789_Uncontrolled_Mem_Alloc__console_readLine_ArrayList_05.java	142	CWE789_Uncontrolled_Mem_Alloc__console_readLine_ArrayList_05.java	152
/home/swlab/Documents/swvul/java-vuln-detection/slicing/output/CPG/cwe789_cpg/cwe789-672-cpg-resolved.bin	tc672_flow1	CWE789_Uncontrolled_Mem_Alloc__console_readLine_ArrayList_06.java	53	CWE789_Uncontrolled_Mem_Alloc__console_readLine_ArrayList_06.java	107
/home/swlab/Documents/swvul/java-vuln-detection/slicing/output/CPG/cwe789_cpg/cwe789-672-cpg-resolved.bin	tc672_flow2	CWE789_Uncontrolled_Mem_Alloc__console_readLine_ArrayList_06.java	125	CWE789_Uncontrolled_Mem_Alloc__console_readLine_ArrayList_06.java	130
/home/swlab/Documents/swvul/java-vuln-detection/slicing/output/CPG/cwe789_cpg/cwe789-672-cpg-resolved.bin	tc672_flow3	CWE789_Uncontrolled_Mem_Alloc__console_readLine_ArrayList_06.java	141	CWE789_Uncontrolled_Mem_Alloc__console_readLine_ArrayList_06.java	151
/home/swlab/Documents/swvul/java-vuln-detection/slicing/output/CPG/cwe789_cpg/cwe789-673-cpg-resolved.bin	tc673_flow1	CWE789_Uncontrolled_Mem_Alloc__console_readLine_ArrayList_07.java	53	CWE789_Uncontrolled_Mem_Alloc__console_readLine_ArrayList_07.java	107
/home/swlab/Documents/swvul/java-vuln-detection/slicing/output/CPG/cwe789_cpg/cwe789-673-cpg-resolved.bin	tc673_flow2	CWE789_Uncontrolled_Mem_Alloc__console_readLine_ArrayList_07.java	125	CWE789_Uncontrolled_Mem_Alloc__console_readLine_ArrayList_07.java	130
/home/swlab/Documents/swvul/java-vuln-detection/slicing/output/CPG/cwe789_cpg/cwe789-673-cpg-resolved.bin	tc673_flow3	CWE789_Uncontrolled_Mem_Alloc__console_readLine_ArrayList_07.java	141	CWE789_Uncontrolled_Mem_Alloc__console_readLine_ArrayList_07.java	151
/home/swlab/Documents/swvul/java-vuln-detection/slicing/output/CPG/cwe789_cpg/cwe789-674-cpg-resolved.bin	tc674_flow1	CWE789_Uncontrolled_Mem_Alloc__console_readLine_ArrayList_08.java	61	CWE789_Uncontrolled_Mem_Alloc__console_readLine_ArrayList_08.java	115
/home/swlab/Documents/swvul/java-vuln-detection/slicing/output/CPG/cwe789_cpg/cwe789-674-cpg-resolved.bin	tc674_flow2	CWE789_Uncontrolled_Mem_Alloc__console_readLine_ArrayList_08.java	133	CWE789_Uncontrolled_Mem_Alloc__console_readLine_ArrayList_08.java	138
/home/swlab/Documents/swvul/java-vuln-detection/slicing/output/CPG/cwe789_cpg/cwe789-674-cpg-resolved.bin	tc674_flow3	CWE789_Uncontrolled_Mem_Alloc__console_readLine_ArrayList_08.java	149	CWE789_Uncontrolled_Mem_Alloc__console_readLine_ArrayList_08.java	159
/home/swlab/Documents/swvul/java-vuln-detection/slicing/output/CPG/cwe789_cpg/cwe789-675-cpg-resolved.bin	tc675_flow1	CWE789_Uncontrolled_Mem_Alloc__console_readLine_ArrayList_09.java	47	CWE789_Uncontrolled_Mem_Alloc__console_readLine_ArrayList_09.java	101
/home/swlab/Documents/swvul/java-vuln-detection/slicing/output/CPG/cwe789_cpg/cwe789-675-cpg-resolved.bin	tc675_flow2	CWE789_Uncontrolled_Mem_Alloc__console_readLine_ArrayList_09.java	119	CWE789_Uncontrolled_Mem_Alloc__console_readLine_ArrayList_09.java	124
/home/swlab/Documents/swvul/java-vuln-detection/slicing/output/CPG/cwe789_cpg/cwe789-675-cpg-resolved.bin	tc675_flow3	CWE789_Uncontrolled_Mem_Alloc__console_readLine_ArrayList_09.java	135	CWE789_Uncontrolled_Mem_Alloc__console_readLine_ArrayList_09.java	145
/home/swlab/Documents/swvul/java-vuln-detection/slicing/output/CPG/cwe789_cpg/cwe789-676-cpg-resolved.bin	tc676_flow1	CWE789_Uncontrolled_Mem_Alloc__console_readLine_ArrayList_10.java	47	CWE789_Uncontrolled_Mem_Alloc__console_readLine_ArrayList_10.java	101
/home/swlab/Documents/swvul/java-vuln-detection/slicing/output/CPG/cwe789_cpg/cwe789-676-cpg-resolved.bin	tc676_flow2	CWE789_Uncontrolled_Mem_Alloc__console_readLine_ArrayList_10.java	119	CWE789_Uncontrolled_Mem_Alloc__console_readLine_ArrayList_10.java	124
/home/swlab/Documents/swvul/java-vuln-detection/slicing/output/CPG/cwe789_cpg/cwe789-676-cpg-resolved.bin	tc676_flow3	CWE789_Uncontrolled_Mem_Alloc__console_readLine_ArrayList_10.java	135	CWE789_Uncontrolled_Mem_Alloc__console_readLine_ArrayList_10.java	145
/home/swlab/Documents/swvul/java-vuln-detection/slicing/output/CPG/cwe789_cpg/cwe789-677-cpg-resolved.bin	tc677_flow1	CWE789_Uncontrolled_Mem_Alloc__console_readLine_ArrayList_11.java	47	CWE789_Uncontrolled_Mem_Alloc__console_readLine_ArrayList_11.java	101
/home/swlab/Documents/swvul/java-vuln-detection/slicing/output/CPG/cwe789_cpg/cwe789-677-cpg-resolved.bin	tc677_flow2	CWE789_Uncontrolled_Mem_Alloc__console_readLine_ArrayList_11.java	119	CWE789_Uncontrolled_Mem_Alloc__console_readLine_ArrayList_11.java	124
/home/swlab/Documents/swvul/java-vuln-detection/slicing/output/CPG/cwe789_cpg/cwe789-677-cpg-resolved.bin	tc677_flow3	CWE789_Uncontrolled_Mem_Alloc__console_readLine_ArrayList_11.java	135	CWE789_Uncontrolled_Mem_Alloc__console_readLine_ArrayList_11.java	145
/home/swlab/Documents/swvul/java-vuln-detection/slicing/output/CPG/cwe789_cpg/cwe789-678-cpg-resolved.bin	tc678_flow1	CWE789_Uncontrolled_Mem_Alloc__console_readLine_ArrayList_12.java	47	CWE789_Uncontrolled_Mem_Alloc__console_readLine_ArrayList_12.java	102
/home/swlab/Documents/swvul/java-vuln-detection/slicing/output/CPG/cwe789_cpg/cwe789-678-cpg-resolved.bin	tc678_flow2	CWE789_Uncontrolled_Mem_Alloc__console_readLine_ArrayList_12.java	114	CWE789_Uncontrolled_Mem_Alloc__console_readLine_ArrayList_12.java	125
/home/swlab/Documents/swvul/java-vuln-detection/slicing/output/CPG/cwe789_cpg/cwe789-679-cpg-resolved.bin	tc679_flow1	CWE789_Uncontrolled_Mem_Alloc__console_readLine_ArrayList_13.java	47	CWE789_Uncontrolled_Mem_Alloc__console_readLine_ArrayList_13.java	101
/home/swlab/Documents/swvul/java-vuln-detection/slicing/output/CPG/cwe789_cpg/cwe789-679-cpg-resolved.bin	tc679_flow2	CWE789_Uncontrolled_Mem_Alloc__console_readLine_ArrayList_13.java	119	CWE789_Uncontrolled_Mem_Alloc__console_readLine_ArrayList_13.java	124
/home/swlab/Documents/swvul/java-vuln-detection/slicing/output/CPG/cwe789_cpg/cwe789-679-cpg-resolved.bin	tc679_flow3	CWE789_Uncontrolled_Mem_Alloc__console_readLine_ArrayList_13.java	135	CWE789_Uncontrolled_Mem_Alloc__console_readLine_ArrayList_13.java	145
/home/swlab/Documents/swvul/java-vuln-detection/slicing/output/CPG/cwe789_cpg/cwe789-680-cpg-resolved.bin	tc680_flow1	CWE789_Uncontrolled_Mem_Alloc__console_readLine_ArrayList_14.java	47	CWE789_Uncontrolled_Mem_Alloc__console_readLine_ArrayList_14.java	101
/home/swlab/Documents/swvul/java-vuln-detection/slicing/output/CPG/cwe789_cpg/cwe789-680-cpg-resolved.bin	tc680_flow2	CWE789_Uncontrolled_Mem_Alloc__console_readLine_ArrayList_14.java	119	CWE789_Uncontrolled_Mem_Alloc__console_readLine_ArrayList_14.java	124
/home/swlab/Documents/swvul/java-vuln-detection/slicing/output/CPG/cwe789_cpg/cwe789-680-cpg-resolved.bin	tc680_flow3	CWE789_Uncontrolled_Mem_Alloc__console_readLine_ArrayList_14.java	135	CWE789_Uncontrolled_Mem_Alloc__console_readLine_ArrayList_14.java	145
/home/swlab/Documents/swvul/java-vuln-detection/slicing/output/CPG/cwe789_cpg/cwe789-681-cpg-resolved.bin	tc681_flow1	CWE789_Uncontrolled_Mem_Alloc__console_readLine_ArrayList_15.java	49	CWE789_Uncontrolled_Mem_Alloc__console_readLine_ArrayList_15.java	103
/home/swlab/Documents/swvul/java-vuln-detection/slicing/output/CPG/cwe789_cpg/cwe789-681-cpg-resolved.bin	tc681_flow2	CWE789_Uncontrolled_Mem_Alloc__console_readLine_ArrayList_15.java	121	CWE789_Uncontrolled_Mem_Alloc__console_readLine_ArrayList_15.java	126
/home/swlab/Documents/swvul/java-vuln-detection/slicing/output/CPG/cwe789_cpg/cwe789-681-cpg-resolved.bin	tc681_flow3	CWE789_Uncontrolled_Mem_Alloc__console_readLine_ArrayList_15.java	139	CWE789_Uncontrolled_Mem_Alloc__console_readLine_ArrayList_15.java	149
/home/swlab/Documents/swvul/java-vuln-detection/slicing/output/CPG/cwe789_cpg/cwe789-682-cpg-resolved.bin	tc682_flow1	CWE789_Uncontrolled_Mem_Alloc__console_readLine_ArrayList_16.java	48	CWE789_Uncontrolled_Mem_Alloc__console_readLine_ArrayList_16.java	97
/home/swlab/Documents/swvul/java-vuln-detection/slicing/output/CPG/cwe789_cpg/cwe789-682-cpg-resolved.bin	tc682_flow2	CWE789_Uncontrolled_Mem_Alloc__console_readLine_ArrayList_16.java	109	CWE789_Uncontrolled_Mem_Alloc__console_readLine_ArrayList_16.java	114
/home/swlab/Documents/swvul/java-vuln-detection/slicing/output/CPG/cwe789_cpg/cwe789-683-cpg-resolved.bin	tc683_flow1	CWE789_Uncontrolled_Mem_Alloc__console_readLine_ArrayList_17.java	49	CWE789_Uncontrolled_Mem_Alloc__console_readLine_ArrayList_17.java	98
/home/swlab/Documents/swvul/java-vuln-detection/slicing/output/CPG/cwe789_cpg/cwe789-683-cpg-resolved.bin	tc683_flow2	CWE789_Uncontrolled_Mem_Alloc__console_readLine_ArrayList_17.java	109	CWE789_Uncontrolled_Mem_Alloc__console_readLine_ArrayList_17.java	114
/home/swlab/Documents/swvul/java-vuln-detection/slicing/output/CPG/cwe789_cpg/cwe789-684-cpg-resolved.bin	tc684_flow2	CWE789_Uncontrolled_Mem_Alloc__console_readLine_ArrayList_21.java	156	CWE789_Uncontrolled_Mem_Alloc__console_readLine_ArrayList_21.java	138
/home/swlab/Documents/swvul/java-vuln-detection/slicing/output/CPG/cwe789_cpg/cwe789-684-cpg-resolved.bin	tc684_flow3	CWE789_Uncontrolled_Mem_Alloc__console_readLine_ArrayList_21.java	183	CWE789_Uncontrolled_Mem_Alloc__console_readLine_ArrayList_21.java	172
/home/swlab/Documents/swvul/java-vuln-detection/slicing/output/CPG/cwe789_cpg/cwe789-685-cpg-resolved.bin	tc685_flow2	CWE789_Uncontrolled_Mem_Alloc__console_readLine_ArrayList_22b.java	116	CWE789_Uncontrolled_Mem_Alloc__console_readLine_ArrayList_22a.java	62
/home/swlab/Documents/swvul/java-vuln-detection/slicing/output/CPG/cwe789_cpg/cwe789-685-cpg-resolved.bin	tc685_flow3	CWE789_Uncontrolled_Mem_Alloc__console_readLine_ArrayList_22b.java	131	CWE789_Uncontrolled_Mem_Alloc__console_readLine_ArrayList_22a.java	75
/home/swlab/Documents/swvul/java-vuln-detection/slicing/output/CPG/cwe789_cpg/cwe789-686-cpg-resolved.bin	tc686_flow1	CWE789_Uncontrolled_Mem_Alloc__console_readLine_ArrayList_31.java	52	CWE789_Uncontrolled_Mem_Alloc__console_readLine_ArrayList_31.java	104
/home/swlab/Documents/swvul/java-vuln-detection/slicing/output/CPG/cwe789_cpg/cwe789-686-cpg-resolved.bin	tc686_flow2	CWE789_Uncontrolled_Mem_Alloc__console_readLine_ArrayList_31.java	122	CWE789_Uncontrolled_Mem_Alloc__console_readLine_ArrayList_31.java	130
/home/swlab/Documents/swvul/java-vuln-detection/slicing/output/CPG/cwe789_cpg/cwe789-687-cpg-resolved.bin	tc687_flow1	CWE789_Uncontrolled_Mem_Alloc__console_readLine_ArrayList_41.java	35	CWE789_Uncontrolled_Mem_Alloc__console_readLine_ArrayList_41.java	102
/home/swlab/Documents/swvul/java-vuln-detection/slicing/output/CPG/cwe789_cpg/cwe789-687-cpg-resolved.bin	tc687_flow2	CWE789_Uncontrolled_Mem_Alloc__console_readLine_ArrayList_41.java	124	CWE789_Uncontrolled_Mem_Alloc__console_readLine_ArrayList_41.java	114
/home/swlab/Documents/swvul/java-vuln-detection/slicing/output/CPG/cwe789_cpg/cwe789-688-cpg-resolved.bin	tc688_flow1	CWE789_Uncontrolled_Mem_Alloc__console_readLine_ArrayList_42.java	48	CWE789_Uncontrolled_Mem_Alloc__console_readLine_ArrayList_42.java	103
/home/swlab/Documents/swvul/java-vuln-detection/slicing/output/CPG/cwe789_cpg/cwe789-688-cpg-resolved.bin	tc688_flow2	CWE789_Uncontrolled_Mem_Alloc__console_readLine_ArrayList_42.java	112	CWE789_Uncontrolled_Mem_Alloc__console_readLine_ArrayList_42.java	123
/home/swlab/Documents/swvul/java-vuln-detection/slicing/output/CPG/cwe789_cpg/cwe789-689-cpg-resolved.bin	tc689_flow1	CWE789_Uncontrolled_Mem_Alloc__console_readLine_ArrayList_45.java	40	CWE789_Uncontrolled_Mem_Alloc__console_readLine_ArrayList_45.java	108
/home/swlab/Documents/swvul/java-vuln-detection/slicing/output/CPG/cwe789_cpg/cwe789-689-cpg-resolved.bin	tc689_flow2	CWE789_Uncontrolled_Mem_Alloc__console_readLine_ArrayList_45.java	132	CWE789_Uncontrolled_Mem_Alloc__console_readLine_ArrayList_45.java	122
/home/swlab/Documents/swvul/java-vuln-detection/slicing/output/CPG/cwe789_cpg/cwe789-690-cpg-resolved.bin	tc690_flow1	CWE789_Uncontrolled_Mem_Alloc__console_readLine_ArrayList_51b.java	29	CWE789_Uncontrolled_Mem_Alloc__console_readLine_ArrayList_51a.java	92
/home/swlab/Documents/swvul/java-vuln-detection/slicing/output/CPG/cwe789_cpg/cwe789-690-cpg-resolved.bin	tc690_flow2	CWE789_Uncontrolled_Mem_Alloc__console_readLine_ArrayList_51a.java	106	CWE789_Uncontrolled_Mem_Alloc__console_readLine_ArrayList_51b.java	38
/home/swlab/Documents/swvul/java-vuln-detection/slicing/output/CPG/cwe789_cpg/cwe789-691-cpg-resolved.bin	tc691_flow1	CWE789_Uncontrolled_Mem_Alloc__console_readLine_ArrayList_52c.java	30	CWE789_Uncontrolled_Mem_Alloc__console_readLine_ArrayList_52a.java	93
/home/swlab/Documents/swvul/java-vuln-detection/slicing/output/CPG/cwe789_cpg/cwe789-691-cpg-resolved.bin	tc691_flow2	CWE789_Uncontrolled_Mem_Alloc__console_readLine_ArrayList_52a.java	107	CWE789_Uncontrolled_Mem_Alloc__console_readLine_ArrayList_52c.java	39
/home/swlab/Documents/swvul/java-vuln-detection/slicing/output/CPG/cwe789_cpg/cwe789-692-cpg-resolved.bin	tc692_flow1	CWE789_Uncontrolled_Mem_Alloc__console_readLine_ArrayList_53d.java	30	CWE789_Uncontrolled_Mem_Alloc__console_readLine_ArrayList_53a.java	93
/home/swlab/Documents/swvul/java-vuln-detection/slicing/output/CPG/cwe789_cpg/cwe789-692-cpg-resolved.bin	tc692_flow2	CWE789_Uncontrolled_Mem_Alloc__console_readLine_ArrayList_53a.java	107	CWE789_Uncontrolled_Mem_Alloc__console_readLine_ArrayList_53d.java	39
/home/swlab/Documents/swvul/java-vuln-detection/slicing/output/CPG/cwe789_cpg/cwe789-693-cpg-resolved.bin	tc693_flow1	CWE789_Uncontrolled_Mem_Alloc__console_readLine_ArrayList_54e.java	30	CWE789_Uncontrolled_Mem_Alloc__console_readLine_ArrayList_54a.java	93
/home/swlab/Documents/swvul/java-vuln-detection/slicing/output/CPG/cwe789_cpg/cwe789-693-cpg-resolved.bin	tc693_flow2	CWE789_Uncontrolled_Mem_Alloc__console_readLine_ArrayList_54a.java	107	CWE789_Uncontrolled_Mem_Alloc__console_readLine_ArrayList_54e.java	39
/home/swlab/Documents/swvul/java-vuln-detection/slicing/output/CPG/cwe789_cpg/cwe789-694-cpg-resolved.bin	tc694_flow1	CWE789_Uncontrolled_Mem_Alloc__console_readLine_ArrayList_61a.java	31	CWE789_Uncontrolled_Mem_Alloc__console_readLine_ArrayList_61b.java	93
/home/swlab/Documents/swvul/java-vuln-detection/slicing/output/CPG/cwe789_cpg/cwe789-694-cpg-resolved.bin	tc694_flow2	CWE789_Uncontrolled_Mem_Alloc__console_readLine_ArrayList_61b.java	102	CWE789_Uncontrolled_Mem_Alloc__console_readLine_ArrayList_61a.java	46
/home/swlab/Documents/swvul/java-vuln-detection/slicing/output/CPG/cwe789_cpg/cwe789-695-cpg-resolved.bin	tc695_flow1	CWE789_Uncontrolled_Mem_Alloc__console_readLine_ArrayList_66b.java	31	CWE789_Uncontrolled_Mem_Alloc__console_readLine_ArrayList_66a.java	93
/home/swlab/Documents/swvul/java-vuln-detection/slicing/output/CPG/cwe789_cpg/cwe789-695-cpg-resolved.bin	tc695_flow2	CWE789_Uncontrolled_Mem_Alloc__console_readLine_ArrayList_66a.java	109	CWE789_Uncontrolled_Mem_Alloc__console_readLine_ArrayList_66b.java	41
/home/swlab/Documents/swvul/java-vuln-detection/slicing/output/CPG/cwe789_cpg/cwe789-696-cpg-resolved.bin	tc696_flow1	CWE789_Uncontrolled_Mem_Alloc__console_readLine_ArrayList_67b.java	31	CWE789_Uncontrolled_Mem_Alloc__console_readLine_ArrayList_67a.java	98
/home/swlab/Documents/swvul/java-vuln-detection/slicing/output/CPG/cwe789_cpg/cwe789-696-cpg-resolved.bin	tc696_flow2	CWE789_Uncontrolled_Mem_Alloc__console_readLine_ArrayList_67a.java	114	CWE789_Uncontrolled_Mem_Alloc__console_readLine_ArrayList_67b.java	41
/home/swlab/Documents/swvul/java-vuln-detection/slicing/output/CPG/cwe789_cpg/cwe789-697-cpg-resolved.bin	tc697_flow1	CWE789_Uncontrolled_Mem_Alloc__console_readLine_ArrayList_68b.java	30	CWE789_Uncontrolled_Mem_Alloc__console_readLine_ArrayList_68a.java	93
/home/swlab/Documents/swvul/java-vuln-detection/slicing/output/CPG/cwe789_cpg/cwe789-697-cpg-resolved.bin	tc697_flow2	CWE789_Uncontrolled_Mem_Alloc__console_readLine_ArrayList_68a.java	106	CWE789_Uncontrolled_Mem_Alloc__console_readLine_ArrayList_68b.java	40
/home/swlab/Documents/swvul/java-vuln-detection/slicing/output/CPG/cwe789_cpg/cwe789-698-cpg-resolved.bin	tc698_flow1	CWE789_Uncontrolled_Mem_Alloc__console_readLine_ArrayList_71b.java	31	CWE789_Uncontrolled_Mem_Alloc__console_readLine_ArrayList_71a.java	93
/home/swlab/Documents/swvul/java-vuln-detection/slicing/output/CPG/cwe789_cpg/cwe789-698-cpg-resolved.bin	tc698_flow2	CWE789_Uncontrolled_Mem_Alloc__console_readLine_ArrayList_71a.java	107	CWE789_Uncontrolled_Mem_Alloc__console_readLine_ArrayList_71b.java	41
/home/swlab/Documents/swvul/java-vuln-detection/slicing/output/CPG/cwe789_cpg/cwe789-699-cpg-resolved.bin	tc699_flow1	CWE789_Uncontrolled_Mem_Alloc__console_readLine_ArrayList_72b.java	32	CWE789_Uncontrolled_Mem_Alloc__console_readLine_ArrayList_72a.java	94
/home/swlab/Documents/swvul/java-vuln-detection/slicing/output/CPG/cwe789_cpg/cwe789-699-cpg-resolved.bin	tc699_flow2	CWE789_Uncontrolled_Mem_Alloc__console_readLine_ArrayList_72a.java	112	CWE789_Uncontrolled_Mem_Alloc__console_readLine_ArrayList_72b.java	42
/home/swlab/Documents/swvul/java-vuln-detection/slicing/output/CPG/cwe789_cpg/cwe789-700-cpg-resolved.bin	tc700_flow1	CWE789_Uncontrolled_Mem_Alloc__console_readLine_ArrayList_73b.java	32	CWE789_Uncontrolled_Mem_Alloc__console_readLine_ArrayList_73a.java	94
/home/swlab/Documents/swvul/java-vuln-detection/slicing/output/CPG/cwe789_cpg/cwe789-700-cpg-resolved.bin	tc700_flow2	CWE789_Uncontrolled_Mem_Alloc__console_readLine_ArrayList_73a.java	112	CWE789_Uncontrolled_Mem_Alloc__console_readLine_ArrayList_73b.java	42
/home/swlab/Documents/swvul/java-vuln-detection/slicing/output/CPG/cwe789_cpg/cwe789-701-cpg-resolved.bin	tc701_flow1	CWE789_Uncontrolled_Mem_Alloc__console_readLine_ArrayList_74b.java	32	CWE789_Uncontrolled_Mem_Alloc__console_readLine_ArrayList_74a.java	94
/home/swlab/Documents/swvul/java-vuln-detection/slicing/output/CPG/cwe789_cpg/cwe789-701-cpg-resolved.bin	tc701_flow2	CWE789_Uncontrolled_Mem_Alloc__console_readLine_ArrayList_74a.java	112	CWE789_Uncontrolled_Mem_Alloc__console_readLine_ArrayList_74b.java	42
/home/swlab/Documents/swvul/java-vuln-detection/slicing/output/CPG/cwe789_cpg/cwe789-702-cpg-resolved.bin	tc702_flow2	CWE789_Uncontrolled_Mem_Alloc__console_readLine_ArrayList_75a.java	152	CWE789_Uncontrolled_Mem_Alloc__console_readLine_ArrayList_75b.java	97
/home/swlab/Documents/swvul/java-vuln-detection/slicing/output/CPG/cwe789_cpg/cwe789-703-cpg-resolved.bin	tc703_flow1	CWE789_Uncontrolled_Mem_Alloc__console_readLine_ArrayList_81_bad.java	30	CWE789_Uncontrolled_Mem_Alloc__console_readLine_ArrayList_81a.java	93
/home/swlab/Documents/swvul/java-vuln-detection/slicing/output/CPG/cwe789_cpg/cwe789-703-cpg-resolved.bin	tc703_flow2	CWE789_Uncontrolled_Mem_Alloc__console_readLine_ArrayList_81a.java	108	CWE789_Uncontrolled_Mem_Alloc__console_readLine_ArrayList_81_goodG2B.java	30
/home/swlab/Documents/swvul/java-vuln-detection/slicing/output/CPG/cwe789_cpg/cwe789-704-cpg-resolved.bin	tc704_flow1	CWE789_Uncontrolled_Mem_Alloc__console_readLine_HashMap_01.java	49	CWE789_Uncontrolled_Mem_Alloc__console_readLine_HashMap_01.java	96
/home/swlab/Documents/swvul/java-vuln-detection/slicing/output/CPG/cwe789_cpg/cwe789-704-cpg-resolved.bin	tc704_flow2	CWE789_Uncontrolled_Mem_Alloc__console_readLine_HashMap_01.java	111	CWE789_Uncontrolled_Mem_Alloc__console_readLine_HashMap_01.java	114
/home/swlab/Documents/swvul/java-vuln-detection/slicing/output/CPG/cwe789_cpg/cwe789-705-cpg-resolved.bin	tc705_flow1	CWE789_Uncontrolled_Mem_Alloc__console_readLine_HashMap_02.java	47	CWE789_Uncontrolled_Mem_Alloc__console_readLine_HashMap_02.java	101
/home/swlab/Documents/swvul/java-vuln-detection/slicing/output/CPG/cwe789_cpg/cwe789-705-cpg-resolved.bin	tc705_flow2	CWE789_Uncontrolled_Mem_Alloc__console_readLine_HashMap_02.java	119	CWE789_Uncontrolled_Mem_Alloc__console_readLine_HashMap_02.java	124
/home/swlab/Documents/swvul/java-vuln-detection/slicing/output/CPG/cwe789_cpg/cwe789-705-cpg-resolved.bin	tc705_flow3	CWE789_Uncontrolled_Mem_Alloc__console_readLine_HashMap_02.java	135	CWE789_Uncontrolled_Mem_Alloc__console_readLine_HashMap_02.java	145
/home/swlab/Documents/swvul/java-vuln-detection/slicing/output/CPG/cwe789_cpg/cwe789-706-cpg-resolved.bin	tc706_flow1	CWE789_Uncontrolled_Mem_Alloc__console_readLine_HashMap_03.java	47	CWE789_Uncontrolled_Mem_Alloc__console_readLine_HashMap_03.java	101
/home/swlab/Documents/swvul/java-vuln-detection/slicing/output/CPG/cwe789_cpg/cwe789-706-cpg-resolved.bin	tc706_flow2	CWE789_Uncontrolled_Mem_Alloc__console_readLine_HashMap_03.java	119	CWE789_Uncontrolled_Mem_Alloc__console_readLine_HashMap_03.java	124
/home/swlab/Documents/swvul/java-vuln-detection/slicing/output/CPG/cwe789_cpg/cwe789-706-cpg-resolved.bin	tc706_flow3	CWE789_Uncontrolled_Mem_Alloc__console_readLine_HashMap_03.java	135	CWE789_Uncontrolled_Mem_Alloc__console_readLine_HashMap_03.java	145
/home/swlab/Documents/swvul/java-vuln-detection/slicing/output/CPG/cwe789_cpg/cwe789-707-cpg-resolved.bin	tc707_flow1	CWE789_Uncontrolled_Mem_Alloc__console_readLine_HashMap_04.java	54	CWE789_Uncontrolled_Mem_Alloc__console_readLine_HashMap_04.java	108
/home/swlab/Documents/swvul/java-vuln-detection/slicing/output/CPG/cwe789_cpg/cwe789-707-cpg-resolved.bin	tc707_flow2	CWE789_Uncontrolled_Mem_Alloc__console_readLine_HashMap_04.java	126	CWE789_Uncontrolled_Mem_Alloc__console_readLine_HashMap_04.java	131
/home/swlab/Documents/swvul/java-vuln-detection/slicing/output/CPG/cwe789_cpg/cwe789-707-cpg-resolved.bin	tc707_flow3	CWE789_Uncontrolled_Mem_Alloc__console_readLine_HashMap_04.java	142	CWE789_Uncontrolled_Mem_Alloc__console_readLine_HashMap_04.java	152
/home/swlab/Documents/swvul/java-vuln-detection/slicing/output/CPG/cwe789_cpg/cwe789-708-cpg-resolved.bin	tc708_flow1	CWE789_Uncontrolled_Mem_Alloc__console_readLine_HashMap_05.java	54	CWE789_Uncontrolled_Mem_Alloc__console_readLine_HashMap_05.java	108
/home/swlab/Documents/swvul/java-vuln-detection/slicing/output/CPG/cwe789_cpg/cwe789-708-cpg-resolved.bin	tc708_flow2	CWE789_Uncontrolled_Mem_Alloc__console_readLine_HashMap_05.java	126	CWE789_Uncontrolled_Mem_Alloc__console_readLine_HashMap_05.java	131
/home/swlab/Documents/swvul/java-vuln-detection/slicing/output/CPG/cwe789_cpg/cwe789-708-cpg-resolved.bin	tc708_flow3	CWE789_Uncontrolled_Mem_Alloc__console_readLine_HashMap_05.java	142	CWE789_Uncontrolled_Mem_Alloc__console_readLine_HashMap_05.java	152
/home/swlab/Documents/swvul/java-vuln-detection/slicing/output/CPG/cwe789_cpg/cwe789-709-cpg-resolved.bin	tc709_flow1	CWE789_Uncontrolled_Mem_Alloc__console_readLine_HashMap_06.java	53	CWE789_Uncontrolled_Mem_Alloc__console_readLine_HashMap_06.java	107
/home/swlab/Documents/swvul/java-vuln-detection/slicing/output/CPG/cwe789_cpg/cwe789-709-cpg-resolved.bin	tc709_flow2	CWE789_Uncontrolled_Mem_Alloc__console_readLine_HashMap_06.java	125	CWE789_Uncontrolled_Mem_Alloc__console_readLine_HashMap_06.java	130
/home/swlab/Documents/swvul/java-vuln-detection/slicing/output/CPG/cwe789_cpg/cwe789-709-cpg-resolved.bin	tc709_flow3	CWE789_Uncontrolled_Mem_Alloc__console_readLine_HashMap_06.java	141	CWE789_Uncontrolled_Mem_Alloc__console_readLine_HashMap_06.java	151
/home/swlab/Documents/swvul/java-vuln-detection/slicing/output/CPG/cwe789_cpg/cwe789-710-cpg-resolved.bin	tc710_flow1	CWE789_Uncontrolled_Mem_Alloc__console_readLine_HashMap_07.java	53	CWE789_Uncontrolled_Mem_Alloc__console_readLine_HashMap_07.java	107
/home/swlab/Documents/swvul/java-vuln-detection/slicing/output/CPG/cwe789_cpg/cwe789-710-cpg-resolved.bin	tc710_flow2	CWE789_Uncontrolled_Mem_Alloc__console_readLine_HashMap_07.java	125	CWE789_Uncontrolled_Mem_Alloc__console_readLine_HashMap_07.java	130
/home/swlab/Documents/swvul/java-vuln-detection/slicing/output/CPG/cwe789_cpg/cwe789-710-cpg-resolved.bin	tc710_flow3	CWE789_Uncontrolled_Mem_Alloc__console_readLine_HashMap_07.java	141	CWE789_Uncontrolled_Mem_Alloc__console_readLine_HashMap_07.java	151
/home/swlab/Documents/swvul/java-vuln-detection/slicing/output/CPG/cwe789_cpg/cwe789-711-cpg-resolved.bin	tc711_flow1	CWE789_Uncontrolled_Mem_Alloc__console_readLine_HashMap_08.java	61	CWE789_Uncontrolled_Mem_Alloc__console_readLine_HashMap_08.java	115
/home/swlab/Documents/swvul/java-vuln-detection/slicing/output/CPG/cwe789_cpg/cwe789-711-cpg-resolved.bin	tc711_flow2	CWE789_Uncontrolled_Mem_Alloc__console_readLine_HashMap_08.java	133	CWE789_Uncontrolled_Mem_Alloc__console_readLine_HashMap_08.java	138
/home/swlab/Documents/swvul/java-vuln-detection/slicing/output/CPG/cwe789_cpg/cwe789-711-cpg-resolved.bin	tc711_flow3	CWE789_Uncontrolled_Mem_Alloc__console_readLine_HashMap_08.java	149	CWE789_Uncontrolled_Mem_Alloc__console_readLine_HashMap_08.java	159
/home/swlab/Documents/swvul/java-vuln-detection/slicing/output/CPG/cwe789_cpg/cwe789-712-cpg-resolved.bin	tc712_flow1	CWE789_Uncontrolled_Mem_Alloc__console_readLine_HashMap_09.java	47	CWE789_Uncontrolled_Mem_Alloc__console_readLine_HashMap_09.java	101
/home/swlab/Documents/swvul/java-vuln-detection/slicing/output/CPG/cwe789_cpg/cwe789-712-cpg-resolved.bin	tc712_flow2	CWE789_Uncontrolled_Mem_Alloc__console_readLine_HashMap_09.java	119	CWE789_Uncontrolled_Mem_Alloc__console_readLine_HashMap_09.java	124
/home/swlab/Documents/swvul/java-vuln-detection/slicing/output/CPG/cwe789_cpg/cwe789-712-cpg-resolved.bin	tc712_flow3	CWE789_Uncontrolled_Mem_Alloc__console_readLine_HashMap_09.java	135	CWE789_Uncontrolled_Mem_Alloc__console_readLine_HashMap_09.java	145
/home/swlab/Documents/swvul/java-vuln-detection/slicing/output/CPG/cwe789_cpg/cwe789-713-cpg-resolved.bin	tc713_flow1	CWE789_Uncontrolled_Mem_Alloc__console_readLine_HashMap_10.java	47	CWE789_Uncontrolled_Mem_Alloc__console_readLine_HashMap_10.java	101
/home/swlab/Documents/swvul/java-vuln-detection/slicing/output/CPG/cwe789_cpg/cwe789-713-cpg-resolved.bin	tc713_flow2	CWE789_Uncontrolled_Mem_Alloc__console_readLine_HashMap_10.java	119	CWE789_Uncontrolled_Mem_Alloc__console_readLine_HashMap_10.java	124
/home/swlab/Documents/swvul/java-vuln-detection/slicing/output/CPG/cwe789_cpg/cwe789-713-cpg-resolved.bin	tc713_flow3	CWE789_Uncontrolled_Mem_Alloc__console_readLine_HashMap_10.java	135	CWE789_Uncontrolled_Mem_Alloc__console_readLine_HashMap_10.java	145
/home/swlab/Documents/swvul/java-vuln-detection/slicing/output/CPG/cwe789_cpg/cwe789-714-cpg-resolved.bin	tc714_flow1	CWE789_Uncontrolled_Mem_Alloc__console_readLine_HashMap_11.java	47	CWE789_Uncontrolled_Mem_Alloc__console_readLine_HashMap_11.java	101
/home/swlab/Documents/swvul/java-vuln-detection/slicing/output/CPG/cwe789_cpg/cwe789-714-cpg-resolved.bin	tc714_flow2	CWE789_Uncontrolled_Mem_Alloc__console_readLine_HashMap_11.java	119	CWE789_Uncontrolled_Mem_Alloc__console_readLine_HashMap_11.java	124
/home/swlab/Documents/swvul/java-vuln-detection/slicing/output/CPG/cwe789_cpg/cwe789-714-cpg-resolved.bin	tc714_flow3	CWE789_Uncontrolled_Mem_Alloc__console_readLine_HashMap_11.java	135	CWE789_Uncontrolled_Mem_Alloc__console_readLine_HashMap_11.java	145
/home/swlab/Documents/swvul/java-vuln-detection/slicing/output/CPG/cwe789_cpg/cwe789-715-cpg-resolved.bin	tc715_flow1	CWE789_Uncontrolled_Mem_Alloc__console_readLine_HashMap_12.java	47	CWE789_Uncontrolled_Mem_Alloc__console_readLine_HashMap_12.java	102
/home/swlab/Documents/swvul/java-vuln-detection/slicing/output/CPG/cwe789_cpg/cwe789-715-cpg-resolved.bin	tc715_flow2	CWE789_Uncontrolled_Mem_Alloc__console_readLine_HashMap_12.java	114	CWE789_Uncontrolled_Mem_Alloc__console_readLine_HashMap_12.java	125
/home/swlab/Documents/swvul/java-vuln-detection/slicing/output/CPG/cwe789_cpg/cwe789-716-cpg-resolved.bin	tc716_flow1	CWE789_Uncontrolled_Mem_Alloc__console_readLine_HashMap_13.java	47	CWE789_Uncontrolled_Mem_Alloc__console_readLine_HashMap_13.java	101
/home/swlab/Documents/swvul/java-vuln-detection/slicing/output/CPG/cwe789_cpg/cwe789-716-cpg-resolved.bin	tc716_flow2	CWE789_Uncontrolled_Mem_Alloc__console_readLine_HashMap_13.java	119	CWE789_Uncontrolled_Mem_Alloc__console_readLine_HashMap_13.java	124
/home/swlab/Documents/swvul/java-vuln-detection/slicing/output/CPG/cwe789_cpg/cwe789-716-cpg-resolved.bin	tc716_flow3	CWE789_Uncontrolled_Mem_Alloc__console_readLine_HashMap_13.java	135	CWE789_Uncontrolled_Mem_Alloc__console_readLine_HashMap_13.java	145
/home/swlab/Documents/swvul/java-vuln-detection/slicing/output/CPG/cwe789_cpg/cwe789-717-cpg-resolved.bin	tc717_flow1	CWE789_Uncontrolled_Mem_Alloc__console_readLine_HashMap_14.java	47	CWE789_Uncontrolled_Mem_Alloc__console_readLine_HashMap_14.java	101
/home/swlab/Documents/swvul/java-vuln-detection/slicing/output/CPG/cwe789_cpg/cwe789-717-cpg-resolved.bin	tc717_flow2	CWE789_Uncontrolled_Mem_Alloc__console_readLine_HashMap_14.java	119	CWE789_Uncontrolled_Mem_Alloc__console_readLine_HashMap_14.java	124
/home/swlab/Documents/swvul/java-vuln-detection/slicing/output/CPG/cwe789_cpg/cwe789-717-cpg-resolved.bin	tc717_flow3	CWE789_Uncontrolled_Mem_Alloc__console_readLine_HashMap_14.java	135	CWE789_Uncontrolled_Mem_Alloc__console_readLine_HashMap_14.java	145
/home/swlab/Documents/swvul/java-vuln-detection/slicing/output/CPG/cwe789_cpg/cwe789-718-cpg-resolved.bin	tc718_flow1	CWE789_Uncontrolled_Mem_Alloc__console_readLine_HashMap_15.java	49	CWE789_Uncontrolled_Mem_Alloc__console_readLine_HashMap_15.java	103
/home/swlab/Documents/swvul/java-vuln-detection/slicing/output/CPG/cwe789_cpg/cwe789-718-cpg-resolved.bin	tc718_flow2	CWE789_Uncontrolled_Mem_Alloc__console_readLine_HashMap_15.java	121	CWE789_Uncontrolled_Mem_Alloc__console_readLine_HashMap_15.java	126
/home/swlab/Documents/swvul/java-vuln-detection/slicing/output/CPG/cwe789_cpg/cwe789-718-cpg-resolved.bin	tc718_flow3	CWE789_Uncontrolled_Mem_Alloc__console_readLine_HashMap_15.java	139	CWE789_Uncontrolled_Mem_Alloc__console_readLine_HashMap_15.java	149
/home/swlab/Documents/swvul/java-vuln-detection/slicing/output/CPG/cwe789_cpg/cwe789-719-cpg-resolved.bin	tc719_flow1	CWE789_Uncontrolled_Mem_Alloc__console_readLine_HashMap_16.java	48	CWE789_Uncontrolled_Mem_Alloc__console_readLine_HashMap_16.java	97
/home/swlab/Documents/swvul/java-vuln-detection/slicing/output/CPG/cwe789_cpg/cwe789-719-cpg-resolved.bin	tc719_flow2	CWE789_Uncontrolled_Mem_Alloc__console_readLine_HashMap_16.java	109	CWE789_Uncontrolled_Mem_Alloc__console_readLine_HashMap_16.java	114
/home/swlab/Documents/swvul/java-vuln-detection/slicing/output/CPG/cwe789_cpg/cwe789-720-cpg-resolved.bin	tc720_flow1	CWE789_Uncontrolled_Mem_Alloc__console_readLine_HashMap_17.java	49	CWE789_Uncontrolled_Mem_Alloc__console_readLine_HashMap_17.java	98
/home/swlab/Documents/swvul/java-vuln-detection/slicing/output/CPG/cwe789_cpg/cwe789-720-cpg-resolved.bin	tc720_flow2	CWE789_Uncontrolled_Mem_Alloc__console_readLine_HashMap_17.java	109	CWE789_Uncontrolled_Mem_Alloc__console_readLine_HashMap_17.java	114
/home/swlab/Documents/swvul/java-vuln-detection/slicing/output/CPG/cwe789_cpg/cwe789-721-cpg-resolved.bin	tc721_flow2	CWE789_Uncontrolled_Mem_Alloc__console_readLine_HashMap_21.java	156	CWE789_Uncontrolled_Mem_Alloc__console_readLine_HashMap_21.java	138
/home/swlab/Documents/swvul/java-vuln-detection/slicing/output/CPG/cwe789_cpg/cwe789-721-cpg-resolved.bin	tc721_flow3	CWE789_Uncontrolled_Mem_Alloc__console_readLine_HashMap_21.java	183	CWE789_Uncontrolled_Mem_Alloc__console_readLine_HashMap_21.java	172
/home/swlab/Documents/swvul/java-vuln-detection/slicing/output/CPG/cwe789_cpg/cwe789-722-cpg-resolved.bin	tc722_flow2	CWE789_Uncontrolled_Mem_Alloc__console_readLine_HashMap_22b.java	116	CWE789_Uncontrolled_Mem_Alloc__console_readLine_HashMap_22a.java	62
/home/swlab/Documents/swvul/java-vuln-detection/slicing/output/CPG/cwe789_cpg/cwe789-722-cpg-resolved.bin	tc722_flow3	CWE789_Uncontrolled_Mem_Alloc__console_readLine_HashMap_22b.java	131	CWE789_Uncontrolled_Mem_Alloc__console_readLine_HashMap_22a.java	75
/home/swlab/Documents/swvul/java-vuln-detection/slicing/output/CPG/cwe789_cpg/cwe789-723-cpg-resolved.bin	tc723_flow1	CWE789_Uncontrolled_Mem_Alloc__console_readLine_HashMap_31.java	52	CWE789_Uncontrolled_Mem_Alloc__console_readLine_HashMap_31.java	104
/home/swlab/Documents/swvul/java-vuln-detection/slicing/output/CPG/cwe789_cpg/cwe789-723-cpg-resolved.bin	tc723_flow2	CWE789_Uncontrolled_Mem_Alloc__console_readLine_HashMap_31.java	122	CWE789_Uncontrolled_Mem_Alloc__console_readLine_HashMap_31.java	130
/home/swlab/Documents/swvul/java-vuln-detection/slicing/output/CPG/cwe789_cpg/cwe789-724-cpg-resolved.bin	tc724_flow1	CWE789_Uncontrolled_Mem_Alloc__console_readLine_HashMap_41.java	35	CWE789_Uncontrolled_Mem_Alloc__console_readLine_HashMap_41.java	102
/home/swlab/Documents/swvul/java-vuln-detection/slicing/output/CPG/cwe789_cpg/cwe789-724-cpg-resolved.bin	tc724_flow2	CWE789_Uncontrolled_Mem_Alloc__console_readLine_HashMap_41.java	124	CWE789_Uncontrolled_Mem_Alloc__console_readLine_HashMap_41.java	114
/home/swlab/Documents/swvul/java-vuln-detection/slicing/output/CPG/cwe789_cpg/cwe789-725-cpg-resolved.bin	tc725_flow1	CWE789_Uncontrolled_Mem_Alloc__console_readLine_HashMap_42.java	48	CWE789_Uncontrolled_Mem_Alloc__console_readLine_HashMap_42.java	103
/home/swlab/Documents/swvul/java-vuln-detection/slicing/output/CPG/cwe789_cpg/cwe789-725-cpg-resolved.bin	tc725_flow2	CWE789_Uncontrolled_Mem_Alloc__console_readLine_HashMap_42.java	112	CWE789_Uncontrolled_Mem_Alloc__console_readLine_HashMap_42.java	123
/home/swlab/Documents/swvul/java-vuln-detection/slicing/output/CPG/cwe789_cpg/cwe789-726-cpg-resolved.bin	tc726_flow1	CWE789_Uncontrolled_Mem_Alloc__console_readLine_HashMap_45.java	40	CWE789_Uncontrolled_Mem_Alloc__console_readLine_HashMap_45.java	108
/home/swlab/Documents/swvul/java-vuln-detection/slicing/output/CPG/cwe789_cpg/cwe789-726-cpg-resolved.bin	tc726_flow2	CWE789_Uncontrolled_Mem_Alloc__console_readLine_HashMap_45.java	132	CWE789_Uncontrolled_Mem_Alloc__console_readLine_HashMap_45.java	122
/home/swlab/Documents/swvul/java-vuln-detection/slicing/output/CPG/cwe789_cpg/cwe789-727-cpg-resolved.bin	tc727_flow1	CWE789_Uncontrolled_Mem_Alloc__console_readLine_HashMap_51b.java	29	CWE789_Uncontrolled_Mem_Alloc__console_readLine_HashMap_51a.java	92
/home/swlab/Documents/swvul/java-vuln-detection/slicing/output/CPG/cwe789_cpg/cwe789-727-cpg-resolved.bin	tc727_flow2	CWE789_Uncontrolled_Mem_Alloc__console_readLine_HashMap_51a.java	106	CWE789_Uncontrolled_Mem_Alloc__console_readLine_HashMap_51b.java	38
/home/swlab/Documents/swvul/java-vuln-detection/slicing/output/CPG/cwe789_cpg/cwe789-728-cpg-resolved.bin	tc728_flow1	CWE789_Uncontrolled_Mem_Alloc__console_readLine_HashMap_52c.java	30	CWE789_Uncontrolled_Mem_Alloc__console_readLine_HashMap_52a.java	93
/home/swlab/Documents/swvul/java-vuln-detection/slicing/output/CPG/cwe789_cpg/cwe789-728-cpg-resolved.bin	tc728_flow2	CWE789_Uncontrolled_Mem_Alloc__console_readLine_HashMap_52a.java	107	CWE789_Uncontrolled_Mem_Alloc__console_readLine_HashMap_52c.java	39
/home/swlab/Documents/swvul/java-vuln-detection/slicing/output/CPG/cwe789_cpg/cwe789-729-cpg-resolved.bin	tc729_flow1	CWE789_Uncontrolled_Mem_Alloc__console_readLine_HashMap_53d.java	30	CWE789_Uncontrolled_Mem_Alloc__console_readLine_HashMap_53a.java	93
/home/swlab/Documents/swvul/java-vuln-detection/slicing/output/CPG/cwe789_cpg/cwe789-729-cpg-resolved.bin	tc729_flow2	CWE789_Uncontrolled_Mem_Alloc__console_readLine_HashMap_53a.java	107	CWE789_Uncontrolled_Mem_Alloc__console_readLine_HashMap_53d.java	39
/home/swlab/Documents/swvul/java-vuln-detection/slicing/output/CPG/cwe789_cpg/cwe789-730-cpg-resolved.bin	tc730_flow1	CWE789_Uncontrolled_Mem_Alloc__console_readLine_HashMap_54e.java	30	CWE789_Uncontrolled_Mem_Alloc__console_readLine_HashMap_54a.java	93
/home/swlab/Documents/swvul/java-vuln-detection/slicing/output/CPG/cwe789_cpg/cwe789-730-cpg-resolved.bin	tc730_flow2	CWE789_Uncontrolled_Mem_Alloc__console_readLine_HashMap_54a.java	107	CWE789_Uncontrolled_Mem_Alloc__console_readLine_HashMap_54e.java	39
/home/swlab/Documents/swvul/java-vuln-detection/slicing/output/CPG/cwe789_cpg/cwe789-731-cpg-resolved.bin	tc731_flow1	CWE789_Uncontrolled_Mem_Alloc__console_readLine_HashMap_61a.java	31	CWE789_Uncontrolled_Mem_Alloc__console_readLine_HashMap_61b.java	93
/home/swlab/Documents/swvul/java-vuln-detection/slicing/output/CPG/cwe789_cpg/cwe789-731-cpg-resolved.bin	tc731_flow2	CWE789_Uncontrolled_Mem_Alloc__console_readLine_HashMap_61b.java	102	CWE789_Uncontrolled_Mem_Alloc__console_readLine_HashMap_61a.java	46
/home/swlab/Documents/swvul/java-vuln-detection/slicing/output/CPG/cwe789_cpg/cwe789-732-cpg-resolved.bin	tc732_flow1	CWE789_Uncontrolled_Mem_Alloc__console_readLine_HashMap_66b.java	31	CWE789_Uncontrolled_Mem_Alloc__console_readLine_HashMap_66a.java	93
/home/swlab/Documents/swvul/java-vuln-detection/slicing/output/CPG/cwe789_cpg/cwe789-732-cpg-resolved.bin	tc732_flow2	CWE789_Uncontrolled_Mem_Alloc__console_readLine_HashMap_66a.java	109	CWE789_Uncontrolled_Mem_Alloc__console_readLine_HashMap_66b.java	41
/home/swlab/Documents/swvul/java-vuln-detection/slicing/output/CPG/cwe789_cpg/cwe789-733-cpg-resolved.bin	tc733_flow1	CWE789_Uncontrolled_Mem_Alloc__console_readLine_HashMap_67b.java	31	CWE789_Uncontrolled_Mem_Alloc__console_readLine_HashMap_67a.java	98
/home/swlab/Documents/swvul/java-vuln-detection/slicing/output/CPG/cwe789_cpg/cwe789-733-cpg-resolved.bin	tc733_flow2	CWE789_Uncontrolled_Mem_Alloc__console_readLine_HashMap_67a.java	114	CWE789_Uncontrolled_Mem_Alloc__console_readLine_HashMap_67b.java	41
/home/swlab/Documents/swvul/java-vuln-detection/slicing/output/CPG/cwe789_cpg/cwe789-734-cpg-resolved.bin	tc734_flow1	CWE789_Uncontrolled_Mem_Alloc__console_readLine_HashMap_68b.java	30	CWE789_Uncontrolled_Mem_Alloc__console_readLine_HashMap_68a.java	93
/home/swlab/Documents/swvul/java-vuln-detection/slicing/output/CPG/cwe789_cpg/cwe789-734-cpg-resolved.bin	tc734_flow2	CWE789_Uncontrolled_Mem_Alloc__console_readLine_HashMap_68a.java	106	CWE789_Uncontrolled_Mem_Alloc__console_readLine_HashMap_68b.java	40
/home/swlab/Documents/swvul/java-vuln-detection/slicing/output/CPG/cwe789_cpg/cwe789-735-cpg-resolved.bin	tc735_flow1	CWE789_Uncontrolled_Mem_Alloc__console_readLine_HashMap_71b.java	31	CWE789_Uncontrolled_Mem_Alloc__console_readLine_HashMap_71a.java	93
/home/swlab/Documents/swvul/java-vuln-detection/slicing/output/CPG/cwe789_cpg/cwe789-735-cpg-resolved.bin	tc735_flow2	CWE789_Uncontrolled_Mem_Alloc__console_readLine_HashMap_71a.java	107	CWE789_Uncontrolled_Mem_Alloc__console_readLine_HashMap_71b.java	41
/home/swlab/Documents/swvul/java-vuln-detection/slicing/output/CPG/cwe789_cpg/cwe789-736-cpg-resolved.bin	tc736_flow1	CWE789_Uncontrolled_Mem_Alloc__console_readLine_HashMap_72b.java	32	CWE789_Uncontrolled_Mem_Alloc__console_readLine_HashMap_72a.java	94
/home/swlab/Documents/swvul/java-vuln-detection/slicing/output/CPG/cwe789_cpg/cwe789-736-cpg-resolved.bin	tc736_flow2	CWE789_Uncontrolled_Mem_Alloc__console_readLine_HashMap_72a.java	112	CWE789_Uncontrolled_Mem_Alloc__console_readLine_HashMap_72b.java	42
/home/swlab/Documents/swvul/java-vuln-detection/slicing/output/CPG/cwe789_cpg/cwe789-737-cpg-resolved.bin	tc737_flow1	CWE789_Uncontrolled_Mem_Alloc__console_readLine_HashMap_73b.java	32	CWE789_Uncontrolled_Mem_Alloc__console_readLine_HashMap_73a.java	94
/home/swlab/Documents/swvul/java-vuln-detection/slicing/output/CPG/cwe789_cpg/cwe789-737-cpg-resolved.bin	tc737_flow2	CWE789_Uncontrolled_Mem_Alloc__console_readLine_HashMap_73a.java	112	CWE789_Uncontrolled_Mem_Alloc__console_readLine_HashMap_73b.java	42
/home/swlab/Documents/swvul/java-vuln-detection/slicing/output/CPG/cwe789_cpg/cwe789-738-cpg-resolved.bin	tc738_flow1	CWE789_Uncontrolled_Mem_Alloc__console_readLine_HashMap_74b.java	31	CWE789_Uncontrolled_Mem_Alloc__console_readLine_HashMap_74a.java	94
/home/swlab/Documents/swvul/java-vuln-detection/slicing/output/CPG/cwe789_cpg/cwe789-738-cpg-resolved.bin	tc738_flow2	CWE789_Uncontrolled_Mem_Alloc__console_readLine_HashMap_74a.java	112	CWE789_Uncontrolled_Mem_Alloc__console_readLine_HashMap_74b.java	41
/home/swlab/Documents/swvul/java-vuln-detection/slicing/output/CPG/cwe789_cpg/cwe789-739-cpg-resolved.bin	tc739_flow2	CWE789_Uncontrolled_Mem_Alloc__console_readLine_HashMap_75a.java	152	CWE789_Uncontrolled_Mem_Alloc__console_readLine_HashMap_75b.java	97
/home/swlab/Documents/swvul/java-vuln-detection/slicing/output/CPG/cwe789_cpg/cwe789-740-cpg-resolved.bin	tc740_flow1	CWE789_Uncontrolled_Mem_Alloc__console_readLine_HashMap_81_bad.java	30	CWE789_Uncontrolled_Mem_Alloc__console_readLine_HashMap_81a.java	93
/home/swlab/Documents/swvul/java-vuln-detection/slicing/output/CPG/cwe789_cpg/cwe789-740-cpg-resolved.bin	tc740_flow2	CWE789_Uncontrolled_Mem_Alloc__console_readLine_HashMap_81a.java	108	CWE789_Uncontrolled_Mem_Alloc__console_readLine_HashMap_81_goodG2B.java	30
/home/swlab/Documents/swvul/java-vuln-detection/slicing/output/CPG/cwe789_cpg/cwe789-741-cpg-resolved.bin	tc741_flow1	CWE789_Uncontrolled_Mem_Alloc__console_readLine_HashSet_01.java	49	CWE789_Uncontrolled_Mem_Alloc__console_readLine_HashSet_01.java	96
/home/swlab/Documents/swvul/java-vuln-detection/slicing/output/CPG/cwe789_cpg/cwe789-741-cpg-resolved.bin	tc741_flow2	CWE789_Uncontrolled_Mem_Alloc__console_readLine_HashSet_01.java	111	CWE789_Uncontrolled_Mem_Alloc__console_readLine_HashSet_01.java	114
/home/swlab/Documents/swvul/java-vuln-detection/slicing/output/CPG/cwe789_cpg/cwe789-742-cpg-resolved.bin	tc742_flow1	CWE789_Uncontrolled_Mem_Alloc__console_readLine_HashSet_02.java	47	CWE789_Uncontrolled_Mem_Alloc__console_readLine_HashSet_02.java	101
/home/swlab/Documents/swvul/java-vuln-detection/slicing/output/CPG/cwe789_cpg/cwe789-742-cpg-resolved.bin	tc742_flow2	CWE789_Uncontrolled_Mem_Alloc__console_readLine_HashSet_02.java	119	CWE789_Uncontrolled_Mem_Alloc__console_readLine_HashSet_02.java	124
/home/swlab/Documents/swvul/java-vuln-detection/slicing/output/CPG/cwe789_cpg/cwe789-742-cpg-resolved.bin	tc742_flow3	CWE789_Uncontrolled_Mem_Alloc__console_readLine_HashSet_02.java	135	CWE789_Uncontrolled_Mem_Alloc__console_readLine_HashSet_02.java	145
/home/swlab/Documents/swvul/java-vuln-detection/slicing/output/CPG/cwe789_cpg/cwe789-743-cpg-resolved.bin	tc743_flow1	CWE789_Uncontrolled_Mem_Alloc__console_readLine_HashSet_03.java	47	CWE789_Uncontrolled_Mem_Alloc__console_readLine_HashSet_03.java	101
/home/swlab/Documents/swvul/java-vuln-detection/slicing/output/CPG/cwe789_cpg/cwe789-743-cpg-resolved.bin	tc743_flow2	CWE789_Uncontrolled_Mem_Alloc__console_readLine_HashSet_03.java	119	CWE789_Uncontrolled_Mem_Alloc__console_readLine_HashSet_03.java	124
/home/swlab/Documents/swvul/java-vuln-detection/slicing/output/CPG/cwe789_cpg/cwe789-743-cpg-resolved.bin	tc743_flow3	CWE789_Uncontrolled_Mem_Alloc__console_readLine_HashSet_03.java	135	CWE789_Uncontrolled_Mem_Alloc__console_readLine_HashSet_03.java	145
/home/swlab/Documents/swvul/java-vuln-detection/slicing/output/CPG/cwe789_cpg/cwe789-744-cpg-resolved.bin	tc744_flow1	CWE789_Uncontrolled_Mem_Alloc__console_readLine_HashSet_04.java	54	CWE789_Uncontrolled_Mem_Alloc__console_readLine_HashSet_04.java	108
/home/swlab/Documents/swvul/java-vuln-detection/slicing/output/CPG/cwe789_cpg/cwe789-744-cpg-resolved.bin	tc744_flow2	CWE789_Uncontrolled_Mem_Alloc__console_readLine_HashSet_04.java	126	CWE789_Uncontrolled_Mem_Alloc__console_readLine_HashSet_04.java	131
/home/swlab/Documents/swvul/java-vuln-detection/slicing/output/CPG/cwe789_cpg/cwe789-744-cpg-resolved.bin	tc744_flow3	CWE789_Uncontrolled_Mem_Alloc__console_readLine_HashSet_04.java	142	CWE789_Uncontrolled_Mem_Alloc__console_readLine_HashSet_04.java	152
/home/swlab/Documents/swvul/java-vuln-detection/slicing/output/CPG/cwe789_cpg/cwe789-745-cpg-resolved.bin	tc745_flow1	CWE789_Uncontrolled_Mem_Alloc__console_readLine_HashSet_05.java	54	CWE789_Uncontrolled_Mem_Alloc__console_readLine_HashSet_05.java	108
/home/swlab/Documents/swvul/java-vuln-detection/slicing/output/CPG/cwe789_cpg/cwe789-745-cpg-resolved.bin	tc745_flow2	CWE789_Uncontrolled_Mem_Alloc__console_readLine_HashSet_05.java	126	CWE789_Uncontrolled_Mem_Alloc__console_readLine_HashSet_05.java	131
/home/swlab/Documents/swvul/java-vuln-detection/slicing/output/CPG/cwe789_cpg/cwe789-745-cpg-resolved.bin	tc745_flow3	CWE789_Uncontrolled_Mem_Alloc__console_readLine_HashSet_05.java	142	CWE789_Uncontrolled_Mem_Alloc__console_readLine_HashSet_05.java	152
/home/swlab/Documents/swvul/java-vuln-detection/slicing/output/CPG/cwe789_cpg/cwe789-746-cpg-resolved.bin	tc746_flow1	CWE789_Uncontrolled_Mem_Alloc__console_readLine_HashSet_06.java	53	CWE789_Uncontrolled_Mem_Alloc__console_readLine_HashSet_06.java	107
/home/swlab/Documents/swvul/java-vuln-detection/slicing/output/CPG/cwe789_cpg/cwe789-746-cpg-resolved.bin	tc746_flow2	CWE789_Uncontrolled_Mem_Alloc__console_readLine_HashSet_06.java	125	CWE789_Uncontrolled_Mem_Alloc__console_readLine_HashSet_06.java	130
/home/swlab/Documents/swvul/java-vuln-detection/slicing/output/CPG/cwe789_cpg/cwe789-746-cpg-resolved.bin	tc746_flow3	CWE789_Uncontrolled_Mem_Alloc__console_readLine_HashSet_06.java	141	CWE789_Uncontrolled_Mem_Alloc__console_readLine_HashSet_06.java	151
/home/swlab/Documents/swvul/java-vuln-detection/slicing/output/CPG/cwe789_cpg/cwe789-747-cpg-resolved.bin	tc747_flow1	CWE789_Uncontrolled_Mem_Alloc__console_readLine_HashSet_07.java	53	CWE789_Uncontrolled_Mem_Alloc__console_readLine_HashSet_07.java	107
/home/swlab/Documents/swvul/java-vuln-detection/slicing/output/CPG/cwe789_cpg/cwe789-747-cpg-resolved.bin	tc747_flow2	CWE789_Uncontrolled_Mem_Alloc__console_readLine_HashSet_07.java	125	CWE789_Uncontrolled_Mem_Alloc__console_readLine_HashSet_07.java	130
/home/swlab/Documents/swvul/java-vuln-detection/slicing/output/CPG/cwe789_cpg/cwe789-747-cpg-resolved.bin	tc747_flow3	CWE789_Uncontrolled_Mem_Alloc__console_readLine_HashSet_07.java	141	CWE789_Uncontrolled_Mem_Alloc__console_readLine_HashSet_07.java	151
/home/swlab/Documents/swvul/java-vuln-detection/slicing/output/CPG/cwe789_cpg/cwe789-748-cpg-resolved.bin	tc748_flow1	CWE789_Uncontrolled_Mem_Alloc__console_readLine_HashSet_08.java	61	CWE789_Uncontrolled_Mem_Alloc__console_readLine_HashSet_08.java	115
/home/swlab/Documents/swvul/java-vuln-detection/slicing/output/CPG/cwe789_cpg/cwe789-748-cpg-resolved.bin	tc748_flow2	CWE789_Uncontrolled_Mem_Alloc__console_readLine_HashSet_08.java	133	CWE789_Uncontrolled_Mem_Alloc__console_readLine_HashSet_08.java	138
/home/swlab/Documents/swvul/java-vuln-detection/slicing/output/CPG/cwe789_cpg/cwe789-748-cpg-resolved.bin	tc748_flow3	CWE789_Uncontrolled_Mem_Alloc__console_readLine_HashSet_08.java	149	CWE789_Uncontrolled_Mem_Alloc__console_readLine_HashSet_08.java	159
/home/swlab/Documents/swvul/java-vuln-detection/slicing/output/CPG/cwe789_cpg/cwe789-749-cpg-resolved.bin	tc749_flow1	CWE789_Uncontrolled_Mem_Alloc__console_readLine_HashSet_09.java	47	CWE789_Uncontrolled_Mem_Alloc__console_readLine_HashSet_09.java	101
/home/swlab/Documents/swvul/java-vuln-detection/slicing/output/CPG/cwe789_cpg/cwe789-749-cpg-resolved.bin	tc749_flow2	CWE789_Uncontrolled_Mem_Alloc__console_readLine_HashSet_09.java	119	CWE789_Uncontrolled_Mem_Alloc__console_readLine_HashSet_09.java	124
/home/swlab/Documents/swvul/java-vuln-detection/slicing/output/CPG/cwe789_cpg/cwe789-749-cpg-resolved.bin	tc749_flow3	CWE789_Uncontrolled_Mem_Alloc__console_readLine_HashSet_09.java	135	CWE789_Uncontrolled_Mem_Alloc__console_readLine_HashSet_09.java	145
/home/swlab/Documents/swvul/java-vuln-detection/slicing/output/CPG/cwe789_cpg/cwe789-750-cpg-resolved.bin	tc750_flow1	CWE789_Uncontrolled_Mem_Alloc__console_readLine_HashSet_10.java	47	CWE789_Uncontrolled_Mem_Alloc__console_readLine_HashSet_10.java	101
/home/swlab/Documents/swvul/java-vuln-detection/slicing/output/CPG/cwe789_cpg/cwe789-750-cpg-resolved.bin	tc750_flow2	CWE789_Uncontrolled_Mem_Alloc__console_readLine_HashSet_10.java	119	CWE789_Uncontrolled_Mem_Alloc__console_readLine_HashSet_10.java	124
/home/swlab/Documents/swvul/java-vuln-detection/slicing/output/CPG/cwe789_cpg/cwe789-750-cpg-resolved.bin	tc750_flow3	CWE789_Uncontrolled_Mem_Alloc__console_readLine_HashSet_10.java	135	CWE789_Uncontrolled_Mem_Alloc__console_readLine_HashSet_10.java	145
/home/swlab/Documents/swvul/java-vuln-detection/slicing/output/CPG/cwe789_cpg/cwe789-751-cpg-resolved.bin	tc751_flow1	CWE789_Uncontrolled_Mem_Alloc__console_readLine_HashSet_11.java	47	CWE789_Uncontrolled_Mem_Alloc__console_readLine_HashSet_11.java	101
/home/swlab/Documents/swvul/java-vuln-detection/slicing/output/CPG/cwe789_cpg/cwe789-751-cpg-resolved.bin	tc751_flow2	CWE789_Uncontrolled_Mem_Alloc__console_readLine_HashSet_11.java	119	CWE789_Uncontrolled_Mem_Alloc__console_readLine_HashSet_11.java	124
/home/swlab/Documents/swvul/java-vuln-detection/slicing/output/CPG/cwe789_cpg/cwe789-751-cpg-resolved.bin	tc751_flow3	CWE789_Uncontrolled_Mem_Alloc__console_readLine_HashSet_11.java	135	CWE789_Uncontrolled_Mem_Alloc__console_readLine_HashSet_11.java	145
/home/swlab/Documents/swvul/java-vuln-detection/slicing/output/CPG/cwe789_cpg/cwe789-752-cpg-resolved.bin	tc752_flow1	CWE789_Uncontrolled_Mem_Alloc__console_readLine_HashSet_12.java	47	CWE789_Uncontrolled_Mem_Alloc__console_readLine_HashSet_12.java	102
/home/swlab/Documents/swvul/java-vuln-detection/slicing/output/CPG/cwe789_cpg/cwe789-752-cpg-resolved.bin	tc752_flow2	CWE789_Uncontrolled_Mem_Alloc__console_readLine_HashSet_12.java	114	CWE789_Uncontrolled_Mem_Alloc__console_readLine_HashSet_12.java	125
/home/swlab/Documents/swvul/java-vuln-detection/slicing/output/CPG/cwe789_cpg/cwe789-753-cpg-resolved.bin	tc753_flow1	CWE789_Uncontrolled_Mem_Alloc__console_readLine_HashSet_13.java	47	CWE789_Uncontrolled_Mem_Alloc__console_readLine_HashSet_13.java	101
/home/swlab/Documents/swvul/java-vuln-detection/slicing/output/CPG/cwe789_cpg/cwe789-753-cpg-resolved.bin	tc753_flow2	CWE789_Uncontrolled_Mem_Alloc__console_readLine_HashSet_13.java	119	CWE789_Uncontrolled_Mem_Alloc__console_readLine_HashSet_13.java	124
/home/swlab/Documents/swvul/java-vuln-detection/slicing/output/CPG/cwe789_cpg/cwe789-753-cpg-resolved.bin	tc753_flow3	CWE789_Uncontrolled_Mem_Alloc__console_readLine_HashSet_13.java	135	CWE789_Uncontrolled_Mem_Alloc__console_readLine_HashSet_13.java	145
/home/swlab/Documents/swvul/java-vuln-detection/slicing/output/CPG/cwe789_cpg/cwe789-754-cpg-resolved.bin	tc754_flow1	CWE789_Uncontrolled_Mem_Alloc__console_readLine_HashSet_14.java	47	CWE789_Uncontrolled_Mem_Alloc__console_readLine_HashSet_14.java	101
/home/swlab/Documents/swvul/java-vuln-detection/slicing/output/CPG/cwe789_cpg/cwe789-754-cpg-resolved.bin	tc754_flow2	CWE789_Uncontrolled_Mem_Alloc__console_readLine_HashSet_14.java	119	CWE789_Uncontrolled_Mem_Alloc__console_readLine_HashSet_14.java	124
/home/swlab/Documents/swvul/java-vuln-detection/slicing/output/CPG/cwe789_cpg/cwe789-754-cpg-resolved.bin	tc754_flow3	CWE789_Uncontrolled_Mem_Alloc__console_readLine_HashSet_14.java	135	CWE789_Uncontrolled_Mem_Alloc__console_readLine_HashSet_14.java	145
/home/swlab/Documents/swvul/java-vuln-detection/slicing/output/CPG/cwe789_cpg/cwe789-755-cpg-resolved.bin	tc755_flow1	CWE789_Uncontrolled_Mem_Alloc__console_readLine_HashSet_15.java	49	CWE789_Uncontrolled_Mem_Alloc__console_readLine_HashSet_15.java	103
/home/swlab/Documents/swvul/java-vuln-detection/slicing/output/CPG/cwe789_cpg/cwe789-755-cpg-resolved.bin	tc755_flow2	CWE789_Uncontrolled_Mem_Alloc__console_readLine_HashSet_15.java	121	CWE789_Uncontrolled_Mem_Alloc__console_readLine_HashSet_15.java	126
/home/swlab/Documents/swvul/java-vuln-detection/slicing/output/CPG/cwe789_cpg/cwe789-755-cpg-resolved.bin	tc755_flow3	CWE789_Uncontrolled_Mem_Alloc__console_readLine_HashSet_15.java	139	CWE789_Uncontrolled_Mem_Alloc__console_readLine_HashSet_15.java	149
/home/swlab/Documents/swvul/java-vuln-detection/slicing/output/CPG/cwe789_cpg/cwe789-756-cpg-resolved.bin	tc756_flow1	CWE789_Uncontrolled_Mem_Alloc__console_readLine_HashSet_16.java	48	CWE789_Uncontrolled_Mem_Alloc__console_readLine_HashSet_16.java	97
/home/swlab/Documents/swvul/java-vuln-detection/slicing/output/CPG/cwe789_cpg/cwe789-756-cpg-resolved.bin	tc756_flow2	CWE789_Uncontrolled_Mem_Alloc__console_readLine_HashSet_16.java	109	CWE789_Uncontrolled_Mem_Alloc__console_readLine_HashSet_16.java	114
/home/swlab/Documents/swvul/java-vuln-detection/slicing/output/CPG/cwe789_cpg/cwe789-757-cpg-resolved.bin	tc757_flow1	CWE789_Uncontrolled_Mem_Alloc__console_readLine_HashSet_17.java	49	CWE789_Uncontrolled_Mem_Alloc__console_readLine_HashSet_17.java	98
/home/swlab/Documents/swvul/java-vuln-detection/slicing/output/CPG/cwe789_cpg/cwe789-757-cpg-resolved.bin	tc757_flow2	CWE789_Uncontrolled_Mem_Alloc__console_readLine_HashSet_17.java	109	CWE789_Uncontrolled_Mem_Alloc__console_readLine_HashSet_17.java	114
/home/swlab/Documents/swvul/java-vuln-detection/slicing/output/CPG/cwe789_cpg/cwe789-758-cpg-resolved.bin	tc758_flow2	CWE789_Uncontrolled_Mem_Alloc__console_readLine_HashSet_21.java	156	CWE789_Uncontrolled_Mem_Alloc__console_readLine_HashSet_21.java	138
/home/swlab/Documents/swvul/java-vuln-detection/slicing/output/CPG/cwe789_cpg/cwe789-758-cpg-resolved.bin	tc758_flow3	CWE789_Uncontrolled_Mem_Alloc__console_readLine_HashSet_21.java	183	CWE789_Uncontrolled_Mem_Alloc__console_readLine_HashSet_21.java	172
/home/swlab/Documents/swvul/java-vuln-detection/slicing/output/CPG/cwe789_cpg/cwe789-759-cpg-resolved.bin	tc759_flow2	CWE789_Uncontrolled_Mem_Alloc__console_readLine_HashSet_22b.java	116	CWE789_Uncontrolled_Mem_Alloc__console_readLine_HashSet_22a.java	62
/home/swlab/Documents/swvul/java-vuln-detection/slicing/output/CPG/cwe789_cpg/cwe789-759-cpg-resolved.bin	tc759_flow3	CWE789_Uncontrolled_Mem_Alloc__console_readLine_HashSet_22b.java	131	CWE789_Uncontrolled_Mem_Alloc__console_readLine_HashSet_22a.java	75
/home/swlab/Documents/swvul/java-vuln-detection/slicing/output/CPG/cwe789_cpg/cwe789-760-cpg-resolved.bin	tc760_flow1	CWE789_Uncontrolled_Mem_Alloc__console_readLine_HashSet_31.java	52	CWE789_Uncontrolled_Mem_Alloc__console_readLine_HashSet_31.java	104
/home/swlab/Documents/swvul/java-vuln-detection/slicing/output/CPG/cwe789_cpg/cwe789-760-cpg-resolved.bin	tc760_flow2	CWE789_Uncontrolled_Mem_Alloc__console_readLine_HashSet_31.java	122	CWE789_Uncontrolled_Mem_Alloc__console_readLine_HashSet_31.java	130
/home/swlab/Documents/swvul/java-vuln-detection/slicing/output/CPG/cwe789_cpg/cwe789-761-cpg-resolved.bin	tc761_flow1	CWE789_Uncontrolled_Mem_Alloc__console_readLine_HashSet_41.java	35	CWE789_Uncontrolled_Mem_Alloc__console_readLine_HashSet_41.java	102
/home/swlab/Documents/swvul/java-vuln-detection/slicing/output/CPG/cwe789_cpg/cwe789-761-cpg-resolved.bin	tc761_flow2	CWE789_Uncontrolled_Mem_Alloc__console_readLine_HashSet_41.java	124	CWE789_Uncontrolled_Mem_Alloc__console_readLine_HashSet_41.java	114
/home/swlab/Documents/swvul/java-vuln-detection/slicing/output/CPG/cwe789_cpg/cwe789-762-cpg-resolved.bin	tc762_flow1	CWE789_Uncontrolled_Mem_Alloc__console_readLine_HashSet_42.java	48	CWE789_Uncontrolled_Mem_Alloc__console_readLine_HashSet_42.java	103
/home/swlab/Documents/swvul/java-vuln-detection/slicing/output/CPG/cwe789_cpg/cwe789-762-cpg-resolved.bin	tc762_flow2	CWE789_Uncontrolled_Mem_Alloc__console_readLine_HashSet_42.java	112	CWE789_Uncontrolled_Mem_Alloc__console_readLine_HashSet_42.java	123
/home/swlab/Documents/swvul/java-vuln-detection/slicing/output/CPG/cwe789_cpg/cwe789-763-cpg-resolved.bin	tc763_flow1	CWE789_Uncontrolled_Mem_Alloc__console_readLine_HashSet_45.java	40	CWE789_Uncontrolled_Mem_Alloc__console_readLine_HashSet_45.java	108
/home/swlab/Documents/swvul/java-vuln-detection/slicing/output/CPG/cwe789_cpg/cwe789-763-cpg-resolved.bin	tc763_flow2	CWE789_Uncontrolled_Mem_Alloc__console_readLine_HashSet_45.java	132	CWE789_Uncontrolled_Mem_Alloc__console_readLine_HashSet_45.java	122
/home/swlab/Documents/swvul/java-vuln-detection/slicing/output/CPG/cwe789_cpg/cwe789-764-cpg-resolved.bin	tc764_flow1	CWE789_Uncontrolled_Mem_Alloc__console_readLine_HashSet_51b.java	29	CWE789_Uncontrolled_Mem_Alloc__console_readLine_HashSet_51a.java	92
/home/swlab/Documents/swvul/java-vuln-detection/slicing/output/CPG/cwe789_cpg/cwe789-764-cpg-resolved.bin	tc764_flow2	CWE789_Uncontrolled_Mem_Alloc__console_readLine_HashSet_51a.java	106	CWE789_Uncontrolled_Mem_Alloc__console_readLine_HashSet_51b.java	38
/home/swlab/Documents/swvul/java-vuln-detection/slicing/output/CPG/cwe789_cpg/cwe789-765-cpg-resolved.bin	tc765_flow1	CWE789_Uncontrolled_Mem_Alloc__console_readLine_HashSet_52c.java	30	CWE789_Uncontrolled_Mem_Alloc__console_readLine_HashSet_52a.java	93
/home/swlab/Documents/swvul/java-vuln-detection/slicing/output/CPG/cwe789_cpg/cwe789-765-cpg-resolved.bin	tc765_flow2	CWE789_Uncontrolled_Mem_Alloc__console_readLine_HashSet_52a.java	107	CWE789_Uncontrolled_Mem_Alloc__console_readLine_HashSet_52c.java	39
/home/swlab/Documents/swvul/java-vuln-detection/slicing/output/CPG/cwe789_cpg/cwe789-766-cpg-resolved.bin	tc766_flow1	CWE789_Uncontrolled_Mem_Alloc__console_readLine_HashSet_53d.java	30	CWE789_Uncontrolled_Mem_Alloc__console_readLine_HashSet_53a.java	93
/home/swlab/Documents/swvul/java-vuln-detection/slicing/output/CPG/cwe789_cpg/cwe789-766-cpg-resolved.bin	tc766_flow2	CWE789_Uncontrolled_Mem_Alloc__console_readLine_HashSet_53a.java	107	CWE789_Uncontrolled_Mem_Alloc__console_readLine_HashSet_53d.java	39
/home/swlab/Documents/swvul/java-vuln-detection/slicing/output/CPG/cwe789_cpg/cwe789-767-cpg-resolved.bin	tc767_flow1	CWE789_Uncontrolled_Mem_Alloc__console_readLine_HashSet_54e.java	30	CWE789_Uncontrolled_Mem_Alloc__console_readLine_HashSet_54a.java	93
/home/swlab/Documents/swvul/java-vuln-detection/slicing/output/CPG/cwe789_cpg/cwe789-767-cpg-resolved.bin	tc767_flow2	CWE789_Uncontrolled_Mem_Alloc__console_readLine_HashSet_54a.java	107	CWE789_Uncontrolled_Mem_Alloc__console_readLine_HashSet_54e.java	39
/home/swlab/Documents/swvul/java-vuln-detection/slicing/output/CPG/cwe789_cpg/cwe789-768-cpg-resolved.bin	tc768_flow1	CWE789_Uncontrolled_Mem_Alloc__console_readLine_HashSet_61a.java	31	CWE789_Uncontrolled_Mem_Alloc__console_readLine_HashSet_61b.java	93
/home/swlab/Documents/swvul/java-vuln-detection/slicing/output/CPG/cwe789_cpg/cwe789-768-cpg-resolved.bin	tc768_flow2	CWE789_Uncontrolled_Mem_Alloc__console_readLine_HashSet_61b.java	102	CWE789_Uncontrolled_Mem_Alloc__console_readLine_HashSet_61a.java	46
/home/swlab/Documents/swvul/java-vuln-detection/slicing/output/CPG/cwe789_cpg/cwe789-769-cpg-resolved.bin	tc769_flow1	CWE789_Uncontrolled_Mem_Alloc__console_readLine_HashSet_66b.java	31	CWE789_Uncontrolled_Mem_Alloc__console_readLine_HashSet_66a.java	93
/home/swlab/Documents/swvul/java-vuln-detection/slicing/output/CPG/cwe789_cpg/cwe789-769-cpg-resolved.bin	tc769_flow2	CWE789_Uncontrolled_Mem_Alloc__console_readLine_HashSet_66a.java	109	CWE789_Uncontrolled_Mem_Alloc__console_readLine_HashSet_66b.java	41
/home/swlab/Documents/swvul/java-vuln-detection/slicing/output/CPG/cwe789_cpg/cwe789-770-cpg-resolved.bin	tc770_flow1	CWE789_Uncontrolled_Mem_Alloc__console_readLine_HashSet_67b.java	31	CWE789_Uncontrolled_Mem_Alloc__console_readLine_HashSet_67a.java	98
/home/swlab/Documents/swvul/java-vuln-detection/slicing/output/CPG/cwe789_cpg/cwe789-770-cpg-resolved.bin	tc770_flow2	CWE789_Uncontrolled_Mem_Alloc__console_readLine_HashSet_67a.java	114	CWE789_Uncontrolled_Mem_Alloc__console_readLine_HashSet_67b.java	41
/home/swlab/Documents/swvul/java-vuln-detection/slicing/output/CPG/cwe789_cpg/cwe789-771-cpg-resolved.bin	tc771_flow1	CWE789_Uncontrolled_Mem_Alloc__console_readLine_HashSet_68b.java	30	CWE789_Uncontrolled_Mem_Alloc__console_readLine_HashSet_68a.java	93
/home/swlab/Documents/swvul/java-vuln-detection/slicing/output/CPG/cwe789_cpg/cwe789-771-cpg-resolved.bin	tc771_flow2	CWE789_Uncontrolled_Mem_Alloc__console_readLine_HashSet_68a.java	106	CWE789_Uncontrolled_Mem_Alloc__console_readLine_HashSet_68b.java	40
/home/swlab/Documents/swvul/java-vuln-detection/slicing/output/CPG/cwe789_cpg/cwe789-772-cpg-resolved.bin	tc772_flow1	CWE789_Uncontrolled_Mem_Alloc__console_readLine_HashSet_71b.java	31	CWE789_Uncontrolled_Mem_Alloc__console_readLine_HashSet_71a.java	93
/home/swlab/Documents/swvul/java-vuln-detection/slicing/output/CPG/cwe789_cpg/cwe789-772-cpg-resolved.bin	tc772_flow2	CWE789_Uncontrolled_Mem_Alloc__console_readLine_HashSet_71a.java	107	CWE789_Uncontrolled_Mem_Alloc__console_readLine_HashSet_71b.java	41
/home/swlab/Documents/swvul/java-vuln-detection/slicing/output/CPG/cwe789_cpg/cwe789-773-cpg-resolved.bin	tc773_flow1	CWE789_Uncontrolled_Mem_Alloc__console_readLine_HashSet_72b.java	32	CWE789_Uncontrolled_Mem_Alloc__console_readLine_HashSet_72a.java	94
/home/swlab/Documents/swvul/java-vuln-detection/slicing/output/CPG/cwe789_cpg/cwe789-773-cpg-resolved.bin	tc773_flow2	CWE789_Uncontrolled_Mem_Alloc__console_readLine_HashSet_72a.java	112	CWE789_Uncontrolled_Mem_Alloc__console_readLine_HashSet_72b.java	42
/home/swlab/Documents/swvul/java-vuln-detection/slicing/output/CPG/cwe789_cpg/cwe789-774-cpg-resolved.bin	tc774_flow1	CWE789_Uncontrolled_Mem_Alloc__console_readLine_HashSet_73b.java	32	CWE789_Uncontrolled_Mem_Alloc__console_readLine_HashSet_73a.java	94
/home/swlab/Documents/swvul/java-vuln-detection/slicing/output/CPG/cwe789_cpg/cwe789-774-cpg-resolved.bin	tc774_flow2	CWE789_Uncontrolled_Mem_Alloc__console_readLine_HashSet_73a.java	112	CWE789_Uncontrolled_Mem_Alloc__console_readLine_HashSet_73b.java	42
/home/swlab/Documents/swvul/java-vuln-detection/slicing/output/CPG/cwe789_cpg/cwe789-775-cpg-resolved.bin	tc775_flow1	CWE789_Uncontrolled_Mem_Alloc__console_readLine_HashSet_74b.java	32	CWE789_Uncontrolled_Mem_Alloc__console_readLine_HashSet_74a.java	94
/home/swlab/Documents/swvul/java-vuln-detection/slicing/output/CPG/cwe789_cpg/cwe789-775-cpg-resolved.bin	tc775_flow2	CWE789_Uncontrolled_Mem_Alloc__console_readLine_HashSet_74a.java	112	CWE789_Uncontrolled_Mem_Alloc__console_readLine_HashSet_74b.java	42
/home/swlab/Documents/swvul/java-vuln-detection/slicing/output/CPG/cwe789_cpg/cwe789-776-cpg-resolved.bin	tc776_flow2	CWE789_Uncontrolled_Mem_Alloc__console_readLine_HashSet_75a.java	152	CWE789_Uncontrolled_Mem_Alloc__console_readLine_HashSet_75b.java	97
/home/swlab/Documents/swvul/java-vuln-detection/slicing/output/CPG/cwe789_cpg/cwe789-777-cpg-resolved.bin	tc777_flow1	CWE789_Uncontrolled_Mem_Alloc__console_readLine_HashSet_81_bad.java	30	CWE789_Uncontrolled_Mem_Alloc__console_readLine_HashSet_81a.java	93
/home/swlab/Documents/swvul/java-vuln-detection/slicing/output/CPG/cwe789_cpg/cwe789-777-cpg-resolved.bin	tc777_flow2	CWE789_Uncontrolled_Mem_Alloc__console_readLine_HashSet_81a.java	108	CWE789_Uncontrolled_Mem_Alloc__console_readLine_HashSet_81_goodG2B.java	30
/home/swlab/Documents/swvul/java-vuln-detection/slicing/output/CPG/cwe789_cpg/cwe789-778-cpg-resolved.bin	tc778_flow1	CWE789_Uncontrolled_Mem_Alloc__database_ArrayList_01.java	55	CWE789_Uncontrolled_Mem_Alloc__database_ArrayList_01.java	114
/home/swlab/Documents/swvul/java-vuln-detection/slicing/output/CPG/cwe789_cpg/cwe789-778-cpg-resolved.bin	tc778_flow2	CWE789_Uncontrolled_Mem_Alloc__database_ArrayList_01.java	129	CWE789_Uncontrolled_Mem_Alloc__database_ArrayList_01.java	132
/home/swlab/Documents/swvul/java-vuln-detection/slicing/output/CPG/cwe789_cpg/cwe789-779-cpg-resolved.bin	tc779_flow1	CWE789_Uncontrolled_Mem_Alloc__database_ArrayList_02.java	52	CWE789_Uncontrolled_Mem_Alloc__database_ArrayList_02.java	118
/home/swlab/Documents/swvul/java-vuln-detection/slicing/output/CPG/cwe789_cpg/cwe789-779-cpg-resolved.bin	tc779_flow2	CWE789_Uncontrolled_Mem_Alloc__database_ArrayList_02.java	136	CWE789_Uncontrolled_Mem_Alloc__database_ArrayList_02.java	141
/home/swlab/Documents/swvul/java-vuln-detection/slicing/output/CPG/cwe789_cpg/cwe789-779-cpg-resolved.bin	tc779_flow3	CWE789_Uncontrolled_Mem_Alloc__database_ArrayList_02.java	152	CWE789_Uncontrolled_Mem_Alloc__database_ArrayList_02.java	162
/home/swlab/Documents/swvul/java-vuln-detection/slicing/output/CPG/cwe789_cpg/cwe789-780-cpg-resolved.bin	tc780_flow1	CWE789_Uncontrolled_Mem_Alloc__database_ArrayList_03.java	52	CWE789_Uncontrolled_Mem_Alloc__database_ArrayList_03.java	118
/home/swlab/Documents/swvul/java-vuln-detection/slicing/output/CPG/cwe789_cpg/cwe789-780-cpg-resolved.bin	tc780_flow2	CWE789_Uncontrolled_Mem_Alloc__database_ArrayList_03.java	136	CWE789_Uncontrolled_Mem_Alloc__database_ArrayList_03.java	141
/home/swlab/Documents/swvul/java-vuln-detection/slicing/output/CPG/cwe789_cpg/cwe789-780-cpg-resolved.bin	tc780_flow3	CWE789_Uncontrolled_Mem_Alloc__database_ArrayList_03.java	152	CWE789_Uncontrolled_Mem_Alloc__database_ArrayList_03.java	162
/home/swlab/Documents/swvul/java-vuln-detection/slicing/output/CPG/cwe789_cpg/cwe789-781-cpg-resolved.bin	tc781_flow1	CWE789_Uncontrolled_Mem_Alloc__database_ArrayList_04.java	59	CWE789_Uncontrolled_Mem_Alloc__database_ArrayList_04.java	125
/home/swlab/Documents/swvul/java-vuln-detection/slicing/output/CPG/cwe789_cpg/cwe789-781-cpg-resolved.bin	tc781_flow2	CWE789_Uncontrolled_Mem_Alloc__database_ArrayList_04.java	143	CWE789_Uncontrolled_Mem_Alloc__database_ArrayList_04.java	148
/home/swlab/Documents/swvul/java-vuln-detection/slicing/output/CPG/cwe789_cpg/cwe789-781-cpg-resolved.bin	tc781_flow3	CWE789_Uncontrolled_Mem_Alloc__database_ArrayList_04.java	159	CWE789_Uncontrolled_Mem_Alloc__database_ArrayList_04.java	169
/home/swlab/Documents/swvul/java-vuln-detection/slicing/output/CPG/cwe789_cpg/cwe789-782-cpg-resolved.bin	tc782_flow1	CWE789_Uncontrolled_Mem_Alloc__database_ArrayList_05.java	59	CWE789_Uncontrolled_Mem_Alloc__database_ArrayList_05.java	125
/home/swlab/Documents/swvul/java-vuln-detection/slicing/output/CPG/cwe789_cpg/cwe789-782-cpg-resolved.bin	tc782_flow2	CWE789_Uncontrolled_Mem_Alloc__database_ArrayList_05.java	143	CWE789_Uncontrolled_Mem_Alloc__database_ArrayList_05.java	148
/home/swlab/Documents/swvul/java-vuln-detection/slicing/output/CPG/cwe789_cpg/cwe789-782-cpg-resolved.bin	tc782_flow3	CWE789_Uncontrolled_Mem_Alloc__database_ArrayList_05.java	159	CWE789_Uncontrolled_Mem_Alloc__database_ArrayList_05.java	169
/home/swlab/Documents/swvul/java-vuln-detection/slicing/output/CPG/cwe789_cpg/cwe789-783-cpg-resolved.bin	tc783_flow1	CWE789_Uncontrolled_Mem_Alloc__database_ArrayList_06.java	58	CWE789_Uncontrolled_Mem_Alloc__database_ArrayList_06.java	124
/home/swlab/Documents/swvul/java-vuln-detection/slicing/output/CPG/cwe789_cpg/cwe789-783-cpg-resolved.bin	tc783_flow2	CWE789_Uncontrolled_Mem_Alloc__database_ArrayList_06.java	142	CWE789_Uncontrolled_Mem_Alloc__database_ArrayList_06.java	147
/home/swlab/Documents/swvul/java-vuln-detection/slicing/output/CPG/cwe789_cpg/cwe789-783-cpg-resolved.bin	tc783_flow3	CWE789_Uncontrolled_Mem_Alloc__database_ArrayList_06.java	158	CWE789_Uncontrolled_Mem_Alloc__database_ArrayList_06.java	168
/home/swlab/Documents/swvul/java-vuln-detection/slicing/output/CPG/cwe789_cpg/cwe789-784-cpg-resolved.bin	tc784_flow1	CWE789_Uncontrolled_Mem_Alloc__database_ArrayList_07.java	58	CWE789_Uncontrolled_Mem_Alloc__database_ArrayList_07.java	124
/home/swlab/Documents/swvul/java-vuln-detection/slicing/output/CPG/cwe789_cpg/cwe789-784-cpg-resolved.bin	tc784_flow2	CWE789_Uncontrolled_Mem_Alloc__database_ArrayList_07.java	142	CWE789_Uncontrolled_Mem_Alloc__database_ArrayList_07.java	147
/home/swlab/Documents/swvul/java-vuln-detection/slicing/output/CPG/cwe789_cpg/cwe789-784-cpg-resolved.bin	tc784_flow3	CWE789_Uncontrolled_Mem_Alloc__database_ArrayList_07.java	158	CWE789_Uncontrolled_Mem_Alloc__database_ArrayList_07.java	168
/home/swlab/Documents/swvul/java-vuln-detection/slicing/output/CPG/cwe789_cpg/cwe789-785-cpg-resolved.bin	tc785_flow1	CWE789_Uncontrolled_Mem_Alloc__database_ArrayList_08.java	66	CWE789_Uncontrolled_Mem_Alloc__database_ArrayList_08.java	132
/home/swlab/Documents/swvul/java-vuln-detection/slicing/output/CPG/cwe789_cpg/cwe789-785-cpg-resolved.bin	tc785_flow2	CWE789_Uncontrolled_Mem_Alloc__database_ArrayList_08.java	150	CWE789_Uncontrolled_Mem_Alloc__database_ArrayList_08.java	155
/home/swlab/Documents/swvul/java-vuln-detection/slicing/output/CPG/cwe789_cpg/cwe789-785-cpg-resolved.bin	tc785_flow3	CWE789_Uncontrolled_Mem_Alloc__database_ArrayList_08.java	166	CWE789_Uncontrolled_Mem_Alloc__database_ArrayList_08.java	176
/home/swlab/Documents/swvul/java-vuln-detection/slicing/output/CPG/cwe789_cpg/cwe789-786-cpg-resolved.bin	tc786_flow1	CWE789_Uncontrolled_Mem_Alloc__database_ArrayList_09.java	52	CWE789_Uncontrolled_Mem_Alloc__database_ArrayList_09.java	118
/home/swlab/Documents/swvul/java-vuln-detection/slicing/output/CPG/cwe789_cpg/cwe789-786-cpg-resolved.bin	tc786_flow2	CWE789_Uncontrolled_Mem_Alloc__database_ArrayList_09.java	136	CWE789_Uncontrolled_Mem_Alloc__database_ArrayList_09.java	141
/home/swlab/Documents/swvul/java-vuln-detection/slicing/output/CPG/cwe789_cpg/cwe789-786-cpg-resolved.bin	tc786_flow3	CWE789_Uncontrolled_Mem_Alloc__database_ArrayList_09.java	152	CWE789_Uncontrolled_Mem_Alloc__database_ArrayList_09.java	162
/home/swlab/Documents/swvul/java-vuln-detection/slicing/output/CPG/cwe789_cpg/cwe789-787-cpg-resolved.bin	tc787_flow1	CWE789_Uncontrolled_Mem_Alloc__database_ArrayList_10.java	52	CWE789_Uncontrolled_Mem_Alloc__database_ArrayList_10.java	118
/home/swlab/Documents/swvul/java-vuln-detection/slicing/output/CPG/cwe789_cpg/cwe789-787-cpg-resolved.bin	tc787_flow2	CWE789_Uncontrolled_Mem_Alloc__database_ArrayList_10.java	136	CWE789_Uncontrolled_Mem_Alloc__database_ArrayList_10.java	141
/home/swlab/Documents/swvul/java-vuln-detection/slicing/output/CPG/cwe789_cpg/cwe789-787-cpg-resolved.bin	tc787_flow3	CWE789_Uncontrolled_Mem_Alloc__database_ArrayList_10.java	152	CWE789_Uncontrolled_Mem_Alloc__database_ArrayList_10.java	162
/home/swlab/Documents/swvul/java-vuln-detection/slicing/output/CPG/cwe789_cpg/cwe789-788-cpg-resolved.bin	tc788_flow1	CWE789_Uncontrolled_Mem_Alloc__database_ArrayList_11.java	52	CWE789_Uncontrolled_Mem_Alloc__database_ArrayList_11.java	118
/home/swlab/Documents/swvul/java-vuln-detection/slicing/output/CPG/cwe789_cpg/cwe789-788-cpg-resolved.bin	tc788_flow2	CWE789_Uncontrolled_Mem_Alloc__database_ArrayList_11.java	136	CWE789_Uncontrolled_Mem_Alloc__database_ArrayList_11.java	141
/home/swlab/Documents/swvul/java-vuln-detection/slicing/output/CPG/cwe789_cpg/cwe789-788-cpg-resolved.bin	tc788_flow3	CWE789_Uncontrolled_Mem_Alloc__database_ArrayList_11.java	152	CWE789_Uncontrolled_Mem_Alloc__database_ArrayList_11.java	162
/home/swlab/Documents/swvul/java-vuln-detection/slicing/output/CPG/cwe789_cpg/cwe789-789-cpg-resolved.bin	tc789_flow1	CWE789_Uncontrolled_Mem_Alloc__database_ArrayList_12.java	52	CWE789_Uncontrolled_Mem_Alloc__database_ArrayList_12.java	119
/home/swlab/Documents/swvul/java-vuln-detection/slicing/output/CPG/cwe789_cpg/cwe789-789-cpg-resolved.bin	tc789_flow2	CWE789_Uncontrolled_Mem_Alloc__database_ArrayList_12.java	131	CWE789_Uncontrolled_Mem_Alloc__database_ArrayList_12.java	142
/home/swlab/Documents/swvul/java-vuln-detection/slicing/output/CPG/cwe789_cpg/cwe789-790-cpg-resolved.bin	tc790_flow1	CWE789_Uncontrolled_Mem_Alloc__database_ArrayList_13.java	52	CWE789_Uncontrolled_Mem_Alloc__database_ArrayList_13.java	118
/home/swlab/Documents/swvul/java-vuln-detection/slicing/output/CPG/cwe789_cpg/cwe789-790-cpg-resolved.bin	tc790_flow2	CWE789_Uncontrolled_Mem_Alloc__database_ArrayList_13.java	136	CWE789_Uncontrolled_Mem_Alloc__database_ArrayList_13.java	141
/home/swlab/Documents/swvul/java-vuln-detection/slicing/output/CPG/cwe789_cpg/cwe789-790-cpg-resolved.bin	tc790_flow3	CWE789_Uncontrolled_Mem_Alloc__database_ArrayList_13.java	152	CWE789_Uncontrolled_Mem_Alloc__database_ArrayList_13.java	162
/home/swlab/Documents/swvul/java-vuln-detection/slicing/output/CPG/cwe789_cpg/cwe789-791-cpg-resolved.bin	tc791_flow1	CWE789_Uncontrolled_Mem_Alloc__database_ArrayList_14.java	52	CWE789_Uncontrolled_Mem_Alloc__database_ArrayList_14.java	118
/home/swlab/Documents/swvul/java-vuln-detection/slicing/output/CPG/cwe789_cpg/cwe789-791-cpg-resolved.bin	tc791_flow2	CWE789_Uncontrolled_Mem_Alloc__database_ArrayList_14.java	136	CWE789_Uncontrolled_Mem_Alloc__database_ArrayList_14.java	141
/home/swlab/Documents/swvul/java-vuln-detection/slicing/output/CPG/cwe789_cpg/cwe789-791-cpg-resolved.bin	tc791_flow3	CWE789_Uncontrolled_Mem_Alloc__database_ArrayList_14.java	152	CWE789_Uncontrolled_Mem_Alloc__database_ArrayList_14.java	162
/home/swlab/Documents/swvul/java-vuln-detection/slicing/output/CPG/cwe789_cpg/cwe789-792-cpg-resolved.bin	tc792_flow1	CWE789_Uncontrolled_Mem_Alloc__database_ArrayList_15.java	54	CWE789_Uncontrolled_Mem_Alloc__database_ArrayList_15.java	120
/home/swlab/Documents/swvul/java-vuln-detection/slicing/output/CPG/cwe789_cpg/cwe789-792-cpg-resolved.bin	tc792_flow2	CWE789_Uncontrolled_Mem_Alloc__database_ArrayList_15.java	138	CWE789_Uncontrolled_Mem_Alloc__database_ArrayList_15.java	143
/home/swlab/Documents/swvul/java-vuln-detection/slicing/output/CPG/cwe789_cpg/cwe789-792-cpg-resolved.bin	tc792_flow3	CWE789_Uncontrolled_Mem_Alloc__database_ArrayList_15.java	156	CWE789_Uncontrolled_Mem_Alloc__database_ArrayList_15.java	166
/home/swlab/Documents/swvul/java-vuln-detection/slicing/output/CPG/cwe789_cpg/cwe789-793-cpg-resolved.bin	tc793_flow1	CWE789_Uncontrolled_Mem_Alloc__database_ArrayList_16.java	53	CWE789_Uncontrolled_Mem_Alloc__database_ArrayList_16.java	114
/home/swlab/Documents/swvul/java-vuln-detection/slicing/output/CPG/cwe789_cpg/cwe789-793-cpg-resolved.bin	tc793_flow2	CWE789_Uncontrolled_Mem_Alloc__database_ArrayList_16.java	126	CWE789_Uncontrolled_Mem_Alloc__database_ArrayList_16.java	131
/home/swlab/Documents/swvul/java-vuln-detection/slicing/output/CPG/cwe789_cpg/cwe789-794-cpg-resolved.bin	tc794_flow1	CWE789_Uncontrolled_Mem_Alloc__database_ArrayList_17.java	55	CWE789_Uncontrolled_Mem_Alloc__database_ArrayList_17.java	116
/home/swlab/Documents/swvul/java-vuln-detection/slicing/output/CPG/cwe789_cpg/cwe789-794-cpg-resolved.bin	tc794_flow2	CWE789_Uncontrolled_Mem_Alloc__database_ArrayList_17.java	127	CWE789_Uncontrolled_Mem_Alloc__database_ArrayList_17.java	132
/home/swlab/Documents/swvul/java-vuln-detection/slicing/output/CPG/cwe789_cpg/cwe789-795-cpg-resolved.bin	tc795_flow1	CWE789_Uncontrolled_Mem_Alloc__database_ArrayList_21.java	68	CWE789_Uncontrolled_Mem_Alloc__database_ArrayList_21.java	44
/home/swlab/Documents/swvul/java-vuln-detection/slicing/output/CPG/cwe789_cpg/cwe789-795-cpg-resolved.bin	tc795_flow2	CWE789_Uncontrolled_Mem_Alloc__database_ArrayList_21.java	173	CWE789_Uncontrolled_Mem_Alloc__database_ArrayList_21.java	155
/home/swlab/Documents/swvul/java-vuln-detection/slicing/output/CPG/cwe789_cpg/cwe789-795-cpg-resolved.bin	tc795_flow3	CWE789_Uncontrolled_Mem_Alloc__database_ArrayList_21.java	200	CWE789_Uncontrolled_Mem_Alloc__database_ArrayList_21.java	189
/home/swlab/Documents/swvul/java-vuln-detection/slicing/output/CPG/cwe789_cpg/cwe789-796-cpg-resolved.bin	tc796_flow1	CWE789_Uncontrolled_Mem_Alloc__database_ArrayList_22b.java	51	CWE789_Uncontrolled_Mem_Alloc__database_ArrayList_22a.java	38
/home/swlab/Documents/swvul/java-vuln-detection/slicing/output/CPG/cwe789_cpg/cwe789-796-cpg-resolved.bin	tc796_flow2	CWE789_Uncontrolled_Mem_Alloc__database_ArrayList_22b.java	133	CWE789_Uncontrolled_Mem_Alloc__database_ArrayList_22a.java	62
/home/swlab/Documents/swvul/java-vuln-detection/slicing/output/CPG/cwe789_cpg/cwe789-796-cpg-resolved.bin	tc796_flow3	CWE789_Uncontrolled_Mem_Alloc__database_ArrayList_22b.java	148	CWE789_Uncontrolled_Mem_Alloc__database_ArrayList_22a.java	75
/home/swlab/Documents/swvul/java-vuln-detection/slicing/output/CPG/cwe789_cpg/cwe789-797-cpg-resolved.bin	tc797_flow1	CWE789_Uncontrolled_Mem_Alloc__database_ArrayList_31.java	58	CWE789_Uncontrolled_Mem_Alloc__database_ArrayList_31.java	122
/home/swlab/Documents/swvul/java-vuln-detection/slicing/output/CPG/cwe789_cpg/cwe789-797-cpg-resolved.bin	tc797_flow2	CWE789_Uncontrolled_Mem_Alloc__database_ArrayList_31.java	140	CWE789_Uncontrolled_Mem_Alloc__database_ArrayList_31.java	148
/home/swlab/Documents/swvul/java-vuln-detection/slicing/output/CPG/cwe789_cpg/cwe789-798-cpg-resolved.bin	tc798_flow1	CWE789_Uncontrolled_Mem_Alloc__database_ArrayList_41.java	62	CWE789_Uncontrolled_Mem_Alloc__database_ArrayList_41.java	36
/home/swlab/Documents/swvul/java-vuln-detection/slicing/output/CPG/cwe789_cpg/cwe789-798-cpg-resolved.bin	tc798_flow2	CWE789_Uncontrolled_Mem_Alloc__database_ArrayList_41.java	142	CWE789_Uncontrolled_Mem_Alloc__database_ArrayList_41.java	132
/home/swlab/Documents/swvul/java-vuln-detection/slicing/output/CPG/cwe789_cpg/cwe789-799-cpg-resolved.bin	tc799_flow1	CWE789_Uncontrolled_Mem_Alloc__database_ArrayList_42.java	54	CWE789_Uncontrolled_Mem_Alloc__database_ArrayList_42.java	121
/home/swlab/Documents/swvul/java-vuln-detection/slicing/output/CPG/cwe789_cpg/cwe789-799-cpg-resolved.bin	tc799_flow2	CWE789_Uncontrolled_Mem_Alloc__database_ArrayList_42.java	130	CWE789_Uncontrolled_Mem_Alloc__database_ArrayList_42.java	141
/home/swlab/Documents/swvul/java-vuln-detection/slicing/output/CPG/cwe789_cpg/cwe789-800-cpg-resolved.bin	tc800_flow1	CWE789_Uncontrolled_Mem_Alloc__database_ArrayList_45.java	68	CWE789_Uncontrolled_Mem_Alloc__database_ArrayList_45.java	41
/home/swlab/Documents/swvul/java-vuln-detection/slicing/output/CPG/cwe789_cpg/cwe789-800-cpg-resolved.bin	tc800_flow2	CWE789_Uncontrolled_Mem_Alloc__database_ArrayList_45.java	150	CWE789_Uncontrolled_Mem_Alloc__database_ArrayList_45.java	140
/home/swlab/Documents/swvul/java-vuln-detection/slicing/output/CPG/cwe789_cpg/cwe789-801-cpg-resolved.bin	tc801_flow1	CWE789_Uncontrolled_Mem_Alloc__database_ArrayList_51a.java	52	CWE789_Uncontrolled_Mem_Alloc__database_ArrayList_51b.java	29
/home/swlab/Documents/swvul/java-vuln-detection/slicing/output/CPG/cwe789_cpg/cwe789-801-cpg-resolved.bin	tc801_flow2	CWE789_Uncontrolled_Mem_Alloc__database_ArrayList_51a.java	124	CWE789_Uncontrolled_Mem_Alloc__database_ArrayList_51b.java	38
/home/swlab/Documents/swvul/java-vuln-detection/slicing/output/CPG/cwe789_cpg/cwe789-802-cpg-resolved.bin	tc802_flow1	CWE789_Uncontrolled_Mem_Alloc__database_ArrayList_52a.java	53	CWE789_Uncontrolled_Mem_Alloc__database_ArrayList_52c.java	30
/home/swlab/Documents/swvul/java-vuln-detection/slicing/output/CPG/cwe789_cpg/cwe789-802-cpg-resolved.bin	tc802_flow2	CWE789_Uncontrolled_Mem_Alloc__database_ArrayList_52a.java	125	CWE789_Uncontrolled_Mem_Alloc__database_ArrayList_52c.java	39
/home/swlab/Documents/swvul/java-vuln-detection/slicing/output/CPG/cwe789_cpg/cwe789-803-cpg-resolved.bin	tc803_flow1	CWE789_Uncontrolled_Mem_Alloc__database_ArrayList_53a.java	53	CWE789_Uncontrolled_Mem_Alloc__database_ArrayList_53d.java	30
/home/swlab/Documents/swvul/java-vuln-detection/slicing/output/CPG/cwe789_cpg/cwe789-803-cpg-resolved.bin	tc803_flow2	CWE789_Uncontrolled_Mem_Alloc__database_ArrayList_53a.java	125	CWE789_Uncontrolled_Mem_Alloc__database_ArrayList_53d.java	39
/home/swlab/Documents/swvul/java-vuln-detection/slicing/output/CPG/cwe789_cpg/cwe789-804-cpg-resolved.bin	tc804_flow1	CWE789_Uncontrolled_Mem_Alloc__database_ArrayList_54a.java	53	CWE789_Uncontrolled_Mem_Alloc__database_ArrayList_54e.java	30
/home/swlab/Documents/swvul/java-vuln-detection/slicing/output/CPG/cwe789_cpg/cwe789-804-cpg-resolved.bin	tc804_flow2	CWE789_Uncontrolled_Mem_Alloc__database_ArrayList_54a.java	125	CWE789_Uncontrolled_Mem_Alloc__database_ArrayList_54e.java	39
/home/swlab/Documents/swvul/java-vuln-detection/slicing/output/CPG/cwe789_cpg/cwe789-805-cpg-resolved.bin	tc805_flow1	CWE789_Uncontrolled_Mem_Alloc__database_ArrayList_61b.java	53	CWE789_Uncontrolled_Mem_Alloc__database_ArrayList_61a.java	31
/home/swlab/Documents/swvul/java-vuln-detection/slicing/output/CPG/cwe789_cpg/cwe789-805-cpg-resolved.bin	tc805_flow2	CWE789_Uncontrolled_Mem_Alloc__database_ArrayList_61b.java	120	CWE789_Uncontrolled_Mem_Alloc__database_ArrayList_61a.java	46
/home/swlab/Documents/swvul/java-vuln-detection/slicing/output/CPG/cwe789_cpg/cwe789-806-cpg-resolved.bin	tc806_flow1	CWE789_Uncontrolled_Mem_Alloc__database_ArrayList_66a.java	53	CWE789_Uncontrolled_Mem_Alloc__database_ArrayList_66b.java	31
/home/swlab/Documents/swvul/java-vuln-detection/slicing/output/CPG/cwe789_cpg/cwe789-806-cpg-resolved.bin	tc806_flow2	CWE789_Uncontrolled_Mem_Alloc__database_ArrayList_66a.java	127	CWE789_Uncontrolled_Mem_Alloc__database_ArrayList_66b.java	41
/home/swlab/Documents/swvul/java-vuln-detection/slicing/output/CPG/cwe789_cpg/cwe789-807-cpg-resolved.bin	tc807_flow1	CWE789_Uncontrolled_Mem_Alloc__database_ArrayList_67a.java	58	CWE789_Uncontrolled_Mem_Alloc__database_ArrayList_67b.java	31
/home/swlab/Documents/swvul/java-vuln-detection/slicing/output/CPG/cwe789_cpg/cwe789-807-cpg-resolved.bin	tc807_flow2	CWE789_Uncontrolled_Mem_Alloc__database_ArrayList_67a.java	132	CWE789_Uncontrolled_Mem_Alloc__database_ArrayList_67b.java	41
/home/swlab/Documents/swvul/java-vuln-detection/slicing/output/CPG/cwe789_cpg/cwe789-808-cpg-resolved.bin	tc808_flow1	CWE789_Uncontrolled_Mem_Alloc__database_ArrayList_68a.java	53	CWE789_Uncontrolled_Mem_Alloc__database_ArrayList_68b.java	30
/home/swlab/Documents/swvul/java-vuln-detection/slicing/output/CPG/cwe789_cpg/cwe789-808-cpg-resolved.bin	tc808_flow2	CWE789_Uncontrolled_Mem_Alloc__database_ArrayList_68a.java	124	CWE789_Uncontrolled_Mem_Alloc__database_ArrayList_68b.java	40
/home/swlab/Documents/swvul/java-vuln-detection/slicing/output/CPG/cwe789_cpg/cwe789-809-cpg-resolved.bin	tc809_flow1	CWE789_Uncontrolled_Mem_Alloc__database_ArrayList_71a.java	53	CWE789_Uncontrolled_Mem_Alloc__database_ArrayList_71b.java	31
/home/swlab/Documents/swvul/java-vuln-detection/slicing/output/CPG/cwe789_cpg/cwe789-809-cpg-resolved.bin	tc809_flow2	CWE789_Uncontrolled_Mem_Alloc__database_ArrayList_71a.java	125	CWE789_Uncontrolled_Mem_Alloc__database_ArrayList_71b.java	41
/home/swlab/Documents/swvul/java-vuln-detection/slicing/output/CPG/cwe789_cpg/cwe789-810-cpg-resolved.bin	tc810_flow1	CWE789_Uncontrolled_Mem_Alloc__database_ArrayList_72a.java	54	CWE789_Uncontrolled_Mem_Alloc__database_ArrayList_72b.java	32
/home/swlab/Documents/swvul/java-vuln-detection/slicing/output/CPG/cwe789_cpg/cwe789-810-cpg-resolved.bin	tc810_flow2	CWE789_Uncontrolled_Mem_Alloc__database_ArrayList_72a.java	130	CWE789_Uncontrolled_Mem_Alloc__database_ArrayList_72b.java	42
/home/swlab/Documents/swvul/java-vuln-detection/slicing/output/CPG/cwe789_cpg/cwe789-811-cpg-resolved.bin	tc811_flow1	CWE789_Uncontrolled_Mem_Alloc__database_ArrayList_73a.java	54	CWE789_Uncontrolled_Mem_Alloc__database_ArrayList_73b.java	32
/home/swlab/Documents/swvul/java-vuln-detection/slicing/output/CPG/cwe789_cpg/cwe789-811-cpg-resolved.bin	tc811_flow2	CWE789_Uncontrolled_Mem_Alloc__database_ArrayList_73a.java	130	CWE789_Uncontrolled_Mem_Alloc__database_ArrayList_73b.java	42
/home/swlab/Documents/swvul/java-vuln-detection/slicing/output/CPG/cwe789_cpg/cwe789-812-cpg-resolved.bin	tc812_flow1	CWE789_Uncontrolled_Mem_Alloc__database_ArrayList_74a.java	54	CWE789_Uncontrolled_Mem_Alloc__database_ArrayList_74b.java	32
/home/swlab/Documents/swvul/java-vuln-detection/slicing/output/CPG/cwe789_cpg/cwe789-812-cpg-resolved.bin	tc812_flow2	CWE789_Uncontrolled_Mem_Alloc__database_ArrayList_74a.java	130	CWE789_Uncontrolled_Mem_Alloc__database_ArrayList_74b.java	42
/home/swlab/Documents/swvul/java-vuln-detection/slicing/output/CPG/cwe789_cpg/cwe789-813-cpg-resolved.bin	tc813_flow1	CWE789_Uncontrolled_Mem_Alloc__database_ArrayList_75a.java	57	CWE789_Uncontrolled_Mem_Alloc__database_ArrayList_75b.java	43
/home/swlab/Documents/swvul/java-vuln-detection/slicing/output/CPG/cwe789_cpg/cwe789-813-cpg-resolved.bin	tc813_flow2	CWE789_Uncontrolled_Mem_Alloc__database_ArrayList_75a.java	171	CWE789_Uncontrolled_Mem_Alloc__database_ArrayList_75b.java	97
/home/swlab/Documents/swvul/java-vuln-detection/slicing/output/CPG/cwe789_cpg/cwe789-814-cpg-resolved.bin	tc814_flow1	CWE789_Uncontrolled_Mem_Alloc__database_ArrayList_81a.java	53	CWE789_Uncontrolled_Mem_Alloc__database_ArrayList_81_bad.java	30
/home/swlab/Documents/swvul/java-vuln-detection/slicing/output/CPG/cwe789_cpg/cwe789-814-cpg-resolved.bin	tc814_flow2	CWE789_Uncontrolled_Mem_Alloc__database_ArrayList_81a.java	126	CWE789_Uncontrolled_Mem_Alloc__database_ArrayList_81_goodG2B.java	30
/home/swlab/Documents/swvul/java-vuln-detection/slicing/output/CPG/cwe789_cpg/cwe789-815-cpg-resolved.bin	tc815_flow1	CWE789_Uncontrolled_Mem_Alloc__database_HashMap_01.java	55	CWE789_Uncontrolled_Mem_Alloc__database_HashMap_01.java	114
/home/swlab/Documents/swvul/java-vuln-detection/slicing/output/CPG/cwe789_cpg/cwe789-815-cpg-resolved.bin	tc815_flow2	CWE789_Uncontrolled_Mem_Alloc__database_HashMap_01.java	129	CWE789_Uncontrolled_Mem_Alloc__database_HashMap_01.java	132
/home/swlab/Documents/swvul/java-vuln-detection/slicing/output/CPG/cwe789_cpg/cwe789-816-cpg-resolved.bin	tc816_flow1	CWE789_Uncontrolled_Mem_Alloc__database_HashMap_02.java	52	CWE789_Uncontrolled_Mem_Alloc__database_HashMap_02.java	118
/home/swlab/Documents/swvul/java-vuln-detection/slicing/output/CPG/cwe789_cpg/cwe789-816-cpg-resolved.bin	tc816_flow2	CWE789_Uncontrolled_Mem_Alloc__database_HashMap_02.java	136	CWE789_Uncontrolled_Mem_Alloc__database_HashMap_02.java	141
/home/swlab/Documents/swvul/java-vuln-detection/slicing/output/CPG/cwe789_cpg/cwe789-816-cpg-resolved.bin	tc816_flow3	CWE789_Uncontrolled_Mem_Alloc__database_HashMap_02.java	152	CWE789_Uncontrolled_Mem_Alloc__database_HashMap_02.java	162
/home/swlab/Documents/swvul/java-vuln-detection/slicing/output/CPG/cwe789_cpg/cwe789-817-cpg-resolved.bin	tc817_flow1	CWE789_Uncontrolled_Mem_Alloc__database_HashMap_03.java	52	CWE789_Uncontrolled_Mem_Alloc__database_HashMap_03.java	118
/home/swlab/Documents/swvul/java-vuln-detection/slicing/output/CPG/cwe789_cpg/cwe789-817-cpg-resolved.bin	tc817_flow2	CWE789_Uncontrolled_Mem_Alloc__database_HashMap_03.java	136	CWE789_Uncontrolled_Mem_Alloc__database_HashMap_03.java	141
/home/swlab/Documents/swvul/java-vuln-detection/slicing/output/CPG/cwe789_cpg/cwe789-817-cpg-resolved.bin	tc817_flow3	CWE789_Uncontrolled_Mem_Alloc__database_HashMap_03.java	152	CWE789_Uncontrolled_Mem_Alloc__database_HashMap_03.java	162
/home/swlab/Documents/swvul/java-vuln-detection/slicing/output/CPG/cwe789_cpg/cwe789-818-cpg-resolved.bin	tc818_flow1	CWE789_Uncontrolled_Mem_Alloc__database_HashMap_04.java	59	CWE789_Uncontrolled_Mem_Alloc__database_HashMap_04.java	125
/home/swlab/Documents/swvul/java-vuln-detection/slicing/output/CPG/cwe789_cpg/cwe789-818-cpg-resolved.bin	tc818_flow2	CWE789_Uncontrolled_Mem_Alloc__database_HashMap_04.java	143	CWE789_Uncontrolled_Mem_Alloc__database_HashMap_04.java	148
/home/swlab/Documents/swvul/java-vuln-detection/slicing/output/CPG/cwe789_cpg/cwe789-818-cpg-resolved.bin	tc818_flow3	CWE789_Uncontrolled_Mem_Alloc__database_HashMap_04.java	159	CWE789_Uncontrolled_Mem_Alloc__database_HashMap_04.java	169
/home/swlab/Documents/swvul/java-vuln-detection/slicing/output/CPG/cwe789_cpg/cwe789-819-cpg-resolved.bin	tc819_flow1	CWE789_Uncontrolled_Mem_Alloc__database_HashMap_05.java	59	CWE789_Uncontrolled_Mem_Alloc__database_HashMap_05.java	125
/home/swlab/Documents/swvul/java-vuln-detection/slicing/output/CPG/cwe789_cpg/cwe789-819-cpg-resolved.bin	tc819_flow2	CWE789_Uncontrolled_Mem_Alloc__database_HashMap_05.java	143	CWE789_Uncontrolled_Mem_Alloc__database_HashMap_05.java	148
/home/swlab/Documents/swvul/java-vuln-detection/slicing/output/CPG/cwe789_cpg/cwe789-819-cpg-resolved.bin	tc819_flow3	CWE789_Uncontrolled_Mem_Alloc__database_HashMap_05.java	159	CWE789_Uncontrolled_Mem_Alloc__database_HashMap_05.java	169
/home/swlab/Documents/swvul/java-vuln-detection/slicing/output/CPG/cwe789_cpg/cwe789-820-cpg-resolved.bin	tc820_flow1	CWE789_Uncontrolled_Mem_Alloc__database_HashMap_06.java	58	CWE789_Uncontrolled_Mem_Alloc__database_HashMap_06.java	124
/home/swlab/Documents/swvul/java-vuln-detection/slicing/output/CPG/cwe789_cpg/cwe789-820-cpg-resolved.bin	tc820_flow2	CWE789_Uncontrolled_Mem_Alloc__database_HashMap_06.java	142	CWE789_Uncontrolled_Mem_Alloc__database_HashMap_06.java	147
/home/swlab/Documents/swvul/java-vuln-detection/slicing/output/CPG/cwe789_cpg/cwe789-820-cpg-resolved.bin	tc820_flow3	CWE789_Uncontrolled_Mem_Alloc__database_HashMap_06.java	158	CWE789_Uncontrolled_Mem_Alloc__database_HashMap_06.java	168
/home/swlab/Documents/swvul/java-vuln-detection/slicing/output/CPG/cwe789_cpg/cwe789-821-cpg-resolved.bin	tc821_flow1	CWE789_Uncontrolled_Mem_Alloc__database_HashMap_07.java	58	CWE789_Uncontrolled_Mem_Alloc__database_HashMap_07.java	124
/home/swlab/Documents/swvul/java-vuln-detection/slicing/output/CPG/cwe789_cpg/cwe789-821-cpg-resolved.bin	tc821_flow2	CWE789_Uncontrolled_Mem_Alloc__database_HashMap_07.java	142	CWE789_Uncontrolled_Mem_Alloc__database_HashMap_07.java	147
/home/swlab/Documents/swvul/java-vuln-detection/slicing/output/CPG/cwe789_cpg/cwe789-821-cpg-resolved.bin	tc821_flow3	CWE789_Uncontrolled_Mem_Alloc__database_HashMap_07.java	158	CWE789_Uncontrolled_Mem_Alloc__database_HashMap_07.java	168
/home/swlab/Documents/swvul/java-vuln-detection/slicing/output/CPG/cwe789_cpg/cwe789-822-cpg-resolved.bin	tc822_flow1	CWE789_Uncontrolled_Mem_Alloc__database_HashMap_08.java	66	CWE789_Uncontrolled_Mem_Alloc__database_HashMap_08.java	132
/home/swlab/Documents/swvul/java-vuln-detection/slicing/output/CPG/cwe789_cpg/cwe789-822-cpg-resolved.bin	tc822_flow2	CWE789_Uncontrolled_Mem_Alloc__database_HashMap_08.java	150	CWE789_Uncontrolled_Mem_Alloc__database_HashMap_08.java	155
/home/swlab/Documents/swvul/java-vuln-detection/slicing/output/CPG/cwe789_cpg/cwe789-822-cpg-resolved.bin	tc822_flow3	CWE789_Uncontrolled_Mem_Alloc__database_HashMap_08.java	166	CWE789_Uncontrolled_Mem_Alloc__database_HashMap_08.java	176
/home/swlab/Documents/swvul/java-vuln-detection/slicing/output/CPG/cwe789_cpg/cwe789-823-cpg-resolved.bin	tc823_flow1	CWE789_Uncontrolled_Mem_Alloc__database_HashMap_09.java	52	CWE789_Uncontrolled_Mem_Alloc__database_HashMap_09.java	118
/home/swlab/Documents/swvul/java-vuln-detection/slicing/output/CPG/cwe789_cpg/cwe789-823-cpg-resolved.bin	tc823_flow2	CWE789_Uncontrolled_Mem_Alloc__database_HashMap_09.java	136	CWE789_Uncontrolled_Mem_Alloc__database_HashMap_09.java	141
/home/swlab/Documents/swvul/java-vuln-detection/slicing/output/CPG/cwe789_cpg/cwe789-823-cpg-resolved.bin	tc823_flow3	CWE789_Uncontrolled_Mem_Alloc__database_HashMap_09.java	152	CWE789_Uncontrolled_Mem_Alloc__database_HashMap_09.java	162
/home/swlab/Documents/swvul/java-vuln-detection/slicing/output/CPG/cwe789_cpg/cwe789-824-cpg-resolved.bin	tc824_flow1	CWE789_Uncontrolled_Mem_Alloc__database_HashMap_10.java	52	CWE789_Uncontrolled_Mem_Alloc__database_HashMap_10.java	118
/home/swlab/Documents/swvul/java-vuln-detection/slicing/output/CPG/cwe789_cpg/cwe789-824-cpg-resolved.bin	tc824_flow2	CWE789_Uncontrolled_Mem_Alloc__database_HashMap_10.java	136	CWE789_Uncontrolled_Mem_Alloc__database_HashMap_10.java	141
/home/swlab/Documents/swvul/java-vuln-detection/slicing/output/CPG/cwe789_cpg/cwe789-824-cpg-resolved.bin	tc824_flow3	CWE789_Uncontrolled_Mem_Alloc__database_HashMap_10.java	152	CWE789_Uncontrolled_Mem_Alloc__database_HashMap_10.java	162
/home/swlab/Documents/swvul/java-vuln-detection/slicing/output/CPG/cwe789_cpg/cwe789-825-cpg-resolved.bin	tc825_flow1	CWE789_Uncontrolled_Mem_Alloc__database_HashMap_11.java	52	CWE789_Uncontrolled_Mem_Alloc__database_HashMap_11.java	118
/home/swlab/Documents/swvul/java-vuln-detection/slicing/output/CPG/cwe789_cpg/cwe789-825-cpg-resolved.bin	tc825_flow2	CWE789_Uncontrolled_Mem_Alloc__database_HashMap_11.java	136	CWE789_Uncontrolled_Mem_Alloc__database_HashMap_11.java	141
/home/swlab/Documents/swvul/java-vuln-detection/slicing/output/CPG/cwe789_cpg/cwe789-825-cpg-resolved.bin	tc825_flow3	CWE789_Uncontrolled_Mem_Alloc__database_HashMap_11.java	152	CWE789_Uncontrolled_Mem_Alloc__database_HashMap_11.java	162
/home/swlab/Documents/swvul/java-vuln-detection/slicing/output/CPG/cwe789_cpg/cwe789-826-cpg-resolved.bin	tc826_flow1	CWE789_Uncontrolled_Mem_Alloc__database_HashMap_12.java	52	CWE789_Uncontrolled_Mem_Alloc__database_HashMap_12.java	119
/home/swlab/Documents/swvul/java-vuln-detection/slicing/output/CPG/cwe789_cpg/cwe789-826-cpg-resolved.bin	tc826_flow2	CWE789_Uncontrolled_Mem_Alloc__database_HashMap_12.java	131	CWE789_Uncontrolled_Mem_Alloc__database_HashMap_12.java	142
/home/swlab/Documents/swvul/java-vuln-detection/slicing/output/CPG/cwe789_cpg/cwe789-827-cpg-resolved.bin	tc827_flow1	CWE789_Uncontrolled_Mem_Alloc__database_HashMap_13.java	52	CWE789_Uncontrolled_Mem_Alloc__database_HashMap_13.java	118
/home/swlab/Documents/swvul/java-vuln-detection/slicing/output/CPG/cwe789_cpg/cwe789-827-cpg-resolved.bin	tc827_flow2	CWE789_Uncontrolled_Mem_Alloc__database_HashMap_13.java	136	CWE789_Uncontrolled_Mem_Alloc__database_HashMap_13.java	141
/home/swlab/Documents/swvul/java-vuln-detection/slicing/output/CPG/cwe789_cpg/cwe789-827-cpg-resolved.bin	tc827_flow3	CWE789_Uncontrolled_Mem_Alloc__database_HashMap_13.java	152	CWE789_Uncontrolled_Mem_Alloc__database_HashMap_13.java	162
/home/swlab/Documents/swvul/java-vuln-detection/slicing/output/CPG/cwe789_cpg/cwe789-828-cpg-resolved.bin	tc828_flow1	CWE789_Uncontrolled_Mem_Alloc__database_HashMap_14.java	52	CWE789_Uncontrolled_Mem_Alloc__database_HashMap_14.java	118
/home/swlab/Documents/swvul/java-vuln-detection/slicing/output/CPG/cwe789_cpg/cwe789-828-cpg-resolved.bin	tc828_flow2	CWE789_Uncontrolled_Mem_Alloc__database_HashMap_14.java	136	CWE789_Uncontrolled_Mem_Alloc__database_HashMap_14.java	141
/home/swlab/Documents/swvul/java-vuln-detection/slicing/output/CPG/cwe789_cpg/cwe789-828-cpg-resolved.bin	tc828_flow3	CWE789_Uncontrolled_Mem_Alloc__database_HashMap_14.java	152	CWE789_Uncontrolled_Mem_Alloc__database_HashMap_14.java	162
/home/swlab/Documents/swvul/java-vuln-detection/slicing/output/CPG/cwe789_cpg/cwe789-829-cpg-resolved.bin	tc829_flow1	CWE789_Uncontrolled_Mem_Alloc__database_HashMap_15.java	54	CWE789_Uncontrolled_Mem_Alloc__database_HashMap_15.java	120
/home/swlab/Documents/swvul/java-vuln-detection/slicing/output/CPG/cwe789_cpg/cwe789-829-cpg-resolved.bin	tc829_flow2	CWE789_Uncontrolled_Mem_Alloc__database_HashMap_15.java	138	CWE789_Uncontrolled_Mem_Alloc__database_HashMap_15.java	143
/home/swlab/Documents/swvul/java-vuln-detection/slicing/output/CPG/cwe789_cpg/cwe789-829-cpg-resolved.bin	tc829_flow3	CWE789_Uncontrolled_Mem_Alloc__database_HashMap_15.java	156	CWE789_Uncontrolled_Mem_Alloc__database_HashMap_15.java	166
/home/swlab/Documents/swvul/java-vuln-detection/slicing/output/CPG/cwe789_cpg/cwe789-830-cpg-resolved.bin	tc830_flow1	CWE789_Uncontrolled_Mem_Alloc__database_HashMap_16.java	53	CWE789_Uncontrolled_Mem_Alloc__database_HashMap_16.java	114
/home/swlab/Documents/swvul/java-vuln-detection/slicing/output/CPG/cwe789_cpg/cwe789-830-cpg-resolved.bin	tc830_flow2	CWE789_Uncontrolled_Mem_Alloc__database_HashMap_16.java	126	CWE789_Uncontrolled_Mem_Alloc__database_HashMap_16.java	131
/home/swlab/Documents/swvul/java-vuln-detection/slicing/output/CPG/cwe789_cpg/cwe789-831-cpg-resolved.bin	tc831_flow1	CWE789_Uncontrolled_Mem_Alloc__database_HashMap_17.java	55	CWE789_Uncontrolled_Mem_Alloc__database_HashMap_17.java	116
/home/swlab/Documents/swvul/java-vuln-detection/slicing/output/CPG/cwe789_cpg/cwe789-831-cpg-resolved.bin	tc831_flow2	CWE789_Uncontrolled_Mem_Alloc__database_HashMap_17.java	127	CWE789_Uncontrolled_Mem_Alloc__database_HashMap_17.java	132
/home/swlab/Documents/swvul/java-vuln-detection/slicing/output/CPG/cwe789_cpg/cwe789-832-cpg-resolved.bin	tc832_flow1	CWE789_Uncontrolled_Mem_Alloc__database_HashMap_21.java	68	CWE789_Uncontrolled_Mem_Alloc__database_HashMap_21.java	44
/home/swlab/Documents/swvul/java-vuln-detection/slicing/output/CPG/cwe789_cpg/cwe789-832-cpg-resolved.bin	tc832_flow2	CWE789_Uncontrolled_Mem_Alloc__database_HashMap_21.java	173	CWE789_Uncontrolled_Mem_Alloc__database_HashMap_21.java	155
/home/swlab/Documents/swvul/java-vuln-detection/slicing/output/CPG/cwe789_cpg/cwe789-832-cpg-resolved.bin	tc832_flow3	CWE789_Uncontrolled_Mem_Alloc__database_HashMap_21.java	200	CWE789_Uncontrolled_Mem_Alloc__database_HashMap_21.java	189
/home/swlab/Documents/swvul/java-vuln-detection/slicing/output/CPG/cwe789_cpg/cwe789-833-cpg-resolved.bin	tc833_flow1	CWE789_Uncontrolled_Mem_Alloc__database_HashMap_22b.java	51	CWE789_Uncontrolled_Mem_Alloc__database_HashMap_22a.java	38
/home/swlab/Documents/swvul/java-vuln-detection/slicing/output/CPG/cwe789_cpg/cwe789-833-cpg-resolved.bin	tc833_flow2	CWE789_Uncontrolled_Mem_Alloc__database_HashMap_22b.java	133	CWE789_Uncontrolled_Mem_Alloc__database_HashMap_22a.java	62
/home/swlab/Documents/swvul/java-vuln-detection/slicing/output/CPG/cwe789_cpg/cwe789-833-cpg-resolved.bin	tc833_flow3	CWE789_Uncontrolled_Mem_Alloc__database_HashMap_22b.java	148	CWE789_Uncontrolled_Mem_Alloc__database_HashMap_22a.java	75
/home/swlab/Documents/swvul/java-vuln-detection/slicing/output/CPG/cwe789_cpg/cwe789-834-cpg-resolved.bin	tc834_flow1	CWE789_Uncontrolled_Mem_Alloc__database_HashMap_31.java	58	CWE789_Uncontrolled_Mem_Alloc__database_HashMap_31.java	122
/home/swlab/Documents/swvul/java-vuln-detection/slicing/output/CPG/cwe789_cpg/cwe789-834-cpg-resolved.bin	tc834_flow2	CWE789_Uncontrolled_Mem_Alloc__database_HashMap_31.java	140	CWE789_Uncontrolled_Mem_Alloc__database_HashMap_31.java	148
/home/swlab/Documents/swvul/java-vuln-detection/slicing/output/CPG/cwe789_cpg/cwe789-835-cpg-resolved.bin	tc835_flow1	CWE789_Uncontrolled_Mem_Alloc__database_HashMap_41.java	62	CWE789_Uncontrolled_Mem_Alloc__database_HashMap_41.java	36
/home/swlab/Documents/swvul/java-vuln-detection/slicing/output/CPG/cwe789_cpg/cwe789-835-cpg-resolved.bin	tc835_flow2	CWE789_Uncontrolled_Mem_Alloc__database_HashMap_41.java	142	CWE789_Uncontrolled_Mem_Alloc__database_HashMap_41.java	132
/home/swlab/Documents/swvul/java-vuln-detection/slicing/output/CPG/cwe789_cpg/cwe789-836-cpg-resolved.bin	tc836_flow1	CWE789_Uncontrolled_Mem_Alloc__database_HashMap_42.java	54	CWE789_Uncontrolled_Mem_Alloc__database_HashMap_42.java	121
/home/swlab/Documents/swvul/java-vuln-detection/slicing/output/CPG/cwe789_cpg/cwe789-836-cpg-resolved.bin	tc836_flow2	CWE789_Uncontrolled_Mem_Alloc__database_HashMap_42.java	130	CWE789_Uncontrolled_Mem_Alloc__database_HashMap_42.java	141
/home/swlab/Documents/swvul/java-vuln-detection/slicing/output/CPG/cwe789_cpg/cwe789-837-cpg-resolved.bin	tc837_flow1	CWE789_Uncontrolled_Mem_Alloc__database_HashMap_45.java	68	CWE789_Uncontrolled_Mem_Alloc__database_HashMap_45.java	41
/home/swlab/Documents/swvul/java-vuln-detection/slicing/output/CPG/cwe789_cpg/cwe789-837-cpg-resolved.bin	tc837_flow2	CWE789_Uncontrolled_Mem_Alloc__database_HashMap_45.java	150	CWE789_Uncontrolled_Mem_Alloc__database_HashMap_45.java	140
/home/swlab/Documents/swvul/java-vuln-detection/slicing/output/CPG/cwe789_cpg/cwe789-838-cpg-resolved.bin	tc838_flow1	CWE789_Uncontrolled_Mem_Alloc__database_HashMap_51a.java	52	CWE789_Uncontrolled_Mem_Alloc__database_HashMap_51b.java	29
/home/swlab/Documents/swvul/java-vuln-detection/slicing/output/CPG/cwe789_cpg/cwe789-838-cpg-resolved.bin	tc838_flow2	CWE789_Uncontrolled_Mem_Alloc__database_HashMap_51a.java	124	CWE789_Uncontrolled_Mem_Alloc__database_HashMap_51b.java	38
/home/swlab/Documents/swvul/java-vuln-detection/slicing/output/CPG/cwe789_cpg/cwe789-839-cpg-resolved.bin	tc839_flow1	CWE789_Uncontrolled_Mem_Alloc__database_HashMap_52a.java	53	CWE789_Uncontrolled_Mem_Alloc__database_HashMap_52c.java	30
/home/swlab/Documents/swvul/java-vuln-detection/slicing/output/CPG/cwe789_cpg/cwe789-839-cpg-resolved.bin	tc839_flow2	CWE789_Uncontrolled_Mem_Alloc__database_HashMap_52a.java	125	CWE789_Uncontrolled_Mem_Alloc__database_HashMap_52c.java	39
/home/swlab/Documents/swvul/java-vuln-detection/slicing/output/CPG/cwe789_cpg/cwe789-840-cpg-resolved.bin	tc840_flow1	CWE789_Uncontrolled_Mem_Alloc__database_HashMap_53a.java	53	CWE789_Uncontrolled_Mem_Alloc__database_HashMap_53d.java	30
/home/swlab/Documents/swvul/java-vuln-detection/slicing/output/CPG/cwe789_cpg/cwe789-840-cpg-resolved.bin	tc840_flow2	CWE789_Uncontrolled_Mem_Alloc__database_HashMap_53a.java	125	CWE789_Uncontrolled_Mem_Alloc__database_HashMap_53d.java	39
/home/swlab/Documents/swvul/java-vuln-detection/slicing/output/CPG/cwe789_cpg/cwe789-841-cpg-resolved.bin	tc841_flow1	CWE789_Uncontrolled_Mem_Alloc__database_HashMap_54a.java	53	CWE789_Uncontrolled_Mem_Alloc__database_HashMap_54e.java	30
/home/swlab/Documents/swvul/java-vuln-detection/slicing/output/CPG/cwe789_cpg/cwe789-841-cpg-resolved.bin	tc841_flow2	CWE789_Uncontrolled_Mem_Alloc__database_HashMap_54a.java	125	CWE789_Uncontrolled_Mem_Alloc__database_HashMap_54e.java	39
/home/swlab/Documents/swvul/java-vuln-detection/slicing/output/CPG/cwe789_cpg/cwe789-842-cpg-resolved.bin	tc842_flow1	CWE789_Uncontrolled_Mem_Alloc__database_HashMap_61b.java	53	CWE789_Uncontrolled_Mem_Alloc__database_HashMap_61a.java	31
/home/swlab/Documents/swvul/java-vuln-detection/slicing/output/CPG/cwe789_cpg/cwe789-842-cpg-resolved.bin	tc842_flow2	CWE789_Uncontrolled_Mem_Alloc__database_HashMap_61b.java	120	CWE789_Uncontrolled_Mem_Alloc__database_HashMap_61a.java	46
/home/swlab/Documents/swvul/java-vuln-detection/slicing/output/CPG/cwe789_cpg/cwe789-843-cpg-resolved.bin	tc843_flow1	CWE789_Uncontrolled_Mem_Alloc__database_HashMap_66a.java	53	CWE789_Uncontrolled_Mem_Alloc__database_HashMap_66b.java	31
/home/swlab/Documents/swvul/java-vuln-detection/slicing/output/CPG/cwe789_cpg/cwe789-843-cpg-resolved.bin	tc843_flow2	CWE789_Uncontrolled_Mem_Alloc__database_HashMap_66a.java	127	CWE789_Uncontrolled_Mem_Alloc__database_HashMap_66b.java	41
/home/swlab/Documents/swvul/java-vuln-detection/slicing/output/CPG/cwe789_cpg/cwe789-844-cpg-resolved.bin	tc844_flow1	CWE789_Uncontrolled_Mem_Alloc__database_HashMap_67a.java	58	CWE789_Uncontrolled_Mem_Alloc__database_HashMap_67b.java	31
/home/swlab/Documents/swvul/java-vuln-detection/slicing/output/CPG/cwe789_cpg/cwe789-844-cpg-resolved.bin	tc844_flow2	CWE789_Uncontrolled_Mem_Alloc__database_HashMap_67a.java	132	CWE789_Uncontrolled_Mem_Alloc__database_HashMap_67b.java	41
/home/swlab/Documents/swvul/java-vuln-detection/slicing/output/CPG/cwe789_cpg/cwe789-845-cpg-resolved.bin	tc845_flow1	CWE789_Uncontrolled_Mem_Alloc__database_HashMap_68a.java	53	CWE789_Uncontrolled_Mem_Alloc__database_HashMap_68b.java	30
/home/swlab/Documents/swvul/java-vuln-detection/slicing/output/CPG/cwe789_cpg/cwe789-845-cpg-resolved.bin	tc845_flow2	CWE789_Uncontrolled_Mem_Alloc__database_HashMap_68a.java	124	CWE789_Uncontrolled_Mem_Alloc__database_HashMap_68b.java	40
/home/swlab/Documents/swvul/java-vuln-detection/slicing/output/CPG/cwe789_cpg/cwe789-846-cpg-resolved.bin	tc846_flow1	CWE789_Uncontrolled_Mem_Alloc__database_HashMap_71a.java	53	CWE789_Uncontrolled_Mem_Alloc__database_HashMap_71b.java	31
/home/swlab/Documents/swvul/java-vuln-detection/slicing/output/CPG/cwe789_cpg/cwe789-846-cpg-resolved.bin	tc846_flow2	CWE789_Uncontrolled_Mem_Alloc__database_HashMap_71a.java	125	CWE789_Uncontrolled_Mem_Alloc__database_HashMap_71b.java	41
/home/swlab/Documents/swvul/java-vuln-detection/slicing/output/CPG/cwe789_cpg/cwe789-847-cpg-resolved.bin	tc847_flow1	CWE789_Uncontrolled_Mem_Alloc__database_HashMap_72a.java	54	CWE789_Uncontrolled_Mem_Alloc__database_HashMap_72b.java	32
/home/swlab/Documents/swvul/java-vuln-detection/slicing/output/CPG/cwe789_cpg/cwe789-847-cpg-resolved.bin	tc847_flow2	CWE789_Uncontrolled_Mem_Alloc__database_HashMap_72a.java	130	CWE789_Uncontrolled_Mem_Alloc__database_HashMap_72b.java	42
/home/swlab/Documents/swvul/java-vuln-detection/slicing/output/CPG/cwe789_cpg/cwe789-848-cpg-resolved.bin	tc848_flow1	CWE789_Uncontrolled_Mem_Alloc__database_HashMap_73a.java	54	CWE789_Uncontrolled_Mem_Alloc__database_HashMap_73b.java	32
/home/swlab/Documents/swvul/java-vuln-detection/slicing/output/CPG/cwe789_cpg/cwe789-848-cpg-resolved.bin	tc848_flow2	CWE789_Uncontrolled_Mem_Alloc__database_HashMap_73a.java	130	CWE789_Uncontrolled_Mem_Alloc__database_HashMap_73b.java	42
/home/swlab/Documents/swvul/java-vuln-detection/slicing/output/CPG/cwe789_cpg/cwe789-849-cpg-resolved.bin	tc849_flow1	CWE789_Uncontrolled_Mem_Alloc__database_HashMap_74a.java	54	CWE789_Uncontrolled_Mem_Alloc__database_HashMap_74b.java	31
/home/swlab/Documents/swvul/java-vuln-detection/slicing/output/CPG/cwe789_cpg/cwe789-849-cpg-resolved.bin	tc849_flow2	CWE789_Uncontrolled_Mem_Alloc__database_HashMap_74a.java	130	CWE789_Uncontrolled_Mem_Alloc__database_HashMap_74b.java	41
/home/swlab/Documents/swvul/java-vuln-detection/slicing/output/CPG/cwe789_cpg/cwe789-850-cpg-resolved.bin	tc850_flow1	CWE789_Uncontrolled_Mem_Alloc__database_HashMap_75a.java	57	CWE789_Uncontrolled_Mem_Alloc__database_HashMap_75b.java	43
/home/swlab/Documents/swvul/java-vuln-detection/slicing/output/CPG/cwe789_cpg/cwe789-850-cpg-resolved.bin	tc850_flow2	CWE789_Uncontrolled_Mem_Alloc__database_HashMap_75a.java	171	CWE789_Uncontrolled_Mem_Alloc__database_HashMap_75b.java	97
/home/swlab/Documents/swvul/java-vuln-detection/slicing/output/CPG/cwe789_cpg/cwe789-851-cpg-resolved.bin	tc851_flow1	CWE789_Uncontrolled_Mem_Alloc__database_HashMap_81a.java	53	CWE789_Uncontrolled_Mem_Alloc__database_HashMap_81_bad.java	30
/home/swlab/Documents/swvul/java-vuln-detection/slicing/output/CPG/cwe789_cpg/cwe789-851-cpg-resolved.bin	tc851_flow2	CWE789_Uncontrolled_Mem_Alloc__database_HashMap_81a.java	126	CWE789_Uncontrolled_Mem_Alloc__database_HashMap_81_goodG2B.java	30
/home/swlab/Documents/swvul/java-vuln-detection/slicing/output/CPG/cwe789_cpg/cwe789-852-cpg-resolved.bin	tc852_flow1	CWE789_Uncontrolled_Mem_Alloc__database_HashSet_01.java	55	CWE789_Uncontrolled_Mem_Alloc__database_HashSet_01.java	114
/home/swlab/Documents/swvul/java-vuln-detection/slicing/output/CPG/cwe789_cpg/cwe789-852-cpg-resolved.bin	tc852_flow2	CWE789_Uncontrolled_Mem_Alloc__database_HashSet_01.java	129	CWE789_Uncontrolled_Mem_Alloc__database_HashSet_01.java	132
/home/swlab/Documents/swvul/java-vuln-detection/slicing/output/CPG/cwe789_cpg/cwe789-853-cpg-resolved.bin	tc853_flow1	CWE789_Uncontrolled_Mem_Alloc__database_HashSet_02.java	52	CWE789_Uncontrolled_Mem_Alloc__database_HashSet_02.java	118
/home/swlab/Documents/swvul/java-vuln-detection/slicing/output/CPG/cwe789_cpg/cwe789-853-cpg-resolved.bin	tc853_flow2	CWE789_Uncontrolled_Mem_Alloc__database_HashSet_02.java	136	CWE789_Uncontrolled_Mem_Alloc__database_HashSet_02.java	141
/home/swlab/Documents/swvul/java-vuln-detection/slicing/output/CPG/cwe789_cpg/cwe789-853-cpg-resolved.bin	tc853_flow3	CWE789_Uncontrolled_Mem_Alloc__database_HashSet_02.java	152	CWE789_Uncontrolled_Mem_Alloc__database_HashSet_02.java	162
/home/swlab/Documents/swvul/java-vuln-detection/slicing/output/CPG/cwe789_cpg/cwe789-854-cpg-resolved.bin	tc854_flow1	CWE789_Uncontrolled_Mem_Alloc__database_HashSet_03.java	52	CWE789_Uncontrolled_Mem_Alloc__database_HashSet_03.java	118
/home/swlab/Documents/swvul/java-vuln-detection/slicing/output/CPG/cwe789_cpg/cwe789-854-cpg-resolved.bin	tc854_flow2	CWE789_Uncontrolled_Mem_Alloc__database_HashSet_03.java	136	CWE789_Uncontrolled_Mem_Alloc__database_HashSet_03.java	141
/home/swlab/Documents/swvul/java-vuln-detection/slicing/output/CPG/cwe789_cpg/cwe789-854-cpg-resolved.bin	tc854_flow3	CWE789_Uncontrolled_Mem_Alloc__database_HashSet_03.java	152	CWE789_Uncontrolled_Mem_Alloc__database_HashSet_03.java	162
/home/swlab/Documents/swvul/java-vuln-detection/slicing/output/CPG/cwe789_cpg/cwe789-855-cpg-resolved.bin	tc855_flow1	CWE789_Uncontrolled_Mem_Alloc__database_HashSet_04.java	59	CWE789_Uncontrolled_Mem_Alloc__database_HashSet_04.java	125
/home/swlab/Documents/swvul/java-vuln-detection/slicing/output/CPG/cwe789_cpg/cwe789-855-cpg-resolved.bin	tc855_flow2	CWE789_Uncontrolled_Mem_Alloc__database_HashSet_04.java	143	CWE789_Uncontrolled_Mem_Alloc__database_HashSet_04.java	148
/home/swlab/Documents/swvul/java-vuln-detection/slicing/output/CPG/cwe789_cpg/cwe789-855-cpg-resolved.bin	tc855_flow3	CWE789_Uncontrolled_Mem_Alloc__database_HashSet_04.java	159	CWE789_Uncontrolled_Mem_Alloc__database_HashSet_04.java	169
/home/swlab/Documents/swvul/java-vuln-detection/slicing/output/CPG/cwe789_cpg/cwe789-856-cpg-resolved.bin	tc856_flow1	CWE789_Uncontrolled_Mem_Alloc__database_HashSet_05.java	59	CWE789_Uncontrolled_Mem_Alloc__database_HashSet_05.java	125
/home/swlab/Documents/swvul/java-vuln-detection/slicing/output/CPG/cwe789_cpg/cwe789-856-cpg-resolved.bin	tc856_flow2	CWE789_Uncontrolled_Mem_Alloc__database_HashSet_05.java	143	CWE789_Uncontrolled_Mem_Alloc__database_HashSet_05.java	148
/home/swlab/Documents/swvul/java-vuln-detection/slicing/output/CPG/cwe789_cpg/cwe789-856-cpg-resolved.bin	tc856_flow3	CWE789_Uncontrolled_Mem_Alloc__database_HashSet_05.java	159	CWE789_Uncontrolled_Mem_Alloc__database_HashSet_05.java	169
/home/swlab/Documents/swvul/java-vuln-detection/slicing/output/CPG/cwe789_cpg/cwe789-857-cpg-resolved.bin	tc857_flow1	CWE789_Uncontrolled_Mem_Alloc__database_HashSet_06.java	58	CWE789_Uncontrolled_Mem_Alloc__database_HashSet_06.java	124
/home/swlab/Documents/swvul/java-vuln-detection/slicing/output/CPG/cwe789_cpg/cwe789-857-cpg-resolved.bin	tc857_flow2	CWE789_Uncontrolled_Mem_Alloc__database_HashSet_06.java	142	CWE789_Uncontrolled_Mem_Alloc__database_HashSet_06.java	147
/home/swlab/Documents/swvul/java-vuln-detection/slicing/output/CPG/cwe789_cpg/cwe789-857-cpg-resolved.bin	tc857_flow3	CWE789_Uncontrolled_Mem_Alloc__database_HashSet_06.java	158	CWE789_Uncontrolled_Mem_Alloc__database_HashSet_06.java	168
/home/swlab/Documents/swvul/java-vuln-detection/slicing/output/CPG/cwe789_cpg/cwe789-858-cpg-resolved.bin	tc858_flow1	CWE789_Uncontrolled_Mem_Alloc__database_HashSet_07.java	58	CWE789_Uncontrolled_Mem_Alloc__database_HashSet_07.java	124
/home/swlab/Documents/swvul/java-vuln-detection/slicing/output/CPG/cwe789_cpg/cwe789-858-cpg-resolved.bin	tc858_flow2	CWE789_Uncontrolled_Mem_Alloc__database_HashSet_07.java	142	CWE789_Uncontrolled_Mem_Alloc__database_HashSet_07.java	147
/home/swlab/Documents/swvul/java-vuln-detection/slicing/output/CPG/cwe789_cpg/cwe789-858-cpg-resolved.bin	tc858_flow3	CWE789_Uncontrolled_Mem_Alloc__database_HashSet_07.java	158	CWE789_Uncontrolled_Mem_Alloc__database_HashSet_07.java	168
/home/swlab/Documents/swvul/java-vuln-detection/slicing/output/CPG/cwe789_cpg/cwe789-859-cpg-resolved.bin	tc859_flow1	CWE789_Uncontrolled_Mem_Alloc__database_HashSet_08.java	66	CWE789_Uncontrolled_Mem_Alloc__database_HashSet_08.java	132
/home/swlab/Documents/swvul/java-vuln-detection/slicing/output/CPG/cwe789_cpg/cwe789-859-cpg-resolved.bin	tc859_flow2	CWE789_Uncontrolled_Mem_Alloc__database_HashSet_08.java	150	CWE789_Uncontrolled_Mem_Alloc__database_HashSet_08.java	155
/home/swlab/Documents/swvul/java-vuln-detection/slicing/output/CPG/cwe789_cpg/cwe789-859-cpg-resolved.bin	tc859_flow3	CWE789_Uncontrolled_Mem_Alloc__database_HashSet_08.java	166	CWE789_Uncontrolled_Mem_Alloc__database_HashSet_08.java	176
/home/swlab/Documents/swvul/java-vuln-detection/slicing/output/CPG/cwe789_cpg/cwe789-860-cpg-resolved.bin	tc860_flow1	CWE789_Uncontrolled_Mem_Alloc__database_HashSet_09.java	52	CWE789_Uncontrolled_Mem_Alloc__database_HashSet_09.java	118
/home/swlab/Documents/swvul/java-vuln-detection/slicing/output/CPG/cwe789_cpg/cwe789-860-cpg-resolved.bin	tc860_flow2	CWE789_Uncontrolled_Mem_Alloc__database_HashSet_09.java	136	CWE789_Uncontrolled_Mem_Alloc__database_HashSet_09.java	141
/home/swlab/Documents/swvul/java-vuln-detection/slicing/output/CPG/cwe789_cpg/cwe789-860-cpg-resolved.bin	tc860_flow3	CWE789_Uncontrolled_Mem_Alloc__database_HashSet_09.java	152	CWE789_Uncontrolled_Mem_Alloc__database_HashSet_09.java	162
/home/swlab/Documents/swvul/java-vuln-detection/slicing/output/CPG/cwe789_cpg/cwe789-861-cpg-resolved.bin	tc861_flow1	CWE789_Uncontrolled_Mem_Alloc__database_HashSet_10.java	52	CWE789_Uncontrolled_Mem_Alloc__database_HashSet_10.java	118
/home/swlab/Documents/swvul/java-vuln-detection/slicing/output/CPG/cwe789_cpg/cwe789-861-cpg-resolved.bin	tc861_flow2	CWE789_Uncontrolled_Mem_Alloc__database_HashSet_10.java	136	CWE789_Uncontrolled_Mem_Alloc__database_HashSet_10.java	141
/home/swlab/Documents/swvul/java-vuln-detection/slicing/output/CPG/cwe789_cpg/cwe789-861-cpg-resolved.bin	tc861_flow3	CWE789_Uncontrolled_Mem_Alloc__database_HashSet_10.java	152	CWE789_Uncontrolled_Mem_Alloc__database_HashSet_10.java	162
/home/swlab/Documents/swvul/java-vuln-detection/slicing/output/CPG/cwe789_cpg/cwe789-862-cpg-resolved.bin	tc862_flow1	CWE789_Uncontrolled_Mem_Alloc__database_HashSet_11.java	52	CWE789_Uncontrolled_Mem_Alloc__database_HashSet_11.java	118
/home/swlab/Documents/swvul/java-vuln-detection/slicing/output/CPG/cwe789_cpg/cwe789-862-cpg-resolved.bin	tc862_flow2	CWE789_Uncontrolled_Mem_Alloc__database_HashSet_11.java	136	CWE789_Uncontrolled_Mem_Alloc__database_HashSet_11.java	141
/home/swlab/Documents/swvul/java-vuln-detection/slicing/output/CPG/cwe789_cpg/cwe789-862-cpg-resolved.bin	tc862_flow3	CWE789_Uncontrolled_Mem_Alloc__database_HashSet_11.java	152	CWE789_Uncontrolled_Mem_Alloc__database_HashSet_11.java	162
/home/swlab/Documents/swvul/java-vuln-detection/slicing/output/CPG/cwe789_cpg/cwe789-863-cpg-resolved.bin	tc863_flow1	CWE789_Uncontrolled_Mem_Alloc__database_HashSet_12.java	52	CWE789_Uncontrolled_Mem_Alloc__database_HashSet_12.java	119
/home/swlab/Documents/swvul/java-vuln-detection/slicing/output/CPG/cwe789_cpg/cwe789-863-cpg-resolved.bin	tc863_flow2	CWE789_Uncontrolled_Mem_Alloc__database_HashSet_12.java	131	CWE789_Uncontrolled_Mem_Alloc__database_HashSet_12.java	142
/home/swlab/Documents/swvul/java-vuln-detection/slicing/output/CPG/cwe789_cpg/cwe789-864-cpg-resolved.bin	tc864_flow1	CWE789_Uncontrolled_Mem_Alloc__database_HashSet_13.java	52	CWE789_Uncontrolled_Mem_Alloc__database_HashSet_13.java	118
/home/swlab/Documents/swvul/java-vuln-detection/slicing/output/CPG/cwe789_cpg/cwe789-864-cpg-resolved.bin	tc864_flow2	CWE789_Uncontrolled_Mem_Alloc__database_HashSet_13.java	136	CWE789_Uncontrolled_Mem_Alloc__database_HashSet_13.java	141
/home/swlab/Documents/swvul/java-vuln-detection/slicing/output/CPG/cwe789_cpg/cwe789-864-cpg-resolved.bin	tc864_flow3	CWE789_Uncontrolled_Mem_Alloc__database_HashSet_13.java	152	CWE789_Uncontrolled_Mem_Alloc__database_HashSet_13.java	162
/home/swlab/Documents/swvul/java-vuln-detection/slicing/output/CPG/cwe789_cpg/cwe789-865-cpg-resolved.bin	tc865_flow1	CWE789_Uncontrolled_Mem_Alloc__database_HashSet_14.java	52	CWE789_Uncontrolled_Mem_Alloc__database_HashSet_14.java	118
/home/swlab/Documents/swvul/java-vuln-detection/slicing/output/CPG/cwe789_cpg/cwe789-865-cpg-resolved.bin	tc865_flow2	CWE789_Uncontrolled_Mem_Alloc__database_HashSet_14.java	136	CWE789_Uncontrolled_Mem_Alloc__database_HashSet_14.java	141
/home/swlab/Documents/swvul/java-vuln-detection/slicing/output/CPG/cwe789_cpg/cwe789-865-cpg-resolved.bin	tc865_flow3	CWE789_Uncontrolled_Mem_Alloc__database_HashSet_14.java	152	CWE789_Uncontrolled_Mem_Alloc__database_HashSet_14.java	162
/home/swlab/Documents/swvul/java-vuln-detection/slicing/output/CPG/cwe789_cpg/cwe789-866-cpg-resolved.bin	tc866_flow1	CWE789_Uncontrolled_Mem_Alloc__database_HashSet_15.java	54	CWE789_Uncontrolled_Mem_Alloc__database_HashSet_15.java	120
/home/swlab/Documents/swvul/java-vuln-detection/slicing/output/CPG/cwe789_cpg/cwe789-866-cpg-resolved.bin	tc866_flow2	CWE789_Uncontrolled_Mem_Alloc__database_HashSet_15.java	138	CWE789_Uncontrolled_Mem_Alloc__database_HashSet_15.java	143
/home/swlab/Documents/swvul/java-vuln-detection/slicing/output/CPG/cwe789_cpg/cwe789-866-cpg-resolved.bin	tc866_flow3	CWE789_Uncontrolled_Mem_Alloc__database_HashSet_15.java	156	CWE789_Uncontrolled_Mem_Alloc__database_HashSet_15.java	166
/home/swlab/Documents/swvul/java-vuln-detection/slicing/output/CPG/cwe789_cpg/cwe789-867-cpg-resolved.bin	tc867_flow1	CWE789_Uncontrolled_Mem_Alloc__database_HashSet_16.java	53	CWE789_Uncontrolled_Mem_Alloc__database_HashSet_16.java	114
/home/swlab/Documents/swvul/java-vuln-detection/slicing/output/CPG/cwe789_cpg/cwe789-867-cpg-resolved.bin	tc867_flow2	CWE789_Uncontrolled_Mem_Alloc__database_HashSet_16.java	126	CWE789_Uncontrolled_Mem_Alloc__database_HashSet_16.java	131
/home/swlab/Documents/swvul/java-vuln-detection/slicing/output/CPG/cwe789_cpg/cwe789-868-cpg-resolved.bin	tc868_flow1	CWE789_Uncontrolled_Mem_Alloc__database_HashSet_17.java	55	CWE789_Uncontrolled_Mem_Alloc__database_HashSet_17.java	116
/home/swlab/Documents/swvul/java-vuln-detection/slicing/output/CPG/cwe789_cpg/cwe789-868-cpg-resolved.bin	tc868_flow2	CWE789_Uncontrolled_Mem_Alloc__database_HashSet_17.java	127	CWE789_Uncontrolled_Mem_Alloc__database_HashSet_17.java	132
/home/swlab/Documents/swvul/java-vuln-detection/slicing/output/CPG/cwe789_cpg/cwe789-869-cpg-resolved.bin	tc869_flow1	CWE789_Uncontrolled_Mem_Alloc__database_HashSet_21.java	68	CWE789_Uncontrolled_Mem_Alloc__database_HashSet_21.java	44
/home/swlab/Documents/swvul/java-vuln-detection/slicing/output/CPG/cwe789_cpg/cwe789-869-cpg-resolved.bin	tc869_flow2	CWE789_Uncontrolled_Mem_Alloc__database_HashSet_21.java	173	CWE789_Uncontrolled_Mem_Alloc__database_HashSet_21.java	155
/home/swlab/Documents/swvul/java-vuln-detection/slicing/output/CPG/cwe789_cpg/cwe789-869-cpg-resolved.bin	tc869_flow3	CWE789_Uncontrolled_Mem_Alloc__database_HashSet_21.java	200	CWE789_Uncontrolled_Mem_Alloc__database_HashSet_21.java	189
/home/swlab/Documents/swvul/java-vuln-detection/slicing/output/CPG/cwe789_cpg/cwe789-870-cpg-resolved.bin	tc870_flow1	CWE789_Uncontrolled_Mem_Alloc__database_HashSet_22b.java	51	CWE789_Uncontrolled_Mem_Alloc__database_HashSet_22a.java	38
/home/swlab/Documents/swvul/java-vuln-detection/slicing/output/CPG/cwe789_cpg/cwe789-870-cpg-resolved.bin	tc870_flow2	CWE789_Uncontrolled_Mem_Alloc__database_HashSet_22b.java	133	CWE789_Uncontrolled_Mem_Alloc__database_HashSet_22a.java	62
/home/swlab/Documents/swvul/java-vuln-detection/slicing/output/CPG/cwe789_cpg/cwe789-870-cpg-resolved.bin	tc870_flow3	CWE789_Uncontrolled_Mem_Alloc__database_HashSet_22b.java	148	CWE789_Uncontrolled_Mem_Alloc__database_HashSet_22a.java	75
/home/swlab/Documents/swvul/java-vuln-detection/slicing/output/CPG/cwe789_cpg/cwe789-871-cpg-resolved.bin	tc871_flow1	CWE789_Uncontrolled_Mem_Alloc__database_HashSet_31.java	58	CWE789_Uncontrolled_Mem_Alloc__database_HashSet_31.java	122
/home/swlab/Documents/swvul/java-vuln-detection/slicing/output/CPG/cwe789_cpg/cwe789-871-cpg-resolved.bin	tc871_flow2	CWE789_Uncontrolled_Mem_Alloc__database_HashSet_31.java	140	CWE789_Uncontrolled_Mem_Alloc__database_HashSet_31.java	148
/home/swlab/Documents/swvul/java-vuln-detection/slicing/output/CPG/cwe789_cpg/cwe789-872-cpg-resolved.bin	tc872_flow1	CWE789_Uncontrolled_Mem_Alloc__database_HashSet_41.java	62	CWE789_Uncontrolled_Mem_Alloc__database_HashSet_41.java	36
/home/swlab/Documents/swvul/java-vuln-detection/slicing/output/CPG/cwe789_cpg/cwe789-872-cpg-resolved.bin	tc872_flow2	CWE789_Uncontrolled_Mem_Alloc__database_HashSet_41.java	142	CWE789_Uncontrolled_Mem_Alloc__database_HashSet_41.java	132
/home/swlab/Documents/swvul/java-vuln-detection/slicing/output/CPG/cwe789_cpg/cwe789-873-cpg-resolved.bin	tc873_flow1	CWE789_Uncontrolled_Mem_Alloc__database_HashSet_42.java	54	CWE789_Uncontrolled_Mem_Alloc__database_HashSet_42.java	121
/home/swlab/Documents/swvul/java-vuln-detection/slicing/output/CPG/cwe789_cpg/cwe789-873-cpg-resolved.bin	tc873_flow2	CWE789_Uncontrolled_Mem_Alloc__database_HashSet_42.java	130	CWE789_Uncontrolled_Mem_Alloc__database_HashSet_42.java	141
/home/swlab/Documents/swvul/java-vuln-detection/slicing/output/CPG/cwe789_cpg/cwe789-874-cpg-resolved.bin	tc874_flow1	CWE789_Uncontrolled_Mem_Alloc__database_HashSet_45.java	68	CWE789_Uncontrolled_Mem_Alloc__database_HashSet_45.java	41
/home/swlab/Documents/swvul/java-vuln-detection/slicing/output/CPG/cwe789_cpg/cwe789-874-cpg-resolved.bin	tc874_flow2	CWE789_Uncontrolled_Mem_Alloc__database_HashSet_45.java	150	CWE789_Uncontrolled_Mem_Alloc__database_HashSet_45.java	140
/home/swlab/Documents/swvul/java-vuln-detection/slicing/output/CPG/cwe789_cpg/cwe789-875-cpg-resolved.bin	tc875_flow1	CWE789_Uncontrolled_Mem_Alloc__database_HashSet_51a.java	52	CWE789_Uncontrolled_Mem_Alloc__database_HashSet_51b.java	29
/home/swlab/Documents/swvul/java-vuln-detection/slicing/output/CPG/cwe789_cpg/cwe789-875-cpg-resolved.bin	tc875_flow2	CWE789_Uncontrolled_Mem_Alloc__database_HashSet_51a.java	124	CWE789_Uncontrolled_Mem_Alloc__database_HashSet_51b.java	38
/home/swlab/Documents/swvul/java-vuln-detection/slicing/output/CPG/cwe789_cpg/cwe789-876-cpg-resolved.bin	tc876_flow1	CWE789_Uncontrolled_Mem_Alloc__database_HashSet_52a.java	53	CWE789_Uncontrolled_Mem_Alloc__database_HashSet_52c.java	30
/home/swlab/Documents/swvul/java-vuln-detection/slicing/output/CPG/cwe789_cpg/cwe789-876-cpg-resolved.bin	tc876_flow2	CWE789_Uncontrolled_Mem_Alloc__database_HashSet_52a.java	125	CWE789_Uncontrolled_Mem_Alloc__database_HashSet_52c.java	39
/home/swlab/Documents/swvul/java-vuln-detection/slicing/output/CPG/cwe789_cpg/cwe789-877-cpg-resolved.bin	tc877_flow1	CWE789_Uncontrolled_Mem_Alloc__database_HashSet_53a.java	53	CWE789_Uncontrolled_Mem_Alloc__database_HashSet_53d.java	30
/home/swlab/Documents/swvul/java-vuln-detection/slicing/output/CPG/cwe789_cpg/cwe789-877-cpg-resolved.bin	tc877_flow2	CWE789_Uncontrolled_Mem_Alloc__database_HashSet_53a.java	125	CWE789_Uncontrolled_Mem_Alloc__database_HashSet_53d.java	39
/home/swlab/Documents/swvul/java-vuln-detection/slicing/output/CPG/cwe789_cpg/cwe789-878-cpg-resolved.bin	tc878_flow1	CWE789_Uncontrolled_Mem_Alloc__database_HashSet_54a.java	53	CWE789_Uncontrolled_Mem_Alloc__database_HashSet_54e.java	30
/home/swlab/Documents/swvul/java-vuln-detection/slicing/output/CPG/cwe789_cpg/cwe789-878-cpg-resolved.bin	tc878_flow2	CWE789_Uncontrolled_Mem_Alloc__database_HashSet_54a.java	125	CWE789_Uncontrolled_Mem_Alloc__database_HashSet_54e.java	39
/home/swlab/Documents/swvul/java-vuln-detection/slicing/output/CPG/cwe789_cpg/cwe789-879-cpg-resolved.bin	tc879_flow1	CWE789_Uncontrolled_Mem_Alloc__database_HashSet_61b.java	53	CWE789_Uncontrolled_Mem_Alloc__database_HashSet_61a.java	31
/home/swlab/Documents/swvul/java-vuln-detection/slicing/output/CPG/cwe789_cpg/cwe789-879-cpg-resolved.bin	tc879_flow2	CWE789_Uncontrolled_Mem_Alloc__database_HashSet_61b.java	120	CWE789_Uncontrolled_Mem_Alloc__database_HashSet_61a.java	46
/home/swlab/Documents/swvul/java-vuln-detection/slicing/output/CPG/cwe789_cpg/cwe789-880-cpg-resolved.bin	tc880_flow1	CWE789_Uncontrolled_Mem_Alloc__database_HashSet_66a.java	53	CWE789_Uncontrolled_Mem_Alloc__database_HashSet_66b.java	31
/home/swlab/Documents/swvul/java-vuln-detection/slicing/output/CPG/cwe789_cpg/cwe789-880-cpg-resolved.bin	tc880_flow2	CWE789_Uncontrolled_Mem_Alloc__database_HashSet_66a.java	127	CWE789_Uncontrolled_Mem_Alloc__database_HashSet_66b.java	41
/home/swlab/Documents/swvul/java-vuln-detection/slicing/output/CPG/cwe789_cpg/cwe789-881-cpg-resolved.bin	tc881_flow1	CWE789_Uncontrolled_Mem_Alloc__database_HashSet_67a.java	58	CWE789_Uncontrolled_Mem_Alloc__database_HashSet_67b.java	31
/home/swlab/Documents/swvul/java-vuln-detection/slicing/output/CPG/cwe789_cpg/cwe789-881-cpg-resolved.bin	tc881_flow2	CWE789_Uncontrolled_Mem_Alloc__database_HashSet_67a.java	132	CWE789_Uncontrolled_Mem_Alloc__database_HashSet_67b.java	41
/home/swlab/Documents/swvul/java-vuln-detection/slicing/output/CPG/cwe789_cpg/cwe789-882-cpg-resolved.bin	tc882_flow1	CWE789_Uncontrolled_Mem_Alloc__database_HashSet_68a.java	53	CWE789_Uncontrolled_Mem_Alloc__database_HashSet_68b.java	30
/home/swlab/Documents/swvul/java-vuln-detection/slicing/output/CPG/cwe789_cpg/cwe789-882-cpg-resolved.bin	tc882_flow2	CWE789_Uncontrolled_Mem_Alloc__database_HashSet_68a.java	124	CWE789_Uncontrolled_Mem_Alloc__database_HashSet_68b.java	40
/home/swlab/Documents/swvul/java-vuln-detection/slicing/output/CPG/cwe789_cpg/cwe789-883-cpg-resolved.bin	tc883_flow1	CWE789_Uncontrolled_Mem_Alloc__database_HashSet_71a.java	53	CWE789_Uncontrolled_Mem_Alloc__database_HashSet_71b.java	31
/home/swlab/Documents/swvul/java-vuln-detection/slicing/output/CPG/cwe789_cpg/cwe789-883-cpg-resolved.bin	tc883_flow2	CWE789_Uncontrolled_Mem_Alloc__database_HashSet_71a.java	125	CWE789_Uncontrolled_Mem_Alloc__database_HashSet_71b.java	41
/home/swlab/Documents/swvul/java-vuln-detection/slicing/output/CPG/cwe789_cpg/cwe789-884-cpg-resolved.bin	tc884_flow1	CWE789_Uncontrolled_Mem_Alloc__database_HashSet_72a.java	54	CWE789_Uncontrolled_Mem_Alloc__database_HashSet_72b.java	32
/home/swlab/Documents/swvul/java-vuln-detection/slicing/output/CPG/cwe789_cpg/cwe789-884-cpg-resolved.bin	tc884_flow2	CWE789_Uncontrolled_Mem_Alloc__database_HashSet_72a.java	130	CWE789_Uncontrolled_Mem_Alloc__database_HashSet_72b.java	42
/home/swlab/Documents/swvul/java-vuln-detection/slicing/output/CPG/cwe789_cpg/cwe789-885-cpg-resolved.bin	tc885_flow1	CWE789_Uncontrolled_Mem_Alloc__database_HashSet_73a.java	54	CWE789_Uncontrolled_Mem_Alloc__database_HashSet_73b.java	32
/home/swlab/Documents/swvul/java-vuln-detection/slicing/output/CPG/cwe789_cpg/cwe789-885-cpg-resolved.bin	tc885_flow2	CWE789_Uncontrolled_Mem_Alloc__database_HashSet_73a.java	130	CWE789_Uncontrolled_Mem_Alloc__database_HashSet_73b.java	42
/home/swlab/Documents/swvul/java-vuln-detection/slicing/output/CPG/cwe789_cpg/cwe789-886-cpg-resolved.bin	tc886_flow1	CWE789_Uncontrolled_Mem_Alloc__database_HashSet_74a.java	54	CWE789_Uncontrolled_Mem_Alloc__database_HashSet_74b.java	32
/home/swlab/Documents/swvul/java-vuln-detection/slicing/output/CPG/cwe789_cpg/cwe789-886-cpg-resolved.bin	tc886_flow2	CWE789_Uncontrolled_Mem_Alloc__database_HashSet_74a.java	130	CWE789_Uncontrolled_Mem_Alloc__database_HashSet_74b.java	42
/home/swlab/Documents/swvul/java-vuln-detection/slicing/output/CPG/cwe789_cpg/cwe789-887-cpg-resolved.bin	tc887_flow1	CWE789_Uncontrolled_Mem_Alloc__database_HashSet_75a.java	57	CWE789_Uncontrolled_Mem_Alloc__database_HashSet_75b.java	43
/home/swlab/Documents/swvul/java-vuln-detection/slicing/output/CPG/cwe789_cpg/cwe789-887-cpg-resolved.bin	tc887_flow2	CWE789_Uncontrolled_Mem_Alloc__database_HashSet_75a.java	171	CWE789_Uncontrolled_Mem_Alloc__database_HashSet_75b.java	97
/home/swlab/Documents/swvul/java-vuln-detection/slicing/output/CPG/cwe789_cpg/cwe789-888-cpg-resolved.bin	tc888_flow1	CWE789_Uncontrolled_Mem_Alloc__database_HashSet_81a.java	53	CWE789_Uncontrolled_Mem_Alloc__database_HashSet_81_bad.java	30
/home/swlab/Documents/swvul/java-vuln-detection/slicing/output/CPG/cwe789_cpg/cwe789-888-cpg-resolved.bin	tc888_flow2	CWE789_Uncontrolled_Mem_Alloc__database_HashSet_81a.java	126	CWE789_Uncontrolled_Mem_Alloc__database_HashSet_81_goodG2B.java	30
/home/swlab/Documents/swvul/java-vuln-detection/slicing/output/CPG/cwe789_cpg/cwe789-889-cpg-resolved.bin	tc889_flow1	CWE789_Uncontrolled_Mem_Alloc__getCookies_Servlet_ArrayList_01.java	41	CWE789_Uncontrolled_Mem_Alloc__getCookies_Servlet_ArrayList_01.java	54
/home/swlab/Documents/swvul/java-vuln-detection/slicing/output/CPG/cwe789_cpg/cwe789-889-cpg-resolved.bin	tc889_flow2	CWE789_Uncontrolled_Mem_Alloc__getCookies_Servlet_ArrayList_01.java	69	CWE789_Uncontrolled_Mem_Alloc__getCookies_Servlet_ArrayList_01.java	72
/home/swlab/Documents/swvul/java-vuln-detection/slicing/output/CPG/cwe789_cpg/cwe789-890-cpg-resolved.bin	tc890_flow1	CWE789_Uncontrolled_Mem_Alloc__getCookies_Servlet_ArrayList_02.java	41	CWE789_Uncontrolled_Mem_Alloc__getCookies_Servlet_ArrayList_02.java	61
/home/swlab/Documents/swvul/java-vuln-detection/slicing/output/CPG/cwe789_cpg/cwe789-890-cpg-resolved.bin	tc890_flow2	CWE789_Uncontrolled_Mem_Alloc__getCookies_Servlet_ArrayList_02.java	79	CWE789_Uncontrolled_Mem_Alloc__getCookies_Servlet_ArrayList_02.java	84
/home/swlab/Documents/swvul/java-vuln-detection/slicing/output/CPG/cwe789_cpg/cwe789-890-cpg-resolved.bin	tc890_flow3	CWE789_Uncontrolled_Mem_Alloc__getCookies_Servlet_ArrayList_02.java	95	CWE789_Uncontrolled_Mem_Alloc__getCookies_Servlet_ArrayList_02.java	105
/home/swlab/Documents/swvul/java-vuln-detection/slicing/output/CPG/cwe789_cpg/cwe789-891-cpg-resolved.bin	tc891_flow1	CWE789_Uncontrolled_Mem_Alloc__getCookies_Servlet_ArrayList_03.java	41	CWE789_Uncontrolled_Mem_Alloc__getCookies_Servlet_ArrayList_03.java	61
/home/swlab/Documents/swvul/java-vuln-detection/slicing/output/CPG/cwe789_cpg/cwe789-891-cpg-resolved.bin	tc891_flow2	CWE789_Uncontrolled_Mem_Alloc__getCookies_Servlet_ArrayList_03.java	79	CWE789_Uncontrolled_Mem_Alloc__getCookies_Servlet_ArrayList_03.java	84
/home/swlab/Documents/swvul/java-vuln-detection/slicing/output/CPG/cwe789_cpg/cwe789-891-cpg-resolved.bin	tc891_flow3	CWE789_Uncontrolled_Mem_Alloc__getCookies_Servlet_ArrayList_03.java	95	CWE789_Uncontrolled_Mem_Alloc__getCookies_Servlet_ArrayList_03.java	105
/home/swlab/Documents/swvul/java-vuln-detection/slicing/output/CPG/cwe789_cpg/cwe789-892-cpg-resolved.bin	tc892_flow1	CWE789_Uncontrolled_Mem_Alloc__getCookies_Servlet_ArrayList_04.java	48	CWE789_Uncontrolled_Mem_Alloc__getCookies_Servlet_ArrayList_04.java	68
/home/swlab/Documents/swvul/java-vuln-detection/slicing/output/CPG/cwe789_cpg/cwe789-892-cpg-resolved.bin	tc892_flow2	CWE789_Uncontrolled_Mem_Alloc__getCookies_Servlet_ArrayList_04.java	86	CWE789_Uncontrolled_Mem_Alloc__getCookies_Servlet_ArrayList_04.java	91
/home/swlab/Documents/swvul/java-vuln-detection/slicing/output/CPG/cwe789_cpg/cwe789-892-cpg-resolved.bin	tc892_flow3	CWE789_Uncontrolled_Mem_Alloc__getCookies_Servlet_ArrayList_04.java	102	CWE789_Uncontrolled_Mem_Alloc__getCookies_Servlet_ArrayList_04.java	112
/home/swlab/Documents/swvul/java-vuln-detection/slicing/output/CPG/cwe789_cpg/cwe789-893-cpg-resolved.bin	tc893_flow1	CWE789_Uncontrolled_Mem_Alloc__getCookies_Servlet_ArrayList_05.java	48	CWE789_Uncontrolled_Mem_Alloc__getCookies_Servlet_ArrayList_05.java	68
/home/swlab/Documents/swvul/java-vuln-detection/slicing/output/CPG/cwe789_cpg/cwe789-893-cpg-resolved.bin	tc893_flow2	CWE789_Uncontrolled_Mem_Alloc__getCookies_Servlet_ArrayList_05.java	86	CWE789_Uncontrolled_Mem_Alloc__getCookies_Servlet_ArrayList_05.java	91
/home/swlab/Documents/swvul/java-vuln-detection/slicing/output/CPG/cwe789_cpg/cwe789-893-cpg-resolved.bin	tc893_flow3	CWE789_Uncontrolled_Mem_Alloc__getCookies_Servlet_ArrayList_05.java	102	CWE789_Uncontrolled_Mem_Alloc__getCookies_Servlet_ArrayList_05.java	112
/home/swlab/Documents/swvul/java-vuln-detection/slicing/output/CPG/cwe789_cpg/cwe789-894-cpg-resolved.bin	tc894_flow1	CWE789_Uncontrolled_Mem_Alloc__getCookies_Servlet_ArrayList_06.java	47	CWE789_Uncontrolled_Mem_Alloc__getCookies_Servlet_ArrayList_06.java	67
/home/swlab/Documents/swvul/java-vuln-detection/slicing/output/CPG/cwe789_cpg/cwe789-894-cpg-resolved.bin	tc894_flow2	CWE789_Uncontrolled_Mem_Alloc__getCookies_Servlet_ArrayList_06.java	85	CWE789_Uncontrolled_Mem_Alloc__getCookies_Servlet_ArrayList_06.java	90
/home/swlab/Documents/swvul/java-vuln-detection/slicing/output/CPG/cwe789_cpg/cwe789-894-cpg-resolved.bin	tc894_flow3	CWE789_Uncontrolled_Mem_Alloc__getCookies_Servlet_ArrayList_06.java	101	CWE789_Uncontrolled_Mem_Alloc__getCookies_Servlet_ArrayList_06.java	111
/home/swlab/Documents/swvul/java-vuln-detection/slicing/output/CPG/cwe789_cpg/cwe789-895-cpg-resolved.bin	tc895_flow1	CWE789_Uncontrolled_Mem_Alloc__getCookies_Servlet_ArrayList_07.java	47	CWE789_Uncontrolled_Mem_Alloc__getCookies_Servlet_ArrayList_07.java	67
/home/swlab/Documents/swvul/java-vuln-detection/slicing/output/CPG/cwe789_cpg/cwe789-895-cpg-resolved.bin	tc895_flow2	CWE789_Uncontrolled_Mem_Alloc__getCookies_Servlet_ArrayList_07.java	85	CWE789_Uncontrolled_Mem_Alloc__getCookies_Servlet_ArrayList_07.java	90
/home/swlab/Documents/swvul/java-vuln-detection/slicing/output/CPG/cwe789_cpg/cwe789-895-cpg-resolved.bin	tc895_flow3	CWE789_Uncontrolled_Mem_Alloc__getCookies_Servlet_ArrayList_07.java	101	CWE789_Uncontrolled_Mem_Alloc__getCookies_Servlet_ArrayList_07.java	111
/home/swlab/Documents/swvul/java-vuln-detection/slicing/output/CPG/cwe789_cpg/cwe789-896-cpg-resolved.bin	tc896_flow1	CWE789_Uncontrolled_Mem_Alloc__getCookies_Servlet_ArrayList_08.java	55	CWE789_Uncontrolled_Mem_Alloc__getCookies_Servlet_ArrayList_08.java	75
/home/swlab/Documents/swvul/java-vuln-detection/slicing/output/CPG/cwe789_cpg/cwe789-896-cpg-resolved.bin	tc896_flow2	CWE789_Uncontrolled_Mem_Alloc__getCookies_Servlet_ArrayList_08.java	93	CWE789_Uncontrolled_Mem_Alloc__getCookies_Servlet_ArrayList_08.java	98
/home/swlab/Documents/swvul/java-vuln-detection/slicing/output/CPG/cwe789_cpg/cwe789-896-cpg-resolved.bin	tc896_flow3	CWE789_Uncontrolled_Mem_Alloc__getCookies_Servlet_ArrayList_08.java	109	CWE789_Uncontrolled_Mem_Alloc__getCookies_Servlet_ArrayList_08.java	119
/home/swlab/Documents/swvul/java-vuln-detection/slicing/output/CPG/cwe789_cpg/cwe789-897-cpg-resolved.bin	tc897_flow1	CWE789_Uncontrolled_Mem_Alloc__getCookies_Servlet_ArrayList_09.java	41	CWE789_Uncontrolled_Mem_Alloc__getCookies_Servlet_ArrayList_09.java	61
/home/swlab/Documents/swvul/java-vuln-detection/slicing/output/CPG/cwe789_cpg/cwe789-897-cpg-resolved.bin	tc897_flow2	CWE789_Uncontrolled_Mem_Alloc__getCookies_Servlet_ArrayList_09.java	79	CWE789_Uncontrolled_Mem_Alloc__getCookies_Servlet_ArrayList_09.java	84
/home/swlab/Documents/swvul/java-vuln-detection/slicing/output/CPG/cwe789_cpg/cwe789-897-cpg-resolved.bin	tc897_flow3	CWE789_Uncontrolled_Mem_Alloc__getCookies_Servlet_ArrayList_09.java	95	CWE789_Uncontrolled_Mem_Alloc__getCookies_Servlet_ArrayList_09.java	105
/home/swlab/Documents/swvul/java-vuln-detection/slicing/output/CPG/cwe789_cpg/cwe789-898-cpg-resolved.bin	tc898_flow1	CWE789_Uncontrolled_Mem_Alloc__getCookies_Servlet_ArrayList_10.java	41	CWE789_Uncontrolled_Mem_Alloc__getCookies_Servlet_ArrayList_10.java	61
/home/swlab/Documents/swvul/java-vuln-detection/slicing/output/CPG/cwe789_cpg/cwe789-898-cpg-resolved.bin	tc898_flow2	CWE789_Uncontrolled_Mem_Alloc__getCookies_Servlet_ArrayList_10.java	79	CWE789_Uncontrolled_Mem_Alloc__getCookies_Servlet_ArrayList_10.java	84
/home/swlab/Documents/swvul/java-vuln-detection/slicing/output/CPG/cwe789_cpg/cwe789-898-cpg-resolved.bin	tc898_flow3	CWE789_Uncontrolled_Mem_Alloc__getCookies_Servlet_ArrayList_10.java	95	CWE789_Uncontrolled_Mem_Alloc__getCookies_Servlet_ArrayList_10.java	105
/home/swlab/Documents/swvul/java-vuln-detection/slicing/output/CPG/cwe789_cpg/cwe789-899-cpg-resolved.bin	tc899_flow1	CWE789_Uncontrolled_Mem_Alloc__getCookies_Servlet_ArrayList_11.java	41	CWE789_Uncontrolled_Mem_Alloc__getCookies_Servlet_ArrayList_11.java	61
/home/swlab/Documents/swvul/java-vuln-detection/slicing/output/CPG/cwe789_cpg/cwe789-899-cpg-resolved.bin	tc899_flow2	CWE789_Uncontrolled_Mem_Alloc__getCookies_Servlet_ArrayList_11.java	79	CWE789_Uncontrolled_Mem_Alloc__getCookies_Servlet_ArrayList_11.java	84
/home/swlab/Documents/swvul/java-vuln-detection/slicing/output/CPG/cwe789_cpg/cwe789-899-cpg-resolved.bin	tc899_flow3	CWE789_Uncontrolled_Mem_Alloc__getCookies_Servlet_ArrayList_11.java	95	CWE789_Uncontrolled_Mem_Alloc__getCookies_Servlet_ArrayList_11.java	105
/home/swlab/Documents/swvul/java-vuln-detection/slicing/output/CPG/cwe789_cpg/cwe789-900-cpg-resolved.bin	tc900_flow1	CWE789_Uncontrolled_Mem_Alloc__getCookies_Servlet_ArrayList_12.java	41	CWE789_Uncontrolled_Mem_Alloc__getCookies_Servlet_ArrayList_12.java	62
/home/swlab/Documents/swvul/java-vuln-detection/slicing/output/CPG/cwe789_cpg/cwe789-900-cpg-resolved.bin	tc900_flow2	CWE789_Uncontrolled_Mem_Alloc__getCookies_Servlet_ArrayList_12.java	74	CWE789_Uncontrolled_Mem_Alloc__getCookies_Servlet_ArrayList_12.java	85
/home/swlab/Documents/swvul/java-vuln-detection/slicing/output/CPG/cwe789_cpg/cwe789-901-cpg-resolved.bin	tc901_flow1	CWE789_Uncontrolled_Mem_Alloc__getCookies_Servlet_ArrayList_13.java	41	CWE789_Uncontrolled_Mem_Alloc__getCookies_Servlet_ArrayList_13.java	61
/home/swlab/Documents/swvul/java-vuln-detection/slicing/output/CPG/cwe789_cpg/cwe789-901-cpg-resolved.bin	tc901_flow2	CWE789_Uncontrolled_Mem_Alloc__getCookies_Servlet_ArrayList_13.java	79	CWE789_Uncontrolled_Mem_Alloc__getCookies_Servlet_ArrayList_13.java	84
/home/swlab/Documents/swvul/java-vuln-detection/slicing/output/CPG/cwe789_cpg/cwe789-901-cpg-resolved.bin	tc901_flow3	CWE789_Uncontrolled_Mem_Alloc__getCookies_Servlet_ArrayList_13.java	95	CWE789_Uncontrolled_Mem_Alloc__getCookies_Servlet_ArrayList_13.java	105
/home/swlab/Documents/swvul/java-vuln-detection/slicing/output/CPG/cwe789_cpg/cwe789-902-cpg-resolved.bin	tc902_flow1	CWE789_Uncontrolled_Mem_Alloc__getCookies_Servlet_ArrayList_14.java	41	CWE789_Uncontrolled_Mem_Alloc__getCookies_Servlet_ArrayList_14.java	61
/home/swlab/Documents/swvul/java-vuln-detection/slicing/output/CPG/cwe789_cpg/cwe789-902-cpg-resolved.bin	tc902_flow2	CWE789_Uncontrolled_Mem_Alloc__getCookies_Servlet_ArrayList_14.java	79	CWE789_Uncontrolled_Mem_Alloc__getCookies_Servlet_ArrayList_14.java	84
/home/swlab/Documents/swvul/java-vuln-detection/slicing/output/CPG/cwe789_cpg/cwe789-902-cpg-resolved.bin	tc902_flow3	CWE789_Uncontrolled_Mem_Alloc__getCookies_Servlet_ArrayList_14.java	95	CWE789_Uncontrolled_Mem_Alloc__getCookies_Servlet_ArrayList_14.java	105
/home/swlab/Documents/swvul/java-vuln-detection/slicing/output/CPG/cwe789_cpg/cwe789-903-cpg-resolved.bin	tc903_flow1	CWE789_Uncontrolled_Mem_Alloc__getCookies_Servlet_ArrayList_15.java	43	CWE789_Uncontrolled_Mem_Alloc__getCookies_Servlet_ArrayList_15.java	63
/home/swlab/Documents/swvul/java-vuln-detection/slicing/output/CPG/cwe789_cpg/cwe789-903-cpg-resolved.bin	tc903_flow2	CWE789_Uncontrolled_Mem_Alloc__getCookies_Servlet_ArrayList_15.java	81	CWE789_Uncontrolled_Mem_Alloc__getCookies_Servlet_ArrayList_15.java	86
/home/swlab/Documents/swvul/java-vuln-detection/slicing/output/CPG/cwe789_cpg/cwe789-903-cpg-resolved.bin	tc903_flow3	CWE789_Uncontrolled_Mem_Alloc__getCookies_Servlet_ArrayList_15.java	99	CWE789_Uncontrolled_Mem_Alloc__getCookies_Servlet_ArrayList_15.java	109
/home/swlab/Documents/swvul/java-vuln-detection/slicing/output/CPG/cwe789_cpg/cwe789-904-cpg-resolved.bin	tc904_flow1	CWE789_Uncontrolled_Mem_Alloc__getCookies_Servlet_ArrayList_16.java	42	CWE789_Uncontrolled_Mem_Alloc__getCookies_Servlet_ArrayList_16.java	57
/home/swlab/Documents/swvul/java-vuln-detection/slicing/output/CPG/cwe789_cpg/cwe789-904-cpg-resolved.bin	tc904_flow2	CWE789_Uncontrolled_Mem_Alloc__getCookies_Servlet_ArrayList_16.java	69	CWE789_Uncontrolled_Mem_Alloc__getCookies_Servlet_ArrayList_16.java	74
/home/swlab/Documents/swvul/java-vuln-detection/slicing/output/CPG/cwe789_cpg/cwe789-905-cpg-resolved.bin	tc905_flow1	CWE789_Uncontrolled_Mem_Alloc__getCookies_Servlet_ArrayList_17.java	41	CWE789_Uncontrolled_Mem_Alloc__getCookies_Servlet_ArrayList_17.java	56
/home/swlab/Documents/swvul/java-vuln-detection/slicing/output/CPG/cwe789_cpg/cwe789-905-cpg-resolved.bin	tc905_flow2	CWE789_Uncontrolled_Mem_Alloc__getCookies_Servlet_ArrayList_17.java	67	CWE789_Uncontrolled_Mem_Alloc__getCookies_Servlet_ArrayList_17.java	72
/home/swlab/Documents/swvul/java-vuln-detection/slicing/output/CPG/cwe789_cpg/cwe789-906-cpg-resolved.bin	tc906_flow1	CWE789_Uncontrolled_Mem_Alloc__getCookies_Servlet_ArrayList_21.java	57	CWE789_Uncontrolled_Mem_Alloc__getCookies_Servlet_ArrayList_21.java	40
/home/swlab/Documents/swvul/java-vuln-detection/slicing/output/CPG/cwe789_cpg/cwe789-906-cpg-resolved.bin	tc906_flow2	CWE789_Uncontrolled_Mem_Alloc__getCookies_Servlet_ArrayList_21.java	116	CWE789_Uncontrolled_Mem_Alloc__getCookies_Servlet_ArrayList_21.java	98
/home/swlab/Documents/swvul/java-vuln-detection/slicing/output/CPG/cwe789_cpg/cwe789-906-cpg-resolved.bin	tc906_flow3	CWE789_Uncontrolled_Mem_Alloc__getCookies_Servlet_ArrayList_21.java	143	CWE789_Uncontrolled_Mem_Alloc__getCookies_Servlet_ArrayList_21.java	132
/home/swlab/Documents/swvul/java-vuln-detection/slicing/output/CPG/cwe789_cpg/cwe789-907-cpg-resolved.bin	tc907_flow1	CWE789_Uncontrolled_Mem_Alloc__getCookies_Servlet_ArrayList_22b.java	40	CWE789_Uncontrolled_Mem_Alloc__getCookies_Servlet_ArrayList_22a.java	38
/home/swlab/Documents/swvul/java-vuln-detection/slicing/output/CPG/cwe789_cpg/cwe789-907-cpg-resolved.bin	tc907_flow2	CWE789_Uncontrolled_Mem_Alloc__getCookies_Servlet_ArrayList_22b.java	76	CWE789_Uncontrolled_Mem_Alloc__getCookies_Servlet_ArrayList_22a.java	62
/home/swlab/Documents/swvul/java-vuln-detection/slicing/output/CPG/cwe789_cpg/cwe789-907-cpg-resolved.bin	tc907_flow3	CWE789_Uncontrolled_Mem_Alloc__getCookies_Servlet_ArrayList_22b.java	91	CWE789_Uncontrolled_Mem_Alloc__getCookies_Servlet_ArrayList_22a.java	75
/home/swlab/Documents/swvul/java-vuln-detection/slicing/output/CPG/cwe789_cpg/cwe789-908-cpg-resolved.bin	tc908_flow1	CWE789_Uncontrolled_Mem_Alloc__getCookies_Servlet_ArrayList_31.java	44	CWE789_Uncontrolled_Mem_Alloc__getCookies_Servlet_ArrayList_31.java	62
/home/swlab/Documents/swvul/java-vuln-detection/slicing/output/CPG/cwe789_cpg/cwe789-908-cpg-resolved.bin	tc908_flow2	CWE789_Uncontrolled_Mem_Alloc__getCookies_Servlet_ArrayList_31.java	80	CWE789_Uncontrolled_Mem_Alloc__getCookies_Servlet_ArrayList_31.java	88
/home/swlab/Documents/swvul/java-vuln-detection/slicing/output/CPG/cwe789_cpg/cwe789-909-cpg-resolved.bin	tc909_flow1	CWE789_Uncontrolled_Mem_Alloc__getCookies_Servlet_ArrayList_41.java	48	CWE789_Uncontrolled_Mem_Alloc__getCookies_Servlet_ArrayList_41.java	32
/home/swlab/Documents/swvul/java-vuln-detection/slicing/output/CPG/cwe789_cpg/cwe789-909-cpg-resolved.bin	tc909_flow2	CWE789_Uncontrolled_Mem_Alloc__getCookies_Servlet_ArrayList_41.java	82	CWE789_Uncontrolled_Mem_Alloc__getCookies_Servlet_ArrayList_41.java	72
/home/swlab/Documents/swvul/java-vuln-detection/slicing/output/CPG/cwe789_cpg/cwe789-910-cpg-resolved.bin	tc910_flow1	CWE789_Uncontrolled_Mem_Alloc__getCookies_Servlet_ArrayList_42.java	40	CWE789_Uncontrolled_Mem_Alloc__getCookies_Servlet_ArrayList_42.java	61
/home/swlab/Documents/swvul/java-vuln-detection/slicing/output/CPG/cwe789_cpg/cwe789-910-cpg-resolved.bin	tc910_flow2	CWE789_Uncontrolled_Mem_Alloc__getCookies_Servlet_ArrayList_42.java	70	CWE789_Uncontrolled_Mem_Alloc__getCookies_Servlet_ArrayList_42.java	81
/home/swlab/Documents/swvul/java-vuln-detection/slicing/output/CPG/cwe789_cpg/cwe789-911-cpg-resolved.bin	tc911_flow1	CWE789_Uncontrolled_Mem_Alloc__getCookies_Servlet_ArrayList_45.java	54	CWE789_Uncontrolled_Mem_Alloc__getCookies_Servlet_ArrayList_45.java	37
/home/swlab/Documents/swvul/java-vuln-detection/slicing/output/CPG/cwe789_cpg/cwe789-911-cpg-resolved.bin	tc911_flow2	CWE789_Uncontrolled_Mem_Alloc__getCookies_Servlet_ArrayList_45.java	90	CWE789_Uncontrolled_Mem_Alloc__getCookies_Servlet_ArrayList_45.java	80
/home/swlab/Documents/swvul/java-vuln-detection/slicing/output/CPG/cwe789_cpg/cwe789-912-cpg-resolved.bin	tc912_flow1	CWE789_Uncontrolled_Mem_Alloc__getCookies_Servlet_ArrayList_51a.java	38	CWE789_Uncontrolled_Mem_Alloc__getCookies_Servlet_ArrayList_51b.java	29
/home/swlab/Documents/swvul/java-vuln-detection/slicing/output/CPG/cwe789_cpg/cwe789-912-cpg-resolved.bin	tc912_flow2	CWE789_Uncontrolled_Mem_Alloc__getCookies_Servlet_ArrayList_51a.java	64	CWE789_Uncontrolled_Mem_Alloc__getCookies_Servlet_ArrayList_51b.java	38
/home/swlab/Documents/swvul/java-vuln-detection/slicing/output/CPG/cwe789_cpg/cwe789-913-cpg-resolved.bin	tc913_flow1	CWE789_Uncontrolled_Mem_Alloc__getCookies_Servlet_ArrayList_52a.java	39	CWE789_Uncontrolled_Mem_Alloc__getCookies_Servlet_ArrayList_52c.java	30
/home/swlab/Documents/swvul/java-vuln-detection/slicing/output/CPG/cwe789_cpg/cwe789-913-cpg-resolved.bin	tc913_flow2	CWE789_Uncontrolled_Mem_Alloc__getCookies_Servlet_ArrayList_52a.java	65	CWE789_Uncontrolled_Mem_Alloc__getCookies_Servlet_ArrayList_52c.java	39
/home/swlab/Documents/swvul/java-vuln-detection/slicing/output/CPG/cwe789_cpg/cwe789-914-cpg-resolved.bin	tc914_flow1	CWE789_Uncontrolled_Mem_Alloc__getCookies_Servlet_ArrayList_53a.java	39	CWE789_Uncontrolled_Mem_Alloc__getCookies_Servlet_ArrayList_53d.java	30
/home/swlab/Documents/swvul/java-vuln-detection/slicing/output/CPG/cwe789_cpg/cwe789-914-cpg-resolved.bin	tc914_flow2	CWE789_Uncontrolled_Mem_Alloc__getCookies_Servlet_ArrayList_53a.java	65	CWE789_Uncontrolled_Mem_Alloc__getCookies_Servlet_ArrayList_53d.java	39
/home/swlab/Documents/swvul/java-vuln-detection/slicing/output/CPG/cwe789_cpg/cwe789-915-cpg-resolved.bin	tc915_flow1	CWE789_Uncontrolled_Mem_Alloc__getCookies_Servlet_ArrayList_54a.java	39	CWE789_Uncontrolled_Mem_Alloc__getCookies_Servlet_ArrayList_54e.java	30
/home/swlab/Documents/swvul/java-vuln-detection/slicing/output/CPG/cwe789_cpg/cwe789-915-cpg-resolved.bin	tc915_flow2	CWE789_Uncontrolled_Mem_Alloc__getCookies_Servlet_ArrayList_54a.java	65	CWE789_Uncontrolled_Mem_Alloc__getCookies_Servlet_ArrayList_54e.java	39
/home/swlab/Documents/swvul/java-vuln-detection/slicing/output/CPG/cwe789_cpg/cwe789-916-cpg-resolved.bin	tc916_flow1	CWE789_Uncontrolled_Mem_Alloc__getCookies_Servlet_ArrayList_61b.java	39	CWE789_Uncontrolled_Mem_Alloc__getCookies_Servlet_ArrayList_61a.java	31
/home/swlab/Documents/swvul/java-vuln-detection/slicing/output/CPG/cwe789_cpg/cwe789-916-cpg-resolved.bin	tc916_flow2	CWE789_Uncontrolled_Mem_Alloc__getCookies_Servlet_ArrayList_61b.java	60	CWE789_Uncontrolled_Mem_Alloc__getCookies_Servlet_ArrayList_61a.java	46
/home/swlab/Documents/swvul/java-vuln-detection/slicing/output/CPG/cwe789_cpg/cwe789-917-cpg-resolved.bin	tc917_flow1	CWE789_Uncontrolled_Mem_Alloc__getCookies_Servlet_ArrayList_66a.java	39	CWE789_Uncontrolled_Mem_Alloc__getCookies_Servlet_ArrayList_66b.java	31
/home/swlab/Documents/swvul/java-vuln-detection/slicing/output/CPG/cwe789_cpg/cwe789-917-cpg-resolved.bin	tc917_flow2	CWE789_Uncontrolled_Mem_Alloc__getCookies_Servlet_ArrayList_66a.java	67	CWE789_Uncontrolled_Mem_Alloc__getCookies_Servlet_ArrayList_66b.java	41
/home/swlab/Documents/swvul/java-vuln-detection/slicing/output/CPG/cwe789_cpg/cwe789-918-cpg-resolved.bin	tc918_flow1	CWE789_Uncontrolled_Mem_Alloc__getCookies_Servlet_ArrayList_67a.java	44	CWE789_Uncontrolled_Mem_Alloc__getCookies_Servlet_ArrayList_67b.java	31
/home/swlab/Documents/swvul/java-vuln-detection/slicing/output/CPG/cwe789_cpg/cwe789-918-cpg-resolved.bin	tc918_flow2	CWE789_Uncontrolled_Mem_Alloc__getCookies_Servlet_ArrayList_67a.java	72	CWE789_Uncontrolled_Mem_Alloc__getCookies_Servlet_ArrayList_67b.java	41
/home/swlab/Documents/swvul/java-vuln-detection/slicing/output/CPG/cwe789_cpg/cwe789-919-cpg-resolved.bin	tc919_flow1	CWE789_Uncontrolled_Mem_Alloc__getCookies_Servlet_ArrayList_68a.java	39	CWE789_Uncontrolled_Mem_Alloc__getCookies_Servlet_ArrayList_68b.java	30
/home/swlab/Documents/swvul/java-vuln-detection/slicing/output/CPG/cwe789_cpg/cwe789-919-cpg-resolved.bin	tc919_flow2	CWE789_Uncontrolled_Mem_Alloc__getCookies_Servlet_ArrayList_68a.java	64	CWE789_Uncontrolled_Mem_Alloc__getCookies_Servlet_ArrayList_68b.java	40
/home/swlab/Documents/swvul/java-vuln-detection/slicing/output/CPG/cwe789_cpg/cwe789-920-cpg-resolved.bin	tc920_flow1	CWE789_Uncontrolled_Mem_Alloc__getCookies_Servlet_ArrayList_71a.java	39	CWE789_Uncontrolled_Mem_Alloc__getCookies_Servlet_ArrayList_71b.java	31
/home/swlab/Documents/swvul/java-vuln-detection/slicing/output/CPG/cwe789_cpg/cwe789-920-cpg-resolved.bin	tc920_flow2	CWE789_Uncontrolled_Mem_Alloc__getCookies_Servlet_ArrayList_71a.java	65	CWE789_Uncontrolled_Mem_Alloc__getCookies_Servlet_ArrayList_71b.java	41
/home/swlab/Documents/swvul/java-vuln-detection/slicing/output/CPG/cwe789_cpg/cwe789-921-cpg-resolved.bin	tc921_flow1	CWE789_Uncontrolled_Mem_Alloc__getCookies_Servlet_ArrayList_72a.java	40	CWE789_Uncontrolled_Mem_Alloc__getCookies_Servlet_ArrayList_72b.java	32
/home/swlab/Documents/swvul/java-vuln-detection/slicing/output/CPG/cwe789_cpg/cwe789-921-cpg-resolved.bin	tc921_flow2	CWE789_Uncontrolled_Mem_Alloc__getCookies_Servlet_ArrayList_72a.java	70	CWE789_Uncontrolled_Mem_Alloc__getCookies_Servlet_ArrayList_72b.java	42
/home/swlab/Documents/swvul/java-vuln-detection/slicing/output/CPG/cwe789_cpg/cwe789-922-cpg-resolved.bin	tc922_flow1	CWE789_Uncontrolled_Mem_Alloc__getCookies_Servlet_ArrayList_73a.java	40	CWE789_Uncontrolled_Mem_Alloc__getCookies_Servlet_ArrayList_73b.java	32
/home/swlab/Documents/swvul/java-vuln-detection/slicing/output/CPG/cwe789_cpg/cwe789-922-cpg-resolved.bin	tc922_flow2	CWE789_Uncontrolled_Mem_Alloc__getCookies_Servlet_ArrayList_73a.java	70	CWE789_Uncontrolled_Mem_Alloc__getCookies_Servlet_ArrayList_73b.java	42
/home/swlab/Documents/swvul/java-vuln-detection/slicing/output/CPG/cwe789_cpg/cwe789-923-cpg-resolved.bin	tc923_flow1	CWE789_Uncontrolled_Mem_Alloc__getCookies_Servlet_ArrayList_74a.java	40	CWE789_Uncontrolled_Mem_Alloc__getCookies_Servlet_ArrayList_74b.java	32
/home/swlab/Documents/swvul/java-vuln-detection/slicing/output/CPG/cwe789_cpg/cwe789-923-cpg-resolved.bin	tc923_flow2	CWE789_Uncontrolled_Mem_Alloc__getCookies_Servlet_ArrayList_74a.java	70	CWE789_Uncontrolled_Mem_Alloc__getCookies_Servlet_ArrayList_74b.java	42
/home/swlab/Documents/swvul/java-vuln-detection/slicing/output/CPG/cwe789_cpg/cwe789-924-cpg-resolved.bin	tc924_flow1	CWE789_Uncontrolled_Mem_Alloc__getCookies_Servlet_ArrayList_75a.java	43	CWE789_Uncontrolled_Mem_Alloc__getCookies_Servlet_ArrayList_75b.java	43
/home/swlab/Documents/swvul/java-vuln-detection/slicing/output/CPG/cwe789_cpg/cwe789-924-cpg-resolved.bin	tc924_flow2	CWE789_Uncontrolled_Mem_Alloc__getCookies_Servlet_ArrayList_75a.java	111	CWE789_Uncontrolled_Mem_Alloc__getCookies_Servlet_ArrayList_75b.java	97
/home/swlab/Documents/swvul/java-vuln-detection/slicing/output/CPG/cwe789_cpg/cwe789-925-cpg-resolved.bin	tc925_flow1	CWE789_Uncontrolled_Mem_Alloc__getCookies_Servlet_ArrayList_81a.java	39	CWE789_Uncontrolled_Mem_Alloc__getCookies_Servlet_ArrayList_81_bad.java	30
/home/swlab/Documents/swvul/java-vuln-detection/slicing/output/CPG/cwe789_cpg/cwe789-925-cpg-resolved.bin	tc925_flow2	CWE789_Uncontrolled_Mem_Alloc__getCookies_Servlet_ArrayList_81a.java	66	CWE789_Uncontrolled_Mem_Alloc__getCookies_Servlet_ArrayList_81_goodG2B.java	30
/home/swlab/Documents/swvul/java-vuln-detection/slicing/output/CPG/cwe789_cpg/cwe789-926-cpg-resolved.bin	tc926_flow1	CWE789_Uncontrolled_Mem_Alloc__getCookies_Servlet_HashMap_01.java	41	CWE789_Uncontrolled_Mem_Alloc__getCookies_Servlet_HashMap_01.java	54
/home/swlab/Documents/swvul/java-vuln-detection/slicing/output/CPG/cwe789_cpg/cwe789-926-cpg-resolved.bin	tc926_flow2	CWE789_Uncontrolled_Mem_Alloc__getCookies_Servlet_HashMap_01.java	69	CWE789_Uncontrolled_Mem_Alloc__getCookies_Servlet_HashMap_01.java	72
/home/swlab/Documents/swvul/java-vuln-detection/slicing/output/CPG/cwe789_cpg/cwe789-927-cpg-resolved.bin	tc927_flow1	CWE789_Uncontrolled_Mem_Alloc__getCookies_Servlet_HashMap_02.java	41	CWE789_Uncontrolled_Mem_Alloc__getCookies_Servlet_HashMap_02.java	61
/home/swlab/Documents/swvul/java-vuln-detection/slicing/output/CPG/cwe789_cpg/cwe789-927-cpg-resolved.bin	tc927_flow2	CWE789_Uncontrolled_Mem_Alloc__getCookies_Servlet_HashMap_02.java	79	CWE789_Uncontrolled_Mem_Alloc__getCookies_Servlet_HashMap_02.java	84
/home/swlab/Documents/swvul/java-vuln-detection/slicing/output/CPG/cwe789_cpg/cwe789-927-cpg-resolved.bin	tc927_flow3	CWE789_Uncontrolled_Mem_Alloc__getCookies_Servlet_HashMap_02.java	95	CWE789_Uncontrolled_Mem_Alloc__getCookies_Servlet_HashMap_02.java	105
/home/swlab/Documents/swvul/java-vuln-detection/slicing/output/CPG/cwe789_cpg/cwe789-928-cpg-resolved.bin	tc928_flow1	CWE789_Uncontrolled_Mem_Alloc__getCookies_Servlet_HashMap_03.java	41	CWE789_Uncontrolled_Mem_Alloc__getCookies_Servlet_HashMap_03.java	61
/home/swlab/Documents/swvul/java-vuln-detection/slicing/output/CPG/cwe789_cpg/cwe789-928-cpg-resolved.bin	tc928_flow2	CWE789_Uncontrolled_Mem_Alloc__getCookies_Servlet_HashMap_03.java	79	CWE789_Uncontrolled_Mem_Alloc__getCookies_Servlet_HashMap_03.java	84
/home/swlab/Documents/swvul/java-vuln-detection/slicing/output/CPG/cwe789_cpg/cwe789-928-cpg-resolved.bin	tc928_flow3	CWE789_Uncontrolled_Mem_Alloc__getCookies_Servlet_HashMap_03.java	95	CWE789_Uncontrolled_Mem_Alloc__getCookies_Servlet_HashMap_03.java	105
/home/swlab/Documents/swvul/java-vuln-detection/slicing/output/CPG/cwe789_cpg/cwe789-929-cpg-resolved.bin	tc929_flow1	CWE789_Uncontrolled_Mem_Alloc__getCookies_Servlet_HashMap_04.java	48	CWE789_Uncontrolled_Mem_Alloc__getCookies_Servlet_HashMap_04.java	68
/home/swlab/Documents/swvul/java-vuln-detection/slicing/output/CPG/cwe789_cpg/cwe789-929-cpg-resolved.bin	tc929_flow2	CWE789_Uncontrolled_Mem_Alloc__getCookies_Servlet_HashMap_04.java	86	CWE789_Uncontrolled_Mem_Alloc__getCookies_Servlet_HashMap_04.java	91
/home/swlab/Documents/swvul/java-vuln-detection/slicing/output/CPG/cwe789_cpg/cwe789-929-cpg-resolved.bin	tc929_flow3	CWE789_Uncontrolled_Mem_Alloc__getCookies_Servlet_HashMap_04.java	102	CWE789_Uncontrolled_Mem_Alloc__getCookies_Servlet_HashMap_04.java	112
/home/swlab/Documents/swvul/java-vuln-detection/slicing/output/CPG/cwe789_cpg/cwe789-930-cpg-resolved.bin	tc930_flow1	CWE789_Uncontrolled_Mem_Alloc__getCookies_Servlet_HashMap_05.java	48	CWE789_Uncontrolled_Mem_Alloc__getCookies_Servlet_HashMap_05.java	68
/home/swlab/Documents/swvul/java-vuln-detection/slicing/output/CPG/cwe789_cpg/cwe789-930-cpg-resolved.bin	tc930_flow2	CWE789_Uncontrolled_Mem_Alloc__getCookies_Servlet_HashMap_05.java	86	CWE789_Uncontrolled_Mem_Alloc__getCookies_Servlet_HashMap_05.java	91
/home/swlab/Documents/swvul/java-vuln-detection/slicing/output/CPG/cwe789_cpg/cwe789-930-cpg-resolved.bin	tc930_flow3	CWE789_Uncontrolled_Mem_Alloc__getCookies_Servlet_HashMap_05.java	102	CWE789_Uncontrolled_Mem_Alloc__getCookies_Servlet_HashMap_05.java	112
/home/swlab/Documents/swvul/java-vuln-detection/slicing/output/CPG/cwe789_cpg/cwe789-931-cpg-resolved.bin	tc931_flow1	CWE789_Uncontrolled_Mem_Alloc__getCookies_Servlet_HashMap_06.java	47	CWE789_Uncontrolled_Mem_Alloc__getCookies_Servlet_HashMap_06.java	67
/home/swlab/Documents/swvul/java-vuln-detection/slicing/output/CPG/cwe789_cpg/cwe789-931-cpg-resolved.bin	tc931_flow2	CWE789_Uncontrolled_Mem_Alloc__getCookies_Servlet_HashMap_06.java	85	CWE789_Uncontrolled_Mem_Alloc__getCookies_Servlet_HashMap_06.java	90
/home/swlab/Documents/swvul/java-vuln-detection/slicing/output/CPG/cwe789_cpg/cwe789-931-cpg-resolved.bin	tc931_flow3	CWE789_Uncontrolled_Mem_Alloc__getCookies_Servlet_HashMap_06.java	101	CWE789_Uncontrolled_Mem_Alloc__getCookies_Servlet_HashMap_06.java	111
/home/swlab/Documents/swvul/java-vuln-detection/slicing/output/CPG/cwe789_cpg/cwe789-932-cpg-resolved.bin	tc932_flow1	CWE789_Uncontrolled_Mem_Alloc__getCookies_Servlet_HashMap_07.java	47	CWE789_Uncontrolled_Mem_Alloc__getCookies_Servlet_HashMap_07.java	67
/home/swlab/Documents/swvul/java-vuln-detection/slicing/output/CPG/cwe789_cpg/cwe789-932-cpg-resolved.bin	tc932_flow2	CWE789_Uncontrolled_Mem_Alloc__getCookies_Servlet_HashMap_07.java	85	CWE789_Uncontrolled_Mem_Alloc__getCookies_Servlet_HashMap_07.java	90
/home/swlab/Documents/swvul/java-vuln-detection/slicing/output/CPG/cwe789_cpg/cwe789-932-cpg-resolved.bin	tc932_flow3	CWE789_Uncontrolled_Mem_Alloc__getCookies_Servlet_HashMap_07.java	101	CWE789_Uncontrolled_Mem_Alloc__getCookies_Servlet_HashMap_07.java	111
/home/swlab/Documents/swvul/java-vuln-detection/slicing/output/CPG/cwe789_cpg/cwe789-933-cpg-resolved.bin	tc933_flow1	CWE789_Uncontrolled_Mem_Alloc__getCookies_Servlet_HashMap_08.java	55	CWE789_Uncontrolled_Mem_Alloc__getCookies_Servlet_HashMap_08.java	75
/home/swlab/Documents/swvul/java-vuln-detection/slicing/output/CPG/cwe789_cpg/cwe789-933-cpg-resolved.bin	tc933_flow2	CWE789_Uncontrolled_Mem_Alloc__getCookies_Servlet_HashMap_08.java	93	CWE789_Uncontrolled_Mem_Alloc__getCookies_Servlet_HashMap_08.java	98
/home/swlab/Documents/swvul/java-vuln-detection/slicing/output/CPG/cwe789_cpg/cwe789-933-cpg-resolved.bin	tc933_flow3	CWE789_Uncontrolled_Mem_Alloc__getCookies_Servlet_HashMap_08.java	109	CWE789_Uncontrolled_Mem_Alloc__getCookies_Servlet_HashMap_08.java	119
/home/swlab/Documents/swvul/java-vuln-detection/slicing/output/CPG/cwe789_cpg/cwe789-934-cpg-resolved.bin	tc934_flow1	CWE789_Uncontrolled_Mem_Alloc__getCookies_Servlet_HashMap_09.java	41	CWE789_Uncontrolled_Mem_Alloc__getCookies_Servlet_HashMap_09.java	61
/home/swlab/Documents/swvul/java-vuln-detection/slicing/output/CPG/cwe789_cpg/cwe789-934-cpg-resolved.bin	tc934_flow2	CWE789_Uncontrolled_Mem_Alloc__getCookies_Servlet_HashMap_09.java	79	CWE789_Uncontrolled_Mem_Alloc__getCookies_Servlet_HashMap_09.java	84
/home/swlab/Documents/swvul/java-vuln-detection/slicing/output/CPG/cwe789_cpg/cwe789-934-cpg-resolved.bin	tc934_flow3	CWE789_Uncontrolled_Mem_Alloc__getCookies_Servlet_HashMap_09.java	95	CWE789_Uncontrolled_Mem_Alloc__getCookies_Servlet_HashMap_09.java	105
/home/swlab/Documents/swvul/java-vuln-detection/slicing/output/CPG/cwe789_cpg/cwe789-935-cpg-resolved.bin	tc935_flow1	CWE789_Uncontrolled_Mem_Alloc__getCookies_Servlet_HashMap_10.java	41	CWE789_Uncontrolled_Mem_Alloc__getCookies_Servlet_HashMap_10.java	61
/home/swlab/Documents/swvul/java-vuln-detection/slicing/output/CPG/cwe789_cpg/cwe789-935-cpg-resolved.bin	tc935_flow2	CWE789_Uncontrolled_Mem_Alloc__getCookies_Servlet_HashMap_10.java	79	CWE789_Uncontrolled_Mem_Alloc__getCookies_Servlet_HashMap_10.java	84
/home/swlab/Documents/swvul/java-vuln-detection/slicing/output/CPG/cwe789_cpg/cwe789-935-cpg-resolved.bin	tc935_flow3	CWE789_Uncontrolled_Mem_Alloc__getCookies_Servlet_HashMap_10.java	95	CWE789_Uncontrolled_Mem_Alloc__getCookies_Servlet_HashMap_10.java	105
/home/swlab/Documents/swvul/java-vuln-detection/slicing/output/CPG/cwe789_cpg/cwe789-936-cpg-resolved.bin	tc936_flow1	CWE789_Uncontrolled_Mem_Alloc__getCookies_Servlet_HashMap_11.java	41	CWE789_Uncontrolled_Mem_Alloc__getCookies_Servlet_HashMap_11.java	61
/home/swlab/Documents/swvul/java-vuln-detection/slicing/output/CPG/cwe789_cpg/cwe789-936-cpg-resolved.bin	tc936_flow2	CWE789_Uncontrolled_Mem_Alloc__getCookies_Servlet_HashMap_11.java	79	CWE789_Uncontrolled_Mem_Alloc__getCookies_Servlet_HashMap_11.java	84
/home/swlab/Documents/swvul/java-vuln-detection/slicing/output/CPG/cwe789_cpg/cwe789-936-cpg-resolved.bin	tc936_flow3	CWE789_Uncontrolled_Mem_Alloc__getCookies_Servlet_HashMap_11.java	95	CWE789_Uncontrolled_Mem_Alloc__getCookies_Servlet_HashMap_11.java	105
/home/swlab/Documents/swvul/java-vuln-detection/slicing/output/CPG/cwe789_cpg/cwe789-937-cpg-resolved.bin	tc937_flow1	CWE789_Uncontrolled_Mem_Alloc__getCookies_Servlet_HashMap_12.java	41	CWE789_Uncontrolled_Mem_Alloc__getCookies_Servlet_HashMap_12.java	62
/home/swlab/Documents/swvul/java-vuln-detection/slicing/output/CPG/cwe789_cpg/cwe789-937-cpg-resolved.bin	tc937_flow2	CWE789_Uncontrolled_Mem_Alloc__getCookies_Servlet_HashMap_12.java	74	CWE789_Uncontrolled_Mem_Alloc__getCookies_Servlet_HashMap_12.java	85
/home/swlab/Documents/swvul/java-vuln-detection/slicing/output/CPG/cwe789_cpg/cwe789-938-cpg-resolved.bin	tc938_flow1	CWE789_Uncontrolled_Mem_Alloc__getCookies_Servlet_HashMap_13.java	41	CWE789_Uncontrolled_Mem_Alloc__getCookies_Servlet_HashMap_13.java	61
/home/swlab/Documents/swvul/java-vuln-detection/slicing/output/CPG/cwe789_cpg/cwe789-938-cpg-resolved.bin	tc938_flow2	CWE789_Uncontrolled_Mem_Alloc__getCookies_Servlet_HashMap_13.java	79	CWE789_Uncontrolled_Mem_Alloc__getCookies_Servlet_HashMap_13.java	84
/home/swlab/Documents/swvul/java-vuln-detection/slicing/output/CPG/cwe789_cpg/cwe789-938-cpg-resolved.bin	tc938_flow3	CWE789_Uncontrolled_Mem_Alloc__getCookies_Servlet_HashMap_13.java	95	CWE789_Uncontrolled_Mem_Alloc__getCookies_Servlet_HashMap_13.java	105
/home/swlab/Documents/swvul/java-vuln-detection/slicing/output/CPG/cwe789_cpg/cwe789-939-cpg-resolved.bin	tc939_flow1	CWE789_Uncontrolled_Mem_Alloc__getCookies_Servlet_HashMap_14.java	41	CWE789_Uncontrolled_Mem_Alloc__getCookies_Servlet_HashMap_14.java	61
/home/swlab/Documents/swvul/java-vuln-detection/slicing/output/CPG/cwe789_cpg/cwe789-939-cpg-resolved.bin	tc939_flow2	CWE789_Uncontrolled_Mem_Alloc__getCookies_Servlet_HashMap_14.java	79	CWE789_Uncontrolled_Mem_Alloc__getCookies_Servlet_HashMap_14.java	84
/home/swlab/Documents/swvul/java-vuln-detection/slicing/output/CPG/cwe789_cpg/cwe789-939-cpg-resolved.bin	tc939_flow3	CWE789_Uncontrolled_Mem_Alloc__getCookies_Servlet_HashMap_14.java	95	CWE789_Uncontrolled_Mem_Alloc__getCookies_Servlet_HashMap_14.java	105
/home/swlab/Documents/swvul/java-vuln-detection/slicing/output/CPG/cwe789_cpg/cwe789-940-cpg-resolved.bin	tc940_flow1	CWE789_Uncontrolled_Mem_Alloc__getCookies_Servlet_HashMap_15.java	43	CWE789_Uncontrolled_Mem_Alloc__getCookies_Servlet_HashMap_15.java	63
/home/swlab/Documents/swvul/java-vuln-detection/slicing/output/CPG/cwe789_cpg/cwe789-940-cpg-resolved.bin	tc940_flow2	CWE789_Uncontrolled_Mem_Alloc__getCookies_Servlet_HashMap_15.java	81	CWE789_Uncontrolled_Mem_Alloc__getCookies_Servlet_HashMap_15.java	86
/home/swlab/Documents/swvul/java-vuln-detection/slicing/output/CPG/cwe789_cpg/cwe789-940-cpg-resolved.bin	tc940_flow3	CWE789_Uncontrolled_Mem_Alloc__getCookies_Servlet_HashMap_15.java	99	CWE789_Uncontrolled_Mem_Alloc__getCookies_Servlet_HashMap_15.java	109
/home/swlab/Documents/swvul/java-vuln-detection/slicing/output/CPG/cwe789_cpg/cwe789-941-cpg-resolved.bin	tc941_flow1	CWE789_Uncontrolled_Mem_Alloc__getCookies_Servlet_HashMap_16.java	42	CWE789_Uncontrolled_Mem_Alloc__getCookies_Servlet_HashMap_16.java	57
/home/swlab/Documents/swvul/java-vuln-detection/slicing/output/CPG/cwe789_cpg/cwe789-941-cpg-resolved.bin	tc941_flow2	CWE789_Uncontrolled_Mem_Alloc__getCookies_Servlet_HashMap_16.java	69	CWE789_Uncontrolled_Mem_Alloc__getCookies_Servlet_HashMap_16.java	74
/home/swlab/Documents/swvul/java-vuln-detection/slicing/output/CPG/cwe789_cpg/cwe789-942-cpg-resolved.bin	tc942_flow1	CWE789_Uncontrolled_Mem_Alloc__getCookies_Servlet_HashMap_17.java	41	CWE789_Uncontrolled_Mem_Alloc__getCookies_Servlet_HashMap_17.java	56
/home/swlab/Documents/swvul/java-vuln-detection/slicing/output/CPG/cwe789_cpg/cwe789-942-cpg-resolved.bin	tc942_flow2	CWE789_Uncontrolled_Mem_Alloc__getCookies_Servlet_HashMap_17.java	67	CWE789_Uncontrolled_Mem_Alloc__getCookies_Servlet_HashMap_17.java	72
/home/swlab/Documents/swvul/java-vuln-detection/slicing/output/CPG/cwe789_cpg/cwe789-943-cpg-resolved.bin	tc943_flow1	CWE789_Uncontrolled_Mem_Alloc__getCookies_Servlet_HashMap_21.java	57	CWE789_Uncontrolled_Mem_Alloc__getCookies_Servlet_HashMap_21.java	40
/home/swlab/Documents/swvul/java-vuln-detection/slicing/output/CPG/cwe789_cpg/cwe789-943-cpg-resolved.bin	tc943_flow2	CWE789_Uncontrolled_Mem_Alloc__getCookies_Servlet_HashMap_21.java	116	CWE789_Uncontrolled_Mem_Alloc__getCookies_Servlet_HashMap_21.java	98
/home/swlab/Documents/swvul/java-vuln-detection/slicing/output/CPG/cwe789_cpg/cwe789-943-cpg-resolved.bin	tc943_flow3	CWE789_Uncontrolled_Mem_Alloc__getCookies_Servlet_HashMap_21.java	143	CWE789_Uncontrolled_Mem_Alloc__getCookies_Servlet_HashMap_21.java	132
/home/swlab/Documents/swvul/java-vuln-detection/slicing/output/CPG/cwe789_cpg/cwe789-944-cpg-resolved.bin	tc944_flow1	CWE789_Uncontrolled_Mem_Alloc__getCookies_Servlet_HashMap_22b.java	40	CWE789_Uncontrolled_Mem_Alloc__getCookies_Servlet_HashMap_22a.java	38
/home/swlab/Documents/swvul/java-vuln-detection/slicing/output/CPG/cwe789_cpg/cwe789-944-cpg-resolved.bin	tc944_flow2	CWE789_Uncontrolled_Mem_Alloc__getCookies_Servlet_HashMap_22b.java	76	CWE789_Uncontrolled_Mem_Alloc__getCookies_Servlet_HashMap_22a.java	62
/home/swlab/Documents/swvul/java-vuln-detection/slicing/output/CPG/cwe789_cpg/cwe789-944-cpg-resolved.bin	tc944_flow3	CWE789_Uncontrolled_Mem_Alloc__getCookies_Servlet_HashMap_22b.java	91	CWE789_Uncontrolled_Mem_Alloc__getCookies_Servlet_HashMap_22a.java	75
/home/swlab/Documents/swvul/java-vuln-detection/slicing/output/CPG/cwe789_cpg/cwe789-945-cpg-resolved.bin	tc945_flow1	CWE789_Uncontrolled_Mem_Alloc__getCookies_Servlet_HashMap_31.java	44	CWE789_Uncontrolled_Mem_Alloc__getCookies_Servlet_HashMap_31.java	62
/home/swlab/Documents/swvul/java-vuln-detection/slicing/output/CPG/cwe789_cpg/cwe789-945-cpg-resolved.bin	tc945_flow2	CWE789_Uncontrolled_Mem_Alloc__getCookies_Servlet_HashMap_31.java	80	CWE789_Uncontrolled_Mem_Alloc__getCookies_Servlet_HashMap_31.java	88
/home/swlab/Documents/swvul/java-vuln-detection/slicing/output/CPG/cwe789_cpg/cwe789-946-cpg-resolved.bin	tc946_flow1	CWE789_Uncontrolled_Mem_Alloc__getCookies_Servlet_HashMap_41.java	48	CWE789_Uncontrolled_Mem_Alloc__getCookies_Servlet_HashMap_41.java	32
/home/swlab/Documents/swvul/java-vuln-detection/slicing/output/CPG/cwe789_cpg/cwe789-946-cpg-resolved.bin	tc946_flow2	CWE789_Uncontrolled_Mem_Alloc__getCookies_Servlet_HashMap_41.java	82	CWE789_Uncontrolled_Mem_Alloc__getCookies_Servlet_HashMap_41.java	72
/home/swlab/Documents/swvul/java-vuln-detection/slicing/output/CPG/cwe789_cpg/cwe789-947-cpg-resolved.bin	tc947_flow1	CWE789_Uncontrolled_Mem_Alloc__getCookies_Servlet_HashMap_42.java	40	CWE789_Uncontrolled_Mem_Alloc__getCookies_Servlet_HashMap_42.java	61
/home/swlab/Documents/swvul/java-vuln-detection/slicing/output/CPG/cwe789_cpg/cwe789-947-cpg-resolved.bin	tc947_flow2	CWE789_Uncontrolled_Mem_Alloc__getCookies_Servlet_HashMap_42.java	70	CWE789_Uncontrolled_Mem_Alloc__getCookies_Servlet_HashMap_42.java	81
/home/swlab/Documents/swvul/java-vuln-detection/slicing/output/CPG/cwe789_cpg/cwe789-948-cpg-resolved.bin	tc948_flow1	CWE789_Uncontrolled_Mem_Alloc__getCookies_Servlet_HashMap_45.java	54	CWE789_Uncontrolled_Mem_Alloc__getCookies_Servlet_HashMap_45.java	37
/home/swlab/Documents/swvul/java-vuln-detection/slicing/output/CPG/cwe789_cpg/cwe789-948-cpg-resolved.bin	tc948_flow2	CWE789_Uncontrolled_Mem_Alloc__getCookies_Servlet_HashMap_45.java	90	CWE789_Uncontrolled_Mem_Alloc__getCookies_Servlet_HashMap_45.java	80
/home/swlab/Documents/swvul/java-vuln-detection/slicing/output/CPG/cwe789_cpg/cwe789-949-cpg-resolved.bin	tc949_flow1	CWE789_Uncontrolled_Mem_Alloc__getCookies_Servlet_HashMap_51a.java	38	CWE789_Uncontrolled_Mem_Alloc__getCookies_Servlet_HashMap_51b.java	29
/home/swlab/Documents/swvul/java-vuln-detection/slicing/output/CPG/cwe789_cpg/cwe789-949-cpg-resolved.bin	tc949_flow2	CWE789_Uncontrolled_Mem_Alloc__getCookies_Servlet_HashMap_51a.java	64	CWE789_Uncontrolled_Mem_Alloc__getCookies_Servlet_HashMap_51b.java	38
/home/swlab/Documents/swvul/java-vuln-detection/slicing/output/CPG/cwe789_cpg/cwe789-950-cpg-resolved.bin	tc950_flow1	CWE789_Uncontrolled_Mem_Alloc__getCookies_Servlet_HashMap_52a.java	39	CWE789_Uncontrolled_Mem_Alloc__getCookies_Servlet_HashMap_52c.java	30
/home/swlab/Documents/swvul/java-vuln-detection/slicing/output/CPG/cwe789_cpg/cwe789-950-cpg-resolved.bin	tc950_flow2	CWE789_Uncontrolled_Mem_Alloc__getCookies_Servlet_HashMap_52a.java	65	CWE789_Uncontrolled_Mem_Alloc__getCookies_Servlet_HashMap_52c.java	39
/home/swlab/Documents/swvul/java-vuln-detection/slicing/output/CPG/cwe789_cpg/cwe789-951-cpg-resolved.bin	tc951_flow1	CWE789_Uncontrolled_Mem_Alloc__getCookies_Servlet_HashMap_53a.java	39	CWE789_Uncontrolled_Mem_Alloc__getCookies_Servlet_HashMap_53d.java	30
/home/swlab/Documents/swvul/java-vuln-detection/slicing/output/CPG/cwe789_cpg/cwe789-951-cpg-resolved.bin	tc951_flow2	CWE789_Uncontrolled_Mem_Alloc__getCookies_Servlet_HashMap_53a.java	65	CWE789_Uncontrolled_Mem_Alloc__getCookies_Servlet_HashMap_53d.java	39
/home/swlab/Documents/swvul/java-vuln-detection/slicing/output/CPG/cwe789_cpg/cwe789-952-cpg-resolved.bin	tc952_flow1	CWE789_Uncontrolled_Mem_Alloc__getCookies_Servlet_HashMap_54a.java	39	CWE789_Uncontrolled_Mem_Alloc__getCookies_Servlet_HashMap_54e.java	30
/home/swlab/Documents/swvul/java-vuln-detection/slicing/output/CPG/cwe789_cpg/cwe789-952-cpg-resolved.bin	tc952_flow2	CWE789_Uncontrolled_Mem_Alloc__getCookies_Servlet_HashMap_54a.java	65	CWE789_Uncontrolled_Mem_Alloc__getCookies_Servlet_HashMap_54e.java	39
/home/swlab/Documents/swvul/java-vuln-detection/slicing/output/CPG/cwe789_cpg/cwe789-953-cpg-resolved.bin	tc953_flow1	CWE789_Uncontrolled_Mem_Alloc__getCookies_Servlet_HashMap_61b.java	39	CWE789_Uncontrolled_Mem_Alloc__getCookies_Servlet_HashMap_61a.java	31
/home/swlab/Documents/swvul/java-vuln-detection/slicing/output/CPG/cwe789_cpg/cwe789-953-cpg-resolved.bin	tc953_flow2	CWE789_Uncontrolled_Mem_Alloc__getCookies_Servlet_HashMap_61b.java	60	CWE789_Uncontrolled_Mem_Alloc__getCookies_Servlet_HashMap_61a.java	46
/home/swlab/Documents/swvul/java-vuln-detection/slicing/output/CPG/cwe789_cpg/cwe789-954-cpg-resolved.bin	tc954_flow1	CWE789_Uncontrolled_Mem_Alloc__getCookies_Servlet_HashMap_66a.java	39	CWE789_Uncontrolled_Mem_Alloc__getCookies_Servlet_HashMap_66b.java	31
/home/swlab/Documents/swvul/java-vuln-detection/slicing/output/CPG/cwe789_cpg/cwe789-954-cpg-resolved.bin	tc954_flow2	CWE789_Uncontrolled_Mem_Alloc__getCookies_Servlet_HashMap_66a.java	67	CWE789_Uncontrolled_Mem_Alloc__getCookies_Servlet_HashMap_66b.java	41
/home/swlab/Documents/swvul/java-vuln-detection/slicing/output/CPG/cwe789_cpg/cwe789-955-cpg-resolved.bin	tc955_flow1	CWE789_Uncontrolled_Mem_Alloc__getCookies_Servlet_HashMap_67a.java	44	CWE789_Uncontrolled_Mem_Alloc__getCookies_Servlet_HashMap_67b.java	31
/home/swlab/Documents/swvul/java-vuln-detection/slicing/output/CPG/cwe789_cpg/cwe789-955-cpg-resolved.bin	tc955_flow2	CWE789_Uncontrolled_Mem_Alloc__getCookies_Servlet_HashMap_67a.java	72	CWE789_Uncontrolled_Mem_Alloc__getCookies_Servlet_HashMap_67b.java	41
/home/swlab/Documents/swvul/java-vuln-detection/slicing/output/CPG/cwe789_cpg/cwe789-956-cpg-resolved.bin	tc956_flow1	CWE789_Uncontrolled_Mem_Alloc__getCookies_Servlet_HashMap_68a.java	39	CWE789_Uncontrolled_Mem_Alloc__getCookies_Servlet_HashMap_68b.java	30
/home/swlab/Documents/swvul/java-vuln-detection/slicing/output/CPG/cwe789_cpg/cwe789-956-cpg-resolved.bin	tc956_flow2	CWE789_Uncontrolled_Mem_Alloc__getCookies_Servlet_HashMap_68a.java	64	CWE789_Uncontrolled_Mem_Alloc__getCookies_Servlet_HashMap_68b.java	40
/home/swlab/Documents/swvul/java-vuln-detection/slicing/output/CPG/cwe789_cpg/cwe789-957-cpg-resolved.bin	tc957_flow1	CWE789_Uncontrolled_Mem_Alloc__getCookies_Servlet_HashMap_71a.java	39	CWE789_Uncontrolled_Mem_Alloc__getCookies_Servlet_HashMap_71b.java	31
/home/swlab/Documents/swvul/java-vuln-detection/slicing/output/CPG/cwe789_cpg/cwe789-957-cpg-resolved.bin	tc957_flow2	CWE789_Uncontrolled_Mem_Alloc__getCookies_Servlet_HashMap_71a.java	65	CWE789_Uncontrolled_Mem_Alloc__getCookies_Servlet_HashMap_71b.java	41
/home/swlab/Documents/swvul/java-vuln-detection/slicing/output/CPG/cwe789_cpg/cwe789-958-cpg-resolved.bin	tc958_flow1	CWE789_Uncontrolled_Mem_Alloc__getCookies_Servlet_HashMap_72a.java	40	CWE789_Uncontrolled_Mem_Alloc__getCookies_Servlet_HashMap_72b.java	32
/home/swlab/Documents/swvul/java-vuln-detection/slicing/output/CPG/cwe789_cpg/cwe789-958-cpg-resolved.bin	tc958_flow2	CWE789_Uncontrolled_Mem_Alloc__getCookies_Servlet_HashMap_72a.java	70	CWE789_Uncontrolled_Mem_Alloc__getCookies_Servlet_HashMap_72b.java	42
/home/swlab/Documents/swvul/java-vuln-detection/slicing/output/CPG/cwe789_cpg/cwe789-959-cpg-resolved.bin	tc959_flow1	CWE789_Uncontrolled_Mem_Alloc__getCookies_Servlet_HashMap_73a.java	40	CWE789_Uncontrolled_Mem_Alloc__getCookies_Servlet_HashMap_73b.java	32
/home/swlab/Documents/swvul/java-vuln-detection/slicing/output/CPG/cwe789_cpg/cwe789-959-cpg-resolved.bin	tc959_flow2	CWE789_Uncontrolled_Mem_Alloc__getCookies_Servlet_HashMap_73a.java	70	CWE789_Uncontrolled_Mem_Alloc__getCookies_Servlet_HashMap_73b.java	42
/home/swlab/Documents/swvul/java-vuln-detection/slicing/output/CPG/cwe789_cpg/cwe789-960-cpg-resolved.bin	tc960_flow1	CWE789_Uncontrolled_Mem_Alloc__getCookies_Servlet_HashMap_74a.java	40	CWE789_Uncontrolled_Mem_Alloc__getCookies_Servlet_HashMap_74b.java	31
/home/swlab/Documents/swvul/java-vuln-detection/slicing/output/CPG/cwe789_cpg/cwe789-960-cpg-resolved.bin	tc960_flow2	CWE789_Uncontrolled_Mem_Alloc__getCookies_Servlet_HashMap_74a.java	70	CWE789_Uncontrolled_Mem_Alloc__getCookies_Servlet_HashMap_74b.java	41
/home/swlab/Documents/swvul/java-vuln-detection/slicing/output/CPG/cwe789_cpg/cwe789-961-cpg-resolved.bin	tc961_flow1	CWE789_Uncontrolled_Mem_Alloc__getCookies_Servlet_HashMap_75a.java	43	CWE789_Uncontrolled_Mem_Alloc__getCookies_Servlet_HashMap_75b.java	43
/home/swlab/Documents/swvul/java-vuln-detection/slicing/output/CPG/cwe789_cpg/cwe789-961-cpg-resolved.bin	tc961_flow2	CWE789_Uncontrolled_Mem_Alloc__getCookies_Servlet_HashMap_75a.java	111	CWE789_Uncontrolled_Mem_Alloc__getCookies_Servlet_HashMap_75b.java	97
/home/swlab/Documents/swvul/java-vuln-detection/slicing/output/CPG/cwe789_cpg/cwe789-962-cpg-resolved.bin	tc962_flow1	CWE789_Uncontrolled_Mem_Alloc__getCookies_Servlet_HashMap_81a.java	39	CWE789_Uncontrolled_Mem_Alloc__getCookies_Servlet_HashMap_81_bad.java	30
/home/swlab/Documents/swvul/java-vuln-detection/slicing/output/CPG/cwe789_cpg/cwe789-962-cpg-resolved.bin	tc962_flow2	CWE789_Uncontrolled_Mem_Alloc__getCookies_Servlet_HashMap_81a.java	66	CWE789_Uncontrolled_Mem_Alloc__getCookies_Servlet_HashMap_81_goodG2B.java	30
/home/swlab/Documents/swvul/java-vuln-detection/slicing/output/CPG/cwe789_cpg/cwe789-963-cpg-resolved.bin	tc963_flow1	CWE789_Uncontrolled_Mem_Alloc__getCookies_Servlet_HashSet_01.java	41	CWE789_Uncontrolled_Mem_Alloc__getCookies_Servlet_HashSet_01.java	54
/home/swlab/Documents/swvul/java-vuln-detection/slicing/output/CPG/cwe789_cpg/cwe789-963-cpg-resolved.bin	tc963_flow2	CWE789_Uncontrolled_Mem_Alloc__getCookies_Servlet_HashSet_01.java	69	CWE789_Uncontrolled_Mem_Alloc__getCookies_Servlet_HashSet_01.java	72
/home/swlab/Documents/swvul/java-vuln-detection/slicing/output/CPG/cwe789_cpg/cwe789-964-cpg-resolved.bin	tc964_flow1	CWE789_Uncontrolled_Mem_Alloc__getCookies_Servlet_HashSet_02.java	41	CWE789_Uncontrolled_Mem_Alloc__getCookies_Servlet_HashSet_02.java	61
/home/swlab/Documents/swvul/java-vuln-detection/slicing/output/CPG/cwe789_cpg/cwe789-964-cpg-resolved.bin	tc964_flow2	CWE789_Uncontrolled_Mem_Alloc__getCookies_Servlet_HashSet_02.java	79	CWE789_Uncontrolled_Mem_Alloc__getCookies_Servlet_HashSet_02.java	84
/home/swlab/Documents/swvul/java-vuln-detection/slicing/output/CPG/cwe789_cpg/cwe789-964-cpg-resolved.bin	tc964_flow3	CWE789_Uncontrolled_Mem_Alloc__getCookies_Servlet_HashSet_02.java	95	CWE789_Uncontrolled_Mem_Alloc__getCookies_Servlet_HashSet_02.java	105
/home/swlab/Documents/swvul/java-vuln-detection/slicing/output/CPG/cwe789_cpg/cwe789-965-cpg-resolved.bin	tc965_flow1	CWE789_Uncontrolled_Mem_Alloc__getCookies_Servlet_HashSet_03.java	41	CWE789_Uncontrolled_Mem_Alloc__getCookies_Servlet_HashSet_03.java	61
/home/swlab/Documents/swvul/java-vuln-detection/slicing/output/CPG/cwe789_cpg/cwe789-965-cpg-resolved.bin	tc965_flow2	CWE789_Uncontrolled_Mem_Alloc__getCookies_Servlet_HashSet_03.java	79	CWE789_Uncontrolled_Mem_Alloc__getCookies_Servlet_HashSet_03.java	84
/home/swlab/Documents/swvul/java-vuln-detection/slicing/output/CPG/cwe789_cpg/cwe789-965-cpg-resolved.bin	tc965_flow3	CWE789_Uncontrolled_Mem_Alloc__getCookies_Servlet_HashSet_03.java	95	CWE789_Uncontrolled_Mem_Alloc__getCookies_Servlet_HashSet_03.java	105
/home/swlab/Documents/swvul/java-vuln-detection/slicing/output/CPG/cwe789_cpg/cwe789-966-cpg-resolved.bin	tc966_flow1	CWE789_Uncontrolled_Mem_Alloc__getCookies_Servlet_HashSet_04.java	48	CWE789_Uncontrolled_Mem_Alloc__getCookies_Servlet_HashSet_04.java	68
/home/swlab/Documents/swvul/java-vuln-detection/slicing/output/CPG/cwe789_cpg/cwe789-966-cpg-resolved.bin	tc966_flow2	CWE789_Uncontrolled_Mem_Alloc__getCookies_Servlet_HashSet_04.java	86	CWE789_Uncontrolled_Mem_Alloc__getCookies_Servlet_HashSet_04.java	91
/home/swlab/Documents/swvul/java-vuln-detection/slicing/output/CPG/cwe789_cpg/cwe789-966-cpg-resolved.bin	tc966_flow3	CWE789_Uncontrolled_Mem_Alloc__getCookies_Servlet_HashSet_04.java	102	CWE789_Uncontrolled_Mem_Alloc__getCookies_Servlet_HashSet_04.java	112
/home/swlab/Documents/swvul/java-vuln-detection/slicing/output/CPG/cwe789_cpg/cwe789-967-cpg-resolved.bin	tc967_flow1	CWE789_Uncontrolled_Mem_Alloc__getCookies_Servlet_HashSet_05.java	48	CWE789_Uncontrolled_Mem_Alloc__getCookies_Servlet_HashSet_05.java	68
/home/swlab/Documents/swvul/java-vuln-detection/slicing/output/CPG/cwe789_cpg/cwe789-967-cpg-resolved.bin	tc967_flow2	CWE789_Uncontrolled_Mem_Alloc__getCookies_Servlet_HashSet_05.java	86	CWE789_Uncontrolled_Mem_Alloc__getCookies_Servlet_HashSet_05.java	91
/home/swlab/Documents/swvul/java-vuln-detection/slicing/output/CPG/cwe789_cpg/cwe789-967-cpg-resolved.bin	tc967_flow3	CWE789_Uncontrolled_Mem_Alloc__getCookies_Servlet_HashSet_05.java	102	CWE789_Uncontrolled_Mem_Alloc__getCookies_Servlet_HashSet_05.java	112
/home/swlab/Documents/swvul/java-vuln-detection/slicing/output/CPG/cwe789_cpg/cwe789-968-cpg-resolved.bin	tc968_flow1	CWE789_Uncontrolled_Mem_Alloc__getCookies_Servlet_HashSet_06.java	47	CWE789_Uncontrolled_Mem_Alloc__getCookies_Servlet_HashSet_06.java	67
/home/swlab/Documents/swvul/java-vuln-detection/slicing/output/CPG/cwe789_cpg/cwe789-968-cpg-resolved.bin	tc968_flow2	CWE789_Uncontrolled_Mem_Alloc__getCookies_Servlet_HashSet_06.java	85	CWE789_Uncontrolled_Mem_Alloc__getCookies_Servlet_HashSet_06.java	90
/home/swlab/Documents/swvul/java-vuln-detection/slicing/output/CPG/cwe789_cpg/cwe789-968-cpg-resolved.bin	tc968_flow3	CWE789_Uncontrolled_Mem_Alloc__getCookies_Servlet_HashSet_06.java	101	CWE789_Uncontrolled_Mem_Alloc__getCookies_Servlet_HashSet_06.java	111
/home/swlab/Documents/swvul/java-vuln-detection/slicing/output/CPG/cwe789_cpg/cwe789-969-cpg-resolved.bin	tc969_flow1	CWE789_Uncontrolled_Mem_Alloc__getCookies_Servlet_HashSet_07.java	47	CWE789_Uncontrolled_Mem_Alloc__getCookies_Servlet_HashSet_07.java	67
/home/swlab/Documents/swvul/java-vuln-detection/slicing/output/CPG/cwe789_cpg/cwe789-969-cpg-resolved.bin	tc969_flow2	CWE789_Uncontrolled_Mem_Alloc__getCookies_Servlet_HashSet_07.java	85	CWE789_Uncontrolled_Mem_Alloc__getCookies_Servlet_HashSet_07.java	90
/home/swlab/Documents/swvul/java-vuln-detection/slicing/output/CPG/cwe789_cpg/cwe789-969-cpg-resolved.bin	tc969_flow3	CWE789_Uncontrolled_Mem_Alloc__getCookies_Servlet_HashSet_07.java	101	CWE789_Uncontrolled_Mem_Alloc__getCookies_Servlet_HashSet_07.java	111
/home/swlab/Documents/swvul/java-vuln-detection/slicing/output/CPG/cwe789_cpg/cwe789-970-cpg-resolved.bin	tc970_flow1	CWE789_Uncontrolled_Mem_Alloc__getCookies_Servlet_HashSet_08.java	55	CWE789_Uncontrolled_Mem_Alloc__getCookies_Servlet_HashSet_08.java	75
/home/swlab/Documents/swvul/java-vuln-detection/slicing/output/CPG/cwe789_cpg/cwe789-970-cpg-resolved.bin	tc970_flow2	CWE789_Uncontrolled_Mem_Alloc__getCookies_Servlet_HashSet_08.java	93	CWE789_Uncontrolled_Mem_Alloc__getCookies_Servlet_HashSet_08.java	98
/home/swlab/Documents/swvul/java-vuln-detection/slicing/output/CPG/cwe789_cpg/cwe789-970-cpg-resolved.bin	tc970_flow3	CWE789_Uncontrolled_Mem_Alloc__getCookies_Servlet_HashSet_08.java	109	CWE789_Uncontrolled_Mem_Alloc__getCookies_Servlet_HashSet_08.java	119
/home/swlab/Documents/swvul/java-vuln-detection/slicing/output/CPG/cwe789_cpg/cwe789-971-cpg-resolved.bin	tc971_flow1	CWE789_Uncontrolled_Mem_Alloc__getCookies_Servlet_HashSet_09.java	41	CWE789_Uncontrolled_Mem_Alloc__getCookies_Servlet_HashSet_09.java	61
/home/swlab/Documents/swvul/java-vuln-detection/slicing/output/CPG/cwe789_cpg/cwe789-971-cpg-resolved.bin	tc971_flow2	CWE789_Uncontrolled_Mem_Alloc__getCookies_Servlet_HashSet_09.java	79	CWE789_Uncontrolled_Mem_Alloc__getCookies_Servlet_HashSet_09.java	84
/home/swlab/Documents/swvul/java-vuln-detection/slicing/output/CPG/cwe789_cpg/cwe789-971-cpg-resolved.bin	tc971_flow3	CWE789_Uncontrolled_Mem_Alloc__getCookies_Servlet_HashSet_09.java	95	CWE789_Uncontrolled_Mem_Alloc__getCookies_Servlet_HashSet_09.java	105
/home/swlab/Documents/swvul/java-vuln-detection/slicing/output/CPG/cwe789_cpg/cwe789-972-cpg-resolved.bin	tc972_flow1	CWE789_Uncontrolled_Mem_Alloc__getCookies_Servlet_HashSet_10.java	41	CWE789_Uncontrolled_Mem_Alloc__getCookies_Servlet_HashSet_10.java	61
/home/swlab/Documents/swvul/java-vuln-detection/slicing/output/CPG/cwe789_cpg/cwe789-972-cpg-resolved.bin	tc972_flow2	CWE789_Uncontrolled_Mem_Alloc__getCookies_Servlet_HashSet_10.java	79	CWE789_Uncontrolled_Mem_Alloc__getCookies_Servlet_HashSet_10.java	84
/home/swlab/Documents/swvul/java-vuln-detection/slicing/output/CPG/cwe789_cpg/cwe789-972-cpg-resolved.bin	tc972_flow3	CWE789_Uncontrolled_Mem_Alloc__getCookies_Servlet_HashSet_10.java	95	CWE789_Uncontrolled_Mem_Alloc__getCookies_Servlet_HashSet_10.java	105
/home/swlab/Documents/swvul/java-vuln-detection/slicing/output/CPG/cwe789_cpg/cwe789-973-cpg-resolved.bin	tc973_flow1	CWE789_Uncontrolled_Mem_Alloc__getCookies_Servlet_HashSet_11.java	41	CWE789_Uncontrolled_Mem_Alloc__getCookies_Servlet_HashSet_11.java	61
/home/swlab/Documents/swvul/java-vuln-detection/slicing/output/CPG/cwe789_cpg/cwe789-973-cpg-resolved.bin	tc973_flow2	CWE789_Uncontrolled_Mem_Alloc__getCookies_Servlet_HashSet_11.java	79	CWE789_Uncontrolled_Mem_Alloc__getCookies_Servlet_HashSet_11.java	84
/home/swlab/Documents/swvul/java-vuln-detection/slicing/output/CPG/cwe789_cpg/cwe789-973-cpg-resolved.bin	tc973_flow3	CWE789_Uncontrolled_Mem_Alloc__getCookies_Servlet_HashSet_11.java	95	CWE789_Uncontrolled_Mem_Alloc__getCookies_Servlet_HashSet_11.java	105
/home/swlab/Documents/swvul/java-vuln-detection/slicing/output/CPG/cwe789_cpg/cwe789-974-cpg-resolved.bin	tc974_flow1	CWE789_Uncontrolled_Mem_Alloc__getCookies_Servlet_HashSet_12.java	41	CWE789_Uncontrolled_Mem_Alloc__getCookies_Servlet_HashSet_12.java	62
/home/swlab/Documents/swvul/java-vuln-detection/slicing/output/CPG/cwe789_cpg/cwe789-974-cpg-resolved.bin	tc974_flow2	CWE789_Uncontrolled_Mem_Alloc__getCookies_Servlet_HashSet_12.java	74	CWE789_Uncontrolled_Mem_Alloc__getCookies_Servlet_HashSet_12.java	85
/home/swlab/Documents/swvul/java-vuln-detection/slicing/output/CPG/cwe789_cpg/cwe789-975-cpg-resolved.bin	tc975_flow1	CWE789_Uncontrolled_Mem_Alloc__getCookies_Servlet_HashSet_13.java	41	CWE789_Uncontrolled_Mem_Alloc__getCookies_Servlet_HashSet_13.java	61
/home/swlab/Documents/swvul/java-vuln-detection/slicing/output/CPG/cwe789_cpg/cwe789-975-cpg-resolved.bin	tc975_flow2	CWE789_Uncontrolled_Mem_Alloc__getCookies_Servlet_HashSet_13.java	79	CWE789_Uncontrolled_Mem_Alloc__getCookies_Servlet_HashSet_13.java	84
/home/swlab/Documents/swvul/java-vuln-detection/slicing/output/CPG/cwe789_cpg/cwe789-975-cpg-resolved.bin	tc975_flow3	CWE789_Uncontrolled_Mem_Alloc__getCookies_Servlet_HashSet_13.java	95	CWE789_Uncontrolled_Mem_Alloc__getCookies_Servlet_HashSet_13.java	105
/home/swlab/Documents/swvul/java-vuln-detection/slicing/output/CPG/cwe789_cpg/cwe789-976-cpg-resolved.bin	tc976_flow1	CWE789_Uncontrolled_Mem_Alloc__getCookies_Servlet_HashSet_14.java	41	CWE789_Uncontrolled_Mem_Alloc__getCookies_Servlet_HashSet_14.java	61
/home/swlab/Documents/swvul/java-vuln-detection/slicing/output/CPG/cwe789_cpg/cwe789-976-cpg-resolved.bin	tc976_flow2	CWE789_Uncontrolled_Mem_Alloc__getCookies_Servlet_HashSet_14.java	79	CWE789_Uncontrolled_Mem_Alloc__getCookies_Servlet_HashSet_14.java	84
/home/swlab/Documents/swvul/java-vuln-detection/slicing/output/CPG/cwe789_cpg/cwe789-976-cpg-resolved.bin	tc976_flow3	CWE789_Uncontrolled_Mem_Alloc__getCookies_Servlet_HashSet_14.java	95	CWE789_Uncontrolled_Mem_Alloc__getCookies_Servlet_HashSet_14.java	105
/home/swlab/Documents/swvul/java-vuln-detection/slicing/output/CPG/cwe789_cpg/cwe789-977-cpg-resolved.bin	tc977_flow1	CWE789_Uncontrolled_Mem_Alloc__getCookies_Servlet_HashSet_15.java	43	CWE789_Uncontrolled_Mem_Alloc__getCookies_Servlet_HashSet_15.java	63
/home/swlab/Documents/swvul/java-vuln-detection/slicing/output/CPG/cwe789_cpg/cwe789-977-cpg-resolved.bin	tc977_flow2	CWE789_Uncontrolled_Mem_Alloc__getCookies_Servlet_HashSet_15.java	81	CWE789_Uncontrolled_Mem_Alloc__getCookies_Servlet_HashSet_15.java	86
/home/swlab/Documents/swvul/java-vuln-detection/slicing/output/CPG/cwe789_cpg/cwe789-977-cpg-resolved.bin	tc977_flow3	CWE789_Uncontrolled_Mem_Alloc__getCookies_Servlet_HashSet_15.java	99	CWE789_Uncontrolled_Mem_Alloc__getCookies_Servlet_HashSet_15.java	109
/home/swlab/Documents/swvul/java-vuln-detection/slicing/output/CPG/cwe789_cpg/cwe789-978-cpg-resolved.bin	tc978_flow1	CWE789_Uncontrolled_Mem_Alloc__getCookies_Servlet_HashSet_16.java	42	CWE789_Uncontrolled_Mem_Alloc__getCookies_Servlet_HashSet_16.java	57
/home/swlab/Documents/swvul/java-vuln-detection/slicing/output/CPG/cwe789_cpg/cwe789-978-cpg-resolved.bin	tc978_flow2	CWE789_Uncontrolled_Mem_Alloc__getCookies_Servlet_HashSet_16.java	69	CWE789_Uncontrolled_Mem_Alloc__getCookies_Servlet_HashSet_16.java	74
/home/swlab/Documents/swvul/java-vuln-detection/slicing/output/CPG/cwe789_cpg/cwe789-979-cpg-resolved.bin	tc979_flow1	CWE789_Uncontrolled_Mem_Alloc__getCookies_Servlet_HashSet_17.java	41	CWE789_Uncontrolled_Mem_Alloc__getCookies_Servlet_HashSet_17.java	56
/home/swlab/Documents/swvul/java-vuln-detection/slicing/output/CPG/cwe789_cpg/cwe789-979-cpg-resolved.bin	tc979_flow2	CWE789_Uncontrolled_Mem_Alloc__getCookies_Servlet_HashSet_17.java	67	CWE789_Uncontrolled_Mem_Alloc__getCookies_Servlet_HashSet_17.java	72
/home/swlab/Documents/swvul/java-vuln-detection/slicing/output/CPG/cwe789_cpg/cwe789-980-cpg-resolved.bin	tc980_flow1	CWE789_Uncontrolled_Mem_Alloc__getCookies_Servlet_HashSet_21.java	57	CWE789_Uncontrolled_Mem_Alloc__getCookies_Servlet_HashSet_21.java	40
/home/swlab/Documents/swvul/java-vuln-detection/slicing/output/CPG/cwe789_cpg/cwe789-980-cpg-resolved.bin	tc980_flow2	CWE789_Uncontrolled_Mem_Alloc__getCookies_Servlet_HashSet_21.java	116	CWE789_Uncontrolled_Mem_Alloc__getCookies_Servlet_HashSet_21.java	98
/home/swlab/Documents/swvul/java-vuln-detection/slicing/output/CPG/cwe789_cpg/cwe789-980-cpg-resolved.bin	tc980_flow3	CWE789_Uncontrolled_Mem_Alloc__getCookies_Servlet_HashSet_21.java	143	CWE789_Uncontrolled_Mem_Alloc__getCookies_Servlet_HashSet_21.java	132
/home/swlab/Documents/swvul/java-vuln-detection/slicing/output/CPG/cwe789_cpg/cwe789-981-cpg-resolved.bin	tc981_flow1	CWE789_Uncontrolled_Mem_Alloc__getCookies_Servlet_HashSet_22b.java	40	CWE789_Uncontrolled_Mem_Alloc__getCookies_Servlet_HashSet_22a.java	38
/home/swlab/Documents/swvul/java-vuln-detection/slicing/output/CPG/cwe789_cpg/cwe789-981-cpg-resolved.bin	tc981_flow2	CWE789_Uncontrolled_Mem_Alloc__getCookies_Servlet_HashSet_22b.java	76	CWE789_Uncontrolled_Mem_Alloc__getCookies_Servlet_HashSet_22a.java	62
/home/swlab/Documents/swvul/java-vuln-detection/slicing/output/CPG/cwe789_cpg/cwe789-981-cpg-resolved.bin	tc981_flow3	CWE789_Uncontrolled_Mem_Alloc__getCookies_Servlet_HashSet_22b.java	91	CWE789_Uncontrolled_Mem_Alloc__getCookies_Servlet_HashSet_22a.java	75
/home/swlab/Documents/swvul/java-vuln-detection/slicing/output/CPG/cwe789_cpg/cwe789-982-cpg-resolved.bin	tc982_flow1	CWE789_Uncontrolled_Mem_Alloc__getCookies_Servlet_HashSet_31.java	44	CWE789_Uncontrolled_Mem_Alloc__getCookies_Servlet_HashSet_31.java	62
/home/swlab/Documents/swvul/java-vuln-detection/slicing/output/CPG/cwe789_cpg/cwe789-982-cpg-resolved.bin	tc982_flow2	CWE789_Uncontrolled_Mem_Alloc__getCookies_Servlet_HashSet_31.java	80	CWE789_Uncontrolled_Mem_Alloc__getCookies_Servlet_HashSet_31.java	88
/home/swlab/Documents/swvul/java-vuln-detection/slicing/output/CPG/cwe789_cpg/cwe789-983-cpg-resolved.bin	tc983_flow1	CWE789_Uncontrolled_Mem_Alloc__getCookies_Servlet_HashSet_41.java	48	CWE789_Uncontrolled_Mem_Alloc__getCookies_Servlet_HashSet_41.java	32
/home/swlab/Documents/swvul/java-vuln-detection/slicing/output/CPG/cwe789_cpg/cwe789-983-cpg-resolved.bin	tc983_flow2	CWE789_Uncontrolled_Mem_Alloc__getCookies_Servlet_HashSet_41.java	82	CWE789_Uncontrolled_Mem_Alloc__getCookies_Servlet_HashSet_41.java	72
/home/swlab/Documents/swvul/java-vuln-detection/slicing/output/CPG/cwe789_cpg/cwe789-984-cpg-resolved.bin	tc984_flow1	CWE789_Uncontrolled_Mem_Alloc__getCookies_Servlet_HashSet_42.java	40	CWE789_Uncontrolled_Mem_Alloc__getCookies_Servlet_HashSet_42.java	61
/home/swlab/Documents/swvul/java-vuln-detection/slicing/output/CPG/cwe789_cpg/cwe789-984-cpg-resolved.bin	tc984_flow2	CWE789_Uncontrolled_Mem_Alloc__getCookies_Servlet_HashSet_42.java	70	CWE789_Uncontrolled_Mem_Alloc__getCookies_Servlet_HashSet_42.java	81
/home/swlab/Documents/swvul/java-vuln-detection/slicing/output/CPG/cwe789_cpg/cwe789-985-cpg-resolved.bin	tc985_flow1	CWE789_Uncontrolled_Mem_Alloc__getCookies_Servlet_HashSet_45.java	54	CWE789_Uncontrolled_Mem_Alloc__getCookies_Servlet_HashSet_45.java	37
/home/swlab/Documents/swvul/java-vuln-detection/slicing/output/CPG/cwe789_cpg/cwe789-985-cpg-resolved.bin	tc985_flow2	CWE789_Uncontrolled_Mem_Alloc__getCookies_Servlet_HashSet_45.java	90	CWE789_Uncontrolled_Mem_Alloc__getCookies_Servlet_HashSet_45.java	80
/home/swlab/Documents/swvul/java-vuln-detection/slicing/output/CPG/cwe789_cpg/cwe789-986-cpg-resolved.bin	tc986_flow1	CWE789_Uncontrolled_Mem_Alloc__getCookies_Servlet_HashSet_51a.java	38	CWE789_Uncontrolled_Mem_Alloc__getCookies_Servlet_HashSet_51b.java	29
/home/swlab/Documents/swvul/java-vuln-detection/slicing/output/CPG/cwe789_cpg/cwe789-986-cpg-resolved.bin	tc986_flow2	CWE789_Uncontrolled_Mem_Alloc__getCookies_Servlet_HashSet_51a.java	64	CWE789_Uncontrolled_Mem_Alloc__getCookies_Servlet_HashSet_51b.java	38
/home/swlab/Documents/swvul/java-vuln-detection/slicing/output/CPG/cwe789_cpg/cwe789-987-cpg-resolved.bin	tc987_flow1	CWE789_Uncontrolled_Mem_Alloc__getCookies_Servlet_HashSet_52a.java	39	CWE789_Uncontrolled_Mem_Alloc__getCookies_Servlet_HashSet_52c.java	30
/home/swlab/Documents/swvul/java-vuln-detection/slicing/output/CPG/cwe789_cpg/cwe789-987-cpg-resolved.bin	tc987_flow2	CWE789_Uncontrolled_Mem_Alloc__getCookies_Servlet_HashSet_52a.java	65	CWE789_Uncontrolled_Mem_Alloc__getCookies_Servlet_HashSet_52c.java	39
/home/swlab/Documents/swvul/java-vuln-detection/slicing/output/CPG/cwe789_cpg/cwe789-988-cpg-resolved.bin	tc988_flow1	CWE789_Uncontrolled_Mem_Alloc__getCookies_Servlet_HashSet_53a.java	39	CWE789_Uncontrolled_Mem_Alloc__getCookies_Servlet_HashSet_53d.java	30
/home/swlab/Documents/swvul/java-vuln-detection/slicing/output/CPG/cwe789_cpg/cwe789-988-cpg-resolved.bin	tc988_flow2	CWE789_Uncontrolled_Mem_Alloc__getCookies_Servlet_HashSet_53a.java	65	CWE789_Uncontrolled_Mem_Alloc__getCookies_Servlet_HashSet_53d.java	39
/home/swlab/Documents/swvul/java-vuln-detection/slicing/output/CPG/cwe789_cpg/cwe789-989-cpg-resolved.bin	tc989_flow1	CWE789_Uncontrolled_Mem_Alloc__getCookies_Servlet_HashSet_54a.java	39	CWE789_Uncontrolled_Mem_Alloc__getCookies_Servlet_HashSet_54e.java	30
/home/swlab/Documents/swvul/java-vuln-detection/slicing/output/CPG/cwe789_cpg/cwe789-989-cpg-resolved.bin	tc989_flow2	CWE789_Uncontrolled_Mem_Alloc__getCookies_Servlet_HashSet_54a.java	65	CWE789_Uncontrolled_Mem_Alloc__getCookies_Servlet_HashSet_54e.java	39
/home/swlab/Documents/swvul/java-vuln-detection/slicing/output/CPG/cwe789_cpg/cwe789-990-cpg-resolved.bin	tc990_flow1	CWE789_Uncontrolled_Mem_Alloc__getCookies_Servlet_HashSet_61b.java	39	CWE789_Uncontrolled_Mem_Alloc__getCookies_Servlet_HashSet_61a.java	31
/home/swlab/Documents/swvul/java-vuln-detection/slicing/output/CPG/cwe789_cpg/cwe789-990-cpg-resolved.bin	tc990_flow2	CWE789_Uncontrolled_Mem_Alloc__getCookies_Servlet_HashSet_61b.java	60	CWE789_Uncontrolled_Mem_Alloc__getCookies_Servlet_HashSet_61a.java	46
/home/swlab/Documents/swvul/java-vuln-detection/slicing/output/CPG/cwe789_cpg/cwe789-991-cpg-resolved.bin	tc991_flow1	CWE789_Uncontrolled_Mem_Alloc__getCookies_Servlet_HashSet_66a.java	39	CWE789_Uncontrolled_Mem_Alloc__getCookies_Servlet_HashSet_66b.java	31
/home/swlab/Documents/swvul/java-vuln-detection/slicing/output/CPG/cwe789_cpg/cwe789-991-cpg-resolved.bin	tc991_flow2	CWE789_Uncontrolled_Mem_Alloc__getCookies_Servlet_HashSet_66a.java	67	CWE789_Uncontrolled_Mem_Alloc__getCookies_Servlet_HashSet_66b.java	41
/home/swlab/Documents/swvul/java-vuln-detection/slicing/output/CPG/cwe789_cpg/cwe789-992-cpg-resolved.bin	tc992_flow1	CWE789_Uncontrolled_Mem_Alloc__getCookies_Servlet_HashSet_67a.java	44	CWE789_Uncontrolled_Mem_Alloc__getCookies_Servlet_HashSet_67b.java	31
/home/swlab/Documents/swvul/java-vuln-detection/slicing/output/CPG/cwe789_cpg/cwe789-992-cpg-resolved.bin	tc992_flow2	CWE789_Uncontrolled_Mem_Alloc__getCookies_Servlet_HashSet_67a.java	72	CWE789_Uncontrolled_Mem_Alloc__getCookies_Servlet_HashSet_67b.java	41
/home/swlab/Documents/swvul/java-vuln-detection/slicing/output/CPG/cwe789_cpg/cwe789-993-cpg-resolved.bin	tc993_flow1	CWE789_Uncontrolled_Mem_Alloc__getCookies_Servlet_HashSet_68a.java	39	CWE789_Uncontrolled_Mem_Alloc__getCookies_Servlet_HashSet_68b.java	30
/home/swlab/Documents/swvul/java-vuln-detection/slicing/output/CPG/cwe789_cpg/cwe789-993-cpg-resolved.bin	tc993_flow2	CWE789_Uncontrolled_Mem_Alloc__getCookies_Servlet_HashSet_68a.java	64	CWE789_Uncontrolled_Mem_Alloc__getCookies_Servlet_HashSet_68b.java	40
/home/swlab/Documents/swvul/java-vuln-detection/slicing/output/CPG/cwe789_cpg/cwe789-994-cpg-resolved.bin	tc994_flow1	CWE789_Uncontrolled_Mem_Alloc__getCookies_Servlet_HashSet_71a.java	39	CWE789_Uncontrolled_Mem_Alloc__getCookies_Servlet_HashSet_71b.java	31
/home/swlab/Documents/swvul/java-vuln-detection/slicing/output/CPG/cwe789_cpg/cwe789-994-cpg-resolved.bin	tc994_flow2	CWE789_Uncontrolled_Mem_Alloc__getCookies_Servlet_HashSet_71a.java	65	CWE789_Uncontrolled_Mem_Alloc__getCookies_Servlet_HashSet_71b.java	41
/home/swlab/Documents/swvul/java-vuln-detection/slicing/output/CPG/cwe789_cpg/cwe789-995-cpg-resolved.bin	tc995_flow1	CWE789_Uncontrolled_Mem_Alloc__getCookies_Servlet_HashSet_72a.java	40	CWE789_Uncontrolled_Mem_Alloc__getCookies_Servlet_HashSet_72b.java	32
/home/swlab/Documents/swvul/java-vuln-detection/slicing/output/CPG/cwe789_cpg/cwe789-995-cpg-resolved.bin	tc995_flow2	CWE789_Uncontrolled_Mem_Alloc__getCookies_Servlet_HashSet_72a.java	70	CWE789_Uncontrolled_Mem_Alloc__getCookies_Servlet_HashSet_72b.java	42
/home/swlab/Documents/swvul/java-vuln-detection/slicing/output/CPG/cwe789_cpg/cwe789-996-cpg-resolved.bin	tc996_flow1	CWE789_Uncontrolled_Mem_Alloc__getCookies_Servlet_HashSet_73a.java	40	CWE789_Uncontrolled_Mem_Alloc__getCookies_Servlet_HashSet_73b.java	32
/home/swlab/Documents/swvul/java-vuln-detection/slicing/output/CPG/cwe789_cpg/cwe789-996-cpg-resolved.bin	tc996_flow2	CWE789_Uncontrolled_Mem_Alloc__getCookies_Servlet_HashSet_73a.java	70	CWE789_Uncontrolled_Mem_Alloc__getCookies_Servlet_HashSet_73b.java	42
/home/swlab/Documents/swvul/java-vuln-detection/slicing/output/CPG/cwe789_cpg/cwe789-997-cpg-resolved.bin	tc997_flow1	CWE789_Uncontrolled_Mem_Alloc__getCookies_Servlet_HashSet_74a.java	40	CWE789_Uncontrolled_Mem_Alloc__getCookies_Servlet_HashSet_74b.java	32
/home/swlab/Documents/swvul/java-vuln-detection/slicing/output/CPG/cwe789_cpg/cwe789-997-cpg-resolved.bin	tc997_flow2	CWE789_Uncontrolled_Mem_Alloc__getCookies_Servlet_HashSet_74a.java	70	CWE789_Uncontrolled_Mem_Alloc__getCookies_Servlet_HashSet_74b.java	42
/home/swlab/Documents/swvul/java-vuln-detection/slicing/output/CPG/cwe789_cpg/cwe789-998-cpg-resolved.bin	tc998_flow1	CWE789_Uncontrolled_Mem_Alloc__getCookies_Servlet_HashSet_75a.java	43	CWE789_Uncontrolled_Mem_Alloc__getCookies_Servlet_HashSet_75b.java	43
/home/swlab/Documents/swvul/java-vuln-detection/slicing/output/CPG/cwe789_cpg/cwe789-998-cpg-resolved.bin	tc998_flow2	CWE789_Uncontrolled_Mem_Alloc__getCookies_Servlet_HashSet_75a.java	111	CWE789_Uncontrolled_Mem_Alloc__getCookies_Servlet_HashSet_75b.java	97
/home/swlab/Documents/swvul/java-vuln-detection/slicing/output/CPG/cwe789_cpg/cwe789-999-cpg-resolved.bin	tc999_flow1	CWE789_Uncontrolled_Mem_Alloc__getCookies_Servlet_HashSet_81a.java	39	CWE789_Uncontrolled_Mem_Alloc__getCookies_Servlet_HashSet_81_bad.java	30
/home/swlab/Documents/swvul/java-vuln-detection/slicing/output/CPG/cwe789_cpg/cwe789-999-cpg-resolved.bin	tc999_flow2	CWE789_Uncontrolled_Mem_Alloc__getCookies_Servlet_HashSet_81a.java	66	CWE789_Uncontrolled_Mem_Alloc__getCookies_Servlet_HashSet_81_goodG2B.java	30
/home/swlab/Documents/swvul/java-vuln-detection/slicing/output/CPG/cwe789_cpg/cwe789-1000-cpg-resolved.bin	tc1000_flow1	CWE789_Uncontrolled_Mem_Alloc__getParameter_Servlet_ArrayList_01.java	36	CWE789_Uncontrolled_Mem_Alloc__getParameter_Servlet_ArrayList_01.java	50
/home/swlab/Documents/swvul/java-vuln-detection/slicing/output/CPG/cwe789_cpg/cwe789-1000-cpg-resolved.bin	tc1000_flow2	CWE789_Uncontrolled_Mem_Alloc__getParameter_Servlet_ArrayList_01.java	65	CWE789_Uncontrolled_Mem_Alloc__getParameter_Servlet_ArrayList_01.java	68
/home/swlab/Documents/swvul/java-vuln-detection/slicing/output/CPG/cwe789_cpg/cwe789-1001-cpg-resolved.bin	tc1001_flow1	CWE789_Uncontrolled_Mem_Alloc__getParameter_Servlet_ArrayList_02.java	36	CWE789_Uncontrolled_Mem_Alloc__getParameter_Servlet_ArrayList_02.java	56
/home/swlab/Documents/swvul/java-vuln-detection/slicing/output/CPG/cwe789_cpg/cwe789-1001-cpg-resolved.bin	tc1001_flow2	CWE789_Uncontrolled_Mem_Alloc__getParameter_Servlet_ArrayList_02.java	74	CWE789_Uncontrolled_Mem_Alloc__getParameter_Servlet_ArrayList_02.java	79
/home/swlab/Documents/swvul/java-vuln-detection/slicing/output/CPG/cwe789_cpg/cwe789-1001-cpg-resolved.bin	tc1001_flow3	CWE789_Uncontrolled_Mem_Alloc__getParameter_Servlet_ArrayList_02.java	90	CWE789_Uncontrolled_Mem_Alloc__getParameter_Servlet_ArrayList_02.java	100
/home/swlab/Documents/swvul/java-vuln-detection/slicing/output/CPG/cwe789_cpg/cwe789-1002-cpg-resolved.bin	tc1002_flow1	CWE789_Uncontrolled_Mem_Alloc__getParameter_Servlet_ArrayList_03.java	36	CWE789_Uncontrolled_Mem_Alloc__getParameter_Servlet_ArrayList_03.java	56
/home/swlab/Documents/swvul/java-vuln-detection/slicing/output/CPG/cwe789_cpg/cwe789-1002-cpg-resolved.bin	tc1002_flow2	CWE789_Uncontrolled_Mem_Alloc__getParameter_Servlet_ArrayList_03.java	74	CWE789_Uncontrolled_Mem_Alloc__getParameter_Servlet_ArrayList_03.java	79
/home/swlab/Documents/swvul/java-vuln-detection/slicing/output/CPG/cwe789_cpg/cwe789-1002-cpg-resolved.bin	tc1002_flow3	CWE789_Uncontrolled_Mem_Alloc__getParameter_Servlet_ArrayList_03.java	90	CWE789_Uncontrolled_Mem_Alloc__getParameter_Servlet_ArrayList_03.java	100
/home/swlab/Documents/swvul/java-vuln-detection/slicing/output/CPG/cwe789_cpg/cwe789-1003-cpg-resolved.bin	tc1003_flow1	CWE789_Uncontrolled_Mem_Alloc__getParameter_Servlet_ArrayList_04.java	43	CWE789_Uncontrolled_Mem_Alloc__getParameter_Servlet_ArrayList_04.java	63
/home/swlab/Documents/swvul/java-vuln-detection/slicing/output/CPG/cwe789_cpg/cwe789-1003-cpg-resolved.bin	tc1003_flow2	CWE789_Uncontrolled_Mem_Alloc__getParameter_Servlet_ArrayList_04.java	81	CWE789_Uncontrolled_Mem_Alloc__getParameter_Servlet_ArrayList_04.java	86
/home/swlab/Documents/swvul/java-vuln-detection/slicing/output/CPG/cwe789_cpg/cwe789-1003-cpg-resolved.bin	tc1003_flow3	CWE789_Uncontrolled_Mem_Alloc__getParameter_Servlet_ArrayList_04.java	97	CWE789_Uncontrolled_Mem_Alloc__getParameter_Servlet_ArrayList_04.java	107
/home/swlab/Documents/swvul/java-vuln-detection/slicing/output/CPG/cwe789_cpg/cwe789-1004-cpg-resolved.bin	tc1004_flow1	CWE789_Uncontrolled_Mem_Alloc__getParameter_Servlet_ArrayList_05.java	43	CWE789_Uncontrolled_Mem_Alloc__getParameter_Servlet_ArrayList_05.java	63
/home/swlab/Documents/swvul/java-vuln-detection/slicing/output/CPG/cwe789_cpg/cwe789-1004-cpg-resolved.bin	tc1004_flow2	CWE789_Uncontrolled_Mem_Alloc__getParameter_Servlet_ArrayList_05.java	81	CWE789_Uncontrolled_Mem_Alloc__getParameter_Servlet_ArrayList_05.java	86
/home/swlab/Documents/swvul/java-vuln-detection/slicing/output/CPG/cwe789_cpg/cwe789-1004-cpg-resolved.bin	tc1004_flow3	CWE789_Uncontrolled_Mem_Alloc__getParameter_Servlet_ArrayList_05.java	97	CWE789_Uncontrolled_Mem_Alloc__getParameter_Servlet_ArrayList_05.java	107
/home/swlab/Documents/swvul/java-vuln-detection/slicing/output/CPG/cwe789_cpg/cwe789-1005-cpg-resolved.bin	tc1005_flow1	CWE789_Uncontrolled_Mem_Alloc__getParameter_Servlet_ArrayList_06.java	42	CWE789_Uncontrolled_Mem_Alloc__getParameter_Servlet_ArrayList_06.java	62
/home/swlab/Documents/swvul/java-vuln-detection/slicing/output/CPG/cwe789_cpg/cwe789-1005-cpg-resolved.bin	tc1005_flow2	CWE789_Uncontrolled_Mem_Alloc__getParameter_Servlet_ArrayList_06.java	80	CWE789_Uncontrolled_Mem_Alloc__getParameter_Servlet_ArrayList_06.java	85
/home/swlab/Documents/swvul/java-vuln-detection/slicing/output/CPG/cwe789_cpg/cwe789-1005-cpg-resolved.bin	tc1005_flow3	CWE789_Uncontrolled_Mem_Alloc__getParameter_Servlet_ArrayList_06.java	96	CWE789_Uncontrolled_Mem_Alloc__getParameter_Servlet_ArrayList_06.java	106
/home/swlab/Documents/swvul/java-vuln-detection/slicing/output/CPG/cwe789_cpg/cwe789-1006-cpg-resolved.bin	tc1006_flow1	CWE789_Uncontrolled_Mem_Alloc__getParameter_Servlet_ArrayList_07.java	42	CWE789_Uncontrolled_Mem_Alloc__getParameter_Servlet_ArrayList_07.java	62
/home/swlab/Documents/swvul/java-vuln-detection/slicing/output/CPG/cwe789_cpg/cwe789-1006-cpg-resolved.bin	tc1006_flow2	CWE789_Uncontrolled_Mem_Alloc__getParameter_Servlet_ArrayList_07.java	80	CWE789_Uncontrolled_Mem_Alloc__getParameter_Servlet_ArrayList_07.java	85
/home/swlab/Documents/swvul/java-vuln-detection/slicing/output/CPG/cwe789_cpg/cwe789-1006-cpg-resolved.bin	tc1006_flow3	CWE789_Uncontrolled_Mem_Alloc__getParameter_Servlet_ArrayList_07.java	96	CWE789_Uncontrolled_Mem_Alloc__getParameter_Servlet_ArrayList_07.java	106
/home/swlab/Documents/swvul/java-vuln-detection/slicing/output/CPG/cwe789_cpg/cwe789-1007-cpg-resolved.bin	tc1007_flow1	CWE789_Uncontrolled_Mem_Alloc__getParameter_Servlet_ArrayList_08.java	50	CWE789_Uncontrolled_Mem_Alloc__getParameter_Servlet_ArrayList_08.java	70
/home/swlab/Documents/swvul/java-vuln-detection/slicing/output/CPG/cwe789_cpg/cwe789-1007-cpg-resolved.bin	tc1007_flow2	CWE789_Uncontrolled_Mem_Alloc__getParameter_Servlet_ArrayList_08.java	88	CWE789_Uncontrolled_Mem_Alloc__getParameter_Servlet_ArrayList_08.java	93
/home/swlab/Documents/swvul/java-vuln-detection/slicing/output/CPG/cwe789_cpg/cwe789-1007-cpg-resolved.bin	tc1007_flow3	CWE789_Uncontrolled_Mem_Alloc__getParameter_Servlet_ArrayList_08.java	104	CWE789_Uncontrolled_Mem_Alloc__getParameter_Servlet_ArrayList_08.java	114
/home/swlab/Documents/swvul/java-vuln-detection/slicing/output/CPG/cwe789_cpg/cwe789-1008-cpg-resolved.bin	tc1008_flow1	CWE789_Uncontrolled_Mem_Alloc__getParameter_Servlet_ArrayList_09.java	36	CWE789_Uncontrolled_Mem_Alloc__getParameter_Servlet_ArrayList_09.java	56
/home/swlab/Documents/swvul/java-vuln-detection/slicing/output/CPG/cwe789_cpg/cwe789-1008-cpg-resolved.bin	tc1008_flow2	CWE789_Uncontrolled_Mem_Alloc__getParameter_Servlet_ArrayList_09.java	74	CWE789_Uncontrolled_Mem_Alloc__getParameter_Servlet_ArrayList_09.java	79
/home/swlab/Documents/swvul/java-vuln-detection/slicing/output/CPG/cwe789_cpg/cwe789-1008-cpg-resolved.bin	tc1008_flow3	CWE789_Uncontrolled_Mem_Alloc__getParameter_Servlet_ArrayList_09.java	90	CWE789_Uncontrolled_Mem_Alloc__getParameter_Servlet_ArrayList_09.java	100
/home/swlab/Documents/swvul/java-vuln-detection/slicing/output/CPG/cwe789_cpg/cwe789-1009-cpg-resolved.bin	tc1009_flow1	CWE789_Uncontrolled_Mem_Alloc__getParameter_Servlet_ArrayList_10.java	36	CWE789_Uncontrolled_Mem_Alloc__getParameter_Servlet_ArrayList_10.java	56
/home/swlab/Documents/swvul/java-vuln-detection/slicing/output/CPG/cwe789_cpg/cwe789-1009-cpg-resolved.bin	tc1009_flow2	CWE789_Uncontrolled_Mem_Alloc__getParameter_Servlet_ArrayList_10.java	74	CWE789_Uncontrolled_Mem_Alloc__getParameter_Servlet_ArrayList_10.java	79
/home/swlab/Documents/swvul/java-vuln-detection/slicing/output/CPG/cwe789_cpg/cwe789-1009-cpg-resolved.bin	tc1009_flow3	CWE789_Uncontrolled_Mem_Alloc__getParameter_Servlet_ArrayList_10.java	90	CWE789_Uncontrolled_Mem_Alloc__getParameter_Servlet_ArrayList_10.java	100
/home/swlab/Documents/swvul/java-vuln-detection/slicing/output/CPG/cwe789_cpg/cwe789-1010-cpg-resolved.bin	tc1010_flow1	CWE789_Uncontrolled_Mem_Alloc__getParameter_Servlet_ArrayList_11.java	36	CWE789_Uncontrolled_Mem_Alloc__getParameter_Servlet_ArrayList_11.java	56
/home/swlab/Documents/swvul/java-vuln-detection/slicing/output/CPG/cwe789_cpg/cwe789-1010-cpg-resolved.bin	tc1010_flow2	CWE789_Uncontrolled_Mem_Alloc__getParameter_Servlet_ArrayList_11.java	74	CWE789_Uncontrolled_Mem_Alloc__getParameter_Servlet_ArrayList_11.java	79
/home/swlab/Documents/swvul/java-vuln-detection/slicing/output/CPG/cwe789_cpg/cwe789-1010-cpg-resolved.bin	tc1010_flow3	CWE789_Uncontrolled_Mem_Alloc__getParameter_Servlet_ArrayList_11.java	90	CWE789_Uncontrolled_Mem_Alloc__getParameter_Servlet_ArrayList_11.java	100
/home/swlab/Documents/swvul/java-vuln-detection/slicing/output/CPG/cwe789_cpg/cwe789-1011-cpg-resolved.bin	tc1011_flow1	CWE789_Uncontrolled_Mem_Alloc__getParameter_Servlet_ArrayList_12.java	36	CWE789_Uncontrolled_Mem_Alloc__getParameter_Servlet_ArrayList_12.java	57
/home/swlab/Documents/swvul/java-vuln-detection/slicing/output/CPG/cwe789_cpg/cwe789-1011-cpg-resolved.bin	tc1011_flow2	CWE789_Uncontrolled_Mem_Alloc__getParameter_Servlet_ArrayList_12.java	69	CWE789_Uncontrolled_Mem_Alloc__getParameter_Servlet_ArrayList_12.java	80
/home/swlab/Documents/swvul/java-vuln-detection/slicing/output/CPG/cwe789_cpg/cwe789-1012-cpg-resolved.bin	tc1012_flow1	CWE789_Uncontrolled_Mem_Alloc__getParameter_Servlet_ArrayList_13.java	36	CWE789_Uncontrolled_Mem_Alloc__getParameter_Servlet_ArrayList_13.java	56
/home/swlab/Documents/swvul/java-vuln-detection/slicing/output/CPG/cwe789_cpg/cwe789-1012-cpg-resolved.bin	tc1012_flow2	CWE789_Uncontrolled_Mem_Alloc__getParameter_Servlet_ArrayList_13.java	74	CWE789_Uncontrolled_Mem_Alloc__getParameter_Servlet_ArrayList_13.java	79
/home/swlab/Documents/swvul/java-vuln-detection/slicing/output/CPG/cwe789_cpg/cwe789-1012-cpg-resolved.bin	tc1012_flow3	CWE789_Uncontrolled_Mem_Alloc__getParameter_Servlet_ArrayList_13.java	90	CWE789_Uncontrolled_Mem_Alloc__getParameter_Servlet_ArrayList_13.java	100
/home/swlab/Documents/swvul/java-vuln-detection/slicing/output/CPG/cwe789_cpg/cwe789-1013-cpg-resolved.bin	tc1013_flow1	CWE789_Uncontrolled_Mem_Alloc__getParameter_Servlet_ArrayList_14.java	36	CWE789_Uncontrolled_Mem_Alloc__getParameter_Servlet_ArrayList_14.java	56
/home/swlab/Documents/swvul/java-vuln-detection/slicing/output/CPG/cwe789_cpg/cwe789-1013-cpg-resolved.bin	tc1013_flow2	CWE789_Uncontrolled_Mem_Alloc__getParameter_Servlet_ArrayList_14.java	74	CWE789_Uncontrolled_Mem_Alloc__getParameter_Servlet_ArrayList_14.java	79
/home/swlab/Documents/swvul/java-vuln-detection/slicing/output/CPG/cwe789_cpg/cwe789-1013-cpg-resolved.bin	tc1013_flow3	CWE789_Uncontrolled_Mem_Alloc__getParameter_Servlet_ArrayList_14.java	90	CWE789_Uncontrolled_Mem_Alloc__getParameter_Servlet_ArrayList_14.java	100
/home/swlab/Documents/swvul/java-vuln-detection/slicing/output/CPG/cwe789_cpg/cwe789-1014-cpg-resolved.bin	tc1014_flow1	CWE789_Uncontrolled_Mem_Alloc__getParameter_Servlet_ArrayList_15.java	38	CWE789_Uncontrolled_Mem_Alloc__getParameter_Servlet_ArrayList_15.java	58
/home/swlab/Documents/swvul/java-vuln-detection/slicing/output/CPG/cwe789_cpg/cwe789-1014-cpg-resolved.bin	tc1014_flow2	CWE789_Uncontrolled_Mem_Alloc__getParameter_Servlet_ArrayList_15.java	76	CWE789_Uncontrolled_Mem_Alloc__getParameter_Servlet_ArrayList_15.java	81
/home/swlab/Documents/swvul/java-vuln-detection/slicing/output/CPG/cwe789_cpg/cwe789-1014-cpg-resolved.bin	tc1014_flow3	CWE789_Uncontrolled_Mem_Alloc__getParameter_Servlet_ArrayList_15.java	94	CWE789_Uncontrolled_Mem_Alloc__getParameter_Servlet_ArrayList_15.java	104
/home/swlab/Documents/swvul/java-vuln-detection/slicing/output/CPG/cwe789_cpg/cwe789-1015-cpg-resolved.bin	tc1015_flow1	CWE789_Uncontrolled_Mem_Alloc__getParameter_Servlet_ArrayList_16.java	37	CWE789_Uncontrolled_Mem_Alloc__getParameter_Servlet_ArrayList_16.java	52
/home/swlab/Documents/swvul/java-vuln-detection/slicing/output/CPG/cwe789_cpg/cwe789-1015-cpg-resolved.bin	tc1015_flow2	CWE789_Uncontrolled_Mem_Alloc__getParameter_Servlet_ArrayList_16.java	64	CWE789_Uncontrolled_Mem_Alloc__getParameter_Servlet_ArrayList_16.java	69
/home/swlab/Documents/swvul/java-vuln-detection/slicing/output/CPG/cwe789_cpg/cwe789-1016-cpg-resolved.bin	tc1016_flow1	CWE789_Uncontrolled_Mem_Alloc__getParameter_Servlet_ArrayList_17.java	36	CWE789_Uncontrolled_Mem_Alloc__getParameter_Servlet_ArrayList_17.java	52
/home/swlab/Documents/swvul/java-vuln-detection/slicing/output/CPG/cwe789_cpg/cwe789-1016-cpg-resolved.bin	tc1016_flow2	CWE789_Uncontrolled_Mem_Alloc__getParameter_Servlet_ArrayList_17.java	63	CWE789_Uncontrolled_Mem_Alloc__getParameter_Servlet_ArrayList_17.java	68
/home/swlab/Documents/swvul/java-vuln-detection/slicing/output/CPG/cwe789_cpg/cwe789-1017-cpg-resolved.bin	tc1017_flow1	CWE789_Uncontrolled_Mem_Alloc__getParameter_Servlet_ArrayList_21.java	52	CWE789_Uncontrolled_Mem_Alloc__getParameter_Servlet_ArrayList_21.java	40
/home/swlab/Documents/swvul/java-vuln-detection/slicing/output/CPG/cwe789_cpg/cwe789-1017-cpg-resolved.bin	tc1017_flow2	CWE789_Uncontrolled_Mem_Alloc__getParameter_Servlet_ArrayList_21.java	111	CWE789_Uncontrolled_Mem_Alloc__getParameter_Servlet_ArrayList_21.java	93
/home/swlab/Documents/swvul/java-vuln-detection/slicing/output/CPG/cwe789_cpg/cwe789-1017-cpg-resolved.bin	tc1017_flow3	CWE789_Uncontrolled_Mem_Alloc__getParameter_Servlet_ArrayList_21.java	138	CWE789_Uncontrolled_Mem_Alloc__getParameter_Servlet_ArrayList_21.java	127
/home/swlab/Documents/swvul/java-vuln-detection/slicing/output/CPG/cwe789_cpg/cwe789-1018-cpg-resolved.bin	tc1018_flow1	CWE789_Uncontrolled_Mem_Alloc__getParameter_Servlet_ArrayList_22b.java	35	CWE789_Uncontrolled_Mem_Alloc__getParameter_Servlet_ArrayList_22a.java	38
/home/swlab/Documents/swvul/java-vuln-detection/slicing/output/CPG/cwe789_cpg/cwe789-1018-cpg-resolved.bin	tc1018_flow2	CWE789_Uncontrolled_Mem_Alloc__getParameter_Servlet_ArrayList_22b.java	71	CWE789_Uncontrolled_Mem_Alloc__getParameter_Servlet_ArrayList_22a.java	62
/home/swlab/Documents/swvul/java-vuln-detection/slicing/output/CPG/cwe789_cpg/cwe789-1018-cpg-resolved.bin	tc1018_flow3	CWE789_Uncontrolled_Mem_Alloc__getParameter_Servlet_ArrayList_22b.java	86	CWE789_Uncontrolled_Mem_Alloc__getParameter_Servlet_ArrayList_22a.java	75
/home/swlab/Documents/swvul/java-vuln-detection/slicing/output/CPG/cwe789_cpg/cwe789-1019-cpg-resolved.bin	tc1019_flow1	CWE789_Uncontrolled_Mem_Alloc__getParameter_Servlet_ArrayList_31.java	39	CWE789_Uncontrolled_Mem_Alloc__getParameter_Servlet_ArrayList_31.java	58
/home/swlab/Documents/swvul/java-vuln-detection/slicing/output/CPG/cwe789_cpg/cwe789-1019-cpg-resolved.bin	tc1019_flow2	CWE789_Uncontrolled_Mem_Alloc__getParameter_Servlet_ArrayList_31.java	76	CWE789_Uncontrolled_Mem_Alloc__getParameter_Servlet_ArrayList_31.java	84
/home/swlab/Documents/swvul/java-vuln-detection/slicing/output/CPG/cwe789_cpg/cwe789-1020-cpg-resolved.bin	tc1020_flow1	CWE789_Uncontrolled_Mem_Alloc__getParameter_Servlet_ArrayList_41.java	43	CWE789_Uncontrolled_Mem_Alloc__getParameter_Servlet_ArrayList_41.java	32
/home/swlab/Documents/swvul/java-vuln-detection/slicing/output/CPG/cwe789_cpg/cwe789-1020-cpg-resolved.bin	tc1020_flow2	CWE789_Uncontrolled_Mem_Alloc__getParameter_Servlet_ArrayList_41.java	78	CWE789_Uncontrolled_Mem_Alloc__getParameter_Servlet_ArrayList_41.java	68
/home/swlab/Documents/swvul/java-vuln-detection/slicing/output/CPG/cwe789_cpg/cwe789-1021-cpg-resolved.bin	tc1021_flow1	CWE789_Uncontrolled_Mem_Alloc__getParameter_Servlet_ArrayList_42.java	35	CWE789_Uncontrolled_Mem_Alloc__getParameter_Servlet_ArrayList_42.java	57
/home/swlab/Documents/swvul/java-vuln-detection/slicing/output/CPG/cwe789_cpg/cwe789-1021-cpg-resolved.bin	tc1021_flow2	CWE789_Uncontrolled_Mem_Alloc__getParameter_Servlet_ArrayList_42.java	66	CWE789_Uncontrolled_Mem_Alloc__getParameter_Servlet_ArrayList_42.java	77
/home/swlab/Documents/swvul/java-vuln-detection/slicing/output/CPG/cwe789_cpg/cwe789-1022-cpg-resolved.bin	tc1022_flow1	CWE789_Uncontrolled_Mem_Alloc__getParameter_Servlet_ArrayList_45.java	49	CWE789_Uncontrolled_Mem_Alloc__getParameter_Servlet_ArrayList_45.java	37
/home/swlab/Documents/swvul/java-vuln-detection/slicing/output/CPG/cwe789_cpg/cwe789-1022-cpg-resolved.bin	tc1022_flow2	CWE789_Uncontrolled_Mem_Alloc__getParameter_Servlet_ArrayList_45.java	86	CWE789_Uncontrolled_Mem_Alloc__getParameter_Servlet_ArrayList_45.java	76
/home/swlab/Documents/swvul/java-vuln-detection/slicing/output/CPG/cwe789_cpg/cwe789-1023-cpg-resolved.bin	tc1023_flow1	CWE789_Uncontrolled_Mem_Alloc__getParameter_Servlet_ArrayList_51a.java	33	CWE789_Uncontrolled_Mem_Alloc__getParameter_Servlet_ArrayList_51b.java	29
/home/swlab/Documents/swvul/java-vuln-detection/slicing/output/CPG/cwe789_cpg/cwe789-1023-cpg-resolved.bin	tc1023_flow2	CWE789_Uncontrolled_Mem_Alloc__getParameter_Servlet_ArrayList_51a.java	60	CWE789_Uncontrolled_Mem_Alloc__getParameter_Servlet_ArrayList_51b.java	38
/home/swlab/Documents/swvul/java-vuln-detection/slicing/output/CPG/cwe789_cpg/cwe789-1024-cpg-resolved.bin	tc1024_flow1	CWE789_Uncontrolled_Mem_Alloc__getParameter_Servlet_ArrayList_52a.java	34	CWE789_Uncontrolled_Mem_Alloc__getParameter_Servlet_ArrayList_52c.java	30
/home/swlab/Documents/swvul/java-vuln-detection/slicing/output/CPG/cwe789_cpg/cwe789-1024-cpg-resolved.bin	tc1024_flow2	CWE789_Uncontrolled_Mem_Alloc__getParameter_Servlet_ArrayList_52a.java	61	CWE789_Uncontrolled_Mem_Alloc__getParameter_Servlet_ArrayList_52c.java	39
/home/swlab/Documents/swvul/java-vuln-detection/slicing/output/CPG/cwe789_cpg/cwe789-1025-cpg-resolved.bin	tc1025_flow1	CWE789_Uncontrolled_Mem_Alloc__getParameter_Servlet_ArrayList_53a.java	34	CWE789_Uncontrolled_Mem_Alloc__getParameter_Servlet_ArrayList_53d.java	30
/home/swlab/Documents/swvul/java-vuln-detection/slicing/output/CPG/cwe789_cpg/cwe789-1025-cpg-resolved.bin	tc1025_flow2	CWE789_Uncontrolled_Mem_Alloc__getParameter_Servlet_ArrayList_53a.java	61	CWE789_Uncontrolled_Mem_Alloc__getParameter_Servlet_ArrayList_53d.java	39
/home/swlab/Documents/swvul/java-vuln-detection/slicing/output/CPG/cwe789_cpg/cwe789-1026-cpg-resolved.bin	tc1026_flow1	CWE789_Uncontrolled_Mem_Alloc__getParameter_Servlet_ArrayList_54a.java	34	CWE789_Uncontrolled_Mem_Alloc__getParameter_Servlet_ArrayList_54e.java	30
/home/swlab/Documents/swvul/java-vuln-detection/slicing/output/CPG/cwe789_cpg/cwe789-1026-cpg-resolved.bin	tc1026_flow2	CWE789_Uncontrolled_Mem_Alloc__getParameter_Servlet_ArrayList_54a.java	61	CWE789_Uncontrolled_Mem_Alloc__getParameter_Servlet_ArrayList_54e.java	39
/home/swlab/Documents/swvul/java-vuln-detection/slicing/output/CPG/cwe789_cpg/cwe789-1027-cpg-resolved.bin	tc1027_flow1	CWE789_Uncontrolled_Mem_Alloc__getParameter_Servlet_ArrayList_61b.java	34	CWE789_Uncontrolled_Mem_Alloc__getParameter_Servlet_ArrayList_61a.java	31
/home/swlab/Documents/swvul/java-vuln-detection/slicing/output/CPG/cwe789_cpg/cwe789-1027-cpg-resolved.bin	tc1027_flow2	CWE789_Uncontrolled_Mem_Alloc__getParameter_Servlet_ArrayList_61b.java	56	CWE789_Uncontrolled_Mem_Alloc__getParameter_Servlet_ArrayList_61a.java	46
/home/swlab/Documents/swvul/java-vuln-detection/slicing/output/CPG/cwe789_cpg/cwe789-1028-cpg-resolved.bin	tc1028_flow1	CWE789_Uncontrolled_Mem_Alloc__getParameter_Servlet_ArrayList_66a.java	34	CWE789_Uncontrolled_Mem_Alloc__getParameter_Servlet_ArrayList_66b.java	31
/home/swlab/Documents/swvul/java-vuln-detection/slicing/output/CPG/cwe789_cpg/cwe789-1028-cpg-resolved.bin	tc1028_flow2	CWE789_Uncontrolled_Mem_Alloc__getParameter_Servlet_ArrayList_66a.java	63	CWE789_Uncontrolled_Mem_Alloc__getParameter_Servlet_ArrayList_66b.java	41
/home/swlab/Documents/swvul/java-vuln-detection/slicing/output/CPG/cwe789_cpg/cwe789-1029-cpg-resolved.bin	tc1029_flow1	CWE789_Uncontrolled_Mem_Alloc__getParameter_Servlet_ArrayList_67a.java	39	CWE789_Uncontrolled_Mem_Alloc__getParameter_Servlet_ArrayList_67b.java	31
/home/swlab/Documents/swvul/java-vuln-detection/slicing/output/CPG/cwe789_cpg/cwe789-1029-cpg-resolved.bin	tc1029_flow2	CWE789_Uncontrolled_Mem_Alloc__getParameter_Servlet_ArrayList_67a.java	68	CWE789_Uncontrolled_Mem_Alloc__getParameter_Servlet_ArrayList_67b.java	41
/home/swlab/Documents/swvul/java-vuln-detection/slicing/output/CPG/cwe789_cpg/cwe789-1030-cpg-resolved.bin	tc1030_flow1	CWE789_Uncontrolled_Mem_Alloc__getParameter_Servlet_ArrayList_68a.java	34	CWE789_Uncontrolled_Mem_Alloc__getParameter_Servlet_ArrayList_68b.java	30
/home/swlab/Documents/swvul/java-vuln-detection/slicing/output/CPG/cwe789_cpg/cwe789-1030-cpg-resolved.bin	tc1030_flow2	CWE789_Uncontrolled_Mem_Alloc__getParameter_Servlet_ArrayList_68a.java	60	CWE789_Uncontrolled_Mem_Alloc__getParameter_Servlet_ArrayList_68b.java	40
/home/swlab/Documents/swvul/java-vuln-detection/slicing/output/CPG/cwe789_cpg/cwe789-1031-cpg-resolved.bin	tc1031_flow1	CWE789_Uncontrolled_Mem_Alloc__getParameter_Servlet_ArrayList_71a.java	34	CWE789_Uncontrolled_Mem_Alloc__getParameter_Servlet_ArrayList_71b.java	31
/home/swlab/Documents/swvul/java-vuln-detection/slicing/output/CPG/cwe789_cpg/cwe789-1031-cpg-resolved.bin	tc1031_flow2	CWE789_Uncontrolled_Mem_Alloc__getParameter_Servlet_ArrayList_71a.java	61	CWE789_Uncontrolled_Mem_Alloc__getParameter_Servlet_ArrayList_71b.java	41
/home/swlab/Documents/swvul/java-vuln-detection/slicing/output/CPG/cwe789_cpg/cwe789-1032-cpg-resolved.bin	tc1032_flow1	CWE789_Uncontrolled_Mem_Alloc__getParameter_Servlet_ArrayList_72a.java	35	CWE789_Uncontrolled_Mem_Alloc__getParameter_Servlet_ArrayList_72b.java	32
/home/swlab/Documents/swvul/java-vuln-detection/slicing/output/CPG/cwe789_cpg/cwe789-1032-cpg-resolved.bin	tc1032_flow2	CWE789_Uncontrolled_Mem_Alloc__getParameter_Servlet_ArrayList_72a.java	66	CWE789_Uncontrolled_Mem_Alloc__getParameter_Servlet_ArrayList_72b.java	42
/home/swlab/Documents/swvul/java-vuln-detection/slicing/output/CPG/cwe789_cpg/cwe789-1033-cpg-resolved.bin	tc1033_flow1	CWE789_Uncontrolled_Mem_Alloc__getParameter_Servlet_ArrayList_73a.java	35	CWE789_Uncontrolled_Mem_Alloc__getParameter_Servlet_ArrayList_73b.java	32
/home/swlab/Documents/swvul/java-vuln-detection/slicing/output/CPG/cwe789_cpg/cwe789-1033-cpg-resolved.bin	tc1033_flow2	CWE789_Uncontrolled_Mem_Alloc__getParameter_Servlet_ArrayList_73a.java	66	CWE789_Uncontrolled_Mem_Alloc__getParameter_Servlet_ArrayList_73b.java	42
/home/swlab/Documents/swvul/java-vuln-detection/slicing/output/CPG/cwe789_cpg/cwe789-1034-cpg-resolved.bin	tc1034_flow1	CWE789_Uncontrolled_Mem_Alloc__getParameter_Servlet_ArrayList_74a.java	35	CWE789_Uncontrolled_Mem_Alloc__getParameter_Servlet_ArrayList_74b.java	32
/home/swlab/Documents/swvul/java-vuln-detection/slicing/output/CPG/cwe789_cpg/cwe789-1034-cpg-resolved.bin	tc1034_flow2	CWE789_Uncontrolled_Mem_Alloc__getParameter_Servlet_ArrayList_74a.java	66	CWE789_Uncontrolled_Mem_Alloc__getParameter_Servlet_ArrayList_74b.java	42
/home/swlab/Documents/swvul/java-vuln-detection/slicing/output/CPG/cwe789_cpg/cwe789-1035-cpg-resolved.bin	tc1035_flow1	CWE789_Uncontrolled_Mem_Alloc__getParameter_Servlet_ArrayList_75a.java	38	CWE789_Uncontrolled_Mem_Alloc__getParameter_Servlet_ArrayList_75b.java	43
/home/swlab/Documents/swvul/java-vuln-detection/slicing/output/CPG/cwe789_cpg/cwe789-1035-cpg-resolved.bin	tc1035_flow2	CWE789_Uncontrolled_Mem_Alloc__getParameter_Servlet_ArrayList_75a.java	107	CWE789_Uncontrolled_Mem_Alloc__getParameter_Servlet_ArrayList_75b.java	97
/home/swlab/Documents/swvul/java-vuln-detection/slicing/output/CPG/cwe789_cpg/cwe789-1036-cpg-resolved.bin	tc1036_flow1	CWE789_Uncontrolled_Mem_Alloc__getParameter_Servlet_ArrayList_81a.java	34	CWE789_Uncontrolled_Mem_Alloc__getParameter_Servlet_ArrayList_81_bad.java	30
/home/swlab/Documents/swvul/java-vuln-detection/slicing/output/CPG/cwe789_cpg/cwe789-1036-cpg-resolved.bin	tc1036_flow2	CWE789_Uncontrolled_Mem_Alloc__getParameter_Servlet_ArrayList_81a.java	62	CWE789_Uncontrolled_Mem_Alloc__getParameter_Servlet_ArrayList_81_goodG2B.java	30
/home/swlab/Documents/swvul/java-vuln-detection/slicing/output/CPG/cwe789_cpg/cwe789-1037-cpg-resolved.bin	tc1037_flow1	CWE789_Uncontrolled_Mem_Alloc__getParameter_Servlet_HashMap_01.java	36	CWE789_Uncontrolled_Mem_Alloc__getParameter_Servlet_HashMap_01.java	50
/home/swlab/Documents/swvul/java-vuln-detection/slicing/output/CPG/cwe789_cpg/cwe789-1037-cpg-resolved.bin	tc1037_flow2	CWE789_Uncontrolled_Mem_Alloc__getParameter_Servlet_HashMap_01.java	65	CWE789_Uncontrolled_Mem_Alloc__getParameter_Servlet_HashMap_01.java	68
/home/swlab/Documents/swvul/java-vuln-detection/slicing/output/CPG/cwe789_cpg/cwe789-1038-cpg-resolved.bin	tc1038_flow1	CWE789_Uncontrolled_Mem_Alloc__getParameter_Servlet_HashMap_02.java	36	CWE789_Uncontrolled_Mem_Alloc__getParameter_Servlet_HashMap_02.java	56
/home/swlab/Documents/swvul/java-vuln-detection/slicing/output/CPG/cwe789_cpg/cwe789-1038-cpg-resolved.bin	tc1038_flow2	CWE789_Uncontrolled_Mem_Alloc__getParameter_Servlet_HashMap_02.java	74	CWE789_Uncontrolled_Mem_Alloc__getParameter_Servlet_HashMap_02.java	79
/home/swlab/Documents/swvul/java-vuln-detection/slicing/output/CPG/cwe789_cpg/cwe789-1038-cpg-resolved.bin	tc1038_flow3	CWE789_Uncontrolled_Mem_Alloc__getParameter_Servlet_HashMap_02.java	90	CWE789_Uncontrolled_Mem_Alloc__getParameter_Servlet_HashMap_02.java	100
/home/swlab/Documents/swvul/java-vuln-detection/slicing/output/CPG/cwe789_cpg/cwe789-1039-cpg-resolved.bin	tc1039_flow1	CWE789_Uncontrolled_Mem_Alloc__getParameter_Servlet_HashMap_03.java	36	CWE789_Uncontrolled_Mem_Alloc__getParameter_Servlet_HashMap_03.java	56
/home/swlab/Documents/swvul/java-vuln-detection/slicing/output/CPG/cwe789_cpg/cwe789-1039-cpg-resolved.bin	tc1039_flow2	CWE789_Uncontrolled_Mem_Alloc__getParameter_Servlet_HashMap_03.java	74	CWE789_Uncontrolled_Mem_Alloc__getParameter_Servlet_HashMap_03.java	79
/home/swlab/Documents/swvul/java-vuln-detection/slicing/output/CPG/cwe789_cpg/cwe789-1039-cpg-resolved.bin	tc1039_flow3	CWE789_Uncontrolled_Mem_Alloc__getParameter_Servlet_HashMap_03.java	90	CWE789_Uncontrolled_Mem_Alloc__getParameter_Servlet_HashMap_03.java	100
/home/swlab/Documents/swvul/java-vuln-detection/slicing/output/CPG/cwe789_cpg/cwe789-1040-cpg-resolved.bin	tc1040_flow1	CWE789_Uncontrolled_Mem_Alloc__getParameter_Servlet_HashMap_04.java	43	CWE789_Uncontrolled_Mem_Alloc__getParameter_Servlet_HashMap_04.java	63
/home/swlab/Documents/swvul/java-vuln-detection/slicing/output/CPG/cwe789_cpg/cwe789-1040-cpg-resolved.bin	tc1040_flow2	CWE789_Uncontrolled_Mem_Alloc__getParameter_Servlet_HashMap_04.java	81	CWE789_Uncontrolled_Mem_Alloc__getParameter_Servlet_HashMap_04.java	86
/home/swlab/Documents/swvul/java-vuln-detection/slicing/output/CPG/cwe789_cpg/cwe789-1040-cpg-resolved.bin	tc1040_flow3	CWE789_Uncontrolled_Mem_Alloc__getParameter_Servlet_HashMap_04.java	97	CWE789_Uncontrolled_Mem_Alloc__getParameter_Servlet_HashMap_04.java	107
/home/swlab/Documents/swvul/java-vuln-detection/slicing/output/CPG/cwe789_cpg/cwe789-1041-cpg-resolved.bin	tc1041_flow1	CWE789_Uncontrolled_Mem_Alloc__getParameter_Servlet_HashMap_05.java	43	CWE789_Uncontrolled_Mem_Alloc__getParameter_Servlet_HashMap_05.java	63
/home/swlab/Documents/swvul/java-vuln-detection/slicing/output/CPG/cwe789_cpg/cwe789-1041-cpg-resolved.bin	tc1041_flow2	CWE789_Uncontrolled_Mem_Alloc__getParameter_Servlet_HashMap_05.java	81	CWE789_Uncontrolled_Mem_Alloc__getParameter_Servlet_HashMap_05.java	86
/home/swlab/Documents/swvul/java-vuln-detection/slicing/output/CPG/cwe789_cpg/cwe789-1041-cpg-resolved.bin	tc1041_flow3	CWE789_Uncontrolled_Mem_Alloc__getParameter_Servlet_HashMap_05.java	97	CWE789_Uncontrolled_Mem_Alloc__getParameter_Servlet_HashMap_05.java	107
/home/swlab/Documents/swvul/java-vuln-detection/slicing/output/CPG/cwe789_cpg/cwe789-1042-cpg-resolved.bin	tc1042_flow1	CWE789_Uncontrolled_Mem_Alloc__getParameter_Servlet_HashMap_06.java	42	CWE789_Uncontrolled_Mem_Alloc__getParameter_Servlet_HashMap_06.java	62
/home/swlab/Documents/swvul/java-vuln-detection/slicing/output/CPG/cwe789_cpg/cwe789-1042-cpg-resolved.bin	tc1042_flow2	CWE789_Uncontrolled_Mem_Alloc__getParameter_Servlet_HashMap_06.java	80	CWE789_Uncontrolled_Mem_Alloc__getParameter_Servlet_HashMap_06.java	85
/home/swlab/Documents/swvul/java-vuln-detection/slicing/output/CPG/cwe789_cpg/cwe789-1042-cpg-resolved.bin	tc1042_flow3	CWE789_Uncontrolled_Mem_Alloc__getParameter_Servlet_HashMap_06.java	96	CWE789_Uncontrolled_Mem_Alloc__getParameter_Servlet_HashMap_06.java	106
/home/swlab/Documents/swvul/java-vuln-detection/slicing/output/CPG/cwe789_cpg/cwe789-1043-cpg-resolved.bin	tc1043_flow1	CWE789_Uncontrolled_Mem_Alloc__getParameter_Servlet_HashMap_07.java	42	CWE789_Uncontrolled_Mem_Alloc__getParameter_Servlet_HashMap_07.java	62
/home/swlab/Documents/swvul/java-vuln-detection/slicing/output/CPG/cwe789_cpg/cwe789-1043-cpg-resolved.bin	tc1043_flow2	CWE789_Uncontrolled_Mem_Alloc__getParameter_Servlet_HashMap_07.java	80	CWE789_Uncontrolled_Mem_Alloc__getParameter_Servlet_HashMap_07.java	85
/home/swlab/Documents/swvul/java-vuln-detection/slicing/output/CPG/cwe789_cpg/cwe789-1043-cpg-resolved.bin	tc1043_flow3	CWE789_Uncontrolled_Mem_Alloc__getParameter_Servlet_HashMap_07.java	96	CWE789_Uncontrolled_Mem_Alloc__getParameter_Servlet_HashMap_07.java	106
/home/swlab/Documents/swvul/java-vuln-detection/slicing/output/CPG/cwe789_cpg/cwe789-1044-cpg-resolved.bin	tc1044_flow1	CWE789_Uncontrolled_Mem_Alloc__getParameter_Servlet_HashMap_08.java	50	CWE789_Uncontrolled_Mem_Alloc__getParameter_Servlet_HashMap_08.java	70
/home/swlab/Documents/swvul/java-vuln-detection/slicing/output/CPG/cwe789_cpg/cwe789-1044-cpg-resolved.bin	tc1044_flow2	CWE789_Uncontrolled_Mem_Alloc__getParameter_Servlet_HashMap_08.java	88	CWE789_Uncontrolled_Mem_Alloc__getParameter_Servlet_HashMap_08.java	93
/home/swlab/Documents/swvul/java-vuln-detection/slicing/output/CPG/cwe789_cpg/cwe789-1044-cpg-resolved.bin	tc1044_flow3	CWE789_Uncontrolled_Mem_Alloc__getParameter_Servlet_HashMap_08.java	104	CWE789_Uncontrolled_Mem_Alloc__getParameter_Servlet_HashMap_08.java	114
/home/swlab/Documents/swvul/java-vuln-detection/slicing/output/CPG/cwe789_cpg/cwe789-1045-cpg-resolved.bin	tc1045_flow1	CWE789_Uncontrolled_Mem_Alloc__getParameter_Servlet_HashMap_09.java	36	CWE789_Uncontrolled_Mem_Alloc__getParameter_Servlet_HashMap_09.java	56
/home/swlab/Documents/swvul/java-vuln-detection/slicing/output/CPG/cwe789_cpg/cwe789-1045-cpg-resolved.bin	tc1045_flow2	CWE789_Uncontrolled_Mem_Alloc__getParameter_Servlet_HashMap_09.java	74	CWE789_Uncontrolled_Mem_Alloc__getParameter_Servlet_HashMap_09.java	79
/home/swlab/Documents/swvul/java-vuln-detection/slicing/output/CPG/cwe789_cpg/cwe789-1045-cpg-resolved.bin	tc1045_flow3	CWE789_Uncontrolled_Mem_Alloc__getParameter_Servlet_HashMap_09.java	90	CWE789_Uncontrolled_Mem_Alloc__getParameter_Servlet_HashMap_09.java	100
/home/swlab/Documents/swvul/java-vuln-detection/slicing/output/CPG/cwe789_cpg/cwe789-1046-cpg-resolved.bin	tc1046_flow1	CWE789_Uncontrolled_Mem_Alloc__getParameter_Servlet_HashMap_10.java	36	CWE789_Uncontrolled_Mem_Alloc__getParameter_Servlet_HashMap_10.java	56
/home/swlab/Documents/swvul/java-vuln-detection/slicing/output/CPG/cwe789_cpg/cwe789-1046-cpg-resolved.bin	tc1046_flow2	CWE789_Uncontrolled_Mem_Alloc__getParameter_Servlet_HashMap_10.java	74	CWE789_Uncontrolled_Mem_Alloc__getParameter_Servlet_HashMap_10.java	79
/home/swlab/Documents/swvul/java-vuln-detection/slicing/output/CPG/cwe789_cpg/cwe789-1046-cpg-resolved.bin	tc1046_flow3	CWE789_Uncontrolled_Mem_Alloc__getParameter_Servlet_HashMap_10.java	90	CWE789_Uncontrolled_Mem_Alloc__getParameter_Servlet_HashMap_10.java	100
/home/swlab/Documents/swvul/java-vuln-detection/slicing/output/CPG/cwe789_cpg/cwe789-1047-cpg-resolved.bin	tc1047_flow1	CWE789_Uncontrolled_Mem_Alloc__getParameter_Servlet_HashMap_11.java	36	CWE789_Uncontrolled_Mem_Alloc__getParameter_Servlet_HashMap_11.java	56
/home/swlab/Documents/swvul/java-vuln-detection/slicing/output/CPG/cwe789_cpg/cwe789-1047-cpg-resolved.bin	tc1047_flow2	CWE789_Uncontrolled_Mem_Alloc__getParameter_Servlet_HashMap_11.java	74	CWE789_Uncontrolled_Mem_Alloc__getParameter_Servlet_HashMap_11.java	79
/home/swlab/Documents/swvul/java-vuln-detection/slicing/output/CPG/cwe789_cpg/cwe789-1047-cpg-resolved.bin	tc1047_flow3	CWE789_Uncontrolled_Mem_Alloc__getParameter_Servlet_HashMap_11.java	90	CWE789_Uncontrolled_Mem_Alloc__getParameter_Servlet_HashMap_11.java	100
/home/swlab/Documents/swvul/java-vuln-detection/slicing/output/CPG/cwe789_cpg/cwe789-1048-cpg-resolved.bin	tc1048_flow1	CWE789_Uncontrolled_Mem_Alloc__getParameter_Servlet_HashMap_12.java	36	CWE789_Uncontrolled_Mem_Alloc__getParameter_Servlet_HashMap_12.java	57
/home/swlab/Documents/swvul/java-vuln-detection/slicing/output/CPG/cwe789_cpg/cwe789-1048-cpg-resolved.bin	tc1048_flow2	CWE789_Uncontrolled_Mem_Alloc__getParameter_Servlet_HashMap_12.java	69	CWE789_Uncontrolled_Mem_Alloc__getParameter_Servlet_HashMap_12.java	80
/home/swlab/Documents/swvul/java-vuln-detection/slicing/output/CPG/cwe789_cpg/cwe789-1049-cpg-resolved.bin	tc1049_flow1	CWE789_Uncontrolled_Mem_Alloc__getParameter_Servlet_HashMap_13.java	36	CWE789_Uncontrolled_Mem_Alloc__getParameter_Servlet_HashMap_13.java	56
/home/swlab/Documents/swvul/java-vuln-detection/slicing/output/CPG/cwe789_cpg/cwe789-1049-cpg-resolved.bin	tc1049_flow2	CWE789_Uncontrolled_Mem_Alloc__getParameter_Servlet_HashMap_13.java	74	CWE789_Uncontrolled_Mem_Alloc__getParameter_Servlet_HashMap_13.java	79
/home/swlab/Documents/swvul/java-vuln-detection/slicing/output/CPG/cwe789_cpg/cwe789-1049-cpg-resolved.bin	tc1049_flow3	CWE789_Uncontrolled_Mem_Alloc__getParameter_Servlet_HashMap_13.java	90	CWE789_Uncontrolled_Mem_Alloc__getParameter_Servlet_HashMap_13.java	100
/home/swlab/Documents/swvul/java-vuln-detection/slicing/output/CPG/cwe789_cpg/cwe789-1050-cpg-resolved.bin	tc1050_flow1	CWE789_Uncontrolled_Mem_Alloc__getParameter_Servlet_HashMap_14.java	36	CWE789_Uncontrolled_Mem_Alloc__getParameter_Servlet_HashMap_14.java	56
/home/swlab/Documents/swvul/java-vuln-detection/slicing/output/CPG/cwe789_cpg/cwe789-1050-cpg-resolved.bin	tc1050_flow2	CWE789_Uncontrolled_Mem_Alloc__getParameter_Servlet_HashMap_14.java	74	CWE789_Uncontrolled_Mem_Alloc__getParameter_Servlet_HashMap_14.java	79
/home/swlab/Documents/swvul/java-vuln-detection/slicing/output/CPG/cwe789_cpg/cwe789-1050-cpg-resolved.bin	tc1050_flow3	CWE789_Uncontrolled_Mem_Alloc__getParameter_Servlet_HashMap_14.java	90	CWE789_Uncontrolled_Mem_Alloc__getParameter_Servlet_HashMap_14.java	100
/home/swlab/Documents/swvul/java-vuln-detection/slicing/output/CPG/cwe789_cpg/cwe789-1051-cpg-resolved.bin	tc1051_flow1	CWE789_Uncontrolled_Mem_Alloc__getParameter_Servlet_HashMap_15.java	38	CWE789_Uncontrolled_Mem_Alloc__getParameter_Servlet_HashMap_15.java	58
/home/swlab/Documents/swvul/java-vuln-detection/slicing/output/CPG/cwe789_cpg/cwe789-1051-cpg-resolved.bin	tc1051_flow2	CWE789_Uncontrolled_Mem_Alloc__getParameter_Servlet_HashMap_15.java	76	CWE789_Uncontrolled_Mem_Alloc__getParameter_Servlet_HashMap_15.java	81
/home/swlab/Documents/swvul/java-vuln-detection/slicing/output/CPG/cwe789_cpg/cwe789-1051-cpg-resolved.bin	tc1051_flow3	CWE789_Uncontrolled_Mem_Alloc__getParameter_Servlet_HashMap_15.java	94	CWE789_Uncontrolled_Mem_Alloc__getParameter_Servlet_HashMap_15.java	104
/home/swlab/Documents/swvul/java-vuln-detection/slicing/output/CPG/cwe789_cpg/cwe789-1052-cpg-resolved.bin	tc1052_flow1	CWE789_Uncontrolled_Mem_Alloc__getParameter_Servlet_HashMap_16.java	37	CWE789_Uncontrolled_Mem_Alloc__getParameter_Servlet_HashMap_16.java	52
/home/swlab/Documents/swvul/java-vuln-detection/slicing/output/CPG/cwe789_cpg/cwe789-1052-cpg-resolved.bin	tc1052_flow2	CWE789_Uncontrolled_Mem_Alloc__getParameter_Servlet_HashMap_16.java	64	CWE789_Uncontrolled_Mem_Alloc__getParameter_Servlet_HashMap_16.java	69
/home/swlab/Documents/swvul/java-vuln-detection/slicing/output/CPG/cwe789_cpg/cwe789-1053-cpg-resolved.bin	tc1053_flow1	CWE789_Uncontrolled_Mem_Alloc__getParameter_Servlet_HashMap_17.java	36	CWE789_Uncontrolled_Mem_Alloc__getParameter_Servlet_HashMap_17.java	52
/home/swlab/Documents/swvul/java-vuln-detection/slicing/output/CPG/cwe789_cpg/cwe789-1053-cpg-resolved.bin	tc1053_flow2	CWE789_Uncontrolled_Mem_Alloc__getParameter_Servlet_HashMap_17.java	63	CWE789_Uncontrolled_Mem_Alloc__getParameter_Servlet_HashMap_17.java	68
/home/swlab/Documents/swvul/java-vuln-detection/slicing/output/CPG/cwe789_cpg/cwe789-1054-cpg-resolved.bin	tc1054_flow1	CWE789_Uncontrolled_Mem_Alloc__getParameter_Servlet_HashMap_21.java	52	CWE789_Uncontrolled_Mem_Alloc__getParameter_Servlet_HashMap_21.java	40
/home/swlab/Documents/swvul/java-vuln-detection/slicing/output/CPG/cwe789_cpg/cwe789-1054-cpg-resolved.bin	tc1054_flow2	CWE789_Uncontrolled_Mem_Alloc__getParameter_Servlet_HashMap_21.java	111	CWE789_Uncontrolled_Mem_Alloc__getParameter_Servlet_HashMap_21.java	93
/home/swlab/Documents/swvul/java-vuln-detection/slicing/output/CPG/cwe789_cpg/cwe789-1054-cpg-resolved.bin	tc1054_flow3	CWE789_Uncontrolled_Mem_Alloc__getParameter_Servlet_HashMap_21.java	138	CWE789_Uncontrolled_Mem_Alloc__getParameter_Servlet_HashMap_21.java	127
/home/swlab/Documents/swvul/java-vuln-detection/slicing/output/CPG/cwe789_cpg/cwe789-1055-cpg-resolved.bin	tc1055_flow1	CWE789_Uncontrolled_Mem_Alloc__getParameter_Servlet_HashMap_22b.java	35	CWE789_Uncontrolled_Mem_Alloc__getParameter_Servlet_HashMap_22a.java	38
/home/swlab/Documents/swvul/java-vuln-detection/slicing/output/CPG/cwe789_cpg/cwe789-1055-cpg-resolved.bin	tc1055_flow2	CWE789_Uncontrolled_Mem_Alloc__getParameter_Servlet_HashMap_22b.java	71	CWE789_Uncontrolled_Mem_Alloc__getParameter_Servlet_HashMap_22a.java	62
/home/swlab/Documents/swvul/java-vuln-detection/slicing/output/CPG/cwe789_cpg/cwe789-1055-cpg-resolved.bin	tc1055_flow3	CWE789_Uncontrolled_Mem_Alloc__getParameter_Servlet_HashMap_22b.java	86	CWE789_Uncontrolled_Mem_Alloc__getParameter_Servlet_HashMap_22a.java	75
/home/swlab/Documents/swvul/java-vuln-detection/slicing/output/CPG/cwe789_cpg/cwe789-1056-cpg-resolved.bin	tc1056_flow1	CWE789_Uncontrolled_Mem_Alloc__getParameter_Servlet_HashMap_31.java	39	CWE789_Uncontrolled_Mem_Alloc__getParameter_Servlet_HashMap_31.java	58
/home/swlab/Documents/swvul/java-vuln-detection/slicing/output/CPG/cwe789_cpg/cwe789-1056-cpg-resolved.bin	tc1056_flow2	CWE789_Uncontrolled_Mem_Alloc__getParameter_Servlet_HashMap_31.java	76	CWE789_Uncontrolled_Mem_Alloc__getParameter_Servlet_HashMap_31.java	84
/home/swlab/Documents/swvul/java-vuln-detection/slicing/output/CPG/cwe789_cpg/cwe789-1057-cpg-resolved.bin	tc1057_flow1	CWE789_Uncontrolled_Mem_Alloc__getParameter_Servlet_HashMap_41.java	43	CWE789_Uncontrolled_Mem_Alloc__getParameter_Servlet_HashMap_41.java	32
/home/swlab/Documents/swvul/java-vuln-detection/slicing/output/CPG/cwe789_cpg/cwe789-1057-cpg-resolved.bin	tc1057_flow2	CWE789_Uncontrolled_Mem_Alloc__getParameter_Servlet_HashMap_41.java	78	CWE789_Uncontrolled_Mem_Alloc__getParameter_Servlet_HashMap_41.java	68
/home/swlab/Documents/swvul/java-vuln-detection/slicing/output/CPG/cwe789_cpg/cwe789-1058-cpg-resolved.bin	tc1058_flow1	CWE789_Uncontrolled_Mem_Alloc__getParameter_Servlet_HashMap_42.java	35	CWE789_Uncontrolled_Mem_Alloc__getParameter_Servlet_HashMap_42.java	57
/home/swlab/Documents/swvul/java-vuln-detection/slicing/output/CPG/cwe789_cpg/cwe789-1058-cpg-resolved.bin	tc1058_flow2	CWE789_Uncontrolled_Mem_Alloc__getParameter_Servlet_HashMap_42.java	66	CWE789_Uncontrolled_Mem_Alloc__getParameter_Servlet_HashMap_42.java	77
/home/swlab/Documents/swvul/java-vuln-detection/slicing/output/CPG/cwe789_cpg/cwe789-1059-cpg-resolved.bin	tc1059_flow1	CWE789_Uncontrolled_Mem_Alloc__getParameter_Servlet_HashMap_45.java	49	CWE789_Uncontrolled_Mem_Alloc__getParameter_Servlet_HashMap_45.java	37
/home/swlab/Documents/swvul/java-vuln-detection/slicing/output/CPG/cwe789_cpg/cwe789-1059-cpg-resolved.bin	tc1059_flow2	CWE789_Uncontrolled_Mem_Alloc__getParameter_Servlet_HashMap_45.java	86	CWE789_Uncontrolled_Mem_Alloc__getParameter_Servlet_HashMap_45.java	76
/home/swlab/Documents/swvul/java-vuln-detection/slicing/output/CPG/cwe789_cpg/cwe789-1060-cpg-resolved.bin	tc1060_flow1	CWE789_Uncontrolled_Mem_Alloc__getParameter_Servlet_HashMap_51a.java	33	CWE789_Uncontrolled_Mem_Alloc__getParameter_Servlet_HashMap_51b.java	29
/home/swlab/Documents/swvul/java-vuln-detection/slicing/output/CPG/cwe789_cpg/cwe789-1060-cpg-resolved.bin	tc1060_flow2	CWE789_Uncontrolled_Mem_Alloc__getParameter_Servlet_HashMap_51a.java	60	CWE789_Uncontrolled_Mem_Alloc__getParameter_Servlet_HashMap_51b.java	38
/home/swlab/Documents/swvul/java-vuln-detection/slicing/output/CPG/cwe789_cpg/cwe789-1061-cpg-resolved.bin	tc1061_flow1	CWE789_Uncontrolled_Mem_Alloc__getParameter_Servlet_HashMap_52a.java	34	CWE789_Uncontrolled_Mem_Alloc__getParameter_Servlet_HashMap_52c.java	30
/home/swlab/Documents/swvul/java-vuln-detection/slicing/output/CPG/cwe789_cpg/cwe789-1061-cpg-resolved.bin	tc1061_flow2	CWE789_Uncontrolled_Mem_Alloc__getParameter_Servlet_HashMap_52a.java	61	CWE789_Uncontrolled_Mem_Alloc__getParameter_Servlet_HashMap_52c.java	39
/home/swlab/Documents/swvul/java-vuln-detection/slicing/output/CPG/cwe789_cpg/cwe789-1062-cpg-resolved.bin	tc1062_flow1	CWE789_Uncontrolled_Mem_Alloc__getParameter_Servlet_HashMap_53a.java	34	CWE789_Uncontrolled_Mem_Alloc__getParameter_Servlet_HashMap_53d.java	30
/home/swlab/Documents/swvul/java-vuln-detection/slicing/output/CPG/cwe789_cpg/cwe789-1062-cpg-resolved.bin	tc1062_flow2	CWE789_Uncontrolled_Mem_Alloc__getParameter_Servlet_HashMap_53a.java	61	CWE789_Uncontrolled_Mem_Alloc__getParameter_Servlet_HashMap_53d.java	39
/home/swlab/Documents/swvul/java-vuln-detection/slicing/output/CPG/cwe789_cpg/cwe789-1063-cpg-resolved.bin	tc1063_flow1	CWE789_Uncontrolled_Mem_Alloc__getParameter_Servlet_HashMap_54a.java	34	CWE789_Uncontrolled_Mem_Alloc__getParameter_Servlet_HashMap_54e.java	30
/home/swlab/Documents/swvul/java-vuln-detection/slicing/output/CPG/cwe789_cpg/cwe789-1063-cpg-resolved.bin	tc1063_flow2	CWE789_Uncontrolled_Mem_Alloc__getParameter_Servlet_HashMap_54a.java	61	CWE789_Uncontrolled_Mem_Alloc__getParameter_Servlet_HashMap_54e.java	39
/home/swlab/Documents/swvul/java-vuln-detection/slicing/output/CPG/cwe789_cpg/cwe789-1064-cpg-resolved.bin	tc1064_flow1	CWE789_Uncontrolled_Mem_Alloc__getParameter_Servlet_HashMap_61b.java	34	CWE789_Uncontrolled_Mem_Alloc__getParameter_Servlet_HashMap_61a.java	31
/home/swlab/Documents/swvul/java-vuln-detection/slicing/output/CPG/cwe789_cpg/cwe789-1064-cpg-resolved.bin	tc1064_flow2	CWE789_Uncontrolled_Mem_Alloc__getParameter_Servlet_HashMap_61b.java	56	CWE789_Uncontrolled_Mem_Alloc__getParameter_Servlet_HashMap_61a.java	46
/home/swlab/Documents/swvul/java-vuln-detection/slicing/output/CPG/cwe789_cpg/cwe789-1065-cpg-resolved.bin	tc1065_flow1	CWE789_Uncontrolled_Mem_Alloc__getParameter_Servlet_HashMap_66a.java	34	CWE789_Uncontrolled_Mem_Alloc__getParameter_Servlet_HashMap_66b.java	31
/home/swlab/Documents/swvul/java-vuln-detection/slicing/output/CPG/cwe789_cpg/cwe789-1065-cpg-resolved.bin	tc1065_flow2	CWE789_Uncontrolled_Mem_Alloc__getParameter_Servlet_HashMap_66a.java	63	CWE789_Uncontrolled_Mem_Alloc__getParameter_Servlet_HashMap_66b.java	41
/home/swlab/Documents/swvul/java-vuln-detection/slicing/output/CPG/cwe789_cpg/cwe789-1066-cpg-resolved.bin	tc1066_flow1	CWE789_Uncontrolled_Mem_Alloc__getParameter_Servlet_HashMap_67a.java	39	CWE789_Uncontrolled_Mem_Alloc__getParameter_Servlet_HashMap_67b.java	31
/home/swlab/Documents/swvul/java-vuln-detection/slicing/output/CPG/cwe789_cpg/cwe789-1066-cpg-resolved.bin	tc1066_flow2	CWE789_Uncontrolled_Mem_Alloc__getParameter_Servlet_HashMap_67a.java	68	CWE789_Uncontrolled_Mem_Alloc__getParameter_Servlet_HashMap_67b.java	41
/home/swlab/Documents/swvul/java-vuln-detection/slicing/output/CPG/cwe789_cpg/cwe789-1067-cpg-resolved.bin	tc1067_flow1	CWE789_Uncontrolled_Mem_Alloc__getParameter_Servlet_HashMap_68a.java	34	CWE789_Uncontrolled_Mem_Alloc__getParameter_Servlet_HashMap_68b.java	30
/home/swlab/Documents/swvul/java-vuln-detection/slicing/output/CPG/cwe789_cpg/cwe789-1067-cpg-resolved.bin	tc1067_flow2	CWE789_Uncontrolled_Mem_Alloc__getParameter_Servlet_HashMap_68a.java	60	CWE789_Uncontrolled_Mem_Alloc__getParameter_Servlet_HashMap_68b.java	40
/home/swlab/Documents/swvul/java-vuln-detection/slicing/output/CPG/cwe789_cpg/cwe789-1068-cpg-resolved.bin	tc1068_flow1	CWE789_Uncontrolled_Mem_Alloc__getParameter_Servlet_HashMap_71a.java	34	CWE789_Uncontrolled_Mem_Alloc__getParameter_Servlet_HashMap_71b.java	31
/home/swlab/Documents/swvul/java-vuln-detection/slicing/output/CPG/cwe789_cpg/cwe789-1068-cpg-resolved.bin	tc1068_flow2	CWE789_Uncontrolled_Mem_Alloc__getParameter_Servlet_HashMap_71a.java	61	CWE789_Uncontrolled_Mem_Alloc__getParameter_Servlet_HashMap_71b.java	41
/home/swlab/Documents/swvul/java-vuln-detection/slicing/output/CPG/cwe789_cpg/cwe789-1069-cpg-resolved.bin	tc1069_flow1	CWE789_Uncontrolled_Mem_Alloc__getParameter_Servlet_HashMap_72a.java	35	CWE789_Uncontrolled_Mem_Alloc__getParameter_Servlet_HashMap_72b.java	32
/home/swlab/Documents/swvul/java-vuln-detection/slicing/output/CPG/cwe789_cpg/cwe789-1069-cpg-resolved.bin	tc1069_flow2	CWE789_Uncontrolled_Mem_Alloc__getParameter_Servlet_HashMap_72a.java	66	CWE789_Uncontrolled_Mem_Alloc__getParameter_Servlet_HashMap_72b.java	42
/home/swlab/Documents/swvul/java-vuln-detection/slicing/output/CPG/cwe789_cpg/cwe789-1070-cpg-resolved.bin	tc1070_flow1	CWE789_Uncontrolled_Mem_Alloc__getParameter_Servlet_HashMap_73a.java	35	CWE789_Uncontrolled_Mem_Alloc__getParameter_Servlet_HashMap_73b.java	32
/home/swlab/Documents/swvul/java-vuln-detection/slicing/output/CPG/cwe789_cpg/cwe789-1070-cpg-resolved.bin	tc1070_flow2	CWE789_Uncontrolled_Mem_Alloc__getParameter_Servlet_HashMap_73a.java	66	CWE789_Uncontrolled_Mem_Alloc__getParameter_Servlet_HashMap_73b.java	42
/home/swlab/Documents/swvul/java-vuln-detection/slicing/output/CPG/cwe789_cpg/cwe789-1071-cpg-resolved.bin	tc1071_flow1	CWE789_Uncontrolled_Mem_Alloc__getParameter_Servlet_HashMap_74a.java	35	CWE789_Uncontrolled_Mem_Alloc__getParameter_Servlet_HashMap_74b.java	31
/home/swlab/Documents/swvul/java-vuln-detection/slicing/output/CPG/cwe789_cpg/cwe789-1071-cpg-resolved.bin	tc1071_flow2	CWE789_Uncontrolled_Mem_Alloc__getParameter_Servlet_HashMap_74a.java	66	CWE789_Uncontrolled_Mem_Alloc__getParameter_Servlet_HashMap_74b.java	41
/home/swlab/Documents/swvul/java-vuln-detection/slicing/output/CPG/cwe789_cpg/cwe789-1072-cpg-resolved.bin	tc1072_flow1	CWE789_Uncontrolled_Mem_Alloc__getParameter_Servlet_HashMap_75a.java	38	CWE789_Uncontrolled_Mem_Alloc__getParameter_Servlet_HashMap_75b.java	43
/home/swlab/Documents/swvul/java-vuln-detection/slicing/output/CPG/cwe789_cpg/cwe789-1072-cpg-resolved.bin	tc1072_flow2	CWE789_Uncontrolled_Mem_Alloc__getParameter_Servlet_HashMap_75a.java	107	CWE789_Uncontrolled_Mem_Alloc__getParameter_Servlet_HashMap_75b.java	97
/home/swlab/Documents/swvul/java-vuln-detection/slicing/output/CPG/cwe789_cpg/cwe789-1073-cpg-resolved.bin	tc1073_flow1	CWE789_Uncontrolled_Mem_Alloc__getParameter_Servlet_HashMap_81a.java	34	CWE789_Uncontrolled_Mem_Alloc__getParameter_Servlet_HashMap_81_bad.java	30
/home/swlab/Documents/swvul/java-vuln-detection/slicing/output/CPG/cwe789_cpg/cwe789-1073-cpg-resolved.bin	tc1073_flow2	CWE789_Uncontrolled_Mem_Alloc__getParameter_Servlet_HashMap_81a.java	62	CWE789_Uncontrolled_Mem_Alloc__getParameter_Servlet_HashMap_81_goodG2B.java	30
/home/swlab/Documents/swvul/java-vuln-detection/slicing/output/CPG/cwe789_cpg/cwe789-1074-cpg-resolved.bin	tc1074_flow1	CWE789_Uncontrolled_Mem_Alloc__getParameter_Servlet_HashSet_01.java	36	CWE789_Uncontrolled_Mem_Alloc__getParameter_Servlet_HashSet_01.java	50
/home/swlab/Documents/swvul/java-vuln-detection/slicing/output/CPG/cwe789_cpg/cwe789-1074-cpg-resolved.bin	tc1074_flow2	CWE789_Uncontrolled_Mem_Alloc__getParameter_Servlet_HashSet_01.java	65	CWE789_Uncontrolled_Mem_Alloc__getParameter_Servlet_HashSet_01.java	68
/home/swlab/Documents/swvul/java-vuln-detection/slicing/output/CPG/cwe789_cpg/cwe789-1075-cpg-resolved.bin	tc1075_flow1	CWE789_Uncontrolled_Mem_Alloc__getParameter_Servlet_HashSet_02.java	36	CWE789_Uncontrolled_Mem_Alloc__getParameter_Servlet_HashSet_02.java	56
/home/swlab/Documents/swvul/java-vuln-detection/slicing/output/CPG/cwe789_cpg/cwe789-1075-cpg-resolved.bin	tc1075_flow2	CWE789_Uncontrolled_Mem_Alloc__getParameter_Servlet_HashSet_02.java	74	CWE789_Uncontrolled_Mem_Alloc__getParameter_Servlet_HashSet_02.java	79
/home/swlab/Documents/swvul/java-vuln-detection/slicing/output/CPG/cwe789_cpg/cwe789-1075-cpg-resolved.bin	tc1075_flow3	CWE789_Uncontrolled_Mem_Alloc__getParameter_Servlet_HashSet_02.java	90	CWE789_Uncontrolled_Mem_Alloc__getParameter_Servlet_HashSet_02.java	100
/home/swlab/Documents/swvul/java-vuln-detection/slicing/output/CPG/cwe789_cpg/cwe789-1076-cpg-resolved.bin	tc1076_flow1	CWE789_Uncontrolled_Mem_Alloc__getParameter_Servlet_HashSet_03.java	36	CWE789_Uncontrolled_Mem_Alloc__getParameter_Servlet_HashSet_03.java	56
/home/swlab/Documents/swvul/java-vuln-detection/slicing/output/CPG/cwe789_cpg/cwe789-1076-cpg-resolved.bin	tc1076_flow2	CWE789_Uncontrolled_Mem_Alloc__getParameter_Servlet_HashSet_03.java	74	CWE789_Uncontrolled_Mem_Alloc__getParameter_Servlet_HashSet_03.java	79
/home/swlab/Documents/swvul/java-vuln-detection/slicing/output/CPG/cwe789_cpg/cwe789-1076-cpg-resolved.bin	tc1076_flow3	CWE789_Uncontrolled_Mem_Alloc__getParameter_Servlet_HashSet_03.java	90	CWE789_Uncontrolled_Mem_Alloc__getParameter_Servlet_HashSet_03.java	100
/home/swlab/Documents/swvul/java-vuln-detection/slicing/output/CPG/cwe789_cpg/cwe789-1077-cpg-resolved.bin	tc1077_flow1	CWE789_Uncontrolled_Mem_Alloc__getParameter_Servlet_HashSet_04.java	43	CWE789_Uncontrolled_Mem_Alloc__getParameter_Servlet_HashSet_04.java	63
/home/swlab/Documents/swvul/java-vuln-detection/slicing/output/CPG/cwe789_cpg/cwe789-1077-cpg-resolved.bin	tc1077_flow2	CWE789_Uncontrolled_Mem_Alloc__getParameter_Servlet_HashSet_04.java	81	CWE789_Uncontrolled_Mem_Alloc__getParameter_Servlet_HashSet_04.java	86
/home/swlab/Documents/swvul/java-vuln-detection/slicing/output/CPG/cwe789_cpg/cwe789-1077-cpg-resolved.bin	tc1077_flow3	CWE789_Uncontrolled_Mem_Alloc__getParameter_Servlet_HashSet_04.java	97	CWE789_Uncontrolled_Mem_Alloc__getParameter_Servlet_HashSet_04.java	107
/home/swlab/Documents/swvul/java-vuln-detection/slicing/output/CPG/cwe789_cpg/cwe789-1078-cpg-resolved.bin	tc1078_flow1	CWE789_Uncontrolled_Mem_Alloc__getParameter_Servlet_HashSet_05.java	43	CWE789_Uncontrolled_Mem_Alloc__getParameter_Servlet_HashSet_05.java	63
/home/swlab/Documents/swvul/java-vuln-detection/slicing/output/CPG/cwe789_cpg/cwe789-1078-cpg-resolved.bin	tc1078_flow2	CWE789_Uncontrolled_Mem_Alloc__getParameter_Servlet_HashSet_05.java	81	CWE789_Uncontrolled_Mem_Alloc__getParameter_Servlet_HashSet_05.java	86
/home/swlab/Documents/swvul/java-vuln-detection/slicing/output/CPG/cwe789_cpg/cwe789-1078-cpg-resolved.bin	tc1078_flow3	CWE789_Uncontrolled_Mem_Alloc__getParameter_Servlet_HashSet_05.java	97	CWE789_Uncontrolled_Mem_Alloc__getParameter_Servlet_HashSet_05.java	107
/home/swlab/Documents/swvul/java-vuln-detection/slicing/output/CPG/cwe789_cpg/cwe789-1079-cpg-resolved.bin	tc1079_flow1	CWE789_Uncontrolled_Mem_Alloc__getParameter_Servlet_HashSet_06.java	42	CWE789_Uncontrolled_Mem_Alloc__getParameter_Servlet_HashSet_06.java	62
/home/swlab/Documents/swvul/java-vuln-detection/slicing/output/CPG/cwe789_cpg/cwe789-1079-cpg-resolved.bin	tc1079_flow2	CWE789_Uncontrolled_Mem_Alloc__getParameter_Servlet_HashSet_06.java	80	CWE789_Uncontrolled_Mem_Alloc__getParameter_Servlet_HashSet_06.java	85
/home/swlab/Documents/swvul/java-vuln-detection/slicing/output/CPG/cwe789_cpg/cwe789-1079-cpg-resolved.bin	tc1079_flow3	CWE789_Uncontrolled_Mem_Alloc__getParameter_Servlet_HashSet_06.java	96	CWE789_Uncontrolled_Mem_Alloc__getParameter_Servlet_HashSet_06.java	106
/home/swlab/Documents/swvul/java-vuln-detection/slicing/output/CPG/cwe789_cpg/cwe789-1080-cpg-resolved.bin	tc1080_flow1	CWE789_Uncontrolled_Mem_Alloc__getParameter_Servlet_HashSet_07.java	42	CWE789_Uncontrolled_Mem_Alloc__getParameter_Servlet_HashSet_07.java	62
/home/swlab/Documents/swvul/java-vuln-detection/slicing/output/CPG/cwe789_cpg/cwe789-1080-cpg-resolved.bin	tc1080_flow2	CWE789_Uncontrolled_Mem_Alloc__getParameter_Servlet_HashSet_07.java	80	CWE789_Uncontrolled_Mem_Alloc__getParameter_Servlet_HashSet_07.java	85
/home/swlab/Documents/swvul/java-vuln-detection/slicing/output/CPG/cwe789_cpg/cwe789-1080-cpg-resolved.bin	tc1080_flow3	CWE789_Uncontrolled_Mem_Alloc__getParameter_Servlet_HashSet_07.java	96	CWE789_Uncontrolled_Mem_Alloc__getParameter_Servlet_HashSet_07.java	106
/home/swlab/Documents/swvul/java-vuln-detection/slicing/output/CPG/cwe789_cpg/cwe789-1081-cpg-resolved.bin	tc1081_flow1	CWE789_Uncontrolled_Mem_Alloc__getParameter_Servlet_HashSet_08.java	50	CWE789_Uncontrolled_Mem_Alloc__getParameter_Servlet_HashSet_08.java	70
/home/swlab/Documents/swvul/java-vuln-detection/slicing/output/CPG/cwe789_cpg/cwe789-1081-cpg-resolved.bin	tc1081_flow2	CWE789_Uncontrolled_Mem_Alloc__getParameter_Servlet_HashSet_08.java	88	CWE789_Uncontrolled_Mem_Alloc__getParameter_Servlet_HashSet_08.java	93
/home/swlab/Documents/swvul/java-vuln-detection/slicing/output/CPG/cwe789_cpg/cwe789-1081-cpg-resolved.bin	tc1081_flow3	CWE789_Uncontrolled_Mem_Alloc__getParameter_Servlet_HashSet_08.java	104	CWE789_Uncontrolled_Mem_Alloc__getParameter_Servlet_HashSet_08.java	114
/home/swlab/Documents/swvul/java-vuln-detection/slicing/output/CPG/cwe789_cpg/cwe789-1082-cpg-resolved.bin	tc1082_flow1	CWE789_Uncontrolled_Mem_Alloc__getParameter_Servlet_HashSet_09.java	36	CWE789_Uncontrolled_Mem_Alloc__getParameter_Servlet_HashSet_09.java	56
/home/swlab/Documents/swvul/java-vuln-detection/slicing/output/CPG/cwe789_cpg/cwe789-1082-cpg-resolved.bin	tc1082_flow2	CWE789_Uncontrolled_Mem_Alloc__getParameter_Servlet_HashSet_09.java	74	CWE789_Uncontrolled_Mem_Alloc__getParameter_Servlet_HashSet_09.java	79
/home/swlab/Documents/swvul/java-vuln-detection/slicing/output/CPG/cwe789_cpg/cwe789-1082-cpg-resolved.bin	tc1082_flow3	CWE789_Uncontrolled_Mem_Alloc__getParameter_Servlet_HashSet_09.java	90	CWE789_Uncontrolled_Mem_Alloc__getParameter_Servlet_HashSet_09.java	100
/home/swlab/Documents/swvul/java-vuln-detection/slicing/output/CPG/cwe789_cpg/cwe789-1083-cpg-resolved.bin	tc1083_flow1	CWE789_Uncontrolled_Mem_Alloc__getParameter_Servlet_HashSet_10.java	36	CWE789_Uncontrolled_Mem_Alloc__getParameter_Servlet_HashSet_10.java	56
/home/swlab/Documents/swvul/java-vuln-detection/slicing/output/CPG/cwe789_cpg/cwe789-1083-cpg-resolved.bin	tc1083_flow2	CWE789_Uncontrolled_Mem_Alloc__getParameter_Servlet_HashSet_10.java	74	CWE789_Uncontrolled_Mem_Alloc__getParameter_Servlet_HashSet_10.java	79
/home/swlab/Documents/swvul/java-vuln-detection/slicing/output/CPG/cwe789_cpg/cwe789-1083-cpg-resolved.bin	tc1083_flow3	CWE789_Uncontrolled_Mem_Alloc__getParameter_Servlet_HashSet_10.java	90	CWE789_Uncontrolled_Mem_Alloc__getParameter_Servlet_HashSet_10.java	100
/home/swlab/Documents/swvul/java-vuln-detection/slicing/output/CPG/cwe789_cpg/cwe789-1084-cpg-resolved.bin	tc1084_flow1	CWE789_Uncontrolled_Mem_Alloc__getParameter_Servlet_HashSet_11.java	36	CWE789_Uncontrolled_Mem_Alloc__getParameter_Servlet_HashSet_11.java	56
/home/swlab/Documents/swvul/java-vuln-detection/slicing/output/CPG/cwe789_cpg/cwe789-1084-cpg-resolved.bin	tc1084_flow2	CWE789_Uncontrolled_Mem_Alloc__getParameter_Servlet_HashSet_11.java	74	CWE789_Uncontrolled_Mem_Alloc__getParameter_Servlet_HashSet_11.java	79
/home/swlab/Documents/swvul/java-vuln-detection/slicing/output/CPG/cwe789_cpg/cwe789-1084-cpg-resolved.bin	tc1084_flow3	CWE789_Uncontrolled_Mem_Alloc__getParameter_Servlet_HashSet_11.java	90	CWE789_Uncontrolled_Mem_Alloc__getParameter_Servlet_HashSet_11.java	100
/home/swlab/Documents/swvul/java-vuln-detection/slicing/output/CPG/cwe789_cpg/cwe789-1085-cpg-resolved.bin	tc1085_flow1	CWE789_Uncontrolled_Mem_Alloc__getParameter_Servlet_HashSet_12.java	36	CWE789_Uncontrolled_Mem_Alloc__getParameter_Servlet_HashSet_12.java	57
/home/swlab/Documents/swvul/java-vuln-detection/slicing/output/CPG/cwe789_cpg/cwe789-1085-cpg-resolved.bin	tc1085_flow2	CWE789_Uncontrolled_Mem_Alloc__getParameter_Servlet_HashSet_12.java	69	CWE789_Uncontrolled_Mem_Alloc__getParameter_Servlet_HashSet_12.java	80
/home/swlab/Documents/swvul/java-vuln-detection/slicing/output/CPG/cwe789_cpg/cwe789-1086-cpg-resolved.bin	tc1086_flow1	CWE789_Uncontrolled_Mem_Alloc__getParameter_Servlet_HashSet_13.java	36	CWE789_Uncontrolled_Mem_Alloc__getParameter_Servlet_HashSet_13.java	56
/home/swlab/Documents/swvul/java-vuln-detection/slicing/output/CPG/cwe789_cpg/cwe789-1086-cpg-resolved.bin	tc1086_flow2	CWE789_Uncontrolled_Mem_Alloc__getParameter_Servlet_HashSet_13.java	74	CWE789_Uncontrolled_Mem_Alloc__getParameter_Servlet_HashSet_13.java	79
/home/swlab/Documents/swvul/java-vuln-detection/slicing/output/CPG/cwe789_cpg/cwe789-1086-cpg-resolved.bin	tc1086_flow3	CWE789_Uncontrolled_Mem_Alloc__getParameter_Servlet_HashSet_13.java	90	CWE789_Uncontrolled_Mem_Alloc__getParameter_Servlet_HashSet_13.java	100
/home/swlab/Documents/swvul/java-vuln-detection/slicing/output/CPG/cwe789_cpg/cwe789-1087-cpg-resolved.bin	tc1087_flow1	CWE789_Uncontrolled_Mem_Alloc__getParameter_Servlet_HashSet_14.java	36	CWE789_Uncontrolled_Mem_Alloc__getParameter_Servlet_HashSet_14.java	56
/home/swlab/Documents/swvul/java-vuln-detection/slicing/output/CPG/cwe789_cpg/cwe789-1087-cpg-resolved.bin	tc1087_flow2	CWE789_Uncontrolled_Mem_Alloc__getParameter_Servlet_HashSet_14.java	74	CWE789_Uncontrolled_Mem_Alloc__getParameter_Servlet_HashSet_14.java	79
/home/swlab/Documents/swvul/java-vuln-detection/slicing/output/CPG/cwe789_cpg/cwe789-1087-cpg-resolved.bin	tc1087_flow3	CWE789_Uncontrolled_Mem_Alloc__getParameter_Servlet_HashSet_14.java	90	CWE789_Uncontrolled_Mem_Alloc__getParameter_Servlet_HashSet_14.java	100
/home/swlab/Documents/swvul/java-vuln-detection/slicing/output/CPG/cwe789_cpg/cwe789-1088-cpg-resolved.bin	tc1088_flow1	CWE789_Uncontrolled_Mem_Alloc__getParameter_Servlet_HashSet_15.java	38	CWE789_Uncontrolled_Mem_Alloc__getParameter_Servlet_HashSet_15.java	58
/home/swlab/Documents/swvul/java-vuln-detection/slicing/output/CPG/cwe789_cpg/cwe789-1088-cpg-resolved.bin	tc1088_flow2	CWE789_Uncontrolled_Mem_Alloc__getParameter_Servlet_HashSet_15.java	76	CWE789_Uncontrolled_Mem_Alloc__getParameter_Servlet_HashSet_15.java	81
/home/swlab/Documents/swvul/java-vuln-detection/slicing/output/CPG/cwe789_cpg/cwe789-1088-cpg-resolved.bin	tc1088_flow3	CWE789_Uncontrolled_Mem_Alloc__getParameter_Servlet_HashSet_15.java	94	CWE789_Uncontrolled_Mem_Alloc__getParameter_Servlet_HashSet_15.java	104
/home/swlab/Documents/swvul/java-vuln-detection/slicing/output/CPG/cwe789_cpg/cwe789-1089-cpg-resolved.bin	tc1089_flow1	CWE789_Uncontrolled_Mem_Alloc__getParameter_Servlet_HashSet_16.java	37	CWE789_Uncontrolled_Mem_Alloc__getParameter_Servlet_HashSet_16.java	52
/home/swlab/Documents/swvul/java-vuln-detection/slicing/output/CPG/cwe789_cpg/cwe789-1089-cpg-resolved.bin	tc1089_flow2	CWE789_Uncontrolled_Mem_Alloc__getParameter_Servlet_HashSet_16.java	64	CWE789_Uncontrolled_Mem_Alloc__getParameter_Servlet_HashSet_16.java	69
/home/swlab/Documents/swvul/java-vuln-detection/slicing/output/CPG/cwe789_cpg/cwe789-1090-cpg-resolved.bin	tc1090_flow1	CWE789_Uncontrolled_Mem_Alloc__getParameter_Servlet_HashSet_17.java	36	CWE789_Uncontrolled_Mem_Alloc__getParameter_Servlet_HashSet_17.java	52
/home/swlab/Documents/swvul/java-vuln-detection/slicing/output/CPG/cwe789_cpg/cwe789-1090-cpg-resolved.bin	tc1090_flow2	CWE789_Uncontrolled_Mem_Alloc__getParameter_Servlet_HashSet_17.java	63	CWE789_Uncontrolled_Mem_Alloc__getParameter_Servlet_HashSet_17.java	68
/home/swlab/Documents/swvul/java-vuln-detection/slicing/output/CPG/cwe789_cpg/cwe789-1091-cpg-resolved.bin	tc1091_flow1	CWE789_Uncontrolled_Mem_Alloc__getParameter_Servlet_HashSet_21.java	52	CWE789_Uncontrolled_Mem_Alloc__getParameter_Servlet_HashSet_21.java	40
/home/swlab/Documents/swvul/java-vuln-detection/slicing/output/CPG/cwe789_cpg/cwe789-1091-cpg-resolved.bin	tc1091_flow2	CWE789_Uncontrolled_Mem_Alloc__getParameter_Servlet_HashSet_21.java	111	CWE789_Uncontrolled_Mem_Alloc__getParameter_Servlet_HashSet_21.java	93
/home/swlab/Documents/swvul/java-vuln-detection/slicing/output/CPG/cwe789_cpg/cwe789-1091-cpg-resolved.bin	tc1091_flow3	CWE789_Uncontrolled_Mem_Alloc__getParameter_Servlet_HashSet_21.java	138	CWE789_Uncontrolled_Mem_Alloc__getParameter_Servlet_HashSet_21.java	127
/home/swlab/Documents/swvul/java-vuln-detection/slicing/output/CPG/cwe789_cpg/cwe789-1092-cpg-resolved.bin	tc1092_flow1	CWE789_Uncontrolled_Mem_Alloc__getParameter_Servlet_HashSet_22b.java	35	CWE789_Uncontrolled_Mem_Alloc__getParameter_Servlet_HashSet_22a.java	38
/home/swlab/Documents/swvul/java-vuln-detection/slicing/output/CPG/cwe789_cpg/cwe789-1092-cpg-resolved.bin	tc1092_flow2	CWE789_Uncontrolled_Mem_Alloc__getParameter_Servlet_HashSet_22b.java	71	CWE789_Uncontrolled_Mem_Alloc__getParameter_Servlet_HashSet_22a.java	62
/home/swlab/Documents/swvul/java-vuln-detection/slicing/output/CPG/cwe789_cpg/cwe789-1092-cpg-resolved.bin	tc1092_flow3	CWE789_Uncontrolled_Mem_Alloc__getParameter_Servlet_HashSet_22b.java	86	CWE789_Uncontrolled_Mem_Alloc__getParameter_Servlet_HashSet_22a.java	75
/home/swlab/Documents/swvul/java-vuln-detection/slicing/output/CPG/cwe789_cpg/cwe789-1093-cpg-resolved.bin	tc1093_flow1	CWE789_Uncontrolled_Mem_Alloc__getParameter_Servlet_HashSet_31.java	39	CWE789_Uncontrolled_Mem_Alloc__getParameter_Servlet_HashSet_31.java	58
/home/swlab/Documents/swvul/java-vuln-detection/slicing/output/CPG/cwe789_cpg/cwe789-1093-cpg-resolved.bin	tc1093_flow2	CWE789_Uncontrolled_Mem_Alloc__getParameter_Servlet_HashSet_31.java	76	CWE789_Uncontrolled_Mem_Alloc__getParameter_Servlet_HashSet_31.java	84
/home/swlab/Documents/swvul/java-vuln-detection/slicing/output/CPG/cwe789_cpg/cwe789-1094-cpg-resolved.bin	tc1094_flow1	CWE789_Uncontrolled_Mem_Alloc__getParameter_Servlet_HashSet_41.java	43	CWE789_Uncontrolled_Mem_Alloc__getParameter_Servlet_HashSet_41.java	32
/home/swlab/Documents/swvul/java-vuln-detection/slicing/output/CPG/cwe789_cpg/cwe789-1094-cpg-resolved.bin	tc1094_flow2	CWE789_Uncontrolled_Mem_Alloc__getParameter_Servlet_HashSet_41.java	78	CWE789_Uncontrolled_Mem_Alloc__getParameter_Servlet_HashSet_41.java	68
/home/swlab/Documents/swvul/java-vuln-detection/slicing/output/CPG/cwe789_cpg/cwe789-1095-cpg-resolved.bin	tc1095_flow1	CWE789_Uncontrolled_Mem_Alloc__getParameter_Servlet_HashSet_42.java	35	CWE789_Uncontrolled_Mem_Alloc__getParameter_Servlet_HashSet_42.java	57
/home/swlab/Documents/swvul/java-vuln-detection/slicing/output/CPG/cwe789_cpg/cwe789-1095-cpg-resolved.bin	tc1095_flow2	CWE789_Uncontrolled_Mem_Alloc__getParameter_Servlet_HashSet_42.java	66	CWE789_Uncontrolled_Mem_Alloc__getParameter_Servlet_HashSet_42.java	77
/home/swlab/Documents/swvul/java-vuln-detection/slicing/output/CPG/cwe789_cpg/cwe789-1096-cpg-resolved.bin	tc1096_flow1	CWE789_Uncontrolled_Mem_Alloc__getParameter_Servlet_HashSet_45.java	49	CWE789_Uncontrolled_Mem_Alloc__getParameter_Servlet_HashSet_45.java	37
/home/swlab/Documents/swvul/java-vuln-detection/slicing/output/CPG/cwe789_cpg/cwe789-1096-cpg-resolved.bin	tc1096_flow2	CWE789_Uncontrolled_Mem_Alloc__getParameter_Servlet_HashSet_45.java	86	CWE789_Uncontrolled_Mem_Alloc__getParameter_Servlet_HashSet_45.java	76
/home/swlab/Documents/swvul/java-vuln-detection/slicing/output/CPG/cwe789_cpg/cwe789-1097-cpg-resolved.bin	tc1097_flow1	CWE789_Uncontrolled_Mem_Alloc__getParameter_Servlet_HashSet_51a.java	33	CWE789_Uncontrolled_Mem_Alloc__getParameter_Servlet_HashSet_51b.java	29
/home/swlab/Documents/swvul/java-vuln-detection/slicing/output/CPG/cwe789_cpg/cwe789-1097-cpg-resolved.bin	tc1097_flow2	CWE789_Uncontrolled_Mem_Alloc__getParameter_Servlet_HashSet_51a.java	60	CWE789_Uncontrolled_Mem_Alloc__getParameter_Servlet_HashSet_51b.java	38
/home/swlab/Documents/swvul/java-vuln-detection/slicing/output/CPG/cwe789_cpg/cwe789-1098-cpg-resolved.bin	tc1098_flow1	CWE789_Uncontrolled_Mem_Alloc__getParameter_Servlet_HashSet_52a.java	34	CWE789_Uncontrolled_Mem_Alloc__getParameter_Servlet_HashSet_52c.java	30
/home/swlab/Documents/swvul/java-vuln-detection/slicing/output/CPG/cwe789_cpg/cwe789-1098-cpg-resolved.bin	tc1098_flow2	CWE789_Uncontrolled_Mem_Alloc__getParameter_Servlet_HashSet_52a.java	61	CWE789_Uncontrolled_Mem_Alloc__getParameter_Servlet_HashSet_52c.java	39
/home/swlab/Documents/swvul/java-vuln-detection/slicing/output/CPG/cwe789_cpg/cwe789-1099-cpg-resolved.bin	tc1099_flow1	CWE789_Uncontrolled_Mem_Alloc__getParameter_Servlet_HashSet_53a.java	34	CWE789_Uncontrolled_Mem_Alloc__getParameter_Servlet_HashSet_53d.java	30
/home/swlab/Documents/swvul/java-vuln-detection/slicing/output/CPG/cwe789_cpg/cwe789-1099-cpg-resolved.bin	tc1099_flow2	CWE789_Uncontrolled_Mem_Alloc__getParameter_Servlet_HashSet_53a.java	61	CWE789_Uncontrolled_Mem_Alloc__getParameter_Servlet_HashSet_53d.java	39
/home/swlab/Documents/swvul/java-vuln-detection/slicing/output/CPG/cwe789_cpg/cwe789-1100-cpg-resolved.bin	tc1100_flow1	CWE789_Uncontrolled_Mem_Alloc__getParameter_Servlet_HashSet_54a.java	34	CWE789_Uncontrolled_Mem_Alloc__getParameter_Servlet_HashSet_54e.java	30
/home/swlab/Documents/swvul/java-vuln-detection/slicing/output/CPG/cwe789_cpg/cwe789-1100-cpg-resolved.bin	tc1100_flow2	CWE789_Uncontrolled_Mem_Alloc__getParameter_Servlet_HashSet_54a.java	61	CWE789_Uncontrolled_Mem_Alloc__getParameter_Servlet_HashSet_54e.java	39
/home/swlab/Documents/swvul/java-vuln-detection/slicing/output/CPG/cwe789_cpg/cwe789-1101-cpg-resolved.bin	tc1101_flow1	CWE789_Uncontrolled_Mem_Alloc__getParameter_Servlet_HashSet_61b.java	34	CWE789_Uncontrolled_Mem_Alloc__getParameter_Servlet_HashSet_61a.java	31
/home/swlab/Documents/swvul/java-vuln-detection/slicing/output/CPG/cwe789_cpg/cwe789-1101-cpg-resolved.bin	tc1101_flow2	CWE789_Uncontrolled_Mem_Alloc__getParameter_Servlet_HashSet_61b.java	56	CWE789_Uncontrolled_Mem_Alloc__getParameter_Servlet_HashSet_61a.java	46
/home/swlab/Documents/swvul/java-vuln-detection/slicing/output/CPG/cwe789_cpg/cwe789-1102-cpg-resolved.bin	tc1102_flow1	CWE789_Uncontrolled_Mem_Alloc__getParameter_Servlet_HashSet_66a.java	34	CWE789_Uncontrolled_Mem_Alloc__getParameter_Servlet_HashSet_66b.java	31
/home/swlab/Documents/swvul/java-vuln-detection/slicing/output/CPG/cwe789_cpg/cwe789-1102-cpg-resolved.bin	tc1102_flow2	CWE789_Uncontrolled_Mem_Alloc__getParameter_Servlet_HashSet_66a.java	63	CWE789_Uncontrolled_Mem_Alloc__getParameter_Servlet_HashSet_66b.java	41
/home/swlab/Documents/swvul/java-vuln-detection/slicing/output/CPG/cwe789_cpg/cwe789-1103-cpg-resolved.bin	tc1103_flow1	CWE789_Uncontrolled_Mem_Alloc__getParameter_Servlet_HashSet_67a.java	39	CWE789_Uncontrolled_Mem_Alloc__getParameter_Servlet_HashSet_67b.java	31
/home/swlab/Documents/swvul/java-vuln-detection/slicing/output/CPG/cwe789_cpg/cwe789-1103-cpg-resolved.bin	tc1103_flow2	CWE789_Uncontrolled_Mem_Alloc__getParameter_Servlet_HashSet_67a.java	68	CWE789_Uncontrolled_Mem_Alloc__getParameter_Servlet_HashSet_67b.java	41
/home/swlab/Documents/swvul/java-vuln-detection/slicing/output/CPG/cwe789_cpg/cwe789-1104-cpg-resolved.bin	tc1104_flow1	CWE789_Uncontrolled_Mem_Alloc__getParameter_Servlet_HashSet_68a.java	34	CWE789_Uncontrolled_Mem_Alloc__getParameter_Servlet_HashSet_68b.java	30
/home/swlab/Documents/swvul/java-vuln-detection/slicing/output/CPG/cwe789_cpg/cwe789-1104-cpg-resolved.bin	tc1104_flow2	CWE789_Uncontrolled_Mem_Alloc__getParameter_Servlet_HashSet_68a.java	60	CWE789_Uncontrolled_Mem_Alloc__getParameter_Servlet_HashSet_68b.java	40
/home/swlab/Documents/swvul/java-vuln-detection/slicing/output/CPG/cwe789_cpg/cwe789-1105-cpg-resolved.bin	tc1105_flow1	CWE789_Uncontrolled_Mem_Alloc__getParameter_Servlet_HashSet_71a.java	34	CWE789_Uncontrolled_Mem_Alloc__getParameter_Servlet_HashSet_71b.java	31
/home/swlab/Documents/swvul/java-vuln-detection/slicing/output/CPG/cwe789_cpg/cwe789-1105-cpg-resolved.bin	tc1105_flow2	CWE789_Uncontrolled_Mem_Alloc__getParameter_Servlet_HashSet_71a.java	61	CWE789_Uncontrolled_Mem_Alloc__getParameter_Servlet_HashSet_71b.java	41
/home/swlab/Documents/swvul/java-vuln-detection/slicing/output/CPG/cwe789_cpg/cwe789-1106-cpg-resolved.bin	tc1106_flow1	CWE789_Uncontrolled_Mem_Alloc__getParameter_Servlet_HashSet_72a.java	35	CWE789_Uncontrolled_Mem_Alloc__getParameter_Servlet_HashSet_72b.java	32
/home/swlab/Documents/swvul/java-vuln-detection/slicing/output/CPG/cwe789_cpg/cwe789-1106-cpg-resolved.bin	tc1106_flow2	CWE789_Uncontrolled_Mem_Alloc__getParameter_Servlet_HashSet_72a.java	66	CWE789_Uncontrolled_Mem_Alloc__getParameter_Servlet_HashSet_72b.java	42
/home/swlab/Documents/swvul/java-vuln-detection/slicing/output/CPG/cwe789_cpg/cwe789-1107-cpg-resolved.bin	tc1107_flow1	CWE789_Uncontrolled_Mem_Alloc__getParameter_Servlet_HashSet_73a.java	35	CWE789_Uncontrolled_Mem_Alloc__getParameter_Servlet_HashSet_73b.java	32
/home/swlab/Documents/swvul/java-vuln-detection/slicing/output/CPG/cwe789_cpg/cwe789-1107-cpg-resolved.bin	tc1107_flow2	CWE789_Uncontrolled_Mem_Alloc__getParameter_Servlet_HashSet_73a.java	66	CWE789_Uncontrolled_Mem_Alloc__getParameter_Servlet_HashSet_73b.java	42
/home/swlab/Documents/swvul/java-vuln-detection/slicing/output/CPG/cwe789_cpg/cwe789-1108-cpg-resolved.bin	tc1108_flow1	CWE789_Uncontrolled_Mem_Alloc__getParameter_Servlet_HashSet_74a.java	35	CWE789_Uncontrolled_Mem_Alloc__getParameter_Servlet_HashSet_74b.java	32
/home/swlab/Documents/swvul/java-vuln-detection/slicing/output/CPG/cwe789_cpg/cwe789-1108-cpg-resolved.bin	tc1108_flow2	CWE789_Uncontrolled_Mem_Alloc__getParameter_Servlet_HashSet_74a.java	66	CWE789_Uncontrolled_Mem_Alloc__getParameter_Servlet_HashSet_74b.java	42
/home/swlab/Documents/swvul/java-vuln-detection/slicing/output/CPG/cwe789_cpg/cwe789-1109-cpg-resolved.bin	tc1109_flow1	CWE789_Uncontrolled_Mem_Alloc__getParameter_Servlet_HashSet_75a.java	38	CWE789_Uncontrolled_Mem_Alloc__getParameter_Servlet_HashSet_75b.java	43
/home/swlab/Documents/swvul/java-vuln-detection/slicing/output/CPG/cwe789_cpg/cwe789-1109-cpg-resolved.bin	tc1109_flow2	CWE789_Uncontrolled_Mem_Alloc__getParameter_Servlet_HashSet_75a.java	107	CWE789_Uncontrolled_Mem_Alloc__getParameter_Servlet_HashSet_75b.java	97
/home/swlab/Documents/swvul/java-vuln-detection/slicing/output/CPG/cwe789_cpg/cwe789-1110-cpg-resolved.bin	tc1110_flow1	CWE789_Uncontrolled_Mem_Alloc__getParameter_Servlet_HashSet_81a.java	34	CWE789_Uncontrolled_Mem_Alloc__getParameter_Servlet_HashSet_81_bad.java	30
/home/swlab/Documents/swvul/java-vuln-detection/slicing/output/CPG/cwe789_cpg/cwe789-1110-cpg-resolved.bin	tc1110_flow2	CWE789_Uncontrolled_Mem_Alloc__getParameter_Servlet_HashSet_81a.java	62	CWE789_Uncontrolled_Mem_Alloc__getParameter_Servlet_HashSet_81_goodG2B.java	30
/home/swlab/Documents/swvul/java-vuln-detection/slicing/output/CPG/cwe789_cpg/cwe789-1111-cpg-resolved.bin	tc1111_flow1	CWE789_Uncontrolled_Mem_Alloc__getQueryString_Servlet_ArrayList_01.java	37	CWE789_Uncontrolled_Mem_Alloc__getQueryString_Servlet_ArrayList_01.java	59
/home/swlab/Documents/swvul/java-vuln-detection/slicing/output/CPG/cwe789_cpg/cwe789-1111-cpg-resolved.bin	tc1111_flow2	CWE789_Uncontrolled_Mem_Alloc__getQueryString_Servlet_ArrayList_01.java	74	CWE789_Uncontrolled_Mem_Alloc__getQueryString_Servlet_ArrayList_01.java	77
/home/swlab/Documents/swvul/java-vuln-detection/slicing/output/CPG/cwe789_cpg/cwe789-1112-cpg-resolved.bin	tc1112_flow1	CWE789_Uncontrolled_Mem_Alloc__getQueryString_Servlet_ArrayList_02.java	37	CWE789_Uncontrolled_Mem_Alloc__getQueryString_Servlet_ArrayList_02.java	65
/home/swlab/Documents/swvul/java-vuln-detection/slicing/output/CPG/cwe789_cpg/cwe789-1112-cpg-resolved.bin	tc1112_flow2	CWE789_Uncontrolled_Mem_Alloc__getQueryString_Servlet_ArrayList_02.java	83	CWE789_Uncontrolled_Mem_Alloc__getQueryString_Servlet_ArrayList_02.java	88
/home/swlab/Documents/swvul/java-vuln-detection/slicing/output/CPG/cwe789_cpg/cwe789-1112-cpg-resolved.bin	tc1112_flow3	CWE789_Uncontrolled_Mem_Alloc__getQueryString_Servlet_ArrayList_02.java	99	CWE789_Uncontrolled_Mem_Alloc__getQueryString_Servlet_ArrayList_02.java	109
/home/swlab/Documents/swvul/java-vuln-detection/slicing/output/CPG/cwe789_cpg/cwe789-1113-cpg-resolved.bin	tc1113_flow1	CWE789_Uncontrolled_Mem_Alloc__getQueryString_Servlet_ArrayList_03.java	37	CWE789_Uncontrolled_Mem_Alloc__getQueryString_Servlet_ArrayList_03.java	65
/home/swlab/Documents/swvul/java-vuln-detection/slicing/output/CPG/cwe789_cpg/cwe789-1113-cpg-resolved.bin	tc1113_flow2	CWE789_Uncontrolled_Mem_Alloc__getQueryString_Servlet_ArrayList_03.java	83	CWE789_Uncontrolled_Mem_Alloc__getQueryString_Servlet_ArrayList_03.java	88
/home/swlab/Documents/swvul/java-vuln-detection/slicing/output/CPG/cwe789_cpg/cwe789-1113-cpg-resolved.bin	tc1113_flow3	CWE789_Uncontrolled_Mem_Alloc__getQueryString_Servlet_ArrayList_03.java	99	CWE789_Uncontrolled_Mem_Alloc__getQueryString_Servlet_ArrayList_03.java	109
/home/swlab/Documents/swvul/java-vuln-detection/slicing/output/CPG/cwe789_cpg/cwe789-1114-cpg-resolved.bin	tc1114_flow1	CWE789_Uncontrolled_Mem_Alloc__getQueryString_Servlet_ArrayList_04.java	44	CWE789_Uncontrolled_Mem_Alloc__getQueryString_Servlet_ArrayList_04.java	72
/home/swlab/Documents/swvul/java-vuln-detection/slicing/output/CPG/cwe789_cpg/cwe789-1114-cpg-resolved.bin	tc1114_flow2	CWE789_Uncontrolled_Mem_Alloc__getQueryString_Servlet_ArrayList_04.java	90	CWE789_Uncontrolled_Mem_Alloc__getQueryString_Servlet_ArrayList_04.java	95
/home/swlab/Documents/swvul/java-vuln-detection/slicing/output/CPG/cwe789_cpg/cwe789-1114-cpg-resolved.bin	tc1114_flow3	CWE789_Uncontrolled_Mem_Alloc__getQueryString_Servlet_ArrayList_04.java	106	CWE789_Uncontrolled_Mem_Alloc__getQueryString_Servlet_ArrayList_04.java	116
/home/swlab/Documents/swvul/java-vuln-detection/slicing/output/CPG/cwe789_cpg/cwe789-1115-cpg-resolved.bin	tc1115_flow1	CWE789_Uncontrolled_Mem_Alloc__getQueryString_Servlet_ArrayList_05.java	44	CWE789_Uncontrolled_Mem_Alloc__getQueryString_Servlet_ArrayList_05.java	72
/home/swlab/Documents/swvul/java-vuln-detection/slicing/output/CPG/cwe789_cpg/cwe789-1115-cpg-resolved.bin	tc1115_flow2	CWE789_Uncontrolled_Mem_Alloc__getQueryString_Servlet_ArrayList_05.java	90	CWE789_Uncontrolled_Mem_Alloc__getQueryString_Servlet_ArrayList_05.java	95
/home/swlab/Documents/swvul/java-vuln-detection/slicing/output/CPG/cwe789_cpg/cwe789-1115-cpg-resolved.bin	tc1115_flow3	CWE789_Uncontrolled_Mem_Alloc__getQueryString_Servlet_ArrayList_05.java	106	CWE789_Uncontrolled_Mem_Alloc__getQueryString_Servlet_ArrayList_05.java	116
/home/swlab/Documents/swvul/java-vuln-detection/slicing/output/CPG/cwe789_cpg/cwe789-1116-cpg-resolved.bin	tc1116_flow1	CWE789_Uncontrolled_Mem_Alloc__getQueryString_Servlet_ArrayList_06.java	43	CWE789_Uncontrolled_Mem_Alloc__getQueryString_Servlet_ArrayList_06.java	71
/home/swlab/Documents/swvul/java-vuln-detection/slicing/output/CPG/cwe789_cpg/cwe789-1116-cpg-resolved.bin	tc1116_flow2	CWE789_Uncontrolled_Mem_Alloc__getQueryString_Servlet_ArrayList_06.java	89	CWE789_Uncontrolled_Mem_Alloc__getQueryString_Servlet_ArrayList_06.java	94
/home/swlab/Documents/swvul/java-vuln-detection/slicing/output/CPG/cwe789_cpg/cwe789-1116-cpg-resolved.bin	tc1116_flow3	CWE789_Uncontrolled_Mem_Alloc__getQueryString_Servlet_ArrayList_06.java	105	CWE789_Uncontrolled_Mem_Alloc__getQueryString_Servlet_ArrayList_06.java	115
/home/swlab/Documents/swvul/java-vuln-detection/slicing/output/CPG/cwe789_cpg/cwe789-1117-cpg-resolved.bin	tc1117_flow1	CWE789_Uncontrolled_Mem_Alloc__getQueryString_Servlet_ArrayList_07.java	43	CWE789_Uncontrolled_Mem_Alloc__getQueryString_Servlet_ArrayList_07.java	71
/home/swlab/Documents/swvul/java-vuln-detection/slicing/output/CPG/cwe789_cpg/cwe789-1117-cpg-resolved.bin	tc1117_flow2	CWE789_Uncontrolled_Mem_Alloc__getQueryString_Servlet_ArrayList_07.java	89	CWE789_Uncontrolled_Mem_Alloc__getQueryString_Servlet_ArrayList_07.java	94
/home/swlab/Documents/swvul/java-vuln-detection/slicing/output/CPG/cwe789_cpg/cwe789-1117-cpg-resolved.bin	tc1117_flow3	CWE789_Uncontrolled_Mem_Alloc__getQueryString_Servlet_ArrayList_07.java	105	CWE789_Uncontrolled_Mem_Alloc__getQueryString_Servlet_ArrayList_07.java	115
/home/swlab/Documents/swvul/java-vuln-detection/slicing/output/CPG/cwe789_cpg/cwe789-1118-cpg-resolved.bin	tc1118_flow1	CWE789_Uncontrolled_Mem_Alloc__getQueryString_Servlet_ArrayList_08.java	51	CWE789_Uncontrolled_Mem_Alloc__getQueryString_Servlet_ArrayList_08.java	79
/home/swlab/Documents/swvul/java-vuln-detection/slicing/output/CPG/cwe789_cpg/cwe789-1118-cpg-resolved.bin	tc1118_flow2	CWE789_Uncontrolled_Mem_Alloc__getQueryString_Servlet_ArrayList_08.java	97	CWE789_Uncontrolled_Mem_Alloc__getQueryString_Servlet_ArrayList_08.java	102
/home/swlab/Documents/swvul/java-vuln-detection/slicing/output/CPG/cwe789_cpg/cwe789-1118-cpg-resolved.bin	tc1118_flow3	CWE789_Uncontrolled_Mem_Alloc__getQueryString_Servlet_ArrayList_08.java	113	CWE789_Uncontrolled_Mem_Alloc__getQueryString_Servlet_ArrayList_08.java	123
/home/swlab/Documents/swvul/java-vuln-detection/slicing/output/CPG/cwe789_cpg/cwe789-1119-cpg-resolved.bin	tc1119_flow1	CWE789_Uncontrolled_Mem_Alloc__getQueryString_Servlet_ArrayList_09.java	37	CWE789_Uncontrolled_Mem_Alloc__getQueryString_Servlet_ArrayList_09.java	65
/home/swlab/Documents/swvul/java-vuln-detection/slicing/output/CPG/cwe789_cpg/cwe789-1119-cpg-resolved.bin	tc1119_flow2	CWE789_Uncontrolled_Mem_Alloc__getQueryString_Servlet_ArrayList_09.java	83	CWE789_Uncontrolled_Mem_Alloc__getQueryString_Servlet_ArrayList_09.java	88
/home/swlab/Documents/swvul/java-vuln-detection/slicing/output/CPG/cwe789_cpg/cwe789-1119-cpg-resolved.bin	tc1119_flow3	CWE789_Uncontrolled_Mem_Alloc__getQueryString_Servlet_ArrayList_09.java	99	CWE789_Uncontrolled_Mem_Alloc__getQueryString_Servlet_ArrayList_09.java	109
/home/swlab/Documents/swvul/java-vuln-detection/slicing/output/CPG/cwe789_cpg/cwe789-1120-cpg-resolved.bin	tc1120_flow1	CWE789_Uncontrolled_Mem_Alloc__getQueryString_Servlet_ArrayList_10.java	37	CWE789_Uncontrolled_Mem_Alloc__getQueryString_Servlet_ArrayList_10.java	65
/home/swlab/Documents/swvul/java-vuln-detection/slicing/output/CPG/cwe789_cpg/cwe789-1120-cpg-resolved.bin	tc1120_flow2	CWE789_Uncontrolled_Mem_Alloc__getQueryString_Servlet_ArrayList_10.java	83	CWE789_Uncontrolled_Mem_Alloc__getQueryString_Servlet_ArrayList_10.java	88
/home/swlab/Documents/swvul/java-vuln-detection/slicing/output/CPG/cwe789_cpg/cwe789-1120-cpg-resolved.bin	tc1120_flow3	CWE789_Uncontrolled_Mem_Alloc__getQueryString_Servlet_ArrayList_10.java	99	CWE789_Uncontrolled_Mem_Alloc__getQueryString_Servlet_ArrayList_10.java	109
/home/swlab/Documents/swvul/java-vuln-detection/slicing/output/CPG/cwe789_cpg/cwe789-1121-cpg-resolved.bin	tc1121_flow1	CWE789_Uncontrolled_Mem_Alloc__getQueryString_Servlet_ArrayList_11.java	37	CWE789_Uncontrolled_Mem_Alloc__getQueryString_Servlet_ArrayList_11.java	65
/home/swlab/Documents/swvul/java-vuln-detection/slicing/output/CPG/cwe789_cpg/cwe789-1121-cpg-resolved.bin	tc1121_flow2	CWE789_Uncontrolled_Mem_Alloc__getQueryString_Servlet_ArrayList_11.java	83	CWE789_Uncontrolled_Mem_Alloc__getQueryString_Servlet_ArrayList_11.java	88
/home/swlab/Documents/swvul/java-vuln-detection/slicing/output/CPG/cwe789_cpg/cwe789-1121-cpg-resolved.bin	tc1121_flow3	CWE789_Uncontrolled_Mem_Alloc__getQueryString_Servlet_ArrayList_11.java	99	CWE789_Uncontrolled_Mem_Alloc__getQueryString_Servlet_ArrayList_11.java	109
/home/swlab/Documents/swvul/java-vuln-detection/slicing/output/CPG/cwe789_cpg/cwe789-1122-cpg-resolved.bin	tc1122_flow1	CWE789_Uncontrolled_Mem_Alloc__getQueryString_Servlet_ArrayList_12.java	37	CWE789_Uncontrolled_Mem_Alloc__getQueryString_Servlet_ArrayList_12.java	66
/home/swlab/Documents/swvul/java-vuln-detection/slicing/output/CPG/cwe789_cpg/cwe789-1122-cpg-resolved.bin	tc1122_flow2	CWE789_Uncontrolled_Mem_Alloc__getQueryString_Servlet_ArrayList_12.java	78	CWE789_Uncontrolled_Mem_Alloc__getQueryString_Servlet_ArrayList_12.java	89
/home/swlab/Documents/swvul/java-vuln-detection/slicing/output/CPG/cwe789_cpg/cwe789-1123-cpg-resolved.bin	tc1123_flow1	CWE789_Uncontrolled_Mem_Alloc__getQueryString_Servlet_ArrayList_13.java	37	CWE789_Uncontrolled_Mem_Alloc__getQueryString_Servlet_ArrayList_13.java	65
/home/swlab/Documents/swvul/java-vuln-detection/slicing/output/CPG/cwe789_cpg/cwe789-1123-cpg-resolved.bin	tc1123_flow2	CWE789_Uncontrolled_Mem_Alloc__getQueryString_Servlet_ArrayList_13.java	83	CWE789_Uncontrolled_Mem_Alloc__getQueryString_Servlet_ArrayList_13.java	88
/home/swlab/Documents/swvul/java-vuln-detection/slicing/output/CPG/cwe789_cpg/cwe789-1123-cpg-resolved.bin	tc1123_flow3	CWE789_Uncontrolled_Mem_Alloc__getQueryString_Servlet_ArrayList_13.java	99	CWE789_Uncontrolled_Mem_Alloc__getQueryString_Servlet_ArrayList_13.java	109
/home/swlab/Documents/swvul/java-vuln-detection/slicing/output/CPG/cwe789_cpg/cwe789-1124-cpg-resolved.bin	tc1124_flow1	CWE789_Uncontrolled_Mem_Alloc__getQueryString_Servlet_ArrayList_14.java	37	CWE789_Uncontrolled_Mem_Alloc__getQueryString_Servlet_ArrayList_14.java	65
/home/swlab/Documents/swvul/java-vuln-detection/slicing/output/CPG/cwe789_cpg/cwe789-1124-cpg-resolved.bin	tc1124_flow2	CWE789_Uncontrolled_Mem_Alloc__getQueryString_Servlet_ArrayList_14.java	83	CWE789_Uncontrolled_Mem_Alloc__getQueryString_Servlet_ArrayList_14.java	88
/home/swlab/Documents/swvul/java-vuln-detection/slicing/output/CPG/cwe789_cpg/cwe789-1124-cpg-resolved.bin	tc1124_flow3	CWE789_Uncontrolled_Mem_Alloc__getQueryString_Servlet_ArrayList_14.java	99	CWE789_Uncontrolled_Mem_Alloc__getQueryString_Servlet_ArrayList_14.java	109
/home/swlab/Documents/swvul/java-vuln-detection/slicing/output/CPG/cwe789_cpg/cwe789-1125-cpg-resolved.bin	tc1125_flow1	CWE789_Uncontrolled_Mem_Alloc__getQueryString_Servlet_ArrayList_15.java	39	CWE789_Uncontrolled_Mem_Alloc__getQueryString_Servlet_ArrayList_15.java	67
/home/swlab/Documents/swvul/java-vuln-detection/slicing/output/CPG/cwe789_cpg/cwe789-1125-cpg-resolved.bin	tc1125_flow2	CWE789_Uncontrolled_Mem_Alloc__getQueryString_Servlet_ArrayList_15.java	85	CWE789_Uncontrolled_Mem_Alloc__getQueryString_Servlet_ArrayList_15.java	90
/home/swlab/Documents/swvul/java-vuln-detection/slicing/output/CPG/cwe789_cpg/cwe789-1125-cpg-resolved.bin	tc1125_flow3	CWE789_Uncontrolled_Mem_Alloc__getQueryString_Servlet_ArrayList_15.java	103	CWE789_Uncontrolled_Mem_Alloc__getQueryString_Servlet_ArrayList_15.java	113
/home/swlab/Documents/swvul/java-vuln-detection/slicing/output/CPG/cwe789_cpg/cwe789-1126-cpg-resolved.bin	tc1126_flow1	CWE789_Uncontrolled_Mem_Alloc__getQueryString_Servlet_ArrayList_16.java	38	CWE789_Uncontrolled_Mem_Alloc__getQueryString_Servlet_ArrayList_16.java	61
/home/swlab/Documents/swvul/java-vuln-detection/slicing/output/CPG/cwe789_cpg/cwe789-1126-cpg-resolved.bin	tc1126_flow2	CWE789_Uncontrolled_Mem_Alloc__getQueryString_Servlet_ArrayList_16.java	73	CWE789_Uncontrolled_Mem_Alloc__getQueryString_Servlet_ArrayList_16.java	78
/home/swlab/Documents/swvul/java-vuln-detection/slicing/output/CPG/cwe789_cpg/cwe789-1127-cpg-resolved.bin	tc1127_flow1	CWE789_Uncontrolled_Mem_Alloc__getQueryString_Servlet_ArrayList_17.java	37	CWE789_Uncontrolled_Mem_Alloc__getQueryString_Servlet_ArrayList_17.java	61
/home/swlab/Documents/swvul/java-vuln-detection/slicing/output/CPG/cwe789_cpg/cwe789-1127-cpg-resolved.bin	tc1127_flow2	CWE789_Uncontrolled_Mem_Alloc__getQueryString_Servlet_ArrayList_17.java	72	CWE789_Uncontrolled_Mem_Alloc__getQueryString_Servlet_ArrayList_17.java	77
/home/swlab/Documents/swvul/java-vuln-detection/slicing/output/CPG/cwe789_cpg/cwe789-1128-cpg-resolved.bin	tc1128_flow1	CWE789_Uncontrolled_Mem_Alloc__getQueryString_Servlet_ArrayList_21.java	53	CWE789_Uncontrolled_Mem_Alloc__getQueryString_Servlet_ArrayList_21.java	41
/home/swlab/Documents/swvul/java-vuln-detection/slicing/output/CPG/cwe789_cpg/cwe789-1128-cpg-resolved.bin	tc1128_flow2	CWE789_Uncontrolled_Mem_Alloc__getQueryString_Servlet_ArrayList_21.java	120	CWE789_Uncontrolled_Mem_Alloc__getQueryString_Servlet_ArrayList_21.java	102
/home/swlab/Documents/swvul/java-vuln-detection/slicing/output/CPG/cwe789_cpg/cwe789-1128-cpg-resolved.bin	tc1128_flow3	CWE789_Uncontrolled_Mem_Alloc__getQueryString_Servlet_ArrayList_21.java	147	CWE789_Uncontrolled_Mem_Alloc__getQueryString_Servlet_ArrayList_21.java	136
/home/swlab/Documents/swvul/java-vuln-detection/slicing/output/CPG/cwe789_cpg/cwe789-1129-cpg-resolved.bin	tc1129_flow1	CWE789_Uncontrolled_Mem_Alloc__getQueryString_Servlet_ArrayList_22b.java	36	CWE789_Uncontrolled_Mem_Alloc__getQueryString_Servlet_ArrayList_22a.java	38
/home/swlab/Documents/swvul/java-vuln-detection/slicing/output/CPG/cwe789_cpg/cwe789-1129-cpg-resolved.bin	tc1129_flow2	CWE789_Uncontrolled_Mem_Alloc__getQueryString_Servlet_ArrayList_22b.java	80	CWE789_Uncontrolled_Mem_Alloc__getQueryString_Servlet_ArrayList_22a.java	62
/home/swlab/Documents/swvul/java-vuln-detection/slicing/output/CPG/cwe789_cpg/cwe789-1129-cpg-resolved.bin	tc1129_flow3	CWE789_Uncontrolled_Mem_Alloc__getQueryString_Servlet_ArrayList_22b.java	95	CWE789_Uncontrolled_Mem_Alloc__getQueryString_Servlet_ArrayList_22a.java	75
/home/swlab/Documents/swvul/java-vuln-detection/slicing/output/CPG/cwe789_cpg/cwe789-1130-cpg-resolved.bin	tc1130_flow1	CWE789_Uncontrolled_Mem_Alloc__getQueryString_Servlet_ArrayList_31.java	40	CWE789_Uncontrolled_Mem_Alloc__getQueryString_Servlet_ArrayList_31.java	67
/home/swlab/Documents/swvul/java-vuln-detection/slicing/output/CPG/cwe789_cpg/cwe789-1130-cpg-resolved.bin	tc1130_flow2	CWE789_Uncontrolled_Mem_Alloc__getQueryString_Servlet_ArrayList_31.java	85	CWE789_Uncontrolled_Mem_Alloc__getQueryString_Servlet_ArrayList_31.java	93
/home/swlab/Documents/swvul/java-vuln-detection/slicing/output/CPG/cwe789_cpg/cwe789-1131-cpg-resolved.bin	tc1131_flow1	CWE789_Uncontrolled_Mem_Alloc__getQueryString_Servlet_ArrayList_41.java	44	CWE789_Uncontrolled_Mem_Alloc__getQueryString_Servlet_ArrayList_41.java	33
/home/swlab/Documents/swvul/java-vuln-detection/slicing/output/CPG/cwe789_cpg/cwe789-1131-cpg-resolved.bin	tc1131_flow2	CWE789_Uncontrolled_Mem_Alloc__getQueryString_Servlet_ArrayList_41.java	87	CWE789_Uncontrolled_Mem_Alloc__getQueryString_Servlet_ArrayList_41.java	77
/home/swlab/Documents/swvul/java-vuln-detection/slicing/output/CPG/cwe789_cpg/cwe789-1132-cpg-resolved.bin	tc1132_flow1	CWE789_Uncontrolled_Mem_Alloc__getQueryString_Servlet_ArrayList_42.java	36	CWE789_Uncontrolled_Mem_Alloc__getQueryString_Servlet_ArrayList_42.java	66
/home/swlab/Documents/swvul/java-vuln-detection/slicing/output/CPG/cwe789_cpg/cwe789-1132-cpg-resolved.bin	tc1132_flow2	CWE789_Uncontrolled_Mem_Alloc__getQueryString_Servlet_ArrayList_42.java	75	CWE789_Uncontrolled_Mem_Alloc__getQueryString_Servlet_ArrayList_42.java	86
/home/swlab/Documents/swvul/java-vuln-detection/slicing/output/CPG/cwe789_cpg/cwe789-1133-cpg-resolved.bin	tc1133_flow1	CWE789_Uncontrolled_Mem_Alloc__getQueryString_Servlet_ArrayList_45.java	50	CWE789_Uncontrolled_Mem_Alloc__getQueryString_Servlet_ArrayList_45.java	38
/home/swlab/Documents/swvul/java-vuln-detection/slicing/output/CPG/cwe789_cpg/cwe789-1133-cpg-resolved.bin	tc1133_flow2	CWE789_Uncontrolled_Mem_Alloc__getQueryString_Servlet_ArrayList_45.java	95	CWE789_Uncontrolled_Mem_Alloc__getQueryString_Servlet_ArrayList_45.java	85
/home/swlab/Documents/swvul/java-vuln-detection/slicing/output/CPG/cwe789_cpg/cwe789-1134-cpg-resolved.bin	tc1134_flow1	CWE789_Uncontrolled_Mem_Alloc__getQueryString_Servlet_ArrayList_51a.java	34	CWE789_Uncontrolled_Mem_Alloc__getQueryString_Servlet_ArrayList_51b.java	29
/home/swlab/Documents/swvul/java-vuln-detection/slicing/output/CPG/cwe789_cpg/cwe789-1134-cpg-resolved.bin	tc1134_flow2	CWE789_Uncontrolled_Mem_Alloc__getQueryString_Servlet_ArrayList_51a.java	69	CWE789_Uncontrolled_Mem_Alloc__getQueryString_Servlet_ArrayList_51b.java	38
/home/swlab/Documents/swvul/java-vuln-detection/slicing/output/CPG/cwe789_cpg/cwe789-1135-cpg-resolved.bin	tc1135_flow1	CWE789_Uncontrolled_Mem_Alloc__getQueryString_Servlet_ArrayList_52a.java	35	CWE789_Uncontrolled_Mem_Alloc__getQueryString_Servlet_ArrayList_52c.java	30
/home/swlab/Documents/swvul/java-vuln-detection/slicing/output/CPG/cwe789_cpg/cwe789-1135-cpg-resolved.bin	tc1135_flow2	CWE789_Uncontrolled_Mem_Alloc__getQueryString_Servlet_ArrayList_52a.java	70	CWE789_Uncontrolled_Mem_Alloc__getQueryString_Servlet_ArrayList_52c.java	39
/home/swlab/Documents/swvul/java-vuln-detection/slicing/output/CPG/cwe789_cpg/cwe789-1136-cpg-resolved.bin	tc1136_flow1	CWE789_Uncontrolled_Mem_Alloc__getQueryString_Servlet_ArrayList_53a.java	35	CWE789_Uncontrolled_Mem_Alloc__getQueryString_Servlet_ArrayList_53d.java	30
/home/swlab/Documents/swvul/java-vuln-detection/slicing/output/CPG/cwe789_cpg/cwe789-1136-cpg-resolved.bin	tc1136_flow2	CWE789_Uncontrolled_Mem_Alloc__getQueryString_Servlet_ArrayList_53a.java	70	CWE789_Uncontrolled_Mem_Alloc__getQueryString_Servlet_ArrayList_53d.java	39
/home/swlab/Documents/swvul/java-vuln-detection/slicing/output/CPG/cwe789_cpg/cwe789-1137-cpg-resolved.bin	tc1137_flow1	CWE789_Uncontrolled_Mem_Alloc__getQueryString_Servlet_ArrayList_54a.java	35	CWE789_Uncontrolled_Mem_Alloc__getQueryString_Servlet_ArrayList_54e.java	30
/home/swlab/Documents/swvul/java-vuln-detection/slicing/output/CPG/cwe789_cpg/cwe789-1137-cpg-resolved.bin	tc1137_flow2	CWE789_Uncontrolled_Mem_Alloc__getQueryString_Servlet_ArrayList_54a.java	70	CWE789_Uncontrolled_Mem_Alloc__getQueryString_Servlet_ArrayList_54e.java	39
/home/swlab/Documents/swvul/java-vuln-detection/slicing/output/CPG/cwe789_cpg/cwe789-1138-cpg-resolved.bin	tc1138_flow1	CWE789_Uncontrolled_Mem_Alloc__getQueryString_Servlet_ArrayList_61b.java	35	CWE789_Uncontrolled_Mem_Alloc__getQueryString_Servlet_ArrayList_61a.java	31
/home/swlab/Documents/swvul/java-vuln-detection/slicing/output/CPG/cwe789_cpg/cwe789-1138-cpg-resolved.bin	tc1138_flow2	CWE789_Uncontrolled_Mem_Alloc__getQueryString_Servlet_ArrayList_61b.java	65	CWE789_Uncontrolled_Mem_Alloc__getQueryString_Servlet_ArrayList_61a.java	46
/home/swlab/Documents/swvul/java-vuln-detection/slicing/output/CPG/cwe789_cpg/cwe789-1139-cpg-resolved.bin	tc1139_flow1	CWE789_Uncontrolled_Mem_Alloc__getQueryString_Servlet_ArrayList_66a.java	35	CWE789_Uncontrolled_Mem_Alloc__getQueryString_Servlet_ArrayList_66b.java	31
/home/swlab/Documents/swvul/java-vuln-detection/slicing/output/CPG/cwe789_cpg/cwe789-1139-cpg-resolved.bin	tc1139_flow2	CWE789_Uncontrolled_Mem_Alloc__getQueryString_Servlet_ArrayList_66a.java	72	CWE789_Uncontrolled_Mem_Alloc__getQueryString_Servlet_ArrayList_66b.java	41
/home/swlab/Documents/swvul/java-vuln-detection/slicing/output/CPG/cwe789_cpg/cwe789-1140-cpg-resolved.bin	tc1140_flow1	CWE789_Uncontrolled_Mem_Alloc__getQueryString_Servlet_ArrayList_67a.java	40	CWE789_Uncontrolled_Mem_Alloc__getQueryString_Servlet_ArrayList_67b.java	31
/home/swlab/Documents/swvul/java-vuln-detection/slicing/output/CPG/cwe789_cpg/cwe789-1140-cpg-resolved.bin	tc1140_flow2	CWE789_Uncontrolled_Mem_Alloc__getQueryString_Servlet_ArrayList_67a.java	77	CWE789_Uncontrolled_Mem_Alloc__getQueryString_Servlet_ArrayList_67b.java	41
/home/swlab/Documents/swvul/java-vuln-detection/slicing/output/CPG/cwe789_cpg/cwe789-1141-cpg-resolved.bin	tc1141_flow1	CWE789_Uncontrolled_Mem_Alloc__getQueryString_Servlet_ArrayList_68a.java	35	CWE789_Uncontrolled_Mem_Alloc__getQueryString_Servlet_ArrayList_68b.java	30
/home/swlab/Documents/swvul/java-vuln-detection/slicing/output/CPG/cwe789_cpg/cwe789-1141-cpg-resolved.bin	tc1141_flow2	CWE789_Uncontrolled_Mem_Alloc__getQueryString_Servlet_ArrayList_68a.java	69	CWE789_Uncontrolled_Mem_Alloc__getQueryString_Servlet_ArrayList_68b.java	40
/home/swlab/Documents/swvul/java-vuln-detection/slicing/output/CPG/cwe789_cpg/cwe789-1142-cpg-resolved.bin	tc1142_flow1	CWE789_Uncontrolled_Mem_Alloc__getQueryString_Servlet_ArrayList_71a.java	35	CWE789_Uncontrolled_Mem_Alloc__getQueryString_Servlet_ArrayList_71b.java	31
/home/swlab/Documents/swvul/java-vuln-detection/slicing/output/CPG/cwe789_cpg/cwe789-1142-cpg-resolved.bin	tc1142_flow2	CWE789_Uncontrolled_Mem_Alloc__getQueryString_Servlet_ArrayList_71a.java	70	CWE789_Uncontrolled_Mem_Alloc__getQueryString_Servlet_ArrayList_71b.java	41
/home/swlab/Documents/swvul/java-vuln-detection/slicing/output/CPG/cwe789_cpg/cwe789-1143-cpg-resolved.bin	tc1143_flow1	CWE789_Uncontrolled_Mem_Alloc__getQueryString_Servlet_ArrayList_72a.java	36	CWE789_Uncontrolled_Mem_Alloc__getQueryString_Servlet_ArrayList_72b.java	32
/home/swlab/Documents/swvul/java-vuln-detection/slicing/output/CPG/cwe789_cpg/cwe789-1143-cpg-resolved.bin	tc1143_flow2	CWE789_Uncontrolled_Mem_Alloc__getQueryString_Servlet_ArrayList_72a.java	75	CWE789_Uncontrolled_Mem_Alloc__getQueryString_Servlet_ArrayList_72b.java	42
/home/swlab/Documents/swvul/java-vuln-detection/slicing/output/CPG/cwe789_cpg/cwe789-1144-cpg-resolved.bin	tc1144_flow1	CWE789_Uncontrolled_Mem_Alloc__getQueryString_Servlet_ArrayList_73a.java	36	CWE789_Uncontrolled_Mem_Alloc__getQueryString_Servlet_ArrayList_73b.java	32
/home/swlab/Documents/swvul/java-vuln-detection/slicing/output/CPG/cwe789_cpg/cwe789-1144-cpg-resolved.bin	tc1144_flow2	CWE789_Uncontrolled_Mem_Alloc__getQueryString_Servlet_ArrayList_73a.java	75	CWE789_Uncontrolled_Mem_Alloc__getQueryString_Servlet_ArrayList_73b.java	42
/home/swlab/Documents/swvul/java-vuln-detection/slicing/output/CPG/cwe789_cpg/cwe789-1145-cpg-resolved.bin	tc1145_flow1	CWE789_Uncontrolled_Mem_Alloc__getQueryString_Servlet_ArrayList_74a.java	36	CWE789_Uncontrolled_Mem_Alloc__getQueryString_Servlet_ArrayList_74b.java	32
/home/swlab/Documents/swvul/java-vuln-detection/slicing/output/CPG/cwe789_cpg/cwe789-1145-cpg-resolved.bin	tc1145_flow2	CWE789_Uncontrolled_Mem_Alloc__getQueryString_Servlet_ArrayList_74a.java	75	CWE789_Uncontrolled_Mem_Alloc__getQueryString_Servlet_ArrayList_74b.java	42
/home/swlab/Documents/swvul/java-vuln-detection/slicing/output/CPG/cwe789_cpg/cwe789-1146-cpg-resolved.bin	tc1146_flow1	CWE789_Uncontrolled_Mem_Alloc__getQueryString_Servlet_ArrayList_75a.java	39	CWE789_Uncontrolled_Mem_Alloc__getQueryString_Servlet_ArrayList_75b.java	43
/home/swlab/Documents/swvul/java-vuln-detection/slicing/output/CPG/cwe789_cpg/cwe789-1146-cpg-resolved.bin	tc1146_flow2	CWE789_Uncontrolled_Mem_Alloc__getQueryString_Servlet_ArrayList_75a.java	116	CWE789_Uncontrolled_Mem_Alloc__getQueryString_Servlet_ArrayList_75b.java	97
/home/swlab/Documents/swvul/java-vuln-detection/slicing/output/CPG/cwe789_cpg/cwe789-1147-cpg-resolved.bin	tc1147_flow1	CWE789_Uncontrolled_Mem_Alloc__getQueryString_Servlet_ArrayList_81a.java	35	CWE789_Uncontrolled_Mem_Alloc__getQueryString_Servlet_ArrayList_81_bad.java	30
/home/swlab/Documents/swvul/java-vuln-detection/slicing/output/CPG/cwe789_cpg/cwe789-1147-cpg-resolved.bin	tc1147_flow2	CWE789_Uncontrolled_Mem_Alloc__getQueryString_Servlet_ArrayList_81a.java	71	CWE789_Uncontrolled_Mem_Alloc__getQueryString_Servlet_ArrayList_81_goodG2B.java	30
/home/swlab/Documents/swvul/java-vuln-detection/slicing/output/CPG/cwe789_cpg/cwe789-1148-cpg-resolved.bin	tc1148_flow1	CWE789_Uncontrolled_Mem_Alloc__getQueryString_Servlet_HashMap_01.java	37	CWE789_Uncontrolled_Mem_Alloc__getQueryString_Servlet_HashMap_01.java	59
/home/swlab/Documents/swvul/java-vuln-detection/slicing/output/CPG/cwe789_cpg/cwe789-1148-cpg-resolved.bin	tc1148_flow2	CWE789_Uncontrolled_Mem_Alloc__getQueryString_Servlet_HashMap_01.java	74	CWE789_Uncontrolled_Mem_Alloc__getQueryString_Servlet_HashMap_01.java	77
/home/swlab/Documents/swvul/java-vuln-detection/slicing/output/CPG/cwe789_cpg/cwe789-1149-cpg-resolved.bin	tc1149_flow1	CWE789_Uncontrolled_Mem_Alloc__getQueryString_Servlet_HashMap_02.java	37	CWE789_Uncontrolled_Mem_Alloc__getQueryString_Servlet_HashMap_02.java	65
/home/swlab/Documents/swvul/java-vuln-detection/slicing/output/CPG/cwe789_cpg/cwe789-1149-cpg-resolved.bin	tc1149_flow2	CWE789_Uncontrolled_Mem_Alloc__getQueryString_Servlet_HashMap_02.java	83	CWE789_Uncontrolled_Mem_Alloc__getQueryString_Servlet_HashMap_02.java	88
/home/swlab/Documents/swvul/java-vuln-detection/slicing/output/CPG/cwe789_cpg/cwe789-1149-cpg-resolved.bin	tc1149_flow3	CWE789_Uncontrolled_Mem_Alloc__getQueryString_Servlet_HashMap_02.java	99	CWE789_Uncontrolled_Mem_Alloc__getQueryString_Servlet_HashMap_02.java	109
/home/swlab/Documents/swvul/java-vuln-detection/slicing/output/CPG/cwe789_cpg/cwe789-1150-cpg-resolved.bin	tc1150_flow1	CWE789_Uncontrolled_Mem_Alloc__getQueryString_Servlet_HashMap_03.java	37	CWE789_Uncontrolled_Mem_Alloc__getQueryString_Servlet_HashMap_03.java	65
/home/swlab/Documents/swvul/java-vuln-detection/slicing/output/CPG/cwe789_cpg/cwe789-1150-cpg-resolved.bin	tc1150_flow2	CWE789_Uncontrolled_Mem_Alloc__getQueryString_Servlet_HashMap_03.java	83	CWE789_Uncontrolled_Mem_Alloc__getQueryString_Servlet_HashMap_03.java	88
/home/swlab/Documents/swvul/java-vuln-detection/slicing/output/CPG/cwe789_cpg/cwe789-1150-cpg-resolved.bin	tc1150_flow3	CWE789_Uncontrolled_Mem_Alloc__getQueryString_Servlet_HashMap_03.java	99	CWE789_Uncontrolled_Mem_Alloc__getQueryString_Servlet_HashMap_03.java	109
/home/swlab/Documents/swvul/java-vuln-detection/slicing/output/CPG/cwe789_cpg/cwe789-1151-cpg-resolved.bin	tc1151_flow1	CWE789_Uncontrolled_Mem_Alloc__getQueryString_Servlet_HashMap_04.java	44	CWE789_Uncontrolled_Mem_Alloc__getQueryString_Servlet_HashMap_04.java	72
/home/swlab/Documents/swvul/java-vuln-detection/slicing/output/CPG/cwe789_cpg/cwe789-1151-cpg-resolved.bin	tc1151_flow2	CWE789_Uncontrolled_Mem_Alloc__getQueryString_Servlet_HashMap_04.java	90	CWE789_Uncontrolled_Mem_Alloc__getQueryString_Servlet_HashMap_04.java	95
/home/swlab/Documents/swvul/java-vuln-detection/slicing/output/CPG/cwe789_cpg/cwe789-1151-cpg-resolved.bin	tc1151_flow3	CWE789_Uncontrolled_Mem_Alloc__getQueryString_Servlet_HashMap_04.java	106	CWE789_Uncontrolled_Mem_Alloc__getQueryString_Servlet_HashMap_04.java	116
/home/swlab/Documents/swvul/java-vuln-detection/slicing/output/CPG/cwe789_cpg/cwe789-1152-cpg-resolved.bin	tc1152_flow1	CWE789_Uncontrolled_Mem_Alloc__getQueryString_Servlet_HashMap_05.java	44	CWE789_Uncontrolled_Mem_Alloc__getQueryString_Servlet_HashMap_05.java	72
/home/swlab/Documents/swvul/java-vuln-detection/slicing/output/CPG/cwe789_cpg/cwe789-1152-cpg-resolved.bin	tc1152_flow2	CWE789_Uncontrolled_Mem_Alloc__getQueryString_Servlet_HashMap_05.java	90	CWE789_Uncontrolled_Mem_Alloc__getQueryString_Servlet_HashMap_05.java	95
/home/swlab/Documents/swvul/java-vuln-detection/slicing/output/CPG/cwe789_cpg/cwe789-1152-cpg-resolved.bin	tc1152_flow3	CWE789_Uncontrolled_Mem_Alloc__getQueryString_Servlet_HashMap_05.java	106	CWE789_Uncontrolled_Mem_Alloc__getQueryString_Servlet_HashMap_05.java	116
/home/swlab/Documents/swvul/java-vuln-detection/slicing/output/CPG/cwe789_cpg/cwe789-1153-cpg-resolved.bin	tc1153_flow1	CWE789_Uncontrolled_Mem_Alloc__getQueryString_Servlet_HashMap_06.java	43	CWE789_Uncontrolled_Mem_Alloc__getQueryString_Servlet_HashMap_06.java	71
/home/swlab/Documents/swvul/java-vuln-detection/slicing/output/CPG/cwe789_cpg/cwe789-1153-cpg-resolved.bin	tc1153_flow2	CWE789_Uncontrolled_Mem_Alloc__getQueryString_Servlet_HashMap_06.java	89	CWE789_Uncontrolled_Mem_Alloc__getQueryString_Servlet_HashMap_06.java	94
/home/swlab/Documents/swvul/java-vuln-detection/slicing/output/CPG/cwe789_cpg/cwe789-1153-cpg-resolved.bin	tc1153_flow3	CWE789_Uncontrolled_Mem_Alloc__getQueryString_Servlet_HashMap_06.java	105	CWE789_Uncontrolled_Mem_Alloc__getQueryString_Servlet_HashMap_06.java	115
/home/swlab/Documents/swvul/java-vuln-detection/slicing/output/CPG/cwe789_cpg/cwe789-1154-cpg-resolved.bin	tc1154_flow1	CWE789_Uncontrolled_Mem_Alloc__getQueryString_Servlet_HashMap_07.java	43	CWE789_Uncontrolled_Mem_Alloc__getQueryString_Servlet_HashMap_07.java	71
/home/swlab/Documents/swvul/java-vuln-detection/slicing/output/CPG/cwe789_cpg/cwe789-1154-cpg-resolved.bin	tc1154_flow2	CWE789_Uncontrolled_Mem_Alloc__getQueryString_Servlet_HashMap_07.java	89	CWE789_Uncontrolled_Mem_Alloc__getQueryString_Servlet_HashMap_07.java	94
/home/swlab/Documents/swvul/java-vuln-detection/slicing/output/CPG/cwe789_cpg/cwe789-1154-cpg-resolved.bin	tc1154_flow3	CWE789_Uncontrolled_Mem_Alloc__getQueryString_Servlet_HashMap_07.java	105	CWE789_Uncontrolled_Mem_Alloc__getQueryString_Servlet_HashMap_07.java	115
/home/swlab/Documents/swvul/java-vuln-detection/slicing/output/CPG/cwe789_cpg/cwe789-1155-cpg-resolved.bin	tc1155_flow1	CWE789_Uncontrolled_Mem_Alloc__getQueryString_Servlet_HashMap_08.java	51	CWE789_Uncontrolled_Mem_Alloc__getQueryString_Servlet_HashMap_08.java	79
/home/swlab/Documents/swvul/java-vuln-detection/slicing/output/CPG/cwe789_cpg/cwe789-1155-cpg-resolved.bin	tc1155_flow2	CWE789_Uncontrolled_Mem_Alloc__getQueryString_Servlet_HashMap_08.java	97	CWE789_Uncontrolled_Mem_Alloc__getQueryString_Servlet_HashMap_08.java	102
/home/swlab/Documents/swvul/java-vuln-detection/slicing/output/CPG/cwe789_cpg/cwe789-1155-cpg-resolved.bin	tc1155_flow3	CWE789_Uncontrolled_Mem_Alloc__getQueryString_Servlet_HashMap_08.java	113	CWE789_Uncontrolled_Mem_Alloc__getQueryString_Servlet_HashMap_08.java	123
/home/swlab/Documents/swvul/java-vuln-detection/slicing/output/CPG/cwe789_cpg/cwe789-1156-cpg-resolved.bin	tc1156_flow1	CWE789_Uncontrolled_Mem_Alloc__getQueryString_Servlet_HashMap_09.java	37	CWE789_Uncontrolled_Mem_Alloc__getQueryString_Servlet_HashMap_09.java	65
/home/swlab/Documents/swvul/java-vuln-detection/slicing/output/CPG/cwe789_cpg/cwe789-1156-cpg-resolved.bin	tc1156_flow2	CWE789_Uncontrolled_Mem_Alloc__getQueryString_Servlet_HashMap_09.java	83	CWE789_Uncontrolled_Mem_Alloc__getQueryString_Servlet_HashMap_09.java	88
/home/swlab/Documents/swvul/java-vuln-detection/slicing/output/CPG/cwe789_cpg/cwe789-1156-cpg-resolved.bin	tc1156_flow3	CWE789_Uncontrolled_Mem_Alloc__getQueryString_Servlet_HashMap_09.java	99	CWE789_Uncontrolled_Mem_Alloc__getQueryString_Servlet_HashMap_09.java	109
/home/swlab/Documents/swvul/java-vuln-detection/slicing/output/CPG/cwe789_cpg/cwe789-1157-cpg-resolved.bin	tc1157_flow1	CWE789_Uncontrolled_Mem_Alloc__getQueryString_Servlet_HashMap_10.java	37	CWE789_Uncontrolled_Mem_Alloc__getQueryString_Servlet_HashMap_10.java	65
/home/swlab/Documents/swvul/java-vuln-detection/slicing/output/CPG/cwe789_cpg/cwe789-1157-cpg-resolved.bin	tc1157_flow2	CWE789_Uncontrolled_Mem_Alloc__getQueryString_Servlet_HashMap_10.java	83	CWE789_Uncontrolled_Mem_Alloc__getQueryString_Servlet_HashMap_10.java	88
/home/swlab/Documents/swvul/java-vuln-detection/slicing/output/CPG/cwe789_cpg/cwe789-1157-cpg-resolved.bin	tc1157_flow3	CWE789_Uncontrolled_Mem_Alloc__getQueryString_Servlet_HashMap_10.java	99	CWE789_Uncontrolled_Mem_Alloc__getQueryString_Servlet_HashMap_10.java	109
/home/swlab/Documents/swvul/java-vuln-detection/slicing/output/CPG/cwe789_cpg/cwe789-1158-cpg-resolved.bin	tc1158_flow1	CWE789_Uncontrolled_Mem_Alloc__getQueryString_Servlet_HashMap_11.java	37	CWE789_Uncontrolled_Mem_Alloc__getQueryString_Servlet_HashMap_11.java	65
/home/swlab/Documents/swvul/java-vuln-detection/slicing/output/CPG/cwe789_cpg/cwe789-1158-cpg-resolved.bin	tc1158_flow2	CWE789_Uncontrolled_Mem_Alloc__getQueryString_Servlet_HashMap_11.java	83	CWE789_Uncontrolled_Mem_Alloc__getQueryString_Servlet_HashMap_11.java	88
/home/swlab/Documents/swvul/java-vuln-detection/slicing/output/CPG/cwe789_cpg/cwe789-1158-cpg-resolved.bin	tc1158_flow3	CWE789_Uncontrolled_Mem_Alloc__getQueryString_Servlet_HashMap_11.java	99	CWE789_Uncontrolled_Mem_Alloc__getQueryString_Servlet_HashMap_11.java	109
/home/swlab/Documents/swvul/java-vuln-detection/slicing/output/CPG/cwe789_cpg/cwe789-1159-cpg-resolved.bin	tc1159_flow1	CWE789_Uncontrolled_Mem_Alloc__getQueryString_Servlet_HashMap_12.java	37	CWE789_Uncontrolled_Mem_Alloc__getQueryString_Servlet_HashMap_12.java	66
/home/swlab/Documents/swvul/java-vuln-detection/slicing/output/CPG/cwe789_cpg/cwe789-1159-cpg-resolved.bin	tc1159_flow2	CWE789_Uncontrolled_Mem_Alloc__getQueryString_Servlet_HashMap_12.java	78	CWE789_Uncontrolled_Mem_Alloc__getQueryString_Servlet_HashMap_12.java	89
/home/swlab/Documents/swvul/java-vuln-detection/slicing/output/CPG/cwe789_cpg/cwe789-1160-cpg-resolved.bin	tc1160_flow1	CWE789_Uncontrolled_Mem_Alloc__getQueryString_Servlet_HashMap_13.java	37	CWE789_Uncontrolled_Mem_Alloc__getQueryString_Servlet_HashMap_13.java	65
/home/swlab/Documents/swvul/java-vuln-detection/slicing/output/CPG/cwe789_cpg/cwe789-1160-cpg-resolved.bin	tc1160_flow2	CWE789_Uncontrolled_Mem_Alloc__getQueryString_Servlet_HashMap_13.java	83	CWE789_Uncontrolled_Mem_Alloc__getQueryString_Servlet_HashMap_13.java	88
/home/swlab/Documents/swvul/java-vuln-detection/slicing/output/CPG/cwe789_cpg/cwe789-1160-cpg-resolved.bin	tc1160_flow3	CWE789_Uncontrolled_Mem_Alloc__getQueryString_Servlet_HashMap_13.java	99	CWE789_Uncontrolled_Mem_Alloc__getQueryString_Servlet_HashMap_13.java	109
/home/swlab/Documents/swvul/java-vuln-detection/slicing/output/CPG/cwe789_cpg/cwe789-1161-cpg-resolved.bin	tc1161_flow1	CWE789_Uncontrolled_Mem_Alloc__getQueryString_Servlet_HashMap_14.java	37	CWE789_Uncontrolled_Mem_Alloc__getQueryString_Servlet_HashMap_14.java	65
/home/swlab/Documents/swvul/java-vuln-detection/slicing/output/CPG/cwe789_cpg/cwe789-1161-cpg-resolved.bin	tc1161_flow2	CWE789_Uncontrolled_Mem_Alloc__getQueryString_Servlet_HashMap_14.java	83	CWE789_Uncontrolled_Mem_Alloc__getQueryString_Servlet_HashMap_14.java	88
/home/swlab/Documents/swvul/java-vuln-detection/slicing/output/CPG/cwe789_cpg/cwe789-1161-cpg-resolved.bin	tc1161_flow3	CWE789_Uncontrolled_Mem_Alloc__getQueryString_Servlet_HashMap_14.java	99	CWE789_Uncontrolled_Mem_Alloc__getQueryString_Servlet_HashMap_14.java	109
/home/swlab/Documents/swvul/java-vuln-detection/slicing/output/CPG/cwe789_cpg/cwe789-1162-cpg-resolved.bin	tc1162_flow1	CWE789_Uncontrolled_Mem_Alloc__getQueryString_Servlet_HashMap_15.java	39	CWE789_Uncontrolled_Mem_Alloc__getQueryString_Servlet_HashMap_15.java	67
/home/swlab/Documents/swvul/java-vuln-detection/slicing/output/CPG/cwe789_cpg/cwe789-1162-cpg-resolved.bin	tc1162_flow2	CWE789_Uncontrolled_Mem_Alloc__getQueryString_Servlet_HashMap_15.java	85	CWE789_Uncontrolled_Mem_Alloc__getQueryString_Servlet_HashMap_15.java	90
/home/swlab/Documents/swvul/java-vuln-detection/slicing/output/CPG/cwe789_cpg/cwe789-1162-cpg-resolved.bin	tc1162_flow3	CWE789_Uncontrolled_Mem_Alloc__getQueryString_Servlet_HashMap_15.java	103	CWE789_Uncontrolled_Mem_Alloc__getQueryString_Servlet_HashMap_15.java	113
/home/swlab/Documents/swvul/java-vuln-detection/slicing/output/CPG/cwe789_cpg/cwe789-1163-cpg-resolved.bin	tc1163_flow1	CWE789_Uncontrolled_Mem_Alloc__getQueryString_Servlet_HashMap_16.java	38	CWE789_Uncontrolled_Mem_Alloc__getQueryString_Servlet_HashMap_16.java	61
/home/swlab/Documents/swvul/java-vuln-detection/slicing/output/CPG/cwe789_cpg/cwe789-1163-cpg-resolved.bin	tc1163_flow2	CWE789_Uncontrolled_Mem_Alloc__getQueryString_Servlet_HashMap_16.java	73	CWE789_Uncontrolled_Mem_Alloc__getQueryString_Servlet_HashMap_16.java	78
/home/swlab/Documents/swvul/java-vuln-detection/slicing/output/CPG/cwe789_cpg/cwe789-1164-cpg-resolved.bin	tc1164_flow1	CWE789_Uncontrolled_Mem_Alloc__getQueryString_Servlet_HashMap_17.java	37	CWE789_Uncontrolled_Mem_Alloc__getQueryString_Servlet_HashMap_17.java	61
/home/swlab/Documents/swvul/java-vuln-detection/slicing/output/CPG/cwe789_cpg/cwe789-1164-cpg-resolved.bin	tc1164_flow2	CWE789_Uncontrolled_Mem_Alloc__getQueryString_Servlet_HashMap_17.java	72	CWE789_Uncontrolled_Mem_Alloc__getQueryString_Servlet_HashMap_17.java	77
/home/swlab/Documents/swvul/java-vuln-detection/slicing/output/CPG/cwe789_cpg/cwe789-1165-cpg-resolved.bin	tc1165_flow1	CWE789_Uncontrolled_Mem_Alloc__getQueryString_Servlet_HashMap_21.java	53	CWE789_Uncontrolled_Mem_Alloc__getQueryString_Servlet_HashMap_21.java	41
/home/swlab/Documents/swvul/java-vuln-detection/slicing/output/CPG/cwe789_cpg/cwe789-1165-cpg-resolved.bin	tc1165_flow2	CWE789_Uncontrolled_Mem_Alloc__getQueryString_Servlet_HashMap_21.java	120	CWE789_Uncontrolled_Mem_Alloc__getQueryString_Servlet_HashMap_21.java	102
/home/swlab/Documents/swvul/java-vuln-detection/slicing/output/CPG/cwe789_cpg/cwe789-1165-cpg-resolved.bin	tc1165_flow3	CWE789_Uncontrolled_Mem_Alloc__getQueryString_Servlet_HashMap_21.java	147	CWE789_Uncontrolled_Mem_Alloc__getQueryString_Servlet_HashMap_21.java	136
/home/swlab/Documents/swvul/java-vuln-detection/slicing/output/CPG/cwe789_cpg/cwe789-1166-cpg-resolved.bin	tc1166_flow1	CWE789_Uncontrolled_Mem_Alloc__getQueryString_Servlet_HashMap_22b.java	36	CWE789_Uncontrolled_Mem_Alloc__getQueryString_Servlet_HashMap_22a.java	38
/home/swlab/Documents/swvul/java-vuln-detection/slicing/output/CPG/cwe789_cpg/cwe789-1166-cpg-resolved.bin	tc1166_flow2	CWE789_Uncontrolled_Mem_Alloc__getQueryString_Servlet_HashMap_22b.java	80	CWE789_Uncontrolled_Mem_Alloc__getQueryString_Servlet_HashMap_22a.java	62
/home/swlab/Documents/swvul/java-vuln-detection/slicing/output/CPG/cwe789_cpg/cwe789-1166-cpg-resolved.bin	tc1166_flow3	CWE789_Uncontrolled_Mem_Alloc__getQueryString_Servlet_HashMap_22b.java	95	CWE789_Uncontrolled_Mem_Alloc__getQueryString_Servlet_HashMap_22a.java	75
/home/swlab/Documents/swvul/java-vuln-detection/slicing/output/CPG/cwe789_cpg/cwe789-1167-cpg-resolved.bin	tc1167_flow1	CWE789_Uncontrolled_Mem_Alloc__getQueryString_Servlet_HashMap_31.java	40	CWE789_Uncontrolled_Mem_Alloc__getQueryString_Servlet_HashMap_31.java	67
/home/swlab/Documents/swvul/java-vuln-detection/slicing/output/CPG/cwe789_cpg/cwe789-1167-cpg-resolved.bin	tc1167_flow2	CWE789_Uncontrolled_Mem_Alloc__getQueryString_Servlet_HashMap_31.java	85	CWE789_Uncontrolled_Mem_Alloc__getQueryString_Servlet_HashMap_31.java	93
/home/swlab/Documents/swvul/java-vuln-detection/slicing/output/CPG/cwe789_cpg/cwe789-1168-cpg-resolved.bin	tc1168_flow1	CWE789_Uncontrolled_Mem_Alloc__getQueryString_Servlet_HashMap_41.java	44	CWE789_Uncontrolled_Mem_Alloc__getQueryString_Servlet_HashMap_41.java	33
/home/swlab/Documents/swvul/java-vuln-detection/slicing/output/CPG/cwe789_cpg/cwe789-1168-cpg-resolved.bin	tc1168_flow2	CWE789_Uncontrolled_Mem_Alloc__getQueryString_Servlet_HashMap_41.java	87	CWE789_Uncontrolled_Mem_Alloc__getQueryString_Servlet_HashMap_41.java	77
/home/swlab/Documents/swvul/java-vuln-detection/slicing/output/CPG/cwe789_cpg/cwe789-1169-cpg-resolved.bin	tc1169_flow1	CWE789_Uncontrolled_Mem_Alloc__getQueryString_Servlet_HashMap_42.java	36	CWE789_Uncontrolled_Mem_Alloc__getQueryString_Servlet_HashMap_42.java	66
/home/swlab/Documents/swvul/java-vuln-detection/slicing/output/CPG/cwe789_cpg/cwe789-1169-cpg-resolved.bin	tc1169_flow2	CWE789_Uncontrolled_Mem_Alloc__getQueryString_Servlet_HashMap_42.java	75	CWE789_Uncontrolled_Mem_Alloc__getQueryString_Servlet_HashMap_42.java	86
/home/swlab/Documents/swvul/java-vuln-detection/slicing/output/CPG/cwe789_cpg/cwe789-1170-cpg-resolved.bin	tc1170_flow1	CWE789_Uncontrolled_Mem_Alloc__getQueryString_Servlet_HashMap_45.java	50	CWE789_Uncontrolled_Mem_Alloc__getQueryString_Servlet_HashMap_45.java	38
/home/swlab/Documents/swvul/java-vuln-detection/slicing/output/CPG/cwe789_cpg/cwe789-1170-cpg-resolved.bin	tc1170_flow2	CWE789_Uncontrolled_Mem_Alloc__getQueryString_Servlet_HashMap_45.java	95	CWE789_Uncontrolled_Mem_Alloc__getQueryString_Servlet_HashMap_45.java	85
/home/swlab/Documents/swvul/java-vuln-detection/slicing/output/CPG/cwe789_cpg/cwe789-1171-cpg-resolved.bin	tc1171_flow1	CWE789_Uncontrolled_Mem_Alloc__getQueryString_Servlet_HashMap_51a.java	34	CWE789_Uncontrolled_Mem_Alloc__getQueryString_Servlet_HashMap_51b.java	29
/home/swlab/Documents/swvul/java-vuln-detection/slicing/output/CPG/cwe789_cpg/cwe789-1171-cpg-resolved.bin	tc1171_flow2	CWE789_Uncontrolled_Mem_Alloc__getQueryString_Servlet_HashMap_51a.java	69	CWE789_Uncontrolled_Mem_Alloc__getQueryString_Servlet_HashMap_51b.java	38
/home/swlab/Documents/swvul/java-vuln-detection/slicing/output/CPG/cwe789_cpg/cwe789-1172-cpg-resolved.bin	tc1172_flow1	CWE789_Uncontrolled_Mem_Alloc__getQueryString_Servlet_HashMap_52a.java	35	CWE789_Uncontrolled_Mem_Alloc__getQueryString_Servlet_HashMap_52c.java	30
/home/swlab/Documents/swvul/java-vuln-detection/slicing/output/CPG/cwe789_cpg/cwe789-1172-cpg-resolved.bin	tc1172_flow2	CWE789_Uncontrolled_Mem_Alloc__getQueryString_Servlet_HashMap_52a.java	70	CWE789_Uncontrolled_Mem_Alloc__getQueryString_Servlet_HashMap_52c.java	39
/home/swlab/Documents/swvul/java-vuln-detection/slicing/output/CPG/cwe789_cpg/cwe789-1173-cpg-resolved.bin	tc1173_flow1	CWE789_Uncontrolled_Mem_Alloc__getQueryString_Servlet_HashMap_53a.java	35	CWE789_Uncontrolled_Mem_Alloc__getQueryString_Servlet_HashMap_53d.java	30
/home/swlab/Documents/swvul/java-vuln-detection/slicing/output/CPG/cwe789_cpg/cwe789-1173-cpg-resolved.bin	tc1173_flow2	CWE789_Uncontrolled_Mem_Alloc__getQueryString_Servlet_HashMap_53a.java	70	CWE789_Uncontrolled_Mem_Alloc__getQueryString_Servlet_HashMap_53d.java	39
/home/swlab/Documents/swvul/java-vuln-detection/slicing/output/CPG/cwe789_cpg/cwe789-1174-cpg-resolved.bin	tc1174_flow1	CWE789_Uncontrolled_Mem_Alloc__getQueryString_Servlet_HashMap_54a.java	35	CWE789_Uncontrolled_Mem_Alloc__getQueryString_Servlet_HashMap_54e.java	30
/home/swlab/Documents/swvul/java-vuln-detection/slicing/output/CPG/cwe789_cpg/cwe789-1174-cpg-resolved.bin	tc1174_flow2	CWE789_Uncontrolled_Mem_Alloc__getQueryString_Servlet_HashMap_54a.java	70	CWE789_Uncontrolled_Mem_Alloc__getQueryString_Servlet_HashMap_54e.java	39
/home/swlab/Documents/swvul/java-vuln-detection/slicing/output/CPG/cwe789_cpg/cwe789-1175-cpg-resolved.bin	tc1175_flow1	CWE789_Uncontrolled_Mem_Alloc__getQueryString_Servlet_HashMap_61b.java	35	CWE789_Uncontrolled_Mem_Alloc__getQueryString_Servlet_HashMap_61a.java	31
/home/swlab/Documents/swvul/java-vuln-detection/slicing/output/CPG/cwe789_cpg/cwe789-1175-cpg-resolved.bin	tc1175_flow2	CWE789_Uncontrolled_Mem_Alloc__getQueryString_Servlet_HashMap_61b.java	65	CWE789_Uncontrolled_Mem_Alloc__getQueryString_Servlet_HashMap_61a.java	46
/home/swlab/Documents/swvul/java-vuln-detection/slicing/output/CPG/cwe789_cpg/cwe789-1176-cpg-resolved.bin	tc1176_flow1	CWE789_Uncontrolled_Mem_Alloc__getQueryString_Servlet_HashMap_66a.java	35	CWE789_Uncontrolled_Mem_Alloc__getQueryString_Servlet_HashMap_66b.java	31
/home/swlab/Documents/swvul/java-vuln-detection/slicing/output/CPG/cwe789_cpg/cwe789-1176-cpg-resolved.bin	tc1176_flow2	CWE789_Uncontrolled_Mem_Alloc__getQueryString_Servlet_HashMap_66a.java	72	CWE789_Uncontrolled_Mem_Alloc__getQueryString_Servlet_HashMap_66b.java	41
/home/swlab/Documents/swvul/java-vuln-detection/slicing/output/CPG/cwe789_cpg/cwe789-1177-cpg-resolved.bin	tc1177_flow1	CWE789_Uncontrolled_Mem_Alloc__getQueryString_Servlet_HashMap_67a.java	40	CWE789_Uncontrolled_Mem_Alloc__getQueryString_Servlet_HashMap_67b.java	31
/home/swlab/Documents/swvul/java-vuln-detection/slicing/output/CPG/cwe789_cpg/cwe789-1177-cpg-resolved.bin	tc1177_flow2	CWE789_Uncontrolled_Mem_Alloc__getQueryString_Servlet_HashMap_67a.java	77	CWE789_Uncontrolled_Mem_Alloc__getQueryString_Servlet_HashMap_67b.java	41
/home/swlab/Documents/swvul/java-vuln-detection/slicing/output/CPG/cwe789_cpg/cwe789-1178-cpg-resolved.bin	tc1178_flow1	CWE789_Uncontrolled_Mem_Alloc__getQueryString_Servlet_HashMap_68a.java	35	CWE789_Uncontrolled_Mem_Alloc__getQueryString_Servlet_HashMap_68b.java	30
/home/swlab/Documents/swvul/java-vuln-detection/slicing/output/CPG/cwe789_cpg/cwe789-1178-cpg-resolved.bin	tc1178_flow2	CWE789_Uncontrolled_Mem_Alloc__getQueryString_Servlet_HashMap_68a.java	69	CWE789_Uncontrolled_Mem_Alloc__getQueryString_Servlet_HashMap_68b.java	40
/home/swlab/Documents/swvul/java-vuln-detection/slicing/output/CPG/cwe789_cpg/cwe789-1179-cpg-resolved.bin	tc1179_flow1	CWE789_Uncontrolled_Mem_Alloc__getQueryString_Servlet_HashMap_71a.java	35	CWE789_Uncontrolled_Mem_Alloc__getQueryString_Servlet_HashMap_71b.java	31
/home/swlab/Documents/swvul/java-vuln-detection/slicing/output/CPG/cwe789_cpg/cwe789-1179-cpg-resolved.bin	tc1179_flow2	CWE789_Uncontrolled_Mem_Alloc__getQueryString_Servlet_HashMap_71a.java	70	CWE789_Uncontrolled_Mem_Alloc__getQueryString_Servlet_HashMap_71b.java	41
/home/swlab/Documents/swvul/java-vuln-detection/slicing/output/CPG/cwe789_cpg/cwe789-1180-cpg-resolved.bin	tc1180_flow1	CWE789_Uncontrolled_Mem_Alloc__getQueryString_Servlet_HashMap_72a.java	36	CWE789_Uncontrolled_Mem_Alloc__getQueryString_Servlet_HashMap_72b.java	32
/home/swlab/Documents/swvul/java-vuln-detection/slicing/output/CPG/cwe789_cpg/cwe789-1180-cpg-resolved.bin	tc1180_flow2	CWE789_Uncontrolled_Mem_Alloc__getQueryString_Servlet_HashMap_72a.java	75	CWE789_Uncontrolled_Mem_Alloc__getQueryString_Servlet_HashMap_72b.java	42
/home/swlab/Documents/swvul/java-vuln-detection/slicing/output/CPG/cwe789_cpg/cwe789-1181-cpg-resolved.bin	tc1181_flow1	CWE789_Uncontrolled_Mem_Alloc__getQueryString_Servlet_HashMap_73a.java	36	CWE789_Uncontrolled_Mem_Alloc__getQueryString_Servlet_HashMap_73b.java	32
/home/swlab/Documents/swvul/java-vuln-detection/slicing/output/CPG/cwe789_cpg/cwe789-1181-cpg-resolved.bin	tc1181_flow2	CWE789_Uncontrolled_Mem_Alloc__getQueryString_Servlet_HashMap_73a.java	75	CWE789_Uncontrolled_Mem_Alloc__getQueryString_Servlet_HashMap_73b.java	42
/home/swlab/Documents/swvul/java-vuln-detection/slicing/output/CPG/cwe789_cpg/cwe789-1182-cpg-resolved.bin	tc1182_flow1	CWE789_Uncontrolled_Mem_Alloc__getQueryString_Servlet_HashMap_74a.java	36	CWE789_Uncontrolled_Mem_Alloc__getQueryString_Servlet_HashMap_74b.java	31
/home/swlab/Documents/swvul/java-vuln-detection/slicing/output/CPG/cwe789_cpg/cwe789-1182-cpg-resolved.bin	tc1182_flow2	CWE789_Uncontrolled_Mem_Alloc__getQueryString_Servlet_HashMap_74a.java	75	CWE789_Uncontrolled_Mem_Alloc__getQueryString_Servlet_HashMap_74b.java	41
/home/swlab/Documents/swvul/java-vuln-detection/slicing/output/CPG/cwe789_cpg/cwe789-1183-cpg-resolved.bin	tc1183_flow1	CWE789_Uncontrolled_Mem_Alloc__getQueryString_Servlet_HashMap_75a.java	39	CWE789_Uncontrolled_Mem_Alloc__getQueryString_Servlet_HashMap_75b.java	43
/home/swlab/Documents/swvul/java-vuln-detection/slicing/output/CPG/cwe789_cpg/cwe789-1183-cpg-resolved.bin	tc1183_flow2	CWE789_Uncontrolled_Mem_Alloc__getQueryString_Servlet_HashMap_75a.java	116	CWE789_Uncontrolled_Mem_Alloc__getQueryString_Servlet_HashMap_75b.java	97
/home/swlab/Documents/swvul/java-vuln-detection/slicing/output/CPG/cwe789_cpg/cwe789-1184-cpg-resolved.bin	tc1184_flow1	CWE789_Uncontrolled_Mem_Alloc__getQueryString_Servlet_HashMap_81a.java	35	CWE789_Uncontrolled_Mem_Alloc__getQueryString_Servlet_HashMap_81_bad.java	30
/home/swlab/Documents/swvul/java-vuln-detection/slicing/output/CPG/cwe789_cpg/cwe789-1184-cpg-resolved.bin	tc1184_flow2	CWE789_Uncontrolled_Mem_Alloc__getQueryString_Servlet_HashMap_81a.java	71	CWE789_Uncontrolled_Mem_Alloc__getQueryString_Servlet_HashMap_81_goodG2B.java	30
/home/swlab/Documents/swvul/java-vuln-detection/slicing/output/CPG/cwe789_cpg/cwe789-1185-cpg-resolved.bin	tc1185_flow1	CWE789_Uncontrolled_Mem_Alloc__getQueryString_Servlet_HashSet_01.java	37	CWE789_Uncontrolled_Mem_Alloc__getQueryString_Servlet_HashSet_01.java	59
/home/swlab/Documents/swvul/java-vuln-detection/slicing/output/CPG/cwe789_cpg/cwe789-1185-cpg-resolved.bin	tc1185_flow2	CWE789_Uncontrolled_Mem_Alloc__getQueryString_Servlet_HashSet_01.java	74	CWE789_Uncontrolled_Mem_Alloc__getQueryString_Servlet_HashSet_01.java	77
/home/swlab/Documents/swvul/java-vuln-detection/slicing/output/CPG/cwe789_cpg/cwe789-1186-cpg-resolved.bin	tc1186_flow1	CWE789_Uncontrolled_Mem_Alloc__getQueryString_Servlet_HashSet_02.java	37	CWE789_Uncontrolled_Mem_Alloc__getQueryString_Servlet_HashSet_02.java	65
/home/swlab/Documents/swvul/java-vuln-detection/slicing/output/CPG/cwe789_cpg/cwe789-1186-cpg-resolved.bin	tc1186_flow2	CWE789_Uncontrolled_Mem_Alloc__getQueryString_Servlet_HashSet_02.java	83	CWE789_Uncontrolled_Mem_Alloc__getQueryString_Servlet_HashSet_02.java	88
/home/swlab/Documents/swvul/java-vuln-detection/slicing/output/CPG/cwe789_cpg/cwe789-1186-cpg-resolved.bin	tc1186_flow3	CWE789_Uncontrolled_Mem_Alloc__getQueryString_Servlet_HashSet_02.java	99	CWE789_Uncontrolled_Mem_Alloc__getQueryString_Servlet_HashSet_02.java	109
/home/swlab/Documents/swvul/java-vuln-detection/slicing/output/CPG/cwe789_cpg/cwe789-1187-cpg-resolved.bin	tc1187_flow1	CWE789_Uncontrolled_Mem_Alloc__getQueryString_Servlet_HashSet_03.java	37	CWE789_Uncontrolled_Mem_Alloc__getQueryString_Servlet_HashSet_03.java	65
/home/swlab/Documents/swvul/java-vuln-detection/slicing/output/CPG/cwe789_cpg/cwe789-1187-cpg-resolved.bin	tc1187_flow2	CWE789_Uncontrolled_Mem_Alloc__getQueryString_Servlet_HashSet_03.java	83	CWE789_Uncontrolled_Mem_Alloc__getQueryString_Servlet_HashSet_03.java	88
/home/swlab/Documents/swvul/java-vuln-detection/slicing/output/CPG/cwe789_cpg/cwe789-1187-cpg-resolved.bin	tc1187_flow3	CWE789_Uncontrolled_Mem_Alloc__getQueryString_Servlet_HashSet_03.java	99	CWE789_Uncontrolled_Mem_Alloc__getQueryString_Servlet_HashSet_03.java	109
/home/swlab/Documents/swvul/java-vuln-detection/slicing/output/CPG/cwe789_cpg/cwe789-1188-cpg-resolved.bin	tc1188_flow1	CWE789_Uncontrolled_Mem_Alloc__getQueryString_Servlet_HashSet_04.java	44	CWE789_Uncontrolled_Mem_Alloc__getQueryString_Servlet_HashSet_04.java	72
/home/swlab/Documents/swvul/java-vuln-detection/slicing/output/CPG/cwe789_cpg/cwe789-1188-cpg-resolved.bin	tc1188_flow2	CWE789_Uncontrolled_Mem_Alloc__getQueryString_Servlet_HashSet_04.java	90	CWE789_Uncontrolled_Mem_Alloc__getQueryString_Servlet_HashSet_04.java	95
/home/swlab/Documents/swvul/java-vuln-detection/slicing/output/CPG/cwe789_cpg/cwe789-1188-cpg-resolved.bin	tc1188_flow3	CWE789_Uncontrolled_Mem_Alloc__getQueryString_Servlet_HashSet_04.java	106	CWE789_Uncontrolled_Mem_Alloc__getQueryString_Servlet_HashSet_04.java	116
/home/swlab/Documents/swvul/java-vuln-detection/slicing/output/CPG/cwe789_cpg/cwe789-1189-cpg-resolved.bin	tc1189_flow1	CWE789_Uncontrolled_Mem_Alloc__getQueryString_Servlet_HashSet_05.java	44	CWE789_Uncontrolled_Mem_Alloc__getQueryString_Servlet_HashSet_05.java	72
/home/swlab/Documents/swvul/java-vuln-detection/slicing/output/CPG/cwe789_cpg/cwe789-1189-cpg-resolved.bin	tc1189_flow2	CWE789_Uncontrolled_Mem_Alloc__getQueryString_Servlet_HashSet_05.java	90	CWE789_Uncontrolled_Mem_Alloc__getQueryString_Servlet_HashSet_05.java	95
/home/swlab/Documents/swvul/java-vuln-detection/slicing/output/CPG/cwe789_cpg/cwe789-1189-cpg-resolved.bin	tc1189_flow3	CWE789_Uncontrolled_Mem_Alloc__getQueryString_Servlet_HashSet_05.java	106	CWE789_Uncontrolled_Mem_Alloc__getQueryString_Servlet_HashSet_05.java	116
/home/swlab/Documents/swvul/java-vuln-detection/slicing/output/CPG/cwe789_cpg/cwe789-1190-cpg-resolved.bin	tc1190_flow1	CWE789_Uncontrolled_Mem_Alloc__getQueryString_Servlet_HashSet_06.java	43	CWE789_Uncontrolled_Mem_Alloc__getQueryString_Servlet_HashSet_06.java	71
/home/swlab/Documents/swvul/java-vuln-detection/slicing/output/CPG/cwe789_cpg/cwe789-1190-cpg-resolved.bin	tc1190_flow2	CWE789_Uncontrolled_Mem_Alloc__getQueryString_Servlet_HashSet_06.java	89	CWE789_Uncontrolled_Mem_Alloc__getQueryString_Servlet_HashSet_06.java	94
/home/swlab/Documents/swvul/java-vuln-detection/slicing/output/CPG/cwe789_cpg/cwe789-1190-cpg-resolved.bin	tc1190_flow3	CWE789_Uncontrolled_Mem_Alloc__getQueryString_Servlet_HashSet_06.java	105	CWE789_Uncontrolled_Mem_Alloc__getQueryString_Servlet_HashSet_06.java	115
/home/swlab/Documents/swvul/java-vuln-detection/slicing/output/CPG/cwe789_cpg/cwe789-1191-cpg-resolved.bin	tc1191_flow1	CWE789_Uncontrolled_Mem_Alloc__getQueryString_Servlet_HashSet_07.java	43	CWE789_Uncontrolled_Mem_Alloc__getQueryString_Servlet_HashSet_07.java	71
/home/swlab/Documents/swvul/java-vuln-detection/slicing/output/CPG/cwe789_cpg/cwe789-1191-cpg-resolved.bin	tc1191_flow2	CWE789_Uncontrolled_Mem_Alloc__getQueryString_Servlet_HashSet_07.java	89	CWE789_Uncontrolled_Mem_Alloc__getQueryString_Servlet_HashSet_07.java	94
/home/swlab/Documents/swvul/java-vuln-detection/slicing/output/CPG/cwe789_cpg/cwe789-1191-cpg-resolved.bin	tc1191_flow3	CWE789_Uncontrolled_Mem_Alloc__getQueryString_Servlet_HashSet_07.java	105	CWE789_Uncontrolled_Mem_Alloc__getQueryString_Servlet_HashSet_07.java	115
/home/swlab/Documents/swvul/java-vuln-detection/slicing/output/CPG/cwe789_cpg/cwe789-1192-cpg-resolved.bin	tc1192_flow1	CWE789_Uncontrolled_Mem_Alloc__getQueryString_Servlet_HashSet_08.java	51	CWE789_Uncontrolled_Mem_Alloc__getQueryString_Servlet_HashSet_08.java	79
/home/swlab/Documents/swvul/java-vuln-detection/slicing/output/CPG/cwe789_cpg/cwe789-1192-cpg-resolved.bin	tc1192_flow2	CWE789_Uncontrolled_Mem_Alloc__getQueryString_Servlet_HashSet_08.java	97	CWE789_Uncontrolled_Mem_Alloc__getQueryString_Servlet_HashSet_08.java	102
/home/swlab/Documents/swvul/java-vuln-detection/slicing/output/CPG/cwe789_cpg/cwe789-1192-cpg-resolved.bin	tc1192_flow3	CWE789_Uncontrolled_Mem_Alloc__getQueryString_Servlet_HashSet_08.java	113	CWE789_Uncontrolled_Mem_Alloc__getQueryString_Servlet_HashSet_08.java	123
/home/swlab/Documents/swvul/java-vuln-detection/slicing/output/CPG/cwe789_cpg/cwe789-1193-cpg-resolved.bin	tc1193_flow1	CWE789_Uncontrolled_Mem_Alloc__getQueryString_Servlet_HashSet_09.java	37	CWE789_Uncontrolled_Mem_Alloc__getQueryString_Servlet_HashSet_09.java	65
/home/swlab/Documents/swvul/java-vuln-detection/slicing/output/CPG/cwe789_cpg/cwe789-1193-cpg-resolved.bin	tc1193_flow2	CWE789_Uncontrolled_Mem_Alloc__getQueryString_Servlet_HashSet_09.java	83	CWE789_Uncontrolled_Mem_Alloc__getQueryString_Servlet_HashSet_09.java	88
/home/swlab/Documents/swvul/java-vuln-detection/slicing/output/CPG/cwe789_cpg/cwe789-1193-cpg-resolved.bin	tc1193_flow3	CWE789_Uncontrolled_Mem_Alloc__getQueryString_Servlet_HashSet_09.java	99	CWE789_Uncontrolled_Mem_Alloc__getQueryString_Servlet_HashSet_09.java	109
/home/swlab/Documents/swvul/java-vuln-detection/slicing/output/CPG/cwe789_cpg/cwe789-1194-cpg-resolved.bin	tc1194_flow1	CWE789_Uncontrolled_Mem_Alloc__getQueryString_Servlet_HashSet_10.java	37	CWE789_Uncontrolled_Mem_Alloc__getQueryString_Servlet_HashSet_10.java	65
/home/swlab/Documents/swvul/java-vuln-detection/slicing/output/CPG/cwe789_cpg/cwe789-1194-cpg-resolved.bin	tc1194_flow2	CWE789_Uncontrolled_Mem_Alloc__getQueryString_Servlet_HashSet_10.java	83	CWE789_Uncontrolled_Mem_Alloc__getQueryString_Servlet_HashSet_10.java	88
/home/swlab/Documents/swvul/java-vuln-detection/slicing/output/CPG/cwe789_cpg/cwe789-1194-cpg-resolved.bin	tc1194_flow3	CWE789_Uncontrolled_Mem_Alloc__getQueryString_Servlet_HashSet_10.java	99	CWE789_Uncontrolled_Mem_Alloc__getQueryString_Servlet_HashSet_10.java	109
/home/swlab/Documents/swvul/java-vuln-detection/slicing/output/CPG/cwe789_cpg/cwe789-1195-cpg-resolved.bin	tc1195_flow1	CWE789_Uncontrolled_Mem_Alloc__getQueryString_Servlet_HashSet_11.java	37	CWE789_Uncontrolled_Mem_Alloc__getQueryString_Servlet_HashSet_11.java	65
/home/swlab/Documents/swvul/java-vuln-detection/slicing/output/CPG/cwe789_cpg/cwe789-1195-cpg-resolved.bin	tc1195_flow2	CWE789_Uncontrolled_Mem_Alloc__getQueryString_Servlet_HashSet_11.java	83	CWE789_Uncontrolled_Mem_Alloc__getQueryString_Servlet_HashSet_11.java	88
/home/swlab/Documents/swvul/java-vuln-detection/slicing/output/CPG/cwe789_cpg/cwe789-1195-cpg-resolved.bin	tc1195_flow3	CWE789_Uncontrolled_Mem_Alloc__getQueryString_Servlet_HashSet_11.java	99	CWE789_Uncontrolled_Mem_Alloc__getQueryString_Servlet_HashSet_11.java	109
/home/swlab/Documents/swvul/java-vuln-detection/slicing/output/CPG/cwe789_cpg/cwe789-1196-cpg-resolved.bin	tc1196_flow1	CWE789_Uncontrolled_Mem_Alloc__getQueryString_Servlet_HashSet_12.java	37	CWE789_Uncontrolled_Mem_Alloc__getQueryString_Servlet_HashSet_12.java	66
/home/swlab/Documents/swvul/java-vuln-detection/slicing/output/CPG/cwe789_cpg/cwe789-1196-cpg-resolved.bin	tc1196_flow2	CWE789_Uncontrolled_Mem_Alloc__getQueryString_Servlet_HashSet_12.java	78	CWE789_Uncontrolled_Mem_Alloc__getQueryString_Servlet_HashSet_12.java	89
/home/swlab/Documents/swvul/java-vuln-detection/slicing/output/CPG/cwe789_cpg/cwe789-1197-cpg-resolved.bin	tc1197_flow1	CWE789_Uncontrolled_Mem_Alloc__getQueryString_Servlet_HashSet_13.java	37	CWE789_Uncontrolled_Mem_Alloc__getQueryString_Servlet_HashSet_13.java	65
/home/swlab/Documents/swvul/java-vuln-detection/slicing/output/CPG/cwe789_cpg/cwe789-1197-cpg-resolved.bin	tc1197_flow2	CWE789_Uncontrolled_Mem_Alloc__getQueryString_Servlet_HashSet_13.java	83	CWE789_Uncontrolled_Mem_Alloc__getQueryString_Servlet_HashSet_13.java	88
/home/swlab/Documents/swvul/java-vuln-detection/slicing/output/CPG/cwe789_cpg/cwe789-1197-cpg-resolved.bin	tc1197_flow3	CWE789_Uncontrolled_Mem_Alloc__getQueryString_Servlet_HashSet_13.java	99	CWE789_Uncontrolled_Mem_Alloc__getQueryString_Servlet_HashSet_13.java	109
/home/swlab/Documents/swvul/java-vuln-detection/slicing/output/CPG/cwe789_cpg/cwe789-1198-cpg-resolved.bin	tc1198_flow1	CWE789_Uncontrolled_Mem_Alloc__getQueryString_Servlet_HashSet_14.java	37	CWE789_Uncontrolled_Mem_Alloc__getQueryString_Servlet_HashSet_14.java	65
/home/swlab/Documents/swvul/java-vuln-detection/slicing/output/CPG/cwe789_cpg/cwe789-1198-cpg-resolved.bin	tc1198_flow2	CWE789_Uncontrolled_Mem_Alloc__getQueryString_Servlet_HashSet_14.java	83	CWE789_Uncontrolled_Mem_Alloc__getQueryString_Servlet_HashSet_14.java	88
/home/swlab/Documents/swvul/java-vuln-detection/slicing/output/CPG/cwe789_cpg/cwe789-1198-cpg-resolved.bin	tc1198_flow3	CWE789_Uncontrolled_Mem_Alloc__getQueryString_Servlet_HashSet_14.java	99	CWE789_Uncontrolled_Mem_Alloc__getQueryString_Servlet_HashSet_14.java	109
/home/swlab/Documents/swvul/java-vuln-detection/slicing/output/CPG/cwe789_cpg/cwe789-1199-cpg-resolved.bin	tc1199_flow1	CWE789_Uncontrolled_Mem_Alloc__getQueryString_Servlet_HashSet_15.java	39	CWE789_Uncontrolled_Mem_Alloc__getQueryString_Servlet_HashSet_15.java	67
/home/swlab/Documents/swvul/java-vuln-detection/slicing/output/CPG/cwe789_cpg/cwe789-1199-cpg-resolved.bin	tc1199_flow2	CWE789_Uncontrolled_Mem_Alloc__getQueryString_Servlet_HashSet_15.java	85	CWE789_Uncontrolled_Mem_Alloc__getQueryString_Servlet_HashSet_15.java	90
/home/swlab/Documents/swvul/java-vuln-detection/slicing/output/CPG/cwe789_cpg/cwe789-1199-cpg-resolved.bin	tc1199_flow3	CWE789_Uncontrolled_Mem_Alloc__getQueryString_Servlet_HashSet_15.java	103	CWE789_Uncontrolled_Mem_Alloc__getQueryString_Servlet_HashSet_15.java	113
/home/swlab/Documents/swvul/java-vuln-detection/slicing/output/CPG/cwe789_cpg/cwe789-1200-cpg-resolved.bin	tc1200_flow1	CWE789_Uncontrolled_Mem_Alloc__getQueryString_Servlet_HashSet_16.java	38	CWE789_Uncontrolled_Mem_Alloc__getQueryString_Servlet_HashSet_16.java	61
/home/swlab/Documents/swvul/java-vuln-detection/slicing/output/CPG/cwe789_cpg/cwe789-1200-cpg-resolved.bin	tc1200_flow2	CWE789_Uncontrolled_Mem_Alloc__getQueryString_Servlet_HashSet_16.java	73	CWE789_Uncontrolled_Mem_Alloc__getQueryString_Servlet_HashSet_16.java	78
/home/swlab/Documents/swvul/java-vuln-detection/slicing/output/CPG/cwe789_cpg/cwe789-1201-cpg-resolved.bin	tc1201_flow1	CWE789_Uncontrolled_Mem_Alloc__getQueryString_Servlet_HashSet_17.java	37	CWE789_Uncontrolled_Mem_Alloc__getQueryString_Servlet_HashSet_17.java	61
/home/swlab/Documents/swvul/java-vuln-detection/slicing/output/CPG/cwe789_cpg/cwe789-1201-cpg-resolved.bin	tc1201_flow2	CWE789_Uncontrolled_Mem_Alloc__getQueryString_Servlet_HashSet_17.java	72	CWE789_Uncontrolled_Mem_Alloc__getQueryString_Servlet_HashSet_17.java	77
/home/swlab/Documents/swvul/java-vuln-detection/slicing/output/CPG/cwe789_cpg/cwe789-1202-cpg-resolved.bin	tc1202_flow1	CWE789_Uncontrolled_Mem_Alloc__getQueryString_Servlet_HashSet_21.java	53	CWE789_Uncontrolled_Mem_Alloc__getQueryString_Servlet_HashSet_21.java	41
/home/swlab/Documents/swvul/java-vuln-detection/slicing/output/CPG/cwe789_cpg/cwe789-1202-cpg-resolved.bin	tc1202_flow2	CWE789_Uncontrolled_Mem_Alloc__getQueryString_Servlet_HashSet_21.java	120	CWE789_Uncontrolled_Mem_Alloc__getQueryString_Servlet_HashSet_21.java	102
/home/swlab/Documents/swvul/java-vuln-detection/slicing/output/CPG/cwe789_cpg/cwe789-1202-cpg-resolved.bin	tc1202_flow3	CWE789_Uncontrolled_Mem_Alloc__getQueryString_Servlet_HashSet_21.java	147	CWE789_Uncontrolled_Mem_Alloc__getQueryString_Servlet_HashSet_21.java	136
/home/swlab/Documents/swvul/java-vuln-detection/slicing/output/CPG/cwe789_cpg/cwe789-1203-cpg-resolved.bin	tc1203_flow1	CWE789_Uncontrolled_Mem_Alloc__getQueryString_Servlet_HashSet_22b.java	36	CWE789_Uncontrolled_Mem_Alloc__getQueryString_Servlet_HashSet_22a.java	38
/home/swlab/Documents/swvul/java-vuln-detection/slicing/output/CPG/cwe789_cpg/cwe789-1203-cpg-resolved.bin	tc1203_flow2	CWE789_Uncontrolled_Mem_Alloc__getQueryString_Servlet_HashSet_22b.java	80	CWE789_Uncontrolled_Mem_Alloc__getQueryString_Servlet_HashSet_22a.java	62
/home/swlab/Documents/swvul/java-vuln-detection/slicing/output/CPG/cwe789_cpg/cwe789-1203-cpg-resolved.bin	tc1203_flow3	CWE789_Uncontrolled_Mem_Alloc__getQueryString_Servlet_HashSet_22b.java	95	CWE789_Uncontrolled_Mem_Alloc__getQueryString_Servlet_HashSet_22a.java	75
/home/swlab/Documents/swvul/java-vuln-detection/slicing/output/CPG/cwe789_cpg/cwe789-1204-cpg-resolved.bin	tc1204_flow1	CWE789_Uncontrolled_Mem_Alloc__getQueryString_Servlet_HashSet_31.java	40	CWE789_Uncontrolled_Mem_Alloc__getQueryString_Servlet_HashSet_31.java	67
/home/swlab/Documents/swvul/java-vuln-detection/slicing/output/CPG/cwe789_cpg/cwe789-1204-cpg-resolved.bin	tc1204_flow2	CWE789_Uncontrolled_Mem_Alloc__getQueryString_Servlet_HashSet_31.java	85	CWE789_Uncontrolled_Mem_Alloc__getQueryString_Servlet_HashSet_31.java	93
/home/swlab/Documents/swvul/java-vuln-detection/slicing/output/CPG/cwe789_cpg/cwe789-1205-cpg-resolved.bin	tc1205_flow1	CWE789_Uncontrolled_Mem_Alloc__getQueryString_Servlet_HashSet_41.java	44	CWE789_Uncontrolled_Mem_Alloc__getQueryString_Servlet_HashSet_41.java	33
/home/swlab/Documents/swvul/java-vuln-detection/slicing/output/CPG/cwe789_cpg/cwe789-1205-cpg-resolved.bin	tc1205_flow2	CWE789_Uncontrolled_Mem_Alloc__getQueryString_Servlet_HashSet_41.java	87	CWE789_Uncontrolled_Mem_Alloc__getQueryString_Servlet_HashSet_41.java	77
/home/swlab/Documents/swvul/java-vuln-detection/slicing/output/CPG/cwe789_cpg/cwe789-1206-cpg-resolved.bin	tc1206_flow1	CWE789_Uncontrolled_Mem_Alloc__getQueryString_Servlet_HashSet_42.java	36	CWE789_Uncontrolled_Mem_Alloc__getQueryString_Servlet_HashSet_42.java	66
/home/swlab/Documents/swvul/java-vuln-detection/slicing/output/CPG/cwe789_cpg/cwe789-1206-cpg-resolved.bin	tc1206_flow2	CWE789_Uncontrolled_Mem_Alloc__getQueryString_Servlet_HashSet_42.java	75	CWE789_Uncontrolled_Mem_Alloc__getQueryString_Servlet_HashSet_42.java	86
/home/swlab/Documents/swvul/java-vuln-detection/slicing/output/CPG/cwe789_cpg/cwe789-1207-cpg-resolved.bin	tc1207_flow1	CWE789_Uncontrolled_Mem_Alloc__getQueryString_Servlet_HashSet_45.java	50	CWE789_Uncontrolled_Mem_Alloc__getQueryString_Servlet_HashSet_45.java	38
/home/swlab/Documents/swvul/java-vuln-detection/slicing/output/CPG/cwe789_cpg/cwe789-1207-cpg-resolved.bin	tc1207_flow2	CWE789_Uncontrolled_Mem_Alloc__getQueryString_Servlet_HashSet_45.java	95	CWE789_Uncontrolled_Mem_Alloc__getQueryString_Servlet_HashSet_45.java	85
/home/swlab/Documents/swvul/java-vuln-detection/slicing/output/CPG/cwe789_cpg/cwe789-1208-cpg-resolved.bin	tc1208_flow1	CWE789_Uncontrolled_Mem_Alloc__getQueryString_Servlet_HashSet_51a.java	34	CWE789_Uncontrolled_Mem_Alloc__getQueryString_Servlet_HashSet_51b.java	29
/home/swlab/Documents/swvul/java-vuln-detection/slicing/output/CPG/cwe789_cpg/cwe789-1208-cpg-resolved.bin	tc1208_flow2	CWE789_Uncontrolled_Mem_Alloc__getQueryString_Servlet_HashSet_51a.java	69	CWE789_Uncontrolled_Mem_Alloc__getQueryString_Servlet_HashSet_51b.java	38
/home/swlab/Documents/swvul/java-vuln-detection/slicing/output/CPG/cwe789_cpg/cwe789-1209-cpg-resolved.bin	tc1209_flow1	CWE789_Uncontrolled_Mem_Alloc__getQueryString_Servlet_HashSet_52a.java	35	CWE789_Uncontrolled_Mem_Alloc__getQueryString_Servlet_HashSet_52c.java	30
/home/swlab/Documents/swvul/java-vuln-detection/slicing/output/CPG/cwe789_cpg/cwe789-1209-cpg-resolved.bin	tc1209_flow2	CWE789_Uncontrolled_Mem_Alloc__getQueryString_Servlet_HashSet_52a.java	70	CWE789_Uncontrolled_Mem_Alloc__getQueryString_Servlet_HashSet_52c.java	39
/home/swlab/Documents/swvul/java-vuln-detection/slicing/output/CPG/cwe789_cpg/cwe789-1210-cpg-resolved.bin	tc1210_flow1	CWE789_Uncontrolled_Mem_Alloc__getQueryString_Servlet_HashSet_53a.java	35	CWE789_Uncontrolled_Mem_Alloc__getQueryString_Servlet_HashSet_53d.java	30
/home/swlab/Documents/swvul/java-vuln-detection/slicing/output/CPG/cwe789_cpg/cwe789-1210-cpg-resolved.bin	tc1210_flow2	CWE789_Uncontrolled_Mem_Alloc__getQueryString_Servlet_HashSet_53a.java	70	CWE789_Uncontrolled_Mem_Alloc__getQueryString_Servlet_HashSet_53d.java	39
/home/swlab/Documents/swvul/java-vuln-detection/slicing/output/CPG/cwe789_cpg/cwe789-1211-cpg-resolved.bin	tc1211_flow1	CWE789_Uncontrolled_Mem_Alloc__getQueryString_Servlet_HashSet_54a.java	35	CWE789_Uncontrolled_Mem_Alloc__getQueryString_Servlet_HashSet_54e.java	30
/home/swlab/Documents/swvul/java-vuln-detection/slicing/output/CPG/cwe789_cpg/cwe789-1211-cpg-resolved.bin	tc1211_flow2	CWE789_Uncontrolled_Mem_Alloc__getQueryString_Servlet_HashSet_54a.java	70	CWE789_Uncontrolled_Mem_Alloc__getQueryString_Servlet_HashSet_54e.java	39
/home/swlab/Documents/swvul/java-vuln-detection/slicing/output/CPG/cwe789_cpg/cwe789-1212-cpg-resolved.bin	tc1212_flow1	CWE789_Uncontrolled_Mem_Alloc__getQueryString_Servlet_HashSet_61b.java	35	CWE789_Uncontrolled_Mem_Alloc__getQueryString_Servlet_HashSet_61a.java	31
/home/swlab/Documents/swvul/java-vuln-detection/slicing/output/CPG/cwe789_cpg/cwe789-1212-cpg-resolved.bin	tc1212_flow2	CWE789_Uncontrolled_Mem_Alloc__getQueryString_Servlet_HashSet_61b.java	65	CWE789_Uncontrolled_Mem_Alloc__getQueryString_Servlet_HashSet_61a.java	46
/home/swlab/Documents/swvul/java-vuln-detection/slicing/output/CPG/cwe789_cpg/cwe789-1213-cpg-resolved.bin	tc1213_flow1	CWE789_Uncontrolled_Mem_Alloc__getQueryString_Servlet_HashSet_66a.java	35	CWE789_Uncontrolled_Mem_Alloc__getQueryString_Servlet_HashSet_66b.java	31
/home/swlab/Documents/swvul/java-vuln-detection/slicing/output/CPG/cwe789_cpg/cwe789-1213-cpg-resolved.bin	tc1213_flow2	CWE789_Uncontrolled_Mem_Alloc__getQueryString_Servlet_HashSet_66a.java	72	CWE789_Uncontrolled_Mem_Alloc__getQueryString_Servlet_HashSet_66b.java	41
/home/swlab/Documents/swvul/java-vuln-detection/slicing/output/CPG/cwe789_cpg/cwe789-1214-cpg-resolved.bin	tc1214_flow1	CWE789_Uncontrolled_Mem_Alloc__getQueryString_Servlet_HashSet_67a.java	40	CWE789_Uncontrolled_Mem_Alloc__getQueryString_Servlet_HashSet_67b.java	31
/home/swlab/Documents/swvul/java-vuln-detection/slicing/output/CPG/cwe789_cpg/cwe789-1214-cpg-resolved.bin	tc1214_flow2	CWE789_Uncontrolled_Mem_Alloc__getQueryString_Servlet_HashSet_67a.java	77	CWE789_Uncontrolled_Mem_Alloc__getQueryString_Servlet_HashSet_67b.java	41
/home/swlab/Documents/swvul/java-vuln-detection/slicing/output/CPG/cwe789_cpg/cwe789-1215-cpg-resolved.bin	tc1215_flow1	CWE789_Uncontrolled_Mem_Alloc__getQueryString_Servlet_HashSet_68a.java	35	CWE789_Uncontrolled_Mem_Alloc__getQueryString_Servlet_HashSet_68b.java	30
/home/swlab/Documents/swvul/java-vuln-detection/slicing/output/CPG/cwe789_cpg/cwe789-1215-cpg-resolved.bin	tc1215_flow2	CWE789_Uncontrolled_Mem_Alloc__getQueryString_Servlet_HashSet_68a.java	69	CWE789_Uncontrolled_Mem_Alloc__getQueryString_Servlet_HashSet_68b.java	40
/home/swlab/Documents/swvul/java-vuln-detection/slicing/output/CPG/cwe789_cpg/cwe789-1216-cpg-resolved.bin	tc1216_flow1	CWE789_Uncontrolled_Mem_Alloc__getQueryString_Servlet_HashSet_71a.java	35	CWE789_Uncontrolled_Mem_Alloc__getQueryString_Servlet_HashSet_71b.java	31
/home/swlab/Documents/swvul/java-vuln-detection/slicing/output/CPG/cwe789_cpg/cwe789-1216-cpg-resolved.bin	tc1216_flow2	CWE789_Uncontrolled_Mem_Alloc__getQueryString_Servlet_HashSet_71a.java	70	CWE789_Uncontrolled_Mem_Alloc__getQueryString_Servlet_HashSet_71b.java	41
/home/swlab/Documents/swvul/java-vuln-detection/slicing/output/CPG/cwe789_cpg/cwe789-1217-cpg-resolved.bin	tc1217_flow1	CWE789_Uncontrolled_Mem_Alloc__getQueryString_Servlet_HashSet_72a.java	36	CWE789_Uncontrolled_Mem_Alloc__getQueryString_Servlet_HashSet_72b.java	32
/home/swlab/Documents/swvul/java-vuln-detection/slicing/output/CPG/cwe789_cpg/cwe789-1217-cpg-resolved.bin	tc1217_flow2	CWE789_Uncontrolled_Mem_Alloc__getQueryString_Servlet_HashSet_72a.java	75	CWE789_Uncontrolled_Mem_Alloc__getQueryString_Servlet_HashSet_72b.java	42
/home/swlab/Documents/swvul/java-vuln-detection/slicing/output/CPG/cwe789_cpg/cwe789-1218-cpg-resolved.bin	tc1218_flow1	CWE789_Uncontrolled_Mem_Alloc__getQueryString_Servlet_HashSet_73a.java	36	CWE789_Uncontrolled_Mem_Alloc__getQueryString_Servlet_HashSet_73b.java	32
/home/swlab/Documents/swvul/java-vuln-detection/slicing/output/CPG/cwe789_cpg/cwe789-1218-cpg-resolved.bin	tc1218_flow2	CWE789_Uncontrolled_Mem_Alloc__getQueryString_Servlet_HashSet_73a.java	75	CWE789_Uncontrolled_Mem_Alloc__getQueryString_Servlet_HashSet_73b.java	42
/home/swlab/Documents/swvul/java-vuln-detection/slicing/output/CPG/cwe789_cpg/cwe789-1219-cpg-resolved.bin	tc1219_flow1	CWE789_Uncontrolled_Mem_Alloc__getQueryString_Servlet_HashSet_74a.java	36	CWE789_Uncontrolled_Mem_Alloc__getQueryString_Servlet_HashSet_74b.java	32
/home/swlab/Documents/swvul/java-vuln-detection/slicing/output/CPG/cwe789_cpg/cwe789-1219-cpg-resolved.bin	tc1219_flow2	CWE789_Uncontrolled_Mem_Alloc__getQueryString_Servlet_HashSet_74a.java	75	CWE789_Uncontrolled_Mem_Alloc__getQueryString_Servlet_HashSet_74b.java	42
/home/swlab/Documents/swvul/java-vuln-detection/slicing/output/CPG/cwe789_cpg/cwe789-1220-cpg-resolved.bin	tc1220_flow1	CWE789_Uncontrolled_Mem_Alloc__getQueryString_Servlet_HashSet_75a.java	39	CWE789_Uncontrolled_Mem_Alloc__getQueryString_Servlet_HashSet_75b.java	43
/home/swlab/Documents/swvul/java-vuln-detection/slicing/output/CPG/cwe789_cpg/cwe789-1220-cpg-resolved.bin	tc1220_flow2	CWE789_Uncontrolled_Mem_Alloc__getQueryString_Servlet_HashSet_75a.java	116	CWE789_Uncontrolled_Mem_Alloc__getQueryString_Servlet_HashSet_75b.java	97
/home/swlab/Documents/swvul/java-vuln-detection/slicing/output/CPG/cwe789_cpg/cwe789-1221-cpg-resolved.bin	tc1221_flow1	CWE789_Uncontrolled_Mem_Alloc__getQueryString_Servlet_HashSet_81a.java	35	CWE789_Uncontrolled_Mem_Alloc__getQueryString_Servlet_HashSet_81_bad.java	30
/home/swlab/Documents/swvul/java-vuln-detection/slicing/output/CPG/cwe789_cpg/cwe789-1221-cpg-resolved.bin	tc1221_flow2	CWE789_Uncontrolled_Mem_Alloc__getQueryString_Servlet_HashSet_81a.java	71	CWE789_Uncontrolled_Mem_Alloc__getQueryString_Servlet_HashSet_81_goodG2B.java	30
/home/swlab/Documents/swvul/java-vuln-detection/slicing/output/CPG/cwe789_cpg/cwe789-1239-cpg-resolved.bin	tc1239_flow1	CWE789_Uncontrolled_Mem_Alloc__listen_tcp_ArrayList_01.java	58	CWE789_Uncontrolled_Mem_Alloc__listen_tcp_ArrayList_01.java	130
/home/swlab/Documents/swvul/java-vuln-detection/slicing/output/CPG/cwe789_cpg/cwe789-1239-cpg-resolved.bin	tc1239_flow2	CWE789_Uncontrolled_Mem_Alloc__listen_tcp_ArrayList_01.java	145	CWE789_Uncontrolled_Mem_Alloc__listen_tcp_ArrayList_01.java	148
/home/swlab/Documents/swvul/java-vuln-detection/slicing/output/CPG/cwe789_cpg/cwe789-1240-cpg-resolved.bin	tc1240_flow1	CWE789_Uncontrolled_Mem_Alloc__listen_tcp_ArrayList_02.java	54	CWE789_Uncontrolled_Mem_Alloc__listen_tcp_ArrayList_02.java	133
/home/swlab/Documents/swvul/java-vuln-detection/slicing/output/CPG/cwe789_cpg/cwe789-1240-cpg-resolved.bin	tc1240_flow2	CWE789_Uncontrolled_Mem_Alloc__listen_tcp_ArrayList_02.java	151	CWE789_Uncontrolled_Mem_Alloc__listen_tcp_ArrayList_02.java	156
/home/swlab/Documents/swvul/java-vuln-detection/slicing/output/CPG/cwe789_cpg/cwe789-1240-cpg-resolved.bin	tc1240_flow3	CWE789_Uncontrolled_Mem_Alloc__listen_tcp_ArrayList_02.java	167	CWE789_Uncontrolled_Mem_Alloc__listen_tcp_ArrayList_02.java	177
/home/swlab/Documents/swvul/java-vuln-detection/slicing/output/CPG/cwe789_cpg/cwe789-1241-cpg-resolved.bin	tc1241_flow1	CWE789_Uncontrolled_Mem_Alloc__listen_tcp_ArrayList_03.java	54	CWE789_Uncontrolled_Mem_Alloc__listen_tcp_ArrayList_03.java	133
/home/swlab/Documents/swvul/java-vuln-detection/slicing/output/CPG/cwe789_cpg/cwe789-1241-cpg-resolved.bin	tc1241_flow2	CWE789_Uncontrolled_Mem_Alloc__listen_tcp_ArrayList_03.java	151	CWE789_Uncontrolled_Mem_Alloc__listen_tcp_ArrayList_03.java	156
/home/swlab/Documents/swvul/java-vuln-detection/slicing/output/CPG/cwe789_cpg/cwe789-1241-cpg-resolved.bin	tc1241_flow3	CWE789_Uncontrolled_Mem_Alloc__listen_tcp_ArrayList_03.java	167	CWE789_Uncontrolled_Mem_Alloc__listen_tcp_ArrayList_03.java	177
/home/swlab/Documents/swvul/java-vuln-detection/slicing/output/CPG/cwe789_cpg/cwe789-1242-cpg-resolved.bin	tc1242_flow1	CWE789_Uncontrolled_Mem_Alloc__listen_tcp_ArrayList_04.java	61	CWE789_Uncontrolled_Mem_Alloc__listen_tcp_ArrayList_04.java	140
/home/swlab/Documents/swvul/java-vuln-detection/slicing/output/CPG/cwe789_cpg/cwe789-1242-cpg-resolved.bin	tc1242_flow2	CWE789_Uncontrolled_Mem_Alloc__listen_tcp_ArrayList_04.java	158	CWE789_Uncontrolled_Mem_Alloc__listen_tcp_ArrayList_04.java	163
/home/swlab/Documents/swvul/java-vuln-detection/slicing/output/CPG/cwe789_cpg/cwe789-1242-cpg-resolved.bin	tc1242_flow3	CWE789_Uncontrolled_Mem_Alloc__listen_tcp_ArrayList_04.java	174	CWE789_Uncontrolled_Mem_Alloc__listen_tcp_ArrayList_04.java	184
/home/swlab/Documents/swvul/java-vuln-detection/slicing/output/CPG/cwe789_cpg/cwe789-1243-cpg-resolved.bin	tc1243_flow1	CWE789_Uncontrolled_Mem_Alloc__listen_tcp_ArrayList_05.java	61	CWE789_Uncontrolled_Mem_Alloc__listen_tcp_ArrayList_05.java	140
/home/swlab/Documents/swvul/java-vuln-detection/slicing/output/CPG/cwe789_cpg/cwe789-1243-cpg-resolved.bin	tc1243_flow2	CWE789_Uncontrolled_Mem_Alloc__listen_tcp_ArrayList_05.java	158	CWE789_Uncontrolled_Mem_Alloc__listen_tcp_ArrayList_05.java	163
/home/swlab/Documents/swvul/java-vuln-detection/slicing/output/CPG/cwe789_cpg/cwe789-1243-cpg-resolved.bin	tc1243_flow3	CWE789_Uncontrolled_Mem_Alloc__listen_tcp_ArrayList_05.java	174	CWE789_Uncontrolled_Mem_Alloc__listen_tcp_ArrayList_05.java	184
/home/swlab/Documents/swvul/java-vuln-detection/slicing/output/CPG/cwe789_cpg/cwe789-1244-cpg-resolved.bin	tc1244_flow1	CWE789_Uncontrolled_Mem_Alloc__listen_tcp_ArrayList_06.java	60	CWE789_Uncontrolled_Mem_Alloc__listen_tcp_ArrayList_06.java	139
/home/swlab/Documents/swvul/java-vuln-detection/slicing/output/CPG/cwe789_cpg/cwe789-1244-cpg-resolved.bin	tc1244_flow2	CWE789_Uncontrolled_Mem_Alloc__listen_tcp_ArrayList_06.java	157	CWE789_Uncontrolled_Mem_Alloc__listen_tcp_ArrayList_06.java	162
/home/swlab/Documents/swvul/java-vuln-detection/slicing/output/CPG/cwe789_cpg/cwe789-1244-cpg-resolved.bin	tc1244_flow3	CWE789_Uncontrolled_Mem_Alloc__listen_tcp_ArrayList_06.java	173	CWE789_Uncontrolled_Mem_Alloc__listen_tcp_ArrayList_06.java	183
/home/swlab/Documents/swvul/java-vuln-detection/slicing/output/CPG/cwe789_cpg/cwe789-1245-cpg-resolved.bin	tc1245_flow1	CWE789_Uncontrolled_Mem_Alloc__listen_tcp_ArrayList_07.java	60	CWE789_Uncontrolled_Mem_Alloc__listen_tcp_ArrayList_07.java	139
/home/swlab/Documents/swvul/java-vuln-detection/slicing/output/CPG/cwe789_cpg/cwe789-1245-cpg-resolved.bin	tc1245_flow2	CWE789_Uncontrolled_Mem_Alloc__listen_tcp_ArrayList_07.java	157	CWE789_Uncontrolled_Mem_Alloc__listen_tcp_ArrayList_07.java	162
/home/swlab/Documents/swvul/java-vuln-detection/slicing/output/CPG/cwe789_cpg/cwe789-1245-cpg-resolved.bin	tc1245_flow3	CWE789_Uncontrolled_Mem_Alloc__listen_tcp_ArrayList_07.java	173	CWE789_Uncontrolled_Mem_Alloc__listen_tcp_ArrayList_07.java	183
/home/swlab/Documents/swvul/java-vuln-detection/slicing/output/CPG/cwe789_cpg/cwe789-1246-cpg-resolved.bin	tc1246_flow1	CWE789_Uncontrolled_Mem_Alloc__listen_tcp_ArrayList_08.java	68	CWE789_Uncontrolled_Mem_Alloc__listen_tcp_ArrayList_08.java	147
/home/swlab/Documents/swvul/java-vuln-detection/slicing/output/CPG/cwe789_cpg/cwe789-1246-cpg-resolved.bin	tc1246_flow2	CWE789_Uncontrolled_Mem_Alloc__listen_tcp_ArrayList_08.java	165	CWE789_Uncontrolled_Mem_Alloc__listen_tcp_ArrayList_08.java	170
/home/swlab/Documents/swvul/java-vuln-detection/slicing/output/CPG/cwe789_cpg/cwe789-1246-cpg-resolved.bin	tc1246_flow3	CWE789_Uncontrolled_Mem_Alloc__listen_tcp_ArrayList_08.java	181	CWE789_Uncontrolled_Mem_Alloc__listen_tcp_ArrayList_08.java	191
/home/swlab/Documents/swvul/java-vuln-detection/slicing/output/CPG/cwe789_cpg/cwe789-1247-cpg-resolved.bin	tc1247_flow1	CWE789_Uncontrolled_Mem_Alloc__listen_tcp_ArrayList_09.java	54	CWE789_Uncontrolled_Mem_Alloc__listen_tcp_ArrayList_09.java	133
/home/swlab/Documents/swvul/java-vuln-detection/slicing/output/CPG/cwe789_cpg/cwe789-1247-cpg-resolved.bin	tc1247_flow2	CWE789_Uncontrolled_Mem_Alloc__listen_tcp_ArrayList_09.java	151	CWE789_Uncontrolled_Mem_Alloc__listen_tcp_ArrayList_09.java	156
/home/swlab/Documents/swvul/java-vuln-detection/slicing/output/CPG/cwe789_cpg/cwe789-1247-cpg-resolved.bin	tc1247_flow3	CWE789_Uncontrolled_Mem_Alloc__listen_tcp_ArrayList_09.java	167	CWE789_Uncontrolled_Mem_Alloc__listen_tcp_ArrayList_09.java	177
/home/swlab/Documents/swvul/java-vuln-detection/slicing/output/CPG/cwe789_cpg/cwe789-1248-cpg-resolved.bin	tc1248_flow1	CWE789_Uncontrolled_Mem_Alloc__listen_tcp_ArrayList_10.java	54	CWE789_Uncontrolled_Mem_Alloc__listen_tcp_ArrayList_10.java	133
/home/swlab/Documents/swvul/java-vuln-detection/slicing/output/CPG/cwe789_cpg/cwe789-1248-cpg-resolved.bin	tc1248_flow2	CWE789_Uncontrolled_Mem_Alloc__listen_tcp_ArrayList_10.java	151	CWE789_Uncontrolled_Mem_Alloc__listen_tcp_ArrayList_10.java	156
/home/swlab/Documents/swvul/java-vuln-detection/slicing/output/CPG/cwe789_cpg/cwe789-1248-cpg-resolved.bin	tc1248_flow3	CWE789_Uncontrolled_Mem_Alloc__listen_tcp_ArrayList_10.java	167	CWE789_Uncontrolled_Mem_Alloc__listen_tcp_ArrayList_10.java	177
/home/swlab/Documents/swvul/java-vuln-detection/slicing/output/CPG/cwe789_cpg/cwe789-1249-cpg-resolved.bin	tc1249_flow1	CWE789_Uncontrolled_Mem_Alloc__listen_tcp_ArrayList_11.java	54	CWE789_Uncontrolled_Mem_Alloc__listen_tcp_ArrayList_11.java	133
/home/swlab/Documents/swvul/java-vuln-detection/slicing/output/CPG/cwe789_cpg/cwe789-1249-cpg-resolved.bin	tc1249_flow2	CWE789_Uncontrolled_Mem_Alloc__listen_tcp_ArrayList_11.java	151	CWE789_Uncontrolled_Mem_Alloc__listen_tcp_ArrayList_11.java	156
/home/swlab/Documents/swvul/java-vuln-detection/slicing/output/CPG/cwe789_cpg/cwe789-1249-cpg-resolved.bin	tc1249_flow3	CWE789_Uncontrolled_Mem_Alloc__listen_tcp_ArrayList_11.java	167	CWE789_Uncontrolled_Mem_Alloc__listen_tcp_ArrayList_11.java	177
/home/swlab/Documents/swvul/java-vuln-detection/slicing/output/CPG/cwe789_cpg/cwe789-1250-cpg-resolved.bin	tc1250_flow1	CWE789_Uncontrolled_Mem_Alloc__listen_tcp_ArrayList_12.java	54	CWE789_Uncontrolled_Mem_Alloc__listen_tcp_ArrayList_12.java	134
/home/swlab/Documents/swvul/java-vuln-detection/slicing/output/CPG/cwe789_cpg/cwe789-1250-cpg-resolved.bin	tc1250_flow2	CWE789_Uncontrolled_Mem_Alloc__listen_tcp_ArrayList_12.java	146	CWE789_Uncontrolled_Mem_Alloc__listen_tcp_ArrayList_12.java	157
/home/swlab/Documents/swvul/java-vuln-detection/slicing/output/CPG/cwe789_cpg/cwe789-1251-cpg-resolved.bin	tc1251_flow1	CWE789_Uncontrolled_Mem_Alloc__listen_tcp_ArrayList_13.java	54	CWE789_Uncontrolled_Mem_Alloc__listen_tcp_ArrayList_13.java	133
/home/swlab/Documents/swvul/java-vuln-detection/slicing/output/CPG/cwe789_cpg/cwe789-1251-cpg-resolved.bin	tc1251_flow2	CWE789_Uncontrolled_Mem_Alloc__listen_tcp_ArrayList_13.java	151	CWE789_Uncontrolled_Mem_Alloc__listen_tcp_ArrayList_13.java	156
/home/swlab/Documents/swvul/java-vuln-detection/slicing/output/CPG/cwe789_cpg/cwe789-1251-cpg-resolved.bin	tc1251_flow3	CWE789_Uncontrolled_Mem_Alloc__listen_tcp_ArrayList_13.java	167	CWE789_Uncontrolled_Mem_Alloc__listen_tcp_ArrayList_13.java	177
/home/swlab/Documents/swvul/java-vuln-detection/slicing/output/CPG/cwe789_cpg/cwe789-1252-cpg-resolved.bin	tc1252_flow1	CWE789_Uncontrolled_Mem_Alloc__listen_tcp_ArrayList_14.java	54	CWE789_Uncontrolled_Mem_Alloc__listen_tcp_ArrayList_14.java	133
/home/swlab/Documents/swvul/java-vuln-detection/slicing/output/CPG/cwe789_cpg/cwe789-1252-cpg-resolved.bin	tc1252_flow2	CWE789_Uncontrolled_Mem_Alloc__listen_tcp_ArrayList_14.java	151	CWE789_Uncontrolled_Mem_Alloc__listen_tcp_ArrayList_14.java	156
/home/swlab/Documents/swvul/java-vuln-detection/slicing/output/CPG/cwe789_cpg/cwe789-1252-cpg-resolved.bin	tc1252_flow3	CWE789_Uncontrolled_Mem_Alloc__listen_tcp_ArrayList_14.java	167	CWE789_Uncontrolled_Mem_Alloc__listen_tcp_ArrayList_14.java	177
/home/swlab/Documents/swvul/java-vuln-detection/slicing/output/CPG/cwe789_cpg/cwe789-1253-cpg-resolved.bin	tc1253_flow1	CWE789_Uncontrolled_Mem_Alloc__listen_tcp_ArrayList_15.java	56	CWE789_Uncontrolled_Mem_Alloc__listen_tcp_ArrayList_15.java	135
/home/swlab/Documents/swvul/java-vuln-detection/slicing/output/CPG/cwe789_cpg/cwe789-1253-cpg-resolved.bin	tc1253_flow2	CWE789_Uncontrolled_Mem_Alloc__listen_tcp_ArrayList_15.java	153	CWE789_Uncontrolled_Mem_Alloc__listen_tcp_ArrayList_15.java	158
/home/swlab/Documents/swvul/java-vuln-detection/slicing/output/CPG/cwe789_cpg/cwe789-1253-cpg-resolved.bin	tc1253_flow3	CWE789_Uncontrolled_Mem_Alloc__listen_tcp_ArrayList_15.java	171	CWE789_Uncontrolled_Mem_Alloc__listen_tcp_ArrayList_15.java	181
/home/swlab/Documents/swvul/java-vuln-detection/slicing/output/CPG/cwe789_cpg/cwe789-1254-cpg-resolved.bin	tc1254_flow1	CWE789_Uncontrolled_Mem_Alloc__listen_tcp_ArrayList_16.java	55	CWE789_Uncontrolled_Mem_Alloc__listen_tcp_ArrayList_16.java	129
/home/swlab/Documents/swvul/java-vuln-detection/slicing/output/CPG/cwe789_cpg/cwe789-1254-cpg-resolved.bin	tc1254_flow2	CWE789_Uncontrolled_Mem_Alloc__listen_tcp_ArrayList_16.java	141	CWE789_Uncontrolled_Mem_Alloc__listen_tcp_ArrayList_16.java	146
/home/swlab/Documents/swvul/java-vuln-detection/slicing/output/CPG/cwe789_cpg/cwe789-1255-cpg-resolved.bin	tc1255_flow1	CWE789_Uncontrolled_Mem_Alloc__listen_tcp_ArrayList_17.java	58	CWE789_Uncontrolled_Mem_Alloc__listen_tcp_ArrayList_17.java	132
/home/swlab/Documents/swvul/java-vuln-detection/slicing/output/CPG/cwe789_cpg/cwe789-1255-cpg-resolved.bin	tc1255_flow2	CWE789_Uncontrolled_Mem_Alloc__listen_tcp_ArrayList_17.java	143	CWE789_Uncontrolled_Mem_Alloc__listen_tcp_ArrayList_17.java	148
/home/swlab/Documents/swvul/java-vuln-detection/slicing/output/CPG/cwe789_cpg/cwe789-1256-cpg-resolved.bin	tc1256_flow1	CWE789_Uncontrolled_Mem_Alloc__listen_tcp_ArrayList_21.java	70	CWE789_Uncontrolled_Mem_Alloc__listen_tcp_ArrayList_21.java	45
/home/swlab/Documents/swvul/java-vuln-detection/slicing/output/CPG/cwe789_cpg/cwe789-1256-cpg-resolved.bin	tc1256_flow2	CWE789_Uncontrolled_Mem_Alloc__listen_tcp_ArrayList_21.java	188	CWE789_Uncontrolled_Mem_Alloc__listen_tcp_ArrayList_21.java	170
/home/swlab/Documents/swvul/java-vuln-detection/slicing/output/CPG/cwe789_cpg/cwe789-1256-cpg-resolved.bin	tc1256_flow3	CWE789_Uncontrolled_Mem_Alloc__listen_tcp_ArrayList_21.java	215	CWE789_Uncontrolled_Mem_Alloc__listen_tcp_ArrayList_21.java	204
/home/swlab/Documents/swvul/java-vuln-detection/slicing/output/CPG/cwe789_cpg/cwe789-1257-cpg-resolved.bin	tc1257_flow1	CWE789_Uncontrolled_Mem_Alloc__listen_tcp_ArrayList_22b.java	53	CWE789_Uncontrolled_Mem_Alloc__listen_tcp_ArrayList_22a.java	38
/home/swlab/Documents/swvul/java-vuln-detection/slicing/output/CPG/cwe789_cpg/cwe789-1257-cpg-resolved.bin	tc1257_flow2	CWE789_Uncontrolled_Mem_Alloc__listen_tcp_ArrayList_22b.java	148	CWE789_Uncontrolled_Mem_Alloc__listen_tcp_ArrayList_22a.java	62
/home/swlab/Documents/swvul/java-vuln-detection/slicing/output/CPG/cwe789_cpg/cwe789-1257-cpg-resolved.bin	tc1257_flow3	CWE789_Uncontrolled_Mem_Alloc__listen_tcp_ArrayList_22b.java	163	CWE789_Uncontrolled_Mem_Alloc__listen_tcp_ArrayList_22a.java	75
/home/swlab/Documents/swvul/java-vuln-detection/slicing/output/CPG/cwe789_cpg/cwe789-1258-cpg-resolved.bin	tc1258_flow1	CWE789_Uncontrolled_Mem_Alloc__listen_tcp_ArrayList_31.java	61	CWE789_Uncontrolled_Mem_Alloc__listen_tcp_ArrayList_31.java	138
/home/swlab/Documents/swvul/java-vuln-detection/slicing/output/CPG/cwe789_cpg/cwe789-1258-cpg-resolved.bin	tc1258_flow2	CWE789_Uncontrolled_Mem_Alloc__listen_tcp_ArrayList_31.java	156	CWE789_Uncontrolled_Mem_Alloc__listen_tcp_ArrayList_31.java	164
/home/swlab/Documents/swvul/java-vuln-detection/slicing/output/CPG/cwe789_cpg/cwe789-1259-cpg-resolved.bin	tc1259_flow1	CWE789_Uncontrolled_Mem_Alloc__listen_tcp_ArrayList_41.java	65	CWE789_Uncontrolled_Mem_Alloc__listen_tcp_ArrayList_41.java	37
/home/swlab/Documents/swvul/java-vuln-detection/slicing/output/CPG/cwe789_cpg/cwe789-1259-cpg-resolved.bin	tc1259_flow2	CWE789_Uncontrolled_Mem_Alloc__listen_tcp_ArrayList_41.java	158	CWE789_Uncontrolled_Mem_Alloc__listen_tcp_ArrayList_41.java	148
/home/swlab/Documents/swvul/java-vuln-detection/slicing/output/CPG/cwe789_cpg/cwe789-1260-cpg-resolved.bin	tc1260_flow1	CWE789_Uncontrolled_Mem_Alloc__listen_tcp_ArrayList_42.java	57	CWE789_Uncontrolled_Mem_Alloc__listen_tcp_ArrayList_42.java	137
/home/swlab/Documents/swvul/java-vuln-detection/slicing/output/CPG/cwe789_cpg/cwe789-1260-cpg-resolved.bin	tc1260_flow2	CWE789_Uncontrolled_Mem_Alloc__listen_tcp_ArrayList_42.java	146	CWE789_Uncontrolled_Mem_Alloc__listen_tcp_ArrayList_42.java	157
/home/swlab/Documents/swvul/java-vuln-detection/slicing/output/CPG/cwe789_cpg/cwe789-1261-cpg-resolved.bin	tc1261_flow1	CWE789_Uncontrolled_Mem_Alloc__listen_tcp_ArrayList_45.java	71	CWE789_Uncontrolled_Mem_Alloc__listen_tcp_ArrayList_45.java	42
/home/swlab/Documents/swvul/java-vuln-detection/slicing/output/CPG/cwe789_cpg/cwe789-1261-cpg-resolved.bin	tc1261_flow2	CWE789_Uncontrolled_Mem_Alloc__listen_tcp_ArrayList_45.java	166	CWE789_Uncontrolled_Mem_Alloc__listen_tcp_ArrayList_45.java	156
/home/swlab/Documents/swvul/java-vuln-detection/slicing/output/CPG/cwe789_cpg/cwe789-1262-cpg-resolved.bin	tc1262_flow1	CWE789_Uncontrolled_Mem_Alloc__listen_tcp_ArrayList_51a.java	55	CWE789_Uncontrolled_Mem_Alloc__listen_tcp_ArrayList_51b.java	29
/home/swlab/Documents/swvul/java-vuln-detection/slicing/output/CPG/cwe789_cpg/cwe789-1262-cpg-resolved.bin	tc1262_flow2	CWE789_Uncontrolled_Mem_Alloc__listen_tcp_ArrayList_51a.java	140	CWE789_Uncontrolled_Mem_Alloc__listen_tcp_ArrayList_51b.java	38
/home/swlab/Documents/swvul/java-vuln-detection/slicing/output/CPG/cwe789_cpg/cwe789-1263-cpg-resolved.bin	tc1263_flow1	CWE789_Uncontrolled_Mem_Alloc__listen_tcp_ArrayList_52a.java	56	CWE789_Uncontrolled_Mem_Alloc__listen_tcp_ArrayList_52c.java	30
/home/swlab/Documents/swvul/java-vuln-detection/slicing/output/CPG/cwe789_cpg/cwe789-1263-cpg-resolved.bin	tc1263_flow2	CWE789_Uncontrolled_Mem_Alloc__listen_tcp_ArrayList_52a.java	141	CWE789_Uncontrolled_Mem_Alloc__listen_tcp_ArrayList_52c.java	39
/home/swlab/Documents/swvul/java-vuln-detection/slicing/output/CPG/cwe789_cpg/cwe789-1264-cpg-resolved.bin	tc1264_flow1	CWE789_Uncontrolled_Mem_Alloc__listen_tcp_ArrayList_53a.java	56	CWE789_Uncontrolled_Mem_Alloc__listen_tcp_ArrayList_53d.java	30
/home/swlab/Documents/swvul/java-vuln-detection/slicing/output/CPG/cwe789_cpg/cwe789-1264-cpg-resolved.bin	tc1264_flow2	CWE789_Uncontrolled_Mem_Alloc__listen_tcp_ArrayList_53a.java	141	CWE789_Uncontrolled_Mem_Alloc__listen_tcp_ArrayList_53d.java	39
/home/swlab/Documents/swvul/java-vuln-detection/slicing/output/CPG/cwe789_cpg/cwe789-1265-cpg-resolved.bin	tc1265_flow1	CWE789_Uncontrolled_Mem_Alloc__listen_tcp_ArrayList_54a.java	56	CWE789_Uncontrolled_Mem_Alloc__listen_tcp_ArrayList_54e.java	30
/home/swlab/Documents/swvul/java-vuln-detection/slicing/output/CPG/cwe789_cpg/cwe789-1265-cpg-resolved.bin	tc1265_flow2	CWE789_Uncontrolled_Mem_Alloc__listen_tcp_ArrayList_54a.java	141	CWE789_Uncontrolled_Mem_Alloc__listen_tcp_ArrayList_54e.java	39
/home/swlab/Documents/swvul/java-vuln-detection/slicing/output/CPG/cwe789_cpg/cwe789-1266-cpg-resolved.bin	tc1266_flow1	CWE789_Uncontrolled_Mem_Alloc__listen_tcp_ArrayList_61b.java	56	CWE789_Uncontrolled_Mem_Alloc__listen_tcp_ArrayList_61a.java	31
/home/swlab/Documents/swvul/java-vuln-detection/slicing/output/CPG/cwe789_cpg/cwe789-1266-cpg-resolved.bin	tc1266_flow2	CWE789_Uncontrolled_Mem_Alloc__listen_tcp_ArrayList_61b.java	136	CWE789_Uncontrolled_Mem_Alloc__listen_tcp_ArrayList_61a.java	46
/home/swlab/Documents/swvul/java-vuln-detection/slicing/output/CPG/cwe789_cpg/cwe789-1267-cpg-resolved.bin	tc1267_flow1	CWE789_Uncontrolled_Mem_Alloc__listen_tcp_ArrayList_66a.java	56	CWE789_Uncontrolled_Mem_Alloc__listen_tcp_ArrayList_66b.java	31
/home/swlab/Documents/swvul/java-vuln-detection/slicing/output/CPG/cwe789_cpg/cwe789-1267-cpg-resolved.bin	tc1267_flow2	CWE789_Uncontrolled_Mem_Alloc__listen_tcp_ArrayList_66a.java	143	CWE789_Uncontrolled_Mem_Alloc__listen_tcp_ArrayList_66b.java	41
/home/swlab/Documents/swvul/java-vuln-detection/slicing/output/CPG/cwe789_cpg/cwe789-1268-cpg-resolved.bin	tc1268_flow1	CWE789_Uncontrolled_Mem_Alloc__listen_tcp_ArrayList_67a.java	61	CWE789_Uncontrolled_Mem_Alloc__listen_tcp_ArrayList_67b.java	31
/home/swlab/Documents/swvul/java-vuln-detection/slicing/output/CPG/cwe789_cpg/cwe789-1268-cpg-resolved.bin	tc1268_flow2	CWE789_Uncontrolled_Mem_Alloc__listen_tcp_ArrayList_67a.java	148	CWE789_Uncontrolled_Mem_Alloc__listen_tcp_ArrayList_67b.java	41
/home/swlab/Documents/swvul/java-vuln-detection/slicing/output/CPG/cwe789_cpg/cwe789-1269-cpg-resolved.bin	tc1269_flow1	CWE789_Uncontrolled_Mem_Alloc__listen_tcp_ArrayList_68a.java	56	CWE789_Uncontrolled_Mem_Alloc__listen_tcp_ArrayList_68b.java	30
/home/swlab/Documents/swvul/java-vuln-detection/slicing/output/CPG/cwe789_cpg/cwe789-1269-cpg-resolved.bin	tc1269_flow2	CWE789_Uncontrolled_Mem_Alloc__listen_tcp_ArrayList_68a.java	140	CWE789_Uncontrolled_Mem_Alloc__listen_tcp_ArrayList_68b.java	40
/home/swlab/Documents/swvul/java-vuln-detection/slicing/output/CPG/cwe789_cpg/cwe789-1270-cpg-resolved.bin	tc1270_flow1	CWE789_Uncontrolled_Mem_Alloc__listen_tcp_ArrayList_71a.java	56	CWE789_Uncontrolled_Mem_Alloc__listen_tcp_ArrayList_71b.java	31
/home/swlab/Documents/swvul/java-vuln-detection/slicing/output/CPG/cwe789_cpg/cwe789-1270-cpg-resolved.bin	tc1270_flow2	CWE789_Uncontrolled_Mem_Alloc__listen_tcp_ArrayList_71a.java	141	CWE789_Uncontrolled_Mem_Alloc__listen_tcp_ArrayList_71b.java	41
/home/swlab/Documents/swvul/java-vuln-detection/slicing/output/CPG/cwe789_cpg/cwe789-1271-cpg-resolved.bin	tc1271_flow1	CWE789_Uncontrolled_Mem_Alloc__listen_tcp_ArrayList_72a.java	57	CWE789_Uncontrolled_Mem_Alloc__listen_tcp_ArrayList_72b.java	32
/home/swlab/Documents/swvul/java-vuln-detection/slicing/output/CPG/cwe789_cpg/cwe789-1271-cpg-resolved.bin	tc1271_flow2	CWE789_Uncontrolled_Mem_Alloc__listen_tcp_ArrayList_72a.java	146	CWE789_Uncontrolled_Mem_Alloc__listen_tcp_ArrayList_72b.java	42
/home/swlab/Documents/swvul/java-vuln-detection/slicing/output/CPG/cwe789_cpg/cwe789-1272-cpg-resolved.bin	tc1272_flow1	CWE789_Uncontrolled_Mem_Alloc__listen_tcp_ArrayList_73a.java	57	CWE789_Uncontrolled_Mem_Alloc__listen_tcp_ArrayList_73b.java	32
/home/swlab/Documents/swvul/java-vuln-detection/slicing/output/CPG/cwe789_cpg/cwe789-1272-cpg-resolved.bin	tc1272_flow2	CWE789_Uncontrolled_Mem_Alloc__listen_tcp_ArrayList_73a.java	146	CWE789_Uncontrolled_Mem_Alloc__listen_tcp_ArrayList_73b.java	42
/home/swlab/Documents/swvul/java-vuln-detection/slicing/output/CPG/cwe789_cpg/cwe789-1273-cpg-resolved.bin	tc1273_flow1	CWE789_Uncontrolled_Mem_Alloc__listen_tcp_ArrayList_74a.java	57	CWE789_Uncontrolled_Mem_Alloc__listen_tcp_ArrayList_74b.java	32
/home/swlab/Documents/swvul/java-vuln-detection/slicing/output/CPG/cwe789_cpg/cwe789-1273-cpg-resolved.bin	tc1273_flow2	CWE789_Uncontrolled_Mem_Alloc__listen_tcp_ArrayList_74a.java	146	CWE789_Uncontrolled_Mem_Alloc__listen_tcp_ArrayList_74b.java	42
/home/swlab/Documents/swvul/java-vuln-detection/slicing/output/CPG/cwe789_cpg/cwe789-1274-cpg-resolved.bin	tc1274_flow1	CWE789_Uncontrolled_Mem_Alloc__listen_tcp_ArrayList_75a.java	59	CWE789_Uncontrolled_Mem_Alloc__listen_tcp_ArrayList_75b.java	43
/home/swlab/Documents/swvul/java-vuln-detection/slicing/output/CPG/cwe789_cpg/cwe789-1274-cpg-resolved.bin	tc1274_flow2	CWE789_Uncontrolled_Mem_Alloc__listen_tcp_ArrayList_75a.java	186	CWE789_Uncontrolled_Mem_Alloc__listen_tcp_ArrayList_75b.java	97
/home/swlab/Documents/swvul/java-vuln-detection/slicing/output/CPG/cwe789_cpg/cwe789-1275-cpg-resolved.bin	tc1275_flow1	CWE789_Uncontrolled_Mem_Alloc__listen_tcp_ArrayList_81a.java	56	CWE789_Uncontrolled_Mem_Alloc__listen_tcp_ArrayList_81_bad.java	30
/home/swlab/Documents/swvul/java-vuln-detection/slicing/output/CPG/cwe789_cpg/cwe789-1275-cpg-resolved.bin	tc1275_flow2	CWE789_Uncontrolled_Mem_Alloc__listen_tcp_ArrayList_81a.java	142	CWE789_Uncontrolled_Mem_Alloc__listen_tcp_ArrayList_81_goodG2B.java	30
/home/swlab/Documents/swvul/java-vuln-detection/slicing/output/CPG/cwe789_cpg/cwe789-1276-cpg-resolved.bin	tc1276_flow1	CWE789_Uncontrolled_Mem_Alloc__listen_tcp_HashMap_01.java	58	CWE789_Uncontrolled_Mem_Alloc__listen_tcp_HashMap_01.java	130
/home/swlab/Documents/swvul/java-vuln-detection/slicing/output/CPG/cwe789_cpg/cwe789-1276-cpg-resolved.bin	tc1276_flow2	CWE789_Uncontrolled_Mem_Alloc__listen_tcp_HashMap_01.java	145	CWE789_Uncontrolled_Mem_Alloc__listen_tcp_HashMap_01.java	148
/home/swlab/Documents/swvul/java-vuln-detection/slicing/output/CPG/cwe789_cpg/cwe789-1277-cpg-resolved.bin	tc1277_flow1	CWE789_Uncontrolled_Mem_Alloc__listen_tcp_HashMap_02.java	54	CWE789_Uncontrolled_Mem_Alloc__listen_tcp_HashMap_02.java	133
/home/swlab/Documents/swvul/java-vuln-detection/slicing/output/CPG/cwe789_cpg/cwe789-1277-cpg-resolved.bin	tc1277_flow2	CWE789_Uncontrolled_Mem_Alloc__listen_tcp_HashMap_02.java	151	CWE789_Uncontrolled_Mem_Alloc__listen_tcp_HashMap_02.java	156
/home/swlab/Documents/swvul/java-vuln-detection/slicing/output/CPG/cwe789_cpg/cwe789-1277-cpg-resolved.bin	tc1277_flow3	CWE789_Uncontrolled_Mem_Alloc__listen_tcp_HashMap_02.java	167	CWE789_Uncontrolled_Mem_Alloc__listen_tcp_HashMap_02.java	177
/home/swlab/Documents/swvul/java-vuln-detection/slicing/output/CPG/cwe789_cpg/cwe789-1278-cpg-resolved.bin	tc1278_flow1	CWE789_Uncontrolled_Mem_Alloc__listen_tcp_HashMap_03.java	54	CWE789_Uncontrolled_Mem_Alloc__listen_tcp_HashMap_03.java	133
/home/swlab/Documents/swvul/java-vuln-detection/slicing/output/CPG/cwe789_cpg/cwe789-1278-cpg-resolved.bin	tc1278_flow2	CWE789_Uncontrolled_Mem_Alloc__listen_tcp_HashMap_03.java	151	CWE789_Uncontrolled_Mem_Alloc__listen_tcp_HashMap_03.java	156
/home/swlab/Documents/swvul/java-vuln-detection/slicing/output/CPG/cwe789_cpg/cwe789-1278-cpg-resolved.bin	tc1278_flow3	CWE789_Uncontrolled_Mem_Alloc__listen_tcp_HashMap_03.java	167	CWE789_Uncontrolled_Mem_Alloc__listen_tcp_HashMap_03.java	177
/home/swlab/Documents/swvul/java-vuln-detection/slicing/output/CPG/cwe789_cpg/cwe789-1279-cpg-resolved.bin	tc1279_flow1	CWE789_Uncontrolled_Mem_Alloc__listen_tcp_HashMap_04.java	61	CWE789_Uncontrolled_Mem_Alloc__listen_tcp_HashMap_04.java	140
/home/swlab/Documents/swvul/java-vuln-detection/slicing/output/CPG/cwe789_cpg/cwe789-1279-cpg-resolved.bin	tc1279_flow2	CWE789_Uncontrolled_Mem_Alloc__listen_tcp_HashMap_04.java	158	CWE789_Uncontrolled_Mem_Alloc__listen_tcp_HashMap_04.java	163
/home/swlab/Documents/swvul/java-vuln-detection/slicing/output/CPG/cwe789_cpg/cwe789-1279-cpg-resolved.bin	tc1279_flow3	CWE789_Uncontrolled_Mem_Alloc__listen_tcp_HashMap_04.java	174	CWE789_Uncontrolled_Mem_Alloc__listen_tcp_HashMap_04.java	184
/home/swlab/Documents/swvul/java-vuln-detection/slicing/output/CPG/cwe789_cpg/cwe789-1280-cpg-resolved.bin	tc1280_flow1	CWE789_Uncontrolled_Mem_Alloc__listen_tcp_HashMap_05.java	61	CWE789_Uncontrolled_Mem_Alloc__listen_tcp_HashMap_05.java	140
/home/swlab/Documents/swvul/java-vuln-detection/slicing/output/CPG/cwe789_cpg/cwe789-1280-cpg-resolved.bin	tc1280_flow2	CWE789_Uncontrolled_Mem_Alloc__listen_tcp_HashMap_05.java	158	CWE789_Uncontrolled_Mem_Alloc__listen_tcp_HashMap_05.java	163
/home/swlab/Documents/swvul/java-vuln-detection/slicing/output/CPG/cwe789_cpg/cwe789-1280-cpg-resolved.bin	tc1280_flow3	CWE789_Uncontrolled_Mem_Alloc__listen_tcp_HashMap_05.java	174	CWE789_Uncontrolled_Mem_Alloc__listen_tcp_HashMap_05.java	184
/home/swlab/Documents/swvul/java-vuln-detection/slicing/output/CPG/cwe789_cpg/cwe789-1281-cpg-resolved.bin	tc1281_flow1	CWE789_Uncontrolled_Mem_Alloc__listen_tcp_HashMap_06.java	60	CWE789_Uncontrolled_Mem_Alloc__listen_tcp_HashMap_06.java	139
/home/swlab/Documents/swvul/java-vuln-detection/slicing/output/CPG/cwe789_cpg/cwe789-1281-cpg-resolved.bin	tc1281_flow2	CWE789_Uncontrolled_Mem_Alloc__listen_tcp_HashMap_06.java	157	CWE789_Uncontrolled_Mem_Alloc__listen_tcp_HashMap_06.java	162
/home/swlab/Documents/swvul/java-vuln-detection/slicing/output/CPG/cwe789_cpg/cwe789-1281-cpg-resolved.bin	tc1281_flow3	CWE789_Uncontrolled_Mem_Alloc__listen_tcp_HashMap_06.java	173	CWE789_Uncontrolled_Mem_Alloc__listen_tcp_HashMap_06.java	183
/home/swlab/Documents/swvul/java-vuln-detection/slicing/output/CPG/cwe789_cpg/cwe789-1282-cpg-resolved.bin	tc1282_flow1	CWE789_Uncontrolled_Mem_Alloc__listen_tcp_HashMap_07.java	60	CWE789_Uncontrolled_Mem_Alloc__listen_tcp_HashMap_07.java	139
/home/swlab/Documents/swvul/java-vuln-detection/slicing/output/CPG/cwe789_cpg/cwe789-1282-cpg-resolved.bin	tc1282_flow2	CWE789_Uncontrolled_Mem_Alloc__listen_tcp_HashMap_07.java	157	CWE789_Uncontrolled_Mem_Alloc__listen_tcp_HashMap_07.java	162
/home/swlab/Documents/swvul/java-vuln-detection/slicing/output/CPG/cwe789_cpg/cwe789-1282-cpg-resolved.bin	tc1282_flow3	CWE789_Uncontrolled_Mem_Alloc__listen_tcp_HashMap_07.java	173	CWE789_Uncontrolled_Mem_Alloc__listen_tcp_HashMap_07.java	183
/home/swlab/Documents/swvul/java-vuln-detection/slicing/output/CPG/cwe789_cpg/cwe789-1283-cpg-resolved.bin	tc1283_flow1	CWE789_Uncontrolled_Mem_Alloc__listen_tcp_HashMap_08.java	68	CWE789_Uncontrolled_Mem_Alloc__listen_tcp_HashMap_08.java	147
/home/swlab/Documents/swvul/java-vuln-detection/slicing/output/CPG/cwe789_cpg/cwe789-1283-cpg-resolved.bin	tc1283_flow2	CWE789_Uncontrolled_Mem_Alloc__listen_tcp_HashMap_08.java	165	CWE789_Uncontrolled_Mem_Alloc__listen_tcp_HashMap_08.java	170
/home/swlab/Documents/swvul/java-vuln-detection/slicing/output/CPG/cwe789_cpg/cwe789-1283-cpg-resolved.bin	tc1283_flow3	CWE789_Uncontrolled_Mem_Alloc__listen_tcp_HashMap_08.java	181	CWE789_Uncontrolled_Mem_Alloc__listen_tcp_HashMap_08.java	191
/home/swlab/Documents/swvul/java-vuln-detection/slicing/output/CPG/cwe789_cpg/cwe789-1284-cpg-resolved.bin	tc1284_flow1	CWE789_Uncontrolled_Mem_Alloc__listen_tcp_HashMap_09.java	54	CWE789_Uncontrolled_Mem_Alloc__listen_tcp_HashMap_09.java	133
/home/swlab/Documents/swvul/java-vuln-detection/slicing/output/CPG/cwe789_cpg/cwe789-1284-cpg-resolved.bin	tc1284_flow2	CWE789_Uncontrolled_Mem_Alloc__listen_tcp_HashMap_09.java	151	CWE789_Uncontrolled_Mem_Alloc__listen_tcp_HashMap_09.java	156
/home/swlab/Documents/swvul/java-vuln-detection/slicing/output/CPG/cwe789_cpg/cwe789-1284-cpg-resolved.bin	tc1284_flow3	CWE789_Uncontrolled_Mem_Alloc__listen_tcp_HashMap_09.java	167	CWE789_Uncontrolled_Mem_Alloc__listen_tcp_HashMap_09.java	177
/home/swlab/Documents/swvul/java-vuln-detection/slicing/output/CPG/cwe789_cpg/cwe789-1285-cpg-resolved.bin	tc1285_flow1	CWE789_Uncontrolled_Mem_Alloc__listen_tcp_HashMap_10.java	54	CWE789_Uncontrolled_Mem_Alloc__listen_tcp_HashMap_10.java	133
/home/swlab/Documents/swvul/java-vuln-detection/slicing/output/CPG/cwe789_cpg/cwe789-1285-cpg-resolved.bin	tc1285_flow2	CWE789_Uncontrolled_Mem_Alloc__listen_tcp_HashMap_10.java	151	CWE789_Uncontrolled_Mem_Alloc__listen_tcp_HashMap_10.java	156
/home/swlab/Documents/swvul/java-vuln-detection/slicing/output/CPG/cwe789_cpg/cwe789-1285-cpg-resolved.bin	tc1285_flow3	CWE789_Uncontrolled_Mem_Alloc__listen_tcp_HashMap_10.java	167	CWE789_Uncontrolled_Mem_Alloc__listen_tcp_HashMap_10.java	177
/home/swlab/Documents/swvul/java-vuln-detection/slicing/output/CPG/cwe789_cpg/cwe789-1286-cpg-resolved.bin	tc1286_flow1	CWE789_Uncontrolled_Mem_Alloc__listen_tcp_HashMap_11.java	54	CWE789_Uncontrolled_Mem_Alloc__listen_tcp_HashMap_11.java	133
/home/swlab/Documents/swvul/java-vuln-detection/slicing/output/CPG/cwe789_cpg/cwe789-1286-cpg-resolved.bin	tc1286_flow2	CWE789_Uncontrolled_Mem_Alloc__listen_tcp_HashMap_11.java	151	CWE789_Uncontrolled_Mem_Alloc__listen_tcp_HashMap_11.java	156
/home/swlab/Documents/swvul/java-vuln-detection/slicing/output/CPG/cwe789_cpg/cwe789-1286-cpg-resolved.bin	tc1286_flow3	CWE789_Uncontrolled_Mem_Alloc__listen_tcp_HashMap_11.java	167	CWE789_Uncontrolled_Mem_Alloc__listen_tcp_HashMap_11.java	177
/home/swlab/Documents/swvul/java-vuln-detection/slicing/output/CPG/cwe789_cpg/cwe789-1287-cpg-resolved.bin	tc1287_flow1	CWE789_Uncontrolled_Mem_Alloc__listen_tcp_HashMap_12.java	54	CWE789_Uncontrolled_Mem_Alloc__listen_tcp_HashMap_12.java	134
/home/swlab/Documents/swvul/java-vuln-detection/slicing/output/CPG/cwe789_cpg/cwe789-1287-cpg-resolved.bin	tc1287_flow2	CWE789_Uncontrolled_Mem_Alloc__listen_tcp_HashMap_12.java	146	CWE789_Uncontrolled_Mem_Alloc__listen_tcp_HashMap_12.java	157
/home/swlab/Documents/swvul/java-vuln-detection/slicing/output/CPG/cwe789_cpg/cwe789-1288-cpg-resolved.bin	tc1288_flow1	CWE789_Uncontrolled_Mem_Alloc__listen_tcp_HashMap_13.java	54	CWE789_Uncontrolled_Mem_Alloc__listen_tcp_HashMap_13.java	133
/home/swlab/Documents/swvul/java-vuln-detection/slicing/output/CPG/cwe789_cpg/cwe789-1288-cpg-resolved.bin	tc1288_flow2	CWE789_Uncontrolled_Mem_Alloc__listen_tcp_HashMap_13.java	151	CWE789_Uncontrolled_Mem_Alloc__listen_tcp_HashMap_13.java	156
/home/swlab/Documents/swvul/java-vuln-detection/slicing/output/CPG/cwe789_cpg/cwe789-1288-cpg-resolved.bin	tc1288_flow3	CWE789_Uncontrolled_Mem_Alloc__listen_tcp_HashMap_13.java	167	CWE789_Uncontrolled_Mem_Alloc__listen_tcp_HashMap_13.java	177
/home/swlab/Documents/swvul/java-vuln-detection/slicing/output/CPG/cwe789_cpg/cwe789-1289-cpg-resolved.bin	tc1289_flow1	CWE789_Uncontrolled_Mem_Alloc__listen_tcp_HashMap_14.java	54	CWE789_Uncontrolled_Mem_Alloc__listen_tcp_HashMap_14.java	133
/home/swlab/Documents/swvul/java-vuln-detection/slicing/output/CPG/cwe789_cpg/cwe789-1289-cpg-resolved.bin	tc1289_flow2	CWE789_Uncontrolled_Mem_Alloc__listen_tcp_HashMap_14.java	151	CWE789_Uncontrolled_Mem_Alloc__listen_tcp_HashMap_14.java	156
/home/swlab/Documents/swvul/java-vuln-detection/slicing/output/CPG/cwe789_cpg/cwe789-1289-cpg-resolved.bin	tc1289_flow3	CWE789_Uncontrolled_Mem_Alloc__listen_tcp_HashMap_14.java	167	CWE789_Uncontrolled_Mem_Alloc__listen_tcp_HashMap_14.java	177
/home/swlab/Documents/swvul/java-vuln-detection/slicing/output/CPG/cwe789_cpg/cwe789-1290-cpg-resolved.bin	tc1290_flow1	CWE789_Uncontrolled_Mem_Alloc__listen_tcp_HashMap_15.java	56	CWE789_Uncontrolled_Mem_Alloc__listen_tcp_HashMap_15.java	135
/home/swlab/Documents/swvul/java-vuln-detection/slicing/output/CPG/cwe789_cpg/cwe789-1290-cpg-resolved.bin	tc1290_flow2	CWE789_Uncontrolled_Mem_Alloc__listen_tcp_HashMap_15.java	153	CWE789_Uncontrolled_Mem_Alloc__listen_tcp_HashMap_15.java	158
/home/swlab/Documents/swvul/java-vuln-detection/slicing/output/CPG/cwe789_cpg/cwe789-1290-cpg-resolved.bin	tc1290_flow3	CWE789_Uncontrolled_Mem_Alloc__listen_tcp_HashMap_15.java	171	CWE789_Uncontrolled_Mem_Alloc__listen_tcp_HashMap_15.java	181
/home/swlab/Documents/swvul/java-vuln-detection/slicing/output/CPG/cwe789_cpg/cwe789-1291-cpg-resolved.bin	tc1291_flow1	CWE789_Uncontrolled_Mem_Alloc__listen_tcp_HashMap_16.java	55	CWE789_Uncontrolled_Mem_Alloc__listen_tcp_HashMap_16.java	129
/home/swlab/Documents/swvul/java-vuln-detection/slicing/output/CPG/cwe789_cpg/cwe789-1291-cpg-resolved.bin	tc1291_flow2	CWE789_Uncontrolled_Mem_Alloc__listen_tcp_HashMap_16.java	141	CWE789_Uncontrolled_Mem_Alloc__listen_tcp_HashMap_16.java	146
/home/swlab/Documents/swvul/java-vuln-detection/slicing/output/CPG/cwe789_cpg/cwe789-1292-cpg-resolved.bin	tc1292_flow1	CWE789_Uncontrolled_Mem_Alloc__listen_tcp_HashMap_17.java	58	CWE789_Uncontrolled_Mem_Alloc__listen_tcp_HashMap_17.java	132
/home/swlab/Documents/swvul/java-vuln-detection/slicing/output/CPG/cwe789_cpg/cwe789-1292-cpg-resolved.bin	tc1292_flow2	CWE789_Uncontrolled_Mem_Alloc__listen_tcp_HashMap_17.java	143	CWE789_Uncontrolled_Mem_Alloc__listen_tcp_HashMap_17.java	148
/home/swlab/Documents/swvul/java-vuln-detection/slicing/output/CPG/cwe789_cpg/cwe789-1293-cpg-resolved.bin	tc1293_flow1	CWE789_Uncontrolled_Mem_Alloc__listen_tcp_HashMap_21.java	70	CWE789_Uncontrolled_Mem_Alloc__listen_tcp_HashMap_21.java	45
/home/swlab/Documents/swvul/java-vuln-detection/slicing/output/CPG/cwe789_cpg/cwe789-1293-cpg-resolved.bin	tc1293_flow2	CWE789_Uncontrolled_Mem_Alloc__listen_tcp_HashMap_21.java	188	CWE789_Uncontrolled_Mem_Alloc__listen_tcp_HashMap_21.java	170
/home/swlab/Documents/swvul/java-vuln-detection/slicing/output/CPG/cwe789_cpg/cwe789-1293-cpg-resolved.bin	tc1293_flow3	CWE789_Uncontrolled_Mem_Alloc__listen_tcp_HashMap_21.java	215	CWE789_Uncontrolled_Mem_Alloc__listen_tcp_HashMap_21.java	204
/home/swlab/Documents/swvul/java-vuln-detection/slicing/output/CPG/cwe789_cpg/cwe789-1294-cpg-resolved.bin	tc1294_flow1	CWE789_Uncontrolled_Mem_Alloc__listen_tcp_HashMap_22b.java	53	CWE789_Uncontrolled_Mem_Alloc__listen_tcp_HashMap_22a.java	38
/home/swlab/Documents/swvul/java-vuln-detection/slicing/output/CPG/cwe789_cpg/cwe789-1294-cpg-resolved.bin	tc1294_flow2	CWE789_Uncontrolled_Mem_Alloc__listen_tcp_HashMap_22b.java	148	CWE789_Uncontrolled_Mem_Alloc__listen_tcp_HashMap_22a.java	62
/home/swlab/Documents/swvul/java-vuln-detection/slicing/output/CPG/cwe789_cpg/cwe789-1294-cpg-resolved.bin	tc1294_flow3	CWE789_Uncontrolled_Mem_Alloc__listen_tcp_HashMap_22b.java	163	CWE789_Uncontrolled_Mem_Alloc__listen_tcp_HashMap_22a.java	75
/home/swlab/Documents/swvul/java-vuln-detection/slicing/output/CPG/cwe789_cpg/cwe789-1295-cpg-resolved.bin	tc1295_flow1	CWE789_Uncontrolled_Mem_Alloc__listen_tcp_HashMap_31.java	61	CWE789_Uncontrolled_Mem_Alloc__listen_tcp_HashMap_31.java	138
/home/swlab/Documents/swvul/java-vuln-detection/slicing/output/CPG/cwe789_cpg/cwe789-1295-cpg-resolved.bin	tc1295_flow2	CWE789_Uncontrolled_Mem_Alloc__listen_tcp_HashMap_31.java	156	CWE789_Uncontrolled_Mem_Alloc__listen_tcp_HashMap_31.java	164
/home/swlab/Documents/swvul/java-vuln-detection/slicing/output/CPG/cwe789_cpg/cwe789-1296-cpg-resolved.bin	tc1296_flow1	CWE789_Uncontrolled_Mem_Alloc__listen_tcp_HashMap_41.java	65	CWE789_Uncontrolled_Mem_Alloc__listen_tcp_HashMap_41.java	37
/home/swlab/Documents/swvul/java-vuln-detection/slicing/output/CPG/cwe789_cpg/cwe789-1296-cpg-resolved.bin	tc1296_flow2	CWE789_Uncontrolled_Mem_Alloc__listen_tcp_HashMap_41.java	158	CWE789_Uncontrolled_Mem_Alloc__listen_tcp_HashMap_41.java	148
/home/swlab/Documents/swvul/java-vuln-detection/slicing/output/CPG/cwe789_cpg/cwe789-1297-cpg-resolved.bin	tc1297_flow1	CWE789_Uncontrolled_Mem_Alloc__listen_tcp_HashMap_42.java	57	CWE789_Uncontrolled_Mem_Alloc__listen_tcp_HashMap_42.java	137
/home/swlab/Documents/swvul/java-vuln-detection/slicing/output/CPG/cwe789_cpg/cwe789-1297-cpg-resolved.bin	tc1297_flow2	CWE789_Uncontrolled_Mem_Alloc__listen_tcp_HashMap_42.java	146	CWE789_Uncontrolled_Mem_Alloc__listen_tcp_HashMap_42.java	157
/home/swlab/Documents/swvul/java-vuln-detection/slicing/output/CPG/cwe789_cpg/cwe789-1298-cpg-resolved.bin	tc1298_flow1	CWE789_Uncontrolled_Mem_Alloc__listen_tcp_HashMap_45.java	71	CWE789_Uncontrolled_Mem_Alloc__listen_tcp_HashMap_45.java	42
/home/swlab/Documents/swvul/java-vuln-detection/slicing/output/CPG/cwe789_cpg/cwe789-1298-cpg-resolved.bin	tc1298_flow2	CWE789_Uncontrolled_Mem_Alloc__listen_tcp_HashMap_45.java	166	CWE789_Uncontrolled_Mem_Alloc__listen_tcp_HashMap_45.java	156
/home/swlab/Documents/swvul/java-vuln-detection/slicing/output/CPG/cwe789_cpg/cwe789-1299-cpg-resolved.bin	tc1299_flow1	CWE789_Uncontrolled_Mem_Alloc__listen_tcp_HashMap_51a.java	55	CWE789_Uncontrolled_Mem_Alloc__listen_tcp_HashMap_51b.java	29
/home/swlab/Documents/swvul/java-vuln-detection/slicing/output/CPG/cwe789_cpg/cwe789-1299-cpg-resolved.bin	tc1299_flow2	CWE789_Uncontrolled_Mem_Alloc__listen_tcp_HashMap_51a.java	140	CWE789_Uncontrolled_Mem_Alloc__listen_tcp_HashMap_51b.java	38
/home/swlab/Documents/swvul/java-vuln-detection/slicing/output/CPG/cwe789_cpg/cwe789-1300-cpg-resolved.bin	tc1300_flow1	CWE789_Uncontrolled_Mem_Alloc__listen_tcp_HashMap_52a.java	56	CWE789_Uncontrolled_Mem_Alloc__listen_tcp_HashMap_52c.java	30
/home/swlab/Documents/swvul/java-vuln-detection/slicing/output/CPG/cwe789_cpg/cwe789-1300-cpg-resolved.bin	tc1300_flow2	CWE789_Uncontrolled_Mem_Alloc__listen_tcp_HashMap_52a.java	141	CWE789_Uncontrolled_Mem_Alloc__listen_tcp_HashMap_52c.java	39
/home/swlab/Documents/swvul/java-vuln-detection/slicing/output/CPG/cwe789_cpg/cwe789-1301-cpg-resolved.bin	tc1301_flow1	CWE789_Uncontrolled_Mem_Alloc__listen_tcp_HashMap_53a.java	56	CWE789_Uncontrolled_Mem_Alloc__listen_tcp_HashMap_53d.java	30
/home/swlab/Documents/swvul/java-vuln-detection/slicing/output/CPG/cwe789_cpg/cwe789-1301-cpg-resolved.bin	tc1301_flow2	CWE789_Uncontrolled_Mem_Alloc__listen_tcp_HashMap_53a.java	141	CWE789_Uncontrolled_Mem_Alloc__listen_tcp_HashMap_53d.java	39
/home/swlab/Documents/swvul/java-vuln-detection/slicing/output/CPG/cwe789_cpg/cwe789-1302-cpg-resolved.bin	tc1302_flow1	CWE789_Uncontrolled_Mem_Alloc__listen_tcp_HashMap_54a.java	56	CWE789_Uncontrolled_Mem_Alloc__listen_tcp_HashMap_54e.java	30
/home/swlab/Documents/swvul/java-vuln-detection/slicing/output/CPG/cwe789_cpg/cwe789-1302-cpg-resolved.bin	tc1302_flow2	CWE789_Uncontrolled_Mem_Alloc__listen_tcp_HashMap_54a.java	141	CWE789_Uncontrolled_Mem_Alloc__listen_tcp_HashMap_54e.java	39
/home/swlab/Documents/swvul/java-vuln-detection/slicing/output/CPG/cwe789_cpg/cwe789-1303-cpg-resolved.bin	tc1303_flow1	CWE789_Uncontrolled_Mem_Alloc__listen_tcp_HashMap_61b.java	56	CWE789_Uncontrolled_Mem_Alloc__listen_tcp_HashMap_61a.java	31
/home/swlab/Documents/swvul/java-vuln-detection/slicing/output/CPG/cwe789_cpg/cwe789-1303-cpg-resolved.bin	tc1303_flow2	CWE789_Uncontrolled_Mem_Alloc__listen_tcp_HashMap_61b.java	136	CWE789_Uncontrolled_Mem_Alloc__listen_tcp_HashMap_61a.java	46
/home/swlab/Documents/swvul/java-vuln-detection/slicing/output/CPG/cwe789_cpg/cwe789-1304-cpg-resolved.bin	tc1304_flow1	CWE789_Uncontrolled_Mem_Alloc__listen_tcp_HashMap_66a.java	56	CWE789_Uncontrolled_Mem_Alloc__listen_tcp_HashMap_66b.java	31
/home/swlab/Documents/swvul/java-vuln-detection/slicing/output/CPG/cwe789_cpg/cwe789-1304-cpg-resolved.bin	tc1304_flow2	CWE789_Uncontrolled_Mem_Alloc__listen_tcp_HashMap_66a.java	143	CWE789_Uncontrolled_Mem_Alloc__listen_tcp_HashMap_66b.java	41
/home/swlab/Documents/swvul/java-vuln-detection/slicing/output/CPG/cwe789_cpg/cwe789-1305-cpg-resolved.bin	tc1305_flow1	CWE789_Uncontrolled_Mem_Alloc__listen_tcp_HashMap_67a.java	61	CWE789_Uncontrolled_Mem_Alloc__listen_tcp_HashMap_67b.java	31
/home/swlab/Documents/swvul/java-vuln-detection/slicing/output/CPG/cwe789_cpg/cwe789-1305-cpg-resolved.bin	tc1305_flow2	CWE789_Uncontrolled_Mem_Alloc__listen_tcp_HashMap_67a.java	148	CWE789_Uncontrolled_Mem_Alloc__listen_tcp_HashMap_67b.java	41
/home/swlab/Documents/swvul/java-vuln-detection/slicing/output/CPG/cwe789_cpg/cwe789-1306-cpg-resolved.bin	tc1306_flow1	CWE789_Uncontrolled_Mem_Alloc__listen_tcp_HashMap_68a.java	56	CWE789_Uncontrolled_Mem_Alloc__listen_tcp_HashMap_68b.java	30
/home/swlab/Documents/swvul/java-vuln-detection/slicing/output/CPG/cwe789_cpg/cwe789-1306-cpg-resolved.bin	tc1306_flow2	CWE789_Uncontrolled_Mem_Alloc__listen_tcp_HashMap_68a.java	140	CWE789_Uncontrolled_Mem_Alloc__listen_tcp_HashMap_68b.java	40
/home/swlab/Documents/swvul/java-vuln-detection/slicing/output/CPG/cwe789_cpg/cwe789-1307-cpg-resolved.bin	tc1307_flow1	CWE789_Uncontrolled_Mem_Alloc__listen_tcp_HashMap_71a.java	56	CWE789_Uncontrolled_Mem_Alloc__listen_tcp_HashMap_71b.java	31
/home/swlab/Documents/swvul/java-vuln-detection/slicing/output/CPG/cwe789_cpg/cwe789-1307-cpg-resolved.bin	tc1307_flow2	CWE789_Uncontrolled_Mem_Alloc__listen_tcp_HashMap_71a.java	141	CWE789_Uncontrolled_Mem_Alloc__listen_tcp_HashMap_71b.java	41
/home/swlab/Documents/swvul/java-vuln-detection/slicing/output/CPG/cwe789_cpg/cwe789-1308-cpg-resolved.bin	tc1308_flow1	CWE789_Uncontrolled_Mem_Alloc__listen_tcp_HashMap_72a.java	57	CWE789_Uncontrolled_Mem_Alloc__listen_tcp_HashMap_72b.java	32
/home/swlab/Documents/swvul/java-vuln-detection/slicing/output/CPG/cwe789_cpg/cwe789-1308-cpg-resolved.bin	tc1308_flow2	CWE789_Uncontrolled_Mem_Alloc__listen_tcp_HashMap_72a.java	146	CWE789_Uncontrolled_Mem_Alloc__listen_tcp_HashMap_72b.java	42
/home/swlab/Documents/swvul/java-vuln-detection/slicing/output/CPG/cwe789_cpg/cwe789-1309-cpg-resolved.bin	tc1309_flow1	CWE789_Uncontrolled_Mem_Alloc__listen_tcp_HashMap_73a.java	57	CWE789_Uncontrolled_Mem_Alloc__listen_tcp_HashMap_73b.java	32
/home/swlab/Documents/swvul/java-vuln-detection/slicing/output/CPG/cwe789_cpg/cwe789-1309-cpg-resolved.bin	tc1309_flow2	CWE789_Uncontrolled_Mem_Alloc__listen_tcp_HashMap_73a.java	146	CWE789_Uncontrolled_Mem_Alloc__listen_tcp_HashMap_73b.java	42
/home/swlab/Documents/swvul/java-vuln-detection/slicing/output/CPG/cwe789_cpg/cwe789-1310-cpg-resolved.bin	tc1310_flow1	CWE789_Uncontrolled_Mem_Alloc__listen_tcp_HashMap_74a.java	57	CWE789_Uncontrolled_Mem_Alloc__listen_tcp_HashMap_74b.java	31
/home/swlab/Documents/swvul/java-vuln-detection/slicing/output/CPG/cwe789_cpg/cwe789-1310-cpg-resolved.bin	tc1310_flow2	CWE789_Uncontrolled_Mem_Alloc__listen_tcp_HashMap_74a.java	146	CWE789_Uncontrolled_Mem_Alloc__listen_tcp_HashMap_74b.java	41
/home/swlab/Documents/swvul/java-vuln-detection/slicing/output/CPG/cwe789_cpg/cwe789-1311-cpg-resolved.bin	tc1311_flow1	CWE789_Uncontrolled_Mem_Alloc__listen_tcp_HashMap_75a.java	59	CWE789_Uncontrolled_Mem_Alloc__listen_tcp_HashMap_75b.java	43
/home/swlab/Documents/swvul/java-vuln-detection/slicing/output/CPG/cwe789_cpg/cwe789-1311-cpg-resolved.bin	tc1311_flow2	CWE789_Uncontrolled_Mem_Alloc__listen_tcp_HashMap_75a.java	186	CWE789_Uncontrolled_Mem_Alloc__listen_tcp_HashMap_75b.java	97
/home/swlab/Documents/swvul/java-vuln-detection/slicing/output/CPG/cwe789_cpg/cwe789-1312-cpg-resolved.bin	tc1312_flow1	CWE789_Uncontrolled_Mem_Alloc__listen_tcp_HashMap_81a.java	56	CWE789_Uncontrolled_Mem_Alloc__listen_tcp_HashMap_81_bad.java	30
/home/swlab/Documents/swvul/java-vuln-detection/slicing/output/CPG/cwe789_cpg/cwe789-1312-cpg-resolved.bin	tc1312_flow2	CWE789_Uncontrolled_Mem_Alloc__listen_tcp_HashMap_81a.java	142	CWE789_Uncontrolled_Mem_Alloc__listen_tcp_HashMap_81_goodG2B.java	30
/home/swlab/Documents/swvul/java-vuln-detection/slicing/output/CPG/cwe789_cpg/cwe789-1313-cpg-resolved.bin	tc1313_flow1	CWE789_Uncontrolled_Mem_Alloc__listen_tcp_HashSet_01.java	58	CWE789_Uncontrolled_Mem_Alloc__listen_tcp_HashSet_01.java	130
/home/swlab/Documents/swvul/java-vuln-detection/slicing/output/CPG/cwe789_cpg/cwe789-1313-cpg-resolved.bin	tc1313_flow2	CWE789_Uncontrolled_Mem_Alloc__listen_tcp_HashSet_01.java	145	CWE789_Uncontrolled_Mem_Alloc__listen_tcp_HashSet_01.java	148
/home/swlab/Documents/swvul/java-vuln-detection/slicing/output/CPG/cwe789_cpg/cwe789-1314-cpg-resolved.bin	tc1314_flow1	CWE789_Uncontrolled_Mem_Alloc__listen_tcp_HashSet_02.java	54	CWE789_Uncontrolled_Mem_Alloc__listen_tcp_HashSet_02.java	133
/home/swlab/Documents/swvul/java-vuln-detection/slicing/output/CPG/cwe789_cpg/cwe789-1314-cpg-resolved.bin	tc1314_flow2	CWE789_Uncontrolled_Mem_Alloc__listen_tcp_HashSet_02.java	151	CWE789_Uncontrolled_Mem_Alloc__listen_tcp_HashSet_02.java	156
/home/swlab/Documents/swvul/java-vuln-detection/slicing/output/CPG/cwe789_cpg/cwe789-1314-cpg-resolved.bin	tc1314_flow3	CWE789_Uncontrolled_Mem_Alloc__listen_tcp_HashSet_02.java	167	CWE789_Uncontrolled_Mem_Alloc__listen_tcp_HashSet_02.java	177
/home/swlab/Documents/swvul/java-vuln-detection/slicing/output/CPG/cwe789_cpg/cwe789-1315-cpg-resolved.bin	tc1315_flow1	CWE789_Uncontrolled_Mem_Alloc__listen_tcp_HashSet_03.java	54	CWE789_Uncontrolled_Mem_Alloc__listen_tcp_HashSet_03.java	133
/home/swlab/Documents/swvul/java-vuln-detection/slicing/output/CPG/cwe789_cpg/cwe789-1315-cpg-resolved.bin	tc1315_flow2	CWE789_Uncontrolled_Mem_Alloc__listen_tcp_HashSet_03.java	151	CWE789_Uncontrolled_Mem_Alloc__listen_tcp_HashSet_03.java	156
/home/swlab/Documents/swvul/java-vuln-detection/slicing/output/CPG/cwe789_cpg/cwe789-1315-cpg-resolved.bin	tc1315_flow3	CWE789_Uncontrolled_Mem_Alloc__listen_tcp_HashSet_03.java	167	CWE789_Uncontrolled_Mem_Alloc__listen_tcp_HashSet_03.java	177
/home/swlab/Documents/swvul/java-vuln-detection/slicing/output/CPG/cwe789_cpg/cwe789-1316-cpg-resolved.bin	tc1316_flow1	CWE789_Uncontrolled_Mem_Alloc__listen_tcp_HashSet_04.java	61	CWE789_Uncontrolled_Mem_Alloc__listen_tcp_HashSet_04.java	140
/home/swlab/Documents/swvul/java-vuln-detection/slicing/output/CPG/cwe789_cpg/cwe789-1316-cpg-resolved.bin	tc1316_flow2	CWE789_Uncontrolled_Mem_Alloc__listen_tcp_HashSet_04.java	158	CWE789_Uncontrolled_Mem_Alloc__listen_tcp_HashSet_04.java	163
/home/swlab/Documents/swvul/java-vuln-detection/slicing/output/CPG/cwe789_cpg/cwe789-1316-cpg-resolved.bin	tc1316_flow3	CWE789_Uncontrolled_Mem_Alloc__listen_tcp_HashSet_04.java	174	CWE789_Uncontrolled_Mem_Alloc__listen_tcp_HashSet_04.java	184
/home/swlab/Documents/swvul/java-vuln-detection/slicing/output/CPG/cwe789_cpg/cwe789-1317-cpg-resolved.bin	tc1317_flow1	CWE789_Uncontrolled_Mem_Alloc__listen_tcp_HashSet_05.java	61	CWE789_Uncontrolled_Mem_Alloc__listen_tcp_HashSet_05.java	140
/home/swlab/Documents/swvul/java-vuln-detection/slicing/output/CPG/cwe789_cpg/cwe789-1317-cpg-resolved.bin	tc1317_flow2	CWE789_Uncontrolled_Mem_Alloc__listen_tcp_HashSet_05.java	158	CWE789_Uncontrolled_Mem_Alloc__listen_tcp_HashSet_05.java	163
/home/swlab/Documents/swvul/java-vuln-detection/slicing/output/CPG/cwe789_cpg/cwe789-1317-cpg-resolved.bin	tc1317_flow3	CWE789_Uncontrolled_Mem_Alloc__listen_tcp_HashSet_05.java	174	CWE789_Uncontrolled_Mem_Alloc__listen_tcp_HashSet_05.java	184
/home/swlab/Documents/swvul/java-vuln-detection/slicing/output/CPG/cwe789_cpg/cwe789-1318-cpg-resolved.bin	tc1318_flow1	CWE789_Uncontrolled_Mem_Alloc__listen_tcp_HashSet_06.java	60	CWE789_Uncontrolled_Mem_Alloc__listen_tcp_HashSet_06.java	139
/home/swlab/Documents/swvul/java-vuln-detection/slicing/output/CPG/cwe789_cpg/cwe789-1318-cpg-resolved.bin	tc1318_flow2	CWE789_Uncontrolled_Mem_Alloc__listen_tcp_HashSet_06.java	157	CWE789_Uncontrolled_Mem_Alloc__listen_tcp_HashSet_06.java	162
/home/swlab/Documents/swvul/java-vuln-detection/slicing/output/CPG/cwe789_cpg/cwe789-1318-cpg-resolved.bin	tc1318_flow3	CWE789_Uncontrolled_Mem_Alloc__listen_tcp_HashSet_06.java	173	CWE789_Uncontrolled_Mem_Alloc__listen_tcp_HashSet_06.java	183
/home/swlab/Documents/swvul/java-vuln-detection/slicing/output/CPG/cwe789_cpg/cwe789-1319-cpg-resolved.bin	tc1319_flow1	CWE789_Uncontrolled_Mem_Alloc__listen_tcp_HashSet_07.java	60	CWE789_Uncontrolled_Mem_Alloc__listen_tcp_HashSet_07.java	139
/home/swlab/Documents/swvul/java-vuln-detection/slicing/output/CPG/cwe789_cpg/cwe789-1319-cpg-resolved.bin	tc1319_flow2	CWE789_Uncontrolled_Mem_Alloc__listen_tcp_HashSet_07.java	157	CWE789_Uncontrolled_Mem_Alloc__listen_tcp_HashSet_07.java	162
/home/swlab/Documents/swvul/java-vuln-detection/slicing/output/CPG/cwe789_cpg/cwe789-1319-cpg-resolved.bin	tc1319_flow3	CWE789_Uncontrolled_Mem_Alloc__listen_tcp_HashSet_07.java	173	CWE789_Uncontrolled_Mem_Alloc__listen_tcp_HashSet_07.java	183
/home/swlab/Documents/swvul/java-vuln-detection/slicing/output/CPG/cwe789_cpg/cwe789-1320-cpg-resolved.bin	tc1320_flow1	CWE789_Uncontrolled_Mem_Alloc__listen_tcp_HashSet_08.java	68	CWE789_Uncontrolled_Mem_Alloc__listen_tcp_HashSet_08.java	147
/home/swlab/Documents/swvul/java-vuln-detection/slicing/output/CPG/cwe789_cpg/cwe789-1320-cpg-resolved.bin	tc1320_flow2	CWE789_Uncontrolled_Mem_Alloc__listen_tcp_HashSet_08.java	165	CWE789_Uncontrolled_Mem_Alloc__listen_tcp_HashSet_08.java	170
/home/swlab/Documents/swvul/java-vuln-detection/slicing/output/CPG/cwe789_cpg/cwe789-1320-cpg-resolved.bin	tc1320_flow3	CWE789_Uncontrolled_Mem_Alloc__listen_tcp_HashSet_08.java	181	CWE789_Uncontrolled_Mem_Alloc__listen_tcp_HashSet_08.java	191
/home/swlab/Documents/swvul/java-vuln-detection/slicing/output/CPG/cwe789_cpg/cwe789-1321-cpg-resolved.bin	tc1321_flow1	CWE789_Uncontrolled_Mem_Alloc__listen_tcp_HashSet_09.java	54	CWE789_Uncontrolled_Mem_Alloc__listen_tcp_HashSet_09.java	133
/home/swlab/Documents/swvul/java-vuln-detection/slicing/output/CPG/cwe789_cpg/cwe789-1321-cpg-resolved.bin	tc1321_flow2	CWE789_Uncontrolled_Mem_Alloc__listen_tcp_HashSet_09.java	151	CWE789_Uncontrolled_Mem_Alloc__listen_tcp_HashSet_09.java	156
/home/swlab/Documents/swvul/java-vuln-detection/slicing/output/CPG/cwe789_cpg/cwe789-1321-cpg-resolved.bin	tc1321_flow3	CWE789_Uncontrolled_Mem_Alloc__listen_tcp_HashSet_09.java	167	CWE789_Uncontrolled_Mem_Alloc__listen_tcp_HashSet_09.java	177
/home/swlab/Documents/swvul/java-vuln-detection/slicing/output/CPG/cwe789_cpg/cwe789-1322-cpg-resolved.bin	tc1322_flow1	CWE789_Uncontrolled_Mem_Alloc__listen_tcp_HashSet_10.java	54	CWE789_Uncontrolled_Mem_Alloc__listen_tcp_HashSet_10.java	133
/home/swlab/Documents/swvul/java-vuln-detection/slicing/output/CPG/cwe789_cpg/cwe789-1322-cpg-resolved.bin	tc1322_flow2	CWE789_Uncontrolled_Mem_Alloc__listen_tcp_HashSet_10.java	151	CWE789_Uncontrolled_Mem_Alloc__listen_tcp_HashSet_10.java	156
/home/swlab/Documents/swvul/java-vuln-detection/slicing/output/CPG/cwe789_cpg/cwe789-1322-cpg-resolved.bin	tc1322_flow3	CWE789_Uncontrolled_Mem_Alloc__listen_tcp_HashSet_10.java	167	CWE789_Uncontrolled_Mem_Alloc__listen_tcp_HashSet_10.java	177
/home/swlab/Documents/swvul/java-vuln-detection/slicing/output/CPG/cwe789_cpg/cwe789-1323-cpg-resolved.bin	tc1323_flow1	CWE789_Uncontrolled_Mem_Alloc__listen_tcp_HashSet_11.java	54	CWE789_Uncontrolled_Mem_Alloc__listen_tcp_HashSet_11.java	133
/home/swlab/Documents/swvul/java-vuln-detection/slicing/output/CPG/cwe789_cpg/cwe789-1323-cpg-resolved.bin	tc1323_flow2	CWE789_Uncontrolled_Mem_Alloc__listen_tcp_HashSet_11.java	151	CWE789_Uncontrolled_Mem_Alloc__listen_tcp_HashSet_11.java	156
/home/swlab/Documents/swvul/java-vuln-detection/slicing/output/CPG/cwe789_cpg/cwe789-1323-cpg-resolved.bin	tc1323_flow3	CWE789_Uncontrolled_Mem_Alloc__listen_tcp_HashSet_11.java	167	CWE789_Uncontrolled_Mem_Alloc__listen_tcp_HashSet_11.java	177
/home/swlab/Documents/swvul/java-vuln-detection/slicing/output/CPG/cwe789_cpg/cwe789-1324-cpg-resolved.bin	tc1324_flow1	CWE789_Uncontrolled_Mem_Alloc__listen_tcp_HashSet_12.java	54	CWE789_Uncontrolled_Mem_Alloc__listen_tcp_HashSet_12.java	134
/home/swlab/Documents/swvul/java-vuln-detection/slicing/output/CPG/cwe789_cpg/cwe789-1324-cpg-resolved.bin	tc1324_flow2	CWE789_Uncontrolled_Mem_Alloc__listen_tcp_HashSet_12.java	146	CWE789_Uncontrolled_Mem_Alloc__listen_tcp_HashSet_12.java	157
/home/swlab/Documents/swvul/java-vuln-detection/slicing/output/CPG/cwe789_cpg/cwe789-1325-cpg-resolved.bin	tc1325_flow1	CWE789_Uncontrolled_Mem_Alloc__listen_tcp_HashSet_13.java	54	CWE789_Uncontrolled_Mem_Alloc__listen_tcp_HashSet_13.java	133
/home/swlab/Documents/swvul/java-vuln-detection/slicing/output/CPG/cwe789_cpg/cwe789-1325-cpg-resolved.bin	tc1325_flow2	CWE789_Uncontrolled_Mem_Alloc__listen_tcp_HashSet_13.java	151	CWE789_Uncontrolled_Mem_Alloc__listen_tcp_HashSet_13.java	156
/home/swlab/Documents/swvul/java-vuln-detection/slicing/output/CPG/cwe789_cpg/cwe789-1325-cpg-resolved.bin	tc1325_flow3	CWE789_Uncontrolled_Mem_Alloc__listen_tcp_HashSet_13.java	167	CWE789_Uncontrolled_Mem_Alloc__listen_tcp_HashSet_13.java	177
/home/swlab/Documents/swvul/java-vuln-detection/slicing/output/CPG/cwe789_cpg/cwe789-1326-cpg-resolved.bin	tc1326_flow1	CWE789_Uncontrolled_Mem_Alloc__listen_tcp_HashSet_14.java	54	CWE789_Uncontrolled_Mem_Alloc__listen_tcp_HashSet_14.java	133
/home/swlab/Documents/swvul/java-vuln-detection/slicing/output/CPG/cwe789_cpg/cwe789-1326-cpg-resolved.bin	tc1326_flow2	CWE789_Uncontrolled_Mem_Alloc__listen_tcp_HashSet_14.java	151	CWE789_Uncontrolled_Mem_Alloc__listen_tcp_HashSet_14.java	156
/home/swlab/Documents/swvul/java-vuln-detection/slicing/output/CPG/cwe789_cpg/cwe789-1326-cpg-resolved.bin	tc1326_flow3	CWE789_Uncontrolled_Mem_Alloc__listen_tcp_HashSet_14.java	167	CWE789_Uncontrolled_Mem_Alloc__listen_tcp_HashSet_14.java	177
/home/swlab/Documents/swvul/java-vuln-detection/slicing/output/CPG/cwe789_cpg/cwe789-1327-cpg-resolved.bin	tc1327_flow1	CWE789_Uncontrolled_Mem_Alloc__listen_tcp_HashSet_15.java	56	CWE789_Uncontrolled_Mem_Alloc__listen_tcp_HashSet_15.java	135
/home/swlab/Documents/swvul/java-vuln-detection/slicing/output/CPG/cwe789_cpg/cwe789-1327-cpg-resolved.bin	tc1327_flow2	CWE789_Uncontrolled_Mem_Alloc__listen_tcp_HashSet_15.java	153	CWE789_Uncontrolled_Mem_Alloc__listen_tcp_HashSet_15.java	158
/home/swlab/Documents/swvul/java-vuln-detection/slicing/output/CPG/cwe789_cpg/cwe789-1327-cpg-resolved.bin	tc1327_flow3	CWE789_Uncontrolled_Mem_Alloc__listen_tcp_HashSet_15.java	171	CWE789_Uncontrolled_Mem_Alloc__listen_tcp_HashSet_15.java	181
/home/swlab/Documents/swvul/java-vuln-detection/slicing/output/CPG/cwe789_cpg/cwe789-1328-cpg-resolved.bin	tc1328_flow1	CWE789_Uncontrolled_Mem_Alloc__listen_tcp_HashSet_16.java	55	CWE789_Uncontrolled_Mem_Alloc__listen_tcp_HashSet_16.java	129
/home/swlab/Documents/swvul/java-vuln-detection/slicing/output/CPG/cwe789_cpg/cwe789-1328-cpg-resolved.bin	tc1328_flow2	CWE789_Uncontrolled_Mem_Alloc__listen_tcp_HashSet_16.java	141	CWE789_Uncontrolled_Mem_Alloc__listen_tcp_HashSet_16.java	146
/home/swlab/Documents/swvul/java-vuln-detection/slicing/output/CPG/cwe789_cpg/cwe789-1329-cpg-resolved.bin	tc1329_flow1	CWE789_Uncontrolled_Mem_Alloc__listen_tcp_HashSet_17.java	58	CWE789_Uncontrolled_Mem_Alloc__listen_tcp_HashSet_17.java	132
/home/swlab/Documents/swvul/java-vuln-detection/slicing/output/CPG/cwe789_cpg/cwe789-1329-cpg-resolved.bin	tc1329_flow2	CWE789_Uncontrolled_Mem_Alloc__listen_tcp_HashSet_17.java	143	CWE789_Uncontrolled_Mem_Alloc__listen_tcp_HashSet_17.java	148
/home/swlab/Documents/swvul/java-vuln-detection/slicing/output/CPG/cwe789_cpg/cwe789-1330-cpg-resolved.bin	tc1330_flow1	CWE789_Uncontrolled_Mem_Alloc__listen_tcp_HashSet_21.java	70	CWE789_Uncontrolled_Mem_Alloc__listen_tcp_HashSet_21.java	45
/home/swlab/Documents/swvul/java-vuln-detection/slicing/output/CPG/cwe789_cpg/cwe789-1330-cpg-resolved.bin	tc1330_flow2	CWE789_Uncontrolled_Mem_Alloc__listen_tcp_HashSet_21.java	188	CWE789_Uncontrolled_Mem_Alloc__listen_tcp_HashSet_21.java	170
/home/swlab/Documents/swvul/java-vuln-detection/slicing/output/CPG/cwe789_cpg/cwe789-1330-cpg-resolved.bin	tc1330_flow3	CWE789_Uncontrolled_Mem_Alloc__listen_tcp_HashSet_21.java	215	CWE789_Uncontrolled_Mem_Alloc__listen_tcp_HashSet_21.java	204
/home/swlab/Documents/swvul/java-vuln-detection/slicing/output/CPG/cwe789_cpg/cwe789-1331-cpg-resolved.bin	tc1331_flow1	CWE789_Uncontrolled_Mem_Alloc__listen_tcp_HashSet_22b.java	53	CWE789_Uncontrolled_Mem_Alloc__listen_tcp_HashSet_22a.java	38
/home/swlab/Documents/swvul/java-vuln-detection/slicing/output/CPG/cwe789_cpg/cwe789-1331-cpg-resolved.bin	tc1331_flow2	CWE789_Uncontrolled_Mem_Alloc__listen_tcp_HashSet_22b.java	148	CWE789_Uncontrolled_Mem_Alloc__listen_tcp_HashSet_22a.java	62
/home/swlab/Documents/swvul/java-vuln-detection/slicing/output/CPG/cwe789_cpg/cwe789-1331-cpg-resolved.bin	tc1331_flow3	CWE789_Uncontrolled_Mem_Alloc__listen_tcp_HashSet_22b.java	163	CWE789_Uncontrolled_Mem_Alloc__listen_tcp_HashSet_22a.java	75
/home/swlab/Documents/swvul/java-vuln-detection/slicing/output/CPG/cwe789_cpg/cwe789-1332-cpg-resolved.bin	tc1332_flow1	CWE789_Uncontrolled_Mem_Alloc__listen_tcp_HashSet_31.java	61	CWE789_Uncontrolled_Mem_Alloc__listen_tcp_HashSet_31.java	138
/home/swlab/Documents/swvul/java-vuln-detection/slicing/output/CPG/cwe789_cpg/cwe789-1332-cpg-resolved.bin	tc1332_flow2	CWE789_Uncontrolled_Mem_Alloc__listen_tcp_HashSet_31.java	156	CWE789_Uncontrolled_Mem_Alloc__listen_tcp_HashSet_31.java	164
/home/swlab/Documents/swvul/java-vuln-detection/slicing/output/CPG/cwe789_cpg/cwe789-1333-cpg-resolved.bin	tc1333_flow1	CWE789_Uncontrolled_Mem_Alloc__listen_tcp_HashSet_41.java	65	CWE789_Uncontrolled_Mem_Alloc__listen_tcp_HashSet_41.java	37
/home/swlab/Documents/swvul/java-vuln-detection/slicing/output/CPG/cwe789_cpg/cwe789-1333-cpg-resolved.bin	tc1333_flow2	CWE789_Uncontrolled_Mem_Alloc__listen_tcp_HashSet_41.java	158	CWE789_Uncontrolled_Mem_Alloc__listen_tcp_HashSet_41.java	148
/home/swlab/Documents/swvul/java-vuln-detection/slicing/output/CPG/cwe789_cpg/cwe789-1334-cpg-resolved.bin	tc1334_flow1	CWE789_Uncontrolled_Mem_Alloc__listen_tcp_HashSet_42.java	57	CWE789_Uncontrolled_Mem_Alloc__listen_tcp_HashSet_42.java	137
/home/swlab/Documents/swvul/java-vuln-detection/slicing/output/CPG/cwe789_cpg/cwe789-1334-cpg-resolved.bin	tc1334_flow2	CWE789_Uncontrolled_Mem_Alloc__listen_tcp_HashSet_42.java	146	CWE789_Uncontrolled_Mem_Alloc__listen_tcp_HashSet_42.java	157
/home/swlab/Documents/swvul/java-vuln-detection/slicing/output/CPG/cwe789_cpg/cwe789-1335-cpg-resolved.bin	tc1335_flow1	CWE789_Uncontrolled_Mem_Alloc__listen_tcp_HashSet_45.java	71	CWE789_Uncontrolled_Mem_Alloc__listen_tcp_HashSet_45.java	42
/home/swlab/Documents/swvul/java-vuln-detection/slicing/output/CPG/cwe789_cpg/cwe789-1335-cpg-resolved.bin	tc1335_flow2	CWE789_Uncontrolled_Mem_Alloc__listen_tcp_HashSet_45.java	166	CWE789_Uncontrolled_Mem_Alloc__listen_tcp_HashSet_45.java	156
/home/swlab/Documents/swvul/java-vuln-detection/slicing/output/CPG/cwe789_cpg/cwe789-1336-cpg-resolved.bin	tc1336_flow1	CWE789_Uncontrolled_Mem_Alloc__listen_tcp_HashSet_51a.java	55	CWE789_Uncontrolled_Mem_Alloc__listen_tcp_HashSet_51b.java	29
/home/swlab/Documents/swvul/java-vuln-detection/slicing/output/CPG/cwe789_cpg/cwe789-1336-cpg-resolved.bin	tc1336_flow2	CWE789_Uncontrolled_Mem_Alloc__listen_tcp_HashSet_51a.java	140	CWE789_Uncontrolled_Mem_Alloc__listen_tcp_HashSet_51b.java	38
/home/swlab/Documents/swvul/java-vuln-detection/slicing/output/CPG/cwe789_cpg/cwe789-1337-cpg-resolved.bin	tc1337_flow1	CWE789_Uncontrolled_Mem_Alloc__listen_tcp_HashSet_52a.java	56	CWE789_Uncontrolled_Mem_Alloc__listen_tcp_HashSet_52c.java	30
/home/swlab/Documents/swvul/java-vuln-detection/slicing/output/CPG/cwe789_cpg/cwe789-1337-cpg-resolved.bin	tc1337_flow2	CWE789_Uncontrolled_Mem_Alloc__listen_tcp_HashSet_52a.java	141	CWE789_Uncontrolled_Mem_Alloc__listen_tcp_HashSet_52c.java	39
/home/swlab/Documents/swvul/java-vuln-detection/slicing/output/CPG/cwe789_cpg/cwe789-1338-cpg-resolved.bin	tc1338_flow1	CWE789_Uncontrolled_Mem_Alloc__listen_tcp_HashSet_53a.java	56	CWE789_Uncontrolled_Mem_Alloc__listen_tcp_HashSet_53d.java	30
/home/swlab/Documents/swvul/java-vuln-detection/slicing/output/CPG/cwe789_cpg/cwe789-1338-cpg-resolved.bin	tc1338_flow2	CWE789_Uncontrolled_Mem_Alloc__listen_tcp_HashSet_53a.java	141	CWE789_Uncontrolled_Mem_Alloc__listen_tcp_HashSet_53d.java	39
/home/swlab/Documents/swvul/java-vuln-detection/slicing/output/CPG/cwe789_cpg/cwe789-1339-cpg-resolved.bin	tc1339_flow1	CWE789_Uncontrolled_Mem_Alloc__listen_tcp_HashSet_54a.java	56	CWE789_Uncontrolled_Mem_Alloc__listen_tcp_HashSet_54e.java	30
/home/swlab/Documents/swvul/java-vuln-detection/slicing/output/CPG/cwe789_cpg/cwe789-1339-cpg-resolved.bin	tc1339_flow2	CWE789_Uncontrolled_Mem_Alloc__listen_tcp_HashSet_54a.java	141	CWE789_Uncontrolled_Mem_Alloc__listen_tcp_HashSet_54e.java	39
/home/swlab/Documents/swvul/java-vuln-detection/slicing/output/CPG/cwe789_cpg/cwe789-1340-cpg-resolved.bin	tc1340_flow1	CWE789_Uncontrolled_Mem_Alloc__listen_tcp_HashSet_61b.java	56	CWE789_Uncontrolled_Mem_Alloc__listen_tcp_HashSet_61a.java	31
/home/swlab/Documents/swvul/java-vuln-detection/slicing/output/CPG/cwe789_cpg/cwe789-1340-cpg-resolved.bin	tc1340_flow2	CWE789_Uncontrolled_Mem_Alloc__listen_tcp_HashSet_61b.java	136	CWE789_Uncontrolled_Mem_Alloc__listen_tcp_HashSet_61a.java	46
/home/swlab/Documents/swvul/java-vuln-detection/slicing/output/CPG/cwe789_cpg/cwe789-1341-cpg-resolved.bin	tc1341_flow1	CWE789_Uncontrolled_Mem_Alloc__listen_tcp_HashSet_66a.java	56	CWE789_Uncontrolled_Mem_Alloc__listen_tcp_HashSet_66b.java	31
/home/swlab/Documents/swvul/java-vuln-detection/slicing/output/CPG/cwe789_cpg/cwe789-1341-cpg-resolved.bin	tc1341_flow2	CWE789_Uncontrolled_Mem_Alloc__listen_tcp_HashSet_66a.java	143	CWE789_Uncontrolled_Mem_Alloc__listen_tcp_HashSet_66b.java	41
/home/swlab/Documents/swvul/java-vuln-detection/slicing/output/CPG/cwe789_cpg/cwe789-1342-cpg-resolved.bin	tc1342_flow1	CWE789_Uncontrolled_Mem_Alloc__listen_tcp_HashSet_67a.java	61	CWE789_Uncontrolled_Mem_Alloc__listen_tcp_HashSet_67b.java	31
/home/swlab/Documents/swvul/java-vuln-detection/slicing/output/CPG/cwe789_cpg/cwe789-1342-cpg-resolved.bin	tc1342_flow2	CWE789_Uncontrolled_Mem_Alloc__listen_tcp_HashSet_67a.java	148	CWE789_Uncontrolled_Mem_Alloc__listen_tcp_HashSet_67b.java	41
/home/swlab/Documents/swvul/java-vuln-detection/slicing/output/CPG/cwe789_cpg/cwe789-1343-cpg-resolved.bin	tc1343_flow1	CWE789_Uncontrolled_Mem_Alloc__listen_tcp_HashSet_68a.java	56	CWE789_Uncontrolled_Mem_Alloc__listen_tcp_HashSet_68b.java	30
/home/swlab/Documents/swvul/java-vuln-detection/slicing/output/CPG/cwe789_cpg/cwe789-1343-cpg-resolved.bin	tc1343_flow2	CWE789_Uncontrolled_Mem_Alloc__listen_tcp_HashSet_68a.java	140	CWE789_Uncontrolled_Mem_Alloc__listen_tcp_HashSet_68b.java	40
/home/swlab/Documents/swvul/java-vuln-detection/slicing/output/CPG/cwe789_cpg/cwe789-1344-cpg-resolved.bin	tc1344_flow1	CWE789_Uncontrolled_Mem_Alloc__listen_tcp_HashSet_71a.java	56	CWE789_Uncontrolled_Mem_Alloc__listen_tcp_HashSet_71b.java	31
/home/swlab/Documents/swvul/java-vuln-detection/slicing/output/CPG/cwe789_cpg/cwe789-1344-cpg-resolved.bin	tc1344_flow2	CWE789_Uncontrolled_Mem_Alloc__listen_tcp_HashSet_71a.java	141	CWE789_Uncontrolled_Mem_Alloc__listen_tcp_HashSet_71b.java	41
/home/swlab/Documents/swvul/java-vuln-detection/slicing/output/CPG/cwe789_cpg/cwe789-1345-cpg-resolved.bin	tc1345_flow1	CWE789_Uncontrolled_Mem_Alloc__listen_tcp_HashSet_72a.java	57	CWE789_Uncontrolled_Mem_Alloc__listen_tcp_HashSet_72b.java	32
/home/swlab/Documents/swvul/java-vuln-detection/slicing/output/CPG/cwe789_cpg/cwe789-1345-cpg-resolved.bin	tc1345_flow2	CWE789_Uncontrolled_Mem_Alloc__listen_tcp_HashSet_72a.java	146	CWE789_Uncontrolled_Mem_Alloc__listen_tcp_HashSet_72b.java	42
/home/swlab/Documents/swvul/java-vuln-detection/slicing/output/CPG/cwe789_cpg/cwe789-1346-cpg-resolved.bin	tc1346_flow1	CWE789_Uncontrolled_Mem_Alloc__listen_tcp_HashSet_73a.java	57	CWE789_Uncontrolled_Mem_Alloc__listen_tcp_HashSet_73b.java	32
/home/swlab/Documents/swvul/java-vuln-detection/slicing/output/CPG/cwe789_cpg/cwe789-1346-cpg-resolved.bin	tc1346_flow2	CWE789_Uncontrolled_Mem_Alloc__listen_tcp_HashSet_73a.java	146	CWE789_Uncontrolled_Mem_Alloc__listen_tcp_HashSet_73b.java	42
/home/swlab/Documents/swvul/java-vuln-detection/slicing/output/CPG/cwe789_cpg/cwe789-1347-cpg-resolved.bin	tc1347_flow1	CWE789_Uncontrolled_Mem_Alloc__listen_tcp_HashSet_74a.java	57	CWE789_Uncontrolled_Mem_Alloc__listen_tcp_HashSet_74b.java	32
/home/swlab/Documents/swvul/java-vuln-detection/slicing/output/CPG/cwe789_cpg/cwe789-1347-cpg-resolved.bin	tc1347_flow2	CWE789_Uncontrolled_Mem_Alloc__listen_tcp_HashSet_74a.java	146	CWE789_Uncontrolled_Mem_Alloc__listen_tcp_HashSet_74b.java	42
/home/swlab/Documents/swvul/java-vuln-detection/slicing/output/CPG/cwe789_cpg/cwe789-1348-cpg-resolved.bin	tc1348_flow1	CWE789_Uncontrolled_Mem_Alloc__listen_tcp_HashSet_75a.java	59	CWE789_Uncontrolled_Mem_Alloc__listen_tcp_HashSet_75b.java	43
/home/swlab/Documents/swvul/java-vuln-detection/slicing/output/CPG/cwe789_cpg/cwe789-1348-cpg-resolved.bin	tc1348_flow2	CWE789_Uncontrolled_Mem_Alloc__listen_tcp_HashSet_75a.java	186	CWE789_Uncontrolled_Mem_Alloc__listen_tcp_HashSet_75b.java	97
/home/swlab/Documents/swvul/java-vuln-detection/slicing/output/CPG/cwe789_cpg/cwe789-1349-cpg-resolved.bin	tc1349_flow1	CWE789_Uncontrolled_Mem_Alloc__listen_tcp_HashSet_81a.java	56	CWE789_Uncontrolled_Mem_Alloc__listen_tcp_HashSet_81_bad.java	30
/home/swlab/Documents/swvul/java-vuln-detection/slicing/output/CPG/cwe789_cpg/cwe789-1349-cpg-resolved.bin	tc1349_flow2	CWE789_Uncontrolled_Mem_Alloc__listen_tcp_HashSet_81a.java	142	CWE789_Uncontrolled_Mem_Alloc__listen_tcp_HashSet_81_goodG2B.java	30
/home/swlab/Documents/swvul/java-vuln-detection/slicing/output/CPG/cwe789_cpg/cwe789-1350-cpg-resolved.bin	tc1350_flow1	CWE789_Uncontrolled_Mem_Alloc__max_value_ArrayList_01.java	31	CWE789_Uncontrolled_Mem_Alloc__max_value_ArrayList_01.java	34
/home/swlab/Documents/swvul/java-vuln-detection/slicing/output/CPG/cwe789_cpg/cwe789-1350-cpg-resolved.bin	tc1350_flow2	CWE789_Uncontrolled_Mem_Alloc__max_value_ArrayList_01.java	49	CWE789_Uncontrolled_Mem_Alloc__max_value_ArrayList_01.java	52
/home/swlab/Documents/swvul/java-vuln-detection/slicing/output/CPG/cwe789_cpg/cwe789-1351-cpg-resolved.bin	tc1351_flow1	CWE789_Uncontrolled_Mem_Alloc__max_value_ArrayList_02.java	32	CWE789_Uncontrolled_Mem_Alloc__max_value_ArrayList_02.java	42
/home/swlab/Documents/swvul/java-vuln-detection/slicing/output/CPG/cwe789_cpg/cwe789-1351-cpg-resolved.bin	tc1351_flow2	CWE789_Uncontrolled_Mem_Alloc__max_value_ArrayList_02.java	60	CWE789_Uncontrolled_Mem_Alloc__max_value_ArrayList_02.java	65
/home/swlab/Documents/swvul/java-vuln-detection/slicing/output/CPG/cwe789_cpg/cwe789-1351-cpg-resolved.bin	tc1351_flow3	CWE789_Uncontrolled_Mem_Alloc__max_value_ArrayList_02.java	76	CWE789_Uncontrolled_Mem_Alloc__max_value_ArrayList_02.java	86
/home/swlab/Documents/swvul/java-vuln-detection/slicing/output/CPG/cwe789_cpg/cwe789-1352-cpg-resolved.bin	tc1352_flow1	CWE789_Uncontrolled_Mem_Alloc__max_value_ArrayList_03.java	32	CWE789_Uncontrolled_Mem_Alloc__max_value_ArrayList_03.java	42
/home/swlab/Documents/swvul/java-vuln-detection/slicing/output/CPG/cwe789_cpg/cwe789-1352-cpg-resolved.bin	tc1352_flow2	CWE789_Uncontrolled_Mem_Alloc__max_value_ArrayList_03.java	60	CWE789_Uncontrolled_Mem_Alloc__max_value_ArrayList_03.java	65
/home/swlab/Documents/swvul/java-vuln-detection/slicing/output/CPG/cwe789_cpg/cwe789-1352-cpg-resolved.bin	tc1352_flow3	CWE789_Uncontrolled_Mem_Alloc__max_value_ArrayList_03.java	76	CWE789_Uncontrolled_Mem_Alloc__max_value_ArrayList_03.java	86
/home/swlab/Documents/swvul/java-vuln-detection/slicing/output/CPG/cwe789_cpg/cwe789-1353-cpg-resolved.bin	tc1353_flow1	CWE789_Uncontrolled_Mem_Alloc__max_value_ArrayList_04.java	39	CWE789_Uncontrolled_Mem_Alloc__max_value_ArrayList_04.java	49
/home/swlab/Documents/swvul/java-vuln-detection/slicing/output/CPG/cwe789_cpg/cwe789-1353-cpg-resolved.bin	tc1353_flow2	CWE789_Uncontrolled_Mem_Alloc__max_value_ArrayList_04.java	67	CWE789_Uncontrolled_Mem_Alloc__max_value_ArrayList_04.java	72
/home/swlab/Documents/swvul/java-vuln-detection/slicing/output/CPG/cwe789_cpg/cwe789-1353-cpg-resolved.bin	tc1353_flow3	CWE789_Uncontrolled_Mem_Alloc__max_value_ArrayList_04.java	83	CWE789_Uncontrolled_Mem_Alloc__max_value_ArrayList_04.java	93
/home/swlab/Documents/swvul/java-vuln-detection/slicing/output/CPG/cwe789_cpg/cwe789-1354-cpg-resolved.bin	tc1354_flow1	CWE789_Uncontrolled_Mem_Alloc__max_value_ArrayList_05.java	39	CWE789_Uncontrolled_Mem_Alloc__max_value_ArrayList_05.java	49
/home/swlab/Documents/swvul/java-vuln-detection/slicing/output/CPG/cwe789_cpg/cwe789-1354-cpg-resolved.bin	tc1354_flow2	CWE789_Uncontrolled_Mem_Alloc__max_value_ArrayList_05.java	67	CWE789_Uncontrolled_Mem_Alloc__max_value_ArrayList_05.java	72
/home/swlab/Documents/swvul/java-vuln-detection/slicing/output/CPG/cwe789_cpg/cwe789-1354-cpg-resolved.bin	tc1354_flow3	CWE789_Uncontrolled_Mem_Alloc__max_value_ArrayList_05.java	83	CWE789_Uncontrolled_Mem_Alloc__max_value_ArrayList_05.java	93
/home/swlab/Documents/swvul/java-vuln-detection/slicing/output/CPG/cwe789_cpg/cwe789-1355-cpg-resolved.bin	tc1355_flow1	CWE789_Uncontrolled_Mem_Alloc__max_value_ArrayList_06.java	38	CWE789_Uncontrolled_Mem_Alloc__max_value_ArrayList_06.java	48
/home/swlab/Documents/swvul/java-vuln-detection/slicing/output/CPG/cwe789_cpg/cwe789-1355-cpg-resolved.bin	tc1355_flow2	CWE789_Uncontrolled_Mem_Alloc__max_value_ArrayList_06.java	66	CWE789_Uncontrolled_Mem_Alloc__max_value_ArrayList_06.java	71
/home/swlab/Documents/swvul/java-vuln-detection/slicing/output/CPG/cwe789_cpg/cwe789-1355-cpg-resolved.bin	tc1355_flow3	CWE789_Uncontrolled_Mem_Alloc__max_value_ArrayList_06.java	82	CWE789_Uncontrolled_Mem_Alloc__max_value_ArrayList_06.java	92
/home/swlab/Documents/swvul/java-vuln-detection/slicing/output/CPG/cwe789_cpg/cwe789-1356-cpg-resolved.bin	tc1356_flow1	CWE789_Uncontrolled_Mem_Alloc__max_value_ArrayList_07.java	38	CWE789_Uncontrolled_Mem_Alloc__max_value_ArrayList_07.java	48
/home/swlab/Documents/swvul/java-vuln-detection/slicing/output/CPG/cwe789_cpg/cwe789-1356-cpg-resolved.bin	tc1356_flow2	CWE789_Uncontrolled_Mem_Alloc__max_value_ArrayList_07.java	66	CWE789_Uncontrolled_Mem_Alloc__max_value_ArrayList_07.java	71
/home/swlab/Documents/swvul/java-vuln-detection/slicing/output/CPG/cwe789_cpg/cwe789-1356-cpg-resolved.bin	tc1356_flow3	CWE789_Uncontrolled_Mem_Alloc__max_value_ArrayList_07.java	82	CWE789_Uncontrolled_Mem_Alloc__max_value_ArrayList_07.java	92
/home/swlab/Documents/swvul/java-vuln-detection/slicing/output/CPG/cwe789_cpg/cwe789-1357-cpg-resolved.bin	tc1357_flow1	CWE789_Uncontrolled_Mem_Alloc__max_value_ArrayList_08.java	46	CWE789_Uncontrolled_Mem_Alloc__max_value_ArrayList_08.java	56
/home/swlab/Documents/swvul/java-vuln-detection/slicing/output/CPG/cwe789_cpg/cwe789-1357-cpg-resolved.bin	tc1357_flow2	CWE789_Uncontrolled_Mem_Alloc__max_value_ArrayList_08.java	74	CWE789_Uncontrolled_Mem_Alloc__max_value_ArrayList_08.java	79
/home/swlab/Documents/swvul/java-vuln-detection/slicing/output/CPG/cwe789_cpg/cwe789-1357-cpg-resolved.bin	tc1357_flow3	CWE789_Uncontrolled_Mem_Alloc__max_value_ArrayList_08.java	90	CWE789_Uncontrolled_Mem_Alloc__max_value_ArrayList_08.java	100
/home/swlab/Documents/swvul/java-vuln-detection/slicing/output/CPG/cwe789_cpg/cwe789-1358-cpg-resolved.bin	tc1358_flow1	CWE789_Uncontrolled_Mem_Alloc__max_value_ArrayList_09.java	32	CWE789_Uncontrolled_Mem_Alloc__max_value_ArrayList_09.java	42
/home/swlab/Documents/swvul/java-vuln-detection/slicing/output/CPG/cwe789_cpg/cwe789-1358-cpg-resolved.bin	tc1358_flow2	CWE789_Uncontrolled_Mem_Alloc__max_value_ArrayList_09.java	60	CWE789_Uncontrolled_Mem_Alloc__max_value_ArrayList_09.java	65
/home/swlab/Documents/swvul/java-vuln-detection/slicing/output/CPG/cwe789_cpg/cwe789-1358-cpg-resolved.bin	tc1358_flow3	CWE789_Uncontrolled_Mem_Alloc__max_value_ArrayList_09.java	76	CWE789_Uncontrolled_Mem_Alloc__max_value_ArrayList_09.java	86
/home/swlab/Documents/swvul/java-vuln-detection/slicing/output/CPG/cwe789_cpg/cwe789-1359-cpg-resolved.bin	tc1359_flow1	CWE789_Uncontrolled_Mem_Alloc__max_value_ArrayList_10.java	32	CWE789_Uncontrolled_Mem_Alloc__max_value_ArrayList_10.java	42
/home/swlab/Documents/swvul/java-vuln-detection/slicing/output/CPG/cwe789_cpg/cwe789-1359-cpg-resolved.bin	tc1359_flow2	CWE789_Uncontrolled_Mem_Alloc__max_value_ArrayList_10.java	60	CWE789_Uncontrolled_Mem_Alloc__max_value_ArrayList_10.java	65
/home/swlab/Documents/swvul/java-vuln-detection/slicing/output/CPG/cwe789_cpg/cwe789-1359-cpg-resolved.bin	tc1359_flow3	CWE789_Uncontrolled_Mem_Alloc__max_value_ArrayList_10.java	76	CWE789_Uncontrolled_Mem_Alloc__max_value_ArrayList_10.java	86
/home/swlab/Documents/swvul/java-vuln-detection/slicing/output/CPG/cwe789_cpg/cwe789-1360-cpg-resolved.bin	tc1360_flow1	CWE789_Uncontrolled_Mem_Alloc__max_value_ArrayList_11.java	32	CWE789_Uncontrolled_Mem_Alloc__max_value_ArrayList_11.java	42
/home/swlab/Documents/swvul/java-vuln-detection/slicing/output/CPG/cwe789_cpg/cwe789-1360-cpg-resolved.bin	tc1360_flow2	CWE789_Uncontrolled_Mem_Alloc__max_value_ArrayList_11.java	60	CWE789_Uncontrolled_Mem_Alloc__max_value_ArrayList_11.java	65
/home/swlab/Documents/swvul/java-vuln-detection/slicing/output/CPG/cwe789_cpg/cwe789-1360-cpg-resolved.bin	tc1360_flow3	CWE789_Uncontrolled_Mem_Alloc__max_value_ArrayList_11.java	76	CWE789_Uncontrolled_Mem_Alloc__max_value_ArrayList_11.java	86
/home/swlab/Documents/swvul/java-vuln-detection/slicing/output/CPG/cwe789_cpg/cwe789-1361-cpg-resolved.bin	tc1361_flow1	CWE789_Uncontrolled_Mem_Alloc__max_value_ArrayList_12.java	32	CWE789_Uncontrolled_Mem_Alloc__max_value_ArrayList_12.java	43
/home/swlab/Documents/swvul/java-vuln-detection/slicing/output/CPG/cwe789_cpg/cwe789-1361-cpg-resolved.bin	tc1361_flow2	CWE789_Uncontrolled_Mem_Alloc__max_value_ArrayList_12.java	55	CWE789_Uncontrolled_Mem_Alloc__max_value_ArrayList_12.java	66
/home/swlab/Documents/swvul/java-vuln-detection/slicing/output/CPG/cwe789_cpg/cwe789-1362-cpg-resolved.bin	tc1362_flow1	CWE789_Uncontrolled_Mem_Alloc__max_value_ArrayList_13.java	32	CWE789_Uncontrolled_Mem_Alloc__max_value_ArrayList_13.java	42
/home/swlab/Documents/swvul/java-vuln-detection/slicing/output/CPG/cwe789_cpg/cwe789-1362-cpg-resolved.bin	tc1362_flow2	CWE789_Uncontrolled_Mem_Alloc__max_value_ArrayList_13.java	60	CWE789_Uncontrolled_Mem_Alloc__max_value_ArrayList_13.java	65
/home/swlab/Documents/swvul/java-vuln-detection/slicing/output/CPG/cwe789_cpg/cwe789-1362-cpg-resolved.bin	tc1362_flow3	CWE789_Uncontrolled_Mem_Alloc__max_value_ArrayList_13.java	76	CWE789_Uncontrolled_Mem_Alloc__max_value_ArrayList_13.java	86
/home/swlab/Documents/swvul/java-vuln-detection/slicing/output/CPG/cwe789_cpg/cwe789-1363-cpg-resolved.bin	tc1363_flow1	CWE789_Uncontrolled_Mem_Alloc__max_value_ArrayList_14.java	32	CWE789_Uncontrolled_Mem_Alloc__max_value_ArrayList_14.java	42
/home/swlab/Documents/swvul/java-vuln-detection/slicing/output/CPG/cwe789_cpg/cwe789-1363-cpg-resolved.bin	tc1363_flow2	CWE789_Uncontrolled_Mem_Alloc__max_value_ArrayList_14.java	60	CWE789_Uncontrolled_Mem_Alloc__max_value_ArrayList_14.java	65
/home/swlab/Documents/swvul/java-vuln-detection/slicing/output/CPG/cwe789_cpg/cwe789-1363-cpg-resolved.bin	tc1363_flow3	CWE789_Uncontrolled_Mem_Alloc__max_value_ArrayList_14.java	76	CWE789_Uncontrolled_Mem_Alloc__max_value_ArrayList_14.java	86
/home/swlab/Documents/swvul/java-vuln-detection/slicing/output/CPG/cwe789_cpg/cwe789-1364-cpg-resolved.bin	tc1364_flow1	CWE789_Uncontrolled_Mem_Alloc__max_value_ArrayList_15.java	34	CWE789_Uncontrolled_Mem_Alloc__max_value_ArrayList_15.java	44
/home/swlab/Documents/swvul/java-vuln-detection/slicing/output/CPG/cwe789_cpg/cwe789-1364-cpg-resolved.bin	tc1364_flow2	CWE789_Uncontrolled_Mem_Alloc__max_value_ArrayList_15.java	62	CWE789_Uncontrolled_Mem_Alloc__max_value_ArrayList_15.java	67
/home/swlab/Documents/swvul/java-vuln-detection/slicing/output/CPG/cwe789_cpg/cwe789-1364-cpg-resolved.bin	tc1364_flow3	CWE789_Uncontrolled_Mem_Alloc__max_value_ArrayList_15.java	80	CWE789_Uncontrolled_Mem_Alloc__max_value_ArrayList_15.java	90
/home/swlab/Documents/swvul/java-vuln-detection/slicing/output/CPG/cwe789_cpg/cwe789-1365-cpg-resolved.bin	tc1365_flow1	CWE789_Uncontrolled_Mem_Alloc__max_value_ArrayList_16.java	33	CWE789_Uncontrolled_Mem_Alloc__max_value_ArrayList_16.java	38
/home/swlab/Documents/swvul/java-vuln-detection/slicing/output/CPG/cwe789_cpg/cwe789-1365-cpg-resolved.bin	tc1365_flow2	CWE789_Uncontrolled_Mem_Alloc__max_value_ArrayList_16.java	50	CWE789_Uncontrolled_Mem_Alloc__max_value_ArrayList_16.java	55
/home/swlab/Documents/swvul/java-vuln-detection/slicing/output/CPG/cwe789_cpg/cwe789-1366-cpg-resolved.bin	tc1366_flow1	CWE789_Uncontrolled_Mem_Alloc__max_value_ArrayList_17.java	31	CWE789_Uncontrolled_Mem_Alloc__max_value_ArrayList_17.java	36
/home/swlab/Documents/swvul/java-vuln-detection/slicing/output/CPG/cwe789_cpg/cwe789-1366-cpg-resolved.bin	tc1366_flow2	CWE789_Uncontrolled_Mem_Alloc__max_value_ArrayList_17.java	47	CWE789_Uncontrolled_Mem_Alloc__max_value_ArrayList_17.java	52
/home/swlab/Documents/swvul/java-vuln-detection/slicing/output/CPG/cwe789_cpg/cwe789-1367-cpg-resolved.bin	tc1367_flow1	CWE789_Uncontrolled_Mem_Alloc__max_value_ArrayList_21.java	48	CWE789_Uncontrolled_Mem_Alloc__max_value_ArrayList_21.java	37
/home/swlab/Documents/swvul/java-vuln-detection/slicing/output/CPG/cwe789_cpg/cwe789-1367-cpg-resolved.bin	tc1367_flow2	CWE789_Uncontrolled_Mem_Alloc__max_value_ArrayList_21.java	97	CWE789_Uncontrolled_Mem_Alloc__max_value_ArrayList_21.java	79
/home/swlab/Documents/swvul/java-vuln-detection/slicing/output/CPG/cwe789_cpg/cwe789-1367-cpg-resolved.bin	tc1367_flow3	CWE789_Uncontrolled_Mem_Alloc__max_value_ArrayList_21.java	124	CWE789_Uncontrolled_Mem_Alloc__max_value_ArrayList_21.java	113
/home/swlab/Documents/swvul/java-vuln-detection/slicing/output/CPG/cwe789_cpg/cwe789-1368-cpg-resolved.bin	tc1368_flow1	CWE789_Uncontrolled_Mem_Alloc__max_value_ArrayList_22b.java	31	CWE789_Uncontrolled_Mem_Alloc__max_value_ArrayList_22a.java	38
/home/swlab/Documents/swvul/java-vuln-detection/slicing/output/CPG/cwe789_cpg/cwe789-1368-cpg-resolved.bin	tc1368_flow2	CWE789_Uncontrolled_Mem_Alloc__max_value_ArrayList_22b.java	57	CWE789_Uncontrolled_Mem_Alloc__max_value_ArrayList_22a.java	62
/home/swlab/Documents/swvul/java-vuln-detection/slicing/output/CPG/cwe789_cpg/cwe789-1368-cpg-resolved.bin	tc1368_flow3	CWE789_Uncontrolled_Mem_Alloc__max_value_ArrayList_22b.java	72	CWE789_Uncontrolled_Mem_Alloc__max_value_ArrayList_22a.java	75
/home/swlab/Documents/swvul/java-vuln-detection/slicing/output/CPG/cwe789_cpg/cwe789-1369-cpg-resolved.bin	tc1369_flow1	CWE789_Uncontrolled_Mem_Alloc__max_value_ArrayList_31.java	34	CWE789_Uncontrolled_Mem_Alloc__max_value_ArrayList_31.java	42
/home/swlab/Documents/swvul/java-vuln-detection/slicing/output/CPG/cwe789_cpg/cwe789-1369-cpg-resolved.bin	tc1369_flow2	CWE789_Uncontrolled_Mem_Alloc__max_value_ArrayList_31.java	60	CWE789_Uncontrolled_Mem_Alloc__max_value_ArrayList_31.java	68
/home/swlab/Documents/swvul/java-vuln-detection/slicing/output/CPG/cwe789_cpg/cwe789-1370-cpg-resolved.bin	tc1370_flow1	CWE789_Uncontrolled_Mem_Alloc__max_value_ArrayList_41.java	38	CWE789_Uncontrolled_Mem_Alloc__max_value_ArrayList_41.java	29
/home/swlab/Documents/swvul/java-vuln-detection/slicing/output/CPG/cwe789_cpg/cwe789-1370-cpg-resolved.bin	tc1370_flow2	CWE789_Uncontrolled_Mem_Alloc__max_value_ArrayList_41.java	62	CWE789_Uncontrolled_Mem_Alloc__max_value_ArrayList_41.java	52
/home/swlab/Documents/swvul/java-vuln-detection/slicing/output/CPG/cwe789_cpg/cwe789-1371-cpg-resolved.bin	tc1371_flow1	CWE789_Uncontrolled_Mem_Alloc__max_value_ArrayList_42.java	30	CWE789_Uncontrolled_Mem_Alloc__max_value_ArrayList_42.java	41
/home/swlab/Documents/swvul/java-vuln-detection/slicing/output/CPG/cwe789_cpg/cwe789-1371-cpg-resolved.bin	tc1371_flow2	CWE789_Uncontrolled_Mem_Alloc__max_value_ArrayList_42.java	50	CWE789_Uncontrolled_Mem_Alloc__max_value_ArrayList_42.java	61
/home/swlab/Documents/swvul/java-vuln-detection/slicing/output/CPG/cwe789_cpg/cwe789-1372-cpg-resolved.bin	tc1372_flow1	CWE789_Uncontrolled_Mem_Alloc__max_value_ArrayList_45.java	44	CWE789_Uncontrolled_Mem_Alloc__max_value_ArrayList_45.java	34
/home/swlab/Documents/swvul/java-vuln-detection/slicing/output/CPG/cwe789_cpg/cwe789-1372-cpg-resolved.bin	tc1372_flow2	CWE789_Uncontrolled_Mem_Alloc__max_value_ArrayList_45.java	70	CWE789_Uncontrolled_Mem_Alloc__max_value_ArrayList_45.java	60
/home/swlab/Documents/swvul/java-vuln-detection/slicing/output/CPG/cwe789_cpg/cwe789-1373-cpg-resolved.bin	tc1373_flow1	CWE789_Uncontrolled_Mem_Alloc__max_value_ArrayList_51a.java	28	CWE789_Uncontrolled_Mem_Alloc__max_value_ArrayList_51b.java	29
/home/swlab/Documents/swvul/java-vuln-detection/slicing/output/CPG/cwe789_cpg/cwe789-1373-cpg-resolved.bin	tc1373_flow2	CWE789_Uncontrolled_Mem_Alloc__max_value_ArrayList_51a.java	44	CWE789_Uncontrolled_Mem_Alloc__max_value_ArrayList_51b.java	38
/home/swlab/Documents/swvul/java-vuln-detection/slicing/output/CPG/cwe789_cpg/cwe789-1374-cpg-resolved.bin	tc1374_flow1	CWE789_Uncontrolled_Mem_Alloc__max_value_ArrayList_52a.java	29	CWE789_Uncontrolled_Mem_Alloc__max_value_ArrayList_52c.java	30
/home/swlab/Documents/swvul/java-vuln-detection/slicing/output/CPG/cwe789_cpg/cwe789-1374-cpg-resolved.bin	tc1374_flow2	CWE789_Uncontrolled_Mem_Alloc__max_value_ArrayList_52a.java	45	CWE789_Uncontrolled_Mem_Alloc__max_value_ArrayList_52c.java	39
/home/swlab/Documents/swvul/java-vuln-detection/slicing/output/CPG/cwe789_cpg/cwe789-1375-cpg-resolved.bin	tc1375_flow1	CWE789_Uncontrolled_Mem_Alloc__max_value_ArrayList_53a.java	29	CWE789_Uncontrolled_Mem_Alloc__max_value_ArrayList_53d.java	30
/home/swlab/Documents/swvul/java-vuln-detection/slicing/output/CPG/cwe789_cpg/cwe789-1375-cpg-resolved.bin	tc1375_flow2	CWE789_Uncontrolled_Mem_Alloc__max_value_ArrayList_53a.java	45	CWE789_Uncontrolled_Mem_Alloc__max_value_ArrayList_53d.java	39
/home/swlab/Documents/swvul/java-vuln-detection/slicing/output/CPG/cwe789_cpg/cwe789-1376-cpg-resolved.bin	tc1376_flow1	CWE789_Uncontrolled_Mem_Alloc__max_value_ArrayList_54a.java	29	CWE789_Uncontrolled_Mem_Alloc__max_value_ArrayList_54e.java	30
/home/swlab/Documents/swvul/java-vuln-detection/slicing/output/CPG/cwe789_cpg/cwe789-1376-cpg-resolved.bin	tc1376_flow2	CWE789_Uncontrolled_Mem_Alloc__max_value_ArrayList_54a.java	45	CWE789_Uncontrolled_Mem_Alloc__max_value_ArrayList_54e.java	39
/home/swlab/Documents/swvul/java-vuln-detection/slicing/output/CPG/cwe789_cpg/cwe789-1377-cpg-resolved.bin	tc1377_flow1	CWE789_Uncontrolled_Mem_Alloc__max_value_ArrayList_61b.java	29	CWE789_Uncontrolled_Mem_Alloc__max_value_ArrayList_61a.java	31
/home/swlab/Documents/swvul/java-vuln-detection/slicing/output/CPG/cwe789_cpg/cwe789-1377-cpg-resolved.bin	tc1377_flow2	CWE789_Uncontrolled_Mem_Alloc__max_value_ArrayList_61b.java	40	CWE789_Uncontrolled_Mem_Alloc__max_value_ArrayList_61a.java	46
/home/swlab/Documents/swvul/java-vuln-detection/slicing/output/CPG/cwe789_cpg/cwe789-1378-cpg-resolved.bin	tc1378_flow1	CWE789_Uncontrolled_Mem_Alloc__max_value_ArrayList_66a.java	29	CWE789_Uncontrolled_Mem_Alloc__max_value_ArrayList_66b.java	31
/home/swlab/Documents/swvul/java-vuln-detection/slicing/output/CPG/cwe789_cpg/cwe789-1378-cpg-resolved.bin	tc1378_flow2	CWE789_Uncontrolled_Mem_Alloc__max_value_ArrayList_66a.java	47	CWE789_Uncontrolled_Mem_Alloc__max_value_ArrayList_66b.java	41
/home/swlab/Documents/swvul/java-vuln-detection/slicing/output/CPG/cwe789_cpg/cwe789-1379-cpg-resolved.bin	tc1379_flow1	CWE789_Uncontrolled_Mem_Alloc__max_value_ArrayList_67a.java	34	CWE789_Uncontrolled_Mem_Alloc__max_value_ArrayList_67b.java	31
/home/swlab/Documents/swvul/java-vuln-detection/slicing/output/CPG/cwe789_cpg/cwe789-1379-cpg-resolved.bin	tc1379_flow2	CWE789_Uncontrolled_Mem_Alloc__max_value_ArrayList_67a.java	52	CWE789_Uncontrolled_Mem_Alloc__max_value_ArrayList_67b.java	41
/home/swlab/Documents/swvul/java-vuln-detection/slicing/output/CPG/cwe789_cpg/cwe789-1380-cpg-resolved.bin	tc1380_flow1	CWE789_Uncontrolled_Mem_Alloc__max_value_ArrayList_68a.java	29	CWE789_Uncontrolled_Mem_Alloc__max_value_ArrayList_68b.java	30
/home/swlab/Documents/swvul/java-vuln-detection/slicing/output/CPG/cwe789_cpg/cwe789-1380-cpg-resolved.bin	tc1380_flow2	CWE789_Uncontrolled_Mem_Alloc__max_value_ArrayList_68a.java	44	CWE789_Uncontrolled_Mem_Alloc__max_value_ArrayList_68b.java	40
/home/swlab/Documents/swvul/java-vuln-detection/slicing/output/CPG/cwe789_cpg/cwe789-1381-cpg-resolved.bin	tc1381_flow1	CWE789_Uncontrolled_Mem_Alloc__max_value_ArrayList_71a.java	29	CWE789_Uncontrolled_Mem_Alloc__max_value_ArrayList_71b.java	31
/home/swlab/Documents/swvul/java-vuln-detection/slicing/output/CPG/cwe789_cpg/cwe789-1381-cpg-resolved.bin	tc1381_flow2	CWE789_Uncontrolled_Mem_Alloc__max_value_ArrayList_71a.java	45	CWE789_Uncontrolled_Mem_Alloc__max_value_ArrayList_71b.java	41
/home/swlab/Documents/swvul/java-vuln-detection/slicing/output/CPG/cwe789_cpg/cwe789-1382-cpg-resolved.bin	tc1382_flow1	CWE789_Uncontrolled_Mem_Alloc__max_value_ArrayList_72a.java	30	CWE789_Uncontrolled_Mem_Alloc__max_value_ArrayList_72b.java	32
/home/swlab/Documents/swvul/java-vuln-detection/slicing/output/CPG/cwe789_cpg/cwe789-1382-cpg-resolved.bin	tc1382_flow2	CWE789_Uncontrolled_Mem_Alloc__max_value_ArrayList_72a.java	50	CWE789_Uncontrolled_Mem_Alloc__max_value_ArrayList_72b.java	42
/home/swlab/Documents/swvul/java-vuln-detection/slicing/output/CPG/cwe789_cpg/cwe789-1383-cpg-resolved.bin	tc1383_flow1	CWE789_Uncontrolled_Mem_Alloc__max_value_ArrayList_73a.java	30	CWE789_Uncontrolled_Mem_Alloc__max_value_ArrayList_73b.java	32
/home/swlab/Documents/swvul/java-vuln-detection/slicing/output/CPG/cwe789_cpg/cwe789-1383-cpg-resolved.bin	tc1383_flow2	CWE789_Uncontrolled_Mem_Alloc__max_value_ArrayList_73a.java	50	CWE789_Uncontrolled_Mem_Alloc__max_value_ArrayList_73b.java	42
/home/swlab/Documents/swvul/java-vuln-detection/slicing/output/CPG/cwe789_cpg/cwe789-1384-cpg-resolved.bin	tc1384_flow1	CWE789_Uncontrolled_Mem_Alloc__max_value_ArrayList_74a.java	30	CWE789_Uncontrolled_Mem_Alloc__max_value_ArrayList_74b.java	32
/home/swlab/Documents/swvul/java-vuln-detection/slicing/output/CPG/cwe789_cpg/cwe789-1384-cpg-resolved.bin	tc1384_flow2	CWE789_Uncontrolled_Mem_Alloc__max_value_ArrayList_74a.java	50	CWE789_Uncontrolled_Mem_Alloc__max_value_ArrayList_74b.java	42
/home/swlab/Documents/swvul/java-vuln-detection/slicing/output/CPG/cwe789_cpg/cwe789-1385-cpg-resolved.bin	tc1385_flow1	CWE789_Uncontrolled_Mem_Alloc__max_value_ArrayList_75a.java	34	CWE789_Uncontrolled_Mem_Alloc__max_value_ArrayList_75b.java	43
/home/swlab/Documents/swvul/java-vuln-detection/slicing/output/CPG/cwe789_cpg/cwe789-1385-cpg-resolved.bin	tc1385_flow2	CWE789_Uncontrolled_Mem_Alloc__max_value_ArrayList_75a.java	92	CWE789_Uncontrolled_Mem_Alloc__max_value_ArrayList_75b.java	97
/home/swlab/Documents/swvul/java-vuln-detection/slicing/output/CPG/cwe789_cpg/cwe789-1386-cpg-resolved.bin	tc1386_flow1	CWE789_Uncontrolled_Mem_Alloc__max_value_ArrayList_81a.java	29	CWE789_Uncontrolled_Mem_Alloc__max_value_ArrayList_81_bad.java	30
/home/swlab/Documents/swvul/java-vuln-detection/slicing/output/CPG/cwe789_cpg/cwe789-1386-cpg-resolved.bin	tc1386_flow2	CWE789_Uncontrolled_Mem_Alloc__max_value_ArrayList_81a.java	46	CWE789_Uncontrolled_Mem_Alloc__max_value_ArrayList_81_goodG2B.java	30
/home/swlab/Documents/swvul/java-vuln-detection/slicing/output/CPG/cwe789_cpg/cwe789-1387-cpg-resolved.bin	tc1387_flow1	CWE789_Uncontrolled_Mem_Alloc__max_value_HashMap_01.java	31	CWE789_Uncontrolled_Mem_Alloc__max_value_HashMap_01.java	34
/home/swlab/Documents/swvul/java-vuln-detection/slicing/output/CPG/cwe789_cpg/cwe789-1387-cpg-resolved.bin	tc1387_flow2	CWE789_Uncontrolled_Mem_Alloc__max_value_HashMap_01.java	49	CWE789_Uncontrolled_Mem_Alloc__max_value_HashMap_01.java	52
/home/swlab/Documents/swvul/java-vuln-detection/slicing/output/CPG/cwe789_cpg/cwe789-1388-cpg-resolved.bin	tc1388_flow1	CWE789_Uncontrolled_Mem_Alloc__max_value_HashMap_02.java	32	CWE789_Uncontrolled_Mem_Alloc__max_value_HashMap_02.java	42
/home/swlab/Documents/swvul/java-vuln-detection/slicing/output/CPG/cwe789_cpg/cwe789-1388-cpg-resolved.bin	tc1388_flow2	CWE789_Uncontrolled_Mem_Alloc__max_value_HashMap_02.java	60	CWE789_Uncontrolled_Mem_Alloc__max_value_HashMap_02.java	65
/home/swlab/Documents/swvul/java-vuln-detection/slicing/output/CPG/cwe789_cpg/cwe789-1388-cpg-resolved.bin	tc1388_flow3	CWE789_Uncontrolled_Mem_Alloc__max_value_HashMap_02.java	76	CWE789_Uncontrolled_Mem_Alloc__max_value_HashMap_02.java	86
/home/swlab/Documents/swvul/java-vuln-detection/slicing/output/CPG/cwe789_cpg/cwe789-1389-cpg-resolved.bin	tc1389_flow1	CWE789_Uncontrolled_Mem_Alloc__max_value_HashMap_03.java	32	CWE789_Uncontrolled_Mem_Alloc__max_value_HashMap_03.java	42
/home/swlab/Documents/swvul/java-vuln-detection/slicing/output/CPG/cwe789_cpg/cwe789-1389-cpg-resolved.bin	tc1389_flow2	CWE789_Uncontrolled_Mem_Alloc__max_value_HashMap_03.java	60	CWE789_Uncontrolled_Mem_Alloc__max_value_HashMap_03.java	65
/home/swlab/Documents/swvul/java-vuln-detection/slicing/output/CPG/cwe789_cpg/cwe789-1389-cpg-resolved.bin	tc1389_flow3	CWE789_Uncontrolled_Mem_Alloc__max_value_HashMap_03.java	76	CWE789_Uncontrolled_Mem_Alloc__max_value_HashMap_03.java	86
/home/swlab/Documents/swvul/java-vuln-detection/slicing/output/CPG/cwe789_cpg/cwe789-1390-cpg-resolved.bin	tc1390_flow1	CWE789_Uncontrolled_Mem_Alloc__max_value_HashMap_04.java	39	CWE789_Uncontrolled_Mem_Alloc__max_value_HashMap_04.java	49
/home/swlab/Documents/swvul/java-vuln-detection/slicing/output/CPG/cwe789_cpg/cwe789-1390-cpg-resolved.bin	tc1390_flow2	CWE789_Uncontrolled_Mem_Alloc__max_value_HashMap_04.java	67	CWE789_Uncontrolled_Mem_Alloc__max_value_HashMap_04.java	72
/home/swlab/Documents/swvul/java-vuln-detection/slicing/output/CPG/cwe789_cpg/cwe789-1390-cpg-resolved.bin	tc1390_flow3	CWE789_Uncontrolled_Mem_Alloc__max_value_HashMap_04.java	83	CWE789_Uncontrolled_Mem_Alloc__max_value_HashMap_04.java	93
/home/swlab/Documents/swvul/java-vuln-detection/slicing/output/CPG/cwe789_cpg/cwe789-1391-cpg-resolved.bin	tc1391_flow1	CWE789_Uncontrolled_Mem_Alloc__max_value_HashMap_05.java	39	CWE789_Uncontrolled_Mem_Alloc__max_value_HashMap_05.java	49
/home/swlab/Documents/swvul/java-vuln-detection/slicing/output/CPG/cwe789_cpg/cwe789-1391-cpg-resolved.bin	tc1391_flow2	CWE789_Uncontrolled_Mem_Alloc__max_value_HashMap_05.java	67	CWE789_Uncontrolled_Mem_Alloc__max_value_HashMap_05.java	72
/home/swlab/Documents/swvul/java-vuln-detection/slicing/output/CPG/cwe789_cpg/cwe789-1391-cpg-resolved.bin	tc1391_flow3	CWE789_Uncontrolled_Mem_Alloc__max_value_HashMap_05.java	83	CWE789_Uncontrolled_Mem_Alloc__max_value_HashMap_05.java	93
/home/swlab/Documents/swvul/java-vuln-detection/slicing/output/CPG/cwe789_cpg/cwe789-1392-cpg-resolved.bin	tc1392_flow1	CWE789_Uncontrolled_Mem_Alloc__max_value_HashMap_06.java	38	CWE789_Uncontrolled_Mem_Alloc__max_value_HashMap_06.java	48
/home/swlab/Documents/swvul/java-vuln-detection/slicing/output/CPG/cwe789_cpg/cwe789-1392-cpg-resolved.bin	tc1392_flow2	CWE789_Uncontrolled_Mem_Alloc__max_value_HashMap_06.java	66	CWE789_Uncontrolled_Mem_Alloc__max_value_HashMap_06.java	71
/home/swlab/Documents/swvul/java-vuln-detection/slicing/output/CPG/cwe789_cpg/cwe789-1392-cpg-resolved.bin	tc1392_flow3	CWE789_Uncontrolled_Mem_Alloc__max_value_HashMap_06.java	82	CWE789_Uncontrolled_Mem_Alloc__max_value_HashMap_06.java	92
/home/swlab/Documents/swvul/java-vuln-detection/slicing/output/CPG/cwe789_cpg/cwe789-1393-cpg-resolved.bin	tc1393_flow1	CWE789_Uncontrolled_Mem_Alloc__max_value_HashMap_07.java	38	CWE789_Uncontrolled_Mem_Alloc__max_value_HashMap_07.java	48
/home/swlab/Documents/swvul/java-vuln-detection/slicing/output/CPG/cwe789_cpg/cwe789-1393-cpg-resolved.bin	tc1393_flow2	CWE789_Uncontrolled_Mem_Alloc__max_value_HashMap_07.java	66	CWE789_Uncontrolled_Mem_Alloc__max_value_HashMap_07.java	71
/home/swlab/Documents/swvul/java-vuln-detection/slicing/output/CPG/cwe789_cpg/cwe789-1393-cpg-resolved.bin	tc1393_flow3	CWE789_Uncontrolled_Mem_Alloc__max_value_HashMap_07.java	82	CWE789_Uncontrolled_Mem_Alloc__max_value_HashMap_07.java	92
/home/swlab/Documents/swvul/java-vuln-detection/slicing/output/CPG/cwe789_cpg/cwe789-1394-cpg-resolved.bin	tc1394_flow1	CWE789_Uncontrolled_Mem_Alloc__max_value_HashMap_08.java	46	CWE789_Uncontrolled_Mem_Alloc__max_value_HashMap_08.java	56
/home/swlab/Documents/swvul/java-vuln-detection/slicing/output/CPG/cwe789_cpg/cwe789-1394-cpg-resolved.bin	tc1394_flow2	CWE789_Uncontrolled_Mem_Alloc__max_value_HashMap_08.java	74	CWE789_Uncontrolled_Mem_Alloc__max_value_HashMap_08.java	79
/home/swlab/Documents/swvul/java-vuln-detection/slicing/output/CPG/cwe789_cpg/cwe789-1394-cpg-resolved.bin	tc1394_flow3	CWE789_Uncontrolled_Mem_Alloc__max_value_HashMap_08.java	90	CWE789_Uncontrolled_Mem_Alloc__max_value_HashMap_08.java	100
/home/swlab/Documents/swvul/java-vuln-detection/slicing/output/CPG/cwe789_cpg/cwe789-1395-cpg-resolved.bin	tc1395_flow1	CWE789_Uncontrolled_Mem_Alloc__max_value_HashMap_09.java	32	CWE789_Uncontrolled_Mem_Alloc__max_value_HashMap_09.java	42
/home/swlab/Documents/swvul/java-vuln-detection/slicing/output/CPG/cwe789_cpg/cwe789-1395-cpg-resolved.bin	tc1395_flow2	CWE789_Uncontrolled_Mem_Alloc__max_value_HashMap_09.java	60	CWE789_Uncontrolled_Mem_Alloc__max_value_HashMap_09.java	65
/home/swlab/Documents/swvul/java-vuln-detection/slicing/output/CPG/cwe789_cpg/cwe789-1395-cpg-resolved.bin	tc1395_flow3	CWE789_Uncontrolled_Mem_Alloc__max_value_HashMap_09.java	76	CWE789_Uncontrolled_Mem_Alloc__max_value_HashMap_09.java	86
/home/swlab/Documents/swvul/java-vuln-detection/slicing/output/CPG/cwe789_cpg/cwe789-1396-cpg-resolved.bin	tc1396_flow1	CWE789_Uncontrolled_Mem_Alloc__max_value_HashMap_10.java	32	CWE789_Uncontrolled_Mem_Alloc__max_value_HashMap_10.java	42
/home/swlab/Documents/swvul/java-vuln-detection/slicing/output/CPG/cwe789_cpg/cwe789-1396-cpg-resolved.bin	tc1396_flow2	CWE789_Uncontrolled_Mem_Alloc__max_value_HashMap_10.java	60	CWE789_Uncontrolled_Mem_Alloc__max_value_HashMap_10.java	65
/home/swlab/Documents/swvul/java-vuln-detection/slicing/output/CPG/cwe789_cpg/cwe789-1396-cpg-resolved.bin	tc1396_flow3	CWE789_Uncontrolled_Mem_Alloc__max_value_HashMap_10.java	76	CWE789_Uncontrolled_Mem_Alloc__max_value_HashMap_10.java	86
/home/swlab/Documents/swvul/java-vuln-detection/slicing/output/CPG/cwe789_cpg/cwe789-1397-cpg-resolved.bin	tc1397_flow1	CWE789_Uncontrolled_Mem_Alloc__max_value_HashMap_11.java	32	CWE789_Uncontrolled_Mem_Alloc__max_value_HashMap_11.java	42
/home/swlab/Documents/swvul/java-vuln-detection/slicing/output/CPG/cwe789_cpg/cwe789-1397-cpg-resolved.bin	tc1397_flow2	CWE789_Uncontrolled_Mem_Alloc__max_value_HashMap_11.java	60	CWE789_Uncontrolled_Mem_Alloc__max_value_HashMap_11.java	65
/home/swlab/Documents/swvul/java-vuln-detection/slicing/output/CPG/cwe789_cpg/cwe789-1397-cpg-resolved.bin	tc1397_flow3	CWE789_Uncontrolled_Mem_Alloc__max_value_HashMap_11.java	76	CWE789_Uncontrolled_Mem_Alloc__max_value_HashMap_11.java	86
/home/swlab/Documents/swvul/java-vuln-detection/slicing/output/CPG/cwe789_cpg/cwe789-1398-cpg-resolved.bin	tc1398_flow1	CWE789_Uncontrolled_Mem_Alloc__max_value_HashMap_12.java	32	CWE789_Uncontrolled_Mem_Alloc__max_value_HashMap_12.java	43
/home/swlab/Documents/swvul/java-vuln-detection/slicing/output/CPG/cwe789_cpg/cwe789-1398-cpg-resolved.bin	tc1398_flow2	CWE789_Uncontrolled_Mem_Alloc__max_value_HashMap_12.java	55	CWE789_Uncontrolled_Mem_Alloc__max_value_HashMap_12.java	66
/home/swlab/Documents/swvul/java-vuln-detection/slicing/output/CPG/cwe789_cpg/cwe789-1399-cpg-resolved.bin	tc1399_flow1	CWE789_Uncontrolled_Mem_Alloc__max_value_HashMap_13.java	32	CWE789_Uncontrolled_Mem_Alloc__max_value_HashMap_13.java	42
/home/swlab/Documents/swvul/java-vuln-detection/slicing/output/CPG/cwe789_cpg/cwe789-1399-cpg-resolved.bin	tc1399_flow2	CWE789_Uncontrolled_Mem_Alloc__max_value_HashMap_13.java	60	CWE789_Uncontrolled_Mem_Alloc__max_value_HashMap_13.java	65
/home/swlab/Documents/swvul/java-vuln-detection/slicing/output/CPG/cwe789_cpg/cwe789-1399-cpg-resolved.bin	tc1399_flow3	CWE789_Uncontrolled_Mem_Alloc__max_value_HashMap_13.java	76	CWE789_Uncontrolled_Mem_Alloc__max_value_HashMap_13.java	86
/home/swlab/Documents/swvul/java-vuln-detection/slicing/output/CPG/cwe789_cpg/cwe789-1400-cpg-resolved.bin	tc1400_flow1	CWE789_Uncontrolled_Mem_Alloc__max_value_HashMap_14.java	32	CWE789_Uncontrolled_Mem_Alloc__max_value_HashMap_14.java	42
/home/swlab/Documents/swvul/java-vuln-detection/slicing/output/CPG/cwe789_cpg/cwe789-1400-cpg-resolved.bin	tc1400_flow2	CWE789_Uncontrolled_Mem_Alloc__max_value_HashMap_14.java	60	CWE789_Uncontrolled_Mem_Alloc__max_value_HashMap_14.java	65
/home/swlab/Documents/swvul/java-vuln-detection/slicing/output/CPG/cwe789_cpg/cwe789-1400-cpg-resolved.bin	tc1400_flow3	CWE789_Uncontrolled_Mem_Alloc__max_value_HashMap_14.java	76	CWE789_Uncontrolled_Mem_Alloc__max_value_HashMap_14.java	86
/home/swlab/Documents/swvul/java-vuln-detection/slicing/output/CPG/cwe789_cpg/cwe789-1401-cpg-resolved.bin	tc1401_flow1	CWE789_Uncontrolled_Mem_Alloc__max_value_HashMap_15.java	34	CWE789_Uncontrolled_Mem_Alloc__max_value_HashMap_15.java	44
/home/swlab/Documents/swvul/java-vuln-detection/slicing/output/CPG/cwe789_cpg/cwe789-1401-cpg-resolved.bin	tc1401_flow2	CWE789_Uncontrolled_Mem_Alloc__max_value_HashMap_15.java	62	CWE789_Uncontrolled_Mem_Alloc__max_value_HashMap_15.java	67
/home/swlab/Documents/swvul/java-vuln-detection/slicing/output/CPG/cwe789_cpg/cwe789-1401-cpg-resolved.bin	tc1401_flow3	CWE789_Uncontrolled_Mem_Alloc__max_value_HashMap_15.java	80	CWE789_Uncontrolled_Mem_Alloc__max_value_HashMap_15.java	90
/home/swlab/Documents/swvul/java-vuln-detection/slicing/output/CPG/cwe789_cpg/cwe789-1402-cpg-resolved.bin	tc1402_flow1	CWE789_Uncontrolled_Mem_Alloc__max_value_HashMap_16.java	33	CWE789_Uncontrolled_Mem_Alloc__max_value_HashMap_16.java	38
/home/swlab/Documents/swvul/java-vuln-detection/slicing/output/CPG/cwe789_cpg/cwe789-1402-cpg-resolved.bin	tc1402_flow2	CWE789_Uncontrolled_Mem_Alloc__max_value_HashMap_16.java	50	CWE789_Uncontrolled_Mem_Alloc__max_value_HashMap_16.java	55
/home/swlab/Documents/swvul/java-vuln-detection/slicing/output/CPG/cwe789_cpg/cwe789-1403-cpg-resolved.bin	tc1403_flow1	CWE789_Uncontrolled_Mem_Alloc__max_value_HashMap_17.java	31	CWE789_Uncontrolled_Mem_Alloc__max_value_HashMap_17.java	36
/home/swlab/Documents/swvul/java-vuln-detection/slicing/output/CPG/cwe789_cpg/cwe789-1403-cpg-resolved.bin	tc1403_flow2	CWE789_Uncontrolled_Mem_Alloc__max_value_HashMap_17.java	47	CWE789_Uncontrolled_Mem_Alloc__max_value_HashMap_17.java	52
/home/swlab/Documents/swvul/java-vuln-detection/slicing/output/CPG/cwe789_cpg/cwe789-1404-cpg-resolved.bin	tc1404_flow1	CWE789_Uncontrolled_Mem_Alloc__max_value_HashMap_21.java	48	CWE789_Uncontrolled_Mem_Alloc__max_value_HashMap_21.java	37
/home/swlab/Documents/swvul/java-vuln-detection/slicing/output/CPG/cwe789_cpg/cwe789-1404-cpg-resolved.bin	tc1404_flow2	CWE789_Uncontrolled_Mem_Alloc__max_value_HashMap_21.java	97	CWE789_Uncontrolled_Mem_Alloc__max_value_HashMap_21.java	79
/home/swlab/Documents/swvul/java-vuln-detection/slicing/output/CPG/cwe789_cpg/cwe789-1404-cpg-resolved.bin	tc1404_flow3	CWE789_Uncontrolled_Mem_Alloc__max_value_HashMap_21.java	124	CWE789_Uncontrolled_Mem_Alloc__max_value_HashMap_21.java	113
/home/swlab/Documents/swvul/java-vuln-detection/slicing/output/CPG/cwe789_cpg/cwe789-1405-cpg-resolved.bin	tc1405_flow1	CWE789_Uncontrolled_Mem_Alloc__max_value_HashMap_22b.java	31	CWE789_Uncontrolled_Mem_Alloc__max_value_HashMap_22a.java	38
/home/swlab/Documents/swvul/java-vuln-detection/slicing/output/CPG/cwe789_cpg/cwe789-1405-cpg-resolved.bin	tc1405_flow2	CWE789_Uncontrolled_Mem_Alloc__max_value_HashMap_22b.java	57	CWE789_Uncontrolled_Mem_Alloc__max_value_HashMap_22a.java	62
/home/swlab/Documents/swvul/java-vuln-detection/slicing/output/CPG/cwe789_cpg/cwe789-1405-cpg-resolved.bin	tc1405_flow3	CWE789_Uncontrolled_Mem_Alloc__max_value_HashMap_22b.java	72	CWE789_Uncontrolled_Mem_Alloc__max_value_HashMap_22a.java	75
/home/swlab/Documents/swvul/java-vuln-detection/slicing/output/CPG/cwe789_cpg/cwe789-1406-cpg-resolved.bin	tc1406_flow1	CWE789_Uncontrolled_Mem_Alloc__max_value_HashMap_31.java	34	CWE789_Uncontrolled_Mem_Alloc__max_value_HashMap_31.java	42
/home/swlab/Documents/swvul/java-vuln-detection/slicing/output/CPG/cwe789_cpg/cwe789-1406-cpg-resolved.bin	tc1406_flow2	CWE789_Uncontrolled_Mem_Alloc__max_value_HashMap_31.java	60	CWE789_Uncontrolled_Mem_Alloc__max_value_HashMap_31.java	68
/home/swlab/Documents/swvul/java-vuln-detection/slicing/output/CPG/cwe789_cpg/cwe789-1407-cpg-resolved.bin	tc1407_flow1	CWE789_Uncontrolled_Mem_Alloc__max_value_HashMap_41.java	38	CWE789_Uncontrolled_Mem_Alloc__max_value_HashMap_41.java	29
/home/swlab/Documents/swvul/java-vuln-detection/slicing/output/CPG/cwe789_cpg/cwe789-1407-cpg-resolved.bin	tc1407_flow2	CWE789_Uncontrolled_Mem_Alloc__max_value_HashMap_41.java	62	CWE789_Uncontrolled_Mem_Alloc__max_value_HashMap_41.java	52
/home/swlab/Documents/swvul/java-vuln-detection/slicing/output/CPG/cwe789_cpg/cwe789-1408-cpg-resolved.bin	tc1408_flow1	CWE789_Uncontrolled_Mem_Alloc__max_value_HashMap_42.java	30	CWE789_Uncontrolled_Mem_Alloc__max_value_HashMap_42.java	41
/home/swlab/Documents/swvul/java-vuln-detection/slicing/output/CPG/cwe789_cpg/cwe789-1408-cpg-resolved.bin	tc1408_flow2	CWE789_Uncontrolled_Mem_Alloc__max_value_HashMap_42.java	50	CWE789_Uncontrolled_Mem_Alloc__max_value_HashMap_42.java	61
/home/swlab/Documents/swvul/java-vuln-detection/slicing/output/CPG/cwe789_cpg/cwe789-1409-cpg-resolved.bin	tc1409_flow1	CWE789_Uncontrolled_Mem_Alloc__max_value_HashMap_45.java	44	CWE789_Uncontrolled_Mem_Alloc__max_value_HashMap_45.java	34
/home/swlab/Documents/swvul/java-vuln-detection/slicing/output/CPG/cwe789_cpg/cwe789-1409-cpg-resolved.bin	tc1409_flow2	CWE789_Uncontrolled_Mem_Alloc__max_value_HashMap_45.java	70	CWE789_Uncontrolled_Mem_Alloc__max_value_HashMap_45.java	60
/home/swlab/Documents/swvul/java-vuln-detection/slicing/output/CPG/cwe789_cpg/cwe789-1410-cpg-resolved.bin	tc1410_flow1	CWE789_Uncontrolled_Mem_Alloc__max_value_HashMap_51a.java	28	CWE789_Uncontrolled_Mem_Alloc__max_value_HashMap_51b.java	29
/home/swlab/Documents/swvul/java-vuln-detection/slicing/output/CPG/cwe789_cpg/cwe789-1410-cpg-resolved.bin	tc1410_flow2	CWE789_Uncontrolled_Mem_Alloc__max_value_HashMap_51a.java	44	CWE789_Uncontrolled_Mem_Alloc__max_value_HashMap_51b.java	38
/home/swlab/Documents/swvul/java-vuln-detection/slicing/output/CPG/cwe789_cpg/cwe789-1411-cpg-resolved.bin	tc1411_flow1	CWE789_Uncontrolled_Mem_Alloc__max_value_HashMap_52a.java	29	CWE789_Uncontrolled_Mem_Alloc__max_value_HashMap_52c.java	30
/home/swlab/Documents/swvul/java-vuln-detection/slicing/output/CPG/cwe789_cpg/cwe789-1411-cpg-resolved.bin	tc1411_flow2	CWE789_Uncontrolled_Mem_Alloc__max_value_HashMap_52a.java	45	CWE789_Uncontrolled_Mem_Alloc__max_value_HashMap_52c.java	39
/home/swlab/Documents/swvul/java-vuln-detection/slicing/output/CPG/cwe789_cpg/cwe789-1412-cpg-resolved.bin	tc1412_flow1	CWE789_Uncontrolled_Mem_Alloc__max_value_HashMap_53a.java	29	CWE789_Uncontrolled_Mem_Alloc__max_value_HashMap_53d.java	30
/home/swlab/Documents/swvul/java-vuln-detection/slicing/output/CPG/cwe789_cpg/cwe789-1412-cpg-resolved.bin	tc1412_flow2	CWE789_Uncontrolled_Mem_Alloc__max_value_HashMap_53a.java	45	CWE789_Uncontrolled_Mem_Alloc__max_value_HashMap_53d.java	39
/home/swlab/Documents/swvul/java-vuln-detection/slicing/output/CPG/cwe789_cpg/cwe789-1413-cpg-resolved.bin	tc1413_flow1	CWE789_Uncontrolled_Mem_Alloc__max_value_HashMap_54a.java	29	CWE789_Uncontrolled_Mem_Alloc__max_value_HashMap_54e.java	30
/home/swlab/Documents/swvul/java-vuln-detection/slicing/output/CPG/cwe789_cpg/cwe789-1413-cpg-resolved.bin	tc1413_flow2	CWE789_Uncontrolled_Mem_Alloc__max_value_HashMap_54a.java	45	CWE789_Uncontrolled_Mem_Alloc__max_value_HashMap_54e.java	39
/home/swlab/Documents/swvul/java-vuln-detection/slicing/output/CPG/cwe789_cpg/cwe789-1414-cpg-resolved.bin	tc1414_flow1	CWE789_Uncontrolled_Mem_Alloc__max_value_HashMap_61b.java	29	CWE789_Uncontrolled_Mem_Alloc__max_value_HashMap_61a.java	31
/home/swlab/Documents/swvul/java-vuln-detection/slicing/output/CPG/cwe789_cpg/cwe789-1414-cpg-resolved.bin	tc1414_flow2	CWE789_Uncontrolled_Mem_Alloc__max_value_HashMap_61b.java	40	CWE789_Uncontrolled_Mem_Alloc__max_value_HashMap_61a.java	46
/home/swlab/Documents/swvul/java-vuln-detection/slicing/output/CPG/cwe789_cpg/cwe789-1415-cpg-resolved.bin	tc1415_flow1	CWE789_Uncontrolled_Mem_Alloc__max_value_HashMap_66a.java	29	CWE789_Uncontrolled_Mem_Alloc__max_value_HashMap_66b.java	31
/home/swlab/Documents/swvul/java-vuln-detection/slicing/output/CPG/cwe789_cpg/cwe789-1415-cpg-resolved.bin	tc1415_flow2	CWE789_Uncontrolled_Mem_Alloc__max_value_HashMap_66a.java	47	CWE789_Uncontrolled_Mem_Alloc__max_value_HashMap_66b.java	41
/home/swlab/Documents/swvul/java-vuln-detection/slicing/output/CPG/cwe789_cpg/cwe789-1416-cpg-resolved.bin	tc1416_flow1	CWE789_Uncontrolled_Mem_Alloc__max_value_HashMap_67a.java	34	CWE789_Uncontrolled_Mem_Alloc__max_value_HashMap_67b.java	31
/home/swlab/Documents/swvul/java-vuln-detection/slicing/output/CPG/cwe789_cpg/cwe789-1416-cpg-resolved.bin	tc1416_flow2	CWE789_Uncontrolled_Mem_Alloc__max_value_HashMap_67a.java	52	CWE789_Uncontrolled_Mem_Alloc__max_value_HashMap_67b.java	41
/home/swlab/Documents/swvul/java-vuln-detection/slicing/output/CPG/cwe789_cpg/cwe789-1417-cpg-resolved.bin	tc1417_flow1	CWE789_Uncontrolled_Mem_Alloc__max_value_HashMap_68a.java	29	CWE789_Uncontrolled_Mem_Alloc__max_value_HashMap_68b.java	30
/home/swlab/Documents/swvul/java-vuln-detection/slicing/output/CPG/cwe789_cpg/cwe789-1417-cpg-resolved.bin	tc1417_flow2	CWE789_Uncontrolled_Mem_Alloc__max_value_HashMap_68a.java	44	CWE789_Uncontrolled_Mem_Alloc__max_value_HashMap_68b.java	40
/home/swlab/Documents/swvul/java-vuln-detection/slicing/output/CPG/cwe789_cpg/cwe789-1418-cpg-resolved.bin	tc1418_flow1	CWE789_Uncontrolled_Mem_Alloc__max_value_HashMap_71a.java	29	CWE789_Uncontrolled_Mem_Alloc__max_value_HashMap_71b.java	31
/home/swlab/Documents/swvul/java-vuln-detection/slicing/output/CPG/cwe789_cpg/cwe789-1418-cpg-resolved.bin	tc1418_flow2	CWE789_Uncontrolled_Mem_Alloc__max_value_HashMap_71a.java	45	CWE789_Uncontrolled_Mem_Alloc__max_value_HashMap_71b.java	41
/home/swlab/Documents/swvul/java-vuln-detection/slicing/output/CPG/cwe789_cpg/cwe789-1419-cpg-resolved.bin	tc1419_flow1	CWE789_Uncontrolled_Mem_Alloc__max_value_HashMap_72a.java	30	CWE789_Uncontrolled_Mem_Alloc__max_value_HashMap_72b.java	32
/home/swlab/Documents/swvul/java-vuln-detection/slicing/output/CPG/cwe789_cpg/cwe789-1419-cpg-resolved.bin	tc1419_flow2	CWE789_Uncontrolled_Mem_Alloc__max_value_HashMap_72a.java	50	CWE789_Uncontrolled_Mem_Alloc__max_value_HashMap_72b.java	42
/home/swlab/Documents/swvul/java-vuln-detection/slicing/output/CPG/cwe789_cpg/cwe789-1420-cpg-resolved.bin	tc1420_flow1	CWE789_Uncontrolled_Mem_Alloc__max_value_HashMap_73a.java	30	CWE789_Uncontrolled_Mem_Alloc__max_value_HashMap_73b.java	32
/home/swlab/Documents/swvul/java-vuln-detection/slicing/output/CPG/cwe789_cpg/cwe789-1420-cpg-resolved.bin	tc1420_flow2	CWE789_Uncontrolled_Mem_Alloc__max_value_HashMap_73a.java	50	CWE789_Uncontrolled_Mem_Alloc__max_value_HashMap_73b.java	42
/home/swlab/Documents/swvul/java-vuln-detection/slicing/output/CPG/cwe789_cpg/cwe789-1421-cpg-resolved.bin	tc1421_flow1	CWE789_Uncontrolled_Mem_Alloc__max_value_HashMap_74a.java	30	CWE789_Uncontrolled_Mem_Alloc__max_value_HashMap_74b.java	31
/home/swlab/Documents/swvul/java-vuln-detection/slicing/output/CPG/cwe789_cpg/cwe789-1421-cpg-resolved.bin	tc1421_flow2	CWE789_Uncontrolled_Mem_Alloc__max_value_HashMap_74a.java	50	CWE789_Uncontrolled_Mem_Alloc__max_value_HashMap_74b.java	41
/home/swlab/Documents/swvul/java-vuln-detection/slicing/output/CPG/cwe789_cpg/cwe789-1422-cpg-resolved.bin	tc1422_flow1	CWE789_Uncontrolled_Mem_Alloc__max_value_HashMap_75a.java	34	CWE789_Uncontrolled_Mem_Alloc__max_value_HashMap_75b.java	43
/home/swlab/Documents/swvul/java-vuln-detection/slicing/output/CPG/cwe789_cpg/cwe789-1422-cpg-resolved.bin	tc1422_flow2	CWE789_Uncontrolled_Mem_Alloc__max_value_HashMap_75a.java	92	CWE789_Uncontrolled_Mem_Alloc__max_value_HashMap_75b.java	97
/home/swlab/Documents/swvul/java-vuln-detection/slicing/output/CPG/cwe789_cpg/cwe789-1423-cpg-resolved.bin	tc1423_flow1	CWE789_Uncontrolled_Mem_Alloc__max_value_HashMap_81a.java	29	CWE789_Uncontrolled_Mem_Alloc__max_value_HashMap_81_bad.java	30
/home/swlab/Documents/swvul/java-vuln-detection/slicing/output/CPG/cwe789_cpg/cwe789-1423-cpg-resolved.bin	tc1423_flow2	CWE789_Uncontrolled_Mem_Alloc__max_value_HashMap_81a.java	46	CWE789_Uncontrolled_Mem_Alloc__max_value_HashMap_81_goodG2B.java	30
/home/swlab/Documents/swvul/java-vuln-detection/slicing/output/CPG/cwe789_cpg/cwe789-1424-cpg-resolved.bin	tc1424_flow1	CWE789_Uncontrolled_Mem_Alloc__max_value_HashSet_01.java	31	CWE789_Uncontrolled_Mem_Alloc__max_value_HashSet_01.java	34
/home/swlab/Documents/swvul/java-vuln-detection/slicing/output/CPG/cwe789_cpg/cwe789-1424-cpg-resolved.bin	tc1424_flow2	CWE789_Uncontrolled_Mem_Alloc__max_value_HashSet_01.java	49	CWE789_Uncontrolled_Mem_Alloc__max_value_HashSet_01.java	52
/home/swlab/Documents/swvul/java-vuln-detection/slicing/output/CPG/cwe789_cpg/cwe789-1425-cpg-resolved.bin	tc1425_flow1	CWE789_Uncontrolled_Mem_Alloc__max_value_HashSet_02.java	32	CWE789_Uncontrolled_Mem_Alloc__max_value_HashSet_02.java	42
/home/swlab/Documents/swvul/java-vuln-detection/slicing/output/CPG/cwe789_cpg/cwe789-1425-cpg-resolved.bin	tc1425_flow2	CWE789_Uncontrolled_Mem_Alloc__max_value_HashSet_02.java	60	CWE789_Uncontrolled_Mem_Alloc__max_value_HashSet_02.java	65
/home/swlab/Documents/swvul/java-vuln-detection/slicing/output/CPG/cwe789_cpg/cwe789-1425-cpg-resolved.bin	tc1425_flow3	CWE789_Uncontrolled_Mem_Alloc__max_value_HashSet_02.java	76	CWE789_Uncontrolled_Mem_Alloc__max_value_HashSet_02.java	86
/home/swlab/Documents/swvul/java-vuln-detection/slicing/output/CPG/cwe789_cpg/cwe789-1426-cpg-resolved.bin	tc1426_flow1	CWE789_Uncontrolled_Mem_Alloc__max_value_HashSet_03.java	32	CWE789_Uncontrolled_Mem_Alloc__max_value_HashSet_03.java	42
/home/swlab/Documents/swvul/java-vuln-detection/slicing/output/CPG/cwe789_cpg/cwe789-1426-cpg-resolved.bin	tc1426_flow2	CWE789_Uncontrolled_Mem_Alloc__max_value_HashSet_03.java	60	CWE789_Uncontrolled_Mem_Alloc__max_value_HashSet_03.java	65
/home/swlab/Documents/swvul/java-vuln-detection/slicing/output/CPG/cwe789_cpg/cwe789-1426-cpg-resolved.bin	tc1426_flow3	CWE789_Uncontrolled_Mem_Alloc__max_value_HashSet_03.java	76	CWE789_Uncontrolled_Mem_Alloc__max_value_HashSet_03.java	86
/home/swlab/Documents/swvul/java-vuln-detection/slicing/output/CPG/cwe789_cpg/cwe789-1427-cpg-resolved.bin	tc1427_flow1	CWE789_Uncontrolled_Mem_Alloc__max_value_HashSet_04.java	39	CWE789_Uncontrolled_Mem_Alloc__max_value_HashSet_04.java	49
/home/swlab/Documents/swvul/java-vuln-detection/slicing/output/CPG/cwe789_cpg/cwe789-1427-cpg-resolved.bin	tc1427_flow2	CWE789_Uncontrolled_Mem_Alloc__max_value_HashSet_04.java	67	CWE789_Uncontrolled_Mem_Alloc__max_value_HashSet_04.java	72
/home/swlab/Documents/swvul/java-vuln-detection/slicing/output/CPG/cwe789_cpg/cwe789-1427-cpg-resolved.bin	tc1427_flow3	CWE789_Uncontrolled_Mem_Alloc__max_value_HashSet_04.java	83	CWE789_Uncontrolled_Mem_Alloc__max_value_HashSet_04.java	93
/home/swlab/Documents/swvul/java-vuln-detection/slicing/output/CPG/cwe789_cpg/cwe789-1428-cpg-resolved.bin	tc1428_flow1	CWE789_Uncontrolled_Mem_Alloc__max_value_HashSet_05.java	39	CWE789_Uncontrolled_Mem_Alloc__max_value_HashSet_05.java	49
/home/swlab/Documents/swvul/java-vuln-detection/slicing/output/CPG/cwe789_cpg/cwe789-1428-cpg-resolved.bin	tc1428_flow2	CWE789_Uncontrolled_Mem_Alloc__max_value_HashSet_05.java	67	CWE789_Uncontrolled_Mem_Alloc__max_value_HashSet_05.java	72
/home/swlab/Documents/swvul/java-vuln-detection/slicing/output/CPG/cwe789_cpg/cwe789-1428-cpg-resolved.bin	tc1428_flow3	CWE789_Uncontrolled_Mem_Alloc__max_value_HashSet_05.java	83	CWE789_Uncontrolled_Mem_Alloc__max_value_HashSet_05.java	93
/home/swlab/Documents/swvul/java-vuln-detection/slicing/output/CPG/cwe789_cpg/cwe789-1429-cpg-resolved.bin	tc1429_flow1	CWE789_Uncontrolled_Mem_Alloc__max_value_HashSet_06.java	38	CWE789_Uncontrolled_Mem_Alloc__max_value_HashSet_06.java	48
/home/swlab/Documents/swvul/java-vuln-detection/slicing/output/CPG/cwe789_cpg/cwe789-1429-cpg-resolved.bin	tc1429_flow2	CWE789_Uncontrolled_Mem_Alloc__max_value_HashSet_06.java	66	CWE789_Uncontrolled_Mem_Alloc__max_value_HashSet_06.java	71
/home/swlab/Documents/swvul/java-vuln-detection/slicing/output/CPG/cwe789_cpg/cwe789-1429-cpg-resolved.bin	tc1429_flow3	CWE789_Uncontrolled_Mem_Alloc__max_value_HashSet_06.java	82	CWE789_Uncontrolled_Mem_Alloc__max_value_HashSet_06.java	92
/home/swlab/Documents/swvul/java-vuln-detection/slicing/output/CPG/cwe789_cpg/cwe789-1430-cpg-resolved.bin	tc1430_flow1	CWE789_Uncontrolled_Mem_Alloc__max_value_HashSet_07.java	38	CWE789_Uncontrolled_Mem_Alloc__max_value_HashSet_07.java	48
/home/swlab/Documents/swvul/java-vuln-detection/slicing/output/CPG/cwe789_cpg/cwe789-1430-cpg-resolved.bin	tc1430_flow2	CWE789_Uncontrolled_Mem_Alloc__max_value_HashSet_07.java	66	CWE789_Uncontrolled_Mem_Alloc__max_value_HashSet_07.java	71
/home/swlab/Documents/swvul/java-vuln-detection/slicing/output/CPG/cwe789_cpg/cwe789-1430-cpg-resolved.bin	tc1430_flow3	CWE789_Uncontrolled_Mem_Alloc__max_value_HashSet_07.java	82	CWE789_Uncontrolled_Mem_Alloc__max_value_HashSet_07.java	92
/home/swlab/Documents/swvul/java-vuln-detection/slicing/output/CPG/cwe789_cpg/cwe789-1431-cpg-resolved.bin	tc1431_flow1	CWE789_Uncontrolled_Mem_Alloc__max_value_HashSet_08.java	46	CWE789_Uncontrolled_Mem_Alloc__max_value_HashSet_08.java	56
/home/swlab/Documents/swvul/java-vuln-detection/slicing/output/CPG/cwe789_cpg/cwe789-1431-cpg-resolved.bin	tc1431_flow2	CWE789_Uncontrolled_Mem_Alloc__max_value_HashSet_08.java	74	CWE789_Uncontrolled_Mem_Alloc__max_value_HashSet_08.java	79
/home/swlab/Documents/swvul/java-vuln-detection/slicing/output/CPG/cwe789_cpg/cwe789-1431-cpg-resolved.bin	tc1431_flow3	CWE789_Uncontrolled_Mem_Alloc__max_value_HashSet_08.java	90	CWE789_Uncontrolled_Mem_Alloc__max_value_HashSet_08.java	100
/home/swlab/Documents/swvul/java-vuln-detection/slicing/output/CPG/cwe789_cpg/cwe789-1432-cpg-resolved.bin	tc1432_flow1	CWE789_Uncontrolled_Mem_Alloc__max_value_HashSet_09.java	32	CWE789_Uncontrolled_Mem_Alloc__max_value_HashSet_09.java	42
/home/swlab/Documents/swvul/java-vuln-detection/slicing/output/CPG/cwe789_cpg/cwe789-1432-cpg-resolved.bin	tc1432_flow2	CWE789_Uncontrolled_Mem_Alloc__max_value_HashSet_09.java	60	CWE789_Uncontrolled_Mem_Alloc__max_value_HashSet_09.java	65
/home/swlab/Documents/swvul/java-vuln-detection/slicing/output/CPG/cwe789_cpg/cwe789-1432-cpg-resolved.bin	tc1432_flow3	CWE789_Uncontrolled_Mem_Alloc__max_value_HashSet_09.java	76	CWE789_Uncontrolled_Mem_Alloc__max_value_HashSet_09.java	86
/home/swlab/Documents/swvul/java-vuln-detection/slicing/output/CPG/cwe789_cpg/cwe789-1433-cpg-resolved.bin	tc1433_flow1	CWE789_Uncontrolled_Mem_Alloc__max_value_HashSet_10.java	32	CWE789_Uncontrolled_Mem_Alloc__max_value_HashSet_10.java	42
/home/swlab/Documents/swvul/java-vuln-detection/slicing/output/CPG/cwe789_cpg/cwe789-1433-cpg-resolved.bin	tc1433_flow2	CWE789_Uncontrolled_Mem_Alloc__max_value_HashSet_10.java	60	CWE789_Uncontrolled_Mem_Alloc__max_value_HashSet_10.java	65
/home/swlab/Documents/swvul/java-vuln-detection/slicing/output/CPG/cwe789_cpg/cwe789-1433-cpg-resolved.bin	tc1433_flow3	CWE789_Uncontrolled_Mem_Alloc__max_value_HashSet_10.java	76	CWE789_Uncontrolled_Mem_Alloc__max_value_HashSet_10.java	86
/home/swlab/Documents/swvul/java-vuln-detection/slicing/output/CPG/cwe789_cpg/cwe789-1434-cpg-resolved.bin	tc1434_flow1	CWE789_Uncontrolled_Mem_Alloc__max_value_HashSet_11.java	32	CWE789_Uncontrolled_Mem_Alloc__max_value_HashSet_11.java	42
/home/swlab/Documents/swvul/java-vuln-detection/slicing/output/CPG/cwe789_cpg/cwe789-1434-cpg-resolved.bin	tc1434_flow2	CWE789_Uncontrolled_Mem_Alloc__max_value_HashSet_11.java	60	CWE789_Uncontrolled_Mem_Alloc__max_value_HashSet_11.java	65
/home/swlab/Documents/swvul/java-vuln-detection/slicing/output/CPG/cwe789_cpg/cwe789-1434-cpg-resolved.bin	tc1434_flow3	CWE789_Uncontrolled_Mem_Alloc__max_value_HashSet_11.java	76	CWE789_Uncontrolled_Mem_Alloc__max_value_HashSet_11.java	86
/home/swlab/Documents/swvul/java-vuln-detection/slicing/output/CPG/cwe789_cpg/cwe789-1435-cpg-resolved.bin	tc1435_flow1	CWE789_Uncontrolled_Mem_Alloc__max_value_HashSet_12.java	32	CWE789_Uncontrolled_Mem_Alloc__max_value_HashSet_12.java	43
/home/swlab/Documents/swvul/java-vuln-detection/slicing/output/CPG/cwe789_cpg/cwe789-1435-cpg-resolved.bin	tc1435_flow2	CWE789_Uncontrolled_Mem_Alloc__max_value_HashSet_12.java	55	CWE789_Uncontrolled_Mem_Alloc__max_value_HashSet_12.java	66
/home/swlab/Documents/swvul/java-vuln-detection/slicing/output/CPG/cwe789_cpg/cwe789-1436-cpg-resolved.bin	tc1436_flow1	CWE789_Uncontrolled_Mem_Alloc__max_value_HashSet_13.java	32	CWE789_Uncontrolled_Mem_Alloc__max_value_HashSet_13.java	42
/home/swlab/Documents/swvul/java-vuln-detection/slicing/output/CPG/cwe789_cpg/cwe789-1436-cpg-resolved.bin	tc1436_flow2	CWE789_Uncontrolled_Mem_Alloc__max_value_HashSet_13.java	60	CWE789_Uncontrolled_Mem_Alloc__max_value_HashSet_13.java	65
/home/swlab/Documents/swvul/java-vuln-detection/slicing/output/CPG/cwe789_cpg/cwe789-1436-cpg-resolved.bin	tc1436_flow3	CWE789_Uncontrolled_Mem_Alloc__max_value_HashSet_13.java	76	CWE789_Uncontrolled_Mem_Alloc__max_value_HashSet_13.java	86
/home/swlab/Documents/swvul/java-vuln-detection/slicing/output/CPG/cwe789_cpg/cwe789-1437-cpg-resolved.bin	tc1437_flow1	CWE789_Uncontrolled_Mem_Alloc__max_value_HashSet_14.java	32	CWE789_Uncontrolled_Mem_Alloc__max_value_HashSet_14.java	42
/home/swlab/Documents/swvul/java-vuln-detection/slicing/output/CPG/cwe789_cpg/cwe789-1437-cpg-resolved.bin	tc1437_flow2	CWE789_Uncontrolled_Mem_Alloc__max_value_HashSet_14.java	60	CWE789_Uncontrolled_Mem_Alloc__max_value_HashSet_14.java	65
/home/swlab/Documents/swvul/java-vuln-detection/slicing/output/CPG/cwe789_cpg/cwe789-1437-cpg-resolved.bin	tc1437_flow3	CWE789_Uncontrolled_Mem_Alloc__max_value_HashSet_14.java	76	CWE789_Uncontrolled_Mem_Alloc__max_value_HashSet_14.java	86
/home/swlab/Documents/swvul/java-vuln-detection/slicing/output/CPG/cwe789_cpg/cwe789-1438-cpg-resolved.bin	tc1438_flow1	CWE789_Uncontrolled_Mem_Alloc__max_value_HashSet_15.java	34	CWE789_Uncontrolled_Mem_Alloc__max_value_HashSet_15.java	44
/home/swlab/Documents/swvul/java-vuln-detection/slicing/output/CPG/cwe789_cpg/cwe789-1438-cpg-resolved.bin	tc1438_flow2	CWE789_Uncontrolled_Mem_Alloc__max_value_HashSet_15.java	62	CWE789_Uncontrolled_Mem_Alloc__max_value_HashSet_15.java	67
/home/swlab/Documents/swvul/java-vuln-detection/slicing/output/CPG/cwe789_cpg/cwe789-1438-cpg-resolved.bin	tc1438_flow3	CWE789_Uncontrolled_Mem_Alloc__max_value_HashSet_15.java	80	CWE789_Uncontrolled_Mem_Alloc__max_value_HashSet_15.java	90
/home/swlab/Documents/swvul/java-vuln-detection/slicing/output/CPG/cwe789_cpg/cwe789-1439-cpg-resolved.bin	tc1439_flow1	CWE789_Uncontrolled_Mem_Alloc__max_value_HashSet_16.java	33	CWE789_Uncontrolled_Mem_Alloc__max_value_HashSet_16.java	38
/home/swlab/Documents/swvul/java-vuln-detection/slicing/output/CPG/cwe789_cpg/cwe789-1439-cpg-resolved.bin	tc1439_flow2	CWE789_Uncontrolled_Mem_Alloc__max_value_HashSet_16.java	50	CWE789_Uncontrolled_Mem_Alloc__max_value_HashSet_16.java	55
/home/swlab/Documents/swvul/java-vuln-detection/slicing/output/CPG/cwe789_cpg/cwe789-1440-cpg-resolved.bin	tc1440_flow1	CWE789_Uncontrolled_Mem_Alloc__max_value_HashSet_17.java	31	CWE789_Uncontrolled_Mem_Alloc__max_value_HashSet_17.java	36
/home/swlab/Documents/swvul/java-vuln-detection/slicing/output/CPG/cwe789_cpg/cwe789-1440-cpg-resolved.bin	tc1440_flow2	CWE789_Uncontrolled_Mem_Alloc__max_value_HashSet_17.java	47	CWE789_Uncontrolled_Mem_Alloc__max_value_HashSet_17.java	52
/home/swlab/Documents/swvul/java-vuln-detection/slicing/output/CPG/cwe789_cpg/cwe789-1441-cpg-resolved.bin	tc1441_flow1	CWE789_Uncontrolled_Mem_Alloc__max_value_HashSet_21.java	48	CWE789_Uncontrolled_Mem_Alloc__max_value_HashSet_21.java	37
/home/swlab/Documents/swvul/java-vuln-detection/slicing/output/CPG/cwe789_cpg/cwe789-1441-cpg-resolved.bin	tc1441_flow2	CWE789_Uncontrolled_Mem_Alloc__max_value_HashSet_21.java	97	CWE789_Uncontrolled_Mem_Alloc__max_value_HashSet_21.java	79
/home/swlab/Documents/swvul/java-vuln-detection/slicing/output/CPG/cwe789_cpg/cwe789-1441-cpg-resolved.bin	tc1441_flow3	CWE789_Uncontrolled_Mem_Alloc__max_value_HashSet_21.java	124	CWE789_Uncontrolled_Mem_Alloc__max_value_HashSet_21.java	113
/home/swlab/Documents/swvul/java-vuln-detection/slicing/output/CPG/cwe789_cpg/cwe789-1442-cpg-resolved.bin	tc1442_flow1	CWE789_Uncontrolled_Mem_Alloc__max_value_HashSet_22b.java	31	CWE789_Uncontrolled_Mem_Alloc__max_value_HashSet_22a.java	38
/home/swlab/Documents/swvul/java-vuln-detection/slicing/output/CPG/cwe789_cpg/cwe789-1442-cpg-resolved.bin	tc1442_flow2	CWE789_Uncontrolled_Mem_Alloc__max_value_HashSet_22b.java	57	CWE789_Uncontrolled_Mem_Alloc__max_value_HashSet_22a.java	62
/home/swlab/Documents/swvul/java-vuln-detection/slicing/output/CPG/cwe789_cpg/cwe789-1442-cpg-resolved.bin	tc1442_flow3	CWE789_Uncontrolled_Mem_Alloc__max_value_HashSet_22b.java	72	CWE789_Uncontrolled_Mem_Alloc__max_value_HashSet_22a.java	75
/home/swlab/Documents/swvul/java-vuln-detection/slicing/output/CPG/cwe789_cpg/cwe789-1443-cpg-resolved.bin	tc1443_flow1	CWE789_Uncontrolled_Mem_Alloc__max_value_HashSet_31.java	34	CWE789_Uncontrolled_Mem_Alloc__max_value_HashSet_31.java	42
/home/swlab/Documents/swvul/java-vuln-detection/slicing/output/CPG/cwe789_cpg/cwe789-1443-cpg-resolved.bin	tc1443_flow2	CWE789_Uncontrolled_Mem_Alloc__max_value_HashSet_31.java	60	CWE789_Uncontrolled_Mem_Alloc__max_value_HashSet_31.java	68
/home/swlab/Documents/swvul/java-vuln-detection/slicing/output/CPG/cwe789_cpg/cwe789-1444-cpg-resolved.bin	tc1444_flow1	CWE789_Uncontrolled_Mem_Alloc__max_value_HashSet_41.java	38	CWE789_Uncontrolled_Mem_Alloc__max_value_HashSet_41.java	29
/home/swlab/Documents/swvul/java-vuln-detection/slicing/output/CPG/cwe789_cpg/cwe789-1444-cpg-resolved.bin	tc1444_flow2	CWE789_Uncontrolled_Mem_Alloc__max_value_HashSet_41.java	62	CWE789_Uncontrolled_Mem_Alloc__max_value_HashSet_41.java	52
/home/swlab/Documents/swvul/java-vuln-detection/slicing/output/CPG/cwe789_cpg/cwe789-1445-cpg-resolved.bin	tc1445_flow1	CWE789_Uncontrolled_Mem_Alloc__max_value_HashSet_42.java	30	CWE789_Uncontrolled_Mem_Alloc__max_value_HashSet_42.java	41
/home/swlab/Documents/swvul/java-vuln-detection/slicing/output/CPG/cwe789_cpg/cwe789-1445-cpg-resolved.bin	tc1445_flow2	CWE789_Uncontrolled_Mem_Alloc__max_value_HashSet_42.java	50	CWE789_Uncontrolled_Mem_Alloc__max_value_HashSet_42.java	61
/home/swlab/Documents/swvul/java-vuln-detection/slicing/output/CPG/cwe789_cpg/cwe789-1446-cpg-resolved.bin	tc1446_flow1	CWE789_Uncontrolled_Mem_Alloc__max_value_HashSet_45.java	44	CWE789_Uncontrolled_Mem_Alloc__max_value_HashSet_45.java	34
/home/swlab/Documents/swvul/java-vuln-detection/slicing/output/CPG/cwe789_cpg/cwe789-1446-cpg-resolved.bin	tc1446_flow2	CWE789_Uncontrolled_Mem_Alloc__max_value_HashSet_45.java	70	CWE789_Uncontrolled_Mem_Alloc__max_value_HashSet_45.java	60
/home/swlab/Documents/swvul/java-vuln-detection/slicing/output/CPG/cwe789_cpg/cwe789-1447-cpg-resolved.bin	tc1447_flow1	CWE789_Uncontrolled_Mem_Alloc__max_value_HashSet_51a.java	28	CWE789_Uncontrolled_Mem_Alloc__max_value_HashSet_51b.java	29
/home/swlab/Documents/swvul/java-vuln-detection/slicing/output/CPG/cwe789_cpg/cwe789-1447-cpg-resolved.bin	tc1447_flow2	CWE789_Uncontrolled_Mem_Alloc__max_value_HashSet_51a.java	44	CWE789_Uncontrolled_Mem_Alloc__max_value_HashSet_51b.java	38
/home/swlab/Documents/swvul/java-vuln-detection/slicing/output/CPG/cwe789_cpg/cwe789-1448-cpg-resolved.bin	tc1448_flow1	CWE789_Uncontrolled_Mem_Alloc__max_value_HashSet_52a.java	29	CWE789_Uncontrolled_Mem_Alloc__max_value_HashSet_52c.java	30
/home/swlab/Documents/swvul/java-vuln-detection/slicing/output/CPG/cwe789_cpg/cwe789-1448-cpg-resolved.bin	tc1448_flow2	CWE789_Uncontrolled_Mem_Alloc__max_value_HashSet_52a.java	45	CWE789_Uncontrolled_Mem_Alloc__max_value_HashSet_52c.java	39
/home/swlab/Documents/swvul/java-vuln-detection/slicing/output/CPG/cwe789_cpg/cwe789-1449-cpg-resolved.bin	tc1449_flow1	CWE789_Uncontrolled_Mem_Alloc__max_value_HashSet_53a.java	29	CWE789_Uncontrolled_Mem_Alloc__max_value_HashSet_53d.java	30
/home/swlab/Documents/swvul/java-vuln-detection/slicing/output/CPG/cwe789_cpg/cwe789-1449-cpg-resolved.bin	tc1449_flow2	CWE789_Uncontrolled_Mem_Alloc__max_value_HashSet_53a.java	45	CWE789_Uncontrolled_Mem_Alloc__max_value_HashSet_53d.java	39
/home/swlab/Documents/swvul/java-vuln-detection/slicing/output/CPG/cwe789_cpg/cwe789-1450-cpg-resolved.bin	tc1450_flow1	CWE789_Uncontrolled_Mem_Alloc__max_value_HashSet_54a.java	29	CWE789_Uncontrolled_Mem_Alloc__max_value_HashSet_54e.java	30
/home/swlab/Documents/swvul/java-vuln-detection/slicing/output/CPG/cwe789_cpg/cwe789-1450-cpg-resolved.bin	tc1450_flow2	CWE789_Uncontrolled_Mem_Alloc__max_value_HashSet_54a.java	45	CWE789_Uncontrolled_Mem_Alloc__max_value_HashSet_54e.java	39
/home/swlab/Documents/swvul/java-vuln-detection/slicing/output/CPG/cwe789_cpg/cwe789-1451-cpg-resolved.bin	tc1451_flow1	CWE789_Uncontrolled_Mem_Alloc__max_value_HashSet_61b.java	29	CWE789_Uncontrolled_Mem_Alloc__max_value_HashSet_61a.java	31
/home/swlab/Documents/swvul/java-vuln-detection/slicing/output/CPG/cwe789_cpg/cwe789-1451-cpg-resolved.bin	tc1451_flow2	CWE789_Uncontrolled_Mem_Alloc__max_value_HashSet_61b.java	40	CWE789_Uncontrolled_Mem_Alloc__max_value_HashSet_61a.java	46
/home/swlab/Documents/swvul/java-vuln-detection/slicing/output/CPG/cwe789_cpg/cwe789-1452-cpg-resolved.bin	tc1452_flow1	CWE789_Uncontrolled_Mem_Alloc__max_value_HashSet_66a.java	29	CWE789_Uncontrolled_Mem_Alloc__max_value_HashSet_66b.java	31
/home/swlab/Documents/swvul/java-vuln-detection/slicing/output/CPG/cwe789_cpg/cwe789-1452-cpg-resolved.bin	tc1452_flow2	CWE789_Uncontrolled_Mem_Alloc__max_value_HashSet_66a.java	47	CWE789_Uncontrolled_Mem_Alloc__max_value_HashSet_66b.java	41
/home/swlab/Documents/swvul/java-vuln-detection/slicing/output/CPG/cwe789_cpg/cwe789-1453-cpg-resolved.bin	tc1453_flow1	CWE789_Uncontrolled_Mem_Alloc__max_value_HashSet_67a.java	34	CWE789_Uncontrolled_Mem_Alloc__max_value_HashSet_67b.java	31
/home/swlab/Documents/swvul/java-vuln-detection/slicing/output/CPG/cwe789_cpg/cwe789-1453-cpg-resolved.bin	tc1453_flow2	CWE789_Uncontrolled_Mem_Alloc__max_value_HashSet_67a.java	52	CWE789_Uncontrolled_Mem_Alloc__max_value_HashSet_67b.java	41
/home/swlab/Documents/swvul/java-vuln-detection/slicing/output/CPG/cwe789_cpg/cwe789-1454-cpg-resolved.bin	tc1454_flow1	CWE789_Uncontrolled_Mem_Alloc__max_value_HashSet_68a.java	29	CWE789_Uncontrolled_Mem_Alloc__max_value_HashSet_68b.java	30
/home/swlab/Documents/swvul/java-vuln-detection/slicing/output/CPG/cwe789_cpg/cwe789-1454-cpg-resolved.bin	tc1454_flow2	CWE789_Uncontrolled_Mem_Alloc__max_value_HashSet_68a.java	44	CWE789_Uncontrolled_Mem_Alloc__max_value_HashSet_68b.java	40
/home/swlab/Documents/swvul/java-vuln-detection/slicing/output/CPG/cwe789_cpg/cwe789-1455-cpg-resolved.bin	tc1455_flow1	CWE789_Uncontrolled_Mem_Alloc__max_value_HashSet_71a.java	29	CWE789_Uncontrolled_Mem_Alloc__max_value_HashSet_71b.java	31
/home/swlab/Documents/swvul/java-vuln-detection/slicing/output/CPG/cwe789_cpg/cwe789-1455-cpg-resolved.bin	tc1455_flow2	CWE789_Uncontrolled_Mem_Alloc__max_value_HashSet_71a.java	45	CWE789_Uncontrolled_Mem_Alloc__max_value_HashSet_71b.java	41
/home/swlab/Documents/swvul/java-vuln-detection/slicing/output/CPG/cwe789_cpg/cwe789-1456-cpg-resolved.bin	tc1456_flow1	CWE789_Uncontrolled_Mem_Alloc__max_value_HashSet_72a.java	30	CWE789_Uncontrolled_Mem_Alloc__max_value_HashSet_72b.java	32
/home/swlab/Documents/swvul/java-vuln-detection/slicing/output/CPG/cwe789_cpg/cwe789-1456-cpg-resolved.bin	tc1456_flow2	CWE789_Uncontrolled_Mem_Alloc__max_value_HashSet_72a.java	50	CWE789_Uncontrolled_Mem_Alloc__max_value_HashSet_72b.java	42
/home/swlab/Documents/swvul/java-vuln-detection/slicing/output/CPG/cwe789_cpg/cwe789-1457-cpg-resolved.bin	tc1457_flow1	CWE789_Uncontrolled_Mem_Alloc__max_value_HashSet_73a.java	30	CWE789_Uncontrolled_Mem_Alloc__max_value_HashSet_73b.java	32
/home/swlab/Documents/swvul/java-vuln-detection/slicing/output/CPG/cwe789_cpg/cwe789-1457-cpg-resolved.bin	tc1457_flow2	CWE789_Uncontrolled_Mem_Alloc__max_value_HashSet_73a.java	50	CWE789_Uncontrolled_Mem_Alloc__max_value_HashSet_73b.java	42
/home/swlab/Documents/swvul/java-vuln-detection/slicing/output/CPG/cwe789_cpg/cwe789-1458-cpg-resolved.bin	tc1458_flow1	CWE789_Uncontrolled_Mem_Alloc__max_value_HashSet_74a.java	30	CWE789_Uncontrolled_Mem_Alloc__max_value_HashSet_74b.java	32
/home/swlab/Documents/swvul/java-vuln-detection/slicing/output/CPG/cwe789_cpg/cwe789-1458-cpg-resolved.bin	tc1458_flow2	CWE789_Uncontrolled_Mem_Alloc__max_value_HashSet_74a.java	50	CWE789_Uncontrolled_Mem_Alloc__max_value_HashSet_74b.java	42
/home/swlab/Documents/swvul/java-vuln-detection/slicing/output/CPG/cwe789_cpg/cwe789-1459-cpg-resolved.bin	tc1459_flow1	CWE789_Uncontrolled_Mem_Alloc__max_value_HashSet_75a.java	34	CWE789_Uncontrolled_Mem_Alloc__max_value_HashSet_75b.java	43
/home/swlab/Documents/swvul/java-vuln-detection/slicing/output/CPG/cwe789_cpg/cwe789-1459-cpg-resolved.bin	tc1459_flow2	CWE789_Uncontrolled_Mem_Alloc__max_value_HashSet_75a.java	92	CWE789_Uncontrolled_Mem_Alloc__max_value_HashSet_75b.java	97
/home/swlab/Documents/swvul/java-vuln-detection/slicing/output/CPG/cwe789_cpg/cwe789-1460-cpg-resolved.bin	tc1460_flow1	CWE789_Uncontrolled_Mem_Alloc__max_value_HashSet_81a.java	29	CWE789_Uncontrolled_Mem_Alloc__max_value_HashSet_81_bad.java	30
/home/swlab/Documents/swvul/java-vuln-detection/slicing/output/CPG/cwe789_cpg/cwe789-1460-cpg-resolved.bin	tc1460_flow2	CWE789_Uncontrolled_Mem_Alloc__max_value_HashSet_81a.java	46	CWE789_Uncontrolled_Mem_Alloc__max_value_HashSet_81_goodG2B.java	30
/home/swlab/Documents/swvul/java-vuln-detection/slicing/output/CPG/cwe789_cpg/cwe789-1461-cpg-resolved.bin	tc1461_flow1	CWE789_Uncontrolled_Mem_Alloc__random_ArrayList_01.java	33	CWE789_Uncontrolled_Mem_Alloc__random_ArrayList_01.java	36
/home/swlab/Documents/swvul/java-vuln-detection/slicing/output/CPG/cwe789_cpg/cwe789-1461-cpg-resolved.bin	tc1461_flow2	CWE789_Uncontrolled_Mem_Alloc__random_ArrayList_01.java	51	CWE789_Uncontrolled_Mem_Alloc__random_ArrayList_01.java	54
/home/swlab/Documents/swvul/java-vuln-detection/slicing/output/CPG/cwe789_cpg/cwe789-1462-cpg-resolved.bin	tc1462_flow1	CWE789_Uncontrolled_Mem_Alloc__random_ArrayList_02.java	34	CWE789_Uncontrolled_Mem_Alloc__random_ArrayList_02.java	44
/home/swlab/Documents/swvul/java-vuln-detection/slicing/output/CPG/cwe789_cpg/cwe789-1462-cpg-resolved.bin	tc1462_flow2	CWE789_Uncontrolled_Mem_Alloc__random_ArrayList_02.java	62	CWE789_Uncontrolled_Mem_Alloc__random_ArrayList_02.java	67
/home/swlab/Documents/swvul/java-vuln-detection/slicing/output/CPG/cwe789_cpg/cwe789-1462-cpg-resolved.bin	tc1462_flow3	CWE789_Uncontrolled_Mem_Alloc__random_ArrayList_02.java	78	CWE789_Uncontrolled_Mem_Alloc__random_ArrayList_02.java	88
/home/swlab/Documents/swvul/java-vuln-detection/slicing/output/CPG/cwe789_cpg/cwe789-1463-cpg-resolved.bin	tc1463_flow1	CWE789_Uncontrolled_Mem_Alloc__random_ArrayList_03.java	34	CWE789_Uncontrolled_Mem_Alloc__random_ArrayList_03.java	44
/home/swlab/Documents/swvul/java-vuln-detection/slicing/output/CPG/cwe789_cpg/cwe789-1463-cpg-resolved.bin	tc1463_flow2	CWE789_Uncontrolled_Mem_Alloc__random_ArrayList_03.java	62	CWE789_Uncontrolled_Mem_Alloc__random_ArrayList_03.java	67
/home/swlab/Documents/swvul/java-vuln-detection/slicing/output/CPG/cwe789_cpg/cwe789-1463-cpg-resolved.bin	tc1463_flow3	CWE789_Uncontrolled_Mem_Alloc__random_ArrayList_03.java	78	CWE789_Uncontrolled_Mem_Alloc__random_ArrayList_03.java	88
/home/swlab/Documents/swvul/java-vuln-detection/slicing/output/CPG/cwe789_cpg/cwe789-1464-cpg-resolved.bin	tc1464_flow1	CWE789_Uncontrolled_Mem_Alloc__random_ArrayList_04.java	41	CWE789_Uncontrolled_Mem_Alloc__random_ArrayList_04.java	51
/home/swlab/Documents/swvul/java-vuln-detection/slicing/output/CPG/cwe789_cpg/cwe789-1464-cpg-resolved.bin	tc1464_flow2	CWE789_Uncontrolled_Mem_Alloc__random_ArrayList_04.java	69	CWE789_Uncontrolled_Mem_Alloc__random_ArrayList_04.java	74
/home/swlab/Documents/swvul/java-vuln-detection/slicing/output/CPG/cwe789_cpg/cwe789-1464-cpg-resolved.bin	tc1464_flow3	CWE789_Uncontrolled_Mem_Alloc__random_ArrayList_04.java	85	CWE789_Uncontrolled_Mem_Alloc__random_ArrayList_04.java	95
/home/swlab/Documents/swvul/java-vuln-detection/slicing/output/CPG/cwe789_cpg/cwe789-1465-cpg-resolved.bin	tc1465_flow1	CWE789_Uncontrolled_Mem_Alloc__random_ArrayList_05.java	41	CWE789_Uncontrolled_Mem_Alloc__random_ArrayList_05.java	51
/home/swlab/Documents/swvul/java-vuln-detection/slicing/output/CPG/cwe789_cpg/cwe789-1465-cpg-resolved.bin	tc1465_flow2	CWE789_Uncontrolled_Mem_Alloc__random_ArrayList_05.java	69	CWE789_Uncontrolled_Mem_Alloc__random_ArrayList_05.java	74
/home/swlab/Documents/swvul/java-vuln-detection/slicing/output/CPG/cwe789_cpg/cwe789-1465-cpg-resolved.bin	tc1465_flow3	CWE789_Uncontrolled_Mem_Alloc__random_ArrayList_05.java	85	CWE789_Uncontrolled_Mem_Alloc__random_ArrayList_05.java	95
/home/swlab/Documents/swvul/java-vuln-detection/slicing/output/CPG/cwe789_cpg/cwe789-1466-cpg-resolved.bin	tc1466_flow1	CWE789_Uncontrolled_Mem_Alloc__random_ArrayList_06.java	40	CWE789_Uncontrolled_Mem_Alloc__random_ArrayList_06.java	50
/home/swlab/Documents/swvul/java-vuln-detection/slicing/output/CPG/cwe789_cpg/cwe789-1466-cpg-resolved.bin	tc1466_flow2	CWE789_Uncontrolled_Mem_Alloc__random_ArrayList_06.java	68	CWE789_Uncontrolled_Mem_Alloc__random_ArrayList_06.java	73
/home/swlab/Documents/swvul/java-vuln-detection/slicing/output/CPG/cwe789_cpg/cwe789-1466-cpg-resolved.bin	tc1466_flow3	CWE789_Uncontrolled_Mem_Alloc__random_ArrayList_06.java	84	CWE789_Uncontrolled_Mem_Alloc__random_ArrayList_06.java	94
/home/swlab/Documents/swvul/java-vuln-detection/slicing/output/CPG/cwe789_cpg/cwe789-1467-cpg-resolved.bin	tc1467_flow1	CWE789_Uncontrolled_Mem_Alloc__random_ArrayList_07.java	40	CWE789_Uncontrolled_Mem_Alloc__random_ArrayList_07.java	50
/home/swlab/Documents/swvul/java-vuln-detection/slicing/output/CPG/cwe789_cpg/cwe789-1467-cpg-resolved.bin	tc1467_flow2	CWE789_Uncontrolled_Mem_Alloc__random_ArrayList_07.java	68	CWE789_Uncontrolled_Mem_Alloc__random_ArrayList_07.java	73
/home/swlab/Documents/swvul/java-vuln-detection/slicing/output/CPG/cwe789_cpg/cwe789-1467-cpg-resolved.bin	tc1467_flow3	CWE789_Uncontrolled_Mem_Alloc__random_ArrayList_07.java	84	CWE789_Uncontrolled_Mem_Alloc__random_ArrayList_07.java	94
/home/swlab/Documents/swvul/java-vuln-detection/slicing/output/CPG/cwe789_cpg/cwe789-1468-cpg-resolved.bin	tc1468_flow1	CWE789_Uncontrolled_Mem_Alloc__random_ArrayList_08.java	48	CWE789_Uncontrolled_Mem_Alloc__random_ArrayList_08.java	58
/home/swlab/Documents/swvul/java-vuln-detection/slicing/output/CPG/cwe789_cpg/cwe789-1468-cpg-resolved.bin	tc1468_flow2	CWE789_Uncontrolled_Mem_Alloc__random_ArrayList_08.java	76	CWE789_Uncontrolled_Mem_Alloc__random_ArrayList_08.java	81
/home/swlab/Documents/swvul/java-vuln-detection/slicing/output/CPG/cwe789_cpg/cwe789-1468-cpg-resolved.bin	tc1468_flow3	CWE789_Uncontrolled_Mem_Alloc__random_ArrayList_08.java	92	CWE789_Uncontrolled_Mem_Alloc__random_ArrayList_08.java	102
/home/swlab/Documents/swvul/java-vuln-detection/slicing/output/CPG/cwe789_cpg/cwe789-1469-cpg-resolved.bin	tc1469_flow1	CWE789_Uncontrolled_Mem_Alloc__random_ArrayList_09.java	34	CWE789_Uncontrolled_Mem_Alloc__random_ArrayList_09.java	44
/home/swlab/Documents/swvul/java-vuln-detection/slicing/output/CPG/cwe789_cpg/cwe789-1469-cpg-resolved.bin	tc1469_flow2	CWE789_Uncontrolled_Mem_Alloc__random_ArrayList_09.java	62	CWE789_Uncontrolled_Mem_Alloc__random_ArrayList_09.java	67
/home/swlab/Documents/swvul/java-vuln-detection/slicing/output/CPG/cwe789_cpg/cwe789-1469-cpg-resolved.bin	tc1469_flow3	CWE789_Uncontrolled_Mem_Alloc__random_ArrayList_09.java	78	CWE789_Uncontrolled_Mem_Alloc__random_ArrayList_09.java	88
/home/swlab/Documents/swvul/java-vuln-detection/slicing/output/CPG/cwe789_cpg/cwe789-1470-cpg-resolved.bin	tc1470_flow1	CWE789_Uncontrolled_Mem_Alloc__random_ArrayList_10.java	34	CWE789_Uncontrolled_Mem_Alloc__random_ArrayList_10.java	44
/home/swlab/Documents/swvul/java-vuln-detection/slicing/output/CPG/cwe789_cpg/cwe789-1470-cpg-resolved.bin	tc1470_flow2	CWE789_Uncontrolled_Mem_Alloc__random_ArrayList_10.java	62	CWE789_Uncontrolled_Mem_Alloc__random_ArrayList_10.java	67
/home/swlab/Documents/swvul/java-vuln-detection/slicing/output/CPG/cwe789_cpg/cwe789-1470-cpg-resolved.bin	tc1470_flow3	CWE789_Uncontrolled_Mem_Alloc__random_ArrayList_10.java	78	CWE789_Uncontrolled_Mem_Alloc__random_ArrayList_10.java	88
/home/swlab/Documents/swvul/java-vuln-detection/slicing/output/CPG/cwe789_cpg/cwe789-1471-cpg-resolved.bin	tc1471_flow1	CWE789_Uncontrolled_Mem_Alloc__random_ArrayList_11.java	34	CWE789_Uncontrolled_Mem_Alloc__random_ArrayList_11.java	44
/home/swlab/Documents/swvul/java-vuln-detection/slicing/output/CPG/cwe789_cpg/cwe789-1471-cpg-resolved.bin	tc1471_flow2	CWE789_Uncontrolled_Mem_Alloc__random_ArrayList_11.java	62	CWE789_Uncontrolled_Mem_Alloc__random_ArrayList_11.java	67
/home/swlab/Documents/swvul/java-vuln-detection/slicing/output/CPG/cwe789_cpg/cwe789-1471-cpg-resolved.bin	tc1471_flow3	CWE789_Uncontrolled_Mem_Alloc__random_ArrayList_11.java	78	CWE789_Uncontrolled_Mem_Alloc__random_ArrayList_11.java	88
/home/swlab/Documents/swvul/java-vuln-detection/slicing/output/CPG/cwe789_cpg/cwe789-1472-cpg-resolved.bin	tc1472_flow1	CWE789_Uncontrolled_Mem_Alloc__random_ArrayList_12.java	34	CWE789_Uncontrolled_Mem_Alloc__random_ArrayList_12.java	45
/home/swlab/Documents/swvul/java-vuln-detection/slicing/output/CPG/cwe789_cpg/cwe789-1472-cpg-resolved.bin	tc1472_flow2	CWE789_Uncontrolled_Mem_Alloc__random_ArrayList_12.java	57	CWE789_Uncontrolled_Mem_Alloc__random_ArrayList_12.java	68
/home/swlab/Documents/swvul/java-vuln-detection/slicing/output/CPG/cwe789_cpg/cwe789-1473-cpg-resolved.bin	tc1473_flow1	CWE789_Uncontrolled_Mem_Alloc__random_ArrayList_13.java	34	CWE789_Uncontrolled_Mem_Alloc__random_ArrayList_13.java	44
/home/swlab/Documents/swvul/java-vuln-detection/slicing/output/CPG/cwe789_cpg/cwe789-1473-cpg-resolved.bin	tc1473_flow2	CWE789_Uncontrolled_Mem_Alloc__random_ArrayList_13.java	62	CWE789_Uncontrolled_Mem_Alloc__random_ArrayList_13.java	67
/home/swlab/Documents/swvul/java-vuln-detection/slicing/output/CPG/cwe789_cpg/cwe789-1473-cpg-resolved.bin	tc1473_flow3	CWE789_Uncontrolled_Mem_Alloc__random_ArrayList_13.java	78	CWE789_Uncontrolled_Mem_Alloc__random_ArrayList_13.java	88
/home/swlab/Documents/swvul/java-vuln-detection/slicing/output/CPG/cwe789_cpg/cwe789-1474-cpg-resolved.bin	tc1474_flow1	CWE789_Uncontrolled_Mem_Alloc__random_ArrayList_14.java	34	CWE789_Uncontrolled_Mem_Alloc__random_ArrayList_14.java	44
/home/swlab/Documents/swvul/java-vuln-detection/slicing/output/CPG/cwe789_cpg/cwe789-1474-cpg-resolved.bin	tc1474_flow2	CWE789_Uncontrolled_Mem_Alloc__random_ArrayList_14.java	62	CWE789_Uncontrolled_Mem_Alloc__random_ArrayList_14.java	67
/home/swlab/Documents/swvul/java-vuln-detection/slicing/output/CPG/cwe789_cpg/cwe789-1474-cpg-resolved.bin	tc1474_flow3	CWE789_Uncontrolled_Mem_Alloc__random_ArrayList_14.java	78	CWE789_Uncontrolled_Mem_Alloc__random_ArrayList_14.java	88
/home/swlab/Documents/swvul/java-vuln-detection/slicing/output/CPG/cwe789_cpg/cwe789-1475-cpg-resolved.bin	tc1475_flow1	CWE789_Uncontrolled_Mem_Alloc__random_ArrayList_15.java	36	CWE789_Uncontrolled_Mem_Alloc__random_ArrayList_15.java	46
/home/swlab/Documents/swvul/java-vuln-detection/slicing/output/CPG/cwe789_cpg/cwe789-1475-cpg-resolved.bin	tc1475_flow2	CWE789_Uncontrolled_Mem_Alloc__random_ArrayList_15.java	64	CWE789_Uncontrolled_Mem_Alloc__random_ArrayList_15.java	69
/home/swlab/Documents/swvul/java-vuln-detection/slicing/output/CPG/cwe789_cpg/cwe789-1475-cpg-resolved.bin	tc1475_flow3	CWE789_Uncontrolled_Mem_Alloc__random_ArrayList_15.java	82	CWE789_Uncontrolled_Mem_Alloc__random_ArrayList_15.java	92
/home/swlab/Documents/swvul/java-vuln-detection/slicing/output/CPG/cwe789_cpg/cwe789-1476-cpg-resolved.bin	tc1476_flow1	CWE789_Uncontrolled_Mem_Alloc__random_ArrayList_16.java	35	CWE789_Uncontrolled_Mem_Alloc__random_ArrayList_16.java	40
/home/swlab/Documents/swvul/java-vuln-detection/slicing/output/CPG/cwe789_cpg/cwe789-1476-cpg-resolved.bin	tc1476_flow2	CWE789_Uncontrolled_Mem_Alloc__random_ArrayList_16.java	52	CWE789_Uncontrolled_Mem_Alloc__random_ArrayList_16.java	57
/home/swlab/Documents/swvul/java-vuln-detection/slicing/output/CPG/cwe789_cpg/cwe789-1477-cpg-resolved.bin	tc1477_flow1	CWE789_Uncontrolled_Mem_Alloc__random_ArrayList_17.java	33	CWE789_Uncontrolled_Mem_Alloc__random_ArrayList_17.java	38
/home/swlab/Documents/swvul/java-vuln-detection/slicing/output/CPG/cwe789_cpg/cwe789-1477-cpg-resolved.bin	tc1477_flow2	CWE789_Uncontrolled_Mem_Alloc__random_ArrayList_17.java	49	CWE789_Uncontrolled_Mem_Alloc__random_ArrayList_17.java	54
/home/swlab/Documents/swvul/java-vuln-detection/slicing/output/CPG/cwe789_cpg/cwe789-1478-cpg-resolved.bin	tc1478_flow1	CWE789_Uncontrolled_Mem_Alloc__random_ArrayList_21.java	50	CWE789_Uncontrolled_Mem_Alloc__random_ArrayList_21.java	39
/home/swlab/Documents/swvul/java-vuln-detection/slicing/output/CPG/cwe789_cpg/cwe789-1478-cpg-resolved.bin	tc1478_flow2	CWE789_Uncontrolled_Mem_Alloc__random_ArrayList_21.java	99	CWE789_Uncontrolled_Mem_Alloc__random_ArrayList_21.java	81
/home/swlab/Documents/swvul/java-vuln-detection/slicing/output/CPG/cwe789_cpg/cwe789-1478-cpg-resolved.bin	tc1478_flow3	CWE789_Uncontrolled_Mem_Alloc__random_ArrayList_21.java	126	CWE789_Uncontrolled_Mem_Alloc__random_ArrayList_21.java	115
/home/swlab/Documents/swvul/java-vuln-detection/slicing/output/CPG/cwe789_cpg/cwe789-1479-cpg-resolved.bin	tc1479_flow1	CWE789_Uncontrolled_Mem_Alloc__random_ArrayList_22b.java	33	CWE789_Uncontrolled_Mem_Alloc__random_ArrayList_22a.java	38
/home/swlab/Documents/swvul/java-vuln-detection/slicing/output/CPG/cwe789_cpg/cwe789-1479-cpg-resolved.bin	tc1479_flow2	CWE789_Uncontrolled_Mem_Alloc__random_ArrayList_22b.java	59	CWE789_Uncontrolled_Mem_Alloc__random_ArrayList_22a.java	62
/home/swlab/Documents/swvul/java-vuln-detection/slicing/output/CPG/cwe789_cpg/cwe789-1479-cpg-resolved.bin	tc1479_flow3	CWE789_Uncontrolled_Mem_Alloc__random_ArrayList_22b.java	74	CWE789_Uncontrolled_Mem_Alloc__random_ArrayList_22a.java	75
/home/swlab/Documents/swvul/java-vuln-detection/slicing/output/CPG/cwe789_cpg/cwe789-1480-cpg-resolved.bin	tc1480_flow1	CWE789_Uncontrolled_Mem_Alloc__random_ArrayList_31.java	36	CWE789_Uncontrolled_Mem_Alloc__random_ArrayList_31.java	44
/home/swlab/Documents/swvul/java-vuln-detection/slicing/output/CPG/cwe789_cpg/cwe789-1480-cpg-resolved.bin	tc1480_flow2	CWE789_Uncontrolled_Mem_Alloc__random_ArrayList_31.java	62	CWE789_Uncontrolled_Mem_Alloc__random_ArrayList_31.java	70
/home/swlab/Documents/swvul/java-vuln-detection/slicing/output/CPG/cwe789_cpg/cwe789-1481-cpg-resolved.bin	tc1481_flow1	CWE789_Uncontrolled_Mem_Alloc__random_ArrayList_41.java	40	CWE789_Uncontrolled_Mem_Alloc__random_ArrayList_41.java	31
/home/swlab/Documents/swvul/java-vuln-detection/slicing/output/CPG/cwe789_cpg/cwe789-1481-cpg-resolved.bin	tc1481_flow2	CWE789_Uncontrolled_Mem_Alloc__random_ArrayList_41.java	64	CWE789_Uncontrolled_Mem_Alloc__random_ArrayList_41.java	54
/home/swlab/Documents/swvul/java-vuln-detection/slicing/output/CPG/cwe789_cpg/cwe789-1482-cpg-resolved.bin	tc1482_flow1	CWE789_Uncontrolled_Mem_Alloc__random_ArrayList_42.java	32	CWE789_Uncontrolled_Mem_Alloc__random_ArrayList_42.java	43
/home/swlab/Documents/swvul/java-vuln-detection/slicing/output/CPG/cwe789_cpg/cwe789-1482-cpg-resolved.bin	tc1482_flow2	CWE789_Uncontrolled_Mem_Alloc__random_ArrayList_42.java	52	CWE789_Uncontrolled_Mem_Alloc__random_ArrayList_42.java	63
/home/swlab/Documents/swvul/java-vuln-detection/slicing/output/CPG/cwe789_cpg/cwe789-1483-cpg-resolved.bin	tc1483_flow1	CWE789_Uncontrolled_Mem_Alloc__random_ArrayList_45.java	46	CWE789_Uncontrolled_Mem_Alloc__random_ArrayList_45.java	36
/home/swlab/Documents/swvul/java-vuln-detection/slicing/output/CPG/cwe789_cpg/cwe789-1483-cpg-resolved.bin	tc1483_flow2	CWE789_Uncontrolled_Mem_Alloc__random_ArrayList_45.java	72	CWE789_Uncontrolled_Mem_Alloc__random_ArrayList_45.java	62
/home/swlab/Documents/swvul/java-vuln-detection/slicing/output/CPG/cwe789_cpg/cwe789-1484-cpg-resolved.bin	tc1484_flow1	CWE789_Uncontrolled_Mem_Alloc__random_ArrayList_51a.java	30	CWE789_Uncontrolled_Mem_Alloc__random_ArrayList_51b.java	29
/home/swlab/Documents/swvul/java-vuln-detection/slicing/output/CPG/cwe789_cpg/cwe789-1484-cpg-resolved.bin	tc1484_flow2	CWE789_Uncontrolled_Mem_Alloc__random_ArrayList_51a.java	46	CWE789_Uncontrolled_Mem_Alloc__random_ArrayList_51b.java	38
/home/swlab/Documents/swvul/java-vuln-detection/slicing/output/CPG/cwe789_cpg/cwe789-1485-cpg-resolved.bin	tc1485_flow1	CWE789_Uncontrolled_Mem_Alloc__random_ArrayList_52a.java	31	CWE789_Uncontrolled_Mem_Alloc__random_ArrayList_52c.java	30
/home/swlab/Documents/swvul/java-vuln-detection/slicing/output/CPG/cwe789_cpg/cwe789-1485-cpg-resolved.bin	tc1485_flow2	CWE789_Uncontrolled_Mem_Alloc__random_ArrayList_52a.java	47	CWE789_Uncontrolled_Mem_Alloc__random_ArrayList_52c.java	39
/home/swlab/Documents/swvul/java-vuln-detection/slicing/output/CPG/cwe789_cpg/cwe789-1486-cpg-resolved.bin	tc1486_flow1	CWE789_Uncontrolled_Mem_Alloc__random_ArrayList_53a.java	31	CWE789_Uncontrolled_Mem_Alloc__random_ArrayList_53d.java	30
/home/swlab/Documents/swvul/java-vuln-detection/slicing/output/CPG/cwe789_cpg/cwe789-1486-cpg-resolved.bin	tc1486_flow2	CWE789_Uncontrolled_Mem_Alloc__random_ArrayList_53a.java	47	CWE789_Uncontrolled_Mem_Alloc__random_ArrayList_53d.java	39
/home/swlab/Documents/swvul/java-vuln-detection/slicing/output/CPG/cwe789_cpg/cwe789-1487-cpg-resolved.bin	tc1487_flow1	CWE789_Uncontrolled_Mem_Alloc__random_ArrayList_54a.java	31	CWE789_Uncontrolled_Mem_Alloc__random_ArrayList_54e.java	30
/home/swlab/Documents/swvul/java-vuln-detection/slicing/output/CPG/cwe789_cpg/cwe789-1487-cpg-resolved.bin	tc1487_flow2	CWE789_Uncontrolled_Mem_Alloc__random_ArrayList_54a.java	47	CWE789_Uncontrolled_Mem_Alloc__random_ArrayList_54e.java	39
/home/swlab/Documents/swvul/java-vuln-detection/slicing/output/CPG/cwe789_cpg/cwe789-1488-cpg-resolved.bin	tc1488_flow1	CWE789_Uncontrolled_Mem_Alloc__random_ArrayList_61b.java	31	CWE789_Uncontrolled_Mem_Alloc__random_ArrayList_61a.java	31
/home/swlab/Documents/swvul/java-vuln-detection/slicing/output/CPG/cwe789_cpg/cwe789-1488-cpg-resolved.bin	tc1488_flow2	CWE789_Uncontrolled_Mem_Alloc__random_ArrayList_61b.java	42	CWE789_Uncontrolled_Mem_Alloc__random_ArrayList_61a.java	46
/home/swlab/Documents/swvul/java-vuln-detection/slicing/output/CPG/cwe789_cpg/cwe789-1489-cpg-resolved.bin	tc1489_flow1	CWE789_Uncontrolled_Mem_Alloc__random_ArrayList_66a.java	31	CWE789_Uncontrolled_Mem_Alloc__random_ArrayList_66b.java	31
/home/swlab/Documents/swvul/java-vuln-detection/slicing/output/CPG/cwe789_cpg/cwe789-1489-cpg-resolved.bin	tc1489_flow2	CWE789_Uncontrolled_Mem_Alloc__random_ArrayList_66a.java	49	CWE789_Uncontrolled_Mem_Alloc__random_ArrayList_66b.java	41
/home/swlab/Documents/swvul/java-vuln-detection/slicing/output/CPG/cwe789_cpg/cwe789-1490-cpg-resolved.bin	tc1490_flow1	CWE789_Uncontrolled_Mem_Alloc__random_ArrayList_67a.java	36	CWE789_Uncontrolled_Mem_Alloc__random_ArrayList_67b.java	31
/home/swlab/Documents/swvul/java-vuln-detection/slicing/output/CPG/cwe789_cpg/cwe789-1490-cpg-resolved.bin	tc1490_flow2	CWE789_Uncontrolled_Mem_Alloc__random_ArrayList_67a.java	54	CWE789_Uncontrolled_Mem_Alloc__random_ArrayList_67b.java	41
/home/swlab/Documents/swvul/java-vuln-detection/slicing/output/CPG/cwe789_cpg/cwe789-1491-cpg-resolved.bin	tc1491_flow1	CWE789_Uncontrolled_Mem_Alloc__random_ArrayList_68a.java	31	CWE789_Uncontrolled_Mem_Alloc__random_ArrayList_68b.java	30
/home/swlab/Documents/swvul/java-vuln-detection/slicing/output/CPG/cwe789_cpg/cwe789-1491-cpg-resolved.bin	tc1491_flow2	CWE789_Uncontrolled_Mem_Alloc__random_ArrayList_68a.java	46	CWE789_Uncontrolled_Mem_Alloc__random_ArrayList_68b.java	40
/home/swlab/Documents/swvul/java-vuln-detection/slicing/output/CPG/cwe789_cpg/cwe789-1492-cpg-resolved.bin	tc1492_flow1	CWE789_Uncontrolled_Mem_Alloc__random_ArrayList_71a.java	31	CWE789_Uncontrolled_Mem_Alloc__random_ArrayList_71b.java	31
/home/swlab/Documents/swvul/java-vuln-detection/slicing/output/CPG/cwe789_cpg/cwe789-1492-cpg-resolved.bin	tc1492_flow2	CWE789_Uncontrolled_Mem_Alloc__random_ArrayList_71a.java	47	CWE789_Uncontrolled_Mem_Alloc__random_ArrayList_71b.java	41
/home/swlab/Documents/swvul/java-vuln-detection/slicing/output/CPG/cwe789_cpg/cwe789-1493-cpg-resolved.bin	tc1493_flow1	CWE789_Uncontrolled_Mem_Alloc__random_ArrayList_72a.java	32	CWE789_Uncontrolled_Mem_Alloc__random_ArrayList_72b.java	32
/home/swlab/Documents/swvul/java-vuln-detection/slicing/output/CPG/cwe789_cpg/cwe789-1493-cpg-resolved.bin	tc1493_flow2	CWE789_Uncontrolled_Mem_Alloc__random_ArrayList_72a.java	52	CWE789_Uncontrolled_Mem_Alloc__random_ArrayList_72b.java	42
/home/swlab/Documents/swvul/java-vuln-detection/slicing/output/CPG/cwe789_cpg/cwe789-1494-cpg-resolved.bin	tc1494_flow1	CWE789_Uncontrolled_Mem_Alloc__random_ArrayList_73a.java	32	CWE789_Uncontrolled_Mem_Alloc__random_ArrayList_73b.java	32
/home/swlab/Documents/swvul/java-vuln-detection/slicing/output/CPG/cwe789_cpg/cwe789-1494-cpg-resolved.bin	tc1494_flow2	CWE789_Uncontrolled_Mem_Alloc__random_ArrayList_73a.java	52	CWE789_Uncontrolled_Mem_Alloc__random_ArrayList_73b.java	42
/home/swlab/Documents/swvul/java-vuln-detection/slicing/output/CPG/cwe789_cpg/cwe789-1495-cpg-resolved.bin	tc1495_flow1	CWE789_Uncontrolled_Mem_Alloc__random_ArrayList_74a.java	32	CWE789_Uncontrolled_Mem_Alloc__random_ArrayList_74b.java	32
/home/swlab/Documents/swvul/java-vuln-detection/slicing/output/CPG/cwe789_cpg/cwe789-1495-cpg-resolved.bin	tc1495_flow2	CWE789_Uncontrolled_Mem_Alloc__random_ArrayList_74a.java	52	CWE789_Uncontrolled_Mem_Alloc__random_ArrayList_74b.java	42
/home/swlab/Documents/swvul/java-vuln-detection/slicing/output/CPG/cwe789_cpg/cwe789-1496-cpg-resolved.bin	tc1496_flow1	CWE789_Uncontrolled_Mem_Alloc__random_ArrayList_75a.java	36	CWE789_Uncontrolled_Mem_Alloc__random_ArrayList_75b.java	43
/home/swlab/Documents/swvul/java-vuln-detection/slicing/output/CPG/cwe789_cpg/cwe789-1496-cpg-resolved.bin	tc1496_flow2	CWE789_Uncontrolled_Mem_Alloc__random_ArrayList_75a.java	94	CWE789_Uncontrolled_Mem_Alloc__random_ArrayList_75b.java	97
/home/swlab/Documents/swvul/java-vuln-detection/slicing/output/CPG/cwe789_cpg/cwe789-1497-cpg-resolved.bin	tc1497_flow1	CWE789_Uncontrolled_Mem_Alloc__random_ArrayList_81a.java	31	CWE789_Uncontrolled_Mem_Alloc__random_ArrayList_81_bad.java	30
/home/swlab/Documents/swvul/java-vuln-detection/slicing/output/CPG/cwe789_cpg/cwe789-1497-cpg-resolved.bin	tc1497_flow2	CWE789_Uncontrolled_Mem_Alloc__random_ArrayList_81a.java	48	CWE789_Uncontrolled_Mem_Alloc__random_ArrayList_81_goodG2B.java	30
/home/swlab/Documents/swvul/java-vuln-detection/slicing/output/CPG/cwe789_cpg/cwe789-1498-cpg-resolved.bin	tc1498_flow1	CWE789_Uncontrolled_Mem_Alloc__random_HashMap_01.java	33	CWE789_Uncontrolled_Mem_Alloc__random_HashMap_01.java	36
/home/swlab/Documents/swvul/java-vuln-detection/slicing/output/CPG/cwe789_cpg/cwe789-1498-cpg-resolved.bin	tc1498_flow2	CWE789_Uncontrolled_Mem_Alloc__random_HashMap_01.java	51	CWE789_Uncontrolled_Mem_Alloc__random_HashMap_01.java	54
/home/swlab/Documents/swvul/java-vuln-detection/slicing/output/CPG/cwe789_cpg/cwe789-1499-cpg-resolved.bin	tc1499_flow1	CWE789_Uncontrolled_Mem_Alloc__random_HashMap_02.java	34	CWE789_Uncontrolled_Mem_Alloc__random_HashMap_02.java	44
/home/swlab/Documents/swvul/java-vuln-detection/slicing/output/CPG/cwe789_cpg/cwe789-1499-cpg-resolved.bin	tc1499_flow2	CWE789_Uncontrolled_Mem_Alloc__random_HashMap_02.java	62	CWE789_Uncontrolled_Mem_Alloc__random_HashMap_02.java	67
/home/swlab/Documents/swvul/java-vuln-detection/slicing/output/CPG/cwe789_cpg/cwe789-1499-cpg-resolved.bin	tc1499_flow3	CWE789_Uncontrolled_Mem_Alloc__random_HashMap_02.java	78	CWE789_Uncontrolled_Mem_Alloc__random_HashMap_02.java	88
/home/swlab/Documents/swvul/java-vuln-detection/slicing/output/CPG/cwe789_cpg/cwe789-1500-cpg-resolved.bin	tc1500_flow1	CWE789_Uncontrolled_Mem_Alloc__random_HashMap_03.java	34	CWE789_Uncontrolled_Mem_Alloc__random_HashMap_03.java	44
/home/swlab/Documents/swvul/java-vuln-detection/slicing/output/CPG/cwe789_cpg/cwe789-1500-cpg-resolved.bin	tc1500_flow2	CWE789_Uncontrolled_Mem_Alloc__random_HashMap_03.java	62	CWE789_Uncontrolled_Mem_Alloc__random_HashMap_03.java	67
/home/swlab/Documents/swvul/java-vuln-detection/slicing/output/CPG/cwe789_cpg/cwe789-1500-cpg-resolved.bin	tc1500_flow3	CWE789_Uncontrolled_Mem_Alloc__random_HashMap_03.java	78	CWE789_Uncontrolled_Mem_Alloc__random_HashMap_03.java	88
/home/swlab/Documents/swvul/java-vuln-detection/slicing/output/CPG/cwe789_cpg/cwe789-1501-cpg-resolved.bin	tc1501_flow1	CWE789_Uncontrolled_Mem_Alloc__random_HashMap_04.java	41	CWE789_Uncontrolled_Mem_Alloc__random_HashMap_04.java	51
/home/swlab/Documents/swvul/java-vuln-detection/slicing/output/CPG/cwe789_cpg/cwe789-1501-cpg-resolved.bin	tc1501_flow2	CWE789_Uncontrolled_Mem_Alloc__random_HashMap_04.java	69	CWE789_Uncontrolled_Mem_Alloc__random_HashMap_04.java	74
/home/swlab/Documents/swvul/java-vuln-detection/slicing/output/CPG/cwe789_cpg/cwe789-1501-cpg-resolved.bin	tc1501_flow3	CWE789_Uncontrolled_Mem_Alloc__random_HashMap_04.java	85	CWE789_Uncontrolled_Mem_Alloc__random_HashMap_04.java	95
/home/swlab/Documents/swvul/java-vuln-detection/slicing/output/CPG/cwe789_cpg/cwe789-1502-cpg-resolved.bin	tc1502_flow1	CWE789_Uncontrolled_Mem_Alloc__random_HashMap_05.java	41	CWE789_Uncontrolled_Mem_Alloc__random_HashMap_05.java	51
/home/swlab/Documents/swvul/java-vuln-detection/slicing/output/CPG/cwe789_cpg/cwe789-1502-cpg-resolved.bin	tc1502_flow2	CWE789_Uncontrolled_Mem_Alloc__random_HashMap_05.java	69	CWE789_Uncontrolled_Mem_Alloc__random_HashMap_05.java	74
/home/swlab/Documents/swvul/java-vuln-detection/slicing/output/CPG/cwe789_cpg/cwe789-1502-cpg-resolved.bin	tc1502_flow3	CWE789_Uncontrolled_Mem_Alloc__random_HashMap_05.java	85	CWE789_Uncontrolled_Mem_Alloc__random_HashMap_05.java	95
/home/swlab/Documents/swvul/java-vuln-detection/slicing/output/CPG/cwe789_cpg/cwe789-1503-cpg-resolved.bin	tc1503_flow1	CWE789_Uncontrolled_Mem_Alloc__random_HashMap_06.java	40	CWE789_Uncontrolled_Mem_Alloc__random_HashMap_06.java	50
/home/swlab/Documents/swvul/java-vuln-detection/slicing/output/CPG/cwe789_cpg/cwe789-1503-cpg-resolved.bin	tc1503_flow2	CWE789_Uncontrolled_Mem_Alloc__random_HashMap_06.java	68	CWE789_Uncontrolled_Mem_Alloc__random_HashMap_06.java	73
/home/swlab/Documents/swvul/java-vuln-detection/slicing/output/CPG/cwe789_cpg/cwe789-1503-cpg-resolved.bin	tc1503_flow3	CWE789_Uncontrolled_Mem_Alloc__random_HashMap_06.java	84	CWE789_Uncontrolled_Mem_Alloc__random_HashMap_06.java	94
/home/swlab/Documents/swvul/java-vuln-detection/slicing/output/CPG/cwe789_cpg/cwe789-1504-cpg-resolved.bin	tc1504_flow1	CWE789_Uncontrolled_Mem_Alloc__random_HashMap_07.java	40	CWE789_Uncontrolled_Mem_Alloc__random_HashMap_07.java	50
/home/swlab/Documents/swvul/java-vuln-detection/slicing/output/CPG/cwe789_cpg/cwe789-1504-cpg-resolved.bin	tc1504_flow2	CWE789_Uncontrolled_Mem_Alloc__random_HashMap_07.java	68	CWE789_Uncontrolled_Mem_Alloc__random_HashMap_07.java	73
/home/swlab/Documents/swvul/java-vuln-detection/slicing/output/CPG/cwe789_cpg/cwe789-1504-cpg-resolved.bin	tc1504_flow3	CWE789_Uncontrolled_Mem_Alloc__random_HashMap_07.java	84	CWE789_Uncontrolled_Mem_Alloc__random_HashMap_07.java	94
/home/swlab/Documents/swvul/java-vuln-detection/slicing/output/CPG/cwe789_cpg/cwe789-1505-cpg-resolved.bin	tc1505_flow1	CWE789_Uncontrolled_Mem_Alloc__random_HashMap_08.java	48	CWE789_Uncontrolled_Mem_Alloc__random_HashMap_08.java	58
/home/swlab/Documents/swvul/java-vuln-detection/slicing/output/CPG/cwe789_cpg/cwe789-1505-cpg-resolved.bin	tc1505_flow2	CWE789_Uncontrolled_Mem_Alloc__random_HashMap_08.java	76	CWE789_Uncontrolled_Mem_Alloc__random_HashMap_08.java	81
/home/swlab/Documents/swvul/java-vuln-detection/slicing/output/CPG/cwe789_cpg/cwe789-1505-cpg-resolved.bin	tc1505_flow3	CWE789_Uncontrolled_Mem_Alloc__random_HashMap_08.java	92	CWE789_Uncontrolled_Mem_Alloc__random_HashMap_08.java	102
/home/swlab/Documents/swvul/java-vuln-detection/slicing/output/CPG/cwe789_cpg/cwe789-1506-cpg-resolved.bin	tc1506_flow1	CWE789_Uncontrolled_Mem_Alloc__random_HashMap_09.java	34	CWE789_Uncontrolled_Mem_Alloc__random_HashMap_09.java	44
/home/swlab/Documents/swvul/java-vuln-detection/slicing/output/CPG/cwe789_cpg/cwe789-1506-cpg-resolved.bin	tc1506_flow2	CWE789_Uncontrolled_Mem_Alloc__random_HashMap_09.java	62	CWE789_Uncontrolled_Mem_Alloc__random_HashMap_09.java	67
/home/swlab/Documents/swvul/java-vuln-detection/slicing/output/CPG/cwe789_cpg/cwe789-1506-cpg-resolved.bin	tc1506_flow3	CWE789_Uncontrolled_Mem_Alloc__random_HashMap_09.java	78	CWE789_Uncontrolled_Mem_Alloc__random_HashMap_09.java	88
/home/swlab/Documents/swvul/java-vuln-detection/slicing/output/CPG/cwe789_cpg/cwe789-1507-cpg-resolved.bin	tc1507_flow1	CWE789_Uncontrolled_Mem_Alloc__random_HashMap_10.java	34	CWE789_Uncontrolled_Mem_Alloc__random_HashMap_10.java	44
/home/swlab/Documents/swvul/java-vuln-detection/slicing/output/CPG/cwe789_cpg/cwe789-1507-cpg-resolved.bin	tc1507_flow2	CWE789_Uncontrolled_Mem_Alloc__random_HashMap_10.java	62	CWE789_Uncontrolled_Mem_Alloc__random_HashMap_10.java	67
/home/swlab/Documents/swvul/java-vuln-detection/slicing/output/CPG/cwe789_cpg/cwe789-1507-cpg-resolved.bin	tc1507_flow3	CWE789_Uncontrolled_Mem_Alloc__random_HashMap_10.java	78	CWE789_Uncontrolled_Mem_Alloc__random_HashMap_10.java	88
/home/swlab/Documents/swvul/java-vuln-detection/slicing/output/CPG/cwe789_cpg/cwe789-1508-cpg-resolved.bin	tc1508_flow1	CWE789_Uncontrolled_Mem_Alloc__random_HashMap_11.java	34	CWE789_Uncontrolled_Mem_Alloc__random_HashMap_11.java	44
/home/swlab/Documents/swvul/java-vuln-detection/slicing/output/CPG/cwe789_cpg/cwe789-1508-cpg-resolved.bin	tc1508_flow2	CWE789_Uncontrolled_Mem_Alloc__random_HashMap_11.java	62	CWE789_Uncontrolled_Mem_Alloc__random_HashMap_11.java	67
/home/swlab/Documents/swvul/java-vuln-detection/slicing/output/CPG/cwe789_cpg/cwe789-1508-cpg-resolved.bin	tc1508_flow3	CWE789_Uncontrolled_Mem_Alloc__random_HashMap_11.java	78	CWE789_Uncontrolled_Mem_Alloc__random_HashMap_11.java	88
/home/swlab/Documents/swvul/java-vuln-detection/slicing/output/CPG/cwe789_cpg/cwe789-1509-cpg-resolved.bin	tc1509_flow1	CWE789_Uncontrolled_Mem_Alloc__random_HashMap_12.java	34	CWE789_Uncontrolled_Mem_Alloc__random_HashMap_12.java	45
/home/swlab/Documents/swvul/java-vuln-detection/slicing/output/CPG/cwe789_cpg/cwe789-1509-cpg-resolved.bin	tc1509_flow2	CWE789_Uncontrolled_Mem_Alloc__random_HashMap_12.java	57	CWE789_Uncontrolled_Mem_Alloc__random_HashMap_12.java	68
/home/swlab/Documents/swvul/java-vuln-detection/slicing/output/CPG/cwe789_cpg/cwe789-1510-cpg-resolved.bin	tc1510_flow1	CWE789_Uncontrolled_Mem_Alloc__random_HashMap_13.java	34	CWE789_Uncontrolled_Mem_Alloc__random_HashMap_13.java	44
/home/swlab/Documents/swvul/java-vuln-detection/slicing/output/CPG/cwe789_cpg/cwe789-1510-cpg-resolved.bin	tc1510_flow2	CWE789_Uncontrolled_Mem_Alloc__random_HashMap_13.java	62	CWE789_Uncontrolled_Mem_Alloc__random_HashMap_13.java	67
/home/swlab/Documents/swvul/java-vuln-detection/slicing/output/CPG/cwe789_cpg/cwe789-1510-cpg-resolved.bin	tc1510_flow3	CWE789_Uncontrolled_Mem_Alloc__random_HashMap_13.java	78	CWE789_Uncontrolled_Mem_Alloc__random_HashMap_13.java	88
/home/swlab/Documents/swvul/java-vuln-detection/slicing/output/CPG/cwe789_cpg/cwe789-1511-cpg-resolved.bin	tc1511_flow1	CWE789_Uncontrolled_Mem_Alloc__random_HashMap_14.java	34	CWE789_Uncontrolled_Mem_Alloc__random_HashMap_14.java	44
/home/swlab/Documents/swvul/java-vuln-detection/slicing/output/CPG/cwe789_cpg/cwe789-1511-cpg-resolved.bin	tc1511_flow2	CWE789_Uncontrolled_Mem_Alloc__random_HashMap_14.java	62	CWE789_Uncontrolled_Mem_Alloc__random_HashMap_14.java	67
/home/swlab/Documents/swvul/java-vuln-detection/slicing/output/CPG/cwe789_cpg/cwe789-1511-cpg-resolved.bin	tc1511_flow3	CWE789_Uncontrolled_Mem_Alloc__random_HashMap_14.java	78	CWE789_Uncontrolled_Mem_Alloc__random_HashMap_14.java	88
/home/swlab/Documents/swvul/java-vuln-detection/slicing/output/CPG/cwe789_cpg/cwe789-1512-cpg-resolved.bin	tc1512_flow1	CWE789_Uncontrolled_Mem_Alloc__random_HashMap_15.java	36	CWE789_Uncontrolled_Mem_Alloc__random_HashMap_15.java	46
/home/swlab/Documents/swvul/java-vuln-detection/slicing/output/CPG/cwe789_cpg/cwe789-1512-cpg-resolved.bin	tc1512_flow2	CWE789_Uncontrolled_Mem_Alloc__random_HashMap_15.java	64	CWE789_Uncontrolled_Mem_Alloc__random_HashMap_15.java	69
/home/swlab/Documents/swvul/java-vuln-detection/slicing/output/CPG/cwe789_cpg/cwe789-1512-cpg-resolved.bin	tc1512_flow3	CWE789_Uncontrolled_Mem_Alloc__random_HashMap_15.java	82	CWE789_Uncontrolled_Mem_Alloc__random_HashMap_15.java	92
/home/swlab/Documents/swvul/java-vuln-detection/slicing/output/CPG/cwe789_cpg/cwe789-1513-cpg-resolved.bin	tc1513_flow1	CWE789_Uncontrolled_Mem_Alloc__random_HashMap_16.java	35	CWE789_Uncontrolled_Mem_Alloc__random_HashMap_16.java	40
/home/swlab/Documents/swvul/java-vuln-detection/slicing/output/CPG/cwe789_cpg/cwe789-1513-cpg-resolved.bin	tc1513_flow2	CWE789_Uncontrolled_Mem_Alloc__random_HashMap_16.java	52	CWE789_Uncontrolled_Mem_Alloc__random_HashMap_16.java	57
/home/swlab/Documents/swvul/java-vuln-detection/slicing/output/CPG/cwe789_cpg/cwe789-1514-cpg-resolved.bin	tc1514_flow1	CWE789_Uncontrolled_Mem_Alloc__random_HashMap_17.java	33	CWE789_Uncontrolled_Mem_Alloc__random_HashMap_17.java	38
/home/swlab/Documents/swvul/java-vuln-detection/slicing/output/CPG/cwe789_cpg/cwe789-1514-cpg-resolved.bin	tc1514_flow2	CWE789_Uncontrolled_Mem_Alloc__random_HashMap_17.java	49	CWE789_Uncontrolled_Mem_Alloc__random_HashMap_17.java	54
/home/swlab/Documents/swvul/java-vuln-detection/slicing/output/CPG/cwe789_cpg/cwe789-1515-cpg-resolved.bin	tc1515_flow1	CWE789_Uncontrolled_Mem_Alloc__random_HashMap_21.java	50	CWE789_Uncontrolled_Mem_Alloc__random_HashMap_21.java	39
/home/swlab/Documents/swvul/java-vuln-detection/slicing/output/CPG/cwe789_cpg/cwe789-1515-cpg-resolved.bin	tc1515_flow2	CWE789_Uncontrolled_Mem_Alloc__random_HashMap_21.java	99	CWE789_Uncontrolled_Mem_Alloc__random_HashMap_21.java	81
/home/swlab/Documents/swvul/java-vuln-detection/slicing/output/CPG/cwe789_cpg/cwe789-1515-cpg-resolved.bin	tc1515_flow3	CWE789_Uncontrolled_Mem_Alloc__random_HashMap_21.java	126	CWE789_Uncontrolled_Mem_Alloc__random_HashMap_21.java	115
/home/swlab/Documents/swvul/java-vuln-detection/slicing/output/CPG/cwe789_cpg/cwe789-1516-cpg-resolved.bin	tc1516_flow1	CWE789_Uncontrolled_Mem_Alloc__random_HashMap_22b.java	33	CWE789_Uncontrolled_Mem_Alloc__random_HashMap_22a.java	38
/home/swlab/Documents/swvul/java-vuln-detection/slicing/output/CPG/cwe789_cpg/cwe789-1516-cpg-resolved.bin	tc1516_flow2	CWE789_Uncontrolled_Mem_Alloc__random_HashMap_22b.java	59	CWE789_Uncontrolled_Mem_Alloc__random_HashMap_22a.java	62
/home/swlab/Documents/swvul/java-vuln-detection/slicing/output/CPG/cwe789_cpg/cwe789-1516-cpg-resolved.bin	tc1516_flow3	CWE789_Uncontrolled_Mem_Alloc__random_HashMap_22b.java	74	CWE789_Uncontrolled_Mem_Alloc__random_HashMap_22a.java	75
/home/swlab/Documents/swvul/java-vuln-detection/slicing/output/CPG/cwe789_cpg/cwe789-1517-cpg-resolved.bin	tc1517_flow1	CWE789_Uncontrolled_Mem_Alloc__random_HashMap_31.java	36	CWE789_Uncontrolled_Mem_Alloc__random_HashMap_31.java	44
/home/swlab/Documents/swvul/java-vuln-detection/slicing/output/CPG/cwe789_cpg/cwe789-1517-cpg-resolved.bin	tc1517_flow2	CWE789_Uncontrolled_Mem_Alloc__random_HashMap_31.java	62	CWE789_Uncontrolled_Mem_Alloc__random_HashMap_31.java	70
/home/swlab/Documents/swvul/java-vuln-detection/slicing/output/CPG/cwe789_cpg/cwe789-1518-cpg-resolved.bin	tc1518_flow1	CWE789_Uncontrolled_Mem_Alloc__random_HashMap_41.java	40	CWE789_Uncontrolled_Mem_Alloc__random_HashMap_41.java	31
/home/swlab/Documents/swvul/java-vuln-detection/slicing/output/CPG/cwe789_cpg/cwe789-1518-cpg-resolved.bin	tc1518_flow2	CWE789_Uncontrolled_Mem_Alloc__random_HashMap_41.java	64	CWE789_Uncontrolled_Mem_Alloc__random_HashMap_41.java	54
/home/swlab/Documents/swvul/java-vuln-detection/slicing/output/CPG/cwe789_cpg/cwe789-1519-cpg-resolved.bin	tc1519_flow1	CWE789_Uncontrolled_Mem_Alloc__random_HashMap_42.java	32	CWE789_Uncontrolled_Mem_Alloc__random_HashMap_42.java	43
/home/swlab/Documents/swvul/java-vuln-detection/slicing/output/CPG/cwe789_cpg/cwe789-1519-cpg-resolved.bin	tc1519_flow2	CWE789_Uncontrolled_Mem_Alloc__random_HashMap_42.java	52	CWE789_Uncontrolled_Mem_Alloc__random_HashMap_42.java	63
/home/swlab/Documents/swvul/java-vuln-detection/slicing/output/CPG/cwe789_cpg/cwe789-1520-cpg-resolved.bin	tc1520_flow1	CWE789_Uncontrolled_Mem_Alloc__random_HashMap_45.java	46	CWE789_Uncontrolled_Mem_Alloc__random_HashMap_45.java	36
/home/swlab/Documents/swvul/java-vuln-detection/slicing/output/CPG/cwe789_cpg/cwe789-1520-cpg-resolved.bin	tc1520_flow2	CWE789_Uncontrolled_Mem_Alloc__random_HashMap_45.java	72	CWE789_Uncontrolled_Mem_Alloc__random_HashMap_45.java	62
/home/swlab/Documents/swvul/java-vuln-detection/slicing/output/CPG/cwe789_cpg/cwe789-1521-cpg-resolved.bin	tc1521_flow1	CWE789_Uncontrolled_Mem_Alloc__random_HashMap_51a.java	30	CWE789_Uncontrolled_Mem_Alloc__random_HashMap_51b.java	29
/home/swlab/Documents/swvul/java-vuln-detection/slicing/output/CPG/cwe789_cpg/cwe789-1521-cpg-resolved.bin	tc1521_flow2	CWE789_Uncontrolled_Mem_Alloc__random_HashMap_51a.java	46	CWE789_Uncontrolled_Mem_Alloc__random_HashMap_51b.java	38
/home/swlab/Documents/swvul/java-vuln-detection/slicing/output/CPG/cwe789_cpg/cwe789-1522-cpg-resolved.bin	tc1522_flow1	CWE789_Uncontrolled_Mem_Alloc__random_HashMap_52a.java	31	CWE789_Uncontrolled_Mem_Alloc__random_HashMap_52c.java	30
/home/swlab/Documents/swvul/java-vuln-detection/slicing/output/CPG/cwe789_cpg/cwe789-1522-cpg-resolved.bin	tc1522_flow2	CWE789_Uncontrolled_Mem_Alloc__random_HashMap_52a.java	47	CWE789_Uncontrolled_Mem_Alloc__random_HashMap_52c.java	39
/home/swlab/Documents/swvul/java-vuln-detection/slicing/output/CPG/cwe789_cpg/cwe789-1523-cpg-resolved.bin	tc1523_flow1	CWE789_Uncontrolled_Mem_Alloc__random_HashMap_53a.java	31	CWE789_Uncontrolled_Mem_Alloc__random_HashMap_53d.java	30
/home/swlab/Documents/swvul/java-vuln-detection/slicing/output/CPG/cwe789_cpg/cwe789-1523-cpg-resolved.bin	tc1523_flow2	CWE789_Uncontrolled_Mem_Alloc__random_HashMap_53a.java	47	CWE789_Uncontrolled_Mem_Alloc__random_HashMap_53d.java	39
/home/swlab/Documents/swvul/java-vuln-detection/slicing/output/CPG/cwe789_cpg/cwe789-1524-cpg-resolved.bin	tc1524_flow1	CWE789_Uncontrolled_Mem_Alloc__random_HashMap_54a.java	31	CWE789_Uncontrolled_Mem_Alloc__random_HashMap_54e.java	30
/home/swlab/Documents/swvul/java-vuln-detection/slicing/output/CPG/cwe789_cpg/cwe789-1524-cpg-resolved.bin	tc1524_flow2	CWE789_Uncontrolled_Mem_Alloc__random_HashMap_54a.java	47	CWE789_Uncontrolled_Mem_Alloc__random_HashMap_54e.java	39
/home/swlab/Documents/swvul/java-vuln-detection/slicing/output/CPG/cwe789_cpg/cwe789-1525-cpg-resolved.bin	tc1525_flow1	CWE789_Uncontrolled_Mem_Alloc__random_HashMap_61b.java	31	CWE789_Uncontrolled_Mem_Alloc__random_HashMap_61a.java	31
/home/swlab/Documents/swvul/java-vuln-detection/slicing/output/CPG/cwe789_cpg/cwe789-1525-cpg-resolved.bin	tc1525_flow2	CWE789_Uncontrolled_Mem_Alloc__random_HashMap_61b.java	42	CWE789_Uncontrolled_Mem_Alloc__random_HashMap_61a.java	46
/home/swlab/Documents/swvul/java-vuln-detection/slicing/output/CPG/cwe789_cpg/cwe789-1526-cpg-resolved.bin	tc1526_flow1	CWE789_Uncontrolled_Mem_Alloc__random_HashMap_66a.java	31	CWE789_Uncontrolled_Mem_Alloc__random_HashMap_66b.java	31
/home/swlab/Documents/swvul/java-vuln-detection/slicing/output/CPG/cwe789_cpg/cwe789-1526-cpg-resolved.bin	tc1526_flow2	CWE789_Uncontrolled_Mem_Alloc__random_HashMap_66a.java	49	CWE789_Uncontrolled_Mem_Alloc__random_HashMap_66b.java	41
/home/swlab/Documents/swvul/java-vuln-detection/slicing/output/CPG/cwe789_cpg/cwe789-1527-cpg-resolved.bin	tc1527_flow1	CWE789_Uncontrolled_Mem_Alloc__random_HashMap_67a.java	36	CWE789_Uncontrolled_Mem_Alloc__random_HashMap_67b.java	31
/home/swlab/Documents/swvul/java-vuln-detection/slicing/output/CPG/cwe789_cpg/cwe789-1527-cpg-resolved.bin	tc1527_flow2	CWE789_Uncontrolled_Mem_Alloc__random_HashMap_67a.java	54	CWE789_Uncontrolled_Mem_Alloc__random_HashMap_67b.java	41
/home/swlab/Documents/swvul/java-vuln-detection/slicing/output/CPG/cwe789_cpg/cwe789-1528-cpg-resolved.bin	tc1528_flow1	CWE789_Uncontrolled_Mem_Alloc__random_HashMap_68a.java	31	CWE789_Uncontrolled_Mem_Alloc__random_HashMap_68b.java	30
/home/swlab/Documents/swvul/java-vuln-detection/slicing/output/CPG/cwe789_cpg/cwe789-1528-cpg-resolved.bin	tc1528_flow2	CWE789_Uncontrolled_Mem_Alloc__random_HashMap_68a.java	46	CWE789_Uncontrolled_Mem_Alloc__random_HashMap_68b.java	40
/home/swlab/Documents/swvul/java-vuln-detection/slicing/output/CPG/cwe789_cpg/cwe789-1529-cpg-resolved.bin	tc1529_flow1	CWE789_Uncontrolled_Mem_Alloc__random_HashMap_71a.java	31	CWE789_Uncontrolled_Mem_Alloc__random_HashMap_71b.java	31
/home/swlab/Documents/swvul/java-vuln-detection/slicing/output/CPG/cwe789_cpg/cwe789-1529-cpg-resolved.bin	tc1529_flow2	CWE789_Uncontrolled_Mem_Alloc__random_HashMap_71a.java	47	CWE789_Uncontrolled_Mem_Alloc__random_HashMap_71b.java	41
/home/swlab/Documents/swvul/java-vuln-detection/slicing/output/CPG/cwe789_cpg/cwe789-1530-cpg-resolved.bin	tc1530_flow1	CWE789_Uncontrolled_Mem_Alloc__random_HashMap_72a.java	32	CWE789_Uncontrolled_Mem_Alloc__random_HashMap_72b.java	32
/home/swlab/Documents/swvul/java-vuln-detection/slicing/output/CPG/cwe789_cpg/cwe789-1530-cpg-resolved.bin	tc1530_flow2	CWE789_Uncontrolled_Mem_Alloc__random_HashMap_72a.java	52	CWE789_Uncontrolled_Mem_Alloc__random_HashMap_72b.java	42
/home/swlab/Documents/swvul/java-vuln-detection/slicing/output/CPG/cwe789_cpg/cwe789-1531-cpg-resolved.bin	tc1531_flow1	CWE789_Uncontrolled_Mem_Alloc__random_HashMap_73a.java	32	CWE789_Uncontrolled_Mem_Alloc__random_HashMap_73b.java	32
/home/swlab/Documents/swvul/java-vuln-detection/slicing/output/CPG/cwe789_cpg/cwe789-1531-cpg-resolved.bin	tc1531_flow2	CWE789_Uncontrolled_Mem_Alloc__random_HashMap_73a.java	52	CWE789_Uncontrolled_Mem_Alloc__random_HashMap_73b.java	42
/home/swlab/Documents/swvul/java-vuln-detection/slicing/output/CPG/cwe789_cpg/cwe789-1532-cpg-resolved.bin	tc1532_flow1	CWE789_Uncontrolled_Mem_Alloc__random_HashMap_74a.java	32	CWE789_Uncontrolled_Mem_Alloc__random_HashMap_74b.java	31
/home/swlab/Documents/swvul/java-vuln-detection/slicing/output/CPG/cwe789_cpg/cwe789-1532-cpg-resolved.bin	tc1532_flow2	CWE789_Uncontrolled_Mem_Alloc__random_HashMap_74a.java	52	CWE789_Uncontrolled_Mem_Alloc__random_HashMap_74b.java	41
/home/swlab/Documents/swvul/java-vuln-detection/slicing/output/CPG/cwe789_cpg/cwe789-1533-cpg-resolved.bin	tc1533_flow1	CWE789_Uncontrolled_Mem_Alloc__random_HashMap_75a.java	36	CWE789_Uncontrolled_Mem_Alloc__random_HashMap_75b.java	43
/home/swlab/Documents/swvul/java-vuln-detection/slicing/output/CPG/cwe789_cpg/cwe789-1533-cpg-resolved.bin	tc1533_flow2	CWE789_Uncontrolled_Mem_Alloc__random_HashMap_75a.java	94	CWE789_Uncontrolled_Mem_Alloc__random_HashMap_75b.java	97
/home/swlab/Documents/swvul/java-vuln-detection/slicing/output/CPG/cwe789_cpg/cwe789-1534-cpg-resolved.bin	tc1534_flow1	CWE789_Uncontrolled_Mem_Alloc__random_HashMap_81a.java	31	CWE789_Uncontrolled_Mem_Alloc__random_HashMap_81_bad.java	30
/home/swlab/Documents/swvul/java-vuln-detection/slicing/output/CPG/cwe789_cpg/cwe789-1534-cpg-resolved.bin	tc1534_flow2	CWE789_Uncontrolled_Mem_Alloc__random_HashMap_81a.java	48	CWE789_Uncontrolled_Mem_Alloc__random_HashMap_81_goodG2B.java	30
/home/swlab/Documents/swvul/java-vuln-detection/slicing/output/CPG/cwe789_cpg/cwe789-1535-cpg-resolved.bin	tc1535_flow1	CWE789_Uncontrolled_Mem_Alloc__random_HashSet_01.java	33	CWE789_Uncontrolled_Mem_Alloc__random_HashSet_01.java	36
/home/swlab/Documents/swvul/java-vuln-detection/slicing/output/CPG/cwe789_cpg/cwe789-1535-cpg-resolved.bin	tc1535_flow2	CWE789_Uncontrolled_Mem_Alloc__random_HashSet_01.java	51	CWE789_Uncontrolled_Mem_Alloc__random_HashSet_01.java	54
/home/swlab/Documents/swvul/java-vuln-detection/slicing/output/CPG/cwe789_cpg/cwe789-1536-cpg-resolved.bin	tc1536_flow1	CWE789_Uncontrolled_Mem_Alloc__random_HashSet_02.java	34	CWE789_Uncontrolled_Mem_Alloc__random_HashSet_02.java	44
/home/swlab/Documents/swvul/java-vuln-detection/slicing/output/CPG/cwe789_cpg/cwe789-1536-cpg-resolved.bin	tc1536_flow2	CWE789_Uncontrolled_Mem_Alloc__random_HashSet_02.java	62	CWE789_Uncontrolled_Mem_Alloc__random_HashSet_02.java	67
/home/swlab/Documents/swvul/java-vuln-detection/slicing/output/CPG/cwe789_cpg/cwe789-1536-cpg-resolved.bin	tc1536_flow3	CWE789_Uncontrolled_Mem_Alloc__random_HashSet_02.java	78	CWE789_Uncontrolled_Mem_Alloc__random_HashSet_02.java	88
/home/swlab/Documents/swvul/java-vuln-detection/slicing/output/CPG/cwe789_cpg/cwe789-1537-cpg-resolved.bin	tc1537_flow1	CWE789_Uncontrolled_Mem_Alloc__random_HashSet_03.java	34	CWE789_Uncontrolled_Mem_Alloc__random_HashSet_03.java	44
/home/swlab/Documents/swvul/java-vuln-detection/slicing/output/CPG/cwe789_cpg/cwe789-1537-cpg-resolved.bin	tc1537_flow2	CWE789_Uncontrolled_Mem_Alloc__random_HashSet_03.java	62	CWE789_Uncontrolled_Mem_Alloc__random_HashSet_03.java	67
/home/swlab/Documents/swvul/java-vuln-detection/slicing/output/CPG/cwe789_cpg/cwe789-1537-cpg-resolved.bin	tc1537_flow3	CWE789_Uncontrolled_Mem_Alloc__random_HashSet_03.java	78	CWE789_Uncontrolled_Mem_Alloc__random_HashSet_03.java	88
/home/swlab/Documents/swvul/java-vuln-detection/slicing/output/CPG/cwe789_cpg/cwe789-1538-cpg-resolved.bin	tc1538_flow1	CWE789_Uncontrolled_Mem_Alloc__random_HashSet_04.java	41	CWE789_Uncontrolled_Mem_Alloc__random_HashSet_04.java	51
/home/swlab/Documents/swvul/java-vuln-detection/slicing/output/CPG/cwe789_cpg/cwe789-1538-cpg-resolved.bin	tc1538_flow2	CWE789_Uncontrolled_Mem_Alloc__random_HashSet_04.java	69	CWE789_Uncontrolled_Mem_Alloc__random_HashSet_04.java	74
/home/swlab/Documents/swvul/java-vuln-detection/slicing/output/CPG/cwe789_cpg/cwe789-1538-cpg-resolved.bin	tc1538_flow3	CWE789_Uncontrolled_Mem_Alloc__random_HashSet_04.java	85	CWE789_Uncontrolled_Mem_Alloc__random_HashSet_04.java	95
/home/swlab/Documents/swvul/java-vuln-detection/slicing/output/CPG/cwe789_cpg/cwe789-1539-cpg-resolved.bin	tc1539_flow1	CWE789_Uncontrolled_Mem_Alloc__random_HashSet_05.java	41	CWE789_Uncontrolled_Mem_Alloc__random_HashSet_05.java	51
/home/swlab/Documents/swvul/java-vuln-detection/slicing/output/CPG/cwe789_cpg/cwe789-1539-cpg-resolved.bin	tc1539_flow2	CWE789_Uncontrolled_Mem_Alloc__random_HashSet_05.java	69	CWE789_Uncontrolled_Mem_Alloc__random_HashSet_05.java	74
/home/swlab/Documents/swvul/java-vuln-detection/slicing/output/CPG/cwe789_cpg/cwe789-1539-cpg-resolved.bin	tc1539_flow3	CWE789_Uncontrolled_Mem_Alloc__random_HashSet_05.java	85	CWE789_Uncontrolled_Mem_Alloc__random_HashSet_05.java	95
/home/swlab/Documents/swvul/java-vuln-detection/slicing/output/CPG/cwe789_cpg/cwe789-1540-cpg-resolved.bin	tc1540_flow1	CWE789_Uncontrolled_Mem_Alloc__random_HashSet_06.java	40	CWE789_Uncontrolled_Mem_Alloc__random_HashSet_06.java	50
/home/swlab/Documents/swvul/java-vuln-detection/slicing/output/CPG/cwe789_cpg/cwe789-1540-cpg-resolved.bin	tc1540_flow2	CWE789_Uncontrolled_Mem_Alloc__random_HashSet_06.java	68	CWE789_Uncontrolled_Mem_Alloc__random_HashSet_06.java	73
/home/swlab/Documents/swvul/java-vuln-detection/slicing/output/CPG/cwe789_cpg/cwe789-1540-cpg-resolved.bin	tc1540_flow3	CWE789_Uncontrolled_Mem_Alloc__random_HashSet_06.java	84	CWE789_Uncontrolled_Mem_Alloc__random_HashSet_06.java	94
/home/swlab/Documents/swvul/java-vuln-detection/slicing/output/CPG/cwe789_cpg/cwe789-1541-cpg-resolved.bin	tc1541_flow1	CWE789_Uncontrolled_Mem_Alloc__random_HashSet_07.java	40	CWE789_Uncontrolled_Mem_Alloc__random_HashSet_07.java	50
/home/swlab/Documents/swvul/java-vuln-detection/slicing/output/CPG/cwe789_cpg/cwe789-1541-cpg-resolved.bin	tc1541_flow2	CWE789_Uncontrolled_Mem_Alloc__random_HashSet_07.java	68	CWE789_Uncontrolled_Mem_Alloc__random_HashSet_07.java	73
/home/swlab/Documents/swvul/java-vuln-detection/slicing/output/CPG/cwe789_cpg/cwe789-1541-cpg-resolved.bin	tc1541_flow3	CWE789_Uncontrolled_Mem_Alloc__random_HashSet_07.java	84	CWE789_Uncontrolled_Mem_Alloc__random_HashSet_07.java	94
/home/swlab/Documents/swvul/java-vuln-detection/slicing/output/CPG/cwe789_cpg/cwe789-1542-cpg-resolved.bin	tc1542_flow1	CWE789_Uncontrolled_Mem_Alloc__random_HashSet_08.java	48	CWE789_Uncontrolled_Mem_Alloc__random_HashSet_08.java	58
/home/swlab/Documents/swvul/java-vuln-detection/slicing/output/CPG/cwe789_cpg/cwe789-1542-cpg-resolved.bin	tc1542_flow2	CWE789_Uncontrolled_Mem_Alloc__random_HashSet_08.java	76	CWE789_Uncontrolled_Mem_Alloc__random_HashSet_08.java	81
/home/swlab/Documents/swvul/java-vuln-detection/slicing/output/CPG/cwe789_cpg/cwe789-1542-cpg-resolved.bin	tc1542_flow3	CWE789_Uncontrolled_Mem_Alloc__random_HashSet_08.java	92	CWE789_Uncontrolled_Mem_Alloc__random_HashSet_08.java	102
/home/swlab/Documents/swvul/java-vuln-detection/slicing/output/CPG/cwe789_cpg/cwe789-1543-cpg-resolved.bin	tc1543_flow1	CWE789_Uncontrolled_Mem_Alloc__random_HashSet_09.java	34	CWE789_Uncontrolled_Mem_Alloc__random_HashSet_09.java	44
/home/swlab/Documents/swvul/java-vuln-detection/slicing/output/CPG/cwe789_cpg/cwe789-1543-cpg-resolved.bin	tc1543_flow2	CWE789_Uncontrolled_Mem_Alloc__random_HashSet_09.java	62	CWE789_Uncontrolled_Mem_Alloc__random_HashSet_09.java	67
/home/swlab/Documents/swvul/java-vuln-detection/slicing/output/CPG/cwe789_cpg/cwe789-1543-cpg-resolved.bin	tc1543_flow3	CWE789_Uncontrolled_Mem_Alloc__random_HashSet_09.java	78	CWE789_Uncontrolled_Mem_Alloc__random_HashSet_09.java	88
/home/swlab/Documents/swvul/java-vuln-detection/slicing/output/CPG/cwe789_cpg/cwe789-1544-cpg-resolved.bin	tc1544_flow1	CWE789_Uncontrolled_Mem_Alloc__random_HashSet_10.java	34	CWE789_Uncontrolled_Mem_Alloc__random_HashSet_10.java	44
/home/swlab/Documents/swvul/java-vuln-detection/slicing/output/CPG/cwe789_cpg/cwe789-1544-cpg-resolved.bin	tc1544_flow2	CWE789_Uncontrolled_Mem_Alloc__random_HashSet_10.java	62	CWE789_Uncontrolled_Mem_Alloc__random_HashSet_10.java	67
/home/swlab/Documents/swvul/java-vuln-detection/slicing/output/CPG/cwe789_cpg/cwe789-1544-cpg-resolved.bin	tc1544_flow3	CWE789_Uncontrolled_Mem_Alloc__random_HashSet_10.java	78	CWE789_Uncontrolled_Mem_Alloc__random_HashSet_10.java	88
/home/swlab/Documents/swvul/java-vuln-detection/slicing/output/CPG/cwe789_cpg/cwe789-1545-cpg-resolved.bin	tc1545_flow1	CWE789_Uncontrolled_Mem_Alloc__random_HashSet_11.java	34	CWE789_Uncontrolled_Mem_Alloc__random_HashSet_11.java	44
/home/swlab/Documents/swvul/java-vuln-detection/slicing/output/CPG/cwe789_cpg/cwe789-1545-cpg-resolved.bin	tc1545_flow2	CWE789_Uncontrolled_Mem_Alloc__random_HashSet_11.java	62	CWE789_Uncontrolled_Mem_Alloc__random_HashSet_11.java	67
/home/swlab/Documents/swvul/java-vuln-detection/slicing/output/CPG/cwe789_cpg/cwe789-1545-cpg-resolved.bin	tc1545_flow3	CWE789_Uncontrolled_Mem_Alloc__random_HashSet_11.java	78	CWE789_Uncontrolled_Mem_Alloc__random_HashSet_11.java	88
/home/swlab/Documents/swvul/java-vuln-detection/slicing/output/CPG/cwe789_cpg/cwe789-1546-cpg-resolved.bin	tc1546_flow1	CWE789_Uncontrolled_Mem_Alloc__random_HashSet_12.java	34	CWE789_Uncontrolled_Mem_Alloc__random_HashSet_12.java	45
/home/swlab/Documents/swvul/java-vuln-detection/slicing/output/CPG/cwe789_cpg/cwe789-1546-cpg-resolved.bin	tc1546_flow2	CWE789_Uncontrolled_Mem_Alloc__random_HashSet_12.java	57	CWE789_Uncontrolled_Mem_Alloc__random_HashSet_12.java	68
/home/swlab/Documents/swvul/java-vuln-detection/slicing/output/CPG/cwe789_cpg/cwe789-1547-cpg-resolved.bin	tc1547_flow1	CWE789_Uncontrolled_Mem_Alloc__random_HashSet_13.java	34	CWE789_Uncontrolled_Mem_Alloc__random_HashSet_13.java	44
/home/swlab/Documents/swvul/java-vuln-detection/slicing/output/CPG/cwe789_cpg/cwe789-1547-cpg-resolved.bin	tc1547_flow2	CWE789_Uncontrolled_Mem_Alloc__random_HashSet_13.java	62	CWE789_Uncontrolled_Mem_Alloc__random_HashSet_13.java	67
/home/swlab/Documents/swvul/java-vuln-detection/slicing/output/CPG/cwe789_cpg/cwe789-1547-cpg-resolved.bin	tc1547_flow3	CWE789_Uncontrolled_Mem_Alloc__random_HashSet_13.java	78	CWE789_Uncontrolled_Mem_Alloc__random_HashSet_13.java	88
/home/swlab/Documents/swvul/java-vuln-detection/slicing/output/CPG/cwe789_cpg/cwe789-1548-cpg-resolved.bin	tc1548_flow1	CWE789_Uncontrolled_Mem_Alloc__random_HashSet_14.java	34	CWE789_Uncontrolled_Mem_Alloc__random_HashSet_14.java	44
/home/swlab/Documents/swvul/java-vuln-detection/slicing/output/CPG/cwe789_cpg/cwe789-1548-cpg-resolved.bin	tc1548_flow2	CWE789_Uncontrolled_Mem_Alloc__random_HashSet_14.java	62	CWE789_Uncontrolled_Mem_Alloc__random_HashSet_14.java	67
/home/swlab/Documents/swvul/java-vuln-detection/slicing/output/CPG/cwe789_cpg/cwe789-1548-cpg-resolved.bin	tc1548_flow3	CWE789_Uncontrolled_Mem_Alloc__random_HashSet_14.java	78	CWE789_Uncontrolled_Mem_Alloc__random_HashSet_14.java	88
/home/swlab/Documents/swvul/java-vuln-detection/slicing/output/CPG/cwe789_cpg/cwe789-1549-cpg-resolved.bin	tc1549_flow1	CWE789_Uncontrolled_Mem_Alloc__random_HashSet_15.java	36	CWE789_Uncontrolled_Mem_Alloc__random_HashSet_15.java	46
/home/swlab/Documents/swvul/java-vuln-detection/slicing/output/CPG/cwe789_cpg/cwe789-1549-cpg-resolved.bin	tc1549_flow2	CWE789_Uncontrolled_Mem_Alloc__random_HashSet_15.java	64	CWE789_Uncontrolled_Mem_Alloc__random_HashSet_15.java	69
/home/swlab/Documents/swvul/java-vuln-detection/slicing/output/CPG/cwe789_cpg/cwe789-1549-cpg-resolved.bin	tc1549_flow3	CWE789_Uncontrolled_Mem_Alloc__random_HashSet_15.java	82	CWE789_Uncontrolled_Mem_Alloc__random_HashSet_15.java	92
/home/swlab/Documents/swvul/java-vuln-detection/slicing/output/CPG/cwe789_cpg/cwe789-1550-cpg-resolved.bin	tc1550_flow1	CWE789_Uncontrolled_Mem_Alloc__random_HashSet_16.java	35	CWE789_Uncontrolled_Mem_Alloc__random_HashSet_16.java	40
/home/swlab/Documents/swvul/java-vuln-detection/slicing/output/CPG/cwe789_cpg/cwe789-1550-cpg-resolved.bin	tc1550_flow2	CWE789_Uncontrolled_Mem_Alloc__random_HashSet_16.java	52	CWE789_Uncontrolled_Mem_Alloc__random_HashSet_16.java	57
/home/swlab/Documents/swvul/java-vuln-detection/slicing/output/CPG/cwe789_cpg/cwe789-1551-cpg-resolved.bin	tc1551_flow1	CWE789_Uncontrolled_Mem_Alloc__random_HashSet_17.java	33	CWE789_Uncontrolled_Mem_Alloc__random_HashSet_17.java	38
/home/swlab/Documents/swvul/java-vuln-detection/slicing/output/CPG/cwe789_cpg/cwe789-1551-cpg-resolved.bin	tc1551_flow2	CWE789_Uncontrolled_Mem_Alloc__random_HashSet_17.java	49	CWE789_Uncontrolled_Mem_Alloc__random_HashSet_17.java	54
/home/swlab/Documents/swvul/java-vuln-detection/slicing/output/CPG/cwe789_cpg/cwe789-1552-cpg-resolved.bin	tc1552_flow1	CWE789_Uncontrolled_Mem_Alloc__random_HashSet_21.java	50	CWE789_Uncontrolled_Mem_Alloc__random_HashSet_21.java	39
/home/swlab/Documents/swvul/java-vuln-detection/slicing/output/CPG/cwe789_cpg/cwe789-1552-cpg-resolved.bin	tc1552_flow2	CWE789_Uncontrolled_Mem_Alloc__random_HashSet_21.java	99	CWE789_Uncontrolled_Mem_Alloc__random_HashSet_21.java	81
/home/swlab/Documents/swvul/java-vuln-detection/slicing/output/CPG/cwe789_cpg/cwe789-1552-cpg-resolved.bin	tc1552_flow3	CWE789_Uncontrolled_Mem_Alloc__random_HashSet_21.java	126	CWE789_Uncontrolled_Mem_Alloc__random_HashSet_21.java	115
/home/swlab/Documents/swvul/java-vuln-detection/slicing/output/CPG/cwe789_cpg/cwe789-1553-cpg-resolved.bin	tc1553_flow1	CWE789_Uncontrolled_Mem_Alloc__random_HashSet_22b.java	33	CWE789_Uncontrolled_Mem_Alloc__random_HashSet_22a.java	38
/home/swlab/Documents/swvul/java-vuln-detection/slicing/output/CPG/cwe789_cpg/cwe789-1553-cpg-resolved.bin	tc1553_flow2	CWE789_Uncontrolled_Mem_Alloc__random_HashSet_22b.java	59	CWE789_Uncontrolled_Mem_Alloc__random_HashSet_22a.java	62
/home/swlab/Documents/swvul/java-vuln-detection/slicing/output/CPG/cwe789_cpg/cwe789-1553-cpg-resolved.bin	tc1553_flow3	CWE789_Uncontrolled_Mem_Alloc__random_HashSet_22b.java	74	CWE789_Uncontrolled_Mem_Alloc__random_HashSet_22a.java	75
/home/swlab/Documents/swvul/java-vuln-detection/slicing/output/CPG/cwe789_cpg/cwe789-1554-cpg-resolved.bin	tc1554_flow1	CWE789_Uncontrolled_Mem_Alloc__random_HashSet_31.java	36	CWE789_Uncontrolled_Mem_Alloc__random_HashSet_31.java	44
/home/swlab/Documents/swvul/java-vuln-detection/slicing/output/CPG/cwe789_cpg/cwe789-1554-cpg-resolved.bin	tc1554_flow2	CWE789_Uncontrolled_Mem_Alloc__random_HashSet_31.java	62	CWE789_Uncontrolled_Mem_Alloc__random_HashSet_31.java	70
/home/swlab/Documents/swvul/java-vuln-detection/slicing/output/CPG/cwe789_cpg/cwe789-1555-cpg-resolved.bin	tc1555_flow1	CWE789_Uncontrolled_Mem_Alloc__random_HashSet_41.java	40	CWE789_Uncontrolled_Mem_Alloc__random_HashSet_41.java	31
/home/swlab/Documents/swvul/java-vuln-detection/slicing/output/CPG/cwe789_cpg/cwe789-1555-cpg-resolved.bin	tc1555_flow2	CWE789_Uncontrolled_Mem_Alloc__random_HashSet_41.java	64	CWE789_Uncontrolled_Mem_Alloc__random_HashSet_41.java	54
/home/swlab/Documents/swvul/java-vuln-detection/slicing/output/CPG/cwe789_cpg/cwe789-1556-cpg-resolved.bin	tc1556_flow1	CWE789_Uncontrolled_Mem_Alloc__random_HashSet_42.java	32	CWE789_Uncontrolled_Mem_Alloc__random_HashSet_42.java	43
/home/swlab/Documents/swvul/java-vuln-detection/slicing/output/CPG/cwe789_cpg/cwe789-1556-cpg-resolved.bin	tc1556_flow2	CWE789_Uncontrolled_Mem_Alloc__random_HashSet_42.java	52	CWE789_Uncontrolled_Mem_Alloc__random_HashSet_42.java	63
/home/swlab/Documents/swvul/java-vuln-detection/slicing/output/CPG/cwe789_cpg/cwe789-1557-cpg-resolved.bin	tc1557_flow1	CWE789_Uncontrolled_Mem_Alloc__random_HashSet_45.java	46	CWE789_Uncontrolled_Mem_Alloc__random_HashSet_45.java	36
/home/swlab/Documents/swvul/java-vuln-detection/slicing/output/CPG/cwe789_cpg/cwe789-1557-cpg-resolved.bin	tc1557_flow2	CWE789_Uncontrolled_Mem_Alloc__random_HashSet_45.java	72	CWE789_Uncontrolled_Mem_Alloc__random_HashSet_45.java	62
/home/swlab/Documents/swvul/java-vuln-detection/slicing/output/CPG/cwe789_cpg/cwe789-1558-cpg-resolved.bin	tc1558_flow1	CWE789_Uncontrolled_Mem_Alloc__random_HashSet_51a.java	30	CWE789_Uncontrolled_Mem_Alloc__random_HashSet_51b.java	29
/home/swlab/Documents/swvul/java-vuln-detection/slicing/output/CPG/cwe789_cpg/cwe789-1558-cpg-resolved.bin	tc1558_flow2	CWE789_Uncontrolled_Mem_Alloc__random_HashSet_51a.java	46	CWE789_Uncontrolled_Mem_Alloc__random_HashSet_51b.java	38
/home/swlab/Documents/swvul/java-vuln-detection/slicing/output/CPG/cwe789_cpg/cwe789-1559-cpg-resolved.bin	tc1559_flow1	CWE789_Uncontrolled_Mem_Alloc__random_HashSet_52a.java	31	CWE789_Uncontrolled_Mem_Alloc__random_HashSet_52c.java	30
/home/swlab/Documents/swvul/java-vuln-detection/slicing/output/CPG/cwe789_cpg/cwe789-1559-cpg-resolved.bin	tc1559_flow2	CWE789_Uncontrolled_Mem_Alloc__random_HashSet_52a.java	47	CWE789_Uncontrolled_Mem_Alloc__random_HashSet_52c.java	39
/home/swlab/Documents/swvul/java-vuln-detection/slicing/output/CPG/cwe789_cpg/cwe789-1560-cpg-resolved.bin	tc1560_flow1	CWE789_Uncontrolled_Mem_Alloc__random_HashSet_53a.java	31	CWE789_Uncontrolled_Mem_Alloc__random_HashSet_53d.java	30
/home/swlab/Documents/swvul/java-vuln-detection/slicing/output/CPG/cwe789_cpg/cwe789-1560-cpg-resolved.bin	tc1560_flow2	CWE789_Uncontrolled_Mem_Alloc__random_HashSet_53a.java	47	CWE789_Uncontrolled_Mem_Alloc__random_HashSet_53d.java	39
/home/swlab/Documents/swvul/java-vuln-detection/slicing/output/CPG/cwe789_cpg/cwe789-1561-cpg-resolved.bin	tc1561_flow1	CWE789_Uncontrolled_Mem_Alloc__random_HashSet_54a.java	31	CWE789_Uncontrolled_Mem_Alloc__random_HashSet_54e.java	30
/home/swlab/Documents/swvul/java-vuln-detection/slicing/output/CPG/cwe789_cpg/cwe789-1561-cpg-resolved.bin	tc1561_flow2	CWE789_Uncontrolled_Mem_Alloc__random_HashSet_54a.java	47	CWE789_Uncontrolled_Mem_Alloc__random_HashSet_54e.java	39
/home/swlab/Documents/swvul/java-vuln-detection/slicing/output/CPG/cwe789_cpg/cwe789-1562-cpg-resolved.bin	tc1562_flow1	CWE789_Uncontrolled_Mem_Alloc__random_HashSet_61b.java	31	CWE789_Uncontrolled_Mem_Alloc__random_HashSet_61a.java	31
/home/swlab/Documents/swvul/java-vuln-detection/slicing/output/CPG/cwe789_cpg/cwe789-1562-cpg-resolved.bin	tc1562_flow2	CWE789_Uncontrolled_Mem_Alloc__random_HashSet_61b.java	42	CWE789_Uncontrolled_Mem_Alloc__random_HashSet_61a.java	46
/home/swlab/Documents/swvul/java-vuln-detection/slicing/output/CPG/cwe789_cpg/cwe789-1563-cpg-resolved.bin	tc1563_flow1	CWE789_Uncontrolled_Mem_Alloc__random_HashSet_66a.java	31	CWE789_Uncontrolled_Mem_Alloc__random_HashSet_66b.java	31
/home/swlab/Documents/swvul/java-vuln-detection/slicing/output/CPG/cwe789_cpg/cwe789-1563-cpg-resolved.bin	tc1563_flow2	CWE789_Uncontrolled_Mem_Alloc__random_HashSet_66a.java	49	CWE789_Uncontrolled_Mem_Alloc__random_HashSet_66b.java	41
/home/swlab/Documents/swvul/java-vuln-detection/slicing/output/CPG/cwe789_cpg/cwe789-1564-cpg-resolved.bin	tc1564_flow1	CWE789_Uncontrolled_Mem_Alloc__random_HashSet_67a.java	36	CWE789_Uncontrolled_Mem_Alloc__random_HashSet_67b.java	31
/home/swlab/Documents/swvul/java-vuln-detection/slicing/output/CPG/cwe789_cpg/cwe789-1564-cpg-resolved.bin	tc1564_flow2	CWE789_Uncontrolled_Mem_Alloc__random_HashSet_67a.java	54	CWE789_Uncontrolled_Mem_Alloc__random_HashSet_67b.java	41
/home/swlab/Documents/swvul/java-vuln-detection/slicing/output/CPG/cwe789_cpg/cwe789-1565-cpg-resolved.bin	tc1565_flow1	CWE789_Uncontrolled_Mem_Alloc__random_HashSet_68a.java	31	CWE789_Uncontrolled_Mem_Alloc__random_HashSet_68b.java	30
/home/swlab/Documents/swvul/java-vuln-detection/slicing/output/CPG/cwe789_cpg/cwe789-1565-cpg-resolved.bin	tc1565_flow2	CWE789_Uncontrolled_Mem_Alloc__random_HashSet_68a.java	46	CWE789_Uncontrolled_Mem_Alloc__random_HashSet_68b.java	40
/home/swlab/Documents/swvul/java-vuln-detection/slicing/output/CPG/cwe789_cpg/cwe789-1566-cpg-resolved.bin	tc1566_flow1	CWE789_Uncontrolled_Mem_Alloc__random_HashSet_71a.java	31	CWE789_Uncontrolled_Mem_Alloc__random_HashSet_71b.java	31
/home/swlab/Documents/swvul/java-vuln-detection/slicing/output/CPG/cwe789_cpg/cwe789-1566-cpg-resolved.bin	tc1566_flow2	CWE789_Uncontrolled_Mem_Alloc__random_HashSet_71a.java	47	CWE789_Uncontrolled_Mem_Alloc__random_HashSet_71b.java	41
/home/swlab/Documents/swvul/java-vuln-detection/slicing/output/CPG/cwe789_cpg/cwe789-1567-cpg-resolved.bin	tc1567_flow1	CWE789_Uncontrolled_Mem_Alloc__random_HashSet_72a.java	32	CWE789_Uncontrolled_Mem_Alloc__random_HashSet_72b.java	32
/home/swlab/Documents/swvul/java-vuln-detection/slicing/output/CPG/cwe789_cpg/cwe789-1567-cpg-resolved.bin	tc1567_flow2	CWE789_Uncontrolled_Mem_Alloc__random_HashSet_72a.java	52	CWE789_Uncontrolled_Mem_Alloc__random_HashSet_72b.java	42
/home/swlab/Documents/swvul/java-vuln-detection/slicing/output/CPG/cwe789_cpg/cwe789-1568-cpg-resolved.bin	tc1568_flow1	CWE789_Uncontrolled_Mem_Alloc__random_HashSet_73a.java	32	CWE789_Uncontrolled_Mem_Alloc__random_HashSet_73b.java	32
/home/swlab/Documents/swvul/java-vuln-detection/slicing/output/CPG/cwe789_cpg/cwe789-1568-cpg-resolved.bin	tc1568_flow2	CWE789_Uncontrolled_Mem_Alloc__random_HashSet_73a.java	52	CWE789_Uncontrolled_Mem_Alloc__random_HashSet_73b.java	42
/home/swlab/Documents/swvul/java-vuln-detection/slicing/output/CPG/cwe789_cpg/cwe789-1569-cpg-resolved.bin	tc1569_flow1	CWE789_Uncontrolled_Mem_Alloc__random_HashSet_74a.java	32	CWE789_Uncontrolled_Mem_Alloc__random_HashSet_74b.java	32
/home/swlab/Documents/swvul/java-vuln-detection/slicing/output/CPG/cwe789_cpg/cwe789-1569-cpg-resolved.bin	tc1569_flow2	CWE789_Uncontrolled_Mem_Alloc__random_HashSet_74a.java	52	CWE789_Uncontrolled_Mem_Alloc__random_HashSet_74b.java	42
/home/swlab/Documents/swvul/java-vuln-detection/slicing/output/CPG/cwe789_cpg/cwe789-1570-cpg-resolved.bin	tc1570_flow1	CWE789_Uncontrolled_Mem_Alloc__random_HashSet_75a.java	36	CWE789_Uncontrolled_Mem_Alloc__random_HashSet_75b.java	43
/home/swlab/Documents/swvul/java-vuln-detection/slicing/output/CPG/cwe789_cpg/cwe789-1570-cpg-resolved.bin	tc1570_flow2	CWE789_Uncontrolled_Mem_Alloc__random_HashSet_75a.java	94	CWE789_Uncontrolled_Mem_Alloc__random_HashSet_75b.java	97
/home/swlab/Documents/swvul/java-vuln-detection/slicing/output/CPG/cwe789_cpg/cwe789-1571-cpg-resolved.bin	tc1571_flow1	CWE789_Uncontrolled_Mem_Alloc__random_HashSet_81a.java	31	CWE789_Uncontrolled_Mem_Alloc__random_HashSet_81_bad.java	30
/home/swlab/Documents/swvul/java-vuln-detection/slicing/output/CPG/cwe789_cpg/cwe789-1571-cpg-resolved.bin	tc1571_flow2	CWE789_Uncontrolled_Mem_Alloc__random_HashSet_81a.java	48	CWE789_Uncontrolled_Mem_Alloc__random_HashSet_81_goodG2B.java	30
