/home/hyeonji/java-vuln-detection/slicing/output/CPG/cwe319_cpg/cwe319-112-cpg-resolved.bin	tc112_flow1	CWE319_Cleartext_Tx_Sensitive_Info__connect_tcp_driverManager_01.java	57	CWE319_Cleartext_Tx_Sensitive_Info__connect_tcp_driverManager_01.java	114
/home/hyeonji/java-vuln-detection/slicing/output/CPG/cwe319_cpg/cwe319-113-cpg-resolved.bin	tc113_flow1	CWE319_Cleartext_Tx_Sensitive_Info__connect_tcp_driverManager_02.java	55	CWE319_Cleartext_Tx_Sensitive_Info__connect_tcp_driverManager_02.java	120
/home/hyeonji/java-vuln-detection/slicing/output/CPG/cwe319_cpg/cwe319-114-cpg-resolved.bin	tc114_flow1	CWE319_Cleartext_Tx_Sensitive_Info__connect_tcp_driverManager_03.java	55	CWE319_Cleartext_Tx_Sensitive_Info__connect_tcp_driverManager_03.java	120
/home/hyeonji/java-vuln-detection/slicing/output/CPG/cwe319_cpg/cwe319-115-cpg-resolved.bin	tc115_flow1	CWE319_Cleartext_Tx_Sensitive_Info__connect_tcp_driverManager_04.java	62	CWE319_Cleartext_Tx_Sensitive_Info__connect_tcp_driverManager_04.java	127
/home/hyeonji/java-vuln-detection/slicing/output/CPG/cwe319_cpg/cwe319-116-cpg-resolved.bin	tc116_flow1	CWE319_Cleartext_Tx_Sensitive_Info__connect_tcp_driverManager_05.java	62	CWE319_Cleartext_Tx_Sensitive_Info__connect_tcp_driverManager_05.java	127
/home/hyeonji/java-vuln-detection/slicing/output/CPG/cwe319_cpg/cwe319-117-cpg-resolved.bin	tc117_flow1	CWE319_Cleartext_Tx_Sensitive_Info__connect_tcp_driverManager_06.java	60	CWE319_Cleartext_Tx_Sensitive_Info__connect_tcp_driverManager_06.java	125
/home/hyeonji/java-vuln-detection/slicing/output/CPG/cwe319_cpg/cwe319-118-cpg-resolved.bin	tc118_flow1	CWE319_Cleartext_Tx_Sensitive_Info__connect_tcp_driverManager_07.java	60	CWE319_Cleartext_Tx_Sensitive_Info__connect_tcp_driverManager_07.java	125
/home/hyeonji/java-vuln-detection/slicing/output/CPG/cwe319_cpg/cwe319-119-cpg-resolved.bin	tc119_flow1	CWE319_Cleartext_Tx_Sensitive_Info__connect_tcp_driverManager_08.java	68	CWE319_Cleartext_Tx_Sensitive_Info__connect_tcp_driverManager_08.java	133
/home/hyeonji/java-vuln-detection/slicing/output/CPG/cwe319_cpg/cwe319-120-cpg-resolved.bin	tc120_flow1	CWE319_Cleartext_Tx_Sensitive_Info__connect_tcp_driverManager_09.java	55	CWE319_Cleartext_Tx_Sensitive_Info__connect_tcp_driverManager_09.java	120
/home/hyeonji/java-vuln-detection/slicing/output/CPG/cwe319_cpg/cwe319-121-cpg-resolved.bin	tc121_flow1	CWE319_Cleartext_Tx_Sensitive_Info__connect_tcp_driverManager_10.java	55	CWE319_Cleartext_Tx_Sensitive_Info__connect_tcp_driverManager_10.java	120
/home/hyeonji/java-vuln-detection/slicing/output/CPG/cwe319_cpg/cwe319-122-cpg-resolved.bin	tc122_flow1	CWE319_Cleartext_Tx_Sensitive_Info__connect_tcp_driverManager_11.java	55	CWE319_Cleartext_Tx_Sensitive_Info__connect_tcp_driverManager_11.java	120
/home/hyeonji/java-vuln-detection/slicing/output/CPG/cwe319_cpg/cwe319-123-cpg-resolved.bin	tc123_flow1	CWE319_Cleartext_Tx_Sensitive_Info__connect_tcp_driverManager_12.java	55	CWE319_Cleartext_Tx_Sensitive_Info__connect_tcp_driverManager_12.java	188
/home/hyeonji/java-vuln-detection/slicing/output/CPG/cwe319_cpg/cwe319-124-cpg-resolved.bin	tc124_flow1	CWE319_Cleartext_Tx_Sensitive_Info__connect_tcp_driverManager_13.java	55	CWE319_Cleartext_Tx_Sensitive_Info__connect_tcp_driverManager_13.java	120
/home/hyeonji/java-vuln-detection/slicing/output/CPG/cwe319_cpg/cwe319-125-cpg-resolved.bin	tc125_flow1	CWE319_Cleartext_Tx_Sensitive_Info__connect_tcp_driverManager_14.java	55	CWE319_Cleartext_Tx_Sensitive_Info__connect_tcp_driverManager_14.java	120
/home/hyeonji/java-vuln-detection/slicing/output/CPG/cwe319_cpg/cwe319-126-cpg-resolved.bin	tc126_flow1	CWE319_Cleartext_Tx_Sensitive_Info__connect_tcp_driverManager_15.java	57	CWE319_Cleartext_Tx_Sensitive_Info__connect_tcp_driverManager_15.java	123
/home/hyeonji/java-vuln-detection/slicing/output/CPG/cwe319_cpg/cwe319-127-cpg-resolved.bin	tc127_flow1	CWE319_Cleartext_Tx_Sensitive_Info__connect_tcp_driverManager_16.java	56	CWE319_Cleartext_Tx_Sensitive_Info__connect_tcp_driverManager_16.java	116
/home/hyeonji/java-vuln-detection/slicing/output/CPG/cwe319_cpg/cwe319-128-cpg-resolved.bin	tc128_flow1	CWE319_Cleartext_Tx_Sensitive_Info__connect_tcp_driverManager_17.java	62	CWE319_Cleartext_Tx_Sensitive_Info__connect_tcp_driverManager_17.java	121
/home/hyeonji/java-vuln-detection/slicing/output/CPG/cwe319_cpg/cwe319-129-cpg-resolved.bin	tc129_flow1	CWE319_Cleartext_Tx_Sensitive_Info__connect_tcp_driverManager_21.java	60	CWE319_Cleartext_Tx_Sensitive_Info__connect_tcp_driverManager_21.java	125
/home/hyeonji/java-vuln-detection/slicing/output/CPG/cwe319_cpg/cwe319-130-cpg-resolved.bin	tc130_flow1	CWE319_Cleartext_Tx_Sensitive_Info__connect_tcp_driverManager_22a.java	54	CWE319_Cleartext_Tx_Sensitive_Info__connect_tcp_driverManager_22b.java	42
/home/hyeonji/java-vuln-detection/slicing/output/CPG/cwe319_cpg/cwe319-131-cpg-resolved.bin	tc131_flow1	CWE319_Cleartext_Tx_Sensitive_Info__connect_tcp_driverManager_31.java	59	CWE319_Cleartext_Tx_Sensitive_Info__connect_tcp_driverManager_31.java	121
/home/hyeonji/java-vuln-detection/slicing/output/CPG/cwe319_cpg/cwe319-132-cpg-resolved.bin	tc132_flow1	CWE319_Cleartext_Tx_Sensitive_Info__connect_tcp_driverManager_41.java	115	CWE319_Cleartext_Tx_Sensitive_Info__connect_tcp_driverManager_41.java	47
/home/hyeonji/java-vuln-detection/slicing/output/CPG/cwe319_cpg/cwe319-133-cpg-resolved.bin	tc133_flow1	CWE319_Cleartext_Tx_Sensitive_Info__connect_tcp_driverManager_42.java	57	CWE319_Cleartext_Tx_Sensitive_Info__connect_tcp_driverManager_42.java	121
/home/hyeonji/java-vuln-detection/slicing/output/CPG/cwe319_cpg/cwe319-134-cpg-resolved.bin	tc134_flow1	CWE319_Cleartext_Tx_Sensitive_Info__connect_tcp_driverManager_45.java	120	CWE319_Cleartext_Tx_Sensitive_Info__connect_tcp_driverManager_45.java	52
/home/hyeonji/java-vuln-detection/slicing/output/CPG/cwe319_cpg/cwe319-135-cpg-resolved.bin	tc135_flow1	CWE319_Cleartext_Tx_Sensitive_Info__connect_tcp_driverManager_51a.java	50	CWE319_Cleartext_Tx_Sensitive_Info__connect_tcp_driverManager_51b.java	41
/home/hyeonji/java-vuln-detection/slicing/output/CPG/cwe319_cpg/cwe319-136-cpg-resolved.bin	tc136_flow1	CWE319_Cleartext_Tx_Sensitive_Info__connect_tcp_driverManager_52a.java	50	CWE319_Cleartext_Tx_Sensitive_Info__connect_tcp_driverManager_52c.java	41
/home/hyeonji/java-vuln-detection/slicing/output/CPG/cwe319_cpg/cwe319-137-cpg-resolved.bin	tc137_flow1	CWE319_Cleartext_Tx_Sensitive_Info__connect_tcp_driverManager_53a.java	50	CWE319_Cleartext_Tx_Sensitive_Info__connect_tcp_driverManager_53d.java	41
/home/hyeonji/java-vuln-detection/slicing/output/CPG/cwe319_cpg/cwe319-138-cpg-resolved.bin	tc138_flow1	CWE319_Cleartext_Tx_Sensitive_Info__connect_tcp_driverManager_54a.java	50	CWE319_Cleartext_Tx_Sensitive_Info__connect_tcp_driverManager_54e.java	41
/home/hyeonji/java-vuln-detection/slicing/output/CPG/cwe319_cpg/cwe319-139-cpg-resolved.bin	tc139_flow1	CWE319_Cleartext_Tx_Sensitive_Info__connect_tcp_driverManager_61b.java	50	CWE319_Cleartext_Tx_Sensitive_Info__connect_tcp_driverManager_61a.java	42
/home/hyeonji/java-vuln-detection/slicing/output/CPG/cwe319_cpg/cwe319-140-cpg-resolved.bin	tc140_flow1	CWE319_Cleartext_Tx_Sensitive_Info__connect_tcp_driverManager_66a.java	50	CWE319_Cleartext_Tx_Sensitive_Info__connect_tcp_driverManager_66b.java	42
/home/hyeonji/java-vuln-detection/slicing/output/CPG/cwe319_cpg/cwe319-141-cpg-resolved.bin	tc141_flow1	CWE319_Cleartext_Tx_Sensitive_Info__connect_tcp_driverManager_67a.java	55	CWE319_Cleartext_Tx_Sensitive_Info__connect_tcp_driverManager_67b.java	42
/home/hyeonji/java-vuln-detection/slicing/output/CPG/cwe319_cpg/cwe319-142-cpg-resolved.bin	tc142_flow1	CWE319_Cleartext_Tx_Sensitive_Info__connect_tcp_driverManager_68a.java	51	CWE319_Cleartext_Tx_Sensitive_Info__connect_tcp_driverManager_68b.java	42
/home/hyeonji/java-vuln-detection/slicing/output/CPG/cwe319_cpg/cwe319-143-cpg-resolved.bin	tc143_flow1	CWE319_Cleartext_Tx_Sensitive_Info__connect_tcp_driverManager_71a.java	50	CWE319_Cleartext_Tx_Sensitive_Info__connect_tcp_driverManager_71b.java	42
/home/hyeonji/java-vuln-detection/slicing/output/CPG/cwe319_cpg/cwe319-144-cpg-resolved.bin	tc144_flow1	CWE319_Cleartext_Tx_Sensitive_Info__connect_tcp_driverManager_72a.java	51	CWE319_Cleartext_Tx_Sensitive_Info__connect_tcp_driverManager_72b.java	43
/home/hyeonji/java-vuln-detection/slicing/output/CPG/cwe319_cpg/cwe319-145-cpg-resolved.bin	tc145_flow1	CWE319_Cleartext_Tx_Sensitive_Info__connect_tcp_driverManager_73a.java	51	CWE319_Cleartext_Tx_Sensitive_Info__connect_tcp_driverManager_73b.java	43
/home/hyeonji/java-vuln-detection/slicing/output/CPG/cwe319_cpg/cwe319-146-cpg-resolved.bin	tc146_flow1	CWE319_Cleartext_Tx_Sensitive_Info__connect_tcp_driverManager_74a.java	51	CWE319_Cleartext_Tx_Sensitive_Info__connect_tcp_driverManager_74b.java	43
/home/hyeonji/java-vuln-detection/slicing/output/CPG/cwe319_cpg/cwe319-147-cpg-resolved.bin	tc147_flow1	CWE319_Cleartext_Tx_Sensitive_Info__connect_tcp_driverManager_75a.java	53	CWE319_Cleartext_Tx_Sensitive_Info__connect_tcp_driverManager_75b.java	53
/home/hyeonji/java-vuln-detection/slicing/output/CPG/cwe319_cpg/cwe319-148-cpg-resolved.bin	tc148_flow1	CWE319_Cleartext_Tx_Sensitive_Info__connect_tcp_driverManager_81a.java	50	CWE319_Cleartext_Tx_Sensitive_Info__connect_tcp_driverManager_81_bad.java	41
/home/hyeonji/java-vuln-detection/slicing/output/CPG/cwe319_cpg/cwe319-149-cpg-resolved.bin	tc149_flow1	CWE319_Cleartext_Tx_Sensitive_Info__connect_tcp_kerberosKey_01.java	57	CWE319_Cleartext_Tx_Sensitive_Info__connect_tcp_kerberosKey_01.java	112
/home/hyeonji/java-vuln-detection/slicing/output/CPG/cwe319_cpg/cwe319-149-cpg-resolved.bin	tc149_flow2	CWE319_Cleartext_Tx_Sensitive_Info__connect_tcp_kerberosKey_01.java	163	CWE319_Cleartext_Tx_Sensitive_Info__connect_tcp_kerberosKey_01.java	218
/home/hyeonji/java-vuln-detection/slicing/output/CPG/cwe319_cpg/cwe319-150-cpg-resolved.bin	tc150_flow1	CWE319_Cleartext_Tx_Sensitive_Info__connect_tcp_kerberosKey_02.java	55	CWE319_Cleartext_Tx_Sensitive_Info__connect_tcp_kerberosKey_02.java	118
/home/hyeonji/java-vuln-detection/slicing/output/CPG/cwe319_cpg/cwe319-150-cpg-resolved.bin	tc150_flow2	CWE319_Cleartext_Tx_Sensitive_Info__connect_tcp_kerberosKey_02.java	202	CWE319_Cleartext_Tx_Sensitive_Info__connect_tcp_kerberosKey_02.java	271
/home/hyeonji/java-vuln-detection/slicing/output/CPG/cwe319_cpg/cwe319-150-cpg-resolved.bin	tc150_flow3	CWE319_Cleartext_Tx_Sensitive_Info__connect_tcp_kerberosKey_02.java	303	CWE319_Cleartext_Tx_Sensitive_Info__connect_tcp_kerberosKey_02.java	366
/home/hyeonji/java-vuln-detection/slicing/output/CPG/cwe319_cpg/cwe319-151-cpg-resolved.bin	tc151_flow1	CWE319_Cleartext_Tx_Sensitive_Info__connect_tcp_kerberosKey_03.java	55	CWE319_Cleartext_Tx_Sensitive_Info__connect_tcp_kerberosKey_03.java	118
/home/hyeonji/java-vuln-detection/slicing/output/CPG/cwe319_cpg/cwe319-151-cpg-resolved.bin	tc151_flow2	CWE319_Cleartext_Tx_Sensitive_Info__connect_tcp_kerberosKey_03.java	202	CWE319_Cleartext_Tx_Sensitive_Info__connect_tcp_kerberosKey_03.java	271
/home/hyeonji/java-vuln-detection/slicing/output/CPG/cwe319_cpg/cwe319-151-cpg-resolved.bin	tc151_flow3	CWE319_Cleartext_Tx_Sensitive_Info__connect_tcp_kerberosKey_03.java	303	CWE319_Cleartext_Tx_Sensitive_Info__connect_tcp_kerberosKey_03.java	366
/home/hyeonji/java-vuln-detection/slicing/output/CPG/cwe319_cpg/cwe319-152-cpg-resolved.bin	tc152_flow1	CWE319_Cleartext_Tx_Sensitive_Info__connect_tcp_kerberosKey_04.java	62	CWE319_Cleartext_Tx_Sensitive_Info__connect_tcp_kerberosKey_04.java	125
/home/hyeonji/java-vuln-detection/slicing/output/CPG/cwe319_cpg/cwe319-152-cpg-resolved.bin	tc152_flow2	CWE319_Cleartext_Tx_Sensitive_Info__connect_tcp_kerberosKey_04.java	209	CWE319_Cleartext_Tx_Sensitive_Info__connect_tcp_kerberosKey_04.java	278
/home/hyeonji/java-vuln-detection/slicing/output/CPG/cwe319_cpg/cwe319-152-cpg-resolved.bin	tc152_flow3	CWE319_Cleartext_Tx_Sensitive_Info__connect_tcp_kerberosKey_04.java	310	CWE319_Cleartext_Tx_Sensitive_Info__connect_tcp_kerberosKey_04.java	373
/home/hyeonji/java-vuln-detection/slicing/output/CPG/cwe319_cpg/cwe319-153-cpg-resolved.bin	tc153_flow1	CWE319_Cleartext_Tx_Sensitive_Info__connect_tcp_kerberosKey_05.java	62	CWE319_Cleartext_Tx_Sensitive_Info__connect_tcp_kerberosKey_05.java	125
/home/hyeonji/java-vuln-detection/slicing/output/CPG/cwe319_cpg/cwe319-153-cpg-resolved.bin	tc153_flow2	CWE319_Cleartext_Tx_Sensitive_Info__connect_tcp_kerberosKey_05.java	210	CWE319_Cleartext_Tx_Sensitive_Info__connect_tcp_kerberosKey_05.java	279
/home/hyeonji/java-vuln-detection/slicing/output/CPG/cwe319_cpg/cwe319-153-cpg-resolved.bin	tc153_flow3	CWE319_Cleartext_Tx_Sensitive_Info__connect_tcp_kerberosKey_05.java	311	CWE319_Cleartext_Tx_Sensitive_Info__connect_tcp_kerberosKey_05.java	374
/home/hyeonji/java-vuln-detection/slicing/output/CPG/cwe319_cpg/cwe319-154-cpg-resolved.bin	tc154_flow1	CWE319_Cleartext_Tx_Sensitive_Info__connect_tcp_kerberosKey_06.java	60	CWE319_Cleartext_Tx_Sensitive_Info__connect_tcp_kerberosKey_06.java	123
/home/hyeonji/java-vuln-detection/slicing/output/CPG/cwe319_cpg/cwe319-154-cpg-resolved.bin	tc154_flow2	CWE319_Cleartext_Tx_Sensitive_Info__connect_tcp_kerberosKey_06.java	207	CWE319_Cleartext_Tx_Sensitive_Info__connect_tcp_kerberosKey_06.java	276
/home/hyeonji/java-vuln-detection/slicing/output/CPG/cwe319_cpg/cwe319-154-cpg-resolved.bin	tc154_flow3	CWE319_Cleartext_Tx_Sensitive_Info__connect_tcp_kerberosKey_06.java	308	CWE319_Cleartext_Tx_Sensitive_Info__connect_tcp_kerberosKey_06.java	371
/home/hyeonji/java-vuln-detection/slicing/output/CPG/cwe319_cpg/cwe319-155-cpg-resolved.bin	tc155_flow1	CWE319_Cleartext_Tx_Sensitive_Info__connect_tcp_kerberosKey_07.java	60	CWE319_Cleartext_Tx_Sensitive_Info__connect_tcp_kerberosKey_07.java	123
/home/hyeonji/java-vuln-detection/slicing/output/CPG/cwe319_cpg/cwe319-155-cpg-resolved.bin	tc155_flow2	CWE319_Cleartext_Tx_Sensitive_Info__connect_tcp_kerberosKey_07.java	207	CWE319_Cleartext_Tx_Sensitive_Info__connect_tcp_kerberosKey_07.java	276
/home/hyeonji/java-vuln-detection/slicing/output/CPG/cwe319_cpg/cwe319-155-cpg-resolved.bin	tc155_flow3	CWE319_Cleartext_Tx_Sensitive_Info__connect_tcp_kerberosKey_07.java	308	CWE319_Cleartext_Tx_Sensitive_Info__connect_tcp_kerberosKey_07.java	371
/home/hyeonji/java-vuln-detection/slicing/output/CPG/cwe319_cpg/cwe319-156-cpg-resolved.bin	tc156_flow1	CWE319_Cleartext_Tx_Sensitive_Info__connect_tcp_kerberosKey_08.java	68	CWE319_Cleartext_Tx_Sensitive_Info__connect_tcp_kerberosKey_08.java	131
/home/hyeonji/java-vuln-detection/slicing/output/CPG/cwe319_cpg/cwe319-156-cpg-resolved.bin	tc156_flow2	CWE319_Cleartext_Tx_Sensitive_Info__connect_tcp_kerberosKey_08.java	215	CWE319_Cleartext_Tx_Sensitive_Info__connect_tcp_kerberosKey_08.java	284
/home/hyeonji/java-vuln-detection/slicing/output/CPG/cwe319_cpg/cwe319-156-cpg-resolved.bin	tc156_flow3	CWE319_Cleartext_Tx_Sensitive_Info__connect_tcp_kerberosKey_08.java	316	CWE319_Cleartext_Tx_Sensitive_Info__connect_tcp_kerberosKey_08.java	379
/home/hyeonji/java-vuln-detection/slicing/output/CPG/cwe319_cpg/cwe319-157-cpg-resolved.bin	tc157_flow1	CWE319_Cleartext_Tx_Sensitive_Info__connect_tcp_kerberosKey_09.java	55	CWE319_Cleartext_Tx_Sensitive_Info__connect_tcp_kerberosKey_09.java	118
/home/hyeonji/java-vuln-detection/slicing/output/CPG/cwe319_cpg/cwe319-157-cpg-resolved.bin	tc157_flow2	CWE319_Cleartext_Tx_Sensitive_Info__connect_tcp_kerberosKey_09.java	202	CWE319_Cleartext_Tx_Sensitive_Info__connect_tcp_kerberosKey_09.java	271
/home/hyeonji/java-vuln-detection/slicing/output/CPG/cwe319_cpg/cwe319-157-cpg-resolved.bin	tc157_flow3	CWE319_Cleartext_Tx_Sensitive_Info__connect_tcp_kerberosKey_09.java	303	CWE319_Cleartext_Tx_Sensitive_Info__connect_tcp_kerberosKey_09.java	366
/home/hyeonji/java-vuln-detection/slicing/output/CPG/cwe319_cpg/cwe319-158-cpg-resolved.bin	tc158_flow1	CWE319_Cleartext_Tx_Sensitive_Info__connect_tcp_kerberosKey_10.java	55	CWE319_Cleartext_Tx_Sensitive_Info__connect_tcp_kerberosKey_10.java	118
/home/hyeonji/java-vuln-detection/slicing/output/CPG/cwe319_cpg/cwe319-158-cpg-resolved.bin	tc158_flow2	CWE319_Cleartext_Tx_Sensitive_Info__connect_tcp_kerberosKey_10.java	202	CWE319_Cleartext_Tx_Sensitive_Info__connect_tcp_kerberosKey_10.java	271
/home/hyeonji/java-vuln-detection/slicing/output/CPG/cwe319_cpg/cwe319-158-cpg-resolved.bin	tc158_flow3	CWE319_Cleartext_Tx_Sensitive_Info__connect_tcp_kerberosKey_10.java	303	CWE319_Cleartext_Tx_Sensitive_Info__connect_tcp_kerberosKey_10.java	366
/home/hyeonji/java-vuln-detection/slicing/output/CPG/cwe319_cpg/cwe319-159-cpg-resolved.bin	tc159_flow1	CWE319_Cleartext_Tx_Sensitive_Info__connect_tcp_kerberosKey_11.java	55	CWE319_Cleartext_Tx_Sensitive_Info__connect_tcp_kerberosKey_11.java	118
/home/hyeonji/java-vuln-detection/slicing/output/CPG/cwe319_cpg/cwe319-159-cpg-resolved.bin	tc159_flow2	CWE319_Cleartext_Tx_Sensitive_Info__connect_tcp_kerberosKey_11.java	203	CWE319_Cleartext_Tx_Sensitive_Info__connect_tcp_kerberosKey_11.java	272
/home/hyeonji/java-vuln-detection/slicing/output/CPG/cwe319_cpg/cwe319-159-cpg-resolved.bin	tc159_flow3	CWE319_Cleartext_Tx_Sensitive_Info__connect_tcp_kerberosKey_11.java	304	CWE319_Cleartext_Tx_Sensitive_Info__connect_tcp_kerberosKey_11.java	367
/home/hyeonji/java-vuln-detection/slicing/output/CPG/cwe319_cpg/cwe319-160-cpg-resolved.bin	tc160_flow2	CWE319_Cleartext_Tx_Sensitive_Info__connect_tcp_kerberosKey_12.java	208	CWE319_Cleartext_Tx_Sensitive_Info__connect_tcp_kerberosKey_12.java	353
/home/hyeonji/java-vuln-detection/slicing/output/CPG/cwe319_cpg/cwe319-161-cpg-resolved.bin	tc161_flow1	CWE319_Cleartext_Tx_Sensitive_Info__connect_tcp_kerberosKey_13.java	55	CWE319_Cleartext_Tx_Sensitive_Info__connect_tcp_kerberosKey_13.java	118
/home/hyeonji/java-vuln-detection/slicing/output/CPG/cwe319_cpg/cwe319-161-cpg-resolved.bin	tc161_flow2	CWE319_Cleartext_Tx_Sensitive_Info__connect_tcp_kerberosKey_13.java	202	CWE319_Cleartext_Tx_Sensitive_Info__connect_tcp_kerberosKey_13.java	271
/home/hyeonji/java-vuln-detection/slicing/output/CPG/cwe319_cpg/cwe319-161-cpg-resolved.bin	tc161_flow3	CWE319_Cleartext_Tx_Sensitive_Info__connect_tcp_kerberosKey_13.java	303	CWE319_Cleartext_Tx_Sensitive_Info__connect_tcp_kerberosKey_13.java	366
/home/hyeonji/java-vuln-detection/slicing/output/CPG/cwe319_cpg/cwe319-162-cpg-resolved.bin	tc162_flow1	CWE319_Cleartext_Tx_Sensitive_Info__connect_tcp_kerberosKey_14.java	55	CWE319_Cleartext_Tx_Sensitive_Info__connect_tcp_kerberosKey_14.java	118
/home/hyeonji/java-vuln-detection/slicing/output/CPG/cwe319_cpg/cwe319-162-cpg-resolved.bin	tc162_flow2	CWE319_Cleartext_Tx_Sensitive_Info__connect_tcp_kerberosKey_14.java	202	CWE319_Cleartext_Tx_Sensitive_Info__connect_tcp_kerberosKey_14.java	271
/home/hyeonji/java-vuln-detection/slicing/output/CPG/cwe319_cpg/cwe319-162-cpg-resolved.bin	tc162_flow3	CWE319_Cleartext_Tx_Sensitive_Info__connect_tcp_kerberosKey_14.java	303	CWE319_Cleartext_Tx_Sensitive_Info__connect_tcp_kerberosKey_14.java	366
/home/hyeonji/java-vuln-detection/slicing/output/CPG/cwe319_cpg/cwe319-163-cpg-resolved.bin	tc163_flow1	CWE319_Cleartext_Tx_Sensitive_Info__connect_tcp_kerberosKey_15.java	57	CWE319_Cleartext_Tx_Sensitive_Info__connect_tcp_kerberosKey_15.java	121
/home/hyeonji/java-vuln-detection/slicing/output/CPG/cwe319_cpg/cwe319-163-cpg-resolved.bin	tc163_flow2	CWE319_Cleartext_Tx_Sensitive_Info__connect_tcp_kerberosKey_15.java	226	CWE319_Cleartext_Tx_Sensitive_Info__connect_tcp_kerberosKey_15.java	294
/home/hyeonji/java-vuln-detection/slicing/output/CPG/cwe319_cpg/cwe319-163-cpg-resolved.bin	tc163_flow3	CWE319_Cleartext_Tx_Sensitive_Info__connect_tcp_kerberosKey_15.java	328	CWE319_Cleartext_Tx_Sensitive_Info__connect_tcp_kerberosKey_15.java	392
/home/hyeonji/java-vuln-detection/slicing/output/CPG/cwe319_cpg/cwe319-164-cpg-resolved.bin	tc164_flow1	CWE319_Cleartext_Tx_Sensitive_Info__connect_tcp_kerberosKey_16.java	56	CWE319_Cleartext_Tx_Sensitive_Info__connect_tcp_kerberosKey_16.java	114
/home/hyeonji/java-vuln-detection/slicing/output/CPG/cwe319_cpg/cwe319-164-cpg-resolved.bin	tc164_flow2	CWE319_Cleartext_Tx_Sensitive_Info__connect_tcp_kerberosKey_16.java	167	CWE319_Cleartext_Tx_Sensitive_Info__connect_tcp_kerberosKey_16.java	225
/home/hyeonji/java-vuln-detection/slicing/output/CPG/cwe319_cpg/cwe319-165-cpg-resolved.bin	tc165_flow1	CWE319_Cleartext_Tx_Sensitive_Info__connect_tcp_kerberosKey_17.java	62	CWE319_Cleartext_Tx_Sensitive_Info__connect_tcp_kerberosKey_17.java	119
/home/hyeonji/java-vuln-detection/slicing/output/CPG/cwe319_cpg/cwe319-165-cpg-resolved.bin	tc165_flow2	CWE319_Cleartext_Tx_Sensitive_Info__connect_tcp_kerberosKey_17.java	166	CWE319_Cleartext_Tx_Sensitive_Info__connect_tcp_kerberosKey_17.java	223
/home/hyeonji/java-vuln-detection/slicing/output/CPG/cwe319_cpg/cwe319-166-cpg-resolved.bin	tc166_flow1	CWE319_Cleartext_Tx_Sensitive_Info__connect_tcp_kerberosKey_21.java	60	CWE319_Cleartext_Tx_Sensitive_Info__connect_tcp_kerberosKey_21.java	123
/home/hyeonji/java-vuln-detection/slicing/output/CPG/cwe319_cpg/cwe319-166-cpg-resolved.bin	tc166_flow2	CWE319_Cleartext_Tx_Sensitive_Info__connect_tcp_kerberosKey_21.java	161	CWE319_Cleartext_Tx_Sensitive_Info__connect_tcp_kerberosKey_21.java	230
/home/hyeonji/java-vuln-detection/slicing/output/CPG/cwe319_cpg/cwe319-166-cpg-resolved.bin	tc166_flow3	CWE319_Cleartext_Tx_Sensitive_Info__connect_tcp_kerberosKey_21.java	264	CWE319_Cleartext_Tx_Sensitive_Info__connect_tcp_kerberosKey_21.java	327
/home/hyeonji/java-vuln-detection/slicing/output/CPG/cwe319_cpg/cwe319-167-cpg-resolved.bin	tc167_flow1	CWE319_Cleartext_Tx_Sensitive_Info__connect_tcp_kerberosKey_22a.java	54	CWE319_Cleartext_Tx_Sensitive_Info__connect_tcp_kerberosKey_22b.java	39
/home/hyeonji/java-vuln-detection/slicing/output/CPG/cwe319_cpg/cwe319-167-cpg-resolved.bin	tc167_flow2	CWE319_Cleartext_Tx_Sensitive_Info__connect_tcp_kerberosKey_22a.java	142	CWE319_Cleartext_Tx_Sensitive_Info__connect_tcp_kerberosKey_22b.java	67
/home/hyeonji/java-vuln-detection/slicing/output/CPG/cwe319_cpg/cwe319-167-cpg-resolved.bin	tc167_flow3	CWE319_Cleartext_Tx_Sensitive_Info__connect_tcp_kerberosKey_22a.java	217	CWE319_Cleartext_Tx_Sensitive_Info__connect_tcp_kerberosKey_22b.java	90
/home/hyeonji/java-vuln-detection/slicing/output/CPG/cwe319_cpg/cwe319-168-cpg-resolved.bin	tc168_flow1	CWE319_Cleartext_Tx_Sensitive_Info__connect_tcp_kerberosKey_31.java	59	CWE319_Cleartext_Tx_Sensitive_Info__connect_tcp_kerberosKey_31.java	119
/home/hyeonji/java-vuln-detection/slicing/output/CPG/cwe319_cpg/cwe319-168-cpg-resolved.bin	tc168_flow2	CWE319_Cleartext_Tx_Sensitive_Info__connect_tcp_kerberosKey_31.java	181	CWE319_Cleartext_Tx_Sensitive_Info__connect_tcp_kerberosKey_31.java	241
/home/hyeonji/java-vuln-detection/slicing/output/CPG/cwe319_cpg/cwe319-169-cpg-resolved.bin	tc169_flow1	CWE319_Cleartext_Tx_Sensitive_Info__connect_tcp_kerberosKey_41.java	70	CWE319_Cleartext_Tx_Sensitive_Info__connect_tcp_kerberosKey_41.java	45
/home/hyeonji/java-vuln-detection/slicing/output/CPG/cwe319_cpg/cwe319-169-cpg-resolved.bin	tc169_flow2	CWE319_Cleartext_Tx_Sensitive_Info__connect_tcp_kerberosKey_41.java	195	CWE319_Cleartext_Tx_Sensitive_Info__connect_tcp_kerberosKey_41.java	162
/home/hyeonji/java-vuln-detection/slicing/output/CPG/cwe319_cpg/cwe319-170-cpg-resolved.bin	tc170_flow1	CWE319_Cleartext_Tx_Sensitive_Info__connect_tcp_kerberosKey_42.java	57	CWE319_Cleartext_Tx_Sensitive_Info__connect_tcp_kerberosKey_42.java	119
/home/hyeonji/java-vuln-detection/slicing/output/CPG/cwe319_cpg/cwe319-170-cpg-resolved.bin	tc170_flow2	CWE319_Cleartext_Tx_Sensitive_Info__connect_tcp_kerberosKey_42.java	171	CWE319_Cleartext_Tx_Sensitive_Info__connect_tcp_kerberosKey_42.java	233
/home/hyeonji/java-vuln-detection/slicing/output/CPG/cwe319_cpg/cwe319-171-cpg-resolved.bin	tc171_flow1	CWE319_Cleartext_Tx_Sensitive_Info__connect_tcp_kerberosKey_45.java	75	CWE319_Cleartext_Tx_Sensitive_Info__connect_tcp_kerberosKey_45.java	50
/home/hyeonji/java-vuln-detection/slicing/output/CPG/cwe319_cpg/cwe319-171-cpg-resolved.bin	tc171_flow2	CWE319_Cleartext_Tx_Sensitive_Info__connect_tcp_kerberosKey_45.java	204	CWE319_Cleartext_Tx_Sensitive_Info__connect_tcp_kerberosKey_45.java	171
/home/hyeonji/java-vuln-detection/slicing/output/CPG/cwe319_cpg/cwe319-172-cpg-resolved.bin	tc172_flow1	CWE319_Cleartext_Tx_Sensitive_Info__connect_tcp_kerberosKey_51a.java	50	CWE319_Cleartext_Tx_Sensitive_Info__connect_tcp_kerberosKey_51b.java	38
/home/hyeonji/java-vuln-detection/slicing/output/CPG/cwe319_cpg/cwe319-172-cpg-resolved.bin	tc172_flow2	CWE319_Cleartext_Tx_Sensitive_Info__connect_tcp_kerberosKey_51a.java	142	CWE319_Cleartext_Tx_Sensitive_Info__connect_tcp_kerberosKey_51b.java	66
/home/hyeonji/java-vuln-detection/slicing/output/CPG/cwe319_cpg/cwe319-173-cpg-resolved.bin	tc173_flow1	CWE319_Cleartext_Tx_Sensitive_Info__connect_tcp_kerberosKey_52a.java	50	CWE319_Cleartext_Tx_Sensitive_Info__connect_tcp_kerberosKey_52c.java	38
/home/hyeonji/java-vuln-detection/slicing/output/CPG/cwe319_cpg/cwe319-173-cpg-resolved.bin	tc173_flow2	CWE319_Cleartext_Tx_Sensitive_Info__connect_tcp_kerberosKey_52a.java	142	CWE319_Cleartext_Tx_Sensitive_Info__connect_tcp_kerberosKey_52c.java	66
/home/hyeonji/java-vuln-detection/slicing/output/CPG/cwe319_cpg/cwe319-174-cpg-resolved.bin	tc174_flow1	CWE319_Cleartext_Tx_Sensitive_Info__connect_tcp_kerberosKey_53a.java	50	CWE319_Cleartext_Tx_Sensitive_Info__connect_tcp_kerberosKey_53d.java	38
/home/hyeonji/java-vuln-detection/slicing/output/CPG/cwe319_cpg/cwe319-174-cpg-resolved.bin	tc174_flow2	CWE319_Cleartext_Tx_Sensitive_Info__connect_tcp_kerberosKey_53a.java	142	CWE319_Cleartext_Tx_Sensitive_Info__connect_tcp_kerberosKey_53d.java	66
/home/hyeonji/java-vuln-detection/slicing/output/CPG/cwe319_cpg/cwe319-175-cpg-resolved.bin	tc175_flow1	CWE319_Cleartext_Tx_Sensitive_Info__connect_tcp_kerberosKey_54a.java	50	CWE319_Cleartext_Tx_Sensitive_Info__connect_tcp_kerberosKey_54e.java	38
/home/hyeonji/java-vuln-detection/slicing/output/CPG/cwe319_cpg/cwe319-175-cpg-resolved.bin	tc175_flow2	CWE319_Cleartext_Tx_Sensitive_Info__connect_tcp_kerberosKey_54a.java	142	CWE319_Cleartext_Tx_Sensitive_Info__connect_tcp_kerberosKey_54e.java	66
/home/hyeonji/java-vuln-detection/slicing/output/CPG/cwe319_cpg/cwe319-176-cpg-resolved.bin	tc176_flow1	CWE319_Cleartext_Tx_Sensitive_Info__connect_tcp_kerberosKey_61b.java	50	CWE319_Cleartext_Tx_Sensitive_Info__connect_tcp_kerberosKey_61a.java	39
/home/hyeonji/java-vuln-detection/slicing/output/CPG/cwe319_cpg/cwe319-176-cpg-resolved.bin	tc176_flow2	CWE319_Cleartext_Tx_Sensitive_Info__connect_tcp_kerberosKey_61b.java	136	CWE319_Cleartext_Tx_Sensitive_Info__connect_tcp_kerberosKey_61a.java	75
/home/hyeonji/java-vuln-detection/slicing/output/CPG/cwe319_cpg/cwe319-177-cpg-resolved.bin	tc177_flow1	CWE319_Cleartext_Tx_Sensitive_Info__connect_tcp_kerberosKey_66a.java	50	CWE319_Cleartext_Tx_Sensitive_Info__connect_tcp_kerberosKey_66b.java	39
/home/hyeonji/java-vuln-detection/slicing/output/CPG/cwe319_cpg/cwe319-177-cpg-resolved.bin	tc177_flow2	CWE319_Cleartext_Tx_Sensitive_Info__connect_tcp_kerberosKey_66a.java	146	CWE319_Cleartext_Tx_Sensitive_Info__connect_tcp_kerberosKey_66b.java	69
/home/hyeonji/java-vuln-detection/slicing/output/CPG/cwe319_cpg/cwe319-178-cpg-resolved.bin	tc178_flow1	CWE319_Cleartext_Tx_Sensitive_Info__connect_tcp_kerberosKey_67a.java	55	CWE319_Cleartext_Tx_Sensitive_Info__connect_tcp_kerberosKey_67b.java	39
/home/hyeonji/java-vuln-detection/slicing/output/CPG/cwe319_cpg/cwe319-178-cpg-resolved.bin	tc178_flow2	CWE319_Cleartext_Tx_Sensitive_Info__connect_tcp_kerberosKey_67a.java	151	CWE319_Cleartext_Tx_Sensitive_Info__connect_tcp_kerberosKey_67b.java	69
/home/hyeonji/java-vuln-detection/slicing/output/CPG/cwe319_cpg/cwe319-179-cpg-resolved.bin	tc179_flow1	CWE319_Cleartext_Tx_Sensitive_Info__connect_tcp_kerberosKey_68a.java	51	CWE319_Cleartext_Tx_Sensitive_Info__connect_tcp_kerberosKey_68b.java	39
/home/hyeonji/java-vuln-detection/slicing/output/CPG/cwe319_cpg/cwe319-179-cpg-resolved.bin	tc179_flow2	CWE319_Cleartext_Tx_Sensitive_Info__connect_tcp_kerberosKey_68a.java	141	CWE319_Cleartext_Tx_Sensitive_Info__connect_tcp_kerberosKey_68b.java	69
/home/hyeonji/java-vuln-detection/slicing/output/CPG/cwe319_cpg/cwe319-180-cpg-resolved.bin	tc180_flow1	CWE319_Cleartext_Tx_Sensitive_Info__connect_tcp_kerberosKey_71a.java	50	CWE319_Cleartext_Tx_Sensitive_Info__connect_tcp_kerberosKey_71b.java	39
/home/hyeonji/java-vuln-detection/slicing/output/CPG/cwe319_cpg/cwe319-180-cpg-resolved.bin	tc180_flow2	CWE319_Cleartext_Tx_Sensitive_Info__connect_tcp_kerberosKey_71a.java	142	CWE319_Cleartext_Tx_Sensitive_Info__connect_tcp_kerberosKey_71b.java	69
/home/hyeonji/java-vuln-detection/slicing/output/CPG/cwe319_cpg/cwe319-181-cpg-resolved.bin	tc181_flow1	CWE319_Cleartext_Tx_Sensitive_Info__connect_tcp_kerberosKey_72a.java	51	CWE319_Cleartext_Tx_Sensitive_Info__connect_tcp_kerberosKey_72b.java	40
/home/hyeonji/java-vuln-detection/slicing/output/CPG/cwe319_cpg/cwe319-181-cpg-resolved.bin	tc181_flow2	CWE319_Cleartext_Tx_Sensitive_Info__connect_tcp_kerberosKey_72a.java	151	CWE319_Cleartext_Tx_Sensitive_Info__connect_tcp_kerberosKey_72b.java	70
/home/hyeonji/java-vuln-detection/slicing/output/CPG/cwe319_cpg/cwe319-182-cpg-resolved.bin	tc182_flow1	CWE319_Cleartext_Tx_Sensitive_Info__connect_tcp_kerberosKey_73a.java	51	CWE319_Cleartext_Tx_Sensitive_Info__connect_tcp_kerberosKey_73b.java	40
/home/hyeonji/java-vuln-detection/slicing/output/CPG/cwe319_cpg/cwe319-182-cpg-resolved.bin	tc182_flow2	CWE319_Cleartext_Tx_Sensitive_Info__connect_tcp_kerberosKey_73a.java	151	CWE319_Cleartext_Tx_Sensitive_Info__connect_tcp_kerberosKey_73b.java	70
/home/hyeonji/java-vuln-detection/slicing/output/CPG/cwe319_cpg/cwe319-183-cpg-resolved.bin	tc183_flow1	CWE319_Cleartext_Tx_Sensitive_Info__connect_tcp_kerberosKey_74a.java	51	CWE319_Cleartext_Tx_Sensitive_Info__connect_tcp_kerberosKey_74b.java	40
/home/hyeonji/java-vuln-detection/slicing/output/CPG/cwe319_cpg/cwe319-183-cpg-resolved.bin	tc183_flow2	CWE319_Cleartext_Tx_Sensitive_Info__connect_tcp_kerberosKey_74a.java	151	CWE319_Cleartext_Tx_Sensitive_Info__connect_tcp_kerberosKey_74b.java	70
/home/hyeonji/java-vuln-detection/slicing/output/CPG/cwe319_cpg/cwe319-184-cpg-resolved.bin	tc184_flow1	CWE319_Cleartext_Tx_Sensitive_Info__connect_tcp_kerberosKey_75a.java	53	CWE319_Cleartext_Tx_Sensitive_Info__connect_tcp_kerberosKey_75b.java	51
/home/hyeonji/java-vuln-detection/slicing/output/CPG/cwe319_cpg/cwe319-184-cpg-resolved.bin	tc184_flow2	CWE319_Cleartext_Tx_Sensitive_Info__connect_tcp_kerberosKey_75a.java	229	CWE319_Cleartext_Tx_Sensitive_Info__connect_tcp_kerberosKey_75b.java	168
/home/hyeonji/java-vuln-detection/slicing/output/CPG/cwe319_cpg/cwe319-185-cpg-resolved.bin	tc185_flow1	CWE319_Cleartext_Tx_Sensitive_Info__connect_tcp_kerberosKey_81a.java	50	CWE319_Cleartext_Tx_Sensitive_Info__connect_tcp_kerberosKey_81_bad.java	38
/home/hyeonji/java-vuln-detection/slicing/output/CPG/cwe319_cpg/cwe319-185-cpg-resolved.bin	tc185_flow2	CWE319_Cleartext_Tx_Sensitive_Info__connect_tcp_kerberosKey_81a.java	144	CWE319_Cleartext_Tx_Sensitive_Info__connect_tcp_kerberosKey_81_goodB2G.java	38
/home/hyeonji/java-vuln-detection/slicing/output/CPG/cwe319_cpg/cwe319-186-cpg-resolved.bin	tc186_flow1	CWE319_Cleartext_Tx_Sensitive_Info__connect_tcp_passwordAuth_01.java	55	CWE319_Cleartext_Tx_Sensitive_Info__connect_tcp_passwordAuth_01.java	109
/home/hyeonji/java-vuln-detection/slicing/output/CPG/cwe319_cpg/cwe319-186-cpg-resolved.bin	tc186_flow2	CWE319_Cleartext_Tx_Sensitive_Info__connect_tcp_passwordAuth_01.java	159	CWE319_Cleartext_Tx_Sensitive_Info__connect_tcp_passwordAuth_01.java	213
/home/hyeonji/java-vuln-detection/slicing/output/CPG/cwe319_cpg/cwe319-187-cpg-resolved.bin	tc187_flow1	CWE319_Cleartext_Tx_Sensitive_Info__connect_tcp_passwordAuth_02.java	53	CWE319_Cleartext_Tx_Sensitive_Info__connect_tcp_passwordAuth_02.java	115
/home/hyeonji/java-vuln-detection/slicing/output/CPG/cwe319_cpg/cwe319-187-cpg-resolved.bin	tc187_flow2	CWE319_Cleartext_Tx_Sensitive_Info__connect_tcp_passwordAuth_02.java	197	CWE319_Cleartext_Tx_Sensitive_Info__connect_tcp_passwordAuth_02.java	265
/home/hyeonji/java-vuln-detection/slicing/output/CPG/cwe319_cpg/cwe319-187-cpg-resolved.bin	tc187_flow3	CWE319_Cleartext_Tx_Sensitive_Info__connect_tcp_passwordAuth_02.java	297	CWE319_Cleartext_Tx_Sensitive_Info__connect_tcp_passwordAuth_02.java	359
/home/hyeonji/java-vuln-detection/slicing/output/CPG/cwe319_cpg/cwe319-188-cpg-resolved.bin	tc188_flow1	CWE319_Cleartext_Tx_Sensitive_Info__connect_tcp_passwordAuth_03.java	53	CWE319_Cleartext_Tx_Sensitive_Info__connect_tcp_passwordAuth_03.java	115
/home/hyeonji/java-vuln-detection/slicing/output/CPG/cwe319_cpg/cwe319-188-cpg-resolved.bin	tc188_flow2	CWE319_Cleartext_Tx_Sensitive_Info__connect_tcp_passwordAuth_03.java	197	CWE319_Cleartext_Tx_Sensitive_Info__connect_tcp_passwordAuth_03.java	265
/home/hyeonji/java-vuln-detection/slicing/output/CPG/cwe319_cpg/cwe319-188-cpg-resolved.bin	tc188_flow3	CWE319_Cleartext_Tx_Sensitive_Info__connect_tcp_passwordAuth_03.java	297	CWE319_Cleartext_Tx_Sensitive_Info__connect_tcp_passwordAuth_03.java	359
/home/hyeonji/java-vuln-detection/slicing/output/CPG/cwe319_cpg/cwe319-189-cpg-resolved.bin	tc189_flow1	CWE319_Cleartext_Tx_Sensitive_Info__connect_tcp_passwordAuth_04.java	60	CWE319_Cleartext_Tx_Sensitive_Info__connect_tcp_passwordAuth_04.java	122
/home/hyeonji/java-vuln-detection/slicing/output/CPG/cwe319_cpg/cwe319-189-cpg-resolved.bin	tc189_flow2	CWE319_Cleartext_Tx_Sensitive_Info__connect_tcp_passwordAuth_04.java	204	CWE319_Cleartext_Tx_Sensitive_Info__connect_tcp_passwordAuth_04.java	272
/home/hyeonji/java-vuln-detection/slicing/output/CPG/cwe319_cpg/cwe319-189-cpg-resolved.bin	tc189_flow3	CWE319_Cleartext_Tx_Sensitive_Info__connect_tcp_passwordAuth_04.java	304	CWE319_Cleartext_Tx_Sensitive_Info__connect_tcp_passwordAuth_04.java	366
/home/hyeonji/java-vuln-detection/slicing/output/CPG/cwe319_cpg/cwe319-190-cpg-resolved.bin	tc190_flow1	CWE319_Cleartext_Tx_Sensitive_Info__connect_tcp_passwordAuth_05.java	60	CWE319_Cleartext_Tx_Sensitive_Info__connect_tcp_passwordAuth_05.java	122
/home/hyeonji/java-vuln-detection/slicing/output/CPG/cwe319_cpg/cwe319-190-cpg-resolved.bin	tc190_flow2	CWE319_Cleartext_Tx_Sensitive_Info__connect_tcp_passwordAuth_05.java	205	CWE319_Cleartext_Tx_Sensitive_Info__connect_tcp_passwordAuth_05.java	273
/home/hyeonji/java-vuln-detection/slicing/output/CPG/cwe319_cpg/cwe319-190-cpg-resolved.bin	tc190_flow3	CWE319_Cleartext_Tx_Sensitive_Info__connect_tcp_passwordAuth_05.java	305	CWE319_Cleartext_Tx_Sensitive_Info__connect_tcp_passwordAuth_05.java	367
/home/hyeonji/java-vuln-detection/slicing/output/CPG/cwe319_cpg/cwe319-191-cpg-resolved.bin	tc191_flow1	CWE319_Cleartext_Tx_Sensitive_Info__connect_tcp_passwordAuth_06.java	58	CWE319_Cleartext_Tx_Sensitive_Info__connect_tcp_passwordAuth_06.java	120
/home/hyeonji/java-vuln-detection/slicing/output/CPG/cwe319_cpg/cwe319-191-cpg-resolved.bin	tc191_flow2	CWE319_Cleartext_Tx_Sensitive_Info__connect_tcp_passwordAuth_06.java	202	CWE319_Cleartext_Tx_Sensitive_Info__connect_tcp_passwordAuth_06.java	270
/home/hyeonji/java-vuln-detection/slicing/output/CPG/cwe319_cpg/cwe319-191-cpg-resolved.bin	tc191_flow3	CWE319_Cleartext_Tx_Sensitive_Info__connect_tcp_passwordAuth_06.java	302	CWE319_Cleartext_Tx_Sensitive_Info__connect_tcp_passwordAuth_06.java	364
/home/hyeonji/java-vuln-detection/slicing/output/CPG/cwe319_cpg/cwe319-192-cpg-resolved.bin	tc192_flow1	CWE319_Cleartext_Tx_Sensitive_Info__connect_tcp_passwordAuth_07.java	58	CWE319_Cleartext_Tx_Sensitive_Info__connect_tcp_passwordAuth_07.java	120
/home/hyeonji/java-vuln-detection/slicing/output/CPG/cwe319_cpg/cwe319-192-cpg-resolved.bin	tc192_flow2	CWE319_Cleartext_Tx_Sensitive_Info__connect_tcp_passwordAuth_07.java	202	CWE319_Cleartext_Tx_Sensitive_Info__connect_tcp_passwordAuth_07.java	270
/home/hyeonji/java-vuln-detection/slicing/output/CPG/cwe319_cpg/cwe319-192-cpg-resolved.bin	tc192_flow3	CWE319_Cleartext_Tx_Sensitive_Info__connect_tcp_passwordAuth_07.java	302	CWE319_Cleartext_Tx_Sensitive_Info__connect_tcp_passwordAuth_07.java	364
/home/hyeonji/java-vuln-detection/slicing/output/CPG/cwe319_cpg/cwe319-193-cpg-resolved.bin	tc193_flow1	CWE319_Cleartext_Tx_Sensitive_Info__connect_tcp_passwordAuth_08.java	66	CWE319_Cleartext_Tx_Sensitive_Info__connect_tcp_passwordAuth_08.java	128
/home/hyeonji/java-vuln-detection/slicing/output/CPG/cwe319_cpg/cwe319-193-cpg-resolved.bin	tc193_flow2	CWE319_Cleartext_Tx_Sensitive_Info__connect_tcp_passwordAuth_08.java	210	CWE319_Cleartext_Tx_Sensitive_Info__connect_tcp_passwordAuth_08.java	278
/home/hyeonji/java-vuln-detection/slicing/output/CPG/cwe319_cpg/cwe319-193-cpg-resolved.bin	tc193_flow3	CWE319_Cleartext_Tx_Sensitive_Info__connect_tcp_passwordAuth_08.java	310	CWE319_Cleartext_Tx_Sensitive_Info__connect_tcp_passwordAuth_08.java	372
/home/hyeonji/java-vuln-detection/slicing/output/CPG/cwe319_cpg/cwe319-194-cpg-resolved.bin	tc194_flow1	CWE319_Cleartext_Tx_Sensitive_Info__connect_tcp_passwordAuth_09.java	53	CWE319_Cleartext_Tx_Sensitive_Info__connect_tcp_passwordAuth_09.java	115
/home/hyeonji/java-vuln-detection/slicing/output/CPG/cwe319_cpg/cwe319-194-cpg-resolved.bin	tc194_flow2	CWE319_Cleartext_Tx_Sensitive_Info__connect_tcp_passwordAuth_09.java	197	CWE319_Cleartext_Tx_Sensitive_Info__connect_tcp_passwordAuth_09.java	265
/home/hyeonji/java-vuln-detection/slicing/output/CPG/cwe319_cpg/cwe319-194-cpg-resolved.bin	tc194_flow3	CWE319_Cleartext_Tx_Sensitive_Info__connect_tcp_passwordAuth_09.java	297	CWE319_Cleartext_Tx_Sensitive_Info__connect_tcp_passwordAuth_09.java	359
/home/hyeonji/java-vuln-detection/slicing/output/CPG/cwe319_cpg/cwe319-195-cpg-resolved.bin	tc195_flow1	CWE319_Cleartext_Tx_Sensitive_Info__connect_tcp_passwordAuth_10.java	53	CWE319_Cleartext_Tx_Sensitive_Info__connect_tcp_passwordAuth_10.java	115
/home/hyeonji/java-vuln-detection/slicing/output/CPG/cwe319_cpg/cwe319-195-cpg-resolved.bin	tc195_flow2	CWE319_Cleartext_Tx_Sensitive_Info__connect_tcp_passwordAuth_10.java	197	CWE319_Cleartext_Tx_Sensitive_Info__connect_tcp_passwordAuth_10.java	265
/home/hyeonji/java-vuln-detection/slicing/output/CPG/cwe319_cpg/cwe319-195-cpg-resolved.bin	tc195_flow3	CWE319_Cleartext_Tx_Sensitive_Info__connect_tcp_passwordAuth_10.java	297	CWE319_Cleartext_Tx_Sensitive_Info__connect_tcp_passwordAuth_10.java	359
/home/hyeonji/java-vuln-detection/slicing/output/CPG/cwe319_cpg/cwe319-196-cpg-resolved.bin	tc196_flow1	CWE319_Cleartext_Tx_Sensitive_Info__connect_tcp_passwordAuth_11.java	53	CWE319_Cleartext_Tx_Sensitive_Info__connect_tcp_passwordAuth_11.java	115
/home/hyeonji/java-vuln-detection/slicing/output/CPG/cwe319_cpg/cwe319-196-cpg-resolved.bin	tc196_flow2	CWE319_Cleartext_Tx_Sensitive_Info__connect_tcp_passwordAuth_11.java	198	CWE319_Cleartext_Tx_Sensitive_Info__connect_tcp_passwordAuth_11.java	266
/home/hyeonji/java-vuln-detection/slicing/output/CPG/cwe319_cpg/cwe319-196-cpg-resolved.bin	tc196_flow3	CWE319_Cleartext_Tx_Sensitive_Info__connect_tcp_passwordAuth_11.java	298	CWE319_Cleartext_Tx_Sensitive_Info__connect_tcp_passwordAuth_11.java	360
/home/hyeonji/java-vuln-detection/slicing/output/CPG/cwe319_cpg/cwe319-197-cpg-resolved.bin	tc197_flow2	CWE319_Cleartext_Tx_Sensitive_Info__connect_tcp_passwordAuth_12.java	202	CWE319_Cleartext_Tx_Sensitive_Info__connect_tcp_passwordAuth_12.java	345
/home/hyeonji/java-vuln-detection/slicing/output/CPG/cwe319_cpg/cwe319-198-cpg-resolved.bin	tc198_flow1	CWE319_Cleartext_Tx_Sensitive_Info__connect_tcp_passwordAuth_13.java	53	CWE319_Cleartext_Tx_Sensitive_Info__connect_tcp_passwordAuth_13.java	115
/home/hyeonji/java-vuln-detection/slicing/output/CPG/cwe319_cpg/cwe319-198-cpg-resolved.bin	tc198_flow2	CWE319_Cleartext_Tx_Sensitive_Info__connect_tcp_passwordAuth_13.java	197	CWE319_Cleartext_Tx_Sensitive_Info__connect_tcp_passwordAuth_13.java	265
/home/hyeonji/java-vuln-detection/slicing/output/CPG/cwe319_cpg/cwe319-198-cpg-resolved.bin	tc198_flow3	CWE319_Cleartext_Tx_Sensitive_Info__connect_tcp_passwordAuth_13.java	297	CWE319_Cleartext_Tx_Sensitive_Info__connect_tcp_passwordAuth_13.java	359
/home/hyeonji/java-vuln-detection/slicing/output/CPG/cwe319_cpg/cwe319-199-cpg-resolved.bin	tc199_flow1	CWE319_Cleartext_Tx_Sensitive_Info__connect_tcp_passwordAuth_14.java	53	CWE319_Cleartext_Tx_Sensitive_Info__connect_tcp_passwordAuth_14.java	115
/home/hyeonji/java-vuln-detection/slicing/output/CPG/cwe319_cpg/cwe319-199-cpg-resolved.bin	tc199_flow2	CWE319_Cleartext_Tx_Sensitive_Info__connect_tcp_passwordAuth_14.java	197	CWE319_Cleartext_Tx_Sensitive_Info__connect_tcp_passwordAuth_14.java	265
/home/hyeonji/java-vuln-detection/slicing/output/CPG/cwe319_cpg/cwe319-199-cpg-resolved.bin	tc199_flow3	CWE319_Cleartext_Tx_Sensitive_Info__connect_tcp_passwordAuth_14.java	297	CWE319_Cleartext_Tx_Sensitive_Info__connect_tcp_passwordAuth_14.java	359
/home/hyeonji/java-vuln-detection/slicing/output/CPG/cwe319_cpg/cwe319-200-cpg-resolved.bin	tc200_flow1	CWE319_Cleartext_Tx_Sensitive_Info__connect_tcp_passwordAuth_15.java	55	CWE319_Cleartext_Tx_Sensitive_Info__connect_tcp_passwordAuth_15.java	118
/home/hyeonji/java-vuln-detection/slicing/output/CPG/cwe319_cpg/cwe319-200-cpg-resolved.bin	tc200_flow2	CWE319_Cleartext_Tx_Sensitive_Info__connect_tcp_passwordAuth_15.java	221	CWE319_Cleartext_Tx_Sensitive_Info__connect_tcp_passwordAuth_15.java	288
/home/hyeonji/java-vuln-detection/slicing/output/CPG/cwe319_cpg/cwe319-200-cpg-resolved.bin	tc200_flow3	CWE319_Cleartext_Tx_Sensitive_Info__connect_tcp_passwordAuth_15.java	322	CWE319_Cleartext_Tx_Sensitive_Info__connect_tcp_passwordAuth_15.java	385
/home/hyeonji/java-vuln-detection/slicing/output/CPG/cwe319_cpg/cwe319-201-cpg-resolved.bin	tc201_flow1	CWE319_Cleartext_Tx_Sensitive_Info__connect_tcp_passwordAuth_16.java	54	CWE319_Cleartext_Tx_Sensitive_Info__connect_tcp_passwordAuth_16.java	111
/home/hyeonji/java-vuln-detection/slicing/output/CPG/cwe319_cpg/cwe319-201-cpg-resolved.bin	tc201_flow2	CWE319_Cleartext_Tx_Sensitive_Info__connect_tcp_passwordAuth_16.java	163	CWE319_Cleartext_Tx_Sensitive_Info__connect_tcp_passwordAuth_16.java	220
/home/hyeonji/java-vuln-detection/slicing/output/CPG/cwe319_cpg/cwe319-202-cpg-resolved.bin	tc202_flow1	CWE319_Cleartext_Tx_Sensitive_Info__connect_tcp_passwordAuth_17.java	60	CWE319_Cleartext_Tx_Sensitive_Info__connect_tcp_passwordAuth_17.java	116
/home/hyeonji/java-vuln-detection/slicing/output/CPG/cwe319_cpg/cwe319-202-cpg-resolved.bin	tc202_flow2	CWE319_Cleartext_Tx_Sensitive_Info__connect_tcp_passwordAuth_17.java	162	CWE319_Cleartext_Tx_Sensitive_Info__connect_tcp_passwordAuth_17.java	218
/home/hyeonji/java-vuln-detection/slicing/output/CPG/cwe319_cpg/cwe319-203-cpg-resolved.bin	tc203_flow1	CWE319_Cleartext_Tx_Sensitive_Info__connect_tcp_passwordAuth_21.java	58	CWE319_Cleartext_Tx_Sensitive_Info__connect_tcp_passwordAuth_21.java	120
/home/hyeonji/java-vuln-detection/slicing/output/CPG/cwe319_cpg/cwe319-203-cpg-resolved.bin	tc203_flow2	CWE319_Cleartext_Tx_Sensitive_Info__connect_tcp_passwordAuth_21.java	158	CWE319_Cleartext_Tx_Sensitive_Info__connect_tcp_passwordAuth_21.java	226
/home/hyeonji/java-vuln-detection/slicing/output/CPG/cwe319_cpg/cwe319-203-cpg-resolved.bin	tc203_flow3	CWE319_Cleartext_Tx_Sensitive_Info__connect_tcp_passwordAuth_21.java	260	CWE319_Cleartext_Tx_Sensitive_Info__connect_tcp_passwordAuth_21.java	322
/home/hyeonji/java-vuln-detection/slicing/output/CPG/cwe319_cpg/cwe319-204-cpg-resolved.bin	tc204_flow1	CWE319_Cleartext_Tx_Sensitive_Info__connect_tcp_passwordAuth_22a.java	54	CWE319_Cleartext_Tx_Sensitive_Info__connect_tcp_passwordAuth_22b.java	36
/home/hyeonji/java-vuln-detection/slicing/output/CPG/cwe319_cpg/cwe319-204-cpg-resolved.bin	tc204_flow2	CWE319_Cleartext_Tx_Sensitive_Info__connect_tcp_passwordAuth_22a.java	142	CWE319_Cleartext_Tx_Sensitive_Info__connect_tcp_passwordAuth_22b.java	63
/home/hyeonji/java-vuln-detection/slicing/output/CPG/cwe319_cpg/cwe319-204-cpg-resolved.bin	tc204_flow3	CWE319_Cleartext_Tx_Sensitive_Info__connect_tcp_passwordAuth_22a.java	217	CWE319_Cleartext_Tx_Sensitive_Info__connect_tcp_passwordAuth_22b.java	85
/home/hyeonji/java-vuln-detection/slicing/output/CPG/cwe319_cpg/cwe319-205-cpg-resolved.bin	tc205_flow1	CWE319_Cleartext_Tx_Sensitive_Info__connect_tcp_passwordAuth_31.java	57	CWE319_Cleartext_Tx_Sensitive_Info__connect_tcp_passwordAuth_31.java	116
/home/hyeonji/java-vuln-detection/slicing/output/CPG/cwe319_cpg/cwe319-205-cpg-resolved.bin	tc205_flow2	CWE319_Cleartext_Tx_Sensitive_Info__connect_tcp_passwordAuth_31.java	177	CWE319_Cleartext_Tx_Sensitive_Info__connect_tcp_passwordAuth_31.java	236
/home/hyeonji/java-vuln-detection/slicing/output/CPG/cwe319_cpg/cwe319-206-cpg-resolved.bin	tc206_flow1	CWE319_Cleartext_Tx_Sensitive_Info__connect_tcp_passwordAuth_41.java	67	CWE319_Cleartext_Tx_Sensitive_Info__connect_tcp_passwordAuth_41.java	42
/home/hyeonji/java-vuln-detection/slicing/output/CPG/cwe319_cpg/cwe319-206-cpg-resolved.bin	tc206_flow2	CWE319_Cleartext_Tx_Sensitive_Info__connect_tcp_passwordAuth_41.java	190	CWE319_Cleartext_Tx_Sensitive_Info__connect_tcp_passwordAuth_41.java	157
/home/hyeonji/java-vuln-detection/slicing/output/CPG/cwe319_cpg/cwe319-207-cpg-resolved.bin	tc207_flow1	CWE319_Cleartext_Tx_Sensitive_Info__connect_tcp_passwordAuth_42.java	55	CWE319_Cleartext_Tx_Sensitive_Info__connect_tcp_passwordAuth_42.java	116
/home/hyeonji/java-vuln-detection/slicing/output/CPG/cwe319_cpg/cwe319-207-cpg-resolved.bin	tc207_flow2	CWE319_Cleartext_Tx_Sensitive_Info__connect_tcp_passwordAuth_42.java	167	CWE319_Cleartext_Tx_Sensitive_Info__connect_tcp_passwordAuth_42.java	228
/home/hyeonji/java-vuln-detection/slicing/output/CPG/cwe319_cpg/cwe319-208-cpg-resolved.bin	tc208_flow1	CWE319_Cleartext_Tx_Sensitive_Info__connect_tcp_passwordAuth_45.java	72	CWE319_Cleartext_Tx_Sensitive_Info__connect_tcp_passwordAuth_45.java	47
/home/hyeonji/java-vuln-detection/slicing/output/CPG/cwe319_cpg/cwe319-208-cpg-resolved.bin	tc208_flow2	CWE319_Cleartext_Tx_Sensitive_Info__connect_tcp_passwordAuth_45.java	199	CWE319_Cleartext_Tx_Sensitive_Info__connect_tcp_passwordAuth_45.java	166
/home/hyeonji/java-vuln-detection/slicing/output/CPG/cwe319_cpg/cwe319-209-cpg-resolved.bin	tc209_flow1	CWE319_Cleartext_Tx_Sensitive_Info__connect_tcp_passwordAuth_51a.java	50	CWE319_Cleartext_Tx_Sensitive_Info__connect_tcp_passwordAuth_51b.java	35
/home/hyeonji/java-vuln-detection/slicing/output/CPG/cwe319_cpg/cwe319-209-cpg-resolved.bin	tc209_flow2	CWE319_Cleartext_Tx_Sensitive_Info__connect_tcp_passwordAuth_51a.java	142	CWE319_Cleartext_Tx_Sensitive_Info__connect_tcp_passwordAuth_51b.java	61
/home/hyeonji/java-vuln-detection/slicing/output/CPG/cwe319_cpg/cwe319-210-cpg-resolved.bin	tc210_flow1	CWE319_Cleartext_Tx_Sensitive_Info__connect_tcp_passwordAuth_52a.java	50	CWE319_Cleartext_Tx_Sensitive_Info__connect_tcp_passwordAuth_52c.java	35
/home/hyeonji/java-vuln-detection/slicing/output/CPG/cwe319_cpg/cwe319-210-cpg-resolved.bin	tc210_flow2	CWE319_Cleartext_Tx_Sensitive_Info__connect_tcp_passwordAuth_52a.java	142	CWE319_Cleartext_Tx_Sensitive_Info__connect_tcp_passwordAuth_52c.java	61
/home/hyeonji/java-vuln-detection/slicing/output/CPG/cwe319_cpg/cwe319-211-cpg-resolved.bin	tc211_flow1	CWE319_Cleartext_Tx_Sensitive_Info__connect_tcp_passwordAuth_53a.java	50	CWE319_Cleartext_Tx_Sensitive_Info__connect_tcp_passwordAuth_53d.java	35
/home/hyeonji/java-vuln-detection/slicing/output/CPG/cwe319_cpg/cwe319-211-cpg-resolved.bin	tc211_flow2	CWE319_Cleartext_Tx_Sensitive_Info__connect_tcp_passwordAuth_53a.java	142	CWE319_Cleartext_Tx_Sensitive_Info__connect_tcp_passwordAuth_53d.java	61
/home/hyeonji/java-vuln-detection/slicing/output/CPG/cwe319_cpg/cwe319-212-cpg-resolved.bin	tc212_flow1	CWE319_Cleartext_Tx_Sensitive_Info__connect_tcp_passwordAuth_54a.java	50	CWE319_Cleartext_Tx_Sensitive_Info__connect_tcp_passwordAuth_54e.java	35
/home/hyeonji/java-vuln-detection/slicing/output/CPG/cwe319_cpg/cwe319-212-cpg-resolved.bin	tc212_flow2	CWE319_Cleartext_Tx_Sensitive_Info__connect_tcp_passwordAuth_54a.java	142	CWE319_Cleartext_Tx_Sensitive_Info__connect_tcp_passwordAuth_54e.java	61
/home/hyeonji/java-vuln-detection/slicing/output/CPG/cwe319_cpg/cwe319-213-cpg-resolved.bin	tc213_flow1	CWE319_Cleartext_Tx_Sensitive_Info__connect_tcp_passwordAuth_61b.java	50	CWE319_Cleartext_Tx_Sensitive_Info__connect_tcp_passwordAuth_61a.java	36
/home/hyeonji/java-vuln-detection/slicing/output/CPG/cwe319_cpg/cwe319-213-cpg-resolved.bin	tc213_flow2	CWE319_Cleartext_Tx_Sensitive_Info__connect_tcp_passwordAuth_61b.java	136	CWE319_Cleartext_Tx_Sensitive_Info__connect_tcp_passwordAuth_61a.java	70
/home/hyeonji/java-vuln-detection/slicing/output/CPG/cwe319_cpg/cwe319-214-cpg-resolved.bin	tc214_flow1	CWE319_Cleartext_Tx_Sensitive_Info__connect_tcp_passwordAuth_66a.java	50	CWE319_Cleartext_Tx_Sensitive_Info__connect_tcp_passwordAuth_66b.java	36
/home/hyeonji/java-vuln-detection/slicing/output/CPG/cwe319_cpg/cwe319-214-cpg-resolved.bin	tc214_flow2	CWE319_Cleartext_Tx_Sensitive_Info__connect_tcp_passwordAuth_66a.java	146	CWE319_Cleartext_Tx_Sensitive_Info__connect_tcp_passwordAuth_66b.java	64
/home/hyeonji/java-vuln-detection/slicing/output/CPG/cwe319_cpg/cwe319-215-cpg-resolved.bin	tc215_flow1	CWE319_Cleartext_Tx_Sensitive_Info__connect_tcp_passwordAuth_67a.java	55	CWE319_Cleartext_Tx_Sensitive_Info__connect_tcp_passwordAuth_67b.java	36
/home/hyeonji/java-vuln-detection/slicing/output/CPG/cwe319_cpg/cwe319-215-cpg-resolved.bin	tc215_flow2	CWE319_Cleartext_Tx_Sensitive_Info__connect_tcp_passwordAuth_67a.java	151	CWE319_Cleartext_Tx_Sensitive_Info__connect_tcp_passwordAuth_67b.java	64
/home/hyeonji/java-vuln-detection/slicing/output/CPG/cwe319_cpg/cwe319-216-cpg-resolved.bin	tc216_flow1	CWE319_Cleartext_Tx_Sensitive_Info__connect_tcp_passwordAuth_68a.java	51	CWE319_Cleartext_Tx_Sensitive_Info__connect_tcp_passwordAuth_68b.java	36
/home/hyeonji/java-vuln-detection/slicing/output/CPG/cwe319_cpg/cwe319-216-cpg-resolved.bin	tc216_flow2	CWE319_Cleartext_Tx_Sensitive_Info__connect_tcp_passwordAuth_68a.java	141	CWE319_Cleartext_Tx_Sensitive_Info__connect_tcp_passwordAuth_68b.java	64
/home/hyeonji/java-vuln-detection/slicing/output/CPG/cwe319_cpg/cwe319-217-cpg-resolved.bin	tc217_flow1	CWE319_Cleartext_Tx_Sensitive_Info__connect_tcp_passwordAuth_71a.java	50	CWE319_Cleartext_Tx_Sensitive_Info__connect_tcp_passwordAuth_71b.java	36
/home/hyeonji/java-vuln-detection/slicing/output/CPG/cwe319_cpg/cwe319-217-cpg-resolved.bin	tc217_flow2	CWE319_Cleartext_Tx_Sensitive_Info__connect_tcp_passwordAuth_71a.java	142	CWE319_Cleartext_Tx_Sensitive_Info__connect_tcp_passwordAuth_71b.java	64
/home/hyeonji/java-vuln-detection/slicing/output/CPG/cwe319_cpg/cwe319-218-cpg-resolved.bin	tc218_flow1	CWE319_Cleartext_Tx_Sensitive_Info__connect_tcp_passwordAuth_72a.java	51	CWE319_Cleartext_Tx_Sensitive_Info__connect_tcp_passwordAuth_72b.java	37
/home/hyeonji/java-vuln-detection/slicing/output/CPG/cwe319_cpg/cwe319-218-cpg-resolved.bin	tc218_flow2	CWE319_Cleartext_Tx_Sensitive_Info__connect_tcp_passwordAuth_72a.java	151	CWE319_Cleartext_Tx_Sensitive_Info__connect_tcp_passwordAuth_72b.java	65
/home/hyeonji/java-vuln-detection/slicing/output/CPG/cwe319_cpg/cwe319-219-cpg-resolved.bin	tc219_flow1	CWE319_Cleartext_Tx_Sensitive_Info__connect_tcp_passwordAuth_73a.java	51	CWE319_Cleartext_Tx_Sensitive_Info__connect_tcp_passwordAuth_73b.java	37
/home/hyeonji/java-vuln-detection/slicing/output/CPG/cwe319_cpg/cwe319-219-cpg-resolved.bin	tc219_flow2	CWE319_Cleartext_Tx_Sensitive_Info__connect_tcp_passwordAuth_73a.java	151	CWE319_Cleartext_Tx_Sensitive_Info__connect_tcp_passwordAuth_73b.java	65
/home/hyeonji/java-vuln-detection/slicing/output/CPG/cwe319_cpg/cwe319-220-cpg-resolved.bin	tc220_flow1	CWE319_Cleartext_Tx_Sensitive_Info__connect_tcp_passwordAuth_74a.java	51	CWE319_Cleartext_Tx_Sensitive_Info__connect_tcp_passwordAuth_74b.java	37
/home/hyeonji/java-vuln-detection/slicing/output/CPG/cwe319_cpg/cwe319-220-cpg-resolved.bin	tc220_flow2	CWE319_Cleartext_Tx_Sensitive_Info__connect_tcp_passwordAuth_74a.java	151	CWE319_Cleartext_Tx_Sensitive_Info__connect_tcp_passwordAuth_74b.java	65
/home/hyeonji/java-vuln-detection/slicing/output/CPG/cwe319_cpg/cwe319-221-cpg-resolved.bin	tc221_flow1	CWE319_Cleartext_Tx_Sensitive_Info__connect_tcp_passwordAuth_75a.java	53	CWE319_Cleartext_Tx_Sensitive_Info__connect_tcp_passwordAuth_75b.java	48
/home/hyeonji/java-vuln-detection/slicing/output/CPG/cwe319_cpg/cwe319-221-cpg-resolved.bin	tc221_flow2	CWE319_Cleartext_Tx_Sensitive_Info__connect_tcp_passwordAuth_75a.java	229	CWE319_Cleartext_Tx_Sensitive_Info__connect_tcp_passwordAuth_75b.java	163
/home/hyeonji/java-vuln-detection/slicing/output/CPG/cwe319_cpg/cwe319-222-cpg-resolved.bin	tc222_flow1	CWE319_Cleartext_Tx_Sensitive_Info__connect_tcp_passwordAuth_81a.java	50	CWE319_Cleartext_Tx_Sensitive_Info__connect_tcp_passwordAuth_81_bad.java	35
/home/hyeonji/java-vuln-detection/slicing/output/CPG/cwe319_cpg/cwe319-222-cpg-resolved.bin	tc222_flow2	CWE319_Cleartext_Tx_Sensitive_Info__connect_tcp_passwordAuth_81a.java	144	CWE319_Cleartext_Tx_Sensitive_Info__connect_tcp_passwordAuth_81_goodB2G.java	35
/home/hyeonji/java-vuln-detection/slicing/output/CPG/cwe319_cpg/cwe319-223-cpg-resolved.bin	tc223_flow1	CWE319_Cleartext_Tx_Sensitive_Info__listen_tcp_driverManager_01.java	62	CWE319_Cleartext_Tx_Sensitive_Info__listen_tcp_driverManager_01.java	128
/home/hyeonji/java-vuln-detection/slicing/output/CPG/cwe319_cpg/cwe319-224-cpg-resolved.bin	tc224_flow1	CWE319_Cleartext_Tx_Sensitive_Info__listen_tcp_driverManager_02.java	59	CWE319_Cleartext_Tx_Sensitive_Info__listen_tcp_driverManager_02.java	134
/home/hyeonji/java-vuln-detection/slicing/output/CPG/cwe319_cpg/cwe319-225-cpg-resolved.bin	tc225_flow1	CWE319_Cleartext_Tx_Sensitive_Info__listen_tcp_driverManager_03.java	59	CWE319_Cleartext_Tx_Sensitive_Info__listen_tcp_driverManager_03.java	134
/home/hyeonji/java-vuln-detection/slicing/output/CPG/cwe319_cpg/cwe319-226-cpg-resolved.bin	tc226_flow1	CWE319_Cleartext_Tx_Sensitive_Info__listen_tcp_driverManager_04.java	66	CWE319_Cleartext_Tx_Sensitive_Info__listen_tcp_driverManager_04.java	141
/home/hyeonji/java-vuln-detection/slicing/output/CPG/cwe319_cpg/cwe319-227-cpg-resolved.bin	tc227_flow1	CWE319_Cleartext_Tx_Sensitive_Info__listen_tcp_driverManager_05.java	66	CWE319_Cleartext_Tx_Sensitive_Info__listen_tcp_driverManager_05.java	141
/home/hyeonji/java-vuln-detection/slicing/output/CPG/cwe319_cpg/cwe319-228-cpg-resolved.bin	tc228_flow1	CWE319_Cleartext_Tx_Sensitive_Info__listen_tcp_driverManager_06.java	64	CWE319_Cleartext_Tx_Sensitive_Info__listen_tcp_driverManager_06.java	139
/home/hyeonji/java-vuln-detection/slicing/output/CPG/cwe319_cpg/cwe319-229-cpg-resolved.bin	tc229_flow1	CWE319_Cleartext_Tx_Sensitive_Info__listen_tcp_driverManager_07.java	64	CWE319_Cleartext_Tx_Sensitive_Info__listen_tcp_driverManager_07.java	139
/home/hyeonji/java-vuln-detection/slicing/output/CPG/cwe319_cpg/cwe319-230-cpg-resolved.bin	tc230_flow1	CWE319_Cleartext_Tx_Sensitive_Info__listen_tcp_driverManager_08.java	72	CWE319_Cleartext_Tx_Sensitive_Info__listen_tcp_driverManager_08.java	147
/home/hyeonji/java-vuln-detection/slicing/output/CPG/cwe319_cpg/cwe319-231-cpg-resolved.bin	tc231_flow1	CWE319_Cleartext_Tx_Sensitive_Info__listen_tcp_driverManager_09.java	59	CWE319_Cleartext_Tx_Sensitive_Info__listen_tcp_driverManager_09.java	134
/home/hyeonji/java-vuln-detection/slicing/output/CPG/cwe319_cpg/cwe319-232-cpg-resolved.bin	tc232_flow1	CWE319_Cleartext_Tx_Sensitive_Info__listen_tcp_driverManager_10.java	59	CWE319_Cleartext_Tx_Sensitive_Info__listen_tcp_driverManager_10.java	134
/home/hyeonji/java-vuln-detection/slicing/output/CPG/cwe319_cpg/cwe319-233-cpg-resolved.bin	tc233_flow1	CWE319_Cleartext_Tx_Sensitive_Info__listen_tcp_driverManager_11.java	59	CWE319_Cleartext_Tx_Sensitive_Info__listen_tcp_driverManager_11.java	134
/home/hyeonji/java-vuln-detection/slicing/output/CPG/cwe319_cpg/cwe319-234-cpg-resolved.bin	tc234_flow1	CWE319_Cleartext_Tx_Sensitive_Info__listen_tcp_driverManager_12.java	59	CWE319_Cleartext_Tx_Sensitive_Info__listen_tcp_driverManager_12.java	202
/home/hyeonji/java-vuln-detection/slicing/output/CPG/cwe319_cpg/cwe319-235-cpg-resolved.bin	tc235_flow1	CWE319_Cleartext_Tx_Sensitive_Info__listen_tcp_driverManager_13.java	59	CWE319_Cleartext_Tx_Sensitive_Info__listen_tcp_driverManager_13.java	134
/home/hyeonji/java-vuln-detection/slicing/output/CPG/cwe319_cpg/cwe319-236-cpg-resolved.bin	tc236_flow1	CWE319_Cleartext_Tx_Sensitive_Info__listen_tcp_driverManager_14.java	59	CWE319_Cleartext_Tx_Sensitive_Info__listen_tcp_driverManager_14.java	134
/home/hyeonji/java-vuln-detection/slicing/output/CPG/cwe319_cpg/cwe319-237-cpg-resolved.bin	tc237_flow1	CWE319_Cleartext_Tx_Sensitive_Info__listen_tcp_driverManager_15.java	61	CWE319_Cleartext_Tx_Sensitive_Info__listen_tcp_driverManager_15.java	137
/home/hyeonji/java-vuln-detection/slicing/output/CPG/cwe319_cpg/cwe319-238-cpg-resolved.bin	tc238_flow1	CWE319_Cleartext_Tx_Sensitive_Info__listen_tcp_driverManager_16.java	60	CWE319_Cleartext_Tx_Sensitive_Info__listen_tcp_driverManager_16.java	130
/home/hyeonji/java-vuln-detection/slicing/output/CPG/cwe319_cpg/cwe319-239-cpg-resolved.bin	tc239_flow1	CWE319_Cleartext_Tx_Sensitive_Info__listen_tcp_driverManager_17.java	67	CWE319_Cleartext_Tx_Sensitive_Info__listen_tcp_driverManager_17.java	135
/home/hyeonji/java-vuln-detection/slicing/output/CPG/cwe319_cpg/cwe319-240-cpg-resolved.bin	tc240_flow1	CWE319_Cleartext_Tx_Sensitive_Info__listen_tcp_driverManager_21.java	65	CWE319_Cleartext_Tx_Sensitive_Info__listen_tcp_driverManager_21.java	139
/home/hyeonji/java-vuln-detection/slicing/output/CPG/cwe319_cpg/cwe319-241-cpg-resolved.bin	tc241_flow1	CWE319_Cleartext_Tx_Sensitive_Info__listen_tcp_driverManager_22a.java	59	CWE319_Cleartext_Tx_Sensitive_Info__listen_tcp_driverManager_22b.java	42
/home/hyeonji/java-vuln-detection/slicing/output/CPG/cwe319_cpg/cwe319-242-cpg-resolved.bin	tc242_flow1	CWE319_Cleartext_Tx_Sensitive_Info__listen_tcp_driverManager_31.java	64	CWE319_Cleartext_Tx_Sensitive_Info__listen_tcp_driverManager_31.java	135
/home/hyeonji/java-vuln-detection/slicing/output/CPG/cwe319_cpg/cwe319-243-cpg-resolved.bin	tc243_flow1	CWE319_Cleartext_Tx_Sensitive_Info__listen_tcp_driverManager_41.java	120	CWE319_Cleartext_Tx_Sensitive_Info__listen_tcp_driverManager_41.java	48
/home/hyeonji/java-vuln-detection/slicing/output/CPG/cwe319_cpg/cwe319-244-cpg-resolved.bin	tc244_flow1	CWE319_Cleartext_Tx_Sensitive_Info__listen_tcp_driverManager_42.java	62	CWE319_Cleartext_Tx_Sensitive_Info__listen_tcp_driverManager_42.java	135
/home/hyeonji/java-vuln-detection/slicing/output/CPG/cwe319_cpg/cwe319-245-cpg-resolved.bin	tc245_flow1	CWE319_Cleartext_Tx_Sensitive_Info__listen_tcp_driverManager_45.java	125	CWE319_Cleartext_Tx_Sensitive_Info__listen_tcp_driverManager_45.java	53
/home/hyeonji/java-vuln-detection/slicing/output/CPG/cwe319_cpg/cwe319-246-cpg-resolved.bin	tc246_flow1	CWE319_Cleartext_Tx_Sensitive_Info__listen_tcp_driverManager_51a.java	55	CWE319_Cleartext_Tx_Sensitive_Info__listen_tcp_driverManager_51b.java	41
/home/hyeonji/java-vuln-detection/slicing/output/CPG/cwe319_cpg/cwe319-247-cpg-resolved.bin	tc247_flow1	CWE319_Cleartext_Tx_Sensitive_Info__listen_tcp_driverManager_52a.java	55	CWE319_Cleartext_Tx_Sensitive_Info__listen_tcp_driverManager_52c.java	41
/home/hyeonji/java-vuln-detection/slicing/output/CPG/cwe319_cpg/cwe319-248-cpg-resolved.bin	tc248_flow1	CWE319_Cleartext_Tx_Sensitive_Info__listen_tcp_driverManager_53a.java	55	CWE319_Cleartext_Tx_Sensitive_Info__listen_tcp_driverManager_53d.java	41
/home/hyeonji/java-vuln-detection/slicing/output/CPG/cwe319_cpg/cwe319-249-cpg-resolved.bin	tc249_flow1	CWE319_Cleartext_Tx_Sensitive_Info__listen_tcp_driverManager_54a.java	55	CWE319_Cleartext_Tx_Sensitive_Info__listen_tcp_driverManager_54e.java	41
/home/hyeonji/java-vuln-detection/slicing/output/CPG/cwe319_cpg/cwe319-250-cpg-resolved.bin	tc250_flow1	CWE319_Cleartext_Tx_Sensitive_Info__listen_tcp_driverManager_61b.java	55	CWE319_Cleartext_Tx_Sensitive_Info__listen_tcp_driverManager_61a.java	42
/home/hyeonji/java-vuln-detection/slicing/output/CPG/cwe319_cpg/cwe319-251-cpg-resolved.bin	tc251_flow1	CWE319_Cleartext_Tx_Sensitive_Info__listen_tcp_driverManager_66a.java	55	CWE319_Cleartext_Tx_Sensitive_Info__listen_tcp_driverManager_66b.java	42
/home/hyeonji/java-vuln-detection/slicing/output/CPG/cwe319_cpg/cwe319-252-cpg-resolved.bin	tc252_flow1	CWE319_Cleartext_Tx_Sensitive_Info__listen_tcp_driverManager_67a.java	60	CWE319_Cleartext_Tx_Sensitive_Info__listen_tcp_driverManager_67b.java	42
/home/hyeonji/java-vuln-detection/slicing/output/CPG/cwe319_cpg/cwe319-253-cpg-resolved.bin	tc253_flow1	CWE319_Cleartext_Tx_Sensitive_Info__listen_tcp_driverManager_68a.java	56	CWE319_Cleartext_Tx_Sensitive_Info__listen_tcp_driverManager_68b.java	42
/home/hyeonji/java-vuln-detection/slicing/output/CPG/cwe319_cpg/cwe319-254-cpg-resolved.bin	tc254_flow1	CWE319_Cleartext_Tx_Sensitive_Info__listen_tcp_driverManager_71a.java	55	CWE319_Cleartext_Tx_Sensitive_Info__listen_tcp_driverManager_71b.java	42
/home/hyeonji/java-vuln-detection/slicing/output/CPG/cwe319_cpg/cwe319-255-cpg-resolved.bin	tc255_flow1	CWE319_Cleartext_Tx_Sensitive_Info__listen_tcp_driverManager_72a.java	56	CWE319_Cleartext_Tx_Sensitive_Info__listen_tcp_driverManager_72b.java	43
/home/hyeonji/java-vuln-detection/slicing/output/CPG/cwe319_cpg/cwe319-256-cpg-resolved.bin	tc256_flow1	CWE319_Cleartext_Tx_Sensitive_Info__listen_tcp_driverManager_73a.java	56	CWE319_Cleartext_Tx_Sensitive_Info__listen_tcp_driverManager_73b.java	43
/home/hyeonji/java-vuln-detection/slicing/output/CPG/cwe319_cpg/cwe319-257-cpg-resolved.bin	tc257_flow1	CWE319_Cleartext_Tx_Sensitive_Info__listen_tcp_driverManager_74a.java	56	CWE319_Cleartext_Tx_Sensitive_Info__listen_tcp_driverManager_74b.java	43
/home/hyeonji/java-vuln-detection/slicing/output/CPG/cwe319_cpg/cwe319-258-cpg-resolved.bin	tc258_flow1	CWE319_Cleartext_Tx_Sensitive_Info__listen_tcp_driverManager_75a.java	58	CWE319_Cleartext_Tx_Sensitive_Info__listen_tcp_driverManager_75b.java	53
/home/hyeonji/java-vuln-detection/slicing/output/CPG/cwe319_cpg/cwe319-259-cpg-resolved.bin	tc259_flow1	CWE319_Cleartext_Tx_Sensitive_Info__listen_tcp_driverManager_81a.java	55	CWE319_Cleartext_Tx_Sensitive_Info__listen_tcp_driverManager_81_bad.java	41
/home/hyeonji/java-vuln-detection/slicing/output/CPG/cwe319_cpg/cwe319-260-cpg-resolved.bin	tc260_flow1	CWE319_Cleartext_Tx_Sensitive_Info__listen_tcp_kerberosKey_01.java	62	CWE319_Cleartext_Tx_Sensitive_Info__listen_tcp_kerberosKey_01.java	126
/home/hyeonji/java-vuln-detection/slicing/output/CPG/cwe319_cpg/cwe319-260-cpg-resolved.bin	tc260_flow2	CWE319_Cleartext_Tx_Sensitive_Info__listen_tcp_kerberosKey_01.java	181	CWE319_Cleartext_Tx_Sensitive_Info__listen_tcp_kerberosKey_01.java	245
/home/hyeonji/java-vuln-detection/slicing/output/CPG/cwe319_cpg/cwe319-261-cpg-resolved.bin	tc261_flow1	CWE319_Cleartext_Tx_Sensitive_Info__listen_tcp_kerberosKey_02.java	59	CWE319_Cleartext_Tx_Sensitive_Info__listen_tcp_kerberosKey_02.java	132
/home/hyeonji/java-vuln-detection/slicing/output/CPG/cwe319_cpg/cwe319-261-cpg-resolved.bin	tc261_flow2	CWE319_Cleartext_Tx_Sensitive_Info__listen_tcp_kerberosKey_02.java	219	CWE319_Cleartext_Tx_Sensitive_Info__listen_tcp_kerberosKey_02.java	298
/home/hyeonji/java-vuln-detection/slicing/output/CPG/cwe319_cpg/cwe319-261-cpg-resolved.bin	tc261_flow3	CWE319_Cleartext_Tx_Sensitive_Info__listen_tcp_kerberosKey_02.java	333	CWE319_Cleartext_Tx_Sensitive_Info__listen_tcp_kerberosKey_02.java	406
/home/hyeonji/java-vuln-detection/slicing/output/CPG/cwe319_cpg/cwe319-262-cpg-resolved.bin	tc262_flow1	CWE319_Cleartext_Tx_Sensitive_Info__listen_tcp_kerberosKey_03.java	59	CWE319_Cleartext_Tx_Sensitive_Info__listen_tcp_kerberosKey_03.java	132
/home/hyeonji/java-vuln-detection/slicing/output/CPG/cwe319_cpg/cwe319-262-cpg-resolved.bin	tc262_flow2	CWE319_Cleartext_Tx_Sensitive_Info__listen_tcp_kerberosKey_03.java	219	CWE319_Cleartext_Tx_Sensitive_Info__listen_tcp_kerberosKey_03.java	298
/home/hyeonji/java-vuln-detection/slicing/output/CPG/cwe319_cpg/cwe319-262-cpg-resolved.bin	tc262_flow3	CWE319_Cleartext_Tx_Sensitive_Info__listen_tcp_kerberosKey_03.java	333	CWE319_Cleartext_Tx_Sensitive_Info__listen_tcp_kerberosKey_03.java	406
/home/hyeonji/java-vuln-detection/slicing/output/CPG/cwe319_cpg/cwe319-263-cpg-resolved.bin	tc263_flow1	CWE319_Cleartext_Tx_Sensitive_Info__listen_tcp_kerberosKey_04.java	66	CWE319_Cleartext_Tx_Sensitive_Info__listen_tcp_kerberosKey_04.java	139
/home/hyeonji/java-vuln-detection/slicing/output/CPG/cwe319_cpg/cwe319-263-cpg-resolved.bin	tc263_flow2	CWE319_Cleartext_Tx_Sensitive_Info__listen_tcp_kerberosKey_04.java	226	CWE319_Cleartext_Tx_Sensitive_Info__listen_tcp_kerberosKey_04.java	305
/home/hyeonji/java-vuln-detection/slicing/output/CPG/cwe319_cpg/cwe319-263-cpg-resolved.bin	tc263_flow3	CWE319_Cleartext_Tx_Sensitive_Info__listen_tcp_kerberosKey_04.java	340	CWE319_Cleartext_Tx_Sensitive_Info__listen_tcp_kerberosKey_04.java	413
/home/hyeonji/java-vuln-detection/slicing/output/CPG/cwe319_cpg/cwe319-264-cpg-resolved.bin	tc264_flow1	CWE319_Cleartext_Tx_Sensitive_Info__listen_tcp_kerberosKey_05.java	66	CWE319_Cleartext_Tx_Sensitive_Info__listen_tcp_kerberosKey_05.java	139
/home/hyeonji/java-vuln-detection/slicing/output/CPG/cwe319_cpg/cwe319-264-cpg-resolved.bin	tc264_flow2	CWE319_Cleartext_Tx_Sensitive_Info__listen_tcp_kerberosKey_05.java	227	CWE319_Cleartext_Tx_Sensitive_Info__listen_tcp_kerberosKey_05.java	306
/home/hyeonji/java-vuln-detection/slicing/output/CPG/cwe319_cpg/cwe319-264-cpg-resolved.bin	tc264_flow3	CWE319_Cleartext_Tx_Sensitive_Info__listen_tcp_kerberosKey_05.java	341	CWE319_Cleartext_Tx_Sensitive_Info__listen_tcp_kerberosKey_05.java	414
/home/hyeonji/java-vuln-detection/slicing/output/CPG/cwe319_cpg/cwe319-265-cpg-resolved.bin	tc265_flow1	CWE319_Cleartext_Tx_Sensitive_Info__listen_tcp_kerberosKey_06.java	64	CWE319_Cleartext_Tx_Sensitive_Info__listen_tcp_kerberosKey_06.java	137
/home/hyeonji/java-vuln-detection/slicing/output/CPG/cwe319_cpg/cwe319-265-cpg-resolved.bin	tc265_flow2	CWE319_Cleartext_Tx_Sensitive_Info__listen_tcp_kerberosKey_06.java	224	CWE319_Cleartext_Tx_Sensitive_Info__listen_tcp_kerberosKey_06.java	303
/home/hyeonji/java-vuln-detection/slicing/output/CPG/cwe319_cpg/cwe319-265-cpg-resolved.bin	tc265_flow3	CWE319_Cleartext_Tx_Sensitive_Info__listen_tcp_kerberosKey_06.java	338	CWE319_Cleartext_Tx_Sensitive_Info__listen_tcp_kerberosKey_06.java	411
/home/hyeonji/java-vuln-detection/slicing/output/CPG/cwe319_cpg/cwe319-266-cpg-resolved.bin	tc266_flow1	CWE319_Cleartext_Tx_Sensitive_Info__listen_tcp_kerberosKey_07.java	64	CWE319_Cleartext_Tx_Sensitive_Info__listen_tcp_kerberosKey_07.java	137
/home/hyeonji/java-vuln-detection/slicing/output/CPG/cwe319_cpg/cwe319-266-cpg-resolved.bin	tc266_flow2	CWE319_Cleartext_Tx_Sensitive_Info__listen_tcp_kerberosKey_07.java	224	CWE319_Cleartext_Tx_Sensitive_Info__listen_tcp_kerberosKey_07.java	303
/home/hyeonji/java-vuln-detection/slicing/output/CPG/cwe319_cpg/cwe319-266-cpg-resolved.bin	tc266_flow3	CWE319_Cleartext_Tx_Sensitive_Info__listen_tcp_kerberosKey_07.java	338	CWE319_Cleartext_Tx_Sensitive_Info__listen_tcp_kerberosKey_07.java	411
/home/hyeonji/java-vuln-detection/slicing/output/CPG/cwe319_cpg/cwe319-267-cpg-resolved.bin	tc267_flow1	CWE319_Cleartext_Tx_Sensitive_Info__listen_tcp_kerberosKey_08.java	72	CWE319_Cleartext_Tx_Sensitive_Info__listen_tcp_kerberosKey_08.java	145
/home/hyeonji/java-vuln-detection/slicing/output/CPG/cwe319_cpg/cwe319-267-cpg-resolved.bin	tc267_flow2	CWE319_Cleartext_Tx_Sensitive_Info__listen_tcp_kerberosKey_08.java	232	CWE319_Cleartext_Tx_Sensitive_Info__listen_tcp_kerberosKey_08.java	311
/home/hyeonji/java-vuln-detection/slicing/output/CPG/cwe319_cpg/cwe319-267-cpg-resolved.bin	tc267_flow3	CWE319_Cleartext_Tx_Sensitive_Info__listen_tcp_kerberosKey_08.java	346	CWE319_Cleartext_Tx_Sensitive_Info__listen_tcp_kerberosKey_08.java	419
/home/hyeonji/java-vuln-detection/slicing/output/CPG/cwe319_cpg/cwe319-268-cpg-resolved.bin	tc268_flow1	CWE319_Cleartext_Tx_Sensitive_Info__listen_tcp_kerberosKey_09.java	59	CWE319_Cleartext_Tx_Sensitive_Info__listen_tcp_kerberosKey_09.java	132
/home/hyeonji/java-vuln-detection/slicing/output/CPG/cwe319_cpg/cwe319-268-cpg-resolved.bin	tc268_flow2	CWE319_Cleartext_Tx_Sensitive_Info__listen_tcp_kerberosKey_09.java	219	CWE319_Cleartext_Tx_Sensitive_Info__listen_tcp_kerberosKey_09.java	298
/home/hyeonji/java-vuln-detection/slicing/output/CPG/cwe319_cpg/cwe319-268-cpg-resolved.bin	tc268_flow3	CWE319_Cleartext_Tx_Sensitive_Info__listen_tcp_kerberosKey_09.java	333	CWE319_Cleartext_Tx_Sensitive_Info__listen_tcp_kerberosKey_09.java	406
/home/hyeonji/java-vuln-detection/slicing/output/CPG/cwe319_cpg/cwe319-269-cpg-resolved.bin	tc269_flow1	CWE319_Cleartext_Tx_Sensitive_Info__listen_tcp_kerberosKey_10.java	59	CWE319_Cleartext_Tx_Sensitive_Info__listen_tcp_kerberosKey_10.java	132
/home/hyeonji/java-vuln-detection/slicing/output/CPG/cwe319_cpg/cwe319-269-cpg-resolved.bin	tc269_flow2	CWE319_Cleartext_Tx_Sensitive_Info__listen_tcp_kerberosKey_10.java	219	CWE319_Cleartext_Tx_Sensitive_Info__listen_tcp_kerberosKey_10.java	298
/home/hyeonji/java-vuln-detection/slicing/output/CPG/cwe319_cpg/cwe319-269-cpg-resolved.bin	tc269_flow3	CWE319_Cleartext_Tx_Sensitive_Info__listen_tcp_kerberosKey_10.java	333	CWE319_Cleartext_Tx_Sensitive_Info__listen_tcp_kerberosKey_10.java	406
/home/hyeonji/java-vuln-detection/slicing/output/CPG/cwe319_cpg/cwe319-270-cpg-resolved.bin	tc270_flow1	CWE319_Cleartext_Tx_Sensitive_Info__listen_tcp_kerberosKey_11.java	59	CWE319_Cleartext_Tx_Sensitive_Info__listen_tcp_kerberosKey_11.java	132
/home/hyeonji/java-vuln-detection/slicing/output/CPG/cwe319_cpg/cwe319-270-cpg-resolved.bin	tc270_flow2	CWE319_Cleartext_Tx_Sensitive_Info__listen_tcp_kerberosKey_11.java	220	CWE319_Cleartext_Tx_Sensitive_Info__listen_tcp_kerberosKey_11.java	299
/home/hyeonji/java-vuln-detection/slicing/output/CPG/cwe319_cpg/cwe319-270-cpg-resolved.bin	tc270_flow3	CWE319_Cleartext_Tx_Sensitive_Info__listen_tcp_kerberosKey_11.java	334	CWE319_Cleartext_Tx_Sensitive_Info__listen_tcp_kerberosKey_11.java	407
/home/hyeonji/java-vuln-detection/slicing/output/CPG/cwe319_cpg/cwe319-271-cpg-resolved.bin	tc271_flow2	CWE319_Cleartext_Tx_Sensitive_Info__listen_tcp_kerberosKey_12.java	225	CWE319_Cleartext_Tx_Sensitive_Info__listen_tcp_kerberosKey_12.java	393
/home/hyeonji/java-vuln-detection/slicing/output/CPG/cwe319_cpg/cwe319-272-cpg-resolved.bin	tc272_flow1	CWE319_Cleartext_Tx_Sensitive_Info__listen_tcp_kerberosKey_13.java	59	CWE319_Cleartext_Tx_Sensitive_Info__listen_tcp_kerberosKey_13.java	132
/home/hyeonji/java-vuln-detection/slicing/output/CPG/cwe319_cpg/cwe319-272-cpg-resolved.bin	tc272_flow2	CWE319_Cleartext_Tx_Sensitive_Info__listen_tcp_kerberosKey_13.java	219	CWE319_Cleartext_Tx_Sensitive_Info__listen_tcp_kerberosKey_13.java	298
/home/hyeonji/java-vuln-detection/slicing/output/CPG/cwe319_cpg/cwe319-272-cpg-resolved.bin	tc272_flow3	CWE319_Cleartext_Tx_Sensitive_Info__listen_tcp_kerberosKey_13.java	333	CWE319_Cleartext_Tx_Sensitive_Info__listen_tcp_kerberosKey_13.java	406
/home/hyeonji/java-vuln-detection/slicing/output/CPG/cwe319_cpg/cwe319-273-cpg-resolved.bin	tc273_flow1	CWE319_Cleartext_Tx_Sensitive_Info__listen_tcp_kerberosKey_14.java	59	CWE319_Cleartext_Tx_Sensitive_Info__listen_tcp_kerberosKey_14.java	132
/home/hyeonji/java-vuln-detection/slicing/output/CPG/cwe319_cpg/cwe319-273-cpg-resolved.bin	tc273_flow2	CWE319_Cleartext_Tx_Sensitive_Info__listen_tcp_kerberosKey_14.java	219	CWE319_Cleartext_Tx_Sensitive_Info__listen_tcp_kerberosKey_14.java	298
/home/hyeonji/java-vuln-detection/slicing/output/CPG/cwe319_cpg/cwe319-273-cpg-resolved.bin	tc273_flow3	CWE319_Cleartext_Tx_Sensitive_Info__listen_tcp_kerberosKey_14.java	333	CWE319_Cleartext_Tx_Sensitive_Info__listen_tcp_kerberosKey_14.java	406
/home/hyeonji/java-vuln-detection/slicing/output/CPG/cwe319_cpg/cwe319-274-cpg-resolved.bin	tc274_flow1	CWE319_Cleartext_Tx_Sensitive_Info__listen_tcp_kerberosKey_15.java	61	CWE319_Cleartext_Tx_Sensitive_Info__listen_tcp_kerberosKey_15.java	135
/home/hyeonji/java-vuln-detection/slicing/output/CPG/cwe319_cpg/cwe319-274-cpg-resolved.bin	tc274_flow2	CWE319_Cleartext_Tx_Sensitive_Info__listen_tcp_kerberosKey_15.java	243	CWE319_Cleartext_Tx_Sensitive_Info__listen_tcp_kerberosKey_15.java	321
/home/hyeonji/java-vuln-detection/slicing/output/CPG/cwe319_cpg/cwe319-274-cpg-resolved.bin	tc274_flow3	CWE319_Cleartext_Tx_Sensitive_Info__listen_tcp_kerberosKey_15.java	358	CWE319_Cleartext_Tx_Sensitive_Info__listen_tcp_kerberosKey_15.java	432
/home/hyeonji/java-vuln-detection/slicing/output/CPG/cwe319_cpg/cwe319-275-cpg-resolved.bin	tc275_flow1	CWE319_Cleartext_Tx_Sensitive_Info__listen_tcp_kerberosKey_16.java	60	CWE319_Cleartext_Tx_Sensitive_Info__listen_tcp_kerberosKey_16.java	128
/home/hyeonji/java-vuln-detection/slicing/output/CPG/cwe319_cpg/cwe319-275-cpg-resolved.bin	tc275_flow2	CWE319_Cleartext_Tx_Sensitive_Info__listen_tcp_kerberosKey_16.java	184	CWE319_Cleartext_Tx_Sensitive_Info__listen_tcp_kerberosKey_16.java	252
/home/hyeonji/java-vuln-detection/slicing/output/CPG/cwe319_cpg/cwe319-276-cpg-resolved.bin	tc276_flow1	CWE319_Cleartext_Tx_Sensitive_Info__listen_tcp_kerberosKey_17.java	67	CWE319_Cleartext_Tx_Sensitive_Info__listen_tcp_kerberosKey_17.java	133
/home/hyeonji/java-vuln-detection/slicing/output/CPG/cwe319_cpg/cwe319-276-cpg-resolved.bin	tc276_flow2	CWE319_Cleartext_Tx_Sensitive_Info__listen_tcp_kerberosKey_17.java	184	CWE319_Cleartext_Tx_Sensitive_Info__listen_tcp_kerberosKey_17.java	250
/home/hyeonji/java-vuln-detection/slicing/output/CPG/cwe319_cpg/cwe319-277-cpg-resolved.bin	tc277_flow1	CWE319_Cleartext_Tx_Sensitive_Info__listen_tcp_kerberosKey_21.java	65	CWE319_Cleartext_Tx_Sensitive_Info__listen_tcp_kerberosKey_21.java	137
/home/hyeonji/java-vuln-detection/slicing/output/CPG/cwe319_cpg/cwe319-277-cpg-resolved.bin	tc277_flow2	CWE319_Cleartext_Tx_Sensitive_Info__listen_tcp_kerberosKey_21.java	179	CWE319_Cleartext_Tx_Sensitive_Info__listen_tcp_kerberosKey_21.java	257
/home/hyeonji/java-vuln-detection/slicing/output/CPG/cwe319_cpg/cwe319-277-cpg-resolved.bin	tc277_flow3	CWE319_Cleartext_Tx_Sensitive_Info__listen_tcp_kerberosKey_21.java	295	CWE319_Cleartext_Tx_Sensitive_Info__listen_tcp_kerberosKey_21.java	367
/home/hyeonji/java-vuln-detection/slicing/output/CPG/cwe319_cpg/cwe319-278-cpg-resolved.bin	tc278_flow1	CWE319_Cleartext_Tx_Sensitive_Info__listen_tcp_kerberosKey_22a.java	59	CWE319_Cleartext_Tx_Sensitive_Info__listen_tcp_kerberosKey_22b.java	39
/home/hyeonji/java-vuln-detection/slicing/output/CPG/cwe319_cpg/cwe319-278-cpg-resolved.bin	tc278_flow2	CWE319_Cleartext_Tx_Sensitive_Info__listen_tcp_kerberosKey_22a.java	160	CWE319_Cleartext_Tx_Sensitive_Info__listen_tcp_kerberosKey_22b.java	67
/home/hyeonji/java-vuln-detection/slicing/output/CPG/cwe319_cpg/cwe319-278-cpg-resolved.bin	tc278_flow3	CWE319_Cleartext_Tx_Sensitive_Info__listen_tcp_kerberosKey_22a.java	248	CWE319_Cleartext_Tx_Sensitive_Info__listen_tcp_kerberosKey_22b.java	90
/home/hyeonji/java-vuln-detection/slicing/output/CPG/cwe319_cpg/cwe319-279-cpg-resolved.bin	tc279_flow1	CWE319_Cleartext_Tx_Sensitive_Info__listen_tcp_kerberosKey_31.java	64	CWE319_Cleartext_Tx_Sensitive_Info__listen_tcp_kerberosKey_31.java	133
/home/hyeonji/java-vuln-detection/slicing/output/CPG/cwe319_cpg/cwe319-279-cpg-resolved.bin	tc279_flow2	CWE319_Cleartext_Tx_Sensitive_Info__listen_tcp_kerberosKey_31.java	199	CWE319_Cleartext_Tx_Sensitive_Info__listen_tcp_kerberosKey_31.java	268
/home/hyeonji/java-vuln-detection/slicing/output/CPG/cwe319_cpg/cwe319-280-cpg-resolved.bin	tc280_flow1	CWE319_Cleartext_Tx_Sensitive_Info__listen_tcp_kerberosKey_41.java	75	CWE319_Cleartext_Tx_Sensitive_Info__listen_tcp_kerberosKey_41.java	46
/home/hyeonji/java-vuln-detection/slicing/output/CPG/cwe319_cpg/cwe319-280-cpg-resolved.bin	tc280_flow2	CWE319_Cleartext_Tx_Sensitive_Info__listen_tcp_kerberosKey_41.java	213	CWE319_Cleartext_Tx_Sensitive_Info__listen_tcp_kerberosKey_41.java	176
/home/hyeonji/java-vuln-detection/slicing/output/CPG/cwe319_cpg/cwe319-281-cpg-resolved.bin	tc281_flow1	CWE319_Cleartext_Tx_Sensitive_Info__listen_tcp_kerberosKey_42.java	62	CWE319_Cleartext_Tx_Sensitive_Info__listen_tcp_kerberosKey_42.java	133
/home/hyeonji/java-vuln-detection/slicing/output/CPG/cwe319_cpg/cwe319-281-cpg-resolved.bin	tc281_flow2	CWE319_Cleartext_Tx_Sensitive_Info__listen_tcp_kerberosKey_42.java	189	CWE319_Cleartext_Tx_Sensitive_Info__listen_tcp_kerberosKey_42.java	260
/home/hyeonji/java-vuln-detection/slicing/output/CPG/cwe319_cpg/cwe319-282-cpg-resolved.bin	tc282_flow1	CWE319_Cleartext_Tx_Sensitive_Info__listen_tcp_kerberosKey_45.java	80	CWE319_Cleartext_Tx_Sensitive_Info__listen_tcp_kerberosKey_45.java	51
/home/hyeonji/java-vuln-detection/slicing/output/CPG/cwe319_cpg/cwe319-282-cpg-resolved.bin	tc282_flow2	CWE319_Cleartext_Tx_Sensitive_Info__listen_tcp_kerberosKey_45.java	222	CWE319_Cleartext_Tx_Sensitive_Info__listen_tcp_kerberosKey_45.java	185
/home/hyeonji/java-vuln-detection/slicing/output/CPG/cwe319_cpg/cwe319-283-cpg-resolved.bin	tc283_flow1	CWE319_Cleartext_Tx_Sensitive_Info__listen_tcp_kerberosKey_51a.java	55	CWE319_Cleartext_Tx_Sensitive_Info__listen_tcp_kerberosKey_51b.java	38
/home/hyeonji/java-vuln-detection/slicing/output/CPG/cwe319_cpg/cwe319-283-cpg-resolved.bin	tc283_flow2	CWE319_Cleartext_Tx_Sensitive_Info__listen_tcp_kerberosKey_51a.java	160	CWE319_Cleartext_Tx_Sensitive_Info__listen_tcp_kerberosKey_51b.java	66
/home/hyeonji/java-vuln-detection/slicing/output/CPG/cwe319_cpg/cwe319-284-cpg-resolved.bin	tc284_flow1	CWE319_Cleartext_Tx_Sensitive_Info__listen_tcp_kerberosKey_52a.java	55	CWE319_Cleartext_Tx_Sensitive_Info__listen_tcp_kerberosKey_52c.java	38
/home/hyeonji/java-vuln-detection/slicing/output/CPG/cwe319_cpg/cwe319-284-cpg-resolved.bin	tc284_flow2	CWE319_Cleartext_Tx_Sensitive_Info__listen_tcp_kerberosKey_52a.java	160	CWE319_Cleartext_Tx_Sensitive_Info__listen_tcp_kerberosKey_52c.java	66
/home/hyeonji/java-vuln-detection/slicing/output/CPG/cwe319_cpg/cwe319-285-cpg-resolved.bin	tc285_flow1	CWE319_Cleartext_Tx_Sensitive_Info__listen_tcp_kerberosKey_53a.java	55	CWE319_Cleartext_Tx_Sensitive_Info__listen_tcp_kerberosKey_53d.java	38
/home/hyeonji/java-vuln-detection/slicing/output/CPG/cwe319_cpg/cwe319-285-cpg-resolved.bin	tc285_flow2	CWE319_Cleartext_Tx_Sensitive_Info__listen_tcp_kerberosKey_53a.java	160	CWE319_Cleartext_Tx_Sensitive_Info__listen_tcp_kerberosKey_53d.java	66
/home/hyeonji/java-vuln-detection/slicing/output/CPG/cwe319_cpg/cwe319-286-cpg-resolved.bin	tc286_flow1	CWE319_Cleartext_Tx_Sensitive_Info__listen_tcp_kerberosKey_54a.java	55	CWE319_Cleartext_Tx_Sensitive_Info__listen_tcp_kerberosKey_54e.java	38
/home/hyeonji/java-vuln-detection/slicing/output/CPG/cwe319_cpg/cwe319-286-cpg-resolved.bin	tc286_flow2	CWE319_Cleartext_Tx_Sensitive_Info__listen_tcp_kerberosKey_54a.java	160	CWE319_Cleartext_Tx_Sensitive_Info__listen_tcp_kerberosKey_54e.java	66
/home/hyeonji/java-vuln-detection/slicing/output/CPG/cwe319_cpg/cwe319-287-cpg-resolved.bin	tc287_flow1	CWE319_Cleartext_Tx_Sensitive_Info__listen_tcp_kerberosKey_61b.java	55	CWE319_Cleartext_Tx_Sensitive_Info__listen_tcp_kerberosKey_61a.java	39
/home/hyeonji/java-vuln-detection/slicing/output/CPG/cwe319_cpg/cwe319-287-cpg-resolved.bin	tc287_flow2	CWE319_Cleartext_Tx_Sensitive_Info__listen_tcp_kerberosKey_61b.java	154	CWE319_Cleartext_Tx_Sensitive_Info__listen_tcp_kerberosKey_61a.java	75
/home/hyeonji/java-vuln-detection/slicing/output/CPG/cwe319_cpg/cwe319-288-cpg-resolved.bin	tc288_flow1	CWE319_Cleartext_Tx_Sensitive_Info__listen_tcp_kerberosKey_66a.java	55	CWE319_Cleartext_Tx_Sensitive_Info__listen_tcp_kerberosKey_66b.java	39
/home/hyeonji/java-vuln-detection/slicing/output/CPG/cwe319_cpg/cwe319-288-cpg-resolved.bin	tc288_flow2	CWE319_Cleartext_Tx_Sensitive_Info__listen_tcp_kerberosKey_66a.java	164	CWE319_Cleartext_Tx_Sensitive_Info__listen_tcp_kerberosKey_66b.java	69
/home/hyeonji/java-vuln-detection/slicing/output/CPG/cwe319_cpg/cwe319-289-cpg-resolved.bin	tc289_flow1	CWE319_Cleartext_Tx_Sensitive_Info__listen_tcp_kerberosKey_67a.java	60	CWE319_Cleartext_Tx_Sensitive_Info__listen_tcp_kerberosKey_67b.java	39
/home/hyeonji/java-vuln-detection/slicing/output/CPG/cwe319_cpg/cwe319-289-cpg-resolved.bin	tc289_flow2	CWE319_Cleartext_Tx_Sensitive_Info__listen_tcp_kerberosKey_67a.java	169	CWE319_Cleartext_Tx_Sensitive_Info__listen_tcp_kerberosKey_67b.java	69
/home/hyeonji/java-vuln-detection/slicing/output/CPG/cwe319_cpg/cwe319-290-cpg-resolved.bin	tc290_flow1	CWE319_Cleartext_Tx_Sensitive_Info__listen_tcp_kerberosKey_68a.java	56	CWE319_Cleartext_Tx_Sensitive_Info__listen_tcp_kerberosKey_68b.java	39
/home/hyeonji/java-vuln-detection/slicing/output/CPG/cwe319_cpg/cwe319-290-cpg-resolved.bin	tc290_flow2	CWE319_Cleartext_Tx_Sensitive_Info__listen_tcp_kerberosKey_68a.java	159	CWE319_Cleartext_Tx_Sensitive_Info__listen_tcp_kerberosKey_68b.java	69
/home/hyeonji/java-vuln-detection/slicing/output/CPG/cwe319_cpg/cwe319-291-cpg-resolved.bin	tc291_flow1	CWE319_Cleartext_Tx_Sensitive_Info__listen_tcp_kerberosKey_71a.java	55	CWE319_Cleartext_Tx_Sensitive_Info__listen_tcp_kerberosKey_71b.java	39
/home/hyeonji/java-vuln-detection/slicing/output/CPG/cwe319_cpg/cwe319-291-cpg-resolved.bin	tc291_flow2	CWE319_Cleartext_Tx_Sensitive_Info__listen_tcp_kerberosKey_71a.java	160	CWE319_Cleartext_Tx_Sensitive_Info__listen_tcp_kerberosKey_71b.java	69
/home/hyeonji/java-vuln-detection/slicing/output/CPG/cwe319_cpg/cwe319-292-cpg-resolved.bin	tc292_flow1	CWE319_Cleartext_Tx_Sensitive_Info__listen_tcp_kerberosKey_72a.java	56	CWE319_Cleartext_Tx_Sensitive_Info__listen_tcp_kerberosKey_72b.java	40
/home/hyeonji/java-vuln-detection/slicing/output/CPG/cwe319_cpg/cwe319-292-cpg-resolved.bin	tc292_flow2	CWE319_Cleartext_Tx_Sensitive_Info__listen_tcp_kerberosKey_72a.java	169	CWE319_Cleartext_Tx_Sensitive_Info__listen_tcp_kerberosKey_72b.java	70
/home/hyeonji/java-vuln-detection/slicing/output/CPG/cwe319_cpg/cwe319-293-cpg-resolved.bin	tc293_flow1	CWE319_Cleartext_Tx_Sensitive_Info__listen_tcp_kerberosKey_73a.java	56	CWE319_Cleartext_Tx_Sensitive_Info__listen_tcp_kerberosKey_73b.java	40
/home/hyeonji/java-vuln-detection/slicing/output/CPG/cwe319_cpg/cwe319-293-cpg-resolved.bin	tc293_flow2	CWE319_Cleartext_Tx_Sensitive_Info__listen_tcp_kerberosKey_73a.java	169	CWE319_Cleartext_Tx_Sensitive_Info__listen_tcp_kerberosKey_73b.java	70
/home/hyeonji/java-vuln-detection/slicing/output/CPG/cwe319_cpg/cwe319-294-cpg-resolved.bin	tc294_flow1	CWE319_Cleartext_Tx_Sensitive_Info__listen_tcp_kerberosKey_74a.java	56	CWE319_Cleartext_Tx_Sensitive_Info__listen_tcp_kerberosKey_74b.java	40
/home/hyeonji/java-vuln-detection/slicing/output/CPG/cwe319_cpg/cwe319-294-cpg-resolved.bin	tc294_flow2	CWE319_Cleartext_Tx_Sensitive_Info__listen_tcp_kerberosKey_74a.java	169	CWE319_Cleartext_Tx_Sensitive_Info__listen_tcp_kerberosKey_74b.java	70
/home/hyeonji/java-vuln-detection/slicing/output/CPG/cwe319_cpg/cwe319-295-cpg-resolved.bin	tc295_flow1	CWE319_Cleartext_Tx_Sensitive_Info__listen_tcp_kerberosKey_75a.java	58	CWE319_Cleartext_Tx_Sensitive_Info__listen_tcp_kerberosKey_75b.java	51
/home/hyeonji/java-vuln-detection/slicing/output/CPG/cwe319_cpg/cwe319-295-cpg-resolved.bin	tc295_flow2	CWE319_Cleartext_Tx_Sensitive_Info__listen_tcp_kerberosKey_75a.java	247	CWE319_Cleartext_Tx_Sensitive_Info__listen_tcp_kerberosKey_75b.java	168
/home/hyeonji/java-vuln-detection/slicing/output/CPG/cwe319_cpg/cwe319-296-cpg-resolved.bin	tc296_flow1	CWE319_Cleartext_Tx_Sensitive_Info__listen_tcp_kerberosKey_81a.java	55	CWE319_Cleartext_Tx_Sensitive_Info__listen_tcp_kerberosKey_81_bad.java	38
/home/hyeonji/java-vuln-detection/slicing/output/CPG/cwe319_cpg/cwe319-296-cpg-resolved.bin	tc296_flow2	CWE319_Cleartext_Tx_Sensitive_Info__listen_tcp_kerberosKey_81a.java	162	CWE319_Cleartext_Tx_Sensitive_Info__listen_tcp_kerberosKey_81_goodB2G.java	38
/home/hyeonji/java-vuln-detection/slicing/output/CPG/cwe319_cpg/cwe319-297-cpg-resolved.bin	tc297_flow1	CWE319_Cleartext_Tx_Sensitive_Info__listen_tcp_passwordAuth_01.java	60	CWE319_Cleartext_Tx_Sensitive_Info__listen_tcp_passwordAuth_01.java	123
/home/hyeonji/java-vuln-detection/slicing/output/CPG/cwe319_cpg/cwe319-297-cpg-resolved.bin	tc297_flow2	CWE319_Cleartext_Tx_Sensitive_Info__listen_tcp_passwordAuth_01.java	177	CWE319_Cleartext_Tx_Sensitive_Info__listen_tcp_passwordAuth_01.java	240
/home/hyeonji/java-vuln-detection/slicing/output/CPG/cwe319_cpg/cwe319-298-cpg-resolved.bin	tc298_flow1	CWE319_Cleartext_Tx_Sensitive_Info__listen_tcp_passwordAuth_02.java	57	CWE319_Cleartext_Tx_Sensitive_Info__listen_tcp_passwordAuth_02.java	129
/home/hyeonji/java-vuln-detection/slicing/output/CPG/cwe319_cpg/cwe319-298-cpg-resolved.bin	tc298_flow2	CWE319_Cleartext_Tx_Sensitive_Info__listen_tcp_passwordAuth_02.java	214	CWE319_Cleartext_Tx_Sensitive_Info__listen_tcp_passwordAuth_02.java	292
/home/hyeonji/java-vuln-detection/slicing/output/CPG/cwe319_cpg/cwe319-298-cpg-resolved.bin	tc298_flow3	CWE319_Cleartext_Tx_Sensitive_Info__listen_tcp_passwordAuth_02.java	327	CWE319_Cleartext_Tx_Sensitive_Info__listen_tcp_passwordAuth_02.java	399
/home/hyeonji/java-vuln-detection/slicing/output/CPG/cwe319_cpg/cwe319-299-cpg-resolved.bin	tc299_flow1	CWE319_Cleartext_Tx_Sensitive_Info__listen_tcp_passwordAuth_03.java	57	CWE319_Cleartext_Tx_Sensitive_Info__listen_tcp_passwordAuth_03.java	129
/home/hyeonji/java-vuln-detection/slicing/output/CPG/cwe319_cpg/cwe319-299-cpg-resolved.bin	tc299_flow2	CWE319_Cleartext_Tx_Sensitive_Info__listen_tcp_passwordAuth_03.java	214	CWE319_Cleartext_Tx_Sensitive_Info__listen_tcp_passwordAuth_03.java	292
/home/hyeonji/java-vuln-detection/slicing/output/CPG/cwe319_cpg/cwe319-299-cpg-resolved.bin	tc299_flow3	CWE319_Cleartext_Tx_Sensitive_Info__listen_tcp_passwordAuth_03.java	327	CWE319_Cleartext_Tx_Sensitive_Info__listen_tcp_passwordAuth_03.java	399
/home/hyeonji/java-vuln-detection/slicing/output/CPG/cwe319_cpg/cwe319-300-cpg-resolved.bin	tc300_flow1	CWE319_Cleartext_Tx_Sensitive_Info__listen_tcp_passwordAuth_04.java	64	CWE319_Cleartext_Tx_Sensitive_Info__listen_tcp_passwordAuth_04.java	136
/home/hyeonji/java-vuln-detection/slicing/output/CPG/cwe319_cpg/cwe319-300-cpg-resolved.bin	tc300_flow2	CWE319_Cleartext_Tx_Sensitive_Info__listen_tcp_passwordAuth_04.java	221	CWE319_Cleartext_Tx_Sensitive_Info__listen_tcp_passwordAuth_04.java	299
/home/hyeonji/java-vuln-detection/slicing/output/CPG/cwe319_cpg/cwe319-300-cpg-resolved.bin	tc300_flow3	CWE319_Cleartext_Tx_Sensitive_Info__listen_tcp_passwordAuth_04.java	334	CWE319_Cleartext_Tx_Sensitive_Info__listen_tcp_passwordAuth_04.java	406
/home/hyeonji/java-vuln-detection/slicing/output/CPG/cwe319_cpg/cwe319-301-cpg-resolved.bin	tc301_flow1	CWE319_Cleartext_Tx_Sensitive_Info__listen_tcp_passwordAuth_05.java	64	CWE319_Cleartext_Tx_Sensitive_Info__listen_tcp_passwordAuth_05.java	136
/home/hyeonji/java-vuln-detection/slicing/output/CPG/cwe319_cpg/cwe319-301-cpg-resolved.bin	tc301_flow2	CWE319_Cleartext_Tx_Sensitive_Info__listen_tcp_passwordAuth_05.java	222	CWE319_Cleartext_Tx_Sensitive_Info__listen_tcp_passwordAuth_05.java	300
/home/hyeonji/java-vuln-detection/slicing/output/CPG/cwe319_cpg/cwe319-301-cpg-resolved.bin	tc301_flow3	CWE319_Cleartext_Tx_Sensitive_Info__listen_tcp_passwordAuth_05.java	335	CWE319_Cleartext_Tx_Sensitive_Info__listen_tcp_passwordAuth_05.java	407
/home/hyeonji/java-vuln-detection/slicing/output/CPG/cwe319_cpg/cwe319-302-cpg-resolved.bin	tc302_flow1	CWE319_Cleartext_Tx_Sensitive_Info__listen_tcp_passwordAuth_06.java	62	CWE319_Cleartext_Tx_Sensitive_Info__listen_tcp_passwordAuth_06.java	134
/home/hyeonji/java-vuln-detection/slicing/output/CPG/cwe319_cpg/cwe319-302-cpg-resolved.bin	tc302_flow2	CWE319_Cleartext_Tx_Sensitive_Info__listen_tcp_passwordAuth_06.java	219	CWE319_Cleartext_Tx_Sensitive_Info__listen_tcp_passwordAuth_06.java	297
/home/hyeonji/java-vuln-detection/slicing/output/CPG/cwe319_cpg/cwe319-302-cpg-resolved.bin	tc302_flow3	CWE319_Cleartext_Tx_Sensitive_Info__listen_tcp_passwordAuth_06.java	332	CWE319_Cleartext_Tx_Sensitive_Info__listen_tcp_passwordAuth_06.java	404
/home/hyeonji/java-vuln-detection/slicing/output/CPG/cwe319_cpg/cwe319-303-cpg-resolved.bin	tc303_flow1	CWE319_Cleartext_Tx_Sensitive_Info__listen_tcp_passwordAuth_07.java	62	CWE319_Cleartext_Tx_Sensitive_Info__listen_tcp_passwordAuth_07.java	134
/home/hyeonji/java-vuln-detection/slicing/output/CPG/cwe319_cpg/cwe319-303-cpg-resolved.bin	tc303_flow2	CWE319_Cleartext_Tx_Sensitive_Info__listen_tcp_passwordAuth_07.java	219	CWE319_Cleartext_Tx_Sensitive_Info__listen_tcp_passwordAuth_07.java	297
/home/hyeonji/java-vuln-detection/slicing/output/CPG/cwe319_cpg/cwe319-303-cpg-resolved.bin	tc303_flow3	CWE319_Cleartext_Tx_Sensitive_Info__listen_tcp_passwordAuth_07.java	332	CWE319_Cleartext_Tx_Sensitive_Info__listen_tcp_passwordAuth_07.java	404
/home/hyeonji/java-vuln-detection/slicing/output/CPG/cwe319_cpg/cwe319-304-cpg-resolved.bin	tc304_flow1	CWE319_Cleartext_Tx_Sensitive_Info__listen_tcp_passwordAuth_08.java	70	CWE319_Cleartext_Tx_Sensitive_Info__listen_tcp_passwordAuth_08.java	142
/home/hyeonji/java-vuln-detection/slicing/output/CPG/cwe319_cpg/cwe319-304-cpg-resolved.bin	tc304_flow2	CWE319_Cleartext_Tx_Sensitive_Info__listen_tcp_passwordAuth_08.java	227	CWE319_Cleartext_Tx_Sensitive_Info__listen_tcp_passwordAuth_08.java	305
/home/hyeonji/java-vuln-detection/slicing/output/CPG/cwe319_cpg/cwe319-304-cpg-resolved.bin	tc304_flow3	CWE319_Cleartext_Tx_Sensitive_Info__listen_tcp_passwordAuth_08.java	340	CWE319_Cleartext_Tx_Sensitive_Info__listen_tcp_passwordAuth_08.java	412
/home/hyeonji/java-vuln-detection/slicing/output/CPG/cwe319_cpg/cwe319-305-cpg-resolved.bin	tc305_flow1	CWE319_Cleartext_Tx_Sensitive_Info__listen_tcp_passwordAuth_09.java	57	CWE319_Cleartext_Tx_Sensitive_Info__listen_tcp_passwordAuth_09.java	129
/home/hyeonji/java-vuln-detection/slicing/output/CPG/cwe319_cpg/cwe319-305-cpg-resolved.bin	tc305_flow2	CWE319_Cleartext_Tx_Sensitive_Info__listen_tcp_passwordAuth_09.java	214	CWE319_Cleartext_Tx_Sensitive_Info__listen_tcp_passwordAuth_09.java	292
/home/hyeonji/java-vuln-detection/slicing/output/CPG/cwe319_cpg/cwe319-305-cpg-resolved.bin	tc305_flow3	CWE319_Cleartext_Tx_Sensitive_Info__listen_tcp_passwordAuth_09.java	327	CWE319_Cleartext_Tx_Sensitive_Info__listen_tcp_passwordAuth_09.java	399
/home/hyeonji/java-vuln-detection/slicing/output/CPG/cwe319_cpg/cwe319-306-cpg-resolved.bin	tc306_flow1	CWE319_Cleartext_Tx_Sensitive_Info__listen_tcp_passwordAuth_10.java	57	CWE319_Cleartext_Tx_Sensitive_Info__listen_tcp_passwordAuth_10.java	129
/home/hyeonji/java-vuln-detection/slicing/output/CPG/cwe319_cpg/cwe319-306-cpg-resolved.bin	tc306_flow2	CWE319_Cleartext_Tx_Sensitive_Info__listen_tcp_passwordAuth_10.java	214	CWE319_Cleartext_Tx_Sensitive_Info__listen_tcp_passwordAuth_10.java	292
/home/hyeonji/java-vuln-detection/slicing/output/CPG/cwe319_cpg/cwe319-306-cpg-resolved.bin	tc306_flow3	CWE319_Cleartext_Tx_Sensitive_Info__listen_tcp_passwordAuth_10.java	327	CWE319_Cleartext_Tx_Sensitive_Info__listen_tcp_passwordAuth_10.java	399
/home/hyeonji/java-vuln-detection/slicing/output/CPG/cwe319_cpg/cwe319-307-cpg-resolved.bin	tc307_flow1	CWE319_Cleartext_Tx_Sensitive_Info__listen_tcp_passwordAuth_11.java	57	CWE319_Cleartext_Tx_Sensitive_Info__listen_tcp_passwordAuth_11.java	129
/home/hyeonji/java-vuln-detection/slicing/output/CPG/cwe319_cpg/cwe319-307-cpg-resolved.bin	tc307_flow2	CWE319_Cleartext_Tx_Sensitive_Info__listen_tcp_passwordAuth_11.java	215	CWE319_Cleartext_Tx_Sensitive_Info__listen_tcp_passwordAuth_11.java	293
/home/hyeonji/java-vuln-detection/slicing/output/CPG/cwe319_cpg/cwe319-307-cpg-resolved.bin	tc307_flow3	CWE319_Cleartext_Tx_Sensitive_Info__listen_tcp_passwordAuth_11.java	328	CWE319_Cleartext_Tx_Sensitive_Info__listen_tcp_passwordAuth_11.java	400
/home/hyeonji/java-vuln-detection/slicing/output/CPG/cwe319_cpg/cwe319-308-cpg-resolved.bin	tc308_flow2	CWE319_Cleartext_Tx_Sensitive_Info__listen_tcp_passwordAuth_12.java	219	CWE319_Cleartext_Tx_Sensitive_Info__listen_tcp_passwordAuth_12.java	385
/home/hyeonji/java-vuln-detection/slicing/output/CPG/cwe319_cpg/cwe319-309-cpg-resolved.bin	tc309_flow1	CWE319_Cleartext_Tx_Sensitive_Info__listen_tcp_passwordAuth_13.java	57	CWE319_Cleartext_Tx_Sensitive_Info__listen_tcp_passwordAuth_13.java	129
/home/hyeonji/java-vuln-detection/slicing/output/CPG/cwe319_cpg/cwe319-309-cpg-resolved.bin	tc309_flow2	CWE319_Cleartext_Tx_Sensitive_Info__listen_tcp_passwordAuth_13.java	214	CWE319_Cleartext_Tx_Sensitive_Info__listen_tcp_passwordAuth_13.java	292
/home/hyeonji/java-vuln-detection/slicing/output/CPG/cwe319_cpg/cwe319-309-cpg-resolved.bin	tc309_flow3	CWE319_Cleartext_Tx_Sensitive_Info__listen_tcp_passwordAuth_13.java	327	CWE319_Cleartext_Tx_Sensitive_Info__listen_tcp_passwordAuth_13.java	399
/home/hyeonji/java-vuln-detection/slicing/output/CPG/cwe319_cpg/cwe319-310-cpg-resolved.bin	tc310_flow1	CWE319_Cleartext_Tx_Sensitive_Info__listen_tcp_passwordAuth_14.java	57	CWE319_Cleartext_Tx_Sensitive_Info__listen_tcp_passwordAuth_14.java	129
/home/hyeonji/java-vuln-detection/slicing/output/CPG/cwe319_cpg/cwe319-310-cpg-resolved.bin	tc310_flow2	CWE319_Cleartext_Tx_Sensitive_Info__listen_tcp_passwordAuth_14.java	214	CWE319_Cleartext_Tx_Sensitive_Info__listen_tcp_passwordAuth_14.java	292
/home/hyeonji/java-vuln-detection/slicing/output/CPG/cwe319_cpg/cwe319-310-cpg-resolved.bin	tc310_flow3	CWE319_Cleartext_Tx_Sensitive_Info__listen_tcp_passwordAuth_14.java	327	CWE319_Cleartext_Tx_Sensitive_Info__listen_tcp_passwordAuth_14.java	399
/home/hyeonji/java-vuln-detection/slicing/output/CPG/cwe319_cpg/cwe319-311-cpg-resolved.bin	tc311_flow1	CWE319_Cleartext_Tx_Sensitive_Info__listen_tcp_passwordAuth_15.java	59	CWE319_Cleartext_Tx_Sensitive_Info__listen_tcp_passwordAuth_15.java	132
/home/hyeonji/java-vuln-detection/slicing/output/CPG/cwe319_cpg/cwe319-311-cpg-resolved.bin	tc311_flow2	CWE319_Cleartext_Tx_Sensitive_Info__listen_tcp_passwordAuth_15.java	238	CWE319_Cleartext_Tx_Sensitive_Info__listen_tcp_passwordAuth_15.java	315
/home/hyeonji/java-vuln-detection/slicing/output/CPG/cwe319_cpg/cwe319-311-cpg-resolved.bin	tc311_flow3	CWE319_Cleartext_Tx_Sensitive_Info__listen_tcp_passwordAuth_15.java	352	CWE319_Cleartext_Tx_Sensitive_Info__listen_tcp_passwordAuth_15.java	425
/home/hyeonji/java-vuln-detection/slicing/output/CPG/cwe319_cpg/cwe319-312-cpg-resolved.bin	tc312_flow1	CWE319_Cleartext_Tx_Sensitive_Info__listen_tcp_passwordAuth_16.java	58	CWE319_Cleartext_Tx_Sensitive_Info__listen_tcp_passwordAuth_16.java	125
/home/hyeonji/java-vuln-detection/slicing/output/CPG/cwe319_cpg/cwe319-312-cpg-resolved.bin	tc312_flow2	CWE319_Cleartext_Tx_Sensitive_Info__listen_tcp_passwordAuth_16.java	180	CWE319_Cleartext_Tx_Sensitive_Info__listen_tcp_passwordAuth_16.java	247
/home/hyeonji/java-vuln-detection/slicing/output/CPG/cwe319_cpg/cwe319-313-cpg-resolved.bin	tc313_flow1	CWE319_Cleartext_Tx_Sensitive_Info__listen_tcp_passwordAuth_17.java	65	CWE319_Cleartext_Tx_Sensitive_Info__listen_tcp_passwordAuth_17.java	130
/home/hyeonji/java-vuln-detection/slicing/output/CPG/cwe319_cpg/cwe319-313-cpg-resolved.bin	tc313_flow2	CWE319_Cleartext_Tx_Sensitive_Info__listen_tcp_passwordAuth_17.java	180	CWE319_Cleartext_Tx_Sensitive_Info__listen_tcp_passwordAuth_17.java	245
/home/hyeonji/java-vuln-detection/slicing/output/CPG/cwe319_cpg/cwe319-314-cpg-resolved.bin	tc314_flow1	CWE319_Cleartext_Tx_Sensitive_Info__listen_tcp_passwordAuth_21.java	63	CWE319_Cleartext_Tx_Sensitive_Info__listen_tcp_passwordAuth_21.java	134
/home/hyeonji/java-vuln-detection/slicing/output/CPG/cwe319_cpg/cwe319-314-cpg-resolved.bin	tc314_flow2	CWE319_Cleartext_Tx_Sensitive_Info__listen_tcp_passwordAuth_21.java	176	CWE319_Cleartext_Tx_Sensitive_Info__listen_tcp_passwordAuth_21.java	253
/home/hyeonji/java-vuln-detection/slicing/output/CPG/cwe319_cpg/cwe319-314-cpg-resolved.bin	tc314_flow3	CWE319_Cleartext_Tx_Sensitive_Info__listen_tcp_passwordAuth_21.java	291	CWE319_Cleartext_Tx_Sensitive_Info__listen_tcp_passwordAuth_21.java	362
/home/hyeonji/java-vuln-detection/slicing/output/CPG/cwe319_cpg/cwe319-315-cpg-resolved.bin	tc315_flow1	CWE319_Cleartext_Tx_Sensitive_Info__listen_tcp_passwordAuth_22a.java	59	CWE319_Cleartext_Tx_Sensitive_Info__listen_tcp_passwordAuth_22b.java	36
/home/hyeonji/java-vuln-detection/slicing/output/CPG/cwe319_cpg/cwe319-315-cpg-resolved.bin	tc315_flow2	CWE319_Cleartext_Tx_Sensitive_Info__listen_tcp_passwordAuth_22a.java	160	CWE319_Cleartext_Tx_Sensitive_Info__listen_tcp_passwordAuth_22b.java	63
/home/hyeonji/java-vuln-detection/slicing/output/CPG/cwe319_cpg/cwe319-315-cpg-resolved.bin	tc315_flow3	CWE319_Cleartext_Tx_Sensitive_Info__listen_tcp_passwordAuth_22a.java	248	CWE319_Cleartext_Tx_Sensitive_Info__listen_tcp_passwordAuth_22b.java	85
/home/hyeonji/java-vuln-detection/slicing/output/CPG/cwe319_cpg/cwe319-316-cpg-resolved.bin	tc316_flow1	CWE319_Cleartext_Tx_Sensitive_Info__listen_tcp_passwordAuth_31.java	62	CWE319_Cleartext_Tx_Sensitive_Info__listen_tcp_passwordAuth_31.java	130
/home/hyeonji/java-vuln-detection/slicing/output/CPG/cwe319_cpg/cwe319-316-cpg-resolved.bin	tc316_flow2	CWE319_Cleartext_Tx_Sensitive_Info__listen_tcp_passwordAuth_31.java	195	CWE319_Cleartext_Tx_Sensitive_Info__listen_tcp_passwordAuth_31.java	263
/home/hyeonji/java-vuln-detection/slicing/output/CPG/cwe319_cpg/cwe319-317-cpg-resolved.bin	tc317_flow1	CWE319_Cleartext_Tx_Sensitive_Info__listen_tcp_passwordAuth_41.java	72	CWE319_Cleartext_Tx_Sensitive_Info__listen_tcp_passwordAuth_41.java	43
/home/hyeonji/java-vuln-detection/slicing/output/CPG/cwe319_cpg/cwe319-317-cpg-resolved.bin	tc317_flow2	CWE319_Cleartext_Tx_Sensitive_Info__listen_tcp_passwordAuth_41.java	208	CWE319_Cleartext_Tx_Sensitive_Info__listen_tcp_passwordAuth_41.java	171
/home/hyeonji/java-vuln-detection/slicing/output/CPG/cwe319_cpg/cwe319-318-cpg-resolved.bin	tc318_flow1	CWE319_Cleartext_Tx_Sensitive_Info__listen_tcp_passwordAuth_42.java	60	CWE319_Cleartext_Tx_Sensitive_Info__listen_tcp_passwordAuth_42.java	130
/home/hyeonji/java-vuln-detection/slicing/output/CPG/cwe319_cpg/cwe319-318-cpg-resolved.bin	tc318_flow2	CWE319_Cleartext_Tx_Sensitive_Info__listen_tcp_passwordAuth_42.java	185	CWE319_Cleartext_Tx_Sensitive_Info__listen_tcp_passwordAuth_42.java	255
/home/hyeonji/java-vuln-detection/slicing/output/CPG/cwe319_cpg/cwe319-319-cpg-resolved.bin	tc319_flow1	CWE319_Cleartext_Tx_Sensitive_Info__listen_tcp_passwordAuth_45.java	77	CWE319_Cleartext_Tx_Sensitive_Info__listen_tcp_passwordAuth_45.java	48
/home/hyeonji/java-vuln-detection/slicing/output/CPG/cwe319_cpg/cwe319-319-cpg-resolved.bin	tc319_flow2	CWE319_Cleartext_Tx_Sensitive_Info__listen_tcp_passwordAuth_45.java	217	CWE319_Cleartext_Tx_Sensitive_Info__listen_tcp_passwordAuth_45.java	180
/home/hyeonji/java-vuln-detection/slicing/output/CPG/cwe319_cpg/cwe319-320-cpg-resolved.bin	tc320_flow1	CWE319_Cleartext_Tx_Sensitive_Info__listen_tcp_passwordAuth_51a.java	55	CWE319_Cleartext_Tx_Sensitive_Info__listen_tcp_passwordAuth_51b.java	35
/home/hyeonji/java-vuln-detection/slicing/output/CPG/cwe319_cpg/cwe319-320-cpg-resolved.bin	tc320_flow2	CWE319_Cleartext_Tx_Sensitive_Info__listen_tcp_passwordAuth_51a.java	160	CWE319_Cleartext_Tx_Sensitive_Info__listen_tcp_passwordAuth_51b.java	61
/home/hyeonji/java-vuln-detection/slicing/output/CPG/cwe319_cpg/cwe319-321-cpg-resolved.bin	tc321_flow1	CWE319_Cleartext_Tx_Sensitive_Info__listen_tcp_passwordAuth_52a.java	55	CWE319_Cleartext_Tx_Sensitive_Info__listen_tcp_passwordAuth_52c.java	35
/home/hyeonji/java-vuln-detection/slicing/output/CPG/cwe319_cpg/cwe319-321-cpg-resolved.bin	tc321_flow2	CWE319_Cleartext_Tx_Sensitive_Info__listen_tcp_passwordAuth_52a.java	160	CWE319_Cleartext_Tx_Sensitive_Info__listen_tcp_passwordAuth_52c.java	61
/home/hyeonji/java-vuln-detection/slicing/output/CPG/cwe319_cpg/cwe319-322-cpg-resolved.bin	tc322_flow1	CWE319_Cleartext_Tx_Sensitive_Info__listen_tcp_passwordAuth_53a.java	55	CWE319_Cleartext_Tx_Sensitive_Info__listen_tcp_passwordAuth_53d.java	35
/home/hyeonji/java-vuln-detection/slicing/output/CPG/cwe319_cpg/cwe319-322-cpg-resolved.bin	tc322_flow2	CWE319_Cleartext_Tx_Sensitive_Info__listen_tcp_passwordAuth_53a.java	160	CWE319_Cleartext_Tx_Sensitive_Info__listen_tcp_passwordAuth_53d.java	61
/home/hyeonji/java-vuln-detection/slicing/output/CPG/cwe319_cpg/cwe319-323-cpg-resolved.bin	tc323_flow1	CWE319_Cleartext_Tx_Sensitive_Info__listen_tcp_passwordAuth_54a.java	55	CWE319_Cleartext_Tx_Sensitive_Info__listen_tcp_passwordAuth_54e.java	35
/home/hyeonji/java-vuln-detection/slicing/output/CPG/cwe319_cpg/cwe319-323-cpg-resolved.bin	tc323_flow2	CWE319_Cleartext_Tx_Sensitive_Info__listen_tcp_passwordAuth_54a.java	160	CWE319_Cleartext_Tx_Sensitive_Info__listen_tcp_passwordAuth_54e.java	61
/home/hyeonji/java-vuln-detection/slicing/output/CPG/cwe319_cpg/cwe319-324-cpg-resolved.bin	tc324_flow1	CWE319_Cleartext_Tx_Sensitive_Info__listen_tcp_passwordAuth_61b.java	55	CWE319_Cleartext_Tx_Sensitive_Info__listen_tcp_passwordAuth_61a.java	36
/home/hyeonji/java-vuln-detection/slicing/output/CPG/cwe319_cpg/cwe319-324-cpg-resolved.bin	tc324_flow2	CWE319_Cleartext_Tx_Sensitive_Info__listen_tcp_passwordAuth_61b.java	154	CWE319_Cleartext_Tx_Sensitive_Info__listen_tcp_passwordAuth_61a.java	70
/home/hyeonji/java-vuln-detection/slicing/output/CPG/cwe319_cpg/cwe319-325-cpg-resolved.bin	tc325_flow1	CWE319_Cleartext_Tx_Sensitive_Info__listen_tcp_passwordAuth_66a.java	55	CWE319_Cleartext_Tx_Sensitive_Info__listen_tcp_passwordAuth_66b.java	36
/home/hyeonji/java-vuln-detection/slicing/output/CPG/cwe319_cpg/cwe319-325-cpg-resolved.bin	tc325_flow2	CWE319_Cleartext_Tx_Sensitive_Info__listen_tcp_passwordAuth_66a.java	164	CWE319_Cleartext_Tx_Sensitive_Info__listen_tcp_passwordAuth_66b.java	64
/home/hyeonji/java-vuln-detection/slicing/output/CPG/cwe319_cpg/cwe319-326-cpg-resolved.bin	tc326_flow1	CWE319_Cleartext_Tx_Sensitive_Info__listen_tcp_passwordAuth_67a.java	60	CWE319_Cleartext_Tx_Sensitive_Info__listen_tcp_passwordAuth_67b.java	36
/home/hyeonji/java-vuln-detection/slicing/output/CPG/cwe319_cpg/cwe319-326-cpg-resolved.bin	tc326_flow2	CWE319_Cleartext_Tx_Sensitive_Info__listen_tcp_passwordAuth_67a.java	169	CWE319_Cleartext_Tx_Sensitive_Info__listen_tcp_passwordAuth_67b.java	64
/home/hyeonji/java-vuln-detection/slicing/output/CPG/cwe319_cpg/cwe319-327-cpg-resolved.bin	tc327_flow1	CWE319_Cleartext_Tx_Sensitive_Info__listen_tcp_passwordAuth_68a.java	56	CWE319_Cleartext_Tx_Sensitive_Info__listen_tcp_passwordAuth_68b.java	36
/home/hyeonji/java-vuln-detection/slicing/output/CPG/cwe319_cpg/cwe319-327-cpg-resolved.bin	tc327_flow2	CWE319_Cleartext_Tx_Sensitive_Info__listen_tcp_passwordAuth_68a.java	159	CWE319_Cleartext_Tx_Sensitive_Info__listen_tcp_passwordAuth_68b.java	64
/home/hyeonji/java-vuln-detection/slicing/output/CPG/cwe319_cpg/cwe319-328-cpg-resolved.bin	tc328_flow1	CWE319_Cleartext_Tx_Sensitive_Info__listen_tcp_passwordAuth_71a.java	55	CWE319_Cleartext_Tx_Sensitive_Info__listen_tcp_passwordAuth_71b.java	36
/home/hyeonji/java-vuln-detection/slicing/output/CPG/cwe319_cpg/cwe319-328-cpg-resolved.bin	tc328_flow2	CWE319_Cleartext_Tx_Sensitive_Info__listen_tcp_passwordAuth_71a.java	160	CWE319_Cleartext_Tx_Sensitive_Info__listen_tcp_passwordAuth_71b.java	64
/home/hyeonji/java-vuln-detection/slicing/output/CPG/cwe319_cpg/cwe319-329-cpg-resolved.bin	tc329_flow1	CWE319_Cleartext_Tx_Sensitive_Info__listen_tcp_passwordAuth_72a.java	56	CWE319_Cleartext_Tx_Sensitive_Info__listen_tcp_passwordAuth_72b.java	37
/home/hyeonji/java-vuln-detection/slicing/output/CPG/cwe319_cpg/cwe319-329-cpg-resolved.bin	tc329_flow2	CWE319_Cleartext_Tx_Sensitive_Info__listen_tcp_passwordAuth_72a.java	169	CWE319_Cleartext_Tx_Sensitive_Info__listen_tcp_passwordAuth_72b.java	65
/home/hyeonji/java-vuln-detection/slicing/output/CPG/cwe319_cpg/cwe319-330-cpg-resolved.bin	tc330_flow1	CWE319_Cleartext_Tx_Sensitive_Info__listen_tcp_passwordAuth_73a.java	56	CWE319_Cleartext_Tx_Sensitive_Info__listen_tcp_passwordAuth_73b.java	37
/home/hyeonji/java-vuln-detection/slicing/output/CPG/cwe319_cpg/cwe319-330-cpg-resolved.bin	tc330_flow2	CWE319_Cleartext_Tx_Sensitive_Info__listen_tcp_passwordAuth_73a.java	169	CWE319_Cleartext_Tx_Sensitive_Info__listen_tcp_passwordAuth_73b.java	65
/home/hyeonji/java-vuln-detection/slicing/output/CPG/cwe319_cpg/cwe319-331-cpg-resolved.bin	tc331_flow1	CWE319_Cleartext_Tx_Sensitive_Info__listen_tcp_passwordAuth_74a.java	56	CWE319_Cleartext_Tx_Sensitive_Info__listen_tcp_passwordAuth_74b.java	37
/home/hyeonji/java-vuln-detection/slicing/output/CPG/cwe319_cpg/cwe319-331-cpg-resolved.bin	tc331_flow2	CWE319_Cleartext_Tx_Sensitive_Info__listen_tcp_passwordAuth_74a.java	169	CWE319_Cleartext_Tx_Sensitive_Info__listen_tcp_passwordAuth_74b.java	65
/home/hyeonji/java-vuln-detection/slicing/output/CPG/cwe319_cpg/cwe319-332-cpg-resolved.bin	tc332_flow1	CWE319_Cleartext_Tx_Sensitive_Info__listen_tcp_passwordAuth_75a.java	58	CWE319_Cleartext_Tx_Sensitive_Info__listen_tcp_passwordAuth_75b.java	48
/home/hyeonji/java-vuln-detection/slicing/output/CPG/cwe319_cpg/cwe319-332-cpg-resolved.bin	tc332_flow2	CWE319_Cleartext_Tx_Sensitive_Info__listen_tcp_passwordAuth_75a.java	247	CWE319_Cleartext_Tx_Sensitive_Info__listen_tcp_passwordAuth_75b.java	163
/home/hyeonji/java-vuln-detection/slicing/output/CPG/cwe319_cpg/cwe319-333-cpg-resolved.bin	tc333_flow1	CWE319_Cleartext_Tx_Sensitive_Info__listen_tcp_passwordAuth_81a.java	55	CWE319_Cleartext_Tx_Sensitive_Info__listen_tcp_passwordAuth_81_bad.java	35
/home/hyeonji/java-vuln-detection/slicing/output/CPG/cwe319_cpg/cwe319-333-cpg-resolved.bin	tc333_flow2	CWE319_Cleartext_Tx_Sensitive_Info__listen_tcp_passwordAuth_81a.java	162	CWE319_Cleartext_Tx_Sensitive_Info__listen_tcp_passwordAuth_81_goodB2G.java	35
/home/hyeonji/java-vuln-detection/slicing/output/CPG/cwe319_cpg/cwe319-334-cpg-resolved.bin	tc334_flow1	CWE319_Cleartext_Tx_Sensitive_Info__send_01.java	42	CWE319_Cleartext_Tx_Sensitive_Info__send_01.java	52
/home/hyeonji/java-vuln-detection/slicing/output/CPG/cwe319_cpg/cwe319-334-cpg-resolved.bin	tc334_flow2	CWE319_Cleartext_Tx_Sensitive_Info__send_01.java	140	CWE319_Cleartext_Tx_Sensitive_Info__send_01.java	152
/home/hyeonji/java-vuln-detection/slicing/output/CPG/cwe319_cpg/cwe319-334-cpg-resolved.bin	tc334_flow3	CWE319_Cleartext_Tx_Sensitive_Info__send_01.java	92	CWE319_Cleartext_Tx_Sensitive_Info__send_01.java	102
/home/hyeonji/java-vuln-detection/slicing/output/CPG/cwe319_cpg/cwe319-335-cpg-resolved.bin	tc335_flow1	CWE319_Cleartext_Tx_Sensitive_Info__send_02.java	42	CWE319_Cleartext_Tx_Sensitive_Info__send_02.java	60
/home/hyeonji/java-vuln-detection/slicing/output/CPG/cwe319_cpg/cwe319-335-cpg-resolved.bin	tc335_flow2	CWE319_Cleartext_Tx_Sensitive_Info__send_02.java	206	CWE319_Cleartext_Tx_Sensitive_Info__send_02.java	233
/home/hyeonji/java-vuln-detection/slicing/output/CPG/cwe319_cpg/cwe319-335-cpg-resolved.bin	tc335_flow3	CWE319_Cleartext_Tx_Sensitive_Info__send_02.java	272	CWE319_Cleartext_Tx_Sensitive_Info__send_02.java	292
/home/hyeonji/java-vuln-detection/slicing/output/CPG/cwe319_cpg/cwe319-335-cpg-resolved.bin	tc335_flow4	CWE319_Cleartext_Tx_Sensitive_Info__send_02.java	102	CWE319_Cleartext_Tx_Sensitive_Info__send_02.java	115
/home/hyeonji/java-vuln-detection/slicing/output/CPG/cwe319_cpg/cwe319-335-cpg-resolved.bin	tc335_flow5	CWE319_Cleartext_Tx_Sensitive_Info__send_02.java	150	CWE319_Cleartext_Tx_Sensitive_Info__send_02.java	168
/home/hyeonji/java-vuln-detection/slicing/output/CPG/cwe319_cpg/cwe319-336-cpg-resolved.bin	tc336_flow1	CWE319_Cleartext_Tx_Sensitive_Info__send_03.java	42	CWE319_Cleartext_Tx_Sensitive_Info__send_03.java	60
/home/hyeonji/java-vuln-detection/slicing/output/CPG/cwe319_cpg/cwe319-336-cpg-resolved.bin	tc336_flow2	CWE319_Cleartext_Tx_Sensitive_Info__send_03.java	206	CWE319_Cleartext_Tx_Sensitive_Info__send_03.java	233
/home/hyeonji/java-vuln-detection/slicing/output/CPG/cwe319_cpg/cwe319-336-cpg-resolved.bin	tc336_flow3	CWE319_Cleartext_Tx_Sensitive_Info__send_03.java	272	CWE319_Cleartext_Tx_Sensitive_Info__send_03.java	292
/home/hyeonji/java-vuln-detection/slicing/output/CPG/cwe319_cpg/cwe319-336-cpg-resolved.bin	tc336_flow4	CWE319_Cleartext_Tx_Sensitive_Info__send_03.java	102	CWE319_Cleartext_Tx_Sensitive_Info__send_03.java	115
/home/hyeonji/java-vuln-detection/slicing/output/CPG/cwe319_cpg/cwe319-336-cpg-resolved.bin	tc336_flow5	CWE319_Cleartext_Tx_Sensitive_Info__send_03.java	150	CWE319_Cleartext_Tx_Sensitive_Info__send_03.java	168
/home/hyeonji/java-vuln-detection/slicing/output/CPG/cwe319_cpg/cwe319-337-cpg-resolved.bin	tc337_flow1	CWE319_Cleartext_Tx_Sensitive_Info__send_04.java	49	CWE319_Cleartext_Tx_Sensitive_Info__send_04.java	67
/home/hyeonji/java-vuln-detection/slicing/output/CPG/cwe319_cpg/cwe319-337-cpg-resolved.bin	tc337_flow2	CWE319_Cleartext_Tx_Sensitive_Info__send_04.java	213	CWE319_Cleartext_Tx_Sensitive_Info__send_04.java	240
/home/hyeonji/java-vuln-detection/slicing/output/CPG/cwe319_cpg/cwe319-337-cpg-resolved.bin	tc337_flow3	CWE319_Cleartext_Tx_Sensitive_Info__send_04.java	279	CWE319_Cleartext_Tx_Sensitive_Info__send_04.java	299
/home/hyeonji/java-vuln-detection/slicing/output/CPG/cwe319_cpg/cwe319-337-cpg-resolved.bin	tc337_flow4	CWE319_Cleartext_Tx_Sensitive_Info__send_04.java	109	CWE319_Cleartext_Tx_Sensitive_Info__send_04.java	122
/home/hyeonji/java-vuln-detection/slicing/output/CPG/cwe319_cpg/cwe319-337-cpg-resolved.bin	tc337_flow5	CWE319_Cleartext_Tx_Sensitive_Info__send_04.java	157	CWE319_Cleartext_Tx_Sensitive_Info__send_04.java	175
/home/hyeonji/java-vuln-detection/slicing/output/CPG/cwe319_cpg/cwe319-338-cpg-resolved.bin	tc338_flow1	CWE319_Cleartext_Tx_Sensitive_Info__send_05.java	49	CWE319_Cleartext_Tx_Sensitive_Info__send_05.java	67
/home/hyeonji/java-vuln-detection/slicing/output/CPG/cwe319_cpg/cwe319-338-cpg-resolved.bin	tc338_flow2	CWE319_Cleartext_Tx_Sensitive_Info__send_05.java	214	CWE319_Cleartext_Tx_Sensitive_Info__send_05.java	241
/home/hyeonji/java-vuln-detection/slicing/output/CPG/cwe319_cpg/cwe319-338-cpg-resolved.bin	tc338_flow3	CWE319_Cleartext_Tx_Sensitive_Info__send_05.java	280	CWE319_Cleartext_Tx_Sensitive_Info__send_05.java	300
/home/hyeonji/java-vuln-detection/slicing/output/CPG/cwe319_cpg/cwe319-338-cpg-resolved.bin	tc338_flow4	CWE319_Cleartext_Tx_Sensitive_Info__send_05.java	109	CWE319_Cleartext_Tx_Sensitive_Info__send_05.java	122
/home/hyeonji/java-vuln-detection/slicing/output/CPG/cwe319_cpg/cwe319-338-cpg-resolved.bin	tc338_flow5	CWE319_Cleartext_Tx_Sensitive_Info__send_05.java	157	CWE319_Cleartext_Tx_Sensitive_Info__send_05.java	175
/home/hyeonji/java-vuln-detection/slicing/output/CPG/cwe319_cpg/cwe319-339-cpg-resolved.bin	tc339_flow1	CWE319_Cleartext_Tx_Sensitive_Info__send_06.java	47	CWE319_Cleartext_Tx_Sensitive_Info__send_06.java	65
/home/hyeonji/java-vuln-detection/slicing/output/CPG/cwe319_cpg/cwe319-339-cpg-resolved.bin	tc339_flow2	CWE319_Cleartext_Tx_Sensitive_Info__send_06.java	211	CWE319_Cleartext_Tx_Sensitive_Info__send_06.java	238
/home/hyeonji/java-vuln-detection/slicing/output/CPG/cwe319_cpg/cwe319-339-cpg-resolved.bin	tc339_flow3	CWE319_Cleartext_Tx_Sensitive_Info__send_06.java	277	CWE319_Cleartext_Tx_Sensitive_Info__send_06.java	297
/home/hyeonji/java-vuln-detection/slicing/output/CPG/cwe319_cpg/cwe319-339-cpg-resolved.bin	tc339_flow4	CWE319_Cleartext_Tx_Sensitive_Info__send_06.java	107	CWE319_Cleartext_Tx_Sensitive_Info__send_06.java	120
/home/hyeonji/java-vuln-detection/slicing/output/CPG/cwe319_cpg/cwe319-339-cpg-resolved.bin	tc339_flow5	CWE319_Cleartext_Tx_Sensitive_Info__send_06.java	155	CWE319_Cleartext_Tx_Sensitive_Info__send_06.java	173
/home/hyeonji/java-vuln-detection/slicing/output/CPG/cwe319_cpg/cwe319-340-cpg-resolved.bin	tc340_flow1	CWE319_Cleartext_Tx_Sensitive_Info__send_07.java	47	CWE319_Cleartext_Tx_Sensitive_Info__send_07.java	65
/home/hyeonji/java-vuln-detection/slicing/output/CPG/cwe319_cpg/cwe319-340-cpg-resolved.bin	tc340_flow2	CWE319_Cleartext_Tx_Sensitive_Info__send_07.java	211	CWE319_Cleartext_Tx_Sensitive_Info__send_07.java	238
/home/hyeonji/java-vuln-detection/slicing/output/CPG/cwe319_cpg/cwe319-340-cpg-resolved.bin	tc340_flow3	CWE319_Cleartext_Tx_Sensitive_Info__send_07.java	277	CWE319_Cleartext_Tx_Sensitive_Info__send_07.java	297
/home/hyeonji/java-vuln-detection/slicing/output/CPG/cwe319_cpg/cwe319-340-cpg-resolved.bin	tc340_flow4	CWE319_Cleartext_Tx_Sensitive_Info__send_07.java	107	CWE319_Cleartext_Tx_Sensitive_Info__send_07.java	120
/home/hyeonji/java-vuln-detection/slicing/output/CPG/cwe319_cpg/cwe319-340-cpg-resolved.bin	tc340_flow5	CWE319_Cleartext_Tx_Sensitive_Info__send_07.java	155	CWE319_Cleartext_Tx_Sensitive_Info__send_07.java	173
/home/hyeonji/java-vuln-detection/slicing/output/CPG/cwe319_cpg/cwe319-341-cpg-resolved.bin	tc341_flow1	CWE319_Cleartext_Tx_Sensitive_Info__send_08.java	55	CWE319_Cleartext_Tx_Sensitive_Info__send_08.java	73
/home/hyeonji/java-vuln-detection/slicing/output/CPG/cwe319_cpg/cwe319-341-cpg-resolved.bin	tc341_flow2	CWE319_Cleartext_Tx_Sensitive_Info__send_08.java	219	CWE319_Cleartext_Tx_Sensitive_Info__send_08.java	246
/home/hyeonji/java-vuln-detection/slicing/output/CPG/cwe319_cpg/cwe319-341-cpg-resolved.bin	tc341_flow3	CWE319_Cleartext_Tx_Sensitive_Info__send_08.java	285	CWE319_Cleartext_Tx_Sensitive_Info__send_08.java	305
/home/hyeonji/java-vuln-detection/slicing/output/CPG/cwe319_cpg/cwe319-341-cpg-resolved.bin	tc341_flow4	CWE319_Cleartext_Tx_Sensitive_Info__send_08.java	115	CWE319_Cleartext_Tx_Sensitive_Info__send_08.java	128
/home/hyeonji/java-vuln-detection/slicing/output/CPG/cwe319_cpg/cwe319-341-cpg-resolved.bin	tc341_flow5	CWE319_Cleartext_Tx_Sensitive_Info__send_08.java	163	CWE319_Cleartext_Tx_Sensitive_Info__send_08.java	181
/home/hyeonji/java-vuln-detection/slicing/output/CPG/cwe319_cpg/cwe319-342-cpg-resolved.bin	tc342_flow1	CWE319_Cleartext_Tx_Sensitive_Info__send_09.java	42	CWE319_Cleartext_Tx_Sensitive_Info__send_09.java	60
/home/hyeonji/java-vuln-detection/slicing/output/CPG/cwe319_cpg/cwe319-342-cpg-resolved.bin	tc342_flow2	CWE319_Cleartext_Tx_Sensitive_Info__send_09.java	206	CWE319_Cleartext_Tx_Sensitive_Info__send_09.java	233
/home/hyeonji/java-vuln-detection/slicing/output/CPG/cwe319_cpg/cwe319-342-cpg-resolved.bin	tc342_flow3	CWE319_Cleartext_Tx_Sensitive_Info__send_09.java	272	CWE319_Cleartext_Tx_Sensitive_Info__send_09.java	292
/home/hyeonji/java-vuln-detection/slicing/output/CPG/cwe319_cpg/cwe319-342-cpg-resolved.bin	tc342_flow4	CWE319_Cleartext_Tx_Sensitive_Info__send_09.java	102	CWE319_Cleartext_Tx_Sensitive_Info__send_09.java	115
/home/hyeonji/java-vuln-detection/slicing/output/CPG/cwe319_cpg/cwe319-342-cpg-resolved.bin	tc342_flow5	CWE319_Cleartext_Tx_Sensitive_Info__send_09.java	150	CWE319_Cleartext_Tx_Sensitive_Info__send_09.java	168
/home/hyeonji/java-vuln-detection/slicing/output/CPG/cwe319_cpg/cwe319-343-cpg-resolved.bin	tc343_flow1	CWE319_Cleartext_Tx_Sensitive_Info__send_10.java	42	CWE319_Cleartext_Tx_Sensitive_Info__send_10.java	60
/home/hyeonji/java-vuln-detection/slicing/output/CPG/cwe319_cpg/cwe319-343-cpg-resolved.bin	tc343_flow2	CWE319_Cleartext_Tx_Sensitive_Info__send_10.java	206	CWE319_Cleartext_Tx_Sensitive_Info__send_10.java	233
/home/hyeonji/java-vuln-detection/slicing/output/CPG/cwe319_cpg/cwe319-343-cpg-resolved.bin	tc343_flow3	CWE319_Cleartext_Tx_Sensitive_Info__send_10.java	272	CWE319_Cleartext_Tx_Sensitive_Info__send_10.java	292
/home/hyeonji/java-vuln-detection/slicing/output/CPG/cwe319_cpg/cwe319-343-cpg-resolved.bin	tc343_flow4	CWE319_Cleartext_Tx_Sensitive_Info__send_10.java	102	CWE319_Cleartext_Tx_Sensitive_Info__send_10.java	115
/home/hyeonji/java-vuln-detection/slicing/output/CPG/cwe319_cpg/cwe319-343-cpg-resolved.bin	tc343_flow5	CWE319_Cleartext_Tx_Sensitive_Info__send_10.java	150	CWE319_Cleartext_Tx_Sensitive_Info__send_10.java	168
/home/hyeonji/java-vuln-detection/slicing/output/CPG/cwe319_cpg/cwe319-344-cpg-resolved.bin	tc344_flow1	CWE319_Cleartext_Tx_Sensitive_Info__send_11.java	42	CWE319_Cleartext_Tx_Sensitive_Info__send_11.java	60
/home/hyeonji/java-vuln-detection/slicing/output/CPG/cwe319_cpg/cwe319-344-cpg-resolved.bin	tc344_flow2	CWE319_Cleartext_Tx_Sensitive_Info__send_11.java	207	CWE319_Cleartext_Tx_Sensitive_Info__send_11.java	234
/home/hyeonji/java-vuln-detection/slicing/output/CPG/cwe319_cpg/cwe319-344-cpg-resolved.bin	tc344_flow3	CWE319_Cleartext_Tx_Sensitive_Info__send_11.java	273	CWE319_Cleartext_Tx_Sensitive_Info__send_11.java	293
/home/hyeonji/java-vuln-detection/slicing/output/CPG/cwe319_cpg/cwe319-344-cpg-resolved.bin	tc344_flow4	CWE319_Cleartext_Tx_Sensitive_Info__send_11.java	102	CWE319_Cleartext_Tx_Sensitive_Info__send_11.java	115
/home/hyeonji/java-vuln-detection/slicing/output/CPG/cwe319_cpg/cwe319-344-cpg-resolved.bin	tc344_flow5	CWE319_Cleartext_Tx_Sensitive_Info__send_11.java	151	CWE319_Cleartext_Tx_Sensitive_Info__send_11.java	169
/home/hyeonji/java-vuln-detection/slicing/output/CPG/cwe319_cpg/cwe319-345-cpg-resolved.bin	tc345_flow2	CWE319_Cleartext_Tx_Sensitive_Info__send_12.java	233	CWE319_Cleartext_Tx_Sensitive_Info__send_12.java	297
/home/hyeonji/java-vuln-detection/slicing/output/CPG/cwe319_cpg/cwe319-345-cpg-resolved.bin	tc345_flow3	CWE319_Cleartext_Tx_Sensitive_Info__send_12.java	137	CWE319_Cleartext_Tx_Sensitive_Info__send_12.java	193
/home/hyeonji/java-vuln-detection/slicing/output/CPG/cwe319_cpg/cwe319-346-cpg-resolved.bin	tc346_flow1	CWE319_Cleartext_Tx_Sensitive_Info__send_13.java	42	CWE319_Cleartext_Tx_Sensitive_Info__send_13.java	60
/home/hyeonji/java-vuln-detection/slicing/output/CPG/cwe319_cpg/cwe319-346-cpg-resolved.bin	tc346_flow2	CWE319_Cleartext_Tx_Sensitive_Info__send_13.java	206	CWE319_Cleartext_Tx_Sensitive_Info__send_13.java	233
/home/hyeonji/java-vuln-detection/slicing/output/CPG/cwe319_cpg/cwe319-346-cpg-resolved.bin	tc346_flow3	CWE319_Cleartext_Tx_Sensitive_Info__send_13.java	272	CWE319_Cleartext_Tx_Sensitive_Info__send_13.java	292
/home/hyeonji/java-vuln-detection/slicing/output/CPG/cwe319_cpg/cwe319-346-cpg-resolved.bin	tc346_flow4	CWE319_Cleartext_Tx_Sensitive_Info__send_13.java	102	CWE319_Cleartext_Tx_Sensitive_Info__send_13.java	115
/home/hyeonji/java-vuln-detection/slicing/output/CPG/cwe319_cpg/cwe319-346-cpg-resolved.bin	tc346_flow5	CWE319_Cleartext_Tx_Sensitive_Info__send_13.java	150	CWE319_Cleartext_Tx_Sensitive_Info__send_13.java	168
/home/hyeonji/java-vuln-detection/slicing/output/CPG/cwe319_cpg/cwe319-347-cpg-resolved.bin	tc347_flow1	CWE319_Cleartext_Tx_Sensitive_Info__send_14.java	42	CWE319_Cleartext_Tx_Sensitive_Info__send_14.java	60
/home/hyeonji/java-vuln-detection/slicing/output/CPG/cwe319_cpg/cwe319-347-cpg-resolved.bin	tc347_flow2	CWE319_Cleartext_Tx_Sensitive_Info__send_14.java	206	CWE319_Cleartext_Tx_Sensitive_Info__send_14.java	233
/home/hyeonji/java-vuln-detection/slicing/output/CPG/cwe319_cpg/cwe319-347-cpg-resolved.bin	tc347_flow3	CWE319_Cleartext_Tx_Sensitive_Info__send_14.java	272	CWE319_Cleartext_Tx_Sensitive_Info__send_14.java	292
/home/hyeonji/java-vuln-detection/slicing/output/CPG/cwe319_cpg/cwe319-347-cpg-resolved.bin	tc347_flow4	CWE319_Cleartext_Tx_Sensitive_Info__send_14.java	102	CWE319_Cleartext_Tx_Sensitive_Info__send_14.java	115
/home/hyeonji/java-vuln-detection/slicing/output/CPG/cwe319_cpg/cwe319-347-cpg-resolved.bin	tc347_flow5	CWE319_Cleartext_Tx_Sensitive_Info__send_14.java	150	CWE319_Cleartext_Tx_Sensitive_Info__send_14.java	168
/home/hyeonji/java-vuln-detection/slicing/output/CPG/cwe319_cpg/cwe319-348-cpg-resolved.bin	tc348_flow1	CWE319_Cleartext_Tx_Sensitive_Info__send_15.java	44	CWE319_Cleartext_Tx_Sensitive_Info__send_15.java	63
/home/hyeonji/java-vuln-detection/slicing/output/CPG/cwe319_cpg/cwe319-348-cpg-resolved.bin	tc348_flow2	CWE319_Cleartext_Tx_Sensitive_Info__send_15.java	230	CWE319_Cleartext_Tx_Sensitive_Info__send_15.java	255
/home/hyeonji/java-vuln-detection/slicing/output/CPG/cwe319_cpg/cwe319-348-cpg-resolved.bin	tc348_flow3	CWE319_Cleartext_Tx_Sensitive_Info__send_15.java	296	CWE319_Cleartext_Tx_Sensitive_Info__send_15.java	317
/home/hyeonji/java-vuln-detection/slicing/output/CPG/cwe319_cpg/cwe319-348-cpg-resolved.bin	tc348_flow4	CWE319_Cleartext_Tx_Sensitive_Info__send_15.java	110	CWE319_Cleartext_Tx_Sensitive_Info__send_15.java	124
/home/hyeonji/java-vuln-detection/slicing/output/CPG/cwe319_cpg/cwe319-348-cpg-resolved.bin	tc348_flow5	CWE319_Cleartext_Tx_Sensitive_Info__send_15.java	166	CWE319_Cleartext_Tx_Sensitive_Info__send_15.java	185
/home/hyeonji/java-vuln-detection/slicing/output/CPG/cwe319_cpg/cwe319-349-cpg-resolved.bin	tc349_flow1	CWE319_Cleartext_Tx_Sensitive_Info__send_16.java	43	CWE319_Cleartext_Tx_Sensitive_Info__send_16.java	56
/home/hyeonji/java-vuln-detection/slicing/output/CPG/cwe319_cpg/cwe319-349-cpg-resolved.bin	tc349_flow2	CWE319_Cleartext_Tx_Sensitive_Info__send_16.java	147	CWE319_Cleartext_Tx_Sensitive_Info__send_16.java	162
/home/hyeonji/java-vuln-detection/slicing/output/CPG/cwe319_cpg/cwe319-349-cpg-resolved.bin	tc349_flow3	CWE319_Cleartext_Tx_Sensitive_Info__send_16.java	93	CWE319_Cleartext_Tx_Sensitive_Info__send_16.java	106
/home/hyeonji/java-vuln-detection/slicing/output/CPG/cwe319_cpg/cwe319-350-cpg-resolved.bin	tc350_flow1	CWE319_Cleartext_Tx_Sensitive_Info__send_17.java	47	CWE319_Cleartext_Tx_Sensitive_Info__send_17.java	58
/home/hyeonji/java-vuln-detection/slicing/output/CPG/cwe319_cpg/cwe319-350-cpg-resolved.bin	tc350_flow2	CWE319_Cleartext_Tx_Sensitive_Info__send_17.java	141	CWE319_Cleartext_Tx_Sensitive_Info__send_17.java	154
/home/hyeonji/java-vuln-detection/slicing/output/CPG/cwe319_cpg/cwe319-350-cpg-resolved.bin	tc350_flow3	CWE319_Cleartext_Tx_Sensitive_Info__send_17.java	92	CWE319_Cleartext_Tx_Sensitive_Info__send_17.java	103
/home/hyeonji/java-vuln-detection/slicing/output/CPG/cwe319_cpg/cwe319-351-cpg-resolved.bin	tc351_flow1	CWE319_Cleartext_Tx_Sensitive_Info__send_21.java	45	CWE319_Cleartext_Tx_Sensitive_Info__send_21.java	62
/home/hyeonji/java-vuln-detection/slicing/output/CPG/cwe319_cpg/cwe319-351-cpg-resolved.bin	tc351_flow2	CWE319_Cleartext_Tx_Sensitive_Info__send_21.java	112	CWE319_Cleartext_Tx_Sensitive_Info__send_21.java	138
/home/hyeonji/java-vuln-detection/slicing/output/CPG/cwe319_cpg/cwe319-351-cpg-resolved.bin	tc351_flow3	CWE319_Cleartext_Tx_Sensitive_Info__send_21.java	177	CWE319_Cleartext_Tx_Sensitive_Info__send_21.java	196
/home/hyeonji/java-vuln-detection/slicing/output/CPG/cwe319_cpg/cwe319-351-cpg-resolved.bin	tc351_flow4	CWE319_Cleartext_Tx_Sensitive_Info__send_21.java	230	CWE319_Cleartext_Tx_Sensitive_Info__send_21.java	247
/home/hyeonji/java-vuln-detection/slicing/output/CPG/cwe319_cpg/cwe319-352-cpg-resolved.bin	tc352_flow1	CWE319_Cleartext_Tx_Sensitive_Info__send_22a.java	41	CWE319_Cleartext_Tx_Sensitive_Info__send_22b.java	42
/home/hyeonji/java-vuln-detection/slicing/output/CPG/cwe319_cpg/cwe319-352-cpg-resolved.bin	tc352_flow2	CWE319_Cleartext_Tx_Sensitive_Info__send_22a.java	70	CWE319_Cleartext_Tx_Sensitive_Info__send_22b.java	98
/home/hyeonji/java-vuln-detection/slicing/output/CPG/cwe319_cpg/cwe319-352-cpg-resolved.bin	tc352_flow3	CWE319_Cleartext_Tx_Sensitive_Info__send_22a.java	86	CWE319_Cleartext_Tx_Sensitive_Info__send_22b.java	141
/home/hyeonji/java-vuln-detection/slicing/output/CPG/cwe319_cpg/cwe319-352-cpg-resolved.bin	tc352_flow4	CWE319_Cleartext_Tx_Sensitive_Info__send_22a.java	98	CWE319_Cleartext_Tx_Sensitive_Info__send_22b.java	187
/home/hyeonji/java-vuln-detection/slicing/output/CPG/cwe319_cpg/cwe319-353-cpg-resolved.bin	tc353_flow1	CWE319_Cleartext_Tx_Sensitive_Info__send_31.java	44	CWE319_Cleartext_Tx_Sensitive_Info__send_31.java	59
/home/hyeonji/java-vuln-detection/slicing/output/CPG/cwe319_cpg/cwe319-353-cpg-resolved.bin	tc353_flow2	CWE319_Cleartext_Tx_Sensitive_Info__send_31.java	158	CWE319_Cleartext_Tx_Sensitive_Info__send_31.java	175
/home/hyeonji/java-vuln-detection/slicing/output/CPG/cwe319_cpg/cwe319-353-cpg-resolved.bin	tc353_flow3	CWE319_Cleartext_Tx_Sensitive_Info__send_31.java	102	CWE319_Cleartext_Tx_Sensitive_Info__send_31.java	117
/home/hyeonji/java-vuln-detection/slicing/output/CPG/cwe319_cpg/cwe319-354-cpg-resolved.bin	tc354_flow1	CWE319_Cleartext_Tx_Sensitive_Info__send_41.java	81	CWE319_Cleartext_Tx_Sensitive_Info__send_41.java	44
/home/hyeonji/java-vuln-detection/slicing/output/CPG/cwe319_cpg/cwe319-354-cpg-resolved.bin	tc354_flow2	CWE319_Cleartext_Tx_Sensitive_Info__send_41.java	193	CWE319_Cleartext_Tx_Sensitive_Info__send_41.java	155
/home/hyeonji/java-vuln-detection/slicing/output/CPG/cwe319_cpg/cwe319-354-cpg-resolved.bin	tc354_flow3	CWE319_Cleartext_Tx_Sensitive_Info__send_41.java	137	CWE319_Cleartext_Tx_Sensitive_Info__send_41.java	103
/home/hyeonji/java-vuln-detection/slicing/output/CPG/cwe319_cpg/cwe319-355-cpg-resolved.bin	tc355_flow1	CWE319_Cleartext_Tx_Sensitive_Info__send_42.java	42	CWE319_Cleartext_Tx_Sensitive_Info__send_42.java	59
/home/hyeonji/java-vuln-detection/slicing/output/CPG/cwe319_cpg/cwe319-355-cpg-resolved.bin	tc355_flow2	CWE319_Cleartext_Tx_Sensitive_Info__send_42.java	148	CWE319_Cleartext_Tx_Sensitive_Info__send_42.java	167
/home/hyeonji/java-vuln-detection/slicing/output/CPG/cwe319_cpg/cwe319-355-cpg-resolved.bin	tc355_flow3	CWE319_Cleartext_Tx_Sensitive_Info__send_42.java	93	CWE319_Cleartext_Tx_Sensitive_Info__send_42.java	110
/home/hyeonji/java-vuln-detection/slicing/output/CPG/cwe319_cpg/cwe319-356-cpg-resolved.bin	tc356_flow1	CWE319_Cleartext_Tx_Sensitive_Info__send_45.java	86	CWE319_Cleartext_Tx_Sensitive_Info__send_45.java	49
/home/hyeonji/java-vuln-detection/slicing/output/CPG/cwe319_cpg/cwe319-356-cpg-resolved.bin	tc356_flow2	CWE319_Cleartext_Tx_Sensitive_Info__send_45.java	202	CWE319_Cleartext_Tx_Sensitive_Info__send_45.java	164
/home/hyeonji/java-vuln-detection/slicing/output/CPG/cwe319_cpg/cwe319-356-cpg-resolved.bin	tc356_flow3	CWE319_Cleartext_Tx_Sensitive_Info__send_45.java	144	CWE319_Cleartext_Tx_Sensitive_Info__send_45.java	110
/home/hyeonji/java-vuln-detection/slicing/output/CPG/cwe319_cpg/cwe319-357-cpg-resolved.bin	tc357_flow1	CWE319_Cleartext_Tx_Sensitive_Info__send_51a.java	37	CWE319_Cleartext_Tx_Sensitive_Info__send_51b.java	42
/home/hyeonji/java-vuln-detection/slicing/output/CPG/cwe319_cpg/cwe319-357-cpg-resolved.bin	tc357_flow2	CWE319_Cleartext_Tx_Sensitive_Info__send_51a.java	69	CWE319_Cleartext_Tx_Sensitive_Info__send_51b.java	124
/home/hyeonji/java-vuln-detection/slicing/output/CPG/cwe319_cpg/cwe319-357-cpg-resolved.bin	tc357_flow3	CWE319_Cleartext_Tx_Sensitive_Info__send_51a.java	54	CWE319_Cleartext_Tx_Sensitive_Info__send_51b.java	82
/home/hyeonji/java-vuln-detection/slicing/output/CPG/cwe319_cpg/cwe319-358-cpg-resolved.bin	tc358_flow1	CWE319_Cleartext_Tx_Sensitive_Info__send_52a.java	37	CWE319_Cleartext_Tx_Sensitive_Info__send_52c.java	42
/home/hyeonji/java-vuln-detection/slicing/output/CPG/cwe319_cpg/cwe319-358-cpg-resolved.bin	tc358_flow2	CWE319_Cleartext_Tx_Sensitive_Info__send_52a.java	69	CWE319_Cleartext_Tx_Sensitive_Info__send_52c.java	124
/home/hyeonji/java-vuln-detection/slicing/output/CPG/cwe319_cpg/cwe319-358-cpg-resolved.bin	tc358_flow3	CWE319_Cleartext_Tx_Sensitive_Info__send_52a.java	54	CWE319_Cleartext_Tx_Sensitive_Info__send_52c.java	82
/home/hyeonji/java-vuln-detection/slicing/output/CPG/cwe319_cpg/cwe319-359-cpg-resolved.bin	tc359_flow1	CWE319_Cleartext_Tx_Sensitive_Info__send_53a.java	37	CWE319_Cleartext_Tx_Sensitive_Info__send_53d.java	42
/home/hyeonji/java-vuln-detection/slicing/output/CPG/cwe319_cpg/cwe319-359-cpg-resolved.bin	tc359_flow2	CWE319_Cleartext_Tx_Sensitive_Info__send_53a.java	69	CWE319_Cleartext_Tx_Sensitive_Info__send_53d.java	124
/home/hyeonji/java-vuln-detection/slicing/output/CPG/cwe319_cpg/cwe319-359-cpg-resolved.bin	tc359_flow3	CWE319_Cleartext_Tx_Sensitive_Info__send_53a.java	54	CWE319_Cleartext_Tx_Sensitive_Info__send_53d.java	82
/home/hyeonji/java-vuln-detection/slicing/output/CPG/cwe319_cpg/cwe319-360-cpg-resolved.bin	tc360_flow1	CWE319_Cleartext_Tx_Sensitive_Info__send_54a.java	37	CWE319_Cleartext_Tx_Sensitive_Info__send_54e.java	42
/home/hyeonji/java-vuln-detection/slicing/output/CPG/cwe319_cpg/cwe319-360-cpg-resolved.bin	tc360_flow2	CWE319_Cleartext_Tx_Sensitive_Info__send_54a.java	69	CWE319_Cleartext_Tx_Sensitive_Info__send_54e.java	124
/home/hyeonji/java-vuln-detection/slicing/output/CPG/cwe319_cpg/cwe319-360-cpg-resolved.bin	tc360_flow3	CWE319_Cleartext_Tx_Sensitive_Info__send_54a.java	54	CWE319_Cleartext_Tx_Sensitive_Info__send_54e.java	82
/home/hyeonji/java-vuln-detection/slicing/output/CPG/cwe319_cpg/cwe319-361-cpg-resolved.bin	tc361_flow1	CWE319_Cleartext_Tx_Sensitive_Info__send_61b.java	37	CWE319_Cleartext_Tx_Sensitive_Info__send_61a.java	43
/home/hyeonji/java-vuln-detection/slicing/output/CPG/cwe319_cpg/cwe319-361-cpg-resolved.bin	tc361_flow2	CWE319_Cleartext_Tx_Sensitive_Info__send_61b.java	63	CWE319_Cleartext_Tx_Sensitive_Info__send_61a.java	133
/home/hyeonji/java-vuln-detection/slicing/output/CPG/cwe319_cpg/cwe319-361-cpg-resolved.bin	tc361_flow3	CWE319_Cleartext_Tx_Sensitive_Info__send_61b.java	48	CWE319_Cleartext_Tx_Sensitive_Info__send_61a.java	90
/home/hyeonji/java-vuln-detection/slicing/output/CPG/cwe319_cpg/cwe319-362-cpg-resolved.bin	tc362_flow1	CWE319_Cleartext_Tx_Sensitive_Info__send_66a.java	37	CWE319_Cleartext_Tx_Sensitive_Info__send_66b.java	43
/home/hyeonji/java-vuln-detection/slicing/output/CPG/cwe319_cpg/cwe319-362-cpg-resolved.bin	tc362_flow2	CWE319_Cleartext_Tx_Sensitive_Info__send_66a.java	73	CWE319_Cleartext_Tx_Sensitive_Info__send_66b.java	127
/home/hyeonji/java-vuln-detection/slicing/output/CPG/cwe319_cpg/cwe319-362-cpg-resolved.bin	tc362_flow3	CWE319_Cleartext_Tx_Sensitive_Info__send_66a.java	56	CWE319_Cleartext_Tx_Sensitive_Info__send_66b.java	84
/home/hyeonji/java-vuln-detection/slicing/output/CPG/cwe319_cpg/cwe319-363-cpg-resolved.bin	tc363_flow1	CWE319_Cleartext_Tx_Sensitive_Info__send_67a.java	42	CWE319_Cleartext_Tx_Sensitive_Info__send_67b.java	43
/home/hyeonji/java-vuln-detection/slicing/output/CPG/cwe319_cpg/cwe319-363-cpg-resolved.bin	tc363_flow2	CWE319_Cleartext_Tx_Sensitive_Info__send_67a.java	78	CWE319_Cleartext_Tx_Sensitive_Info__send_67b.java	127
/home/hyeonji/java-vuln-detection/slicing/output/CPG/cwe319_cpg/cwe319-363-cpg-resolved.bin	tc363_flow3	CWE319_Cleartext_Tx_Sensitive_Info__send_67a.java	61	CWE319_Cleartext_Tx_Sensitive_Info__send_67b.java	84
/home/hyeonji/java-vuln-detection/slicing/output/CPG/cwe319_cpg/cwe319-364-cpg-resolved.bin	tc364_flow1	CWE319_Cleartext_Tx_Sensitive_Info__send_68a.java	38	CWE319_Cleartext_Tx_Sensitive_Info__send_68b.java	43
/home/hyeonji/java-vuln-detection/slicing/output/CPG/cwe319_cpg/cwe319-364-cpg-resolved.bin	tc364_flow2	CWE319_Cleartext_Tx_Sensitive_Info__send_68a.java	68	CWE319_Cleartext_Tx_Sensitive_Info__send_68b.java	127
/home/hyeonji/java-vuln-detection/slicing/output/CPG/cwe319_cpg/cwe319-364-cpg-resolved.bin	tc364_flow3	CWE319_Cleartext_Tx_Sensitive_Info__send_68a.java	54	CWE319_Cleartext_Tx_Sensitive_Info__send_68b.java	84
/home/hyeonji/java-vuln-detection/slicing/output/CPG/cwe319_cpg/cwe319-365-cpg-resolved.bin	tc365_flow1	CWE319_Cleartext_Tx_Sensitive_Info__send_71a.java	37	CWE319_Cleartext_Tx_Sensitive_Info__send_71b.java	43
/home/hyeonji/java-vuln-detection/slicing/output/CPG/cwe319_cpg/cwe319-365-cpg-resolved.bin	tc365_flow2	CWE319_Cleartext_Tx_Sensitive_Info__send_71a.java	69	CWE319_Cleartext_Tx_Sensitive_Info__send_71b.java	127
/home/hyeonji/java-vuln-detection/slicing/output/CPG/cwe319_cpg/cwe319-365-cpg-resolved.bin	tc365_flow3	CWE319_Cleartext_Tx_Sensitive_Info__send_71a.java	54	CWE319_Cleartext_Tx_Sensitive_Info__send_71b.java	84
/home/hyeonji/java-vuln-detection/slicing/output/CPG/cwe319_cpg/cwe319-366-cpg-resolved.bin	tc366_flow1	CWE319_Cleartext_Tx_Sensitive_Info__send_72a.java	38	CWE319_Cleartext_Tx_Sensitive_Info__send_72b.java	44
/home/hyeonji/java-vuln-detection/slicing/output/CPG/cwe319_cpg/cwe319-366-cpg-resolved.bin	tc366_flow2	CWE319_Cleartext_Tx_Sensitive_Info__send_72a.java	78	CWE319_Cleartext_Tx_Sensitive_Info__send_72b.java	128
/home/hyeonji/java-vuln-detection/slicing/output/CPG/cwe319_cpg/cwe319-366-cpg-resolved.bin	tc366_flow3	CWE319_Cleartext_Tx_Sensitive_Info__send_72a.java	59	CWE319_Cleartext_Tx_Sensitive_Info__send_72b.java	85
/home/hyeonji/java-vuln-detection/slicing/output/CPG/cwe319_cpg/cwe319-367-cpg-resolved.bin	tc367_flow1	CWE319_Cleartext_Tx_Sensitive_Info__send_73a.java	38	CWE319_Cleartext_Tx_Sensitive_Info__send_73b.java	44
/home/hyeonji/java-vuln-detection/slicing/output/CPG/cwe319_cpg/cwe319-367-cpg-resolved.bin	tc367_flow2	CWE319_Cleartext_Tx_Sensitive_Info__send_73a.java	78	CWE319_Cleartext_Tx_Sensitive_Info__send_73b.java	128
/home/hyeonji/java-vuln-detection/slicing/output/CPG/cwe319_cpg/cwe319-367-cpg-resolved.bin	tc367_flow3	CWE319_Cleartext_Tx_Sensitive_Info__send_73a.java	59	CWE319_Cleartext_Tx_Sensitive_Info__send_73b.java	85
/home/hyeonji/java-vuln-detection/slicing/output/CPG/cwe319_cpg/cwe319-368-cpg-resolved.bin	tc368_flow1	CWE319_Cleartext_Tx_Sensitive_Info__send_74a.java	38	CWE319_Cleartext_Tx_Sensitive_Info__send_74b.java	44
/home/hyeonji/java-vuln-detection/slicing/output/CPG/cwe319_cpg/cwe319-368-cpg-resolved.bin	tc368_flow2	CWE319_Cleartext_Tx_Sensitive_Info__send_74a.java	78	CWE319_Cleartext_Tx_Sensitive_Info__send_74b.java	128
/home/hyeonji/java-vuln-detection/slicing/output/CPG/cwe319_cpg/cwe319-368-cpg-resolved.bin	tc368_flow3	CWE319_Cleartext_Tx_Sensitive_Info__send_74a.java	59	CWE319_Cleartext_Tx_Sensitive_Info__send_74b.java	85
/home/hyeonji/java-vuln-detection/slicing/output/CPG/cwe319_cpg/cwe319-369-cpg-resolved.bin	tc369_flow1	CWE319_Cleartext_Tx_Sensitive_Info__send_75a.java	42	CWE319_Cleartext_Tx_Sensitive_Info__send_75b.java	54
/home/hyeonji/java-vuln-detection/slicing/output/CPG/cwe319_cpg/cwe319-369-cpg-resolved.bin	tc369_flow2	CWE319_Cleartext_Tx_Sensitive_Info__send_75a.java	158	CWE319_Cleartext_Tx_Sensitive_Info__send_75b.java	225
/home/hyeonji/java-vuln-detection/slicing/output/CPG/cwe319_cpg/cwe319-369-cpg-resolved.bin	tc369_flow3	CWE319_Cleartext_Tx_Sensitive_Info__send_75a.java	101	CWE319_Cleartext_Tx_Sensitive_Info__send_75b.java	138
/home/hyeonji/java-vuln-detection/slicing/output/CPG/cwe319_cpg/cwe319-370-cpg-resolved.bin	tc370_flow1	CWE319_Cleartext_Tx_Sensitive_Info__send_81a.java	37	CWE319_Cleartext_Tx_Sensitive_Info__send_81_bad.java	42
/home/hyeonji/java-vuln-detection/slicing/output/CPG/cwe319_cpg/cwe319-370-cpg-resolved.bin	tc370_flow2	CWE319_Cleartext_Tx_Sensitive_Info__send_81a.java	71	CWE319_Cleartext_Tx_Sensitive_Info__send_81_goodB2G.java	44
/home/hyeonji/java-vuln-detection/slicing/output/CPG/cwe319_cpg/cwe319-370-cpg-resolved.bin	tc370_flow3	CWE319_Cleartext_Tx_Sensitive_Info__send_81a.java	55	CWE319_Cleartext_Tx_Sensitive_Info__send_81_goodG2B.java	42
