/home/swlab-jueon/swvul/tools/java-vuln-detection/slicing/output/CPG/c/cwe194_cpg/cwe194-1-cpg-resolved.bin	tc1_flow1	CWE194_Unexpected_Sign_Extension__connect_socket_malloc_01.c	84	CWE194_Unexpected_Sign_Extension__connect_socket_malloc_01.c	120
/home/swlab-jueon/swvul/tools/java-vuln-detection/slicing/output/CPG/c/cwe194_cpg/cwe194-1-cpg-resolved.bin	tc1_flow2	CWE194_Unexpected_Sign_Extension__connect_socket_malloc_01.c	141	CWE194_Unexpected_Sign_Extension__connect_socket_malloc_01.c	147
/home/swlab-jueon/swvul/tools/java-vuln-detection/slicing/output/CPG/c/cwe194_cpg/cwe194-2-cpg-resolved.bin	tc2_flow1	CWE194_Unexpected_Sign_Extension__connect_socket_malloc_02.c	86	CWE194_Unexpected_Sign_Extension__connect_socket_malloc_02.c	123
/home/swlab-jueon/swvul/tools/java-vuln-detection/slicing/output/CPG/c/cwe194_cpg/cwe194-2-cpg-resolved.bin	tc2_flow2	CWE194_Unexpected_Sign_Extension__connect_socket_malloc_02.c	151	CWE194_Unexpected_Sign_Extension__connect_socket_malloc_02.c	158
/home/swlab-jueon/swvul/tools/java-vuln-detection/slicing/output/CPG/c/cwe194_cpg/cwe194-2-cpg-resolved.bin	tc2_flow3	CWE194_Unexpected_Sign_Extension__connect_socket_malloc_02.c	177	CWE194_Unexpected_Sign_Extension__connect_socket_malloc_02.c	184
/home/swlab-jueon/swvul/tools/java-vuln-detection/slicing/output/CPG/c/cwe194_cpg/cwe194-3-cpg-resolved.bin	tc3_flow1	CWE194_Unexpected_Sign_Extension__connect_socket_malloc_03.c	86	CWE194_Unexpected_Sign_Extension__connect_socket_malloc_03.c	123
/home/swlab-jueon/swvul/tools/java-vuln-detection/slicing/output/CPG/c/cwe194_cpg/cwe194-3-cpg-resolved.bin	tc3_flow2	CWE194_Unexpected_Sign_Extension__connect_socket_malloc_03.c	151	CWE194_Unexpected_Sign_Extension__connect_socket_malloc_03.c	158
/home/swlab-jueon/swvul/tools/java-vuln-detection/slicing/output/CPG/c/cwe194_cpg/cwe194-3-cpg-resolved.bin	tc3_flow3	CWE194_Unexpected_Sign_Extension__connect_socket_malloc_03.c	177	CWE194_Unexpected_Sign_Extension__connect_socket_malloc_03.c	184
/home/swlab-jueon/swvul/tools/java-vuln-detection/slicing/output/CPG/c/cwe194_cpg/cwe194-4-cpg-resolved.bin	tc4_flow1	CWE194_Unexpected_Sign_Extension__connect_socket_malloc_04.c	93	CWE194_Unexpected_Sign_Extension__connect_socket_malloc_04.c	130
/home/swlab-jueon/swvul/tools/java-vuln-detection/slicing/output/CPG/c/cwe194_cpg/cwe194-4-cpg-resolved.bin	tc4_flow2	CWE194_Unexpected_Sign_Extension__connect_socket_malloc_04.c	158	CWE194_Unexpected_Sign_Extension__connect_socket_malloc_04.c	165
/home/swlab-jueon/swvul/tools/java-vuln-detection/slicing/output/CPG/c/cwe194_cpg/cwe194-4-cpg-resolved.bin	tc4_flow3	CWE194_Unexpected_Sign_Extension__connect_socket_malloc_04.c	184	CWE194_Unexpected_Sign_Extension__connect_socket_malloc_04.c	191
/home/swlab-jueon/swvul/tools/java-vuln-detection/slicing/output/CPG/c/cwe194_cpg/cwe194-5-cpg-resolved.bin	tc5_flow1	CWE194_Unexpected_Sign_Extension__connect_socket_malloc_05.c	93	CWE194_Unexpected_Sign_Extension__connect_socket_malloc_05.c	130
/home/swlab-jueon/swvul/tools/java-vuln-detection/slicing/output/CPG/c/cwe194_cpg/cwe194-5-cpg-resolved.bin	tc5_flow2	CWE194_Unexpected_Sign_Extension__connect_socket_malloc_05.c	158	CWE194_Unexpected_Sign_Extension__connect_socket_malloc_05.c	165
/home/swlab-jueon/swvul/tools/java-vuln-detection/slicing/output/CPG/c/cwe194_cpg/cwe194-5-cpg-resolved.bin	tc5_flow3	CWE194_Unexpected_Sign_Extension__connect_socket_malloc_05.c	184	CWE194_Unexpected_Sign_Extension__connect_socket_malloc_05.c	191
/home/swlab-jueon/swvul/tools/java-vuln-detection/slicing/output/CPG/c/cwe194_cpg/cwe194-6-cpg-resolved.bin	tc6_flow1	CWE194_Unexpected_Sign_Extension__connect_socket_malloc_06.c	90	CWE194_Unexpected_Sign_Extension__connect_socket_malloc_06.c	127
/home/swlab-jueon/swvul/tools/java-vuln-detection/slicing/output/CPG/c/cwe194_cpg/cwe194-6-cpg-resolved.bin	tc6_flow2	CWE194_Unexpected_Sign_Extension__connect_socket_malloc_06.c	155	CWE194_Unexpected_Sign_Extension__connect_socket_malloc_06.c	162
/home/swlab-jueon/swvul/tools/java-vuln-detection/slicing/output/CPG/c/cwe194_cpg/cwe194-6-cpg-resolved.bin	tc6_flow3	CWE194_Unexpected_Sign_Extension__connect_socket_malloc_06.c	181	CWE194_Unexpected_Sign_Extension__connect_socket_malloc_06.c	188
/home/swlab-jueon/swvul/tools/java-vuln-detection/slicing/output/CPG/c/cwe194_cpg/cwe194-7-cpg-resolved.bin	tc7_flow1	CWE194_Unexpected_Sign_Extension__connect_socket_malloc_07.c	92	CWE194_Unexpected_Sign_Extension__connect_socket_malloc_07.c	129
/home/swlab-jueon/swvul/tools/java-vuln-detection/slicing/output/CPG/c/cwe194_cpg/cwe194-7-cpg-resolved.bin	tc7_flow2	CWE194_Unexpected_Sign_Extension__connect_socket_malloc_07.c	157	CWE194_Unexpected_Sign_Extension__connect_socket_malloc_07.c	164
/home/swlab-jueon/swvul/tools/java-vuln-detection/slicing/output/CPG/c/cwe194_cpg/cwe194-7-cpg-resolved.bin	tc7_flow3	CWE194_Unexpected_Sign_Extension__connect_socket_malloc_07.c	183	CWE194_Unexpected_Sign_Extension__connect_socket_malloc_07.c	190
/home/swlab-jueon/swvul/tools/java-vuln-detection/slicing/output/CPG/c/cwe194_cpg/cwe194-8-cpg-resolved.bin	tc8_flow1	CWE194_Unexpected_Sign_Extension__connect_socket_malloc_08.c	100	CWE194_Unexpected_Sign_Extension__connect_socket_malloc_08.c	137
/home/swlab-jueon/swvul/tools/java-vuln-detection/slicing/output/CPG/c/cwe194_cpg/cwe194-8-cpg-resolved.bin	tc8_flow2	CWE194_Unexpected_Sign_Extension__connect_socket_malloc_08.c	165	CWE194_Unexpected_Sign_Extension__connect_socket_malloc_08.c	172
/home/swlab-jueon/swvul/tools/java-vuln-detection/slicing/output/CPG/c/cwe194_cpg/cwe194-8-cpg-resolved.bin	tc8_flow3	CWE194_Unexpected_Sign_Extension__connect_socket_malloc_08.c	191	CWE194_Unexpected_Sign_Extension__connect_socket_malloc_08.c	198
/home/swlab-jueon/swvul/tools/java-vuln-detection/slicing/output/CPG/c/cwe194_cpg/cwe194-9-cpg-resolved.bin	tc9_flow1	CWE194_Unexpected_Sign_Extension__connect_socket_malloc_09.c	86	CWE194_Unexpected_Sign_Extension__connect_socket_malloc_09.c	123
/home/swlab-jueon/swvul/tools/java-vuln-detection/slicing/output/CPG/c/cwe194_cpg/cwe194-9-cpg-resolved.bin	tc9_flow2	CWE194_Unexpected_Sign_Extension__connect_socket_malloc_09.c	151	CWE194_Unexpected_Sign_Extension__connect_socket_malloc_09.c	158
/home/swlab-jueon/swvul/tools/java-vuln-detection/slicing/output/CPG/c/cwe194_cpg/cwe194-9-cpg-resolved.bin	tc9_flow3	CWE194_Unexpected_Sign_Extension__connect_socket_malloc_09.c	177	CWE194_Unexpected_Sign_Extension__connect_socket_malloc_09.c	184
/home/swlab-jueon/swvul/tools/java-vuln-detection/slicing/output/CPG/c/cwe194_cpg/cwe194-10-cpg-resolved.bin	tc10_flow1	CWE194_Unexpected_Sign_Extension__connect_socket_malloc_10.c	86	CWE194_Unexpected_Sign_Extension__connect_socket_malloc_10.c	123
/home/swlab-jueon/swvul/tools/java-vuln-detection/slicing/output/CPG/c/cwe194_cpg/cwe194-10-cpg-resolved.bin	tc10_flow2	CWE194_Unexpected_Sign_Extension__connect_socket_malloc_10.c	151	CWE194_Unexpected_Sign_Extension__connect_socket_malloc_10.c	158
/home/swlab-jueon/swvul/tools/java-vuln-detection/slicing/output/CPG/c/cwe194_cpg/cwe194-10-cpg-resolved.bin	tc10_flow3	CWE194_Unexpected_Sign_Extension__connect_socket_malloc_10.c	177	CWE194_Unexpected_Sign_Extension__connect_socket_malloc_10.c	184
/home/swlab-jueon/swvul/tools/java-vuln-detection/slicing/output/CPG/c/cwe194_cpg/cwe194-11-cpg-resolved.bin	tc11_flow1	CWE194_Unexpected_Sign_Extension__connect_socket_malloc_11.c	86	CWE194_Unexpected_Sign_Extension__connect_socket_malloc_11.c	123
/home/swlab-jueon/swvul/tools/java-vuln-detection/slicing/output/CPG/c/cwe194_cpg/cwe194-11-cpg-resolved.bin	tc11_flow2	CWE194_Unexpected_Sign_Extension__connect_socket_malloc_11.c	151	CWE194_Unexpected_Sign_Extension__connect_socket_malloc_11.c	158
/home/swlab-jueon/swvul/tools/java-vuln-detection/slicing/output/CPG/c/cwe194_cpg/cwe194-11-cpg-resolved.bin	tc11_flow3	CWE194_Unexpected_Sign_Extension__connect_socket_malloc_11.c	177	CWE194_Unexpected_Sign_Extension__connect_socket_malloc_11.c	184
/home/swlab-jueon/swvul/tools/java-vuln-detection/slicing/output/CPG/c/cwe194_cpg/cwe194-12-cpg-resolved.bin	tc12_flow1	CWE194_Unexpected_Sign_Extension__connect_socket_malloc_12.c	86	CWE194_Unexpected_Sign_Extension__connect_socket_malloc_12.c	128
/home/swlab-jueon/swvul/tools/java-vuln-detection/slicing/output/CPG/c/cwe194_cpg/cwe194-12-cpg-resolved.bin	tc12_flow2	CWE194_Unexpected_Sign_Extension__connect_socket_malloc_12.c	152	CWE194_Unexpected_Sign_Extension__connect_socket_malloc_12.c	164
/home/swlab-jueon/swvul/tools/java-vuln-detection/slicing/output/CPG/c/cwe194_cpg/cwe194-13-cpg-resolved.bin	tc13_flow1	CWE194_Unexpected_Sign_Extension__connect_socket_malloc_13.c	86	CWE194_Unexpected_Sign_Extension__connect_socket_malloc_13.c	123
/home/swlab-jueon/swvul/tools/java-vuln-detection/slicing/output/CPG/c/cwe194_cpg/cwe194-13-cpg-resolved.bin	tc13_flow2	CWE194_Unexpected_Sign_Extension__connect_socket_malloc_13.c	151	CWE194_Unexpected_Sign_Extension__connect_socket_malloc_13.c	158
/home/swlab-jueon/swvul/tools/java-vuln-detection/slicing/output/CPG/c/cwe194_cpg/cwe194-13-cpg-resolved.bin	tc13_flow3	CWE194_Unexpected_Sign_Extension__connect_socket_malloc_13.c	177	CWE194_Unexpected_Sign_Extension__connect_socket_malloc_13.c	184
/home/swlab-jueon/swvul/tools/java-vuln-detection/slicing/output/CPG/c/cwe194_cpg/cwe194-14-cpg-resolved.bin	tc14_flow1	CWE194_Unexpected_Sign_Extension__connect_socket_malloc_14.c	86	CWE194_Unexpected_Sign_Extension__connect_socket_malloc_14.c	123
/home/swlab-jueon/swvul/tools/java-vuln-detection/slicing/output/CPG/c/cwe194_cpg/cwe194-14-cpg-resolved.bin	tc14_flow2	CWE194_Unexpected_Sign_Extension__connect_socket_malloc_14.c	151	CWE194_Unexpected_Sign_Extension__connect_socket_malloc_14.c	158
/home/swlab-jueon/swvul/tools/java-vuln-detection/slicing/output/CPG/c/cwe194_cpg/cwe194-14-cpg-resolved.bin	tc14_flow3	CWE194_Unexpected_Sign_Extension__connect_socket_malloc_14.c	177	CWE194_Unexpected_Sign_Extension__connect_socket_malloc_14.c	184
/home/swlab-jueon/swvul/tools/java-vuln-detection/slicing/output/CPG/c/cwe194_cpg/cwe194-15-cpg-resolved.bin	tc15_flow1	CWE194_Unexpected_Sign_Extension__connect_socket_malloc_15.c	87	CWE194_Unexpected_Sign_Extension__connect_socket_malloc_15.c	129
/home/swlab-jueon/swvul/tools/java-vuln-detection/slicing/output/CPG/c/cwe194_cpg/cwe194-15-cpg-resolved.bin	tc15_flow2	CWE194_Unexpected_Sign_Extension__connect_socket_malloc_15.c	157	CWE194_Unexpected_Sign_Extension__connect_socket_malloc_15.c	165
/home/swlab-jueon/swvul/tools/java-vuln-detection/slicing/output/CPG/c/cwe194_cpg/cwe194-15-cpg-resolved.bin	tc15_flow3	CWE194_Unexpected_Sign_Extension__connect_socket_malloc_15.c	185	CWE194_Unexpected_Sign_Extension__connect_socket_malloc_15.c	197
/home/swlab-jueon/swvul/tools/java-vuln-detection/slicing/output/CPG/c/cwe194_cpg/cwe194-16-cpg-resolved.bin	tc16_flow1	CWE194_Unexpected_Sign_Extension__connect_socket_malloc_16.c	86	CWE194_Unexpected_Sign_Extension__connect_socket_malloc_16.c	124
/home/swlab-jueon/swvul/tools/java-vuln-detection/slicing/output/CPG/c/cwe194_cpg/cwe194-16-cpg-resolved.bin	tc16_flow2	CWE194_Unexpected_Sign_Extension__connect_socket_malloc_16.c	147	CWE194_Unexpected_Sign_Extension__connect_socket_malloc_16.c	155
/home/swlab-jueon/swvul/tools/java-vuln-detection/slicing/output/CPG/c/cwe194_cpg/cwe194-17-cpg-resolved.bin	tc17_flow1	CWE194_Unexpected_Sign_Extension__connect_socket_malloc_17.c	87	CWE194_Unexpected_Sign_Extension__connect_socket_malloc_17.c	124
/home/swlab-jueon/swvul/tools/java-vuln-detection/slicing/output/CPG/c/cwe194_cpg/cwe194-17-cpg-resolved.bin	tc17_flow2	CWE194_Unexpected_Sign_Extension__connect_socket_malloc_17.c	148	CWE194_Unexpected_Sign_Extension__connect_socket_malloc_17.c	155
/home/swlab-jueon/swvul/tools/java-vuln-detection/slicing/output/CPG/c/cwe194_cpg/cwe194-18-cpg-resolved.bin	tc18_flow1	CWE194_Unexpected_Sign_Extension__connect_socket_malloc_18.c	86	CWE194_Unexpected_Sign_Extension__connect_socket_malloc_18.c	122
/home/swlab-jueon/swvul/tools/java-vuln-detection/slicing/output/CPG/c/cwe194_cpg/cwe194-18-cpg-resolved.bin	tc18_flow2	CWE194_Unexpected_Sign_Extension__connect_socket_malloc_18.c	145	CWE194_Unexpected_Sign_Extension__connect_socket_malloc_18.c	151
/home/swlab-jueon/swvul/tools/java-vuln-detection/slicing/output/CPG/c/cwe194_cpg/cwe194-19-cpg-resolved.bin	tc19_flow1	CWE194_Unexpected_Sign_Extension__connect_socket_malloc_21.c	86	CWE194_Unexpected_Sign_Extension__connect_socket_malloc_21.c	133
/home/swlab-jueon/swvul/tools/java-vuln-detection/slicing/output/CPG/c/cwe194_cpg/cwe194-19-cpg-resolved.bin	tc19_flow2	CWE194_Unexpected_Sign_Extension__connect_socket_malloc_21.c	162	CWE194_Unexpected_Sign_Extension__connect_socket_malloc_21.c	179
/home/swlab-jueon/swvul/tools/java-vuln-detection/slicing/output/CPG/c/cwe194_cpg/cwe194-19-cpg-resolved.bin	tc19_flow3	CWE194_Unexpected_Sign_Extension__connect_socket_malloc_21.c	195	CWE194_Unexpected_Sign_Extension__connect_socket_malloc_21.c	212
/home/swlab-jueon/swvul/tools/java-vuln-detection/slicing/output/CPG/c/cwe194_cpg/cwe194-20-cpg-resolved.bin	tc20_flow1	CWE194_Unexpected_Sign_Extension__connect_socket_malloc_22b.c	86	CWE194_Unexpected_Sign_Extension__connect_socket_malloc_22a.c	38
/home/swlab-jueon/swvul/tools/java-vuln-detection/slicing/output/CPG/c/cwe194_cpg/cwe194-20-cpg-resolved.bin	tc20_flow2	CWE194_Unexpected_Sign_Extension__connect_socket_malloc_22b.c	140	CWE194_Unexpected_Sign_Extension__connect_socket_malloc_22a.c	71
/home/swlab-jueon/swvul/tools/java-vuln-detection/slicing/output/CPG/c/cwe194_cpg/cwe194-20-cpg-resolved.bin	tc20_flow3	CWE194_Unexpected_Sign_Extension__connect_socket_malloc_22b.c	151	CWE194_Unexpected_Sign_Extension__connect_socket_malloc_22a.c	96
/home/swlab-jueon/swvul/tools/java-vuln-detection/slicing/output/CPG/c/cwe194_cpg/cwe194-21-cpg-resolved.bin	tc21_flow1	CWE194_Unexpected_Sign_Extension__connect_socket_malloc_31.c	84	CWE194_Unexpected_Sign_Extension__connect_socket_malloc_31.c	123
/home/swlab-jueon/swvul/tools/java-vuln-detection/slicing/output/CPG/c/cwe194_cpg/cwe194-21-cpg-resolved.bin	tc21_flow2	CWE194_Unexpected_Sign_Extension__connect_socket_malloc_31.c	145	CWE194_Unexpected_Sign_Extension__connect_socket_malloc_31.c	154
/home/swlab-jueon/swvul/tools/java-vuln-detection/slicing/output/CPG/c/cwe194_cpg/cwe194-22-cpg-resolved.bin	tc22_flow1	CWE194_Unexpected_Sign_Extension__connect_socket_malloc_32.c	88	CWE194_Unexpected_Sign_Extension__connect_socket_malloc_32.c	128
/home/swlab-jueon/swvul/tools/java-vuln-detection/slicing/output/CPG/c/cwe194_cpg/cwe194-22-cpg-resolved.bin	tc22_flow2	CWE194_Unexpected_Sign_Extension__connect_socket_malloc_32.c	154	CWE194_Unexpected_Sign_Extension__connect_socket_malloc_32.c	164
/home/swlab-jueon/swvul/tools/java-vuln-detection/slicing/output/CPG/c/cwe194_cpg/cwe194-23-cpg-resolved.bin	tc23_flow1	CWE194_Unexpected_Sign_Extension__connect_socket_malloc_33.cpp	88	CWE194_Unexpected_Sign_Extension__connect_socket_malloc_33.cpp	126
/home/swlab-jueon/swvul/tools/java-vuln-detection/slicing/output/CPG/c/cwe194_cpg/cwe194-23-cpg-resolved.bin	tc23_flow2	CWE194_Unexpected_Sign_Extension__connect_socket_malloc_33.cpp	149	CWE194_Unexpected_Sign_Extension__connect_socket_malloc_33.cpp	157
/home/swlab-jueon/swvul/tools/java-vuln-detection/slicing/output/CPG/c/cwe194_cpg/cwe194-24-cpg-resolved.bin	tc24_flow1	CWE194_Unexpected_Sign_Extension__connect_socket_malloc_34.c	91	CWE194_Unexpected_Sign_Extension__connect_socket_malloc_34.c	130
/home/swlab-jueon/swvul/tools/java-vuln-detection/slicing/output/CPG/c/cwe194_cpg/cwe194-24-cpg-resolved.bin	tc24_flow2	CWE194_Unexpected_Sign_Extension__connect_socket_malloc_34.c	153	CWE194_Unexpected_Sign_Extension__connect_socket_malloc_34.c	162
/home/swlab-jueon/swvul/tools/java-vuln-detection/slicing/output/CPG/c/cwe194_cpg/cwe194-25-cpg-resolved.bin	tc25_flow1	CWE194_Unexpected_Sign_Extension__connect_socket_malloc_41.c	101	CWE194_Unexpected_Sign_Extension__connect_socket_malloc_41.c	51
/home/swlab-jueon/swvul/tools/java-vuln-detection/slicing/output/CPG/c/cwe194_cpg/cwe194-25-cpg-resolved.bin	tc25_flow2	CWE194_Unexpected_Sign_Extension__connect_socket_malloc_41.c	163	CWE194_Unexpected_Sign_Extension__connect_socket_malloc_41.c	146
/home/swlab-jueon/swvul/tools/java-vuln-detection/slicing/output/CPG/c/cwe194_cpg/cwe194-26-cpg-resolved.bin	tc26_flow1	CWE194_Unexpected_Sign_Extension__connect_socket_malloc_42.c	81	CWE194_Unexpected_Sign_Extension__connect_socket_malloc_42.c	126
/home/swlab-jueon/swvul/tools/java-vuln-detection/slicing/output/CPG/c/cwe194_cpg/cwe194-26-cpg-resolved.bin	tc26_flow2	CWE194_Unexpected_Sign_Extension__connect_socket_malloc_42.c	143	CWE194_Unexpected_Sign_Extension__connect_socket_malloc_42.c	159
/home/swlab-jueon/swvul/tools/java-vuln-detection/slicing/output/CPG/c/cwe194_cpg/cwe194-27-cpg-resolved.bin	tc27_flow1	CWE194_Unexpected_Sign_Extension__connect_socket_malloc_43.cpp	84	CWE194_Unexpected_Sign_Extension__connect_socket_malloc_43.cpp	128
/home/swlab-jueon/swvul/tools/java-vuln-detection/slicing/output/CPG/c/cwe194_cpg/cwe194-27-cpg-resolved.bin	tc27_flow2	CWE194_Unexpected_Sign_Extension__connect_socket_malloc_43.cpp	146	CWE194_Unexpected_Sign_Extension__connect_socket_malloc_43.cpp	160
/home/swlab-jueon/swvul/tools/java-vuln-detection/slicing/output/CPG/c/cwe194_cpg/cwe194-28-cpg-resolved.bin	tc28_flow1	CWE194_Unexpected_Sign_Extension__connect_socket_malloc_44.c	103	CWE194_Unexpected_Sign_Extension__connect_socket_malloc_44.c	51
/home/swlab-jueon/swvul/tools/java-vuln-detection/slicing/output/CPG/c/cwe194_cpg/cwe194-28-cpg-resolved.bin	tc28_flow2	CWE194_Unexpected_Sign_Extension__connect_socket_malloc_44.c	167	CWE194_Unexpected_Sign_Extension__connect_socket_malloc_44.c	150
/home/swlab-jueon/swvul/tools/java-vuln-detection/slicing/output/CPG/c/cwe194_cpg/cwe194-29-cpg-resolved.bin	tc29_flow1	CWE194_Unexpected_Sign_Extension__connect_socket_malloc_45.c	105	CWE194_Unexpected_Sign_Extension__connect_socket_malloc_45.c	55
/home/swlab-jueon/swvul/tools/java-vuln-detection/slicing/output/CPG/c/cwe194_cpg/cwe194-29-cpg-resolved.bin	tc29_flow2	CWE194_Unexpected_Sign_Extension__connect_socket_malloc_45.c	169	CWE194_Unexpected_Sign_Extension__connect_socket_malloc_45.c	153
/home/swlab-jueon/swvul/tools/java-vuln-detection/slicing/output/CPG/c/cwe194_cpg/cwe194-30-cpg-resolved.bin	tc30_flow1	CWE194_Unexpected_Sign_Extension__connect_socket_malloc_51a.c	87	CWE194_Unexpected_Sign_Extension__connect_socket_malloc_51b.c	53
/home/swlab-jueon/swvul/tools/java-vuln-detection/slicing/output/CPG/c/cwe194_cpg/cwe194-30-cpg-resolved.bin	tc30_flow2	CWE194_Unexpected_Sign_Extension__connect_socket_malloc_51a.c	135	CWE194_Unexpected_Sign_Extension__connect_socket_malloc_51b.c	75
/home/swlab-jueon/swvul/tools/java-vuln-detection/slicing/output/CPG/c/cwe194_cpg/cwe194-31-cpg-resolved.bin	tc31_flow1	CWE194_Unexpected_Sign_Extension__connect_socket_malloc_52a.c	87	CWE194_Unexpected_Sign_Extension__connect_socket_malloc_52c.c	53
/home/swlab-jueon/swvul/tools/java-vuln-detection/slicing/output/CPG/c/cwe194_cpg/cwe194-31-cpg-resolved.bin	tc31_flow2	CWE194_Unexpected_Sign_Extension__connect_socket_malloc_52a.c	135	CWE194_Unexpected_Sign_Extension__connect_socket_malloc_52c.c	75
/home/swlab-jueon/swvul/tools/java-vuln-detection/slicing/output/CPG/c/cwe194_cpg/cwe194-32-cpg-resolved.bin	tc32_flow1	CWE194_Unexpected_Sign_Extension__connect_socket_malloc_53a.c	87	CWE194_Unexpected_Sign_Extension__connect_socket_malloc_53d.c	53
/home/swlab-jueon/swvul/tools/java-vuln-detection/slicing/output/CPG/c/cwe194_cpg/cwe194-32-cpg-resolved.bin	tc32_flow2	CWE194_Unexpected_Sign_Extension__connect_socket_malloc_53a.c	135	CWE194_Unexpected_Sign_Extension__connect_socket_malloc_53d.c	75
/home/swlab-jueon/swvul/tools/java-vuln-detection/slicing/output/CPG/c/cwe194_cpg/cwe194-33-cpg-resolved.bin	tc33_flow1	CWE194_Unexpected_Sign_Extension__connect_socket_malloc_54a.c	87	CWE194_Unexpected_Sign_Extension__connect_socket_malloc_54e.c	53
/home/swlab-jueon/swvul/tools/java-vuln-detection/slicing/output/CPG/c/cwe194_cpg/cwe194-33-cpg-resolved.bin	tc33_flow2	CWE194_Unexpected_Sign_Extension__connect_socket_malloc_54a.c	135	CWE194_Unexpected_Sign_Extension__connect_socket_malloc_54e.c	75
/home/swlab-jueon/swvul/tools/java-vuln-detection/slicing/output/CPG/c/cwe194_cpg/cwe194-34-cpg-resolved.bin	tc34_flow1	CWE194_Unexpected_Sign_Extension__connect_socket_malloc_61b.c	81	CWE194_Unexpected_Sign_Extension__connect_socket_malloc_61a.c	58
/home/swlab-jueon/swvul/tools/java-vuln-detection/slicing/output/CPG/c/cwe194_cpg/cwe194-34-cpg-resolved.bin	tc34_flow2	CWE194_Unexpected_Sign_Extension__connect_socket_malloc_61b.c	123	CWE194_Unexpected_Sign_Extension__connect_socket_malloc_61a.c	86
/home/swlab-jueon/swvul/tools/java-vuln-detection/slicing/output/CPG/c/cwe194_cpg/cwe194-35-cpg-resolved.bin	tc35_flow1	CWE194_Unexpected_Sign_Extension__connect_socket_malloc_62b.cpp	84	CWE194_Unexpected_Sign_Extension__connect_socket_malloc_62a.cpp	38
/home/swlab-jueon/swvul/tools/java-vuln-detection/slicing/output/CPG/c/cwe194_cpg/cwe194-35-cpg-resolved.bin	tc35_flow2	CWE194_Unexpected_Sign_Extension__connect_socket_malloc_62b.cpp	125	CWE194_Unexpected_Sign_Extension__connect_socket_malloc_62a.cpp	66
/home/swlab-jueon/swvul/tools/java-vuln-detection/slicing/output/CPG/c/cwe194_cpg/cwe194-36-cpg-resolved.bin	tc36_flow1	CWE194_Unexpected_Sign_Extension__connect_socket_malloc_63a.c	87	CWE194_Unexpected_Sign_Extension__connect_socket_malloc_63b.c	52
/home/swlab-jueon/swvul/tools/java-vuln-detection/slicing/output/CPG/c/cwe194_cpg/cwe194-36-cpg-resolved.bin	tc36_flow2	CWE194_Unexpected_Sign_Extension__connect_socket_malloc_63a.c	134	CWE194_Unexpected_Sign_Extension__connect_socket_malloc_63b.c	75
/home/swlab-jueon/swvul/tools/java-vuln-detection/slicing/output/CPG/c/cwe194_cpg/cwe194-37-cpg-resolved.bin	tc37_flow1	CWE194_Unexpected_Sign_Extension__connect_socket_malloc_64a.c	87	CWE194_Unexpected_Sign_Extension__connect_socket_malloc_64b.c	55
/home/swlab-jueon/swvul/tools/java-vuln-detection/slicing/output/CPG/c/cwe194_cpg/cwe194-37-cpg-resolved.bin	tc37_flow2	CWE194_Unexpected_Sign_Extension__connect_socket_malloc_64a.c	134	CWE194_Unexpected_Sign_Extension__connect_socket_malloc_64b.c	81
/home/swlab-jueon/swvul/tools/java-vuln-detection/slicing/output/CPG/c/cwe194_cpg/cwe194-38-cpg-resolved.bin	tc38_flow1	CWE194_Unexpected_Sign_Extension__connect_socket_malloc_65a.c	89	CWE194_Unexpected_Sign_Extension__connect_socket_malloc_65b.c	51
/home/swlab-jueon/swvul/tools/java-vuln-detection/slicing/output/CPG/c/cwe194_cpg/cwe194-38-cpg-resolved.bin	tc38_flow2	CWE194_Unexpected_Sign_Extension__connect_socket_malloc_65a.c	138	CWE194_Unexpected_Sign_Extension__connect_socket_malloc_65b.c	73
/home/swlab-jueon/swvul/tools/java-vuln-detection/slicing/output/CPG/c/cwe194_cpg/cwe194-39-cpg-resolved.bin	tc39_flow1	CWE194_Unexpected_Sign_Extension__connect_socket_malloc_66a.c	88	CWE194_Unexpected_Sign_Extension__connect_socket_malloc_66b.c	53
/home/swlab-jueon/swvul/tools/java-vuln-detection/slicing/output/CPG/c/cwe194_cpg/cwe194-39-cpg-resolved.bin	tc39_flow2	CWE194_Unexpected_Sign_Extension__connect_socket_malloc_66a.c	138	CWE194_Unexpected_Sign_Extension__connect_socket_malloc_66b.c	76
/home/swlab-jueon/swvul/tools/java-vuln-detection/slicing/output/CPG/c/cwe194_cpg/cwe194-40-cpg-resolved.bin	tc40_flow1	CWE194_Unexpected_Sign_Extension__connect_socket_malloc_67a.c	93	CWE194_Unexpected_Sign_Extension__connect_socket_malloc_67b.c	57
/home/swlab-jueon/swvul/tools/java-vuln-detection/slicing/output/CPG/c/cwe194_cpg/cwe194-40-cpg-resolved.bin	tc40_flow2	CWE194_Unexpected_Sign_Extension__connect_socket_malloc_67a.c	142	CWE194_Unexpected_Sign_Extension__connect_socket_malloc_67b.c	80
/home/swlab-jueon/swvul/tools/java-vuln-detection/slicing/output/CPG/c/cwe194_cpg/cwe194-41-cpg-resolved.bin	tc41_flow1	CWE194_Unexpected_Sign_Extension__connect_socket_malloc_68a.c	90	CWE194_Unexpected_Sign_Extension__connect_socket_malloc_68b.c	57
/home/swlab-jueon/swvul/tools/java-vuln-detection/slicing/output/CPG/c/cwe194_cpg/cwe194-41-cpg-resolved.bin	tc41_flow2	CWE194_Unexpected_Sign_Extension__connect_socket_malloc_68a.c	139	CWE194_Unexpected_Sign_Extension__connect_socket_malloc_68b.c	80
/home/swlab-jueon/swvul/tools/java-vuln-detection/slicing/output/CPG/c/cwe194_cpg/cwe194-42-cpg-resolved.bin	tc42_flow1	CWE194_Unexpected_Sign_Extension__connect_socket_malloc_72a.cpp	94	CWE194_Unexpected_Sign_Extension__connect_socket_malloc_72b.cpp	36
/home/swlab-jueon/swvul/tools/java-vuln-detection/slicing/output/CPG/c/cwe194_cpg/cwe194-42-cpg-resolved.bin	tc42_flow2	CWE194_Unexpected_Sign_Extension__connect_socket_malloc_72a.cpp	148	CWE194_Unexpected_Sign_Extension__connect_socket_malloc_72b.cpp	59
/home/swlab-jueon/swvul/tools/java-vuln-detection/slicing/output/CPG/c/cwe194_cpg/cwe194-43-cpg-resolved.bin	tc43_flow1	CWE194_Unexpected_Sign_Extension__connect_socket_malloc_73a.cpp	94	CWE194_Unexpected_Sign_Extension__connect_socket_malloc_73b.cpp	36
/home/swlab-jueon/swvul/tools/java-vuln-detection/slicing/output/CPG/c/cwe194_cpg/cwe194-43-cpg-resolved.bin	tc43_flow2	CWE194_Unexpected_Sign_Extension__connect_socket_malloc_73a.cpp	148	CWE194_Unexpected_Sign_Extension__connect_socket_malloc_73b.cpp	59
/home/swlab-jueon/swvul/tools/java-vuln-detection/slicing/output/CPG/c/cwe194_cpg/cwe194-44-cpg-resolved.bin	tc44_flow1	CWE194_Unexpected_Sign_Extension__connect_socket_malloc_74a.cpp	94	CWE194_Unexpected_Sign_Extension__connect_socket_malloc_74b.cpp	36
/home/swlab-jueon/swvul/tools/java-vuln-detection/slicing/output/CPG/c/cwe194_cpg/cwe194-44-cpg-resolved.bin	tc44_flow2	CWE194_Unexpected_Sign_Extension__connect_socket_malloc_74a.cpp	148	CWE194_Unexpected_Sign_Extension__connect_socket_malloc_74b.cpp	59
/home/swlab-jueon/swvul/tools/java-vuln-detection/slicing/output/CPG/c/cwe194_cpg/cwe194-45-cpg-resolved.bin	tc45_flow1	CWE194_Unexpected_Sign_Extension__connect_socket_malloc_81a.cpp	88	CWE194_Unexpected_Sign_Extension__connect_socket_malloc_81_bad.cpp	31
/home/swlab-jueon/swvul/tools/java-vuln-detection/slicing/output/CPG/c/cwe194_cpg/cwe194-45-cpg-resolved.bin	tc45_flow2	CWE194_Unexpected_Sign_Extension__connect_socket_malloc_81a.cpp	134	CWE194_Unexpected_Sign_Extension__connect_socket_malloc_81_goodG2B.cpp	31
/home/swlab-jueon/swvul/tools/java-vuln-detection/slicing/output/CPG/c/cwe194_cpg/cwe194-46-cpg-resolved.bin	tc46_flow1	CWE194_Unexpected_Sign_Extension__connect_socket_malloc_82a.cpp	88	CWE194_Unexpected_Sign_Extension__connect_socket_malloc_82_bad.cpp	31
/home/swlab-jueon/swvul/tools/java-vuln-detection/slicing/output/CPG/c/cwe194_cpg/cwe194-46-cpg-resolved.bin	tc46_flow2	CWE194_Unexpected_Sign_Extension__connect_socket_malloc_82a.cpp	135	CWE194_Unexpected_Sign_Extension__connect_socket_malloc_82_goodG2B.cpp	31
/home/swlab-jueon/swvul/tools/java-vuln-detection/slicing/output/CPG/c/cwe194_cpg/cwe194-47-cpg-resolved.bin	tc47_flow1	CWE194_Unexpected_Sign_Extension__connect_socket_malloc_83_bad.cpp	84	CWE194_Unexpected_Sign_Extension__connect_socket_malloc_83_bad.cpp	124
/home/swlab-jueon/swvul/tools/java-vuln-detection/slicing/output/CPG/c/cwe194_cpg/cwe194-47-cpg-resolved.bin	tc47_flow2	CWE194_Unexpected_Sign_Extension__connect_socket_malloc_83_goodG2B.cpp	27	CWE194_Unexpected_Sign_Extension__connect_socket_malloc_83_goodG2B.cpp	37
/home/swlab-jueon/swvul/tools/java-vuln-detection/slicing/output/CPG/c/cwe194_cpg/cwe194-48-cpg-resolved.bin	tc48_flow1	CWE194_Unexpected_Sign_Extension__connect_socket_malloc_84_bad.cpp	84	CWE194_Unexpected_Sign_Extension__connect_socket_malloc_84_bad.cpp	124
/home/swlab-jueon/swvul/tools/java-vuln-detection/slicing/output/CPG/c/cwe194_cpg/cwe194-48-cpg-resolved.bin	tc48_flow2	CWE194_Unexpected_Sign_Extension__connect_socket_malloc_84_goodG2B.cpp	27	CWE194_Unexpected_Sign_Extension__connect_socket_malloc_84_goodG2B.cpp	37
/home/swlab-jueon/swvul/tools/java-vuln-detection/slicing/output/CPG/c/cwe194_cpg/cwe194-49-cpg-resolved.bin	tc49_flow1	CWE194_Unexpected_Sign_Extension__connect_socket_memcpy_01.c	84	CWE194_Unexpected_Sign_Extension__connect_socket_memcpy_01.c	124
/home/swlab-jueon/swvul/tools/java-vuln-detection/slicing/output/CPG/c/cwe194_cpg/cwe194-49-cpg-resolved.bin	tc49_flow2	CWE194_Unexpected_Sign_Extension__connect_socket_memcpy_01.c	142	CWE194_Unexpected_Sign_Extension__connect_socket_memcpy_01.c	152
/home/swlab-jueon/swvul/tools/java-vuln-detection/slicing/output/CPG/c/cwe194_cpg/cwe194-50-cpg-resolved.bin	tc50_flow1	CWE194_Unexpected_Sign_Extension__connect_socket_memcpy_02.c	86	CWE194_Unexpected_Sign_Extension__connect_socket_memcpy_02.c	127
/home/swlab-jueon/swvul/tools/java-vuln-detection/slicing/output/CPG/c/cwe194_cpg/cwe194-50-cpg-resolved.bin	tc50_flow2	CWE194_Unexpected_Sign_Extension__connect_socket_memcpy_02.c	152	CWE194_Unexpected_Sign_Extension__connect_socket_memcpy_02.c	163
/home/swlab-jueon/swvul/tools/java-vuln-detection/slicing/output/CPG/c/cwe194_cpg/cwe194-50-cpg-resolved.bin	tc50_flow3	CWE194_Unexpected_Sign_Extension__connect_socket_memcpy_02.c	179	CWE194_Unexpected_Sign_Extension__connect_socket_memcpy_02.c	190
/home/swlab-jueon/swvul/tools/java-vuln-detection/slicing/output/CPG/c/cwe194_cpg/cwe194-51-cpg-resolved.bin	tc51_flow1	CWE194_Unexpected_Sign_Extension__connect_socket_memcpy_03.c	86	CWE194_Unexpected_Sign_Extension__connect_socket_memcpy_03.c	127
/home/swlab-jueon/swvul/tools/java-vuln-detection/slicing/output/CPG/c/cwe194_cpg/cwe194-51-cpg-resolved.bin	tc51_flow2	CWE194_Unexpected_Sign_Extension__connect_socket_memcpy_03.c	152	CWE194_Unexpected_Sign_Extension__connect_socket_memcpy_03.c	163
/home/swlab-jueon/swvul/tools/java-vuln-detection/slicing/output/CPG/c/cwe194_cpg/cwe194-51-cpg-resolved.bin	tc51_flow3	CWE194_Unexpected_Sign_Extension__connect_socket_memcpy_03.c	179	CWE194_Unexpected_Sign_Extension__connect_socket_memcpy_03.c	190
/home/swlab-jueon/swvul/tools/java-vuln-detection/slicing/output/CPG/c/cwe194_cpg/cwe194-52-cpg-resolved.bin	tc52_flow1	CWE194_Unexpected_Sign_Extension__connect_socket_memcpy_04.c	93	CWE194_Unexpected_Sign_Extension__connect_socket_memcpy_04.c	134
/home/swlab-jueon/swvul/tools/java-vuln-detection/slicing/output/CPG/c/cwe194_cpg/cwe194-52-cpg-resolved.bin	tc52_flow2	CWE194_Unexpected_Sign_Extension__connect_socket_memcpy_04.c	159	CWE194_Unexpected_Sign_Extension__connect_socket_memcpy_04.c	170
/home/swlab-jueon/swvul/tools/java-vuln-detection/slicing/output/CPG/c/cwe194_cpg/cwe194-52-cpg-resolved.bin	tc52_flow3	CWE194_Unexpected_Sign_Extension__connect_socket_memcpy_04.c	186	CWE194_Unexpected_Sign_Extension__connect_socket_memcpy_04.c	197
/home/swlab-jueon/swvul/tools/java-vuln-detection/slicing/output/CPG/c/cwe194_cpg/cwe194-53-cpg-resolved.bin	tc53_flow1	CWE194_Unexpected_Sign_Extension__connect_socket_memcpy_05.c	93	CWE194_Unexpected_Sign_Extension__connect_socket_memcpy_05.c	134
/home/swlab-jueon/swvul/tools/java-vuln-detection/slicing/output/CPG/c/cwe194_cpg/cwe194-53-cpg-resolved.bin	tc53_flow2	CWE194_Unexpected_Sign_Extension__connect_socket_memcpy_05.c	159	CWE194_Unexpected_Sign_Extension__connect_socket_memcpy_05.c	170
/home/swlab-jueon/swvul/tools/java-vuln-detection/slicing/output/CPG/c/cwe194_cpg/cwe194-53-cpg-resolved.bin	tc53_flow3	CWE194_Unexpected_Sign_Extension__connect_socket_memcpy_05.c	186	CWE194_Unexpected_Sign_Extension__connect_socket_memcpy_05.c	197
/home/swlab-jueon/swvul/tools/java-vuln-detection/slicing/output/CPG/c/cwe194_cpg/cwe194-54-cpg-resolved.bin	tc54_flow1	CWE194_Unexpected_Sign_Extension__connect_socket_memcpy_06.c	90	CWE194_Unexpected_Sign_Extension__connect_socket_memcpy_06.c	131
/home/swlab-jueon/swvul/tools/java-vuln-detection/slicing/output/CPG/c/cwe194_cpg/cwe194-54-cpg-resolved.bin	tc54_flow2	CWE194_Unexpected_Sign_Extension__connect_socket_memcpy_06.c	156	CWE194_Unexpected_Sign_Extension__connect_socket_memcpy_06.c	167
/home/swlab-jueon/swvul/tools/java-vuln-detection/slicing/output/CPG/c/cwe194_cpg/cwe194-54-cpg-resolved.bin	tc54_flow3	CWE194_Unexpected_Sign_Extension__connect_socket_memcpy_06.c	183	CWE194_Unexpected_Sign_Extension__connect_socket_memcpy_06.c	194
/home/swlab-jueon/swvul/tools/java-vuln-detection/slicing/output/CPG/c/cwe194_cpg/cwe194-55-cpg-resolved.bin	tc55_flow1	CWE194_Unexpected_Sign_Extension__connect_socket_memcpy_07.c	92	CWE194_Unexpected_Sign_Extension__connect_socket_memcpy_07.c	133
/home/swlab-jueon/swvul/tools/java-vuln-detection/slicing/output/CPG/c/cwe194_cpg/cwe194-55-cpg-resolved.bin	tc55_flow2	CWE194_Unexpected_Sign_Extension__connect_socket_memcpy_07.c	158	CWE194_Unexpected_Sign_Extension__connect_socket_memcpy_07.c	169
/home/swlab-jueon/swvul/tools/java-vuln-detection/slicing/output/CPG/c/cwe194_cpg/cwe194-55-cpg-resolved.bin	tc55_flow3	CWE194_Unexpected_Sign_Extension__connect_socket_memcpy_07.c	185	CWE194_Unexpected_Sign_Extension__connect_socket_memcpy_07.c	196
/home/swlab-jueon/swvul/tools/java-vuln-detection/slicing/output/CPG/c/cwe194_cpg/cwe194-56-cpg-resolved.bin	tc56_flow1	CWE194_Unexpected_Sign_Extension__connect_socket_memcpy_08.c	100	CWE194_Unexpected_Sign_Extension__connect_socket_memcpy_08.c	141
/home/swlab-jueon/swvul/tools/java-vuln-detection/slicing/output/CPG/c/cwe194_cpg/cwe194-56-cpg-resolved.bin	tc56_flow2	CWE194_Unexpected_Sign_Extension__connect_socket_memcpy_08.c	166	CWE194_Unexpected_Sign_Extension__connect_socket_memcpy_08.c	177
/home/swlab-jueon/swvul/tools/java-vuln-detection/slicing/output/CPG/c/cwe194_cpg/cwe194-56-cpg-resolved.bin	tc56_flow3	CWE194_Unexpected_Sign_Extension__connect_socket_memcpy_08.c	193	CWE194_Unexpected_Sign_Extension__connect_socket_memcpy_08.c	204
/home/swlab-jueon/swvul/tools/java-vuln-detection/slicing/output/CPG/c/cwe194_cpg/cwe194-57-cpg-resolved.bin	tc57_flow1	CWE194_Unexpected_Sign_Extension__connect_socket_memcpy_09.c	86	CWE194_Unexpected_Sign_Extension__connect_socket_memcpy_09.c	127
/home/swlab-jueon/swvul/tools/java-vuln-detection/slicing/output/CPG/c/cwe194_cpg/cwe194-57-cpg-resolved.bin	tc57_flow2	CWE194_Unexpected_Sign_Extension__connect_socket_memcpy_09.c	152	CWE194_Unexpected_Sign_Extension__connect_socket_memcpy_09.c	163
/home/swlab-jueon/swvul/tools/java-vuln-detection/slicing/output/CPG/c/cwe194_cpg/cwe194-57-cpg-resolved.bin	tc57_flow3	CWE194_Unexpected_Sign_Extension__connect_socket_memcpy_09.c	179	CWE194_Unexpected_Sign_Extension__connect_socket_memcpy_09.c	190
/home/swlab-jueon/swvul/tools/java-vuln-detection/slicing/output/CPG/c/cwe194_cpg/cwe194-58-cpg-resolved.bin	tc58_flow1	CWE194_Unexpected_Sign_Extension__connect_socket_memcpy_10.c	86	CWE194_Unexpected_Sign_Extension__connect_socket_memcpy_10.c	127
/home/swlab-jueon/swvul/tools/java-vuln-detection/slicing/output/CPG/c/cwe194_cpg/cwe194-58-cpg-resolved.bin	tc58_flow2	CWE194_Unexpected_Sign_Extension__connect_socket_memcpy_10.c	152	CWE194_Unexpected_Sign_Extension__connect_socket_memcpy_10.c	163
/home/swlab-jueon/swvul/tools/java-vuln-detection/slicing/output/CPG/c/cwe194_cpg/cwe194-58-cpg-resolved.bin	tc58_flow3	CWE194_Unexpected_Sign_Extension__connect_socket_memcpy_10.c	179	CWE194_Unexpected_Sign_Extension__connect_socket_memcpy_10.c	190
/home/swlab-jueon/swvul/tools/java-vuln-detection/slicing/output/CPG/c/cwe194_cpg/cwe194-59-cpg-resolved.bin	tc59_flow1	CWE194_Unexpected_Sign_Extension__connect_socket_memcpy_11.c	86	CWE194_Unexpected_Sign_Extension__connect_socket_memcpy_11.c	127
/home/swlab-jueon/swvul/tools/java-vuln-detection/slicing/output/CPG/c/cwe194_cpg/cwe194-59-cpg-resolved.bin	tc59_flow2	CWE194_Unexpected_Sign_Extension__connect_socket_memcpy_11.c	152	CWE194_Unexpected_Sign_Extension__connect_socket_memcpy_11.c	163
/home/swlab-jueon/swvul/tools/java-vuln-detection/slicing/output/CPG/c/cwe194_cpg/cwe194-59-cpg-resolved.bin	tc59_flow3	CWE194_Unexpected_Sign_Extension__connect_socket_memcpy_11.c	179	CWE194_Unexpected_Sign_Extension__connect_socket_memcpy_11.c	190
/home/swlab-jueon/swvul/tools/java-vuln-detection/slicing/output/CPG/c/cwe194_cpg/cwe194-60-cpg-resolved.bin	tc60_flow1	CWE194_Unexpected_Sign_Extension__connect_socket_memcpy_12.c	86	CWE194_Unexpected_Sign_Extension__connect_socket_memcpy_12.c	132
/home/swlab-jueon/swvul/tools/java-vuln-detection/slicing/output/CPG/c/cwe194_cpg/cwe194-60-cpg-resolved.bin	tc60_flow2	CWE194_Unexpected_Sign_Extension__connect_socket_memcpy_12.c	153	CWE194_Unexpected_Sign_Extension__connect_socket_memcpy_12.c	169
/home/swlab-jueon/swvul/tools/java-vuln-detection/slicing/output/CPG/c/cwe194_cpg/cwe194-61-cpg-resolved.bin	tc61_flow1	CWE194_Unexpected_Sign_Extension__connect_socket_memcpy_13.c	86	CWE194_Unexpected_Sign_Extension__connect_socket_memcpy_13.c	127
/home/swlab-jueon/swvul/tools/java-vuln-detection/slicing/output/CPG/c/cwe194_cpg/cwe194-61-cpg-resolved.bin	tc61_flow2	CWE194_Unexpected_Sign_Extension__connect_socket_memcpy_13.c	152	CWE194_Unexpected_Sign_Extension__connect_socket_memcpy_13.c	163
/home/swlab-jueon/swvul/tools/java-vuln-detection/slicing/output/CPG/c/cwe194_cpg/cwe194-61-cpg-resolved.bin	tc61_flow3	CWE194_Unexpected_Sign_Extension__connect_socket_memcpy_13.c	179	CWE194_Unexpected_Sign_Extension__connect_socket_memcpy_13.c	190
/home/swlab-jueon/swvul/tools/java-vuln-detection/slicing/output/CPG/c/cwe194_cpg/cwe194-62-cpg-resolved.bin	tc62_flow1	CWE194_Unexpected_Sign_Extension__connect_socket_memcpy_14.c	86	CWE194_Unexpected_Sign_Extension__connect_socket_memcpy_14.c	127
/home/swlab-jueon/swvul/tools/java-vuln-detection/slicing/output/CPG/c/cwe194_cpg/cwe194-62-cpg-resolved.bin	tc62_flow2	CWE194_Unexpected_Sign_Extension__connect_socket_memcpy_14.c	152	CWE194_Unexpected_Sign_Extension__connect_socket_memcpy_14.c	163
/home/swlab-jueon/swvul/tools/java-vuln-detection/slicing/output/CPG/c/cwe194_cpg/cwe194-62-cpg-resolved.bin	tc62_flow3	CWE194_Unexpected_Sign_Extension__connect_socket_memcpy_14.c	179	CWE194_Unexpected_Sign_Extension__connect_socket_memcpy_14.c	190
/home/swlab-jueon/swvul/tools/java-vuln-detection/slicing/output/CPG/c/cwe194_cpg/cwe194-63-cpg-resolved.bin	tc63_flow1	CWE194_Unexpected_Sign_Extension__connect_socket_memcpy_15.c	87	CWE194_Unexpected_Sign_Extension__connect_socket_memcpy_15.c	133
/home/swlab-jueon/swvul/tools/java-vuln-detection/slicing/output/CPG/c/cwe194_cpg/cwe194-63-cpg-resolved.bin	tc63_flow2	CWE194_Unexpected_Sign_Extension__connect_socket_memcpy_15.c	158	CWE194_Unexpected_Sign_Extension__connect_socket_memcpy_15.c	170
/home/swlab-jueon/swvul/tools/java-vuln-detection/slicing/output/CPG/c/cwe194_cpg/cwe194-63-cpg-resolved.bin	tc63_flow3	CWE194_Unexpected_Sign_Extension__connect_socket_memcpy_15.c	187	CWE194_Unexpected_Sign_Extension__connect_socket_memcpy_15.c	203
/home/swlab-jueon/swvul/tools/java-vuln-detection/slicing/output/CPG/c/cwe194_cpg/cwe194-64-cpg-resolved.bin	tc64_flow1	CWE194_Unexpected_Sign_Extension__connect_socket_memcpy_16.c	86	CWE194_Unexpected_Sign_Extension__connect_socket_memcpy_16.c	128
/home/swlab-jueon/swvul/tools/java-vuln-detection/slicing/output/CPG/c/cwe194_cpg/cwe194-64-cpg-resolved.bin	tc64_flow2	CWE194_Unexpected_Sign_Extension__connect_socket_memcpy_16.c	148	CWE194_Unexpected_Sign_Extension__connect_socket_memcpy_16.c	160
/home/swlab-jueon/swvul/tools/java-vuln-detection/slicing/output/CPG/c/cwe194_cpg/cwe194-65-cpg-resolved.bin	tc65_flow1	CWE194_Unexpected_Sign_Extension__connect_socket_memcpy_17.c	87	CWE194_Unexpected_Sign_Extension__connect_socket_memcpy_17.c	128
/home/swlab-jueon/swvul/tools/java-vuln-detection/slicing/output/CPG/c/cwe194_cpg/cwe194-65-cpg-resolved.bin	tc65_flow2	CWE194_Unexpected_Sign_Extension__connect_socket_memcpy_17.c	149	CWE194_Unexpected_Sign_Extension__connect_socket_memcpy_17.c	160
/home/swlab-jueon/swvul/tools/java-vuln-detection/slicing/output/CPG/c/cwe194_cpg/cwe194-66-cpg-resolved.bin	tc66_flow1	CWE194_Unexpected_Sign_Extension__connect_socket_memcpy_18.c	86	CWE194_Unexpected_Sign_Extension__connect_socket_memcpy_18.c	126
/home/swlab-jueon/swvul/tools/java-vuln-detection/slicing/output/CPG/c/cwe194_cpg/cwe194-66-cpg-resolved.bin	tc66_flow2	CWE194_Unexpected_Sign_Extension__connect_socket_memcpy_18.c	146	CWE194_Unexpected_Sign_Extension__connect_socket_memcpy_18.c	156
/home/swlab-jueon/swvul/tools/java-vuln-detection/slicing/output/CPG/c/cwe194_cpg/cwe194-67-cpg-resolved.bin	tc67_flow1	CWE194_Unexpected_Sign_Extension__connect_socket_memcpy_21.c	86	CWE194_Unexpected_Sign_Extension__connect_socket_memcpy_21.c	137
/home/swlab-jueon/swvul/tools/java-vuln-detection/slicing/output/CPG/c/cwe194_cpg/cwe194-67-cpg-resolved.bin	tc67_flow2	CWE194_Unexpected_Sign_Extension__connect_socket_memcpy_21.c	163	CWE194_Unexpected_Sign_Extension__connect_socket_memcpy_21.c	184
/home/swlab-jueon/swvul/tools/java-vuln-detection/slicing/output/CPG/c/cwe194_cpg/cwe194-67-cpg-resolved.bin	tc67_flow3	CWE194_Unexpected_Sign_Extension__connect_socket_memcpy_21.c	197	CWE194_Unexpected_Sign_Extension__connect_socket_memcpy_21.c	218
/home/swlab-jueon/swvul/tools/java-vuln-detection/slicing/output/CPG/c/cwe194_cpg/cwe194-68-cpg-resolved.bin	tc68_flow1	CWE194_Unexpected_Sign_Extension__connect_socket_memcpy_22b.c	86	CWE194_Unexpected_Sign_Extension__connect_socket_memcpy_22a.c	42
/home/swlab-jueon/swvul/tools/java-vuln-detection/slicing/output/CPG/c/cwe194_cpg/cwe194-68-cpg-resolved.bin	tc68_flow2	CWE194_Unexpected_Sign_Extension__connect_socket_memcpy_22b.c	140	CWE194_Unexpected_Sign_Extension__connect_socket_memcpy_22a.c	76
/home/swlab-jueon/swvul/tools/java-vuln-detection/slicing/output/CPG/c/cwe194_cpg/cwe194-68-cpg-resolved.bin	tc68_flow3	CWE194_Unexpected_Sign_Extension__connect_socket_memcpy_22b.c	151	CWE194_Unexpected_Sign_Extension__connect_socket_memcpy_22a.c	102
/home/swlab-jueon/swvul/tools/java-vuln-detection/slicing/output/CPG/c/cwe194_cpg/cwe194-69-cpg-resolved.bin	tc69_flow1	CWE194_Unexpected_Sign_Extension__connect_socket_memcpy_31.c	84	CWE194_Unexpected_Sign_Extension__connect_socket_memcpy_31.c	127
/home/swlab-jueon/swvul/tools/java-vuln-detection/slicing/output/CPG/c/cwe194_cpg/cwe194-69-cpg-resolved.bin	tc69_flow2	CWE194_Unexpected_Sign_Extension__connect_socket_memcpy_31.c	146	CWE194_Unexpected_Sign_Extension__connect_socket_memcpy_31.c	159
/home/swlab-jueon/swvul/tools/java-vuln-detection/slicing/output/CPG/c/cwe194_cpg/cwe194-70-cpg-resolved.bin	tc70_flow1	CWE194_Unexpected_Sign_Extension__connect_socket_memcpy_32.c	88	CWE194_Unexpected_Sign_Extension__connect_socket_memcpy_32.c	132
/home/swlab-jueon/swvul/tools/java-vuln-detection/slicing/output/CPG/c/cwe194_cpg/cwe194-70-cpg-resolved.bin	tc70_flow2	CWE194_Unexpected_Sign_Extension__connect_socket_memcpy_32.c	155	CWE194_Unexpected_Sign_Extension__connect_socket_memcpy_32.c	169
/home/swlab-jueon/swvul/tools/java-vuln-detection/slicing/output/CPG/c/cwe194_cpg/cwe194-71-cpg-resolved.bin	tc71_flow1	CWE194_Unexpected_Sign_Extension__connect_socket_memcpy_33.cpp	88	CWE194_Unexpected_Sign_Extension__connect_socket_memcpy_33.cpp	130
/home/swlab-jueon/swvul/tools/java-vuln-detection/slicing/output/CPG/c/cwe194_cpg/cwe194-71-cpg-resolved.bin	tc71_flow2	CWE194_Unexpected_Sign_Extension__connect_socket_memcpy_33.cpp	150	CWE194_Unexpected_Sign_Extension__connect_socket_memcpy_33.cpp	162
/home/swlab-jueon/swvul/tools/java-vuln-detection/slicing/output/CPG/c/cwe194_cpg/cwe194-72-cpg-resolved.bin	tc72_flow1	CWE194_Unexpected_Sign_Extension__connect_socket_memcpy_34.c	91	CWE194_Unexpected_Sign_Extension__connect_socket_memcpy_34.c	134
/home/swlab-jueon/swvul/tools/java-vuln-detection/slicing/output/CPG/c/cwe194_cpg/cwe194-72-cpg-resolved.bin	tc72_flow2	CWE194_Unexpected_Sign_Extension__connect_socket_memcpy_34.c	154	CWE194_Unexpected_Sign_Extension__connect_socket_memcpy_34.c	167
/home/swlab-jueon/swvul/tools/java-vuln-detection/slicing/output/CPG/c/cwe194_cpg/cwe194-73-cpg-resolved.bin	tc73_flow1	CWE194_Unexpected_Sign_Extension__connect_socket_memcpy_41.c	102	CWE194_Unexpected_Sign_Extension__connect_socket_memcpy_41.c	55
/home/swlab-jueon/swvul/tools/java-vuln-detection/slicing/output/CPG/c/cwe194_cpg/cwe194-73-cpg-resolved.bin	tc73_flow2	CWE194_Unexpected_Sign_Extension__connect_socket_memcpy_41.c	165	CWE194_Unexpected_Sign_Extension__connect_socket_memcpy_41.c	151
/home/swlab-jueon/swvul/tools/java-vuln-detection/slicing/output/CPG/c/cwe194_cpg/cwe194-74-cpg-resolved.bin	tc74_flow1	CWE194_Unexpected_Sign_Extension__connect_socket_memcpy_42.c	81	CWE194_Unexpected_Sign_Extension__connect_socket_memcpy_42.c	130
/home/swlab-jueon/swvul/tools/java-vuln-detection/slicing/output/CPG/c/cwe194_cpg/cwe194-74-cpg-resolved.bin	tc74_flow2	CWE194_Unexpected_Sign_Extension__connect_socket_memcpy_42.c	144	CWE194_Unexpected_Sign_Extension__connect_socket_memcpy_42.c	164
/home/swlab-jueon/swvul/tools/java-vuln-detection/slicing/output/CPG/c/cwe194_cpg/cwe194-75-cpg-resolved.bin	tc75_flow1	CWE194_Unexpected_Sign_Extension__connect_socket_memcpy_43.cpp	84	CWE194_Unexpected_Sign_Extension__connect_socket_memcpy_43.cpp	132
/home/swlab-jueon/swvul/tools/java-vuln-detection/slicing/output/CPG/c/cwe194_cpg/cwe194-75-cpg-resolved.bin	tc75_flow2	CWE194_Unexpected_Sign_Extension__connect_socket_memcpy_43.cpp	147	CWE194_Unexpected_Sign_Extension__connect_socket_memcpy_43.cpp	165
/home/swlab-jueon/swvul/tools/java-vuln-detection/slicing/output/CPG/c/cwe194_cpg/cwe194-76-cpg-resolved.bin	tc76_flow1	CWE194_Unexpected_Sign_Extension__connect_socket_memcpy_44.c	104	CWE194_Unexpected_Sign_Extension__connect_socket_memcpy_44.c	55
/home/swlab-jueon/swvul/tools/java-vuln-detection/slicing/output/CPG/c/cwe194_cpg/cwe194-76-cpg-resolved.bin	tc76_flow2	CWE194_Unexpected_Sign_Extension__connect_socket_memcpy_44.c	169	CWE194_Unexpected_Sign_Extension__connect_socket_memcpy_44.c	155
/home/swlab-jueon/swvul/tools/java-vuln-detection/slicing/output/CPG/c/cwe194_cpg/cwe194-77-cpg-resolved.bin	tc77_flow1	CWE194_Unexpected_Sign_Extension__connect_socket_memcpy_45.c	106	CWE194_Unexpected_Sign_Extension__connect_socket_memcpy_45.c	59
/home/swlab-jueon/swvul/tools/java-vuln-detection/slicing/output/CPG/c/cwe194_cpg/cwe194-77-cpg-resolved.bin	tc77_flow2	CWE194_Unexpected_Sign_Extension__connect_socket_memcpy_45.c	171	CWE194_Unexpected_Sign_Extension__connect_socket_memcpy_45.c	158
/home/swlab-jueon/swvul/tools/java-vuln-detection/slicing/output/CPG/c/cwe194_cpg/cwe194-78-cpg-resolved.bin	tc78_flow1	CWE194_Unexpected_Sign_Extension__connect_socket_memcpy_51a.c	87	CWE194_Unexpected_Sign_Extension__connect_socket_memcpy_51b.c	57
/home/swlab-jueon/swvul/tools/java-vuln-detection/slicing/output/CPG/c/cwe194_cpg/cwe194-78-cpg-resolved.bin	tc78_flow2	CWE194_Unexpected_Sign_Extension__connect_socket_memcpy_51a.c	135	CWE194_Unexpected_Sign_Extension__connect_socket_memcpy_51b.c	80
/home/swlab-jueon/swvul/tools/java-vuln-detection/slicing/output/CPG/c/cwe194_cpg/cwe194-79-cpg-resolved.bin	tc79_flow1	CWE194_Unexpected_Sign_Extension__connect_socket_memcpy_52a.c	87	CWE194_Unexpected_Sign_Extension__connect_socket_memcpy_52c.c	57
/home/swlab-jueon/swvul/tools/java-vuln-detection/slicing/output/CPG/c/cwe194_cpg/cwe194-79-cpg-resolved.bin	tc79_flow2	CWE194_Unexpected_Sign_Extension__connect_socket_memcpy_52a.c	135	CWE194_Unexpected_Sign_Extension__connect_socket_memcpy_52c.c	80
/home/swlab-jueon/swvul/tools/java-vuln-detection/slicing/output/CPG/c/cwe194_cpg/cwe194-80-cpg-resolved.bin	tc80_flow1	CWE194_Unexpected_Sign_Extension__connect_socket_memcpy_53a.c	87	CWE194_Unexpected_Sign_Extension__connect_socket_memcpy_53d.c	57
/home/swlab-jueon/swvul/tools/java-vuln-detection/slicing/output/CPG/c/cwe194_cpg/cwe194-80-cpg-resolved.bin	tc80_flow2	CWE194_Unexpected_Sign_Extension__connect_socket_memcpy_53a.c	135	CWE194_Unexpected_Sign_Extension__connect_socket_memcpy_53d.c	80
/home/swlab-jueon/swvul/tools/java-vuln-detection/slicing/output/CPG/c/cwe194_cpg/cwe194-81-cpg-resolved.bin	tc81_flow1	CWE194_Unexpected_Sign_Extension__connect_socket_memcpy_54a.c	87	CWE194_Unexpected_Sign_Extension__connect_socket_memcpy_54e.c	57
/home/swlab-jueon/swvul/tools/java-vuln-detection/slicing/output/CPG/c/cwe194_cpg/cwe194-81-cpg-resolved.bin	tc81_flow2	CWE194_Unexpected_Sign_Extension__connect_socket_memcpy_54a.c	135	CWE194_Unexpected_Sign_Extension__connect_socket_memcpy_54e.c	80
/home/swlab-jueon/swvul/tools/java-vuln-detection/slicing/output/CPG/c/cwe194_cpg/cwe194-82-cpg-resolved.bin	tc82_flow1	CWE194_Unexpected_Sign_Extension__connect_socket_memcpy_61b.c	81	CWE194_Unexpected_Sign_Extension__connect_socket_memcpy_61a.c	62
/home/swlab-jueon/swvul/tools/java-vuln-detection/slicing/output/CPG/c/cwe194_cpg/cwe194-82-cpg-resolved.bin	tc82_flow2	CWE194_Unexpected_Sign_Extension__connect_socket_memcpy_61b.c	123	CWE194_Unexpected_Sign_Extension__connect_socket_memcpy_61a.c	91
/home/swlab-jueon/swvul/tools/java-vuln-detection/slicing/output/CPG/c/cwe194_cpg/cwe194-83-cpg-resolved.bin	tc83_flow1	CWE194_Unexpected_Sign_Extension__connect_socket_memcpy_62b.cpp	84	CWE194_Unexpected_Sign_Extension__connect_socket_memcpy_62a.cpp	42
/home/swlab-jueon/swvul/tools/java-vuln-detection/slicing/output/CPG/c/cwe194_cpg/cwe194-83-cpg-resolved.bin	tc83_flow2	CWE194_Unexpected_Sign_Extension__connect_socket_memcpy_62b.cpp	125	CWE194_Unexpected_Sign_Extension__connect_socket_memcpy_62a.cpp	71
/home/swlab-jueon/swvul/tools/java-vuln-detection/slicing/output/CPG/c/cwe194_cpg/cwe194-84-cpg-resolved.bin	tc84_flow1	CWE194_Unexpected_Sign_Extension__connect_socket_memcpy_63a.c	87	CWE194_Unexpected_Sign_Extension__connect_socket_memcpy_63b.c	56
/home/swlab-jueon/swvul/tools/java-vuln-detection/slicing/output/CPG/c/cwe194_cpg/cwe194-84-cpg-resolved.bin	tc84_flow2	CWE194_Unexpected_Sign_Extension__connect_socket_memcpy_63a.c	134	CWE194_Unexpected_Sign_Extension__connect_socket_memcpy_63b.c	80
/home/swlab-jueon/swvul/tools/java-vuln-detection/slicing/output/CPG/c/cwe194_cpg/cwe194-85-cpg-resolved.bin	tc85_flow1	CWE194_Unexpected_Sign_Extension__connect_socket_memcpy_64a.c	87	CWE194_Unexpected_Sign_Extension__connect_socket_memcpy_64b.c	59
/home/swlab-jueon/swvul/tools/java-vuln-detection/slicing/output/CPG/c/cwe194_cpg/cwe194-85-cpg-resolved.bin	tc85_flow2	CWE194_Unexpected_Sign_Extension__connect_socket_memcpy_64a.c	134	CWE194_Unexpected_Sign_Extension__connect_socket_memcpy_64b.c	86
/home/swlab-jueon/swvul/tools/java-vuln-detection/slicing/output/CPG/c/cwe194_cpg/cwe194-86-cpg-resolved.bin	tc86_flow1	CWE194_Unexpected_Sign_Extension__connect_socket_memcpy_65a.c	89	CWE194_Unexpected_Sign_Extension__connect_socket_memcpy_65b.c	55
/home/swlab-jueon/swvul/tools/java-vuln-detection/slicing/output/CPG/c/cwe194_cpg/cwe194-86-cpg-resolved.bin	tc86_flow2	CWE194_Unexpected_Sign_Extension__connect_socket_memcpy_65a.c	138	CWE194_Unexpected_Sign_Extension__connect_socket_memcpy_65b.c	78
/home/swlab-jueon/swvul/tools/java-vuln-detection/slicing/output/CPG/c/cwe194_cpg/cwe194-87-cpg-resolved.bin	tc87_flow1	CWE194_Unexpected_Sign_Extension__connect_socket_memcpy_66a.c	88	CWE194_Unexpected_Sign_Extension__connect_socket_memcpy_66b.c	57
/home/swlab-jueon/swvul/tools/java-vuln-detection/slicing/output/CPG/c/cwe194_cpg/cwe194-87-cpg-resolved.bin	tc87_flow2	CWE194_Unexpected_Sign_Extension__connect_socket_memcpy_66a.c	138	CWE194_Unexpected_Sign_Extension__connect_socket_memcpy_66b.c	81
/home/swlab-jueon/swvul/tools/java-vuln-detection/slicing/output/CPG/c/cwe194_cpg/cwe194-88-cpg-resolved.bin	tc88_flow1	CWE194_Unexpected_Sign_Extension__connect_socket_memcpy_67a.c	93	CWE194_Unexpected_Sign_Extension__connect_socket_memcpy_67b.c	61
/home/swlab-jueon/swvul/tools/java-vuln-detection/slicing/output/CPG/c/cwe194_cpg/cwe194-88-cpg-resolved.bin	tc88_flow2	CWE194_Unexpected_Sign_Extension__connect_socket_memcpy_67a.c	142	CWE194_Unexpected_Sign_Extension__connect_socket_memcpy_67b.c	85
/home/swlab-jueon/swvul/tools/java-vuln-detection/slicing/output/CPG/c/cwe194_cpg/cwe194-89-cpg-resolved.bin	tc89_flow1	CWE194_Unexpected_Sign_Extension__connect_socket_memcpy_68a.c	90	CWE194_Unexpected_Sign_Extension__connect_socket_memcpy_68b.c	61
/home/swlab-jueon/swvul/tools/java-vuln-detection/slicing/output/CPG/c/cwe194_cpg/cwe194-89-cpg-resolved.bin	tc89_flow2	CWE194_Unexpected_Sign_Extension__connect_socket_memcpy_68a.c	139	CWE194_Unexpected_Sign_Extension__connect_socket_memcpy_68b.c	85
/home/swlab-jueon/swvul/tools/java-vuln-detection/slicing/output/CPG/c/cwe194_cpg/cwe194-90-cpg-resolved.bin	tc90_flow1	CWE194_Unexpected_Sign_Extension__connect_socket_memcpy_72a.cpp	94	CWE194_Unexpected_Sign_Extension__connect_socket_memcpy_72b.cpp	40
/home/swlab-jueon/swvul/tools/java-vuln-detection/slicing/output/CPG/c/cwe194_cpg/cwe194-90-cpg-resolved.bin	tc90_flow2	CWE194_Unexpected_Sign_Extension__connect_socket_memcpy_72a.cpp	148	CWE194_Unexpected_Sign_Extension__connect_socket_memcpy_72b.cpp	64
/home/swlab-jueon/swvul/tools/java-vuln-detection/slicing/output/CPG/c/cwe194_cpg/cwe194-91-cpg-resolved.bin	tc91_flow1	CWE194_Unexpected_Sign_Extension__connect_socket_memcpy_73a.cpp	94	CWE194_Unexpected_Sign_Extension__connect_socket_memcpy_73b.cpp	40
/home/swlab-jueon/swvul/tools/java-vuln-detection/slicing/output/CPG/c/cwe194_cpg/cwe194-91-cpg-resolved.bin	tc91_flow2	CWE194_Unexpected_Sign_Extension__connect_socket_memcpy_73a.cpp	148	CWE194_Unexpected_Sign_Extension__connect_socket_memcpy_73b.cpp	64
/home/swlab-jueon/swvul/tools/java-vuln-detection/slicing/output/CPG/c/cwe194_cpg/cwe194-92-cpg-resolved.bin	tc92_flow1	CWE194_Unexpected_Sign_Extension__connect_socket_memcpy_74a.cpp	94	CWE194_Unexpected_Sign_Extension__connect_socket_memcpy_74b.cpp	40
/home/swlab-jueon/swvul/tools/java-vuln-detection/slicing/output/CPG/c/cwe194_cpg/cwe194-92-cpg-resolved.bin	tc92_flow2	CWE194_Unexpected_Sign_Extension__connect_socket_memcpy_74a.cpp	148	CWE194_Unexpected_Sign_Extension__connect_socket_memcpy_74b.cpp	64
/home/swlab-jueon/swvul/tools/java-vuln-detection/slicing/output/CPG/c/cwe194_cpg/cwe194-93-cpg-resolved.bin	tc93_flow1	CWE194_Unexpected_Sign_Extension__connect_socket_memcpy_81a.cpp	88	CWE194_Unexpected_Sign_Extension__connect_socket_memcpy_81_bad.cpp	35
/home/swlab-jueon/swvul/tools/java-vuln-detection/slicing/output/CPG/c/cwe194_cpg/cwe194-93-cpg-resolved.bin	tc93_flow2	CWE194_Unexpected_Sign_Extension__connect_socket_memcpy_81a.cpp	134	CWE194_Unexpected_Sign_Extension__connect_socket_memcpy_81_goodG2B.cpp	35
/home/swlab-jueon/swvul/tools/java-vuln-detection/slicing/output/CPG/c/cwe194_cpg/cwe194-94-cpg-resolved.bin	tc94_flow1	CWE194_Unexpected_Sign_Extension__connect_socket_memcpy_82a.cpp	88	CWE194_Unexpected_Sign_Extension__connect_socket_memcpy_82_bad.cpp	35
/home/swlab-jueon/swvul/tools/java-vuln-detection/slicing/output/CPG/c/cwe194_cpg/cwe194-94-cpg-resolved.bin	tc94_flow2	CWE194_Unexpected_Sign_Extension__connect_socket_memcpy_82a.cpp	135	CWE194_Unexpected_Sign_Extension__connect_socket_memcpy_82_goodG2B.cpp	35
/home/swlab-jueon/swvul/tools/java-vuln-detection/slicing/output/CPG/c/cwe194_cpg/cwe194-95-cpg-resolved.bin	tc95_flow1	CWE194_Unexpected_Sign_Extension__connect_socket_memcpy_83_bad.cpp	84	CWE194_Unexpected_Sign_Extension__connect_socket_memcpy_83_bad.cpp	128
/home/swlab-jueon/swvul/tools/java-vuln-detection/slicing/output/CPG/c/cwe194_cpg/cwe194-95-cpg-resolved.bin	tc95_flow2	CWE194_Unexpected_Sign_Extension__connect_socket_memcpy_83_goodG2B.cpp	27	CWE194_Unexpected_Sign_Extension__connect_socket_memcpy_83_goodG2B.cpp	41
/home/swlab-jueon/swvul/tools/java-vuln-detection/slicing/output/CPG/c/cwe194_cpg/cwe194-96-cpg-resolved.bin	tc96_flow1	CWE194_Unexpected_Sign_Extension__connect_socket_memcpy_84_bad.cpp	84	CWE194_Unexpected_Sign_Extension__connect_socket_memcpy_84_bad.cpp	128
/home/swlab-jueon/swvul/tools/java-vuln-detection/slicing/output/CPG/c/cwe194_cpg/cwe194-96-cpg-resolved.bin	tc96_flow2	CWE194_Unexpected_Sign_Extension__connect_socket_memcpy_84_goodG2B.cpp	27	CWE194_Unexpected_Sign_Extension__connect_socket_memcpy_84_goodG2B.cpp	41
/home/swlab-jueon/swvul/tools/java-vuln-detection/slicing/output/CPG/c/cwe194_cpg/cwe194-97-cpg-resolved.bin	tc97_flow1	CWE194_Unexpected_Sign_Extension__connect_socket_memmove_01.c	84	CWE194_Unexpected_Sign_Extension__connect_socket_memmove_01.c	124
/home/swlab-jueon/swvul/tools/java-vuln-detection/slicing/output/CPG/c/cwe194_cpg/cwe194-97-cpg-resolved.bin	tc97_flow2	CWE194_Unexpected_Sign_Extension__connect_socket_memmove_01.c	142	CWE194_Unexpected_Sign_Extension__connect_socket_memmove_01.c	152
/home/swlab-jueon/swvul/tools/java-vuln-detection/slicing/output/CPG/c/cwe194_cpg/cwe194-98-cpg-resolved.bin	tc98_flow1	CWE194_Unexpected_Sign_Extension__connect_socket_memmove_02.c	86	CWE194_Unexpected_Sign_Extension__connect_socket_memmove_02.c	127
/home/swlab-jueon/swvul/tools/java-vuln-detection/slicing/output/CPG/c/cwe194_cpg/cwe194-98-cpg-resolved.bin	tc98_flow2	CWE194_Unexpected_Sign_Extension__connect_socket_memmove_02.c	152	CWE194_Unexpected_Sign_Extension__connect_socket_memmove_02.c	163
/home/swlab-jueon/swvul/tools/java-vuln-detection/slicing/output/CPG/c/cwe194_cpg/cwe194-98-cpg-resolved.bin	tc98_flow3	CWE194_Unexpected_Sign_Extension__connect_socket_memmove_02.c	179	CWE194_Unexpected_Sign_Extension__connect_socket_memmove_02.c	190
/home/swlab-jueon/swvul/tools/java-vuln-detection/slicing/output/CPG/c/cwe194_cpg/cwe194-99-cpg-resolved.bin	tc99_flow1	CWE194_Unexpected_Sign_Extension__connect_socket_memmove_03.c	86	CWE194_Unexpected_Sign_Extension__connect_socket_memmove_03.c	127
/home/swlab-jueon/swvul/tools/java-vuln-detection/slicing/output/CPG/c/cwe194_cpg/cwe194-99-cpg-resolved.bin	tc99_flow2	CWE194_Unexpected_Sign_Extension__connect_socket_memmove_03.c	152	CWE194_Unexpected_Sign_Extension__connect_socket_memmove_03.c	163
/home/swlab-jueon/swvul/tools/java-vuln-detection/slicing/output/CPG/c/cwe194_cpg/cwe194-99-cpg-resolved.bin	tc99_flow3	CWE194_Unexpected_Sign_Extension__connect_socket_memmove_03.c	179	CWE194_Unexpected_Sign_Extension__connect_socket_memmove_03.c	190
/home/swlab-jueon/swvul/tools/java-vuln-detection/slicing/output/CPG/c/cwe194_cpg/cwe194-100-cpg-resolved.bin	tc100_flow1	CWE194_Unexpected_Sign_Extension__connect_socket_memmove_04.c	93	CWE194_Unexpected_Sign_Extension__connect_socket_memmove_04.c	134
/home/swlab-jueon/swvul/tools/java-vuln-detection/slicing/output/CPG/c/cwe194_cpg/cwe194-100-cpg-resolved.bin	tc100_flow2	CWE194_Unexpected_Sign_Extension__connect_socket_memmove_04.c	159	CWE194_Unexpected_Sign_Extension__connect_socket_memmove_04.c	170
/home/swlab-jueon/swvul/tools/java-vuln-detection/slicing/output/CPG/c/cwe194_cpg/cwe194-100-cpg-resolved.bin	tc100_flow3	CWE194_Unexpected_Sign_Extension__connect_socket_memmove_04.c	186	CWE194_Unexpected_Sign_Extension__connect_socket_memmove_04.c	197
/home/swlab-jueon/swvul/tools/java-vuln-detection/slicing/output/CPG/c/cwe194_cpg/cwe194-101-cpg-resolved.bin	tc101_flow1	CWE194_Unexpected_Sign_Extension__connect_socket_memmove_05.c	93	CWE194_Unexpected_Sign_Extension__connect_socket_memmove_05.c	134
/home/swlab-jueon/swvul/tools/java-vuln-detection/slicing/output/CPG/c/cwe194_cpg/cwe194-101-cpg-resolved.bin	tc101_flow2	CWE194_Unexpected_Sign_Extension__connect_socket_memmove_05.c	159	CWE194_Unexpected_Sign_Extension__connect_socket_memmove_05.c	170
/home/swlab-jueon/swvul/tools/java-vuln-detection/slicing/output/CPG/c/cwe194_cpg/cwe194-101-cpg-resolved.bin	tc101_flow3	CWE194_Unexpected_Sign_Extension__connect_socket_memmove_05.c	186	CWE194_Unexpected_Sign_Extension__connect_socket_memmove_05.c	197
/home/swlab-jueon/swvul/tools/java-vuln-detection/slicing/output/CPG/c/cwe194_cpg/cwe194-102-cpg-resolved.bin	tc102_flow1	CWE194_Unexpected_Sign_Extension__connect_socket_memmove_06.c	90	CWE194_Unexpected_Sign_Extension__connect_socket_memmove_06.c	131
/home/swlab-jueon/swvul/tools/java-vuln-detection/slicing/output/CPG/c/cwe194_cpg/cwe194-102-cpg-resolved.bin	tc102_flow2	CWE194_Unexpected_Sign_Extension__connect_socket_memmove_06.c	156	CWE194_Unexpected_Sign_Extension__connect_socket_memmove_06.c	167
/home/swlab-jueon/swvul/tools/java-vuln-detection/slicing/output/CPG/c/cwe194_cpg/cwe194-102-cpg-resolved.bin	tc102_flow3	CWE194_Unexpected_Sign_Extension__connect_socket_memmove_06.c	183	CWE194_Unexpected_Sign_Extension__connect_socket_memmove_06.c	194
/home/swlab-jueon/swvul/tools/java-vuln-detection/slicing/output/CPG/c/cwe194_cpg/cwe194-103-cpg-resolved.bin	tc103_flow1	CWE194_Unexpected_Sign_Extension__connect_socket_memmove_07.c	92	CWE194_Unexpected_Sign_Extension__connect_socket_memmove_07.c	133
/home/swlab-jueon/swvul/tools/java-vuln-detection/slicing/output/CPG/c/cwe194_cpg/cwe194-103-cpg-resolved.bin	tc103_flow2	CWE194_Unexpected_Sign_Extension__connect_socket_memmove_07.c	158	CWE194_Unexpected_Sign_Extension__connect_socket_memmove_07.c	169
/home/swlab-jueon/swvul/tools/java-vuln-detection/slicing/output/CPG/c/cwe194_cpg/cwe194-103-cpg-resolved.bin	tc103_flow3	CWE194_Unexpected_Sign_Extension__connect_socket_memmove_07.c	185	CWE194_Unexpected_Sign_Extension__connect_socket_memmove_07.c	196
/home/swlab-jueon/swvul/tools/java-vuln-detection/slicing/output/CPG/c/cwe194_cpg/cwe194-104-cpg-resolved.bin	tc104_flow1	CWE194_Unexpected_Sign_Extension__connect_socket_memmove_08.c	100	CWE194_Unexpected_Sign_Extension__connect_socket_memmove_08.c	141
/home/swlab-jueon/swvul/tools/java-vuln-detection/slicing/output/CPG/c/cwe194_cpg/cwe194-104-cpg-resolved.bin	tc104_flow2	CWE194_Unexpected_Sign_Extension__connect_socket_memmove_08.c	166	CWE194_Unexpected_Sign_Extension__connect_socket_memmove_08.c	177
/home/swlab-jueon/swvul/tools/java-vuln-detection/slicing/output/CPG/c/cwe194_cpg/cwe194-104-cpg-resolved.bin	tc104_flow3	CWE194_Unexpected_Sign_Extension__connect_socket_memmove_08.c	193	CWE194_Unexpected_Sign_Extension__connect_socket_memmove_08.c	204
/home/swlab-jueon/swvul/tools/java-vuln-detection/slicing/output/CPG/c/cwe194_cpg/cwe194-105-cpg-resolved.bin	tc105_flow1	CWE194_Unexpected_Sign_Extension__connect_socket_memmove_09.c	86	CWE194_Unexpected_Sign_Extension__connect_socket_memmove_09.c	127
/home/swlab-jueon/swvul/tools/java-vuln-detection/slicing/output/CPG/c/cwe194_cpg/cwe194-105-cpg-resolved.bin	tc105_flow2	CWE194_Unexpected_Sign_Extension__connect_socket_memmove_09.c	152	CWE194_Unexpected_Sign_Extension__connect_socket_memmove_09.c	163
/home/swlab-jueon/swvul/tools/java-vuln-detection/slicing/output/CPG/c/cwe194_cpg/cwe194-105-cpg-resolved.bin	tc105_flow3	CWE194_Unexpected_Sign_Extension__connect_socket_memmove_09.c	179	CWE194_Unexpected_Sign_Extension__connect_socket_memmove_09.c	190
/home/swlab-jueon/swvul/tools/java-vuln-detection/slicing/output/CPG/c/cwe194_cpg/cwe194-106-cpg-resolved.bin	tc106_flow1	CWE194_Unexpected_Sign_Extension__connect_socket_memmove_10.c	86	CWE194_Unexpected_Sign_Extension__connect_socket_memmove_10.c	127
/home/swlab-jueon/swvul/tools/java-vuln-detection/slicing/output/CPG/c/cwe194_cpg/cwe194-106-cpg-resolved.bin	tc106_flow2	CWE194_Unexpected_Sign_Extension__connect_socket_memmove_10.c	152	CWE194_Unexpected_Sign_Extension__connect_socket_memmove_10.c	163
/home/swlab-jueon/swvul/tools/java-vuln-detection/slicing/output/CPG/c/cwe194_cpg/cwe194-106-cpg-resolved.bin	tc106_flow3	CWE194_Unexpected_Sign_Extension__connect_socket_memmove_10.c	179	CWE194_Unexpected_Sign_Extension__connect_socket_memmove_10.c	190
/home/swlab-jueon/swvul/tools/java-vuln-detection/slicing/output/CPG/c/cwe194_cpg/cwe194-107-cpg-resolved.bin	tc107_flow1	CWE194_Unexpected_Sign_Extension__connect_socket_memmove_11.c	86	CWE194_Unexpected_Sign_Extension__connect_socket_memmove_11.c	127
/home/swlab-jueon/swvul/tools/java-vuln-detection/slicing/output/CPG/c/cwe194_cpg/cwe194-107-cpg-resolved.bin	tc107_flow2	CWE194_Unexpected_Sign_Extension__connect_socket_memmove_11.c	152	CWE194_Unexpected_Sign_Extension__connect_socket_memmove_11.c	163
/home/swlab-jueon/swvul/tools/java-vuln-detection/slicing/output/CPG/c/cwe194_cpg/cwe194-107-cpg-resolved.bin	tc107_flow3	CWE194_Unexpected_Sign_Extension__connect_socket_memmove_11.c	179	CWE194_Unexpected_Sign_Extension__connect_socket_memmove_11.c	190
/home/swlab-jueon/swvul/tools/java-vuln-detection/slicing/output/CPG/c/cwe194_cpg/cwe194-108-cpg-resolved.bin	tc108_flow1	CWE194_Unexpected_Sign_Extension__connect_socket_memmove_12.c	86	CWE194_Unexpected_Sign_Extension__connect_socket_memmove_12.c	132
/home/swlab-jueon/swvul/tools/java-vuln-detection/slicing/output/CPG/c/cwe194_cpg/cwe194-108-cpg-resolved.bin	tc108_flow2	CWE194_Unexpected_Sign_Extension__connect_socket_memmove_12.c	153	CWE194_Unexpected_Sign_Extension__connect_socket_memmove_12.c	169
/home/swlab-jueon/swvul/tools/java-vuln-detection/slicing/output/CPG/c/cwe194_cpg/cwe194-109-cpg-resolved.bin	tc109_flow1	CWE194_Unexpected_Sign_Extension__connect_socket_memmove_13.c	86	CWE194_Unexpected_Sign_Extension__connect_socket_memmove_13.c	127
/home/swlab-jueon/swvul/tools/java-vuln-detection/slicing/output/CPG/c/cwe194_cpg/cwe194-109-cpg-resolved.bin	tc109_flow2	CWE194_Unexpected_Sign_Extension__connect_socket_memmove_13.c	152	CWE194_Unexpected_Sign_Extension__connect_socket_memmove_13.c	163
/home/swlab-jueon/swvul/tools/java-vuln-detection/slicing/output/CPG/c/cwe194_cpg/cwe194-109-cpg-resolved.bin	tc109_flow3	CWE194_Unexpected_Sign_Extension__connect_socket_memmove_13.c	179	CWE194_Unexpected_Sign_Extension__connect_socket_memmove_13.c	190
/home/swlab-jueon/swvul/tools/java-vuln-detection/slicing/output/CPG/c/cwe194_cpg/cwe194-110-cpg-resolved.bin	tc110_flow1	CWE194_Unexpected_Sign_Extension__connect_socket_memmove_14.c	86	CWE194_Unexpected_Sign_Extension__connect_socket_memmove_14.c	127
/home/swlab-jueon/swvul/tools/java-vuln-detection/slicing/output/CPG/c/cwe194_cpg/cwe194-110-cpg-resolved.bin	tc110_flow2	CWE194_Unexpected_Sign_Extension__connect_socket_memmove_14.c	152	CWE194_Unexpected_Sign_Extension__connect_socket_memmove_14.c	163
/home/swlab-jueon/swvul/tools/java-vuln-detection/slicing/output/CPG/c/cwe194_cpg/cwe194-110-cpg-resolved.bin	tc110_flow3	CWE194_Unexpected_Sign_Extension__connect_socket_memmove_14.c	179	CWE194_Unexpected_Sign_Extension__connect_socket_memmove_14.c	190
/home/swlab-jueon/swvul/tools/java-vuln-detection/slicing/output/CPG/c/cwe194_cpg/cwe194-111-cpg-resolved.bin	tc111_flow1	CWE194_Unexpected_Sign_Extension__connect_socket_memmove_15.c	87	CWE194_Unexpected_Sign_Extension__connect_socket_memmove_15.c	133
/home/swlab-jueon/swvul/tools/java-vuln-detection/slicing/output/CPG/c/cwe194_cpg/cwe194-111-cpg-resolved.bin	tc111_flow2	CWE194_Unexpected_Sign_Extension__connect_socket_memmove_15.c	158	CWE194_Unexpected_Sign_Extension__connect_socket_memmove_15.c	170
/home/swlab-jueon/swvul/tools/java-vuln-detection/slicing/output/CPG/c/cwe194_cpg/cwe194-111-cpg-resolved.bin	tc111_flow3	CWE194_Unexpected_Sign_Extension__connect_socket_memmove_15.c	187	CWE194_Unexpected_Sign_Extension__connect_socket_memmove_15.c	203
/home/swlab-jueon/swvul/tools/java-vuln-detection/slicing/output/CPG/c/cwe194_cpg/cwe194-112-cpg-resolved.bin	tc112_flow1	CWE194_Unexpected_Sign_Extension__connect_socket_memmove_16.c	86	CWE194_Unexpected_Sign_Extension__connect_socket_memmove_16.c	128
/home/swlab-jueon/swvul/tools/java-vuln-detection/slicing/output/CPG/c/cwe194_cpg/cwe194-112-cpg-resolved.bin	tc112_flow2	CWE194_Unexpected_Sign_Extension__connect_socket_memmove_16.c	148	CWE194_Unexpected_Sign_Extension__connect_socket_memmove_16.c	160
/home/swlab-jueon/swvul/tools/java-vuln-detection/slicing/output/CPG/c/cwe194_cpg/cwe194-113-cpg-resolved.bin	tc113_flow1	CWE194_Unexpected_Sign_Extension__connect_socket_memmove_17.c	87	CWE194_Unexpected_Sign_Extension__connect_socket_memmove_17.c	128
/home/swlab-jueon/swvul/tools/java-vuln-detection/slicing/output/CPG/c/cwe194_cpg/cwe194-113-cpg-resolved.bin	tc113_flow2	CWE194_Unexpected_Sign_Extension__connect_socket_memmove_17.c	149	CWE194_Unexpected_Sign_Extension__connect_socket_memmove_17.c	160
/home/swlab-jueon/swvul/tools/java-vuln-detection/slicing/output/CPG/c/cwe194_cpg/cwe194-114-cpg-resolved.bin	tc114_flow1	CWE194_Unexpected_Sign_Extension__connect_socket_memmove_18.c	86	CWE194_Unexpected_Sign_Extension__connect_socket_memmove_18.c	126
/home/swlab-jueon/swvul/tools/java-vuln-detection/slicing/output/CPG/c/cwe194_cpg/cwe194-114-cpg-resolved.bin	tc114_flow2	CWE194_Unexpected_Sign_Extension__connect_socket_memmove_18.c	146	CWE194_Unexpected_Sign_Extension__connect_socket_memmove_18.c	156
/home/swlab-jueon/swvul/tools/java-vuln-detection/slicing/output/CPG/c/cwe194_cpg/cwe194-115-cpg-resolved.bin	tc115_flow1	CWE194_Unexpected_Sign_Extension__connect_socket_memmove_21.c	86	CWE194_Unexpected_Sign_Extension__connect_socket_memmove_21.c	137
/home/swlab-jueon/swvul/tools/java-vuln-detection/slicing/output/CPG/c/cwe194_cpg/cwe194-115-cpg-resolved.bin	tc115_flow2	CWE194_Unexpected_Sign_Extension__connect_socket_memmove_21.c	163	CWE194_Unexpected_Sign_Extension__connect_socket_memmove_21.c	184
/home/swlab-jueon/swvul/tools/java-vuln-detection/slicing/output/CPG/c/cwe194_cpg/cwe194-115-cpg-resolved.bin	tc115_flow3	CWE194_Unexpected_Sign_Extension__connect_socket_memmove_21.c	197	CWE194_Unexpected_Sign_Extension__connect_socket_memmove_21.c	218
/home/swlab-jueon/swvul/tools/java-vuln-detection/slicing/output/CPG/c/cwe194_cpg/cwe194-116-cpg-resolved.bin	tc116_flow1	CWE194_Unexpected_Sign_Extension__connect_socket_memmove_22b.c	86	CWE194_Unexpected_Sign_Extension__connect_socket_memmove_22a.c	42
/home/swlab-jueon/swvul/tools/java-vuln-detection/slicing/output/CPG/c/cwe194_cpg/cwe194-116-cpg-resolved.bin	tc116_flow2	CWE194_Unexpected_Sign_Extension__connect_socket_memmove_22b.c	140	CWE194_Unexpected_Sign_Extension__connect_socket_memmove_22a.c	76
/home/swlab-jueon/swvul/tools/java-vuln-detection/slicing/output/CPG/c/cwe194_cpg/cwe194-116-cpg-resolved.bin	tc116_flow3	CWE194_Unexpected_Sign_Extension__connect_socket_memmove_22b.c	151	CWE194_Unexpected_Sign_Extension__connect_socket_memmove_22a.c	102
/home/swlab-jueon/swvul/tools/java-vuln-detection/slicing/output/CPG/c/cwe194_cpg/cwe194-117-cpg-resolved.bin	tc117_flow1	CWE194_Unexpected_Sign_Extension__connect_socket_memmove_31.c	84	CWE194_Unexpected_Sign_Extension__connect_socket_memmove_31.c	127
/home/swlab-jueon/swvul/tools/java-vuln-detection/slicing/output/CPG/c/cwe194_cpg/cwe194-117-cpg-resolved.bin	tc117_flow2	CWE194_Unexpected_Sign_Extension__connect_socket_memmove_31.c	146	CWE194_Unexpected_Sign_Extension__connect_socket_memmove_31.c	159
/home/swlab-jueon/swvul/tools/java-vuln-detection/slicing/output/CPG/c/cwe194_cpg/cwe194-118-cpg-resolved.bin	tc118_flow1	CWE194_Unexpected_Sign_Extension__connect_socket_memmove_32.c	88	CWE194_Unexpected_Sign_Extension__connect_socket_memmove_32.c	132
/home/swlab-jueon/swvul/tools/java-vuln-detection/slicing/output/CPG/c/cwe194_cpg/cwe194-118-cpg-resolved.bin	tc118_flow2	CWE194_Unexpected_Sign_Extension__connect_socket_memmove_32.c	155	CWE194_Unexpected_Sign_Extension__connect_socket_memmove_32.c	169
/home/swlab-jueon/swvul/tools/java-vuln-detection/slicing/output/CPG/c/cwe194_cpg/cwe194-119-cpg-resolved.bin	tc119_flow1	CWE194_Unexpected_Sign_Extension__connect_socket_memmove_33.cpp	88	CWE194_Unexpected_Sign_Extension__connect_socket_memmove_33.cpp	130
/home/swlab-jueon/swvul/tools/java-vuln-detection/slicing/output/CPG/c/cwe194_cpg/cwe194-119-cpg-resolved.bin	tc119_flow2	CWE194_Unexpected_Sign_Extension__connect_socket_memmove_33.cpp	150	CWE194_Unexpected_Sign_Extension__connect_socket_memmove_33.cpp	162
/home/swlab-jueon/swvul/tools/java-vuln-detection/slicing/output/CPG/c/cwe194_cpg/cwe194-120-cpg-resolved.bin	tc120_flow1	CWE194_Unexpected_Sign_Extension__connect_socket_memmove_34.c	91	CWE194_Unexpected_Sign_Extension__connect_socket_memmove_34.c	134
/home/swlab-jueon/swvul/tools/java-vuln-detection/slicing/output/CPG/c/cwe194_cpg/cwe194-120-cpg-resolved.bin	tc120_flow2	CWE194_Unexpected_Sign_Extension__connect_socket_memmove_34.c	154	CWE194_Unexpected_Sign_Extension__connect_socket_memmove_34.c	167
/home/swlab-jueon/swvul/tools/java-vuln-detection/slicing/output/CPG/c/cwe194_cpg/cwe194-121-cpg-resolved.bin	tc121_flow1	CWE194_Unexpected_Sign_Extension__connect_socket_memmove_41.c	102	CWE194_Unexpected_Sign_Extension__connect_socket_memmove_41.c	55
/home/swlab-jueon/swvul/tools/java-vuln-detection/slicing/output/CPG/c/cwe194_cpg/cwe194-121-cpg-resolved.bin	tc121_flow2	CWE194_Unexpected_Sign_Extension__connect_socket_memmove_41.c	165	CWE194_Unexpected_Sign_Extension__connect_socket_memmove_41.c	151
/home/swlab-jueon/swvul/tools/java-vuln-detection/slicing/output/CPG/c/cwe194_cpg/cwe194-122-cpg-resolved.bin	tc122_flow1	CWE194_Unexpected_Sign_Extension__connect_socket_memmove_42.c	81	CWE194_Unexpected_Sign_Extension__connect_socket_memmove_42.c	130
/home/swlab-jueon/swvul/tools/java-vuln-detection/slicing/output/CPG/c/cwe194_cpg/cwe194-122-cpg-resolved.bin	tc122_flow2	CWE194_Unexpected_Sign_Extension__connect_socket_memmove_42.c	144	CWE194_Unexpected_Sign_Extension__connect_socket_memmove_42.c	164
/home/swlab-jueon/swvul/tools/java-vuln-detection/slicing/output/CPG/c/cwe194_cpg/cwe194-123-cpg-resolved.bin	tc123_flow1	CWE194_Unexpected_Sign_Extension__connect_socket_memmove_43.cpp	84	CWE194_Unexpected_Sign_Extension__connect_socket_memmove_43.cpp	132
/home/swlab-jueon/swvul/tools/java-vuln-detection/slicing/output/CPG/c/cwe194_cpg/cwe194-123-cpg-resolved.bin	tc123_flow2	CWE194_Unexpected_Sign_Extension__connect_socket_memmove_43.cpp	147	CWE194_Unexpected_Sign_Extension__connect_socket_memmove_43.cpp	165
/home/swlab-jueon/swvul/tools/java-vuln-detection/slicing/output/CPG/c/cwe194_cpg/cwe194-124-cpg-resolved.bin	tc124_flow1	CWE194_Unexpected_Sign_Extension__connect_socket_memmove_44.c	104	CWE194_Unexpected_Sign_Extension__connect_socket_memmove_44.c	55
/home/swlab-jueon/swvul/tools/java-vuln-detection/slicing/output/CPG/c/cwe194_cpg/cwe194-124-cpg-resolved.bin	tc124_flow2	CWE194_Unexpected_Sign_Extension__connect_socket_memmove_44.c	169	CWE194_Unexpected_Sign_Extension__connect_socket_memmove_44.c	155
/home/swlab-jueon/swvul/tools/java-vuln-detection/slicing/output/CPG/c/cwe194_cpg/cwe194-125-cpg-resolved.bin	tc125_flow1	CWE194_Unexpected_Sign_Extension__connect_socket_memmove_45.c	106	CWE194_Unexpected_Sign_Extension__connect_socket_memmove_45.c	59
/home/swlab-jueon/swvul/tools/java-vuln-detection/slicing/output/CPG/c/cwe194_cpg/cwe194-125-cpg-resolved.bin	tc125_flow2	CWE194_Unexpected_Sign_Extension__connect_socket_memmove_45.c	171	CWE194_Unexpected_Sign_Extension__connect_socket_memmove_45.c	158
/home/swlab-jueon/swvul/tools/java-vuln-detection/slicing/output/CPG/c/cwe194_cpg/cwe194-126-cpg-resolved.bin	tc126_flow1	CWE194_Unexpected_Sign_Extension__connect_socket_memmove_51a.c	87	CWE194_Unexpected_Sign_Extension__connect_socket_memmove_51b.c	57
/home/swlab-jueon/swvul/tools/java-vuln-detection/slicing/output/CPG/c/cwe194_cpg/cwe194-126-cpg-resolved.bin	tc126_flow2	CWE194_Unexpected_Sign_Extension__connect_socket_memmove_51a.c	135	CWE194_Unexpected_Sign_Extension__connect_socket_memmove_51b.c	80
/home/swlab-jueon/swvul/tools/java-vuln-detection/slicing/output/CPG/c/cwe194_cpg/cwe194-127-cpg-resolved.bin	tc127_flow1	CWE194_Unexpected_Sign_Extension__connect_socket_memmove_52a.c	87	CWE194_Unexpected_Sign_Extension__connect_socket_memmove_52c.c	57
/home/swlab-jueon/swvul/tools/java-vuln-detection/slicing/output/CPG/c/cwe194_cpg/cwe194-127-cpg-resolved.bin	tc127_flow2	CWE194_Unexpected_Sign_Extension__connect_socket_memmove_52a.c	135	CWE194_Unexpected_Sign_Extension__connect_socket_memmove_52c.c	80
/home/swlab-jueon/swvul/tools/java-vuln-detection/slicing/output/CPG/c/cwe194_cpg/cwe194-128-cpg-resolved.bin	tc128_flow1	CWE194_Unexpected_Sign_Extension__connect_socket_memmove_53a.c	87	CWE194_Unexpected_Sign_Extension__connect_socket_memmove_53d.c	57
/home/swlab-jueon/swvul/tools/java-vuln-detection/slicing/output/CPG/c/cwe194_cpg/cwe194-128-cpg-resolved.bin	tc128_flow2	CWE194_Unexpected_Sign_Extension__connect_socket_memmove_53a.c	135	CWE194_Unexpected_Sign_Extension__connect_socket_memmove_53d.c	80
/home/swlab-jueon/swvul/tools/java-vuln-detection/slicing/output/CPG/c/cwe194_cpg/cwe194-129-cpg-resolved.bin	tc129_flow1	CWE194_Unexpected_Sign_Extension__connect_socket_memmove_54a.c	87	CWE194_Unexpected_Sign_Extension__connect_socket_memmove_54e.c	57
/home/swlab-jueon/swvul/tools/java-vuln-detection/slicing/output/CPG/c/cwe194_cpg/cwe194-129-cpg-resolved.bin	tc129_flow2	CWE194_Unexpected_Sign_Extension__connect_socket_memmove_54a.c	135	CWE194_Unexpected_Sign_Extension__connect_socket_memmove_54e.c	80
/home/swlab-jueon/swvul/tools/java-vuln-detection/slicing/output/CPG/c/cwe194_cpg/cwe194-130-cpg-resolved.bin	tc130_flow1	CWE194_Unexpected_Sign_Extension__connect_socket_memmove_61b.c	81	CWE194_Unexpected_Sign_Extension__connect_socket_memmove_61a.c	62
/home/swlab-jueon/swvul/tools/java-vuln-detection/slicing/output/CPG/c/cwe194_cpg/cwe194-130-cpg-resolved.bin	tc130_flow2	CWE194_Unexpected_Sign_Extension__connect_socket_memmove_61b.c	123	CWE194_Unexpected_Sign_Extension__connect_socket_memmove_61a.c	91
/home/swlab-jueon/swvul/tools/java-vuln-detection/slicing/output/CPG/c/cwe194_cpg/cwe194-131-cpg-resolved.bin	tc131_flow1	CWE194_Unexpected_Sign_Extension__connect_socket_memmove_62b.cpp	84	CWE194_Unexpected_Sign_Extension__connect_socket_memmove_62a.cpp	42
/home/swlab-jueon/swvul/tools/java-vuln-detection/slicing/output/CPG/c/cwe194_cpg/cwe194-131-cpg-resolved.bin	tc131_flow2	CWE194_Unexpected_Sign_Extension__connect_socket_memmove_62b.cpp	125	CWE194_Unexpected_Sign_Extension__connect_socket_memmove_62a.cpp	71
/home/swlab-jueon/swvul/tools/java-vuln-detection/slicing/output/CPG/c/cwe194_cpg/cwe194-132-cpg-resolved.bin	tc132_flow1	CWE194_Unexpected_Sign_Extension__connect_socket_memmove_63a.c	87	CWE194_Unexpected_Sign_Extension__connect_socket_memmove_63b.c	56
/home/swlab-jueon/swvul/tools/java-vuln-detection/slicing/output/CPG/c/cwe194_cpg/cwe194-132-cpg-resolved.bin	tc132_flow2	CWE194_Unexpected_Sign_Extension__connect_socket_memmove_63a.c	134	CWE194_Unexpected_Sign_Extension__connect_socket_memmove_63b.c	80
/home/swlab-jueon/swvul/tools/java-vuln-detection/slicing/output/CPG/c/cwe194_cpg/cwe194-133-cpg-resolved.bin	tc133_flow1	CWE194_Unexpected_Sign_Extension__connect_socket_memmove_64a.c	87	CWE194_Unexpected_Sign_Extension__connect_socket_memmove_64b.c	59
/home/swlab-jueon/swvul/tools/java-vuln-detection/slicing/output/CPG/c/cwe194_cpg/cwe194-133-cpg-resolved.bin	tc133_flow2	CWE194_Unexpected_Sign_Extension__connect_socket_memmove_64a.c	134	CWE194_Unexpected_Sign_Extension__connect_socket_memmove_64b.c	86
/home/swlab-jueon/swvul/tools/java-vuln-detection/slicing/output/CPG/c/cwe194_cpg/cwe194-134-cpg-resolved.bin	tc134_flow1	CWE194_Unexpected_Sign_Extension__connect_socket_memmove_65a.c	89	CWE194_Unexpected_Sign_Extension__connect_socket_memmove_65b.c	55
/home/swlab-jueon/swvul/tools/java-vuln-detection/slicing/output/CPG/c/cwe194_cpg/cwe194-134-cpg-resolved.bin	tc134_flow2	CWE194_Unexpected_Sign_Extension__connect_socket_memmove_65a.c	138	CWE194_Unexpected_Sign_Extension__connect_socket_memmove_65b.c	78
/home/swlab-jueon/swvul/tools/java-vuln-detection/slicing/output/CPG/c/cwe194_cpg/cwe194-135-cpg-resolved.bin	tc135_flow1	CWE194_Unexpected_Sign_Extension__connect_socket_memmove_66a.c	88	CWE194_Unexpected_Sign_Extension__connect_socket_memmove_66b.c	57
/home/swlab-jueon/swvul/tools/java-vuln-detection/slicing/output/CPG/c/cwe194_cpg/cwe194-135-cpg-resolved.bin	tc135_flow2	CWE194_Unexpected_Sign_Extension__connect_socket_memmove_66a.c	138	CWE194_Unexpected_Sign_Extension__connect_socket_memmove_66b.c	81
/home/swlab-jueon/swvul/tools/java-vuln-detection/slicing/output/CPG/c/cwe194_cpg/cwe194-136-cpg-resolved.bin	tc136_flow1	CWE194_Unexpected_Sign_Extension__connect_socket_memmove_67a.c	93	CWE194_Unexpected_Sign_Extension__connect_socket_memmove_67b.c	61
/home/swlab-jueon/swvul/tools/java-vuln-detection/slicing/output/CPG/c/cwe194_cpg/cwe194-136-cpg-resolved.bin	tc136_flow2	CWE194_Unexpected_Sign_Extension__connect_socket_memmove_67a.c	142	CWE194_Unexpected_Sign_Extension__connect_socket_memmove_67b.c	85
/home/swlab-jueon/swvul/tools/java-vuln-detection/slicing/output/CPG/c/cwe194_cpg/cwe194-137-cpg-resolved.bin	tc137_flow1	CWE194_Unexpected_Sign_Extension__connect_socket_memmove_68a.c	90	CWE194_Unexpected_Sign_Extension__connect_socket_memmove_68b.c	61
/home/swlab-jueon/swvul/tools/java-vuln-detection/slicing/output/CPG/c/cwe194_cpg/cwe194-137-cpg-resolved.bin	tc137_flow2	CWE194_Unexpected_Sign_Extension__connect_socket_memmove_68a.c	139	CWE194_Unexpected_Sign_Extension__connect_socket_memmove_68b.c	85
/home/swlab-jueon/swvul/tools/java-vuln-detection/slicing/output/CPG/c/cwe194_cpg/cwe194-138-cpg-resolved.bin	tc138_flow1	CWE194_Unexpected_Sign_Extension__connect_socket_memmove_72a.cpp	94	CWE194_Unexpected_Sign_Extension__connect_socket_memmove_72b.cpp	40
/home/swlab-jueon/swvul/tools/java-vuln-detection/slicing/output/CPG/c/cwe194_cpg/cwe194-138-cpg-resolved.bin	tc138_flow2	CWE194_Unexpected_Sign_Extension__connect_socket_memmove_72a.cpp	148	CWE194_Unexpected_Sign_Extension__connect_socket_memmove_72b.cpp	64
/home/swlab-jueon/swvul/tools/java-vuln-detection/slicing/output/CPG/c/cwe194_cpg/cwe194-139-cpg-resolved.bin	tc139_flow1	CWE194_Unexpected_Sign_Extension__connect_socket_memmove_73a.cpp	94	CWE194_Unexpected_Sign_Extension__connect_socket_memmove_73b.cpp	40
/home/swlab-jueon/swvul/tools/java-vuln-detection/slicing/output/CPG/c/cwe194_cpg/cwe194-139-cpg-resolved.bin	tc139_flow2	CWE194_Unexpected_Sign_Extension__connect_socket_memmove_73a.cpp	148	CWE194_Unexpected_Sign_Extension__connect_socket_memmove_73b.cpp	64
/home/swlab-jueon/swvul/tools/java-vuln-detection/slicing/output/CPG/c/cwe194_cpg/cwe194-140-cpg-resolved.bin	tc140_flow1	CWE194_Unexpected_Sign_Extension__connect_socket_memmove_74a.cpp	94	CWE194_Unexpected_Sign_Extension__connect_socket_memmove_74b.cpp	40
/home/swlab-jueon/swvul/tools/java-vuln-detection/slicing/output/CPG/c/cwe194_cpg/cwe194-140-cpg-resolved.bin	tc140_flow2	CWE194_Unexpected_Sign_Extension__connect_socket_memmove_74a.cpp	148	CWE194_Unexpected_Sign_Extension__connect_socket_memmove_74b.cpp	64
/home/swlab-jueon/swvul/tools/java-vuln-detection/slicing/output/CPG/c/cwe194_cpg/cwe194-141-cpg-resolved.bin	tc141_flow1	CWE194_Unexpected_Sign_Extension__connect_socket_memmove_81a.cpp	88	CWE194_Unexpected_Sign_Extension__connect_socket_memmove_81_bad.cpp	35
/home/swlab-jueon/swvul/tools/java-vuln-detection/slicing/output/CPG/c/cwe194_cpg/cwe194-141-cpg-resolved.bin	tc141_flow2	CWE194_Unexpected_Sign_Extension__connect_socket_memmove_81a.cpp	134	CWE194_Unexpected_Sign_Extension__connect_socket_memmove_81_goodG2B.cpp	35
/home/swlab-jueon/swvul/tools/java-vuln-detection/slicing/output/CPG/c/cwe194_cpg/cwe194-142-cpg-resolved.bin	tc142_flow1	CWE194_Unexpected_Sign_Extension__connect_socket_memmove_82a.cpp	88	CWE194_Unexpected_Sign_Extension__connect_socket_memmove_82_bad.cpp	35
/home/swlab-jueon/swvul/tools/java-vuln-detection/slicing/output/CPG/c/cwe194_cpg/cwe194-142-cpg-resolved.bin	tc142_flow2	CWE194_Unexpected_Sign_Extension__connect_socket_memmove_82a.cpp	135	CWE194_Unexpected_Sign_Extension__connect_socket_memmove_82_goodG2B.cpp	35
/home/swlab-jueon/swvul/tools/java-vuln-detection/slicing/output/CPG/c/cwe194_cpg/cwe194-143-cpg-resolved.bin	tc143_flow1	CWE194_Unexpected_Sign_Extension__connect_socket_memmove_83_bad.cpp	84	CWE194_Unexpected_Sign_Extension__connect_socket_memmove_83_bad.cpp	128
/home/swlab-jueon/swvul/tools/java-vuln-detection/slicing/output/CPG/c/cwe194_cpg/cwe194-143-cpg-resolved.bin	tc143_flow2	CWE194_Unexpected_Sign_Extension__connect_socket_memmove_83_goodG2B.cpp	27	CWE194_Unexpected_Sign_Extension__connect_socket_memmove_83_goodG2B.cpp	41
/home/swlab-jueon/swvul/tools/java-vuln-detection/slicing/output/CPG/c/cwe194_cpg/cwe194-144-cpg-resolved.bin	tc144_flow1	CWE194_Unexpected_Sign_Extension__connect_socket_memmove_84_bad.cpp	84	CWE194_Unexpected_Sign_Extension__connect_socket_memmove_84_bad.cpp	128
/home/swlab-jueon/swvul/tools/java-vuln-detection/slicing/output/CPG/c/cwe194_cpg/cwe194-144-cpg-resolved.bin	tc144_flow2	CWE194_Unexpected_Sign_Extension__connect_socket_memmove_84_goodG2B.cpp	27	CWE194_Unexpected_Sign_Extension__connect_socket_memmove_84_goodG2B.cpp	41
/home/swlab-jueon/swvul/tools/java-vuln-detection/slicing/output/CPG/c/cwe194_cpg/cwe194-145-cpg-resolved.bin	tc145_flow1	CWE194_Unexpected_Sign_Extension__connect_socket_strncpy_01.c	84	CWE194_Unexpected_Sign_Extension__connect_socket_strncpy_01.c	124
/home/swlab-jueon/swvul/tools/java-vuln-detection/slicing/output/CPG/c/cwe194_cpg/cwe194-145-cpg-resolved.bin	tc145_flow2	CWE194_Unexpected_Sign_Extension__connect_socket_strncpy_01.c	142	CWE194_Unexpected_Sign_Extension__connect_socket_strncpy_01.c	152
/home/swlab-jueon/swvul/tools/java-vuln-detection/slicing/output/CPG/c/cwe194_cpg/cwe194-146-cpg-resolved.bin	tc146_flow1	CWE194_Unexpected_Sign_Extension__connect_socket_strncpy_02.c	86	CWE194_Unexpected_Sign_Extension__connect_socket_strncpy_02.c	127
/home/swlab-jueon/swvul/tools/java-vuln-detection/slicing/output/CPG/c/cwe194_cpg/cwe194-146-cpg-resolved.bin	tc146_flow2	CWE194_Unexpected_Sign_Extension__connect_socket_strncpy_02.c	152	CWE194_Unexpected_Sign_Extension__connect_socket_strncpy_02.c	163
/home/swlab-jueon/swvul/tools/java-vuln-detection/slicing/output/CPG/c/cwe194_cpg/cwe194-146-cpg-resolved.bin	tc146_flow3	CWE194_Unexpected_Sign_Extension__connect_socket_strncpy_02.c	179	CWE194_Unexpected_Sign_Extension__connect_socket_strncpy_02.c	190
/home/swlab-jueon/swvul/tools/java-vuln-detection/slicing/output/CPG/c/cwe194_cpg/cwe194-147-cpg-resolved.bin	tc147_flow1	CWE194_Unexpected_Sign_Extension__connect_socket_strncpy_03.c	86	CWE194_Unexpected_Sign_Extension__connect_socket_strncpy_03.c	127
/home/swlab-jueon/swvul/tools/java-vuln-detection/slicing/output/CPG/c/cwe194_cpg/cwe194-147-cpg-resolved.bin	tc147_flow2	CWE194_Unexpected_Sign_Extension__connect_socket_strncpy_03.c	152	CWE194_Unexpected_Sign_Extension__connect_socket_strncpy_03.c	163
/home/swlab-jueon/swvul/tools/java-vuln-detection/slicing/output/CPG/c/cwe194_cpg/cwe194-147-cpg-resolved.bin	tc147_flow3	CWE194_Unexpected_Sign_Extension__connect_socket_strncpy_03.c	179	CWE194_Unexpected_Sign_Extension__connect_socket_strncpy_03.c	190
/home/swlab-jueon/swvul/tools/java-vuln-detection/slicing/output/CPG/c/cwe194_cpg/cwe194-148-cpg-resolved.bin	tc148_flow1	CWE194_Unexpected_Sign_Extension__connect_socket_strncpy_04.c	93	CWE194_Unexpected_Sign_Extension__connect_socket_strncpy_04.c	134
/home/swlab-jueon/swvul/tools/java-vuln-detection/slicing/output/CPG/c/cwe194_cpg/cwe194-148-cpg-resolved.bin	tc148_flow2	CWE194_Unexpected_Sign_Extension__connect_socket_strncpy_04.c	159	CWE194_Unexpected_Sign_Extension__connect_socket_strncpy_04.c	170
/home/swlab-jueon/swvul/tools/java-vuln-detection/slicing/output/CPG/c/cwe194_cpg/cwe194-148-cpg-resolved.bin	tc148_flow3	CWE194_Unexpected_Sign_Extension__connect_socket_strncpy_04.c	186	CWE194_Unexpected_Sign_Extension__connect_socket_strncpy_04.c	197
/home/swlab-jueon/swvul/tools/java-vuln-detection/slicing/output/CPG/c/cwe194_cpg/cwe194-149-cpg-resolved.bin	tc149_flow1	CWE194_Unexpected_Sign_Extension__connect_socket_strncpy_05.c	93	CWE194_Unexpected_Sign_Extension__connect_socket_strncpy_05.c	134
/home/swlab-jueon/swvul/tools/java-vuln-detection/slicing/output/CPG/c/cwe194_cpg/cwe194-149-cpg-resolved.bin	tc149_flow2	CWE194_Unexpected_Sign_Extension__connect_socket_strncpy_05.c	159	CWE194_Unexpected_Sign_Extension__connect_socket_strncpy_05.c	170
/home/swlab-jueon/swvul/tools/java-vuln-detection/slicing/output/CPG/c/cwe194_cpg/cwe194-149-cpg-resolved.bin	tc149_flow3	CWE194_Unexpected_Sign_Extension__connect_socket_strncpy_05.c	186	CWE194_Unexpected_Sign_Extension__connect_socket_strncpy_05.c	197
/home/swlab-jueon/swvul/tools/java-vuln-detection/slicing/output/CPG/c/cwe194_cpg/cwe194-150-cpg-resolved.bin	tc150_flow1	CWE194_Unexpected_Sign_Extension__connect_socket_strncpy_06.c	90	CWE194_Unexpected_Sign_Extension__connect_socket_strncpy_06.c	131
/home/swlab-jueon/swvul/tools/java-vuln-detection/slicing/output/CPG/c/cwe194_cpg/cwe194-150-cpg-resolved.bin	tc150_flow2	CWE194_Unexpected_Sign_Extension__connect_socket_strncpy_06.c	156	CWE194_Unexpected_Sign_Extension__connect_socket_strncpy_06.c	167
/home/swlab-jueon/swvul/tools/java-vuln-detection/slicing/output/CPG/c/cwe194_cpg/cwe194-150-cpg-resolved.bin	tc150_flow3	CWE194_Unexpected_Sign_Extension__connect_socket_strncpy_06.c	183	CWE194_Unexpected_Sign_Extension__connect_socket_strncpy_06.c	194
/home/swlab-jueon/swvul/tools/java-vuln-detection/slicing/output/CPG/c/cwe194_cpg/cwe194-151-cpg-resolved.bin	tc151_flow1	CWE194_Unexpected_Sign_Extension__connect_socket_strncpy_07.c	92	CWE194_Unexpected_Sign_Extension__connect_socket_strncpy_07.c	133
/home/swlab-jueon/swvul/tools/java-vuln-detection/slicing/output/CPG/c/cwe194_cpg/cwe194-151-cpg-resolved.bin	tc151_flow2	CWE194_Unexpected_Sign_Extension__connect_socket_strncpy_07.c	158	CWE194_Unexpected_Sign_Extension__connect_socket_strncpy_07.c	169
/home/swlab-jueon/swvul/tools/java-vuln-detection/slicing/output/CPG/c/cwe194_cpg/cwe194-151-cpg-resolved.bin	tc151_flow3	CWE194_Unexpected_Sign_Extension__connect_socket_strncpy_07.c	185	CWE194_Unexpected_Sign_Extension__connect_socket_strncpy_07.c	196
/home/swlab-jueon/swvul/tools/java-vuln-detection/slicing/output/CPG/c/cwe194_cpg/cwe194-152-cpg-resolved.bin	tc152_flow1	CWE194_Unexpected_Sign_Extension__connect_socket_strncpy_08.c	100	CWE194_Unexpected_Sign_Extension__connect_socket_strncpy_08.c	141
/home/swlab-jueon/swvul/tools/java-vuln-detection/slicing/output/CPG/c/cwe194_cpg/cwe194-152-cpg-resolved.bin	tc152_flow2	CWE194_Unexpected_Sign_Extension__connect_socket_strncpy_08.c	166	CWE194_Unexpected_Sign_Extension__connect_socket_strncpy_08.c	177
/home/swlab-jueon/swvul/tools/java-vuln-detection/slicing/output/CPG/c/cwe194_cpg/cwe194-152-cpg-resolved.bin	tc152_flow3	CWE194_Unexpected_Sign_Extension__connect_socket_strncpy_08.c	193	CWE194_Unexpected_Sign_Extension__connect_socket_strncpy_08.c	204
/home/swlab-jueon/swvul/tools/java-vuln-detection/slicing/output/CPG/c/cwe194_cpg/cwe194-153-cpg-resolved.bin	tc153_flow1	CWE194_Unexpected_Sign_Extension__connect_socket_strncpy_09.c	86	CWE194_Unexpected_Sign_Extension__connect_socket_strncpy_09.c	127
/home/swlab-jueon/swvul/tools/java-vuln-detection/slicing/output/CPG/c/cwe194_cpg/cwe194-153-cpg-resolved.bin	tc153_flow2	CWE194_Unexpected_Sign_Extension__connect_socket_strncpy_09.c	152	CWE194_Unexpected_Sign_Extension__connect_socket_strncpy_09.c	163
/home/swlab-jueon/swvul/tools/java-vuln-detection/slicing/output/CPG/c/cwe194_cpg/cwe194-153-cpg-resolved.bin	tc153_flow3	CWE194_Unexpected_Sign_Extension__connect_socket_strncpy_09.c	179	CWE194_Unexpected_Sign_Extension__connect_socket_strncpy_09.c	190
/home/swlab-jueon/swvul/tools/java-vuln-detection/slicing/output/CPG/c/cwe194_cpg/cwe194-154-cpg-resolved.bin	tc154_flow1	CWE194_Unexpected_Sign_Extension__connect_socket_strncpy_10.c	86	CWE194_Unexpected_Sign_Extension__connect_socket_strncpy_10.c	127
/home/swlab-jueon/swvul/tools/java-vuln-detection/slicing/output/CPG/c/cwe194_cpg/cwe194-154-cpg-resolved.bin	tc154_flow2	CWE194_Unexpected_Sign_Extension__connect_socket_strncpy_10.c	152	CWE194_Unexpected_Sign_Extension__connect_socket_strncpy_10.c	163
/home/swlab-jueon/swvul/tools/java-vuln-detection/slicing/output/CPG/c/cwe194_cpg/cwe194-154-cpg-resolved.bin	tc154_flow3	CWE194_Unexpected_Sign_Extension__connect_socket_strncpy_10.c	179	CWE194_Unexpected_Sign_Extension__connect_socket_strncpy_10.c	190
/home/swlab-jueon/swvul/tools/java-vuln-detection/slicing/output/CPG/c/cwe194_cpg/cwe194-155-cpg-resolved.bin	tc155_flow1	CWE194_Unexpected_Sign_Extension__connect_socket_strncpy_11.c	86	CWE194_Unexpected_Sign_Extension__connect_socket_strncpy_11.c	127
/home/swlab-jueon/swvul/tools/java-vuln-detection/slicing/output/CPG/c/cwe194_cpg/cwe194-155-cpg-resolved.bin	tc155_flow2	CWE194_Unexpected_Sign_Extension__connect_socket_strncpy_11.c	152	CWE194_Unexpected_Sign_Extension__connect_socket_strncpy_11.c	163
/home/swlab-jueon/swvul/tools/java-vuln-detection/slicing/output/CPG/c/cwe194_cpg/cwe194-155-cpg-resolved.bin	tc155_flow3	CWE194_Unexpected_Sign_Extension__connect_socket_strncpy_11.c	179	CWE194_Unexpected_Sign_Extension__connect_socket_strncpy_11.c	190
/home/swlab-jueon/swvul/tools/java-vuln-detection/slicing/output/CPG/c/cwe194_cpg/cwe194-156-cpg-resolved.bin	tc156_flow1	CWE194_Unexpected_Sign_Extension__connect_socket_strncpy_12.c	86	CWE194_Unexpected_Sign_Extension__connect_socket_strncpy_12.c	132
/home/swlab-jueon/swvul/tools/java-vuln-detection/slicing/output/CPG/c/cwe194_cpg/cwe194-156-cpg-resolved.bin	tc156_flow2	CWE194_Unexpected_Sign_Extension__connect_socket_strncpy_12.c	153	CWE194_Unexpected_Sign_Extension__connect_socket_strncpy_12.c	169
/home/swlab-jueon/swvul/tools/java-vuln-detection/slicing/output/CPG/c/cwe194_cpg/cwe194-157-cpg-resolved.bin	tc157_flow1	CWE194_Unexpected_Sign_Extension__connect_socket_strncpy_13.c	86	CWE194_Unexpected_Sign_Extension__connect_socket_strncpy_13.c	127
/home/swlab-jueon/swvul/tools/java-vuln-detection/slicing/output/CPG/c/cwe194_cpg/cwe194-157-cpg-resolved.bin	tc157_flow2	CWE194_Unexpected_Sign_Extension__connect_socket_strncpy_13.c	152	CWE194_Unexpected_Sign_Extension__connect_socket_strncpy_13.c	163
/home/swlab-jueon/swvul/tools/java-vuln-detection/slicing/output/CPG/c/cwe194_cpg/cwe194-157-cpg-resolved.bin	tc157_flow3	CWE194_Unexpected_Sign_Extension__connect_socket_strncpy_13.c	179	CWE194_Unexpected_Sign_Extension__connect_socket_strncpy_13.c	190
/home/swlab-jueon/swvul/tools/java-vuln-detection/slicing/output/CPG/c/cwe194_cpg/cwe194-158-cpg-resolved.bin	tc158_flow1	CWE194_Unexpected_Sign_Extension__connect_socket_strncpy_14.c	86	CWE194_Unexpected_Sign_Extension__connect_socket_strncpy_14.c	127
/home/swlab-jueon/swvul/tools/java-vuln-detection/slicing/output/CPG/c/cwe194_cpg/cwe194-158-cpg-resolved.bin	tc158_flow2	CWE194_Unexpected_Sign_Extension__connect_socket_strncpy_14.c	152	CWE194_Unexpected_Sign_Extension__connect_socket_strncpy_14.c	163
/home/swlab-jueon/swvul/tools/java-vuln-detection/slicing/output/CPG/c/cwe194_cpg/cwe194-158-cpg-resolved.bin	tc158_flow3	CWE194_Unexpected_Sign_Extension__connect_socket_strncpy_14.c	179	CWE194_Unexpected_Sign_Extension__connect_socket_strncpy_14.c	190
/home/swlab-jueon/swvul/tools/java-vuln-detection/slicing/output/CPG/c/cwe194_cpg/cwe194-159-cpg-resolved.bin	tc159_flow1	CWE194_Unexpected_Sign_Extension__connect_socket_strncpy_15.c	87	CWE194_Unexpected_Sign_Extension__connect_socket_strncpy_15.c	133
/home/swlab-jueon/swvul/tools/java-vuln-detection/slicing/output/CPG/c/cwe194_cpg/cwe194-159-cpg-resolved.bin	tc159_flow2	CWE194_Unexpected_Sign_Extension__connect_socket_strncpy_15.c	158	CWE194_Unexpected_Sign_Extension__connect_socket_strncpy_15.c	170
/home/swlab-jueon/swvul/tools/java-vuln-detection/slicing/output/CPG/c/cwe194_cpg/cwe194-159-cpg-resolved.bin	tc159_flow3	CWE194_Unexpected_Sign_Extension__connect_socket_strncpy_15.c	187	CWE194_Unexpected_Sign_Extension__connect_socket_strncpy_15.c	203
/home/swlab-jueon/swvul/tools/java-vuln-detection/slicing/output/CPG/c/cwe194_cpg/cwe194-160-cpg-resolved.bin	tc160_flow1	CWE194_Unexpected_Sign_Extension__connect_socket_strncpy_16.c	86	CWE194_Unexpected_Sign_Extension__connect_socket_strncpy_16.c	128
/home/swlab-jueon/swvul/tools/java-vuln-detection/slicing/output/CPG/c/cwe194_cpg/cwe194-160-cpg-resolved.bin	tc160_flow2	CWE194_Unexpected_Sign_Extension__connect_socket_strncpy_16.c	148	CWE194_Unexpected_Sign_Extension__connect_socket_strncpy_16.c	160
/home/swlab-jueon/swvul/tools/java-vuln-detection/slicing/output/CPG/c/cwe194_cpg/cwe194-161-cpg-resolved.bin	tc161_flow1	CWE194_Unexpected_Sign_Extension__connect_socket_strncpy_17.c	87	CWE194_Unexpected_Sign_Extension__connect_socket_strncpy_17.c	128
/home/swlab-jueon/swvul/tools/java-vuln-detection/slicing/output/CPG/c/cwe194_cpg/cwe194-161-cpg-resolved.bin	tc161_flow2	CWE194_Unexpected_Sign_Extension__connect_socket_strncpy_17.c	149	CWE194_Unexpected_Sign_Extension__connect_socket_strncpy_17.c	160
/home/swlab-jueon/swvul/tools/java-vuln-detection/slicing/output/CPG/c/cwe194_cpg/cwe194-162-cpg-resolved.bin	tc162_flow1	CWE194_Unexpected_Sign_Extension__connect_socket_strncpy_18.c	86	CWE194_Unexpected_Sign_Extension__connect_socket_strncpy_18.c	126
/home/swlab-jueon/swvul/tools/java-vuln-detection/slicing/output/CPG/c/cwe194_cpg/cwe194-162-cpg-resolved.bin	tc162_flow2	CWE194_Unexpected_Sign_Extension__connect_socket_strncpy_18.c	146	CWE194_Unexpected_Sign_Extension__connect_socket_strncpy_18.c	156
/home/swlab-jueon/swvul/tools/java-vuln-detection/slicing/output/CPG/c/cwe194_cpg/cwe194-163-cpg-resolved.bin	tc163_flow1	CWE194_Unexpected_Sign_Extension__connect_socket_strncpy_21.c	86	CWE194_Unexpected_Sign_Extension__connect_socket_strncpy_21.c	137
/home/swlab-jueon/swvul/tools/java-vuln-detection/slicing/output/CPG/c/cwe194_cpg/cwe194-163-cpg-resolved.bin	tc163_flow2	CWE194_Unexpected_Sign_Extension__connect_socket_strncpy_21.c	163	CWE194_Unexpected_Sign_Extension__connect_socket_strncpy_21.c	184
/home/swlab-jueon/swvul/tools/java-vuln-detection/slicing/output/CPG/c/cwe194_cpg/cwe194-163-cpg-resolved.bin	tc163_flow3	CWE194_Unexpected_Sign_Extension__connect_socket_strncpy_21.c	197	CWE194_Unexpected_Sign_Extension__connect_socket_strncpy_21.c	218
/home/swlab-jueon/swvul/tools/java-vuln-detection/slicing/output/CPG/c/cwe194_cpg/cwe194-164-cpg-resolved.bin	tc164_flow1	CWE194_Unexpected_Sign_Extension__connect_socket_strncpy_22b.c	86	CWE194_Unexpected_Sign_Extension__connect_socket_strncpy_22a.c	42
/home/swlab-jueon/swvul/tools/java-vuln-detection/slicing/output/CPG/c/cwe194_cpg/cwe194-164-cpg-resolved.bin	tc164_flow2	CWE194_Unexpected_Sign_Extension__connect_socket_strncpy_22b.c	140	CWE194_Unexpected_Sign_Extension__connect_socket_strncpy_22a.c	76
/home/swlab-jueon/swvul/tools/java-vuln-detection/slicing/output/CPG/c/cwe194_cpg/cwe194-164-cpg-resolved.bin	tc164_flow3	CWE194_Unexpected_Sign_Extension__connect_socket_strncpy_22b.c	151	CWE194_Unexpected_Sign_Extension__connect_socket_strncpy_22a.c	102
/home/swlab-jueon/swvul/tools/java-vuln-detection/slicing/output/CPG/c/cwe194_cpg/cwe194-165-cpg-resolved.bin	tc165_flow1	CWE194_Unexpected_Sign_Extension__connect_socket_strncpy_31.c	84	CWE194_Unexpected_Sign_Extension__connect_socket_strncpy_31.c	127
/home/swlab-jueon/swvul/tools/java-vuln-detection/slicing/output/CPG/c/cwe194_cpg/cwe194-165-cpg-resolved.bin	tc165_flow2	CWE194_Unexpected_Sign_Extension__connect_socket_strncpy_31.c	146	CWE194_Unexpected_Sign_Extension__connect_socket_strncpy_31.c	159
/home/swlab-jueon/swvul/tools/java-vuln-detection/slicing/output/CPG/c/cwe194_cpg/cwe194-166-cpg-resolved.bin	tc166_flow1	CWE194_Unexpected_Sign_Extension__connect_socket_strncpy_32.c	88	CWE194_Unexpected_Sign_Extension__connect_socket_strncpy_32.c	132
/home/swlab-jueon/swvul/tools/java-vuln-detection/slicing/output/CPG/c/cwe194_cpg/cwe194-166-cpg-resolved.bin	tc166_flow2	CWE194_Unexpected_Sign_Extension__connect_socket_strncpy_32.c	155	CWE194_Unexpected_Sign_Extension__connect_socket_strncpy_32.c	169
/home/swlab-jueon/swvul/tools/java-vuln-detection/slicing/output/CPG/c/cwe194_cpg/cwe194-167-cpg-resolved.bin	tc167_flow1	CWE194_Unexpected_Sign_Extension__connect_socket_strncpy_33.cpp	88	CWE194_Unexpected_Sign_Extension__connect_socket_strncpy_33.cpp	130
/home/swlab-jueon/swvul/tools/java-vuln-detection/slicing/output/CPG/c/cwe194_cpg/cwe194-167-cpg-resolved.bin	tc167_flow2	CWE194_Unexpected_Sign_Extension__connect_socket_strncpy_33.cpp	150	CWE194_Unexpected_Sign_Extension__connect_socket_strncpy_33.cpp	162
/home/swlab-jueon/swvul/tools/java-vuln-detection/slicing/output/CPG/c/cwe194_cpg/cwe194-168-cpg-resolved.bin	tc168_flow1	CWE194_Unexpected_Sign_Extension__connect_socket_strncpy_34.c	91	CWE194_Unexpected_Sign_Extension__connect_socket_strncpy_34.c	134
/home/swlab-jueon/swvul/tools/java-vuln-detection/slicing/output/CPG/c/cwe194_cpg/cwe194-168-cpg-resolved.bin	tc168_flow2	CWE194_Unexpected_Sign_Extension__connect_socket_strncpy_34.c	154	CWE194_Unexpected_Sign_Extension__connect_socket_strncpy_34.c	167
/home/swlab-jueon/swvul/tools/java-vuln-detection/slicing/output/CPG/c/cwe194_cpg/cwe194-169-cpg-resolved.bin	tc169_flow1	CWE194_Unexpected_Sign_Extension__connect_socket_strncpy_41.c	102	CWE194_Unexpected_Sign_Extension__connect_socket_strncpy_41.c	55
/home/swlab-jueon/swvul/tools/java-vuln-detection/slicing/output/CPG/c/cwe194_cpg/cwe194-169-cpg-resolved.bin	tc169_flow2	CWE194_Unexpected_Sign_Extension__connect_socket_strncpy_41.c	165	CWE194_Unexpected_Sign_Extension__connect_socket_strncpy_41.c	151
/home/swlab-jueon/swvul/tools/java-vuln-detection/slicing/output/CPG/c/cwe194_cpg/cwe194-170-cpg-resolved.bin	tc170_flow1	CWE194_Unexpected_Sign_Extension__connect_socket_strncpy_42.c	81	CWE194_Unexpected_Sign_Extension__connect_socket_strncpy_42.c	130
/home/swlab-jueon/swvul/tools/java-vuln-detection/slicing/output/CPG/c/cwe194_cpg/cwe194-170-cpg-resolved.bin	tc170_flow2	CWE194_Unexpected_Sign_Extension__connect_socket_strncpy_42.c	144	CWE194_Unexpected_Sign_Extension__connect_socket_strncpy_42.c	164
/home/swlab-jueon/swvul/tools/java-vuln-detection/slicing/output/CPG/c/cwe194_cpg/cwe194-171-cpg-resolved.bin	tc171_flow1	CWE194_Unexpected_Sign_Extension__connect_socket_strncpy_43.cpp	84	CWE194_Unexpected_Sign_Extension__connect_socket_strncpy_43.cpp	132
/home/swlab-jueon/swvul/tools/java-vuln-detection/slicing/output/CPG/c/cwe194_cpg/cwe194-171-cpg-resolved.bin	tc171_flow2	CWE194_Unexpected_Sign_Extension__connect_socket_strncpy_43.cpp	147	CWE194_Unexpected_Sign_Extension__connect_socket_strncpy_43.cpp	165
/home/swlab-jueon/swvul/tools/java-vuln-detection/slicing/output/CPG/c/cwe194_cpg/cwe194-172-cpg-resolved.bin	tc172_flow1	CWE194_Unexpected_Sign_Extension__connect_socket_strncpy_44.c	104	CWE194_Unexpected_Sign_Extension__connect_socket_strncpy_44.c	55
/home/swlab-jueon/swvul/tools/java-vuln-detection/slicing/output/CPG/c/cwe194_cpg/cwe194-172-cpg-resolved.bin	tc172_flow2	CWE194_Unexpected_Sign_Extension__connect_socket_strncpy_44.c	169	CWE194_Unexpected_Sign_Extension__connect_socket_strncpy_44.c	155
/home/swlab-jueon/swvul/tools/java-vuln-detection/slicing/output/CPG/c/cwe194_cpg/cwe194-173-cpg-resolved.bin	tc173_flow1	CWE194_Unexpected_Sign_Extension__connect_socket_strncpy_45.c	106	CWE194_Unexpected_Sign_Extension__connect_socket_strncpy_45.c	59
/home/swlab-jueon/swvul/tools/java-vuln-detection/slicing/output/CPG/c/cwe194_cpg/cwe194-173-cpg-resolved.bin	tc173_flow2	CWE194_Unexpected_Sign_Extension__connect_socket_strncpy_45.c	171	CWE194_Unexpected_Sign_Extension__connect_socket_strncpy_45.c	158
/home/swlab-jueon/swvul/tools/java-vuln-detection/slicing/output/CPG/c/cwe194_cpg/cwe194-174-cpg-resolved.bin	tc174_flow1	CWE194_Unexpected_Sign_Extension__connect_socket_strncpy_51a.c	87	CWE194_Unexpected_Sign_Extension__connect_socket_strncpy_51b.c	57
/home/swlab-jueon/swvul/tools/java-vuln-detection/slicing/output/CPG/c/cwe194_cpg/cwe194-174-cpg-resolved.bin	tc174_flow2	CWE194_Unexpected_Sign_Extension__connect_socket_strncpy_51a.c	135	CWE194_Unexpected_Sign_Extension__connect_socket_strncpy_51b.c	80
/home/swlab-jueon/swvul/tools/java-vuln-detection/slicing/output/CPG/c/cwe194_cpg/cwe194-175-cpg-resolved.bin	tc175_flow1	CWE194_Unexpected_Sign_Extension__connect_socket_strncpy_52a.c	87	CWE194_Unexpected_Sign_Extension__connect_socket_strncpy_52c.c	57
/home/swlab-jueon/swvul/tools/java-vuln-detection/slicing/output/CPG/c/cwe194_cpg/cwe194-175-cpg-resolved.bin	tc175_flow2	CWE194_Unexpected_Sign_Extension__connect_socket_strncpy_52a.c	135	CWE194_Unexpected_Sign_Extension__connect_socket_strncpy_52c.c	80
/home/swlab-jueon/swvul/tools/java-vuln-detection/slicing/output/CPG/c/cwe194_cpg/cwe194-176-cpg-resolved.bin	tc176_flow1	CWE194_Unexpected_Sign_Extension__connect_socket_strncpy_53a.c	87	CWE194_Unexpected_Sign_Extension__connect_socket_strncpy_53d.c	57
/home/swlab-jueon/swvul/tools/java-vuln-detection/slicing/output/CPG/c/cwe194_cpg/cwe194-176-cpg-resolved.bin	tc176_flow2	CWE194_Unexpected_Sign_Extension__connect_socket_strncpy_53a.c	135	CWE194_Unexpected_Sign_Extension__connect_socket_strncpy_53d.c	80
/home/swlab-jueon/swvul/tools/java-vuln-detection/slicing/output/CPG/c/cwe194_cpg/cwe194-177-cpg-resolved.bin	tc177_flow1	CWE194_Unexpected_Sign_Extension__connect_socket_strncpy_54a.c	87	CWE194_Unexpected_Sign_Extension__connect_socket_strncpy_54e.c	57
/home/swlab-jueon/swvul/tools/java-vuln-detection/slicing/output/CPG/c/cwe194_cpg/cwe194-177-cpg-resolved.bin	tc177_flow2	CWE194_Unexpected_Sign_Extension__connect_socket_strncpy_54a.c	135	CWE194_Unexpected_Sign_Extension__connect_socket_strncpy_54e.c	80
/home/swlab-jueon/swvul/tools/java-vuln-detection/slicing/output/CPG/c/cwe194_cpg/cwe194-178-cpg-resolved.bin	tc178_flow1	CWE194_Unexpected_Sign_Extension__connect_socket_strncpy_61b.c	81	CWE194_Unexpected_Sign_Extension__connect_socket_strncpy_61a.c	62
/home/swlab-jueon/swvul/tools/java-vuln-detection/slicing/output/CPG/c/cwe194_cpg/cwe194-178-cpg-resolved.bin	tc178_flow2	CWE194_Unexpected_Sign_Extension__connect_socket_strncpy_61b.c	123	CWE194_Unexpected_Sign_Extension__connect_socket_strncpy_61a.c	91
/home/swlab-jueon/swvul/tools/java-vuln-detection/slicing/output/CPG/c/cwe194_cpg/cwe194-179-cpg-resolved.bin	tc179_flow1	CWE194_Unexpected_Sign_Extension__connect_socket_strncpy_62b.cpp	84	CWE194_Unexpected_Sign_Extension__connect_socket_strncpy_62a.cpp	42
/home/swlab-jueon/swvul/tools/java-vuln-detection/slicing/output/CPG/c/cwe194_cpg/cwe194-179-cpg-resolved.bin	tc179_flow2	CWE194_Unexpected_Sign_Extension__connect_socket_strncpy_62b.cpp	125	CWE194_Unexpected_Sign_Extension__connect_socket_strncpy_62a.cpp	71
/home/swlab-jueon/swvul/tools/java-vuln-detection/slicing/output/CPG/c/cwe194_cpg/cwe194-180-cpg-resolved.bin	tc180_flow1	CWE194_Unexpected_Sign_Extension__connect_socket_strncpy_63a.c	87	CWE194_Unexpected_Sign_Extension__connect_socket_strncpy_63b.c	56
/home/swlab-jueon/swvul/tools/java-vuln-detection/slicing/output/CPG/c/cwe194_cpg/cwe194-180-cpg-resolved.bin	tc180_flow2	CWE194_Unexpected_Sign_Extension__connect_socket_strncpy_63a.c	134	CWE194_Unexpected_Sign_Extension__connect_socket_strncpy_63b.c	80
/home/swlab-jueon/swvul/tools/java-vuln-detection/slicing/output/CPG/c/cwe194_cpg/cwe194-181-cpg-resolved.bin	tc181_flow1	CWE194_Unexpected_Sign_Extension__connect_socket_strncpy_64a.c	87	CWE194_Unexpected_Sign_Extension__connect_socket_strncpy_64b.c	59
/home/swlab-jueon/swvul/tools/java-vuln-detection/slicing/output/CPG/c/cwe194_cpg/cwe194-181-cpg-resolved.bin	tc181_flow2	CWE194_Unexpected_Sign_Extension__connect_socket_strncpy_64a.c	134	CWE194_Unexpected_Sign_Extension__connect_socket_strncpy_64b.c	86
/home/swlab-jueon/swvul/tools/java-vuln-detection/slicing/output/CPG/c/cwe194_cpg/cwe194-182-cpg-resolved.bin	tc182_flow1	CWE194_Unexpected_Sign_Extension__connect_socket_strncpy_65a.c	89	CWE194_Unexpected_Sign_Extension__connect_socket_strncpy_65b.c	55
/home/swlab-jueon/swvul/tools/java-vuln-detection/slicing/output/CPG/c/cwe194_cpg/cwe194-182-cpg-resolved.bin	tc182_flow2	CWE194_Unexpected_Sign_Extension__connect_socket_strncpy_65a.c	138	CWE194_Unexpected_Sign_Extension__connect_socket_strncpy_65b.c	78
/home/swlab-jueon/swvul/tools/java-vuln-detection/slicing/output/CPG/c/cwe194_cpg/cwe194-183-cpg-resolved.bin	tc183_flow1	CWE194_Unexpected_Sign_Extension__connect_socket_strncpy_66a.c	88	CWE194_Unexpected_Sign_Extension__connect_socket_strncpy_66b.c	57
/home/swlab-jueon/swvul/tools/java-vuln-detection/slicing/output/CPG/c/cwe194_cpg/cwe194-183-cpg-resolved.bin	tc183_flow2	CWE194_Unexpected_Sign_Extension__connect_socket_strncpy_66a.c	138	CWE194_Unexpected_Sign_Extension__connect_socket_strncpy_66b.c	81
/home/swlab-jueon/swvul/tools/java-vuln-detection/slicing/output/CPG/c/cwe194_cpg/cwe194-184-cpg-resolved.bin	tc184_flow1	CWE194_Unexpected_Sign_Extension__connect_socket_strncpy_67a.c	93	CWE194_Unexpected_Sign_Extension__connect_socket_strncpy_67b.c	61
/home/swlab-jueon/swvul/tools/java-vuln-detection/slicing/output/CPG/c/cwe194_cpg/cwe194-184-cpg-resolved.bin	tc184_flow2	CWE194_Unexpected_Sign_Extension__connect_socket_strncpy_67a.c	142	CWE194_Unexpected_Sign_Extension__connect_socket_strncpy_67b.c	85
/home/swlab-jueon/swvul/tools/java-vuln-detection/slicing/output/CPG/c/cwe194_cpg/cwe194-185-cpg-resolved.bin	tc185_flow1	CWE194_Unexpected_Sign_Extension__connect_socket_strncpy_68a.c	90	CWE194_Unexpected_Sign_Extension__connect_socket_strncpy_68b.c	61
/home/swlab-jueon/swvul/tools/java-vuln-detection/slicing/output/CPG/c/cwe194_cpg/cwe194-185-cpg-resolved.bin	tc185_flow2	CWE194_Unexpected_Sign_Extension__connect_socket_strncpy_68a.c	139	CWE194_Unexpected_Sign_Extension__connect_socket_strncpy_68b.c	85
/home/swlab-jueon/swvul/tools/java-vuln-detection/slicing/output/CPG/c/cwe194_cpg/cwe194-186-cpg-resolved.bin	tc186_flow1	CWE194_Unexpected_Sign_Extension__connect_socket_strncpy_72a.cpp	94	CWE194_Unexpected_Sign_Extension__connect_socket_strncpy_72b.cpp	40
/home/swlab-jueon/swvul/tools/java-vuln-detection/slicing/output/CPG/c/cwe194_cpg/cwe194-186-cpg-resolved.bin	tc186_flow2	CWE194_Unexpected_Sign_Extension__connect_socket_strncpy_72a.cpp	148	CWE194_Unexpected_Sign_Extension__connect_socket_strncpy_72b.cpp	64
/home/swlab-jueon/swvul/tools/java-vuln-detection/slicing/output/CPG/c/cwe194_cpg/cwe194-187-cpg-resolved.bin	tc187_flow1	CWE194_Unexpected_Sign_Extension__connect_socket_strncpy_73a.cpp	94	CWE194_Unexpected_Sign_Extension__connect_socket_strncpy_73b.cpp	40
/home/swlab-jueon/swvul/tools/java-vuln-detection/slicing/output/CPG/c/cwe194_cpg/cwe194-187-cpg-resolved.bin	tc187_flow2	CWE194_Unexpected_Sign_Extension__connect_socket_strncpy_73a.cpp	148	CWE194_Unexpected_Sign_Extension__connect_socket_strncpy_73b.cpp	64
/home/swlab-jueon/swvul/tools/java-vuln-detection/slicing/output/CPG/c/cwe194_cpg/cwe194-188-cpg-resolved.bin	tc188_flow1	CWE194_Unexpected_Sign_Extension__connect_socket_strncpy_74a.cpp	94	CWE194_Unexpected_Sign_Extension__connect_socket_strncpy_74b.cpp	40
/home/swlab-jueon/swvul/tools/java-vuln-detection/slicing/output/CPG/c/cwe194_cpg/cwe194-188-cpg-resolved.bin	tc188_flow2	CWE194_Unexpected_Sign_Extension__connect_socket_strncpy_74a.cpp	148	CWE194_Unexpected_Sign_Extension__connect_socket_strncpy_74b.cpp	64
/home/swlab-jueon/swvul/tools/java-vuln-detection/slicing/output/CPG/c/cwe194_cpg/cwe194-189-cpg-resolved.bin	tc189_flow1	CWE194_Unexpected_Sign_Extension__connect_socket_strncpy_81a.cpp	88	CWE194_Unexpected_Sign_Extension__connect_socket_strncpy_81_bad.cpp	35
/home/swlab-jueon/swvul/tools/java-vuln-detection/slicing/output/CPG/c/cwe194_cpg/cwe194-189-cpg-resolved.bin	tc189_flow2	CWE194_Unexpected_Sign_Extension__connect_socket_strncpy_81a.cpp	134	CWE194_Unexpected_Sign_Extension__connect_socket_strncpy_81_goodG2B.cpp	35
/home/swlab-jueon/swvul/tools/java-vuln-detection/slicing/output/CPG/c/cwe194_cpg/cwe194-190-cpg-resolved.bin	tc190_flow1	CWE194_Unexpected_Sign_Extension__connect_socket_strncpy_82a.cpp	88	CWE194_Unexpected_Sign_Extension__connect_socket_strncpy_82_bad.cpp	35
/home/swlab-jueon/swvul/tools/java-vuln-detection/slicing/output/CPG/c/cwe194_cpg/cwe194-190-cpg-resolved.bin	tc190_flow2	CWE194_Unexpected_Sign_Extension__connect_socket_strncpy_82a.cpp	135	CWE194_Unexpected_Sign_Extension__connect_socket_strncpy_82_goodG2B.cpp	35
/home/swlab-jueon/swvul/tools/java-vuln-detection/slicing/output/CPG/c/cwe194_cpg/cwe194-191-cpg-resolved.bin	tc191_flow1	CWE194_Unexpected_Sign_Extension__connect_socket_strncpy_83_bad.cpp	84	CWE194_Unexpected_Sign_Extension__connect_socket_strncpy_83_bad.cpp	128
/home/swlab-jueon/swvul/tools/java-vuln-detection/slicing/output/CPG/c/cwe194_cpg/cwe194-191-cpg-resolved.bin	tc191_flow2	CWE194_Unexpected_Sign_Extension__connect_socket_strncpy_83_goodG2B.cpp	27	CWE194_Unexpected_Sign_Extension__connect_socket_strncpy_83_goodG2B.cpp	41
/home/swlab-jueon/swvul/tools/java-vuln-detection/slicing/output/CPG/c/cwe194_cpg/cwe194-192-cpg-resolved.bin	tc192_flow1	CWE194_Unexpected_Sign_Extension__connect_socket_strncpy_84_bad.cpp	84	CWE194_Unexpected_Sign_Extension__connect_socket_strncpy_84_bad.cpp	128
/home/swlab-jueon/swvul/tools/java-vuln-detection/slicing/output/CPG/c/cwe194_cpg/cwe194-192-cpg-resolved.bin	tc192_flow2	CWE194_Unexpected_Sign_Extension__connect_socket_strncpy_84_goodG2B.cpp	27	CWE194_Unexpected_Sign_Extension__connect_socket_strncpy_84_goodG2B.cpp	41
/home/swlab-jueon/swvul/tools/java-vuln-detection/slicing/output/CPG/c/cwe194_cpg/cwe194-193-cpg-resolved.bin	tc193_flow1	CWE194_Unexpected_Sign_Extension__fgets_malloc_01.c	32	CWE194_Unexpected_Sign_Extension__fgets_malloc_01.c	47
/home/swlab-jueon/swvul/tools/java-vuln-detection/slicing/output/CPG/c/cwe194_cpg/cwe194-193-cpg-resolved.bin	tc193_flow2	CWE194_Unexpected_Sign_Extension__fgets_malloc_01.c	68	CWE194_Unexpected_Sign_Extension__fgets_malloc_01.c	74
/home/swlab-jueon/swvul/tools/java-vuln-detection/slicing/output/CPG/c/cwe194_cpg/cwe194-194-cpg-resolved.bin	tc194_flow1	CWE194_Unexpected_Sign_Extension__fgets_malloc_02.c	34	CWE194_Unexpected_Sign_Extension__fgets_malloc_02.c	50
/home/swlab-jueon/swvul/tools/java-vuln-detection/slicing/output/CPG/c/cwe194_cpg/cwe194-194-cpg-resolved.bin	tc194_flow2	CWE194_Unexpected_Sign_Extension__fgets_malloc_02.c	78	CWE194_Unexpected_Sign_Extension__fgets_malloc_02.c	85
/home/swlab-jueon/swvul/tools/java-vuln-detection/slicing/output/CPG/c/cwe194_cpg/cwe194-194-cpg-resolved.bin	tc194_flow3	CWE194_Unexpected_Sign_Extension__fgets_malloc_02.c	104	CWE194_Unexpected_Sign_Extension__fgets_malloc_02.c	111
/home/swlab-jueon/swvul/tools/java-vuln-detection/slicing/output/CPG/c/cwe194_cpg/cwe194-195-cpg-resolved.bin	tc195_flow1	CWE194_Unexpected_Sign_Extension__fgets_malloc_03.c	34	CWE194_Unexpected_Sign_Extension__fgets_malloc_03.c	50
/home/swlab-jueon/swvul/tools/java-vuln-detection/slicing/output/CPG/c/cwe194_cpg/cwe194-195-cpg-resolved.bin	tc195_flow2	CWE194_Unexpected_Sign_Extension__fgets_malloc_03.c	78	CWE194_Unexpected_Sign_Extension__fgets_malloc_03.c	85
/home/swlab-jueon/swvul/tools/java-vuln-detection/slicing/output/CPG/c/cwe194_cpg/cwe194-195-cpg-resolved.bin	tc195_flow3	CWE194_Unexpected_Sign_Extension__fgets_malloc_03.c	104	CWE194_Unexpected_Sign_Extension__fgets_malloc_03.c	111
/home/swlab-jueon/swvul/tools/java-vuln-detection/slicing/output/CPG/c/cwe194_cpg/cwe194-196-cpg-resolved.bin	tc196_flow1	CWE194_Unexpected_Sign_Extension__fgets_malloc_04.c	41	CWE194_Unexpected_Sign_Extension__fgets_malloc_04.c	57
/home/swlab-jueon/swvul/tools/java-vuln-detection/slicing/output/CPG/c/cwe194_cpg/cwe194-196-cpg-resolved.bin	tc196_flow2	CWE194_Unexpected_Sign_Extension__fgets_malloc_04.c	85	CWE194_Unexpected_Sign_Extension__fgets_malloc_04.c	92
/home/swlab-jueon/swvul/tools/java-vuln-detection/slicing/output/CPG/c/cwe194_cpg/cwe194-196-cpg-resolved.bin	tc196_flow3	CWE194_Unexpected_Sign_Extension__fgets_malloc_04.c	111	CWE194_Unexpected_Sign_Extension__fgets_malloc_04.c	118
/home/swlab-jueon/swvul/tools/java-vuln-detection/slicing/output/CPG/c/cwe194_cpg/cwe194-197-cpg-resolved.bin	tc197_flow1	CWE194_Unexpected_Sign_Extension__fgets_malloc_05.c	41	CWE194_Unexpected_Sign_Extension__fgets_malloc_05.c	57
/home/swlab-jueon/swvul/tools/java-vuln-detection/slicing/output/CPG/c/cwe194_cpg/cwe194-197-cpg-resolved.bin	tc197_flow2	CWE194_Unexpected_Sign_Extension__fgets_malloc_05.c	85	CWE194_Unexpected_Sign_Extension__fgets_malloc_05.c	92
/home/swlab-jueon/swvul/tools/java-vuln-detection/slicing/output/CPG/c/cwe194_cpg/cwe194-197-cpg-resolved.bin	tc197_flow3	CWE194_Unexpected_Sign_Extension__fgets_malloc_05.c	111	CWE194_Unexpected_Sign_Extension__fgets_malloc_05.c	118
/home/swlab-jueon/swvul/tools/java-vuln-detection/slicing/output/CPG/c/cwe194_cpg/cwe194-198-cpg-resolved.bin	tc198_flow1	CWE194_Unexpected_Sign_Extension__fgets_malloc_06.c	38	CWE194_Unexpected_Sign_Extension__fgets_malloc_06.c	54
/home/swlab-jueon/swvul/tools/java-vuln-detection/slicing/output/CPG/c/cwe194_cpg/cwe194-198-cpg-resolved.bin	tc198_flow2	CWE194_Unexpected_Sign_Extension__fgets_malloc_06.c	82	CWE194_Unexpected_Sign_Extension__fgets_malloc_06.c	89
/home/swlab-jueon/swvul/tools/java-vuln-detection/slicing/output/CPG/c/cwe194_cpg/cwe194-198-cpg-resolved.bin	tc198_flow3	CWE194_Unexpected_Sign_Extension__fgets_malloc_06.c	108	CWE194_Unexpected_Sign_Extension__fgets_malloc_06.c	115
/home/swlab-jueon/swvul/tools/java-vuln-detection/slicing/output/CPG/c/cwe194_cpg/cwe194-199-cpg-resolved.bin	tc199_flow1	CWE194_Unexpected_Sign_Extension__fgets_malloc_07.c	40	CWE194_Unexpected_Sign_Extension__fgets_malloc_07.c	56
/home/swlab-jueon/swvul/tools/java-vuln-detection/slicing/output/CPG/c/cwe194_cpg/cwe194-199-cpg-resolved.bin	tc199_flow2	CWE194_Unexpected_Sign_Extension__fgets_malloc_07.c	84	CWE194_Unexpected_Sign_Extension__fgets_malloc_07.c	91
/home/swlab-jueon/swvul/tools/java-vuln-detection/slicing/output/CPG/c/cwe194_cpg/cwe194-199-cpg-resolved.bin	tc199_flow3	CWE194_Unexpected_Sign_Extension__fgets_malloc_07.c	110	CWE194_Unexpected_Sign_Extension__fgets_malloc_07.c	117
/home/swlab-jueon/swvul/tools/java-vuln-detection/slicing/output/CPG/c/cwe194_cpg/cwe194-200-cpg-resolved.bin	tc200_flow1	CWE194_Unexpected_Sign_Extension__fgets_malloc_08.c	48	CWE194_Unexpected_Sign_Extension__fgets_malloc_08.c	64
/home/swlab-jueon/swvul/tools/java-vuln-detection/slicing/output/CPG/c/cwe194_cpg/cwe194-200-cpg-resolved.bin	tc200_flow2	CWE194_Unexpected_Sign_Extension__fgets_malloc_08.c	92	CWE194_Unexpected_Sign_Extension__fgets_malloc_08.c	99
/home/swlab-jueon/swvul/tools/java-vuln-detection/slicing/output/CPG/c/cwe194_cpg/cwe194-200-cpg-resolved.bin	tc200_flow3	CWE194_Unexpected_Sign_Extension__fgets_malloc_08.c	118	CWE194_Unexpected_Sign_Extension__fgets_malloc_08.c	125
/home/swlab-jueon/swvul/tools/java-vuln-detection/slicing/output/CPG/c/cwe194_cpg/cwe194-201-cpg-resolved.bin	tc201_flow1	CWE194_Unexpected_Sign_Extension__fgets_malloc_09.c	34	CWE194_Unexpected_Sign_Extension__fgets_malloc_09.c	50
/home/swlab-jueon/swvul/tools/java-vuln-detection/slicing/output/CPG/c/cwe194_cpg/cwe194-201-cpg-resolved.bin	tc201_flow2	CWE194_Unexpected_Sign_Extension__fgets_malloc_09.c	78	CWE194_Unexpected_Sign_Extension__fgets_malloc_09.c	85
/home/swlab-jueon/swvul/tools/java-vuln-detection/slicing/output/CPG/c/cwe194_cpg/cwe194-201-cpg-resolved.bin	tc201_flow3	CWE194_Unexpected_Sign_Extension__fgets_malloc_09.c	104	CWE194_Unexpected_Sign_Extension__fgets_malloc_09.c	111
/home/swlab-jueon/swvul/tools/java-vuln-detection/slicing/output/CPG/c/cwe194_cpg/cwe194-202-cpg-resolved.bin	tc202_flow1	CWE194_Unexpected_Sign_Extension__fgets_malloc_10.c	34	CWE194_Unexpected_Sign_Extension__fgets_malloc_10.c	50
/home/swlab-jueon/swvul/tools/java-vuln-detection/slicing/output/CPG/c/cwe194_cpg/cwe194-202-cpg-resolved.bin	tc202_flow2	CWE194_Unexpected_Sign_Extension__fgets_malloc_10.c	78	CWE194_Unexpected_Sign_Extension__fgets_malloc_10.c	85
/home/swlab-jueon/swvul/tools/java-vuln-detection/slicing/output/CPG/c/cwe194_cpg/cwe194-202-cpg-resolved.bin	tc202_flow3	CWE194_Unexpected_Sign_Extension__fgets_malloc_10.c	104	CWE194_Unexpected_Sign_Extension__fgets_malloc_10.c	111
/home/swlab-jueon/swvul/tools/java-vuln-detection/slicing/output/CPG/c/cwe194_cpg/cwe194-203-cpg-resolved.bin	tc203_flow1	CWE194_Unexpected_Sign_Extension__fgets_malloc_11.c	34	CWE194_Unexpected_Sign_Extension__fgets_malloc_11.c	50
/home/swlab-jueon/swvul/tools/java-vuln-detection/slicing/output/CPG/c/cwe194_cpg/cwe194-203-cpg-resolved.bin	tc203_flow2	CWE194_Unexpected_Sign_Extension__fgets_malloc_11.c	78	CWE194_Unexpected_Sign_Extension__fgets_malloc_11.c	85
/home/swlab-jueon/swvul/tools/java-vuln-detection/slicing/output/CPG/c/cwe194_cpg/cwe194-203-cpg-resolved.bin	tc203_flow3	CWE194_Unexpected_Sign_Extension__fgets_malloc_11.c	104	CWE194_Unexpected_Sign_Extension__fgets_malloc_11.c	111
/home/swlab-jueon/swvul/tools/java-vuln-detection/slicing/output/CPG/c/cwe194_cpg/cwe194-204-cpg-resolved.bin	tc204_flow1	CWE194_Unexpected_Sign_Extension__fgets_malloc_12.c	34	CWE194_Unexpected_Sign_Extension__fgets_malloc_12.c	55
/home/swlab-jueon/swvul/tools/java-vuln-detection/slicing/output/CPG/c/cwe194_cpg/cwe194-204-cpg-resolved.bin	tc204_flow2	CWE194_Unexpected_Sign_Extension__fgets_malloc_12.c	79	CWE194_Unexpected_Sign_Extension__fgets_malloc_12.c	91
/home/swlab-jueon/swvul/tools/java-vuln-detection/slicing/output/CPG/c/cwe194_cpg/cwe194-205-cpg-resolved.bin	tc205_flow1	CWE194_Unexpected_Sign_Extension__fgets_malloc_13.c	34	CWE194_Unexpected_Sign_Extension__fgets_malloc_13.c	50
/home/swlab-jueon/swvul/tools/java-vuln-detection/slicing/output/CPG/c/cwe194_cpg/cwe194-205-cpg-resolved.bin	tc205_flow2	CWE194_Unexpected_Sign_Extension__fgets_malloc_13.c	78	CWE194_Unexpected_Sign_Extension__fgets_malloc_13.c	85
/home/swlab-jueon/swvul/tools/java-vuln-detection/slicing/output/CPG/c/cwe194_cpg/cwe194-205-cpg-resolved.bin	tc205_flow3	CWE194_Unexpected_Sign_Extension__fgets_malloc_13.c	104	CWE194_Unexpected_Sign_Extension__fgets_malloc_13.c	111
/home/swlab-jueon/swvul/tools/java-vuln-detection/slicing/output/CPG/c/cwe194_cpg/cwe194-206-cpg-resolved.bin	tc206_flow1	CWE194_Unexpected_Sign_Extension__fgets_malloc_14.c	34	CWE194_Unexpected_Sign_Extension__fgets_malloc_14.c	50
/home/swlab-jueon/swvul/tools/java-vuln-detection/slicing/output/CPG/c/cwe194_cpg/cwe194-206-cpg-resolved.bin	tc206_flow2	CWE194_Unexpected_Sign_Extension__fgets_malloc_14.c	78	CWE194_Unexpected_Sign_Extension__fgets_malloc_14.c	85
/home/swlab-jueon/swvul/tools/java-vuln-detection/slicing/output/CPG/c/cwe194_cpg/cwe194-206-cpg-resolved.bin	tc206_flow3	CWE194_Unexpected_Sign_Extension__fgets_malloc_14.c	104	CWE194_Unexpected_Sign_Extension__fgets_malloc_14.c	111
/home/swlab-jueon/swvul/tools/java-vuln-detection/slicing/output/CPG/c/cwe194_cpg/cwe194-207-cpg-resolved.bin	tc207_flow1	CWE194_Unexpected_Sign_Extension__fgets_malloc_15.c	35	CWE194_Unexpected_Sign_Extension__fgets_malloc_15.c	56
/home/swlab-jueon/swvul/tools/java-vuln-detection/slicing/output/CPG/c/cwe194_cpg/cwe194-207-cpg-resolved.bin	tc207_flow2	CWE194_Unexpected_Sign_Extension__fgets_malloc_15.c	84	CWE194_Unexpected_Sign_Extension__fgets_malloc_15.c	92
/home/swlab-jueon/swvul/tools/java-vuln-detection/slicing/output/CPG/c/cwe194_cpg/cwe194-207-cpg-resolved.bin	tc207_flow3	CWE194_Unexpected_Sign_Extension__fgets_malloc_15.c	112	CWE194_Unexpected_Sign_Extension__fgets_malloc_15.c	124
/home/swlab-jueon/swvul/tools/java-vuln-detection/slicing/output/CPG/c/cwe194_cpg/cwe194-208-cpg-resolved.bin	tc208_flow1	CWE194_Unexpected_Sign_Extension__fgets_malloc_16.c	34	CWE194_Unexpected_Sign_Extension__fgets_malloc_16.c	51
/home/swlab-jueon/swvul/tools/java-vuln-detection/slicing/output/CPG/c/cwe194_cpg/cwe194-208-cpg-resolved.bin	tc208_flow2	CWE194_Unexpected_Sign_Extension__fgets_malloc_16.c	74	CWE194_Unexpected_Sign_Extension__fgets_malloc_16.c	82
/home/swlab-jueon/swvul/tools/java-vuln-detection/slicing/output/CPG/c/cwe194_cpg/cwe194-209-cpg-resolved.bin	tc209_flow1	CWE194_Unexpected_Sign_Extension__fgets_malloc_17.c	35	CWE194_Unexpected_Sign_Extension__fgets_malloc_17.c	51
/home/swlab-jueon/swvul/tools/java-vuln-detection/slicing/output/CPG/c/cwe194_cpg/cwe194-209-cpg-resolved.bin	tc209_flow2	CWE194_Unexpected_Sign_Extension__fgets_malloc_17.c	75	CWE194_Unexpected_Sign_Extension__fgets_malloc_17.c	82
/home/swlab-jueon/swvul/tools/java-vuln-detection/slicing/output/CPG/c/cwe194_cpg/cwe194-210-cpg-resolved.bin	tc210_flow1	CWE194_Unexpected_Sign_Extension__fgets_malloc_18.c	34	CWE194_Unexpected_Sign_Extension__fgets_malloc_18.c	49
/home/swlab-jueon/swvul/tools/java-vuln-detection/slicing/output/CPG/c/cwe194_cpg/cwe194-210-cpg-resolved.bin	tc210_flow2	CWE194_Unexpected_Sign_Extension__fgets_malloc_18.c	72	CWE194_Unexpected_Sign_Extension__fgets_malloc_18.c	78
/home/swlab-jueon/swvul/tools/java-vuln-detection/slicing/output/CPG/c/cwe194_cpg/cwe194-211-cpg-resolved.bin	tc211_flow1	CWE194_Unexpected_Sign_Extension__fgets_malloc_21.c	34	CWE194_Unexpected_Sign_Extension__fgets_malloc_21.c	60
/home/swlab-jueon/swvul/tools/java-vuln-detection/slicing/output/CPG/c/cwe194_cpg/cwe194-211-cpg-resolved.bin	tc211_flow2	CWE194_Unexpected_Sign_Extension__fgets_malloc_21.c	89	CWE194_Unexpected_Sign_Extension__fgets_malloc_21.c	106
/home/swlab-jueon/swvul/tools/java-vuln-detection/slicing/output/CPG/c/cwe194_cpg/cwe194-211-cpg-resolved.bin	tc211_flow3	CWE194_Unexpected_Sign_Extension__fgets_malloc_21.c	122	CWE194_Unexpected_Sign_Extension__fgets_malloc_21.c	139
/home/swlab-jueon/swvul/tools/java-vuln-detection/slicing/output/CPG/c/cwe194_cpg/cwe194-212-cpg-resolved.bin	tc212_flow1	CWE194_Unexpected_Sign_Extension__fgets_malloc_22b.c	34	CWE194_Unexpected_Sign_Extension__fgets_malloc_22a.c	38
/home/swlab-jueon/swvul/tools/java-vuln-detection/slicing/output/CPG/c/cwe194_cpg/cwe194-212-cpg-resolved.bin	tc212_flow2	CWE194_Unexpected_Sign_Extension__fgets_malloc_22b.c	67	CWE194_Unexpected_Sign_Extension__fgets_malloc_22a.c	71
/home/swlab-jueon/swvul/tools/java-vuln-detection/slicing/output/CPG/c/cwe194_cpg/cwe194-212-cpg-resolved.bin	tc212_flow3	CWE194_Unexpected_Sign_Extension__fgets_malloc_22b.c	78	CWE194_Unexpected_Sign_Extension__fgets_malloc_22a.c	96
/home/swlab-jueon/swvul/tools/java-vuln-detection/slicing/output/CPG/c/cwe194_cpg/cwe194-213-cpg-resolved.bin	tc213_flow1	CWE194_Unexpected_Sign_Extension__fgets_malloc_31.c	32	CWE194_Unexpected_Sign_Extension__fgets_malloc_31.c	50
/home/swlab-jueon/swvul/tools/java-vuln-detection/slicing/output/CPG/c/cwe194_cpg/cwe194-213-cpg-resolved.bin	tc213_flow2	CWE194_Unexpected_Sign_Extension__fgets_malloc_31.c	72	CWE194_Unexpected_Sign_Extension__fgets_malloc_31.c	81
/home/swlab-jueon/swvul/tools/java-vuln-detection/slicing/output/CPG/c/cwe194_cpg/cwe194-214-cpg-resolved.bin	tc214_flow1	CWE194_Unexpected_Sign_Extension__fgets_malloc_32.c	36	CWE194_Unexpected_Sign_Extension__fgets_malloc_32.c	55
/home/swlab-jueon/swvul/tools/java-vuln-detection/slicing/output/CPG/c/cwe194_cpg/cwe194-214-cpg-resolved.bin	tc214_flow2	CWE194_Unexpected_Sign_Extension__fgets_malloc_32.c	81	CWE194_Unexpected_Sign_Extension__fgets_malloc_32.c	91
/home/swlab-jueon/swvul/tools/java-vuln-detection/slicing/output/CPG/c/cwe194_cpg/cwe194-215-cpg-resolved.bin	tc215_flow1	CWE194_Unexpected_Sign_Extension__fgets_malloc_33.cpp	36	CWE194_Unexpected_Sign_Extension__fgets_malloc_33.cpp	53
/home/swlab-jueon/swvul/tools/java-vuln-detection/slicing/output/CPG/c/cwe194_cpg/cwe194-215-cpg-resolved.bin	tc215_flow2	CWE194_Unexpected_Sign_Extension__fgets_malloc_33.cpp	76	CWE194_Unexpected_Sign_Extension__fgets_malloc_33.cpp	84
/home/swlab-jueon/swvul/tools/java-vuln-detection/slicing/output/CPG/c/cwe194_cpg/cwe194-216-cpg-resolved.bin	tc216_flow1	CWE194_Unexpected_Sign_Extension__fgets_malloc_34.c	39	CWE194_Unexpected_Sign_Extension__fgets_malloc_34.c	57
/home/swlab-jueon/swvul/tools/java-vuln-detection/slicing/output/CPG/c/cwe194_cpg/cwe194-216-cpg-resolved.bin	tc216_flow2	CWE194_Unexpected_Sign_Extension__fgets_malloc_34.c	80	CWE194_Unexpected_Sign_Extension__fgets_malloc_34.c	89
/home/swlab-jueon/swvul/tools/java-vuln-detection/slicing/output/CPG/c/cwe194_cpg/cwe194-217-cpg-resolved.bin	tc217_flow1	CWE194_Unexpected_Sign_Extension__fgets_malloc_41.c	49	CWE194_Unexpected_Sign_Extension__fgets_malloc_41.c	31
/home/swlab-jueon/swvul/tools/java-vuln-detection/slicing/output/CPG/c/cwe194_cpg/cwe194-217-cpg-resolved.bin	tc217_flow2	CWE194_Unexpected_Sign_Extension__fgets_malloc_41.c	90	CWE194_Unexpected_Sign_Extension__fgets_malloc_41.c	73
/home/swlab-jueon/swvul/tools/java-vuln-detection/slicing/output/CPG/c/cwe194_cpg/cwe194-218-cpg-resolved.bin	tc218_flow1	CWE194_Unexpected_Sign_Extension__fgets_malloc_42.c	29	CWE194_Unexpected_Sign_Extension__fgets_malloc_42.c	53
/home/swlab-jueon/swvul/tools/java-vuln-detection/slicing/output/CPG/c/cwe194_cpg/cwe194-218-cpg-resolved.bin	tc218_flow2	CWE194_Unexpected_Sign_Extension__fgets_malloc_42.c	70	CWE194_Unexpected_Sign_Extension__fgets_malloc_42.c	86
/home/swlab-jueon/swvul/tools/java-vuln-detection/slicing/output/CPG/c/cwe194_cpg/cwe194-219-cpg-resolved.bin	tc219_flow1	CWE194_Unexpected_Sign_Extension__fgets_malloc_43.cpp	32	CWE194_Unexpected_Sign_Extension__fgets_malloc_43.cpp	55
/home/swlab-jueon/swvul/tools/java-vuln-detection/slicing/output/CPG/c/cwe194_cpg/cwe194-219-cpg-resolved.bin	tc219_flow2	CWE194_Unexpected_Sign_Extension__fgets_malloc_43.cpp	73	CWE194_Unexpected_Sign_Extension__fgets_malloc_43.cpp	87
/home/swlab-jueon/swvul/tools/java-vuln-detection/slicing/output/CPG/c/cwe194_cpg/cwe194-220-cpg-resolved.bin	tc220_flow1	CWE194_Unexpected_Sign_Extension__fgets_malloc_44.c	51	CWE194_Unexpected_Sign_Extension__fgets_malloc_44.c	31
/home/swlab-jueon/swvul/tools/java-vuln-detection/slicing/output/CPG/c/cwe194_cpg/cwe194-220-cpg-resolved.bin	tc220_flow2	CWE194_Unexpected_Sign_Extension__fgets_malloc_44.c	94	CWE194_Unexpected_Sign_Extension__fgets_malloc_44.c	77
/home/swlab-jueon/swvul/tools/java-vuln-detection/slicing/output/CPG/c/cwe194_cpg/cwe194-221-cpg-resolved.bin	tc221_flow1	CWE194_Unexpected_Sign_Extension__fgets_malloc_45.c	53	CWE194_Unexpected_Sign_Extension__fgets_malloc_45.c	35
/home/swlab-jueon/swvul/tools/java-vuln-detection/slicing/output/CPG/c/cwe194_cpg/cwe194-221-cpg-resolved.bin	tc221_flow2	CWE194_Unexpected_Sign_Extension__fgets_malloc_45.c	96	CWE194_Unexpected_Sign_Extension__fgets_malloc_45.c	80
/home/swlab-jueon/swvul/tools/java-vuln-detection/slicing/output/CPG/c/cwe194_cpg/cwe194-222-cpg-resolved.bin	tc222_flow1	CWE194_Unexpected_Sign_Extension__fgets_malloc_51a.c	35	CWE194_Unexpected_Sign_Extension__fgets_malloc_51b.c	33
/home/swlab-jueon/swvul/tools/java-vuln-detection/slicing/output/CPG/c/cwe194_cpg/cwe194-222-cpg-resolved.bin	tc222_flow2	CWE194_Unexpected_Sign_Extension__fgets_malloc_51a.c	62	CWE194_Unexpected_Sign_Extension__fgets_malloc_51b.c	55
/home/swlab-jueon/swvul/tools/java-vuln-detection/slicing/output/CPG/c/cwe194_cpg/cwe194-223-cpg-resolved.bin	tc223_flow1	CWE194_Unexpected_Sign_Extension__fgets_malloc_52a.c	35	CWE194_Unexpected_Sign_Extension__fgets_malloc_52c.c	33
/home/swlab-jueon/swvul/tools/java-vuln-detection/slicing/output/CPG/c/cwe194_cpg/cwe194-223-cpg-resolved.bin	tc223_flow2	CWE194_Unexpected_Sign_Extension__fgets_malloc_52a.c	62	CWE194_Unexpected_Sign_Extension__fgets_malloc_52c.c	55
/home/swlab-jueon/swvul/tools/java-vuln-detection/slicing/output/CPG/c/cwe194_cpg/cwe194-224-cpg-resolved.bin	tc224_flow1	CWE194_Unexpected_Sign_Extension__fgets_malloc_53a.c	35	CWE194_Unexpected_Sign_Extension__fgets_malloc_53d.c	33
/home/swlab-jueon/swvul/tools/java-vuln-detection/slicing/output/CPG/c/cwe194_cpg/cwe194-224-cpg-resolved.bin	tc224_flow2	CWE194_Unexpected_Sign_Extension__fgets_malloc_53a.c	62	CWE194_Unexpected_Sign_Extension__fgets_malloc_53d.c	55
/home/swlab-jueon/swvul/tools/java-vuln-detection/slicing/output/CPG/c/cwe194_cpg/cwe194-225-cpg-resolved.bin	tc225_flow1	CWE194_Unexpected_Sign_Extension__fgets_malloc_54a.c	35	CWE194_Unexpected_Sign_Extension__fgets_malloc_54e.c	33
/home/swlab-jueon/swvul/tools/java-vuln-detection/slicing/output/CPG/c/cwe194_cpg/cwe194-225-cpg-resolved.bin	tc225_flow2	CWE194_Unexpected_Sign_Extension__fgets_malloc_54a.c	62	CWE194_Unexpected_Sign_Extension__fgets_malloc_54e.c	55
/home/swlab-jueon/swvul/tools/java-vuln-detection/slicing/output/CPG/c/cwe194_cpg/cwe194-226-cpg-resolved.bin	tc226_flow1	CWE194_Unexpected_Sign_Extension__fgets_malloc_61b.c	29	CWE194_Unexpected_Sign_Extension__fgets_malloc_61a.c	38
/home/swlab-jueon/swvul/tools/java-vuln-detection/slicing/output/CPG/c/cwe194_cpg/cwe194-226-cpg-resolved.bin	tc226_flow2	CWE194_Unexpected_Sign_Extension__fgets_malloc_61b.c	50	CWE194_Unexpected_Sign_Extension__fgets_malloc_61a.c	66
/home/swlab-jueon/swvul/tools/java-vuln-detection/slicing/output/CPG/c/cwe194_cpg/cwe194-227-cpg-resolved.bin	tc227_flow1	CWE194_Unexpected_Sign_Extension__fgets_malloc_62b.cpp	32	CWE194_Unexpected_Sign_Extension__fgets_malloc_62a.cpp	38
/home/swlab-jueon/swvul/tools/java-vuln-detection/slicing/output/CPG/c/cwe194_cpg/cwe194-227-cpg-resolved.bin	tc227_flow2	CWE194_Unexpected_Sign_Extension__fgets_malloc_62b.cpp	52	CWE194_Unexpected_Sign_Extension__fgets_malloc_62a.cpp	66
/home/swlab-jueon/swvul/tools/java-vuln-detection/slicing/output/CPG/c/cwe194_cpg/cwe194-228-cpg-resolved.bin	tc228_flow1	CWE194_Unexpected_Sign_Extension__fgets_malloc_63a.c	35	CWE194_Unexpected_Sign_Extension__fgets_malloc_63b.c	32
/home/swlab-jueon/swvul/tools/java-vuln-detection/slicing/output/CPG/c/cwe194_cpg/cwe194-228-cpg-resolved.bin	tc228_flow2	CWE194_Unexpected_Sign_Extension__fgets_malloc_63a.c	61	CWE194_Unexpected_Sign_Extension__fgets_malloc_63b.c	55
/home/swlab-jueon/swvul/tools/java-vuln-detection/slicing/output/CPG/c/cwe194_cpg/cwe194-229-cpg-resolved.bin	tc229_flow1	CWE194_Unexpected_Sign_Extension__fgets_malloc_64a.c	35	CWE194_Unexpected_Sign_Extension__fgets_malloc_64b.c	35
/home/swlab-jueon/swvul/tools/java-vuln-detection/slicing/output/CPG/c/cwe194_cpg/cwe194-229-cpg-resolved.bin	tc229_flow2	CWE194_Unexpected_Sign_Extension__fgets_malloc_64a.c	61	CWE194_Unexpected_Sign_Extension__fgets_malloc_64b.c	61
/home/swlab-jueon/swvul/tools/java-vuln-detection/slicing/output/CPG/c/cwe194_cpg/cwe194-230-cpg-resolved.bin	tc230_flow1	CWE194_Unexpected_Sign_Extension__fgets_malloc_65a.c	37	CWE194_Unexpected_Sign_Extension__fgets_malloc_65b.c	31
/home/swlab-jueon/swvul/tools/java-vuln-detection/slicing/output/CPG/c/cwe194_cpg/cwe194-230-cpg-resolved.bin	tc230_flow2	CWE194_Unexpected_Sign_Extension__fgets_malloc_65a.c	65	CWE194_Unexpected_Sign_Extension__fgets_malloc_65b.c	53
/home/swlab-jueon/swvul/tools/java-vuln-detection/slicing/output/CPG/c/cwe194_cpg/cwe194-231-cpg-resolved.bin	tc231_flow1	CWE194_Unexpected_Sign_Extension__fgets_malloc_66a.c	36	CWE194_Unexpected_Sign_Extension__fgets_malloc_66b.c	33
/home/swlab-jueon/swvul/tools/java-vuln-detection/slicing/output/CPG/c/cwe194_cpg/cwe194-231-cpg-resolved.bin	tc231_flow2	CWE194_Unexpected_Sign_Extension__fgets_malloc_66a.c	65	CWE194_Unexpected_Sign_Extension__fgets_malloc_66b.c	56
/home/swlab-jueon/swvul/tools/java-vuln-detection/slicing/output/CPG/c/cwe194_cpg/cwe194-232-cpg-resolved.bin	tc232_flow1	CWE194_Unexpected_Sign_Extension__fgets_malloc_67a.c	41	CWE194_Unexpected_Sign_Extension__fgets_malloc_67b.c	37
/home/swlab-jueon/swvul/tools/java-vuln-detection/slicing/output/CPG/c/cwe194_cpg/cwe194-232-cpg-resolved.bin	tc232_flow2	CWE194_Unexpected_Sign_Extension__fgets_malloc_67a.c	69	CWE194_Unexpected_Sign_Extension__fgets_malloc_67b.c	60
/home/swlab-jueon/swvul/tools/java-vuln-detection/slicing/output/CPG/c/cwe194_cpg/cwe194-233-cpg-resolved.bin	tc233_flow1	CWE194_Unexpected_Sign_Extension__fgets_malloc_68a.c	38	CWE194_Unexpected_Sign_Extension__fgets_malloc_68b.c	37
/home/swlab-jueon/swvul/tools/java-vuln-detection/slicing/output/CPG/c/cwe194_cpg/cwe194-233-cpg-resolved.bin	tc233_flow2	CWE194_Unexpected_Sign_Extension__fgets_malloc_68a.c	66	CWE194_Unexpected_Sign_Extension__fgets_malloc_68b.c	60
/home/swlab-jueon/swvul/tools/java-vuln-detection/slicing/output/CPG/c/cwe194_cpg/cwe194-234-cpg-resolved.bin	tc234_flow1	CWE194_Unexpected_Sign_Extension__fgets_malloc_72a.cpp	42	CWE194_Unexpected_Sign_Extension__fgets_malloc_72b.cpp	36
/home/swlab-jueon/swvul/tools/java-vuln-detection/slicing/output/CPG/c/cwe194_cpg/cwe194-234-cpg-resolved.bin	tc234_flow2	CWE194_Unexpected_Sign_Extension__fgets_malloc_72a.cpp	75	CWE194_Unexpected_Sign_Extension__fgets_malloc_72b.cpp	59
/home/swlab-jueon/swvul/tools/java-vuln-detection/slicing/output/CPG/c/cwe194_cpg/cwe194-235-cpg-resolved.bin	tc235_flow1	CWE194_Unexpected_Sign_Extension__fgets_malloc_73a.cpp	42	CWE194_Unexpected_Sign_Extension__fgets_malloc_73b.cpp	36
/home/swlab-jueon/swvul/tools/java-vuln-detection/slicing/output/CPG/c/cwe194_cpg/cwe194-235-cpg-resolved.bin	tc235_flow2	CWE194_Unexpected_Sign_Extension__fgets_malloc_73a.cpp	75	CWE194_Unexpected_Sign_Extension__fgets_malloc_73b.cpp	59
/home/swlab-jueon/swvul/tools/java-vuln-detection/slicing/output/CPG/c/cwe194_cpg/cwe194-236-cpg-resolved.bin	tc236_flow1	CWE194_Unexpected_Sign_Extension__fgets_malloc_74a.cpp	42	CWE194_Unexpected_Sign_Extension__fgets_malloc_74b.cpp	36
/home/swlab-jueon/swvul/tools/java-vuln-detection/slicing/output/CPG/c/cwe194_cpg/cwe194-236-cpg-resolved.bin	tc236_flow2	CWE194_Unexpected_Sign_Extension__fgets_malloc_74a.cpp	75	CWE194_Unexpected_Sign_Extension__fgets_malloc_74b.cpp	59
/home/swlab-jueon/swvul/tools/java-vuln-detection/slicing/output/CPG/c/cwe194_cpg/cwe194-237-cpg-resolved.bin	tc237_flow1	CWE194_Unexpected_Sign_Extension__fgets_malloc_81a.cpp	36	CWE194_Unexpected_Sign_Extension__fgets_malloc_81_bad.cpp	31
/home/swlab-jueon/swvul/tools/java-vuln-detection/slicing/output/CPG/c/cwe194_cpg/cwe194-237-cpg-resolved.bin	tc237_flow2	CWE194_Unexpected_Sign_Extension__fgets_malloc_81a.cpp	61	CWE194_Unexpected_Sign_Extension__fgets_malloc_81_goodG2B.cpp	31
/home/swlab-jueon/swvul/tools/java-vuln-detection/slicing/output/CPG/c/cwe194_cpg/cwe194-238-cpg-resolved.bin	tc238_flow1	CWE194_Unexpected_Sign_Extension__fgets_malloc_82a.cpp	36	CWE194_Unexpected_Sign_Extension__fgets_malloc_82_bad.cpp	31
/home/swlab-jueon/swvul/tools/java-vuln-detection/slicing/output/CPG/c/cwe194_cpg/cwe194-238-cpg-resolved.bin	tc238_flow2	CWE194_Unexpected_Sign_Extension__fgets_malloc_82a.cpp	62	CWE194_Unexpected_Sign_Extension__fgets_malloc_82_goodG2B.cpp	31
/home/swlab-jueon/swvul/tools/java-vuln-detection/slicing/output/CPG/c/cwe194_cpg/cwe194-239-cpg-resolved.bin	tc239_flow1	CWE194_Unexpected_Sign_Extension__fgets_malloc_83_bad.cpp	32	CWE194_Unexpected_Sign_Extension__fgets_malloc_83_bad.cpp	51
/home/swlab-jueon/swvul/tools/java-vuln-detection/slicing/output/CPG/c/cwe194_cpg/cwe194-239-cpg-resolved.bin	tc239_flow2	CWE194_Unexpected_Sign_Extension__fgets_malloc_83_goodG2B.cpp	27	CWE194_Unexpected_Sign_Extension__fgets_malloc_83_goodG2B.cpp	37
/home/swlab-jueon/swvul/tools/java-vuln-detection/slicing/output/CPG/c/cwe194_cpg/cwe194-240-cpg-resolved.bin	tc240_flow1	CWE194_Unexpected_Sign_Extension__fgets_malloc_84_bad.cpp	32	CWE194_Unexpected_Sign_Extension__fgets_malloc_84_bad.cpp	51
/home/swlab-jueon/swvul/tools/java-vuln-detection/slicing/output/CPG/c/cwe194_cpg/cwe194-240-cpg-resolved.bin	tc240_flow2	CWE194_Unexpected_Sign_Extension__fgets_malloc_84_goodG2B.cpp	27	CWE194_Unexpected_Sign_Extension__fgets_malloc_84_goodG2B.cpp	37
/home/swlab-jueon/swvul/tools/java-vuln-detection/slicing/output/CPG/c/cwe194_cpg/cwe194-241-cpg-resolved.bin	tc241_flow1	CWE194_Unexpected_Sign_Extension__fgets_memcpy_01.c	32	CWE194_Unexpected_Sign_Extension__fgets_memcpy_01.c	51
/home/swlab-jueon/swvul/tools/java-vuln-detection/slicing/output/CPG/c/cwe194_cpg/cwe194-241-cpg-resolved.bin	tc241_flow2	CWE194_Unexpected_Sign_Extension__fgets_memcpy_01.c	69	CWE194_Unexpected_Sign_Extension__fgets_memcpy_01.c	79
/home/swlab-jueon/swvul/tools/java-vuln-detection/slicing/output/CPG/c/cwe194_cpg/cwe194-242-cpg-resolved.bin	tc242_flow1	CWE194_Unexpected_Sign_Extension__fgets_memcpy_02.c	34	CWE194_Unexpected_Sign_Extension__fgets_memcpy_02.c	54
/home/swlab-jueon/swvul/tools/java-vuln-detection/slicing/output/CPG/c/cwe194_cpg/cwe194-242-cpg-resolved.bin	tc242_flow2	CWE194_Unexpected_Sign_Extension__fgets_memcpy_02.c	79	CWE194_Unexpected_Sign_Extension__fgets_memcpy_02.c	90
/home/swlab-jueon/swvul/tools/java-vuln-detection/slicing/output/CPG/c/cwe194_cpg/cwe194-242-cpg-resolved.bin	tc242_flow3	CWE194_Unexpected_Sign_Extension__fgets_memcpy_02.c	106	CWE194_Unexpected_Sign_Extension__fgets_memcpy_02.c	117
/home/swlab-jueon/swvul/tools/java-vuln-detection/slicing/output/CPG/c/cwe194_cpg/cwe194-243-cpg-resolved.bin	tc243_flow1	CWE194_Unexpected_Sign_Extension__fgets_memcpy_03.c	34	CWE194_Unexpected_Sign_Extension__fgets_memcpy_03.c	54
/home/swlab-jueon/swvul/tools/java-vuln-detection/slicing/output/CPG/c/cwe194_cpg/cwe194-243-cpg-resolved.bin	tc243_flow2	CWE194_Unexpected_Sign_Extension__fgets_memcpy_03.c	79	CWE194_Unexpected_Sign_Extension__fgets_memcpy_03.c	90
/home/swlab-jueon/swvul/tools/java-vuln-detection/slicing/output/CPG/c/cwe194_cpg/cwe194-243-cpg-resolved.bin	tc243_flow3	CWE194_Unexpected_Sign_Extension__fgets_memcpy_03.c	106	CWE194_Unexpected_Sign_Extension__fgets_memcpy_03.c	117
/home/swlab-jueon/swvul/tools/java-vuln-detection/slicing/output/CPG/c/cwe194_cpg/cwe194-244-cpg-resolved.bin	tc244_flow1	CWE194_Unexpected_Sign_Extension__fgets_memcpy_04.c	41	CWE194_Unexpected_Sign_Extension__fgets_memcpy_04.c	61
/home/swlab-jueon/swvul/tools/java-vuln-detection/slicing/output/CPG/c/cwe194_cpg/cwe194-244-cpg-resolved.bin	tc244_flow2	CWE194_Unexpected_Sign_Extension__fgets_memcpy_04.c	86	CWE194_Unexpected_Sign_Extension__fgets_memcpy_04.c	97
/home/swlab-jueon/swvul/tools/java-vuln-detection/slicing/output/CPG/c/cwe194_cpg/cwe194-244-cpg-resolved.bin	tc244_flow3	CWE194_Unexpected_Sign_Extension__fgets_memcpy_04.c	113	CWE194_Unexpected_Sign_Extension__fgets_memcpy_04.c	124
/home/swlab-jueon/swvul/tools/java-vuln-detection/slicing/output/CPG/c/cwe194_cpg/cwe194-245-cpg-resolved.bin	tc245_flow1	CWE194_Unexpected_Sign_Extension__fgets_memcpy_05.c	41	CWE194_Unexpected_Sign_Extension__fgets_memcpy_05.c	61
/home/swlab-jueon/swvul/tools/java-vuln-detection/slicing/output/CPG/c/cwe194_cpg/cwe194-245-cpg-resolved.bin	tc245_flow2	CWE194_Unexpected_Sign_Extension__fgets_memcpy_05.c	86	CWE194_Unexpected_Sign_Extension__fgets_memcpy_05.c	97
/home/swlab-jueon/swvul/tools/java-vuln-detection/slicing/output/CPG/c/cwe194_cpg/cwe194-245-cpg-resolved.bin	tc245_flow3	CWE194_Unexpected_Sign_Extension__fgets_memcpy_05.c	113	CWE194_Unexpected_Sign_Extension__fgets_memcpy_05.c	124
/home/swlab-jueon/swvul/tools/java-vuln-detection/slicing/output/CPG/c/cwe194_cpg/cwe194-246-cpg-resolved.bin	tc246_flow1	CWE194_Unexpected_Sign_Extension__fgets_memcpy_06.c	38	CWE194_Unexpected_Sign_Extension__fgets_memcpy_06.c	58
/home/swlab-jueon/swvul/tools/java-vuln-detection/slicing/output/CPG/c/cwe194_cpg/cwe194-246-cpg-resolved.bin	tc246_flow2	CWE194_Unexpected_Sign_Extension__fgets_memcpy_06.c	83	CWE194_Unexpected_Sign_Extension__fgets_memcpy_06.c	94
/home/swlab-jueon/swvul/tools/java-vuln-detection/slicing/output/CPG/c/cwe194_cpg/cwe194-246-cpg-resolved.bin	tc246_flow3	CWE194_Unexpected_Sign_Extension__fgets_memcpy_06.c	110	CWE194_Unexpected_Sign_Extension__fgets_memcpy_06.c	121
/home/swlab-jueon/swvul/tools/java-vuln-detection/slicing/output/CPG/c/cwe194_cpg/cwe194-247-cpg-resolved.bin	tc247_flow1	CWE194_Unexpected_Sign_Extension__fgets_memcpy_07.c	40	CWE194_Unexpected_Sign_Extension__fgets_memcpy_07.c	60
/home/swlab-jueon/swvul/tools/java-vuln-detection/slicing/output/CPG/c/cwe194_cpg/cwe194-247-cpg-resolved.bin	tc247_flow2	CWE194_Unexpected_Sign_Extension__fgets_memcpy_07.c	85	CWE194_Unexpected_Sign_Extension__fgets_memcpy_07.c	96
/home/swlab-jueon/swvul/tools/java-vuln-detection/slicing/output/CPG/c/cwe194_cpg/cwe194-247-cpg-resolved.bin	tc247_flow3	CWE194_Unexpected_Sign_Extension__fgets_memcpy_07.c	112	CWE194_Unexpected_Sign_Extension__fgets_memcpy_07.c	123
/home/swlab-jueon/swvul/tools/java-vuln-detection/slicing/output/CPG/c/cwe194_cpg/cwe194-248-cpg-resolved.bin	tc248_flow1	CWE194_Unexpected_Sign_Extension__fgets_memcpy_08.c	48	CWE194_Unexpected_Sign_Extension__fgets_memcpy_08.c	68
/home/swlab-jueon/swvul/tools/java-vuln-detection/slicing/output/CPG/c/cwe194_cpg/cwe194-248-cpg-resolved.bin	tc248_flow2	CWE194_Unexpected_Sign_Extension__fgets_memcpy_08.c	93	CWE194_Unexpected_Sign_Extension__fgets_memcpy_08.c	104
/home/swlab-jueon/swvul/tools/java-vuln-detection/slicing/output/CPG/c/cwe194_cpg/cwe194-248-cpg-resolved.bin	tc248_flow3	CWE194_Unexpected_Sign_Extension__fgets_memcpy_08.c	120	CWE194_Unexpected_Sign_Extension__fgets_memcpy_08.c	131
/home/swlab-jueon/swvul/tools/java-vuln-detection/slicing/output/CPG/c/cwe194_cpg/cwe194-249-cpg-resolved.bin	tc249_flow1	CWE194_Unexpected_Sign_Extension__fgets_memcpy_09.c	34	CWE194_Unexpected_Sign_Extension__fgets_memcpy_09.c	54
/home/swlab-jueon/swvul/tools/java-vuln-detection/slicing/output/CPG/c/cwe194_cpg/cwe194-249-cpg-resolved.bin	tc249_flow2	CWE194_Unexpected_Sign_Extension__fgets_memcpy_09.c	79	CWE194_Unexpected_Sign_Extension__fgets_memcpy_09.c	90
/home/swlab-jueon/swvul/tools/java-vuln-detection/slicing/output/CPG/c/cwe194_cpg/cwe194-249-cpg-resolved.bin	tc249_flow3	CWE194_Unexpected_Sign_Extension__fgets_memcpy_09.c	106	CWE194_Unexpected_Sign_Extension__fgets_memcpy_09.c	117
/home/swlab-jueon/swvul/tools/java-vuln-detection/slicing/output/CPG/c/cwe194_cpg/cwe194-250-cpg-resolved.bin	tc250_flow1	CWE194_Unexpected_Sign_Extension__fgets_memcpy_10.c	34	CWE194_Unexpected_Sign_Extension__fgets_memcpy_10.c	54
/home/swlab-jueon/swvul/tools/java-vuln-detection/slicing/output/CPG/c/cwe194_cpg/cwe194-250-cpg-resolved.bin	tc250_flow2	CWE194_Unexpected_Sign_Extension__fgets_memcpy_10.c	79	CWE194_Unexpected_Sign_Extension__fgets_memcpy_10.c	90
/home/swlab-jueon/swvul/tools/java-vuln-detection/slicing/output/CPG/c/cwe194_cpg/cwe194-250-cpg-resolved.bin	tc250_flow3	CWE194_Unexpected_Sign_Extension__fgets_memcpy_10.c	106	CWE194_Unexpected_Sign_Extension__fgets_memcpy_10.c	117
/home/swlab-jueon/swvul/tools/java-vuln-detection/slicing/output/CPG/c/cwe194_cpg/cwe194-251-cpg-resolved.bin	tc251_flow1	CWE194_Unexpected_Sign_Extension__fgets_memcpy_11.c	34	CWE194_Unexpected_Sign_Extension__fgets_memcpy_11.c	54
/home/swlab-jueon/swvul/tools/java-vuln-detection/slicing/output/CPG/c/cwe194_cpg/cwe194-251-cpg-resolved.bin	tc251_flow2	CWE194_Unexpected_Sign_Extension__fgets_memcpy_11.c	79	CWE194_Unexpected_Sign_Extension__fgets_memcpy_11.c	90
/home/swlab-jueon/swvul/tools/java-vuln-detection/slicing/output/CPG/c/cwe194_cpg/cwe194-251-cpg-resolved.bin	tc251_flow3	CWE194_Unexpected_Sign_Extension__fgets_memcpy_11.c	106	CWE194_Unexpected_Sign_Extension__fgets_memcpy_11.c	117
/home/swlab-jueon/swvul/tools/java-vuln-detection/slicing/output/CPG/c/cwe194_cpg/cwe194-252-cpg-resolved.bin	tc252_flow1	CWE194_Unexpected_Sign_Extension__fgets_memcpy_12.c	34	CWE194_Unexpected_Sign_Extension__fgets_memcpy_12.c	59
/home/swlab-jueon/swvul/tools/java-vuln-detection/slicing/output/CPG/c/cwe194_cpg/cwe194-252-cpg-resolved.bin	tc252_flow2	CWE194_Unexpected_Sign_Extension__fgets_memcpy_12.c	80	CWE194_Unexpected_Sign_Extension__fgets_memcpy_12.c	96
/home/swlab-jueon/swvul/tools/java-vuln-detection/slicing/output/CPG/c/cwe194_cpg/cwe194-253-cpg-resolved.bin	tc253_flow1	CWE194_Unexpected_Sign_Extension__fgets_memcpy_13.c	34	CWE194_Unexpected_Sign_Extension__fgets_memcpy_13.c	54
/home/swlab-jueon/swvul/tools/java-vuln-detection/slicing/output/CPG/c/cwe194_cpg/cwe194-253-cpg-resolved.bin	tc253_flow2	CWE194_Unexpected_Sign_Extension__fgets_memcpy_13.c	79	CWE194_Unexpected_Sign_Extension__fgets_memcpy_13.c	90
/home/swlab-jueon/swvul/tools/java-vuln-detection/slicing/output/CPG/c/cwe194_cpg/cwe194-253-cpg-resolved.bin	tc253_flow3	CWE194_Unexpected_Sign_Extension__fgets_memcpy_13.c	106	CWE194_Unexpected_Sign_Extension__fgets_memcpy_13.c	117
/home/swlab-jueon/swvul/tools/java-vuln-detection/slicing/output/CPG/c/cwe194_cpg/cwe194-254-cpg-resolved.bin	tc254_flow1	CWE194_Unexpected_Sign_Extension__fgets_memcpy_14.c	34	CWE194_Unexpected_Sign_Extension__fgets_memcpy_14.c	54
/home/swlab-jueon/swvul/tools/java-vuln-detection/slicing/output/CPG/c/cwe194_cpg/cwe194-254-cpg-resolved.bin	tc254_flow2	CWE194_Unexpected_Sign_Extension__fgets_memcpy_14.c	79	CWE194_Unexpected_Sign_Extension__fgets_memcpy_14.c	90
/home/swlab-jueon/swvul/tools/java-vuln-detection/slicing/output/CPG/c/cwe194_cpg/cwe194-254-cpg-resolved.bin	tc254_flow3	CWE194_Unexpected_Sign_Extension__fgets_memcpy_14.c	106	CWE194_Unexpected_Sign_Extension__fgets_memcpy_14.c	117
/home/swlab-jueon/swvul/tools/java-vuln-detection/slicing/output/CPG/c/cwe194_cpg/cwe194-255-cpg-resolved.bin	tc255_flow1	CWE194_Unexpected_Sign_Extension__fgets_memcpy_15.c	35	CWE194_Unexpected_Sign_Extension__fgets_memcpy_15.c	60
/home/swlab-jueon/swvul/tools/java-vuln-detection/slicing/output/CPG/c/cwe194_cpg/cwe194-255-cpg-resolved.bin	tc255_flow2	CWE194_Unexpected_Sign_Extension__fgets_memcpy_15.c	85	CWE194_Unexpected_Sign_Extension__fgets_memcpy_15.c	97
/home/swlab-jueon/swvul/tools/java-vuln-detection/slicing/output/CPG/c/cwe194_cpg/cwe194-255-cpg-resolved.bin	tc255_flow3	CWE194_Unexpected_Sign_Extension__fgets_memcpy_15.c	114	CWE194_Unexpected_Sign_Extension__fgets_memcpy_15.c	130
/home/swlab-jueon/swvul/tools/java-vuln-detection/slicing/output/CPG/c/cwe194_cpg/cwe194-256-cpg-resolved.bin	tc256_flow1	CWE194_Unexpected_Sign_Extension__fgets_memcpy_16.c	34	CWE194_Unexpected_Sign_Extension__fgets_memcpy_16.c	55
/home/swlab-jueon/swvul/tools/java-vuln-detection/slicing/output/CPG/c/cwe194_cpg/cwe194-256-cpg-resolved.bin	tc256_flow2	CWE194_Unexpected_Sign_Extension__fgets_memcpy_16.c	75	CWE194_Unexpected_Sign_Extension__fgets_memcpy_16.c	87
/home/swlab-jueon/swvul/tools/java-vuln-detection/slicing/output/CPG/c/cwe194_cpg/cwe194-257-cpg-resolved.bin	tc257_flow1	CWE194_Unexpected_Sign_Extension__fgets_memcpy_17.c	35	CWE194_Unexpected_Sign_Extension__fgets_memcpy_17.c	55
/home/swlab-jueon/swvul/tools/java-vuln-detection/slicing/output/CPG/c/cwe194_cpg/cwe194-257-cpg-resolved.bin	tc257_flow2	CWE194_Unexpected_Sign_Extension__fgets_memcpy_17.c	76	CWE194_Unexpected_Sign_Extension__fgets_memcpy_17.c	87
/home/swlab-jueon/swvul/tools/java-vuln-detection/slicing/output/CPG/c/cwe194_cpg/cwe194-258-cpg-resolved.bin	tc258_flow1	CWE194_Unexpected_Sign_Extension__fgets_memcpy_18.c	34	CWE194_Unexpected_Sign_Extension__fgets_memcpy_18.c	53
/home/swlab-jueon/swvul/tools/java-vuln-detection/slicing/output/CPG/c/cwe194_cpg/cwe194-258-cpg-resolved.bin	tc258_flow2	CWE194_Unexpected_Sign_Extension__fgets_memcpy_18.c	73	CWE194_Unexpected_Sign_Extension__fgets_memcpy_18.c	83
/home/swlab-jueon/swvul/tools/java-vuln-detection/slicing/output/CPG/c/cwe194_cpg/cwe194-259-cpg-resolved.bin	tc259_flow1	CWE194_Unexpected_Sign_Extension__fgets_memcpy_21.c	34	CWE194_Unexpected_Sign_Extension__fgets_memcpy_21.c	64
/home/swlab-jueon/swvul/tools/java-vuln-detection/slicing/output/CPG/c/cwe194_cpg/cwe194-259-cpg-resolved.bin	tc259_flow2	CWE194_Unexpected_Sign_Extension__fgets_memcpy_21.c	90	CWE194_Unexpected_Sign_Extension__fgets_memcpy_21.c	111
/home/swlab-jueon/swvul/tools/java-vuln-detection/slicing/output/CPG/c/cwe194_cpg/cwe194-259-cpg-resolved.bin	tc259_flow3	CWE194_Unexpected_Sign_Extension__fgets_memcpy_21.c	124	CWE194_Unexpected_Sign_Extension__fgets_memcpy_21.c	145
/home/swlab-jueon/swvul/tools/java-vuln-detection/slicing/output/CPG/c/cwe194_cpg/cwe194-260-cpg-resolved.bin	tc260_flow1	CWE194_Unexpected_Sign_Extension__fgets_memcpy_22b.c	34	CWE194_Unexpected_Sign_Extension__fgets_memcpy_22a.c	42
/home/swlab-jueon/swvul/tools/java-vuln-detection/slicing/output/CPG/c/cwe194_cpg/cwe194-260-cpg-resolved.bin	tc260_flow2	CWE194_Unexpected_Sign_Extension__fgets_memcpy_22b.c	67	CWE194_Unexpected_Sign_Extension__fgets_memcpy_22a.c	76
/home/swlab-jueon/swvul/tools/java-vuln-detection/slicing/output/CPG/c/cwe194_cpg/cwe194-260-cpg-resolved.bin	tc260_flow3	CWE194_Unexpected_Sign_Extension__fgets_memcpy_22b.c	78	CWE194_Unexpected_Sign_Extension__fgets_memcpy_22a.c	102
/home/swlab-jueon/swvul/tools/java-vuln-detection/slicing/output/CPG/c/cwe194_cpg/cwe194-261-cpg-resolved.bin	tc261_flow1	CWE194_Unexpected_Sign_Extension__fgets_memcpy_31.c	32	CWE194_Unexpected_Sign_Extension__fgets_memcpy_31.c	54
/home/swlab-jueon/swvul/tools/java-vuln-detection/slicing/output/CPG/c/cwe194_cpg/cwe194-261-cpg-resolved.bin	tc261_flow2	CWE194_Unexpected_Sign_Extension__fgets_memcpy_31.c	73	CWE194_Unexpected_Sign_Extension__fgets_memcpy_31.c	86
/home/swlab-jueon/swvul/tools/java-vuln-detection/slicing/output/CPG/c/cwe194_cpg/cwe194-262-cpg-resolved.bin	tc262_flow1	CWE194_Unexpected_Sign_Extension__fgets_memcpy_32.c	36	CWE194_Unexpected_Sign_Extension__fgets_memcpy_32.c	59
/home/swlab-jueon/swvul/tools/java-vuln-detection/slicing/output/CPG/c/cwe194_cpg/cwe194-262-cpg-resolved.bin	tc262_flow2	CWE194_Unexpected_Sign_Extension__fgets_memcpy_32.c	82	CWE194_Unexpected_Sign_Extension__fgets_memcpy_32.c	96
/home/swlab-jueon/swvul/tools/java-vuln-detection/slicing/output/CPG/c/cwe194_cpg/cwe194-263-cpg-resolved.bin	tc263_flow1	CWE194_Unexpected_Sign_Extension__fgets_memcpy_33.cpp	36	CWE194_Unexpected_Sign_Extension__fgets_memcpy_33.cpp	57
/home/swlab-jueon/swvul/tools/java-vuln-detection/slicing/output/CPG/c/cwe194_cpg/cwe194-263-cpg-resolved.bin	tc263_flow2	CWE194_Unexpected_Sign_Extension__fgets_memcpy_33.cpp	77	CWE194_Unexpected_Sign_Extension__fgets_memcpy_33.cpp	89
/home/swlab-jueon/swvul/tools/java-vuln-detection/slicing/output/CPG/c/cwe194_cpg/cwe194-264-cpg-resolved.bin	tc264_flow1	CWE194_Unexpected_Sign_Extension__fgets_memcpy_34.c	39	CWE194_Unexpected_Sign_Extension__fgets_memcpy_34.c	61
/home/swlab-jueon/swvul/tools/java-vuln-detection/slicing/output/CPG/c/cwe194_cpg/cwe194-264-cpg-resolved.bin	tc264_flow2	CWE194_Unexpected_Sign_Extension__fgets_memcpy_34.c	81	CWE194_Unexpected_Sign_Extension__fgets_memcpy_34.c	94
/home/swlab-jueon/swvul/tools/java-vuln-detection/slicing/output/CPG/c/cwe194_cpg/cwe194-265-cpg-resolved.bin	tc265_flow1	CWE194_Unexpected_Sign_Extension__fgets_memcpy_41.c	50	CWE194_Unexpected_Sign_Extension__fgets_memcpy_41.c	35
/home/swlab-jueon/swvul/tools/java-vuln-detection/slicing/output/CPG/c/cwe194_cpg/cwe194-265-cpg-resolved.bin	tc265_flow2	CWE194_Unexpected_Sign_Extension__fgets_memcpy_41.c	92	CWE194_Unexpected_Sign_Extension__fgets_memcpy_41.c	78
/home/swlab-jueon/swvul/tools/java-vuln-detection/slicing/output/CPG/c/cwe194_cpg/cwe194-266-cpg-resolved.bin	tc266_flow1	CWE194_Unexpected_Sign_Extension__fgets_memcpy_42.c	29	CWE194_Unexpected_Sign_Extension__fgets_memcpy_42.c	57
/home/swlab-jueon/swvul/tools/java-vuln-detection/slicing/output/CPG/c/cwe194_cpg/cwe194-266-cpg-resolved.bin	tc266_flow2	CWE194_Unexpected_Sign_Extension__fgets_memcpy_42.c	71	CWE194_Unexpected_Sign_Extension__fgets_memcpy_42.c	91
/home/swlab-jueon/swvul/tools/java-vuln-detection/slicing/output/CPG/c/cwe194_cpg/cwe194-267-cpg-resolved.bin	tc267_flow1	CWE194_Unexpected_Sign_Extension__fgets_memcpy_43.cpp	32	CWE194_Unexpected_Sign_Extension__fgets_memcpy_43.cpp	59
/home/swlab-jueon/swvul/tools/java-vuln-detection/slicing/output/CPG/c/cwe194_cpg/cwe194-267-cpg-resolved.bin	tc267_flow2	CWE194_Unexpected_Sign_Extension__fgets_memcpy_43.cpp	74	CWE194_Unexpected_Sign_Extension__fgets_memcpy_43.cpp	92
/home/swlab-jueon/swvul/tools/java-vuln-detection/slicing/output/CPG/c/cwe194_cpg/cwe194-268-cpg-resolved.bin	tc268_flow1	CWE194_Unexpected_Sign_Extension__fgets_memcpy_44.c	52	CWE194_Unexpected_Sign_Extension__fgets_memcpy_44.c	35
/home/swlab-jueon/swvul/tools/java-vuln-detection/slicing/output/CPG/c/cwe194_cpg/cwe194-268-cpg-resolved.bin	tc268_flow2	CWE194_Unexpected_Sign_Extension__fgets_memcpy_44.c	96	CWE194_Unexpected_Sign_Extension__fgets_memcpy_44.c	82
/home/swlab-jueon/swvul/tools/java-vuln-detection/slicing/output/CPG/c/cwe194_cpg/cwe194-269-cpg-resolved.bin	tc269_flow1	CWE194_Unexpected_Sign_Extension__fgets_memcpy_45.c	54	CWE194_Unexpected_Sign_Extension__fgets_memcpy_45.c	39
/home/swlab-jueon/swvul/tools/java-vuln-detection/slicing/output/CPG/c/cwe194_cpg/cwe194-269-cpg-resolved.bin	tc269_flow2	CWE194_Unexpected_Sign_Extension__fgets_memcpy_45.c	98	CWE194_Unexpected_Sign_Extension__fgets_memcpy_45.c	85
/home/swlab-jueon/swvul/tools/java-vuln-detection/slicing/output/CPG/c/cwe194_cpg/cwe194-270-cpg-resolved.bin	tc270_flow1	CWE194_Unexpected_Sign_Extension__fgets_memcpy_51a.c	35	CWE194_Unexpected_Sign_Extension__fgets_memcpy_51b.c	37
/home/swlab-jueon/swvul/tools/java-vuln-detection/slicing/output/CPG/c/cwe194_cpg/cwe194-270-cpg-resolved.bin	tc270_flow2	CWE194_Unexpected_Sign_Extension__fgets_memcpy_51a.c	62	CWE194_Unexpected_Sign_Extension__fgets_memcpy_51b.c	60
/home/swlab-jueon/swvul/tools/java-vuln-detection/slicing/output/CPG/c/cwe194_cpg/cwe194-271-cpg-resolved.bin	tc271_flow1	CWE194_Unexpected_Sign_Extension__fgets_memcpy_52a.c	35	CWE194_Unexpected_Sign_Extension__fgets_memcpy_52c.c	37
/home/swlab-jueon/swvul/tools/java-vuln-detection/slicing/output/CPG/c/cwe194_cpg/cwe194-271-cpg-resolved.bin	tc271_flow2	CWE194_Unexpected_Sign_Extension__fgets_memcpy_52a.c	62	CWE194_Unexpected_Sign_Extension__fgets_memcpy_52c.c	60
/home/swlab-jueon/swvul/tools/java-vuln-detection/slicing/output/CPG/c/cwe194_cpg/cwe194-272-cpg-resolved.bin	tc272_flow1	CWE194_Unexpected_Sign_Extension__fgets_memcpy_53a.c	35	CWE194_Unexpected_Sign_Extension__fgets_memcpy_53d.c	37
/home/swlab-jueon/swvul/tools/java-vuln-detection/slicing/output/CPG/c/cwe194_cpg/cwe194-272-cpg-resolved.bin	tc272_flow2	CWE194_Unexpected_Sign_Extension__fgets_memcpy_53a.c	62	CWE194_Unexpected_Sign_Extension__fgets_memcpy_53d.c	60
/home/swlab-jueon/swvul/tools/java-vuln-detection/slicing/output/CPG/c/cwe194_cpg/cwe194-273-cpg-resolved.bin	tc273_flow1	CWE194_Unexpected_Sign_Extension__fgets_memcpy_54a.c	35	CWE194_Unexpected_Sign_Extension__fgets_memcpy_54e.c	37
/home/swlab-jueon/swvul/tools/java-vuln-detection/slicing/output/CPG/c/cwe194_cpg/cwe194-273-cpg-resolved.bin	tc273_flow2	CWE194_Unexpected_Sign_Extension__fgets_memcpy_54a.c	62	CWE194_Unexpected_Sign_Extension__fgets_memcpy_54e.c	60
/home/swlab-jueon/swvul/tools/java-vuln-detection/slicing/output/CPG/c/cwe194_cpg/cwe194-274-cpg-resolved.bin	tc274_flow1	CWE194_Unexpected_Sign_Extension__fgets_memcpy_61b.c	29	CWE194_Unexpected_Sign_Extension__fgets_memcpy_61a.c	42
/home/swlab-jueon/swvul/tools/java-vuln-detection/slicing/output/CPG/c/cwe194_cpg/cwe194-274-cpg-resolved.bin	tc274_flow2	CWE194_Unexpected_Sign_Extension__fgets_memcpy_61b.c	50	CWE194_Unexpected_Sign_Extension__fgets_memcpy_61a.c	71
/home/swlab-jueon/swvul/tools/java-vuln-detection/slicing/output/CPG/c/cwe194_cpg/cwe194-275-cpg-resolved.bin	tc275_flow1	CWE194_Unexpected_Sign_Extension__fgets_memcpy_62b.cpp	32	CWE194_Unexpected_Sign_Extension__fgets_memcpy_62a.cpp	42
/home/swlab-jueon/swvul/tools/java-vuln-detection/slicing/output/CPG/c/cwe194_cpg/cwe194-275-cpg-resolved.bin	tc275_flow2	CWE194_Unexpected_Sign_Extension__fgets_memcpy_62b.cpp	52	CWE194_Unexpected_Sign_Extension__fgets_memcpy_62a.cpp	71
/home/swlab-jueon/swvul/tools/java-vuln-detection/slicing/output/CPG/c/cwe194_cpg/cwe194-276-cpg-resolved.bin	tc276_flow1	CWE194_Unexpected_Sign_Extension__fgets_memcpy_63a.c	35	CWE194_Unexpected_Sign_Extension__fgets_memcpy_63b.c	36
/home/swlab-jueon/swvul/tools/java-vuln-detection/slicing/output/CPG/c/cwe194_cpg/cwe194-276-cpg-resolved.bin	tc276_flow2	CWE194_Unexpected_Sign_Extension__fgets_memcpy_63a.c	61	CWE194_Unexpected_Sign_Extension__fgets_memcpy_63b.c	60
/home/swlab-jueon/swvul/tools/java-vuln-detection/slicing/output/CPG/c/cwe194_cpg/cwe194-277-cpg-resolved.bin	tc277_flow1	CWE194_Unexpected_Sign_Extension__fgets_memcpy_64a.c	35	CWE194_Unexpected_Sign_Extension__fgets_memcpy_64b.c	39
/home/swlab-jueon/swvul/tools/java-vuln-detection/slicing/output/CPG/c/cwe194_cpg/cwe194-277-cpg-resolved.bin	tc277_flow2	CWE194_Unexpected_Sign_Extension__fgets_memcpy_64a.c	61	CWE194_Unexpected_Sign_Extension__fgets_memcpy_64b.c	66
/home/swlab-jueon/swvul/tools/java-vuln-detection/slicing/output/CPG/c/cwe194_cpg/cwe194-278-cpg-resolved.bin	tc278_flow1	CWE194_Unexpected_Sign_Extension__fgets_memcpy_65a.c	37	CWE194_Unexpected_Sign_Extension__fgets_memcpy_65b.c	35
/home/swlab-jueon/swvul/tools/java-vuln-detection/slicing/output/CPG/c/cwe194_cpg/cwe194-278-cpg-resolved.bin	tc278_flow2	CWE194_Unexpected_Sign_Extension__fgets_memcpy_65a.c	65	CWE194_Unexpected_Sign_Extension__fgets_memcpy_65b.c	58
/home/swlab-jueon/swvul/tools/java-vuln-detection/slicing/output/CPG/c/cwe194_cpg/cwe194-279-cpg-resolved.bin	tc279_flow1	CWE194_Unexpected_Sign_Extension__fgets_memcpy_66a.c	36	CWE194_Unexpected_Sign_Extension__fgets_memcpy_66b.c	37
/home/swlab-jueon/swvul/tools/java-vuln-detection/slicing/output/CPG/c/cwe194_cpg/cwe194-279-cpg-resolved.bin	tc279_flow2	CWE194_Unexpected_Sign_Extension__fgets_memcpy_66a.c	65	CWE194_Unexpected_Sign_Extension__fgets_memcpy_66b.c	61
/home/swlab-jueon/swvul/tools/java-vuln-detection/slicing/output/CPG/c/cwe194_cpg/cwe194-280-cpg-resolved.bin	tc280_flow1	CWE194_Unexpected_Sign_Extension__fgets_memcpy_67a.c	41	CWE194_Unexpected_Sign_Extension__fgets_memcpy_67b.c	41
/home/swlab-jueon/swvul/tools/java-vuln-detection/slicing/output/CPG/c/cwe194_cpg/cwe194-280-cpg-resolved.bin	tc280_flow2	CWE194_Unexpected_Sign_Extension__fgets_memcpy_67a.c	69	CWE194_Unexpected_Sign_Extension__fgets_memcpy_67b.c	65
/home/swlab-jueon/swvul/tools/java-vuln-detection/slicing/output/CPG/c/cwe194_cpg/cwe194-281-cpg-resolved.bin	tc281_flow1	CWE194_Unexpected_Sign_Extension__fgets_memcpy_68a.c	38	CWE194_Unexpected_Sign_Extension__fgets_memcpy_68b.c	41
/home/swlab-jueon/swvul/tools/java-vuln-detection/slicing/output/CPG/c/cwe194_cpg/cwe194-281-cpg-resolved.bin	tc281_flow2	CWE194_Unexpected_Sign_Extension__fgets_memcpy_68a.c	66	CWE194_Unexpected_Sign_Extension__fgets_memcpy_68b.c	65
/home/swlab-jueon/swvul/tools/java-vuln-detection/slicing/output/CPG/c/cwe194_cpg/cwe194-282-cpg-resolved.bin	tc282_flow1	CWE194_Unexpected_Sign_Extension__fgets_memcpy_72a.cpp	42	CWE194_Unexpected_Sign_Extension__fgets_memcpy_72b.cpp	40
/home/swlab-jueon/swvul/tools/java-vuln-detection/slicing/output/CPG/c/cwe194_cpg/cwe194-282-cpg-resolved.bin	tc282_flow2	CWE194_Unexpected_Sign_Extension__fgets_memcpy_72a.cpp	75	CWE194_Unexpected_Sign_Extension__fgets_memcpy_72b.cpp	64
/home/swlab-jueon/swvul/tools/java-vuln-detection/slicing/output/CPG/c/cwe194_cpg/cwe194-283-cpg-resolved.bin	tc283_flow1	CWE194_Unexpected_Sign_Extension__fgets_memcpy_73a.cpp	42	CWE194_Unexpected_Sign_Extension__fgets_memcpy_73b.cpp	40
/home/swlab-jueon/swvul/tools/java-vuln-detection/slicing/output/CPG/c/cwe194_cpg/cwe194-283-cpg-resolved.bin	tc283_flow2	CWE194_Unexpected_Sign_Extension__fgets_memcpy_73a.cpp	75	CWE194_Unexpected_Sign_Extension__fgets_memcpy_73b.cpp	64
/home/swlab-jueon/swvul/tools/java-vuln-detection/slicing/output/CPG/c/cwe194_cpg/cwe194-284-cpg-resolved.bin	tc284_flow1	CWE194_Unexpected_Sign_Extension__fgets_memcpy_74a.cpp	42	CWE194_Unexpected_Sign_Extension__fgets_memcpy_74b.cpp	40
/home/swlab-jueon/swvul/tools/java-vuln-detection/slicing/output/CPG/c/cwe194_cpg/cwe194-284-cpg-resolved.bin	tc284_flow2	CWE194_Unexpected_Sign_Extension__fgets_memcpy_74a.cpp	75	CWE194_Unexpected_Sign_Extension__fgets_memcpy_74b.cpp	64
/home/swlab-jueon/swvul/tools/java-vuln-detection/slicing/output/CPG/c/cwe194_cpg/cwe194-285-cpg-resolved.bin	tc285_flow1	CWE194_Unexpected_Sign_Extension__fgets_memcpy_81a.cpp	36	CWE194_Unexpected_Sign_Extension__fgets_memcpy_81_bad.cpp	35
/home/swlab-jueon/swvul/tools/java-vuln-detection/slicing/output/CPG/c/cwe194_cpg/cwe194-285-cpg-resolved.bin	tc285_flow2	CWE194_Unexpected_Sign_Extension__fgets_memcpy_81a.cpp	61	CWE194_Unexpected_Sign_Extension__fgets_memcpy_81_goodG2B.cpp	35
/home/swlab-jueon/swvul/tools/java-vuln-detection/slicing/output/CPG/c/cwe194_cpg/cwe194-286-cpg-resolved.bin	tc286_flow1	CWE194_Unexpected_Sign_Extension__fgets_memcpy_82a.cpp	36	CWE194_Unexpected_Sign_Extension__fgets_memcpy_82_bad.cpp	35
/home/swlab-jueon/swvul/tools/java-vuln-detection/slicing/output/CPG/c/cwe194_cpg/cwe194-286-cpg-resolved.bin	tc286_flow2	CWE194_Unexpected_Sign_Extension__fgets_memcpy_82a.cpp	62	CWE194_Unexpected_Sign_Extension__fgets_memcpy_82_goodG2B.cpp	35
/home/swlab-jueon/swvul/tools/java-vuln-detection/slicing/output/CPG/c/cwe194_cpg/cwe194-287-cpg-resolved.bin	tc287_flow1	CWE194_Unexpected_Sign_Extension__fgets_memcpy_83_bad.cpp	32	CWE194_Unexpected_Sign_Extension__fgets_memcpy_83_bad.cpp	55
/home/swlab-jueon/swvul/tools/java-vuln-detection/slicing/output/CPG/c/cwe194_cpg/cwe194-287-cpg-resolved.bin	tc287_flow2	CWE194_Unexpected_Sign_Extension__fgets_memcpy_83_goodG2B.cpp	27	CWE194_Unexpected_Sign_Extension__fgets_memcpy_83_goodG2B.cpp	41
/home/swlab-jueon/swvul/tools/java-vuln-detection/slicing/output/CPG/c/cwe194_cpg/cwe194-288-cpg-resolved.bin	tc288_flow1	CWE194_Unexpected_Sign_Extension__fgets_memcpy_84_bad.cpp	32	CWE194_Unexpected_Sign_Extension__fgets_memcpy_84_bad.cpp	55
/home/swlab-jueon/swvul/tools/java-vuln-detection/slicing/output/CPG/c/cwe194_cpg/cwe194-288-cpg-resolved.bin	tc288_flow2	CWE194_Unexpected_Sign_Extension__fgets_memcpy_84_goodG2B.cpp	27	CWE194_Unexpected_Sign_Extension__fgets_memcpy_84_goodG2B.cpp	41
/home/swlab-jueon/swvul/tools/java-vuln-detection/slicing/output/CPG/c/cwe194_cpg/cwe194-289-cpg-resolved.bin	tc289_flow1	CWE194_Unexpected_Sign_Extension__fgets_memmove_01.c	32	CWE194_Unexpected_Sign_Extension__fgets_memmove_01.c	51
/home/swlab-jueon/swvul/tools/java-vuln-detection/slicing/output/CPG/c/cwe194_cpg/cwe194-289-cpg-resolved.bin	tc289_flow2	CWE194_Unexpected_Sign_Extension__fgets_memmove_01.c	69	CWE194_Unexpected_Sign_Extension__fgets_memmove_01.c	79
/home/swlab-jueon/swvul/tools/java-vuln-detection/slicing/output/CPG/c/cwe194_cpg/cwe194-290-cpg-resolved.bin	tc290_flow1	CWE194_Unexpected_Sign_Extension__fgets_memmove_02.c	34	CWE194_Unexpected_Sign_Extension__fgets_memmove_02.c	54
/home/swlab-jueon/swvul/tools/java-vuln-detection/slicing/output/CPG/c/cwe194_cpg/cwe194-290-cpg-resolved.bin	tc290_flow2	CWE194_Unexpected_Sign_Extension__fgets_memmove_02.c	79	CWE194_Unexpected_Sign_Extension__fgets_memmove_02.c	90
/home/swlab-jueon/swvul/tools/java-vuln-detection/slicing/output/CPG/c/cwe194_cpg/cwe194-290-cpg-resolved.bin	tc290_flow3	CWE194_Unexpected_Sign_Extension__fgets_memmove_02.c	106	CWE194_Unexpected_Sign_Extension__fgets_memmove_02.c	117
/home/swlab-jueon/swvul/tools/java-vuln-detection/slicing/output/CPG/c/cwe194_cpg/cwe194-291-cpg-resolved.bin	tc291_flow1	CWE194_Unexpected_Sign_Extension__fgets_memmove_03.c	34	CWE194_Unexpected_Sign_Extension__fgets_memmove_03.c	54
/home/swlab-jueon/swvul/tools/java-vuln-detection/slicing/output/CPG/c/cwe194_cpg/cwe194-291-cpg-resolved.bin	tc291_flow2	CWE194_Unexpected_Sign_Extension__fgets_memmove_03.c	79	CWE194_Unexpected_Sign_Extension__fgets_memmove_03.c	90
/home/swlab-jueon/swvul/tools/java-vuln-detection/slicing/output/CPG/c/cwe194_cpg/cwe194-291-cpg-resolved.bin	tc291_flow3	CWE194_Unexpected_Sign_Extension__fgets_memmove_03.c	106	CWE194_Unexpected_Sign_Extension__fgets_memmove_03.c	117
/home/swlab-jueon/swvul/tools/java-vuln-detection/slicing/output/CPG/c/cwe194_cpg/cwe194-292-cpg-resolved.bin	tc292_flow1	CWE194_Unexpected_Sign_Extension__fgets_memmove_04.c	41	CWE194_Unexpected_Sign_Extension__fgets_memmove_04.c	61
/home/swlab-jueon/swvul/tools/java-vuln-detection/slicing/output/CPG/c/cwe194_cpg/cwe194-292-cpg-resolved.bin	tc292_flow2	CWE194_Unexpected_Sign_Extension__fgets_memmove_04.c	86	CWE194_Unexpected_Sign_Extension__fgets_memmove_04.c	97
/home/swlab-jueon/swvul/tools/java-vuln-detection/slicing/output/CPG/c/cwe194_cpg/cwe194-292-cpg-resolved.bin	tc292_flow3	CWE194_Unexpected_Sign_Extension__fgets_memmove_04.c	113	CWE194_Unexpected_Sign_Extension__fgets_memmove_04.c	124
/home/swlab-jueon/swvul/tools/java-vuln-detection/slicing/output/CPG/c/cwe194_cpg/cwe194-293-cpg-resolved.bin	tc293_flow1	CWE194_Unexpected_Sign_Extension__fgets_memmove_05.c	41	CWE194_Unexpected_Sign_Extension__fgets_memmove_05.c	61
/home/swlab-jueon/swvul/tools/java-vuln-detection/slicing/output/CPG/c/cwe194_cpg/cwe194-293-cpg-resolved.bin	tc293_flow2	CWE194_Unexpected_Sign_Extension__fgets_memmove_05.c	86	CWE194_Unexpected_Sign_Extension__fgets_memmove_05.c	97
/home/swlab-jueon/swvul/tools/java-vuln-detection/slicing/output/CPG/c/cwe194_cpg/cwe194-293-cpg-resolved.bin	tc293_flow3	CWE194_Unexpected_Sign_Extension__fgets_memmove_05.c	113	CWE194_Unexpected_Sign_Extension__fgets_memmove_05.c	124
/home/swlab-jueon/swvul/tools/java-vuln-detection/slicing/output/CPG/c/cwe194_cpg/cwe194-294-cpg-resolved.bin	tc294_flow1	CWE194_Unexpected_Sign_Extension__fgets_memmove_06.c	38	CWE194_Unexpected_Sign_Extension__fgets_memmove_06.c	58
/home/swlab-jueon/swvul/tools/java-vuln-detection/slicing/output/CPG/c/cwe194_cpg/cwe194-294-cpg-resolved.bin	tc294_flow2	CWE194_Unexpected_Sign_Extension__fgets_memmove_06.c	83	CWE194_Unexpected_Sign_Extension__fgets_memmove_06.c	94
/home/swlab-jueon/swvul/tools/java-vuln-detection/slicing/output/CPG/c/cwe194_cpg/cwe194-294-cpg-resolved.bin	tc294_flow3	CWE194_Unexpected_Sign_Extension__fgets_memmove_06.c	110	CWE194_Unexpected_Sign_Extension__fgets_memmove_06.c	121
/home/swlab-jueon/swvul/tools/java-vuln-detection/slicing/output/CPG/c/cwe194_cpg/cwe194-295-cpg-resolved.bin	tc295_flow1	CWE194_Unexpected_Sign_Extension__fgets_memmove_07.c	40	CWE194_Unexpected_Sign_Extension__fgets_memmove_07.c	60
/home/swlab-jueon/swvul/tools/java-vuln-detection/slicing/output/CPG/c/cwe194_cpg/cwe194-295-cpg-resolved.bin	tc295_flow2	CWE194_Unexpected_Sign_Extension__fgets_memmove_07.c	85	CWE194_Unexpected_Sign_Extension__fgets_memmove_07.c	96
/home/swlab-jueon/swvul/tools/java-vuln-detection/slicing/output/CPG/c/cwe194_cpg/cwe194-295-cpg-resolved.bin	tc295_flow3	CWE194_Unexpected_Sign_Extension__fgets_memmove_07.c	112	CWE194_Unexpected_Sign_Extension__fgets_memmove_07.c	123
/home/swlab-jueon/swvul/tools/java-vuln-detection/slicing/output/CPG/c/cwe194_cpg/cwe194-296-cpg-resolved.bin	tc296_flow1	CWE194_Unexpected_Sign_Extension__fgets_memmove_08.c	48	CWE194_Unexpected_Sign_Extension__fgets_memmove_08.c	68
/home/swlab-jueon/swvul/tools/java-vuln-detection/slicing/output/CPG/c/cwe194_cpg/cwe194-296-cpg-resolved.bin	tc296_flow2	CWE194_Unexpected_Sign_Extension__fgets_memmove_08.c	93	CWE194_Unexpected_Sign_Extension__fgets_memmove_08.c	104
/home/swlab-jueon/swvul/tools/java-vuln-detection/slicing/output/CPG/c/cwe194_cpg/cwe194-296-cpg-resolved.bin	tc296_flow3	CWE194_Unexpected_Sign_Extension__fgets_memmove_08.c	120	CWE194_Unexpected_Sign_Extension__fgets_memmove_08.c	131
/home/swlab-jueon/swvul/tools/java-vuln-detection/slicing/output/CPG/c/cwe194_cpg/cwe194-297-cpg-resolved.bin	tc297_flow1	CWE194_Unexpected_Sign_Extension__fgets_memmove_09.c	34	CWE194_Unexpected_Sign_Extension__fgets_memmove_09.c	54
/home/swlab-jueon/swvul/tools/java-vuln-detection/slicing/output/CPG/c/cwe194_cpg/cwe194-297-cpg-resolved.bin	tc297_flow2	CWE194_Unexpected_Sign_Extension__fgets_memmove_09.c	79	CWE194_Unexpected_Sign_Extension__fgets_memmove_09.c	90
/home/swlab-jueon/swvul/tools/java-vuln-detection/slicing/output/CPG/c/cwe194_cpg/cwe194-297-cpg-resolved.bin	tc297_flow3	CWE194_Unexpected_Sign_Extension__fgets_memmove_09.c	106	CWE194_Unexpected_Sign_Extension__fgets_memmove_09.c	117
/home/swlab-jueon/swvul/tools/java-vuln-detection/slicing/output/CPG/c/cwe194_cpg/cwe194-298-cpg-resolved.bin	tc298_flow1	CWE194_Unexpected_Sign_Extension__fgets_memmove_10.c	34	CWE194_Unexpected_Sign_Extension__fgets_memmove_10.c	54
/home/swlab-jueon/swvul/tools/java-vuln-detection/slicing/output/CPG/c/cwe194_cpg/cwe194-298-cpg-resolved.bin	tc298_flow2	CWE194_Unexpected_Sign_Extension__fgets_memmove_10.c	79	CWE194_Unexpected_Sign_Extension__fgets_memmove_10.c	90
/home/swlab-jueon/swvul/tools/java-vuln-detection/slicing/output/CPG/c/cwe194_cpg/cwe194-298-cpg-resolved.bin	tc298_flow3	CWE194_Unexpected_Sign_Extension__fgets_memmove_10.c	106	CWE194_Unexpected_Sign_Extension__fgets_memmove_10.c	117
/home/swlab-jueon/swvul/tools/java-vuln-detection/slicing/output/CPG/c/cwe194_cpg/cwe194-299-cpg-resolved.bin	tc299_flow1	CWE194_Unexpected_Sign_Extension__fgets_memmove_11.c	34	CWE194_Unexpected_Sign_Extension__fgets_memmove_11.c	54
/home/swlab-jueon/swvul/tools/java-vuln-detection/slicing/output/CPG/c/cwe194_cpg/cwe194-299-cpg-resolved.bin	tc299_flow2	CWE194_Unexpected_Sign_Extension__fgets_memmove_11.c	79	CWE194_Unexpected_Sign_Extension__fgets_memmove_11.c	90
/home/swlab-jueon/swvul/tools/java-vuln-detection/slicing/output/CPG/c/cwe194_cpg/cwe194-299-cpg-resolved.bin	tc299_flow3	CWE194_Unexpected_Sign_Extension__fgets_memmove_11.c	106	CWE194_Unexpected_Sign_Extension__fgets_memmove_11.c	117
/home/swlab-jueon/swvul/tools/java-vuln-detection/slicing/output/CPG/c/cwe194_cpg/cwe194-300-cpg-resolved.bin	tc300_flow1	CWE194_Unexpected_Sign_Extension__fgets_memmove_12.c	34	CWE194_Unexpected_Sign_Extension__fgets_memmove_12.c	59
/home/swlab-jueon/swvul/tools/java-vuln-detection/slicing/output/CPG/c/cwe194_cpg/cwe194-300-cpg-resolved.bin	tc300_flow2	CWE194_Unexpected_Sign_Extension__fgets_memmove_12.c	80	CWE194_Unexpected_Sign_Extension__fgets_memmove_12.c	96
/home/swlab-jueon/swvul/tools/java-vuln-detection/slicing/output/CPG/c/cwe194_cpg/cwe194-301-cpg-resolved.bin	tc301_flow1	CWE194_Unexpected_Sign_Extension__fgets_memmove_13.c	34	CWE194_Unexpected_Sign_Extension__fgets_memmove_13.c	54
/home/swlab-jueon/swvul/tools/java-vuln-detection/slicing/output/CPG/c/cwe194_cpg/cwe194-301-cpg-resolved.bin	tc301_flow2	CWE194_Unexpected_Sign_Extension__fgets_memmove_13.c	79	CWE194_Unexpected_Sign_Extension__fgets_memmove_13.c	90
/home/swlab-jueon/swvul/tools/java-vuln-detection/slicing/output/CPG/c/cwe194_cpg/cwe194-301-cpg-resolved.bin	tc301_flow3	CWE194_Unexpected_Sign_Extension__fgets_memmove_13.c	106	CWE194_Unexpected_Sign_Extension__fgets_memmove_13.c	117
/home/swlab-jueon/swvul/tools/java-vuln-detection/slicing/output/CPG/c/cwe194_cpg/cwe194-302-cpg-resolved.bin	tc302_flow1	CWE194_Unexpected_Sign_Extension__fgets_memmove_14.c	34	CWE194_Unexpected_Sign_Extension__fgets_memmove_14.c	54
/home/swlab-jueon/swvul/tools/java-vuln-detection/slicing/output/CPG/c/cwe194_cpg/cwe194-302-cpg-resolved.bin	tc302_flow2	CWE194_Unexpected_Sign_Extension__fgets_memmove_14.c	79	CWE194_Unexpected_Sign_Extension__fgets_memmove_14.c	90
/home/swlab-jueon/swvul/tools/java-vuln-detection/slicing/output/CPG/c/cwe194_cpg/cwe194-302-cpg-resolved.bin	tc302_flow3	CWE194_Unexpected_Sign_Extension__fgets_memmove_14.c	106	CWE194_Unexpected_Sign_Extension__fgets_memmove_14.c	117
/home/swlab-jueon/swvul/tools/java-vuln-detection/slicing/output/CPG/c/cwe194_cpg/cwe194-303-cpg-resolved.bin	tc303_flow1	CWE194_Unexpected_Sign_Extension__fgets_memmove_15.c	35	CWE194_Unexpected_Sign_Extension__fgets_memmove_15.c	60
/home/swlab-jueon/swvul/tools/java-vuln-detection/slicing/output/CPG/c/cwe194_cpg/cwe194-303-cpg-resolved.bin	tc303_flow2	CWE194_Unexpected_Sign_Extension__fgets_memmove_15.c	85	CWE194_Unexpected_Sign_Extension__fgets_memmove_15.c	97
/home/swlab-jueon/swvul/tools/java-vuln-detection/slicing/output/CPG/c/cwe194_cpg/cwe194-303-cpg-resolved.bin	tc303_flow3	CWE194_Unexpected_Sign_Extension__fgets_memmove_15.c	114	CWE194_Unexpected_Sign_Extension__fgets_memmove_15.c	130
/home/swlab-jueon/swvul/tools/java-vuln-detection/slicing/output/CPG/c/cwe194_cpg/cwe194-304-cpg-resolved.bin	tc304_flow1	CWE194_Unexpected_Sign_Extension__fgets_memmove_16.c	34	CWE194_Unexpected_Sign_Extension__fgets_memmove_16.c	55
/home/swlab-jueon/swvul/tools/java-vuln-detection/slicing/output/CPG/c/cwe194_cpg/cwe194-304-cpg-resolved.bin	tc304_flow2	CWE194_Unexpected_Sign_Extension__fgets_memmove_16.c	75	CWE194_Unexpected_Sign_Extension__fgets_memmove_16.c	87
/home/swlab-jueon/swvul/tools/java-vuln-detection/slicing/output/CPG/c/cwe194_cpg/cwe194-305-cpg-resolved.bin	tc305_flow1	CWE194_Unexpected_Sign_Extension__fgets_memmove_17.c	35	CWE194_Unexpected_Sign_Extension__fgets_memmove_17.c	55
/home/swlab-jueon/swvul/tools/java-vuln-detection/slicing/output/CPG/c/cwe194_cpg/cwe194-305-cpg-resolved.bin	tc305_flow2	CWE194_Unexpected_Sign_Extension__fgets_memmove_17.c	76	CWE194_Unexpected_Sign_Extension__fgets_memmove_17.c	87
/home/swlab-jueon/swvul/tools/java-vuln-detection/slicing/output/CPG/c/cwe194_cpg/cwe194-306-cpg-resolved.bin	tc306_flow1	CWE194_Unexpected_Sign_Extension__fgets_memmove_18.c	34	CWE194_Unexpected_Sign_Extension__fgets_memmove_18.c	53
/home/swlab-jueon/swvul/tools/java-vuln-detection/slicing/output/CPG/c/cwe194_cpg/cwe194-306-cpg-resolved.bin	tc306_flow2	CWE194_Unexpected_Sign_Extension__fgets_memmove_18.c	73	CWE194_Unexpected_Sign_Extension__fgets_memmove_18.c	83
/home/swlab-jueon/swvul/tools/java-vuln-detection/slicing/output/CPG/c/cwe194_cpg/cwe194-307-cpg-resolved.bin	tc307_flow1	CWE194_Unexpected_Sign_Extension__fgets_memmove_21.c	34	CWE194_Unexpected_Sign_Extension__fgets_memmove_21.c	64
/home/swlab-jueon/swvul/tools/java-vuln-detection/slicing/output/CPG/c/cwe194_cpg/cwe194-307-cpg-resolved.bin	tc307_flow2	CWE194_Unexpected_Sign_Extension__fgets_memmove_21.c	90	CWE194_Unexpected_Sign_Extension__fgets_memmove_21.c	111
/home/swlab-jueon/swvul/tools/java-vuln-detection/slicing/output/CPG/c/cwe194_cpg/cwe194-307-cpg-resolved.bin	tc307_flow3	CWE194_Unexpected_Sign_Extension__fgets_memmove_21.c	124	CWE194_Unexpected_Sign_Extension__fgets_memmove_21.c	145
/home/swlab-jueon/swvul/tools/java-vuln-detection/slicing/output/CPG/c/cwe194_cpg/cwe194-308-cpg-resolved.bin	tc308_flow1	CWE194_Unexpected_Sign_Extension__fgets_memmove_22b.c	34	CWE194_Unexpected_Sign_Extension__fgets_memmove_22a.c	42
/home/swlab-jueon/swvul/tools/java-vuln-detection/slicing/output/CPG/c/cwe194_cpg/cwe194-308-cpg-resolved.bin	tc308_flow2	CWE194_Unexpected_Sign_Extension__fgets_memmove_22b.c	67	CWE194_Unexpected_Sign_Extension__fgets_memmove_22a.c	76
/home/swlab-jueon/swvul/tools/java-vuln-detection/slicing/output/CPG/c/cwe194_cpg/cwe194-308-cpg-resolved.bin	tc308_flow3	CWE194_Unexpected_Sign_Extension__fgets_memmove_22b.c	78	CWE194_Unexpected_Sign_Extension__fgets_memmove_22a.c	102
/home/swlab-jueon/swvul/tools/java-vuln-detection/slicing/output/CPG/c/cwe194_cpg/cwe194-309-cpg-resolved.bin	tc309_flow1	CWE194_Unexpected_Sign_Extension__fgets_memmove_31.c	32	CWE194_Unexpected_Sign_Extension__fgets_memmove_31.c	54
/home/swlab-jueon/swvul/tools/java-vuln-detection/slicing/output/CPG/c/cwe194_cpg/cwe194-309-cpg-resolved.bin	tc309_flow2	CWE194_Unexpected_Sign_Extension__fgets_memmove_31.c	73	CWE194_Unexpected_Sign_Extension__fgets_memmove_31.c	86
/home/swlab-jueon/swvul/tools/java-vuln-detection/slicing/output/CPG/c/cwe194_cpg/cwe194-310-cpg-resolved.bin	tc310_flow1	CWE194_Unexpected_Sign_Extension__fgets_memmove_32.c	36	CWE194_Unexpected_Sign_Extension__fgets_memmove_32.c	59
/home/swlab-jueon/swvul/tools/java-vuln-detection/slicing/output/CPG/c/cwe194_cpg/cwe194-310-cpg-resolved.bin	tc310_flow2	CWE194_Unexpected_Sign_Extension__fgets_memmove_32.c	82	CWE194_Unexpected_Sign_Extension__fgets_memmove_32.c	96
/home/swlab-jueon/swvul/tools/java-vuln-detection/slicing/output/CPG/c/cwe194_cpg/cwe194-311-cpg-resolved.bin	tc311_flow1	CWE194_Unexpected_Sign_Extension__fgets_memmove_33.cpp	36	CWE194_Unexpected_Sign_Extension__fgets_memmove_33.cpp	57
/home/swlab-jueon/swvul/tools/java-vuln-detection/slicing/output/CPG/c/cwe194_cpg/cwe194-311-cpg-resolved.bin	tc311_flow2	CWE194_Unexpected_Sign_Extension__fgets_memmove_33.cpp	77	CWE194_Unexpected_Sign_Extension__fgets_memmove_33.cpp	89
/home/swlab-jueon/swvul/tools/java-vuln-detection/slicing/output/CPG/c/cwe194_cpg/cwe194-312-cpg-resolved.bin	tc312_flow1	CWE194_Unexpected_Sign_Extension__fgets_memmove_34.c	39	CWE194_Unexpected_Sign_Extension__fgets_memmove_34.c	61
/home/swlab-jueon/swvul/tools/java-vuln-detection/slicing/output/CPG/c/cwe194_cpg/cwe194-312-cpg-resolved.bin	tc312_flow2	CWE194_Unexpected_Sign_Extension__fgets_memmove_34.c	81	CWE194_Unexpected_Sign_Extension__fgets_memmove_34.c	94
/home/swlab-jueon/swvul/tools/java-vuln-detection/slicing/output/CPG/c/cwe194_cpg/cwe194-313-cpg-resolved.bin	tc313_flow1	CWE194_Unexpected_Sign_Extension__fgets_memmove_41.c	50	CWE194_Unexpected_Sign_Extension__fgets_memmove_41.c	35
/home/swlab-jueon/swvul/tools/java-vuln-detection/slicing/output/CPG/c/cwe194_cpg/cwe194-313-cpg-resolved.bin	tc313_flow2	CWE194_Unexpected_Sign_Extension__fgets_memmove_41.c	92	CWE194_Unexpected_Sign_Extension__fgets_memmove_41.c	78
/home/swlab-jueon/swvul/tools/java-vuln-detection/slicing/output/CPG/c/cwe194_cpg/cwe194-314-cpg-resolved.bin	tc314_flow1	CWE194_Unexpected_Sign_Extension__fgets_memmove_42.c	29	CWE194_Unexpected_Sign_Extension__fgets_memmove_42.c	57
/home/swlab-jueon/swvul/tools/java-vuln-detection/slicing/output/CPG/c/cwe194_cpg/cwe194-314-cpg-resolved.bin	tc314_flow2	CWE194_Unexpected_Sign_Extension__fgets_memmove_42.c	71	CWE194_Unexpected_Sign_Extension__fgets_memmove_42.c	91
/home/swlab-jueon/swvul/tools/java-vuln-detection/slicing/output/CPG/c/cwe194_cpg/cwe194-315-cpg-resolved.bin	tc315_flow1	CWE194_Unexpected_Sign_Extension__fgets_memmove_43.cpp	32	CWE194_Unexpected_Sign_Extension__fgets_memmove_43.cpp	59
/home/swlab-jueon/swvul/tools/java-vuln-detection/slicing/output/CPG/c/cwe194_cpg/cwe194-315-cpg-resolved.bin	tc315_flow2	CWE194_Unexpected_Sign_Extension__fgets_memmove_43.cpp	74	CWE194_Unexpected_Sign_Extension__fgets_memmove_43.cpp	92
/home/swlab-jueon/swvul/tools/java-vuln-detection/slicing/output/CPG/c/cwe194_cpg/cwe194-316-cpg-resolved.bin	tc316_flow1	CWE194_Unexpected_Sign_Extension__fgets_memmove_44.c	52	CWE194_Unexpected_Sign_Extension__fgets_memmove_44.c	35
/home/swlab-jueon/swvul/tools/java-vuln-detection/slicing/output/CPG/c/cwe194_cpg/cwe194-316-cpg-resolved.bin	tc316_flow2	CWE194_Unexpected_Sign_Extension__fgets_memmove_44.c	96	CWE194_Unexpected_Sign_Extension__fgets_memmove_44.c	82
/home/swlab-jueon/swvul/tools/java-vuln-detection/slicing/output/CPG/c/cwe194_cpg/cwe194-317-cpg-resolved.bin	tc317_flow1	CWE194_Unexpected_Sign_Extension__fgets_memmove_45.c	54	CWE194_Unexpected_Sign_Extension__fgets_memmove_45.c	39
/home/swlab-jueon/swvul/tools/java-vuln-detection/slicing/output/CPG/c/cwe194_cpg/cwe194-317-cpg-resolved.bin	tc317_flow2	CWE194_Unexpected_Sign_Extension__fgets_memmove_45.c	98	CWE194_Unexpected_Sign_Extension__fgets_memmove_45.c	85
/home/swlab-jueon/swvul/tools/java-vuln-detection/slicing/output/CPG/c/cwe194_cpg/cwe194-318-cpg-resolved.bin	tc318_flow1	CWE194_Unexpected_Sign_Extension__fgets_memmove_51a.c	35	CWE194_Unexpected_Sign_Extension__fgets_memmove_51b.c	37
/home/swlab-jueon/swvul/tools/java-vuln-detection/slicing/output/CPG/c/cwe194_cpg/cwe194-318-cpg-resolved.bin	tc318_flow2	CWE194_Unexpected_Sign_Extension__fgets_memmove_51a.c	62	CWE194_Unexpected_Sign_Extension__fgets_memmove_51b.c	60
/home/swlab-jueon/swvul/tools/java-vuln-detection/slicing/output/CPG/c/cwe194_cpg/cwe194-319-cpg-resolved.bin	tc319_flow1	CWE194_Unexpected_Sign_Extension__fgets_memmove_52a.c	35	CWE194_Unexpected_Sign_Extension__fgets_memmove_52c.c	37
/home/swlab-jueon/swvul/tools/java-vuln-detection/slicing/output/CPG/c/cwe194_cpg/cwe194-319-cpg-resolved.bin	tc319_flow2	CWE194_Unexpected_Sign_Extension__fgets_memmove_52a.c	62	CWE194_Unexpected_Sign_Extension__fgets_memmove_52c.c	60
/home/swlab-jueon/swvul/tools/java-vuln-detection/slicing/output/CPG/c/cwe194_cpg/cwe194-320-cpg-resolved.bin	tc320_flow1	CWE194_Unexpected_Sign_Extension__fgets_memmove_53a.c	35	CWE194_Unexpected_Sign_Extension__fgets_memmove_53d.c	37
/home/swlab-jueon/swvul/tools/java-vuln-detection/slicing/output/CPG/c/cwe194_cpg/cwe194-320-cpg-resolved.bin	tc320_flow2	CWE194_Unexpected_Sign_Extension__fgets_memmove_53a.c	62	CWE194_Unexpected_Sign_Extension__fgets_memmove_53d.c	60
/home/swlab-jueon/swvul/tools/java-vuln-detection/slicing/output/CPG/c/cwe194_cpg/cwe194-321-cpg-resolved.bin	tc321_flow1	CWE194_Unexpected_Sign_Extension__fgets_memmove_54a.c	35	CWE194_Unexpected_Sign_Extension__fgets_memmove_54e.c	37
/home/swlab-jueon/swvul/tools/java-vuln-detection/slicing/output/CPG/c/cwe194_cpg/cwe194-321-cpg-resolved.bin	tc321_flow2	CWE194_Unexpected_Sign_Extension__fgets_memmove_54a.c	62	CWE194_Unexpected_Sign_Extension__fgets_memmove_54e.c	60
/home/swlab-jueon/swvul/tools/java-vuln-detection/slicing/output/CPG/c/cwe194_cpg/cwe194-322-cpg-resolved.bin	tc322_flow1	CWE194_Unexpected_Sign_Extension__fgets_memmove_61b.c	29	CWE194_Unexpected_Sign_Extension__fgets_memmove_61a.c	42
/home/swlab-jueon/swvul/tools/java-vuln-detection/slicing/output/CPG/c/cwe194_cpg/cwe194-322-cpg-resolved.bin	tc322_flow2	CWE194_Unexpected_Sign_Extension__fgets_memmove_61b.c	50	CWE194_Unexpected_Sign_Extension__fgets_memmove_61a.c	71
/home/swlab-jueon/swvul/tools/java-vuln-detection/slicing/output/CPG/c/cwe194_cpg/cwe194-323-cpg-resolved.bin	tc323_flow1	CWE194_Unexpected_Sign_Extension__fgets_memmove_62b.cpp	32	CWE194_Unexpected_Sign_Extension__fgets_memmove_62a.cpp	42
/home/swlab-jueon/swvul/tools/java-vuln-detection/slicing/output/CPG/c/cwe194_cpg/cwe194-323-cpg-resolved.bin	tc323_flow2	CWE194_Unexpected_Sign_Extension__fgets_memmove_62b.cpp	52	CWE194_Unexpected_Sign_Extension__fgets_memmove_62a.cpp	71
/home/swlab-jueon/swvul/tools/java-vuln-detection/slicing/output/CPG/c/cwe194_cpg/cwe194-324-cpg-resolved.bin	tc324_flow1	CWE194_Unexpected_Sign_Extension__fgets_memmove_63a.c	35	CWE194_Unexpected_Sign_Extension__fgets_memmove_63b.c	36
/home/swlab-jueon/swvul/tools/java-vuln-detection/slicing/output/CPG/c/cwe194_cpg/cwe194-324-cpg-resolved.bin	tc324_flow2	CWE194_Unexpected_Sign_Extension__fgets_memmove_63a.c	61	CWE194_Unexpected_Sign_Extension__fgets_memmove_63b.c	60
/home/swlab-jueon/swvul/tools/java-vuln-detection/slicing/output/CPG/c/cwe194_cpg/cwe194-325-cpg-resolved.bin	tc325_flow1	CWE194_Unexpected_Sign_Extension__fgets_memmove_64a.c	35	CWE194_Unexpected_Sign_Extension__fgets_memmove_64b.c	39
/home/swlab-jueon/swvul/tools/java-vuln-detection/slicing/output/CPG/c/cwe194_cpg/cwe194-325-cpg-resolved.bin	tc325_flow2	CWE194_Unexpected_Sign_Extension__fgets_memmove_64a.c	61	CWE194_Unexpected_Sign_Extension__fgets_memmove_64b.c	66
/home/swlab-jueon/swvul/tools/java-vuln-detection/slicing/output/CPG/c/cwe194_cpg/cwe194-326-cpg-resolved.bin	tc326_flow1	CWE194_Unexpected_Sign_Extension__fgets_memmove_65a.c	37	CWE194_Unexpected_Sign_Extension__fgets_memmove_65b.c	35
/home/swlab-jueon/swvul/tools/java-vuln-detection/slicing/output/CPG/c/cwe194_cpg/cwe194-326-cpg-resolved.bin	tc326_flow2	CWE194_Unexpected_Sign_Extension__fgets_memmove_65a.c	65	CWE194_Unexpected_Sign_Extension__fgets_memmove_65b.c	58
/home/swlab-jueon/swvul/tools/java-vuln-detection/slicing/output/CPG/c/cwe194_cpg/cwe194-327-cpg-resolved.bin	tc327_flow1	CWE194_Unexpected_Sign_Extension__fgets_memmove_66a.c	36	CWE194_Unexpected_Sign_Extension__fgets_memmove_66b.c	37
/home/swlab-jueon/swvul/tools/java-vuln-detection/slicing/output/CPG/c/cwe194_cpg/cwe194-327-cpg-resolved.bin	tc327_flow2	CWE194_Unexpected_Sign_Extension__fgets_memmove_66a.c	65	CWE194_Unexpected_Sign_Extension__fgets_memmove_66b.c	61
/home/swlab-jueon/swvul/tools/java-vuln-detection/slicing/output/CPG/c/cwe194_cpg/cwe194-328-cpg-resolved.bin	tc328_flow1	CWE194_Unexpected_Sign_Extension__fgets_memmove_67a.c	41	CWE194_Unexpected_Sign_Extension__fgets_memmove_67b.c	41
/home/swlab-jueon/swvul/tools/java-vuln-detection/slicing/output/CPG/c/cwe194_cpg/cwe194-328-cpg-resolved.bin	tc328_flow2	CWE194_Unexpected_Sign_Extension__fgets_memmove_67a.c	69	CWE194_Unexpected_Sign_Extension__fgets_memmove_67b.c	65
/home/swlab-jueon/swvul/tools/java-vuln-detection/slicing/output/CPG/c/cwe194_cpg/cwe194-329-cpg-resolved.bin	tc329_flow1	CWE194_Unexpected_Sign_Extension__fgets_memmove_68a.c	38	CWE194_Unexpected_Sign_Extension__fgets_memmove_68b.c	41
/home/swlab-jueon/swvul/tools/java-vuln-detection/slicing/output/CPG/c/cwe194_cpg/cwe194-329-cpg-resolved.bin	tc329_flow2	CWE194_Unexpected_Sign_Extension__fgets_memmove_68a.c	66	CWE194_Unexpected_Sign_Extension__fgets_memmove_68b.c	65
/home/swlab-jueon/swvul/tools/java-vuln-detection/slicing/output/CPG/c/cwe194_cpg/cwe194-330-cpg-resolved.bin	tc330_flow1	CWE194_Unexpected_Sign_Extension__fgets_memmove_72a.cpp	42	CWE194_Unexpected_Sign_Extension__fgets_memmove_72b.cpp	40
/home/swlab-jueon/swvul/tools/java-vuln-detection/slicing/output/CPG/c/cwe194_cpg/cwe194-330-cpg-resolved.bin	tc330_flow2	CWE194_Unexpected_Sign_Extension__fgets_memmove_72a.cpp	75	CWE194_Unexpected_Sign_Extension__fgets_memmove_72b.cpp	64
/home/swlab-jueon/swvul/tools/java-vuln-detection/slicing/output/CPG/c/cwe194_cpg/cwe194-331-cpg-resolved.bin	tc331_flow1	CWE194_Unexpected_Sign_Extension__fgets_memmove_73a.cpp	42	CWE194_Unexpected_Sign_Extension__fgets_memmove_73b.cpp	40
/home/swlab-jueon/swvul/tools/java-vuln-detection/slicing/output/CPG/c/cwe194_cpg/cwe194-331-cpg-resolved.bin	tc331_flow2	CWE194_Unexpected_Sign_Extension__fgets_memmove_73a.cpp	75	CWE194_Unexpected_Sign_Extension__fgets_memmove_73b.cpp	64
/home/swlab-jueon/swvul/tools/java-vuln-detection/slicing/output/CPG/c/cwe194_cpg/cwe194-332-cpg-resolved.bin	tc332_flow1	CWE194_Unexpected_Sign_Extension__fgets_memmove_74a.cpp	42	CWE194_Unexpected_Sign_Extension__fgets_memmove_74b.cpp	40
/home/swlab-jueon/swvul/tools/java-vuln-detection/slicing/output/CPG/c/cwe194_cpg/cwe194-332-cpg-resolved.bin	tc332_flow2	CWE194_Unexpected_Sign_Extension__fgets_memmove_74a.cpp	75	CWE194_Unexpected_Sign_Extension__fgets_memmove_74b.cpp	64
/home/swlab-jueon/swvul/tools/java-vuln-detection/slicing/output/CPG/c/cwe194_cpg/cwe194-333-cpg-resolved.bin	tc333_flow1	CWE194_Unexpected_Sign_Extension__fgets_memmove_81a.cpp	36	CWE194_Unexpected_Sign_Extension__fgets_memmove_81_bad.cpp	35
/home/swlab-jueon/swvul/tools/java-vuln-detection/slicing/output/CPG/c/cwe194_cpg/cwe194-333-cpg-resolved.bin	tc333_flow2	CWE194_Unexpected_Sign_Extension__fgets_memmove_81a.cpp	61	CWE194_Unexpected_Sign_Extension__fgets_memmove_81_goodG2B.cpp	35
/home/swlab-jueon/swvul/tools/java-vuln-detection/slicing/output/CPG/c/cwe194_cpg/cwe194-334-cpg-resolved.bin	tc334_flow1	CWE194_Unexpected_Sign_Extension__fgets_memmove_82a.cpp	36	CWE194_Unexpected_Sign_Extension__fgets_memmove_82_bad.cpp	35
/home/swlab-jueon/swvul/tools/java-vuln-detection/slicing/output/CPG/c/cwe194_cpg/cwe194-334-cpg-resolved.bin	tc334_flow2	CWE194_Unexpected_Sign_Extension__fgets_memmove_82a.cpp	62	CWE194_Unexpected_Sign_Extension__fgets_memmove_82_goodG2B.cpp	35
/home/swlab-jueon/swvul/tools/java-vuln-detection/slicing/output/CPG/c/cwe194_cpg/cwe194-335-cpg-resolved.bin	tc335_flow1	CWE194_Unexpected_Sign_Extension__fgets_memmove_83_bad.cpp	32	CWE194_Unexpected_Sign_Extension__fgets_memmove_83_bad.cpp	55
/home/swlab-jueon/swvul/tools/java-vuln-detection/slicing/output/CPG/c/cwe194_cpg/cwe194-335-cpg-resolved.bin	tc335_flow2	CWE194_Unexpected_Sign_Extension__fgets_memmove_83_goodG2B.cpp	27	CWE194_Unexpected_Sign_Extension__fgets_memmove_83_goodG2B.cpp	41
/home/swlab-jueon/swvul/tools/java-vuln-detection/slicing/output/CPG/c/cwe194_cpg/cwe194-336-cpg-resolved.bin	tc336_flow1	CWE194_Unexpected_Sign_Extension__fgets_memmove_84_bad.cpp	32	CWE194_Unexpected_Sign_Extension__fgets_memmove_84_bad.cpp	55
/home/swlab-jueon/swvul/tools/java-vuln-detection/slicing/output/CPG/c/cwe194_cpg/cwe194-336-cpg-resolved.bin	tc336_flow2	CWE194_Unexpected_Sign_Extension__fgets_memmove_84_goodG2B.cpp	27	CWE194_Unexpected_Sign_Extension__fgets_memmove_84_goodG2B.cpp	41
/home/swlab-jueon/swvul/tools/java-vuln-detection/slicing/output/CPG/c/cwe194_cpg/cwe194-337-cpg-resolved.bin	tc337_flow1	CWE194_Unexpected_Sign_Extension__fgets_strncpy_01.c	32	CWE194_Unexpected_Sign_Extension__fgets_strncpy_01.c	51
/home/swlab-jueon/swvul/tools/java-vuln-detection/slicing/output/CPG/c/cwe194_cpg/cwe194-337-cpg-resolved.bin	tc337_flow2	CWE194_Unexpected_Sign_Extension__fgets_strncpy_01.c	69	CWE194_Unexpected_Sign_Extension__fgets_strncpy_01.c	79
/home/swlab-jueon/swvul/tools/java-vuln-detection/slicing/output/CPG/c/cwe194_cpg/cwe194-338-cpg-resolved.bin	tc338_flow1	CWE194_Unexpected_Sign_Extension__fgets_strncpy_02.c	34	CWE194_Unexpected_Sign_Extension__fgets_strncpy_02.c	54
/home/swlab-jueon/swvul/tools/java-vuln-detection/slicing/output/CPG/c/cwe194_cpg/cwe194-338-cpg-resolved.bin	tc338_flow2	CWE194_Unexpected_Sign_Extension__fgets_strncpy_02.c	79	CWE194_Unexpected_Sign_Extension__fgets_strncpy_02.c	90
/home/swlab-jueon/swvul/tools/java-vuln-detection/slicing/output/CPG/c/cwe194_cpg/cwe194-338-cpg-resolved.bin	tc338_flow3	CWE194_Unexpected_Sign_Extension__fgets_strncpy_02.c	106	CWE194_Unexpected_Sign_Extension__fgets_strncpy_02.c	117
/home/swlab-jueon/swvul/tools/java-vuln-detection/slicing/output/CPG/c/cwe194_cpg/cwe194-339-cpg-resolved.bin	tc339_flow1	CWE194_Unexpected_Sign_Extension__fgets_strncpy_03.c	34	CWE194_Unexpected_Sign_Extension__fgets_strncpy_03.c	54
/home/swlab-jueon/swvul/tools/java-vuln-detection/slicing/output/CPG/c/cwe194_cpg/cwe194-339-cpg-resolved.bin	tc339_flow2	CWE194_Unexpected_Sign_Extension__fgets_strncpy_03.c	79	CWE194_Unexpected_Sign_Extension__fgets_strncpy_03.c	90
/home/swlab-jueon/swvul/tools/java-vuln-detection/slicing/output/CPG/c/cwe194_cpg/cwe194-339-cpg-resolved.bin	tc339_flow3	CWE194_Unexpected_Sign_Extension__fgets_strncpy_03.c	106	CWE194_Unexpected_Sign_Extension__fgets_strncpy_03.c	117
/home/swlab-jueon/swvul/tools/java-vuln-detection/slicing/output/CPG/c/cwe194_cpg/cwe194-340-cpg-resolved.bin	tc340_flow1	CWE194_Unexpected_Sign_Extension__fgets_strncpy_04.c	41	CWE194_Unexpected_Sign_Extension__fgets_strncpy_04.c	61
/home/swlab-jueon/swvul/tools/java-vuln-detection/slicing/output/CPG/c/cwe194_cpg/cwe194-340-cpg-resolved.bin	tc340_flow2	CWE194_Unexpected_Sign_Extension__fgets_strncpy_04.c	86	CWE194_Unexpected_Sign_Extension__fgets_strncpy_04.c	97
/home/swlab-jueon/swvul/tools/java-vuln-detection/slicing/output/CPG/c/cwe194_cpg/cwe194-340-cpg-resolved.bin	tc340_flow3	CWE194_Unexpected_Sign_Extension__fgets_strncpy_04.c	113	CWE194_Unexpected_Sign_Extension__fgets_strncpy_04.c	124
/home/swlab-jueon/swvul/tools/java-vuln-detection/slicing/output/CPG/c/cwe194_cpg/cwe194-341-cpg-resolved.bin	tc341_flow1	CWE194_Unexpected_Sign_Extension__fgets_strncpy_05.c	41	CWE194_Unexpected_Sign_Extension__fgets_strncpy_05.c	61
/home/swlab-jueon/swvul/tools/java-vuln-detection/slicing/output/CPG/c/cwe194_cpg/cwe194-341-cpg-resolved.bin	tc341_flow2	CWE194_Unexpected_Sign_Extension__fgets_strncpy_05.c	86	CWE194_Unexpected_Sign_Extension__fgets_strncpy_05.c	97
/home/swlab-jueon/swvul/tools/java-vuln-detection/slicing/output/CPG/c/cwe194_cpg/cwe194-341-cpg-resolved.bin	tc341_flow3	CWE194_Unexpected_Sign_Extension__fgets_strncpy_05.c	113	CWE194_Unexpected_Sign_Extension__fgets_strncpy_05.c	124
/home/swlab-jueon/swvul/tools/java-vuln-detection/slicing/output/CPG/c/cwe194_cpg/cwe194-342-cpg-resolved.bin	tc342_flow1	CWE194_Unexpected_Sign_Extension__fgets_strncpy_06.c	38	CWE194_Unexpected_Sign_Extension__fgets_strncpy_06.c	58
/home/swlab-jueon/swvul/tools/java-vuln-detection/slicing/output/CPG/c/cwe194_cpg/cwe194-342-cpg-resolved.bin	tc342_flow2	CWE194_Unexpected_Sign_Extension__fgets_strncpy_06.c	83	CWE194_Unexpected_Sign_Extension__fgets_strncpy_06.c	94
/home/swlab-jueon/swvul/tools/java-vuln-detection/slicing/output/CPG/c/cwe194_cpg/cwe194-342-cpg-resolved.bin	tc342_flow3	CWE194_Unexpected_Sign_Extension__fgets_strncpy_06.c	110	CWE194_Unexpected_Sign_Extension__fgets_strncpy_06.c	121
/home/swlab-jueon/swvul/tools/java-vuln-detection/slicing/output/CPG/c/cwe194_cpg/cwe194-343-cpg-resolved.bin	tc343_flow1	CWE194_Unexpected_Sign_Extension__fgets_strncpy_07.c	40	CWE194_Unexpected_Sign_Extension__fgets_strncpy_07.c	60
/home/swlab-jueon/swvul/tools/java-vuln-detection/slicing/output/CPG/c/cwe194_cpg/cwe194-343-cpg-resolved.bin	tc343_flow2	CWE194_Unexpected_Sign_Extension__fgets_strncpy_07.c	85	CWE194_Unexpected_Sign_Extension__fgets_strncpy_07.c	96
/home/swlab-jueon/swvul/tools/java-vuln-detection/slicing/output/CPG/c/cwe194_cpg/cwe194-343-cpg-resolved.bin	tc343_flow3	CWE194_Unexpected_Sign_Extension__fgets_strncpy_07.c	112	CWE194_Unexpected_Sign_Extension__fgets_strncpy_07.c	123
/home/swlab-jueon/swvul/tools/java-vuln-detection/slicing/output/CPG/c/cwe194_cpg/cwe194-344-cpg-resolved.bin	tc344_flow1	CWE194_Unexpected_Sign_Extension__fgets_strncpy_08.c	48	CWE194_Unexpected_Sign_Extension__fgets_strncpy_08.c	68
/home/swlab-jueon/swvul/tools/java-vuln-detection/slicing/output/CPG/c/cwe194_cpg/cwe194-344-cpg-resolved.bin	tc344_flow2	CWE194_Unexpected_Sign_Extension__fgets_strncpy_08.c	93	CWE194_Unexpected_Sign_Extension__fgets_strncpy_08.c	104
/home/swlab-jueon/swvul/tools/java-vuln-detection/slicing/output/CPG/c/cwe194_cpg/cwe194-344-cpg-resolved.bin	tc344_flow3	CWE194_Unexpected_Sign_Extension__fgets_strncpy_08.c	120	CWE194_Unexpected_Sign_Extension__fgets_strncpy_08.c	131
/home/swlab-jueon/swvul/tools/java-vuln-detection/slicing/output/CPG/c/cwe194_cpg/cwe194-345-cpg-resolved.bin	tc345_flow1	CWE194_Unexpected_Sign_Extension__fgets_strncpy_09.c	34	CWE194_Unexpected_Sign_Extension__fgets_strncpy_09.c	54
/home/swlab-jueon/swvul/tools/java-vuln-detection/slicing/output/CPG/c/cwe194_cpg/cwe194-345-cpg-resolved.bin	tc345_flow2	CWE194_Unexpected_Sign_Extension__fgets_strncpy_09.c	79	CWE194_Unexpected_Sign_Extension__fgets_strncpy_09.c	90
/home/swlab-jueon/swvul/tools/java-vuln-detection/slicing/output/CPG/c/cwe194_cpg/cwe194-345-cpg-resolved.bin	tc345_flow3	CWE194_Unexpected_Sign_Extension__fgets_strncpy_09.c	106	CWE194_Unexpected_Sign_Extension__fgets_strncpy_09.c	117
/home/swlab-jueon/swvul/tools/java-vuln-detection/slicing/output/CPG/c/cwe194_cpg/cwe194-346-cpg-resolved.bin	tc346_flow1	CWE194_Unexpected_Sign_Extension__fgets_strncpy_10.c	34	CWE194_Unexpected_Sign_Extension__fgets_strncpy_10.c	54
/home/swlab-jueon/swvul/tools/java-vuln-detection/slicing/output/CPG/c/cwe194_cpg/cwe194-346-cpg-resolved.bin	tc346_flow2	CWE194_Unexpected_Sign_Extension__fgets_strncpy_10.c	79	CWE194_Unexpected_Sign_Extension__fgets_strncpy_10.c	90
/home/swlab-jueon/swvul/tools/java-vuln-detection/slicing/output/CPG/c/cwe194_cpg/cwe194-346-cpg-resolved.bin	tc346_flow3	CWE194_Unexpected_Sign_Extension__fgets_strncpy_10.c	106	CWE194_Unexpected_Sign_Extension__fgets_strncpy_10.c	117
/home/swlab-jueon/swvul/tools/java-vuln-detection/slicing/output/CPG/c/cwe194_cpg/cwe194-347-cpg-resolved.bin	tc347_flow1	CWE194_Unexpected_Sign_Extension__fgets_strncpy_11.c	34	CWE194_Unexpected_Sign_Extension__fgets_strncpy_11.c	54
/home/swlab-jueon/swvul/tools/java-vuln-detection/slicing/output/CPG/c/cwe194_cpg/cwe194-347-cpg-resolved.bin	tc347_flow2	CWE194_Unexpected_Sign_Extension__fgets_strncpy_11.c	79	CWE194_Unexpected_Sign_Extension__fgets_strncpy_11.c	90
/home/swlab-jueon/swvul/tools/java-vuln-detection/slicing/output/CPG/c/cwe194_cpg/cwe194-347-cpg-resolved.bin	tc347_flow3	CWE194_Unexpected_Sign_Extension__fgets_strncpy_11.c	106	CWE194_Unexpected_Sign_Extension__fgets_strncpy_11.c	117
/home/swlab-jueon/swvul/tools/java-vuln-detection/slicing/output/CPG/c/cwe194_cpg/cwe194-348-cpg-resolved.bin	tc348_flow1	CWE194_Unexpected_Sign_Extension__fgets_strncpy_12.c	34	CWE194_Unexpected_Sign_Extension__fgets_strncpy_12.c	59
/home/swlab-jueon/swvul/tools/java-vuln-detection/slicing/output/CPG/c/cwe194_cpg/cwe194-348-cpg-resolved.bin	tc348_flow2	CWE194_Unexpected_Sign_Extension__fgets_strncpy_12.c	80	CWE194_Unexpected_Sign_Extension__fgets_strncpy_12.c	96
/home/swlab-jueon/swvul/tools/java-vuln-detection/slicing/output/CPG/c/cwe194_cpg/cwe194-349-cpg-resolved.bin	tc349_flow1	CWE194_Unexpected_Sign_Extension__fgets_strncpy_13.c	34	CWE194_Unexpected_Sign_Extension__fgets_strncpy_13.c	54
/home/swlab-jueon/swvul/tools/java-vuln-detection/slicing/output/CPG/c/cwe194_cpg/cwe194-349-cpg-resolved.bin	tc349_flow2	CWE194_Unexpected_Sign_Extension__fgets_strncpy_13.c	79	CWE194_Unexpected_Sign_Extension__fgets_strncpy_13.c	90
/home/swlab-jueon/swvul/tools/java-vuln-detection/slicing/output/CPG/c/cwe194_cpg/cwe194-349-cpg-resolved.bin	tc349_flow3	CWE194_Unexpected_Sign_Extension__fgets_strncpy_13.c	106	CWE194_Unexpected_Sign_Extension__fgets_strncpy_13.c	117
/home/swlab-jueon/swvul/tools/java-vuln-detection/slicing/output/CPG/c/cwe194_cpg/cwe194-350-cpg-resolved.bin	tc350_flow1	CWE194_Unexpected_Sign_Extension__fgets_strncpy_14.c	34	CWE194_Unexpected_Sign_Extension__fgets_strncpy_14.c	54
/home/swlab-jueon/swvul/tools/java-vuln-detection/slicing/output/CPG/c/cwe194_cpg/cwe194-350-cpg-resolved.bin	tc350_flow2	CWE194_Unexpected_Sign_Extension__fgets_strncpy_14.c	79	CWE194_Unexpected_Sign_Extension__fgets_strncpy_14.c	90
/home/swlab-jueon/swvul/tools/java-vuln-detection/slicing/output/CPG/c/cwe194_cpg/cwe194-350-cpg-resolved.bin	tc350_flow3	CWE194_Unexpected_Sign_Extension__fgets_strncpy_14.c	106	CWE194_Unexpected_Sign_Extension__fgets_strncpy_14.c	117
/home/swlab-jueon/swvul/tools/java-vuln-detection/slicing/output/CPG/c/cwe194_cpg/cwe194-351-cpg-resolved.bin	tc351_flow1	CWE194_Unexpected_Sign_Extension__fgets_strncpy_15.c	35	CWE194_Unexpected_Sign_Extension__fgets_strncpy_15.c	60
/home/swlab-jueon/swvul/tools/java-vuln-detection/slicing/output/CPG/c/cwe194_cpg/cwe194-351-cpg-resolved.bin	tc351_flow2	CWE194_Unexpected_Sign_Extension__fgets_strncpy_15.c	85	CWE194_Unexpected_Sign_Extension__fgets_strncpy_15.c	97
/home/swlab-jueon/swvul/tools/java-vuln-detection/slicing/output/CPG/c/cwe194_cpg/cwe194-351-cpg-resolved.bin	tc351_flow3	CWE194_Unexpected_Sign_Extension__fgets_strncpy_15.c	114	CWE194_Unexpected_Sign_Extension__fgets_strncpy_15.c	130
/home/swlab-jueon/swvul/tools/java-vuln-detection/slicing/output/CPG/c/cwe194_cpg/cwe194-352-cpg-resolved.bin	tc352_flow1	CWE194_Unexpected_Sign_Extension__fgets_strncpy_16.c	34	CWE194_Unexpected_Sign_Extension__fgets_strncpy_16.c	55
/home/swlab-jueon/swvul/tools/java-vuln-detection/slicing/output/CPG/c/cwe194_cpg/cwe194-352-cpg-resolved.bin	tc352_flow2	CWE194_Unexpected_Sign_Extension__fgets_strncpy_16.c	75	CWE194_Unexpected_Sign_Extension__fgets_strncpy_16.c	87
/home/swlab-jueon/swvul/tools/java-vuln-detection/slicing/output/CPG/c/cwe194_cpg/cwe194-353-cpg-resolved.bin	tc353_flow1	CWE194_Unexpected_Sign_Extension__fgets_strncpy_17.c	35	CWE194_Unexpected_Sign_Extension__fgets_strncpy_17.c	55
/home/swlab-jueon/swvul/tools/java-vuln-detection/slicing/output/CPG/c/cwe194_cpg/cwe194-353-cpg-resolved.bin	tc353_flow2	CWE194_Unexpected_Sign_Extension__fgets_strncpy_17.c	76	CWE194_Unexpected_Sign_Extension__fgets_strncpy_17.c	87
/home/swlab-jueon/swvul/tools/java-vuln-detection/slicing/output/CPG/c/cwe194_cpg/cwe194-354-cpg-resolved.bin	tc354_flow1	CWE194_Unexpected_Sign_Extension__fgets_strncpy_18.c	34	CWE194_Unexpected_Sign_Extension__fgets_strncpy_18.c	53
/home/swlab-jueon/swvul/tools/java-vuln-detection/slicing/output/CPG/c/cwe194_cpg/cwe194-354-cpg-resolved.bin	tc354_flow2	CWE194_Unexpected_Sign_Extension__fgets_strncpy_18.c	73	CWE194_Unexpected_Sign_Extension__fgets_strncpy_18.c	83
/home/swlab-jueon/swvul/tools/java-vuln-detection/slicing/output/CPG/c/cwe194_cpg/cwe194-355-cpg-resolved.bin	tc355_flow1	CWE194_Unexpected_Sign_Extension__fgets_strncpy_21.c	34	CWE194_Unexpected_Sign_Extension__fgets_strncpy_21.c	64
/home/swlab-jueon/swvul/tools/java-vuln-detection/slicing/output/CPG/c/cwe194_cpg/cwe194-355-cpg-resolved.bin	tc355_flow2	CWE194_Unexpected_Sign_Extension__fgets_strncpy_21.c	90	CWE194_Unexpected_Sign_Extension__fgets_strncpy_21.c	111
/home/swlab-jueon/swvul/tools/java-vuln-detection/slicing/output/CPG/c/cwe194_cpg/cwe194-355-cpg-resolved.bin	tc355_flow3	CWE194_Unexpected_Sign_Extension__fgets_strncpy_21.c	124	CWE194_Unexpected_Sign_Extension__fgets_strncpy_21.c	145
/home/swlab-jueon/swvul/tools/java-vuln-detection/slicing/output/CPG/c/cwe194_cpg/cwe194-356-cpg-resolved.bin	tc356_flow1	CWE194_Unexpected_Sign_Extension__fgets_strncpy_22b.c	34	CWE194_Unexpected_Sign_Extension__fgets_strncpy_22a.c	42
/home/swlab-jueon/swvul/tools/java-vuln-detection/slicing/output/CPG/c/cwe194_cpg/cwe194-356-cpg-resolved.bin	tc356_flow2	CWE194_Unexpected_Sign_Extension__fgets_strncpy_22b.c	67	CWE194_Unexpected_Sign_Extension__fgets_strncpy_22a.c	76
/home/swlab-jueon/swvul/tools/java-vuln-detection/slicing/output/CPG/c/cwe194_cpg/cwe194-356-cpg-resolved.bin	tc356_flow3	CWE194_Unexpected_Sign_Extension__fgets_strncpy_22b.c	78	CWE194_Unexpected_Sign_Extension__fgets_strncpy_22a.c	102
/home/swlab-jueon/swvul/tools/java-vuln-detection/slicing/output/CPG/c/cwe194_cpg/cwe194-357-cpg-resolved.bin	tc357_flow1	CWE194_Unexpected_Sign_Extension__fgets_strncpy_31.c	32	CWE194_Unexpected_Sign_Extension__fgets_strncpy_31.c	54
/home/swlab-jueon/swvul/tools/java-vuln-detection/slicing/output/CPG/c/cwe194_cpg/cwe194-357-cpg-resolved.bin	tc357_flow2	CWE194_Unexpected_Sign_Extension__fgets_strncpy_31.c	73	CWE194_Unexpected_Sign_Extension__fgets_strncpy_31.c	86
/home/swlab-jueon/swvul/tools/java-vuln-detection/slicing/output/CPG/c/cwe194_cpg/cwe194-358-cpg-resolved.bin	tc358_flow1	CWE194_Unexpected_Sign_Extension__fgets_strncpy_32.c	36	CWE194_Unexpected_Sign_Extension__fgets_strncpy_32.c	59
/home/swlab-jueon/swvul/tools/java-vuln-detection/slicing/output/CPG/c/cwe194_cpg/cwe194-358-cpg-resolved.bin	tc358_flow2	CWE194_Unexpected_Sign_Extension__fgets_strncpy_32.c	82	CWE194_Unexpected_Sign_Extension__fgets_strncpy_32.c	96
/home/swlab-jueon/swvul/tools/java-vuln-detection/slicing/output/CPG/c/cwe194_cpg/cwe194-359-cpg-resolved.bin	tc359_flow1	CWE194_Unexpected_Sign_Extension__fgets_strncpy_33.cpp	36	CWE194_Unexpected_Sign_Extension__fgets_strncpy_33.cpp	57
/home/swlab-jueon/swvul/tools/java-vuln-detection/slicing/output/CPG/c/cwe194_cpg/cwe194-359-cpg-resolved.bin	tc359_flow2	CWE194_Unexpected_Sign_Extension__fgets_strncpy_33.cpp	77	CWE194_Unexpected_Sign_Extension__fgets_strncpy_33.cpp	89
/home/swlab-jueon/swvul/tools/java-vuln-detection/slicing/output/CPG/c/cwe194_cpg/cwe194-360-cpg-resolved.bin	tc360_flow1	CWE194_Unexpected_Sign_Extension__fgets_strncpy_34.c	39	CWE194_Unexpected_Sign_Extension__fgets_strncpy_34.c	61
/home/swlab-jueon/swvul/tools/java-vuln-detection/slicing/output/CPG/c/cwe194_cpg/cwe194-360-cpg-resolved.bin	tc360_flow2	CWE194_Unexpected_Sign_Extension__fgets_strncpy_34.c	81	CWE194_Unexpected_Sign_Extension__fgets_strncpy_34.c	94
/home/swlab-jueon/swvul/tools/java-vuln-detection/slicing/output/CPG/c/cwe194_cpg/cwe194-361-cpg-resolved.bin	tc361_flow1	CWE194_Unexpected_Sign_Extension__fgets_strncpy_41.c	50	CWE194_Unexpected_Sign_Extension__fgets_strncpy_41.c	35
/home/swlab-jueon/swvul/tools/java-vuln-detection/slicing/output/CPG/c/cwe194_cpg/cwe194-361-cpg-resolved.bin	tc361_flow2	CWE194_Unexpected_Sign_Extension__fgets_strncpy_41.c	92	CWE194_Unexpected_Sign_Extension__fgets_strncpy_41.c	78
/home/swlab-jueon/swvul/tools/java-vuln-detection/slicing/output/CPG/c/cwe194_cpg/cwe194-362-cpg-resolved.bin	tc362_flow1	CWE194_Unexpected_Sign_Extension__fgets_strncpy_42.c	29	CWE194_Unexpected_Sign_Extension__fgets_strncpy_42.c	57
/home/swlab-jueon/swvul/tools/java-vuln-detection/slicing/output/CPG/c/cwe194_cpg/cwe194-362-cpg-resolved.bin	tc362_flow2	CWE194_Unexpected_Sign_Extension__fgets_strncpy_42.c	71	CWE194_Unexpected_Sign_Extension__fgets_strncpy_42.c	91
/home/swlab-jueon/swvul/tools/java-vuln-detection/slicing/output/CPG/c/cwe194_cpg/cwe194-363-cpg-resolved.bin	tc363_flow1	CWE194_Unexpected_Sign_Extension__fgets_strncpy_43.cpp	32	CWE194_Unexpected_Sign_Extension__fgets_strncpy_43.cpp	59
/home/swlab-jueon/swvul/tools/java-vuln-detection/slicing/output/CPG/c/cwe194_cpg/cwe194-363-cpg-resolved.bin	tc363_flow2	CWE194_Unexpected_Sign_Extension__fgets_strncpy_43.cpp	74	CWE194_Unexpected_Sign_Extension__fgets_strncpy_43.cpp	92
/home/swlab-jueon/swvul/tools/java-vuln-detection/slicing/output/CPG/c/cwe194_cpg/cwe194-364-cpg-resolved.bin	tc364_flow1	CWE194_Unexpected_Sign_Extension__fgets_strncpy_44.c	52	CWE194_Unexpected_Sign_Extension__fgets_strncpy_44.c	35
/home/swlab-jueon/swvul/tools/java-vuln-detection/slicing/output/CPG/c/cwe194_cpg/cwe194-364-cpg-resolved.bin	tc364_flow2	CWE194_Unexpected_Sign_Extension__fgets_strncpy_44.c	96	CWE194_Unexpected_Sign_Extension__fgets_strncpy_44.c	82
/home/swlab-jueon/swvul/tools/java-vuln-detection/slicing/output/CPG/c/cwe194_cpg/cwe194-365-cpg-resolved.bin	tc365_flow1	CWE194_Unexpected_Sign_Extension__fgets_strncpy_45.c	54	CWE194_Unexpected_Sign_Extension__fgets_strncpy_45.c	39
/home/swlab-jueon/swvul/tools/java-vuln-detection/slicing/output/CPG/c/cwe194_cpg/cwe194-365-cpg-resolved.bin	tc365_flow2	CWE194_Unexpected_Sign_Extension__fgets_strncpy_45.c	98	CWE194_Unexpected_Sign_Extension__fgets_strncpy_45.c	85
/home/swlab-jueon/swvul/tools/java-vuln-detection/slicing/output/CPG/c/cwe194_cpg/cwe194-366-cpg-resolved.bin	tc366_flow1	CWE194_Unexpected_Sign_Extension__fgets_strncpy_51a.c	35	CWE194_Unexpected_Sign_Extension__fgets_strncpy_51b.c	37
/home/swlab-jueon/swvul/tools/java-vuln-detection/slicing/output/CPG/c/cwe194_cpg/cwe194-366-cpg-resolved.bin	tc366_flow2	CWE194_Unexpected_Sign_Extension__fgets_strncpy_51a.c	62	CWE194_Unexpected_Sign_Extension__fgets_strncpy_51b.c	60
/home/swlab-jueon/swvul/tools/java-vuln-detection/slicing/output/CPG/c/cwe194_cpg/cwe194-367-cpg-resolved.bin	tc367_flow1	CWE194_Unexpected_Sign_Extension__fgets_strncpy_52a.c	35	CWE194_Unexpected_Sign_Extension__fgets_strncpy_52c.c	37
/home/swlab-jueon/swvul/tools/java-vuln-detection/slicing/output/CPG/c/cwe194_cpg/cwe194-367-cpg-resolved.bin	tc367_flow2	CWE194_Unexpected_Sign_Extension__fgets_strncpy_52a.c	62	CWE194_Unexpected_Sign_Extension__fgets_strncpy_52c.c	60
/home/swlab-jueon/swvul/tools/java-vuln-detection/slicing/output/CPG/c/cwe194_cpg/cwe194-368-cpg-resolved.bin	tc368_flow1	CWE194_Unexpected_Sign_Extension__fgets_strncpy_53a.c	35	CWE194_Unexpected_Sign_Extension__fgets_strncpy_53d.c	37
/home/swlab-jueon/swvul/tools/java-vuln-detection/slicing/output/CPG/c/cwe194_cpg/cwe194-368-cpg-resolved.bin	tc368_flow2	CWE194_Unexpected_Sign_Extension__fgets_strncpy_53a.c	62	CWE194_Unexpected_Sign_Extension__fgets_strncpy_53d.c	60
/home/swlab-jueon/swvul/tools/java-vuln-detection/slicing/output/CPG/c/cwe194_cpg/cwe194-369-cpg-resolved.bin	tc369_flow1	CWE194_Unexpected_Sign_Extension__fgets_strncpy_54a.c	35	CWE194_Unexpected_Sign_Extension__fgets_strncpy_54e.c	37
/home/swlab-jueon/swvul/tools/java-vuln-detection/slicing/output/CPG/c/cwe194_cpg/cwe194-369-cpg-resolved.bin	tc369_flow2	CWE194_Unexpected_Sign_Extension__fgets_strncpy_54a.c	62	CWE194_Unexpected_Sign_Extension__fgets_strncpy_54e.c	60
/home/swlab-jueon/swvul/tools/java-vuln-detection/slicing/output/CPG/c/cwe194_cpg/cwe194-370-cpg-resolved.bin	tc370_flow1	CWE194_Unexpected_Sign_Extension__fgets_strncpy_61b.c	29	CWE194_Unexpected_Sign_Extension__fgets_strncpy_61a.c	42
/home/swlab-jueon/swvul/tools/java-vuln-detection/slicing/output/CPG/c/cwe194_cpg/cwe194-370-cpg-resolved.bin	tc370_flow2	CWE194_Unexpected_Sign_Extension__fgets_strncpy_61b.c	50	CWE194_Unexpected_Sign_Extension__fgets_strncpy_61a.c	71
/home/swlab-jueon/swvul/tools/java-vuln-detection/slicing/output/CPG/c/cwe194_cpg/cwe194-371-cpg-resolved.bin	tc371_flow1	CWE194_Unexpected_Sign_Extension__fgets_strncpy_62b.cpp	32	CWE194_Unexpected_Sign_Extension__fgets_strncpy_62a.cpp	42
/home/swlab-jueon/swvul/tools/java-vuln-detection/slicing/output/CPG/c/cwe194_cpg/cwe194-371-cpg-resolved.bin	tc371_flow2	CWE194_Unexpected_Sign_Extension__fgets_strncpy_62b.cpp	52	CWE194_Unexpected_Sign_Extension__fgets_strncpy_62a.cpp	71
/home/swlab-jueon/swvul/tools/java-vuln-detection/slicing/output/CPG/c/cwe194_cpg/cwe194-372-cpg-resolved.bin	tc372_flow1	CWE194_Unexpected_Sign_Extension__fgets_strncpy_63a.c	35	CWE194_Unexpected_Sign_Extension__fgets_strncpy_63b.c	36
/home/swlab-jueon/swvul/tools/java-vuln-detection/slicing/output/CPG/c/cwe194_cpg/cwe194-372-cpg-resolved.bin	tc372_flow2	CWE194_Unexpected_Sign_Extension__fgets_strncpy_63a.c	61	CWE194_Unexpected_Sign_Extension__fgets_strncpy_63b.c	60
/home/swlab-jueon/swvul/tools/java-vuln-detection/slicing/output/CPG/c/cwe194_cpg/cwe194-373-cpg-resolved.bin	tc373_flow1	CWE194_Unexpected_Sign_Extension__fgets_strncpy_64a.c	35	CWE194_Unexpected_Sign_Extension__fgets_strncpy_64b.c	39
/home/swlab-jueon/swvul/tools/java-vuln-detection/slicing/output/CPG/c/cwe194_cpg/cwe194-373-cpg-resolved.bin	tc373_flow2	CWE194_Unexpected_Sign_Extension__fgets_strncpy_64a.c	61	CWE194_Unexpected_Sign_Extension__fgets_strncpy_64b.c	66
/home/swlab-jueon/swvul/tools/java-vuln-detection/slicing/output/CPG/c/cwe194_cpg/cwe194-374-cpg-resolved.bin	tc374_flow1	CWE194_Unexpected_Sign_Extension__fgets_strncpy_65a.c	37	CWE194_Unexpected_Sign_Extension__fgets_strncpy_65b.c	35
/home/swlab-jueon/swvul/tools/java-vuln-detection/slicing/output/CPG/c/cwe194_cpg/cwe194-374-cpg-resolved.bin	tc374_flow2	CWE194_Unexpected_Sign_Extension__fgets_strncpy_65a.c	65	CWE194_Unexpected_Sign_Extension__fgets_strncpy_65b.c	58
/home/swlab-jueon/swvul/tools/java-vuln-detection/slicing/output/CPG/c/cwe194_cpg/cwe194-375-cpg-resolved.bin	tc375_flow1	CWE194_Unexpected_Sign_Extension__fgets_strncpy_66a.c	36	CWE194_Unexpected_Sign_Extension__fgets_strncpy_66b.c	37
/home/swlab-jueon/swvul/tools/java-vuln-detection/slicing/output/CPG/c/cwe194_cpg/cwe194-375-cpg-resolved.bin	tc375_flow2	CWE194_Unexpected_Sign_Extension__fgets_strncpy_66a.c	65	CWE194_Unexpected_Sign_Extension__fgets_strncpy_66b.c	61
/home/swlab-jueon/swvul/tools/java-vuln-detection/slicing/output/CPG/c/cwe194_cpg/cwe194-376-cpg-resolved.bin	tc376_flow1	CWE194_Unexpected_Sign_Extension__fgets_strncpy_67a.c	41	CWE194_Unexpected_Sign_Extension__fgets_strncpy_67b.c	41
/home/swlab-jueon/swvul/tools/java-vuln-detection/slicing/output/CPG/c/cwe194_cpg/cwe194-376-cpg-resolved.bin	tc376_flow2	CWE194_Unexpected_Sign_Extension__fgets_strncpy_67a.c	69	CWE194_Unexpected_Sign_Extension__fgets_strncpy_67b.c	65
/home/swlab-jueon/swvul/tools/java-vuln-detection/slicing/output/CPG/c/cwe194_cpg/cwe194-377-cpg-resolved.bin	tc377_flow1	CWE194_Unexpected_Sign_Extension__fgets_strncpy_68a.c	38	CWE194_Unexpected_Sign_Extension__fgets_strncpy_68b.c	41
/home/swlab-jueon/swvul/tools/java-vuln-detection/slicing/output/CPG/c/cwe194_cpg/cwe194-377-cpg-resolved.bin	tc377_flow2	CWE194_Unexpected_Sign_Extension__fgets_strncpy_68a.c	66	CWE194_Unexpected_Sign_Extension__fgets_strncpy_68b.c	65
/home/swlab-jueon/swvul/tools/java-vuln-detection/slicing/output/CPG/c/cwe194_cpg/cwe194-378-cpg-resolved.bin	tc378_flow1	CWE194_Unexpected_Sign_Extension__fgets_strncpy_72a.cpp	42	CWE194_Unexpected_Sign_Extension__fgets_strncpy_72b.cpp	40
/home/swlab-jueon/swvul/tools/java-vuln-detection/slicing/output/CPG/c/cwe194_cpg/cwe194-378-cpg-resolved.bin	tc378_flow2	CWE194_Unexpected_Sign_Extension__fgets_strncpy_72a.cpp	75	CWE194_Unexpected_Sign_Extension__fgets_strncpy_72b.cpp	64
/home/swlab-jueon/swvul/tools/java-vuln-detection/slicing/output/CPG/c/cwe194_cpg/cwe194-379-cpg-resolved.bin	tc379_flow1	CWE194_Unexpected_Sign_Extension__fgets_strncpy_73a.cpp	42	CWE194_Unexpected_Sign_Extension__fgets_strncpy_73b.cpp	40
/home/swlab-jueon/swvul/tools/java-vuln-detection/slicing/output/CPG/c/cwe194_cpg/cwe194-379-cpg-resolved.bin	tc379_flow2	CWE194_Unexpected_Sign_Extension__fgets_strncpy_73a.cpp	75	CWE194_Unexpected_Sign_Extension__fgets_strncpy_73b.cpp	64
/home/swlab-jueon/swvul/tools/java-vuln-detection/slicing/output/CPG/c/cwe194_cpg/cwe194-380-cpg-resolved.bin	tc380_flow1	CWE194_Unexpected_Sign_Extension__fgets_strncpy_74a.cpp	42	CWE194_Unexpected_Sign_Extension__fgets_strncpy_74b.cpp	40
/home/swlab-jueon/swvul/tools/java-vuln-detection/slicing/output/CPG/c/cwe194_cpg/cwe194-380-cpg-resolved.bin	tc380_flow2	CWE194_Unexpected_Sign_Extension__fgets_strncpy_74a.cpp	75	CWE194_Unexpected_Sign_Extension__fgets_strncpy_74b.cpp	64
/home/swlab-jueon/swvul/tools/java-vuln-detection/slicing/output/CPG/c/cwe194_cpg/cwe194-381-cpg-resolved.bin	tc381_flow1	CWE194_Unexpected_Sign_Extension__fgets_strncpy_81a.cpp	36	CWE194_Unexpected_Sign_Extension__fgets_strncpy_81_bad.cpp	35
/home/swlab-jueon/swvul/tools/java-vuln-detection/slicing/output/CPG/c/cwe194_cpg/cwe194-381-cpg-resolved.bin	tc381_flow2	CWE194_Unexpected_Sign_Extension__fgets_strncpy_81a.cpp	61	CWE194_Unexpected_Sign_Extension__fgets_strncpy_81_goodG2B.cpp	35
/home/swlab-jueon/swvul/tools/java-vuln-detection/slicing/output/CPG/c/cwe194_cpg/cwe194-382-cpg-resolved.bin	tc382_flow1	CWE194_Unexpected_Sign_Extension__fgets_strncpy_82a.cpp	36	CWE194_Unexpected_Sign_Extension__fgets_strncpy_82_bad.cpp	35
/home/swlab-jueon/swvul/tools/java-vuln-detection/slicing/output/CPG/c/cwe194_cpg/cwe194-382-cpg-resolved.bin	tc382_flow2	CWE194_Unexpected_Sign_Extension__fgets_strncpy_82a.cpp	62	CWE194_Unexpected_Sign_Extension__fgets_strncpy_82_goodG2B.cpp	35
/home/swlab-jueon/swvul/tools/java-vuln-detection/slicing/output/CPG/c/cwe194_cpg/cwe194-383-cpg-resolved.bin	tc383_flow1	CWE194_Unexpected_Sign_Extension__fgets_strncpy_83_bad.cpp	32	CWE194_Unexpected_Sign_Extension__fgets_strncpy_83_bad.cpp	55
/home/swlab-jueon/swvul/tools/java-vuln-detection/slicing/output/CPG/c/cwe194_cpg/cwe194-383-cpg-resolved.bin	tc383_flow2	CWE194_Unexpected_Sign_Extension__fgets_strncpy_83_goodG2B.cpp	27	CWE194_Unexpected_Sign_Extension__fgets_strncpy_83_goodG2B.cpp	41
/home/swlab-jueon/swvul/tools/java-vuln-detection/slicing/output/CPG/c/cwe194_cpg/cwe194-384-cpg-resolved.bin	tc384_flow1	CWE194_Unexpected_Sign_Extension__fgets_strncpy_84_bad.cpp	32	CWE194_Unexpected_Sign_Extension__fgets_strncpy_84_bad.cpp	55
/home/swlab-jueon/swvul/tools/java-vuln-detection/slicing/output/CPG/c/cwe194_cpg/cwe194-384-cpg-resolved.bin	tc384_flow2	CWE194_Unexpected_Sign_Extension__fgets_strncpy_84_goodG2B.cpp	27	CWE194_Unexpected_Sign_Extension__fgets_strncpy_84_goodG2B.cpp	41
/home/swlab-jueon/swvul/tools/java-vuln-detection/slicing/output/CPG/c/cwe194_cpg/cwe194-385-cpg-resolved.bin	tc385_flow1	CWE194_Unexpected_Sign_Extension__fscanf_malloc_01.c	27	CWE194_Unexpected_Sign_Extension__fscanf_malloc_01.c	33
/home/swlab-jueon/swvul/tools/java-vuln-detection/slicing/output/CPG/c/cwe194_cpg/cwe194-385-cpg-resolved.bin	tc385_flow2	CWE194_Unexpected_Sign_Extension__fscanf_malloc_01.c	54	CWE194_Unexpected_Sign_Extension__fscanf_malloc_01.c	60
/home/swlab-jueon/swvul/tools/java-vuln-detection/slicing/output/CPG/c/cwe194_cpg/cwe194-386-cpg-resolved.bin	tc386_flow1	CWE194_Unexpected_Sign_Extension__fscanf_malloc_02.c	29	CWE194_Unexpected_Sign_Extension__fscanf_malloc_02.c	36
/home/swlab-jueon/swvul/tools/java-vuln-detection/slicing/output/CPG/c/cwe194_cpg/cwe194-386-cpg-resolved.bin	tc386_flow2	CWE194_Unexpected_Sign_Extension__fscanf_malloc_02.c	64	CWE194_Unexpected_Sign_Extension__fscanf_malloc_02.c	71
/home/swlab-jueon/swvul/tools/java-vuln-detection/slicing/output/CPG/c/cwe194_cpg/cwe194-386-cpg-resolved.bin	tc386_flow3	CWE194_Unexpected_Sign_Extension__fscanf_malloc_02.c	90	CWE194_Unexpected_Sign_Extension__fscanf_malloc_02.c	97
/home/swlab-jueon/swvul/tools/java-vuln-detection/slicing/output/CPG/c/cwe194_cpg/cwe194-387-cpg-resolved.bin	tc387_flow1	CWE194_Unexpected_Sign_Extension__fscanf_malloc_03.c	29	CWE194_Unexpected_Sign_Extension__fscanf_malloc_03.c	36
/home/swlab-jueon/swvul/tools/java-vuln-detection/slicing/output/CPG/c/cwe194_cpg/cwe194-387-cpg-resolved.bin	tc387_flow2	CWE194_Unexpected_Sign_Extension__fscanf_malloc_03.c	64	CWE194_Unexpected_Sign_Extension__fscanf_malloc_03.c	71
/home/swlab-jueon/swvul/tools/java-vuln-detection/slicing/output/CPG/c/cwe194_cpg/cwe194-387-cpg-resolved.bin	tc387_flow3	CWE194_Unexpected_Sign_Extension__fscanf_malloc_03.c	90	CWE194_Unexpected_Sign_Extension__fscanf_malloc_03.c	97
/home/swlab-jueon/swvul/tools/java-vuln-detection/slicing/output/CPG/c/cwe194_cpg/cwe194-388-cpg-resolved.bin	tc388_flow1	CWE194_Unexpected_Sign_Extension__fscanf_malloc_04.c	36	CWE194_Unexpected_Sign_Extension__fscanf_malloc_04.c	43
/home/swlab-jueon/swvul/tools/java-vuln-detection/slicing/output/CPG/c/cwe194_cpg/cwe194-388-cpg-resolved.bin	tc388_flow2	CWE194_Unexpected_Sign_Extension__fscanf_malloc_04.c	71	CWE194_Unexpected_Sign_Extension__fscanf_malloc_04.c	78
/home/swlab-jueon/swvul/tools/java-vuln-detection/slicing/output/CPG/c/cwe194_cpg/cwe194-388-cpg-resolved.bin	tc388_flow3	CWE194_Unexpected_Sign_Extension__fscanf_malloc_04.c	97	CWE194_Unexpected_Sign_Extension__fscanf_malloc_04.c	104
/home/swlab-jueon/swvul/tools/java-vuln-detection/slicing/output/CPG/c/cwe194_cpg/cwe194-389-cpg-resolved.bin	tc389_flow1	CWE194_Unexpected_Sign_Extension__fscanf_malloc_05.c	36	CWE194_Unexpected_Sign_Extension__fscanf_malloc_05.c	43
/home/swlab-jueon/swvul/tools/java-vuln-detection/slicing/output/CPG/c/cwe194_cpg/cwe194-389-cpg-resolved.bin	tc389_flow2	CWE194_Unexpected_Sign_Extension__fscanf_malloc_05.c	71	CWE194_Unexpected_Sign_Extension__fscanf_malloc_05.c	78
/home/swlab-jueon/swvul/tools/java-vuln-detection/slicing/output/CPG/c/cwe194_cpg/cwe194-389-cpg-resolved.bin	tc389_flow3	CWE194_Unexpected_Sign_Extension__fscanf_malloc_05.c	97	CWE194_Unexpected_Sign_Extension__fscanf_malloc_05.c	104
/home/swlab-jueon/swvul/tools/java-vuln-detection/slicing/output/CPG/c/cwe194_cpg/cwe194-390-cpg-resolved.bin	tc390_flow1	CWE194_Unexpected_Sign_Extension__fscanf_malloc_06.c	33	CWE194_Unexpected_Sign_Extension__fscanf_malloc_06.c	40
/home/swlab-jueon/swvul/tools/java-vuln-detection/slicing/output/CPG/c/cwe194_cpg/cwe194-390-cpg-resolved.bin	tc390_flow2	CWE194_Unexpected_Sign_Extension__fscanf_malloc_06.c	68	CWE194_Unexpected_Sign_Extension__fscanf_malloc_06.c	75
/home/swlab-jueon/swvul/tools/java-vuln-detection/slicing/output/CPG/c/cwe194_cpg/cwe194-390-cpg-resolved.bin	tc390_flow3	CWE194_Unexpected_Sign_Extension__fscanf_malloc_06.c	94	CWE194_Unexpected_Sign_Extension__fscanf_malloc_06.c	101
/home/swlab-jueon/swvul/tools/java-vuln-detection/slicing/output/CPG/c/cwe194_cpg/cwe194-391-cpg-resolved.bin	tc391_flow1	CWE194_Unexpected_Sign_Extension__fscanf_malloc_07.c	35	CWE194_Unexpected_Sign_Extension__fscanf_malloc_07.c	42
/home/swlab-jueon/swvul/tools/java-vuln-detection/slicing/output/CPG/c/cwe194_cpg/cwe194-391-cpg-resolved.bin	tc391_flow2	CWE194_Unexpected_Sign_Extension__fscanf_malloc_07.c	70	CWE194_Unexpected_Sign_Extension__fscanf_malloc_07.c	77
/home/swlab-jueon/swvul/tools/java-vuln-detection/slicing/output/CPG/c/cwe194_cpg/cwe194-391-cpg-resolved.bin	tc391_flow3	CWE194_Unexpected_Sign_Extension__fscanf_malloc_07.c	96	CWE194_Unexpected_Sign_Extension__fscanf_malloc_07.c	103
/home/swlab-jueon/swvul/tools/java-vuln-detection/slicing/output/CPG/c/cwe194_cpg/cwe194-392-cpg-resolved.bin	tc392_flow1	CWE194_Unexpected_Sign_Extension__fscanf_malloc_08.c	43	CWE194_Unexpected_Sign_Extension__fscanf_malloc_08.c	50
/home/swlab-jueon/swvul/tools/java-vuln-detection/slicing/output/CPG/c/cwe194_cpg/cwe194-392-cpg-resolved.bin	tc392_flow2	CWE194_Unexpected_Sign_Extension__fscanf_malloc_08.c	78	CWE194_Unexpected_Sign_Extension__fscanf_malloc_08.c	85
/home/swlab-jueon/swvul/tools/java-vuln-detection/slicing/output/CPG/c/cwe194_cpg/cwe194-392-cpg-resolved.bin	tc392_flow3	CWE194_Unexpected_Sign_Extension__fscanf_malloc_08.c	104	CWE194_Unexpected_Sign_Extension__fscanf_malloc_08.c	111
/home/swlab-jueon/swvul/tools/java-vuln-detection/slicing/output/CPG/c/cwe194_cpg/cwe194-393-cpg-resolved.bin	tc393_flow1	CWE194_Unexpected_Sign_Extension__fscanf_malloc_09.c	29	CWE194_Unexpected_Sign_Extension__fscanf_malloc_09.c	36
/home/swlab-jueon/swvul/tools/java-vuln-detection/slicing/output/CPG/c/cwe194_cpg/cwe194-393-cpg-resolved.bin	tc393_flow2	CWE194_Unexpected_Sign_Extension__fscanf_malloc_09.c	64	CWE194_Unexpected_Sign_Extension__fscanf_malloc_09.c	71
/home/swlab-jueon/swvul/tools/java-vuln-detection/slicing/output/CPG/c/cwe194_cpg/cwe194-393-cpg-resolved.bin	tc393_flow3	CWE194_Unexpected_Sign_Extension__fscanf_malloc_09.c	90	CWE194_Unexpected_Sign_Extension__fscanf_malloc_09.c	97
/home/swlab-jueon/swvul/tools/java-vuln-detection/slicing/output/CPG/c/cwe194_cpg/cwe194-394-cpg-resolved.bin	tc394_flow1	CWE194_Unexpected_Sign_Extension__fscanf_malloc_10.c	29	CWE194_Unexpected_Sign_Extension__fscanf_malloc_10.c	36
/home/swlab-jueon/swvul/tools/java-vuln-detection/slicing/output/CPG/c/cwe194_cpg/cwe194-394-cpg-resolved.bin	tc394_flow2	CWE194_Unexpected_Sign_Extension__fscanf_malloc_10.c	64	CWE194_Unexpected_Sign_Extension__fscanf_malloc_10.c	71
/home/swlab-jueon/swvul/tools/java-vuln-detection/slicing/output/CPG/c/cwe194_cpg/cwe194-394-cpg-resolved.bin	tc394_flow3	CWE194_Unexpected_Sign_Extension__fscanf_malloc_10.c	90	CWE194_Unexpected_Sign_Extension__fscanf_malloc_10.c	97
/home/swlab-jueon/swvul/tools/java-vuln-detection/slicing/output/CPG/c/cwe194_cpg/cwe194-395-cpg-resolved.bin	tc395_flow1	CWE194_Unexpected_Sign_Extension__fscanf_malloc_11.c	29	CWE194_Unexpected_Sign_Extension__fscanf_malloc_11.c	36
/home/swlab-jueon/swvul/tools/java-vuln-detection/slicing/output/CPG/c/cwe194_cpg/cwe194-395-cpg-resolved.bin	tc395_flow2	CWE194_Unexpected_Sign_Extension__fscanf_malloc_11.c	64	CWE194_Unexpected_Sign_Extension__fscanf_malloc_11.c	71
/home/swlab-jueon/swvul/tools/java-vuln-detection/slicing/output/CPG/c/cwe194_cpg/cwe194-395-cpg-resolved.bin	tc395_flow3	CWE194_Unexpected_Sign_Extension__fscanf_malloc_11.c	90	CWE194_Unexpected_Sign_Extension__fscanf_malloc_11.c	97
/home/swlab-jueon/swvul/tools/java-vuln-detection/slicing/output/CPG/c/cwe194_cpg/cwe194-396-cpg-resolved.bin	tc396_flow1	CWE194_Unexpected_Sign_Extension__fscanf_malloc_12.c	29	CWE194_Unexpected_Sign_Extension__fscanf_malloc_12.c	41
/home/swlab-jueon/swvul/tools/java-vuln-detection/slicing/output/CPG/c/cwe194_cpg/cwe194-396-cpg-resolved.bin	tc396_flow2	CWE194_Unexpected_Sign_Extension__fscanf_malloc_12.c	65	CWE194_Unexpected_Sign_Extension__fscanf_malloc_12.c	77
/home/swlab-jueon/swvul/tools/java-vuln-detection/slicing/output/CPG/c/cwe194_cpg/cwe194-397-cpg-resolved.bin	tc397_flow1	CWE194_Unexpected_Sign_Extension__fscanf_malloc_13.c	29	CWE194_Unexpected_Sign_Extension__fscanf_malloc_13.c	36
/home/swlab-jueon/swvul/tools/java-vuln-detection/slicing/output/CPG/c/cwe194_cpg/cwe194-397-cpg-resolved.bin	tc397_flow2	CWE194_Unexpected_Sign_Extension__fscanf_malloc_13.c	64	CWE194_Unexpected_Sign_Extension__fscanf_malloc_13.c	71
/home/swlab-jueon/swvul/tools/java-vuln-detection/slicing/output/CPG/c/cwe194_cpg/cwe194-397-cpg-resolved.bin	tc397_flow3	CWE194_Unexpected_Sign_Extension__fscanf_malloc_13.c	90	CWE194_Unexpected_Sign_Extension__fscanf_malloc_13.c	97
/home/swlab-jueon/swvul/tools/java-vuln-detection/slicing/output/CPG/c/cwe194_cpg/cwe194-398-cpg-resolved.bin	tc398_flow1	CWE194_Unexpected_Sign_Extension__fscanf_malloc_14.c	29	CWE194_Unexpected_Sign_Extension__fscanf_malloc_14.c	36
/home/swlab-jueon/swvul/tools/java-vuln-detection/slicing/output/CPG/c/cwe194_cpg/cwe194-398-cpg-resolved.bin	tc398_flow2	CWE194_Unexpected_Sign_Extension__fscanf_malloc_14.c	64	CWE194_Unexpected_Sign_Extension__fscanf_malloc_14.c	71
/home/swlab-jueon/swvul/tools/java-vuln-detection/slicing/output/CPG/c/cwe194_cpg/cwe194-398-cpg-resolved.bin	tc398_flow3	CWE194_Unexpected_Sign_Extension__fscanf_malloc_14.c	90	CWE194_Unexpected_Sign_Extension__fscanf_malloc_14.c	97
/home/swlab-jueon/swvul/tools/java-vuln-detection/slicing/output/CPG/c/cwe194_cpg/cwe194-399-cpg-resolved.bin	tc399_flow1	CWE194_Unexpected_Sign_Extension__fscanf_malloc_15.c	30	CWE194_Unexpected_Sign_Extension__fscanf_malloc_15.c	42
/home/swlab-jueon/swvul/tools/java-vuln-detection/slicing/output/CPG/c/cwe194_cpg/cwe194-399-cpg-resolved.bin	tc399_flow2	CWE194_Unexpected_Sign_Extension__fscanf_malloc_15.c	70	CWE194_Unexpected_Sign_Extension__fscanf_malloc_15.c	78
/home/swlab-jueon/swvul/tools/java-vuln-detection/slicing/output/CPG/c/cwe194_cpg/cwe194-399-cpg-resolved.bin	tc399_flow3	CWE194_Unexpected_Sign_Extension__fscanf_malloc_15.c	98	CWE194_Unexpected_Sign_Extension__fscanf_malloc_15.c	110
/home/swlab-jueon/swvul/tools/java-vuln-detection/slicing/output/CPG/c/cwe194_cpg/cwe194-400-cpg-resolved.bin	tc400_flow1	CWE194_Unexpected_Sign_Extension__fscanf_malloc_16.c	29	CWE194_Unexpected_Sign_Extension__fscanf_malloc_16.c	37
/home/swlab-jueon/swvul/tools/java-vuln-detection/slicing/output/CPG/c/cwe194_cpg/cwe194-400-cpg-resolved.bin	tc400_flow2	CWE194_Unexpected_Sign_Extension__fscanf_malloc_16.c	60	CWE194_Unexpected_Sign_Extension__fscanf_malloc_16.c	68
/home/swlab-jueon/swvul/tools/java-vuln-detection/slicing/output/CPG/c/cwe194_cpg/cwe194-401-cpg-resolved.bin	tc401_flow1	CWE194_Unexpected_Sign_Extension__fscanf_malloc_17.c	30	CWE194_Unexpected_Sign_Extension__fscanf_malloc_17.c	37
/home/swlab-jueon/swvul/tools/java-vuln-detection/slicing/output/CPG/c/cwe194_cpg/cwe194-401-cpg-resolved.bin	tc401_flow2	CWE194_Unexpected_Sign_Extension__fscanf_malloc_17.c	61	CWE194_Unexpected_Sign_Extension__fscanf_malloc_17.c	68
/home/swlab-jueon/swvul/tools/java-vuln-detection/slicing/output/CPG/c/cwe194_cpg/cwe194-402-cpg-resolved.bin	tc402_flow1	CWE194_Unexpected_Sign_Extension__fscanf_malloc_18.c	29	CWE194_Unexpected_Sign_Extension__fscanf_malloc_18.c	35
/home/swlab-jueon/swvul/tools/java-vuln-detection/slicing/output/CPG/c/cwe194_cpg/cwe194-402-cpg-resolved.bin	tc402_flow2	CWE194_Unexpected_Sign_Extension__fscanf_malloc_18.c	58	CWE194_Unexpected_Sign_Extension__fscanf_malloc_18.c	64
/home/swlab-jueon/swvul/tools/java-vuln-detection/slicing/output/CPG/c/cwe194_cpg/cwe194-403-cpg-resolved.bin	tc403_flow1	CWE194_Unexpected_Sign_Extension__fscanf_malloc_21.c	29	CWE194_Unexpected_Sign_Extension__fscanf_malloc_21.c	46
/home/swlab-jueon/swvul/tools/java-vuln-detection/slicing/output/CPG/c/cwe194_cpg/cwe194-403-cpg-resolved.bin	tc403_flow2	CWE194_Unexpected_Sign_Extension__fscanf_malloc_21.c	75	CWE194_Unexpected_Sign_Extension__fscanf_malloc_21.c	92
/home/swlab-jueon/swvul/tools/java-vuln-detection/slicing/output/CPG/c/cwe194_cpg/cwe194-403-cpg-resolved.bin	tc403_flow3	CWE194_Unexpected_Sign_Extension__fscanf_malloc_21.c	108	CWE194_Unexpected_Sign_Extension__fscanf_malloc_21.c	125
/home/swlab-jueon/swvul/tools/java-vuln-detection/slicing/output/CPG/c/cwe194_cpg/cwe194-404-cpg-resolved.bin	tc404_flow1	CWE194_Unexpected_Sign_Extension__fscanf_malloc_22b.c	29	CWE194_Unexpected_Sign_Extension__fscanf_malloc_22a.c	38
/home/swlab-jueon/swvul/tools/java-vuln-detection/slicing/output/CPG/c/cwe194_cpg/cwe194-404-cpg-resolved.bin	tc404_flow2	CWE194_Unexpected_Sign_Extension__fscanf_malloc_22b.c	53	CWE194_Unexpected_Sign_Extension__fscanf_malloc_22a.c	71
/home/swlab-jueon/swvul/tools/java-vuln-detection/slicing/output/CPG/c/cwe194_cpg/cwe194-404-cpg-resolved.bin	tc404_flow3	CWE194_Unexpected_Sign_Extension__fscanf_malloc_22b.c	64	CWE194_Unexpected_Sign_Extension__fscanf_malloc_22a.c	96
/home/swlab-jueon/swvul/tools/java-vuln-detection/slicing/output/CPG/c/cwe194_cpg/cwe194-405-cpg-resolved.bin	tc405_flow1	CWE194_Unexpected_Sign_Extension__fscanf_malloc_31.c	27	CWE194_Unexpected_Sign_Extension__fscanf_malloc_31.c	36
/home/swlab-jueon/swvul/tools/java-vuln-detection/slicing/output/CPG/c/cwe194_cpg/cwe194-405-cpg-resolved.bin	tc405_flow2	CWE194_Unexpected_Sign_Extension__fscanf_malloc_31.c	58	CWE194_Unexpected_Sign_Extension__fscanf_malloc_31.c	67
/home/swlab-jueon/swvul/tools/java-vuln-detection/slicing/output/CPG/c/cwe194_cpg/cwe194-406-cpg-resolved.bin	tc406_flow1	CWE194_Unexpected_Sign_Extension__fscanf_malloc_32.c	31	CWE194_Unexpected_Sign_Extension__fscanf_malloc_32.c	41
/home/swlab-jueon/swvul/tools/java-vuln-detection/slicing/output/CPG/c/cwe194_cpg/cwe194-406-cpg-resolved.bin	tc406_flow2	CWE194_Unexpected_Sign_Extension__fscanf_malloc_32.c	67	CWE194_Unexpected_Sign_Extension__fscanf_malloc_32.c	77
/home/swlab-jueon/swvul/tools/java-vuln-detection/slicing/output/CPG/c/cwe194_cpg/cwe194-407-cpg-resolved.bin	tc407_flow1	CWE194_Unexpected_Sign_Extension__fscanf_malloc_33.cpp	31	CWE194_Unexpected_Sign_Extension__fscanf_malloc_33.cpp	39
/home/swlab-jueon/swvul/tools/java-vuln-detection/slicing/output/CPG/c/cwe194_cpg/cwe194-407-cpg-resolved.bin	tc407_flow2	CWE194_Unexpected_Sign_Extension__fscanf_malloc_33.cpp	62	CWE194_Unexpected_Sign_Extension__fscanf_malloc_33.cpp	70
/home/swlab-jueon/swvul/tools/java-vuln-detection/slicing/output/CPG/c/cwe194_cpg/cwe194-408-cpg-resolved.bin	tc408_flow1	CWE194_Unexpected_Sign_Extension__fscanf_malloc_34.c	34	CWE194_Unexpected_Sign_Extension__fscanf_malloc_34.c	43
/home/swlab-jueon/swvul/tools/java-vuln-detection/slicing/output/CPG/c/cwe194_cpg/cwe194-408-cpg-resolved.bin	tc408_flow2	CWE194_Unexpected_Sign_Extension__fscanf_malloc_34.c	66	CWE194_Unexpected_Sign_Extension__fscanf_malloc_34.c	75
/home/swlab-jueon/swvul/tools/java-vuln-detection/slicing/output/CPG/c/cwe194_cpg/cwe194-409-cpg-resolved.bin	tc409_flow1	CWE194_Unexpected_Sign_Extension__fscanf_malloc_41.c	44	CWE194_Unexpected_Sign_Extension__fscanf_malloc_41.c	28
/home/swlab-jueon/swvul/tools/java-vuln-detection/slicing/output/CPG/c/cwe194_cpg/cwe194-409-cpg-resolved.bin	tc409_flow2	CWE194_Unexpected_Sign_Extension__fscanf_malloc_41.c	76	CWE194_Unexpected_Sign_Extension__fscanf_malloc_41.c	59
/home/swlab-jueon/swvul/tools/java-vuln-detection/slicing/output/CPG/c/cwe194_cpg/cwe194-410-cpg-resolved.bin	tc410_flow1	CWE194_Unexpected_Sign_Extension__fscanf_malloc_42.c	24	CWE194_Unexpected_Sign_Extension__fscanf_malloc_42.c	39
/home/swlab-jueon/swvul/tools/java-vuln-detection/slicing/output/CPG/c/cwe194_cpg/cwe194-410-cpg-resolved.bin	tc410_flow2	CWE194_Unexpected_Sign_Extension__fscanf_malloc_42.c	56	CWE194_Unexpected_Sign_Extension__fscanf_malloc_42.c	72
/home/swlab-jueon/swvul/tools/java-vuln-detection/slicing/output/CPG/c/cwe194_cpg/cwe194-411-cpg-resolved.bin	tc411_flow1	CWE194_Unexpected_Sign_Extension__fscanf_malloc_43.cpp	27	CWE194_Unexpected_Sign_Extension__fscanf_malloc_43.cpp	41
/home/swlab-jueon/swvul/tools/java-vuln-detection/slicing/output/CPG/c/cwe194_cpg/cwe194-411-cpg-resolved.bin	tc411_flow2	CWE194_Unexpected_Sign_Extension__fscanf_malloc_43.cpp	59	CWE194_Unexpected_Sign_Extension__fscanf_malloc_43.cpp	73
/home/swlab-jueon/swvul/tools/java-vuln-detection/slicing/output/CPG/c/cwe194_cpg/cwe194-412-cpg-resolved.bin	tc412_flow1	CWE194_Unexpected_Sign_Extension__fscanf_malloc_44.c	46	CWE194_Unexpected_Sign_Extension__fscanf_malloc_44.c	28
/home/swlab-jueon/swvul/tools/java-vuln-detection/slicing/output/CPG/c/cwe194_cpg/cwe194-412-cpg-resolved.bin	tc412_flow2	CWE194_Unexpected_Sign_Extension__fscanf_malloc_44.c	80	CWE194_Unexpected_Sign_Extension__fscanf_malloc_44.c	63
/home/swlab-jueon/swvul/tools/java-vuln-detection/slicing/output/CPG/c/cwe194_cpg/cwe194-413-cpg-resolved.bin	tc413_flow1	CWE194_Unexpected_Sign_Extension__fscanf_malloc_45.c	48	CWE194_Unexpected_Sign_Extension__fscanf_malloc_45.c	32
/home/swlab-jueon/swvul/tools/java-vuln-detection/slicing/output/CPG/c/cwe194_cpg/cwe194-413-cpg-resolved.bin	tc413_flow2	CWE194_Unexpected_Sign_Extension__fscanf_malloc_45.c	82	CWE194_Unexpected_Sign_Extension__fscanf_malloc_45.c	66
/home/swlab-jueon/swvul/tools/java-vuln-detection/slicing/output/CPG/c/cwe194_cpg/cwe194-414-cpg-resolved.bin	tc414_flow1	CWE194_Unexpected_Sign_Extension__fscanf_malloc_51a.c	30	CWE194_Unexpected_Sign_Extension__fscanf_malloc_51b.c	30
/home/swlab-jueon/swvul/tools/java-vuln-detection/slicing/output/CPG/c/cwe194_cpg/cwe194-414-cpg-resolved.bin	tc414_flow2	CWE194_Unexpected_Sign_Extension__fscanf_malloc_51a.c	48	CWE194_Unexpected_Sign_Extension__fscanf_malloc_51b.c	52
/home/swlab-jueon/swvul/tools/java-vuln-detection/slicing/output/CPG/c/cwe194_cpg/cwe194-415-cpg-resolved.bin	tc415_flow1	CWE194_Unexpected_Sign_Extension__fscanf_malloc_52a.c	30	CWE194_Unexpected_Sign_Extension__fscanf_malloc_52c.c	30
/home/swlab-jueon/swvul/tools/java-vuln-detection/slicing/output/CPG/c/cwe194_cpg/cwe194-415-cpg-resolved.bin	tc415_flow2	CWE194_Unexpected_Sign_Extension__fscanf_malloc_52a.c	48	CWE194_Unexpected_Sign_Extension__fscanf_malloc_52c.c	52
/home/swlab-jueon/swvul/tools/java-vuln-detection/slicing/output/CPG/c/cwe194_cpg/cwe194-416-cpg-resolved.bin	tc416_flow1	CWE194_Unexpected_Sign_Extension__fscanf_malloc_53a.c	30	CWE194_Unexpected_Sign_Extension__fscanf_malloc_53d.c	30
/home/swlab-jueon/swvul/tools/java-vuln-detection/slicing/output/CPG/c/cwe194_cpg/cwe194-416-cpg-resolved.bin	tc416_flow2	CWE194_Unexpected_Sign_Extension__fscanf_malloc_53a.c	48	CWE194_Unexpected_Sign_Extension__fscanf_malloc_53d.c	52
/home/swlab-jueon/swvul/tools/java-vuln-detection/slicing/output/CPG/c/cwe194_cpg/cwe194-417-cpg-resolved.bin	tc417_flow1	CWE194_Unexpected_Sign_Extension__fscanf_malloc_54a.c	30	CWE194_Unexpected_Sign_Extension__fscanf_malloc_54e.c	30
/home/swlab-jueon/swvul/tools/java-vuln-detection/slicing/output/CPG/c/cwe194_cpg/cwe194-417-cpg-resolved.bin	tc417_flow2	CWE194_Unexpected_Sign_Extension__fscanf_malloc_54a.c	48	CWE194_Unexpected_Sign_Extension__fscanf_malloc_54e.c	52
/home/swlab-jueon/swvul/tools/java-vuln-detection/slicing/output/CPG/c/cwe194_cpg/cwe194-418-cpg-resolved.bin	tc418_flow1	CWE194_Unexpected_Sign_Extension__fscanf_malloc_61b.c	24	CWE194_Unexpected_Sign_Extension__fscanf_malloc_61a.c	35
/home/swlab-jueon/swvul/tools/java-vuln-detection/slicing/output/CPG/c/cwe194_cpg/cwe194-418-cpg-resolved.bin	tc418_flow2	CWE194_Unexpected_Sign_Extension__fscanf_malloc_61b.c	36	CWE194_Unexpected_Sign_Extension__fscanf_malloc_61a.c	63
/home/swlab-jueon/swvul/tools/java-vuln-detection/slicing/output/CPG/c/cwe194_cpg/cwe194-419-cpg-resolved.bin	tc419_flow1	CWE194_Unexpected_Sign_Extension__fscanf_malloc_62b.cpp	27	CWE194_Unexpected_Sign_Extension__fscanf_malloc_62a.cpp	38
/home/swlab-jueon/swvul/tools/java-vuln-detection/slicing/output/CPG/c/cwe194_cpg/cwe194-419-cpg-resolved.bin	tc419_flow2	CWE194_Unexpected_Sign_Extension__fscanf_malloc_62b.cpp	38	CWE194_Unexpected_Sign_Extension__fscanf_malloc_62a.cpp	66
/home/swlab-jueon/swvul/tools/java-vuln-detection/slicing/output/CPG/c/cwe194_cpg/cwe194-420-cpg-resolved.bin	tc420_flow1	CWE194_Unexpected_Sign_Extension__fscanf_malloc_63a.c	30	CWE194_Unexpected_Sign_Extension__fscanf_malloc_63b.c	29
/home/swlab-jueon/swvul/tools/java-vuln-detection/slicing/output/CPG/c/cwe194_cpg/cwe194-420-cpg-resolved.bin	tc420_flow2	CWE194_Unexpected_Sign_Extension__fscanf_malloc_63a.c	47	CWE194_Unexpected_Sign_Extension__fscanf_malloc_63b.c	52
/home/swlab-jueon/swvul/tools/java-vuln-detection/slicing/output/CPG/c/cwe194_cpg/cwe194-421-cpg-resolved.bin	tc421_flow1	CWE194_Unexpected_Sign_Extension__fscanf_malloc_64a.c	30	CWE194_Unexpected_Sign_Extension__fscanf_malloc_64b.c	32
/home/swlab-jueon/swvul/tools/java-vuln-detection/slicing/output/CPG/c/cwe194_cpg/cwe194-421-cpg-resolved.bin	tc421_flow2	CWE194_Unexpected_Sign_Extension__fscanf_malloc_64a.c	47	CWE194_Unexpected_Sign_Extension__fscanf_malloc_64b.c	58
/home/swlab-jueon/swvul/tools/java-vuln-detection/slicing/output/CPG/c/cwe194_cpg/cwe194-422-cpg-resolved.bin	tc422_flow1	CWE194_Unexpected_Sign_Extension__fscanf_malloc_65a.c	32	CWE194_Unexpected_Sign_Extension__fscanf_malloc_65b.c	28
/home/swlab-jueon/swvul/tools/java-vuln-detection/slicing/output/CPG/c/cwe194_cpg/cwe194-422-cpg-resolved.bin	tc422_flow2	CWE194_Unexpected_Sign_Extension__fscanf_malloc_65a.c	51	CWE194_Unexpected_Sign_Extension__fscanf_malloc_65b.c	50
/home/swlab-jueon/swvul/tools/java-vuln-detection/slicing/output/CPG/c/cwe194_cpg/cwe194-423-cpg-resolved.bin	tc423_flow1	CWE194_Unexpected_Sign_Extension__fscanf_malloc_66a.c	31	CWE194_Unexpected_Sign_Extension__fscanf_malloc_66b.c	30
/home/swlab-jueon/swvul/tools/java-vuln-detection/slicing/output/CPG/c/cwe194_cpg/cwe194-423-cpg-resolved.bin	tc423_flow2	CWE194_Unexpected_Sign_Extension__fscanf_malloc_66a.c	51	CWE194_Unexpected_Sign_Extension__fscanf_malloc_66b.c	53
/home/swlab-jueon/swvul/tools/java-vuln-detection/slicing/output/CPG/c/cwe194_cpg/cwe194-424-cpg-resolved.bin	tc424_flow1	CWE194_Unexpected_Sign_Extension__fscanf_malloc_67a.c	36	CWE194_Unexpected_Sign_Extension__fscanf_malloc_67b.c	34
/home/swlab-jueon/swvul/tools/java-vuln-detection/slicing/output/CPG/c/cwe194_cpg/cwe194-424-cpg-resolved.bin	tc424_flow2	CWE194_Unexpected_Sign_Extension__fscanf_malloc_67a.c	55	CWE194_Unexpected_Sign_Extension__fscanf_malloc_67b.c	57
/home/swlab-jueon/swvul/tools/java-vuln-detection/slicing/output/CPG/c/cwe194_cpg/cwe194-425-cpg-resolved.bin	tc425_flow1	CWE194_Unexpected_Sign_Extension__fscanf_malloc_68a.c	33	CWE194_Unexpected_Sign_Extension__fscanf_malloc_68b.c	34
/home/swlab-jueon/swvul/tools/java-vuln-detection/slicing/output/CPG/c/cwe194_cpg/cwe194-425-cpg-resolved.bin	tc425_flow2	CWE194_Unexpected_Sign_Extension__fscanf_malloc_68a.c	52	CWE194_Unexpected_Sign_Extension__fscanf_malloc_68b.c	57
/home/swlab-jueon/swvul/tools/java-vuln-detection/slicing/output/CPG/c/cwe194_cpg/cwe194-426-cpg-resolved.bin	tc426_flow1	CWE194_Unexpected_Sign_Extension__fscanf_malloc_72a.cpp	37	CWE194_Unexpected_Sign_Extension__fscanf_malloc_72b.cpp	36
/home/swlab-jueon/swvul/tools/java-vuln-detection/slicing/output/CPG/c/cwe194_cpg/cwe194-426-cpg-resolved.bin	tc426_flow2	CWE194_Unexpected_Sign_Extension__fscanf_malloc_72a.cpp	61	CWE194_Unexpected_Sign_Extension__fscanf_malloc_72b.cpp	59
/home/swlab-jueon/swvul/tools/java-vuln-detection/slicing/output/CPG/c/cwe194_cpg/cwe194-427-cpg-resolved.bin	tc427_flow1	CWE194_Unexpected_Sign_Extension__fscanf_malloc_73a.cpp	37	CWE194_Unexpected_Sign_Extension__fscanf_malloc_73b.cpp	36
/home/swlab-jueon/swvul/tools/java-vuln-detection/slicing/output/CPG/c/cwe194_cpg/cwe194-427-cpg-resolved.bin	tc427_flow2	CWE194_Unexpected_Sign_Extension__fscanf_malloc_73a.cpp	61	CWE194_Unexpected_Sign_Extension__fscanf_malloc_73b.cpp	59
/home/swlab-jueon/swvul/tools/java-vuln-detection/slicing/output/CPG/c/cwe194_cpg/cwe194-428-cpg-resolved.bin	tc428_flow1	CWE194_Unexpected_Sign_Extension__fscanf_malloc_74a.cpp	37	CWE194_Unexpected_Sign_Extension__fscanf_malloc_74b.cpp	36
/home/swlab-jueon/swvul/tools/java-vuln-detection/slicing/output/CPG/c/cwe194_cpg/cwe194-428-cpg-resolved.bin	tc428_flow2	CWE194_Unexpected_Sign_Extension__fscanf_malloc_74a.cpp	61	CWE194_Unexpected_Sign_Extension__fscanf_malloc_74b.cpp	59
/home/swlab-jueon/swvul/tools/java-vuln-detection/slicing/output/CPG/c/cwe194_cpg/cwe194-429-cpg-resolved.bin	tc429_flow1	CWE194_Unexpected_Sign_Extension__fscanf_malloc_81a.cpp	31	CWE194_Unexpected_Sign_Extension__fscanf_malloc_81_bad.cpp	31
/home/swlab-jueon/swvul/tools/java-vuln-detection/slicing/output/CPG/c/cwe194_cpg/cwe194-429-cpg-resolved.bin	tc429_flow2	CWE194_Unexpected_Sign_Extension__fscanf_malloc_81a.cpp	47	CWE194_Unexpected_Sign_Extension__fscanf_malloc_81_goodG2B.cpp	31
/home/swlab-jueon/swvul/tools/java-vuln-detection/slicing/output/CPG/c/cwe194_cpg/cwe194-430-cpg-resolved.bin	tc430_flow1	CWE194_Unexpected_Sign_Extension__fscanf_malloc_82a.cpp	31	CWE194_Unexpected_Sign_Extension__fscanf_malloc_82_bad.cpp	31
/home/swlab-jueon/swvul/tools/java-vuln-detection/slicing/output/CPG/c/cwe194_cpg/cwe194-430-cpg-resolved.bin	tc430_flow2	CWE194_Unexpected_Sign_Extension__fscanf_malloc_82a.cpp	48	CWE194_Unexpected_Sign_Extension__fscanf_malloc_82_goodG2B.cpp	31
/home/swlab-jueon/swvul/tools/java-vuln-detection/slicing/output/CPG/c/cwe194_cpg/cwe194-431-cpg-resolved.bin	tc431_flow1	CWE194_Unexpected_Sign_Extension__fscanf_malloc_83_bad.cpp	27	CWE194_Unexpected_Sign_Extension__fscanf_malloc_83_bad.cpp	37
/home/swlab-jueon/swvul/tools/java-vuln-detection/slicing/output/CPG/c/cwe194_cpg/cwe194-431-cpg-resolved.bin	tc431_flow2	CWE194_Unexpected_Sign_Extension__fscanf_malloc_83_goodG2B.cpp	27	CWE194_Unexpected_Sign_Extension__fscanf_malloc_83_goodG2B.cpp	37
/home/swlab-jueon/swvul/tools/java-vuln-detection/slicing/output/CPG/c/cwe194_cpg/cwe194-432-cpg-resolved.bin	tc432_flow1	CWE194_Unexpected_Sign_Extension__fscanf_malloc_84_bad.cpp	27	CWE194_Unexpected_Sign_Extension__fscanf_malloc_84_bad.cpp	37
/home/swlab-jueon/swvul/tools/java-vuln-detection/slicing/output/CPG/c/cwe194_cpg/cwe194-432-cpg-resolved.bin	tc432_flow2	CWE194_Unexpected_Sign_Extension__fscanf_malloc_84_goodG2B.cpp	27	CWE194_Unexpected_Sign_Extension__fscanf_malloc_84_goodG2B.cpp	37
/home/swlab-jueon/swvul/tools/java-vuln-detection/slicing/output/CPG/c/cwe194_cpg/cwe194-433-cpg-resolved.bin	tc433_flow1	CWE194_Unexpected_Sign_Extension__fscanf_memcpy_01.c	27	CWE194_Unexpected_Sign_Extension__fscanf_memcpy_01.c	37
/home/swlab-jueon/swvul/tools/java-vuln-detection/slicing/output/CPG/c/cwe194_cpg/cwe194-433-cpg-resolved.bin	tc433_flow2	CWE194_Unexpected_Sign_Extension__fscanf_memcpy_01.c	55	CWE194_Unexpected_Sign_Extension__fscanf_memcpy_01.c	65
/home/swlab-jueon/swvul/tools/java-vuln-detection/slicing/output/CPG/c/cwe194_cpg/cwe194-434-cpg-resolved.bin	tc434_flow1	CWE194_Unexpected_Sign_Extension__fscanf_memcpy_02.c	29	CWE194_Unexpected_Sign_Extension__fscanf_memcpy_02.c	40
/home/swlab-jueon/swvul/tools/java-vuln-detection/slicing/output/CPG/c/cwe194_cpg/cwe194-434-cpg-resolved.bin	tc434_flow2	CWE194_Unexpected_Sign_Extension__fscanf_memcpy_02.c	65	CWE194_Unexpected_Sign_Extension__fscanf_memcpy_02.c	76
/home/swlab-jueon/swvul/tools/java-vuln-detection/slicing/output/CPG/c/cwe194_cpg/cwe194-434-cpg-resolved.bin	tc434_flow3	CWE194_Unexpected_Sign_Extension__fscanf_memcpy_02.c	92	CWE194_Unexpected_Sign_Extension__fscanf_memcpy_02.c	103
/home/swlab-jueon/swvul/tools/java-vuln-detection/slicing/output/CPG/c/cwe194_cpg/cwe194-435-cpg-resolved.bin	tc435_flow1	CWE194_Unexpected_Sign_Extension__fscanf_memcpy_03.c	29	CWE194_Unexpected_Sign_Extension__fscanf_memcpy_03.c	40
/home/swlab-jueon/swvul/tools/java-vuln-detection/slicing/output/CPG/c/cwe194_cpg/cwe194-435-cpg-resolved.bin	tc435_flow2	CWE194_Unexpected_Sign_Extension__fscanf_memcpy_03.c	65	CWE194_Unexpected_Sign_Extension__fscanf_memcpy_03.c	76
/home/swlab-jueon/swvul/tools/java-vuln-detection/slicing/output/CPG/c/cwe194_cpg/cwe194-435-cpg-resolved.bin	tc435_flow3	CWE194_Unexpected_Sign_Extension__fscanf_memcpy_03.c	92	CWE194_Unexpected_Sign_Extension__fscanf_memcpy_03.c	103
/home/swlab-jueon/swvul/tools/java-vuln-detection/slicing/output/CPG/c/cwe194_cpg/cwe194-436-cpg-resolved.bin	tc436_flow1	CWE194_Unexpected_Sign_Extension__fscanf_memcpy_04.c	36	CWE194_Unexpected_Sign_Extension__fscanf_memcpy_04.c	47
/home/swlab-jueon/swvul/tools/java-vuln-detection/slicing/output/CPG/c/cwe194_cpg/cwe194-436-cpg-resolved.bin	tc436_flow2	CWE194_Unexpected_Sign_Extension__fscanf_memcpy_04.c	72	CWE194_Unexpected_Sign_Extension__fscanf_memcpy_04.c	83
/home/swlab-jueon/swvul/tools/java-vuln-detection/slicing/output/CPG/c/cwe194_cpg/cwe194-436-cpg-resolved.bin	tc436_flow3	CWE194_Unexpected_Sign_Extension__fscanf_memcpy_04.c	99	CWE194_Unexpected_Sign_Extension__fscanf_memcpy_04.c	110
/home/swlab-jueon/swvul/tools/java-vuln-detection/slicing/output/CPG/c/cwe194_cpg/cwe194-437-cpg-resolved.bin	tc437_flow1	CWE194_Unexpected_Sign_Extension__fscanf_memcpy_05.c	36	CWE194_Unexpected_Sign_Extension__fscanf_memcpy_05.c	47
/home/swlab-jueon/swvul/tools/java-vuln-detection/slicing/output/CPG/c/cwe194_cpg/cwe194-437-cpg-resolved.bin	tc437_flow2	CWE194_Unexpected_Sign_Extension__fscanf_memcpy_05.c	72	CWE194_Unexpected_Sign_Extension__fscanf_memcpy_05.c	83
/home/swlab-jueon/swvul/tools/java-vuln-detection/slicing/output/CPG/c/cwe194_cpg/cwe194-437-cpg-resolved.bin	tc437_flow3	CWE194_Unexpected_Sign_Extension__fscanf_memcpy_05.c	99	CWE194_Unexpected_Sign_Extension__fscanf_memcpy_05.c	110
/home/swlab-jueon/swvul/tools/java-vuln-detection/slicing/output/CPG/c/cwe194_cpg/cwe194-438-cpg-resolved.bin	tc438_flow1	CWE194_Unexpected_Sign_Extension__fscanf_memcpy_06.c	33	CWE194_Unexpected_Sign_Extension__fscanf_memcpy_06.c	44
/home/swlab-jueon/swvul/tools/java-vuln-detection/slicing/output/CPG/c/cwe194_cpg/cwe194-438-cpg-resolved.bin	tc438_flow2	CWE194_Unexpected_Sign_Extension__fscanf_memcpy_06.c	69	CWE194_Unexpected_Sign_Extension__fscanf_memcpy_06.c	80
/home/swlab-jueon/swvul/tools/java-vuln-detection/slicing/output/CPG/c/cwe194_cpg/cwe194-438-cpg-resolved.bin	tc438_flow3	CWE194_Unexpected_Sign_Extension__fscanf_memcpy_06.c	96	CWE194_Unexpected_Sign_Extension__fscanf_memcpy_06.c	107
/home/swlab-jueon/swvul/tools/java-vuln-detection/slicing/output/CPG/c/cwe194_cpg/cwe194-439-cpg-resolved.bin	tc439_flow1	CWE194_Unexpected_Sign_Extension__fscanf_memcpy_07.c	35	CWE194_Unexpected_Sign_Extension__fscanf_memcpy_07.c	46
/home/swlab-jueon/swvul/tools/java-vuln-detection/slicing/output/CPG/c/cwe194_cpg/cwe194-439-cpg-resolved.bin	tc439_flow2	CWE194_Unexpected_Sign_Extension__fscanf_memcpy_07.c	71	CWE194_Unexpected_Sign_Extension__fscanf_memcpy_07.c	82
/home/swlab-jueon/swvul/tools/java-vuln-detection/slicing/output/CPG/c/cwe194_cpg/cwe194-439-cpg-resolved.bin	tc439_flow3	CWE194_Unexpected_Sign_Extension__fscanf_memcpy_07.c	98	CWE194_Unexpected_Sign_Extension__fscanf_memcpy_07.c	109
/home/swlab-jueon/swvul/tools/java-vuln-detection/slicing/output/CPG/c/cwe194_cpg/cwe194-440-cpg-resolved.bin	tc440_flow1	CWE194_Unexpected_Sign_Extension__fscanf_memcpy_08.c	43	CWE194_Unexpected_Sign_Extension__fscanf_memcpy_08.c	54
/home/swlab-jueon/swvul/tools/java-vuln-detection/slicing/output/CPG/c/cwe194_cpg/cwe194-440-cpg-resolved.bin	tc440_flow2	CWE194_Unexpected_Sign_Extension__fscanf_memcpy_08.c	79	CWE194_Unexpected_Sign_Extension__fscanf_memcpy_08.c	90
/home/swlab-jueon/swvul/tools/java-vuln-detection/slicing/output/CPG/c/cwe194_cpg/cwe194-440-cpg-resolved.bin	tc440_flow3	CWE194_Unexpected_Sign_Extension__fscanf_memcpy_08.c	106	CWE194_Unexpected_Sign_Extension__fscanf_memcpy_08.c	117
/home/swlab-jueon/swvul/tools/java-vuln-detection/slicing/output/CPG/c/cwe194_cpg/cwe194-441-cpg-resolved.bin	tc441_flow1	CWE194_Unexpected_Sign_Extension__fscanf_memcpy_09.c	29	CWE194_Unexpected_Sign_Extension__fscanf_memcpy_09.c	40
/home/swlab-jueon/swvul/tools/java-vuln-detection/slicing/output/CPG/c/cwe194_cpg/cwe194-441-cpg-resolved.bin	tc441_flow2	CWE194_Unexpected_Sign_Extension__fscanf_memcpy_09.c	65	CWE194_Unexpected_Sign_Extension__fscanf_memcpy_09.c	76
/home/swlab-jueon/swvul/tools/java-vuln-detection/slicing/output/CPG/c/cwe194_cpg/cwe194-441-cpg-resolved.bin	tc441_flow3	CWE194_Unexpected_Sign_Extension__fscanf_memcpy_09.c	92	CWE194_Unexpected_Sign_Extension__fscanf_memcpy_09.c	103
/home/swlab-jueon/swvul/tools/java-vuln-detection/slicing/output/CPG/c/cwe194_cpg/cwe194-442-cpg-resolved.bin	tc442_flow1	CWE194_Unexpected_Sign_Extension__fscanf_memcpy_10.c	29	CWE194_Unexpected_Sign_Extension__fscanf_memcpy_10.c	40
/home/swlab-jueon/swvul/tools/java-vuln-detection/slicing/output/CPG/c/cwe194_cpg/cwe194-442-cpg-resolved.bin	tc442_flow2	CWE194_Unexpected_Sign_Extension__fscanf_memcpy_10.c	65	CWE194_Unexpected_Sign_Extension__fscanf_memcpy_10.c	76
/home/swlab-jueon/swvul/tools/java-vuln-detection/slicing/output/CPG/c/cwe194_cpg/cwe194-442-cpg-resolved.bin	tc442_flow3	CWE194_Unexpected_Sign_Extension__fscanf_memcpy_10.c	92	CWE194_Unexpected_Sign_Extension__fscanf_memcpy_10.c	103
/home/swlab-jueon/swvul/tools/java-vuln-detection/slicing/output/CPG/c/cwe194_cpg/cwe194-443-cpg-resolved.bin	tc443_flow1	CWE194_Unexpected_Sign_Extension__fscanf_memcpy_11.c	29	CWE194_Unexpected_Sign_Extension__fscanf_memcpy_11.c	40
/home/swlab-jueon/swvul/tools/java-vuln-detection/slicing/output/CPG/c/cwe194_cpg/cwe194-443-cpg-resolved.bin	tc443_flow2	CWE194_Unexpected_Sign_Extension__fscanf_memcpy_11.c	65	CWE194_Unexpected_Sign_Extension__fscanf_memcpy_11.c	76
/home/swlab-jueon/swvul/tools/java-vuln-detection/slicing/output/CPG/c/cwe194_cpg/cwe194-443-cpg-resolved.bin	tc443_flow3	CWE194_Unexpected_Sign_Extension__fscanf_memcpy_11.c	92	CWE194_Unexpected_Sign_Extension__fscanf_memcpy_11.c	103
/home/swlab-jueon/swvul/tools/java-vuln-detection/slicing/output/CPG/c/cwe194_cpg/cwe194-444-cpg-resolved.bin	tc444_flow1	CWE194_Unexpected_Sign_Extension__fscanf_memcpy_12.c	29	CWE194_Unexpected_Sign_Extension__fscanf_memcpy_12.c	45
/home/swlab-jueon/swvul/tools/java-vuln-detection/slicing/output/CPG/c/cwe194_cpg/cwe194-444-cpg-resolved.bin	tc444_flow2	CWE194_Unexpected_Sign_Extension__fscanf_memcpy_12.c	66	CWE194_Unexpected_Sign_Extension__fscanf_memcpy_12.c	82
/home/swlab-jueon/swvul/tools/java-vuln-detection/slicing/output/CPG/c/cwe194_cpg/cwe194-445-cpg-resolved.bin	tc445_flow1	CWE194_Unexpected_Sign_Extension__fscanf_memcpy_13.c	29	CWE194_Unexpected_Sign_Extension__fscanf_memcpy_13.c	40
/home/swlab-jueon/swvul/tools/java-vuln-detection/slicing/output/CPG/c/cwe194_cpg/cwe194-445-cpg-resolved.bin	tc445_flow2	CWE194_Unexpected_Sign_Extension__fscanf_memcpy_13.c	65	CWE194_Unexpected_Sign_Extension__fscanf_memcpy_13.c	76
/home/swlab-jueon/swvul/tools/java-vuln-detection/slicing/output/CPG/c/cwe194_cpg/cwe194-445-cpg-resolved.bin	tc445_flow3	CWE194_Unexpected_Sign_Extension__fscanf_memcpy_13.c	92	CWE194_Unexpected_Sign_Extension__fscanf_memcpy_13.c	103
/home/swlab-jueon/swvul/tools/java-vuln-detection/slicing/output/CPG/c/cwe194_cpg/cwe194-446-cpg-resolved.bin	tc446_flow1	CWE194_Unexpected_Sign_Extension__fscanf_memcpy_14.c	29	CWE194_Unexpected_Sign_Extension__fscanf_memcpy_14.c	40
/home/swlab-jueon/swvul/tools/java-vuln-detection/slicing/output/CPG/c/cwe194_cpg/cwe194-446-cpg-resolved.bin	tc446_flow2	CWE194_Unexpected_Sign_Extension__fscanf_memcpy_14.c	65	CWE194_Unexpected_Sign_Extension__fscanf_memcpy_14.c	76
/home/swlab-jueon/swvul/tools/java-vuln-detection/slicing/output/CPG/c/cwe194_cpg/cwe194-446-cpg-resolved.bin	tc446_flow3	CWE194_Unexpected_Sign_Extension__fscanf_memcpy_14.c	92	CWE194_Unexpected_Sign_Extension__fscanf_memcpy_14.c	103
/home/swlab-jueon/swvul/tools/java-vuln-detection/slicing/output/CPG/c/cwe194_cpg/cwe194-447-cpg-resolved.bin	tc447_flow1	CWE194_Unexpected_Sign_Extension__fscanf_memcpy_15.c	30	CWE194_Unexpected_Sign_Extension__fscanf_memcpy_15.c	46
/home/swlab-jueon/swvul/tools/java-vuln-detection/slicing/output/CPG/c/cwe194_cpg/cwe194-447-cpg-resolved.bin	tc447_flow2	CWE194_Unexpected_Sign_Extension__fscanf_memcpy_15.c	71	CWE194_Unexpected_Sign_Extension__fscanf_memcpy_15.c	83
/home/swlab-jueon/swvul/tools/java-vuln-detection/slicing/output/CPG/c/cwe194_cpg/cwe194-447-cpg-resolved.bin	tc447_flow3	CWE194_Unexpected_Sign_Extension__fscanf_memcpy_15.c	100	CWE194_Unexpected_Sign_Extension__fscanf_memcpy_15.c	116
/home/swlab-jueon/swvul/tools/java-vuln-detection/slicing/output/CPG/c/cwe194_cpg/cwe194-448-cpg-resolved.bin	tc448_flow1	CWE194_Unexpected_Sign_Extension__fscanf_memcpy_16.c	29	CWE194_Unexpected_Sign_Extension__fscanf_memcpy_16.c	41
/home/swlab-jueon/swvul/tools/java-vuln-detection/slicing/output/CPG/c/cwe194_cpg/cwe194-448-cpg-resolved.bin	tc448_flow2	CWE194_Unexpected_Sign_Extension__fscanf_memcpy_16.c	61	CWE194_Unexpected_Sign_Extension__fscanf_memcpy_16.c	73
/home/swlab-jueon/swvul/tools/java-vuln-detection/slicing/output/CPG/c/cwe194_cpg/cwe194-449-cpg-resolved.bin	tc449_flow1	CWE194_Unexpected_Sign_Extension__fscanf_memcpy_17.c	30	CWE194_Unexpected_Sign_Extension__fscanf_memcpy_17.c	41
/home/swlab-jueon/swvul/tools/java-vuln-detection/slicing/output/CPG/c/cwe194_cpg/cwe194-449-cpg-resolved.bin	tc449_flow2	CWE194_Unexpected_Sign_Extension__fscanf_memcpy_17.c	62	CWE194_Unexpected_Sign_Extension__fscanf_memcpy_17.c	73
/home/swlab-jueon/swvul/tools/java-vuln-detection/slicing/output/CPG/c/cwe194_cpg/cwe194-450-cpg-resolved.bin	tc450_flow1	CWE194_Unexpected_Sign_Extension__fscanf_memcpy_18.c	29	CWE194_Unexpected_Sign_Extension__fscanf_memcpy_18.c	39
/home/swlab-jueon/swvul/tools/java-vuln-detection/slicing/output/CPG/c/cwe194_cpg/cwe194-450-cpg-resolved.bin	tc450_flow2	CWE194_Unexpected_Sign_Extension__fscanf_memcpy_18.c	59	CWE194_Unexpected_Sign_Extension__fscanf_memcpy_18.c	69
/home/swlab-jueon/swvul/tools/java-vuln-detection/slicing/output/CPG/c/cwe194_cpg/cwe194-451-cpg-resolved.bin	tc451_flow1	CWE194_Unexpected_Sign_Extension__fscanf_memcpy_21.c	29	CWE194_Unexpected_Sign_Extension__fscanf_memcpy_21.c	50
/home/swlab-jueon/swvul/tools/java-vuln-detection/slicing/output/CPG/c/cwe194_cpg/cwe194-451-cpg-resolved.bin	tc451_flow2	CWE194_Unexpected_Sign_Extension__fscanf_memcpy_21.c	76	CWE194_Unexpected_Sign_Extension__fscanf_memcpy_21.c	97
/home/swlab-jueon/swvul/tools/java-vuln-detection/slicing/output/CPG/c/cwe194_cpg/cwe194-451-cpg-resolved.bin	tc451_flow3	CWE194_Unexpected_Sign_Extension__fscanf_memcpy_21.c	110	CWE194_Unexpected_Sign_Extension__fscanf_memcpy_21.c	131
/home/swlab-jueon/swvul/tools/java-vuln-detection/slicing/output/CPG/c/cwe194_cpg/cwe194-452-cpg-resolved.bin	tc452_flow1	CWE194_Unexpected_Sign_Extension__fscanf_memcpy_22b.c	29	CWE194_Unexpected_Sign_Extension__fscanf_memcpy_22a.c	42
/home/swlab-jueon/swvul/tools/java-vuln-detection/slicing/output/CPG/c/cwe194_cpg/cwe194-452-cpg-resolved.bin	tc452_flow2	CWE194_Unexpected_Sign_Extension__fscanf_memcpy_22b.c	53	CWE194_Unexpected_Sign_Extension__fscanf_memcpy_22a.c	76
/home/swlab-jueon/swvul/tools/java-vuln-detection/slicing/output/CPG/c/cwe194_cpg/cwe194-452-cpg-resolved.bin	tc452_flow3	CWE194_Unexpected_Sign_Extension__fscanf_memcpy_22b.c	64	CWE194_Unexpected_Sign_Extension__fscanf_memcpy_22a.c	102
/home/swlab-jueon/swvul/tools/java-vuln-detection/slicing/output/CPG/c/cwe194_cpg/cwe194-453-cpg-resolved.bin	tc453_flow1	CWE194_Unexpected_Sign_Extension__fscanf_memcpy_31.c	27	CWE194_Unexpected_Sign_Extension__fscanf_memcpy_31.c	40
/home/swlab-jueon/swvul/tools/java-vuln-detection/slicing/output/CPG/c/cwe194_cpg/cwe194-453-cpg-resolved.bin	tc453_flow2	CWE194_Unexpected_Sign_Extension__fscanf_memcpy_31.c	59	CWE194_Unexpected_Sign_Extension__fscanf_memcpy_31.c	72
/home/swlab-jueon/swvul/tools/java-vuln-detection/slicing/output/CPG/c/cwe194_cpg/cwe194-454-cpg-resolved.bin	tc454_flow1	CWE194_Unexpected_Sign_Extension__fscanf_memcpy_32.c	31	CWE194_Unexpected_Sign_Extension__fscanf_memcpy_32.c	45
/home/swlab-jueon/swvul/tools/java-vuln-detection/slicing/output/CPG/c/cwe194_cpg/cwe194-454-cpg-resolved.bin	tc454_flow2	CWE194_Unexpected_Sign_Extension__fscanf_memcpy_32.c	68	CWE194_Unexpected_Sign_Extension__fscanf_memcpy_32.c	82
/home/swlab-jueon/swvul/tools/java-vuln-detection/slicing/output/CPG/c/cwe194_cpg/cwe194-455-cpg-resolved.bin	tc455_flow1	CWE194_Unexpected_Sign_Extension__fscanf_memcpy_33.cpp	31	CWE194_Unexpected_Sign_Extension__fscanf_memcpy_33.cpp	43
/home/swlab-jueon/swvul/tools/java-vuln-detection/slicing/output/CPG/c/cwe194_cpg/cwe194-455-cpg-resolved.bin	tc455_flow2	CWE194_Unexpected_Sign_Extension__fscanf_memcpy_33.cpp	63	CWE194_Unexpected_Sign_Extension__fscanf_memcpy_33.cpp	75
/home/swlab-jueon/swvul/tools/java-vuln-detection/slicing/output/CPG/c/cwe194_cpg/cwe194-456-cpg-resolved.bin	tc456_flow1	CWE194_Unexpected_Sign_Extension__fscanf_memcpy_34.c	34	CWE194_Unexpected_Sign_Extension__fscanf_memcpy_34.c	47
/home/swlab-jueon/swvul/tools/java-vuln-detection/slicing/output/CPG/c/cwe194_cpg/cwe194-456-cpg-resolved.bin	tc456_flow2	CWE194_Unexpected_Sign_Extension__fscanf_memcpy_34.c	67	CWE194_Unexpected_Sign_Extension__fscanf_memcpy_34.c	80
/home/swlab-jueon/swvul/tools/java-vuln-detection/slicing/output/CPG/c/cwe194_cpg/cwe194-457-cpg-resolved.bin	tc457_flow1	CWE194_Unexpected_Sign_Extension__fscanf_memcpy_41.c	45	CWE194_Unexpected_Sign_Extension__fscanf_memcpy_41.c	32
/home/swlab-jueon/swvul/tools/java-vuln-detection/slicing/output/CPG/c/cwe194_cpg/cwe194-457-cpg-resolved.bin	tc457_flow2	CWE194_Unexpected_Sign_Extension__fscanf_memcpy_41.c	78	CWE194_Unexpected_Sign_Extension__fscanf_memcpy_41.c	64
/home/swlab-jueon/swvul/tools/java-vuln-detection/slicing/output/CPG/c/cwe194_cpg/cwe194-458-cpg-resolved.bin	tc458_flow1	CWE194_Unexpected_Sign_Extension__fscanf_memcpy_42.c	24	CWE194_Unexpected_Sign_Extension__fscanf_memcpy_42.c	43
/home/swlab-jueon/swvul/tools/java-vuln-detection/slicing/output/CPG/c/cwe194_cpg/cwe194-458-cpg-resolved.bin	tc458_flow2	CWE194_Unexpected_Sign_Extension__fscanf_memcpy_42.c	57	CWE194_Unexpected_Sign_Extension__fscanf_memcpy_42.c	77
/home/swlab-jueon/swvul/tools/java-vuln-detection/slicing/output/CPG/c/cwe194_cpg/cwe194-459-cpg-resolved.bin	tc459_flow1	CWE194_Unexpected_Sign_Extension__fscanf_memcpy_43.cpp	27	CWE194_Unexpected_Sign_Extension__fscanf_memcpy_43.cpp	45
/home/swlab-jueon/swvul/tools/java-vuln-detection/slicing/output/CPG/c/cwe194_cpg/cwe194-459-cpg-resolved.bin	tc459_flow2	CWE194_Unexpected_Sign_Extension__fscanf_memcpy_43.cpp	60	CWE194_Unexpected_Sign_Extension__fscanf_memcpy_43.cpp	78
/home/swlab-jueon/swvul/tools/java-vuln-detection/slicing/output/CPG/c/cwe194_cpg/cwe194-460-cpg-resolved.bin	tc460_flow1	CWE194_Unexpected_Sign_Extension__fscanf_memcpy_44.c	47	CWE194_Unexpected_Sign_Extension__fscanf_memcpy_44.c	32
/home/swlab-jueon/swvul/tools/java-vuln-detection/slicing/output/CPG/c/cwe194_cpg/cwe194-460-cpg-resolved.bin	tc460_flow2	CWE194_Unexpected_Sign_Extension__fscanf_memcpy_44.c	82	CWE194_Unexpected_Sign_Extension__fscanf_memcpy_44.c	68
/home/swlab-jueon/swvul/tools/java-vuln-detection/slicing/output/CPG/c/cwe194_cpg/cwe194-461-cpg-resolved.bin	tc461_flow1	CWE194_Unexpected_Sign_Extension__fscanf_memcpy_45.c	49	CWE194_Unexpected_Sign_Extension__fscanf_memcpy_45.c	36
/home/swlab-jueon/swvul/tools/java-vuln-detection/slicing/output/CPG/c/cwe194_cpg/cwe194-461-cpg-resolved.bin	tc461_flow2	CWE194_Unexpected_Sign_Extension__fscanf_memcpy_45.c	84	CWE194_Unexpected_Sign_Extension__fscanf_memcpy_45.c	71
/home/swlab-jueon/swvul/tools/java-vuln-detection/slicing/output/CPG/c/cwe194_cpg/cwe194-462-cpg-resolved.bin	tc462_flow1	CWE194_Unexpected_Sign_Extension__fscanf_memcpy_51a.c	30	CWE194_Unexpected_Sign_Extension__fscanf_memcpy_51b.c	34
/home/swlab-jueon/swvul/tools/java-vuln-detection/slicing/output/CPG/c/cwe194_cpg/cwe194-462-cpg-resolved.bin	tc462_flow2	CWE194_Unexpected_Sign_Extension__fscanf_memcpy_51a.c	48	CWE194_Unexpected_Sign_Extension__fscanf_memcpy_51b.c	57
/home/swlab-jueon/swvul/tools/java-vuln-detection/slicing/output/CPG/c/cwe194_cpg/cwe194-463-cpg-resolved.bin	tc463_flow1	CWE194_Unexpected_Sign_Extension__fscanf_memcpy_52a.c	30	CWE194_Unexpected_Sign_Extension__fscanf_memcpy_52c.c	34
/home/swlab-jueon/swvul/tools/java-vuln-detection/slicing/output/CPG/c/cwe194_cpg/cwe194-463-cpg-resolved.bin	tc463_flow2	CWE194_Unexpected_Sign_Extension__fscanf_memcpy_52a.c	48	CWE194_Unexpected_Sign_Extension__fscanf_memcpy_52c.c	57
/home/swlab-jueon/swvul/tools/java-vuln-detection/slicing/output/CPG/c/cwe194_cpg/cwe194-464-cpg-resolved.bin	tc464_flow1	CWE194_Unexpected_Sign_Extension__fscanf_memcpy_53a.c	30	CWE194_Unexpected_Sign_Extension__fscanf_memcpy_53d.c	34
/home/swlab-jueon/swvul/tools/java-vuln-detection/slicing/output/CPG/c/cwe194_cpg/cwe194-464-cpg-resolved.bin	tc464_flow2	CWE194_Unexpected_Sign_Extension__fscanf_memcpy_53a.c	48	CWE194_Unexpected_Sign_Extension__fscanf_memcpy_53d.c	57
/home/swlab-jueon/swvul/tools/java-vuln-detection/slicing/output/CPG/c/cwe194_cpg/cwe194-465-cpg-resolved.bin	tc465_flow1	CWE194_Unexpected_Sign_Extension__fscanf_memcpy_54a.c	30	CWE194_Unexpected_Sign_Extension__fscanf_memcpy_54e.c	34
/home/swlab-jueon/swvul/tools/java-vuln-detection/slicing/output/CPG/c/cwe194_cpg/cwe194-465-cpg-resolved.bin	tc465_flow2	CWE194_Unexpected_Sign_Extension__fscanf_memcpy_54a.c	48	CWE194_Unexpected_Sign_Extension__fscanf_memcpy_54e.c	57
/home/swlab-jueon/swvul/tools/java-vuln-detection/slicing/output/CPG/c/cwe194_cpg/cwe194-466-cpg-resolved.bin	tc466_flow1	CWE194_Unexpected_Sign_Extension__fscanf_memcpy_61b.c	24	CWE194_Unexpected_Sign_Extension__fscanf_memcpy_61a.c	39
/home/swlab-jueon/swvul/tools/java-vuln-detection/slicing/output/CPG/c/cwe194_cpg/cwe194-466-cpg-resolved.bin	tc466_flow2	CWE194_Unexpected_Sign_Extension__fscanf_memcpy_61b.c	36	CWE194_Unexpected_Sign_Extension__fscanf_memcpy_61a.c	68
/home/swlab-jueon/swvul/tools/java-vuln-detection/slicing/output/CPG/c/cwe194_cpg/cwe194-467-cpg-resolved.bin	tc467_flow1	CWE194_Unexpected_Sign_Extension__fscanf_memcpy_62b.cpp	27	CWE194_Unexpected_Sign_Extension__fscanf_memcpy_62a.cpp	42
/home/swlab-jueon/swvul/tools/java-vuln-detection/slicing/output/CPG/c/cwe194_cpg/cwe194-467-cpg-resolved.bin	tc467_flow2	CWE194_Unexpected_Sign_Extension__fscanf_memcpy_62b.cpp	38	CWE194_Unexpected_Sign_Extension__fscanf_memcpy_62a.cpp	71
/home/swlab-jueon/swvul/tools/java-vuln-detection/slicing/output/CPG/c/cwe194_cpg/cwe194-468-cpg-resolved.bin	tc468_flow1	CWE194_Unexpected_Sign_Extension__fscanf_memcpy_63a.c	30	CWE194_Unexpected_Sign_Extension__fscanf_memcpy_63b.c	33
/home/swlab-jueon/swvul/tools/java-vuln-detection/slicing/output/CPG/c/cwe194_cpg/cwe194-468-cpg-resolved.bin	tc468_flow2	CWE194_Unexpected_Sign_Extension__fscanf_memcpy_63a.c	47	CWE194_Unexpected_Sign_Extension__fscanf_memcpy_63b.c	57
/home/swlab-jueon/swvul/tools/java-vuln-detection/slicing/output/CPG/c/cwe194_cpg/cwe194-469-cpg-resolved.bin	tc469_flow1	CWE194_Unexpected_Sign_Extension__fscanf_memcpy_64a.c	30	CWE194_Unexpected_Sign_Extension__fscanf_memcpy_64b.c	36
/home/swlab-jueon/swvul/tools/java-vuln-detection/slicing/output/CPG/c/cwe194_cpg/cwe194-469-cpg-resolved.bin	tc469_flow2	CWE194_Unexpected_Sign_Extension__fscanf_memcpy_64a.c	47	CWE194_Unexpected_Sign_Extension__fscanf_memcpy_64b.c	63
/home/swlab-jueon/swvul/tools/java-vuln-detection/slicing/output/CPG/c/cwe194_cpg/cwe194-470-cpg-resolved.bin	tc470_flow1	CWE194_Unexpected_Sign_Extension__fscanf_memcpy_65a.c	32	CWE194_Unexpected_Sign_Extension__fscanf_memcpy_65b.c	32
/home/swlab-jueon/swvul/tools/java-vuln-detection/slicing/output/CPG/c/cwe194_cpg/cwe194-470-cpg-resolved.bin	tc470_flow2	CWE194_Unexpected_Sign_Extension__fscanf_memcpy_65a.c	51	CWE194_Unexpected_Sign_Extension__fscanf_memcpy_65b.c	55
/home/swlab-jueon/swvul/tools/java-vuln-detection/slicing/output/CPG/c/cwe194_cpg/cwe194-471-cpg-resolved.bin	tc471_flow1	CWE194_Unexpected_Sign_Extension__fscanf_memcpy_66a.c	31	CWE194_Unexpected_Sign_Extension__fscanf_memcpy_66b.c	34
/home/swlab-jueon/swvul/tools/java-vuln-detection/slicing/output/CPG/c/cwe194_cpg/cwe194-471-cpg-resolved.bin	tc471_flow2	CWE194_Unexpected_Sign_Extension__fscanf_memcpy_66a.c	51	CWE194_Unexpected_Sign_Extension__fscanf_memcpy_66b.c	58
/home/swlab-jueon/swvul/tools/java-vuln-detection/slicing/output/CPG/c/cwe194_cpg/cwe194-472-cpg-resolved.bin	tc472_flow1	CWE194_Unexpected_Sign_Extension__fscanf_memcpy_67a.c	36	CWE194_Unexpected_Sign_Extension__fscanf_memcpy_67b.c	38
/home/swlab-jueon/swvul/tools/java-vuln-detection/slicing/output/CPG/c/cwe194_cpg/cwe194-472-cpg-resolved.bin	tc472_flow2	CWE194_Unexpected_Sign_Extension__fscanf_memcpy_67a.c	55	CWE194_Unexpected_Sign_Extension__fscanf_memcpy_67b.c	62
/home/swlab-jueon/swvul/tools/java-vuln-detection/slicing/output/CPG/c/cwe194_cpg/cwe194-473-cpg-resolved.bin	tc473_flow1	CWE194_Unexpected_Sign_Extension__fscanf_memcpy_68a.c	33	CWE194_Unexpected_Sign_Extension__fscanf_memcpy_68b.c	38
/home/swlab-jueon/swvul/tools/java-vuln-detection/slicing/output/CPG/c/cwe194_cpg/cwe194-473-cpg-resolved.bin	tc473_flow2	CWE194_Unexpected_Sign_Extension__fscanf_memcpy_68a.c	52	CWE194_Unexpected_Sign_Extension__fscanf_memcpy_68b.c	62
/home/swlab-jueon/swvul/tools/java-vuln-detection/slicing/output/CPG/c/cwe194_cpg/cwe194-474-cpg-resolved.bin	tc474_flow1	CWE194_Unexpected_Sign_Extension__fscanf_memcpy_72a.cpp	37	CWE194_Unexpected_Sign_Extension__fscanf_memcpy_72b.cpp	40
/home/swlab-jueon/swvul/tools/java-vuln-detection/slicing/output/CPG/c/cwe194_cpg/cwe194-474-cpg-resolved.bin	tc474_flow2	CWE194_Unexpected_Sign_Extension__fscanf_memcpy_72a.cpp	61	CWE194_Unexpected_Sign_Extension__fscanf_memcpy_72b.cpp	64
/home/swlab-jueon/swvul/tools/java-vuln-detection/slicing/output/CPG/c/cwe194_cpg/cwe194-475-cpg-resolved.bin	tc475_flow1	CWE194_Unexpected_Sign_Extension__fscanf_memcpy_73a.cpp	37	CWE194_Unexpected_Sign_Extension__fscanf_memcpy_73b.cpp	40
/home/swlab-jueon/swvul/tools/java-vuln-detection/slicing/output/CPG/c/cwe194_cpg/cwe194-475-cpg-resolved.bin	tc475_flow2	CWE194_Unexpected_Sign_Extension__fscanf_memcpy_73a.cpp	61	CWE194_Unexpected_Sign_Extension__fscanf_memcpy_73b.cpp	64
/home/swlab-jueon/swvul/tools/java-vuln-detection/slicing/output/CPG/c/cwe194_cpg/cwe194-476-cpg-resolved.bin	tc476_flow1	CWE194_Unexpected_Sign_Extension__fscanf_memcpy_74a.cpp	37	CWE194_Unexpected_Sign_Extension__fscanf_memcpy_74b.cpp	40
/home/swlab-jueon/swvul/tools/java-vuln-detection/slicing/output/CPG/c/cwe194_cpg/cwe194-476-cpg-resolved.bin	tc476_flow2	CWE194_Unexpected_Sign_Extension__fscanf_memcpy_74a.cpp	61	CWE194_Unexpected_Sign_Extension__fscanf_memcpy_74b.cpp	64
/home/swlab-jueon/swvul/tools/java-vuln-detection/slicing/output/CPG/c/cwe194_cpg/cwe194-477-cpg-resolved.bin	tc477_flow1	CWE194_Unexpected_Sign_Extension__fscanf_memcpy_81a.cpp	31	CWE194_Unexpected_Sign_Extension__fscanf_memcpy_81_bad.cpp	35
/home/swlab-jueon/swvul/tools/java-vuln-detection/slicing/output/CPG/c/cwe194_cpg/cwe194-477-cpg-resolved.bin	tc477_flow2	CWE194_Unexpected_Sign_Extension__fscanf_memcpy_81a.cpp	47	CWE194_Unexpected_Sign_Extension__fscanf_memcpy_81_goodG2B.cpp	35
/home/swlab-jueon/swvul/tools/java-vuln-detection/slicing/output/CPG/c/cwe194_cpg/cwe194-478-cpg-resolved.bin	tc478_flow1	CWE194_Unexpected_Sign_Extension__fscanf_memcpy_82a.cpp	31	CWE194_Unexpected_Sign_Extension__fscanf_memcpy_82_bad.cpp	35
/home/swlab-jueon/swvul/tools/java-vuln-detection/slicing/output/CPG/c/cwe194_cpg/cwe194-478-cpg-resolved.bin	tc478_flow2	CWE194_Unexpected_Sign_Extension__fscanf_memcpy_82a.cpp	48	CWE194_Unexpected_Sign_Extension__fscanf_memcpy_82_goodG2B.cpp	35
/home/swlab-jueon/swvul/tools/java-vuln-detection/slicing/output/CPG/c/cwe194_cpg/cwe194-479-cpg-resolved.bin	tc479_flow1	CWE194_Unexpected_Sign_Extension__fscanf_memcpy_83_bad.cpp	27	CWE194_Unexpected_Sign_Extension__fscanf_memcpy_83_bad.cpp	41
/home/swlab-jueon/swvul/tools/java-vuln-detection/slicing/output/CPG/c/cwe194_cpg/cwe194-479-cpg-resolved.bin	tc479_flow2	CWE194_Unexpected_Sign_Extension__fscanf_memcpy_83_goodG2B.cpp	27	CWE194_Unexpected_Sign_Extension__fscanf_memcpy_83_goodG2B.cpp	41
/home/swlab-jueon/swvul/tools/java-vuln-detection/slicing/output/CPG/c/cwe194_cpg/cwe194-480-cpg-resolved.bin	tc480_flow1	CWE194_Unexpected_Sign_Extension__fscanf_memcpy_84_bad.cpp	27	CWE194_Unexpected_Sign_Extension__fscanf_memcpy_84_bad.cpp	41
/home/swlab-jueon/swvul/tools/java-vuln-detection/slicing/output/CPG/c/cwe194_cpg/cwe194-480-cpg-resolved.bin	tc480_flow2	CWE194_Unexpected_Sign_Extension__fscanf_memcpy_84_goodG2B.cpp	27	CWE194_Unexpected_Sign_Extension__fscanf_memcpy_84_goodG2B.cpp	41
/home/swlab-jueon/swvul/tools/java-vuln-detection/slicing/output/CPG/c/cwe194_cpg/cwe194-481-cpg-resolved.bin	tc481_flow1	CWE194_Unexpected_Sign_Extension__fscanf_memmove_01.c	27	CWE194_Unexpected_Sign_Extension__fscanf_memmove_01.c	37
/home/swlab-jueon/swvul/tools/java-vuln-detection/slicing/output/CPG/c/cwe194_cpg/cwe194-481-cpg-resolved.bin	tc481_flow2	CWE194_Unexpected_Sign_Extension__fscanf_memmove_01.c	55	CWE194_Unexpected_Sign_Extension__fscanf_memmove_01.c	65
/home/swlab-jueon/swvul/tools/java-vuln-detection/slicing/output/CPG/c/cwe194_cpg/cwe194-482-cpg-resolved.bin	tc482_flow1	CWE194_Unexpected_Sign_Extension__fscanf_memmove_02.c	29	CWE194_Unexpected_Sign_Extension__fscanf_memmove_02.c	40
/home/swlab-jueon/swvul/tools/java-vuln-detection/slicing/output/CPG/c/cwe194_cpg/cwe194-482-cpg-resolved.bin	tc482_flow2	CWE194_Unexpected_Sign_Extension__fscanf_memmove_02.c	65	CWE194_Unexpected_Sign_Extension__fscanf_memmove_02.c	76
/home/swlab-jueon/swvul/tools/java-vuln-detection/slicing/output/CPG/c/cwe194_cpg/cwe194-482-cpg-resolved.bin	tc482_flow3	CWE194_Unexpected_Sign_Extension__fscanf_memmove_02.c	92	CWE194_Unexpected_Sign_Extension__fscanf_memmove_02.c	103
/home/swlab-jueon/swvul/tools/java-vuln-detection/slicing/output/CPG/c/cwe194_cpg/cwe194-483-cpg-resolved.bin	tc483_flow1	CWE194_Unexpected_Sign_Extension__fscanf_memmove_03.c	29	CWE194_Unexpected_Sign_Extension__fscanf_memmove_03.c	40
/home/swlab-jueon/swvul/tools/java-vuln-detection/slicing/output/CPG/c/cwe194_cpg/cwe194-483-cpg-resolved.bin	tc483_flow2	CWE194_Unexpected_Sign_Extension__fscanf_memmove_03.c	65	CWE194_Unexpected_Sign_Extension__fscanf_memmove_03.c	76
/home/swlab-jueon/swvul/tools/java-vuln-detection/slicing/output/CPG/c/cwe194_cpg/cwe194-483-cpg-resolved.bin	tc483_flow3	CWE194_Unexpected_Sign_Extension__fscanf_memmove_03.c	92	CWE194_Unexpected_Sign_Extension__fscanf_memmove_03.c	103
/home/swlab-jueon/swvul/tools/java-vuln-detection/slicing/output/CPG/c/cwe194_cpg/cwe194-484-cpg-resolved.bin	tc484_flow1	CWE194_Unexpected_Sign_Extension__fscanf_memmove_04.c	36	CWE194_Unexpected_Sign_Extension__fscanf_memmove_04.c	47
/home/swlab-jueon/swvul/tools/java-vuln-detection/slicing/output/CPG/c/cwe194_cpg/cwe194-484-cpg-resolved.bin	tc484_flow2	CWE194_Unexpected_Sign_Extension__fscanf_memmove_04.c	72	CWE194_Unexpected_Sign_Extension__fscanf_memmove_04.c	83
/home/swlab-jueon/swvul/tools/java-vuln-detection/slicing/output/CPG/c/cwe194_cpg/cwe194-484-cpg-resolved.bin	tc484_flow3	CWE194_Unexpected_Sign_Extension__fscanf_memmove_04.c	99	CWE194_Unexpected_Sign_Extension__fscanf_memmove_04.c	110
/home/swlab-jueon/swvul/tools/java-vuln-detection/slicing/output/CPG/c/cwe194_cpg/cwe194-485-cpg-resolved.bin	tc485_flow1	CWE194_Unexpected_Sign_Extension__fscanf_memmove_05.c	36	CWE194_Unexpected_Sign_Extension__fscanf_memmove_05.c	47
/home/swlab-jueon/swvul/tools/java-vuln-detection/slicing/output/CPG/c/cwe194_cpg/cwe194-485-cpg-resolved.bin	tc485_flow2	CWE194_Unexpected_Sign_Extension__fscanf_memmove_05.c	72	CWE194_Unexpected_Sign_Extension__fscanf_memmove_05.c	83
/home/swlab-jueon/swvul/tools/java-vuln-detection/slicing/output/CPG/c/cwe194_cpg/cwe194-485-cpg-resolved.bin	tc485_flow3	CWE194_Unexpected_Sign_Extension__fscanf_memmove_05.c	99	CWE194_Unexpected_Sign_Extension__fscanf_memmove_05.c	110
/home/swlab-jueon/swvul/tools/java-vuln-detection/slicing/output/CPG/c/cwe194_cpg/cwe194-486-cpg-resolved.bin	tc486_flow1	CWE194_Unexpected_Sign_Extension__fscanf_memmove_06.c	33	CWE194_Unexpected_Sign_Extension__fscanf_memmove_06.c	44
/home/swlab-jueon/swvul/tools/java-vuln-detection/slicing/output/CPG/c/cwe194_cpg/cwe194-486-cpg-resolved.bin	tc486_flow2	CWE194_Unexpected_Sign_Extension__fscanf_memmove_06.c	69	CWE194_Unexpected_Sign_Extension__fscanf_memmove_06.c	80
/home/swlab-jueon/swvul/tools/java-vuln-detection/slicing/output/CPG/c/cwe194_cpg/cwe194-486-cpg-resolved.bin	tc486_flow3	CWE194_Unexpected_Sign_Extension__fscanf_memmove_06.c	96	CWE194_Unexpected_Sign_Extension__fscanf_memmove_06.c	107
/home/swlab-jueon/swvul/tools/java-vuln-detection/slicing/output/CPG/c/cwe194_cpg/cwe194-487-cpg-resolved.bin	tc487_flow1	CWE194_Unexpected_Sign_Extension__fscanf_memmove_07.c	35	CWE194_Unexpected_Sign_Extension__fscanf_memmove_07.c	46
/home/swlab-jueon/swvul/tools/java-vuln-detection/slicing/output/CPG/c/cwe194_cpg/cwe194-487-cpg-resolved.bin	tc487_flow2	CWE194_Unexpected_Sign_Extension__fscanf_memmove_07.c	71	CWE194_Unexpected_Sign_Extension__fscanf_memmove_07.c	82
/home/swlab-jueon/swvul/tools/java-vuln-detection/slicing/output/CPG/c/cwe194_cpg/cwe194-487-cpg-resolved.bin	tc487_flow3	CWE194_Unexpected_Sign_Extension__fscanf_memmove_07.c	98	CWE194_Unexpected_Sign_Extension__fscanf_memmove_07.c	109
/home/swlab-jueon/swvul/tools/java-vuln-detection/slicing/output/CPG/c/cwe194_cpg/cwe194-488-cpg-resolved.bin	tc488_flow1	CWE194_Unexpected_Sign_Extension__fscanf_memmove_08.c	43	CWE194_Unexpected_Sign_Extension__fscanf_memmove_08.c	54
/home/swlab-jueon/swvul/tools/java-vuln-detection/slicing/output/CPG/c/cwe194_cpg/cwe194-488-cpg-resolved.bin	tc488_flow2	CWE194_Unexpected_Sign_Extension__fscanf_memmove_08.c	79	CWE194_Unexpected_Sign_Extension__fscanf_memmove_08.c	90
/home/swlab-jueon/swvul/tools/java-vuln-detection/slicing/output/CPG/c/cwe194_cpg/cwe194-488-cpg-resolved.bin	tc488_flow3	CWE194_Unexpected_Sign_Extension__fscanf_memmove_08.c	106	CWE194_Unexpected_Sign_Extension__fscanf_memmove_08.c	117
/home/swlab-jueon/swvul/tools/java-vuln-detection/slicing/output/CPG/c/cwe194_cpg/cwe194-489-cpg-resolved.bin	tc489_flow1	CWE194_Unexpected_Sign_Extension__fscanf_memmove_09.c	29	CWE194_Unexpected_Sign_Extension__fscanf_memmove_09.c	40
/home/swlab-jueon/swvul/tools/java-vuln-detection/slicing/output/CPG/c/cwe194_cpg/cwe194-489-cpg-resolved.bin	tc489_flow2	CWE194_Unexpected_Sign_Extension__fscanf_memmove_09.c	65	CWE194_Unexpected_Sign_Extension__fscanf_memmove_09.c	76
/home/swlab-jueon/swvul/tools/java-vuln-detection/slicing/output/CPG/c/cwe194_cpg/cwe194-489-cpg-resolved.bin	tc489_flow3	CWE194_Unexpected_Sign_Extension__fscanf_memmove_09.c	92	CWE194_Unexpected_Sign_Extension__fscanf_memmove_09.c	103
/home/swlab-jueon/swvul/tools/java-vuln-detection/slicing/output/CPG/c/cwe194_cpg/cwe194-490-cpg-resolved.bin	tc490_flow1	CWE194_Unexpected_Sign_Extension__fscanf_memmove_10.c	29	CWE194_Unexpected_Sign_Extension__fscanf_memmove_10.c	40
/home/swlab-jueon/swvul/tools/java-vuln-detection/slicing/output/CPG/c/cwe194_cpg/cwe194-490-cpg-resolved.bin	tc490_flow2	CWE194_Unexpected_Sign_Extension__fscanf_memmove_10.c	65	CWE194_Unexpected_Sign_Extension__fscanf_memmove_10.c	76
/home/swlab-jueon/swvul/tools/java-vuln-detection/slicing/output/CPG/c/cwe194_cpg/cwe194-490-cpg-resolved.bin	tc490_flow3	CWE194_Unexpected_Sign_Extension__fscanf_memmove_10.c	92	CWE194_Unexpected_Sign_Extension__fscanf_memmove_10.c	103
/home/swlab-jueon/swvul/tools/java-vuln-detection/slicing/output/CPG/c/cwe194_cpg/cwe194-491-cpg-resolved.bin	tc491_flow1	CWE194_Unexpected_Sign_Extension__fscanf_memmove_11.c	29	CWE194_Unexpected_Sign_Extension__fscanf_memmove_11.c	40
/home/swlab-jueon/swvul/tools/java-vuln-detection/slicing/output/CPG/c/cwe194_cpg/cwe194-491-cpg-resolved.bin	tc491_flow2	CWE194_Unexpected_Sign_Extension__fscanf_memmove_11.c	65	CWE194_Unexpected_Sign_Extension__fscanf_memmove_11.c	76
/home/swlab-jueon/swvul/tools/java-vuln-detection/slicing/output/CPG/c/cwe194_cpg/cwe194-491-cpg-resolved.bin	tc491_flow3	CWE194_Unexpected_Sign_Extension__fscanf_memmove_11.c	92	CWE194_Unexpected_Sign_Extension__fscanf_memmove_11.c	103
/home/swlab-jueon/swvul/tools/java-vuln-detection/slicing/output/CPG/c/cwe194_cpg/cwe194-492-cpg-resolved.bin	tc492_flow1	CWE194_Unexpected_Sign_Extension__fscanf_memmove_12.c	29	CWE194_Unexpected_Sign_Extension__fscanf_memmove_12.c	45
/home/swlab-jueon/swvul/tools/java-vuln-detection/slicing/output/CPG/c/cwe194_cpg/cwe194-492-cpg-resolved.bin	tc492_flow2	CWE194_Unexpected_Sign_Extension__fscanf_memmove_12.c	66	CWE194_Unexpected_Sign_Extension__fscanf_memmove_12.c	82
/home/swlab-jueon/swvul/tools/java-vuln-detection/slicing/output/CPG/c/cwe194_cpg/cwe194-493-cpg-resolved.bin	tc493_flow1	CWE194_Unexpected_Sign_Extension__fscanf_memmove_13.c	29	CWE194_Unexpected_Sign_Extension__fscanf_memmove_13.c	40
/home/swlab-jueon/swvul/tools/java-vuln-detection/slicing/output/CPG/c/cwe194_cpg/cwe194-493-cpg-resolved.bin	tc493_flow2	CWE194_Unexpected_Sign_Extension__fscanf_memmove_13.c	65	CWE194_Unexpected_Sign_Extension__fscanf_memmove_13.c	76
/home/swlab-jueon/swvul/tools/java-vuln-detection/slicing/output/CPG/c/cwe194_cpg/cwe194-493-cpg-resolved.bin	tc493_flow3	CWE194_Unexpected_Sign_Extension__fscanf_memmove_13.c	92	CWE194_Unexpected_Sign_Extension__fscanf_memmove_13.c	103
/home/swlab-jueon/swvul/tools/java-vuln-detection/slicing/output/CPG/c/cwe194_cpg/cwe194-494-cpg-resolved.bin	tc494_flow1	CWE194_Unexpected_Sign_Extension__fscanf_memmove_14.c	29	CWE194_Unexpected_Sign_Extension__fscanf_memmove_14.c	40
/home/swlab-jueon/swvul/tools/java-vuln-detection/slicing/output/CPG/c/cwe194_cpg/cwe194-494-cpg-resolved.bin	tc494_flow2	CWE194_Unexpected_Sign_Extension__fscanf_memmove_14.c	65	CWE194_Unexpected_Sign_Extension__fscanf_memmove_14.c	76
/home/swlab-jueon/swvul/tools/java-vuln-detection/slicing/output/CPG/c/cwe194_cpg/cwe194-494-cpg-resolved.bin	tc494_flow3	CWE194_Unexpected_Sign_Extension__fscanf_memmove_14.c	92	CWE194_Unexpected_Sign_Extension__fscanf_memmove_14.c	103
/home/swlab-jueon/swvul/tools/java-vuln-detection/slicing/output/CPG/c/cwe194_cpg/cwe194-495-cpg-resolved.bin	tc495_flow1	CWE194_Unexpected_Sign_Extension__fscanf_memmove_15.c	30	CWE194_Unexpected_Sign_Extension__fscanf_memmove_15.c	46
/home/swlab-jueon/swvul/tools/java-vuln-detection/slicing/output/CPG/c/cwe194_cpg/cwe194-495-cpg-resolved.bin	tc495_flow2	CWE194_Unexpected_Sign_Extension__fscanf_memmove_15.c	71	CWE194_Unexpected_Sign_Extension__fscanf_memmove_15.c	83
/home/swlab-jueon/swvul/tools/java-vuln-detection/slicing/output/CPG/c/cwe194_cpg/cwe194-495-cpg-resolved.bin	tc495_flow3	CWE194_Unexpected_Sign_Extension__fscanf_memmove_15.c	100	CWE194_Unexpected_Sign_Extension__fscanf_memmove_15.c	116
/home/swlab-jueon/swvul/tools/java-vuln-detection/slicing/output/CPG/c/cwe194_cpg/cwe194-496-cpg-resolved.bin	tc496_flow1	CWE194_Unexpected_Sign_Extension__fscanf_memmove_16.c	29	CWE194_Unexpected_Sign_Extension__fscanf_memmove_16.c	41
/home/swlab-jueon/swvul/tools/java-vuln-detection/slicing/output/CPG/c/cwe194_cpg/cwe194-496-cpg-resolved.bin	tc496_flow2	CWE194_Unexpected_Sign_Extension__fscanf_memmove_16.c	61	CWE194_Unexpected_Sign_Extension__fscanf_memmove_16.c	73
/home/swlab-jueon/swvul/tools/java-vuln-detection/slicing/output/CPG/c/cwe194_cpg/cwe194-497-cpg-resolved.bin	tc497_flow1	CWE194_Unexpected_Sign_Extension__fscanf_memmove_17.c	30	CWE194_Unexpected_Sign_Extension__fscanf_memmove_17.c	41
/home/swlab-jueon/swvul/tools/java-vuln-detection/slicing/output/CPG/c/cwe194_cpg/cwe194-497-cpg-resolved.bin	tc497_flow2	CWE194_Unexpected_Sign_Extension__fscanf_memmove_17.c	62	CWE194_Unexpected_Sign_Extension__fscanf_memmove_17.c	73
/home/swlab-jueon/swvul/tools/java-vuln-detection/slicing/output/CPG/c/cwe194_cpg/cwe194-498-cpg-resolved.bin	tc498_flow1	CWE194_Unexpected_Sign_Extension__fscanf_memmove_18.c	29	CWE194_Unexpected_Sign_Extension__fscanf_memmove_18.c	39
/home/swlab-jueon/swvul/tools/java-vuln-detection/slicing/output/CPG/c/cwe194_cpg/cwe194-498-cpg-resolved.bin	tc498_flow2	CWE194_Unexpected_Sign_Extension__fscanf_memmove_18.c	59	CWE194_Unexpected_Sign_Extension__fscanf_memmove_18.c	69
/home/swlab-jueon/swvul/tools/java-vuln-detection/slicing/output/CPG/c/cwe194_cpg/cwe194-499-cpg-resolved.bin	tc499_flow1	CWE194_Unexpected_Sign_Extension__fscanf_memmove_21.c	29	CWE194_Unexpected_Sign_Extension__fscanf_memmove_21.c	50
/home/swlab-jueon/swvul/tools/java-vuln-detection/slicing/output/CPG/c/cwe194_cpg/cwe194-499-cpg-resolved.bin	tc499_flow2	CWE194_Unexpected_Sign_Extension__fscanf_memmove_21.c	76	CWE194_Unexpected_Sign_Extension__fscanf_memmove_21.c	97
/home/swlab-jueon/swvul/tools/java-vuln-detection/slicing/output/CPG/c/cwe194_cpg/cwe194-499-cpg-resolved.bin	tc499_flow3	CWE194_Unexpected_Sign_Extension__fscanf_memmove_21.c	110	CWE194_Unexpected_Sign_Extension__fscanf_memmove_21.c	131
/home/swlab-jueon/swvul/tools/java-vuln-detection/slicing/output/CPG/c/cwe194_cpg/cwe194-500-cpg-resolved.bin	tc500_flow1	CWE194_Unexpected_Sign_Extension__fscanf_memmove_22b.c	29	CWE194_Unexpected_Sign_Extension__fscanf_memmove_22a.c	42
/home/swlab-jueon/swvul/tools/java-vuln-detection/slicing/output/CPG/c/cwe194_cpg/cwe194-500-cpg-resolved.bin	tc500_flow2	CWE194_Unexpected_Sign_Extension__fscanf_memmove_22b.c	53	CWE194_Unexpected_Sign_Extension__fscanf_memmove_22a.c	76
/home/swlab-jueon/swvul/tools/java-vuln-detection/slicing/output/CPG/c/cwe194_cpg/cwe194-500-cpg-resolved.bin	tc500_flow3	CWE194_Unexpected_Sign_Extension__fscanf_memmove_22b.c	64	CWE194_Unexpected_Sign_Extension__fscanf_memmove_22a.c	102
/home/swlab-jueon/swvul/tools/java-vuln-detection/slicing/output/CPG/c/cwe194_cpg/cwe194-501-cpg-resolved.bin	tc501_flow1	CWE194_Unexpected_Sign_Extension__fscanf_memmove_31.c	27	CWE194_Unexpected_Sign_Extension__fscanf_memmove_31.c	40
/home/swlab-jueon/swvul/tools/java-vuln-detection/slicing/output/CPG/c/cwe194_cpg/cwe194-501-cpg-resolved.bin	tc501_flow2	CWE194_Unexpected_Sign_Extension__fscanf_memmove_31.c	59	CWE194_Unexpected_Sign_Extension__fscanf_memmove_31.c	72
/home/swlab-jueon/swvul/tools/java-vuln-detection/slicing/output/CPG/c/cwe194_cpg/cwe194-502-cpg-resolved.bin	tc502_flow1	CWE194_Unexpected_Sign_Extension__fscanf_memmove_32.c	31	CWE194_Unexpected_Sign_Extension__fscanf_memmove_32.c	45
/home/swlab-jueon/swvul/tools/java-vuln-detection/slicing/output/CPG/c/cwe194_cpg/cwe194-502-cpg-resolved.bin	tc502_flow2	CWE194_Unexpected_Sign_Extension__fscanf_memmove_32.c	68	CWE194_Unexpected_Sign_Extension__fscanf_memmove_32.c	82
/home/swlab-jueon/swvul/tools/java-vuln-detection/slicing/output/CPG/c/cwe194_cpg/cwe194-503-cpg-resolved.bin	tc503_flow1	CWE194_Unexpected_Sign_Extension__fscanf_memmove_33.cpp	31	CWE194_Unexpected_Sign_Extension__fscanf_memmove_33.cpp	43
/home/swlab-jueon/swvul/tools/java-vuln-detection/slicing/output/CPG/c/cwe194_cpg/cwe194-503-cpg-resolved.bin	tc503_flow2	CWE194_Unexpected_Sign_Extension__fscanf_memmove_33.cpp	63	CWE194_Unexpected_Sign_Extension__fscanf_memmove_33.cpp	75
/home/swlab-jueon/swvul/tools/java-vuln-detection/slicing/output/CPG/c/cwe194_cpg/cwe194-504-cpg-resolved.bin	tc504_flow1	CWE194_Unexpected_Sign_Extension__fscanf_memmove_34.c	34	CWE194_Unexpected_Sign_Extension__fscanf_memmove_34.c	47
/home/swlab-jueon/swvul/tools/java-vuln-detection/slicing/output/CPG/c/cwe194_cpg/cwe194-504-cpg-resolved.bin	tc504_flow2	CWE194_Unexpected_Sign_Extension__fscanf_memmove_34.c	67	CWE194_Unexpected_Sign_Extension__fscanf_memmove_34.c	80
/home/swlab-jueon/swvul/tools/java-vuln-detection/slicing/output/CPG/c/cwe194_cpg/cwe194-505-cpg-resolved.bin	tc505_flow1	CWE194_Unexpected_Sign_Extension__fscanf_memmove_41.c	45	CWE194_Unexpected_Sign_Extension__fscanf_memmove_41.c	32
/home/swlab-jueon/swvul/tools/java-vuln-detection/slicing/output/CPG/c/cwe194_cpg/cwe194-505-cpg-resolved.bin	tc505_flow2	CWE194_Unexpected_Sign_Extension__fscanf_memmove_41.c	78	CWE194_Unexpected_Sign_Extension__fscanf_memmove_41.c	64
/home/swlab-jueon/swvul/tools/java-vuln-detection/slicing/output/CPG/c/cwe194_cpg/cwe194-506-cpg-resolved.bin	tc506_flow1	CWE194_Unexpected_Sign_Extension__fscanf_memmove_42.c	24	CWE194_Unexpected_Sign_Extension__fscanf_memmove_42.c	43
/home/swlab-jueon/swvul/tools/java-vuln-detection/slicing/output/CPG/c/cwe194_cpg/cwe194-506-cpg-resolved.bin	tc506_flow2	CWE194_Unexpected_Sign_Extension__fscanf_memmove_42.c	57	CWE194_Unexpected_Sign_Extension__fscanf_memmove_42.c	77
/home/swlab-jueon/swvul/tools/java-vuln-detection/slicing/output/CPG/c/cwe194_cpg/cwe194-507-cpg-resolved.bin	tc507_flow1	CWE194_Unexpected_Sign_Extension__fscanf_memmove_43.cpp	27	CWE194_Unexpected_Sign_Extension__fscanf_memmove_43.cpp	45
/home/swlab-jueon/swvul/tools/java-vuln-detection/slicing/output/CPG/c/cwe194_cpg/cwe194-507-cpg-resolved.bin	tc507_flow2	CWE194_Unexpected_Sign_Extension__fscanf_memmove_43.cpp	60	CWE194_Unexpected_Sign_Extension__fscanf_memmove_43.cpp	78
/home/swlab-jueon/swvul/tools/java-vuln-detection/slicing/output/CPG/c/cwe194_cpg/cwe194-508-cpg-resolved.bin	tc508_flow1	CWE194_Unexpected_Sign_Extension__fscanf_memmove_44.c	47	CWE194_Unexpected_Sign_Extension__fscanf_memmove_44.c	32
/home/swlab-jueon/swvul/tools/java-vuln-detection/slicing/output/CPG/c/cwe194_cpg/cwe194-508-cpg-resolved.bin	tc508_flow2	CWE194_Unexpected_Sign_Extension__fscanf_memmove_44.c	82	CWE194_Unexpected_Sign_Extension__fscanf_memmove_44.c	68
/home/swlab-jueon/swvul/tools/java-vuln-detection/slicing/output/CPG/c/cwe194_cpg/cwe194-509-cpg-resolved.bin	tc509_flow1	CWE194_Unexpected_Sign_Extension__fscanf_memmove_45.c	49	CWE194_Unexpected_Sign_Extension__fscanf_memmove_45.c	36
/home/swlab-jueon/swvul/tools/java-vuln-detection/slicing/output/CPG/c/cwe194_cpg/cwe194-509-cpg-resolved.bin	tc509_flow2	CWE194_Unexpected_Sign_Extension__fscanf_memmove_45.c	84	CWE194_Unexpected_Sign_Extension__fscanf_memmove_45.c	71
/home/swlab-jueon/swvul/tools/java-vuln-detection/slicing/output/CPG/c/cwe194_cpg/cwe194-510-cpg-resolved.bin	tc510_flow1	CWE194_Unexpected_Sign_Extension__fscanf_memmove_51a.c	30	CWE194_Unexpected_Sign_Extension__fscanf_memmove_51b.c	34
/home/swlab-jueon/swvul/tools/java-vuln-detection/slicing/output/CPG/c/cwe194_cpg/cwe194-510-cpg-resolved.bin	tc510_flow2	CWE194_Unexpected_Sign_Extension__fscanf_memmove_51a.c	48	CWE194_Unexpected_Sign_Extension__fscanf_memmove_51b.c	57
/home/swlab-jueon/swvul/tools/java-vuln-detection/slicing/output/CPG/c/cwe194_cpg/cwe194-511-cpg-resolved.bin	tc511_flow1	CWE194_Unexpected_Sign_Extension__fscanf_memmove_52a.c	30	CWE194_Unexpected_Sign_Extension__fscanf_memmove_52c.c	34
/home/swlab-jueon/swvul/tools/java-vuln-detection/slicing/output/CPG/c/cwe194_cpg/cwe194-511-cpg-resolved.bin	tc511_flow2	CWE194_Unexpected_Sign_Extension__fscanf_memmove_52a.c	48	CWE194_Unexpected_Sign_Extension__fscanf_memmove_52c.c	57
/home/swlab-jueon/swvul/tools/java-vuln-detection/slicing/output/CPG/c/cwe194_cpg/cwe194-512-cpg-resolved.bin	tc512_flow1	CWE194_Unexpected_Sign_Extension__fscanf_memmove_53a.c	30	CWE194_Unexpected_Sign_Extension__fscanf_memmove_53d.c	34
/home/swlab-jueon/swvul/tools/java-vuln-detection/slicing/output/CPG/c/cwe194_cpg/cwe194-512-cpg-resolved.bin	tc512_flow2	CWE194_Unexpected_Sign_Extension__fscanf_memmove_53a.c	48	CWE194_Unexpected_Sign_Extension__fscanf_memmove_53d.c	57
/home/swlab-jueon/swvul/tools/java-vuln-detection/slicing/output/CPG/c/cwe194_cpg/cwe194-513-cpg-resolved.bin	tc513_flow1	CWE194_Unexpected_Sign_Extension__fscanf_memmove_54a.c	30	CWE194_Unexpected_Sign_Extension__fscanf_memmove_54e.c	34
/home/swlab-jueon/swvul/tools/java-vuln-detection/slicing/output/CPG/c/cwe194_cpg/cwe194-513-cpg-resolved.bin	tc513_flow2	CWE194_Unexpected_Sign_Extension__fscanf_memmove_54a.c	48	CWE194_Unexpected_Sign_Extension__fscanf_memmove_54e.c	57
/home/swlab-jueon/swvul/tools/java-vuln-detection/slicing/output/CPG/c/cwe194_cpg/cwe194-514-cpg-resolved.bin	tc514_flow1	CWE194_Unexpected_Sign_Extension__fscanf_memmove_61b.c	24	CWE194_Unexpected_Sign_Extension__fscanf_memmove_61a.c	39
/home/swlab-jueon/swvul/tools/java-vuln-detection/slicing/output/CPG/c/cwe194_cpg/cwe194-514-cpg-resolved.bin	tc514_flow2	CWE194_Unexpected_Sign_Extension__fscanf_memmove_61b.c	36	CWE194_Unexpected_Sign_Extension__fscanf_memmove_61a.c	68
/home/swlab-jueon/swvul/tools/java-vuln-detection/slicing/output/CPG/c/cwe194_cpg/cwe194-515-cpg-resolved.bin	tc515_flow1	CWE194_Unexpected_Sign_Extension__fscanf_memmove_62b.cpp	27	CWE194_Unexpected_Sign_Extension__fscanf_memmove_62a.cpp	42
/home/swlab-jueon/swvul/tools/java-vuln-detection/slicing/output/CPG/c/cwe194_cpg/cwe194-515-cpg-resolved.bin	tc515_flow2	CWE194_Unexpected_Sign_Extension__fscanf_memmove_62b.cpp	38	CWE194_Unexpected_Sign_Extension__fscanf_memmove_62a.cpp	71
/home/swlab-jueon/swvul/tools/java-vuln-detection/slicing/output/CPG/c/cwe194_cpg/cwe194-516-cpg-resolved.bin	tc516_flow1	CWE194_Unexpected_Sign_Extension__fscanf_memmove_63a.c	30	CWE194_Unexpected_Sign_Extension__fscanf_memmove_63b.c	33
/home/swlab-jueon/swvul/tools/java-vuln-detection/slicing/output/CPG/c/cwe194_cpg/cwe194-516-cpg-resolved.bin	tc516_flow2	CWE194_Unexpected_Sign_Extension__fscanf_memmove_63a.c	47	CWE194_Unexpected_Sign_Extension__fscanf_memmove_63b.c	57
/home/swlab-jueon/swvul/tools/java-vuln-detection/slicing/output/CPG/c/cwe194_cpg/cwe194-517-cpg-resolved.bin	tc517_flow1	CWE194_Unexpected_Sign_Extension__fscanf_memmove_64a.c	30	CWE194_Unexpected_Sign_Extension__fscanf_memmove_64b.c	36
/home/swlab-jueon/swvul/tools/java-vuln-detection/slicing/output/CPG/c/cwe194_cpg/cwe194-517-cpg-resolved.bin	tc517_flow2	CWE194_Unexpected_Sign_Extension__fscanf_memmove_64a.c	47	CWE194_Unexpected_Sign_Extension__fscanf_memmove_64b.c	63
/home/swlab-jueon/swvul/tools/java-vuln-detection/slicing/output/CPG/c/cwe194_cpg/cwe194-518-cpg-resolved.bin	tc518_flow1	CWE194_Unexpected_Sign_Extension__fscanf_memmove_65a.c	32	CWE194_Unexpected_Sign_Extension__fscanf_memmove_65b.c	32
/home/swlab-jueon/swvul/tools/java-vuln-detection/slicing/output/CPG/c/cwe194_cpg/cwe194-518-cpg-resolved.bin	tc518_flow2	CWE194_Unexpected_Sign_Extension__fscanf_memmove_65a.c	51	CWE194_Unexpected_Sign_Extension__fscanf_memmove_65b.c	55
/home/swlab-jueon/swvul/tools/java-vuln-detection/slicing/output/CPG/c/cwe194_cpg/cwe194-519-cpg-resolved.bin	tc519_flow1	CWE194_Unexpected_Sign_Extension__fscanf_memmove_66a.c	31	CWE194_Unexpected_Sign_Extension__fscanf_memmove_66b.c	34
/home/swlab-jueon/swvul/tools/java-vuln-detection/slicing/output/CPG/c/cwe194_cpg/cwe194-519-cpg-resolved.bin	tc519_flow2	CWE194_Unexpected_Sign_Extension__fscanf_memmove_66a.c	51	CWE194_Unexpected_Sign_Extension__fscanf_memmove_66b.c	58
/home/swlab-jueon/swvul/tools/java-vuln-detection/slicing/output/CPG/c/cwe194_cpg/cwe194-520-cpg-resolved.bin	tc520_flow1	CWE194_Unexpected_Sign_Extension__fscanf_memmove_67a.c	36	CWE194_Unexpected_Sign_Extension__fscanf_memmove_67b.c	38
/home/swlab-jueon/swvul/tools/java-vuln-detection/slicing/output/CPG/c/cwe194_cpg/cwe194-520-cpg-resolved.bin	tc520_flow2	CWE194_Unexpected_Sign_Extension__fscanf_memmove_67a.c	55	CWE194_Unexpected_Sign_Extension__fscanf_memmove_67b.c	62
/home/swlab-jueon/swvul/tools/java-vuln-detection/slicing/output/CPG/c/cwe194_cpg/cwe194-521-cpg-resolved.bin	tc521_flow1	CWE194_Unexpected_Sign_Extension__fscanf_memmove_68a.c	33	CWE194_Unexpected_Sign_Extension__fscanf_memmove_68b.c	38
/home/swlab-jueon/swvul/tools/java-vuln-detection/slicing/output/CPG/c/cwe194_cpg/cwe194-521-cpg-resolved.bin	tc521_flow2	CWE194_Unexpected_Sign_Extension__fscanf_memmove_68a.c	52	CWE194_Unexpected_Sign_Extension__fscanf_memmove_68b.c	62
/home/swlab-jueon/swvul/tools/java-vuln-detection/slicing/output/CPG/c/cwe194_cpg/cwe194-522-cpg-resolved.bin	tc522_flow1	CWE194_Unexpected_Sign_Extension__fscanf_memmove_72a.cpp	37	CWE194_Unexpected_Sign_Extension__fscanf_memmove_72b.cpp	40
/home/swlab-jueon/swvul/tools/java-vuln-detection/slicing/output/CPG/c/cwe194_cpg/cwe194-522-cpg-resolved.bin	tc522_flow2	CWE194_Unexpected_Sign_Extension__fscanf_memmove_72a.cpp	61	CWE194_Unexpected_Sign_Extension__fscanf_memmove_72b.cpp	64
/home/swlab-jueon/swvul/tools/java-vuln-detection/slicing/output/CPG/c/cwe194_cpg/cwe194-523-cpg-resolved.bin	tc523_flow1	CWE194_Unexpected_Sign_Extension__fscanf_memmove_73a.cpp	37	CWE194_Unexpected_Sign_Extension__fscanf_memmove_73b.cpp	40
/home/swlab-jueon/swvul/tools/java-vuln-detection/slicing/output/CPG/c/cwe194_cpg/cwe194-523-cpg-resolved.bin	tc523_flow2	CWE194_Unexpected_Sign_Extension__fscanf_memmove_73a.cpp	61	CWE194_Unexpected_Sign_Extension__fscanf_memmove_73b.cpp	64
/home/swlab-jueon/swvul/tools/java-vuln-detection/slicing/output/CPG/c/cwe194_cpg/cwe194-524-cpg-resolved.bin	tc524_flow1	CWE194_Unexpected_Sign_Extension__fscanf_memmove_74a.cpp	37	CWE194_Unexpected_Sign_Extension__fscanf_memmove_74b.cpp	40
/home/swlab-jueon/swvul/tools/java-vuln-detection/slicing/output/CPG/c/cwe194_cpg/cwe194-524-cpg-resolved.bin	tc524_flow2	CWE194_Unexpected_Sign_Extension__fscanf_memmove_74a.cpp	61	CWE194_Unexpected_Sign_Extension__fscanf_memmove_74b.cpp	64
/home/swlab-jueon/swvul/tools/java-vuln-detection/slicing/output/CPG/c/cwe194_cpg/cwe194-525-cpg-resolved.bin	tc525_flow1	CWE194_Unexpected_Sign_Extension__fscanf_memmove_81a.cpp	31	CWE194_Unexpected_Sign_Extension__fscanf_memmove_81_bad.cpp	35
/home/swlab-jueon/swvul/tools/java-vuln-detection/slicing/output/CPG/c/cwe194_cpg/cwe194-525-cpg-resolved.bin	tc525_flow2	CWE194_Unexpected_Sign_Extension__fscanf_memmove_81a.cpp	47	CWE194_Unexpected_Sign_Extension__fscanf_memmove_81_goodG2B.cpp	35
/home/swlab-jueon/swvul/tools/java-vuln-detection/slicing/output/CPG/c/cwe194_cpg/cwe194-526-cpg-resolved.bin	tc526_flow1	CWE194_Unexpected_Sign_Extension__fscanf_memmove_82a.cpp	31	CWE194_Unexpected_Sign_Extension__fscanf_memmove_82_bad.cpp	35
/home/swlab-jueon/swvul/tools/java-vuln-detection/slicing/output/CPG/c/cwe194_cpg/cwe194-526-cpg-resolved.bin	tc526_flow2	CWE194_Unexpected_Sign_Extension__fscanf_memmove_82a.cpp	48	CWE194_Unexpected_Sign_Extension__fscanf_memmove_82_goodG2B.cpp	35
/home/swlab-jueon/swvul/tools/java-vuln-detection/slicing/output/CPG/c/cwe194_cpg/cwe194-527-cpg-resolved.bin	tc527_flow1	CWE194_Unexpected_Sign_Extension__fscanf_memmove_83_bad.cpp	27	CWE194_Unexpected_Sign_Extension__fscanf_memmove_83_bad.cpp	41
/home/swlab-jueon/swvul/tools/java-vuln-detection/slicing/output/CPG/c/cwe194_cpg/cwe194-527-cpg-resolved.bin	tc527_flow2	CWE194_Unexpected_Sign_Extension__fscanf_memmove_83_goodG2B.cpp	27	CWE194_Unexpected_Sign_Extension__fscanf_memmove_83_goodG2B.cpp	41
/home/swlab-jueon/swvul/tools/java-vuln-detection/slicing/output/CPG/c/cwe194_cpg/cwe194-528-cpg-resolved.bin	tc528_flow1	CWE194_Unexpected_Sign_Extension__fscanf_memmove_84_bad.cpp	27	CWE194_Unexpected_Sign_Extension__fscanf_memmove_84_bad.cpp	41
/home/swlab-jueon/swvul/tools/java-vuln-detection/slicing/output/CPG/c/cwe194_cpg/cwe194-528-cpg-resolved.bin	tc528_flow2	CWE194_Unexpected_Sign_Extension__fscanf_memmove_84_goodG2B.cpp	27	CWE194_Unexpected_Sign_Extension__fscanf_memmove_84_goodG2B.cpp	41
/home/swlab-jueon/swvul/tools/java-vuln-detection/slicing/output/CPG/c/cwe194_cpg/cwe194-529-cpg-resolved.bin	tc529_flow1	CWE194_Unexpected_Sign_Extension__fscanf_strncpy_01.c	27	CWE194_Unexpected_Sign_Extension__fscanf_strncpy_01.c	37
/home/swlab-jueon/swvul/tools/java-vuln-detection/slicing/output/CPG/c/cwe194_cpg/cwe194-529-cpg-resolved.bin	tc529_flow2	CWE194_Unexpected_Sign_Extension__fscanf_strncpy_01.c	55	CWE194_Unexpected_Sign_Extension__fscanf_strncpy_01.c	65
/home/swlab-jueon/swvul/tools/java-vuln-detection/slicing/output/CPG/c/cwe194_cpg/cwe194-530-cpg-resolved.bin	tc530_flow1	CWE194_Unexpected_Sign_Extension__fscanf_strncpy_02.c	29	CWE194_Unexpected_Sign_Extension__fscanf_strncpy_02.c	40
/home/swlab-jueon/swvul/tools/java-vuln-detection/slicing/output/CPG/c/cwe194_cpg/cwe194-530-cpg-resolved.bin	tc530_flow2	CWE194_Unexpected_Sign_Extension__fscanf_strncpy_02.c	65	CWE194_Unexpected_Sign_Extension__fscanf_strncpy_02.c	76
/home/swlab-jueon/swvul/tools/java-vuln-detection/slicing/output/CPG/c/cwe194_cpg/cwe194-530-cpg-resolved.bin	tc530_flow3	CWE194_Unexpected_Sign_Extension__fscanf_strncpy_02.c	92	CWE194_Unexpected_Sign_Extension__fscanf_strncpy_02.c	103
/home/swlab-jueon/swvul/tools/java-vuln-detection/slicing/output/CPG/c/cwe194_cpg/cwe194-531-cpg-resolved.bin	tc531_flow1	CWE194_Unexpected_Sign_Extension__fscanf_strncpy_03.c	29	CWE194_Unexpected_Sign_Extension__fscanf_strncpy_03.c	40
/home/swlab-jueon/swvul/tools/java-vuln-detection/slicing/output/CPG/c/cwe194_cpg/cwe194-531-cpg-resolved.bin	tc531_flow2	CWE194_Unexpected_Sign_Extension__fscanf_strncpy_03.c	65	CWE194_Unexpected_Sign_Extension__fscanf_strncpy_03.c	76
/home/swlab-jueon/swvul/tools/java-vuln-detection/slicing/output/CPG/c/cwe194_cpg/cwe194-531-cpg-resolved.bin	tc531_flow3	CWE194_Unexpected_Sign_Extension__fscanf_strncpy_03.c	92	CWE194_Unexpected_Sign_Extension__fscanf_strncpy_03.c	103
/home/swlab-jueon/swvul/tools/java-vuln-detection/slicing/output/CPG/c/cwe194_cpg/cwe194-532-cpg-resolved.bin	tc532_flow1	CWE194_Unexpected_Sign_Extension__fscanf_strncpy_04.c	36	CWE194_Unexpected_Sign_Extension__fscanf_strncpy_04.c	47
/home/swlab-jueon/swvul/tools/java-vuln-detection/slicing/output/CPG/c/cwe194_cpg/cwe194-532-cpg-resolved.bin	tc532_flow2	CWE194_Unexpected_Sign_Extension__fscanf_strncpy_04.c	72	CWE194_Unexpected_Sign_Extension__fscanf_strncpy_04.c	83
/home/swlab-jueon/swvul/tools/java-vuln-detection/slicing/output/CPG/c/cwe194_cpg/cwe194-532-cpg-resolved.bin	tc532_flow3	CWE194_Unexpected_Sign_Extension__fscanf_strncpy_04.c	99	CWE194_Unexpected_Sign_Extension__fscanf_strncpy_04.c	110
/home/swlab-jueon/swvul/tools/java-vuln-detection/slicing/output/CPG/c/cwe194_cpg/cwe194-533-cpg-resolved.bin	tc533_flow1	CWE194_Unexpected_Sign_Extension__fscanf_strncpy_05.c	36	CWE194_Unexpected_Sign_Extension__fscanf_strncpy_05.c	47
/home/swlab-jueon/swvul/tools/java-vuln-detection/slicing/output/CPG/c/cwe194_cpg/cwe194-533-cpg-resolved.bin	tc533_flow2	CWE194_Unexpected_Sign_Extension__fscanf_strncpy_05.c	72	CWE194_Unexpected_Sign_Extension__fscanf_strncpy_05.c	83
/home/swlab-jueon/swvul/tools/java-vuln-detection/slicing/output/CPG/c/cwe194_cpg/cwe194-533-cpg-resolved.bin	tc533_flow3	CWE194_Unexpected_Sign_Extension__fscanf_strncpy_05.c	99	CWE194_Unexpected_Sign_Extension__fscanf_strncpy_05.c	110
/home/swlab-jueon/swvul/tools/java-vuln-detection/slicing/output/CPG/c/cwe194_cpg/cwe194-534-cpg-resolved.bin	tc534_flow1	CWE194_Unexpected_Sign_Extension__fscanf_strncpy_06.c	33	CWE194_Unexpected_Sign_Extension__fscanf_strncpy_06.c	44
/home/swlab-jueon/swvul/tools/java-vuln-detection/slicing/output/CPG/c/cwe194_cpg/cwe194-534-cpg-resolved.bin	tc534_flow2	CWE194_Unexpected_Sign_Extension__fscanf_strncpy_06.c	69	CWE194_Unexpected_Sign_Extension__fscanf_strncpy_06.c	80
/home/swlab-jueon/swvul/tools/java-vuln-detection/slicing/output/CPG/c/cwe194_cpg/cwe194-534-cpg-resolved.bin	tc534_flow3	CWE194_Unexpected_Sign_Extension__fscanf_strncpy_06.c	96	CWE194_Unexpected_Sign_Extension__fscanf_strncpy_06.c	107
/home/swlab-jueon/swvul/tools/java-vuln-detection/slicing/output/CPG/c/cwe194_cpg/cwe194-535-cpg-resolved.bin	tc535_flow1	CWE194_Unexpected_Sign_Extension__fscanf_strncpy_07.c	35	CWE194_Unexpected_Sign_Extension__fscanf_strncpy_07.c	46
/home/swlab-jueon/swvul/tools/java-vuln-detection/slicing/output/CPG/c/cwe194_cpg/cwe194-535-cpg-resolved.bin	tc535_flow2	CWE194_Unexpected_Sign_Extension__fscanf_strncpy_07.c	71	CWE194_Unexpected_Sign_Extension__fscanf_strncpy_07.c	82
/home/swlab-jueon/swvul/tools/java-vuln-detection/slicing/output/CPG/c/cwe194_cpg/cwe194-535-cpg-resolved.bin	tc535_flow3	CWE194_Unexpected_Sign_Extension__fscanf_strncpy_07.c	98	CWE194_Unexpected_Sign_Extension__fscanf_strncpy_07.c	109
/home/swlab-jueon/swvul/tools/java-vuln-detection/slicing/output/CPG/c/cwe194_cpg/cwe194-536-cpg-resolved.bin	tc536_flow1	CWE194_Unexpected_Sign_Extension__fscanf_strncpy_08.c	43	CWE194_Unexpected_Sign_Extension__fscanf_strncpy_08.c	54
/home/swlab-jueon/swvul/tools/java-vuln-detection/slicing/output/CPG/c/cwe194_cpg/cwe194-536-cpg-resolved.bin	tc536_flow2	CWE194_Unexpected_Sign_Extension__fscanf_strncpy_08.c	79	CWE194_Unexpected_Sign_Extension__fscanf_strncpy_08.c	90
/home/swlab-jueon/swvul/tools/java-vuln-detection/slicing/output/CPG/c/cwe194_cpg/cwe194-536-cpg-resolved.bin	tc536_flow3	CWE194_Unexpected_Sign_Extension__fscanf_strncpy_08.c	106	CWE194_Unexpected_Sign_Extension__fscanf_strncpy_08.c	117
/home/swlab-jueon/swvul/tools/java-vuln-detection/slicing/output/CPG/c/cwe194_cpg/cwe194-537-cpg-resolved.bin	tc537_flow1	CWE194_Unexpected_Sign_Extension__fscanf_strncpy_09.c	29	CWE194_Unexpected_Sign_Extension__fscanf_strncpy_09.c	40
/home/swlab-jueon/swvul/tools/java-vuln-detection/slicing/output/CPG/c/cwe194_cpg/cwe194-537-cpg-resolved.bin	tc537_flow2	CWE194_Unexpected_Sign_Extension__fscanf_strncpy_09.c	65	CWE194_Unexpected_Sign_Extension__fscanf_strncpy_09.c	76
/home/swlab-jueon/swvul/tools/java-vuln-detection/slicing/output/CPG/c/cwe194_cpg/cwe194-537-cpg-resolved.bin	tc537_flow3	CWE194_Unexpected_Sign_Extension__fscanf_strncpy_09.c	92	CWE194_Unexpected_Sign_Extension__fscanf_strncpy_09.c	103
/home/swlab-jueon/swvul/tools/java-vuln-detection/slicing/output/CPG/c/cwe194_cpg/cwe194-538-cpg-resolved.bin	tc538_flow1	CWE194_Unexpected_Sign_Extension__fscanf_strncpy_10.c	29	CWE194_Unexpected_Sign_Extension__fscanf_strncpy_10.c	40
/home/swlab-jueon/swvul/tools/java-vuln-detection/slicing/output/CPG/c/cwe194_cpg/cwe194-538-cpg-resolved.bin	tc538_flow2	CWE194_Unexpected_Sign_Extension__fscanf_strncpy_10.c	65	CWE194_Unexpected_Sign_Extension__fscanf_strncpy_10.c	76
/home/swlab-jueon/swvul/tools/java-vuln-detection/slicing/output/CPG/c/cwe194_cpg/cwe194-538-cpg-resolved.bin	tc538_flow3	CWE194_Unexpected_Sign_Extension__fscanf_strncpy_10.c	92	CWE194_Unexpected_Sign_Extension__fscanf_strncpy_10.c	103
/home/swlab-jueon/swvul/tools/java-vuln-detection/slicing/output/CPG/c/cwe194_cpg/cwe194-539-cpg-resolved.bin	tc539_flow1	CWE194_Unexpected_Sign_Extension__fscanf_strncpy_11.c	29	CWE194_Unexpected_Sign_Extension__fscanf_strncpy_11.c	40
/home/swlab-jueon/swvul/tools/java-vuln-detection/slicing/output/CPG/c/cwe194_cpg/cwe194-539-cpg-resolved.bin	tc539_flow2	CWE194_Unexpected_Sign_Extension__fscanf_strncpy_11.c	65	CWE194_Unexpected_Sign_Extension__fscanf_strncpy_11.c	76
/home/swlab-jueon/swvul/tools/java-vuln-detection/slicing/output/CPG/c/cwe194_cpg/cwe194-539-cpg-resolved.bin	tc539_flow3	CWE194_Unexpected_Sign_Extension__fscanf_strncpy_11.c	92	CWE194_Unexpected_Sign_Extension__fscanf_strncpy_11.c	103
/home/swlab-jueon/swvul/tools/java-vuln-detection/slicing/output/CPG/c/cwe194_cpg/cwe194-540-cpg-resolved.bin	tc540_flow1	CWE194_Unexpected_Sign_Extension__fscanf_strncpy_12.c	29	CWE194_Unexpected_Sign_Extension__fscanf_strncpy_12.c	45
/home/swlab-jueon/swvul/tools/java-vuln-detection/slicing/output/CPG/c/cwe194_cpg/cwe194-540-cpg-resolved.bin	tc540_flow2	CWE194_Unexpected_Sign_Extension__fscanf_strncpy_12.c	66	CWE194_Unexpected_Sign_Extension__fscanf_strncpy_12.c	82
/home/swlab-jueon/swvul/tools/java-vuln-detection/slicing/output/CPG/c/cwe194_cpg/cwe194-541-cpg-resolved.bin	tc541_flow1	CWE194_Unexpected_Sign_Extension__fscanf_strncpy_13.c	29	CWE194_Unexpected_Sign_Extension__fscanf_strncpy_13.c	40
/home/swlab-jueon/swvul/tools/java-vuln-detection/slicing/output/CPG/c/cwe194_cpg/cwe194-541-cpg-resolved.bin	tc541_flow2	CWE194_Unexpected_Sign_Extension__fscanf_strncpy_13.c	65	CWE194_Unexpected_Sign_Extension__fscanf_strncpy_13.c	76
/home/swlab-jueon/swvul/tools/java-vuln-detection/slicing/output/CPG/c/cwe194_cpg/cwe194-541-cpg-resolved.bin	tc541_flow3	CWE194_Unexpected_Sign_Extension__fscanf_strncpy_13.c	92	CWE194_Unexpected_Sign_Extension__fscanf_strncpy_13.c	103
/home/swlab-jueon/swvul/tools/java-vuln-detection/slicing/output/CPG/c/cwe194_cpg/cwe194-542-cpg-resolved.bin	tc542_flow1	CWE194_Unexpected_Sign_Extension__fscanf_strncpy_14.c	29	CWE194_Unexpected_Sign_Extension__fscanf_strncpy_14.c	40
/home/swlab-jueon/swvul/tools/java-vuln-detection/slicing/output/CPG/c/cwe194_cpg/cwe194-542-cpg-resolved.bin	tc542_flow2	CWE194_Unexpected_Sign_Extension__fscanf_strncpy_14.c	65	CWE194_Unexpected_Sign_Extension__fscanf_strncpy_14.c	76
/home/swlab-jueon/swvul/tools/java-vuln-detection/slicing/output/CPG/c/cwe194_cpg/cwe194-542-cpg-resolved.bin	tc542_flow3	CWE194_Unexpected_Sign_Extension__fscanf_strncpy_14.c	92	CWE194_Unexpected_Sign_Extension__fscanf_strncpy_14.c	103
/home/swlab-jueon/swvul/tools/java-vuln-detection/slicing/output/CPG/c/cwe194_cpg/cwe194-543-cpg-resolved.bin	tc543_flow1	CWE194_Unexpected_Sign_Extension__fscanf_strncpy_15.c	30	CWE194_Unexpected_Sign_Extension__fscanf_strncpy_15.c	46
/home/swlab-jueon/swvul/tools/java-vuln-detection/slicing/output/CPG/c/cwe194_cpg/cwe194-543-cpg-resolved.bin	tc543_flow2	CWE194_Unexpected_Sign_Extension__fscanf_strncpy_15.c	71	CWE194_Unexpected_Sign_Extension__fscanf_strncpy_15.c	83
/home/swlab-jueon/swvul/tools/java-vuln-detection/slicing/output/CPG/c/cwe194_cpg/cwe194-543-cpg-resolved.bin	tc543_flow3	CWE194_Unexpected_Sign_Extension__fscanf_strncpy_15.c	100	CWE194_Unexpected_Sign_Extension__fscanf_strncpy_15.c	116
/home/swlab-jueon/swvul/tools/java-vuln-detection/slicing/output/CPG/c/cwe194_cpg/cwe194-544-cpg-resolved.bin	tc544_flow1	CWE194_Unexpected_Sign_Extension__fscanf_strncpy_16.c	29	CWE194_Unexpected_Sign_Extension__fscanf_strncpy_16.c	41
/home/swlab-jueon/swvul/tools/java-vuln-detection/slicing/output/CPG/c/cwe194_cpg/cwe194-544-cpg-resolved.bin	tc544_flow2	CWE194_Unexpected_Sign_Extension__fscanf_strncpy_16.c	61	CWE194_Unexpected_Sign_Extension__fscanf_strncpy_16.c	73
/home/swlab-jueon/swvul/tools/java-vuln-detection/slicing/output/CPG/c/cwe194_cpg/cwe194-545-cpg-resolved.bin	tc545_flow1	CWE194_Unexpected_Sign_Extension__fscanf_strncpy_17.c	30	CWE194_Unexpected_Sign_Extension__fscanf_strncpy_17.c	41
/home/swlab-jueon/swvul/tools/java-vuln-detection/slicing/output/CPG/c/cwe194_cpg/cwe194-545-cpg-resolved.bin	tc545_flow2	CWE194_Unexpected_Sign_Extension__fscanf_strncpy_17.c	62	CWE194_Unexpected_Sign_Extension__fscanf_strncpy_17.c	73
/home/swlab-jueon/swvul/tools/java-vuln-detection/slicing/output/CPG/c/cwe194_cpg/cwe194-546-cpg-resolved.bin	tc546_flow1	CWE194_Unexpected_Sign_Extension__fscanf_strncpy_18.c	29	CWE194_Unexpected_Sign_Extension__fscanf_strncpy_18.c	39
/home/swlab-jueon/swvul/tools/java-vuln-detection/slicing/output/CPG/c/cwe194_cpg/cwe194-546-cpg-resolved.bin	tc546_flow2	CWE194_Unexpected_Sign_Extension__fscanf_strncpy_18.c	59	CWE194_Unexpected_Sign_Extension__fscanf_strncpy_18.c	69
/home/swlab-jueon/swvul/tools/java-vuln-detection/slicing/output/CPG/c/cwe194_cpg/cwe194-547-cpg-resolved.bin	tc547_flow1	CWE194_Unexpected_Sign_Extension__fscanf_strncpy_21.c	29	CWE194_Unexpected_Sign_Extension__fscanf_strncpy_21.c	50
/home/swlab-jueon/swvul/tools/java-vuln-detection/slicing/output/CPG/c/cwe194_cpg/cwe194-547-cpg-resolved.bin	tc547_flow2	CWE194_Unexpected_Sign_Extension__fscanf_strncpy_21.c	76	CWE194_Unexpected_Sign_Extension__fscanf_strncpy_21.c	97
/home/swlab-jueon/swvul/tools/java-vuln-detection/slicing/output/CPG/c/cwe194_cpg/cwe194-547-cpg-resolved.bin	tc547_flow3	CWE194_Unexpected_Sign_Extension__fscanf_strncpy_21.c	110	CWE194_Unexpected_Sign_Extension__fscanf_strncpy_21.c	131
/home/swlab-jueon/swvul/tools/java-vuln-detection/slicing/output/CPG/c/cwe194_cpg/cwe194-548-cpg-resolved.bin	tc548_flow1	CWE194_Unexpected_Sign_Extension__fscanf_strncpy_22b.c	29	CWE194_Unexpected_Sign_Extension__fscanf_strncpy_22a.c	42
/home/swlab-jueon/swvul/tools/java-vuln-detection/slicing/output/CPG/c/cwe194_cpg/cwe194-548-cpg-resolved.bin	tc548_flow2	CWE194_Unexpected_Sign_Extension__fscanf_strncpy_22b.c	53	CWE194_Unexpected_Sign_Extension__fscanf_strncpy_22a.c	76
/home/swlab-jueon/swvul/tools/java-vuln-detection/slicing/output/CPG/c/cwe194_cpg/cwe194-548-cpg-resolved.bin	tc548_flow3	CWE194_Unexpected_Sign_Extension__fscanf_strncpy_22b.c	64	CWE194_Unexpected_Sign_Extension__fscanf_strncpy_22a.c	102
/home/swlab-jueon/swvul/tools/java-vuln-detection/slicing/output/CPG/c/cwe194_cpg/cwe194-549-cpg-resolved.bin	tc549_flow1	CWE194_Unexpected_Sign_Extension__fscanf_strncpy_31.c	27	CWE194_Unexpected_Sign_Extension__fscanf_strncpy_31.c	40
/home/swlab-jueon/swvul/tools/java-vuln-detection/slicing/output/CPG/c/cwe194_cpg/cwe194-549-cpg-resolved.bin	tc549_flow2	CWE194_Unexpected_Sign_Extension__fscanf_strncpy_31.c	59	CWE194_Unexpected_Sign_Extension__fscanf_strncpy_31.c	72
/home/swlab-jueon/swvul/tools/java-vuln-detection/slicing/output/CPG/c/cwe194_cpg/cwe194-550-cpg-resolved.bin	tc550_flow1	CWE194_Unexpected_Sign_Extension__fscanf_strncpy_32.c	31	CWE194_Unexpected_Sign_Extension__fscanf_strncpy_32.c	45
/home/swlab-jueon/swvul/tools/java-vuln-detection/slicing/output/CPG/c/cwe194_cpg/cwe194-550-cpg-resolved.bin	tc550_flow2	CWE194_Unexpected_Sign_Extension__fscanf_strncpy_32.c	68	CWE194_Unexpected_Sign_Extension__fscanf_strncpy_32.c	82
/home/swlab-jueon/swvul/tools/java-vuln-detection/slicing/output/CPG/c/cwe194_cpg/cwe194-551-cpg-resolved.bin	tc551_flow1	CWE194_Unexpected_Sign_Extension__fscanf_strncpy_33.cpp	31	CWE194_Unexpected_Sign_Extension__fscanf_strncpy_33.cpp	43
/home/swlab-jueon/swvul/tools/java-vuln-detection/slicing/output/CPG/c/cwe194_cpg/cwe194-551-cpg-resolved.bin	tc551_flow2	CWE194_Unexpected_Sign_Extension__fscanf_strncpy_33.cpp	63	CWE194_Unexpected_Sign_Extension__fscanf_strncpy_33.cpp	75
/home/swlab-jueon/swvul/tools/java-vuln-detection/slicing/output/CPG/c/cwe194_cpg/cwe194-552-cpg-resolved.bin	tc552_flow1	CWE194_Unexpected_Sign_Extension__fscanf_strncpy_34.c	34	CWE194_Unexpected_Sign_Extension__fscanf_strncpy_34.c	47
/home/swlab-jueon/swvul/tools/java-vuln-detection/slicing/output/CPG/c/cwe194_cpg/cwe194-552-cpg-resolved.bin	tc552_flow2	CWE194_Unexpected_Sign_Extension__fscanf_strncpy_34.c	67	CWE194_Unexpected_Sign_Extension__fscanf_strncpy_34.c	80
/home/swlab-jueon/swvul/tools/java-vuln-detection/slicing/output/CPG/c/cwe194_cpg/cwe194-553-cpg-resolved.bin	tc553_flow1	CWE194_Unexpected_Sign_Extension__fscanf_strncpy_41.c	45	CWE194_Unexpected_Sign_Extension__fscanf_strncpy_41.c	32
/home/swlab-jueon/swvul/tools/java-vuln-detection/slicing/output/CPG/c/cwe194_cpg/cwe194-553-cpg-resolved.bin	tc553_flow2	CWE194_Unexpected_Sign_Extension__fscanf_strncpy_41.c	78	CWE194_Unexpected_Sign_Extension__fscanf_strncpy_41.c	64
/home/swlab-jueon/swvul/tools/java-vuln-detection/slicing/output/CPG/c/cwe194_cpg/cwe194-554-cpg-resolved.bin	tc554_flow1	CWE194_Unexpected_Sign_Extension__fscanf_strncpy_42.c	24	CWE194_Unexpected_Sign_Extension__fscanf_strncpy_42.c	43
/home/swlab-jueon/swvul/tools/java-vuln-detection/slicing/output/CPG/c/cwe194_cpg/cwe194-554-cpg-resolved.bin	tc554_flow2	CWE194_Unexpected_Sign_Extension__fscanf_strncpy_42.c	57	CWE194_Unexpected_Sign_Extension__fscanf_strncpy_42.c	77
/home/swlab-jueon/swvul/tools/java-vuln-detection/slicing/output/CPG/c/cwe194_cpg/cwe194-555-cpg-resolved.bin	tc555_flow1	CWE194_Unexpected_Sign_Extension__fscanf_strncpy_43.cpp	27	CWE194_Unexpected_Sign_Extension__fscanf_strncpy_43.cpp	45
/home/swlab-jueon/swvul/tools/java-vuln-detection/slicing/output/CPG/c/cwe194_cpg/cwe194-555-cpg-resolved.bin	tc555_flow2	CWE194_Unexpected_Sign_Extension__fscanf_strncpy_43.cpp	60	CWE194_Unexpected_Sign_Extension__fscanf_strncpy_43.cpp	78
/home/swlab-jueon/swvul/tools/java-vuln-detection/slicing/output/CPG/c/cwe194_cpg/cwe194-556-cpg-resolved.bin	tc556_flow1	CWE194_Unexpected_Sign_Extension__fscanf_strncpy_44.c	47	CWE194_Unexpected_Sign_Extension__fscanf_strncpy_44.c	32
/home/swlab-jueon/swvul/tools/java-vuln-detection/slicing/output/CPG/c/cwe194_cpg/cwe194-556-cpg-resolved.bin	tc556_flow2	CWE194_Unexpected_Sign_Extension__fscanf_strncpy_44.c	82	CWE194_Unexpected_Sign_Extension__fscanf_strncpy_44.c	68
/home/swlab-jueon/swvul/tools/java-vuln-detection/slicing/output/CPG/c/cwe194_cpg/cwe194-557-cpg-resolved.bin	tc557_flow1	CWE194_Unexpected_Sign_Extension__fscanf_strncpy_45.c	49	CWE194_Unexpected_Sign_Extension__fscanf_strncpy_45.c	36
/home/swlab-jueon/swvul/tools/java-vuln-detection/slicing/output/CPG/c/cwe194_cpg/cwe194-557-cpg-resolved.bin	tc557_flow2	CWE194_Unexpected_Sign_Extension__fscanf_strncpy_45.c	84	CWE194_Unexpected_Sign_Extension__fscanf_strncpy_45.c	71
/home/swlab-jueon/swvul/tools/java-vuln-detection/slicing/output/CPG/c/cwe194_cpg/cwe194-558-cpg-resolved.bin	tc558_flow1	CWE194_Unexpected_Sign_Extension__fscanf_strncpy_51a.c	30	CWE194_Unexpected_Sign_Extension__fscanf_strncpy_51b.c	34
/home/swlab-jueon/swvul/tools/java-vuln-detection/slicing/output/CPG/c/cwe194_cpg/cwe194-558-cpg-resolved.bin	tc558_flow2	CWE194_Unexpected_Sign_Extension__fscanf_strncpy_51a.c	48	CWE194_Unexpected_Sign_Extension__fscanf_strncpy_51b.c	57
/home/swlab-jueon/swvul/tools/java-vuln-detection/slicing/output/CPG/c/cwe194_cpg/cwe194-559-cpg-resolved.bin	tc559_flow1	CWE194_Unexpected_Sign_Extension__fscanf_strncpy_52a.c	30	CWE194_Unexpected_Sign_Extension__fscanf_strncpy_52c.c	34
/home/swlab-jueon/swvul/tools/java-vuln-detection/slicing/output/CPG/c/cwe194_cpg/cwe194-559-cpg-resolved.bin	tc559_flow2	CWE194_Unexpected_Sign_Extension__fscanf_strncpy_52a.c	48	CWE194_Unexpected_Sign_Extension__fscanf_strncpy_52c.c	57
/home/swlab-jueon/swvul/tools/java-vuln-detection/slicing/output/CPG/c/cwe194_cpg/cwe194-560-cpg-resolved.bin	tc560_flow1	CWE194_Unexpected_Sign_Extension__fscanf_strncpy_53a.c	30	CWE194_Unexpected_Sign_Extension__fscanf_strncpy_53d.c	34
/home/swlab-jueon/swvul/tools/java-vuln-detection/slicing/output/CPG/c/cwe194_cpg/cwe194-560-cpg-resolved.bin	tc560_flow2	CWE194_Unexpected_Sign_Extension__fscanf_strncpy_53a.c	48	CWE194_Unexpected_Sign_Extension__fscanf_strncpy_53d.c	57
/home/swlab-jueon/swvul/tools/java-vuln-detection/slicing/output/CPG/c/cwe194_cpg/cwe194-561-cpg-resolved.bin	tc561_flow1	CWE194_Unexpected_Sign_Extension__fscanf_strncpy_54a.c	30	CWE194_Unexpected_Sign_Extension__fscanf_strncpy_54e.c	34
/home/swlab-jueon/swvul/tools/java-vuln-detection/slicing/output/CPG/c/cwe194_cpg/cwe194-561-cpg-resolved.bin	tc561_flow2	CWE194_Unexpected_Sign_Extension__fscanf_strncpy_54a.c	48	CWE194_Unexpected_Sign_Extension__fscanf_strncpy_54e.c	57
/home/swlab-jueon/swvul/tools/java-vuln-detection/slicing/output/CPG/c/cwe194_cpg/cwe194-562-cpg-resolved.bin	tc562_flow1	CWE194_Unexpected_Sign_Extension__fscanf_strncpy_61b.c	24	CWE194_Unexpected_Sign_Extension__fscanf_strncpy_61a.c	39
/home/swlab-jueon/swvul/tools/java-vuln-detection/slicing/output/CPG/c/cwe194_cpg/cwe194-562-cpg-resolved.bin	tc562_flow2	CWE194_Unexpected_Sign_Extension__fscanf_strncpy_61b.c	36	CWE194_Unexpected_Sign_Extension__fscanf_strncpy_61a.c	68
/home/swlab-jueon/swvul/tools/java-vuln-detection/slicing/output/CPG/c/cwe194_cpg/cwe194-563-cpg-resolved.bin	tc563_flow1	CWE194_Unexpected_Sign_Extension__fscanf_strncpy_62b.cpp	27	CWE194_Unexpected_Sign_Extension__fscanf_strncpy_62a.cpp	42
/home/swlab-jueon/swvul/tools/java-vuln-detection/slicing/output/CPG/c/cwe194_cpg/cwe194-563-cpg-resolved.bin	tc563_flow2	CWE194_Unexpected_Sign_Extension__fscanf_strncpy_62b.cpp	38	CWE194_Unexpected_Sign_Extension__fscanf_strncpy_62a.cpp	71
/home/swlab-jueon/swvul/tools/java-vuln-detection/slicing/output/CPG/c/cwe194_cpg/cwe194-564-cpg-resolved.bin	tc564_flow1	CWE194_Unexpected_Sign_Extension__fscanf_strncpy_63a.c	30	CWE194_Unexpected_Sign_Extension__fscanf_strncpy_63b.c	33
/home/swlab-jueon/swvul/tools/java-vuln-detection/slicing/output/CPG/c/cwe194_cpg/cwe194-564-cpg-resolved.bin	tc564_flow2	CWE194_Unexpected_Sign_Extension__fscanf_strncpy_63a.c	47	CWE194_Unexpected_Sign_Extension__fscanf_strncpy_63b.c	57
/home/swlab-jueon/swvul/tools/java-vuln-detection/slicing/output/CPG/c/cwe194_cpg/cwe194-565-cpg-resolved.bin	tc565_flow1	CWE194_Unexpected_Sign_Extension__fscanf_strncpy_64a.c	30	CWE194_Unexpected_Sign_Extension__fscanf_strncpy_64b.c	36
/home/swlab-jueon/swvul/tools/java-vuln-detection/slicing/output/CPG/c/cwe194_cpg/cwe194-565-cpg-resolved.bin	tc565_flow2	CWE194_Unexpected_Sign_Extension__fscanf_strncpy_64a.c	47	CWE194_Unexpected_Sign_Extension__fscanf_strncpy_64b.c	63
/home/swlab-jueon/swvul/tools/java-vuln-detection/slicing/output/CPG/c/cwe194_cpg/cwe194-566-cpg-resolved.bin	tc566_flow1	CWE194_Unexpected_Sign_Extension__fscanf_strncpy_65a.c	32	CWE194_Unexpected_Sign_Extension__fscanf_strncpy_65b.c	32
/home/swlab-jueon/swvul/tools/java-vuln-detection/slicing/output/CPG/c/cwe194_cpg/cwe194-566-cpg-resolved.bin	tc566_flow2	CWE194_Unexpected_Sign_Extension__fscanf_strncpy_65a.c	51	CWE194_Unexpected_Sign_Extension__fscanf_strncpy_65b.c	55
/home/swlab-jueon/swvul/tools/java-vuln-detection/slicing/output/CPG/c/cwe194_cpg/cwe194-567-cpg-resolved.bin	tc567_flow1	CWE194_Unexpected_Sign_Extension__fscanf_strncpy_66a.c	31	CWE194_Unexpected_Sign_Extension__fscanf_strncpy_66b.c	34
/home/swlab-jueon/swvul/tools/java-vuln-detection/slicing/output/CPG/c/cwe194_cpg/cwe194-567-cpg-resolved.bin	tc567_flow2	CWE194_Unexpected_Sign_Extension__fscanf_strncpy_66a.c	51	CWE194_Unexpected_Sign_Extension__fscanf_strncpy_66b.c	58
/home/swlab-jueon/swvul/tools/java-vuln-detection/slicing/output/CPG/c/cwe194_cpg/cwe194-568-cpg-resolved.bin	tc568_flow1	CWE194_Unexpected_Sign_Extension__fscanf_strncpy_67a.c	36	CWE194_Unexpected_Sign_Extension__fscanf_strncpy_67b.c	38
/home/swlab-jueon/swvul/tools/java-vuln-detection/slicing/output/CPG/c/cwe194_cpg/cwe194-568-cpg-resolved.bin	tc568_flow2	CWE194_Unexpected_Sign_Extension__fscanf_strncpy_67a.c	55	CWE194_Unexpected_Sign_Extension__fscanf_strncpy_67b.c	62
/home/swlab-jueon/swvul/tools/java-vuln-detection/slicing/output/CPG/c/cwe194_cpg/cwe194-569-cpg-resolved.bin	tc569_flow1	CWE194_Unexpected_Sign_Extension__fscanf_strncpy_68a.c	33	CWE194_Unexpected_Sign_Extension__fscanf_strncpy_68b.c	38
/home/swlab-jueon/swvul/tools/java-vuln-detection/slicing/output/CPG/c/cwe194_cpg/cwe194-569-cpg-resolved.bin	tc569_flow2	CWE194_Unexpected_Sign_Extension__fscanf_strncpy_68a.c	52	CWE194_Unexpected_Sign_Extension__fscanf_strncpy_68b.c	62
/home/swlab-jueon/swvul/tools/java-vuln-detection/slicing/output/CPG/c/cwe194_cpg/cwe194-570-cpg-resolved.bin	tc570_flow1	CWE194_Unexpected_Sign_Extension__fscanf_strncpy_72a.cpp	37	CWE194_Unexpected_Sign_Extension__fscanf_strncpy_72b.cpp	40
/home/swlab-jueon/swvul/tools/java-vuln-detection/slicing/output/CPG/c/cwe194_cpg/cwe194-570-cpg-resolved.bin	tc570_flow2	CWE194_Unexpected_Sign_Extension__fscanf_strncpy_72a.cpp	61	CWE194_Unexpected_Sign_Extension__fscanf_strncpy_72b.cpp	64
/home/swlab-jueon/swvul/tools/java-vuln-detection/slicing/output/CPG/c/cwe194_cpg/cwe194-571-cpg-resolved.bin	tc571_flow1	CWE194_Unexpected_Sign_Extension__fscanf_strncpy_73a.cpp	37	CWE194_Unexpected_Sign_Extension__fscanf_strncpy_73b.cpp	40
/home/swlab-jueon/swvul/tools/java-vuln-detection/slicing/output/CPG/c/cwe194_cpg/cwe194-571-cpg-resolved.bin	tc571_flow2	CWE194_Unexpected_Sign_Extension__fscanf_strncpy_73a.cpp	61	CWE194_Unexpected_Sign_Extension__fscanf_strncpy_73b.cpp	64
/home/swlab-jueon/swvul/tools/java-vuln-detection/slicing/output/CPG/c/cwe194_cpg/cwe194-572-cpg-resolved.bin	tc572_flow1	CWE194_Unexpected_Sign_Extension__fscanf_strncpy_74a.cpp	37	CWE194_Unexpected_Sign_Extension__fscanf_strncpy_74b.cpp	40
/home/swlab-jueon/swvul/tools/java-vuln-detection/slicing/output/CPG/c/cwe194_cpg/cwe194-572-cpg-resolved.bin	tc572_flow2	CWE194_Unexpected_Sign_Extension__fscanf_strncpy_74a.cpp	61	CWE194_Unexpected_Sign_Extension__fscanf_strncpy_74b.cpp	64
/home/swlab-jueon/swvul/tools/java-vuln-detection/slicing/output/CPG/c/cwe194_cpg/cwe194-573-cpg-resolved.bin	tc573_flow1	CWE194_Unexpected_Sign_Extension__fscanf_strncpy_81a.cpp	31	CWE194_Unexpected_Sign_Extension__fscanf_strncpy_81_bad.cpp	35
/home/swlab-jueon/swvul/tools/java-vuln-detection/slicing/output/CPG/c/cwe194_cpg/cwe194-573-cpg-resolved.bin	tc573_flow2	CWE194_Unexpected_Sign_Extension__fscanf_strncpy_81a.cpp	47	CWE194_Unexpected_Sign_Extension__fscanf_strncpy_81_goodG2B.cpp	35
/home/swlab-jueon/swvul/tools/java-vuln-detection/slicing/output/CPG/c/cwe194_cpg/cwe194-574-cpg-resolved.bin	tc574_flow1	CWE194_Unexpected_Sign_Extension__fscanf_strncpy_82a.cpp	31	CWE194_Unexpected_Sign_Extension__fscanf_strncpy_82_bad.cpp	35
/home/swlab-jueon/swvul/tools/java-vuln-detection/slicing/output/CPG/c/cwe194_cpg/cwe194-574-cpg-resolved.bin	tc574_flow2	CWE194_Unexpected_Sign_Extension__fscanf_strncpy_82a.cpp	48	CWE194_Unexpected_Sign_Extension__fscanf_strncpy_82_goodG2B.cpp	35
/home/swlab-jueon/swvul/tools/java-vuln-detection/slicing/output/CPG/c/cwe194_cpg/cwe194-575-cpg-resolved.bin	tc575_flow1	CWE194_Unexpected_Sign_Extension__fscanf_strncpy_83_bad.cpp	27	CWE194_Unexpected_Sign_Extension__fscanf_strncpy_83_bad.cpp	41
/home/swlab-jueon/swvul/tools/java-vuln-detection/slicing/output/CPG/c/cwe194_cpg/cwe194-575-cpg-resolved.bin	tc575_flow2	CWE194_Unexpected_Sign_Extension__fscanf_strncpy_83_goodG2B.cpp	27	CWE194_Unexpected_Sign_Extension__fscanf_strncpy_83_goodG2B.cpp	41
/home/swlab-jueon/swvul/tools/java-vuln-detection/slicing/output/CPG/c/cwe194_cpg/cwe194-576-cpg-resolved.bin	tc576_flow1	CWE194_Unexpected_Sign_Extension__fscanf_strncpy_84_bad.cpp	27	CWE194_Unexpected_Sign_Extension__fscanf_strncpy_84_bad.cpp	41
/home/swlab-jueon/swvul/tools/java-vuln-detection/slicing/output/CPG/c/cwe194_cpg/cwe194-576-cpg-resolved.bin	tc576_flow2	CWE194_Unexpected_Sign_Extension__fscanf_strncpy_84_goodG2B.cpp	27	CWE194_Unexpected_Sign_Extension__fscanf_strncpy_84_goodG2B.cpp	41
/home/swlab-jueon/swvul/tools/java-vuln-detection/slicing/output/CPG/c/cwe194_cpg/cwe194-577-cpg-resolved.bin	tc577_flow1	CWE194_Unexpected_Sign_Extension__listen_socket_malloc_01.c	94	CWE194_Unexpected_Sign_Extension__listen_socket_malloc_01.c	133
/home/swlab-jueon/swvul/tools/java-vuln-detection/slicing/output/CPG/c/cwe194_cpg/cwe194-577-cpg-resolved.bin	tc577_flow2	CWE194_Unexpected_Sign_Extension__listen_socket_malloc_01.c	154	CWE194_Unexpected_Sign_Extension__listen_socket_malloc_01.c	160
/home/swlab-jueon/swvul/tools/java-vuln-detection/slicing/output/CPG/c/cwe194_cpg/cwe194-578-cpg-resolved.bin	tc578_flow1	CWE194_Unexpected_Sign_Extension__listen_socket_malloc_02.c	96	CWE194_Unexpected_Sign_Extension__listen_socket_malloc_02.c	136
/home/swlab-jueon/swvul/tools/java-vuln-detection/slicing/output/CPG/c/cwe194_cpg/cwe194-578-cpg-resolved.bin	tc578_flow2	CWE194_Unexpected_Sign_Extension__listen_socket_malloc_02.c	164	CWE194_Unexpected_Sign_Extension__listen_socket_malloc_02.c	171
/home/swlab-jueon/swvul/tools/java-vuln-detection/slicing/output/CPG/c/cwe194_cpg/cwe194-578-cpg-resolved.bin	tc578_flow3	CWE194_Unexpected_Sign_Extension__listen_socket_malloc_02.c	190	CWE194_Unexpected_Sign_Extension__listen_socket_malloc_02.c	197
/home/swlab-jueon/swvul/tools/java-vuln-detection/slicing/output/CPG/c/cwe194_cpg/cwe194-579-cpg-resolved.bin	tc579_flow1	CWE194_Unexpected_Sign_Extension__listen_socket_malloc_03.c	96	CWE194_Unexpected_Sign_Extension__listen_socket_malloc_03.c	136
/home/swlab-jueon/swvul/tools/java-vuln-detection/slicing/output/CPG/c/cwe194_cpg/cwe194-579-cpg-resolved.bin	tc579_flow2	CWE194_Unexpected_Sign_Extension__listen_socket_malloc_03.c	164	CWE194_Unexpected_Sign_Extension__listen_socket_malloc_03.c	171
/home/swlab-jueon/swvul/tools/java-vuln-detection/slicing/output/CPG/c/cwe194_cpg/cwe194-579-cpg-resolved.bin	tc579_flow3	CWE194_Unexpected_Sign_Extension__listen_socket_malloc_03.c	190	CWE194_Unexpected_Sign_Extension__listen_socket_malloc_03.c	197
/home/swlab-jueon/swvul/tools/java-vuln-detection/slicing/output/CPG/c/cwe194_cpg/cwe194-580-cpg-resolved.bin	tc580_flow1	CWE194_Unexpected_Sign_Extension__listen_socket_malloc_04.c	103	CWE194_Unexpected_Sign_Extension__listen_socket_malloc_04.c	143
/home/swlab-jueon/swvul/tools/java-vuln-detection/slicing/output/CPG/c/cwe194_cpg/cwe194-580-cpg-resolved.bin	tc580_flow2	CWE194_Unexpected_Sign_Extension__listen_socket_malloc_04.c	171	CWE194_Unexpected_Sign_Extension__listen_socket_malloc_04.c	178
/home/swlab-jueon/swvul/tools/java-vuln-detection/slicing/output/CPG/c/cwe194_cpg/cwe194-580-cpg-resolved.bin	tc580_flow3	CWE194_Unexpected_Sign_Extension__listen_socket_malloc_04.c	197	CWE194_Unexpected_Sign_Extension__listen_socket_malloc_04.c	204
/home/swlab-jueon/swvul/tools/java-vuln-detection/slicing/output/CPG/c/cwe194_cpg/cwe194-581-cpg-resolved.bin	tc581_flow1	CWE194_Unexpected_Sign_Extension__listen_socket_malloc_05.c	103	CWE194_Unexpected_Sign_Extension__listen_socket_malloc_05.c	143
/home/swlab-jueon/swvul/tools/java-vuln-detection/slicing/output/CPG/c/cwe194_cpg/cwe194-581-cpg-resolved.bin	tc581_flow2	CWE194_Unexpected_Sign_Extension__listen_socket_malloc_05.c	171	CWE194_Unexpected_Sign_Extension__listen_socket_malloc_05.c	178
/home/swlab-jueon/swvul/tools/java-vuln-detection/slicing/output/CPG/c/cwe194_cpg/cwe194-581-cpg-resolved.bin	tc581_flow3	CWE194_Unexpected_Sign_Extension__listen_socket_malloc_05.c	197	CWE194_Unexpected_Sign_Extension__listen_socket_malloc_05.c	204
/home/swlab-jueon/swvul/tools/java-vuln-detection/slicing/output/CPG/c/cwe194_cpg/cwe194-582-cpg-resolved.bin	tc582_flow1	CWE194_Unexpected_Sign_Extension__listen_socket_malloc_06.c	100	CWE194_Unexpected_Sign_Extension__listen_socket_malloc_06.c	140
/home/swlab-jueon/swvul/tools/java-vuln-detection/slicing/output/CPG/c/cwe194_cpg/cwe194-582-cpg-resolved.bin	tc582_flow2	CWE194_Unexpected_Sign_Extension__listen_socket_malloc_06.c	168	CWE194_Unexpected_Sign_Extension__listen_socket_malloc_06.c	175
/home/swlab-jueon/swvul/tools/java-vuln-detection/slicing/output/CPG/c/cwe194_cpg/cwe194-582-cpg-resolved.bin	tc582_flow3	CWE194_Unexpected_Sign_Extension__listen_socket_malloc_06.c	194	CWE194_Unexpected_Sign_Extension__listen_socket_malloc_06.c	201
/home/swlab-jueon/swvul/tools/java-vuln-detection/slicing/output/CPG/c/cwe194_cpg/cwe194-583-cpg-resolved.bin	tc583_flow1	CWE194_Unexpected_Sign_Extension__listen_socket_malloc_07.c	102	CWE194_Unexpected_Sign_Extension__listen_socket_malloc_07.c	142
/home/swlab-jueon/swvul/tools/java-vuln-detection/slicing/output/CPG/c/cwe194_cpg/cwe194-583-cpg-resolved.bin	tc583_flow2	CWE194_Unexpected_Sign_Extension__listen_socket_malloc_07.c	170	CWE194_Unexpected_Sign_Extension__listen_socket_malloc_07.c	177
/home/swlab-jueon/swvul/tools/java-vuln-detection/slicing/output/CPG/c/cwe194_cpg/cwe194-583-cpg-resolved.bin	tc583_flow3	CWE194_Unexpected_Sign_Extension__listen_socket_malloc_07.c	196	CWE194_Unexpected_Sign_Extension__listen_socket_malloc_07.c	203
/home/swlab-jueon/swvul/tools/java-vuln-detection/slicing/output/CPG/c/cwe194_cpg/cwe194-584-cpg-resolved.bin	tc584_flow1	CWE194_Unexpected_Sign_Extension__listen_socket_malloc_08.c	110	CWE194_Unexpected_Sign_Extension__listen_socket_malloc_08.c	150
/home/swlab-jueon/swvul/tools/java-vuln-detection/slicing/output/CPG/c/cwe194_cpg/cwe194-584-cpg-resolved.bin	tc584_flow2	CWE194_Unexpected_Sign_Extension__listen_socket_malloc_08.c	178	CWE194_Unexpected_Sign_Extension__listen_socket_malloc_08.c	185
/home/swlab-jueon/swvul/tools/java-vuln-detection/slicing/output/CPG/c/cwe194_cpg/cwe194-584-cpg-resolved.bin	tc584_flow3	CWE194_Unexpected_Sign_Extension__listen_socket_malloc_08.c	204	CWE194_Unexpected_Sign_Extension__listen_socket_malloc_08.c	211
/home/swlab-jueon/swvul/tools/java-vuln-detection/slicing/output/CPG/c/cwe194_cpg/cwe194-585-cpg-resolved.bin	tc585_flow1	CWE194_Unexpected_Sign_Extension__listen_socket_malloc_09.c	96	CWE194_Unexpected_Sign_Extension__listen_socket_malloc_09.c	136
/home/swlab-jueon/swvul/tools/java-vuln-detection/slicing/output/CPG/c/cwe194_cpg/cwe194-585-cpg-resolved.bin	tc585_flow2	CWE194_Unexpected_Sign_Extension__listen_socket_malloc_09.c	164	CWE194_Unexpected_Sign_Extension__listen_socket_malloc_09.c	171
/home/swlab-jueon/swvul/tools/java-vuln-detection/slicing/output/CPG/c/cwe194_cpg/cwe194-585-cpg-resolved.bin	tc585_flow3	CWE194_Unexpected_Sign_Extension__listen_socket_malloc_09.c	190	CWE194_Unexpected_Sign_Extension__listen_socket_malloc_09.c	197
/home/swlab-jueon/swvul/tools/java-vuln-detection/slicing/output/CPG/c/cwe194_cpg/cwe194-586-cpg-resolved.bin	tc586_flow1	CWE194_Unexpected_Sign_Extension__listen_socket_malloc_10.c	96	CWE194_Unexpected_Sign_Extension__listen_socket_malloc_10.c	136
/home/swlab-jueon/swvul/tools/java-vuln-detection/slicing/output/CPG/c/cwe194_cpg/cwe194-586-cpg-resolved.bin	tc586_flow2	CWE194_Unexpected_Sign_Extension__listen_socket_malloc_10.c	164	CWE194_Unexpected_Sign_Extension__listen_socket_malloc_10.c	171
/home/swlab-jueon/swvul/tools/java-vuln-detection/slicing/output/CPG/c/cwe194_cpg/cwe194-586-cpg-resolved.bin	tc586_flow3	CWE194_Unexpected_Sign_Extension__listen_socket_malloc_10.c	190	CWE194_Unexpected_Sign_Extension__listen_socket_malloc_10.c	197
/home/swlab-jueon/swvul/tools/java-vuln-detection/slicing/output/CPG/c/cwe194_cpg/cwe194-587-cpg-resolved.bin	tc587_flow1	CWE194_Unexpected_Sign_Extension__listen_socket_malloc_11.c	96	CWE194_Unexpected_Sign_Extension__listen_socket_malloc_11.c	136
/home/swlab-jueon/swvul/tools/java-vuln-detection/slicing/output/CPG/c/cwe194_cpg/cwe194-587-cpg-resolved.bin	tc587_flow2	CWE194_Unexpected_Sign_Extension__listen_socket_malloc_11.c	164	CWE194_Unexpected_Sign_Extension__listen_socket_malloc_11.c	171
/home/swlab-jueon/swvul/tools/java-vuln-detection/slicing/output/CPG/c/cwe194_cpg/cwe194-587-cpg-resolved.bin	tc587_flow3	CWE194_Unexpected_Sign_Extension__listen_socket_malloc_11.c	190	CWE194_Unexpected_Sign_Extension__listen_socket_malloc_11.c	197
/home/swlab-jueon/swvul/tools/java-vuln-detection/slicing/output/CPG/c/cwe194_cpg/cwe194-588-cpg-resolved.bin	tc588_flow1	CWE194_Unexpected_Sign_Extension__listen_socket_malloc_12.c	96	CWE194_Unexpected_Sign_Extension__listen_socket_malloc_12.c	141
/home/swlab-jueon/swvul/tools/java-vuln-detection/slicing/output/CPG/c/cwe194_cpg/cwe194-588-cpg-resolved.bin	tc588_flow2	CWE194_Unexpected_Sign_Extension__listen_socket_malloc_12.c	165	CWE194_Unexpected_Sign_Extension__listen_socket_malloc_12.c	177
/home/swlab-jueon/swvul/tools/java-vuln-detection/slicing/output/CPG/c/cwe194_cpg/cwe194-589-cpg-resolved.bin	tc589_flow1	CWE194_Unexpected_Sign_Extension__listen_socket_malloc_13.c	96	CWE194_Unexpected_Sign_Extension__listen_socket_malloc_13.c	136
/home/swlab-jueon/swvul/tools/java-vuln-detection/slicing/output/CPG/c/cwe194_cpg/cwe194-589-cpg-resolved.bin	tc589_flow2	CWE194_Unexpected_Sign_Extension__listen_socket_malloc_13.c	164	CWE194_Unexpected_Sign_Extension__listen_socket_malloc_13.c	171
/home/swlab-jueon/swvul/tools/java-vuln-detection/slicing/output/CPG/c/cwe194_cpg/cwe194-589-cpg-resolved.bin	tc589_flow3	CWE194_Unexpected_Sign_Extension__listen_socket_malloc_13.c	190	CWE194_Unexpected_Sign_Extension__listen_socket_malloc_13.c	197
/home/swlab-jueon/swvul/tools/java-vuln-detection/slicing/output/CPG/c/cwe194_cpg/cwe194-590-cpg-resolved.bin	tc590_flow1	CWE194_Unexpected_Sign_Extension__listen_socket_malloc_14.c	96	CWE194_Unexpected_Sign_Extension__listen_socket_malloc_14.c	136
/home/swlab-jueon/swvul/tools/java-vuln-detection/slicing/output/CPG/c/cwe194_cpg/cwe194-590-cpg-resolved.bin	tc590_flow2	CWE194_Unexpected_Sign_Extension__listen_socket_malloc_14.c	164	CWE194_Unexpected_Sign_Extension__listen_socket_malloc_14.c	171
/home/swlab-jueon/swvul/tools/java-vuln-detection/slicing/output/CPG/c/cwe194_cpg/cwe194-590-cpg-resolved.bin	tc590_flow3	CWE194_Unexpected_Sign_Extension__listen_socket_malloc_14.c	190	CWE194_Unexpected_Sign_Extension__listen_socket_malloc_14.c	197
/home/swlab-jueon/swvul/tools/java-vuln-detection/slicing/output/CPG/c/cwe194_cpg/cwe194-591-cpg-resolved.bin	tc591_flow1	CWE194_Unexpected_Sign_Extension__listen_socket_malloc_15.c	97	CWE194_Unexpected_Sign_Extension__listen_socket_malloc_15.c	142
/home/swlab-jueon/swvul/tools/java-vuln-detection/slicing/output/CPG/c/cwe194_cpg/cwe194-591-cpg-resolved.bin	tc591_flow2	CWE194_Unexpected_Sign_Extension__listen_socket_malloc_15.c	170	CWE194_Unexpected_Sign_Extension__listen_socket_malloc_15.c	178
/home/swlab-jueon/swvul/tools/java-vuln-detection/slicing/output/CPG/c/cwe194_cpg/cwe194-591-cpg-resolved.bin	tc591_flow3	CWE194_Unexpected_Sign_Extension__listen_socket_malloc_15.c	198	CWE194_Unexpected_Sign_Extension__listen_socket_malloc_15.c	210
/home/swlab-jueon/swvul/tools/java-vuln-detection/slicing/output/CPG/c/cwe194_cpg/cwe194-592-cpg-resolved.bin	tc592_flow1	CWE194_Unexpected_Sign_Extension__listen_socket_malloc_16.c	96	CWE194_Unexpected_Sign_Extension__listen_socket_malloc_16.c	137
/home/swlab-jueon/swvul/tools/java-vuln-detection/slicing/output/CPG/c/cwe194_cpg/cwe194-592-cpg-resolved.bin	tc592_flow2	CWE194_Unexpected_Sign_Extension__listen_socket_malloc_16.c	160	CWE194_Unexpected_Sign_Extension__listen_socket_malloc_16.c	168
/home/swlab-jueon/swvul/tools/java-vuln-detection/slicing/output/CPG/c/cwe194_cpg/cwe194-593-cpg-resolved.bin	tc593_flow1	CWE194_Unexpected_Sign_Extension__listen_socket_malloc_17.c	97	CWE194_Unexpected_Sign_Extension__listen_socket_malloc_17.c	137
/home/swlab-jueon/swvul/tools/java-vuln-detection/slicing/output/CPG/c/cwe194_cpg/cwe194-593-cpg-resolved.bin	tc593_flow2	CWE194_Unexpected_Sign_Extension__listen_socket_malloc_17.c	161	CWE194_Unexpected_Sign_Extension__listen_socket_malloc_17.c	168
/home/swlab-jueon/swvul/tools/java-vuln-detection/slicing/output/CPG/c/cwe194_cpg/cwe194-594-cpg-resolved.bin	tc594_flow1	CWE194_Unexpected_Sign_Extension__listen_socket_malloc_18.c	96	CWE194_Unexpected_Sign_Extension__listen_socket_malloc_18.c	135
/home/swlab-jueon/swvul/tools/java-vuln-detection/slicing/output/CPG/c/cwe194_cpg/cwe194-594-cpg-resolved.bin	tc594_flow2	CWE194_Unexpected_Sign_Extension__listen_socket_malloc_18.c	158	CWE194_Unexpected_Sign_Extension__listen_socket_malloc_18.c	164
/home/swlab-jueon/swvul/tools/java-vuln-detection/slicing/output/CPG/c/cwe194_cpg/cwe194-595-cpg-resolved.bin	tc595_flow1	CWE194_Unexpected_Sign_Extension__listen_socket_malloc_21.c	96	CWE194_Unexpected_Sign_Extension__listen_socket_malloc_21.c	146
/home/swlab-jueon/swvul/tools/java-vuln-detection/slicing/output/CPG/c/cwe194_cpg/cwe194-595-cpg-resolved.bin	tc595_flow2	CWE194_Unexpected_Sign_Extension__listen_socket_malloc_21.c	175	CWE194_Unexpected_Sign_Extension__listen_socket_malloc_21.c	192
/home/swlab-jueon/swvul/tools/java-vuln-detection/slicing/output/CPG/c/cwe194_cpg/cwe194-595-cpg-resolved.bin	tc595_flow3	CWE194_Unexpected_Sign_Extension__listen_socket_malloc_21.c	208	CWE194_Unexpected_Sign_Extension__listen_socket_malloc_21.c	225
/home/swlab-jueon/swvul/tools/java-vuln-detection/slicing/output/CPG/c/cwe194_cpg/cwe194-596-cpg-resolved.bin	tc596_flow1	CWE194_Unexpected_Sign_Extension__listen_socket_malloc_22b.c	96	CWE194_Unexpected_Sign_Extension__listen_socket_malloc_22a.c	38
/home/swlab-jueon/swvul/tools/java-vuln-detection/slicing/output/CPG/c/cwe194_cpg/cwe194-596-cpg-resolved.bin	tc596_flow2	CWE194_Unexpected_Sign_Extension__listen_socket_malloc_22b.c	153	CWE194_Unexpected_Sign_Extension__listen_socket_malloc_22a.c	71
/home/swlab-jueon/swvul/tools/java-vuln-detection/slicing/output/CPG/c/cwe194_cpg/cwe194-596-cpg-resolved.bin	tc596_flow3	CWE194_Unexpected_Sign_Extension__listen_socket_malloc_22b.c	164	CWE194_Unexpected_Sign_Extension__listen_socket_malloc_22a.c	96
/home/swlab-jueon/swvul/tools/java-vuln-detection/slicing/output/CPG/c/cwe194_cpg/cwe194-597-cpg-resolved.bin	tc597_flow1	CWE194_Unexpected_Sign_Extension__listen_socket_malloc_31.c	94	CWE194_Unexpected_Sign_Extension__listen_socket_malloc_31.c	136
/home/swlab-jueon/swvul/tools/java-vuln-detection/slicing/output/CPG/c/cwe194_cpg/cwe194-597-cpg-resolved.bin	tc597_flow2	CWE194_Unexpected_Sign_Extension__listen_socket_malloc_31.c	158	CWE194_Unexpected_Sign_Extension__listen_socket_malloc_31.c	167
/home/swlab-jueon/swvul/tools/java-vuln-detection/slicing/output/CPG/c/cwe194_cpg/cwe194-598-cpg-resolved.bin	tc598_flow1	CWE194_Unexpected_Sign_Extension__listen_socket_malloc_32.c	98	CWE194_Unexpected_Sign_Extension__listen_socket_malloc_32.c	141
/home/swlab-jueon/swvul/tools/java-vuln-detection/slicing/output/CPG/c/cwe194_cpg/cwe194-598-cpg-resolved.bin	tc598_flow2	CWE194_Unexpected_Sign_Extension__listen_socket_malloc_32.c	167	CWE194_Unexpected_Sign_Extension__listen_socket_malloc_32.c	177
/home/swlab-jueon/swvul/tools/java-vuln-detection/slicing/output/CPG/c/cwe194_cpg/cwe194-599-cpg-resolved.bin	tc599_flow1	CWE194_Unexpected_Sign_Extension__listen_socket_malloc_33.cpp	98	CWE194_Unexpected_Sign_Extension__listen_socket_malloc_33.cpp	139
/home/swlab-jueon/swvul/tools/java-vuln-detection/slicing/output/CPG/c/cwe194_cpg/cwe194-599-cpg-resolved.bin	tc599_flow2	CWE194_Unexpected_Sign_Extension__listen_socket_malloc_33.cpp	162	CWE194_Unexpected_Sign_Extension__listen_socket_malloc_33.cpp	170
/home/swlab-jueon/swvul/tools/java-vuln-detection/slicing/output/CPG/c/cwe194_cpg/cwe194-600-cpg-resolved.bin	tc600_flow1	CWE194_Unexpected_Sign_Extension__listen_socket_malloc_34.c	101	CWE194_Unexpected_Sign_Extension__listen_socket_malloc_34.c	143
/home/swlab-jueon/swvul/tools/java-vuln-detection/slicing/output/CPG/c/cwe194_cpg/cwe194-600-cpg-resolved.bin	tc600_flow2	CWE194_Unexpected_Sign_Extension__listen_socket_malloc_34.c	166	CWE194_Unexpected_Sign_Extension__listen_socket_malloc_34.c	175
/home/swlab-jueon/swvul/tools/java-vuln-detection/slicing/output/CPG/c/cwe194_cpg/cwe194-601-cpg-resolved.bin	tc601_flow1	CWE194_Unexpected_Sign_Extension__listen_socket_malloc_41.c	111	CWE194_Unexpected_Sign_Extension__listen_socket_malloc_41.c	51
/home/swlab-jueon/swvul/tools/java-vuln-detection/slicing/output/CPG/c/cwe194_cpg/cwe194-601-cpg-resolved.bin	tc601_flow2	CWE194_Unexpected_Sign_Extension__listen_socket_malloc_41.c	176	CWE194_Unexpected_Sign_Extension__listen_socket_malloc_41.c	159
/home/swlab-jueon/swvul/tools/java-vuln-detection/slicing/output/CPG/c/cwe194_cpg/cwe194-602-cpg-resolved.bin	tc602_flow1	CWE194_Unexpected_Sign_Extension__listen_socket_malloc_42.c	91	CWE194_Unexpected_Sign_Extension__listen_socket_malloc_42.c	139
/home/swlab-jueon/swvul/tools/java-vuln-detection/slicing/output/CPG/c/cwe194_cpg/cwe194-602-cpg-resolved.bin	tc602_flow2	CWE194_Unexpected_Sign_Extension__listen_socket_malloc_42.c	156	CWE194_Unexpected_Sign_Extension__listen_socket_malloc_42.c	172
/home/swlab-jueon/swvul/tools/java-vuln-detection/slicing/output/CPG/c/cwe194_cpg/cwe194-603-cpg-resolved.bin	tc603_flow1	CWE194_Unexpected_Sign_Extension__listen_socket_malloc_43.cpp	94	CWE194_Unexpected_Sign_Extension__listen_socket_malloc_43.cpp	141
/home/swlab-jueon/swvul/tools/java-vuln-detection/slicing/output/CPG/c/cwe194_cpg/cwe194-603-cpg-resolved.bin	tc603_flow2	CWE194_Unexpected_Sign_Extension__listen_socket_malloc_43.cpp	159	CWE194_Unexpected_Sign_Extension__listen_socket_malloc_43.cpp	173
/home/swlab-jueon/swvul/tools/java-vuln-detection/slicing/output/CPG/c/cwe194_cpg/cwe194-604-cpg-resolved.bin	tc604_flow1	CWE194_Unexpected_Sign_Extension__listen_socket_malloc_44.c	113	CWE194_Unexpected_Sign_Extension__listen_socket_malloc_44.c	51
/home/swlab-jueon/swvul/tools/java-vuln-detection/slicing/output/CPG/c/cwe194_cpg/cwe194-604-cpg-resolved.bin	tc604_flow2	CWE194_Unexpected_Sign_Extension__listen_socket_malloc_44.c	180	CWE194_Unexpected_Sign_Extension__listen_socket_malloc_44.c	163
/home/swlab-jueon/swvul/tools/java-vuln-detection/slicing/output/CPG/c/cwe194_cpg/cwe194-605-cpg-resolved.bin	tc605_flow1	CWE194_Unexpected_Sign_Extension__listen_socket_malloc_45.c	115	CWE194_Unexpected_Sign_Extension__listen_socket_malloc_45.c	55
/home/swlab-jueon/swvul/tools/java-vuln-detection/slicing/output/CPG/c/cwe194_cpg/cwe194-605-cpg-resolved.bin	tc605_flow2	CWE194_Unexpected_Sign_Extension__listen_socket_malloc_45.c	182	CWE194_Unexpected_Sign_Extension__listen_socket_malloc_45.c	166
/home/swlab-jueon/swvul/tools/java-vuln-detection/slicing/output/CPG/c/cwe194_cpg/cwe194-606-cpg-resolved.bin	tc606_flow1	CWE194_Unexpected_Sign_Extension__listen_socket_malloc_51a.c	97	CWE194_Unexpected_Sign_Extension__listen_socket_malloc_51b.c	53
/home/swlab-jueon/swvul/tools/java-vuln-detection/slicing/output/CPG/c/cwe194_cpg/cwe194-606-cpg-resolved.bin	tc606_flow2	CWE194_Unexpected_Sign_Extension__listen_socket_malloc_51a.c	148	CWE194_Unexpected_Sign_Extension__listen_socket_malloc_51b.c	75
/home/swlab-jueon/swvul/tools/java-vuln-detection/slicing/output/CPG/c/cwe194_cpg/cwe194-607-cpg-resolved.bin	tc607_flow1	CWE194_Unexpected_Sign_Extension__listen_socket_malloc_52a.c	97	CWE194_Unexpected_Sign_Extension__listen_socket_malloc_52c.c	53
/home/swlab-jueon/swvul/tools/java-vuln-detection/slicing/output/CPG/c/cwe194_cpg/cwe194-607-cpg-resolved.bin	tc607_flow2	CWE194_Unexpected_Sign_Extension__listen_socket_malloc_52a.c	148	CWE194_Unexpected_Sign_Extension__listen_socket_malloc_52c.c	75
/home/swlab-jueon/swvul/tools/java-vuln-detection/slicing/output/CPG/c/cwe194_cpg/cwe194-608-cpg-resolved.bin	tc608_flow1	CWE194_Unexpected_Sign_Extension__listen_socket_malloc_53a.c	97	CWE194_Unexpected_Sign_Extension__listen_socket_malloc_53d.c	53
/home/swlab-jueon/swvul/tools/java-vuln-detection/slicing/output/CPG/c/cwe194_cpg/cwe194-608-cpg-resolved.bin	tc608_flow2	CWE194_Unexpected_Sign_Extension__listen_socket_malloc_53a.c	148	CWE194_Unexpected_Sign_Extension__listen_socket_malloc_53d.c	75
/home/swlab-jueon/swvul/tools/java-vuln-detection/slicing/output/CPG/c/cwe194_cpg/cwe194-609-cpg-resolved.bin	tc609_flow1	CWE194_Unexpected_Sign_Extension__listen_socket_malloc_54a.c	97	CWE194_Unexpected_Sign_Extension__listen_socket_malloc_54e.c	53
/home/swlab-jueon/swvul/tools/java-vuln-detection/slicing/output/CPG/c/cwe194_cpg/cwe194-609-cpg-resolved.bin	tc609_flow2	CWE194_Unexpected_Sign_Extension__listen_socket_malloc_54a.c	148	CWE194_Unexpected_Sign_Extension__listen_socket_malloc_54e.c	75
/home/swlab-jueon/swvul/tools/java-vuln-detection/slicing/output/CPG/c/cwe194_cpg/cwe194-610-cpg-resolved.bin	tc610_flow1	CWE194_Unexpected_Sign_Extension__listen_socket_malloc_61b.c	91	CWE194_Unexpected_Sign_Extension__listen_socket_malloc_61a.c	58
/home/swlab-jueon/swvul/tools/java-vuln-detection/slicing/output/CPG/c/cwe194_cpg/cwe194-610-cpg-resolved.bin	tc610_flow2	CWE194_Unexpected_Sign_Extension__listen_socket_malloc_61b.c	136	CWE194_Unexpected_Sign_Extension__listen_socket_malloc_61a.c	86
/home/swlab-jueon/swvul/tools/java-vuln-detection/slicing/output/CPG/c/cwe194_cpg/cwe194-611-cpg-resolved.bin	tc611_flow1	CWE194_Unexpected_Sign_Extension__listen_socket_malloc_62b.cpp	94	CWE194_Unexpected_Sign_Extension__listen_socket_malloc_62a.cpp	38
/home/swlab-jueon/swvul/tools/java-vuln-detection/slicing/output/CPG/c/cwe194_cpg/cwe194-611-cpg-resolved.bin	tc611_flow2	CWE194_Unexpected_Sign_Extension__listen_socket_malloc_62b.cpp	138	CWE194_Unexpected_Sign_Extension__listen_socket_malloc_62a.cpp	66
/home/swlab-jueon/swvul/tools/java-vuln-detection/slicing/output/CPG/c/cwe194_cpg/cwe194-612-cpg-resolved.bin	tc612_flow1	CWE194_Unexpected_Sign_Extension__listen_socket_malloc_63a.c	97	CWE194_Unexpected_Sign_Extension__listen_socket_malloc_63b.c	52
/home/swlab-jueon/swvul/tools/java-vuln-detection/slicing/output/CPG/c/cwe194_cpg/cwe194-612-cpg-resolved.bin	tc612_flow2	CWE194_Unexpected_Sign_Extension__listen_socket_malloc_63a.c	147	CWE194_Unexpected_Sign_Extension__listen_socket_malloc_63b.c	75
/home/swlab-jueon/swvul/tools/java-vuln-detection/slicing/output/CPG/c/cwe194_cpg/cwe194-613-cpg-resolved.bin	tc613_flow1	CWE194_Unexpected_Sign_Extension__listen_socket_malloc_64a.c	97	CWE194_Unexpected_Sign_Extension__listen_socket_malloc_64b.c	55
/home/swlab-jueon/swvul/tools/java-vuln-detection/slicing/output/CPG/c/cwe194_cpg/cwe194-613-cpg-resolved.bin	tc613_flow2	CWE194_Unexpected_Sign_Extension__listen_socket_malloc_64a.c	147	CWE194_Unexpected_Sign_Extension__listen_socket_malloc_64b.c	81
/home/swlab-jueon/swvul/tools/java-vuln-detection/slicing/output/CPG/c/cwe194_cpg/cwe194-614-cpg-resolved.bin	tc614_flow1	CWE194_Unexpected_Sign_Extension__listen_socket_malloc_65a.c	99	CWE194_Unexpected_Sign_Extension__listen_socket_malloc_65b.c	51
/home/swlab-jueon/swvul/tools/java-vuln-detection/slicing/output/CPG/c/cwe194_cpg/cwe194-614-cpg-resolved.bin	tc614_flow2	CWE194_Unexpected_Sign_Extension__listen_socket_malloc_65a.c	151	CWE194_Unexpected_Sign_Extension__listen_socket_malloc_65b.c	73
/home/swlab-jueon/swvul/tools/java-vuln-detection/slicing/output/CPG/c/cwe194_cpg/cwe194-615-cpg-resolved.bin	tc615_flow1	CWE194_Unexpected_Sign_Extension__listen_socket_malloc_66a.c	98	CWE194_Unexpected_Sign_Extension__listen_socket_malloc_66b.c	53
/home/swlab-jueon/swvul/tools/java-vuln-detection/slicing/output/CPG/c/cwe194_cpg/cwe194-615-cpg-resolved.bin	tc615_flow2	CWE194_Unexpected_Sign_Extension__listen_socket_malloc_66a.c	151	CWE194_Unexpected_Sign_Extension__listen_socket_malloc_66b.c	76
/home/swlab-jueon/swvul/tools/java-vuln-detection/slicing/output/CPG/c/cwe194_cpg/cwe194-616-cpg-resolved.bin	tc616_flow1	CWE194_Unexpected_Sign_Extension__listen_socket_malloc_67a.c	103	CWE194_Unexpected_Sign_Extension__listen_socket_malloc_67b.c	57
/home/swlab-jueon/swvul/tools/java-vuln-detection/slicing/output/CPG/c/cwe194_cpg/cwe194-616-cpg-resolved.bin	tc616_flow2	CWE194_Unexpected_Sign_Extension__listen_socket_malloc_67a.c	155	CWE194_Unexpected_Sign_Extension__listen_socket_malloc_67b.c	80
/home/swlab-jueon/swvul/tools/java-vuln-detection/slicing/output/CPG/c/cwe194_cpg/cwe194-617-cpg-resolved.bin	tc617_flow1	CWE194_Unexpected_Sign_Extension__listen_socket_malloc_68a.c	100	CWE194_Unexpected_Sign_Extension__listen_socket_malloc_68b.c	57
/home/swlab-jueon/swvul/tools/java-vuln-detection/slicing/output/CPG/c/cwe194_cpg/cwe194-617-cpg-resolved.bin	tc617_flow2	CWE194_Unexpected_Sign_Extension__listen_socket_malloc_68a.c	152	CWE194_Unexpected_Sign_Extension__listen_socket_malloc_68b.c	80
/home/swlab-jueon/swvul/tools/java-vuln-detection/slicing/output/CPG/c/cwe194_cpg/cwe194-618-cpg-resolved.bin	tc618_flow1	CWE194_Unexpected_Sign_Extension__listen_socket_malloc_72a.cpp	104	CWE194_Unexpected_Sign_Extension__listen_socket_malloc_72b.cpp	36
/home/swlab-jueon/swvul/tools/java-vuln-detection/slicing/output/CPG/c/cwe194_cpg/cwe194-618-cpg-resolved.bin	tc618_flow2	CWE194_Unexpected_Sign_Extension__listen_socket_malloc_72a.cpp	161	CWE194_Unexpected_Sign_Extension__listen_socket_malloc_72b.cpp	59
/home/swlab-jueon/swvul/tools/java-vuln-detection/slicing/output/CPG/c/cwe194_cpg/cwe194-619-cpg-resolved.bin	tc619_flow1	CWE194_Unexpected_Sign_Extension__listen_socket_malloc_73a.cpp	104	CWE194_Unexpected_Sign_Extension__listen_socket_malloc_73b.cpp	36
/home/swlab-jueon/swvul/tools/java-vuln-detection/slicing/output/CPG/c/cwe194_cpg/cwe194-619-cpg-resolved.bin	tc619_flow2	CWE194_Unexpected_Sign_Extension__listen_socket_malloc_73a.cpp	161	CWE194_Unexpected_Sign_Extension__listen_socket_malloc_73b.cpp	59
/home/swlab-jueon/swvul/tools/java-vuln-detection/slicing/output/CPG/c/cwe194_cpg/cwe194-620-cpg-resolved.bin	tc620_flow1	CWE194_Unexpected_Sign_Extension__listen_socket_malloc_74a.cpp	104	CWE194_Unexpected_Sign_Extension__listen_socket_malloc_74b.cpp	36
/home/swlab-jueon/swvul/tools/java-vuln-detection/slicing/output/CPG/c/cwe194_cpg/cwe194-620-cpg-resolved.bin	tc620_flow2	CWE194_Unexpected_Sign_Extension__listen_socket_malloc_74a.cpp	161	CWE194_Unexpected_Sign_Extension__listen_socket_malloc_74b.cpp	59
/home/swlab-jueon/swvul/tools/java-vuln-detection/slicing/output/CPG/c/cwe194_cpg/cwe194-621-cpg-resolved.bin	tc621_flow1	CWE194_Unexpected_Sign_Extension__listen_socket_malloc_81a.cpp	98	CWE194_Unexpected_Sign_Extension__listen_socket_malloc_81_bad.cpp	31
/home/swlab-jueon/swvul/tools/java-vuln-detection/slicing/output/CPG/c/cwe194_cpg/cwe194-621-cpg-resolved.bin	tc621_flow2	CWE194_Unexpected_Sign_Extension__listen_socket_malloc_81a.cpp	147	CWE194_Unexpected_Sign_Extension__listen_socket_malloc_81_goodG2B.cpp	31
/home/swlab-jueon/swvul/tools/java-vuln-detection/slicing/output/CPG/c/cwe194_cpg/cwe194-622-cpg-resolved.bin	tc622_flow1	CWE194_Unexpected_Sign_Extension__listen_socket_malloc_82a.cpp	98	CWE194_Unexpected_Sign_Extension__listen_socket_malloc_82_bad.cpp	31
/home/swlab-jueon/swvul/tools/java-vuln-detection/slicing/output/CPG/c/cwe194_cpg/cwe194-622-cpg-resolved.bin	tc622_flow2	CWE194_Unexpected_Sign_Extension__listen_socket_malloc_82a.cpp	148	CWE194_Unexpected_Sign_Extension__listen_socket_malloc_82_goodG2B.cpp	31
/home/swlab-jueon/swvul/tools/java-vuln-detection/slicing/output/CPG/c/cwe194_cpg/cwe194-623-cpg-resolved.bin	tc623_flow1	CWE194_Unexpected_Sign_Extension__listen_socket_malloc_83_bad.cpp	94	CWE194_Unexpected_Sign_Extension__listen_socket_malloc_83_bad.cpp	137
/home/swlab-jueon/swvul/tools/java-vuln-detection/slicing/output/CPG/c/cwe194_cpg/cwe194-623-cpg-resolved.bin	tc623_flow2	CWE194_Unexpected_Sign_Extension__listen_socket_malloc_83_goodG2B.cpp	27	CWE194_Unexpected_Sign_Extension__listen_socket_malloc_83_goodG2B.cpp	37
/home/swlab-jueon/swvul/tools/java-vuln-detection/slicing/output/CPG/c/cwe194_cpg/cwe194-624-cpg-resolved.bin	tc624_flow1	CWE194_Unexpected_Sign_Extension__listen_socket_malloc_84_bad.cpp	94	CWE194_Unexpected_Sign_Extension__listen_socket_malloc_84_bad.cpp	137
/home/swlab-jueon/swvul/tools/java-vuln-detection/slicing/output/CPG/c/cwe194_cpg/cwe194-624-cpg-resolved.bin	tc624_flow2	CWE194_Unexpected_Sign_Extension__listen_socket_malloc_84_goodG2B.cpp	27	CWE194_Unexpected_Sign_Extension__listen_socket_malloc_84_goodG2B.cpp	37
/home/swlab-jueon/swvul/tools/java-vuln-detection/slicing/output/CPG/c/cwe194_cpg/cwe194-625-cpg-resolved.bin	tc625_flow1	CWE194_Unexpected_Sign_Extension__listen_socket_memcpy_01.c	94	CWE194_Unexpected_Sign_Extension__listen_socket_memcpy_01.c	137
/home/swlab-jueon/swvul/tools/java-vuln-detection/slicing/output/CPG/c/cwe194_cpg/cwe194-625-cpg-resolved.bin	tc625_flow2	CWE194_Unexpected_Sign_Extension__listen_socket_memcpy_01.c	155	CWE194_Unexpected_Sign_Extension__listen_socket_memcpy_01.c	165
/home/swlab-jueon/swvul/tools/java-vuln-detection/slicing/output/CPG/c/cwe194_cpg/cwe194-626-cpg-resolved.bin	tc626_flow1	CWE194_Unexpected_Sign_Extension__listen_socket_memcpy_02.c	96	CWE194_Unexpected_Sign_Extension__listen_socket_memcpy_02.c	140
/home/swlab-jueon/swvul/tools/java-vuln-detection/slicing/output/CPG/c/cwe194_cpg/cwe194-626-cpg-resolved.bin	tc626_flow2	CWE194_Unexpected_Sign_Extension__listen_socket_memcpy_02.c	165	CWE194_Unexpected_Sign_Extension__listen_socket_memcpy_02.c	176
/home/swlab-jueon/swvul/tools/java-vuln-detection/slicing/output/CPG/c/cwe194_cpg/cwe194-626-cpg-resolved.bin	tc626_flow3	CWE194_Unexpected_Sign_Extension__listen_socket_memcpy_02.c	192	CWE194_Unexpected_Sign_Extension__listen_socket_memcpy_02.c	203
/home/swlab-jueon/swvul/tools/java-vuln-detection/slicing/output/CPG/c/cwe194_cpg/cwe194-627-cpg-resolved.bin	tc627_flow1	CWE194_Unexpected_Sign_Extension__listen_socket_memcpy_03.c	96	CWE194_Unexpected_Sign_Extension__listen_socket_memcpy_03.c	140
/home/swlab-jueon/swvul/tools/java-vuln-detection/slicing/output/CPG/c/cwe194_cpg/cwe194-627-cpg-resolved.bin	tc627_flow2	CWE194_Unexpected_Sign_Extension__listen_socket_memcpy_03.c	165	CWE194_Unexpected_Sign_Extension__listen_socket_memcpy_03.c	176
/home/swlab-jueon/swvul/tools/java-vuln-detection/slicing/output/CPG/c/cwe194_cpg/cwe194-627-cpg-resolved.bin	tc627_flow3	CWE194_Unexpected_Sign_Extension__listen_socket_memcpy_03.c	192	CWE194_Unexpected_Sign_Extension__listen_socket_memcpy_03.c	203
/home/swlab-jueon/swvul/tools/java-vuln-detection/slicing/output/CPG/c/cwe194_cpg/cwe194-628-cpg-resolved.bin	tc628_flow1	CWE194_Unexpected_Sign_Extension__listen_socket_memcpy_04.c	103	CWE194_Unexpected_Sign_Extension__listen_socket_memcpy_04.c	147
/home/swlab-jueon/swvul/tools/java-vuln-detection/slicing/output/CPG/c/cwe194_cpg/cwe194-628-cpg-resolved.bin	tc628_flow2	CWE194_Unexpected_Sign_Extension__listen_socket_memcpy_04.c	172	CWE194_Unexpected_Sign_Extension__listen_socket_memcpy_04.c	183
/home/swlab-jueon/swvul/tools/java-vuln-detection/slicing/output/CPG/c/cwe194_cpg/cwe194-628-cpg-resolved.bin	tc628_flow3	CWE194_Unexpected_Sign_Extension__listen_socket_memcpy_04.c	199	CWE194_Unexpected_Sign_Extension__listen_socket_memcpy_04.c	210
/home/swlab-jueon/swvul/tools/java-vuln-detection/slicing/output/CPG/c/cwe194_cpg/cwe194-629-cpg-resolved.bin	tc629_flow1	CWE194_Unexpected_Sign_Extension__listen_socket_memcpy_05.c	103	CWE194_Unexpected_Sign_Extension__listen_socket_memcpy_05.c	147
/home/swlab-jueon/swvul/tools/java-vuln-detection/slicing/output/CPG/c/cwe194_cpg/cwe194-629-cpg-resolved.bin	tc629_flow2	CWE194_Unexpected_Sign_Extension__listen_socket_memcpy_05.c	172	CWE194_Unexpected_Sign_Extension__listen_socket_memcpy_05.c	183
/home/swlab-jueon/swvul/tools/java-vuln-detection/slicing/output/CPG/c/cwe194_cpg/cwe194-629-cpg-resolved.bin	tc629_flow3	CWE194_Unexpected_Sign_Extension__listen_socket_memcpy_05.c	199	CWE194_Unexpected_Sign_Extension__listen_socket_memcpy_05.c	210
/home/swlab-jueon/swvul/tools/java-vuln-detection/slicing/output/CPG/c/cwe194_cpg/cwe194-630-cpg-resolved.bin	tc630_flow1	CWE194_Unexpected_Sign_Extension__listen_socket_memcpy_06.c	100	CWE194_Unexpected_Sign_Extension__listen_socket_memcpy_06.c	144
/home/swlab-jueon/swvul/tools/java-vuln-detection/slicing/output/CPG/c/cwe194_cpg/cwe194-630-cpg-resolved.bin	tc630_flow2	CWE194_Unexpected_Sign_Extension__listen_socket_memcpy_06.c	169	CWE194_Unexpected_Sign_Extension__listen_socket_memcpy_06.c	180
/home/swlab-jueon/swvul/tools/java-vuln-detection/slicing/output/CPG/c/cwe194_cpg/cwe194-630-cpg-resolved.bin	tc630_flow3	CWE194_Unexpected_Sign_Extension__listen_socket_memcpy_06.c	196	CWE194_Unexpected_Sign_Extension__listen_socket_memcpy_06.c	207
/home/swlab-jueon/swvul/tools/java-vuln-detection/slicing/output/CPG/c/cwe194_cpg/cwe194-631-cpg-resolved.bin	tc631_flow1	CWE194_Unexpected_Sign_Extension__listen_socket_memcpy_07.c	102	CWE194_Unexpected_Sign_Extension__listen_socket_memcpy_07.c	146
/home/swlab-jueon/swvul/tools/java-vuln-detection/slicing/output/CPG/c/cwe194_cpg/cwe194-631-cpg-resolved.bin	tc631_flow2	CWE194_Unexpected_Sign_Extension__listen_socket_memcpy_07.c	171	CWE194_Unexpected_Sign_Extension__listen_socket_memcpy_07.c	182
/home/swlab-jueon/swvul/tools/java-vuln-detection/slicing/output/CPG/c/cwe194_cpg/cwe194-631-cpg-resolved.bin	tc631_flow3	CWE194_Unexpected_Sign_Extension__listen_socket_memcpy_07.c	198	CWE194_Unexpected_Sign_Extension__listen_socket_memcpy_07.c	209
/home/swlab-jueon/swvul/tools/java-vuln-detection/slicing/output/CPG/c/cwe194_cpg/cwe194-632-cpg-resolved.bin	tc632_flow1	CWE194_Unexpected_Sign_Extension__listen_socket_memcpy_08.c	110	CWE194_Unexpected_Sign_Extension__listen_socket_memcpy_08.c	154
/home/swlab-jueon/swvul/tools/java-vuln-detection/slicing/output/CPG/c/cwe194_cpg/cwe194-632-cpg-resolved.bin	tc632_flow2	CWE194_Unexpected_Sign_Extension__listen_socket_memcpy_08.c	179	CWE194_Unexpected_Sign_Extension__listen_socket_memcpy_08.c	190
/home/swlab-jueon/swvul/tools/java-vuln-detection/slicing/output/CPG/c/cwe194_cpg/cwe194-632-cpg-resolved.bin	tc632_flow3	CWE194_Unexpected_Sign_Extension__listen_socket_memcpy_08.c	206	CWE194_Unexpected_Sign_Extension__listen_socket_memcpy_08.c	217
/home/swlab-jueon/swvul/tools/java-vuln-detection/slicing/output/CPG/c/cwe194_cpg/cwe194-633-cpg-resolved.bin	tc633_flow1	CWE194_Unexpected_Sign_Extension__listen_socket_memcpy_09.c	96	CWE194_Unexpected_Sign_Extension__listen_socket_memcpy_09.c	140
/home/swlab-jueon/swvul/tools/java-vuln-detection/slicing/output/CPG/c/cwe194_cpg/cwe194-633-cpg-resolved.bin	tc633_flow2	CWE194_Unexpected_Sign_Extension__listen_socket_memcpy_09.c	165	CWE194_Unexpected_Sign_Extension__listen_socket_memcpy_09.c	176
/home/swlab-jueon/swvul/tools/java-vuln-detection/slicing/output/CPG/c/cwe194_cpg/cwe194-633-cpg-resolved.bin	tc633_flow3	CWE194_Unexpected_Sign_Extension__listen_socket_memcpy_09.c	192	CWE194_Unexpected_Sign_Extension__listen_socket_memcpy_09.c	203
/home/swlab-jueon/swvul/tools/java-vuln-detection/slicing/output/CPG/c/cwe194_cpg/cwe194-634-cpg-resolved.bin	tc634_flow1	CWE194_Unexpected_Sign_Extension__listen_socket_memcpy_10.c	96	CWE194_Unexpected_Sign_Extension__listen_socket_memcpy_10.c	140
/home/swlab-jueon/swvul/tools/java-vuln-detection/slicing/output/CPG/c/cwe194_cpg/cwe194-634-cpg-resolved.bin	tc634_flow2	CWE194_Unexpected_Sign_Extension__listen_socket_memcpy_10.c	165	CWE194_Unexpected_Sign_Extension__listen_socket_memcpy_10.c	176
/home/swlab-jueon/swvul/tools/java-vuln-detection/slicing/output/CPG/c/cwe194_cpg/cwe194-634-cpg-resolved.bin	tc634_flow3	CWE194_Unexpected_Sign_Extension__listen_socket_memcpy_10.c	192	CWE194_Unexpected_Sign_Extension__listen_socket_memcpy_10.c	203
/home/swlab-jueon/swvul/tools/java-vuln-detection/slicing/output/CPG/c/cwe194_cpg/cwe194-635-cpg-resolved.bin	tc635_flow1	CWE194_Unexpected_Sign_Extension__listen_socket_memcpy_11.c	96	CWE194_Unexpected_Sign_Extension__listen_socket_memcpy_11.c	140
/home/swlab-jueon/swvul/tools/java-vuln-detection/slicing/output/CPG/c/cwe194_cpg/cwe194-635-cpg-resolved.bin	tc635_flow2	CWE194_Unexpected_Sign_Extension__listen_socket_memcpy_11.c	165	CWE194_Unexpected_Sign_Extension__listen_socket_memcpy_11.c	176
/home/swlab-jueon/swvul/tools/java-vuln-detection/slicing/output/CPG/c/cwe194_cpg/cwe194-635-cpg-resolved.bin	tc635_flow3	CWE194_Unexpected_Sign_Extension__listen_socket_memcpy_11.c	192	CWE194_Unexpected_Sign_Extension__listen_socket_memcpy_11.c	203
/home/swlab-jueon/swvul/tools/java-vuln-detection/slicing/output/CPG/c/cwe194_cpg/cwe194-636-cpg-resolved.bin	tc636_flow1	CWE194_Unexpected_Sign_Extension__listen_socket_memcpy_12.c	96	CWE194_Unexpected_Sign_Extension__listen_socket_memcpy_12.c	145
/home/swlab-jueon/swvul/tools/java-vuln-detection/slicing/output/CPG/c/cwe194_cpg/cwe194-636-cpg-resolved.bin	tc636_flow2	CWE194_Unexpected_Sign_Extension__listen_socket_memcpy_12.c	166	CWE194_Unexpected_Sign_Extension__listen_socket_memcpy_12.c	182
/home/swlab-jueon/swvul/tools/java-vuln-detection/slicing/output/CPG/c/cwe194_cpg/cwe194-637-cpg-resolved.bin	tc637_flow1	CWE194_Unexpected_Sign_Extension__listen_socket_memcpy_13.c	96	CWE194_Unexpected_Sign_Extension__listen_socket_memcpy_13.c	140
/home/swlab-jueon/swvul/tools/java-vuln-detection/slicing/output/CPG/c/cwe194_cpg/cwe194-637-cpg-resolved.bin	tc637_flow2	CWE194_Unexpected_Sign_Extension__listen_socket_memcpy_13.c	165	CWE194_Unexpected_Sign_Extension__listen_socket_memcpy_13.c	176
/home/swlab-jueon/swvul/tools/java-vuln-detection/slicing/output/CPG/c/cwe194_cpg/cwe194-637-cpg-resolved.bin	tc637_flow3	CWE194_Unexpected_Sign_Extension__listen_socket_memcpy_13.c	192	CWE194_Unexpected_Sign_Extension__listen_socket_memcpy_13.c	203
/home/swlab-jueon/swvul/tools/java-vuln-detection/slicing/output/CPG/c/cwe194_cpg/cwe194-638-cpg-resolved.bin	tc638_flow1	CWE194_Unexpected_Sign_Extension__listen_socket_memcpy_14.c	96	CWE194_Unexpected_Sign_Extension__listen_socket_memcpy_14.c	140
/home/swlab-jueon/swvul/tools/java-vuln-detection/slicing/output/CPG/c/cwe194_cpg/cwe194-638-cpg-resolved.bin	tc638_flow2	CWE194_Unexpected_Sign_Extension__listen_socket_memcpy_14.c	165	CWE194_Unexpected_Sign_Extension__listen_socket_memcpy_14.c	176
/home/swlab-jueon/swvul/tools/java-vuln-detection/slicing/output/CPG/c/cwe194_cpg/cwe194-638-cpg-resolved.bin	tc638_flow3	CWE194_Unexpected_Sign_Extension__listen_socket_memcpy_14.c	192	CWE194_Unexpected_Sign_Extension__listen_socket_memcpy_14.c	203
/home/swlab-jueon/swvul/tools/java-vuln-detection/slicing/output/CPG/c/cwe194_cpg/cwe194-639-cpg-resolved.bin	tc639_flow1	CWE194_Unexpected_Sign_Extension__listen_socket_memcpy_15.c	97	CWE194_Unexpected_Sign_Extension__listen_socket_memcpy_15.c	146
/home/swlab-jueon/swvul/tools/java-vuln-detection/slicing/output/CPG/c/cwe194_cpg/cwe194-639-cpg-resolved.bin	tc639_flow2	CWE194_Unexpected_Sign_Extension__listen_socket_memcpy_15.c	171	CWE194_Unexpected_Sign_Extension__listen_socket_memcpy_15.c	183
/home/swlab-jueon/swvul/tools/java-vuln-detection/slicing/output/CPG/c/cwe194_cpg/cwe194-639-cpg-resolved.bin	tc639_flow3	CWE194_Unexpected_Sign_Extension__listen_socket_memcpy_15.c	200	CWE194_Unexpected_Sign_Extension__listen_socket_memcpy_15.c	216
/home/swlab-jueon/swvul/tools/java-vuln-detection/slicing/output/CPG/c/cwe194_cpg/cwe194-640-cpg-resolved.bin	tc640_flow1	CWE194_Unexpected_Sign_Extension__listen_socket_memcpy_16.c	96	CWE194_Unexpected_Sign_Extension__listen_socket_memcpy_16.c	141
/home/swlab-jueon/swvul/tools/java-vuln-detection/slicing/output/CPG/c/cwe194_cpg/cwe194-640-cpg-resolved.bin	tc640_flow2	CWE194_Unexpected_Sign_Extension__listen_socket_memcpy_16.c	161	CWE194_Unexpected_Sign_Extension__listen_socket_memcpy_16.c	173
/home/swlab-jueon/swvul/tools/java-vuln-detection/slicing/output/CPG/c/cwe194_cpg/cwe194-641-cpg-resolved.bin	tc641_flow1	CWE194_Unexpected_Sign_Extension__listen_socket_memcpy_17.c	97	CWE194_Unexpected_Sign_Extension__listen_socket_memcpy_17.c	141
/home/swlab-jueon/swvul/tools/java-vuln-detection/slicing/output/CPG/c/cwe194_cpg/cwe194-641-cpg-resolved.bin	tc641_flow2	CWE194_Unexpected_Sign_Extension__listen_socket_memcpy_17.c	162	CWE194_Unexpected_Sign_Extension__listen_socket_memcpy_17.c	173
/home/swlab-jueon/swvul/tools/java-vuln-detection/slicing/output/CPG/c/cwe194_cpg/cwe194-642-cpg-resolved.bin	tc642_flow1	CWE194_Unexpected_Sign_Extension__listen_socket_memcpy_18.c	96	CWE194_Unexpected_Sign_Extension__listen_socket_memcpy_18.c	139
/home/swlab-jueon/swvul/tools/java-vuln-detection/slicing/output/CPG/c/cwe194_cpg/cwe194-642-cpg-resolved.bin	tc642_flow2	CWE194_Unexpected_Sign_Extension__listen_socket_memcpy_18.c	159	CWE194_Unexpected_Sign_Extension__listen_socket_memcpy_18.c	169
/home/swlab-jueon/swvul/tools/java-vuln-detection/slicing/output/CPG/c/cwe194_cpg/cwe194-643-cpg-resolved.bin	tc643_flow1	CWE194_Unexpected_Sign_Extension__listen_socket_memcpy_21.c	96	CWE194_Unexpected_Sign_Extension__listen_socket_memcpy_21.c	150
/home/swlab-jueon/swvul/tools/java-vuln-detection/slicing/output/CPG/c/cwe194_cpg/cwe194-643-cpg-resolved.bin	tc643_flow2	CWE194_Unexpected_Sign_Extension__listen_socket_memcpy_21.c	176	CWE194_Unexpected_Sign_Extension__listen_socket_memcpy_21.c	197
/home/swlab-jueon/swvul/tools/java-vuln-detection/slicing/output/CPG/c/cwe194_cpg/cwe194-643-cpg-resolved.bin	tc643_flow3	CWE194_Unexpected_Sign_Extension__listen_socket_memcpy_21.c	210	CWE194_Unexpected_Sign_Extension__listen_socket_memcpy_21.c	231
/home/swlab-jueon/swvul/tools/java-vuln-detection/slicing/output/CPG/c/cwe194_cpg/cwe194-644-cpg-resolved.bin	tc644_flow1	CWE194_Unexpected_Sign_Extension__listen_socket_memcpy_22b.c	96	CWE194_Unexpected_Sign_Extension__listen_socket_memcpy_22a.c	42
/home/swlab-jueon/swvul/tools/java-vuln-detection/slicing/output/CPG/c/cwe194_cpg/cwe194-644-cpg-resolved.bin	tc644_flow2	CWE194_Unexpected_Sign_Extension__listen_socket_memcpy_22b.c	153	CWE194_Unexpected_Sign_Extension__listen_socket_memcpy_22a.c	76
/home/swlab-jueon/swvul/tools/java-vuln-detection/slicing/output/CPG/c/cwe194_cpg/cwe194-644-cpg-resolved.bin	tc644_flow3	CWE194_Unexpected_Sign_Extension__listen_socket_memcpy_22b.c	164	CWE194_Unexpected_Sign_Extension__listen_socket_memcpy_22a.c	102
/home/swlab-jueon/swvul/tools/java-vuln-detection/slicing/output/CPG/c/cwe194_cpg/cwe194-645-cpg-resolved.bin	tc645_flow1	CWE194_Unexpected_Sign_Extension__listen_socket_memcpy_31.c	94	CWE194_Unexpected_Sign_Extension__listen_socket_memcpy_31.c	140
/home/swlab-jueon/swvul/tools/java-vuln-detection/slicing/output/CPG/c/cwe194_cpg/cwe194-645-cpg-resolved.bin	tc645_flow2	CWE194_Unexpected_Sign_Extension__listen_socket_memcpy_31.c	159	CWE194_Unexpected_Sign_Extension__listen_socket_memcpy_31.c	172
/home/swlab-jueon/swvul/tools/java-vuln-detection/slicing/output/CPG/c/cwe194_cpg/cwe194-646-cpg-resolved.bin	tc646_flow1	CWE194_Unexpected_Sign_Extension__listen_socket_memcpy_32.c	98	CWE194_Unexpected_Sign_Extension__listen_socket_memcpy_32.c	145
/home/swlab-jueon/swvul/tools/java-vuln-detection/slicing/output/CPG/c/cwe194_cpg/cwe194-646-cpg-resolved.bin	tc646_flow2	CWE194_Unexpected_Sign_Extension__listen_socket_memcpy_32.c	168	CWE194_Unexpected_Sign_Extension__listen_socket_memcpy_32.c	182
/home/swlab-jueon/swvul/tools/java-vuln-detection/slicing/output/CPG/c/cwe194_cpg/cwe194-647-cpg-resolved.bin	tc647_flow1	CWE194_Unexpected_Sign_Extension__listen_socket_memcpy_33.cpp	98	CWE194_Unexpected_Sign_Extension__listen_socket_memcpy_33.cpp	143
/home/swlab-jueon/swvul/tools/java-vuln-detection/slicing/output/CPG/c/cwe194_cpg/cwe194-647-cpg-resolved.bin	tc647_flow2	CWE194_Unexpected_Sign_Extension__listen_socket_memcpy_33.cpp	163	CWE194_Unexpected_Sign_Extension__listen_socket_memcpy_33.cpp	175
/home/swlab-jueon/swvul/tools/java-vuln-detection/slicing/output/CPG/c/cwe194_cpg/cwe194-648-cpg-resolved.bin	tc648_flow1	CWE194_Unexpected_Sign_Extension__listen_socket_memcpy_34.c	101	CWE194_Unexpected_Sign_Extension__listen_socket_memcpy_34.c	147
/home/swlab-jueon/swvul/tools/java-vuln-detection/slicing/output/CPG/c/cwe194_cpg/cwe194-648-cpg-resolved.bin	tc648_flow2	CWE194_Unexpected_Sign_Extension__listen_socket_memcpy_34.c	167	CWE194_Unexpected_Sign_Extension__listen_socket_memcpy_34.c	180
/home/swlab-jueon/swvul/tools/java-vuln-detection/slicing/output/CPG/c/cwe194_cpg/cwe194-649-cpg-resolved.bin	tc649_flow1	CWE194_Unexpected_Sign_Extension__listen_socket_memcpy_41.c	112	CWE194_Unexpected_Sign_Extension__listen_socket_memcpy_41.c	55
/home/swlab-jueon/swvul/tools/java-vuln-detection/slicing/output/CPG/c/cwe194_cpg/cwe194-649-cpg-resolved.bin	tc649_flow2	CWE194_Unexpected_Sign_Extension__listen_socket_memcpy_41.c	178	CWE194_Unexpected_Sign_Extension__listen_socket_memcpy_41.c	164
/home/swlab-jueon/swvul/tools/java-vuln-detection/slicing/output/CPG/c/cwe194_cpg/cwe194-650-cpg-resolved.bin	tc650_flow1	CWE194_Unexpected_Sign_Extension__listen_socket_memcpy_42.c	91	CWE194_Unexpected_Sign_Extension__listen_socket_memcpy_42.c	143
/home/swlab-jueon/swvul/tools/java-vuln-detection/slicing/output/CPG/c/cwe194_cpg/cwe194-650-cpg-resolved.bin	tc650_flow2	CWE194_Unexpected_Sign_Extension__listen_socket_memcpy_42.c	157	CWE194_Unexpected_Sign_Extension__listen_socket_memcpy_42.c	177
/home/swlab-jueon/swvul/tools/java-vuln-detection/slicing/output/CPG/c/cwe194_cpg/cwe194-651-cpg-resolved.bin	tc651_flow1	CWE194_Unexpected_Sign_Extension__listen_socket_memcpy_43.cpp	94	CWE194_Unexpected_Sign_Extension__listen_socket_memcpy_43.cpp	145
/home/swlab-jueon/swvul/tools/java-vuln-detection/slicing/output/CPG/c/cwe194_cpg/cwe194-651-cpg-resolved.bin	tc651_flow2	CWE194_Unexpected_Sign_Extension__listen_socket_memcpy_43.cpp	160	CWE194_Unexpected_Sign_Extension__listen_socket_memcpy_43.cpp	178
/home/swlab-jueon/swvul/tools/java-vuln-detection/slicing/output/CPG/c/cwe194_cpg/cwe194-652-cpg-resolved.bin	tc652_flow1	CWE194_Unexpected_Sign_Extension__listen_socket_memcpy_44.c	114	CWE194_Unexpected_Sign_Extension__listen_socket_memcpy_44.c	55
/home/swlab-jueon/swvul/tools/java-vuln-detection/slicing/output/CPG/c/cwe194_cpg/cwe194-652-cpg-resolved.bin	tc652_flow2	CWE194_Unexpected_Sign_Extension__listen_socket_memcpy_44.c	182	CWE194_Unexpected_Sign_Extension__listen_socket_memcpy_44.c	168
/home/swlab-jueon/swvul/tools/java-vuln-detection/slicing/output/CPG/c/cwe194_cpg/cwe194-653-cpg-resolved.bin	tc653_flow1	CWE194_Unexpected_Sign_Extension__listen_socket_memcpy_45.c	116	CWE194_Unexpected_Sign_Extension__listen_socket_memcpy_45.c	59
/home/swlab-jueon/swvul/tools/java-vuln-detection/slicing/output/CPG/c/cwe194_cpg/cwe194-653-cpg-resolved.bin	tc653_flow2	CWE194_Unexpected_Sign_Extension__listen_socket_memcpy_45.c	184	CWE194_Unexpected_Sign_Extension__listen_socket_memcpy_45.c	171
/home/swlab-jueon/swvul/tools/java-vuln-detection/slicing/output/CPG/c/cwe194_cpg/cwe194-654-cpg-resolved.bin	tc654_flow1	CWE194_Unexpected_Sign_Extension__listen_socket_memcpy_51a.c	97	CWE194_Unexpected_Sign_Extension__listen_socket_memcpy_51b.c	57
/home/swlab-jueon/swvul/tools/java-vuln-detection/slicing/output/CPG/c/cwe194_cpg/cwe194-654-cpg-resolved.bin	tc654_flow2	CWE194_Unexpected_Sign_Extension__listen_socket_memcpy_51a.c	148	CWE194_Unexpected_Sign_Extension__listen_socket_memcpy_51b.c	80
/home/swlab-jueon/swvul/tools/java-vuln-detection/slicing/output/CPG/c/cwe194_cpg/cwe194-655-cpg-resolved.bin	tc655_flow1	CWE194_Unexpected_Sign_Extension__listen_socket_memcpy_52a.c	97	CWE194_Unexpected_Sign_Extension__listen_socket_memcpy_52c.c	57
/home/swlab-jueon/swvul/tools/java-vuln-detection/slicing/output/CPG/c/cwe194_cpg/cwe194-655-cpg-resolved.bin	tc655_flow2	CWE194_Unexpected_Sign_Extension__listen_socket_memcpy_52a.c	148	CWE194_Unexpected_Sign_Extension__listen_socket_memcpy_52c.c	80
/home/swlab-jueon/swvul/tools/java-vuln-detection/slicing/output/CPG/c/cwe194_cpg/cwe194-656-cpg-resolved.bin	tc656_flow1	CWE194_Unexpected_Sign_Extension__listen_socket_memcpy_53a.c	97	CWE194_Unexpected_Sign_Extension__listen_socket_memcpy_53d.c	57
/home/swlab-jueon/swvul/tools/java-vuln-detection/slicing/output/CPG/c/cwe194_cpg/cwe194-656-cpg-resolved.bin	tc656_flow2	CWE194_Unexpected_Sign_Extension__listen_socket_memcpy_53a.c	148	CWE194_Unexpected_Sign_Extension__listen_socket_memcpy_53d.c	80
/home/swlab-jueon/swvul/tools/java-vuln-detection/slicing/output/CPG/c/cwe194_cpg/cwe194-657-cpg-resolved.bin	tc657_flow1	CWE194_Unexpected_Sign_Extension__listen_socket_memcpy_54a.c	97	CWE194_Unexpected_Sign_Extension__listen_socket_memcpy_54e.c	57
/home/swlab-jueon/swvul/tools/java-vuln-detection/slicing/output/CPG/c/cwe194_cpg/cwe194-657-cpg-resolved.bin	tc657_flow2	CWE194_Unexpected_Sign_Extension__listen_socket_memcpy_54a.c	148	CWE194_Unexpected_Sign_Extension__listen_socket_memcpy_54e.c	80
/home/swlab-jueon/swvul/tools/java-vuln-detection/slicing/output/CPG/c/cwe194_cpg/cwe194-658-cpg-resolved.bin	tc658_flow1	CWE194_Unexpected_Sign_Extension__listen_socket_memcpy_61b.c	91	CWE194_Unexpected_Sign_Extension__listen_socket_memcpy_61a.c	62
/home/swlab-jueon/swvul/tools/java-vuln-detection/slicing/output/CPG/c/cwe194_cpg/cwe194-658-cpg-resolved.bin	tc658_flow2	CWE194_Unexpected_Sign_Extension__listen_socket_memcpy_61b.c	136	CWE194_Unexpected_Sign_Extension__listen_socket_memcpy_61a.c	91
/home/swlab-jueon/swvul/tools/java-vuln-detection/slicing/output/CPG/c/cwe194_cpg/cwe194-659-cpg-resolved.bin	tc659_flow1	CWE194_Unexpected_Sign_Extension__listen_socket_memcpy_62b.cpp	94	CWE194_Unexpected_Sign_Extension__listen_socket_memcpy_62a.cpp	42
/home/swlab-jueon/swvul/tools/java-vuln-detection/slicing/output/CPG/c/cwe194_cpg/cwe194-659-cpg-resolved.bin	tc659_flow2	CWE194_Unexpected_Sign_Extension__listen_socket_memcpy_62b.cpp	138	CWE194_Unexpected_Sign_Extension__listen_socket_memcpy_62a.cpp	71
/home/swlab-jueon/swvul/tools/java-vuln-detection/slicing/output/CPG/c/cwe194_cpg/cwe194-660-cpg-resolved.bin	tc660_flow1	CWE194_Unexpected_Sign_Extension__listen_socket_memcpy_63a.c	97	CWE194_Unexpected_Sign_Extension__listen_socket_memcpy_63b.c	56
/home/swlab-jueon/swvul/tools/java-vuln-detection/slicing/output/CPG/c/cwe194_cpg/cwe194-660-cpg-resolved.bin	tc660_flow2	CWE194_Unexpected_Sign_Extension__listen_socket_memcpy_63a.c	147	CWE194_Unexpected_Sign_Extension__listen_socket_memcpy_63b.c	80
/home/swlab-jueon/swvul/tools/java-vuln-detection/slicing/output/CPG/c/cwe194_cpg/cwe194-661-cpg-resolved.bin	tc661_flow1	CWE194_Unexpected_Sign_Extension__listen_socket_memcpy_64a.c	97	CWE194_Unexpected_Sign_Extension__listen_socket_memcpy_64b.c	59
/home/swlab-jueon/swvul/tools/java-vuln-detection/slicing/output/CPG/c/cwe194_cpg/cwe194-661-cpg-resolved.bin	tc661_flow2	CWE194_Unexpected_Sign_Extension__listen_socket_memcpy_64a.c	147	CWE194_Unexpected_Sign_Extension__listen_socket_memcpy_64b.c	86
/home/swlab-jueon/swvul/tools/java-vuln-detection/slicing/output/CPG/c/cwe194_cpg/cwe194-662-cpg-resolved.bin	tc662_flow1	CWE194_Unexpected_Sign_Extension__listen_socket_memcpy_65a.c	99	CWE194_Unexpected_Sign_Extension__listen_socket_memcpy_65b.c	55
/home/swlab-jueon/swvul/tools/java-vuln-detection/slicing/output/CPG/c/cwe194_cpg/cwe194-662-cpg-resolved.bin	tc662_flow2	CWE194_Unexpected_Sign_Extension__listen_socket_memcpy_65a.c	151	CWE194_Unexpected_Sign_Extension__listen_socket_memcpy_65b.c	78
/home/swlab-jueon/swvul/tools/java-vuln-detection/slicing/output/CPG/c/cwe194_cpg/cwe194-663-cpg-resolved.bin	tc663_flow1	CWE194_Unexpected_Sign_Extension__listen_socket_memcpy_66a.c	98	CWE194_Unexpected_Sign_Extension__listen_socket_memcpy_66b.c	57
/home/swlab-jueon/swvul/tools/java-vuln-detection/slicing/output/CPG/c/cwe194_cpg/cwe194-663-cpg-resolved.bin	tc663_flow2	CWE194_Unexpected_Sign_Extension__listen_socket_memcpy_66a.c	151	CWE194_Unexpected_Sign_Extension__listen_socket_memcpy_66b.c	81
/home/swlab-jueon/swvul/tools/java-vuln-detection/slicing/output/CPG/c/cwe194_cpg/cwe194-664-cpg-resolved.bin	tc664_flow1	CWE194_Unexpected_Sign_Extension__listen_socket_memcpy_67a.c	103	CWE194_Unexpected_Sign_Extension__listen_socket_memcpy_67b.c	61
/home/swlab-jueon/swvul/tools/java-vuln-detection/slicing/output/CPG/c/cwe194_cpg/cwe194-664-cpg-resolved.bin	tc664_flow2	CWE194_Unexpected_Sign_Extension__listen_socket_memcpy_67a.c	155	CWE194_Unexpected_Sign_Extension__listen_socket_memcpy_67b.c	85
/home/swlab-jueon/swvul/tools/java-vuln-detection/slicing/output/CPG/c/cwe194_cpg/cwe194-665-cpg-resolved.bin	tc665_flow1	CWE194_Unexpected_Sign_Extension__listen_socket_memcpy_68a.c	100	CWE194_Unexpected_Sign_Extension__listen_socket_memcpy_68b.c	61
/home/swlab-jueon/swvul/tools/java-vuln-detection/slicing/output/CPG/c/cwe194_cpg/cwe194-665-cpg-resolved.bin	tc665_flow2	CWE194_Unexpected_Sign_Extension__listen_socket_memcpy_68a.c	152	CWE194_Unexpected_Sign_Extension__listen_socket_memcpy_68b.c	85
/home/swlab-jueon/swvul/tools/java-vuln-detection/slicing/output/CPG/c/cwe194_cpg/cwe194-666-cpg-resolved.bin	tc666_flow1	CWE194_Unexpected_Sign_Extension__listen_socket_memcpy_72a.cpp	104	CWE194_Unexpected_Sign_Extension__listen_socket_memcpy_72b.cpp	40
/home/swlab-jueon/swvul/tools/java-vuln-detection/slicing/output/CPG/c/cwe194_cpg/cwe194-666-cpg-resolved.bin	tc666_flow2	CWE194_Unexpected_Sign_Extension__listen_socket_memcpy_72a.cpp	161	CWE194_Unexpected_Sign_Extension__listen_socket_memcpy_72b.cpp	64
/home/swlab-jueon/swvul/tools/java-vuln-detection/slicing/output/CPG/c/cwe194_cpg/cwe194-667-cpg-resolved.bin	tc667_flow1	CWE194_Unexpected_Sign_Extension__listen_socket_memcpy_73a.cpp	104	CWE194_Unexpected_Sign_Extension__listen_socket_memcpy_73b.cpp	40
/home/swlab-jueon/swvul/tools/java-vuln-detection/slicing/output/CPG/c/cwe194_cpg/cwe194-667-cpg-resolved.bin	tc667_flow2	CWE194_Unexpected_Sign_Extension__listen_socket_memcpy_73a.cpp	161	CWE194_Unexpected_Sign_Extension__listen_socket_memcpy_73b.cpp	64
/home/swlab-jueon/swvul/tools/java-vuln-detection/slicing/output/CPG/c/cwe194_cpg/cwe194-668-cpg-resolved.bin	tc668_flow1	CWE194_Unexpected_Sign_Extension__listen_socket_memcpy_74a.cpp	104	CWE194_Unexpected_Sign_Extension__listen_socket_memcpy_74b.cpp	40
/home/swlab-jueon/swvul/tools/java-vuln-detection/slicing/output/CPG/c/cwe194_cpg/cwe194-668-cpg-resolved.bin	tc668_flow2	CWE194_Unexpected_Sign_Extension__listen_socket_memcpy_74a.cpp	161	CWE194_Unexpected_Sign_Extension__listen_socket_memcpy_74b.cpp	64
/home/swlab-jueon/swvul/tools/java-vuln-detection/slicing/output/CPG/c/cwe194_cpg/cwe194-669-cpg-resolved.bin	tc669_flow1	CWE194_Unexpected_Sign_Extension__listen_socket_memcpy_81a.cpp	98	CWE194_Unexpected_Sign_Extension__listen_socket_memcpy_81_bad.cpp	35
/home/swlab-jueon/swvul/tools/java-vuln-detection/slicing/output/CPG/c/cwe194_cpg/cwe194-669-cpg-resolved.bin	tc669_flow2	CWE194_Unexpected_Sign_Extension__listen_socket_memcpy_81a.cpp	147	CWE194_Unexpected_Sign_Extension__listen_socket_memcpy_81_goodG2B.cpp	35
/home/swlab-jueon/swvul/tools/java-vuln-detection/slicing/output/CPG/c/cwe194_cpg/cwe194-670-cpg-resolved.bin	tc670_flow1	CWE194_Unexpected_Sign_Extension__listen_socket_memcpy_82a.cpp	98	CWE194_Unexpected_Sign_Extension__listen_socket_memcpy_82_bad.cpp	35
/home/swlab-jueon/swvul/tools/java-vuln-detection/slicing/output/CPG/c/cwe194_cpg/cwe194-670-cpg-resolved.bin	tc670_flow2	CWE194_Unexpected_Sign_Extension__listen_socket_memcpy_82a.cpp	148	CWE194_Unexpected_Sign_Extension__listen_socket_memcpy_82_goodG2B.cpp	35
/home/swlab-jueon/swvul/tools/java-vuln-detection/slicing/output/CPG/c/cwe194_cpg/cwe194-671-cpg-resolved.bin	tc671_flow1	CWE194_Unexpected_Sign_Extension__listen_socket_memcpy_83_bad.cpp	94	CWE194_Unexpected_Sign_Extension__listen_socket_memcpy_83_bad.cpp	141
/home/swlab-jueon/swvul/tools/java-vuln-detection/slicing/output/CPG/c/cwe194_cpg/cwe194-671-cpg-resolved.bin	tc671_flow2	CWE194_Unexpected_Sign_Extension__listen_socket_memcpy_83_goodG2B.cpp	27	CWE194_Unexpected_Sign_Extension__listen_socket_memcpy_83_goodG2B.cpp	41
/home/swlab-jueon/swvul/tools/java-vuln-detection/slicing/output/CPG/c/cwe194_cpg/cwe194-672-cpg-resolved.bin	tc672_flow1	CWE194_Unexpected_Sign_Extension__listen_socket_memcpy_84_bad.cpp	94	CWE194_Unexpected_Sign_Extension__listen_socket_memcpy_84_bad.cpp	141
/home/swlab-jueon/swvul/tools/java-vuln-detection/slicing/output/CPG/c/cwe194_cpg/cwe194-672-cpg-resolved.bin	tc672_flow2	CWE194_Unexpected_Sign_Extension__listen_socket_memcpy_84_goodG2B.cpp	27	CWE194_Unexpected_Sign_Extension__listen_socket_memcpy_84_goodG2B.cpp	41
/home/swlab-jueon/swvul/tools/java-vuln-detection/slicing/output/CPG/c/cwe194_cpg/cwe194-673-cpg-resolved.bin	tc673_flow1	CWE194_Unexpected_Sign_Extension__listen_socket_memmove_01.c	94	CWE194_Unexpected_Sign_Extension__listen_socket_memmove_01.c	137
/home/swlab-jueon/swvul/tools/java-vuln-detection/slicing/output/CPG/c/cwe194_cpg/cwe194-673-cpg-resolved.bin	tc673_flow2	CWE194_Unexpected_Sign_Extension__listen_socket_memmove_01.c	155	CWE194_Unexpected_Sign_Extension__listen_socket_memmove_01.c	165
/home/swlab-jueon/swvul/tools/java-vuln-detection/slicing/output/CPG/c/cwe194_cpg/cwe194-674-cpg-resolved.bin	tc674_flow1	CWE194_Unexpected_Sign_Extension__listen_socket_memmove_02.c	96	CWE194_Unexpected_Sign_Extension__listen_socket_memmove_02.c	140
/home/swlab-jueon/swvul/tools/java-vuln-detection/slicing/output/CPG/c/cwe194_cpg/cwe194-674-cpg-resolved.bin	tc674_flow2	CWE194_Unexpected_Sign_Extension__listen_socket_memmove_02.c	165	CWE194_Unexpected_Sign_Extension__listen_socket_memmove_02.c	176
/home/swlab-jueon/swvul/tools/java-vuln-detection/slicing/output/CPG/c/cwe194_cpg/cwe194-674-cpg-resolved.bin	tc674_flow3	CWE194_Unexpected_Sign_Extension__listen_socket_memmove_02.c	192	CWE194_Unexpected_Sign_Extension__listen_socket_memmove_02.c	203
/home/swlab-jueon/swvul/tools/java-vuln-detection/slicing/output/CPG/c/cwe194_cpg/cwe194-675-cpg-resolved.bin	tc675_flow1	CWE194_Unexpected_Sign_Extension__listen_socket_memmove_03.c	96	CWE194_Unexpected_Sign_Extension__listen_socket_memmove_03.c	140
/home/swlab-jueon/swvul/tools/java-vuln-detection/slicing/output/CPG/c/cwe194_cpg/cwe194-675-cpg-resolved.bin	tc675_flow2	CWE194_Unexpected_Sign_Extension__listen_socket_memmove_03.c	165	CWE194_Unexpected_Sign_Extension__listen_socket_memmove_03.c	176
/home/swlab-jueon/swvul/tools/java-vuln-detection/slicing/output/CPG/c/cwe194_cpg/cwe194-675-cpg-resolved.bin	tc675_flow3	CWE194_Unexpected_Sign_Extension__listen_socket_memmove_03.c	192	CWE194_Unexpected_Sign_Extension__listen_socket_memmove_03.c	203
/home/swlab-jueon/swvul/tools/java-vuln-detection/slicing/output/CPG/c/cwe194_cpg/cwe194-676-cpg-resolved.bin	tc676_flow1	CWE194_Unexpected_Sign_Extension__listen_socket_memmove_04.c	103	CWE194_Unexpected_Sign_Extension__listen_socket_memmove_04.c	147
/home/swlab-jueon/swvul/tools/java-vuln-detection/slicing/output/CPG/c/cwe194_cpg/cwe194-676-cpg-resolved.bin	tc676_flow2	CWE194_Unexpected_Sign_Extension__listen_socket_memmove_04.c	172	CWE194_Unexpected_Sign_Extension__listen_socket_memmove_04.c	183
/home/swlab-jueon/swvul/tools/java-vuln-detection/slicing/output/CPG/c/cwe194_cpg/cwe194-676-cpg-resolved.bin	tc676_flow3	CWE194_Unexpected_Sign_Extension__listen_socket_memmove_04.c	199	CWE194_Unexpected_Sign_Extension__listen_socket_memmove_04.c	210
/home/swlab-jueon/swvul/tools/java-vuln-detection/slicing/output/CPG/c/cwe194_cpg/cwe194-677-cpg-resolved.bin	tc677_flow1	CWE194_Unexpected_Sign_Extension__listen_socket_memmove_05.c	103	CWE194_Unexpected_Sign_Extension__listen_socket_memmove_05.c	147
/home/swlab-jueon/swvul/tools/java-vuln-detection/slicing/output/CPG/c/cwe194_cpg/cwe194-677-cpg-resolved.bin	tc677_flow2	CWE194_Unexpected_Sign_Extension__listen_socket_memmove_05.c	172	CWE194_Unexpected_Sign_Extension__listen_socket_memmove_05.c	183
/home/swlab-jueon/swvul/tools/java-vuln-detection/slicing/output/CPG/c/cwe194_cpg/cwe194-677-cpg-resolved.bin	tc677_flow3	CWE194_Unexpected_Sign_Extension__listen_socket_memmove_05.c	199	CWE194_Unexpected_Sign_Extension__listen_socket_memmove_05.c	210
/home/swlab-jueon/swvul/tools/java-vuln-detection/slicing/output/CPG/c/cwe194_cpg/cwe194-678-cpg-resolved.bin	tc678_flow1	CWE194_Unexpected_Sign_Extension__listen_socket_memmove_06.c	100	CWE194_Unexpected_Sign_Extension__listen_socket_memmove_06.c	144
/home/swlab-jueon/swvul/tools/java-vuln-detection/slicing/output/CPG/c/cwe194_cpg/cwe194-678-cpg-resolved.bin	tc678_flow2	CWE194_Unexpected_Sign_Extension__listen_socket_memmove_06.c	169	CWE194_Unexpected_Sign_Extension__listen_socket_memmove_06.c	180
/home/swlab-jueon/swvul/tools/java-vuln-detection/slicing/output/CPG/c/cwe194_cpg/cwe194-678-cpg-resolved.bin	tc678_flow3	CWE194_Unexpected_Sign_Extension__listen_socket_memmove_06.c	196	CWE194_Unexpected_Sign_Extension__listen_socket_memmove_06.c	207
/home/swlab-jueon/swvul/tools/java-vuln-detection/slicing/output/CPG/c/cwe194_cpg/cwe194-679-cpg-resolved.bin	tc679_flow1	CWE194_Unexpected_Sign_Extension__listen_socket_memmove_07.c	102	CWE194_Unexpected_Sign_Extension__listen_socket_memmove_07.c	146
/home/swlab-jueon/swvul/tools/java-vuln-detection/slicing/output/CPG/c/cwe194_cpg/cwe194-679-cpg-resolved.bin	tc679_flow2	CWE194_Unexpected_Sign_Extension__listen_socket_memmove_07.c	171	CWE194_Unexpected_Sign_Extension__listen_socket_memmove_07.c	182
/home/swlab-jueon/swvul/tools/java-vuln-detection/slicing/output/CPG/c/cwe194_cpg/cwe194-679-cpg-resolved.bin	tc679_flow3	CWE194_Unexpected_Sign_Extension__listen_socket_memmove_07.c	198	CWE194_Unexpected_Sign_Extension__listen_socket_memmove_07.c	209
/home/swlab-jueon/swvul/tools/java-vuln-detection/slicing/output/CPG/c/cwe194_cpg/cwe194-680-cpg-resolved.bin	tc680_flow1	CWE194_Unexpected_Sign_Extension__listen_socket_memmove_08.c	110	CWE194_Unexpected_Sign_Extension__listen_socket_memmove_08.c	154
/home/swlab-jueon/swvul/tools/java-vuln-detection/slicing/output/CPG/c/cwe194_cpg/cwe194-680-cpg-resolved.bin	tc680_flow2	CWE194_Unexpected_Sign_Extension__listen_socket_memmove_08.c	179	CWE194_Unexpected_Sign_Extension__listen_socket_memmove_08.c	190
/home/swlab-jueon/swvul/tools/java-vuln-detection/slicing/output/CPG/c/cwe194_cpg/cwe194-680-cpg-resolved.bin	tc680_flow3	CWE194_Unexpected_Sign_Extension__listen_socket_memmove_08.c	206	CWE194_Unexpected_Sign_Extension__listen_socket_memmove_08.c	217
/home/swlab-jueon/swvul/tools/java-vuln-detection/slicing/output/CPG/c/cwe194_cpg/cwe194-681-cpg-resolved.bin	tc681_flow1	CWE194_Unexpected_Sign_Extension__listen_socket_memmove_09.c	96	CWE194_Unexpected_Sign_Extension__listen_socket_memmove_09.c	140
/home/swlab-jueon/swvul/tools/java-vuln-detection/slicing/output/CPG/c/cwe194_cpg/cwe194-681-cpg-resolved.bin	tc681_flow2	CWE194_Unexpected_Sign_Extension__listen_socket_memmove_09.c	165	CWE194_Unexpected_Sign_Extension__listen_socket_memmove_09.c	176
/home/swlab-jueon/swvul/tools/java-vuln-detection/slicing/output/CPG/c/cwe194_cpg/cwe194-681-cpg-resolved.bin	tc681_flow3	CWE194_Unexpected_Sign_Extension__listen_socket_memmove_09.c	192	CWE194_Unexpected_Sign_Extension__listen_socket_memmove_09.c	203
/home/swlab-jueon/swvul/tools/java-vuln-detection/slicing/output/CPG/c/cwe194_cpg/cwe194-682-cpg-resolved.bin	tc682_flow1	CWE194_Unexpected_Sign_Extension__listen_socket_memmove_10.c	96	CWE194_Unexpected_Sign_Extension__listen_socket_memmove_10.c	140
/home/swlab-jueon/swvul/tools/java-vuln-detection/slicing/output/CPG/c/cwe194_cpg/cwe194-682-cpg-resolved.bin	tc682_flow2	CWE194_Unexpected_Sign_Extension__listen_socket_memmove_10.c	165	CWE194_Unexpected_Sign_Extension__listen_socket_memmove_10.c	176
/home/swlab-jueon/swvul/tools/java-vuln-detection/slicing/output/CPG/c/cwe194_cpg/cwe194-682-cpg-resolved.bin	tc682_flow3	CWE194_Unexpected_Sign_Extension__listen_socket_memmove_10.c	192	CWE194_Unexpected_Sign_Extension__listen_socket_memmove_10.c	203
/home/swlab-jueon/swvul/tools/java-vuln-detection/slicing/output/CPG/c/cwe194_cpg/cwe194-683-cpg-resolved.bin	tc683_flow1	CWE194_Unexpected_Sign_Extension__listen_socket_memmove_11.c	96	CWE194_Unexpected_Sign_Extension__listen_socket_memmove_11.c	140
/home/swlab-jueon/swvul/tools/java-vuln-detection/slicing/output/CPG/c/cwe194_cpg/cwe194-683-cpg-resolved.bin	tc683_flow2	CWE194_Unexpected_Sign_Extension__listen_socket_memmove_11.c	165	CWE194_Unexpected_Sign_Extension__listen_socket_memmove_11.c	176
/home/swlab-jueon/swvul/tools/java-vuln-detection/slicing/output/CPG/c/cwe194_cpg/cwe194-683-cpg-resolved.bin	tc683_flow3	CWE194_Unexpected_Sign_Extension__listen_socket_memmove_11.c	192	CWE194_Unexpected_Sign_Extension__listen_socket_memmove_11.c	203
/home/swlab-jueon/swvul/tools/java-vuln-detection/slicing/output/CPG/c/cwe194_cpg/cwe194-684-cpg-resolved.bin	tc684_flow1	CWE194_Unexpected_Sign_Extension__listen_socket_memmove_12.c	96	CWE194_Unexpected_Sign_Extension__listen_socket_memmove_12.c	145
/home/swlab-jueon/swvul/tools/java-vuln-detection/slicing/output/CPG/c/cwe194_cpg/cwe194-684-cpg-resolved.bin	tc684_flow2	CWE194_Unexpected_Sign_Extension__listen_socket_memmove_12.c	166	CWE194_Unexpected_Sign_Extension__listen_socket_memmove_12.c	182
/home/swlab-jueon/swvul/tools/java-vuln-detection/slicing/output/CPG/c/cwe194_cpg/cwe194-685-cpg-resolved.bin	tc685_flow1	CWE194_Unexpected_Sign_Extension__listen_socket_memmove_13.c	96	CWE194_Unexpected_Sign_Extension__listen_socket_memmove_13.c	140
/home/swlab-jueon/swvul/tools/java-vuln-detection/slicing/output/CPG/c/cwe194_cpg/cwe194-685-cpg-resolved.bin	tc685_flow2	CWE194_Unexpected_Sign_Extension__listen_socket_memmove_13.c	165	CWE194_Unexpected_Sign_Extension__listen_socket_memmove_13.c	176
/home/swlab-jueon/swvul/tools/java-vuln-detection/slicing/output/CPG/c/cwe194_cpg/cwe194-685-cpg-resolved.bin	tc685_flow3	CWE194_Unexpected_Sign_Extension__listen_socket_memmove_13.c	192	CWE194_Unexpected_Sign_Extension__listen_socket_memmove_13.c	203
/home/swlab-jueon/swvul/tools/java-vuln-detection/slicing/output/CPG/c/cwe194_cpg/cwe194-686-cpg-resolved.bin	tc686_flow1	CWE194_Unexpected_Sign_Extension__listen_socket_memmove_14.c	96	CWE194_Unexpected_Sign_Extension__listen_socket_memmove_14.c	140
/home/swlab-jueon/swvul/tools/java-vuln-detection/slicing/output/CPG/c/cwe194_cpg/cwe194-686-cpg-resolved.bin	tc686_flow2	CWE194_Unexpected_Sign_Extension__listen_socket_memmove_14.c	165	CWE194_Unexpected_Sign_Extension__listen_socket_memmove_14.c	176
/home/swlab-jueon/swvul/tools/java-vuln-detection/slicing/output/CPG/c/cwe194_cpg/cwe194-686-cpg-resolved.bin	tc686_flow3	CWE194_Unexpected_Sign_Extension__listen_socket_memmove_14.c	192	CWE194_Unexpected_Sign_Extension__listen_socket_memmove_14.c	203
/home/swlab-jueon/swvul/tools/java-vuln-detection/slicing/output/CPG/c/cwe194_cpg/cwe194-687-cpg-resolved.bin	tc687_flow1	CWE194_Unexpected_Sign_Extension__listen_socket_memmove_15.c	97	CWE194_Unexpected_Sign_Extension__listen_socket_memmove_15.c	146
/home/swlab-jueon/swvul/tools/java-vuln-detection/slicing/output/CPG/c/cwe194_cpg/cwe194-687-cpg-resolved.bin	tc687_flow2	CWE194_Unexpected_Sign_Extension__listen_socket_memmove_15.c	171	CWE194_Unexpected_Sign_Extension__listen_socket_memmove_15.c	183
/home/swlab-jueon/swvul/tools/java-vuln-detection/slicing/output/CPG/c/cwe194_cpg/cwe194-687-cpg-resolved.bin	tc687_flow3	CWE194_Unexpected_Sign_Extension__listen_socket_memmove_15.c	200	CWE194_Unexpected_Sign_Extension__listen_socket_memmove_15.c	216
/home/swlab-jueon/swvul/tools/java-vuln-detection/slicing/output/CPG/c/cwe194_cpg/cwe194-688-cpg-resolved.bin	tc688_flow1	CWE194_Unexpected_Sign_Extension__listen_socket_memmove_16.c	96	CWE194_Unexpected_Sign_Extension__listen_socket_memmove_16.c	141
/home/swlab-jueon/swvul/tools/java-vuln-detection/slicing/output/CPG/c/cwe194_cpg/cwe194-688-cpg-resolved.bin	tc688_flow2	CWE194_Unexpected_Sign_Extension__listen_socket_memmove_16.c	161	CWE194_Unexpected_Sign_Extension__listen_socket_memmove_16.c	173
/home/swlab-jueon/swvul/tools/java-vuln-detection/slicing/output/CPG/c/cwe194_cpg/cwe194-689-cpg-resolved.bin	tc689_flow1	CWE194_Unexpected_Sign_Extension__listen_socket_memmove_17.c	97	CWE194_Unexpected_Sign_Extension__listen_socket_memmove_17.c	141
/home/swlab-jueon/swvul/tools/java-vuln-detection/slicing/output/CPG/c/cwe194_cpg/cwe194-689-cpg-resolved.bin	tc689_flow2	CWE194_Unexpected_Sign_Extension__listen_socket_memmove_17.c	162	CWE194_Unexpected_Sign_Extension__listen_socket_memmove_17.c	173
/home/swlab-jueon/swvul/tools/java-vuln-detection/slicing/output/CPG/c/cwe194_cpg/cwe194-690-cpg-resolved.bin	tc690_flow1	CWE194_Unexpected_Sign_Extension__listen_socket_memmove_18.c	96	CWE194_Unexpected_Sign_Extension__listen_socket_memmove_18.c	139
/home/swlab-jueon/swvul/tools/java-vuln-detection/slicing/output/CPG/c/cwe194_cpg/cwe194-690-cpg-resolved.bin	tc690_flow2	CWE194_Unexpected_Sign_Extension__listen_socket_memmove_18.c	159	CWE194_Unexpected_Sign_Extension__listen_socket_memmove_18.c	169
/home/swlab-jueon/swvul/tools/java-vuln-detection/slicing/output/CPG/c/cwe194_cpg/cwe194-691-cpg-resolved.bin	tc691_flow1	CWE194_Unexpected_Sign_Extension__listen_socket_memmove_21.c	96	CWE194_Unexpected_Sign_Extension__listen_socket_memmove_21.c	150
/home/swlab-jueon/swvul/tools/java-vuln-detection/slicing/output/CPG/c/cwe194_cpg/cwe194-691-cpg-resolved.bin	tc691_flow2	CWE194_Unexpected_Sign_Extension__listen_socket_memmove_21.c	176	CWE194_Unexpected_Sign_Extension__listen_socket_memmove_21.c	197
/home/swlab-jueon/swvul/tools/java-vuln-detection/slicing/output/CPG/c/cwe194_cpg/cwe194-691-cpg-resolved.bin	tc691_flow3	CWE194_Unexpected_Sign_Extension__listen_socket_memmove_21.c	210	CWE194_Unexpected_Sign_Extension__listen_socket_memmove_21.c	231
/home/swlab-jueon/swvul/tools/java-vuln-detection/slicing/output/CPG/c/cwe194_cpg/cwe194-692-cpg-resolved.bin	tc692_flow1	CWE194_Unexpected_Sign_Extension__listen_socket_memmove_22b.c	96	CWE194_Unexpected_Sign_Extension__listen_socket_memmove_22a.c	42
/home/swlab-jueon/swvul/tools/java-vuln-detection/slicing/output/CPG/c/cwe194_cpg/cwe194-692-cpg-resolved.bin	tc692_flow2	CWE194_Unexpected_Sign_Extension__listen_socket_memmove_22b.c	153	CWE194_Unexpected_Sign_Extension__listen_socket_memmove_22a.c	76
/home/swlab-jueon/swvul/tools/java-vuln-detection/slicing/output/CPG/c/cwe194_cpg/cwe194-692-cpg-resolved.bin	tc692_flow3	CWE194_Unexpected_Sign_Extension__listen_socket_memmove_22b.c	164	CWE194_Unexpected_Sign_Extension__listen_socket_memmove_22a.c	102
/home/swlab-jueon/swvul/tools/java-vuln-detection/slicing/output/CPG/c/cwe194_cpg/cwe194-693-cpg-resolved.bin	tc693_flow1	CWE194_Unexpected_Sign_Extension__listen_socket_memmove_31.c	94	CWE194_Unexpected_Sign_Extension__listen_socket_memmove_31.c	140
/home/swlab-jueon/swvul/tools/java-vuln-detection/slicing/output/CPG/c/cwe194_cpg/cwe194-693-cpg-resolved.bin	tc693_flow2	CWE194_Unexpected_Sign_Extension__listen_socket_memmove_31.c	159	CWE194_Unexpected_Sign_Extension__listen_socket_memmove_31.c	172
/home/swlab-jueon/swvul/tools/java-vuln-detection/slicing/output/CPG/c/cwe194_cpg/cwe194-694-cpg-resolved.bin	tc694_flow1	CWE194_Unexpected_Sign_Extension__listen_socket_memmove_32.c	98	CWE194_Unexpected_Sign_Extension__listen_socket_memmove_32.c	145
/home/swlab-jueon/swvul/tools/java-vuln-detection/slicing/output/CPG/c/cwe194_cpg/cwe194-694-cpg-resolved.bin	tc694_flow2	CWE194_Unexpected_Sign_Extension__listen_socket_memmove_32.c	168	CWE194_Unexpected_Sign_Extension__listen_socket_memmove_32.c	182
/home/swlab-jueon/swvul/tools/java-vuln-detection/slicing/output/CPG/c/cwe194_cpg/cwe194-695-cpg-resolved.bin	tc695_flow1	CWE194_Unexpected_Sign_Extension__listen_socket_memmove_33.cpp	98	CWE194_Unexpected_Sign_Extension__listen_socket_memmove_33.cpp	143
/home/swlab-jueon/swvul/tools/java-vuln-detection/slicing/output/CPG/c/cwe194_cpg/cwe194-695-cpg-resolved.bin	tc695_flow2	CWE194_Unexpected_Sign_Extension__listen_socket_memmove_33.cpp	163	CWE194_Unexpected_Sign_Extension__listen_socket_memmove_33.cpp	175
/home/swlab-jueon/swvul/tools/java-vuln-detection/slicing/output/CPG/c/cwe194_cpg/cwe194-696-cpg-resolved.bin	tc696_flow1	CWE194_Unexpected_Sign_Extension__listen_socket_memmove_34.c	101	CWE194_Unexpected_Sign_Extension__listen_socket_memmove_34.c	147
/home/swlab-jueon/swvul/tools/java-vuln-detection/slicing/output/CPG/c/cwe194_cpg/cwe194-696-cpg-resolved.bin	tc696_flow2	CWE194_Unexpected_Sign_Extension__listen_socket_memmove_34.c	167	CWE194_Unexpected_Sign_Extension__listen_socket_memmove_34.c	180
/home/swlab-jueon/swvul/tools/java-vuln-detection/slicing/output/CPG/c/cwe194_cpg/cwe194-697-cpg-resolved.bin	tc697_flow1	CWE194_Unexpected_Sign_Extension__listen_socket_memmove_41.c	112	CWE194_Unexpected_Sign_Extension__listen_socket_memmove_41.c	55
/home/swlab-jueon/swvul/tools/java-vuln-detection/slicing/output/CPG/c/cwe194_cpg/cwe194-697-cpg-resolved.bin	tc697_flow2	CWE194_Unexpected_Sign_Extension__listen_socket_memmove_41.c	178	CWE194_Unexpected_Sign_Extension__listen_socket_memmove_41.c	164
/home/swlab-jueon/swvul/tools/java-vuln-detection/slicing/output/CPG/c/cwe194_cpg/cwe194-698-cpg-resolved.bin	tc698_flow1	CWE194_Unexpected_Sign_Extension__listen_socket_memmove_42.c	91	CWE194_Unexpected_Sign_Extension__listen_socket_memmove_42.c	143
/home/swlab-jueon/swvul/tools/java-vuln-detection/slicing/output/CPG/c/cwe194_cpg/cwe194-698-cpg-resolved.bin	tc698_flow2	CWE194_Unexpected_Sign_Extension__listen_socket_memmove_42.c	157	CWE194_Unexpected_Sign_Extension__listen_socket_memmove_42.c	177
/home/swlab-jueon/swvul/tools/java-vuln-detection/slicing/output/CPG/c/cwe194_cpg/cwe194-699-cpg-resolved.bin	tc699_flow1	CWE194_Unexpected_Sign_Extension__listen_socket_memmove_43.cpp	94	CWE194_Unexpected_Sign_Extension__listen_socket_memmove_43.cpp	145
/home/swlab-jueon/swvul/tools/java-vuln-detection/slicing/output/CPG/c/cwe194_cpg/cwe194-699-cpg-resolved.bin	tc699_flow2	CWE194_Unexpected_Sign_Extension__listen_socket_memmove_43.cpp	160	CWE194_Unexpected_Sign_Extension__listen_socket_memmove_43.cpp	178
/home/swlab-jueon/swvul/tools/java-vuln-detection/slicing/output/CPG/c/cwe194_cpg/cwe194-700-cpg-resolved.bin	tc700_flow1	CWE194_Unexpected_Sign_Extension__listen_socket_memmove_44.c	114	CWE194_Unexpected_Sign_Extension__listen_socket_memmove_44.c	55
/home/swlab-jueon/swvul/tools/java-vuln-detection/slicing/output/CPG/c/cwe194_cpg/cwe194-700-cpg-resolved.bin	tc700_flow2	CWE194_Unexpected_Sign_Extension__listen_socket_memmove_44.c	182	CWE194_Unexpected_Sign_Extension__listen_socket_memmove_44.c	168
/home/swlab-jueon/swvul/tools/java-vuln-detection/slicing/output/CPG/c/cwe194_cpg/cwe194-701-cpg-resolved.bin	tc701_flow1	CWE194_Unexpected_Sign_Extension__listen_socket_memmove_45.c	116	CWE194_Unexpected_Sign_Extension__listen_socket_memmove_45.c	59
/home/swlab-jueon/swvul/tools/java-vuln-detection/slicing/output/CPG/c/cwe194_cpg/cwe194-701-cpg-resolved.bin	tc701_flow2	CWE194_Unexpected_Sign_Extension__listen_socket_memmove_45.c	184	CWE194_Unexpected_Sign_Extension__listen_socket_memmove_45.c	171
/home/swlab-jueon/swvul/tools/java-vuln-detection/slicing/output/CPG/c/cwe194_cpg/cwe194-702-cpg-resolved.bin	tc702_flow1	CWE194_Unexpected_Sign_Extension__listen_socket_memmove_51a.c	97	CWE194_Unexpected_Sign_Extension__listen_socket_memmove_51b.c	57
/home/swlab-jueon/swvul/tools/java-vuln-detection/slicing/output/CPG/c/cwe194_cpg/cwe194-702-cpg-resolved.bin	tc702_flow2	CWE194_Unexpected_Sign_Extension__listen_socket_memmove_51a.c	148	CWE194_Unexpected_Sign_Extension__listen_socket_memmove_51b.c	80
/home/swlab-jueon/swvul/tools/java-vuln-detection/slicing/output/CPG/c/cwe194_cpg/cwe194-703-cpg-resolved.bin	tc703_flow1	CWE194_Unexpected_Sign_Extension__listen_socket_memmove_52a.c	97	CWE194_Unexpected_Sign_Extension__listen_socket_memmove_52c.c	57
/home/swlab-jueon/swvul/tools/java-vuln-detection/slicing/output/CPG/c/cwe194_cpg/cwe194-703-cpg-resolved.bin	tc703_flow2	CWE194_Unexpected_Sign_Extension__listen_socket_memmove_52a.c	148	CWE194_Unexpected_Sign_Extension__listen_socket_memmove_52c.c	80
/home/swlab-jueon/swvul/tools/java-vuln-detection/slicing/output/CPG/c/cwe194_cpg/cwe194-704-cpg-resolved.bin	tc704_flow1	CWE194_Unexpected_Sign_Extension__listen_socket_memmove_53a.c	97	CWE194_Unexpected_Sign_Extension__listen_socket_memmove_53d.c	57
/home/swlab-jueon/swvul/tools/java-vuln-detection/slicing/output/CPG/c/cwe194_cpg/cwe194-704-cpg-resolved.bin	tc704_flow2	CWE194_Unexpected_Sign_Extension__listen_socket_memmove_53a.c	148	CWE194_Unexpected_Sign_Extension__listen_socket_memmove_53d.c	80
/home/swlab-jueon/swvul/tools/java-vuln-detection/slicing/output/CPG/c/cwe194_cpg/cwe194-705-cpg-resolved.bin	tc705_flow1	CWE194_Unexpected_Sign_Extension__listen_socket_memmove_54a.c	97	CWE194_Unexpected_Sign_Extension__listen_socket_memmove_54e.c	57
/home/swlab-jueon/swvul/tools/java-vuln-detection/slicing/output/CPG/c/cwe194_cpg/cwe194-705-cpg-resolved.bin	tc705_flow2	CWE194_Unexpected_Sign_Extension__listen_socket_memmove_54a.c	148	CWE194_Unexpected_Sign_Extension__listen_socket_memmove_54e.c	80
/home/swlab-jueon/swvul/tools/java-vuln-detection/slicing/output/CPG/c/cwe194_cpg/cwe194-706-cpg-resolved.bin	tc706_flow1	CWE194_Unexpected_Sign_Extension__listen_socket_memmove_61b.c	91	CWE194_Unexpected_Sign_Extension__listen_socket_memmove_61a.c	62
/home/swlab-jueon/swvul/tools/java-vuln-detection/slicing/output/CPG/c/cwe194_cpg/cwe194-706-cpg-resolved.bin	tc706_flow2	CWE194_Unexpected_Sign_Extension__listen_socket_memmove_61b.c	136	CWE194_Unexpected_Sign_Extension__listen_socket_memmove_61a.c	91
/home/swlab-jueon/swvul/tools/java-vuln-detection/slicing/output/CPG/c/cwe194_cpg/cwe194-707-cpg-resolved.bin	tc707_flow1	CWE194_Unexpected_Sign_Extension__listen_socket_memmove_62b.cpp	94	CWE194_Unexpected_Sign_Extension__listen_socket_memmove_62a.cpp	42
/home/swlab-jueon/swvul/tools/java-vuln-detection/slicing/output/CPG/c/cwe194_cpg/cwe194-707-cpg-resolved.bin	tc707_flow2	CWE194_Unexpected_Sign_Extension__listen_socket_memmove_62b.cpp	138	CWE194_Unexpected_Sign_Extension__listen_socket_memmove_62a.cpp	71
/home/swlab-jueon/swvul/tools/java-vuln-detection/slicing/output/CPG/c/cwe194_cpg/cwe194-708-cpg-resolved.bin	tc708_flow1	CWE194_Unexpected_Sign_Extension__listen_socket_memmove_63a.c	97	CWE194_Unexpected_Sign_Extension__listen_socket_memmove_63b.c	56
/home/swlab-jueon/swvul/tools/java-vuln-detection/slicing/output/CPG/c/cwe194_cpg/cwe194-708-cpg-resolved.bin	tc708_flow2	CWE194_Unexpected_Sign_Extension__listen_socket_memmove_63a.c	147	CWE194_Unexpected_Sign_Extension__listen_socket_memmove_63b.c	80
/home/swlab-jueon/swvul/tools/java-vuln-detection/slicing/output/CPG/c/cwe194_cpg/cwe194-709-cpg-resolved.bin	tc709_flow1	CWE194_Unexpected_Sign_Extension__listen_socket_memmove_64a.c	97	CWE194_Unexpected_Sign_Extension__listen_socket_memmove_64b.c	59
/home/swlab-jueon/swvul/tools/java-vuln-detection/slicing/output/CPG/c/cwe194_cpg/cwe194-709-cpg-resolved.bin	tc709_flow2	CWE194_Unexpected_Sign_Extension__listen_socket_memmove_64a.c	147	CWE194_Unexpected_Sign_Extension__listen_socket_memmove_64b.c	86
/home/swlab-jueon/swvul/tools/java-vuln-detection/slicing/output/CPG/c/cwe194_cpg/cwe194-710-cpg-resolved.bin	tc710_flow1	CWE194_Unexpected_Sign_Extension__listen_socket_memmove_65a.c	99	CWE194_Unexpected_Sign_Extension__listen_socket_memmove_65b.c	55
/home/swlab-jueon/swvul/tools/java-vuln-detection/slicing/output/CPG/c/cwe194_cpg/cwe194-710-cpg-resolved.bin	tc710_flow2	CWE194_Unexpected_Sign_Extension__listen_socket_memmove_65a.c	151	CWE194_Unexpected_Sign_Extension__listen_socket_memmove_65b.c	78
/home/swlab-jueon/swvul/tools/java-vuln-detection/slicing/output/CPG/c/cwe194_cpg/cwe194-711-cpg-resolved.bin	tc711_flow1	CWE194_Unexpected_Sign_Extension__listen_socket_memmove_66a.c	98	CWE194_Unexpected_Sign_Extension__listen_socket_memmove_66b.c	57
/home/swlab-jueon/swvul/tools/java-vuln-detection/slicing/output/CPG/c/cwe194_cpg/cwe194-711-cpg-resolved.bin	tc711_flow2	CWE194_Unexpected_Sign_Extension__listen_socket_memmove_66a.c	151	CWE194_Unexpected_Sign_Extension__listen_socket_memmove_66b.c	81
/home/swlab-jueon/swvul/tools/java-vuln-detection/slicing/output/CPG/c/cwe194_cpg/cwe194-712-cpg-resolved.bin	tc712_flow1	CWE194_Unexpected_Sign_Extension__listen_socket_memmove_67a.c	103	CWE194_Unexpected_Sign_Extension__listen_socket_memmove_67b.c	61
/home/swlab-jueon/swvul/tools/java-vuln-detection/slicing/output/CPG/c/cwe194_cpg/cwe194-712-cpg-resolved.bin	tc712_flow2	CWE194_Unexpected_Sign_Extension__listen_socket_memmove_67a.c	155	CWE194_Unexpected_Sign_Extension__listen_socket_memmove_67b.c	85
/home/swlab-jueon/swvul/tools/java-vuln-detection/slicing/output/CPG/c/cwe194_cpg/cwe194-713-cpg-resolved.bin	tc713_flow1	CWE194_Unexpected_Sign_Extension__listen_socket_memmove_68a.c	100	CWE194_Unexpected_Sign_Extension__listen_socket_memmove_68b.c	61
/home/swlab-jueon/swvul/tools/java-vuln-detection/slicing/output/CPG/c/cwe194_cpg/cwe194-713-cpg-resolved.bin	tc713_flow2	CWE194_Unexpected_Sign_Extension__listen_socket_memmove_68a.c	152	CWE194_Unexpected_Sign_Extension__listen_socket_memmove_68b.c	85
/home/swlab-jueon/swvul/tools/java-vuln-detection/slicing/output/CPG/c/cwe194_cpg/cwe194-714-cpg-resolved.bin	tc714_flow1	CWE194_Unexpected_Sign_Extension__listen_socket_memmove_72a.cpp	104	CWE194_Unexpected_Sign_Extension__listen_socket_memmove_72b.cpp	40
/home/swlab-jueon/swvul/tools/java-vuln-detection/slicing/output/CPG/c/cwe194_cpg/cwe194-714-cpg-resolved.bin	tc714_flow2	CWE194_Unexpected_Sign_Extension__listen_socket_memmove_72a.cpp	161	CWE194_Unexpected_Sign_Extension__listen_socket_memmove_72b.cpp	64
/home/swlab-jueon/swvul/tools/java-vuln-detection/slicing/output/CPG/c/cwe194_cpg/cwe194-715-cpg-resolved.bin	tc715_flow1	CWE194_Unexpected_Sign_Extension__listen_socket_memmove_73a.cpp	104	CWE194_Unexpected_Sign_Extension__listen_socket_memmove_73b.cpp	40
/home/swlab-jueon/swvul/tools/java-vuln-detection/slicing/output/CPG/c/cwe194_cpg/cwe194-715-cpg-resolved.bin	tc715_flow2	CWE194_Unexpected_Sign_Extension__listen_socket_memmove_73a.cpp	161	CWE194_Unexpected_Sign_Extension__listen_socket_memmove_73b.cpp	64
/home/swlab-jueon/swvul/tools/java-vuln-detection/slicing/output/CPG/c/cwe194_cpg/cwe194-716-cpg-resolved.bin	tc716_flow1	CWE194_Unexpected_Sign_Extension__listen_socket_memmove_74a.cpp	104	CWE194_Unexpected_Sign_Extension__listen_socket_memmove_74b.cpp	40
/home/swlab-jueon/swvul/tools/java-vuln-detection/slicing/output/CPG/c/cwe194_cpg/cwe194-716-cpg-resolved.bin	tc716_flow2	CWE194_Unexpected_Sign_Extension__listen_socket_memmove_74a.cpp	161	CWE194_Unexpected_Sign_Extension__listen_socket_memmove_74b.cpp	64
/home/swlab-jueon/swvul/tools/java-vuln-detection/slicing/output/CPG/c/cwe194_cpg/cwe194-717-cpg-resolved.bin	tc717_flow1	CWE194_Unexpected_Sign_Extension__listen_socket_memmove_81a.cpp	98	CWE194_Unexpected_Sign_Extension__listen_socket_memmove_81_bad.cpp	35
/home/swlab-jueon/swvul/tools/java-vuln-detection/slicing/output/CPG/c/cwe194_cpg/cwe194-717-cpg-resolved.bin	tc717_flow2	CWE194_Unexpected_Sign_Extension__listen_socket_memmove_81a.cpp	147	CWE194_Unexpected_Sign_Extension__listen_socket_memmove_81_goodG2B.cpp	35
/home/swlab-jueon/swvul/tools/java-vuln-detection/slicing/output/CPG/c/cwe194_cpg/cwe194-718-cpg-resolved.bin	tc718_flow1	CWE194_Unexpected_Sign_Extension__listen_socket_memmove_82a.cpp	98	CWE194_Unexpected_Sign_Extension__listen_socket_memmove_82_bad.cpp	35
/home/swlab-jueon/swvul/tools/java-vuln-detection/slicing/output/CPG/c/cwe194_cpg/cwe194-718-cpg-resolved.bin	tc718_flow2	CWE194_Unexpected_Sign_Extension__listen_socket_memmove_82a.cpp	148	CWE194_Unexpected_Sign_Extension__listen_socket_memmove_82_goodG2B.cpp	35
/home/swlab-jueon/swvul/tools/java-vuln-detection/slicing/output/CPG/c/cwe194_cpg/cwe194-719-cpg-resolved.bin	tc719_flow1	CWE194_Unexpected_Sign_Extension__listen_socket_memmove_83_bad.cpp	94	CWE194_Unexpected_Sign_Extension__listen_socket_memmove_83_bad.cpp	141
/home/swlab-jueon/swvul/tools/java-vuln-detection/slicing/output/CPG/c/cwe194_cpg/cwe194-719-cpg-resolved.bin	tc719_flow2	CWE194_Unexpected_Sign_Extension__listen_socket_memmove_83_goodG2B.cpp	27	CWE194_Unexpected_Sign_Extension__listen_socket_memmove_83_goodG2B.cpp	41
/home/swlab-jueon/swvul/tools/java-vuln-detection/slicing/output/CPG/c/cwe194_cpg/cwe194-720-cpg-resolved.bin	tc720_flow1	CWE194_Unexpected_Sign_Extension__listen_socket_memmove_84_bad.cpp	94	CWE194_Unexpected_Sign_Extension__listen_socket_memmove_84_bad.cpp	141
/home/swlab-jueon/swvul/tools/java-vuln-detection/slicing/output/CPG/c/cwe194_cpg/cwe194-720-cpg-resolved.bin	tc720_flow2	CWE194_Unexpected_Sign_Extension__listen_socket_memmove_84_goodG2B.cpp	27	CWE194_Unexpected_Sign_Extension__listen_socket_memmove_84_goodG2B.cpp	41
/home/swlab-jueon/swvul/tools/java-vuln-detection/slicing/output/CPG/c/cwe194_cpg/cwe194-721-cpg-resolved.bin	tc721_flow1	CWE194_Unexpected_Sign_Extension__listen_socket_strncpy_01.c	94	CWE194_Unexpected_Sign_Extension__listen_socket_strncpy_01.c	137
/home/swlab-jueon/swvul/tools/java-vuln-detection/slicing/output/CPG/c/cwe194_cpg/cwe194-721-cpg-resolved.bin	tc721_flow2	CWE194_Unexpected_Sign_Extension__listen_socket_strncpy_01.c	155	CWE194_Unexpected_Sign_Extension__listen_socket_strncpy_01.c	165
/home/swlab-jueon/swvul/tools/java-vuln-detection/slicing/output/CPG/c/cwe194_cpg/cwe194-722-cpg-resolved.bin	tc722_flow1	CWE194_Unexpected_Sign_Extension__listen_socket_strncpy_02.c	96	CWE194_Unexpected_Sign_Extension__listen_socket_strncpy_02.c	140
/home/swlab-jueon/swvul/tools/java-vuln-detection/slicing/output/CPG/c/cwe194_cpg/cwe194-722-cpg-resolved.bin	tc722_flow2	CWE194_Unexpected_Sign_Extension__listen_socket_strncpy_02.c	165	CWE194_Unexpected_Sign_Extension__listen_socket_strncpy_02.c	176
/home/swlab-jueon/swvul/tools/java-vuln-detection/slicing/output/CPG/c/cwe194_cpg/cwe194-722-cpg-resolved.bin	tc722_flow3	CWE194_Unexpected_Sign_Extension__listen_socket_strncpy_02.c	192	CWE194_Unexpected_Sign_Extension__listen_socket_strncpy_02.c	203
/home/swlab-jueon/swvul/tools/java-vuln-detection/slicing/output/CPG/c/cwe194_cpg/cwe194-723-cpg-resolved.bin	tc723_flow1	CWE194_Unexpected_Sign_Extension__listen_socket_strncpy_03.c	96	CWE194_Unexpected_Sign_Extension__listen_socket_strncpy_03.c	140
/home/swlab-jueon/swvul/tools/java-vuln-detection/slicing/output/CPG/c/cwe194_cpg/cwe194-723-cpg-resolved.bin	tc723_flow2	CWE194_Unexpected_Sign_Extension__listen_socket_strncpy_03.c	165	CWE194_Unexpected_Sign_Extension__listen_socket_strncpy_03.c	176
/home/swlab-jueon/swvul/tools/java-vuln-detection/slicing/output/CPG/c/cwe194_cpg/cwe194-723-cpg-resolved.bin	tc723_flow3	CWE194_Unexpected_Sign_Extension__listen_socket_strncpy_03.c	192	CWE194_Unexpected_Sign_Extension__listen_socket_strncpy_03.c	203
/home/swlab-jueon/swvul/tools/java-vuln-detection/slicing/output/CPG/c/cwe194_cpg/cwe194-724-cpg-resolved.bin	tc724_flow1	CWE194_Unexpected_Sign_Extension__listen_socket_strncpy_04.c	103	CWE194_Unexpected_Sign_Extension__listen_socket_strncpy_04.c	147
/home/swlab-jueon/swvul/tools/java-vuln-detection/slicing/output/CPG/c/cwe194_cpg/cwe194-724-cpg-resolved.bin	tc724_flow2	CWE194_Unexpected_Sign_Extension__listen_socket_strncpy_04.c	172	CWE194_Unexpected_Sign_Extension__listen_socket_strncpy_04.c	183
/home/swlab-jueon/swvul/tools/java-vuln-detection/slicing/output/CPG/c/cwe194_cpg/cwe194-724-cpg-resolved.bin	tc724_flow3	CWE194_Unexpected_Sign_Extension__listen_socket_strncpy_04.c	199	CWE194_Unexpected_Sign_Extension__listen_socket_strncpy_04.c	210
/home/swlab-jueon/swvul/tools/java-vuln-detection/slicing/output/CPG/c/cwe194_cpg/cwe194-725-cpg-resolved.bin	tc725_flow1	CWE194_Unexpected_Sign_Extension__listen_socket_strncpy_05.c	103	CWE194_Unexpected_Sign_Extension__listen_socket_strncpy_05.c	147
/home/swlab-jueon/swvul/tools/java-vuln-detection/slicing/output/CPG/c/cwe194_cpg/cwe194-725-cpg-resolved.bin	tc725_flow2	CWE194_Unexpected_Sign_Extension__listen_socket_strncpy_05.c	172	CWE194_Unexpected_Sign_Extension__listen_socket_strncpy_05.c	183
/home/swlab-jueon/swvul/tools/java-vuln-detection/slicing/output/CPG/c/cwe194_cpg/cwe194-725-cpg-resolved.bin	tc725_flow3	CWE194_Unexpected_Sign_Extension__listen_socket_strncpy_05.c	199	CWE194_Unexpected_Sign_Extension__listen_socket_strncpy_05.c	210
/home/swlab-jueon/swvul/tools/java-vuln-detection/slicing/output/CPG/c/cwe194_cpg/cwe194-726-cpg-resolved.bin	tc726_flow1	CWE194_Unexpected_Sign_Extension__listen_socket_strncpy_06.c	100	CWE194_Unexpected_Sign_Extension__listen_socket_strncpy_06.c	144
/home/swlab-jueon/swvul/tools/java-vuln-detection/slicing/output/CPG/c/cwe194_cpg/cwe194-726-cpg-resolved.bin	tc726_flow2	CWE194_Unexpected_Sign_Extension__listen_socket_strncpy_06.c	169	CWE194_Unexpected_Sign_Extension__listen_socket_strncpy_06.c	180
/home/swlab-jueon/swvul/tools/java-vuln-detection/slicing/output/CPG/c/cwe194_cpg/cwe194-726-cpg-resolved.bin	tc726_flow3	CWE194_Unexpected_Sign_Extension__listen_socket_strncpy_06.c	196	CWE194_Unexpected_Sign_Extension__listen_socket_strncpy_06.c	207
/home/swlab-jueon/swvul/tools/java-vuln-detection/slicing/output/CPG/c/cwe194_cpg/cwe194-727-cpg-resolved.bin	tc727_flow1	CWE194_Unexpected_Sign_Extension__listen_socket_strncpy_07.c	102	CWE194_Unexpected_Sign_Extension__listen_socket_strncpy_07.c	146
/home/swlab-jueon/swvul/tools/java-vuln-detection/slicing/output/CPG/c/cwe194_cpg/cwe194-727-cpg-resolved.bin	tc727_flow2	CWE194_Unexpected_Sign_Extension__listen_socket_strncpy_07.c	171	CWE194_Unexpected_Sign_Extension__listen_socket_strncpy_07.c	182
/home/swlab-jueon/swvul/tools/java-vuln-detection/slicing/output/CPG/c/cwe194_cpg/cwe194-727-cpg-resolved.bin	tc727_flow3	CWE194_Unexpected_Sign_Extension__listen_socket_strncpy_07.c	198	CWE194_Unexpected_Sign_Extension__listen_socket_strncpy_07.c	209
/home/swlab-jueon/swvul/tools/java-vuln-detection/slicing/output/CPG/c/cwe194_cpg/cwe194-728-cpg-resolved.bin	tc728_flow1	CWE194_Unexpected_Sign_Extension__listen_socket_strncpy_08.c	110	CWE194_Unexpected_Sign_Extension__listen_socket_strncpy_08.c	154
/home/swlab-jueon/swvul/tools/java-vuln-detection/slicing/output/CPG/c/cwe194_cpg/cwe194-728-cpg-resolved.bin	tc728_flow2	CWE194_Unexpected_Sign_Extension__listen_socket_strncpy_08.c	179	CWE194_Unexpected_Sign_Extension__listen_socket_strncpy_08.c	190
/home/swlab-jueon/swvul/tools/java-vuln-detection/slicing/output/CPG/c/cwe194_cpg/cwe194-728-cpg-resolved.bin	tc728_flow3	CWE194_Unexpected_Sign_Extension__listen_socket_strncpy_08.c	206	CWE194_Unexpected_Sign_Extension__listen_socket_strncpy_08.c	217
/home/swlab-jueon/swvul/tools/java-vuln-detection/slicing/output/CPG/c/cwe194_cpg/cwe194-729-cpg-resolved.bin	tc729_flow1	CWE194_Unexpected_Sign_Extension__listen_socket_strncpy_09.c	96	CWE194_Unexpected_Sign_Extension__listen_socket_strncpy_09.c	140
/home/swlab-jueon/swvul/tools/java-vuln-detection/slicing/output/CPG/c/cwe194_cpg/cwe194-729-cpg-resolved.bin	tc729_flow2	CWE194_Unexpected_Sign_Extension__listen_socket_strncpy_09.c	165	CWE194_Unexpected_Sign_Extension__listen_socket_strncpy_09.c	176
/home/swlab-jueon/swvul/tools/java-vuln-detection/slicing/output/CPG/c/cwe194_cpg/cwe194-729-cpg-resolved.bin	tc729_flow3	CWE194_Unexpected_Sign_Extension__listen_socket_strncpy_09.c	192	CWE194_Unexpected_Sign_Extension__listen_socket_strncpy_09.c	203
/home/swlab-jueon/swvul/tools/java-vuln-detection/slicing/output/CPG/c/cwe194_cpg/cwe194-730-cpg-resolved.bin	tc730_flow1	CWE194_Unexpected_Sign_Extension__listen_socket_strncpy_10.c	96	CWE194_Unexpected_Sign_Extension__listen_socket_strncpy_10.c	140
/home/swlab-jueon/swvul/tools/java-vuln-detection/slicing/output/CPG/c/cwe194_cpg/cwe194-730-cpg-resolved.bin	tc730_flow2	CWE194_Unexpected_Sign_Extension__listen_socket_strncpy_10.c	165	CWE194_Unexpected_Sign_Extension__listen_socket_strncpy_10.c	176
/home/swlab-jueon/swvul/tools/java-vuln-detection/slicing/output/CPG/c/cwe194_cpg/cwe194-730-cpg-resolved.bin	tc730_flow3	CWE194_Unexpected_Sign_Extension__listen_socket_strncpy_10.c	192	CWE194_Unexpected_Sign_Extension__listen_socket_strncpy_10.c	203
/home/swlab-jueon/swvul/tools/java-vuln-detection/slicing/output/CPG/c/cwe194_cpg/cwe194-731-cpg-resolved.bin	tc731_flow1	CWE194_Unexpected_Sign_Extension__listen_socket_strncpy_11.c	96	CWE194_Unexpected_Sign_Extension__listen_socket_strncpy_11.c	140
/home/swlab-jueon/swvul/tools/java-vuln-detection/slicing/output/CPG/c/cwe194_cpg/cwe194-731-cpg-resolved.bin	tc731_flow2	CWE194_Unexpected_Sign_Extension__listen_socket_strncpy_11.c	165	CWE194_Unexpected_Sign_Extension__listen_socket_strncpy_11.c	176
/home/swlab-jueon/swvul/tools/java-vuln-detection/slicing/output/CPG/c/cwe194_cpg/cwe194-731-cpg-resolved.bin	tc731_flow3	CWE194_Unexpected_Sign_Extension__listen_socket_strncpy_11.c	192	CWE194_Unexpected_Sign_Extension__listen_socket_strncpy_11.c	203
/home/swlab-jueon/swvul/tools/java-vuln-detection/slicing/output/CPG/c/cwe194_cpg/cwe194-732-cpg-resolved.bin	tc732_flow1	CWE194_Unexpected_Sign_Extension__listen_socket_strncpy_12.c	96	CWE194_Unexpected_Sign_Extension__listen_socket_strncpy_12.c	145
/home/swlab-jueon/swvul/tools/java-vuln-detection/slicing/output/CPG/c/cwe194_cpg/cwe194-732-cpg-resolved.bin	tc732_flow2	CWE194_Unexpected_Sign_Extension__listen_socket_strncpy_12.c	166	CWE194_Unexpected_Sign_Extension__listen_socket_strncpy_12.c	182
/home/swlab-jueon/swvul/tools/java-vuln-detection/slicing/output/CPG/c/cwe194_cpg/cwe194-733-cpg-resolved.bin	tc733_flow1	CWE194_Unexpected_Sign_Extension__listen_socket_strncpy_13.c	96	CWE194_Unexpected_Sign_Extension__listen_socket_strncpy_13.c	140
/home/swlab-jueon/swvul/tools/java-vuln-detection/slicing/output/CPG/c/cwe194_cpg/cwe194-733-cpg-resolved.bin	tc733_flow2	CWE194_Unexpected_Sign_Extension__listen_socket_strncpy_13.c	165	CWE194_Unexpected_Sign_Extension__listen_socket_strncpy_13.c	176
/home/swlab-jueon/swvul/tools/java-vuln-detection/slicing/output/CPG/c/cwe194_cpg/cwe194-733-cpg-resolved.bin	tc733_flow3	CWE194_Unexpected_Sign_Extension__listen_socket_strncpy_13.c	192	CWE194_Unexpected_Sign_Extension__listen_socket_strncpy_13.c	203
/home/swlab-jueon/swvul/tools/java-vuln-detection/slicing/output/CPG/c/cwe194_cpg/cwe194-734-cpg-resolved.bin	tc734_flow1	CWE194_Unexpected_Sign_Extension__listen_socket_strncpy_14.c	96	CWE194_Unexpected_Sign_Extension__listen_socket_strncpy_14.c	140
/home/swlab-jueon/swvul/tools/java-vuln-detection/slicing/output/CPG/c/cwe194_cpg/cwe194-734-cpg-resolved.bin	tc734_flow2	CWE194_Unexpected_Sign_Extension__listen_socket_strncpy_14.c	165	CWE194_Unexpected_Sign_Extension__listen_socket_strncpy_14.c	176
/home/swlab-jueon/swvul/tools/java-vuln-detection/slicing/output/CPG/c/cwe194_cpg/cwe194-734-cpg-resolved.bin	tc734_flow3	CWE194_Unexpected_Sign_Extension__listen_socket_strncpy_14.c	192	CWE194_Unexpected_Sign_Extension__listen_socket_strncpy_14.c	203
/home/swlab-jueon/swvul/tools/java-vuln-detection/slicing/output/CPG/c/cwe194_cpg/cwe194-735-cpg-resolved.bin	tc735_flow1	CWE194_Unexpected_Sign_Extension__listen_socket_strncpy_15.c	97	CWE194_Unexpected_Sign_Extension__listen_socket_strncpy_15.c	146
/home/swlab-jueon/swvul/tools/java-vuln-detection/slicing/output/CPG/c/cwe194_cpg/cwe194-735-cpg-resolved.bin	tc735_flow2	CWE194_Unexpected_Sign_Extension__listen_socket_strncpy_15.c	171	CWE194_Unexpected_Sign_Extension__listen_socket_strncpy_15.c	183
/home/swlab-jueon/swvul/tools/java-vuln-detection/slicing/output/CPG/c/cwe194_cpg/cwe194-735-cpg-resolved.bin	tc735_flow3	CWE194_Unexpected_Sign_Extension__listen_socket_strncpy_15.c	200	CWE194_Unexpected_Sign_Extension__listen_socket_strncpy_15.c	216
/home/swlab-jueon/swvul/tools/java-vuln-detection/slicing/output/CPG/c/cwe194_cpg/cwe194-736-cpg-resolved.bin	tc736_flow1	CWE194_Unexpected_Sign_Extension__listen_socket_strncpy_16.c	96	CWE194_Unexpected_Sign_Extension__listen_socket_strncpy_16.c	141
/home/swlab-jueon/swvul/tools/java-vuln-detection/slicing/output/CPG/c/cwe194_cpg/cwe194-736-cpg-resolved.bin	tc736_flow2	CWE194_Unexpected_Sign_Extension__listen_socket_strncpy_16.c	161	CWE194_Unexpected_Sign_Extension__listen_socket_strncpy_16.c	173
/home/swlab-jueon/swvul/tools/java-vuln-detection/slicing/output/CPG/c/cwe194_cpg/cwe194-737-cpg-resolved.bin	tc737_flow1	CWE194_Unexpected_Sign_Extension__listen_socket_strncpy_17.c	97	CWE194_Unexpected_Sign_Extension__listen_socket_strncpy_17.c	141
/home/swlab-jueon/swvul/tools/java-vuln-detection/slicing/output/CPG/c/cwe194_cpg/cwe194-737-cpg-resolved.bin	tc737_flow2	CWE194_Unexpected_Sign_Extension__listen_socket_strncpy_17.c	162	CWE194_Unexpected_Sign_Extension__listen_socket_strncpy_17.c	173
/home/swlab-jueon/swvul/tools/java-vuln-detection/slicing/output/CPG/c/cwe194_cpg/cwe194-738-cpg-resolved.bin	tc738_flow1	CWE194_Unexpected_Sign_Extension__listen_socket_strncpy_18.c	96	CWE194_Unexpected_Sign_Extension__listen_socket_strncpy_18.c	139
/home/swlab-jueon/swvul/tools/java-vuln-detection/slicing/output/CPG/c/cwe194_cpg/cwe194-738-cpg-resolved.bin	tc738_flow2	CWE194_Unexpected_Sign_Extension__listen_socket_strncpy_18.c	159	CWE194_Unexpected_Sign_Extension__listen_socket_strncpy_18.c	169
/home/swlab-jueon/swvul/tools/java-vuln-detection/slicing/output/CPG/c/cwe194_cpg/cwe194-739-cpg-resolved.bin	tc739_flow1	CWE194_Unexpected_Sign_Extension__listen_socket_strncpy_21.c	96	CWE194_Unexpected_Sign_Extension__listen_socket_strncpy_21.c	150
/home/swlab-jueon/swvul/tools/java-vuln-detection/slicing/output/CPG/c/cwe194_cpg/cwe194-739-cpg-resolved.bin	tc739_flow2	CWE194_Unexpected_Sign_Extension__listen_socket_strncpy_21.c	176	CWE194_Unexpected_Sign_Extension__listen_socket_strncpy_21.c	197
/home/swlab-jueon/swvul/tools/java-vuln-detection/slicing/output/CPG/c/cwe194_cpg/cwe194-739-cpg-resolved.bin	tc739_flow3	CWE194_Unexpected_Sign_Extension__listen_socket_strncpy_21.c	210	CWE194_Unexpected_Sign_Extension__listen_socket_strncpy_21.c	231
/home/swlab-jueon/swvul/tools/java-vuln-detection/slicing/output/CPG/c/cwe194_cpg/cwe194-740-cpg-resolved.bin	tc740_flow1	CWE194_Unexpected_Sign_Extension__listen_socket_strncpy_22b.c	96	CWE194_Unexpected_Sign_Extension__listen_socket_strncpy_22a.c	42
/home/swlab-jueon/swvul/tools/java-vuln-detection/slicing/output/CPG/c/cwe194_cpg/cwe194-740-cpg-resolved.bin	tc740_flow2	CWE194_Unexpected_Sign_Extension__listen_socket_strncpy_22b.c	153	CWE194_Unexpected_Sign_Extension__listen_socket_strncpy_22a.c	76
/home/swlab-jueon/swvul/tools/java-vuln-detection/slicing/output/CPG/c/cwe194_cpg/cwe194-740-cpg-resolved.bin	tc740_flow3	CWE194_Unexpected_Sign_Extension__listen_socket_strncpy_22b.c	164	CWE194_Unexpected_Sign_Extension__listen_socket_strncpy_22a.c	102
/home/swlab-jueon/swvul/tools/java-vuln-detection/slicing/output/CPG/c/cwe194_cpg/cwe194-741-cpg-resolved.bin	tc741_flow1	CWE194_Unexpected_Sign_Extension__listen_socket_strncpy_31.c	94	CWE194_Unexpected_Sign_Extension__listen_socket_strncpy_31.c	140
/home/swlab-jueon/swvul/tools/java-vuln-detection/slicing/output/CPG/c/cwe194_cpg/cwe194-741-cpg-resolved.bin	tc741_flow2	CWE194_Unexpected_Sign_Extension__listen_socket_strncpy_31.c	159	CWE194_Unexpected_Sign_Extension__listen_socket_strncpy_31.c	172
/home/swlab-jueon/swvul/tools/java-vuln-detection/slicing/output/CPG/c/cwe194_cpg/cwe194-742-cpg-resolved.bin	tc742_flow1	CWE194_Unexpected_Sign_Extension__listen_socket_strncpy_32.c	98	CWE194_Unexpected_Sign_Extension__listen_socket_strncpy_32.c	145
/home/swlab-jueon/swvul/tools/java-vuln-detection/slicing/output/CPG/c/cwe194_cpg/cwe194-742-cpg-resolved.bin	tc742_flow2	CWE194_Unexpected_Sign_Extension__listen_socket_strncpy_32.c	168	CWE194_Unexpected_Sign_Extension__listen_socket_strncpy_32.c	182
/home/swlab-jueon/swvul/tools/java-vuln-detection/slicing/output/CPG/c/cwe194_cpg/cwe194-743-cpg-resolved.bin	tc743_flow1	CWE194_Unexpected_Sign_Extension__listen_socket_strncpy_33.cpp	98	CWE194_Unexpected_Sign_Extension__listen_socket_strncpy_33.cpp	143
/home/swlab-jueon/swvul/tools/java-vuln-detection/slicing/output/CPG/c/cwe194_cpg/cwe194-743-cpg-resolved.bin	tc743_flow2	CWE194_Unexpected_Sign_Extension__listen_socket_strncpy_33.cpp	163	CWE194_Unexpected_Sign_Extension__listen_socket_strncpy_33.cpp	175
/home/swlab-jueon/swvul/tools/java-vuln-detection/slicing/output/CPG/c/cwe194_cpg/cwe194-744-cpg-resolved.bin	tc744_flow1	CWE194_Unexpected_Sign_Extension__listen_socket_strncpy_34.c	101	CWE194_Unexpected_Sign_Extension__listen_socket_strncpy_34.c	147
/home/swlab-jueon/swvul/tools/java-vuln-detection/slicing/output/CPG/c/cwe194_cpg/cwe194-744-cpg-resolved.bin	tc744_flow2	CWE194_Unexpected_Sign_Extension__listen_socket_strncpy_34.c	167	CWE194_Unexpected_Sign_Extension__listen_socket_strncpy_34.c	180
/home/swlab-jueon/swvul/tools/java-vuln-detection/slicing/output/CPG/c/cwe194_cpg/cwe194-745-cpg-resolved.bin	tc745_flow1	CWE194_Unexpected_Sign_Extension__listen_socket_strncpy_41.c	112	CWE194_Unexpected_Sign_Extension__listen_socket_strncpy_41.c	55
/home/swlab-jueon/swvul/tools/java-vuln-detection/slicing/output/CPG/c/cwe194_cpg/cwe194-745-cpg-resolved.bin	tc745_flow2	CWE194_Unexpected_Sign_Extension__listen_socket_strncpy_41.c	178	CWE194_Unexpected_Sign_Extension__listen_socket_strncpy_41.c	164
/home/swlab-jueon/swvul/tools/java-vuln-detection/slicing/output/CPG/c/cwe194_cpg/cwe194-746-cpg-resolved.bin	tc746_flow1	CWE194_Unexpected_Sign_Extension__listen_socket_strncpy_42.c	91	CWE194_Unexpected_Sign_Extension__listen_socket_strncpy_42.c	143
/home/swlab-jueon/swvul/tools/java-vuln-detection/slicing/output/CPG/c/cwe194_cpg/cwe194-746-cpg-resolved.bin	tc746_flow2	CWE194_Unexpected_Sign_Extension__listen_socket_strncpy_42.c	157	CWE194_Unexpected_Sign_Extension__listen_socket_strncpy_42.c	177
/home/swlab-jueon/swvul/tools/java-vuln-detection/slicing/output/CPG/c/cwe194_cpg/cwe194-747-cpg-resolved.bin	tc747_flow1	CWE194_Unexpected_Sign_Extension__listen_socket_strncpy_43.cpp	94	CWE194_Unexpected_Sign_Extension__listen_socket_strncpy_43.cpp	145
/home/swlab-jueon/swvul/tools/java-vuln-detection/slicing/output/CPG/c/cwe194_cpg/cwe194-747-cpg-resolved.bin	tc747_flow2	CWE194_Unexpected_Sign_Extension__listen_socket_strncpy_43.cpp	160	CWE194_Unexpected_Sign_Extension__listen_socket_strncpy_43.cpp	178
/home/swlab-jueon/swvul/tools/java-vuln-detection/slicing/output/CPG/c/cwe194_cpg/cwe194-748-cpg-resolved.bin	tc748_flow1	CWE194_Unexpected_Sign_Extension__listen_socket_strncpy_44.c	114	CWE194_Unexpected_Sign_Extension__listen_socket_strncpy_44.c	55
/home/swlab-jueon/swvul/tools/java-vuln-detection/slicing/output/CPG/c/cwe194_cpg/cwe194-748-cpg-resolved.bin	tc748_flow2	CWE194_Unexpected_Sign_Extension__listen_socket_strncpy_44.c	182	CWE194_Unexpected_Sign_Extension__listen_socket_strncpy_44.c	168
/home/swlab-jueon/swvul/tools/java-vuln-detection/slicing/output/CPG/c/cwe194_cpg/cwe194-749-cpg-resolved.bin	tc749_flow1	CWE194_Unexpected_Sign_Extension__listen_socket_strncpy_45.c	116	CWE194_Unexpected_Sign_Extension__listen_socket_strncpy_45.c	59
/home/swlab-jueon/swvul/tools/java-vuln-detection/slicing/output/CPG/c/cwe194_cpg/cwe194-749-cpg-resolved.bin	tc749_flow2	CWE194_Unexpected_Sign_Extension__listen_socket_strncpy_45.c	184	CWE194_Unexpected_Sign_Extension__listen_socket_strncpy_45.c	171
/home/swlab-jueon/swvul/tools/java-vuln-detection/slicing/output/CPG/c/cwe194_cpg/cwe194-750-cpg-resolved.bin	tc750_flow1	CWE194_Unexpected_Sign_Extension__listen_socket_strncpy_51a.c	97	CWE194_Unexpected_Sign_Extension__listen_socket_strncpy_51b.c	57
/home/swlab-jueon/swvul/tools/java-vuln-detection/slicing/output/CPG/c/cwe194_cpg/cwe194-750-cpg-resolved.bin	tc750_flow2	CWE194_Unexpected_Sign_Extension__listen_socket_strncpy_51a.c	148	CWE194_Unexpected_Sign_Extension__listen_socket_strncpy_51b.c	80
/home/swlab-jueon/swvul/tools/java-vuln-detection/slicing/output/CPG/c/cwe194_cpg/cwe194-751-cpg-resolved.bin	tc751_flow1	CWE194_Unexpected_Sign_Extension__listen_socket_strncpy_52a.c	97	CWE194_Unexpected_Sign_Extension__listen_socket_strncpy_52c.c	57
/home/swlab-jueon/swvul/tools/java-vuln-detection/slicing/output/CPG/c/cwe194_cpg/cwe194-751-cpg-resolved.bin	tc751_flow2	CWE194_Unexpected_Sign_Extension__listen_socket_strncpy_52a.c	148	CWE194_Unexpected_Sign_Extension__listen_socket_strncpy_52c.c	80
/home/swlab-jueon/swvul/tools/java-vuln-detection/slicing/output/CPG/c/cwe194_cpg/cwe194-752-cpg-resolved.bin	tc752_flow1	CWE194_Unexpected_Sign_Extension__listen_socket_strncpy_53a.c	97	CWE194_Unexpected_Sign_Extension__listen_socket_strncpy_53d.c	57
/home/swlab-jueon/swvul/tools/java-vuln-detection/slicing/output/CPG/c/cwe194_cpg/cwe194-752-cpg-resolved.bin	tc752_flow2	CWE194_Unexpected_Sign_Extension__listen_socket_strncpy_53a.c	148	CWE194_Unexpected_Sign_Extension__listen_socket_strncpy_53d.c	80
/home/swlab-jueon/swvul/tools/java-vuln-detection/slicing/output/CPG/c/cwe194_cpg/cwe194-753-cpg-resolved.bin	tc753_flow1	CWE194_Unexpected_Sign_Extension__listen_socket_strncpy_54a.c	97	CWE194_Unexpected_Sign_Extension__listen_socket_strncpy_54e.c	57
/home/swlab-jueon/swvul/tools/java-vuln-detection/slicing/output/CPG/c/cwe194_cpg/cwe194-753-cpg-resolved.bin	tc753_flow2	CWE194_Unexpected_Sign_Extension__listen_socket_strncpy_54a.c	148	CWE194_Unexpected_Sign_Extension__listen_socket_strncpy_54e.c	80
/home/swlab-jueon/swvul/tools/java-vuln-detection/slicing/output/CPG/c/cwe194_cpg/cwe194-754-cpg-resolved.bin	tc754_flow1	CWE194_Unexpected_Sign_Extension__listen_socket_strncpy_61b.c	91	CWE194_Unexpected_Sign_Extension__listen_socket_strncpy_61a.c	62
/home/swlab-jueon/swvul/tools/java-vuln-detection/slicing/output/CPG/c/cwe194_cpg/cwe194-754-cpg-resolved.bin	tc754_flow2	CWE194_Unexpected_Sign_Extension__listen_socket_strncpy_61b.c	136	CWE194_Unexpected_Sign_Extension__listen_socket_strncpy_61a.c	91
/home/swlab-jueon/swvul/tools/java-vuln-detection/slicing/output/CPG/c/cwe194_cpg/cwe194-755-cpg-resolved.bin	tc755_flow1	CWE194_Unexpected_Sign_Extension__listen_socket_strncpy_62b.cpp	94	CWE194_Unexpected_Sign_Extension__listen_socket_strncpy_62a.cpp	42
/home/swlab-jueon/swvul/tools/java-vuln-detection/slicing/output/CPG/c/cwe194_cpg/cwe194-755-cpg-resolved.bin	tc755_flow2	CWE194_Unexpected_Sign_Extension__listen_socket_strncpy_62b.cpp	138	CWE194_Unexpected_Sign_Extension__listen_socket_strncpy_62a.cpp	71
/home/swlab-jueon/swvul/tools/java-vuln-detection/slicing/output/CPG/c/cwe194_cpg/cwe194-756-cpg-resolved.bin	tc756_flow1	CWE194_Unexpected_Sign_Extension__listen_socket_strncpy_63a.c	97	CWE194_Unexpected_Sign_Extension__listen_socket_strncpy_63b.c	56
/home/swlab-jueon/swvul/tools/java-vuln-detection/slicing/output/CPG/c/cwe194_cpg/cwe194-756-cpg-resolved.bin	tc756_flow2	CWE194_Unexpected_Sign_Extension__listen_socket_strncpy_63a.c	147	CWE194_Unexpected_Sign_Extension__listen_socket_strncpy_63b.c	80
/home/swlab-jueon/swvul/tools/java-vuln-detection/slicing/output/CPG/c/cwe194_cpg/cwe194-757-cpg-resolved.bin	tc757_flow1	CWE194_Unexpected_Sign_Extension__listen_socket_strncpy_64a.c	97	CWE194_Unexpected_Sign_Extension__listen_socket_strncpy_64b.c	59
/home/swlab-jueon/swvul/tools/java-vuln-detection/slicing/output/CPG/c/cwe194_cpg/cwe194-757-cpg-resolved.bin	tc757_flow2	CWE194_Unexpected_Sign_Extension__listen_socket_strncpy_64a.c	147	CWE194_Unexpected_Sign_Extension__listen_socket_strncpy_64b.c	86
/home/swlab-jueon/swvul/tools/java-vuln-detection/slicing/output/CPG/c/cwe194_cpg/cwe194-758-cpg-resolved.bin	tc758_flow1	CWE194_Unexpected_Sign_Extension__listen_socket_strncpy_65a.c	99	CWE194_Unexpected_Sign_Extension__listen_socket_strncpy_65b.c	55
/home/swlab-jueon/swvul/tools/java-vuln-detection/slicing/output/CPG/c/cwe194_cpg/cwe194-758-cpg-resolved.bin	tc758_flow2	CWE194_Unexpected_Sign_Extension__listen_socket_strncpy_65a.c	151	CWE194_Unexpected_Sign_Extension__listen_socket_strncpy_65b.c	78
/home/swlab-jueon/swvul/tools/java-vuln-detection/slicing/output/CPG/c/cwe194_cpg/cwe194-759-cpg-resolved.bin	tc759_flow1	CWE194_Unexpected_Sign_Extension__listen_socket_strncpy_66a.c	98	CWE194_Unexpected_Sign_Extension__listen_socket_strncpy_66b.c	57
/home/swlab-jueon/swvul/tools/java-vuln-detection/slicing/output/CPG/c/cwe194_cpg/cwe194-759-cpg-resolved.bin	tc759_flow2	CWE194_Unexpected_Sign_Extension__listen_socket_strncpy_66a.c	151	CWE194_Unexpected_Sign_Extension__listen_socket_strncpy_66b.c	81
/home/swlab-jueon/swvul/tools/java-vuln-detection/slicing/output/CPG/c/cwe194_cpg/cwe194-760-cpg-resolved.bin	tc760_flow1	CWE194_Unexpected_Sign_Extension__listen_socket_strncpy_67a.c	103	CWE194_Unexpected_Sign_Extension__listen_socket_strncpy_67b.c	61
/home/swlab-jueon/swvul/tools/java-vuln-detection/slicing/output/CPG/c/cwe194_cpg/cwe194-760-cpg-resolved.bin	tc760_flow2	CWE194_Unexpected_Sign_Extension__listen_socket_strncpy_67a.c	155	CWE194_Unexpected_Sign_Extension__listen_socket_strncpy_67b.c	85
/home/swlab-jueon/swvul/tools/java-vuln-detection/slicing/output/CPG/c/cwe194_cpg/cwe194-761-cpg-resolved.bin	tc761_flow1	CWE194_Unexpected_Sign_Extension__listen_socket_strncpy_68a.c	100	CWE194_Unexpected_Sign_Extension__listen_socket_strncpy_68b.c	61
/home/swlab-jueon/swvul/tools/java-vuln-detection/slicing/output/CPG/c/cwe194_cpg/cwe194-761-cpg-resolved.bin	tc761_flow2	CWE194_Unexpected_Sign_Extension__listen_socket_strncpy_68a.c	152	CWE194_Unexpected_Sign_Extension__listen_socket_strncpy_68b.c	85
/home/swlab-jueon/swvul/tools/java-vuln-detection/slicing/output/CPG/c/cwe194_cpg/cwe194-762-cpg-resolved.bin	tc762_flow1	CWE194_Unexpected_Sign_Extension__listen_socket_strncpy_72a.cpp	104	CWE194_Unexpected_Sign_Extension__listen_socket_strncpy_72b.cpp	40
/home/swlab-jueon/swvul/tools/java-vuln-detection/slicing/output/CPG/c/cwe194_cpg/cwe194-762-cpg-resolved.bin	tc762_flow2	CWE194_Unexpected_Sign_Extension__listen_socket_strncpy_72a.cpp	161	CWE194_Unexpected_Sign_Extension__listen_socket_strncpy_72b.cpp	64
/home/swlab-jueon/swvul/tools/java-vuln-detection/slicing/output/CPG/c/cwe194_cpg/cwe194-763-cpg-resolved.bin	tc763_flow1	CWE194_Unexpected_Sign_Extension__listen_socket_strncpy_73a.cpp	104	CWE194_Unexpected_Sign_Extension__listen_socket_strncpy_73b.cpp	40
/home/swlab-jueon/swvul/tools/java-vuln-detection/slicing/output/CPG/c/cwe194_cpg/cwe194-763-cpg-resolved.bin	tc763_flow2	CWE194_Unexpected_Sign_Extension__listen_socket_strncpy_73a.cpp	161	CWE194_Unexpected_Sign_Extension__listen_socket_strncpy_73b.cpp	64
/home/swlab-jueon/swvul/tools/java-vuln-detection/slicing/output/CPG/c/cwe194_cpg/cwe194-764-cpg-resolved.bin	tc764_flow1	CWE194_Unexpected_Sign_Extension__listen_socket_strncpy_74a.cpp	104	CWE194_Unexpected_Sign_Extension__listen_socket_strncpy_74b.cpp	40
/home/swlab-jueon/swvul/tools/java-vuln-detection/slicing/output/CPG/c/cwe194_cpg/cwe194-764-cpg-resolved.bin	tc764_flow2	CWE194_Unexpected_Sign_Extension__listen_socket_strncpy_74a.cpp	161	CWE194_Unexpected_Sign_Extension__listen_socket_strncpy_74b.cpp	64
/home/swlab-jueon/swvul/tools/java-vuln-detection/slicing/output/CPG/c/cwe194_cpg/cwe194-765-cpg-resolved.bin	tc765_flow1	CWE194_Unexpected_Sign_Extension__listen_socket_strncpy_81a.cpp	98	CWE194_Unexpected_Sign_Extension__listen_socket_strncpy_81_bad.cpp	35
/home/swlab-jueon/swvul/tools/java-vuln-detection/slicing/output/CPG/c/cwe194_cpg/cwe194-765-cpg-resolved.bin	tc765_flow2	CWE194_Unexpected_Sign_Extension__listen_socket_strncpy_81a.cpp	147	CWE194_Unexpected_Sign_Extension__listen_socket_strncpy_81_goodG2B.cpp	35
/home/swlab-jueon/swvul/tools/java-vuln-detection/slicing/output/CPG/c/cwe194_cpg/cwe194-766-cpg-resolved.bin	tc766_flow1	CWE194_Unexpected_Sign_Extension__listen_socket_strncpy_82a.cpp	98	CWE194_Unexpected_Sign_Extension__listen_socket_strncpy_82_bad.cpp	35
/home/swlab-jueon/swvul/tools/java-vuln-detection/slicing/output/CPG/c/cwe194_cpg/cwe194-766-cpg-resolved.bin	tc766_flow2	CWE194_Unexpected_Sign_Extension__listen_socket_strncpy_82a.cpp	148	CWE194_Unexpected_Sign_Extension__listen_socket_strncpy_82_goodG2B.cpp	35
/home/swlab-jueon/swvul/tools/java-vuln-detection/slicing/output/CPG/c/cwe194_cpg/cwe194-767-cpg-resolved.bin	tc767_flow1	CWE194_Unexpected_Sign_Extension__listen_socket_strncpy_83_bad.cpp	94	CWE194_Unexpected_Sign_Extension__listen_socket_strncpy_83_bad.cpp	141
/home/swlab-jueon/swvul/tools/java-vuln-detection/slicing/output/CPG/c/cwe194_cpg/cwe194-767-cpg-resolved.bin	tc767_flow2	CWE194_Unexpected_Sign_Extension__listen_socket_strncpy_83_goodG2B.cpp	27	CWE194_Unexpected_Sign_Extension__listen_socket_strncpy_83_goodG2B.cpp	41
/home/swlab-jueon/swvul/tools/java-vuln-detection/slicing/output/CPG/c/cwe194_cpg/cwe194-768-cpg-resolved.bin	tc768_flow1	CWE194_Unexpected_Sign_Extension__listen_socket_strncpy_84_bad.cpp	94	CWE194_Unexpected_Sign_Extension__listen_socket_strncpy_84_bad.cpp	141
/home/swlab-jueon/swvul/tools/java-vuln-detection/slicing/output/CPG/c/cwe194_cpg/cwe194-768-cpg-resolved.bin	tc768_flow2	CWE194_Unexpected_Sign_Extension__listen_socket_strncpy_84_goodG2B.cpp	27	CWE194_Unexpected_Sign_Extension__listen_socket_strncpy_84_goodG2B.cpp	41
/home/swlab-jueon/swvul/tools/java-vuln-detection/slicing/output/CPG/c/cwe194_cpg/cwe194-769-cpg-resolved.bin	tc769_flow1	CWE194_Unexpected_Sign_Extension__negative_malloc_01.c	27	CWE194_Unexpected_Sign_Extension__negative_malloc_01.c	33
/home/swlab-jueon/swvul/tools/java-vuln-detection/slicing/output/CPG/c/cwe194_cpg/cwe194-769-cpg-resolved.bin	tc769_flow2	CWE194_Unexpected_Sign_Extension__negative_malloc_01.c	54	CWE194_Unexpected_Sign_Extension__negative_malloc_01.c	60
/home/swlab-jueon/swvul/tools/java-vuln-detection/slicing/output/CPG/c/cwe194_cpg/cwe194-770-cpg-resolved.bin	tc770_flow1	CWE194_Unexpected_Sign_Extension__negative_malloc_02.c	29	CWE194_Unexpected_Sign_Extension__negative_malloc_02.c	36
/home/swlab-jueon/swvul/tools/java-vuln-detection/slicing/output/CPG/c/cwe194_cpg/cwe194-770-cpg-resolved.bin	tc770_flow2	CWE194_Unexpected_Sign_Extension__negative_malloc_02.c	64	CWE194_Unexpected_Sign_Extension__negative_malloc_02.c	71
/home/swlab-jueon/swvul/tools/java-vuln-detection/slicing/output/CPG/c/cwe194_cpg/cwe194-770-cpg-resolved.bin	tc770_flow3	CWE194_Unexpected_Sign_Extension__negative_malloc_02.c	90	CWE194_Unexpected_Sign_Extension__negative_malloc_02.c	97
/home/swlab-jueon/swvul/tools/java-vuln-detection/slicing/output/CPG/c/cwe194_cpg/cwe194-771-cpg-resolved.bin	tc771_flow1	CWE194_Unexpected_Sign_Extension__negative_malloc_03.c	29	CWE194_Unexpected_Sign_Extension__negative_malloc_03.c	36
/home/swlab-jueon/swvul/tools/java-vuln-detection/slicing/output/CPG/c/cwe194_cpg/cwe194-771-cpg-resolved.bin	tc771_flow2	CWE194_Unexpected_Sign_Extension__negative_malloc_03.c	64	CWE194_Unexpected_Sign_Extension__negative_malloc_03.c	71
/home/swlab-jueon/swvul/tools/java-vuln-detection/slicing/output/CPG/c/cwe194_cpg/cwe194-771-cpg-resolved.bin	tc771_flow3	CWE194_Unexpected_Sign_Extension__negative_malloc_03.c	90	CWE194_Unexpected_Sign_Extension__negative_malloc_03.c	97
/home/swlab-jueon/swvul/tools/java-vuln-detection/slicing/output/CPG/c/cwe194_cpg/cwe194-772-cpg-resolved.bin	tc772_flow1	CWE194_Unexpected_Sign_Extension__negative_malloc_04.c	36	CWE194_Unexpected_Sign_Extension__negative_malloc_04.c	43
/home/swlab-jueon/swvul/tools/java-vuln-detection/slicing/output/CPG/c/cwe194_cpg/cwe194-772-cpg-resolved.bin	tc772_flow2	CWE194_Unexpected_Sign_Extension__negative_malloc_04.c	71	CWE194_Unexpected_Sign_Extension__negative_malloc_04.c	78
/home/swlab-jueon/swvul/tools/java-vuln-detection/slicing/output/CPG/c/cwe194_cpg/cwe194-772-cpg-resolved.bin	tc772_flow3	CWE194_Unexpected_Sign_Extension__negative_malloc_04.c	97	CWE194_Unexpected_Sign_Extension__negative_malloc_04.c	104
/home/swlab-jueon/swvul/tools/java-vuln-detection/slicing/output/CPG/c/cwe194_cpg/cwe194-773-cpg-resolved.bin	tc773_flow1	CWE194_Unexpected_Sign_Extension__negative_malloc_05.c	36	CWE194_Unexpected_Sign_Extension__negative_malloc_05.c	43
/home/swlab-jueon/swvul/tools/java-vuln-detection/slicing/output/CPG/c/cwe194_cpg/cwe194-773-cpg-resolved.bin	tc773_flow2	CWE194_Unexpected_Sign_Extension__negative_malloc_05.c	71	CWE194_Unexpected_Sign_Extension__negative_malloc_05.c	78
/home/swlab-jueon/swvul/tools/java-vuln-detection/slicing/output/CPG/c/cwe194_cpg/cwe194-773-cpg-resolved.bin	tc773_flow3	CWE194_Unexpected_Sign_Extension__negative_malloc_05.c	97	CWE194_Unexpected_Sign_Extension__negative_malloc_05.c	104
/home/swlab-jueon/swvul/tools/java-vuln-detection/slicing/output/CPG/c/cwe194_cpg/cwe194-774-cpg-resolved.bin	tc774_flow1	CWE194_Unexpected_Sign_Extension__negative_malloc_06.c	33	CWE194_Unexpected_Sign_Extension__negative_malloc_06.c	40
/home/swlab-jueon/swvul/tools/java-vuln-detection/slicing/output/CPG/c/cwe194_cpg/cwe194-774-cpg-resolved.bin	tc774_flow2	CWE194_Unexpected_Sign_Extension__negative_malloc_06.c	68	CWE194_Unexpected_Sign_Extension__negative_malloc_06.c	75
/home/swlab-jueon/swvul/tools/java-vuln-detection/slicing/output/CPG/c/cwe194_cpg/cwe194-774-cpg-resolved.bin	tc774_flow3	CWE194_Unexpected_Sign_Extension__negative_malloc_06.c	94	CWE194_Unexpected_Sign_Extension__negative_malloc_06.c	101
/home/swlab-jueon/swvul/tools/java-vuln-detection/slicing/output/CPG/c/cwe194_cpg/cwe194-775-cpg-resolved.bin	tc775_flow1	CWE194_Unexpected_Sign_Extension__negative_malloc_07.c	35	CWE194_Unexpected_Sign_Extension__negative_malloc_07.c	42
/home/swlab-jueon/swvul/tools/java-vuln-detection/slicing/output/CPG/c/cwe194_cpg/cwe194-775-cpg-resolved.bin	tc775_flow2	CWE194_Unexpected_Sign_Extension__negative_malloc_07.c	70	CWE194_Unexpected_Sign_Extension__negative_malloc_07.c	77
/home/swlab-jueon/swvul/tools/java-vuln-detection/slicing/output/CPG/c/cwe194_cpg/cwe194-775-cpg-resolved.bin	tc775_flow3	CWE194_Unexpected_Sign_Extension__negative_malloc_07.c	96	CWE194_Unexpected_Sign_Extension__negative_malloc_07.c	103
/home/swlab-jueon/swvul/tools/java-vuln-detection/slicing/output/CPG/c/cwe194_cpg/cwe194-776-cpg-resolved.bin	tc776_flow1	CWE194_Unexpected_Sign_Extension__negative_malloc_08.c	43	CWE194_Unexpected_Sign_Extension__negative_malloc_08.c	50
/home/swlab-jueon/swvul/tools/java-vuln-detection/slicing/output/CPG/c/cwe194_cpg/cwe194-776-cpg-resolved.bin	tc776_flow2	CWE194_Unexpected_Sign_Extension__negative_malloc_08.c	78	CWE194_Unexpected_Sign_Extension__negative_malloc_08.c	85
/home/swlab-jueon/swvul/tools/java-vuln-detection/slicing/output/CPG/c/cwe194_cpg/cwe194-776-cpg-resolved.bin	tc776_flow3	CWE194_Unexpected_Sign_Extension__negative_malloc_08.c	104	CWE194_Unexpected_Sign_Extension__negative_malloc_08.c	111
/home/swlab-jueon/swvul/tools/java-vuln-detection/slicing/output/CPG/c/cwe194_cpg/cwe194-777-cpg-resolved.bin	tc777_flow1	CWE194_Unexpected_Sign_Extension__negative_malloc_09.c	29	CWE194_Unexpected_Sign_Extension__negative_malloc_09.c	36
/home/swlab-jueon/swvul/tools/java-vuln-detection/slicing/output/CPG/c/cwe194_cpg/cwe194-777-cpg-resolved.bin	tc777_flow2	CWE194_Unexpected_Sign_Extension__negative_malloc_09.c	64	CWE194_Unexpected_Sign_Extension__negative_malloc_09.c	71
/home/swlab-jueon/swvul/tools/java-vuln-detection/slicing/output/CPG/c/cwe194_cpg/cwe194-777-cpg-resolved.bin	tc777_flow3	CWE194_Unexpected_Sign_Extension__negative_malloc_09.c	90	CWE194_Unexpected_Sign_Extension__negative_malloc_09.c	97
/home/swlab-jueon/swvul/tools/java-vuln-detection/slicing/output/CPG/c/cwe194_cpg/cwe194-778-cpg-resolved.bin	tc778_flow1	CWE194_Unexpected_Sign_Extension__negative_malloc_10.c	29	CWE194_Unexpected_Sign_Extension__negative_malloc_10.c	36
/home/swlab-jueon/swvul/tools/java-vuln-detection/slicing/output/CPG/c/cwe194_cpg/cwe194-778-cpg-resolved.bin	tc778_flow2	CWE194_Unexpected_Sign_Extension__negative_malloc_10.c	64	CWE194_Unexpected_Sign_Extension__negative_malloc_10.c	71
/home/swlab-jueon/swvul/tools/java-vuln-detection/slicing/output/CPG/c/cwe194_cpg/cwe194-778-cpg-resolved.bin	tc778_flow3	CWE194_Unexpected_Sign_Extension__negative_malloc_10.c	90	CWE194_Unexpected_Sign_Extension__negative_malloc_10.c	97
/home/swlab-jueon/swvul/tools/java-vuln-detection/slicing/output/CPG/c/cwe194_cpg/cwe194-779-cpg-resolved.bin	tc779_flow1	CWE194_Unexpected_Sign_Extension__negative_malloc_11.c	29	CWE194_Unexpected_Sign_Extension__negative_malloc_11.c	36
/home/swlab-jueon/swvul/tools/java-vuln-detection/slicing/output/CPG/c/cwe194_cpg/cwe194-779-cpg-resolved.bin	tc779_flow2	CWE194_Unexpected_Sign_Extension__negative_malloc_11.c	64	CWE194_Unexpected_Sign_Extension__negative_malloc_11.c	71
/home/swlab-jueon/swvul/tools/java-vuln-detection/slicing/output/CPG/c/cwe194_cpg/cwe194-779-cpg-resolved.bin	tc779_flow3	CWE194_Unexpected_Sign_Extension__negative_malloc_11.c	90	CWE194_Unexpected_Sign_Extension__negative_malloc_11.c	97
/home/swlab-jueon/swvul/tools/java-vuln-detection/slicing/output/CPG/c/cwe194_cpg/cwe194-780-cpg-resolved.bin	tc780_flow1	CWE194_Unexpected_Sign_Extension__negative_malloc_12.c	29	CWE194_Unexpected_Sign_Extension__negative_malloc_12.c	41
/home/swlab-jueon/swvul/tools/java-vuln-detection/slicing/output/CPG/c/cwe194_cpg/cwe194-780-cpg-resolved.bin	tc780_flow2	CWE194_Unexpected_Sign_Extension__negative_malloc_12.c	65	CWE194_Unexpected_Sign_Extension__negative_malloc_12.c	77
/home/swlab-jueon/swvul/tools/java-vuln-detection/slicing/output/CPG/c/cwe194_cpg/cwe194-781-cpg-resolved.bin	tc781_flow1	CWE194_Unexpected_Sign_Extension__negative_malloc_13.c	29	CWE194_Unexpected_Sign_Extension__negative_malloc_13.c	36
/home/swlab-jueon/swvul/tools/java-vuln-detection/slicing/output/CPG/c/cwe194_cpg/cwe194-781-cpg-resolved.bin	tc781_flow2	CWE194_Unexpected_Sign_Extension__negative_malloc_13.c	64	CWE194_Unexpected_Sign_Extension__negative_malloc_13.c	71
/home/swlab-jueon/swvul/tools/java-vuln-detection/slicing/output/CPG/c/cwe194_cpg/cwe194-781-cpg-resolved.bin	tc781_flow3	CWE194_Unexpected_Sign_Extension__negative_malloc_13.c	90	CWE194_Unexpected_Sign_Extension__negative_malloc_13.c	97
/home/swlab-jueon/swvul/tools/java-vuln-detection/slicing/output/CPG/c/cwe194_cpg/cwe194-782-cpg-resolved.bin	tc782_flow1	CWE194_Unexpected_Sign_Extension__negative_malloc_14.c	29	CWE194_Unexpected_Sign_Extension__negative_malloc_14.c	36
/home/swlab-jueon/swvul/tools/java-vuln-detection/slicing/output/CPG/c/cwe194_cpg/cwe194-782-cpg-resolved.bin	tc782_flow2	CWE194_Unexpected_Sign_Extension__negative_malloc_14.c	64	CWE194_Unexpected_Sign_Extension__negative_malloc_14.c	71
/home/swlab-jueon/swvul/tools/java-vuln-detection/slicing/output/CPG/c/cwe194_cpg/cwe194-782-cpg-resolved.bin	tc782_flow3	CWE194_Unexpected_Sign_Extension__negative_malloc_14.c	90	CWE194_Unexpected_Sign_Extension__negative_malloc_14.c	97
/home/swlab-jueon/swvul/tools/java-vuln-detection/slicing/output/CPG/c/cwe194_cpg/cwe194-783-cpg-resolved.bin	tc783_flow1	CWE194_Unexpected_Sign_Extension__negative_malloc_15.c	30	CWE194_Unexpected_Sign_Extension__negative_malloc_15.c	42
/home/swlab-jueon/swvul/tools/java-vuln-detection/slicing/output/CPG/c/cwe194_cpg/cwe194-783-cpg-resolved.bin	tc783_flow2	CWE194_Unexpected_Sign_Extension__negative_malloc_15.c	70	CWE194_Unexpected_Sign_Extension__negative_malloc_15.c	78
/home/swlab-jueon/swvul/tools/java-vuln-detection/slicing/output/CPG/c/cwe194_cpg/cwe194-783-cpg-resolved.bin	tc783_flow3	CWE194_Unexpected_Sign_Extension__negative_malloc_15.c	98	CWE194_Unexpected_Sign_Extension__negative_malloc_15.c	110
/home/swlab-jueon/swvul/tools/java-vuln-detection/slicing/output/CPG/c/cwe194_cpg/cwe194-784-cpg-resolved.bin	tc784_flow1	CWE194_Unexpected_Sign_Extension__negative_malloc_16.c	29	CWE194_Unexpected_Sign_Extension__negative_malloc_16.c	37
/home/swlab-jueon/swvul/tools/java-vuln-detection/slicing/output/CPG/c/cwe194_cpg/cwe194-784-cpg-resolved.bin	tc784_flow2	CWE194_Unexpected_Sign_Extension__negative_malloc_16.c	60	CWE194_Unexpected_Sign_Extension__negative_malloc_16.c	68
/home/swlab-jueon/swvul/tools/java-vuln-detection/slicing/output/CPG/c/cwe194_cpg/cwe194-785-cpg-resolved.bin	tc785_flow1	CWE194_Unexpected_Sign_Extension__negative_malloc_17.c	30	CWE194_Unexpected_Sign_Extension__negative_malloc_17.c	37
/home/swlab-jueon/swvul/tools/java-vuln-detection/slicing/output/CPG/c/cwe194_cpg/cwe194-785-cpg-resolved.bin	tc785_flow2	CWE194_Unexpected_Sign_Extension__negative_malloc_17.c	61	CWE194_Unexpected_Sign_Extension__negative_malloc_17.c	68
/home/swlab-jueon/swvul/tools/java-vuln-detection/slicing/output/CPG/c/cwe194_cpg/cwe194-786-cpg-resolved.bin	tc786_flow1	CWE194_Unexpected_Sign_Extension__negative_malloc_18.c	29	CWE194_Unexpected_Sign_Extension__negative_malloc_18.c	35
/home/swlab-jueon/swvul/tools/java-vuln-detection/slicing/output/CPG/c/cwe194_cpg/cwe194-786-cpg-resolved.bin	tc786_flow2	CWE194_Unexpected_Sign_Extension__negative_malloc_18.c	58	CWE194_Unexpected_Sign_Extension__negative_malloc_18.c	64
/home/swlab-jueon/swvul/tools/java-vuln-detection/slicing/output/CPG/c/cwe194_cpg/cwe194-787-cpg-resolved.bin	tc787_flow1	CWE194_Unexpected_Sign_Extension__negative_malloc_21.c	29	CWE194_Unexpected_Sign_Extension__negative_malloc_21.c	46
/home/swlab-jueon/swvul/tools/java-vuln-detection/slicing/output/CPG/c/cwe194_cpg/cwe194-787-cpg-resolved.bin	tc787_flow2	CWE194_Unexpected_Sign_Extension__negative_malloc_21.c	75	CWE194_Unexpected_Sign_Extension__negative_malloc_21.c	92
/home/swlab-jueon/swvul/tools/java-vuln-detection/slicing/output/CPG/c/cwe194_cpg/cwe194-787-cpg-resolved.bin	tc787_flow3	CWE194_Unexpected_Sign_Extension__negative_malloc_21.c	108	CWE194_Unexpected_Sign_Extension__negative_malloc_21.c	125
/home/swlab-jueon/swvul/tools/java-vuln-detection/slicing/output/CPG/c/cwe194_cpg/cwe194-788-cpg-resolved.bin	tc788_flow1	CWE194_Unexpected_Sign_Extension__negative_malloc_22b.c	29	CWE194_Unexpected_Sign_Extension__negative_malloc_22a.c	38
/home/swlab-jueon/swvul/tools/java-vuln-detection/slicing/output/CPG/c/cwe194_cpg/cwe194-788-cpg-resolved.bin	tc788_flow2	CWE194_Unexpected_Sign_Extension__negative_malloc_22b.c	53	CWE194_Unexpected_Sign_Extension__negative_malloc_22a.c	71
/home/swlab-jueon/swvul/tools/java-vuln-detection/slicing/output/CPG/c/cwe194_cpg/cwe194-788-cpg-resolved.bin	tc788_flow3	CWE194_Unexpected_Sign_Extension__negative_malloc_22b.c	64	CWE194_Unexpected_Sign_Extension__negative_malloc_22a.c	96
/home/swlab-jueon/swvul/tools/java-vuln-detection/slicing/output/CPG/c/cwe194_cpg/cwe194-789-cpg-resolved.bin	tc789_flow1	CWE194_Unexpected_Sign_Extension__negative_malloc_31.c	27	CWE194_Unexpected_Sign_Extension__negative_malloc_31.c	36
/home/swlab-jueon/swvul/tools/java-vuln-detection/slicing/output/CPG/c/cwe194_cpg/cwe194-789-cpg-resolved.bin	tc789_flow2	CWE194_Unexpected_Sign_Extension__negative_malloc_31.c	58	CWE194_Unexpected_Sign_Extension__negative_malloc_31.c	67
/home/swlab-jueon/swvul/tools/java-vuln-detection/slicing/output/CPG/c/cwe194_cpg/cwe194-790-cpg-resolved.bin	tc790_flow1	CWE194_Unexpected_Sign_Extension__negative_malloc_32.c	31	CWE194_Unexpected_Sign_Extension__negative_malloc_32.c	41
/home/swlab-jueon/swvul/tools/java-vuln-detection/slicing/output/CPG/c/cwe194_cpg/cwe194-790-cpg-resolved.bin	tc790_flow2	CWE194_Unexpected_Sign_Extension__negative_malloc_32.c	67	CWE194_Unexpected_Sign_Extension__negative_malloc_32.c	77
/home/swlab-jueon/swvul/tools/java-vuln-detection/slicing/output/CPG/c/cwe194_cpg/cwe194-791-cpg-resolved.bin	tc791_flow1	CWE194_Unexpected_Sign_Extension__negative_malloc_33.cpp	31	CWE194_Unexpected_Sign_Extension__negative_malloc_33.cpp	39
/home/swlab-jueon/swvul/tools/java-vuln-detection/slicing/output/CPG/c/cwe194_cpg/cwe194-791-cpg-resolved.bin	tc791_flow2	CWE194_Unexpected_Sign_Extension__negative_malloc_33.cpp	62	CWE194_Unexpected_Sign_Extension__negative_malloc_33.cpp	70
/home/swlab-jueon/swvul/tools/java-vuln-detection/slicing/output/CPG/c/cwe194_cpg/cwe194-792-cpg-resolved.bin	tc792_flow1	CWE194_Unexpected_Sign_Extension__negative_malloc_34.c	34	CWE194_Unexpected_Sign_Extension__negative_malloc_34.c	43
/home/swlab-jueon/swvul/tools/java-vuln-detection/slicing/output/CPG/c/cwe194_cpg/cwe194-792-cpg-resolved.bin	tc792_flow2	CWE194_Unexpected_Sign_Extension__negative_malloc_34.c	66	CWE194_Unexpected_Sign_Extension__negative_malloc_34.c	75
/home/swlab-jueon/swvul/tools/java-vuln-detection/slicing/output/CPG/c/cwe194_cpg/cwe194-793-cpg-resolved.bin	tc793_flow1	CWE194_Unexpected_Sign_Extension__negative_malloc_41.c	44	CWE194_Unexpected_Sign_Extension__negative_malloc_41.c	28
/home/swlab-jueon/swvul/tools/java-vuln-detection/slicing/output/CPG/c/cwe194_cpg/cwe194-793-cpg-resolved.bin	tc793_flow2	CWE194_Unexpected_Sign_Extension__negative_malloc_41.c	76	CWE194_Unexpected_Sign_Extension__negative_malloc_41.c	59
/home/swlab-jueon/swvul/tools/java-vuln-detection/slicing/output/CPG/c/cwe194_cpg/cwe194-794-cpg-resolved.bin	tc794_flow1	CWE194_Unexpected_Sign_Extension__negative_malloc_42.c	24	CWE194_Unexpected_Sign_Extension__negative_malloc_42.c	39
/home/swlab-jueon/swvul/tools/java-vuln-detection/slicing/output/CPG/c/cwe194_cpg/cwe194-794-cpg-resolved.bin	tc794_flow2	CWE194_Unexpected_Sign_Extension__negative_malloc_42.c	56	CWE194_Unexpected_Sign_Extension__negative_malloc_42.c	72
/home/swlab-jueon/swvul/tools/java-vuln-detection/slicing/output/CPG/c/cwe194_cpg/cwe194-795-cpg-resolved.bin	tc795_flow1	CWE194_Unexpected_Sign_Extension__negative_malloc_43.cpp	27	CWE194_Unexpected_Sign_Extension__negative_malloc_43.cpp	41
/home/swlab-jueon/swvul/tools/java-vuln-detection/slicing/output/CPG/c/cwe194_cpg/cwe194-795-cpg-resolved.bin	tc795_flow2	CWE194_Unexpected_Sign_Extension__negative_malloc_43.cpp	59	CWE194_Unexpected_Sign_Extension__negative_malloc_43.cpp	73
/home/swlab-jueon/swvul/tools/java-vuln-detection/slicing/output/CPG/c/cwe194_cpg/cwe194-796-cpg-resolved.bin	tc796_flow1	CWE194_Unexpected_Sign_Extension__negative_malloc_44.c	46	CWE194_Unexpected_Sign_Extension__negative_malloc_44.c	28
/home/swlab-jueon/swvul/tools/java-vuln-detection/slicing/output/CPG/c/cwe194_cpg/cwe194-796-cpg-resolved.bin	tc796_flow2	CWE194_Unexpected_Sign_Extension__negative_malloc_44.c	80	CWE194_Unexpected_Sign_Extension__negative_malloc_44.c	63
/home/swlab-jueon/swvul/tools/java-vuln-detection/slicing/output/CPG/c/cwe194_cpg/cwe194-797-cpg-resolved.bin	tc797_flow1	CWE194_Unexpected_Sign_Extension__negative_malloc_45.c	48	CWE194_Unexpected_Sign_Extension__negative_malloc_45.c	32
/home/swlab-jueon/swvul/tools/java-vuln-detection/slicing/output/CPG/c/cwe194_cpg/cwe194-797-cpg-resolved.bin	tc797_flow2	CWE194_Unexpected_Sign_Extension__negative_malloc_45.c	82	CWE194_Unexpected_Sign_Extension__negative_malloc_45.c	66
/home/swlab-jueon/swvul/tools/java-vuln-detection/slicing/output/CPG/c/cwe194_cpg/cwe194-798-cpg-resolved.bin	tc798_flow1	CWE194_Unexpected_Sign_Extension__negative_malloc_51a.c	30	CWE194_Unexpected_Sign_Extension__negative_malloc_51b.c	30
/home/swlab-jueon/swvul/tools/java-vuln-detection/slicing/output/CPG/c/cwe194_cpg/cwe194-798-cpg-resolved.bin	tc798_flow2	CWE194_Unexpected_Sign_Extension__negative_malloc_51a.c	48	CWE194_Unexpected_Sign_Extension__negative_malloc_51b.c	52
/home/swlab-jueon/swvul/tools/java-vuln-detection/slicing/output/CPG/c/cwe194_cpg/cwe194-799-cpg-resolved.bin	tc799_flow1	CWE194_Unexpected_Sign_Extension__negative_malloc_52a.c	30	CWE194_Unexpected_Sign_Extension__negative_malloc_52c.c	30
/home/swlab-jueon/swvul/tools/java-vuln-detection/slicing/output/CPG/c/cwe194_cpg/cwe194-799-cpg-resolved.bin	tc799_flow2	CWE194_Unexpected_Sign_Extension__negative_malloc_52a.c	48	CWE194_Unexpected_Sign_Extension__negative_malloc_52c.c	52
/home/swlab-jueon/swvul/tools/java-vuln-detection/slicing/output/CPG/c/cwe194_cpg/cwe194-800-cpg-resolved.bin	tc800_flow1	CWE194_Unexpected_Sign_Extension__negative_malloc_53a.c	30	CWE194_Unexpected_Sign_Extension__negative_malloc_53d.c	30
/home/swlab-jueon/swvul/tools/java-vuln-detection/slicing/output/CPG/c/cwe194_cpg/cwe194-800-cpg-resolved.bin	tc800_flow2	CWE194_Unexpected_Sign_Extension__negative_malloc_53a.c	48	CWE194_Unexpected_Sign_Extension__negative_malloc_53d.c	52
/home/swlab-jueon/swvul/tools/java-vuln-detection/slicing/output/CPG/c/cwe194_cpg/cwe194-801-cpg-resolved.bin	tc801_flow1	CWE194_Unexpected_Sign_Extension__negative_malloc_54a.c	30	CWE194_Unexpected_Sign_Extension__negative_malloc_54e.c	30
/home/swlab-jueon/swvul/tools/java-vuln-detection/slicing/output/CPG/c/cwe194_cpg/cwe194-801-cpg-resolved.bin	tc801_flow2	CWE194_Unexpected_Sign_Extension__negative_malloc_54a.c	48	CWE194_Unexpected_Sign_Extension__negative_malloc_54e.c	52
/home/swlab-jueon/swvul/tools/java-vuln-detection/slicing/output/CPG/c/cwe194_cpg/cwe194-802-cpg-resolved.bin	tc802_flow1	CWE194_Unexpected_Sign_Extension__negative_malloc_61b.c	24	CWE194_Unexpected_Sign_Extension__negative_malloc_61a.c	35
/home/swlab-jueon/swvul/tools/java-vuln-detection/slicing/output/CPG/c/cwe194_cpg/cwe194-802-cpg-resolved.bin	tc802_flow2	CWE194_Unexpected_Sign_Extension__negative_malloc_61b.c	36	CWE194_Unexpected_Sign_Extension__negative_malloc_61a.c	63
/home/swlab-jueon/swvul/tools/java-vuln-detection/slicing/output/CPG/c/cwe194_cpg/cwe194-803-cpg-resolved.bin	tc803_flow1	CWE194_Unexpected_Sign_Extension__negative_malloc_62b.cpp	27	CWE194_Unexpected_Sign_Extension__negative_malloc_62a.cpp	38
/home/swlab-jueon/swvul/tools/java-vuln-detection/slicing/output/CPG/c/cwe194_cpg/cwe194-803-cpg-resolved.bin	tc803_flow2	CWE194_Unexpected_Sign_Extension__negative_malloc_62b.cpp	38	CWE194_Unexpected_Sign_Extension__negative_malloc_62a.cpp	66
/home/swlab-jueon/swvul/tools/java-vuln-detection/slicing/output/CPG/c/cwe194_cpg/cwe194-804-cpg-resolved.bin	tc804_flow1	CWE194_Unexpected_Sign_Extension__negative_malloc_63a.c	30	CWE194_Unexpected_Sign_Extension__negative_malloc_63b.c	29
/home/swlab-jueon/swvul/tools/java-vuln-detection/slicing/output/CPG/c/cwe194_cpg/cwe194-804-cpg-resolved.bin	tc804_flow2	CWE194_Unexpected_Sign_Extension__negative_malloc_63a.c	47	CWE194_Unexpected_Sign_Extension__negative_malloc_63b.c	52
/home/swlab-jueon/swvul/tools/java-vuln-detection/slicing/output/CPG/c/cwe194_cpg/cwe194-805-cpg-resolved.bin	tc805_flow1	CWE194_Unexpected_Sign_Extension__negative_malloc_64a.c	30	CWE194_Unexpected_Sign_Extension__negative_malloc_64b.c	32
/home/swlab-jueon/swvul/tools/java-vuln-detection/slicing/output/CPG/c/cwe194_cpg/cwe194-805-cpg-resolved.bin	tc805_flow2	CWE194_Unexpected_Sign_Extension__negative_malloc_64a.c	47	CWE194_Unexpected_Sign_Extension__negative_malloc_64b.c	58
/home/swlab-jueon/swvul/tools/java-vuln-detection/slicing/output/CPG/c/cwe194_cpg/cwe194-806-cpg-resolved.bin	tc806_flow1	CWE194_Unexpected_Sign_Extension__negative_malloc_65a.c	32	CWE194_Unexpected_Sign_Extension__negative_malloc_65b.c	28
/home/swlab-jueon/swvul/tools/java-vuln-detection/slicing/output/CPG/c/cwe194_cpg/cwe194-806-cpg-resolved.bin	tc806_flow2	CWE194_Unexpected_Sign_Extension__negative_malloc_65a.c	51	CWE194_Unexpected_Sign_Extension__negative_malloc_65b.c	50
/home/swlab-jueon/swvul/tools/java-vuln-detection/slicing/output/CPG/c/cwe194_cpg/cwe194-807-cpg-resolved.bin	tc807_flow1	CWE194_Unexpected_Sign_Extension__negative_malloc_66a.c	31	CWE194_Unexpected_Sign_Extension__negative_malloc_66b.c	30
/home/swlab-jueon/swvul/tools/java-vuln-detection/slicing/output/CPG/c/cwe194_cpg/cwe194-807-cpg-resolved.bin	tc807_flow2	CWE194_Unexpected_Sign_Extension__negative_malloc_66a.c	51	CWE194_Unexpected_Sign_Extension__negative_malloc_66b.c	53
/home/swlab-jueon/swvul/tools/java-vuln-detection/slicing/output/CPG/c/cwe194_cpg/cwe194-808-cpg-resolved.bin	tc808_flow1	CWE194_Unexpected_Sign_Extension__negative_malloc_67a.c	36	CWE194_Unexpected_Sign_Extension__negative_malloc_67b.c	34
/home/swlab-jueon/swvul/tools/java-vuln-detection/slicing/output/CPG/c/cwe194_cpg/cwe194-808-cpg-resolved.bin	tc808_flow2	CWE194_Unexpected_Sign_Extension__negative_malloc_67a.c	55	CWE194_Unexpected_Sign_Extension__negative_malloc_67b.c	57
/home/swlab-jueon/swvul/tools/java-vuln-detection/slicing/output/CPG/c/cwe194_cpg/cwe194-809-cpg-resolved.bin	tc809_flow1	CWE194_Unexpected_Sign_Extension__negative_malloc_68a.c	33	CWE194_Unexpected_Sign_Extension__negative_malloc_68b.c	34
/home/swlab-jueon/swvul/tools/java-vuln-detection/slicing/output/CPG/c/cwe194_cpg/cwe194-809-cpg-resolved.bin	tc809_flow2	CWE194_Unexpected_Sign_Extension__negative_malloc_68a.c	52	CWE194_Unexpected_Sign_Extension__negative_malloc_68b.c	57
/home/swlab-jueon/swvul/tools/java-vuln-detection/slicing/output/CPG/c/cwe194_cpg/cwe194-810-cpg-resolved.bin	tc810_flow1	CWE194_Unexpected_Sign_Extension__negative_malloc_72a.cpp	37	CWE194_Unexpected_Sign_Extension__negative_malloc_72b.cpp	36
/home/swlab-jueon/swvul/tools/java-vuln-detection/slicing/output/CPG/c/cwe194_cpg/cwe194-810-cpg-resolved.bin	tc810_flow2	CWE194_Unexpected_Sign_Extension__negative_malloc_72a.cpp	61	CWE194_Unexpected_Sign_Extension__negative_malloc_72b.cpp	59
/home/swlab-jueon/swvul/tools/java-vuln-detection/slicing/output/CPG/c/cwe194_cpg/cwe194-811-cpg-resolved.bin	tc811_flow1	CWE194_Unexpected_Sign_Extension__negative_malloc_73a.cpp	37	CWE194_Unexpected_Sign_Extension__negative_malloc_73b.cpp	36
/home/swlab-jueon/swvul/tools/java-vuln-detection/slicing/output/CPG/c/cwe194_cpg/cwe194-811-cpg-resolved.bin	tc811_flow2	CWE194_Unexpected_Sign_Extension__negative_malloc_73a.cpp	61	CWE194_Unexpected_Sign_Extension__negative_malloc_73b.cpp	59
/home/swlab-jueon/swvul/tools/java-vuln-detection/slicing/output/CPG/c/cwe194_cpg/cwe194-812-cpg-resolved.bin	tc812_flow1	CWE194_Unexpected_Sign_Extension__negative_malloc_74a.cpp	37	CWE194_Unexpected_Sign_Extension__negative_malloc_74b.cpp	36
/home/swlab-jueon/swvul/tools/java-vuln-detection/slicing/output/CPG/c/cwe194_cpg/cwe194-812-cpg-resolved.bin	tc812_flow2	CWE194_Unexpected_Sign_Extension__negative_malloc_74a.cpp	61	CWE194_Unexpected_Sign_Extension__negative_malloc_74b.cpp	59
/home/swlab-jueon/swvul/tools/java-vuln-detection/slicing/output/CPG/c/cwe194_cpg/cwe194-813-cpg-resolved.bin	tc813_flow1	CWE194_Unexpected_Sign_Extension__negative_malloc_81a.cpp	31	CWE194_Unexpected_Sign_Extension__negative_malloc_81_bad.cpp	31
/home/swlab-jueon/swvul/tools/java-vuln-detection/slicing/output/CPG/c/cwe194_cpg/cwe194-813-cpg-resolved.bin	tc813_flow2	CWE194_Unexpected_Sign_Extension__negative_malloc_81a.cpp	47	CWE194_Unexpected_Sign_Extension__negative_malloc_81_goodG2B.cpp	31
/home/swlab-jueon/swvul/tools/java-vuln-detection/slicing/output/CPG/c/cwe194_cpg/cwe194-814-cpg-resolved.bin	tc814_flow1	CWE194_Unexpected_Sign_Extension__negative_malloc_82a.cpp	31	CWE194_Unexpected_Sign_Extension__negative_malloc_82_bad.cpp	31
/home/swlab-jueon/swvul/tools/java-vuln-detection/slicing/output/CPG/c/cwe194_cpg/cwe194-814-cpg-resolved.bin	tc814_flow2	CWE194_Unexpected_Sign_Extension__negative_malloc_82a.cpp	48	CWE194_Unexpected_Sign_Extension__negative_malloc_82_goodG2B.cpp	31
/home/swlab-jueon/swvul/tools/java-vuln-detection/slicing/output/CPG/c/cwe194_cpg/cwe194-815-cpg-resolved.bin	tc815_flow1	CWE194_Unexpected_Sign_Extension__negative_malloc_83_bad.cpp	27	CWE194_Unexpected_Sign_Extension__negative_malloc_83_bad.cpp	37
/home/swlab-jueon/swvul/tools/java-vuln-detection/slicing/output/CPG/c/cwe194_cpg/cwe194-815-cpg-resolved.bin	tc815_flow2	CWE194_Unexpected_Sign_Extension__negative_malloc_83_goodG2B.cpp	27	CWE194_Unexpected_Sign_Extension__negative_malloc_83_goodG2B.cpp	37
/home/swlab-jueon/swvul/tools/java-vuln-detection/slicing/output/CPG/c/cwe194_cpg/cwe194-816-cpg-resolved.bin	tc816_flow1	CWE194_Unexpected_Sign_Extension__negative_malloc_84_bad.cpp	27	CWE194_Unexpected_Sign_Extension__negative_malloc_84_bad.cpp	37
/home/swlab-jueon/swvul/tools/java-vuln-detection/slicing/output/CPG/c/cwe194_cpg/cwe194-816-cpg-resolved.bin	tc816_flow2	CWE194_Unexpected_Sign_Extension__negative_malloc_84_goodG2B.cpp	27	CWE194_Unexpected_Sign_Extension__negative_malloc_84_goodG2B.cpp	37
/home/swlab-jueon/swvul/tools/java-vuln-detection/slicing/output/CPG/c/cwe194_cpg/cwe194-817-cpg-resolved.bin	tc817_flow1	CWE194_Unexpected_Sign_Extension__negative_memcpy_01.c	27	CWE194_Unexpected_Sign_Extension__negative_memcpy_01.c	37
/home/swlab-jueon/swvul/tools/java-vuln-detection/slicing/output/CPG/c/cwe194_cpg/cwe194-817-cpg-resolved.bin	tc817_flow2	CWE194_Unexpected_Sign_Extension__negative_memcpy_01.c	55	CWE194_Unexpected_Sign_Extension__negative_memcpy_01.c	65
/home/swlab-jueon/swvul/tools/java-vuln-detection/slicing/output/CPG/c/cwe194_cpg/cwe194-818-cpg-resolved.bin	tc818_flow1	CWE194_Unexpected_Sign_Extension__negative_memcpy_02.c	29	CWE194_Unexpected_Sign_Extension__negative_memcpy_02.c	40
/home/swlab-jueon/swvul/tools/java-vuln-detection/slicing/output/CPG/c/cwe194_cpg/cwe194-818-cpg-resolved.bin	tc818_flow2	CWE194_Unexpected_Sign_Extension__negative_memcpy_02.c	65	CWE194_Unexpected_Sign_Extension__negative_memcpy_02.c	76
/home/swlab-jueon/swvul/tools/java-vuln-detection/slicing/output/CPG/c/cwe194_cpg/cwe194-818-cpg-resolved.bin	tc818_flow3	CWE194_Unexpected_Sign_Extension__negative_memcpy_02.c	92	CWE194_Unexpected_Sign_Extension__negative_memcpy_02.c	103
/home/swlab-jueon/swvul/tools/java-vuln-detection/slicing/output/CPG/c/cwe194_cpg/cwe194-819-cpg-resolved.bin	tc819_flow1	CWE194_Unexpected_Sign_Extension__negative_memcpy_03.c	29	CWE194_Unexpected_Sign_Extension__negative_memcpy_03.c	40
/home/swlab-jueon/swvul/tools/java-vuln-detection/slicing/output/CPG/c/cwe194_cpg/cwe194-819-cpg-resolved.bin	tc819_flow2	CWE194_Unexpected_Sign_Extension__negative_memcpy_03.c	65	CWE194_Unexpected_Sign_Extension__negative_memcpy_03.c	76
/home/swlab-jueon/swvul/tools/java-vuln-detection/slicing/output/CPG/c/cwe194_cpg/cwe194-819-cpg-resolved.bin	tc819_flow3	CWE194_Unexpected_Sign_Extension__negative_memcpy_03.c	92	CWE194_Unexpected_Sign_Extension__negative_memcpy_03.c	103
/home/swlab-jueon/swvul/tools/java-vuln-detection/slicing/output/CPG/c/cwe194_cpg/cwe194-820-cpg-resolved.bin	tc820_flow1	CWE194_Unexpected_Sign_Extension__negative_memcpy_04.c	36	CWE194_Unexpected_Sign_Extension__negative_memcpy_04.c	47
/home/swlab-jueon/swvul/tools/java-vuln-detection/slicing/output/CPG/c/cwe194_cpg/cwe194-820-cpg-resolved.bin	tc820_flow2	CWE194_Unexpected_Sign_Extension__negative_memcpy_04.c	72	CWE194_Unexpected_Sign_Extension__negative_memcpy_04.c	83
/home/swlab-jueon/swvul/tools/java-vuln-detection/slicing/output/CPG/c/cwe194_cpg/cwe194-820-cpg-resolved.bin	tc820_flow3	CWE194_Unexpected_Sign_Extension__negative_memcpy_04.c	99	CWE194_Unexpected_Sign_Extension__negative_memcpy_04.c	110
/home/swlab-jueon/swvul/tools/java-vuln-detection/slicing/output/CPG/c/cwe194_cpg/cwe194-821-cpg-resolved.bin	tc821_flow1	CWE194_Unexpected_Sign_Extension__negative_memcpy_05.c	36	CWE194_Unexpected_Sign_Extension__negative_memcpy_05.c	47
/home/swlab-jueon/swvul/tools/java-vuln-detection/slicing/output/CPG/c/cwe194_cpg/cwe194-821-cpg-resolved.bin	tc821_flow2	CWE194_Unexpected_Sign_Extension__negative_memcpy_05.c	72	CWE194_Unexpected_Sign_Extension__negative_memcpy_05.c	83
/home/swlab-jueon/swvul/tools/java-vuln-detection/slicing/output/CPG/c/cwe194_cpg/cwe194-821-cpg-resolved.bin	tc821_flow3	CWE194_Unexpected_Sign_Extension__negative_memcpy_05.c	99	CWE194_Unexpected_Sign_Extension__negative_memcpy_05.c	110
/home/swlab-jueon/swvul/tools/java-vuln-detection/slicing/output/CPG/c/cwe194_cpg/cwe194-822-cpg-resolved.bin	tc822_flow1	CWE194_Unexpected_Sign_Extension__negative_memcpy_06.c	33	CWE194_Unexpected_Sign_Extension__negative_memcpy_06.c	44
/home/swlab-jueon/swvul/tools/java-vuln-detection/slicing/output/CPG/c/cwe194_cpg/cwe194-822-cpg-resolved.bin	tc822_flow2	CWE194_Unexpected_Sign_Extension__negative_memcpy_06.c	69	CWE194_Unexpected_Sign_Extension__negative_memcpy_06.c	80
/home/swlab-jueon/swvul/tools/java-vuln-detection/slicing/output/CPG/c/cwe194_cpg/cwe194-822-cpg-resolved.bin	tc822_flow3	CWE194_Unexpected_Sign_Extension__negative_memcpy_06.c	96	CWE194_Unexpected_Sign_Extension__negative_memcpy_06.c	107
/home/swlab-jueon/swvul/tools/java-vuln-detection/slicing/output/CPG/c/cwe194_cpg/cwe194-823-cpg-resolved.bin	tc823_flow1	CWE194_Unexpected_Sign_Extension__negative_memcpy_07.c	35	CWE194_Unexpected_Sign_Extension__negative_memcpy_07.c	46
/home/swlab-jueon/swvul/tools/java-vuln-detection/slicing/output/CPG/c/cwe194_cpg/cwe194-823-cpg-resolved.bin	tc823_flow2	CWE194_Unexpected_Sign_Extension__negative_memcpy_07.c	71	CWE194_Unexpected_Sign_Extension__negative_memcpy_07.c	82
/home/swlab-jueon/swvul/tools/java-vuln-detection/slicing/output/CPG/c/cwe194_cpg/cwe194-823-cpg-resolved.bin	tc823_flow3	CWE194_Unexpected_Sign_Extension__negative_memcpy_07.c	98	CWE194_Unexpected_Sign_Extension__negative_memcpy_07.c	109
/home/swlab-jueon/swvul/tools/java-vuln-detection/slicing/output/CPG/c/cwe194_cpg/cwe194-824-cpg-resolved.bin	tc824_flow1	CWE194_Unexpected_Sign_Extension__negative_memcpy_08.c	43	CWE194_Unexpected_Sign_Extension__negative_memcpy_08.c	54
/home/swlab-jueon/swvul/tools/java-vuln-detection/slicing/output/CPG/c/cwe194_cpg/cwe194-824-cpg-resolved.bin	tc824_flow2	CWE194_Unexpected_Sign_Extension__negative_memcpy_08.c	79	CWE194_Unexpected_Sign_Extension__negative_memcpy_08.c	90
/home/swlab-jueon/swvul/tools/java-vuln-detection/slicing/output/CPG/c/cwe194_cpg/cwe194-824-cpg-resolved.bin	tc824_flow3	CWE194_Unexpected_Sign_Extension__negative_memcpy_08.c	106	CWE194_Unexpected_Sign_Extension__negative_memcpy_08.c	117
/home/swlab-jueon/swvul/tools/java-vuln-detection/slicing/output/CPG/c/cwe194_cpg/cwe194-825-cpg-resolved.bin	tc825_flow1	CWE194_Unexpected_Sign_Extension__negative_memcpy_09.c	29	CWE194_Unexpected_Sign_Extension__negative_memcpy_09.c	40
/home/swlab-jueon/swvul/tools/java-vuln-detection/slicing/output/CPG/c/cwe194_cpg/cwe194-825-cpg-resolved.bin	tc825_flow2	CWE194_Unexpected_Sign_Extension__negative_memcpy_09.c	65	CWE194_Unexpected_Sign_Extension__negative_memcpy_09.c	76
/home/swlab-jueon/swvul/tools/java-vuln-detection/slicing/output/CPG/c/cwe194_cpg/cwe194-825-cpg-resolved.bin	tc825_flow3	CWE194_Unexpected_Sign_Extension__negative_memcpy_09.c	92	CWE194_Unexpected_Sign_Extension__negative_memcpy_09.c	103
/home/swlab-jueon/swvul/tools/java-vuln-detection/slicing/output/CPG/c/cwe194_cpg/cwe194-826-cpg-resolved.bin	tc826_flow1	CWE194_Unexpected_Sign_Extension__negative_memcpy_10.c	29	CWE194_Unexpected_Sign_Extension__negative_memcpy_10.c	40
/home/swlab-jueon/swvul/tools/java-vuln-detection/slicing/output/CPG/c/cwe194_cpg/cwe194-826-cpg-resolved.bin	tc826_flow2	CWE194_Unexpected_Sign_Extension__negative_memcpy_10.c	65	CWE194_Unexpected_Sign_Extension__negative_memcpy_10.c	76
/home/swlab-jueon/swvul/tools/java-vuln-detection/slicing/output/CPG/c/cwe194_cpg/cwe194-826-cpg-resolved.bin	tc826_flow3	CWE194_Unexpected_Sign_Extension__negative_memcpy_10.c	92	CWE194_Unexpected_Sign_Extension__negative_memcpy_10.c	103
/home/swlab-jueon/swvul/tools/java-vuln-detection/slicing/output/CPG/c/cwe194_cpg/cwe194-827-cpg-resolved.bin	tc827_flow1	CWE194_Unexpected_Sign_Extension__negative_memcpy_11.c	29	CWE194_Unexpected_Sign_Extension__negative_memcpy_11.c	40
/home/swlab-jueon/swvul/tools/java-vuln-detection/slicing/output/CPG/c/cwe194_cpg/cwe194-827-cpg-resolved.bin	tc827_flow2	CWE194_Unexpected_Sign_Extension__negative_memcpy_11.c	65	CWE194_Unexpected_Sign_Extension__negative_memcpy_11.c	76
/home/swlab-jueon/swvul/tools/java-vuln-detection/slicing/output/CPG/c/cwe194_cpg/cwe194-827-cpg-resolved.bin	tc827_flow3	CWE194_Unexpected_Sign_Extension__negative_memcpy_11.c	92	CWE194_Unexpected_Sign_Extension__negative_memcpy_11.c	103
/home/swlab-jueon/swvul/tools/java-vuln-detection/slicing/output/CPG/c/cwe194_cpg/cwe194-828-cpg-resolved.bin	tc828_flow1	CWE194_Unexpected_Sign_Extension__negative_memcpy_12.c	29	CWE194_Unexpected_Sign_Extension__negative_memcpy_12.c	45
/home/swlab-jueon/swvul/tools/java-vuln-detection/slicing/output/CPG/c/cwe194_cpg/cwe194-828-cpg-resolved.bin	tc828_flow2	CWE194_Unexpected_Sign_Extension__negative_memcpy_12.c	66	CWE194_Unexpected_Sign_Extension__negative_memcpy_12.c	82
/home/swlab-jueon/swvul/tools/java-vuln-detection/slicing/output/CPG/c/cwe194_cpg/cwe194-829-cpg-resolved.bin	tc829_flow1	CWE194_Unexpected_Sign_Extension__negative_memcpy_13.c	29	CWE194_Unexpected_Sign_Extension__negative_memcpy_13.c	40
/home/swlab-jueon/swvul/tools/java-vuln-detection/slicing/output/CPG/c/cwe194_cpg/cwe194-829-cpg-resolved.bin	tc829_flow2	CWE194_Unexpected_Sign_Extension__negative_memcpy_13.c	65	CWE194_Unexpected_Sign_Extension__negative_memcpy_13.c	76
/home/swlab-jueon/swvul/tools/java-vuln-detection/slicing/output/CPG/c/cwe194_cpg/cwe194-829-cpg-resolved.bin	tc829_flow3	CWE194_Unexpected_Sign_Extension__negative_memcpy_13.c	92	CWE194_Unexpected_Sign_Extension__negative_memcpy_13.c	103
/home/swlab-jueon/swvul/tools/java-vuln-detection/slicing/output/CPG/c/cwe194_cpg/cwe194-830-cpg-resolved.bin	tc830_flow1	CWE194_Unexpected_Sign_Extension__negative_memcpy_14.c	29	CWE194_Unexpected_Sign_Extension__negative_memcpy_14.c	40
/home/swlab-jueon/swvul/tools/java-vuln-detection/slicing/output/CPG/c/cwe194_cpg/cwe194-830-cpg-resolved.bin	tc830_flow2	CWE194_Unexpected_Sign_Extension__negative_memcpy_14.c	65	CWE194_Unexpected_Sign_Extension__negative_memcpy_14.c	76
/home/swlab-jueon/swvul/tools/java-vuln-detection/slicing/output/CPG/c/cwe194_cpg/cwe194-830-cpg-resolved.bin	tc830_flow3	CWE194_Unexpected_Sign_Extension__negative_memcpy_14.c	92	CWE194_Unexpected_Sign_Extension__negative_memcpy_14.c	103
/home/swlab-jueon/swvul/tools/java-vuln-detection/slicing/output/CPG/c/cwe194_cpg/cwe194-831-cpg-resolved.bin	tc831_flow1	CWE194_Unexpected_Sign_Extension__negative_memcpy_15.c	30	CWE194_Unexpected_Sign_Extension__negative_memcpy_15.c	46
/home/swlab-jueon/swvul/tools/java-vuln-detection/slicing/output/CPG/c/cwe194_cpg/cwe194-831-cpg-resolved.bin	tc831_flow2	CWE194_Unexpected_Sign_Extension__negative_memcpy_15.c	71	CWE194_Unexpected_Sign_Extension__negative_memcpy_15.c	83
/home/swlab-jueon/swvul/tools/java-vuln-detection/slicing/output/CPG/c/cwe194_cpg/cwe194-831-cpg-resolved.bin	tc831_flow3	CWE194_Unexpected_Sign_Extension__negative_memcpy_15.c	100	CWE194_Unexpected_Sign_Extension__negative_memcpy_15.c	116
/home/swlab-jueon/swvul/tools/java-vuln-detection/slicing/output/CPG/c/cwe194_cpg/cwe194-832-cpg-resolved.bin	tc832_flow1	CWE194_Unexpected_Sign_Extension__negative_memcpy_16.c	29	CWE194_Unexpected_Sign_Extension__negative_memcpy_16.c	41
/home/swlab-jueon/swvul/tools/java-vuln-detection/slicing/output/CPG/c/cwe194_cpg/cwe194-832-cpg-resolved.bin	tc832_flow2	CWE194_Unexpected_Sign_Extension__negative_memcpy_16.c	61	CWE194_Unexpected_Sign_Extension__negative_memcpy_16.c	73
/home/swlab-jueon/swvul/tools/java-vuln-detection/slicing/output/CPG/c/cwe194_cpg/cwe194-833-cpg-resolved.bin	tc833_flow1	CWE194_Unexpected_Sign_Extension__negative_memcpy_17.c	30	CWE194_Unexpected_Sign_Extension__negative_memcpy_17.c	41
/home/swlab-jueon/swvul/tools/java-vuln-detection/slicing/output/CPG/c/cwe194_cpg/cwe194-833-cpg-resolved.bin	tc833_flow2	CWE194_Unexpected_Sign_Extension__negative_memcpy_17.c	62	CWE194_Unexpected_Sign_Extension__negative_memcpy_17.c	73
/home/swlab-jueon/swvul/tools/java-vuln-detection/slicing/output/CPG/c/cwe194_cpg/cwe194-834-cpg-resolved.bin	tc834_flow1	CWE194_Unexpected_Sign_Extension__negative_memcpy_18.c	29	CWE194_Unexpected_Sign_Extension__negative_memcpy_18.c	39
/home/swlab-jueon/swvul/tools/java-vuln-detection/slicing/output/CPG/c/cwe194_cpg/cwe194-834-cpg-resolved.bin	tc834_flow2	CWE194_Unexpected_Sign_Extension__negative_memcpy_18.c	59	CWE194_Unexpected_Sign_Extension__negative_memcpy_18.c	69
/home/swlab-jueon/swvul/tools/java-vuln-detection/slicing/output/CPG/c/cwe194_cpg/cwe194-835-cpg-resolved.bin	tc835_flow1	CWE194_Unexpected_Sign_Extension__negative_memcpy_21.c	29	CWE194_Unexpected_Sign_Extension__negative_memcpy_21.c	50
/home/swlab-jueon/swvul/tools/java-vuln-detection/slicing/output/CPG/c/cwe194_cpg/cwe194-835-cpg-resolved.bin	tc835_flow2	CWE194_Unexpected_Sign_Extension__negative_memcpy_21.c	76	CWE194_Unexpected_Sign_Extension__negative_memcpy_21.c	97
/home/swlab-jueon/swvul/tools/java-vuln-detection/slicing/output/CPG/c/cwe194_cpg/cwe194-835-cpg-resolved.bin	tc835_flow3	CWE194_Unexpected_Sign_Extension__negative_memcpy_21.c	110	CWE194_Unexpected_Sign_Extension__negative_memcpy_21.c	131
/home/swlab-jueon/swvul/tools/java-vuln-detection/slicing/output/CPG/c/cwe194_cpg/cwe194-836-cpg-resolved.bin	tc836_flow1	CWE194_Unexpected_Sign_Extension__negative_memcpy_22b.c	29	CWE194_Unexpected_Sign_Extension__negative_memcpy_22a.c	42
/home/swlab-jueon/swvul/tools/java-vuln-detection/slicing/output/CPG/c/cwe194_cpg/cwe194-836-cpg-resolved.bin	tc836_flow2	CWE194_Unexpected_Sign_Extension__negative_memcpy_22b.c	53	CWE194_Unexpected_Sign_Extension__negative_memcpy_22a.c	76
/home/swlab-jueon/swvul/tools/java-vuln-detection/slicing/output/CPG/c/cwe194_cpg/cwe194-836-cpg-resolved.bin	tc836_flow3	CWE194_Unexpected_Sign_Extension__negative_memcpy_22b.c	64	CWE194_Unexpected_Sign_Extension__negative_memcpy_22a.c	102
/home/swlab-jueon/swvul/tools/java-vuln-detection/slicing/output/CPG/c/cwe194_cpg/cwe194-837-cpg-resolved.bin	tc837_flow1	CWE194_Unexpected_Sign_Extension__negative_memcpy_31.c	27	CWE194_Unexpected_Sign_Extension__negative_memcpy_31.c	40
/home/swlab-jueon/swvul/tools/java-vuln-detection/slicing/output/CPG/c/cwe194_cpg/cwe194-837-cpg-resolved.bin	tc837_flow2	CWE194_Unexpected_Sign_Extension__negative_memcpy_31.c	59	CWE194_Unexpected_Sign_Extension__negative_memcpy_31.c	72
/home/swlab-jueon/swvul/tools/java-vuln-detection/slicing/output/CPG/c/cwe194_cpg/cwe194-838-cpg-resolved.bin	tc838_flow1	CWE194_Unexpected_Sign_Extension__negative_memcpy_32.c	31	CWE194_Unexpected_Sign_Extension__negative_memcpy_32.c	45
/home/swlab-jueon/swvul/tools/java-vuln-detection/slicing/output/CPG/c/cwe194_cpg/cwe194-838-cpg-resolved.bin	tc838_flow2	CWE194_Unexpected_Sign_Extension__negative_memcpy_32.c	68	CWE194_Unexpected_Sign_Extension__negative_memcpy_32.c	82
/home/swlab-jueon/swvul/tools/java-vuln-detection/slicing/output/CPG/c/cwe194_cpg/cwe194-839-cpg-resolved.bin	tc839_flow1	CWE194_Unexpected_Sign_Extension__negative_memcpy_33.cpp	31	CWE194_Unexpected_Sign_Extension__negative_memcpy_33.cpp	43
/home/swlab-jueon/swvul/tools/java-vuln-detection/slicing/output/CPG/c/cwe194_cpg/cwe194-839-cpg-resolved.bin	tc839_flow2	CWE194_Unexpected_Sign_Extension__negative_memcpy_33.cpp	63	CWE194_Unexpected_Sign_Extension__negative_memcpy_33.cpp	75
/home/swlab-jueon/swvul/tools/java-vuln-detection/slicing/output/CPG/c/cwe194_cpg/cwe194-840-cpg-resolved.bin	tc840_flow1	CWE194_Unexpected_Sign_Extension__negative_memcpy_34.c	34	CWE194_Unexpected_Sign_Extension__negative_memcpy_34.c	47
/home/swlab-jueon/swvul/tools/java-vuln-detection/slicing/output/CPG/c/cwe194_cpg/cwe194-840-cpg-resolved.bin	tc840_flow2	CWE194_Unexpected_Sign_Extension__negative_memcpy_34.c	67	CWE194_Unexpected_Sign_Extension__negative_memcpy_34.c	80
/home/swlab-jueon/swvul/tools/java-vuln-detection/slicing/output/CPG/c/cwe194_cpg/cwe194-841-cpg-resolved.bin	tc841_flow1	CWE194_Unexpected_Sign_Extension__negative_memcpy_41.c	45	CWE194_Unexpected_Sign_Extension__negative_memcpy_41.c	32
/home/swlab-jueon/swvul/tools/java-vuln-detection/slicing/output/CPG/c/cwe194_cpg/cwe194-841-cpg-resolved.bin	tc841_flow2	CWE194_Unexpected_Sign_Extension__negative_memcpy_41.c	78	CWE194_Unexpected_Sign_Extension__negative_memcpy_41.c	64
/home/swlab-jueon/swvul/tools/java-vuln-detection/slicing/output/CPG/c/cwe194_cpg/cwe194-842-cpg-resolved.bin	tc842_flow1	CWE194_Unexpected_Sign_Extension__negative_memcpy_42.c	24	CWE194_Unexpected_Sign_Extension__negative_memcpy_42.c	43
/home/swlab-jueon/swvul/tools/java-vuln-detection/slicing/output/CPG/c/cwe194_cpg/cwe194-842-cpg-resolved.bin	tc842_flow2	CWE194_Unexpected_Sign_Extension__negative_memcpy_42.c	57	CWE194_Unexpected_Sign_Extension__negative_memcpy_42.c	77
/home/swlab-jueon/swvul/tools/java-vuln-detection/slicing/output/CPG/c/cwe194_cpg/cwe194-843-cpg-resolved.bin	tc843_flow1	CWE194_Unexpected_Sign_Extension__negative_memcpy_43.cpp	27	CWE194_Unexpected_Sign_Extension__negative_memcpy_43.cpp	45
/home/swlab-jueon/swvul/tools/java-vuln-detection/slicing/output/CPG/c/cwe194_cpg/cwe194-843-cpg-resolved.bin	tc843_flow2	CWE194_Unexpected_Sign_Extension__negative_memcpy_43.cpp	60	CWE194_Unexpected_Sign_Extension__negative_memcpy_43.cpp	78
/home/swlab-jueon/swvul/tools/java-vuln-detection/slicing/output/CPG/c/cwe194_cpg/cwe194-844-cpg-resolved.bin	tc844_flow1	CWE194_Unexpected_Sign_Extension__negative_memcpy_44.c	47	CWE194_Unexpected_Sign_Extension__negative_memcpy_44.c	32
/home/swlab-jueon/swvul/tools/java-vuln-detection/slicing/output/CPG/c/cwe194_cpg/cwe194-844-cpg-resolved.bin	tc844_flow2	CWE194_Unexpected_Sign_Extension__negative_memcpy_44.c	82	CWE194_Unexpected_Sign_Extension__negative_memcpy_44.c	68
/home/swlab-jueon/swvul/tools/java-vuln-detection/slicing/output/CPG/c/cwe194_cpg/cwe194-845-cpg-resolved.bin	tc845_flow1	CWE194_Unexpected_Sign_Extension__negative_memcpy_45.c	49	CWE194_Unexpected_Sign_Extension__negative_memcpy_45.c	36
/home/swlab-jueon/swvul/tools/java-vuln-detection/slicing/output/CPG/c/cwe194_cpg/cwe194-845-cpg-resolved.bin	tc845_flow2	CWE194_Unexpected_Sign_Extension__negative_memcpy_45.c	84	CWE194_Unexpected_Sign_Extension__negative_memcpy_45.c	71
/home/swlab-jueon/swvul/tools/java-vuln-detection/slicing/output/CPG/c/cwe194_cpg/cwe194-846-cpg-resolved.bin	tc846_flow1	CWE194_Unexpected_Sign_Extension__negative_memcpy_51a.c	30	CWE194_Unexpected_Sign_Extension__negative_memcpy_51b.c	34
/home/swlab-jueon/swvul/tools/java-vuln-detection/slicing/output/CPG/c/cwe194_cpg/cwe194-846-cpg-resolved.bin	tc846_flow2	CWE194_Unexpected_Sign_Extension__negative_memcpy_51a.c	48	CWE194_Unexpected_Sign_Extension__negative_memcpy_51b.c	57
/home/swlab-jueon/swvul/tools/java-vuln-detection/slicing/output/CPG/c/cwe194_cpg/cwe194-847-cpg-resolved.bin	tc847_flow1	CWE194_Unexpected_Sign_Extension__negative_memcpy_52a.c	30	CWE194_Unexpected_Sign_Extension__negative_memcpy_52c.c	34
/home/swlab-jueon/swvul/tools/java-vuln-detection/slicing/output/CPG/c/cwe194_cpg/cwe194-847-cpg-resolved.bin	tc847_flow2	CWE194_Unexpected_Sign_Extension__negative_memcpy_52a.c	48	CWE194_Unexpected_Sign_Extension__negative_memcpy_52c.c	57
/home/swlab-jueon/swvul/tools/java-vuln-detection/slicing/output/CPG/c/cwe194_cpg/cwe194-848-cpg-resolved.bin	tc848_flow1	CWE194_Unexpected_Sign_Extension__negative_memcpy_53a.c	30	CWE194_Unexpected_Sign_Extension__negative_memcpy_53d.c	34
/home/swlab-jueon/swvul/tools/java-vuln-detection/slicing/output/CPG/c/cwe194_cpg/cwe194-848-cpg-resolved.bin	tc848_flow2	CWE194_Unexpected_Sign_Extension__negative_memcpy_53a.c	48	CWE194_Unexpected_Sign_Extension__negative_memcpy_53d.c	57
/home/swlab-jueon/swvul/tools/java-vuln-detection/slicing/output/CPG/c/cwe194_cpg/cwe194-849-cpg-resolved.bin	tc849_flow1	CWE194_Unexpected_Sign_Extension__negative_memcpy_54a.c	30	CWE194_Unexpected_Sign_Extension__negative_memcpy_54e.c	34
/home/swlab-jueon/swvul/tools/java-vuln-detection/slicing/output/CPG/c/cwe194_cpg/cwe194-849-cpg-resolved.bin	tc849_flow2	CWE194_Unexpected_Sign_Extension__negative_memcpy_54a.c	48	CWE194_Unexpected_Sign_Extension__negative_memcpy_54e.c	57
/home/swlab-jueon/swvul/tools/java-vuln-detection/slicing/output/CPG/c/cwe194_cpg/cwe194-850-cpg-resolved.bin	tc850_flow1	CWE194_Unexpected_Sign_Extension__negative_memcpy_61b.c	24	CWE194_Unexpected_Sign_Extension__negative_memcpy_61a.c	39
/home/swlab-jueon/swvul/tools/java-vuln-detection/slicing/output/CPG/c/cwe194_cpg/cwe194-850-cpg-resolved.bin	tc850_flow2	CWE194_Unexpected_Sign_Extension__negative_memcpy_61b.c	36	CWE194_Unexpected_Sign_Extension__negative_memcpy_61a.c	68
/home/swlab-jueon/swvul/tools/java-vuln-detection/slicing/output/CPG/c/cwe194_cpg/cwe194-851-cpg-resolved.bin	tc851_flow1	CWE194_Unexpected_Sign_Extension__negative_memcpy_62b.cpp	27	CWE194_Unexpected_Sign_Extension__negative_memcpy_62a.cpp	42
/home/swlab-jueon/swvul/tools/java-vuln-detection/slicing/output/CPG/c/cwe194_cpg/cwe194-851-cpg-resolved.bin	tc851_flow2	CWE194_Unexpected_Sign_Extension__negative_memcpy_62b.cpp	38	CWE194_Unexpected_Sign_Extension__negative_memcpy_62a.cpp	71
/home/swlab-jueon/swvul/tools/java-vuln-detection/slicing/output/CPG/c/cwe194_cpg/cwe194-852-cpg-resolved.bin	tc852_flow1	CWE194_Unexpected_Sign_Extension__negative_memcpy_63a.c	30	CWE194_Unexpected_Sign_Extension__negative_memcpy_63b.c	33
/home/swlab-jueon/swvul/tools/java-vuln-detection/slicing/output/CPG/c/cwe194_cpg/cwe194-852-cpg-resolved.bin	tc852_flow2	CWE194_Unexpected_Sign_Extension__negative_memcpy_63a.c	47	CWE194_Unexpected_Sign_Extension__negative_memcpy_63b.c	57
/home/swlab-jueon/swvul/tools/java-vuln-detection/slicing/output/CPG/c/cwe194_cpg/cwe194-853-cpg-resolved.bin	tc853_flow1	CWE194_Unexpected_Sign_Extension__negative_memcpy_64a.c	30	CWE194_Unexpected_Sign_Extension__negative_memcpy_64b.c	36
/home/swlab-jueon/swvul/tools/java-vuln-detection/slicing/output/CPG/c/cwe194_cpg/cwe194-853-cpg-resolved.bin	tc853_flow2	CWE194_Unexpected_Sign_Extension__negative_memcpy_64a.c	47	CWE194_Unexpected_Sign_Extension__negative_memcpy_64b.c	63
/home/swlab-jueon/swvul/tools/java-vuln-detection/slicing/output/CPG/c/cwe194_cpg/cwe194-854-cpg-resolved.bin	tc854_flow1	CWE194_Unexpected_Sign_Extension__negative_memcpy_65a.c	32	CWE194_Unexpected_Sign_Extension__negative_memcpy_65b.c	32
/home/swlab-jueon/swvul/tools/java-vuln-detection/slicing/output/CPG/c/cwe194_cpg/cwe194-854-cpg-resolved.bin	tc854_flow2	CWE194_Unexpected_Sign_Extension__negative_memcpy_65a.c	51	CWE194_Unexpected_Sign_Extension__negative_memcpy_65b.c	55
/home/swlab-jueon/swvul/tools/java-vuln-detection/slicing/output/CPG/c/cwe194_cpg/cwe194-855-cpg-resolved.bin	tc855_flow1	CWE194_Unexpected_Sign_Extension__negative_memcpy_66a.c	31	CWE194_Unexpected_Sign_Extension__negative_memcpy_66b.c	34
/home/swlab-jueon/swvul/tools/java-vuln-detection/slicing/output/CPG/c/cwe194_cpg/cwe194-855-cpg-resolved.bin	tc855_flow2	CWE194_Unexpected_Sign_Extension__negative_memcpy_66a.c	51	CWE194_Unexpected_Sign_Extension__negative_memcpy_66b.c	58
/home/swlab-jueon/swvul/tools/java-vuln-detection/slicing/output/CPG/c/cwe194_cpg/cwe194-856-cpg-resolved.bin	tc856_flow1	CWE194_Unexpected_Sign_Extension__negative_memcpy_67a.c	36	CWE194_Unexpected_Sign_Extension__negative_memcpy_67b.c	38
/home/swlab-jueon/swvul/tools/java-vuln-detection/slicing/output/CPG/c/cwe194_cpg/cwe194-856-cpg-resolved.bin	tc856_flow2	CWE194_Unexpected_Sign_Extension__negative_memcpy_67a.c	55	CWE194_Unexpected_Sign_Extension__negative_memcpy_67b.c	62
/home/swlab-jueon/swvul/tools/java-vuln-detection/slicing/output/CPG/c/cwe194_cpg/cwe194-857-cpg-resolved.bin	tc857_flow1	CWE194_Unexpected_Sign_Extension__negative_memcpy_68a.c	33	CWE194_Unexpected_Sign_Extension__negative_memcpy_68b.c	38
/home/swlab-jueon/swvul/tools/java-vuln-detection/slicing/output/CPG/c/cwe194_cpg/cwe194-857-cpg-resolved.bin	tc857_flow2	CWE194_Unexpected_Sign_Extension__negative_memcpy_68a.c	52	CWE194_Unexpected_Sign_Extension__negative_memcpy_68b.c	62
/home/swlab-jueon/swvul/tools/java-vuln-detection/slicing/output/CPG/c/cwe194_cpg/cwe194-858-cpg-resolved.bin	tc858_flow1	CWE194_Unexpected_Sign_Extension__negative_memcpy_72a.cpp	37	CWE194_Unexpected_Sign_Extension__negative_memcpy_72b.cpp	40
/home/swlab-jueon/swvul/tools/java-vuln-detection/slicing/output/CPG/c/cwe194_cpg/cwe194-858-cpg-resolved.bin	tc858_flow2	CWE194_Unexpected_Sign_Extension__negative_memcpy_72a.cpp	61	CWE194_Unexpected_Sign_Extension__negative_memcpy_72b.cpp	64
/home/swlab-jueon/swvul/tools/java-vuln-detection/slicing/output/CPG/c/cwe194_cpg/cwe194-859-cpg-resolved.bin	tc859_flow1	CWE194_Unexpected_Sign_Extension__negative_memcpy_73a.cpp	37	CWE194_Unexpected_Sign_Extension__negative_memcpy_73b.cpp	40
/home/swlab-jueon/swvul/tools/java-vuln-detection/slicing/output/CPG/c/cwe194_cpg/cwe194-859-cpg-resolved.bin	tc859_flow2	CWE194_Unexpected_Sign_Extension__negative_memcpy_73a.cpp	61	CWE194_Unexpected_Sign_Extension__negative_memcpy_73b.cpp	64
/home/swlab-jueon/swvul/tools/java-vuln-detection/slicing/output/CPG/c/cwe194_cpg/cwe194-860-cpg-resolved.bin	tc860_flow1	CWE194_Unexpected_Sign_Extension__negative_memcpy_74a.cpp	37	CWE194_Unexpected_Sign_Extension__negative_memcpy_74b.cpp	40
/home/swlab-jueon/swvul/tools/java-vuln-detection/slicing/output/CPG/c/cwe194_cpg/cwe194-860-cpg-resolved.bin	tc860_flow2	CWE194_Unexpected_Sign_Extension__negative_memcpy_74a.cpp	61	CWE194_Unexpected_Sign_Extension__negative_memcpy_74b.cpp	64
/home/swlab-jueon/swvul/tools/java-vuln-detection/slicing/output/CPG/c/cwe194_cpg/cwe194-861-cpg-resolved.bin	tc861_flow1	CWE194_Unexpected_Sign_Extension__negative_memcpy_81a.cpp	31	CWE194_Unexpected_Sign_Extension__negative_memcpy_81_bad.cpp	35
/home/swlab-jueon/swvul/tools/java-vuln-detection/slicing/output/CPG/c/cwe194_cpg/cwe194-861-cpg-resolved.bin	tc861_flow2	CWE194_Unexpected_Sign_Extension__negative_memcpy_81a.cpp	47	CWE194_Unexpected_Sign_Extension__negative_memcpy_81_goodG2B.cpp	35
/home/swlab-jueon/swvul/tools/java-vuln-detection/slicing/output/CPG/c/cwe194_cpg/cwe194-862-cpg-resolved.bin	tc862_flow1	CWE194_Unexpected_Sign_Extension__negative_memcpy_82a.cpp	31	CWE194_Unexpected_Sign_Extension__negative_memcpy_82_bad.cpp	35
/home/swlab-jueon/swvul/tools/java-vuln-detection/slicing/output/CPG/c/cwe194_cpg/cwe194-862-cpg-resolved.bin	tc862_flow2	CWE194_Unexpected_Sign_Extension__negative_memcpy_82a.cpp	48	CWE194_Unexpected_Sign_Extension__negative_memcpy_82_goodG2B.cpp	35
/home/swlab-jueon/swvul/tools/java-vuln-detection/slicing/output/CPG/c/cwe194_cpg/cwe194-863-cpg-resolved.bin	tc863_flow1	CWE194_Unexpected_Sign_Extension__negative_memcpy_83_bad.cpp	27	CWE194_Unexpected_Sign_Extension__negative_memcpy_83_bad.cpp	41
/home/swlab-jueon/swvul/tools/java-vuln-detection/slicing/output/CPG/c/cwe194_cpg/cwe194-863-cpg-resolved.bin	tc863_flow2	CWE194_Unexpected_Sign_Extension__negative_memcpy_83_goodG2B.cpp	27	CWE194_Unexpected_Sign_Extension__negative_memcpy_83_goodG2B.cpp	41
/home/swlab-jueon/swvul/tools/java-vuln-detection/slicing/output/CPG/c/cwe194_cpg/cwe194-864-cpg-resolved.bin	tc864_flow1	CWE194_Unexpected_Sign_Extension__negative_memcpy_84_bad.cpp	27	CWE194_Unexpected_Sign_Extension__negative_memcpy_84_bad.cpp	41
/home/swlab-jueon/swvul/tools/java-vuln-detection/slicing/output/CPG/c/cwe194_cpg/cwe194-864-cpg-resolved.bin	tc864_flow2	CWE194_Unexpected_Sign_Extension__negative_memcpy_84_goodG2B.cpp	27	CWE194_Unexpected_Sign_Extension__negative_memcpy_84_goodG2B.cpp	41
/home/swlab-jueon/swvul/tools/java-vuln-detection/slicing/output/CPG/c/cwe194_cpg/cwe194-865-cpg-resolved.bin	tc865_flow1	CWE194_Unexpected_Sign_Extension__negative_memmove_01.c	27	CWE194_Unexpected_Sign_Extension__negative_memmove_01.c	37
/home/swlab-jueon/swvul/tools/java-vuln-detection/slicing/output/CPG/c/cwe194_cpg/cwe194-865-cpg-resolved.bin	tc865_flow2	CWE194_Unexpected_Sign_Extension__negative_memmove_01.c	55	CWE194_Unexpected_Sign_Extension__negative_memmove_01.c	65
/home/swlab-jueon/swvul/tools/java-vuln-detection/slicing/output/CPG/c/cwe194_cpg/cwe194-866-cpg-resolved.bin	tc866_flow1	CWE194_Unexpected_Sign_Extension__negative_memmove_02.c	29	CWE194_Unexpected_Sign_Extension__negative_memmove_02.c	40
/home/swlab-jueon/swvul/tools/java-vuln-detection/slicing/output/CPG/c/cwe194_cpg/cwe194-866-cpg-resolved.bin	tc866_flow2	CWE194_Unexpected_Sign_Extension__negative_memmove_02.c	65	CWE194_Unexpected_Sign_Extension__negative_memmove_02.c	76
/home/swlab-jueon/swvul/tools/java-vuln-detection/slicing/output/CPG/c/cwe194_cpg/cwe194-866-cpg-resolved.bin	tc866_flow3	CWE194_Unexpected_Sign_Extension__negative_memmove_02.c	92	CWE194_Unexpected_Sign_Extension__negative_memmove_02.c	103
/home/swlab-jueon/swvul/tools/java-vuln-detection/slicing/output/CPG/c/cwe194_cpg/cwe194-867-cpg-resolved.bin	tc867_flow1	CWE194_Unexpected_Sign_Extension__negative_memmove_03.c	29	CWE194_Unexpected_Sign_Extension__negative_memmove_03.c	40
/home/swlab-jueon/swvul/tools/java-vuln-detection/slicing/output/CPG/c/cwe194_cpg/cwe194-867-cpg-resolved.bin	tc867_flow2	CWE194_Unexpected_Sign_Extension__negative_memmove_03.c	65	CWE194_Unexpected_Sign_Extension__negative_memmove_03.c	76
/home/swlab-jueon/swvul/tools/java-vuln-detection/slicing/output/CPG/c/cwe194_cpg/cwe194-867-cpg-resolved.bin	tc867_flow3	CWE194_Unexpected_Sign_Extension__negative_memmove_03.c	92	CWE194_Unexpected_Sign_Extension__negative_memmove_03.c	103
/home/swlab-jueon/swvul/tools/java-vuln-detection/slicing/output/CPG/c/cwe194_cpg/cwe194-868-cpg-resolved.bin	tc868_flow1	CWE194_Unexpected_Sign_Extension__negative_memmove_04.c	36	CWE194_Unexpected_Sign_Extension__negative_memmove_04.c	47
/home/swlab-jueon/swvul/tools/java-vuln-detection/slicing/output/CPG/c/cwe194_cpg/cwe194-868-cpg-resolved.bin	tc868_flow2	CWE194_Unexpected_Sign_Extension__negative_memmove_04.c	72	CWE194_Unexpected_Sign_Extension__negative_memmove_04.c	83
/home/swlab-jueon/swvul/tools/java-vuln-detection/slicing/output/CPG/c/cwe194_cpg/cwe194-868-cpg-resolved.bin	tc868_flow3	CWE194_Unexpected_Sign_Extension__negative_memmove_04.c	99	CWE194_Unexpected_Sign_Extension__negative_memmove_04.c	110
/home/swlab-jueon/swvul/tools/java-vuln-detection/slicing/output/CPG/c/cwe194_cpg/cwe194-869-cpg-resolved.bin	tc869_flow1	CWE194_Unexpected_Sign_Extension__negative_memmove_05.c	36	CWE194_Unexpected_Sign_Extension__negative_memmove_05.c	47
/home/swlab-jueon/swvul/tools/java-vuln-detection/slicing/output/CPG/c/cwe194_cpg/cwe194-869-cpg-resolved.bin	tc869_flow2	CWE194_Unexpected_Sign_Extension__negative_memmove_05.c	72	CWE194_Unexpected_Sign_Extension__negative_memmove_05.c	83
/home/swlab-jueon/swvul/tools/java-vuln-detection/slicing/output/CPG/c/cwe194_cpg/cwe194-869-cpg-resolved.bin	tc869_flow3	CWE194_Unexpected_Sign_Extension__negative_memmove_05.c	99	CWE194_Unexpected_Sign_Extension__negative_memmove_05.c	110
/home/swlab-jueon/swvul/tools/java-vuln-detection/slicing/output/CPG/c/cwe194_cpg/cwe194-870-cpg-resolved.bin	tc870_flow1	CWE194_Unexpected_Sign_Extension__negative_memmove_06.c	33	CWE194_Unexpected_Sign_Extension__negative_memmove_06.c	44
/home/swlab-jueon/swvul/tools/java-vuln-detection/slicing/output/CPG/c/cwe194_cpg/cwe194-870-cpg-resolved.bin	tc870_flow2	CWE194_Unexpected_Sign_Extension__negative_memmove_06.c	69	CWE194_Unexpected_Sign_Extension__negative_memmove_06.c	80
/home/swlab-jueon/swvul/tools/java-vuln-detection/slicing/output/CPG/c/cwe194_cpg/cwe194-870-cpg-resolved.bin	tc870_flow3	CWE194_Unexpected_Sign_Extension__negative_memmove_06.c	96	CWE194_Unexpected_Sign_Extension__negative_memmove_06.c	107
/home/swlab-jueon/swvul/tools/java-vuln-detection/slicing/output/CPG/c/cwe194_cpg/cwe194-871-cpg-resolved.bin	tc871_flow1	CWE194_Unexpected_Sign_Extension__negative_memmove_07.c	35	CWE194_Unexpected_Sign_Extension__negative_memmove_07.c	46
/home/swlab-jueon/swvul/tools/java-vuln-detection/slicing/output/CPG/c/cwe194_cpg/cwe194-871-cpg-resolved.bin	tc871_flow2	CWE194_Unexpected_Sign_Extension__negative_memmove_07.c	71	CWE194_Unexpected_Sign_Extension__negative_memmove_07.c	82
/home/swlab-jueon/swvul/tools/java-vuln-detection/slicing/output/CPG/c/cwe194_cpg/cwe194-871-cpg-resolved.bin	tc871_flow3	CWE194_Unexpected_Sign_Extension__negative_memmove_07.c	98	CWE194_Unexpected_Sign_Extension__negative_memmove_07.c	109
/home/swlab-jueon/swvul/tools/java-vuln-detection/slicing/output/CPG/c/cwe194_cpg/cwe194-872-cpg-resolved.bin	tc872_flow1	CWE194_Unexpected_Sign_Extension__negative_memmove_08.c	43	CWE194_Unexpected_Sign_Extension__negative_memmove_08.c	54
/home/swlab-jueon/swvul/tools/java-vuln-detection/slicing/output/CPG/c/cwe194_cpg/cwe194-872-cpg-resolved.bin	tc872_flow2	CWE194_Unexpected_Sign_Extension__negative_memmove_08.c	79	CWE194_Unexpected_Sign_Extension__negative_memmove_08.c	90
/home/swlab-jueon/swvul/tools/java-vuln-detection/slicing/output/CPG/c/cwe194_cpg/cwe194-872-cpg-resolved.bin	tc872_flow3	CWE194_Unexpected_Sign_Extension__negative_memmove_08.c	106	CWE194_Unexpected_Sign_Extension__negative_memmove_08.c	117
/home/swlab-jueon/swvul/tools/java-vuln-detection/slicing/output/CPG/c/cwe194_cpg/cwe194-873-cpg-resolved.bin	tc873_flow1	CWE194_Unexpected_Sign_Extension__negative_memmove_09.c	29	CWE194_Unexpected_Sign_Extension__negative_memmove_09.c	40
/home/swlab-jueon/swvul/tools/java-vuln-detection/slicing/output/CPG/c/cwe194_cpg/cwe194-873-cpg-resolved.bin	tc873_flow2	CWE194_Unexpected_Sign_Extension__negative_memmove_09.c	65	CWE194_Unexpected_Sign_Extension__negative_memmove_09.c	76
/home/swlab-jueon/swvul/tools/java-vuln-detection/slicing/output/CPG/c/cwe194_cpg/cwe194-873-cpg-resolved.bin	tc873_flow3	CWE194_Unexpected_Sign_Extension__negative_memmove_09.c	92	CWE194_Unexpected_Sign_Extension__negative_memmove_09.c	103
/home/swlab-jueon/swvul/tools/java-vuln-detection/slicing/output/CPG/c/cwe194_cpg/cwe194-874-cpg-resolved.bin	tc874_flow1	CWE194_Unexpected_Sign_Extension__negative_memmove_10.c	29	CWE194_Unexpected_Sign_Extension__negative_memmove_10.c	40
/home/swlab-jueon/swvul/tools/java-vuln-detection/slicing/output/CPG/c/cwe194_cpg/cwe194-874-cpg-resolved.bin	tc874_flow2	CWE194_Unexpected_Sign_Extension__negative_memmove_10.c	65	CWE194_Unexpected_Sign_Extension__negative_memmove_10.c	76
/home/swlab-jueon/swvul/tools/java-vuln-detection/slicing/output/CPG/c/cwe194_cpg/cwe194-874-cpg-resolved.bin	tc874_flow3	CWE194_Unexpected_Sign_Extension__negative_memmove_10.c	92	CWE194_Unexpected_Sign_Extension__negative_memmove_10.c	103
/home/swlab-jueon/swvul/tools/java-vuln-detection/slicing/output/CPG/c/cwe194_cpg/cwe194-875-cpg-resolved.bin	tc875_flow1	CWE194_Unexpected_Sign_Extension__negative_memmove_11.c	29	CWE194_Unexpected_Sign_Extension__negative_memmove_11.c	40
/home/swlab-jueon/swvul/tools/java-vuln-detection/slicing/output/CPG/c/cwe194_cpg/cwe194-875-cpg-resolved.bin	tc875_flow2	CWE194_Unexpected_Sign_Extension__negative_memmove_11.c	65	CWE194_Unexpected_Sign_Extension__negative_memmove_11.c	76
/home/swlab-jueon/swvul/tools/java-vuln-detection/slicing/output/CPG/c/cwe194_cpg/cwe194-875-cpg-resolved.bin	tc875_flow3	CWE194_Unexpected_Sign_Extension__negative_memmove_11.c	92	CWE194_Unexpected_Sign_Extension__negative_memmove_11.c	103
/home/swlab-jueon/swvul/tools/java-vuln-detection/slicing/output/CPG/c/cwe194_cpg/cwe194-876-cpg-resolved.bin	tc876_flow1	CWE194_Unexpected_Sign_Extension__negative_memmove_12.c	29	CWE194_Unexpected_Sign_Extension__negative_memmove_12.c	45
/home/swlab-jueon/swvul/tools/java-vuln-detection/slicing/output/CPG/c/cwe194_cpg/cwe194-876-cpg-resolved.bin	tc876_flow2	CWE194_Unexpected_Sign_Extension__negative_memmove_12.c	66	CWE194_Unexpected_Sign_Extension__negative_memmove_12.c	82
/home/swlab-jueon/swvul/tools/java-vuln-detection/slicing/output/CPG/c/cwe194_cpg/cwe194-877-cpg-resolved.bin	tc877_flow1	CWE194_Unexpected_Sign_Extension__negative_memmove_13.c	29	CWE194_Unexpected_Sign_Extension__negative_memmove_13.c	40
/home/swlab-jueon/swvul/tools/java-vuln-detection/slicing/output/CPG/c/cwe194_cpg/cwe194-877-cpg-resolved.bin	tc877_flow2	CWE194_Unexpected_Sign_Extension__negative_memmove_13.c	65	CWE194_Unexpected_Sign_Extension__negative_memmove_13.c	76
/home/swlab-jueon/swvul/tools/java-vuln-detection/slicing/output/CPG/c/cwe194_cpg/cwe194-877-cpg-resolved.bin	tc877_flow3	CWE194_Unexpected_Sign_Extension__negative_memmove_13.c	92	CWE194_Unexpected_Sign_Extension__negative_memmove_13.c	103
/home/swlab-jueon/swvul/tools/java-vuln-detection/slicing/output/CPG/c/cwe194_cpg/cwe194-878-cpg-resolved.bin	tc878_flow1	CWE194_Unexpected_Sign_Extension__negative_memmove_14.c	29	CWE194_Unexpected_Sign_Extension__negative_memmove_14.c	40
/home/swlab-jueon/swvul/tools/java-vuln-detection/slicing/output/CPG/c/cwe194_cpg/cwe194-878-cpg-resolved.bin	tc878_flow2	CWE194_Unexpected_Sign_Extension__negative_memmove_14.c	65	CWE194_Unexpected_Sign_Extension__negative_memmove_14.c	76
/home/swlab-jueon/swvul/tools/java-vuln-detection/slicing/output/CPG/c/cwe194_cpg/cwe194-878-cpg-resolved.bin	tc878_flow3	CWE194_Unexpected_Sign_Extension__negative_memmove_14.c	92	CWE194_Unexpected_Sign_Extension__negative_memmove_14.c	103
/home/swlab-jueon/swvul/tools/java-vuln-detection/slicing/output/CPG/c/cwe194_cpg/cwe194-879-cpg-resolved.bin	tc879_flow1	CWE194_Unexpected_Sign_Extension__negative_memmove_15.c	30	CWE194_Unexpected_Sign_Extension__negative_memmove_15.c	46
/home/swlab-jueon/swvul/tools/java-vuln-detection/slicing/output/CPG/c/cwe194_cpg/cwe194-879-cpg-resolved.bin	tc879_flow2	CWE194_Unexpected_Sign_Extension__negative_memmove_15.c	71	CWE194_Unexpected_Sign_Extension__negative_memmove_15.c	83
/home/swlab-jueon/swvul/tools/java-vuln-detection/slicing/output/CPG/c/cwe194_cpg/cwe194-879-cpg-resolved.bin	tc879_flow3	CWE194_Unexpected_Sign_Extension__negative_memmove_15.c	100	CWE194_Unexpected_Sign_Extension__negative_memmove_15.c	116
/home/swlab-jueon/swvul/tools/java-vuln-detection/slicing/output/CPG/c/cwe194_cpg/cwe194-880-cpg-resolved.bin	tc880_flow1	CWE194_Unexpected_Sign_Extension__negative_memmove_16.c	29	CWE194_Unexpected_Sign_Extension__negative_memmove_16.c	41
/home/swlab-jueon/swvul/tools/java-vuln-detection/slicing/output/CPG/c/cwe194_cpg/cwe194-880-cpg-resolved.bin	tc880_flow2	CWE194_Unexpected_Sign_Extension__negative_memmove_16.c	61	CWE194_Unexpected_Sign_Extension__negative_memmove_16.c	73
/home/swlab-jueon/swvul/tools/java-vuln-detection/slicing/output/CPG/c/cwe194_cpg/cwe194-881-cpg-resolved.bin	tc881_flow1	CWE194_Unexpected_Sign_Extension__negative_memmove_17.c	30	CWE194_Unexpected_Sign_Extension__negative_memmove_17.c	41
/home/swlab-jueon/swvul/tools/java-vuln-detection/slicing/output/CPG/c/cwe194_cpg/cwe194-881-cpg-resolved.bin	tc881_flow2	CWE194_Unexpected_Sign_Extension__negative_memmove_17.c	62	CWE194_Unexpected_Sign_Extension__negative_memmove_17.c	73
/home/swlab-jueon/swvul/tools/java-vuln-detection/slicing/output/CPG/c/cwe194_cpg/cwe194-882-cpg-resolved.bin	tc882_flow1	CWE194_Unexpected_Sign_Extension__negative_memmove_18.c	29	CWE194_Unexpected_Sign_Extension__negative_memmove_18.c	39
/home/swlab-jueon/swvul/tools/java-vuln-detection/slicing/output/CPG/c/cwe194_cpg/cwe194-882-cpg-resolved.bin	tc882_flow2	CWE194_Unexpected_Sign_Extension__negative_memmove_18.c	59	CWE194_Unexpected_Sign_Extension__negative_memmove_18.c	69
/home/swlab-jueon/swvul/tools/java-vuln-detection/slicing/output/CPG/c/cwe194_cpg/cwe194-883-cpg-resolved.bin	tc883_flow1	CWE194_Unexpected_Sign_Extension__negative_memmove_21.c	29	CWE194_Unexpected_Sign_Extension__negative_memmove_21.c	50
/home/swlab-jueon/swvul/tools/java-vuln-detection/slicing/output/CPG/c/cwe194_cpg/cwe194-883-cpg-resolved.bin	tc883_flow2	CWE194_Unexpected_Sign_Extension__negative_memmove_21.c	76	CWE194_Unexpected_Sign_Extension__negative_memmove_21.c	97
/home/swlab-jueon/swvul/tools/java-vuln-detection/slicing/output/CPG/c/cwe194_cpg/cwe194-883-cpg-resolved.bin	tc883_flow3	CWE194_Unexpected_Sign_Extension__negative_memmove_21.c	110	CWE194_Unexpected_Sign_Extension__negative_memmove_21.c	131
/home/swlab-jueon/swvul/tools/java-vuln-detection/slicing/output/CPG/c/cwe194_cpg/cwe194-884-cpg-resolved.bin	tc884_flow1	CWE194_Unexpected_Sign_Extension__negative_memmove_22b.c	29	CWE194_Unexpected_Sign_Extension__negative_memmove_22a.c	42
/home/swlab-jueon/swvul/tools/java-vuln-detection/slicing/output/CPG/c/cwe194_cpg/cwe194-884-cpg-resolved.bin	tc884_flow2	CWE194_Unexpected_Sign_Extension__negative_memmove_22b.c	53	CWE194_Unexpected_Sign_Extension__negative_memmove_22a.c	76
/home/swlab-jueon/swvul/tools/java-vuln-detection/slicing/output/CPG/c/cwe194_cpg/cwe194-884-cpg-resolved.bin	tc884_flow3	CWE194_Unexpected_Sign_Extension__negative_memmove_22b.c	64	CWE194_Unexpected_Sign_Extension__negative_memmove_22a.c	102
/home/swlab-jueon/swvul/tools/java-vuln-detection/slicing/output/CPG/c/cwe194_cpg/cwe194-885-cpg-resolved.bin	tc885_flow1	CWE194_Unexpected_Sign_Extension__negative_memmove_31.c	27	CWE194_Unexpected_Sign_Extension__negative_memmove_31.c	40
/home/swlab-jueon/swvul/tools/java-vuln-detection/slicing/output/CPG/c/cwe194_cpg/cwe194-885-cpg-resolved.bin	tc885_flow2	CWE194_Unexpected_Sign_Extension__negative_memmove_31.c	59	CWE194_Unexpected_Sign_Extension__negative_memmove_31.c	72
/home/swlab-jueon/swvul/tools/java-vuln-detection/slicing/output/CPG/c/cwe194_cpg/cwe194-886-cpg-resolved.bin	tc886_flow1	CWE194_Unexpected_Sign_Extension__negative_memmove_32.c	31	CWE194_Unexpected_Sign_Extension__negative_memmove_32.c	45
/home/swlab-jueon/swvul/tools/java-vuln-detection/slicing/output/CPG/c/cwe194_cpg/cwe194-886-cpg-resolved.bin	tc886_flow2	CWE194_Unexpected_Sign_Extension__negative_memmove_32.c	68	CWE194_Unexpected_Sign_Extension__negative_memmove_32.c	82
/home/swlab-jueon/swvul/tools/java-vuln-detection/slicing/output/CPG/c/cwe194_cpg/cwe194-887-cpg-resolved.bin	tc887_flow1	CWE194_Unexpected_Sign_Extension__negative_memmove_33.cpp	31	CWE194_Unexpected_Sign_Extension__negative_memmove_33.cpp	43
/home/swlab-jueon/swvul/tools/java-vuln-detection/slicing/output/CPG/c/cwe194_cpg/cwe194-887-cpg-resolved.bin	tc887_flow2	CWE194_Unexpected_Sign_Extension__negative_memmove_33.cpp	63	CWE194_Unexpected_Sign_Extension__negative_memmove_33.cpp	75
/home/swlab-jueon/swvul/tools/java-vuln-detection/slicing/output/CPG/c/cwe194_cpg/cwe194-888-cpg-resolved.bin	tc888_flow1	CWE194_Unexpected_Sign_Extension__negative_memmove_34.c	34	CWE194_Unexpected_Sign_Extension__negative_memmove_34.c	47
/home/swlab-jueon/swvul/tools/java-vuln-detection/slicing/output/CPG/c/cwe194_cpg/cwe194-888-cpg-resolved.bin	tc888_flow2	CWE194_Unexpected_Sign_Extension__negative_memmove_34.c	67	CWE194_Unexpected_Sign_Extension__negative_memmove_34.c	80
/home/swlab-jueon/swvul/tools/java-vuln-detection/slicing/output/CPG/c/cwe194_cpg/cwe194-889-cpg-resolved.bin	tc889_flow1	CWE194_Unexpected_Sign_Extension__negative_memmove_41.c	45	CWE194_Unexpected_Sign_Extension__negative_memmove_41.c	32
/home/swlab-jueon/swvul/tools/java-vuln-detection/slicing/output/CPG/c/cwe194_cpg/cwe194-889-cpg-resolved.bin	tc889_flow2	CWE194_Unexpected_Sign_Extension__negative_memmove_41.c	78	CWE194_Unexpected_Sign_Extension__negative_memmove_41.c	64
/home/swlab-jueon/swvul/tools/java-vuln-detection/slicing/output/CPG/c/cwe194_cpg/cwe194-890-cpg-resolved.bin	tc890_flow1	CWE194_Unexpected_Sign_Extension__negative_memmove_42.c	24	CWE194_Unexpected_Sign_Extension__negative_memmove_42.c	43
/home/swlab-jueon/swvul/tools/java-vuln-detection/slicing/output/CPG/c/cwe194_cpg/cwe194-890-cpg-resolved.bin	tc890_flow2	CWE194_Unexpected_Sign_Extension__negative_memmove_42.c	57	CWE194_Unexpected_Sign_Extension__negative_memmove_42.c	77
/home/swlab-jueon/swvul/tools/java-vuln-detection/slicing/output/CPG/c/cwe194_cpg/cwe194-891-cpg-resolved.bin	tc891_flow1	CWE194_Unexpected_Sign_Extension__negative_memmove_43.cpp	27	CWE194_Unexpected_Sign_Extension__negative_memmove_43.cpp	45
/home/swlab-jueon/swvul/tools/java-vuln-detection/slicing/output/CPG/c/cwe194_cpg/cwe194-891-cpg-resolved.bin	tc891_flow2	CWE194_Unexpected_Sign_Extension__negative_memmove_43.cpp	60	CWE194_Unexpected_Sign_Extension__negative_memmove_43.cpp	78
/home/swlab-jueon/swvul/tools/java-vuln-detection/slicing/output/CPG/c/cwe194_cpg/cwe194-892-cpg-resolved.bin	tc892_flow1	CWE194_Unexpected_Sign_Extension__negative_memmove_44.c	47	CWE194_Unexpected_Sign_Extension__negative_memmove_44.c	32
/home/swlab-jueon/swvul/tools/java-vuln-detection/slicing/output/CPG/c/cwe194_cpg/cwe194-892-cpg-resolved.bin	tc892_flow2	CWE194_Unexpected_Sign_Extension__negative_memmove_44.c	82	CWE194_Unexpected_Sign_Extension__negative_memmove_44.c	68
/home/swlab-jueon/swvul/tools/java-vuln-detection/slicing/output/CPG/c/cwe194_cpg/cwe194-893-cpg-resolved.bin	tc893_flow1	CWE194_Unexpected_Sign_Extension__negative_memmove_45.c	49	CWE194_Unexpected_Sign_Extension__negative_memmove_45.c	36
/home/swlab-jueon/swvul/tools/java-vuln-detection/slicing/output/CPG/c/cwe194_cpg/cwe194-893-cpg-resolved.bin	tc893_flow2	CWE194_Unexpected_Sign_Extension__negative_memmove_45.c	84	CWE194_Unexpected_Sign_Extension__negative_memmove_45.c	71
/home/swlab-jueon/swvul/tools/java-vuln-detection/slicing/output/CPG/c/cwe194_cpg/cwe194-894-cpg-resolved.bin	tc894_flow1	CWE194_Unexpected_Sign_Extension__negative_memmove_51a.c	30	CWE194_Unexpected_Sign_Extension__negative_memmove_51b.c	34
/home/swlab-jueon/swvul/tools/java-vuln-detection/slicing/output/CPG/c/cwe194_cpg/cwe194-894-cpg-resolved.bin	tc894_flow2	CWE194_Unexpected_Sign_Extension__negative_memmove_51a.c	48	CWE194_Unexpected_Sign_Extension__negative_memmove_51b.c	57
/home/swlab-jueon/swvul/tools/java-vuln-detection/slicing/output/CPG/c/cwe194_cpg/cwe194-895-cpg-resolved.bin	tc895_flow1	CWE194_Unexpected_Sign_Extension__negative_memmove_52a.c	30	CWE194_Unexpected_Sign_Extension__negative_memmove_52c.c	34
/home/swlab-jueon/swvul/tools/java-vuln-detection/slicing/output/CPG/c/cwe194_cpg/cwe194-895-cpg-resolved.bin	tc895_flow2	CWE194_Unexpected_Sign_Extension__negative_memmove_52a.c	48	CWE194_Unexpected_Sign_Extension__negative_memmove_52c.c	57
/home/swlab-jueon/swvul/tools/java-vuln-detection/slicing/output/CPG/c/cwe194_cpg/cwe194-896-cpg-resolved.bin	tc896_flow1	CWE194_Unexpected_Sign_Extension__negative_memmove_53a.c	30	CWE194_Unexpected_Sign_Extension__negative_memmove_53d.c	34
/home/swlab-jueon/swvul/tools/java-vuln-detection/slicing/output/CPG/c/cwe194_cpg/cwe194-896-cpg-resolved.bin	tc896_flow2	CWE194_Unexpected_Sign_Extension__negative_memmove_53a.c	48	CWE194_Unexpected_Sign_Extension__negative_memmove_53d.c	57
/home/swlab-jueon/swvul/tools/java-vuln-detection/slicing/output/CPG/c/cwe194_cpg/cwe194-897-cpg-resolved.bin	tc897_flow1	CWE194_Unexpected_Sign_Extension__negative_memmove_54a.c	30	CWE194_Unexpected_Sign_Extension__negative_memmove_54e.c	34
/home/swlab-jueon/swvul/tools/java-vuln-detection/slicing/output/CPG/c/cwe194_cpg/cwe194-897-cpg-resolved.bin	tc897_flow2	CWE194_Unexpected_Sign_Extension__negative_memmove_54a.c	48	CWE194_Unexpected_Sign_Extension__negative_memmove_54e.c	57
/home/swlab-jueon/swvul/tools/java-vuln-detection/slicing/output/CPG/c/cwe194_cpg/cwe194-898-cpg-resolved.bin	tc898_flow1	CWE194_Unexpected_Sign_Extension__negative_memmove_61b.c	24	CWE194_Unexpected_Sign_Extension__negative_memmove_61a.c	39
/home/swlab-jueon/swvul/tools/java-vuln-detection/slicing/output/CPG/c/cwe194_cpg/cwe194-898-cpg-resolved.bin	tc898_flow2	CWE194_Unexpected_Sign_Extension__negative_memmove_61b.c	36	CWE194_Unexpected_Sign_Extension__negative_memmove_61a.c	68
/home/swlab-jueon/swvul/tools/java-vuln-detection/slicing/output/CPG/c/cwe194_cpg/cwe194-899-cpg-resolved.bin	tc899_flow1	CWE194_Unexpected_Sign_Extension__negative_memmove_62b.cpp	27	CWE194_Unexpected_Sign_Extension__negative_memmove_62a.cpp	42
/home/swlab-jueon/swvul/tools/java-vuln-detection/slicing/output/CPG/c/cwe194_cpg/cwe194-899-cpg-resolved.bin	tc899_flow2	CWE194_Unexpected_Sign_Extension__negative_memmove_62b.cpp	38	CWE194_Unexpected_Sign_Extension__negative_memmove_62a.cpp	71
/home/swlab-jueon/swvul/tools/java-vuln-detection/slicing/output/CPG/c/cwe194_cpg/cwe194-900-cpg-resolved.bin	tc900_flow1	CWE194_Unexpected_Sign_Extension__negative_memmove_63a.c	30	CWE194_Unexpected_Sign_Extension__negative_memmove_63b.c	33
/home/swlab-jueon/swvul/tools/java-vuln-detection/slicing/output/CPG/c/cwe194_cpg/cwe194-900-cpg-resolved.bin	tc900_flow2	CWE194_Unexpected_Sign_Extension__negative_memmove_63a.c	47	CWE194_Unexpected_Sign_Extension__negative_memmove_63b.c	57
/home/swlab-jueon/swvul/tools/java-vuln-detection/slicing/output/CPG/c/cwe194_cpg/cwe194-901-cpg-resolved.bin	tc901_flow1	CWE194_Unexpected_Sign_Extension__negative_memmove_64a.c	30	CWE194_Unexpected_Sign_Extension__negative_memmove_64b.c	36
/home/swlab-jueon/swvul/tools/java-vuln-detection/slicing/output/CPG/c/cwe194_cpg/cwe194-901-cpg-resolved.bin	tc901_flow2	CWE194_Unexpected_Sign_Extension__negative_memmove_64a.c	47	CWE194_Unexpected_Sign_Extension__negative_memmove_64b.c	63
/home/swlab-jueon/swvul/tools/java-vuln-detection/slicing/output/CPG/c/cwe194_cpg/cwe194-902-cpg-resolved.bin	tc902_flow1	CWE194_Unexpected_Sign_Extension__negative_memmove_65a.c	32	CWE194_Unexpected_Sign_Extension__negative_memmove_65b.c	32
/home/swlab-jueon/swvul/tools/java-vuln-detection/slicing/output/CPG/c/cwe194_cpg/cwe194-902-cpg-resolved.bin	tc902_flow2	CWE194_Unexpected_Sign_Extension__negative_memmove_65a.c	51	CWE194_Unexpected_Sign_Extension__negative_memmove_65b.c	55
/home/swlab-jueon/swvul/tools/java-vuln-detection/slicing/output/CPG/c/cwe194_cpg/cwe194-903-cpg-resolved.bin	tc903_flow1	CWE194_Unexpected_Sign_Extension__negative_memmove_66a.c	31	CWE194_Unexpected_Sign_Extension__negative_memmove_66b.c	34
/home/swlab-jueon/swvul/tools/java-vuln-detection/slicing/output/CPG/c/cwe194_cpg/cwe194-903-cpg-resolved.bin	tc903_flow2	CWE194_Unexpected_Sign_Extension__negative_memmove_66a.c	51	CWE194_Unexpected_Sign_Extension__negative_memmove_66b.c	58
/home/swlab-jueon/swvul/tools/java-vuln-detection/slicing/output/CPG/c/cwe194_cpg/cwe194-904-cpg-resolved.bin	tc904_flow1	CWE194_Unexpected_Sign_Extension__negative_memmove_67a.c	36	CWE194_Unexpected_Sign_Extension__negative_memmove_67b.c	38
/home/swlab-jueon/swvul/tools/java-vuln-detection/slicing/output/CPG/c/cwe194_cpg/cwe194-904-cpg-resolved.bin	tc904_flow2	CWE194_Unexpected_Sign_Extension__negative_memmove_67a.c	55	CWE194_Unexpected_Sign_Extension__negative_memmove_67b.c	62
/home/swlab-jueon/swvul/tools/java-vuln-detection/slicing/output/CPG/c/cwe194_cpg/cwe194-905-cpg-resolved.bin	tc905_flow1	CWE194_Unexpected_Sign_Extension__negative_memmove_68a.c	33	CWE194_Unexpected_Sign_Extension__negative_memmove_68b.c	38
/home/swlab-jueon/swvul/tools/java-vuln-detection/slicing/output/CPG/c/cwe194_cpg/cwe194-905-cpg-resolved.bin	tc905_flow2	CWE194_Unexpected_Sign_Extension__negative_memmove_68a.c	52	CWE194_Unexpected_Sign_Extension__negative_memmove_68b.c	62
/home/swlab-jueon/swvul/tools/java-vuln-detection/slicing/output/CPG/c/cwe194_cpg/cwe194-906-cpg-resolved.bin	tc906_flow1	CWE194_Unexpected_Sign_Extension__negative_memmove_72a.cpp	37	CWE194_Unexpected_Sign_Extension__negative_memmove_72b.cpp	40
/home/swlab-jueon/swvul/tools/java-vuln-detection/slicing/output/CPG/c/cwe194_cpg/cwe194-906-cpg-resolved.bin	tc906_flow2	CWE194_Unexpected_Sign_Extension__negative_memmove_72a.cpp	61	CWE194_Unexpected_Sign_Extension__negative_memmove_72b.cpp	64
/home/swlab-jueon/swvul/tools/java-vuln-detection/slicing/output/CPG/c/cwe194_cpg/cwe194-907-cpg-resolved.bin	tc907_flow1	CWE194_Unexpected_Sign_Extension__negative_memmove_73a.cpp	37	CWE194_Unexpected_Sign_Extension__negative_memmove_73b.cpp	40
/home/swlab-jueon/swvul/tools/java-vuln-detection/slicing/output/CPG/c/cwe194_cpg/cwe194-907-cpg-resolved.bin	tc907_flow2	CWE194_Unexpected_Sign_Extension__negative_memmove_73a.cpp	61	CWE194_Unexpected_Sign_Extension__negative_memmove_73b.cpp	64
/home/swlab-jueon/swvul/tools/java-vuln-detection/slicing/output/CPG/c/cwe194_cpg/cwe194-908-cpg-resolved.bin	tc908_flow1	CWE194_Unexpected_Sign_Extension__negative_memmove_74a.cpp	37	CWE194_Unexpected_Sign_Extension__negative_memmove_74b.cpp	40
/home/swlab-jueon/swvul/tools/java-vuln-detection/slicing/output/CPG/c/cwe194_cpg/cwe194-908-cpg-resolved.bin	tc908_flow2	CWE194_Unexpected_Sign_Extension__negative_memmove_74a.cpp	61	CWE194_Unexpected_Sign_Extension__negative_memmove_74b.cpp	64
/home/swlab-jueon/swvul/tools/java-vuln-detection/slicing/output/CPG/c/cwe194_cpg/cwe194-909-cpg-resolved.bin	tc909_flow1	CWE194_Unexpected_Sign_Extension__negative_memmove_81a.cpp	31	CWE194_Unexpected_Sign_Extension__negative_memmove_81_bad.cpp	35
/home/swlab-jueon/swvul/tools/java-vuln-detection/slicing/output/CPG/c/cwe194_cpg/cwe194-909-cpg-resolved.bin	tc909_flow2	CWE194_Unexpected_Sign_Extension__negative_memmove_81a.cpp	47	CWE194_Unexpected_Sign_Extension__negative_memmove_81_goodG2B.cpp	35
/home/swlab-jueon/swvul/tools/java-vuln-detection/slicing/output/CPG/c/cwe194_cpg/cwe194-910-cpg-resolved.bin	tc910_flow1	CWE194_Unexpected_Sign_Extension__negative_memmove_82a.cpp	31	CWE194_Unexpected_Sign_Extension__negative_memmove_82_bad.cpp	35
/home/swlab-jueon/swvul/tools/java-vuln-detection/slicing/output/CPG/c/cwe194_cpg/cwe194-910-cpg-resolved.bin	tc910_flow2	CWE194_Unexpected_Sign_Extension__negative_memmove_82a.cpp	48	CWE194_Unexpected_Sign_Extension__negative_memmove_82_goodG2B.cpp	35
/home/swlab-jueon/swvul/tools/java-vuln-detection/slicing/output/CPG/c/cwe194_cpg/cwe194-911-cpg-resolved.bin	tc911_flow1	CWE194_Unexpected_Sign_Extension__negative_memmove_83_bad.cpp	27	CWE194_Unexpected_Sign_Extension__negative_memmove_83_bad.cpp	41
/home/swlab-jueon/swvul/tools/java-vuln-detection/slicing/output/CPG/c/cwe194_cpg/cwe194-911-cpg-resolved.bin	tc911_flow2	CWE194_Unexpected_Sign_Extension__negative_memmove_83_goodG2B.cpp	27	CWE194_Unexpected_Sign_Extension__negative_memmove_83_goodG2B.cpp	41
/home/swlab-jueon/swvul/tools/java-vuln-detection/slicing/output/CPG/c/cwe194_cpg/cwe194-912-cpg-resolved.bin	tc912_flow1	CWE194_Unexpected_Sign_Extension__negative_memmove_84_bad.cpp	27	CWE194_Unexpected_Sign_Extension__negative_memmove_84_bad.cpp	41
/home/swlab-jueon/swvul/tools/java-vuln-detection/slicing/output/CPG/c/cwe194_cpg/cwe194-912-cpg-resolved.bin	tc912_flow2	CWE194_Unexpected_Sign_Extension__negative_memmove_84_goodG2B.cpp	27	CWE194_Unexpected_Sign_Extension__negative_memmove_84_goodG2B.cpp	41
/home/swlab-jueon/swvul/tools/java-vuln-detection/slicing/output/CPG/c/cwe194_cpg/cwe194-913-cpg-resolved.bin	tc913_flow1	CWE194_Unexpected_Sign_Extension__negative_strncpy_01.c	27	CWE194_Unexpected_Sign_Extension__negative_strncpy_01.c	37
/home/swlab-jueon/swvul/tools/java-vuln-detection/slicing/output/CPG/c/cwe194_cpg/cwe194-913-cpg-resolved.bin	tc913_flow2	CWE194_Unexpected_Sign_Extension__negative_strncpy_01.c	55	CWE194_Unexpected_Sign_Extension__negative_strncpy_01.c	65
/home/swlab-jueon/swvul/tools/java-vuln-detection/slicing/output/CPG/c/cwe194_cpg/cwe194-914-cpg-resolved.bin	tc914_flow1	CWE194_Unexpected_Sign_Extension__negative_strncpy_02.c	29	CWE194_Unexpected_Sign_Extension__negative_strncpy_02.c	40
/home/swlab-jueon/swvul/tools/java-vuln-detection/slicing/output/CPG/c/cwe194_cpg/cwe194-914-cpg-resolved.bin	tc914_flow2	CWE194_Unexpected_Sign_Extension__negative_strncpy_02.c	65	CWE194_Unexpected_Sign_Extension__negative_strncpy_02.c	76
/home/swlab-jueon/swvul/tools/java-vuln-detection/slicing/output/CPG/c/cwe194_cpg/cwe194-914-cpg-resolved.bin	tc914_flow3	CWE194_Unexpected_Sign_Extension__negative_strncpy_02.c	92	CWE194_Unexpected_Sign_Extension__negative_strncpy_02.c	103
/home/swlab-jueon/swvul/tools/java-vuln-detection/slicing/output/CPG/c/cwe194_cpg/cwe194-915-cpg-resolved.bin	tc915_flow1	CWE194_Unexpected_Sign_Extension__negative_strncpy_03.c	29	CWE194_Unexpected_Sign_Extension__negative_strncpy_03.c	40
/home/swlab-jueon/swvul/tools/java-vuln-detection/slicing/output/CPG/c/cwe194_cpg/cwe194-915-cpg-resolved.bin	tc915_flow2	CWE194_Unexpected_Sign_Extension__negative_strncpy_03.c	65	CWE194_Unexpected_Sign_Extension__negative_strncpy_03.c	76
/home/swlab-jueon/swvul/tools/java-vuln-detection/slicing/output/CPG/c/cwe194_cpg/cwe194-915-cpg-resolved.bin	tc915_flow3	CWE194_Unexpected_Sign_Extension__negative_strncpy_03.c	92	CWE194_Unexpected_Sign_Extension__negative_strncpy_03.c	103
/home/swlab-jueon/swvul/tools/java-vuln-detection/slicing/output/CPG/c/cwe194_cpg/cwe194-916-cpg-resolved.bin	tc916_flow1	CWE194_Unexpected_Sign_Extension__negative_strncpy_04.c	36	CWE194_Unexpected_Sign_Extension__negative_strncpy_04.c	47
/home/swlab-jueon/swvul/tools/java-vuln-detection/slicing/output/CPG/c/cwe194_cpg/cwe194-916-cpg-resolved.bin	tc916_flow2	CWE194_Unexpected_Sign_Extension__negative_strncpy_04.c	72	CWE194_Unexpected_Sign_Extension__negative_strncpy_04.c	83
/home/swlab-jueon/swvul/tools/java-vuln-detection/slicing/output/CPG/c/cwe194_cpg/cwe194-916-cpg-resolved.bin	tc916_flow3	CWE194_Unexpected_Sign_Extension__negative_strncpy_04.c	99	CWE194_Unexpected_Sign_Extension__negative_strncpy_04.c	110
/home/swlab-jueon/swvul/tools/java-vuln-detection/slicing/output/CPG/c/cwe194_cpg/cwe194-917-cpg-resolved.bin	tc917_flow1	CWE194_Unexpected_Sign_Extension__negative_strncpy_05.c	36	CWE194_Unexpected_Sign_Extension__negative_strncpy_05.c	47
/home/swlab-jueon/swvul/tools/java-vuln-detection/slicing/output/CPG/c/cwe194_cpg/cwe194-917-cpg-resolved.bin	tc917_flow2	CWE194_Unexpected_Sign_Extension__negative_strncpy_05.c	72	CWE194_Unexpected_Sign_Extension__negative_strncpy_05.c	83
/home/swlab-jueon/swvul/tools/java-vuln-detection/slicing/output/CPG/c/cwe194_cpg/cwe194-917-cpg-resolved.bin	tc917_flow3	CWE194_Unexpected_Sign_Extension__negative_strncpy_05.c	99	CWE194_Unexpected_Sign_Extension__negative_strncpy_05.c	110
/home/swlab-jueon/swvul/tools/java-vuln-detection/slicing/output/CPG/c/cwe194_cpg/cwe194-918-cpg-resolved.bin	tc918_flow1	CWE194_Unexpected_Sign_Extension__negative_strncpy_06.c	33	CWE194_Unexpected_Sign_Extension__negative_strncpy_06.c	44
/home/swlab-jueon/swvul/tools/java-vuln-detection/slicing/output/CPG/c/cwe194_cpg/cwe194-918-cpg-resolved.bin	tc918_flow2	CWE194_Unexpected_Sign_Extension__negative_strncpy_06.c	69	CWE194_Unexpected_Sign_Extension__negative_strncpy_06.c	80
/home/swlab-jueon/swvul/tools/java-vuln-detection/slicing/output/CPG/c/cwe194_cpg/cwe194-918-cpg-resolved.bin	tc918_flow3	CWE194_Unexpected_Sign_Extension__negative_strncpy_06.c	96	CWE194_Unexpected_Sign_Extension__negative_strncpy_06.c	107
/home/swlab-jueon/swvul/tools/java-vuln-detection/slicing/output/CPG/c/cwe194_cpg/cwe194-919-cpg-resolved.bin	tc919_flow1	CWE194_Unexpected_Sign_Extension__negative_strncpy_07.c	35	CWE194_Unexpected_Sign_Extension__negative_strncpy_07.c	46
/home/swlab-jueon/swvul/tools/java-vuln-detection/slicing/output/CPG/c/cwe194_cpg/cwe194-919-cpg-resolved.bin	tc919_flow2	CWE194_Unexpected_Sign_Extension__negative_strncpy_07.c	71	CWE194_Unexpected_Sign_Extension__negative_strncpy_07.c	82
/home/swlab-jueon/swvul/tools/java-vuln-detection/slicing/output/CPG/c/cwe194_cpg/cwe194-919-cpg-resolved.bin	tc919_flow3	CWE194_Unexpected_Sign_Extension__negative_strncpy_07.c	98	CWE194_Unexpected_Sign_Extension__negative_strncpy_07.c	109
/home/swlab-jueon/swvul/tools/java-vuln-detection/slicing/output/CPG/c/cwe194_cpg/cwe194-920-cpg-resolved.bin	tc920_flow1	CWE194_Unexpected_Sign_Extension__negative_strncpy_08.c	43	CWE194_Unexpected_Sign_Extension__negative_strncpy_08.c	54
/home/swlab-jueon/swvul/tools/java-vuln-detection/slicing/output/CPG/c/cwe194_cpg/cwe194-920-cpg-resolved.bin	tc920_flow2	CWE194_Unexpected_Sign_Extension__negative_strncpy_08.c	79	CWE194_Unexpected_Sign_Extension__negative_strncpy_08.c	90
/home/swlab-jueon/swvul/tools/java-vuln-detection/slicing/output/CPG/c/cwe194_cpg/cwe194-920-cpg-resolved.bin	tc920_flow3	CWE194_Unexpected_Sign_Extension__negative_strncpy_08.c	106	CWE194_Unexpected_Sign_Extension__negative_strncpy_08.c	117
/home/swlab-jueon/swvul/tools/java-vuln-detection/slicing/output/CPG/c/cwe194_cpg/cwe194-921-cpg-resolved.bin	tc921_flow1	CWE194_Unexpected_Sign_Extension__negative_strncpy_09.c	29	CWE194_Unexpected_Sign_Extension__negative_strncpy_09.c	40
/home/swlab-jueon/swvul/tools/java-vuln-detection/slicing/output/CPG/c/cwe194_cpg/cwe194-921-cpg-resolved.bin	tc921_flow2	CWE194_Unexpected_Sign_Extension__negative_strncpy_09.c	65	CWE194_Unexpected_Sign_Extension__negative_strncpy_09.c	76
/home/swlab-jueon/swvul/tools/java-vuln-detection/slicing/output/CPG/c/cwe194_cpg/cwe194-921-cpg-resolved.bin	tc921_flow3	CWE194_Unexpected_Sign_Extension__negative_strncpy_09.c	92	CWE194_Unexpected_Sign_Extension__negative_strncpy_09.c	103
/home/swlab-jueon/swvul/tools/java-vuln-detection/slicing/output/CPG/c/cwe194_cpg/cwe194-922-cpg-resolved.bin	tc922_flow1	CWE194_Unexpected_Sign_Extension__negative_strncpy_10.c	29	CWE194_Unexpected_Sign_Extension__negative_strncpy_10.c	40
/home/swlab-jueon/swvul/tools/java-vuln-detection/slicing/output/CPG/c/cwe194_cpg/cwe194-922-cpg-resolved.bin	tc922_flow2	CWE194_Unexpected_Sign_Extension__negative_strncpy_10.c	65	CWE194_Unexpected_Sign_Extension__negative_strncpy_10.c	76
/home/swlab-jueon/swvul/tools/java-vuln-detection/slicing/output/CPG/c/cwe194_cpg/cwe194-922-cpg-resolved.bin	tc922_flow3	CWE194_Unexpected_Sign_Extension__negative_strncpy_10.c	92	CWE194_Unexpected_Sign_Extension__negative_strncpy_10.c	103
/home/swlab-jueon/swvul/tools/java-vuln-detection/slicing/output/CPG/c/cwe194_cpg/cwe194-923-cpg-resolved.bin	tc923_flow1	CWE194_Unexpected_Sign_Extension__negative_strncpy_11.c	29	CWE194_Unexpected_Sign_Extension__negative_strncpy_11.c	40
/home/swlab-jueon/swvul/tools/java-vuln-detection/slicing/output/CPG/c/cwe194_cpg/cwe194-923-cpg-resolved.bin	tc923_flow2	CWE194_Unexpected_Sign_Extension__negative_strncpy_11.c	65	CWE194_Unexpected_Sign_Extension__negative_strncpy_11.c	76
/home/swlab-jueon/swvul/tools/java-vuln-detection/slicing/output/CPG/c/cwe194_cpg/cwe194-923-cpg-resolved.bin	tc923_flow3	CWE194_Unexpected_Sign_Extension__negative_strncpy_11.c	92	CWE194_Unexpected_Sign_Extension__negative_strncpy_11.c	103
/home/swlab-jueon/swvul/tools/java-vuln-detection/slicing/output/CPG/c/cwe194_cpg/cwe194-924-cpg-resolved.bin	tc924_flow1	CWE194_Unexpected_Sign_Extension__negative_strncpy_12.c	29	CWE194_Unexpected_Sign_Extension__negative_strncpy_12.c	45
/home/swlab-jueon/swvul/tools/java-vuln-detection/slicing/output/CPG/c/cwe194_cpg/cwe194-924-cpg-resolved.bin	tc924_flow2	CWE194_Unexpected_Sign_Extension__negative_strncpy_12.c	66	CWE194_Unexpected_Sign_Extension__negative_strncpy_12.c	82
/home/swlab-jueon/swvul/tools/java-vuln-detection/slicing/output/CPG/c/cwe194_cpg/cwe194-925-cpg-resolved.bin	tc925_flow1	CWE194_Unexpected_Sign_Extension__negative_strncpy_13.c	29	CWE194_Unexpected_Sign_Extension__negative_strncpy_13.c	40
/home/swlab-jueon/swvul/tools/java-vuln-detection/slicing/output/CPG/c/cwe194_cpg/cwe194-925-cpg-resolved.bin	tc925_flow2	CWE194_Unexpected_Sign_Extension__negative_strncpy_13.c	65	CWE194_Unexpected_Sign_Extension__negative_strncpy_13.c	76
/home/swlab-jueon/swvul/tools/java-vuln-detection/slicing/output/CPG/c/cwe194_cpg/cwe194-925-cpg-resolved.bin	tc925_flow3	CWE194_Unexpected_Sign_Extension__negative_strncpy_13.c	92	CWE194_Unexpected_Sign_Extension__negative_strncpy_13.c	103
/home/swlab-jueon/swvul/tools/java-vuln-detection/slicing/output/CPG/c/cwe194_cpg/cwe194-926-cpg-resolved.bin	tc926_flow1	CWE194_Unexpected_Sign_Extension__negative_strncpy_14.c	29	CWE194_Unexpected_Sign_Extension__negative_strncpy_14.c	40
/home/swlab-jueon/swvul/tools/java-vuln-detection/slicing/output/CPG/c/cwe194_cpg/cwe194-926-cpg-resolved.bin	tc926_flow2	CWE194_Unexpected_Sign_Extension__negative_strncpy_14.c	65	CWE194_Unexpected_Sign_Extension__negative_strncpy_14.c	76
/home/swlab-jueon/swvul/tools/java-vuln-detection/slicing/output/CPG/c/cwe194_cpg/cwe194-926-cpg-resolved.bin	tc926_flow3	CWE194_Unexpected_Sign_Extension__negative_strncpy_14.c	92	CWE194_Unexpected_Sign_Extension__negative_strncpy_14.c	103
/home/swlab-jueon/swvul/tools/java-vuln-detection/slicing/output/CPG/c/cwe194_cpg/cwe194-927-cpg-resolved.bin	tc927_flow1	CWE194_Unexpected_Sign_Extension__negative_strncpy_15.c	30	CWE194_Unexpected_Sign_Extension__negative_strncpy_15.c	46
/home/swlab-jueon/swvul/tools/java-vuln-detection/slicing/output/CPG/c/cwe194_cpg/cwe194-927-cpg-resolved.bin	tc927_flow2	CWE194_Unexpected_Sign_Extension__negative_strncpy_15.c	71	CWE194_Unexpected_Sign_Extension__negative_strncpy_15.c	83
/home/swlab-jueon/swvul/tools/java-vuln-detection/slicing/output/CPG/c/cwe194_cpg/cwe194-927-cpg-resolved.bin	tc927_flow3	CWE194_Unexpected_Sign_Extension__negative_strncpy_15.c	100	CWE194_Unexpected_Sign_Extension__negative_strncpy_15.c	116
/home/swlab-jueon/swvul/tools/java-vuln-detection/slicing/output/CPG/c/cwe194_cpg/cwe194-928-cpg-resolved.bin	tc928_flow1	CWE194_Unexpected_Sign_Extension__negative_strncpy_16.c	29	CWE194_Unexpected_Sign_Extension__negative_strncpy_16.c	41
/home/swlab-jueon/swvul/tools/java-vuln-detection/slicing/output/CPG/c/cwe194_cpg/cwe194-928-cpg-resolved.bin	tc928_flow2	CWE194_Unexpected_Sign_Extension__negative_strncpy_16.c	61	CWE194_Unexpected_Sign_Extension__negative_strncpy_16.c	73
/home/swlab-jueon/swvul/tools/java-vuln-detection/slicing/output/CPG/c/cwe194_cpg/cwe194-929-cpg-resolved.bin	tc929_flow1	CWE194_Unexpected_Sign_Extension__negative_strncpy_17.c	30	CWE194_Unexpected_Sign_Extension__negative_strncpy_17.c	41
/home/swlab-jueon/swvul/tools/java-vuln-detection/slicing/output/CPG/c/cwe194_cpg/cwe194-929-cpg-resolved.bin	tc929_flow2	CWE194_Unexpected_Sign_Extension__negative_strncpy_17.c	62	CWE194_Unexpected_Sign_Extension__negative_strncpy_17.c	73
/home/swlab-jueon/swvul/tools/java-vuln-detection/slicing/output/CPG/c/cwe194_cpg/cwe194-930-cpg-resolved.bin	tc930_flow1	CWE194_Unexpected_Sign_Extension__negative_strncpy_18.c	29	CWE194_Unexpected_Sign_Extension__negative_strncpy_18.c	39
/home/swlab-jueon/swvul/tools/java-vuln-detection/slicing/output/CPG/c/cwe194_cpg/cwe194-930-cpg-resolved.bin	tc930_flow2	CWE194_Unexpected_Sign_Extension__negative_strncpy_18.c	59	CWE194_Unexpected_Sign_Extension__negative_strncpy_18.c	69
/home/swlab-jueon/swvul/tools/java-vuln-detection/slicing/output/CPG/c/cwe194_cpg/cwe194-931-cpg-resolved.bin	tc931_flow1	CWE194_Unexpected_Sign_Extension__negative_strncpy_21.c	29	CWE194_Unexpected_Sign_Extension__negative_strncpy_21.c	50
/home/swlab-jueon/swvul/tools/java-vuln-detection/slicing/output/CPG/c/cwe194_cpg/cwe194-931-cpg-resolved.bin	tc931_flow2	CWE194_Unexpected_Sign_Extension__negative_strncpy_21.c	76	CWE194_Unexpected_Sign_Extension__negative_strncpy_21.c	97
/home/swlab-jueon/swvul/tools/java-vuln-detection/slicing/output/CPG/c/cwe194_cpg/cwe194-931-cpg-resolved.bin	tc931_flow3	CWE194_Unexpected_Sign_Extension__negative_strncpy_21.c	110	CWE194_Unexpected_Sign_Extension__negative_strncpy_21.c	131
/home/swlab-jueon/swvul/tools/java-vuln-detection/slicing/output/CPG/c/cwe194_cpg/cwe194-932-cpg-resolved.bin	tc932_flow1	CWE194_Unexpected_Sign_Extension__negative_strncpy_22b.c	29	CWE194_Unexpected_Sign_Extension__negative_strncpy_22a.c	42
/home/swlab-jueon/swvul/tools/java-vuln-detection/slicing/output/CPG/c/cwe194_cpg/cwe194-932-cpg-resolved.bin	tc932_flow2	CWE194_Unexpected_Sign_Extension__negative_strncpy_22b.c	53	CWE194_Unexpected_Sign_Extension__negative_strncpy_22a.c	76
/home/swlab-jueon/swvul/tools/java-vuln-detection/slicing/output/CPG/c/cwe194_cpg/cwe194-932-cpg-resolved.bin	tc932_flow3	CWE194_Unexpected_Sign_Extension__negative_strncpy_22b.c	64	CWE194_Unexpected_Sign_Extension__negative_strncpy_22a.c	102
/home/swlab-jueon/swvul/tools/java-vuln-detection/slicing/output/CPG/c/cwe194_cpg/cwe194-933-cpg-resolved.bin	tc933_flow1	CWE194_Unexpected_Sign_Extension__negative_strncpy_31.c	27	CWE194_Unexpected_Sign_Extension__negative_strncpy_31.c	40
/home/swlab-jueon/swvul/tools/java-vuln-detection/slicing/output/CPG/c/cwe194_cpg/cwe194-933-cpg-resolved.bin	tc933_flow2	CWE194_Unexpected_Sign_Extension__negative_strncpy_31.c	59	CWE194_Unexpected_Sign_Extension__negative_strncpy_31.c	72
/home/swlab-jueon/swvul/tools/java-vuln-detection/slicing/output/CPG/c/cwe194_cpg/cwe194-934-cpg-resolved.bin	tc934_flow1	CWE194_Unexpected_Sign_Extension__negative_strncpy_32.c	31	CWE194_Unexpected_Sign_Extension__negative_strncpy_32.c	45
/home/swlab-jueon/swvul/tools/java-vuln-detection/slicing/output/CPG/c/cwe194_cpg/cwe194-934-cpg-resolved.bin	tc934_flow2	CWE194_Unexpected_Sign_Extension__negative_strncpy_32.c	68	CWE194_Unexpected_Sign_Extension__negative_strncpy_32.c	82
/home/swlab-jueon/swvul/tools/java-vuln-detection/slicing/output/CPG/c/cwe194_cpg/cwe194-935-cpg-resolved.bin	tc935_flow1	CWE194_Unexpected_Sign_Extension__negative_strncpy_33.cpp	31	CWE194_Unexpected_Sign_Extension__negative_strncpy_33.cpp	43
/home/swlab-jueon/swvul/tools/java-vuln-detection/slicing/output/CPG/c/cwe194_cpg/cwe194-935-cpg-resolved.bin	tc935_flow2	CWE194_Unexpected_Sign_Extension__negative_strncpy_33.cpp	63	CWE194_Unexpected_Sign_Extension__negative_strncpy_33.cpp	75
/home/swlab-jueon/swvul/tools/java-vuln-detection/slicing/output/CPG/c/cwe194_cpg/cwe194-936-cpg-resolved.bin	tc936_flow1	CWE194_Unexpected_Sign_Extension__negative_strncpy_34.c	34	CWE194_Unexpected_Sign_Extension__negative_strncpy_34.c	47
/home/swlab-jueon/swvul/tools/java-vuln-detection/slicing/output/CPG/c/cwe194_cpg/cwe194-936-cpg-resolved.bin	tc936_flow2	CWE194_Unexpected_Sign_Extension__negative_strncpy_34.c	67	CWE194_Unexpected_Sign_Extension__negative_strncpy_34.c	80
/home/swlab-jueon/swvul/tools/java-vuln-detection/slicing/output/CPG/c/cwe194_cpg/cwe194-937-cpg-resolved.bin	tc937_flow1	CWE194_Unexpected_Sign_Extension__negative_strncpy_41.c	45	CWE194_Unexpected_Sign_Extension__negative_strncpy_41.c	32
/home/swlab-jueon/swvul/tools/java-vuln-detection/slicing/output/CPG/c/cwe194_cpg/cwe194-937-cpg-resolved.bin	tc937_flow2	CWE194_Unexpected_Sign_Extension__negative_strncpy_41.c	78	CWE194_Unexpected_Sign_Extension__negative_strncpy_41.c	64
/home/swlab-jueon/swvul/tools/java-vuln-detection/slicing/output/CPG/c/cwe194_cpg/cwe194-938-cpg-resolved.bin	tc938_flow1	CWE194_Unexpected_Sign_Extension__negative_strncpy_42.c	24	CWE194_Unexpected_Sign_Extension__negative_strncpy_42.c	43
/home/swlab-jueon/swvul/tools/java-vuln-detection/slicing/output/CPG/c/cwe194_cpg/cwe194-938-cpg-resolved.bin	tc938_flow2	CWE194_Unexpected_Sign_Extension__negative_strncpy_42.c	57	CWE194_Unexpected_Sign_Extension__negative_strncpy_42.c	77
/home/swlab-jueon/swvul/tools/java-vuln-detection/slicing/output/CPG/c/cwe194_cpg/cwe194-939-cpg-resolved.bin	tc939_flow1	CWE194_Unexpected_Sign_Extension__negative_strncpy_43.cpp	27	CWE194_Unexpected_Sign_Extension__negative_strncpy_43.cpp	45
/home/swlab-jueon/swvul/tools/java-vuln-detection/slicing/output/CPG/c/cwe194_cpg/cwe194-939-cpg-resolved.bin	tc939_flow2	CWE194_Unexpected_Sign_Extension__negative_strncpy_43.cpp	60	CWE194_Unexpected_Sign_Extension__negative_strncpy_43.cpp	78
/home/swlab-jueon/swvul/tools/java-vuln-detection/slicing/output/CPG/c/cwe194_cpg/cwe194-940-cpg-resolved.bin	tc940_flow1	CWE194_Unexpected_Sign_Extension__negative_strncpy_44.c	47	CWE194_Unexpected_Sign_Extension__negative_strncpy_44.c	32
/home/swlab-jueon/swvul/tools/java-vuln-detection/slicing/output/CPG/c/cwe194_cpg/cwe194-940-cpg-resolved.bin	tc940_flow2	CWE194_Unexpected_Sign_Extension__negative_strncpy_44.c	82	CWE194_Unexpected_Sign_Extension__negative_strncpy_44.c	68
/home/swlab-jueon/swvul/tools/java-vuln-detection/slicing/output/CPG/c/cwe194_cpg/cwe194-941-cpg-resolved.bin	tc941_flow1	CWE194_Unexpected_Sign_Extension__negative_strncpy_45.c	49	CWE194_Unexpected_Sign_Extension__negative_strncpy_45.c	36
/home/swlab-jueon/swvul/tools/java-vuln-detection/slicing/output/CPG/c/cwe194_cpg/cwe194-941-cpg-resolved.bin	tc941_flow2	CWE194_Unexpected_Sign_Extension__negative_strncpy_45.c	84	CWE194_Unexpected_Sign_Extension__negative_strncpy_45.c	71
/home/swlab-jueon/swvul/tools/java-vuln-detection/slicing/output/CPG/c/cwe194_cpg/cwe194-942-cpg-resolved.bin	tc942_flow1	CWE194_Unexpected_Sign_Extension__negative_strncpy_51a.c	30	CWE194_Unexpected_Sign_Extension__negative_strncpy_51b.c	34
/home/swlab-jueon/swvul/tools/java-vuln-detection/slicing/output/CPG/c/cwe194_cpg/cwe194-942-cpg-resolved.bin	tc942_flow2	CWE194_Unexpected_Sign_Extension__negative_strncpy_51a.c	48	CWE194_Unexpected_Sign_Extension__negative_strncpy_51b.c	57
/home/swlab-jueon/swvul/tools/java-vuln-detection/slicing/output/CPG/c/cwe194_cpg/cwe194-943-cpg-resolved.bin	tc943_flow1	CWE194_Unexpected_Sign_Extension__negative_strncpy_52a.c	30	CWE194_Unexpected_Sign_Extension__negative_strncpy_52c.c	34
/home/swlab-jueon/swvul/tools/java-vuln-detection/slicing/output/CPG/c/cwe194_cpg/cwe194-943-cpg-resolved.bin	tc943_flow2	CWE194_Unexpected_Sign_Extension__negative_strncpy_52a.c	48	CWE194_Unexpected_Sign_Extension__negative_strncpy_52c.c	57
/home/swlab-jueon/swvul/tools/java-vuln-detection/slicing/output/CPG/c/cwe194_cpg/cwe194-944-cpg-resolved.bin	tc944_flow1	CWE194_Unexpected_Sign_Extension__negative_strncpy_53a.c	30	CWE194_Unexpected_Sign_Extension__negative_strncpy_53d.c	34
/home/swlab-jueon/swvul/tools/java-vuln-detection/slicing/output/CPG/c/cwe194_cpg/cwe194-944-cpg-resolved.bin	tc944_flow2	CWE194_Unexpected_Sign_Extension__negative_strncpy_53a.c	48	CWE194_Unexpected_Sign_Extension__negative_strncpy_53d.c	57
/home/swlab-jueon/swvul/tools/java-vuln-detection/slicing/output/CPG/c/cwe194_cpg/cwe194-945-cpg-resolved.bin	tc945_flow1	CWE194_Unexpected_Sign_Extension__negative_strncpy_54a.c	30	CWE194_Unexpected_Sign_Extension__negative_strncpy_54e.c	34
/home/swlab-jueon/swvul/tools/java-vuln-detection/slicing/output/CPG/c/cwe194_cpg/cwe194-945-cpg-resolved.bin	tc945_flow2	CWE194_Unexpected_Sign_Extension__negative_strncpy_54a.c	48	CWE194_Unexpected_Sign_Extension__negative_strncpy_54e.c	57
/home/swlab-jueon/swvul/tools/java-vuln-detection/slicing/output/CPG/c/cwe194_cpg/cwe194-946-cpg-resolved.bin	tc946_flow1	CWE194_Unexpected_Sign_Extension__negative_strncpy_61b.c	24	CWE194_Unexpected_Sign_Extension__negative_strncpy_61a.c	39
/home/swlab-jueon/swvul/tools/java-vuln-detection/slicing/output/CPG/c/cwe194_cpg/cwe194-946-cpg-resolved.bin	tc946_flow2	CWE194_Unexpected_Sign_Extension__negative_strncpy_61b.c	36	CWE194_Unexpected_Sign_Extension__negative_strncpy_61a.c	68
/home/swlab-jueon/swvul/tools/java-vuln-detection/slicing/output/CPG/c/cwe194_cpg/cwe194-947-cpg-resolved.bin	tc947_flow1	CWE194_Unexpected_Sign_Extension__negative_strncpy_62b.cpp	27	CWE194_Unexpected_Sign_Extension__negative_strncpy_62a.cpp	42
/home/swlab-jueon/swvul/tools/java-vuln-detection/slicing/output/CPG/c/cwe194_cpg/cwe194-947-cpg-resolved.bin	tc947_flow2	CWE194_Unexpected_Sign_Extension__negative_strncpy_62b.cpp	38	CWE194_Unexpected_Sign_Extension__negative_strncpy_62a.cpp	71
/home/swlab-jueon/swvul/tools/java-vuln-detection/slicing/output/CPG/c/cwe194_cpg/cwe194-948-cpg-resolved.bin	tc948_flow1	CWE194_Unexpected_Sign_Extension__negative_strncpy_63a.c	30	CWE194_Unexpected_Sign_Extension__negative_strncpy_63b.c	33
/home/swlab-jueon/swvul/tools/java-vuln-detection/slicing/output/CPG/c/cwe194_cpg/cwe194-948-cpg-resolved.bin	tc948_flow2	CWE194_Unexpected_Sign_Extension__negative_strncpy_63a.c	47	CWE194_Unexpected_Sign_Extension__negative_strncpy_63b.c	57
/home/swlab-jueon/swvul/tools/java-vuln-detection/slicing/output/CPG/c/cwe194_cpg/cwe194-949-cpg-resolved.bin	tc949_flow1	CWE194_Unexpected_Sign_Extension__negative_strncpy_64a.c	30	CWE194_Unexpected_Sign_Extension__negative_strncpy_64b.c	36
/home/swlab-jueon/swvul/tools/java-vuln-detection/slicing/output/CPG/c/cwe194_cpg/cwe194-949-cpg-resolved.bin	tc949_flow2	CWE194_Unexpected_Sign_Extension__negative_strncpy_64a.c	47	CWE194_Unexpected_Sign_Extension__negative_strncpy_64b.c	63
/home/swlab-jueon/swvul/tools/java-vuln-detection/slicing/output/CPG/c/cwe194_cpg/cwe194-950-cpg-resolved.bin	tc950_flow1	CWE194_Unexpected_Sign_Extension__negative_strncpy_65a.c	32	CWE194_Unexpected_Sign_Extension__negative_strncpy_65b.c	32
/home/swlab-jueon/swvul/tools/java-vuln-detection/slicing/output/CPG/c/cwe194_cpg/cwe194-950-cpg-resolved.bin	tc950_flow2	CWE194_Unexpected_Sign_Extension__negative_strncpy_65a.c	51	CWE194_Unexpected_Sign_Extension__negative_strncpy_65b.c	55
/home/swlab-jueon/swvul/tools/java-vuln-detection/slicing/output/CPG/c/cwe194_cpg/cwe194-951-cpg-resolved.bin	tc951_flow1	CWE194_Unexpected_Sign_Extension__negative_strncpy_66a.c	31	CWE194_Unexpected_Sign_Extension__negative_strncpy_66b.c	34
/home/swlab-jueon/swvul/tools/java-vuln-detection/slicing/output/CPG/c/cwe194_cpg/cwe194-951-cpg-resolved.bin	tc951_flow2	CWE194_Unexpected_Sign_Extension__negative_strncpy_66a.c	51	CWE194_Unexpected_Sign_Extension__negative_strncpy_66b.c	58
/home/swlab-jueon/swvul/tools/java-vuln-detection/slicing/output/CPG/c/cwe194_cpg/cwe194-952-cpg-resolved.bin	tc952_flow1	CWE194_Unexpected_Sign_Extension__negative_strncpy_67a.c	36	CWE194_Unexpected_Sign_Extension__negative_strncpy_67b.c	38
/home/swlab-jueon/swvul/tools/java-vuln-detection/slicing/output/CPG/c/cwe194_cpg/cwe194-952-cpg-resolved.bin	tc952_flow2	CWE194_Unexpected_Sign_Extension__negative_strncpy_67a.c	55	CWE194_Unexpected_Sign_Extension__negative_strncpy_67b.c	62
/home/swlab-jueon/swvul/tools/java-vuln-detection/slicing/output/CPG/c/cwe194_cpg/cwe194-953-cpg-resolved.bin	tc953_flow1	CWE194_Unexpected_Sign_Extension__negative_strncpy_68a.c	33	CWE194_Unexpected_Sign_Extension__negative_strncpy_68b.c	38
/home/swlab-jueon/swvul/tools/java-vuln-detection/slicing/output/CPG/c/cwe194_cpg/cwe194-953-cpg-resolved.bin	tc953_flow2	CWE194_Unexpected_Sign_Extension__negative_strncpy_68a.c	52	CWE194_Unexpected_Sign_Extension__negative_strncpy_68b.c	62
/home/swlab-jueon/swvul/tools/java-vuln-detection/slicing/output/CPG/c/cwe194_cpg/cwe194-954-cpg-resolved.bin	tc954_flow1	CWE194_Unexpected_Sign_Extension__negative_strncpy_72a.cpp	37	CWE194_Unexpected_Sign_Extension__negative_strncpy_72b.cpp	40
/home/swlab-jueon/swvul/tools/java-vuln-detection/slicing/output/CPG/c/cwe194_cpg/cwe194-954-cpg-resolved.bin	tc954_flow2	CWE194_Unexpected_Sign_Extension__negative_strncpy_72a.cpp	61	CWE194_Unexpected_Sign_Extension__negative_strncpy_72b.cpp	64
/home/swlab-jueon/swvul/tools/java-vuln-detection/slicing/output/CPG/c/cwe194_cpg/cwe194-955-cpg-resolved.bin	tc955_flow1	CWE194_Unexpected_Sign_Extension__negative_strncpy_73a.cpp	37	CWE194_Unexpected_Sign_Extension__negative_strncpy_73b.cpp	40
/home/swlab-jueon/swvul/tools/java-vuln-detection/slicing/output/CPG/c/cwe194_cpg/cwe194-955-cpg-resolved.bin	tc955_flow2	CWE194_Unexpected_Sign_Extension__negative_strncpy_73a.cpp	61	CWE194_Unexpected_Sign_Extension__negative_strncpy_73b.cpp	64
/home/swlab-jueon/swvul/tools/java-vuln-detection/slicing/output/CPG/c/cwe194_cpg/cwe194-956-cpg-resolved.bin	tc956_flow1	CWE194_Unexpected_Sign_Extension__negative_strncpy_74a.cpp	37	CWE194_Unexpected_Sign_Extension__negative_strncpy_74b.cpp	40
/home/swlab-jueon/swvul/tools/java-vuln-detection/slicing/output/CPG/c/cwe194_cpg/cwe194-956-cpg-resolved.bin	tc956_flow2	CWE194_Unexpected_Sign_Extension__negative_strncpy_74a.cpp	61	CWE194_Unexpected_Sign_Extension__negative_strncpy_74b.cpp	64
/home/swlab-jueon/swvul/tools/java-vuln-detection/slicing/output/CPG/c/cwe194_cpg/cwe194-957-cpg-resolved.bin	tc957_flow1	CWE194_Unexpected_Sign_Extension__negative_strncpy_81a.cpp	31	CWE194_Unexpected_Sign_Extension__negative_strncpy_81_bad.cpp	35
/home/swlab-jueon/swvul/tools/java-vuln-detection/slicing/output/CPG/c/cwe194_cpg/cwe194-957-cpg-resolved.bin	tc957_flow2	CWE194_Unexpected_Sign_Extension__negative_strncpy_81a.cpp	47	CWE194_Unexpected_Sign_Extension__negative_strncpy_81_goodG2B.cpp	35
/home/swlab-jueon/swvul/tools/java-vuln-detection/slicing/output/CPG/c/cwe194_cpg/cwe194-958-cpg-resolved.bin	tc958_flow1	CWE194_Unexpected_Sign_Extension__negative_strncpy_82a.cpp	31	CWE194_Unexpected_Sign_Extension__negative_strncpy_82_bad.cpp	35
/home/swlab-jueon/swvul/tools/java-vuln-detection/slicing/output/CPG/c/cwe194_cpg/cwe194-958-cpg-resolved.bin	tc958_flow2	CWE194_Unexpected_Sign_Extension__negative_strncpy_82a.cpp	48	CWE194_Unexpected_Sign_Extension__negative_strncpy_82_goodG2B.cpp	35
/home/swlab-jueon/swvul/tools/java-vuln-detection/slicing/output/CPG/c/cwe194_cpg/cwe194-959-cpg-resolved.bin	tc959_flow1	CWE194_Unexpected_Sign_Extension__negative_strncpy_83_bad.cpp	27	CWE194_Unexpected_Sign_Extension__negative_strncpy_83_bad.cpp	41
/home/swlab-jueon/swvul/tools/java-vuln-detection/slicing/output/CPG/c/cwe194_cpg/cwe194-959-cpg-resolved.bin	tc959_flow2	CWE194_Unexpected_Sign_Extension__negative_strncpy_83_goodG2B.cpp	27	CWE194_Unexpected_Sign_Extension__negative_strncpy_83_goodG2B.cpp	41
/home/swlab-jueon/swvul/tools/java-vuln-detection/slicing/output/CPG/c/cwe194_cpg/cwe194-960-cpg-resolved.bin	tc960_flow1	CWE194_Unexpected_Sign_Extension__negative_strncpy_84_bad.cpp	27	CWE194_Unexpected_Sign_Extension__negative_strncpy_84_bad.cpp	41
/home/swlab-jueon/swvul/tools/java-vuln-detection/slicing/output/CPG/c/cwe194_cpg/cwe194-960-cpg-resolved.bin	tc960_flow2	CWE194_Unexpected_Sign_Extension__negative_strncpy_84_goodG2B.cpp	27	CWE194_Unexpected_Sign_Extension__negative_strncpy_84_goodG2B.cpp	41
/home/swlab-jueon/swvul/tools/java-vuln-detection/slicing/output/CPG/c/cwe194_cpg/cwe194-961-cpg-resolved.bin	tc961_flow1	CWE194_Unexpected_Sign_Extension__rand_malloc_01.c	27	CWE194_Unexpected_Sign_Extension__rand_malloc_01.c	33
/home/swlab-jueon/swvul/tools/java-vuln-detection/slicing/output/CPG/c/cwe194_cpg/cwe194-961-cpg-resolved.bin	tc961_flow2	CWE194_Unexpected_Sign_Extension__rand_malloc_01.c	54	CWE194_Unexpected_Sign_Extension__rand_malloc_01.c	60
/home/swlab-jueon/swvul/tools/java-vuln-detection/slicing/output/CPG/c/cwe194_cpg/cwe194-962-cpg-resolved.bin	tc962_flow1	CWE194_Unexpected_Sign_Extension__rand_malloc_02.c	29	CWE194_Unexpected_Sign_Extension__rand_malloc_02.c	36
/home/swlab-jueon/swvul/tools/java-vuln-detection/slicing/output/CPG/c/cwe194_cpg/cwe194-962-cpg-resolved.bin	tc962_flow2	CWE194_Unexpected_Sign_Extension__rand_malloc_02.c	64	CWE194_Unexpected_Sign_Extension__rand_malloc_02.c	71
/home/swlab-jueon/swvul/tools/java-vuln-detection/slicing/output/CPG/c/cwe194_cpg/cwe194-962-cpg-resolved.bin	tc962_flow3	CWE194_Unexpected_Sign_Extension__rand_malloc_02.c	90	CWE194_Unexpected_Sign_Extension__rand_malloc_02.c	97
/home/swlab-jueon/swvul/tools/java-vuln-detection/slicing/output/CPG/c/cwe194_cpg/cwe194-963-cpg-resolved.bin	tc963_flow1	CWE194_Unexpected_Sign_Extension__rand_malloc_03.c	29	CWE194_Unexpected_Sign_Extension__rand_malloc_03.c	36
/home/swlab-jueon/swvul/tools/java-vuln-detection/slicing/output/CPG/c/cwe194_cpg/cwe194-963-cpg-resolved.bin	tc963_flow2	CWE194_Unexpected_Sign_Extension__rand_malloc_03.c	64	CWE194_Unexpected_Sign_Extension__rand_malloc_03.c	71
/home/swlab-jueon/swvul/tools/java-vuln-detection/slicing/output/CPG/c/cwe194_cpg/cwe194-963-cpg-resolved.bin	tc963_flow3	CWE194_Unexpected_Sign_Extension__rand_malloc_03.c	90	CWE194_Unexpected_Sign_Extension__rand_malloc_03.c	97
/home/swlab-jueon/swvul/tools/java-vuln-detection/slicing/output/CPG/c/cwe194_cpg/cwe194-964-cpg-resolved.bin	tc964_flow1	CWE194_Unexpected_Sign_Extension__rand_malloc_04.c	36	CWE194_Unexpected_Sign_Extension__rand_malloc_04.c	43
/home/swlab-jueon/swvul/tools/java-vuln-detection/slicing/output/CPG/c/cwe194_cpg/cwe194-964-cpg-resolved.bin	tc964_flow2	CWE194_Unexpected_Sign_Extension__rand_malloc_04.c	71	CWE194_Unexpected_Sign_Extension__rand_malloc_04.c	78
/home/swlab-jueon/swvul/tools/java-vuln-detection/slicing/output/CPG/c/cwe194_cpg/cwe194-964-cpg-resolved.bin	tc964_flow3	CWE194_Unexpected_Sign_Extension__rand_malloc_04.c	97	CWE194_Unexpected_Sign_Extension__rand_malloc_04.c	104
/home/swlab-jueon/swvul/tools/java-vuln-detection/slicing/output/CPG/c/cwe194_cpg/cwe194-965-cpg-resolved.bin	tc965_flow1	CWE194_Unexpected_Sign_Extension__rand_malloc_05.c	36	CWE194_Unexpected_Sign_Extension__rand_malloc_05.c	43
/home/swlab-jueon/swvul/tools/java-vuln-detection/slicing/output/CPG/c/cwe194_cpg/cwe194-965-cpg-resolved.bin	tc965_flow2	CWE194_Unexpected_Sign_Extension__rand_malloc_05.c	71	CWE194_Unexpected_Sign_Extension__rand_malloc_05.c	78
/home/swlab-jueon/swvul/tools/java-vuln-detection/slicing/output/CPG/c/cwe194_cpg/cwe194-965-cpg-resolved.bin	tc965_flow3	CWE194_Unexpected_Sign_Extension__rand_malloc_05.c	97	CWE194_Unexpected_Sign_Extension__rand_malloc_05.c	104
/home/swlab-jueon/swvul/tools/java-vuln-detection/slicing/output/CPG/c/cwe194_cpg/cwe194-966-cpg-resolved.bin	tc966_flow1	CWE194_Unexpected_Sign_Extension__rand_malloc_06.c	33	CWE194_Unexpected_Sign_Extension__rand_malloc_06.c	40
/home/swlab-jueon/swvul/tools/java-vuln-detection/slicing/output/CPG/c/cwe194_cpg/cwe194-966-cpg-resolved.bin	tc966_flow2	CWE194_Unexpected_Sign_Extension__rand_malloc_06.c	68	CWE194_Unexpected_Sign_Extension__rand_malloc_06.c	75
/home/swlab-jueon/swvul/tools/java-vuln-detection/slicing/output/CPG/c/cwe194_cpg/cwe194-966-cpg-resolved.bin	tc966_flow3	CWE194_Unexpected_Sign_Extension__rand_malloc_06.c	94	CWE194_Unexpected_Sign_Extension__rand_malloc_06.c	101
/home/swlab-jueon/swvul/tools/java-vuln-detection/slicing/output/CPG/c/cwe194_cpg/cwe194-967-cpg-resolved.bin	tc967_flow1	CWE194_Unexpected_Sign_Extension__rand_malloc_07.c	35	CWE194_Unexpected_Sign_Extension__rand_malloc_07.c	42
/home/swlab-jueon/swvul/tools/java-vuln-detection/slicing/output/CPG/c/cwe194_cpg/cwe194-967-cpg-resolved.bin	tc967_flow2	CWE194_Unexpected_Sign_Extension__rand_malloc_07.c	70	CWE194_Unexpected_Sign_Extension__rand_malloc_07.c	77
/home/swlab-jueon/swvul/tools/java-vuln-detection/slicing/output/CPG/c/cwe194_cpg/cwe194-967-cpg-resolved.bin	tc967_flow3	CWE194_Unexpected_Sign_Extension__rand_malloc_07.c	96	CWE194_Unexpected_Sign_Extension__rand_malloc_07.c	103
/home/swlab-jueon/swvul/tools/java-vuln-detection/slicing/output/CPG/c/cwe194_cpg/cwe194-968-cpg-resolved.bin	tc968_flow1	CWE194_Unexpected_Sign_Extension__rand_malloc_08.c	43	CWE194_Unexpected_Sign_Extension__rand_malloc_08.c	50
/home/swlab-jueon/swvul/tools/java-vuln-detection/slicing/output/CPG/c/cwe194_cpg/cwe194-968-cpg-resolved.bin	tc968_flow2	CWE194_Unexpected_Sign_Extension__rand_malloc_08.c	78	CWE194_Unexpected_Sign_Extension__rand_malloc_08.c	85
/home/swlab-jueon/swvul/tools/java-vuln-detection/slicing/output/CPG/c/cwe194_cpg/cwe194-968-cpg-resolved.bin	tc968_flow3	CWE194_Unexpected_Sign_Extension__rand_malloc_08.c	104	CWE194_Unexpected_Sign_Extension__rand_malloc_08.c	111
/home/swlab-jueon/swvul/tools/java-vuln-detection/slicing/output/CPG/c/cwe194_cpg/cwe194-969-cpg-resolved.bin	tc969_flow1	CWE194_Unexpected_Sign_Extension__rand_malloc_09.c	29	CWE194_Unexpected_Sign_Extension__rand_malloc_09.c	36
/home/swlab-jueon/swvul/tools/java-vuln-detection/slicing/output/CPG/c/cwe194_cpg/cwe194-969-cpg-resolved.bin	tc969_flow2	CWE194_Unexpected_Sign_Extension__rand_malloc_09.c	64	CWE194_Unexpected_Sign_Extension__rand_malloc_09.c	71
/home/swlab-jueon/swvul/tools/java-vuln-detection/slicing/output/CPG/c/cwe194_cpg/cwe194-969-cpg-resolved.bin	tc969_flow3	CWE194_Unexpected_Sign_Extension__rand_malloc_09.c	90	CWE194_Unexpected_Sign_Extension__rand_malloc_09.c	97
/home/swlab-jueon/swvul/tools/java-vuln-detection/slicing/output/CPG/c/cwe194_cpg/cwe194-970-cpg-resolved.bin	tc970_flow1	CWE194_Unexpected_Sign_Extension__rand_malloc_10.c	29	CWE194_Unexpected_Sign_Extension__rand_malloc_10.c	36
/home/swlab-jueon/swvul/tools/java-vuln-detection/slicing/output/CPG/c/cwe194_cpg/cwe194-970-cpg-resolved.bin	tc970_flow2	CWE194_Unexpected_Sign_Extension__rand_malloc_10.c	64	CWE194_Unexpected_Sign_Extension__rand_malloc_10.c	71
/home/swlab-jueon/swvul/tools/java-vuln-detection/slicing/output/CPG/c/cwe194_cpg/cwe194-970-cpg-resolved.bin	tc970_flow3	CWE194_Unexpected_Sign_Extension__rand_malloc_10.c	90	CWE194_Unexpected_Sign_Extension__rand_malloc_10.c	97
/home/swlab-jueon/swvul/tools/java-vuln-detection/slicing/output/CPG/c/cwe194_cpg/cwe194-971-cpg-resolved.bin	tc971_flow1	CWE194_Unexpected_Sign_Extension__rand_malloc_11.c	29	CWE194_Unexpected_Sign_Extension__rand_malloc_11.c	36
/home/swlab-jueon/swvul/tools/java-vuln-detection/slicing/output/CPG/c/cwe194_cpg/cwe194-971-cpg-resolved.bin	tc971_flow2	CWE194_Unexpected_Sign_Extension__rand_malloc_11.c	64	CWE194_Unexpected_Sign_Extension__rand_malloc_11.c	71
/home/swlab-jueon/swvul/tools/java-vuln-detection/slicing/output/CPG/c/cwe194_cpg/cwe194-971-cpg-resolved.bin	tc971_flow3	CWE194_Unexpected_Sign_Extension__rand_malloc_11.c	90	CWE194_Unexpected_Sign_Extension__rand_malloc_11.c	97
/home/swlab-jueon/swvul/tools/java-vuln-detection/slicing/output/CPG/c/cwe194_cpg/cwe194-972-cpg-resolved.bin	tc972_flow1	CWE194_Unexpected_Sign_Extension__rand_malloc_12.c	29	CWE194_Unexpected_Sign_Extension__rand_malloc_12.c	41
/home/swlab-jueon/swvul/tools/java-vuln-detection/slicing/output/CPG/c/cwe194_cpg/cwe194-972-cpg-resolved.bin	tc972_flow2	CWE194_Unexpected_Sign_Extension__rand_malloc_12.c	65	CWE194_Unexpected_Sign_Extension__rand_malloc_12.c	77
/home/swlab-jueon/swvul/tools/java-vuln-detection/slicing/output/CPG/c/cwe194_cpg/cwe194-973-cpg-resolved.bin	tc973_flow1	CWE194_Unexpected_Sign_Extension__rand_malloc_13.c	29	CWE194_Unexpected_Sign_Extension__rand_malloc_13.c	36
/home/swlab-jueon/swvul/tools/java-vuln-detection/slicing/output/CPG/c/cwe194_cpg/cwe194-973-cpg-resolved.bin	tc973_flow2	CWE194_Unexpected_Sign_Extension__rand_malloc_13.c	64	CWE194_Unexpected_Sign_Extension__rand_malloc_13.c	71
/home/swlab-jueon/swvul/tools/java-vuln-detection/slicing/output/CPG/c/cwe194_cpg/cwe194-973-cpg-resolved.bin	tc973_flow3	CWE194_Unexpected_Sign_Extension__rand_malloc_13.c	90	CWE194_Unexpected_Sign_Extension__rand_malloc_13.c	97
/home/swlab-jueon/swvul/tools/java-vuln-detection/slicing/output/CPG/c/cwe194_cpg/cwe194-974-cpg-resolved.bin	tc974_flow1	CWE194_Unexpected_Sign_Extension__rand_malloc_14.c	29	CWE194_Unexpected_Sign_Extension__rand_malloc_14.c	36
/home/swlab-jueon/swvul/tools/java-vuln-detection/slicing/output/CPG/c/cwe194_cpg/cwe194-974-cpg-resolved.bin	tc974_flow2	CWE194_Unexpected_Sign_Extension__rand_malloc_14.c	64	CWE194_Unexpected_Sign_Extension__rand_malloc_14.c	71
/home/swlab-jueon/swvul/tools/java-vuln-detection/slicing/output/CPG/c/cwe194_cpg/cwe194-974-cpg-resolved.bin	tc974_flow3	CWE194_Unexpected_Sign_Extension__rand_malloc_14.c	90	CWE194_Unexpected_Sign_Extension__rand_malloc_14.c	97
/home/swlab-jueon/swvul/tools/java-vuln-detection/slicing/output/CPG/c/cwe194_cpg/cwe194-975-cpg-resolved.bin	tc975_flow1	CWE194_Unexpected_Sign_Extension__rand_malloc_15.c	30	CWE194_Unexpected_Sign_Extension__rand_malloc_15.c	42
/home/swlab-jueon/swvul/tools/java-vuln-detection/slicing/output/CPG/c/cwe194_cpg/cwe194-975-cpg-resolved.bin	tc975_flow2	CWE194_Unexpected_Sign_Extension__rand_malloc_15.c	70	CWE194_Unexpected_Sign_Extension__rand_malloc_15.c	78
/home/swlab-jueon/swvul/tools/java-vuln-detection/slicing/output/CPG/c/cwe194_cpg/cwe194-975-cpg-resolved.bin	tc975_flow3	CWE194_Unexpected_Sign_Extension__rand_malloc_15.c	98	CWE194_Unexpected_Sign_Extension__rand_malloc_15.c	110
/home/swlab-jueon/swvul/tools/java-vuln-detection/slicing/output/CPG/c/cwe194_cpg/cwe194-976-cpg-resolved.bin	tc976_flow1	CWE194_Unexpected_Sign_Extension__rand_malloc_16.c	29	CWE194_Unexpected_Sign_Extension__rand_malloc_16.c	37
/home/swlab-jueon/swvul/tools/java-vuln-detection/slicing/output/CPG/c/cwe194_cpg/cwe194-976-cpg-resolved.bin	tc976_flow2	CWE194_Unexpected_Sign_Extension__rand_malloc_16.c	60	CWE194_Unexpected_Sign_Extension__rand_malloc_16.c	68
/home/swlab-jueon/swvul/tools/java-vuln-detection/slicing/output/CPG/c/cwe194_cpg/cwe194-977-cpg-resolved.bin	tc977_flow1	CWE194_Unexpected_Sign_Extension__rand_malloc_17.c	30	CWE194_Unexpected_Sign_Extension__rand_malloc_17.c	37
/home/swlab-jueon/swvul/tools/java-vuln-detection/slicing/output/CPG/c/cwe194_cpg/cwe194-977-cpg-resolved.bin	tc977_flow2	CWE194_Unexpected_Sign_Extension__rand_malloc_17.c	61	CWE194_Unexpected_Sign_Extension__rand_malloc_17.c	68
/home/swlab-jueon/swvul/tools/java-vuln-detection/slicing/output/CPG/c/cwe194_cpg/cwe194-978-cpg-resolved.bin	tc978_flow1	CWE194_Unexpected_Sign_Extension__rand_malloc_18.c	29	CWE194_Unexpected_Sign_Extension__rand_malloc_18.c	35
/home/swlab-jueon/swvul/tools/java-vuln-detection/slicing/output/CPG/c/cwe194_cpg/cwe194-978-cpg-resolved.bin	tc978_flow2	CWE194_Unexpected_Sign_Extension__rand_malloc_18.c	58	CWE194_Unexpected_Sign_Extension__rand_malloc_18.c	64
/home/swlab-jueon/swvul/tools/java-vuln-detection/slicing/output/CPG/c/cwe194_cpg/cwe194-979-cpg-resolved.bin	tc979_flow1	CWE194_Unexpected_Sign_Extension__rand_malloc_21.c	29	CWE194_Unexpected_Sign_Extension__rand_malloc_21.c	46
/home/swlab-jueon/swvul/tools/java-vuln-detection/slicing/output/CPG/c/cwe194_cpg/cwe194-979-cpg-resolved.bin	tc979_flow2	CWE194_Unexpected_Sign_Extension__rand_malloc_21.c	75	CWE194_Unexpected_Sign_Extension__rand_malloc_21.c	92
/home/swlab-jueon/swvul/tools/java-vuln-detection/slicing/output/CPG/c/cwe194_cpg/cwe194-979-cpg-resolved.bin	tc979_flow3	CWE194_Unexpected_Sign_Extension__rand_malloc_21.c	108	CWE194_Unexpected_Sign_Extension__rand_malloc_21.c	125
/home/swlab-jueon/swvul/tools/java-vuln-detection/slicing/output/CPG/c/cwe194_cpg/cwe194-980-cpg-resolved.bin	tc980_flow1	CWE194_Unexpected_Sign_Extension__rand_malloc_22b.c	29	CWE194_Unexpected_Sign_Extension__rand_malloc_22a.c	38
/home/swlab-jueon/swvul/tools/java-vuln-detection/slicing/output/CPG/c/cwe194_cpg/cwe194-980-cpg-resolved.bin	tc980_flow2	CWE194_Unexpected_Sign_Extension__rand_malloc_22b.c	53	CWE194_Unexpected_Sign_Extension__rand_malloc_22a.c	71
/home/swlab-jueon/swvul/tools/java-vuln-detection/slicing/output/CPG/c/cwe194_cpg/cwe194-980-cpg-resolved.bin	tc980_flow3	CWE194_Unexpected_Sign_Extension__rand_malloc_22b.c	64	CWE194_Unexpected_Sign_Extension__rand_malloc_22a.c	96
/home/swlab-jueon/swvul/tools/java-vuln-detection/slicing/output/CPG/c/cwe194_cpg/cwe194-981-cpg-resolved.bin	tc981_flow1	CWE194_Unexpected_Sign_Extension__rand_malloc_31.c	27	CWE194_Unexpected_Sign_Extension__rand_malloc_31.c	36
/home/swlab-jueon/swvul/tools/java-vuln-detection/slicing/output/CPG/c/cwe194_cpg/cwe194-981-cpg-resolved.bin	tc981_flow2	CWE194_Unexpected_Sign_Extension__rand_malloc_31.c	58	CWE194_Unexpected_Sign_Extension__rand_malloc_31.c	67
/home/swlab-jueon/swvul/tools/java-vuln-detection/slicing/output/CPG/c/cwe194_cpg/cwe194-982-cpg-resolved.bin	tc982_flow1	CWE194_Unexpected_Sign_Extension__rand_malloc_32.c	31	CWE194_Unexpected_Sign_Extension__rand_malloc_32.c	41
/home/swlab-jueon/swvul/tools/java-vuln-detection/slicing/output/CPG/c/cwe194_cpg/cwe194-982-cpg-resolved.bin	tc982_flow2	CWE194_Unexpected_Sign_Extension__rand_malloc_32.c	67	CWE194_Unexpected_Sign_Extension__rand_malloc_32.c	77
/home/swlab-jueon/swvul/tools/java-vuln-detection/slicing/output/CPG/c/cwe194_cpg/cwe194-983-cpg-resolved.bin	tc983_flow1	CWE194_Unexpected_Sign_Extension__rand_malloc_33.cpp	31	CWE194_Unexpected_Sign_Extension__rand_malloc_33.cpp	39
/home/swlab-jueon/swvul/tools/java-vuln-detection/slicing/output/CPG/c/cwe194_cpg/cwe194-983-cpg-resolved.bin	tc983_flow2	CWE194_Unexpected_Sign_Extension__rand_malloc_33.cpp	62	CWE194_Unexpected_Sign_Extension__rand_malloc_33.cpp	70
/home/swlab-jueon/swvul/tools/java-vuln-detection/slicing/output/CPG/c/cwe194_cpg/cwe194-984-cpg-resolved.bin	tc984_flow1	CWE194_Unexpected_Sign_Extension__rand_malloc_34.c	34	CWE194_Unexpected_Sign_Extension__rand_malloc_34.c	43
/home/swlab-jueon/swvul/tools/java-vuln-detection/slicing/output/CPG/c/cwe194_cpg/cwe194-984-cpg-resolved.bin	tc984_flow2	CWE194_Unexpected_Sign_Extension__rand_malloc_34.c	66	CWE194_Unexpected_Sign_Extension__rand_malloc_34.c	75
/home/swlab-jueon/swvul/tools/java-vuln-detection/slicing/output/CPG/c/cwe194_cpg/cwe194-985-cpg-resolved.bin	tc985_flow1	CWE194_Unexpected_Sign_Extension__rand_malloc_41.c	44	CWE194_Unexpected_Sign_Extension__rand_malloc_41.c	28
/home/swlab-jueon/swvul/tools/java-vuln-detection/slicing/output/CPG/c/cwe194_cpg/cwe194-985-cpg-resolved.bin	tc985_flow2	CWE194_Unexpected_Sign_Extension__rand_malloc_41.c	76	CWE194_Unexpected_Sign_Extension__rand_malloc_41.c	59
/home/swlab-jueon/swvul/tools/java-vuln-detection/slicing/output/CPG/c/cwe194_cpg/cwe194-986-cpg-resolved.bin	tc986_flow1	CWE194_Unexpected_Sign_Extension__rand_malloc_42.c	24	CWE194_Unexpected_Sign_Extension__rand_malloc_42.c	39
/home/swlab-jueon/swvul/tools/java-vuln-detection/slicing/output/CPG/c/cwe194_cpg/cwe194-986-cpg-resolved.bin	tc986_flow2	CWE194_Unexpected_Sign_Extension__rand_malloc_42.c	56	CWE194_Unexpected_Sign_Extension__rand_malloc_42.c	72
/home/swlab-jueon/swvul/tools/java-vuln-detection/slicing/output/CPG/c/cwe194_cpg/cwe194-987-cpg-resolved.bin	tc987_flow1	CWE194_Unexpected_Sign_Extension__rand_malloc_43.cpp	27	CWE194_Unexpected_Sign_Extension__rand_malloc_43.cpp	41
/home/swlab-jueon/swvul/tools/java-vuln-detection/slicing/output/CPG/c/cwe194_cpg/cwe194-987-cpg-resolved.bin	tc987_flow2	CWE194_Unexpected_Sign_Extension__rand_malloc_43.cpp	59	CWE194_Unexpected_Sign_Extension__rand_malloc_43.cpp	73
/home/swlab-jueon/swvul/tools/java-vuln-detection/slicing/output/CPG/c/cwe194_cpg/cwe194-988-cpg-resolved.bin	tc988_flow1	CWE194_Unexpected_Sign_Extension__rand_malloc_44.c	46	CWE194_Unexpected_Sign_Extension__rand_malloc_44.c	28
/home/swlab-jueon/swvul/tools/java-vuln-detection/slicing/output/CPG/c/cwe194_cpg/cwe194-988-cpg-resolved.bin	tc988_flow2	CWE194_Unexpected_Sign_Extension__rand_malloc_44.c	80	CWE194_Unexpected_Sign_Extension__rand_malloc_44.c	63
/home/swlab-jueon/swvul/tools/java-vuln-detection/slicing/output/CPG/c/cwe194_cpg/cwe194-989-cpg-resolved.bin	tc989_flow1	CWE194_Unexpected_Sign_Extension__rand_malloc_45.c	48	CWE194_Unexpected_Sign_Extension__rand_malloc_45.c	32
/home/swlab-jueon/swvul/tools/java-vuln-detection/slicing/output/CPG/c/cwe194_cpg/cwe194-989-cpg-resolved.bin	tc989_flow2	CWE194_Unexpected_Sign_Extension__rand_malloc_45.c	82	CWE194_Unexpected_Sign_Extension__rand_malloc_45.c	66
/home/swlab-jueon/swvul/tools/java-vuln-detection/slicing/output/CPG/c/cwe194_cpg/cwe194-990-cpg-resolved.bin	tc990_flow1	CWE194_Unexpected_Sign_Extension__rand_malloc_51a.c	30	CWE194_Unexpected_Sign_Extension__rand_malloc_51b.c	30
/home/swlab-jueon/swvul/tools/java-vuln-detection/slicing/output/CPG/c/cwe194_cpg/cwe194-990-cpg-resolved.bin	tc990_flow2	CWE194_Unexpected_Sign_Extension__rand_malloc_51a.c	48	CWE194_Unexpected_Sign_Extension__rand_malloc_51b.c	52
/home/swlab-jueon/swvul/tools/java-vuln-detection/slicing/output/CPG/c/cwe194_cpg/cwe194-991-cpg-resolved.bin	tc991_flow1	CWE194_Unexpected_Sign_Extension__rand_malloc_52a.c	30	CWE194_Unexpected_Sign_Extension__rand_malloc_52c.c	30
/home/swlab-jueon/swvul/tools/java-vuln-detection/slicing/output/CPG/c/cwe194_cpg/cwe194-991-cpg-resolved.bin	tc991_flow2	CWE194_Unexpected_Sign_Extension__rand_malloc_52a.c	48	CWE194_Unexpected_Sign_Extension__rand_malloc_52c.c	52
/home/swlab-jueon/swvul/tools/java-vuln-detection/slicing/output/CPG/c/cwe194_cpg/cwe194-992-cpg-resolved.bin	tc992_flow1	CWE194_Unexpected_Sign_Extension__rand_malloc_53a.c	30	CWE194_Unexpected_Sign_Extension__rand_malloc_53d.c	30
/home/swlab-jueon/swvul/tools/java-vuln-detection/slicing/output/CPG/c/cwe194_cpg/cwe194-992-cpg-resolved.bin	tc992_flow2	CWE194_Unexpected_Sign_Extension__rand_malloc_53a.c	48	CWE194_Unexpected_Sign_Extension__rand_malloc_53d.c	52
/home/swlab-jueon/swvul/tools/java-vuln-detection/slicing/output/CPG/c/cwe194_cpg/cwe194-993-cpg-resolved.bin	tc993_flow1	CWE194_Unexpected_Sign_Extension__rand_malloc_54a.c	30	CWE194_Unexpected_Sign_Extension__rand_malloc_54e.c	30
/home/swlab-jueon/swvul/tools/java-vuln-detection/slicing/output/CPG/c/cwe194_cpg/cwe194-993-cpg-resolved.bin	tc993_flow2	CWE194_Unexpected_Sign_Extension__rand_malloc_54a.c	48	CWE194_Unexpected_Sign_Extension__rand_malloc_54e.c	52
/home/swlab-jueon/swvul/tools/java-vuln-detection/slicing/output/CPG/c/cwe194_cpg/cwe194-994-cpg-resolved.bin	tc994_flow1	CWE194_Unexpected_Sign_Extension__rand_malloc_61b.c	24	CWE194_Unexpected_Sign_Extension__rand_malloc_61a.c	35
/home/swlab-jueon/swvul/tools/java-vuln-detection/slicing/output/CPG/c/cwe194_cpg/cwe194-994-cpg-resolved.bin	tc994_flow2	CWE194_Unexpected_Sign_Extension__rand_malloc_61b.c	36	CWE194_Unexpected_Sign_Extension__rand_malloc_61a.c	63
/home/swlab-jueon/swvul/tools/java-vuln-detection/slicing/output/CPG/c/cwe194_cpg/cwe194-995-cpg-resolved.bin	tc995_flow1	CWE194_Unexpected_Sign_Extension__rand_malloc_62b.cpp	27	CWE194_Unexpected_Sign_Extension__rand_malloc_62a.cpp	38
/home/swlab-jueon/swvul/tools/java-vuln-detection/slicing/output/CPG/c/cwe194_cpg/cwe194-995-cpg-resolved.bin	tc995_flow2	CWE194_Unexpected_Sign_Extension__rand_malloc_62b.cpp	38	CWE194_Unexpected_Sign_Extension__rand_malloc_62a.cpp	66
/home/swlab-jueon/swvul/tools/java-vuln-detection/slicing/output/CPG/c/cwe194_cpg/cwe194-996-cpg-resolved.bin	tc996_flow1	CWE194_Unexpected_Sign_Extension__rand_malloc_63a.c	30	CWE194_Unexpected_Sign_Extension__rand_malloc_63b.c	29
/home/swlab-jueon/swvul/tools/java-vuln-detection/slicing/output/CPG/c/cwe194_cpg/cwe194-996-cpg-resolved.bin	tc996_flow2	CWE194_Unexpected_Sign_Extension__rand_malloc_63a.c	47	CWE194_Unexpected_Sign_Extension__rand_malloc_63b.c	52
/home/swlab-jueon/swvul/tools/java-vuln-detection/slicing/output/CPG/c/cwe194_cpg/cwe194-997-cpg-resolved.bin	tc997_flow1	CWE194_Unexpected_Sign_Extension__rand_malloc_64a.c	30	CWE194_Unexpected_Sign_Extension__rand_malloc_64b.c	32
/home/swlab-jueon/swvul/tools/java-vuln-detection/slicing/output/CPG/c/cwe194_cpg/cwe194-997-cpg-resolved.bin	tc997_flow2	CWE194_Unexpected_Sign_Extension__rand_malloc_64a.c	47	CWE194_Unexpected_Sign_Extension__rand_malloc_64b.c	58
/home/swlab-jueon/swvul/tools/java-vuln-detection/slicing/output/CPG/c/cwe194_cpg/cwe194-998-cpg-resolved.bin	tc998_flow1	CWE194_Unexpected_Sign_Extension__rand_malloc_65a.c	32	CWE194_Unexpected_Sign_Extension__rand_malloc_65b.c	28
/home/swlab-jueon/swvul/tools/java-vuln-detection/slicing/output/CPG/c/cwe194_cpg/cwe194-998-cpg-resolved.bin	tc998_flow2	CWE194_Unexpected_Sign_Extension__rand_malloc_65a.c	51	CWE194_Unexpected_Sign_Extension__rand_malloc_65b.c	50
/home/swlab-jueon/swvul/tools/java-vuln-detection/slicing/output/CPG/c/cwe194_cpg/cwe194-999-cpg-resolved.bin	tc999_flow1	CWE194_Unexpected_Sign_Extension__rand_malloc_66a.c	31	CWE194_Unexpected_Sign_Extension__rand_malloc_66b.c	30
/home/swlab-jueon/swvul/tools/java-vuln-detection/slicing/output/CPG/c/cwe194_cpg/cwe194-999-cpg-resolved.bin	tc999_flow2	CWE194_Unexpected_Sign_Extension__rand_malloc_66a.c	51	CWE194_Unexpected_Sign_Extension__rand_malloc_66b.c	53
/home/swlab-jueon/swvul/tools/java-vuln-detection/slicing/output/CPG/c/cwe194_cpg/cwe194-1000-cpg-resolved.bin	tc1000_flow1	CWE194_Unexpected_Sign_Extension__rand_malloc_67a.c	36	CWE194_Unexpected_Sign_Extension__rand_malloc_67b.c	34
/home/swlab-jueon/swvul/tools/java-vuln-detection/slicing/output/CPG/c/cwe194_cpg/cwe194-1000-cpg-resolved.bin	tc1000_flow2	CWE194_Unexpected_Sign_Extension__rand_malloc_67a.c	55	CWE194_Unexpected_Sign_Extension__rand_malloc_67b.c	57
/home/swlab-jueon/swvul/tools/java-vuln-detection/slicing/output/CPG/c/cwe194_cpg/cwe194-1001-cpg-resolved.bin	tc1001_flow1	CWE194_Unexpected_Sign_Extension__rand_malloc_68a.c	33	CWE194_Unexpected_Sign_Extension__rand_malloc_68b.c	34
/home/swlab-jueon/swvul/tools/java-vuln-detection/slicing/output/CPG/c/cwe194_cpg/cwe194-1001-cpg-resolved.bin	tc1001_flow2	CWE194_Unexpected_Sign_Extension__rand_malloc_68a.c	52	CWE194_Unexpected_Sign_Extension__rand_malloc_68b.c	57
/home/swlab-jueon/swvul/tools/java-vuln-detection/slicing/output/CPG/c/cwe194_cpg/cwe194-1002-cpg-resolved.bin	tc1002_flow1	CWE194_Unexpected_Sign_Extension__rand_malloc_72a.cpp	37	CWE194_Unexpected_Sign_Extension__rand_malloc_72b.cpp	36
/home/swlab-jueon/swvul/tools/java-vuln-detection/slicing/output/CPG/c/cwe194_cpg/cwe194-1002-cpg-resolved.bin	tc1002_flow2	CWE194_Unexpected_Sign_Extension__rand_malloc_72a.cpp	61	CWE194_Unexpected_Sign_Extension__rand_malloc_72b.cpp	59
/home/swlab-jueon/swvul/tools/java-vuln-detection/slicing/output/CPG/c/cwe194_cpg/cwe194-1003-cpg-resolved.bin	tc1003_flow1	CWE194_Unexpected_Sign_Extension__rand_malloc_73a.cpp	37	CWE194_Unexpected_Sign_Extension__rand_malloc_73b.cpp	36
/home/swlab-jueon/swvul/tools/java-vuln-detection/slicing/output/CPG/c/cwe194_cpg/cwe194-1003-cpg-resolved.bin	tc1003_flow2	CWE194_Unexpected_Sign_Extension__rand_malloc_73a.cpp	61	CWE194_Unexpected_Sign_Extension__rand_malloc_73b.cpp	59
/home/swlab-jueon/swvul/tools/java-vuln-detection/slicing/output/CPG/c/cwe194_cpg/cwe194-1004-cpg-resolved.bin	tc1004_flow1	CWE194_Unexpected_Sign_Extension__rand_malloc_74a.cpp	37	CWE194_Unexpected_Sign_Extension__rand_malloc_74b.cpp	36
/home/swlab-jueon/swvul/tools/java-vuln-detection/slicing/output/CPG/c/cwe194_cpg/cwe194-1004-cpg-resolved.bin	tc1004_flow2	CWE194_Unexpected_Sign_Extension__rand_malloc_74a.cpp	61	CWE194_Unexpected_Sign_Extension__rand_malloc_74b.cpp	59
/home/swlab-jueon/swvul/tools/java-vuln-detection/slicing/output/CPG/c/cwe194_cpg/cwe194-1005-cpg-resolved.bin	tc1005_flow1	CWE194_Unexpected_Sign_Extension__rand_malloc_81a.cpp	31	CWE194_Unexpected_Sign_Extension__rand_malloc_81_bad.cpp	31
/home/swlab-jueon/swvul/tools/java-vuln-detection/slicing/output/CPG/c/cwe194_cpg/cwe194-1005-cpg-resolved.bin	tc1005_flow2	CWE194_Unexpected_Sign_Extension__rand_malloc_81a.cpp	47	CWE194_Unexpected_Sign_Extension__rand_malloc_81_goodG2B.cpp	31
/home/swlab-jueon/swvul/tools/java-vuln-detection/slicing/output/CPG/c/cwe194_cpg/cwe194-1006-cpg-resolved.bin	tc1006_flow1	CWE194_Unexpected_Sign_Extension__rand_malloc_82a.cpp	31	CWE194_Unexpected_Sign_Extension__rand_malloc_82_bad.cpp	31
/home/swlab-jueon/swvul/tools/java-vuln-detection/slicing/output/CPG/c/cwe194_cpg/cwe194-1006-cpg-resolved.bin	tc1006_flow2	CWE194_Unexpected_Sign_Extension__rand_malloc_82a.cpp	48	CWE194_Unexpected_Sign_Extension__rand_malloc_82_goodG2B.cpp	31
/home/swlab-jueon/swvul/tools/java-vuln-detection/slicing/output/CPG/c/cwe194_cpg/cwe194-1007-cpg-resolved.bin	tc1007_flow1	CWE194_Unexpected_Sign_Extension__rand_malloc_83_bad.cpp	27	CWE194_Unexpected_Sign_Extension__rand_malloc_83_bad.cpp	37
/home/swlab-jueon/swvul/tools/java-vuln-detection/slicing/output/CPG/c/cwe194_cpg/cwe194-1007-cpg-resolved.bin	tc1007_flow2	CWE194_Unexpected_Sign_Extension__rand_malloc_83_goodG2B.cpp	27	CWE194_Unexpected_Sign_Extension__rand_malloc_83_goodG2B.cpp	37
/home/swlab-jueon/swvul/tools/java-vuln-detection/slicing/output/CPG/c/cwe194_cpg/cwe194-1008-cpg-resolved.bin	tc1008_flow1	CWE194_Unexpected_Sign_Extension__rand_malloc_84_bad.cpp	27	CWE194_Unexpected_Sign_Extension__rand_malloc_84_bad.cpp	37
/home/swlab-jueon/swvul/tools/java-vuln-detection/slicing/output/CPG/c/cwe194_cpg/cwe194-1008-cpg-resolved.bin	tc1008_flow2	CWE194_Unexpected_Sign_Extension__rand_malloc_84_goodG2B.cpp	27	CWE194_Unexpected_Sign_Extension__rand_malloc_84_goodG2B.cpp	37
/home/swlab-jueon/swvul/tools/java-vuln-detection/slicing/output/CPG/c/cwe194_cpg/cwe194-1009-cpg-resolved.bin	tc1009_flow1	CWE194_Unexpected_Sign_Extension__rand_memcpy_01.c	27	CWE194_Unexpected_Sign_Extension__rand_memcpy_01.c	37
/home/swlab-jueon/swvul/tools/java-vuln-detection/slicing/output/CPG/c/cwe194_cpg/cwe194-1009-cpg-resolved.bin	tc1009_flow2	CWE194_Unexpected_Sign_Extension__rand_memcpy_01.c	55	CWE194_Unexpected_Sign_Extension__rand_memcpy_01.c	65
/home/swlab-jueon/swvul/tools/java-vuln-detection/slicing/output/CPG/c/cwe194_cpg/cwe194-1010-cpg-resolved.bin	tc1010_flow1	CWE194_Unexpected_Sign_Extension__rand_memcpy_02.c	29	CWE194_Unexpected_Sign_Extension__rand_memcpy_02.c	40
/home/swlab-jueon/swvul/tools/java-vuln-detection/slicing/output/CPG/c/cwe194_cpg/cwe194-1010-cpg-resolved.bin	tc1010_flow2	CWE194_Unexpected_Sign_Extension__rand_memcpy_02.c	65	CWE194_Unexpected_Sign_Extension__rand_memcpy_02.c	76
/home/swlab-jueon/swvul/tools/java-vuln-detection/slicing/output/CPG/c/cwe194_cpg/cwe194-1010-cpg-resolved.bin	tc1010_flow3	CWE194_Unexpected_Sign_Extension__rand_memcpy_02.c	92	CWE194_Unexpected_Sign_Extension__rand_memcpy_02.c	103
/home/swlab-jueon/swvul/tools/java-vuln-detection/slicing/output/CPG/c/cwe194_cpg/cwe194-1011-cpg-resolved.bin	tc1011_flow1	CWE194_Unexpected_Sign_Extension__rand_memcpy_03.c	29	CWE194_Unexpected_Sign_Extension__rand_memcpy_03.c	40
/home/swlab-jueon/swvul/tools/java-vuln-detection/slicing/output/CPG/c/cwe194_cpg/cwe194-1011-cpg-resolved.bin	tc1011_flow2	CWE194_Unexpected_Sign_Extension__rand_memcpy_03.c	65	CWE194_Unexpected_Sign_Extension__rand_memcpy_03.c	76
/home/swlab-jueon/swvul/tools/java-vuln-detection/slicing/output/CPG/c/cwe194_cpg/cwe194-1011-cpg-resolved.bin	tc1011_flow3	CWE194_Unexpected_Sign_Extension__rand_memcpy_03.c	92	CWE194_Unexpected_Sign_Extension__rand_memcpy_03.c	103
/home/swlab-jueon/swvul/tools/java-vuln-detection/slicing/output/CPG/c/cwe194_cpg/cwe194-1012-cpg-resolved.bin	tc1012_flow1	CWE194_Unexpected_Sign_Extension__rand_memcpy_04.c	36	CWE194_Unexpected_Sign_Extension__rand_memcpy_04.c	47
/home/swlab-jueon/swvul/tools/java-vuln-detection/slicing/output/CPG/c/cwe194_cpg/cwe194-1012-cpg-resolved.bin	tc1012_flow2	CWE194_Unexpected_Sign_Extension__rand_memcpy_04.c	72	CWE194_Unexpected_Sign_Extension__rand_memcpy_04.c	83
/home/swlab-jueon/swvul/tools/java-vuln-detection/slicing/output/CPG/c/cwe194_cpg/cwe194-1012-cpg-resolved.bin	tc1012_flow3	CWE194_Unexpected_Sign_Extension__rand_memcpy_04.c	99	CWE194_Unexpected_Sign_Extension__rand_memcpy_04.c	110
/home/swlab-jueon/swvul/tools/java-vuln-detection/slicing/output/CPG/c/cwe194_cpg/cwe194-1013-cpg-resolved.bin	tc1013_flow1	CWE194_Unexpected_Sign_Extension__rand_memcpy_05.c	36	CWE194_Unexpected_Sign_Extension__rand_memcpy_05.c	47
/home/swlab-jueon/swvul/tools/java-vuln-detection/slicing/output/CPG/c/cwe194_cpg/cwe194-1013-cpg-resolved.bin	tc1013_flow2	CWE194_Unexpected_Sign_Extension__rand_memcpy_05.c	72	CWE194_Unexpected_Sign_Extension__rand_memcpy_05.c	83
/home/swlab-jueon/swvul/tools/java-vuln-detection/slicing/output/CPG/c/cwe194_cpg/cwe194-1013-cpg-resolved.bin	tc1013_flow3	CWE194_Unexpected_Sign_Extension__rand_memcpy_05.c	99	CWE194_Unexpected_Sign_Extension__rand_memcpy_05.c	110
/home/swlab-jueon/swvul/tools/java-vuln-detection/slicing/output/CPG/c/cwe194_cpg/cwe194-1014-cpg-resolved.bin	tc1014_flow1	CWE194_Unexpected_Sign_Extension__rand_memcpy_06.c	33	CWE194_Unexpected_Sign_Extension__rand_memcpy_06.c	44
/home/swlab-jueon/swvul/tools/java-vuln-detection/slicing/output/CPG/c/cwe194_cpg/cwe194-1014-cpg-resolved.bin	tc1014_flow2	CWE194_Unexpected_Sign_Extension__rand_memcpy_06.c	69	CWE194_Unexpected_Sign_Extension__rand_memcpy_06.c	80
/home/swlab-jueon/swvul/tools/java-vuln-detection/slicing/output/CPG/c/cwe194_cpg/cwe194-1014-cpg-resolved.bin	tc1014_flow3	CWE194_Unexpected_Sign_Extension__rand_memcpy_06.c	96	CWE194_Unexpected_Sign_Extension__rand_memcpy_06.c	107
/home/swlab-jueon/swvul/tools/java-vuln-detection/slicing/output/CPG/c/cwe194_cpg/cwe194-1015-cpg-resolved.bin	tc1015_flow1	CWE194_Unexpected_Sign_Extension__rand_memcpy_07.c	35	CWE194_Unexpected_Sign_Extension__rand_memcpy_07.c	46
/home/swlab-jueon/swvul/tools/java-vuln-detection/slicing/output/CPG/c/cwe194_cpg/cwe194-1015-cpg-resolved.bin	tc1015_flow2	CWE194_Unexpected_Sign_Extension__rand_memcpy_07.c	71	CWE194_Unexpected_Sign_Extension__rand_memcpy_07.c	82
/home/swlab-jueon/swvul/tools/java-vuln-detection/slicing/output/CPG/c/cwe194_cpg/cwe194-1015-cpg-resolved.bin	tc1015_flow3	CWE194_Unexpected_Sign_Extension__rand_memcpy_07.c	98	CWE194_Unexpected_Sign_Extension__rand_memcpy_07.c	109
/home/swlab-jueon/swvul/tools/java-vuln-detection/slicing/output/CPG/c/cwe194_cpg/cwe194-1016-cpg-resolved.bin	tc1016_flow1	CWE194_Unexpected_Sign_Extension__rand_memcpy_08.c	43	CWE194_Unexpected_Sign_Extension__rand_memcpy_08.c	54
/home/swlab-jueon/swvul/tools/java-vuln-detection/slicing/output/CPG/c/cwe194_cpg/cwe194-1016-cpg-resolved.bin	tc1016_flow2	CWE194_Unexpected_Sign_Extension__rand_memcpy_08.c	79	CWE194_Unexpected_Sign_Extension__rand_memcpy_08.c	90
/home/swlab-jueon/swvul/tools/java-vuln-detection/slicing/output/CPG/c/cwe194_cpg/cwe194-1016-cpg-resolved.bin	tc1016_flow3	CWE194_Unexpected_Sign_Extension__rand_memcpy_08.c	106	CWE194_Unexpected_Sign_Extension__rand_memcpy_08.c	117
/home/swlab-jueon/swvul/tools/java-vuln-detection/slicing/output/CPG/c/cwe194_cpg/cwe194-1017-cpg-resolved.bin	tc1017_flow1	CWE194_Unexpected_Sign_Extension__rand_memcpy_09.c	29	CWE194_Unexpected_Sign_Extension__rand_memcpy_09.c	40
/home/swlab-jueon/swvul/tools/java-vuln-detection/slicing/output/CPG/c/cwe194_cpg/cwe194-1017-cpg-resolved.bin	tc1017_flow2	CWE194_Unexpected_Sign_Extension__rand_memcpy_09.c	65	CWE194_Unexpected_Sign_Extension__rand_memcpy_09.c	76
/home/swlab-jueon/swvul/tools/java-vuln-detection/slicing/output/CPG/c/cwe194_cpg/cwe194-1017-cpg-resolved.bin	tc1017_flow3	CWE194_Unexpected_Sign_Extension__rand_memcpy_09.c	92	CWE194_Unexpected_Sign_Extension__rand_memcpy_09.c	103
/home/swlab-jueon/swvul/tools/java-vuln-detection/slicing/output/CPG/c/cwe194_cpg/cwe194-1018-cpg-resolved.bin	tc1018_flow1	CWE194_Unexpected_Sign_Extension__rand_memcpy_10.c	29	CWE194_Unexpected_Sign_Extension__rand_memcpy_10.c	40
/home/swlab-jueon/swvul/tools/java-vuln-detection/slicing/output/CPG/c/cwe194_cpg/cwe194-1018-cpg-resolved.bin	tc1018_flow2	CWE194_Unexpected_Sign_Extension__rand_memcpy_10.c	65	CWE194_Unexpected_Sign_Extension__rand_memcpy_10.c	76
/home/swlab-jueon/swvul/tools/java-vuln-detection/slicing/output/CPG/c/cwe194_cpg/cwe194-1018-cpg-resolved.bin	tc1018_flow3	CWE194_Unexpected_Sign_Extension__rand_memcpy_10.c	92	CWE194_Unexpected_Sign_Extension__rand_memcpy_10.c	103
/home/swlab-jueon/swvul/tools/java-vuln-detection/slicing/output/CPG/c/cwe194_cpg/cwe194-1019-cpg-resolved.bin	tc1019_flow1	CWE194_Unexpected_Sign_Extension__rand_memcpy_11.c	29	CWE194_Unexpected_Sign_Extension__rand_memcpy_11.c	40
/home/swlab-jueon/swvul/tools/java-vuln-detection/slicing/output/CPG/c/cwe194_cpg/cwe194-1019-cpg-resolved.bin	tc1019_flow2	CWE194_Unexpected_Sign_Extension__rand_memcpy_11.c	65	CWE194_Unexpected_Sign_Extension__rand_memcpy_11.c	76
/home/swlab-jueon/swvul/tools/java-vuln-detection/slicing/output/CPG/c/cwe194_cpg/cwe194-1019-cpg-resolved.bin	tc1019_flow3	CWE194_Unexpected_Sign_Extension__rand_memcpy_11.c	92	CWE194_Unexpected_Sign_Extension__rand_memcpy_11.c	103
/home/swlab-jueon/swvul/tools/java-vuln-detection/slicing/output/CPG/c/cwe194_cpg/cwe194-1020-cpg-resolved.bin	tc1020_flow1	CWE194_Unexpected_Sign_Extension__rand_memcpy_12.c	29	CWE194_Unexpected_Sign_Extension__rand_memcpy_12.c	45
/home/swlab-jueon/swvul/tools/java-vuln-detection/slicing/output/CPG/c/cwe194_cpg/cwe194-1020-cpg-resolved.bin	tc1020_flow2	CWE194_Unexpected_Sign_Extension__rand_memcpy_12.c	66	CWE194_Unexpected_Sign_Extension__rand_memcpy_12.c	82
/home/swlab-jueon/swvul/tools/java-vuln-detection/slicing/output/CPG/c/cwe194_cpg/cwe194-1021-cpg-resolved.bin	tc1021_flow1	CWE194_Unexpected_Sign_Extension__rand_memcpy_13.c	29	CWE194_Unexpected_Sign_Extension__rand_memcpy_13.c	40
/home/swlab-jueon/swvul/tools/java-vuln-detection/slicing/output/CPG/c/cwe194_cpg/cwe194-1021-cpg-resolved.bin	tc1021_flow2	CWE194_Unexpected_Sign_Extension__rand_memcpy_13.c	65	CWE194_Unexpected_Sign_Extension__rand_memcpy_13.c	76
/home/swlab-jueon/swvul/tools/java-vuln-detection/slicing/output/CPG/c/cwe194_cpg/cwe194-1021-cpg-resolved.bin	tc1021_flow3	CWE194_Unexpected_Sign_Extension__rand_memcpy_13.c	92	CWE194_Unexpected_Sign_Extension__rand_memcpy_13.c	103
/home/swlab-jueon/swvul/tools/java-vuln-detection/slicing/output/CPG/c/cwe194_cpg/cwe194-1022-cpg-resolved.bin	tc1022_flow1	CWE194_Unexpected_Sign_Extension__rand_memcpy_14.c	29	CWE194_Unexpected_Sign_Extension__rand_memcpy_14.c	40
/home/swlab-jueon/swvul/tools/java-vuln-detection/slicing/output/CPG/c/cwe194_cpg/cwe194-1022-cpg-resolved.bin	tc1022_flow2	CWE194_Unexpected_Sign_Extension__rand_memcpy_14.c	65	CWE194_Unexpected_Sign_Extension__rand_memcpy_14.c	76
/home/swlab-jueon/swvul/tools/java-vuln-detection/slicing/output/CPG/c/cwe194_cpg/cwe194-1022-cpg-resolved.bin	tc1022_flow3	CWE194_Unexpected_Sign_Extension__rand_memcpy_14.c	92	CWE194_Unexpected_Sign_Extension__rand_memcpy_14.c	103
/home/swlab-jueon/swvul/tools/java-vuln-detection/slicing/output/CPG/c/cwe194_cpg/cwe194-1023-cpg-resolved.bin	tc1023_flow1	CWE194_Unexpected_Sign_Extension__rand_memcpy_15.c	30	CWE194_Unexpected_Sign_Extension__rand_memcpy_15.c	46
/home/swlab-jueon/swvul/tools/java-vuln-detection/slicing/output/CPG/c/cwe194_cpg/cwe194-1023-cpg-resolved.bin	tc1023_flow2	CWE194_Unexpected_Sign_Extension__rand_memcpy_15.c	71	CWE194_Unexpected_Sign_Extension__rand_memcpy_15.c	83
/home/swlab-jueon/swvul/tools/java-vuln-detection/slicing/output/CPG/c/cwe194_cpg/cwe194-1023-cpg-resolved.bin	tc1023_flow3	CWE194_Unexpected_Sign_Extension__rand_memcpy_15.c	100	CWE194_Unexpected_Sign_Extension__rand_memcpy_15.c	116
/home/swlab-jueon/swvul/tools/java-vuln-detection/slicing/output/CPG/c/cwe194_cpg/cwe194-1024-cpg-resolved.bin	tc1024_flow1	CWE194_Unexpected_Sign_Extension__rand_memcpy_16.c	29	CWE194_Unexpected_Sign_Extension__rand_memcpy_16.c	41
/home/swlab-jueon/swvul/tools/java-vuln-detection/slicing/output/CPG/c/cwe194_cpg/cwe194-1024-cpg-resolved.bin	tc1024_flow2	CWE194_Unexpected_Sign_Extension__rand_memcpy_16.c	61	CWE194_Unexpected_Sign_Extension__rand_memcpy_16.c	73
/home/swlab-jueon/swvul/tools/java-vuln-detection/slicing/output/CPG/c/cwe194_cpg/cwe194-1025-cpg-resolved.bin	tc1025_flow1	CWE194_Unexpected_Sign_Extension__rand_memcpy_17.c	30	CWE194_Unexpected_Sign_Extension__rand_memcpy_17.c	41
/home/swlab-jueon/swvul/tools/java-vuln-detection/slicing/output/CPG/c/cwe194_cpg/cwe194-1025-cpg-resolved.bin	tc1025_flow2	CWE194_Unexpected_Sign_Extension__rand_memcpy_17.c	62	CWE194_Unexpected_Sign_Extension__rand_memcpy_17.c	73
/home/swlab-jueon/swvul/tools/java-vuln-detection/slicing/output/CPG/c/cwe194_cpg/cwe194-1026-cpg-resolved.bin	tc1026_flow1	CWE194_Unexpected_Sign_Extension__rand_memcpy_18.c	29	CWE194_Unexpected_Sign_Extension__rand_memcpy_18.c	39
/home/swlab-jueon/swvul/tools/java-vuln-detection/slicing/output/CPG/c/cwe194_cpg/cwe194-1026-cpg-resolved.bin	tc1026_flow2	CWE194_Unexpected_Sign_Extension__rand_memcpy_18.c	59	CWE194_Unexpected_Sign_Extension__rand_memcpy_18.c	69
/home/swlab-jueon/swvul/tools/java-vuln-detection/slicing/output/CPG/c/cwe194_cpg/cwe194-1027-cpg-resolved.bin	tc1027_flow1	CWE194_Unexpected_Sign_Extension__rand_memcpy_21.c	29	CWE194_Unexpected_Sign_Extension__rand_memcpy_21.c	50
/home/swlab-jueon/swvul/tools/java-vuln-detection/slicing/output/CPG/c/cwe194_cpg/cwe194-1027-cpg-resolved.bin	tc1027_flow2	CWE194_Unexpected_Sign_Extension__rand_memcpy_21.c	76	CWE194_Unexpected_Sign_Extension__rand_memcpy_21.c	97
/home/swlab-jueon/swvul/tools/java-vuln-detection/slicing/output/CPG/c/cwe194_cpg/cwe194-1027-cpg-resolved.bin	tc1027_flow3	CWE194_Unexpected_Sign_Extension__rand_memcpy_21.c	110	CWE194_Unexpected_Sign_Extension__rand_memcpy_21.c	131
/home/swlab-jueon/swvul/tools/java-vuln-detection/slicing/output/CPG/c/cwe194_cpg/cwe194-1028-cpg-resolved.bin	tc1028_flow1	CWE194_Unexpected_Sign_Extension__rand_memcpy_22b.c	29	CWE194_Unexpected_Sign_Extension__rand_memcpy_22a.c	42
/home/swlab-jueon/swvul/tools/java-vuln-detection/slicing/output/CPG/c/cwe194_cpg/cwe194-1028-cpg-resolved.bin	tc1028_flow2	CWE194_Unexpected_Sign_Extension__rand_memcpy_22b.c	53	CWE194_Unexpected_Sign_Extension__rand_memcpy_22a.c	76
/home/swlab-jueon/swvul/tools/java-vuln-detection/slicing/output/CPG/c/cwe194_cpg/cwe194-1028-cpg-resolved.bin	tc1028_flow3	CWE194_Unexpected_Sign_Extension__rand_memcpy_22b.c	64	CWE194_Unexpected_Sign_Extension__rand_memcpy_22a.c	102
/home/swlab-jueon/swvul/tools/java-vuln-detection/slicing/output/CPG/c/cwe194_cpg/cwe194-1029-cpg-resolved.bin	tc1029_flow1	CWE194_Unexpected_Sign_Extension__rand_memcpy_31.c	27	CWE194_Unexpected_Sign_Extension__rand_memcpy_31.c	40
/home/swlab-jueon/swvul/tools/java-vuln-detection/slicing/output/CPG/c/cwe194_cpg/cwe194-1029-cpg-resolved.bin	tc1029_flow2	CWE194_Unexpected_Sign_Extension__rand_memcpy_31.c	59	CWE194_Unexpected_Sign_Extension__rand_memcpy_31.c	72
/home/swlab-jueon/swvul/tools/java-vuln-detection/slicing/output/CPG/c/cwe194_cpg/cwe194-1030-cpg-resolved.bin	tc1030_flow1	CWE194_Unexpected_Sign_Extension__rand_memcpy_32.c	31	CWE194_Unexpected_Sign_Extension__rand_memcpy_32.c	45
/home/swlab-jueon/swvul/tools/java-vuln-detection/slicing/output/CPG/c/cwe194_cpg/cwe194-1030-cpg-resolved.bin	tc1030_flow2	CWE194_Unexpected_Sign_Extension__rand_memcpy_32.c	68	CWE194_Unexpected_Sign_Extension__rand_memcpy_32.c	82
/home/swlab-jueon/swvul/tools/java-vuln-detection/slicing/output/CPG/c/cwe194_cpg/cwe194-1031-cpg-resolved.bin	tc1031_flow1	CWE194_Unexpected_Sign_Extension__rand_memcpy_33.cpp	31	CWE194_Unexpected_Sign_Extension__rand_memcpy_33.cpp	43
/home/swlab-jueon/swvul/tools/java-vuln-detection/slicing/output/CPG/c/cwe194_cpg/cwe194-1031-cpg-resolved.bin	tc1031_flow2	CWE194_Unexpected_Sign_Extension__rand_memcpy_33.cpp	63	CWE194_Unexpected_Sign_Extension__rand_memcpy_33.cpp	75
/home/swlab-jueon/swvul/tools/java-vuln-detection/slicing/output/CPG/c/cwe194_cpg/cwe194-1032-cpg-resolved.bin	tc1032_flow1	CWE194_Unexpected_Sign_Extension__rand_memcpy_34.c	34	CWE194_Unexpected_Sign_Extension__rand_memcpy_34.c	47
/home/swlab-jueon/swvul/tools/java-vuln-detection/slicing/output/CPG/c/cwe194_cpg/cwe194-1032-cpg-resolved.bin	tc1032_flow2	CWE194_Unexpected_Sign_Extension__rand_memcpy_34.c	67	CWE194_Unexpected_Sign_Extension__rand_memcpy_34.c	80
/home/swlab-jueon/swvul/tools/java-vuln-detection/slicing/output/CPG/c/cwe194_cpg/cwe194-1033-cpg-resolved.bin	tc1033_flow1	CWE194_Unexpected_Sign_Extension__rand_memcpy_41.c	45	CWE194_Unexpected_Sign_Extension__rand_memcpy_41.c	32
/home/swlab-jueon/swvul/tools/java-vuln-detection/slicing/output/CPG/c/cwe194_cpg/cwe194-1033-cpg-resolved.bin	tc1033_flow2	CWE194_Unexpected_Sign_Extension__rand_memcpy_41.c	78	CWE194_Unexpected_Sign_Extension__rand_memcpy_41.c	64
/home/swlab-jueon/swvul/tools/java-vuln-detection/slicing/output/CPG/c/cwe194_cpg/cwe194-1034-cpg-resolved.bin	tc1034_flow1	CWE194_Unexpected_Sign_Extension__rand_memcpy_42.c	24	CWE194_Unexpected_Sign_Extension__rand_memcpy_42.c	43
/home/swlab-jueon/swvul/tools/java-vuln-detection/slicing/output/CPG/c/cwe194_cpg/cwe194-1034-cpg-resolved.bin	tc1034_flow2	CWE194_Unexpected_Sign_Extension__rand_memcpy_42.c	57	CWE194_Unexpected_Sign_Extension__rand_memcpy_42.c	77
/home/swlab-jueon/swvul/tools/java-vuln-detection/slicing/output/CPG/c/cwe194_cpg/cwe194-1035-cpg-resolved.bin	tc1035_flow1	CWE194_Unexpected_Sign_Extension__rand_memcpy_43.cpp	27	CWE194_Unexpected_Sign_Extension__rand_memcpy_43.cpp	45
/home/swlab-jueon/swvul/tools/java-vuln-detection/slicing/output/CPG/c/cwe194_cpg/cwe194-1035-cpg-resolved.bin	tc1035_flow2	CWE194_Unexpected_Sign_Extension__rand_memcpy_43.cpp	60	CWE194_Unexpected_Sign_Extension__rand_memcpy_43.cpp	78
/home/swlab-jueon/swvul/tools/java-vuln-detection/slicing/output/CPG/c/cwe194_cpg/cwe194-1036-cpg-resolved.bin	tc1036_flow1	CWE194_Unexpected_Sign_Extension__rand_memcpy_44.c	47	CWE194_Unexpected_Sign_Extension__rand_memcpy_44.c	32
/home/swlab-jueon/swvul/tools/java-vuln-detection/slicing/output/CPG/c/cwe194_cpg/cwe194-1036-cpg-resolved.bin	tc1036_flow2	CWE194_Unexpected_Sign_Extension__rand_memcpy_44.c	82	CWE194_Unexpected_Sign_Extension__rand_memcpy_44.c	68
/home/swlab-jueon/swvul/tools/java-vuln-detection/slicing/output/CPG/c/cwe194_cpg/cwe194-1037-cpg-resolved.bin	tc1037_flow1	CWE194_Unexpected_Sign_Extension__rand_memcpy_45.c	49	CWE194_Unexpected_Sign_Extension__rand_memcpy_45.c	36
/home/swlab-jueon/swvul/tools/java-vuln-detection/slicing/output/CPG/c/cwe194_cpg/cwe194-1037-cpg-resolved.bin	tc1037_flow2	CWE194_Unexpected_Sign_Extension__rand_memcpy_45.c	84	CWE194_Unexpected_Sign_Extension__rand_memcpy_45.c	71
/home/swlab-jueon/swvul/tools/java-vuln-detection/slicing/output/CPG/c/cwe194_cpg/cwe194-1038-cpg-resolved.bin	tc1038_flow1	CWE194_Unexpected_Sign_Extension__rand_memcpy_51a.c	30	CWE194_Unexpected_Sign_Extension__rand_memcpy_51b.c	34
/home/swlab-jueon/swvul/tools/java-vuln-detection/slicing/output/CPG/c/cwe194_cpg/cwe194-1038-cpg-resolved.bin	tc1038_flow2	CWE194_Unexpected_Sign_Extension__rand_memcpy_51a.c	48	CWE194_Unexpected_Sign_Extension__rand_memcpy_51b.c	57
/home/swlab-jueon/swvul/tools/java-vuln-detection/slicing/output/CPG/c/cwe194_cpg/cwe194-1039-cpg-resolved.bin	tc1039_flow1	CWE194_Unexpected_Sign_Extension__rand_memcpy_52a.c	30	CWE194_Unexpected_Sign_Extension__rand_memcpy_52c.c	34
/home/swlab-jueon/swvul/tools/java-vuln-detection/slicing/output/CPG/c/cwe194_cpg/cwe194-1039-cpg-resolved.bin	tc1039_flow2	CWE194_Unexpected_Sign_Extension__rand_memcpy_52a.c	48	CWE194_Unexpected_Sign_Extension__rand_memcpy_52c.c	57
/home/swlab-jueon/swvul/tools/java-vuln-detection/slicing/output/CPG/c/cwe194_cpg/cwe194-1040-cpg-resolved.bin	tc1040_flow1	CWE194_Unexpected_Sign_Extension__rand_memcpy_53a.c	30	CWE194_Unexpected_Sign_Extension__rand_memcpy_53d.c	34
/home/swlab-jueon/swvul/tools/java-vuln-detection/slicing/output/CPG/c/cwe194_cpg/cwe194-1040-cpg-resolved.bin	tc1040_flow2	CWE194_Unexpected_Sign_Extension__rand_memcpy_53a.c	48	CWE194_Unexpected_Sign_Extension__rand_memcpy_53d.c	57
/home/swlab-jueon/swvul/tools/java-vuln-detection/slicing/output/CPG/c/cwe194_cpg/cwe194-1041-cpg-resolved.bin	tc1041_flow1	CWE194_Unexpected_Sign_Extension__rand_memcpy_54a.c	30	CWE194_Unexpected_Sign_Extension__rand_memcpy_54e.c	34
/home/swlab-jueon/swvul/tools/java-vuln-detection/slicing/output/CPG/c/cwe194_cpg/cwe194-1041-cpg-resolved.bin	tc1041_flow2	CWE194_Unexpected_Sign_Extension__rand_memcpy_54a.c	48	CWE194_Unexpected_Sign_Extension__rand_memcpy_54e.c	57
/home/swlab-jueon/swvul/tools/java-vuln-detection/slicing/output/CPG/c/cwe194_cpg/cwe194-1042-cpg-resolved.bin	tc1042_flow1	CWE194_Unexpected_Sign_Extension__rand_memcpy_61b.c	24	CWE194_Unexpected_Sign_Extension__rand_memcpy_61a.c	39
/home/swlab-jueon/swvul/tools/java-vuln-detection/slicing/output/CPG/c/cwe194_cpg/cwe194-1042-cpg-resolved.bin	tc1042_flow2	CWE194_Unexpected_Sign_Extension__rand_memcpy_61b.c	36	CWE194_Unexpected_Sign_Extension__rand_memcpy_61a.c	68
/home/swlab-jueon/swvul/tools/java-vuln-detection/slicing/output/CPG/c/cwe194_cpg/cwe194-1043-cpg-resolved.bin	tc1043_flow1	CWE194_Unexpected_Sign_Extension__rand_memcpy_62b.cpp	27	CWE194_Unexpected_Sign_Extension__rand_memcpy_62a.cpp	42
/home/swlab-jueon/swvul/tools/java-vuln-detection/slicing/output/CPG/c/cwe194_cpg/cwe194-1043-cpg-resolved.bin	tc1043_flow2	CWE194_Unexpected_Sign_Extension__rand_memcpy_62b.cpp	38	CWE194_Unexpected_Sign_Extension__rand_memcpy_62a.cpp	71
/home/swlab-jueon/swvul/tools/java-vuln-detection/slicing/output/CPG/c/cwe194_cpg/cwe194-1044-cpg-resolved.bin	tc1044_flow1	CWE194_Unexpected_Sign_Extension__rand_memcpy_63a.c	30	CWE194_Unexpected_Sign_Extension__rand_memcpy_63b.c	33
/home/swlab-jueon/swvul/tools/java-vuln-detection/slicing/output/CPG/c/cwe194_cpg/cwe194-1044-cpg-resolved.bin	tc1044_flow2	CWE194_Unexpected_Sign_Extension__rand_memcpy_63a.c	47	CWE194_Unexpected_Sign_Extension__rand_memcpy_63b.c	57
/home/swlab-jueon/swvul/tools/java-vuln-detection/slicing/output/CPG/c/cwe194_cpg/cwe194-1045-cpg-resolved.bin	tc1045_flow1	CWE194_Unexpected_Sign_Extension__rand_memcpy_64a.c	30	CWE194_Unexpected_Sign_Extension__rand_memcpy_64b.c	36
/home/swlab-jueon/swvul/tools/java-vuln-detection/slicing/output/CPG/c/cwe194_cpg/cwe194-1045-cpg-resolved.bin	tc1045_flow2	CWE194_Unexpected_Sign_Extension__rand_memcpy_64a.c	47	CWE194_Unexpected_Sign_Extension__rand_memcpy_64b.c	63
/home/swlab-jueon/swvul/tools/java-vuln-detection/slicing/output/CPG/c/cwe194_cpg/cwe194-1046-cpg-resolved.bin	tc1046_flow1	CWE194_Unexpected_Sign_Extension__rand_memcpy_65a.c	32	CWE194_Unexpected_Sign_Extension__rand_memcpy_65b.c	32
/home/swlab-jueon/swvul/tools/java-vuln-detection/slicing/output/CPG/c/cwe194_cpg/cwe194-1046-cpg-resolved.bin	tc1046_flow2	CWE194_Unexpected_Sign_Extension__rand_memcpy_65a.c	51	CWE194_Unexpected_Sign_Extension__rand_memcpy_65b.c	55
/home/swlab-jueon/swvul/tools/java-vuln-detection/slicing/output/CPG/c/cwe194_cpg/cwe194-1047-cpg-resolved.bin	tc1047_flow1	CWE194_Unexpected_Sign_Extension__rand_memcpy_66a.c	31	CWE194_Unexpected_Sign_Extension__rand_memcpy_66b.c	34
/home/swlab-jueon/swvul/tools/java-vuln-detection/slicing/output/CPG/c/cwe194_cpg/cwe194-1047-cpg-resolved.bin	tc1047_flow2	CWE194_Unexpected_Sign_Extension__rand_memcpy_66a.c	51	CWE194_Unexpected_Sign_Extension__rand_memcpy_66b.c	58
/home/swlab-jueon/swvul/tools/java-vuln-detection/slicing/output/CPG/c/cwe194_cpg/cwe194-1048-cpg-resolved.bin	tc1048_flow1	CWE194_Unexpected_Sign_Extension__rand_memcpy_67a.c	36	CWE194_Unexpected_Sign_Extension__rand_memcpy_67b.c	38
/home/swlab-jueon/swvul/tools/java-vuln-detection/slicing/output/CPG/c/cwe194_cpg/cwe194-1048-cpg-resolved.bin	tc1048_flow2	CWE194_Unexpected_Sign_Extension__rand_memcpy_67a.c	55	CWE194_Unexpected_Sign_Extension__rand_memcpy_67b.c	62
/home/swlab-jueon/swvul/tools/java-vuln-detection/slicing/output/CPG/c/cwe194_cpg/cwe194-1049-cpg-resolved.bin	tc1049_flow1	CWE194_Unexpected_Sign_Extension__rand_memcpy_68a.c	33	CWE194_Unexpected_Sign_Extension__rand_memcpy_68b.c	38
/home/swlab-jueon/swvul/tools/java-vuln-detection/slicing/output/CPG/c/cwe194_cpg/cwe194-1049-cpg-resolved.bin	tc1049_flow2	CWE194_Unexpected_Sign_Extension__rand_memcpy_68a.c	52	CWE194_Unexpected_Sign_Extension__rand_memcpy_68b.c	62
/home/swlab-jueon/swvul/tools/java-vuln-detection/slicing/output/CPG/c/cwe194_cpg/cwe194-1050-cpg-resolved.bin	tc1050_flow1	CWE194_Unexpected_Sign_Extension__rand_memcpy_72a.cpp	37	CWE194_Unexpected_Sign_Extension__rand_memcpy_72b.cpp	40
/home/swlab-jueon/swvul/tools/java-vuln-detection/slicing/output/CPG/c/cwe194_cpg/cwe194-1050-cpg-resolved.bin	tc1050_flow2	CWE194_Unexpected_Sign_Extension__rand_memcpy_72a.cpp	61	CWE194_Unexpected_Sign_Extension__rand_memcpy_72b.cpp	64
/home/swlab-jueon/swvul/tools/java-vuln-detection/slicing/output/CPG/c/cwe194_cpg/cwe194-1051-cpg-resolved.bin	tc1051_flow1	CWE194_Unexpected_Sign_Extension__rand_memcpy_73a.cpp	37	CWE194_Unexpected_Sign_Extension__rand_memcpy_73b.cpp	40
/home/swlab-jueon/swvul/tools/java-vuln-detection/slicing/output/CPG/c/cwe194_cpg/cwe194-1051-cpg-resolved.bin	tc1051_flow2	CWE194_Unexpected_Sign_Extension__rand_memcpy_73a.cpp	61	CWE194_Unexpected_Sign_Extension__rand_memcpy_73b.cpp	64
/home/swlab-jueon/swvul/tools/java-vuln-detection/slicing/output/CPG/c/cwe194_cpg/cwe194-1052-cpg-resolved.bin	tc1052_flow1	CWE194_Unexpected_Sign_Extension__rand_memcpy_74a.cpp	37	CWE194_Unexpected_Sign_Extension__rand_memcpy_74b.cpp	40
/home/swlab-jueon/swvul/tools/java-vuln-detection/slicing/output/CPG/c/cwe194_cpg/cwe194-1052-cpg-resolved.bin	tc1052_flow2	CWE194_Unexpected_Sign_Extension__rand_memcpy_74a.cpp	61	CWE194_Unexpected_Sign_Extension__rand_memcpy_74b.cpp	64
/home/swlab-jueon/swvul/tools/java-vuln-detection/slicing/output/CPG/c/cwe194_cpg/cwe194-1053-cpg-resolved.bin	tc1053_flow1	CWE194_Unexpected_Sign_Extension__rand_memcpy_81a.cpp	31	CWE194_Unexpected_Sign_Extension__rand_memcpy_81_bad.cpp	35
/home/swlab-jueon/swvul/tools/java-vuln-detection/slicing/output/CPG/c/cwe194_cpg/cwe194-1053-cpg-resolved.bin	tc1053_flow2	CWE194_Unexpected_Sign_Extension__rand_memcpy_81a.cpp	47	CWE194_Unexpected_Sign_Extension__rand_memcpy_81_goodG2B.cpp	35
/home/swlab-jueon/swvul/tools/java-vuln-detection/slicing/output/CPG/c/cwe194_cpg/cwe194-1054-cpg-resolved.bin	tc1054_flow1	CWE194_Unexpected_Sign_Extension__rand_memcpy_82a.cpp	31	CWE194_Unexpected_Sign_Extension__rand_memcpy_82_bad.cpp	35
/home/swlab-jueon/swvul/tools/java-vuln-detection/slicing/output/CPG/c/cwe194_cpg/cwe194-1054-cpg-resolved.bin	tc1054_flow2	CWE194_Unexpected_Sign_Extension__rand_memcpy_82a.cpp	48	CWE194_Unexpected_Sign_Extension__rand_memcpy_82_goodG2B.cpp	35
/home/swlab-jueon/swvul/tools/java-vuln-detection/slicing/output/CPG/c/cwe194_cpg/cwe194-1055-cpg-resolved.bin	tc1055_flow1	CWE194_Unexpected_Sign_Extension__rand_memcpy_83_bad.cpp	27	CWE194_Unexpected_Sign_Extension__rand_memcpy_83_bad.cpp	41
/home/swlab-jueon/swvul/tools/java-vuln-detection/slicing/output/CPG/c/cwe194_cpg/cwe194-1055-cpg-resolved.bin	tc1055_flow2	CWE194_Unexpected_Sign_Extension__rand_memcpy_83_goodG2B.cpp	27	CWE194_Unexpected_Sign_Extension__rand_memcpy_83_goodG2B.cpp	41
/home/swlab-jueon/swvul/tools/java-vuln-detection/slicing/output/CPG/c/cwe194_cpg/cwe194-1056-cpg-resolved.bin	tc1056_flow1	CWE194_Unexpected_Sign_Extension__rand_memcpy_84_bad.cpp	27	CWE194_Unexpected_Sign_Extension__rand_memcpy_84_bad.cpp	41
/home/swlab-jueon/swvul/tools/java-vuln-detection/slicing/output/CPG/c/cwe194_cpg/cwe194-1056-cpg-resolved.bin	tc1056_flow2	CWE194_Unexpected_Sign_Extension__rand_memcpy_84_goodG2B.cpp	27	CWE194_Unexpected_Sign_Extension__rand_memcpy_84_goodG2B.cpp	41
/home/swlab-jueon/swvul/tools/java-vuln-detection/slicing/output/CPG/c/cwe194_cpg/cwe194-1057-cpg-resolved.bin	tc1057_flow1	CWE194_Unexpected_Sign_Extension__rand_memmove_01.c	27	CWE194_Unexpected_Sign_Extension__rand_memmove_01.c	37
/home/swlab-jueon/swvul/tools/java-vuln-detection/slicing/output/CPG/c/cwe194_cpg/cwe194-1057-cpg-resolved.bin	tc1057_flow2	CWE194_Unexpected_Sign_Extension__rand_memmove_01.c	55	CWE194_Unexpected_Sign_Extension__rand_memmove_01.c	65
/home/swlab-jueon/swvul/tools/java-vuln-detection/slicing/output/CPG/c/cwe194_cpg/cwe194-1058-cpg-resolved.bin	tc1058_flow1	CWE194_Unexpected_Sign_Extension__rand_memmove_02.c	29	CWE194_Unexpected_Sign_Extension__rand_memmove_02.c	40
/home/swlab-jueon/swvul/tools/java-vuln-detection/slicing/output/CPG/c/cwe194_cpg/cwe194-1058-cpg-resolved.bin	tc1058_flow2	CWE194_Unexpected_Sign_Extension__rand_memmove_02.c	65	CWE194_Unexpected_Sign_Extension__rand_memmove_02.c	76
/home/swlab-jueon/swvul/tools/java-vuln-detection/slicing/output/CPG/c/cwe194_cpg/cwe194-1058-cpg-resolved.bin	tc1058_flow3	CWE194_Unexpected_Sign_Extension__rand_memmove_02.c	92	CWE194_Unexpected_Sign_Extension__rand_memmove_02.c	103
/home/swlab-jueon/swvul/tools/java-vuln-detection/slicing/output/CPG/c/cwe194_cpg/cwe194-1059-cpg-resolved.bin	tc1059_flow1	CWE194_Unexpected_Sign_Extension__rand_memmove_03.c	29	CWE194_Unexpected_Sign_Extension__rand_memmove_03.c	40
/home/swlab-jueon/swvul/tools/java-vuln-detection/slicing/output/CPG/c/cwe194_cpg/cwe194-1059-cpg-resolved.bin	tc1059_flow2	CWE194_Unexpected_Sign_Extension__rand_memmove_03.c	65	CWE194_Unexpected_Sign_Extension__rand_memmove_03.c	76
/home/swlab-jueon/swvul/tools/java-vuln-detection/slicing/output/CPG/c/cwe194_cpg/cwe194-1059-cpg-resolved.bin	tc1059_flow3	CWE194_Unexpected_Sign_Extension__rand_memmove_03.c	92	CWE194_Unexpected_Sign_Extension__rand_memmove_03.c	103
/home/swlab-jueon/swvul/tools/java-vuln-detection/slicing/output/CPG/c/cwe194_cpg/cwe194-1060-cpg-resolved.bin	tc1060_flow1	CWE194_Unexpected_Sign_Extension__rand_memmove_04.c	36	CWE194_Unexpected_Sign_Extension__rand_memmove_04.c	47
/home/swlab-jueon/swvul/tools/java-vuln-detection/slicing/output/CPG/c/cwe194_cpg/cwe194-1060-cpg-resolved.bin	tc1060_flow2	CWE194_Unexpected_Sign_Extension__rand_memmove_04.c	72	CWE194_Unexpected_Sign_Extension__rand_memmove_04.c	83
/home/swlab-jueon/swvul/tools/java-vuln-detection/slicing/output/CPG/c/cwe194_cpg/cwe194-1060-cpg-resolved.bin	tc1060_flow3	CWE194_Unexpected_Sign_Extension__rand_memmove_04.c	99	CWE194_Unexpected_Sign_Extension__rand_memmove_04.c	110
/home/swlab-jueon/swvul/tools/java-vuln-detection/slicing/output/CPG/c/cwe194_cpg/cwe194-1061-cpg-resolved.bin	tc1061_flow1	CWE194_Unexpected_Sign_Extension__rand_memmove_05.c	36	CWE194_Unexpected_Sign_Extension__rand_memmove_05.c	47
/home/swlab-jueon/swvul/tools/java-vuln-detection/slicing/output/CPG/c/cwe194_cpg/cwe194-1061-cpg-resolved.bin	tc1061_flow2	CWE194_Unexpected_Sign_Extension__rand_memmove_05.c	72	CWE194_Unexpected_Sign_Extension__rand_memmove_05.c	83
/home/swlab-jueon/swvul/tools/java-vuln-detection/slicing/output/CPG/c/cwe194_cpg/cwe194-1061-cpg-resolved.bin	tc1061_flow3	CWE194_Unexpected_Sign_Extension__rand_memmove_05.c	99	CWE194_Unexpected_Sign_Extension__rand_memmove_05.c	110
/home/swlab-jueon/swvul/tools/java-vuln-detection/slicing/output/CPG/c/cwe194_cpg/cwe194-1062-cpg-resolved.bin	tc1062_flow1	CWE194_Unexpected_Sign_Extension__rand_memmove_06.c	33	CWE194_Unexpected_Sign_Extension__rand_memmove_06.c	44
/home/swlab-jueon/swvul/tools/java-vuln-detection/slicing/output/CPG/c/cwe194_cpg/cwe194-1062-cpg-resolved.bin	tc1062_flow2	CWE194_Unexpected_Sign_Extension__rand_memmove_06.c	69	CWE194_Unexpected_Sign_Extension__rand_memmove_06.c	80
/home/swlab-jueon/swvul/tools/java-vuln-detection/slicing/output/CPG/c/cwe194_cpg/cwe194-1062-cpg-resolved.bin	tc1062_flow3	CWE194_Unexpected_Sign_Extension__rand_memmove_06.c	96	CWE194_Unexpected_Sign_Extension__rand_memmove_06.c	107
/home/swlab-jueon/swvul/tools/java-vuln-detection/slicing/output/CPG/c/cwe194_cpg/cwe194-1063-cpg-resolved.bin	tc1063_flow1	CWE194_Unexpected_Sign_Extension__rand_memmove_07.c	35	CWE194_Unexpected_Sign_Extension__rand_memmove_07.c	46
/home/swlab-jueon/swvul/tools/java-vuln-detection/slicing/output/CPG/c/cwe194_cpg/cwe194-1063-cpg-resolved.bin	tc1063_flow2	CWE194_Unexpected_Sign_Extension__rand_memmove_07.c	71	CWE194_Unexpected_Sign_Extension__rand_memmove_07.c	82
/home/swlab-jueon/swvul/tools/java-vuln-detection/slicing/output/CPG/c/cwe194_cpg/cwe194-1063-cpg-resolved.bin	tc1063_flow3	CWE194_Unexpected_Sign_Extension__rand_memmove_07.c	98	CWE194_Unexpected_Sign_Extension__rand_memmove_07.c	109
/home/swlab-jueon/swvul/tools/java-vuln-detection/slicing/output/CPG/c/cwe194_cpg/cwe194-1064-cpg-resolved.bin	tc1064_flow1	CWE194_Unexpected_Sign_Extension__rand_memmove_08.c	43	CWE194_Unexpected_Sign_Extension__rand_memmove_08.c	54
/home/swlab-jueon/swvul/tools/java-vuln-detection/slicing/output/CPG/c/cwe194_cpg/cwe194-1064-cpg-resolved.bin	tc1064_flow2	CWE194_Unexpected_Sign_Extension__rand_memmove_08.c	79	CWE194_Unexpected_Sign_Extension__rand_memmove_08.c	90
/home/swlab-jueon/swvul/tools/java-vuln-detection/slicing/output/CPG/c/cwe194_cpg/cwe194-1064-cpg-resolved.bin	tc1064_flow3	CWE194_Unexpected_Sign_Extension__rand_memmove_08.c	106	CWE194_Unexpected_Sign_Extension__rand_memmove_08.c	117
/home/swlab-jueon/swvul/tools/java-vuln-detection/slicing/output/CPG/c/cwe194_cpg/cwe194-1065-cpg-resolved.bin	tc1065_flow1	CWE194_Unexpected_Sign_Extension__rand_memmove_09.c	29	CWE194_Unexpected_Sign_Extension__rand_memmove_09.c	40
/home/swlab-jueon/swvul/tools/java-vuln-detection/slicing/output/CPG/c/cwe194_cpg/cwe194-1065-cpg-resolved.bin	tc1065_flow2	CWE194_Unexpected_Sign_Extension__rand_memmove_09.c	65	CWE194_Unexpected_Sign_Extension__rand_memmove_09.c	76
/home/swlab-jueon/swvul/tools/java-vuln-detection/slicing/output/CPG/c/cwe194_cpg/cwe194-1065-cpg-resolved.bin	tc1065_flow3	CWE194_Unexpected_Sign_Extension__rand_memmove_09.c	92	CWE194_Unexpected_Sign_Extension__rand_memmove_09.c	103
/home/swlab-jueon/swvul/tools/java-vuln-detection/slicing/output/CPG/c/cwe194_cpg/cwe194-1066-cpg-resolved.bin	tc1066_flow1	CWE194_Unexpected_Sign_Extension__rand_memmove_10.c	29	CWE194_Unexpected_Sign_Extension__rand_memmove_10.c	40
/home/swlab-jueon/swvul/tools/java-vuln-detection/slicing/output/CPG/c/cwe194_cpg/cwe194-1066-cpg-resolved.bin	tc1066_flow2	CWE194_Unexpected_Sign_Extension__rand_memmove_10.c	65	CWE194_Unexpected_Sign_Extension__rand_memmove_10.c	76
/home/swlab-jueon/swvul/tools/java-vuln-detection/slicing/output/CPG/c/cwe194_cpg/cwe194-1066-cpg-resolved.bin	tc1066_flow3	CWE194_Unexpected_Sign_Extension__rand_memmove_10.c	92	CWE194_Unexpected_Sign_Extension__rand_memmove_10.c	103
/home/swlab-jueon/swvul/tools/java-vuln-detection/slicing/output/CPG/c/cwe194_cpg/cwe194-1067-cpg-resolved.bin	tc1067_flow1	CWE194_Unexpected_Sign_Extension__rand_memmove_11.c	29	CWE194_Unexpected_Sign_Extension__rand_memmove_11.c	40
/home/swlab-jueon/swvul/tools/java-vuln-detection/slicing/output/CPG/c/cwe194_cpg/cwe194-1067-cpg-resolved.bin	tc1067_flow2	CWE194_Unexpected_Sign_Extension__rand_memmove_11.c	65	CWE194_Unexpected_Sign_Extension__rand_memmove_11.c	76
/home/swlab-jueon/swvul/tools/java-vuln-detection/slicing/output/CPG/c/cwe194_cpg/cwe194-1067-cpg-resolved.bin	tc1067_flow3	CWE194_Unexpected_Sign_Extension__rand_memmove_11.c	92	CWE194_Unexpected_Sign_Extension__rand_memmove_11.c	103
/home/swlab-jueon/swvul/tools/java-vuln-detection/slicing/output/CPG/c/cwe194_cpg/cwe194-1068-cpg-resolved.bin	tc1068_flow1	CWE194_Unexpected_Sign_Extension__rand_memmove_12.c	29	CWE194_Unexpected_Sign_Extension__rand_memmove_12.c	45
/home/swlab-jueon/swvul/tools/java-vuln-detection/slicing/output/CPG/c/cwe194_cpg/cwe194-1068-cpg-resolved.bin	tc1068_flow2	CWE194_Unexpected_Sign_Extension__rand_memmove_12.c	66	CWE194_Unexpected_Sign_Extension__rand_memmove_12.c	82
/home/swlab-jueon/swvul/tools/java-vuln-detection/slicing/output/CPG/c/cwe194_cpg/cwe194-1069-cpg-resolved.bin	tc1069_flow1	CWE194_Unexpected_Sign_Extension__rand_memmove_13.c	29	CWE194_Unexpected_Sign_Extension__rand_memmove_13.c	40
/home/swlab-jueon/swvul/tools/java-vuln-detection/slicing/output/CPG/c/cwe194_cpg/cwe194-1069-cpg-resolved.bin	tc1069_flow2	CWE194_Unexpected_Sign_Extension__rand_memmove_13.c	65	CWE194_Unexpected_Sign_Extension__rand_memmove_13.c	76
/home/swlab-jueon/swvul/tools/java-vuln-detection/slicing/output/CPG/c/cwe194_cpg/cwe194-1069-cpg-resolved.bin	tc1069_flow3	CWE194_Unexpected_Sign_Extension__rand_memmove_13.c	92	CWE194_Unexpected_Sign_Extension__rand_memmove_13.c	103
/home/swlab-jueon/swvul/tools/java-vuln-detection/slicing/output/CPG/c/cwe194_cpg/cwe194-1070-cpg-resolved.bin	tc1070_flow1	CWE194_Unexpected_Sign_Extension__rand_memmove_14.c	29	CWE194_Unexpected_Sign_Extension__rand_memmove_14.c	40
/home/swlab-jueon/swvul/tools/java-vuln-detection/slicing/output/CPG/c/cwe194_cpg/cwe194-1070-cpg-resolved.bin	tc1070_flow2	CWE194_Unexpected_Sign_Extension__rand_memmove_14.c	65	CWE194_Unexpected_Sign_Extension__rand_memmove_14.c	76
/home/swlab-jueon/swvul/tools/java-vuln-detection/slicing/output/CPG/c/cwe194_cpg/cwe194-1070-cpg-resolved.bin	tc1070_flow3	CWE194_Unexpected_Sign_Extension__rand_memmove_14.c	92	CWE194_Unexpected_Sign_Extension__rand_memmove_14.c	103
/home/swlab-jueon/swvul/tools/java-vuln-detection/slicing/output/CPG/c/cwe194_cpg/cwe194-1071-cpg-resolved.bin	tc1071_flow1	CWE194_Unexpected_Sign_Extension__rand_memmove_15.c	30	CWE194_Unexpected_Sign_Extension__rand_memmove_15.c	46
/home/swlab-jueon/swvul/tools/java-vuln-detection/slicing/output/CPG/c/cwe194_cpg/cwe194-1071-cpg-resolved.bin	tc1071_flow2	CWE194_Unexpected_Sign_Extension__rand_memmove_15.c	71	CWE194_Unexpected_Sign_Extension__rand_memmove_15.c	83
/home/swlab-jueon/swvul/tools/java-vuln-detection/slicing/output/CPG/c/cwe194_cpg/cwe194-1071-cpg-resolved.bin	tc1071_flow3	CWE194_Unexpected_Sign_Extension__rand_memmove_15.c	100	CWE194_Unexpected_Sign_Extension__rand_memmove_15.c	116
/home/swlab-jueon/swvul/tools/java-vuln-detection/slicing/output/CPG/c/cwe194_cpg/cwe194-1072-cpg-resolved.bin	tc1072_flow1	CWE194_Unexpected_Sign_Extension__rand_memmove_16.c	29	CWE194_Unexpected_Sign_Extension__rand_memmove_16.c	41
/home/swlab-jueon/swvul/tools/java-vuln-detection/slicing/output/CPG/c/cwe194_cpg/cwe194-1072-cpg-resolved.bin	tc1072_flow2	CWE194_Unexpected_Sign_Extension__rand_memmove_16.c	61	CWE194_Unexpected_Sign_Extension__rand_memmove_16.c	73
/home/swlab-jueon/swvul/tools/java-vuln-detection/slicing/output/CPG/c/cwe194_cpg/cwe194-1073-cpg-resolved.bin	tc1073_flow1	CWE194_Unexpected_Sign_Extension__rand_memmove_17.c	30	CWE194_Unexpected_Sign_Extension__rand_memmove_17.c	41
/home/swlab-jueon/swvul/tools/java-vuln-detection/slicing/output/CPG/c/cwe194_cpg/cwe194-1073-cpg-resolved.bin	tc1073_flow2	CWE194_Unexpected_Sign_Extension__rand_memmove_17.c	62	CWE194_Unexpected_Sign_Extension__rand_memmove_17.c	73
/home/swlab-jueon/swvul/tools/java-vuln-detection/slicing/output/CPG/c/cwe194_cpg/cwe194-1074-cpg-resolved.bin	tc1074_flow1	CWE194_Unexpected_Sign_Extension__rand_memmove_18.c	29	CWE194_Unexpected_Sign_Extension__rand_memmove_18.c	39
/home/swlab-jueon/swvul/tools/java-vuln-detection/slicing/output/CPG/c/cwe194_cpg/cwe194-1074-cpg-resolved.bin	tc1074_flow2	CWE194_Unexpected_Sign_Extension__rand_memmove_18.c	59	CWE194_Unexpected_Sign_Extension__rand_memmove_18.c	69
/home/swlab-jueon/swvul/tools/java-vuln-detection/slicing/output/CPG/c/cwe194_cpg/cwe194-1075-cpg-resolved.bin	tc1075_flow1	CWE194_Unexpected_Sign_Extension__rand_memmove_21.c	29	CWE194_Unexpected_Sign_Extension__rand_memmove_21.c	50
/home/swlab-jueon/swvul/tools/java-vuln-detection/slicing/output/CPG/c/cwe194_cpg/cwe194-1075-cpg-resolved.bin	tc1075_flow2	CWE194_Unexpected_Sign_Extension__rand_memmove_21.c	76	CWE194_Unexpected_Sign_Extension__rand_memmove_21.c	97
/home/swlab-jueon/swvul/tools/java-vuln-detection/slicing/output/CPG/c/cwe194_cpg/cwe194-1075-cpg-resolved.bin	tc1075_flow3	CWE194_Unexpected_Sign_Extension__rand_memmove_21.c	110	CWE194_Unexpected_Sign_Extension__rand_memmove_21.c	131
/home/swlab-jueon/swvul/tools/java-vuln-detection/slicing/output/CPG/c/cwe194_cpg/cwe194-1076-cpg-resolved.bin	tc1076_flow1	CWE194_Unexpected_Sign_Extension__rand_memmove_22b.c	29	CWE194_Unexpected_Sign_Extension__rand_memmove_22a.c	42
/home/swlab-jueon/swvul/tools/java-vuln-detection/slicing/output/CPG/c/cwe194_cpg/cwe194-1076-cpg-resolved.bin	tc1076_flow2	CWE194_Unexpected_Sign_Extension__rand_memmove_22b.c	53	CWE194_Unexpected_Sign_Extension__rand_memmove_22a.c	76
/home/swlab-jueon/swvul/tools/java-vuln-detection/slicing/output/CPG/c/cwe194_cpg/cwe194-1076-cpg-resolved.bin	tc1076_flow3	CWE194_Unexpected_Sign_Extension__rand_memmove_22b.c	64	CWE194_Unexpected_Sign_Extension__rand_memmove_22a.c	102
/home/swlab-jueon/swvul/tools/java-vuln-detection/slicing/output/CPG/c/cwe194_cpg/cwe194-1077-cpg-resolved.bin	tc1077_flow1	CWE194_Unexpected_Sign_Extension__rand_memmove_31.c	27	CWE194_Unexpected_Sign_Extension__rand_memmove_31.c	40
/home/swlab-jueon/swvul/tools/java-vuln-detection/slicing/output/CPG/c/cwe194_cpg/cwe194-1077-cpg-resolved.bin	tc1077_flow2	CWE194_Unexpected_Sign_Extension__rand_memmove_31.c	59	CWE194_Unexpected_Sign_Extension__rand_memmove_31.c	72
/home/swlab-jueon/swvul/tools/java-vuln-detection/slicing/output/CPG/c/cwe194_cpg/cwe194-1078-cpg-resolved.bin	tc1078_flow1	CWE194_Unexpected_Sign_Extension__rand_memmove_32.c	31	CWE194_Unexpected_Sign_Extension__rand_memmove_32.c	45
/home/swlab-jueon/swvul/tools/java-vuln-detection/slicing/output/CPG/c/cwe194_cpg/cwe194-1078-cpg-resolved.bin	tc1078_flow2	CWE194_Unexpected_Sign_Extension__rand_memmove_32.c	68	CWE194_Unexpected_Sign_Extension__rand_memmove_32.c	82
/home/swlab-jueon/swvul/tools/java-vuln-detection/slicing/output/CPG/c/cwe194_cpg/cwe194-1079-cpg-resolved.bin	tc1079_flow1	CWE194_Unexpected_Sign_Extension__rand_memmove_33.cpp	31	CWE194_Unexpected_Sign_Extension__rand_memmove_33.cpp	43
/home/swlab-jueon/swvul/tools/java-vuln-detection/slicing/output/CPG/c/cwe194_cpg/cwe194-1079-cpg-resolved.bin	tc1079_flow2	CWE194_Unexpected_Sign_Extension__rand_memmove_33.cpp	63	CWE194_Unexpected_Sign_Extension__rand_memmove_33.cpp	75
/home/swlab-jueon/swvul/tools/java-vuln-detection/slicing/output/CPG/c/cwe194_cpg/cwe194-1080-cpg-resolved.bin	tc1080_flow1	CWE194_Unexpected_Sign_Extension__rand_memmove_34.c	34	CWE194_Unexpected_Sign_Extension__rand_memmove_34.c	47
/home/swlab-jueon/swvul/tools/java-vuln-detection/slicing/output/CPG/c/cwe194_cpg/cwe194-1080-cpg-resolved.bin	tc1080_flow2	CWE194_Unexpected_Sign_Extension__rand_memmove_34.c	67	CWE194_Unexpected_Sign_Extension__rand_memmove_34.c	80
/home/swlab-jueon/swvul/tools/java-vuln-detection/slicing/output/CPG/c/cwe194_cpg/cwe194-1081-cpg-resolved.bin	tc1081_flow1	CWE194_Unexpected_Sign_Extension__rand_memmove_41.c	45	CWE194_Unexpected_Sign_Extension__rand_memmove_41.c	32
/home/swlab-jueon/swvul/tools/java-vuln-detection/slicing/output/CPG/c/cwe194_cpg/cwe194-1081-cpg-resolved.bin	tc1081_flow2	CWE194_Unexpected_Sign_Extension__rand_memmove_41.c	78	CWE194_Unexpected_Sign_Extension__rand_memmove_41.c	64
/home/swlab-jueon/swvul/tools/java-vuln-detection/slicing/output/CPG/c/cwe194_cpg/cwe194-1082-cpg-resolved.bin	tc1082_flow1	CWE194_Unexpected_Sign_Extension__rand_memmove_42.c	24	CWE194_Unexpected_Sign_Extension__rand_memmove_42.c	43
/home/swlab-jueon/swvul/tools/java-vuln-detection/slicing/output/CPG/c/cwe194_cpg/cwe194-1082-cpg-resolved.bin	tc1082_flow2	CWE194_Unexpected_Sign_Extension__rand_memmove_42.c	57	CWE194_Unexpected_Sign_Extension__rand_memmove_42.c	77
/home/swlab-jueon/swvul/tools/java-vuln-detection/slicing/output/CPG/c/cwe194_cpg/cwe194-1083-cpg-resolved.bin	tc1083_flow1	CWE194_Unexpected_Sign_Extension__rand_memmove_43.cpp	27	CWE194_Unexpected_Sign_Extension__rand_memmove_43.cpp	45
/home/swlab-jueon/swvul/tools/java-vuln-detection/slicing/output/CPG/c/cwe194_cpg/cwe194-1083-cpg-resolved.bin	tc1083_flow2	CWE194_Unexpected_Sign_Extension__rand_memmove_43.cpp	60	CWE194_Unexpected_Sign_Extension__rand_memmove_43.cpp	78
/home/swlab-jueon/swvul/tools/java-vuln-detection/slicing/output/CPG/c/cwe194_cpg/cwe194-1084-cpg-resolved.bin	tc1084_flow1	CWE194_Unexpected_Sign_Extension__rand_memmove_44.c	47	CWE194_Unexpected_Sign_Extension__rand_memmove_44.c	32
/home/swlab-jueon/swvul/tools/java-vuln-detection/slicing/output/CPG/c/cwe194_cpg/cwe194-1084-cpg-resolved.bin	tc1084_flow2	CWE194_Unexpected_Sign_Extension__rand_memmove_44.c	82	CWE194_Unexpected_Sign_Extension__rand_memmove_44.c	68
/home/swlab-jueon/swvul/tools/java-vuln-detection/slicing/output/CPG/c/cwe194_cpg/cwe194-1085-cpg-resolved.bin	tc1085_flow1	CWE194_Unexpected_Sign_Extension__rand_memmove_45.c	49	CWE194_Unexpected_Sign_Extension__rand_memmove_45.c	36
/home/swlab-jueon/swvul/tools/java-vuln-detection/slicing/output/CPG/c/cwe194_cpg/cwe194-1085-cpg-resolved.bin	tc1085_flow2	CWE194_Unexpected_Sign_Extension__rand_memmove_45.c	84	CWE194_Unexpected_Sign_Extension__rand_memmove_45.c	71
/home/swlab-jueon/swvul/tools/java-vuln-detection/slicing/output/CPG/c/cwe194_cpg/cwe194-1086-cpg-resolved.bin	tc1086_flow1	CWE194_Unexpected_Sign_Extension__rand_memmove_51a.c	30	CWE194_Unexpected_Sign_Extension__rand_memmove_51b.c	34
/home/swlab-jueon/swvul/tools/java-vuln-detection/slicing/output/CPG/c/cwe194_cpg/cwe194-1086-cpg-resolved.bin	tc1086_flow2	CWE194_Unexpected_Sign_Extension__rand_memmove_51a.c	48	CWE194_Unexpected_Sign_Extension__rand_memmove_51b.c	57
/home/swlab-jueon/swvul/tools/java-vuln-detection/slicing/output/CPG/c/cwe194_cpg/cwe194-1087-cpg-resolved.bin	tc1087_flow1	CWE194_Unexpected_Sign_Extension__rand_memmove_52a.c	30	CWE194_Unexpected_Sign_Extension__rand_memmove_52c.c	34
/home/swlab-jueon/swvul/tools/java-vuln-detection/slicing/output/CPG/c/cwe194_cpg/cwe194-1087-cpg-resolved.bin	tc1087_flow2	CWE194_Unexpected_Sign_Extension__rand_memmove_52a.c	48	CWE194_Unexpected_Sign_Extension__rand_memmove_52c.c	57
/home/swlab-jueon/swvul/tools/java-vuln-detection/slicing/output/CPG/c/cwe194_cpg/cwe194-1088-cpg-resolved.bin	tc1088_flow1	CWE194_Unexpected_Sign_Extension__rand_memmove_53a.c	30	CWE194_Unexpected_Sign_Extension__rand_memmove_53d.c	34
/home/swlab-jueon/swvul/tools/java-vuln-detection/slicing/output/CPG/c/cwe194_cpg/cwe194-1088-cpg-resolved.bin	tc1088_flow2	CWE194_Unexpected_Sign_Extension__rand_memmove_53a.c	48	CWE194_Unexpected_Sign_Extension__rand_memmove_53d.c	57
/home/swlab-jueon/swvul/tools/java-vuln-detection/slicing/output/CPG/c/cwe194_cpg/cwe194-1089-cpg-resolved.bin	tc1089_flow1	CWE194_Unexpected_Sign_Extension__rand_memmove_54a.c	30	CWE194_Unexpected_Sign_Extension__rand_memmove_54e.c	34
/home/swlab-jueon/swvul/tools/java-vuln-detection/slicing/output/CPG/c/cwe194_cpg/cwe194-1089-cpg-resolved.bin	tc1089_flow2	CWE194_Unexpected_Sign_Extension__rand_memmove_54a.c	48	CWE194_Unexpected_Sign_Extension__rand_memmove_54e.c	57
/home/swlab-jueon/swvul/tools/java-vuln-detection/slicing/output/CPG/c/cwe194_cpg/cwe194-1090-cpg-resolved.bin	tc1090_flow1	CWE194_Unexpected_Sign_Extension__rand_memmove_61b.c	24	CWE194_Unexpected_Sign_Extension__rand_memmove_61a.c	39
/home/swlab-jueon/swvul/tools/java-vuln-detection/slicing/output/CPG/c/cwe194_cpg/cwe194-1090-cpg-resolved.bin	tc1090_flow2	CWE194_Unexpected_Sign_Extension__rand_memmove_61b.c	36	CWE194_Unexpected_Sign_Extension__rand_memmove_61a.c	68
/home/swlab-jueon/swvul/tools/java-vuln-detection/slicing/output/CPG/c/cwe194_cpg/cwe194-1091-cpg-resolved.bin	tc1091_flow1	CWE194_Unexpected_Sign_Extension__rand_memmove_62b.cpp	27	CWE194_Unexpected_Sign_Extension__rand_memmove_62a.cpp	42
/home/swlab-jueon/swvul/tools/java-vuln-detection/slicing/output/CPG/c/cwe194_cpg/cwe194-1091-cpg-resolved.bin	tc1091_flow2	CWE194_Unexpected_Sign_Extension__rand_memmove_62b.cpp	38	CWE194_Unexpected_Sign_Extension__rand_memmove_62a.cpp	71
/home/swlab-jueon/swvul/tools/java-vuln-detection/slicing/output/CPG/c/cwe194_cpg/cwe194-1092-cpg-resolved.bin	tc1092_flow1	CWE194_Unexpected_Sign_Extension__rand_memmove_63a.c	30	CWE194_Unexpected_Sign_Extension__rand_memmove_63b.c	33
/home/swlab-jueon/swvul/tools/java-vuln-detection/slicing/output/CPG/c/cwe194_cpg/cwe194-1092-cpg-resolved.bin	tc1092_flow2	CWE194_Unexpected_Sign_Extension__rand_memmove_63a.c	47	CWE194_Unexpected_Sign_Extension__rand_memmove_63b.c	57
/home/swlab-jueon/swvul/tools/java-vuln-detection/slicing/output/CPG/c/cwe194_cpg/cwe194-1093-cpg-resolved.bin	tc1093_flow1	CWE194_Unexpected_Sign_Extension__rand_memmove_64a.c	30	CWE194_Unexpected_Sign_Extension__rand_memmove_64b.c	36
/home/swlab-jueon/swvul/tools/java-vuln-detection/slicing/output/CPG/c/cwe194_cpg/cwe194-1093-cpg-resolved.bin	tc1093_flow2	CWE194_Unexpected_Sign_Extension__rand_memmove_64a.c	47	CWE194_Unexpected_Sign_Extension__rand_memmove_64b.c	63
/home/swlab-jueon/swvul/tools/java-vuln-detection/slicing/output/CPG/c/cwe194_cpg/cwe194-1094-cpg-resolved.bin	tc1094_flow1	CWE194_Unexpected_Sign_Extension__rand_memmove_65a.c	32	CWE194_Unexpected_Sign_Extension__rand_memmove_65b.c	32
/home/swlab-jueon/swvul/tools/java-vuln-detection/slicing/output/CPG/c/cwe194_cpg/cwe194-1094-cpg-resolved.bin	tc1094_flow2	CWE194_Unexpected_Sign_Extension__rand_memmove_65a.c	51	CWE194_Unexpected_Sign_Extension__rand_memmove_65b.c	55
/home/swlab-jueon/swvul/tools/java-vuln-detection/slicing/output/CPG/c/cwe194_cpg/cwe194-1095-cpg-resolved.bin	tc1095_flow1	CWE194_Unexpected_Sign_Extension__rand_memmove_66a.c	31	CWE194_Unexpected_Sign_Extension__rand_memmove_66b.c	34
/home/swlab-jueon/swvul/tools/java-vuln-detection/slicing/output/CPG/c/cwe194_cpg/cwe194-1095-cpg-resolved.bin	tc1095_flow2	CWE194_Unexpected_Sign_Extension__rand_memmove_66a.c	51	CWE194_Unexpected_Sign_Extension__rand_memmove_66b.c	58
/home/swlab-jueon/swvul/tools/java-vuln-detection/slicing/output/CPG/c/cwe194_cpg/cwe194-1096-cpg-resolved.bin	tc1096_flow1	CWE194_Unexpected_Sign_Extension__rand_memmove_67a.c	36	CWE194_Unexpected_Sign_Extension__rand_memmove_67b.c	38
/home/swlab-jueon/swvul/tools/java-vuln-detection/slicing/output/CPG/c/cwe194_cpg/cwe194-1096-cpg-resolved.bin	tc1096_flow2	CWE194_Unexpected_Sign_Extension__rand_memmove_67a.c	55	CWE194_Unexpected_Sign_Extension__rand_memmove_67b.c	62
/home/swlab-jueon/swvul/tools/java-vuln-detection/slicing/output/CPG/c/cwe194_cpg/cwe194-1097-cpg-resolved.bin	tc1097_flow1	CWE194_Unexpected_Sign_Extension__rand_memmove_68a.c	33	CWE194_Unexpected_Sign_Extension__rand_memmove_68b.c	38
/home/swlab-jueon/swvul/tools/java-vuln-detection/slicing/output/CPG/c/cwe194_cpg/cwe194-1097-cpg-resolved.bin	tc1097_flow2	CWE194_Unexpected_Sign_Extension__rand_memmove_68a.c	52	CWE194_Unexpected_Sign_Extension__rand_memmove_68b.c	62
/home/swlab-jueon/swvul/tools/java-vuln-detection/slicing/output/CPG/c/cwe194_cpg/cwe194-1098-cpg-resolved.bin	tc1098_flow1	CWE194_Unexpected_Sign_Extension__rand_memmove_72a.cpp	37	CWE194_Unexpected_Sign_Extension__rand_memmove_72b.cpp	40
/home/swlab-jueon/swvul/tools/java-vuln-detection/slicing/output/CPG/c/cwe194_cpg/cwe194-1098-cpg-resolved.bin	tc1098_flow2	CWE194_Unexpected_Sign_Extension__rand_memmove_72a.cpp	61	CWE194_Unexpected_Sign_Extension__rand_memmove_72b.cpp	64
/home/swlab-jueon/swvul/tools/java-vuln-detection/slicing/output/CPG/c/cwe194_cpg/cwe194-1099-cpg-resolved.bin	tc1099_flow1	CWE194_Unexpected_Sign_Extension__rand_memmove_73a.cpp	37	CWE194_Unexpected_Sign_Extension__rand_memmove_73b.cpp	40
/home/swlab-jueon/swvul/tools/java-vuln-detection/slicing/output/CPG/c/cwe194_cpg/cwe194-1099-cpg-resolved.bin	tc1099_flow2	CWE194_Unexpected_Sign_Extension__rand_memmove_73a.cpp	61	CWE194_Unexpected_Sign_Extension__rand_memmove_73b.cpp	64
/home/swlab-jueon/swvul/tools/java-vuln-detection/slicing/output/CPG/c/cwe194_cpg/cwe194-1100-cpg-resolved.bin	tc1100_flow1	CWE194_Unexpected_Sign_Extension__rand_memmove_74a.cpp	37	CWE194_Unexpected_Sign_Extension__rand_memmove_74b.cpp	40
/home/swlab-jueon/swvul/tools/java-vuln-detection/slicing/output/CPG/c/cwe194_cpg/cwe194-1100-cpg-resolved.bin	tc1100_flow2	CWE194_Unexpected_Sign_Extension__rand_memmove_74a.cpp	61	CWE194_Unexpected_Sign_Extension__rand_memmove_74b.cpp	64
/home/swlab-jueon/swvul/tools/java-vuln-detection/slicing/output/CPG/c/cwe194_cpg/cwe194-1101-cpg-resolved.bin	tc1101_flow1	CWE194_Unexpected_Sign_Extension__rand_memmove_81a.cpp	31	CWE194_Unexpected_Sign_Extension__rand_memmove_81_bad.cpp	35
/home/swlab-jueon/swvul/tools/java-vuln-detection/slicing/output/CPG/c/cwe194_cpg/cwe194-1101-cpg-resolved.bin	tc1101_flow2	CWE194_Unexpected_Sign_Extension__rand_memmove_81a.cpp	47	CWE194_Unexpected_Sign_Extension__rand_memmove_81_goodG2B.cpp	35
/home/swlab-jueon/swvul/tools/java-vuln-detection/slicing/output/CPG/c/cwe194_cpg/cwe194-1102-cpg-resolved.bin	tc1102_flow1	CWE194_Unexpected_Sign_Extension__rand_memmove_82a.cpp	31	CWE194_Unexpected_Sign_Extension__rand_memmove_82_bad.cpp	35
/home/swlab-jueon/swvul/tools/java-vuln-detection/slicing/output/CPG/c/cwe194_cpg/cwe194-1102-cpg-resolved.bin	tc1102_flow2	CWE194_Unexpected_Sign_Extension__rand_memmove_82a.cpp	48	CWE194_Unexpected_Sign_Extension__rand_memmove_82_goodG2B.cpp	35
/home/swlab-jueon/swvul/tools/java-vuln-detection/slicing/output/CPG/c/cwe194_cpg/cwe194-1103-cpg-resolved.bin	tc1103_flow1	CWE194_Unexpected_Sign_Extension__rand_memmove_83_bad.cpp	27	CWE194_Unexpected_Sign_Extension__rand_memmove_83_bad.cpp	41
/home/swlab-jueon/swvul/tools/java-vuln-detection/slicing/output/CPG/c/cwe194_cpg/cwe194-1103-cpg-resolved.bin	tc1103_flow2	CWE194_Unexpected_Sign_Extension__rand_memmove_83_goodG2B.cpp	27	CWE194_Unexpected_Sign_Extension__rand_memmove_83_goodG2B.cpp	41
/home/swlab-jueon/swvul/tools/java-vuln-detection/slicing/output/CPG/c/cwe194_cpg/cwe194-1104-cpg-resolved.bin	tc1104_flow1	CWE194_Unexpected_Sign_Extension__rand_memmove_84_bad.cpp	27	CWE194_Unexpected_Sign_Extension__rand_memmove_84_bad.cpp	41
/home/swlab-jueon/swvul/tools/java-vuln-detection/slicing/output/CPG/c/cwe194_cpg/cwe194-1104-cpg-resolved.bin	tc1104_flow2	CWE194_Unexpected_Sign_Extension__rand_memmove_84_goodG2B.cpp	27	CWE194_Unexpected_Sign_Extension__rand_memmove_84_goodG2B.cpp	41
/home/swlab-jueon/swvul/tools/java-vuln-detection/slicing/output/CPG/c/cwe194_cpg/cwe194-1105-cpg-resolved.bin	tc1105_flow1	CWE194_Unexpected_Sign_Extension__rand_strncpy_01.c	27	CWE194_Unexpected_Sign_Extension__rand_strncpy_01.c	37
/home/swlab-jueon/swvul/tools/java-vuln-detection/slicing/output/CPG/c/cwe194_cpg/cwe194-1105-cpg-resolved.bin	tc1105_flow2	CWE194_Unexpected_Sign_Extension__rand_strncpy_01.c	55	CWE194_Unexpected_Sign_Extension__rand_strncpy_01.c	65
/home/swlab-jueon/swvul/tools/java-vuln-detection/slicing/output/CPG/c/cwe194_cpg/cwe194-1106-cpg-resolved.bin	tc1106_flow1	CWE194_Unexpected_Sign_Extension__rand_strncpy_02.c	29	CWE194_Unexpected_Sign_Extension__rand_strncpy_02.c	40
/home/swlab-jueon/swvul/tools/java-vuln-detection/slicing/output/CPG/c/cwe194_cpg/cwe194-1106-cpg-resolved.bin	tc1106_flow2	CWE194_Unexpected_Sign_Extension__rand_strncpy_02.c	65	CWE194_Unexpected_Sign_Extension__rand_strncpy_02.c	76
/home/swlab-jueon/swvul/tools/java-vuln-detection/slicing/output/CPG/c/cwe194_cpg/cwe194-1106-cpg-resolved.bin	tc1106_flow3	CWE194_Unexpected_Sign_Extension__rand_strncpy_02.c	92	CWE194_Unexpected_Sign_Extension__rand_strncpy_02.c	103
/home/swlab-jueon/swvul/tools/java-vuln-detection/slicing/output/CPG/c/cwe194_cpg/cwe194-1107-cpg-resolved.bin	tc1107_flow1	CWE194_Unexpected_Sign_Extension__rand_strncpy_03.c	29	CWE194_Unexpected_Sign_Extension__rand_strncpy_03.c	40
/home/swlab-jueon/swvul/tools/java-vuln-detection/slicing/output/CPG/c/cwe194_cpg/cwe194-1107-cpg-resolved.bin	tc1107_flow2	CWE194_Unexpected_Sign_Extension__rand_strncpy_03.c	65	CWE194_Unexpected_Sign_Extension__rand_strncpy_03.c	76
/home/swlab-jueon/swvul/tools/java-vuln-detection/slicing/output/CPG/c/cwe194_cpg/cwe194-1107-cpg-resolved.bin	tc1107_flow3	CWE194_Unexpected_Sign_Extension__rand_strncpy_03.c	92	CWE194_Unexpected_Sign_Extension__rand_strncpy_03.c	103
/home/swlab-jueon/swvul/tools/java-vuln-detection/slicing/output/CPG/c/cwe194_cpg/cwe194-1108-cpg-resolved.bin	tc1108_flow1	CWE194_Unexpected_Sign_Extension__rand_strncpy_04.c	36	CWE194_Unexpected_Sign_Extension__rand_strncpy_04.c	47
/home/swlab-jueon/swvul/tools/java-vuln-detection/slicing/output/CPG/c/cwe194_cpg/cwe194-1108-cpg-resolved.bin	tc1108_flow2	CWE194_Unexpected_Sign_Extension__rand_strncpy_04.c	72	CWE194_Unexpected_Sign_Extension__rand_strncpy_04.c	83
/home/swlab-jueon/swvul/tools/java-vuln-detection/slicing/output/CPG/c/cwe194_cpg/cwe194-1108-cpg-resolved.bin	tc1108_flow3	CWE194_Unexpected_Sign_Extension__rand_strncpy_04.c	99	CWE194_Unexpected_Sign_Extension__rand_strncpy_04.c	110
/home/swlab-jueon/swvul/tools/java-vuln-detection/slicing/output/CPG/c/cwe194_cpg/cwe194-1109-cpg-resolved.bin	tc1109_flow1	CWE194_Unexpected_Sign_Extension__rand_strncpy_05.c	36	CWE194_Unexpected_Sign_Extension__rand_strncpy_05.c	47
/home/swlab-jueon/swvul/tools/java-vuln-detection/slicing/output/CPG/c/cwe194_cpg/cwe194-1109-cpg-resolved.bin	tc1109_flow2	CWE194_Unexpected_Sign_Extension__rand_strncpy_05.c	72	CWE194_Unexpected_Sign_Extension__rand_strncpy_05.c	83
/home/swlab-jueon/swvul/tools/java-vuln-detection/slicing/output/CPG/c/cwe194_cpg/cwe194-1109-cpg-resolved.bin	tc1109_flow3	CWE194_Unexpected_Sign_Extension__rand_strncpy_05.c	99	CWE194_Unexpected_Sign_Extension__rand_strncpy_05.c	110
/home/swlab-jueon/swvul/tools/java-vuln-detection/slicing/output/CPG/c/cwe194_cpg/cwe194-1110-cpg-resolved.bin	tc1110_flow1	CWE194_Unexpected_Sign_Extension__rand_strncpy_06.c	33	CWE194_Unexpected_Sign_Extension__rand_strncpy_06.c	44
/home/swlab-jueon/swvul/tools/java-vuln-detection/slicing/output/CPG/c/cwe194_cpg/cwe194-1110-cpg-resolved.bin	tc1110_flow2	CWE194_Unexpected_Sign_Extension__rand_strncpy_06.c	69	CWE194_Unexpected_Sign_Extension__rand_strncpy_06.c	80
/home/swlab-jueon/swvul/tools/java-vuln-detection/slicing/output/CPG/c/cwe194_cpg/cwe194-1110-cpg-resolved.bin	tc1110_flow3	CWE194_Unexpected_Sign_Extension__rand_strncpy_06.c	96	CWE194_Unexpected_Sign_Extension__rand_strncpy_06.c	107
/home/swlab-jueon/swvul/tools/java-vuln-detection/slicing/output/CPG/c/cwe194_cpg/cwe194-1111-cpg-resolved.bin	tc1111_flow1	CWE194_Unexpected_Sign_Extension__rand_strncpy_07.c	35	CWE194_Unexpected_Sign_Extension__rand_strncpy_07.c	46
/home/swlab-jueon/swvul/tools/java-vuln-detection/slicing/output/CPG/c/cwe194_cpg/cwe194-1111-cpg-resolved.bin	tc1111_flow2	CWE194_Unexpected_Sign_Extension__rand_strncpy_07.c	71	CWE194_Unexpected_Sign_Extension__rand_strncpy_07.c	82
/home/swlab-jueon/swvul/tools/java-vuln-detection/slicing/output/CPG/c/cwe194_cpg/cwe194-1111-cpg-resolved.bin	tc1111_flow3	CWE194_Unexpected_Sign_Extension__rand_strncpy_07.c	98	CWE194_Unexpected_Sign_Extension__rand_strncpy_07.c	109
/home/swlab-jueon/swvul/tools/java-vuln-detection/slicing/output/CPG/c/cwe194_cpg/cwe194-1112-cpg-resolved.bin	tc1112_flow1	CWE194_Unexpected_Sign_Extension__rand_strncpy_08.c	43	CWE194_Unexpected_Sign_Extension__rand_strncpy_08.c	54
/home/swlab-jueon/swvul/tools/java-vuln-detection/slicing/output/CPG/c/cwe194_cpg/cwe194-1112-cpg-resolved.bin	tc1112_flow2	CWE194_Unexpected_Sign_Extension__rand_strncpy_08.c	79	CWE194_Unexpected_Sign_Extension__rand_strncpy_08.c	90
/home/swlab-jueon/swvul/tools/java-vuln-detection/slicing/output/CPG/c/cwe194_cpg/cwe194-1112-cpg-resolved.bin	tc1112_flow3	CWE194_Unexpected_Sign_Extension__rand_strncpy_08.c	106	CWE194_Unexpected_Sign_Extension__rand_strncpy_08.c	117
/home/swlab-jueon/swvul/tools/java-vuln-detection/slicing/output/CPG/c/cwe194_cpg/cwe194-1113-cpg-resolved.bin	tc1113_flow1	CWE194_Unexpected_Sign_Extension__rand_strncpy_09.c	29	CWE194_Unexpected_Sign_Extension__rand_strncpy_09.c	40
/home/swlab-jueon/swvul/tools/java-vuln-detection/slicing/output/CPG/c/cwe194_cpg/cwe194-1113-cpg-resolved.bin	tc1113_flow2	CWE194_Unexpected_Sign_Extension__rand_strncpy_09.c	65	CWE194_Unexpected_Sign_Extension__rand_strncpy_09.c	76
/home/swlab-jueon/swvul/tools/java-vuln-detection/slicing/output/CPG/c/cwe194_cpg/cwe194-1113-cpg-resolved.bin	tc1113_flow3	CWE194_Unexpected_Sign_Extension__rand_strncpy_09.c	92	CWE194_Unexpected_Sign_Extension__rand_strncpy_09.c	103
/home/swlab-jueon/swvul/tools/java-vuln-detection/slicing/output/CPG/c/cwe194_cpg/cwe194-1114-cpg-resolved.bin	tc1114_flow1	CWE194_Unexpected_Sign_Extension__rand_strncpy_10.c	29	CWE194_Unexpected_Sign_Extension__rand_strncpy_10.c	40
/home/swlab-jueon/swvul/tools/java-vuln-detection/slicing/output/CPG/c/cwe194_cpg/cwe194-1114-cpg-resolved.bin	tc1114_flow2	CWE194_Unexpected_Sign_Extension__rand_strncpy_10.c	65	CWE194_Unexpected_Sign_Extension__rand_strncpy_10.c	76
/home/swlab-jueon/swvul/tools/java-vuln-detection/slicing/output/CPG/c/cwe194_cpg/cwe194-1114-cpg-resolved.bin	tc1114_flow3	CWE194_Unexpected_Sign_Extension__rand_strncpy_10.c	92	CWE194_Unexpected_Sign_Extension__rand_strncpy_10.c	103
/home/swlab-jueon/swvul/tools/java-vuln-detection/slicing/output/CPG/c/cwe194_cpg/cwe194-1115-cpg-resolved.bin	tc1115_flow1	CWE194_Unexpected_Sign_Extension__rand_strncpy_11.c	29	CWE194_Unexpected_Sign_Extension__rand_strncpy_11.c	40
/home/swlab-jueon/swvul/tools/java-vuln-detection/slicing/output/CPG/c/cwe194_cpg/cwe194-1115-cpg-resolved.bin	tc1115_flow2	CWE194_Unexpected_Sign_Extension__rand_strncpy_11.c	65	CWE194_Unexpected_Sign_Extension__rand_strncpy_11.c	76
/home/swlab-jueon/swvul/tools/java-vuln-detection/slicing/output/CPG/c/cwe194_cpg/cwe194-1115-cpg-resolved.bin	tc1115_flow3	CWE194_Unexpected_Sign_Extension__rand_strncpy_11.c	92	CWE194_Unexpected_Sign_Extension__rand_strncpy_11.c	103
/home/swlab-jueon/swvul/tools/java-vuln-detection/slicing/output/CPG/c/cwe194_cpg/cwe194-1116-cpg-resolved.bin	tc1116_flow1	CWE194_Unexpected_Sign_Extension__rand_strncpy_12.c	29	CWE194_Unexpected_Sign_Extension__rand_strncpy_12.c	45
/home/swlab-jueon/swvul/tools/java-vuln-detection/slicing/output/CPG/c/cwe194_cpg/cwe194-1116-cpg-resolved.bin	tc1116_flow2	CWE194_Unexpected_Sign_Extension__rand_strncpy_12.c	66	CWE194_Unexpected_Sign_Extension__rand_strncpy_12.c	82
/home/swlab-jueon/swvul/tools/java-vuln-detection/slicing/output/CPG/c/cwe194_cpg/cwe194-1117-cpg-resolved.bin	tc1117_flow1	CWE194_Unexpected_Sign_Extension__rand_strncpy_13.c	29	CWE194_Unexpected_Sign_Extension__rand_strncpy_13.c	40
/home/swlab-jueon/swvul/tools/java-vuln-detection/slicing/output/CPG/c/cwe194_cpg/cwe194-1117-cpg-resolved.bin	tc1117_flow2	CWE194_Unexpected_Sign_Extension__rand_strncpy_13.c	65	CWE194_Unexpected_Sign_Extension__rand_strncpy_13.c	76
/home/swlab-jueon/swvul/tools/java-vuln-detection/slicing/output/CPG/c/cwe194_cpg/cwe194-1117-cpg-resolved.bin	tc1117_flow3	CWE194_Unexpected_Sign_Extension__rand_strncpy_13.c	92	CWE194_Unexpected_Sign_Extension__rand_strncpy_13.c	103
/home/swlab-jueon/swvul/tools/java-vuln-detection/slicing/output/CPG/c/cwe194_cpg/cwe194-1118-cpg-resolved.bin	tc1118_flow1	CWE194_Unexpected_Sign_Extension__rand_strncpy_14.c	29	CWE194_Unexpected_Sign_Extension__rand_strncpy_14.c	40
/home/swlab-jueon/swvul/tools/java-vuln-detection/slicing/output/CPG/c/cwe194_cpg/cwe194-1118-cpg-resolved.bin	tc1118_flow2	CWE194_Unexpected_Sign_Extension__rand_strncpy_14.c	65	CWE194_Unexpected_Sign_Extension__rand_strncpy_14.c	76
/home/swlab-jueon/swvul/tools/java-vuln-detection/slicing/output/CPG/c/cwe194_cpg/cwe194-1118-cpg-resolved.bin	tc1118_flow3	CWE194_Unexpected_Sign_Extension__rand_strncpy_14.c	92	CWE194_Unexpected_Sign_Extension__rand_strncpy_14.c	103
/home/swlab-jueon/swvul/tools/java-vuln-detection/slicing/output/CPG/c/cwe194_cpg/cwe194-1119-cpg-resolved.bin	tc1119_flow1	CWE194_Unexpected_Sign_Extension__rand_strncpy_15.c	30	CWE194_Unexpected_Sign_Extension__rand_strncpy_15.c	46
/home/swlab-jueon/swvul/tools/java-vuln-detection/slicing/output/CPG/c/cwe194_cpg/cwe194-1119-cpg-resolved.bin	tc1119_flow2	CWE194_Unexpected_Sign_Extension__rand_strncpy_15.c	71	CWE194_Unexpected_Sign_Extension__rand_strncpy_15.c	83
/home/swlab-jueon/swvul/tools/java-vuln-detection/slicing/output/CPG/c/cwe194_cpg/cwe194-1119-cpg-resolved.bin	tc1119_flow3	CWE194_Unexpected_Sign_Extension__rand_strncpy_15.c	100	CWE194_Unexpected_Sign_Extension__rand_strncpy_15.c	116
/home/swlab-jueon/swvul/tools/java-vuln-detection/slicing/output/CPG/c/cwe194_cpg/cwe194-1120-cpg-resolved.bin	tc1120_flow1	CWE194_Unexpected_Sign_Extension__rand_strncpy_16.c	29	CWE194_Unexpected_Sign_Extension__rand_strncpy_16.c	41
/home/swlab-jueon/swvul/tools/java-vuln-detection/slicing/output/CPG/c/cwe194_cpg/cwe194-1120-cpg-resolved.bin	tc1120_flow2	CWE194_Unexpected_Sign_Extension__rand_strncpy_16.c	61	CWE194_Unexpected_Sign_Extension__rand_strncpy_16.c	73
/home/swlab-jueon/swvul/tools/java-vuln-detection/slicing/output/CPG/c/cwe194_cpg/cwe194-1121-cpg-resolved.bin	tc1121_flow1	CWE194_Unexpected_Sign_Extension__rand_strncpy_17.c	30	CWE194_Unexpected_Sign_Extension__rand_strncpy_17.c	41
/home/swlab-jueon/swvul/tools/java-vuln-detection/slicing/output/CPG/c/cwe194_cpg/cwe194-1121-cpg-resolved.bin	tc1121_flow2	CWE194_Unexpected_Sign_Extension__rand_strncpy_17.c	62	CWE194_Unexpected_Sign_Extension__rand_strncpy_17.c	73
/home/swlab-jueon/swvul/tools/java-vuln-detection/slicing/output/CPG/c/cwe194_cpg/cwe194-1122-cpg-resolved.bin	tc1122_flow1	CWE194_Unexpected_Sign_Extension__rand_strncpy_18.c	29	CWE194_Unexpected_Sign_Extension__rand_strncpy_18.c	39
/home/swlab-jueon/swvul/tools/java-vuln-detection/slicing/output/CPG/c/cwe194_cpg/cwe194-1122-cpg-resolved.bin	tc1122_flow2	CWE194_Unexpected_Sign_Extension__rand_strncpy_18.c	59	CWE194_Unexpected_Sign_Extension__rand_strncpy_18.c	69
/home/swlab-jueon/swvul/tools/java-vuln-detection/slicing/output/CPG/c/cwe194_cpg/cwe194-1123-cpg-resolved.bin	tc1123_flow1	CWE194_Unexpected_Sign_Extension__rand_strncpy_21.c	29	CWE194_Unexpected_Sign_Extension__rand_strncpy_21.c	50
/home/swlab-jueon/swvul/tools/java-vuln-detection/slicing/output/CPG/c/cwe194_cpg/cwe194-1123-cpg-resolved.bin	tc1123_flow2	CWE194_Unexpected_Sign_Extension__rand_strncpy_21.c	76	CWE194_Unexpected_Sign_Extension__rand_strncpy_21.c	97
/home/swlab-jueon/swvul/tools/java-vuln-detection/slicing/output/CPG/c/cwe194_cpg/cwe194-1123-cpg-resolved.bin	tc1123_flow3	CWE194_Unexpected_Sign_Extension__rand_strncpy_21.c	110	CWE194_Unexpected_Sign_Extension__rand_strncpy_21.c	131
/home/swlab-jueon/swvul/tools/java-vuln-detection/slicing/output/CPG/c/cwe194_cpg/cwe194-1124-cpg-resolved.bin	tc1124_flow1	CWE194_Unexpected_Sign_Extension__rand_strncpy_22b.c	29	CWE194_Unexpected_Sign_Extension__rand_strncpy_22a.c	42
/home/swlab-jueon/swvul/tools/java-vuln-detection/slicing/output/CPG/c/cwe194_cpg/cwe194-1124-cpg-resolved.bin	tc1124_flow2	CWE194_Unexpected_Sign_Extension__rand_strncpy_22b.c	53	CWE194_Unexpected_Sign_Extension__rand_strncpy_22a.c	76
/home/swlab-jueon/swvul/tools/java-vuln-detection/slicing/output/CPG/c/cwe194_cpg/cwe194-1124-cpg-resolved.bin	tc1124_flow3	CWE194_Unexpected_Sign_Extension__rand_strncpy_22b.c	64	CWE194_Unexpected_Sign_Extension__rand_strncpy_22a.c	102
/home/swlab-jueon/swvul/tools/java-vuln-detection/slicing/output/CPG/c/cwe194_cpg/cwe194-1125-cpg-resolved.bin	tc1125_flow1	CWE194_Unexpected_Sign_Extension__rand_strncpy_31.c	27	CWE194_Unexpected_Sign_Extension__rand_strncpy_31.c	40
/home/swlab-jueon/swvul/tools/java-vuln-detection/slicing/output/CPG/c/cwe194_cpg/cwe194-1125-cpg-resolved.bin	tc1125_flow2	CWE194_Unexpected_Sign_Extension__rand_strncpy_31.c	59	CWE194_Unexpected_Sign_Extension__rand_strncpy_31.c	72
/home/swlab-jueon/swvul/tools/java-vuln-detection/slicing/output/CPG/c/cwe194_cpg/cwe194-1126-cpg-resolved.bin	tc1126_flow1	CWE194_Unexpected_Sign_Extension__rand_strncpy_32.c	31	CWE194_Unexpected_Sign_Extension__rand_strncpy_32.c	45
/home/swlab-jueon/swvul/tools/java-vuln-detection/slicing/output/CPG/c/cwe194_cpg/cwe194-1126-cpg-resolved.bin	tc1126_flow2	CWE194_Unexpected_Sign_Extension__rand_strncpy_32.c	68	CWE194_Unexpected_Sign_Extension__rand_strncpy_32.c	82
/home/swlab-jueon/swvul/tools/java-vuln-detection/slicing/output/CPG/c/cwe194_cpg/cwe194-1127-cpg-resolved.bin	tc1127_flow1	CWE194_Unexpected_Sign_Extension__rand_strncpy_33.cpp	31	CWE194_Unexpected_Sign_Extension__rand_strncpy_33.cpp	43
/home/swlab-jueon/swvul/tools/java-vuln-detection/slicing/output/CPG/c/cwe194_cpg/cwe194-1127-cpg-resolved.bin	tc1127_flow2	CWE194_Unexpected_Sign_Extension__rand_strncpy_33.cpp	63	CWE194_Unexpected_Sign_Extension__rand_strncpy_33.cpp	75
/home/swlab-jueon/swvul/tools/java-vuln-detection/slicing/output/CPG/c/cwe194_cpg/cwe194-1128-cpg-resolved.bin	tc1128_flow1	CWE194_Unexpected_Sign_Extension__rand_strncpy_34.c	34	CWE194_Unexpected_Sign_Extension__rand_strncpy_34.c	47
/home/swlab-jueon/swvul/tools/java-vuln-detection/slicing/output/CPG/c/cwe194_cpg/cwe194-1128-cpg-resolved.bin	tc1128_flow2	CWE194_Unexpected_Sign_Extension__rand_strncpy_34.c	67	CWE194_Unexpected_Sign_Extension__rand_strncpy_34.c	80
/home/swlab-jueon/swvul/tools/java-vuln-detection/slicing/output/CPG/c/cwe194_cpg/cwe194-1129-cpg-resolved.bin	tc1129_flow1	CWE194_Unexpected_Sign_Extension__rand_strncpy_41.c	45	CWE194_Unexpected_Sign_Extension__rand_strncpy_41.c	32
/home/swlab-jueon/swvul/tools/java-vuln-detection/slicing/output/CPG/c/cwe194_cpg/cwe194-1129-cpg-resolved.bin	tc1129_flow2	CWE194_Unexpected_Sign_Extension__rand_strncpy_41.c	78	CWE194_Unexpected_Sign_Extension__rand_strncpy_41.c	64
/home/swlab-jueon/swvul/tools/java-vuln-detection/slicing/output/CPG/c/cwe194_cpg/cwe194-1130-cpg-resolved.bin	tc1130_flow1	CWE194_Unexpected_Sign_Extension__rand_strncpy_42.c	24	CWE194_Unexpected_Sign_Extension__rand_strncpy_42.c	43
/home/swlab-jueon/swvul/tools/java-vuln-detection/slicing/output/CPG/c/cwe194_cpg/cwe194-1130-cpg-resolved.bin	tc1130_flow2	CWE194_Unexpected_Sign_Extension__rand_strncpy_42.c	57	CWE194_Unexpected_Sign_Extension__rand_strncpy_42.c	77
/home/swlab-jueon/swvul/tools/java-vuln-detection/slicing/output/CPG/c/cwe194_cpg/cwe194-1131-cpg-resolved.bin	tc1131_flow1	CWE194_Unexpected_Sign_Extension__rand_strncpy_43.cpp	27	CWE194_Unexpected_Sign_Extension__rand_strncpy_43.cpp	45
/home/swlab-jueon/swvul/tools/java-vuln-detection/slicing/output/CPG/c/cwe194_cpg/cwe194-1131-cpg-resolved.bin	tc1131_flow2	CWE194_Unexpected_Sign_Extension__rand_strncpy_43.cpp	60	CWE194_Unexpected_Sign_Extension__rand_strncpy_43.cpp	78
/home/swlab-jueon/swvul/tools/java-vuln-detection/slicing/output/CPG/c/cwe194_cpg/cwe194-1132-cpg-resolved.bin	tc1132_flow1	CWE194_Unexpected_Sign_Extension__rand_strncpy_44.c	47	CWE194_Unexpected_Sign_Extension__rand_strncpy_44.c	32
/home/swlab-jueon/swvul/tools/java-vuln-detection/slicing/output/CPG/c/cwe194_cpg/cwe194-1132-cpg-resolved.bin	tc1132_flow2	CWE194_Unexpected_Sign_Extension__rand_strncpy_44.c	82	CWE194_Unexpected_Sign_Extension__rand_strncpy_44.c	68
/home/swlab-jueon/swvul/tools/java-vuln-detection/slicing/output/CPG/c/cwe194_cpg/cwe194-1133-cpg-resolved.bin	tc1133_flow1	CWE194_Unexpected_Sign_Extension__rand_strncpy_45.c	49	CWE194_Unexpected_Sign_Extension__rand_strncpy_45.c	36
/home/swlab-jueon/swvul/tools/java-vuln-detection/slicing/output/CPG/c/cwe194_cpg/cwe194-1133-cpg-resolved.bin	tc1133_flow2	CWE194_Unexpected_Sign_Extension__rand_strncpy_45.c	84	CWE194_Unexpected_Sign_Extension__rand_strncpy_45.c	71
/home/swlab-jueon/swvul/tools/java-vuln-detection/slicing/output/CPG/c/cwe194_cpg/cwe194-1134-cpg-resolved.bin	tc1134_flow1	CWE194_Unexpected_Sign_Extension__rand_strncpy_51a.c	30	CWE194_Unexpected_Sign_Extension__rand_strncpy_51b.c	34
/home/swlab-jueon/swvul/tools/java-vuln-detection/slicing/output/CPG/c/cwe194_cpg/cwe194-1134-cpg-resolved.bin	tc1134_flow2	CWE194_Unexpected_Sign_Extension__rand_strncpy_51a.c	48	CWE194_Unexpected_Sign_Extension__rand_strncpy_51b.c	57
/home/swlab-jueon/swvul/tools/java-vuln-detection/slicing/output/CPG/c/cwe194_cpg/cwe194-1135-cpg-resolved.bin	tc1135_flow1	CWE194_Unexpected_Sign_Extension__rand_strncpy_52a.c	30	CWE194_Unexpected_Sign_Extension__rand_strncpy_52c.c	34
/home/swlab-jueon/swvul/tools/java-vuln-detection/slicing/output/CPG/c/cwe194_cpg/cwe194-1135-cpg-resolved.bin	tc1135_flow2	CWE194_Unexpected_Sign_Extension__rand_strncpy_52a.c	48	CWE194_Unexpected_Sign_Extension__rand_strncpy_52c.c	57
/home/swlab-jueon/swvul/tools/java-vuln-detection/slicing/output/CPG/c/cwe194_cpg/cwe194-1136-cpg-resolved.bin	tc1136_flow1	CWE194_Unexpected_Sign_Extension__rand_strncpy_53a.c	30	CWE194_Unexpected_Sign_Extension__rand_strncpy_53d.c	34
/home/swlab-jueon/swvul/tools/java-vuln-detection/slicing/output/CPG/c/cwe194_cpg/cwe194-1136-cpg-resolved.bin	tc1136_flow2	CWE194_Unexpected_Sign_Extension__rand_strncpy_53a.c	48	CWE194_Unexpected_Sign_Extension__rand_strncpy_53d.c	57
/home/swlab-jueon/swvul/tools/java-vuln-detection/slicing/output/CPG/c/cwe194_cpg/cwe194-1137-cpg-resolved.bin	tc1137_flow1	CWE194_Unexpected_Sign_Extension__rand_strncpy_54a.c	30	CWE194_Unexpected_Sign_Extension__rand_strncpy_54e.c	34
/home/swlab-jueon/swvul/tools/java-vuln-detection/slicing/output/CPG/c/cwe194_cpg/cwe194-1137-cpg-resolved.bin	tc1137_flow2	CWE194_Unexpected_Sign_Extension__rand_strncpy_54a.c	48	CWE194_Unexpected_Sign_Extension__rand_strncpy_54e.c	57
/home/swlab-jueon/swvul/tools/java-vuln-detection/slicing/output/CPG/c/cwe194_cpg/cwe194-1138-cpg-resolved.bin	tc1138_flow1	CWE194_Unexpected_Sign_Extension__rand_strncpy_61b.c	24	CWE194_Unexpected_Sign_Extension__rand_strncpy_61a.c	39
/home/swlab-jueon/swvul/tools/java-vuln-detection/slicing/output/CPG/c/cwe194_cpg/cwe194-1138-cpg-resolved.bin	tc1138_flow2	CWE194_Unexpected_Sign_Extension__rand_strncpy_61b.c	36	CWE194_Unexpected_Sign_Extension__rand_strncpy_61a.c	68
/home/swlab-jueon/swvul/tools/java-vuln-detection/slicing/output/CPG/c/cwe194_cpg/cwe194-1139-cpg-resolved.bin	tc1139_flow1	CWE194_Unexpected_Sign_Extension__rand_strncpy_62b.cpp	27	CWE194_Unexpected_Sign_Extension__rand_strncpy_62a.cpp	42
/home/swlab-jueon/swvul/tools/java-vuln-detection/slicing/output/CPG/c/cwe194_cpg/cwe194-1139-cpg-resolved.bin	tc1139_flow2	CWE194_Unexpected_Sign_Extension__rand_strncpy_62b.cpp	38	CWE194_Unexpected_Sign_Extension__rand_strncpy_62a.cpp	71
/home/swlab-jueon/swvul/tools/java-vuln-detection/slicing/output/CPG/c/cwe194_cpg/cwe194-1140-cpg-resolved.bin	tc1140_flow1	CWE194_Unexpected_Sign_Extension__rand_strncpy_63a.c	30	CWE194_Unexpected_Sign_Extension__rand_strncpy_63b.c	33
/home/swlab-jueon/swvul/tools/java-vuln-detection/slicing/output/CPG/c/cwe194_cpg/cwe194-1140-cpg-resolved.bin	tc1140_flow2	CWE194_Unexpected_Sign_Extension__rand_strncpy_63a.c	47	CWE194_Unexpected_Sign_Extension__rand_strncpy_63b.c	57
/home/swlab-jueon/swvul/tools/java-vuln-detection/slicing/output/CPG/c/cwe194_cpg/cwe194-1141-cpg-resolved.bin	tc1141_flow1	CWE194_Unexpected_Sign_Extension__rand_strncpy_64a.c	30	CWE194_Unexpected_Sign_Extension__rand_strncpy_64b.c	36
/home/swlab-jueon/swvul/tools/java-vuln-detection/slicing/output/CPG/c/cwe194_cpg/cwe194-1141-cpg-resolved.bin	tc1141_flow2	CWE194_Unexpected_Sign_Extension__rand_strncpy_64a.c	47	CWE194_Unexpected_Sign_Extension__rand_strncpy_64b.c	63
/home/swlab-jueon/swvul/tools/java-vuln-detection/slicing/output/CPG/c/cwe194_cpg/cwe194-1142-cpg-resolved.bin	tc1142_flow1	CWE194_Unexpected_Sign_Extension__rand_strncpy_65a.c	32	CWE194_Unexpected_Sign_Extension__rand_strncpy_65b.c	32
/home/swlab-jueon/swvul/tools/java-vuln-detection/slicing/output/CPG/c/cwe194_cpg/cwe194-1142-cpg-resolved.bin	tc1142_flow2	CWE194_Unexpected_Sign_Extension__rand_strncpy_65a.c	51	CWE194_Unexpected_Sign_Extension__rand_strncpy_65b.c	55
/home/swlab-jueon/swvul/tools/java-vuln-detection/slicing/output/CPG/c/cwe194_cpg/cwe194-1143-cpg-resolved.bin	tc1143_flow1	CWE194_Unexpected_Sign_Extension__rand_strncpy_66a.c	31	CWE194_Unexpected_Sign_Extension__rand_strncpy_66b.c	34
/home/swlab-jueon/swvul/tools/java-vuln-detection/slicing/output/CPG/c/cwe194_cpg/cwe194-1143-cpg-resolved.bin	tc1143_flow2	CWE194_Unexpected_Sign_Extension__rand_strncpy_66a.c	51	CWE194_Unexpected_Sign_Extension__rand_strncpy_66b.c	58
/home/swlab-jueon/swvul/tools/java-vuln-detection/slicing/output/CPG/c/cwe194_cpg/cwe194-1144-cpg-resolved.bin	tc1144_flow1	CWE194_Unexpected_Sign_Extension__rand_strncpy_67a.c	36	CWE194_Unexpected_Sign_Extension__rand_strncpy_67b.c	38
/home/swlab-jueon/swvul/tools/java-vuln-detection/slicing/output/CPG/c/cwe194_cpg/cwe194-1144-cpg-resolved.bin	tc1144_flow2	CWE194_Unexpected_Sign_Extension__rand_strncpy_67a.c	55	CWE194_Unexpected_Sign_Extension__rand_strncpy_67b.c	62
/home/swlab-jueon/swvul/tools/java-vuln-detection/slicing/output/CPG/c/cwe194_cpg/cwe194-1145-cpg-resolved.bin	tc1145_flow1	CWE194_Unexpected_Sign_Extension__rand_strncpy_68a.c	33	CWE194_Unexpected_Sign_Extension__rand_strncpy_68b.c	38
/home/swlab-jueon/swvul/tools/java-vuln-detection/slicing/output/CPG/c/cwe194_cpg/cwe194-1145-cpg-resolved.bin	tc1145_flow2	CWE194_Unexpected_Sign_Extension__rand_strncpy_68a.c	52	CWE194_Unexpected_Sign_Extension__rand_strncpy_68b.c	62
/home/swlab-jueon/swvul/tools/java-vuln-detection/slicing/output/CPG/c/cwe194_cpg/cwe194-1146-cpg-resolved.bin	tc1146_flow1	CWE194_Unexpected_Sign_Extension__rand_strncpy_72a.cpp	37	CWE194_Unexpected_Sign_Extension__rand_strncpy_72b.cpp	40
/home/swlab-jueon/swvul/tools/java-vuln-detection/slicing/output/CPG/c/cwe194_cpg/cwe194-1146-cpg-resolved.bin	tc1146_flow2	CWE194_Unexpected_Sign_Extension__rand_strncpy_72a.cpp	61	CWE194_Unexpected_Sign_Extension__rand_strncpy_72b.cpp	64
/home/swlab-jueon/swvul/tools/java-vuln-detection/slicing/output/CPG/c/cwe194_cpg/cwe194-1147-cpg-resolved.bin	tc1147_flow1	CWE194_Unexpected_Sign_Extension__rand_strncpy_73a.cpp	37	CWE194_Unexpected_Sign_Extension__rand_strncpy_73b.cpp	40
/home/swlab-jueon/swvul/tools/java-vuln-detection/slicing/output/CPG/c/cwe194_cpg/cwe194-1147-cpg-resolved.bin	tc1147_flow2	CWE194_Unexpected_Sign_Extension__rand_strncpy_73a.cpp	61	CWE194_Unexpected_Sign_Extension__rand_strncpy_73b.cpp	64
/home/swlab-jueon/swvul/tools/java-vuln-detection/slicing/output/CPG/c/cwe194_cpg/cwe194-1148-cpg-resolved.bin	tc1148_flow1	CWE194_Unexpected_Sign_Extension__rand_strncpy_74a.cpp	37	CWE194_Unexpected_Sign_Extension__rand_strncpy_74b.cpp	40
/home/swlab-jueon/swvul/tools/java-vuln-detection/slicing/output/CPG/c/cwe194_cpg/cwe194-1148-cpg-resolved.bin	tc1148_flow2	CWE194_Unexpected_Sign_Extension__rand_strncpy_74a.cpp	61	CWE194_Unexpected_Sign_Extension__rand_strncpy_74b.cpp	64
/home/swlab-jueon/swvul/tools/java-vuln-detection/slicing/output/CPG/c/cwe194_cpg/cwe194-1149-cpg-resolved.bin	tc1149_flow1	CWE194_Unexpected_Sign_Extension__rand_strncpy_81a.cpp	31	CWE194_Unexpected_Sign_Extension__rand_strncpy_81_bad.cpp	35
/home/swlab-jueon/swvul/tools/java-vuln-detection/slicing/output/CPG/c/cwe194_cpg/cwe194-1149-cpg-resolved.bin	tc1149_flow2	CWE194_Unexpected_Sign_Extension__rand_strncpy_81a.cpp	47	CWE194_Unexpected_Sign_Extension__rand_strncpy_81_goodG2B.cpp	35
/home/swlab-jueon/swvul/tools/java-vuln-detection/slicing/output/CPG/c/cwe194_cpg/cwe194-1150-cpg-resolved.bin	tc1150_flow1	CWE194_Unexpected_Sign_Extension__rand_strncpy_82a.cpp	31	CWE194_Unexpected_Sign_Extension__rand_strncpy_82_bad.cpp	35
/home/swlab-jueon/swvul/tools/java-vuln-detection/slicing/output/CPG/c/cwe194_cpg/cwe194-1150-cpg-resolved.bin	tc1150_flow2	CWE194_Unexpected_Sign_Extension__rand_strncpy_82a.cpp	48	CWE194_Unexpected_Sign_Extension__rand_strncpy_82_goodG2B.cpp	35
/home/swlab-jueon/swvul/tools/java-vuln-detection/slicing/output/CPG/c/cwe194_cpg/cwe194-1151-cpg-resolved.bin	tc1151_flow1	CWE194_Unexpected_Sign_Extension__rand_strncpy_83_bad.cpp	27	CWE194_Unexpected_Sign_Extension__rand_strncpy_83_bad.cpp	41
/home/swlab-jueon/swvul/tools/java-vuln-detection/slicing/output/CPG/c/cwe194_cpg/cwe194-1151-cpg-resolved.bin	tc1151_flow2	CWE194_Unexpected_Sign_Extension__rand_strncpy_83_goodG2B.cpp	27	CWE194_Unexpected_Sign_Extension__rand_strncpy_83_goodG2B.cpp	41
/home/swlab-jueon/swvul/tools/java-vuln-detection/slicing/output/CPG/c/cwe194_cpg/cwe194-1152-cpg-resolved.bin	tc1152_flow1	CWE194_Unexpected_Sign_Extension__rand_strncpy_84_bad.cpp	27	CWE194_Unexpected_Sign_Extension__rand_strncpy_84_bad.cpp	41
/home/swlab-jueon/swvul/tools/java-vuln-detection/slicing/output/CPG/c/cwe194_cpg/cwe194-1152-cpg-resolved.bin	tc1152_flow2	CWE194_Unexpected_Sign_Extension__rand_strncpy_84_goodG2B.cpp	27	CWE194_Unexpected_Sign_Extension__rand_strncpy_84_goodG2B.cpp	41
