/home/swlab-jueon/swvul/tools/java-vuln-detection/slicing/output/CPG/c/cwe416_cpg/cwe416-1-cpg-resolved.bin	tc1_flow1	CWE416_Use_After_Free__malloc_free_char_01.c	34	CWE416_Use_After_Free__malloc_free_char_01.c	36
/home/swlab-jueon/swvul/tools/java-vuln-detection/slicing/output/CPG/c/cwe416_cpg/cwe416-1-cpg-resolved.bin	tc1_flow2	CWE416_Use_After_Free__malloc_free_char_01.c	71	CWE416_Use_After_Free__malloc_free_char_01.c	75
/home/swlab-jueon/swvul/tools/java-vuln-detection/slicing/output/CPG/c/cwe416_cpg/cwe416-2-cpg-resolved.bin	tc2_flow1	CWE416_Use_After_Free__malloc_free_char_02.c	36	CWE416_Use_After_Free__malloc_free_char_02.c	41
/home/swlab-jueon/swvul/tools/java-vuln-detection/slicing/output/CPG/c/cwe416_cpg/cwe416-2-cpg-resolved.bin	tc2_flow2	CWE416_Use_After_Free__malloc_free_char_02.c	63	CWE416_Use_After_Free__malloc_free_char_02.c	75
/home/swlab-jueon/swvul/tools/java-vuln-detection/slicing/output/CPG/c/cwe416_cpg/cwe416-2-cpg-resolved.bin	tc2_flow3	CWE416_Use_After_Free__malloc_free_char_02.c	92	CWE416_Use_After_Free__malloc_free_char_02.c	99
/home/swlab-jueon/swvul/tools/java-vuln-detection/slicing/output/CPG/c/cwe416_cpg/cwe416-3-cpg-resolved.bin	tc3_flow1	CWE416_Use_After_Free__malloc_free_char_03.c	36	CWE416_Use_After_Free__malloc_free_char_03.c	41
/home/swlab-jueon/swvul/tools/java-vuln-detection/slicing/output/CPG/c/cwe416_cpg/cwe416-3-cpg-resolved.bin	tc3_flow2	CWE416_Use_After_Free__malloc_free_char_03.c	63	CWE416_Use_After_Free__malloc_free_char_03.c	75
/home/swlab-jueon/swvul/tools/java-vuln-detection/slicing/output/CPG/c/cwe416_cpg/cwe416-3-cpg-resolved.bin	tc3_flow3	CWE416_Use_After_Free__malloc_free_char_03.c	92	CWE416_Use_After_Free__malloc_free_char_03.c	99
/home/swlab-jueon/swvul/tools/java-vuln-detection/slicing/output/CPG/c/cwe416_cpg/cwe416-4-cpg-resolved.bin	tc4_flow1	CWE416_Use_After_Free__malloc_free_char_04.c	42	CWE416_Use_After_Free__malloc_free_char_04.c	47
/home/swlab-jueon/swvul/tools/java-vuln-detection/slicing/output/CPG/c/cwe416_cpg/cwe416-4-cpg-resolved.bin	tc4_flow2	CWE416_Use_After_Free__malloc_free_char_04.c	69	CWE416_Use_After_Free__malloc_free_char_04.c	81
/home/swlab-jueon/swvul/tools/java-vuln-detection/slicing/output/CPG/c/cwe416_cpg/cwe416-4-cpg-resolved.bin	tc4_flow3	CWE416_Use_After_Free__malloc_free_char_04.c	98	CWE416_Use_After_Free__malloc_free_char_04.c	105
/home/swlab-jueon/swvul/tools/java-vuln-detection/slicing/output/CPG/c/cwe416_cpg/cwe416-5-cpg-resolved.bin	tc5_flow1	CWE416_Use_After_Free__malloc_free_char_05.c	42	CWE416_Use_After_Free__malloc_free_char_05.c	47
/home/swlab-jueon/swvul/tools/java-vuln-detection/slicing/output/CPG/c/cwe416_cpg/cwe416-5-cpg-resolved.bin	tc5_flow2	CWE416_Use_After_Free__malloc_free_char_05.c	69	CWE416_Use_After_Free__malloc_free_char_05.c	81
/home/swlab-jueon/swvul/tools/java-vuln-detection/slicing/output/CPG/c/cwe416_cpg/cwe416-5-cpg-resolved.bin	tc5_flow3	CWE416_Use_After_Free__malloc_free_char_05.c	98	CWE416_Use_After_Free__malloc_free_char_05.c	105
/home/swlab-jueon/swvul/tools/java-vuln-detection/slicing/output/CPG/c/cwe416_cpg/cwe416-6-cpg-resolved.bin	tc6_flow1	CWE416_Use_After_Free__malloc_free_char_06.c	41	CWE416_Use_After_Free__malloc_free_char_06.c	46
/home/swlab-jueon/swvul/tools/java-vuln-detection/slicing/output/CPG/c/cwe416_cpg/cwe416-6-cpg-resolved.bin	tc6_flow2	CWE416_Use_After_Free__malloc_free_char_06.c	68	CWE416_Use_After_Free__malloc_free_char_06.c	80
/home/swlab-jueon/swvul/tools/java-vuln-detection/slicing/output/CPG/c/cwe416_cpg/cwe416-6-cpg-resolved.bin	tc6_flow3	CWE416_Use_After_Free__malloc_free_char_06.c	97	CWE416_Use_After_Free__malloc_free_char_06.c	104
/home/swlab-jueon/swvul/tools/java-vuln-detection/slicing/output/CPG/c/cwe416_cpg/cwe416-7-cpg-resolved.bin	tc7_flow1	CWE416_Use_After_Free__malloc_free_char_07.c	41	CWE416_Use_After_Free__malloc_free_char_07.c	46
/home/swlab-jueon/swvul/tools/java-vuln-detection/slicing/output/CPG/c/cwe416_cpg/cwe416-7-cpg-resolved.bin	tc7_flow2	CWE416_Use_After_Free__malloc_free_char_07.c	68	CWE416_Use_After_Free__malloc_free_char_07.c	80
/home/swlab-jueon/swvul/tools/java-vuln-detection/slicing/output/CPG/c/cwe416_cpg/cwe416-7-cpg-resolved.bin	tc7_flow3	CWE416_Use_After_Free__malloc_free_char_07.c	97	CWE416_Use_After_Free__malloc_free_char_07.c	104
/home/swlab-jueon/swvul/tools/java-vuln-detection/slicing/output/CPG/c/cwe416_cpg/cwe416-8-cpg-resolved.bin	tc8_flow1	CWE416_Use_After_Free__malloc_free_char_08.c	49	CWE416_Use_After_Free__malloc_free_char_08.c	54
/home/swlab-jueon/swvul/tools/java-vuln-detection/slicing/output/CPG/c/cwe416_cpg/cwe416-8-cpg-resolved.bin	tc8_flow2	CWE416_Use_After_Free__malloc_free_char_08.c	76	CWE416_Use_After_Free__malloc_free_char_08.c	88
/home/swlab-jueon/swvul/tools/java-vuln-detection/slicing/output/CPG/c/cwe416_cpg/cwe416-8-cpg-resolved.bin	tc8_flow3	CWE416_Use_After_Free__malloc_free_char_08.c	105	CWE416_Use_After_Free__malloc_free_char_08.c	112
/home/swlab-jueon/swvul/tools/java-vuln-detection/slicing/output/CPG/c/cwe416_cpg/cwe416-9-cpg-resolved.bin	tc9_flow1	CWE416_Use_After_Free__malloc_free_char_09.c	36	CWE416_Use_After_Free__malloc_free_char_09.c	41
/home/swlab-jueon/swvul/tools/java-vuln-detection/slicing/output/CPG/c/cwe416_cpg/cwe416-9-cpg-resolved.bin	tc9_flow2	CWE416_Use_After_Free__malloc_free_char_09.c	63	CWE416_Use_After_Free__malloc_free_char_09.c	75
/home/swlab-jueon/swvul/tools/java-vuln-detection/slicing/output/CPG/c/cwe416_cpg/cwe416-9-cpg-resolved.bin	tc9_flow3	CWE416_Use_After_Free__malloc_free_char_09.c	92	CWE416_Use_After_Free__malloc_free_char_09.c	99
/home/swlab-jueon/swvul/tools/java-vuln-detection/slicing/output/CPG/c/cwe416_cpg/cwe416-10-cpg-resolved.bin	tc10_flow1	CWE416_Use_After_Free__malloc_free_char_10.c	36	CWE416_Use_After_Free__malloc_free_char_10.c	41
/home/swlab-jueon/swvul/tools/java-vuln-detection/slicing/output/CPG/c/cwe416_cpg/cwe416-10-cpg-resolved.bin	tc10_flow2	CWE416_Use_After_Free__malloc_free_char_10.c	63	CWE416_Use_After_Free__malloc_free_char_10.c	75
/home/swlab-jueon/swvul/tools/java-vuln-detection/slicing/output/CPG/c/cwe416_cpg/cwe416-10-cpg-resolved.bin	tc10_flow3	CWE416_Use_After_Free__malloc_free_char_10.c	92	CWE416_Use_After_Free__malloc_free_char_10.c	99
/home/swlab-jueon/swvul/tools/java-vuln-detection/slicing/output/CPG/c/cwe416_cpg/cwe416-11-cpg-resolved.bin	tc11_flow1	CWE416_Use_After_Free__malloc_free_char_11.c	36	CWE416_Use_After_Free__malloc_free_char_11.c	41
/home/swlab-jueon/swvul/tools/java-vuln-detection/slicing/output/CPG/c/cwe416_cpg/cwe416-11-cpg-resolved.bin	tc11_flow2	CWE416_Use_After_Free__malloc_free_char_11.c	63	CWE416_Use_After_Free__malloc_free_char_11.c	75
/home/swlab-jueon/swvul/tools/java-vuln-detection/slicing/output/CPG/c/cwe416_cpg/cwe416-11-cpg-resolved.bin	tc11_flow3	CWE416_Use_After_Free__malloc_free_char_11.c	92	CWE416_Use_After_Free__malloc_free_char_11.c	99
/home/swlab-jueon/swvul/tools/java-vuln-detection/slicing/output/CPG/c/cwe416_cpg/cwe416-12-cpg-resolved.bin	tc12_flow2	CWE416_Use_After_Free__malloc_free_char_12.c	80	CWE416_Use_After_Free__malloc_free_char_12.c	103
/home/swlab-jueon/swvul/tools/java-vuln-detection/slicing/output/CPG/c/cwe416_cpg/cwe416-13-cpg-resolved.bin	tc13_flow1	CWE416_Use_After_Free__malloc_free_char_13.c	36	CWE416_Use_After_Free__malloc_free_char_13.c	41
/home/swlab-jueon/swvul/tools/java-vuln-detection/slicing/output/CPG/c/cwe416_cpg/cwe416-13-cpg-resolved.bin	tc13_flow2	CWE416_Use_After_Free__malloc_free_char_13.c	63	CWE416_Use_After_Free__malloc_free_char_13.c	75
/home/swlab-jueon/swvul/tools/java-vuln-detection/slicing/output/CPG/c/cwe416_cpg/cwe416-13-cpg-resolved.bin	tc13_flow3	CWE416_Use_After_Free__malloc_free_char_13.c	92	CWE416_Use_After_Free__malloc_free_char_13.c	99
/home/swlab-jueon/swvul/tools/java-vuln-detection/slicing/output/CPG/c/cwe416_cpg/cwe416-14-cpg-resolved.bin	tc14_flow1	CWE416_Use_After_Free__malloc_free_char_14.c	36	CWE416_Use_After_Free__malloc_free_char_14.c	41
/home/swlab-jueon/swvul/tools/java-vuln-detection/slicing/output/CPG/c/cwe416_cpg/cwe416-14-cpg-resolved.bin	tc14_flow2	CWE416_Use_After_Free__malloc_free_char_14.c	63	CWE416_Use_After_Free__malloc_free_char_14.c	75
/home/swlab-jueon/swvul/tools/java-vuln-detection/slicing/output/CPG/c/cwe416_cpg/cwe416-14-cpg-resolved.bin	tc14_flow3	CWE416_Use_After_Free__malloc_free_char_14.c	92	CWE416_Use_After_Free__malloc_free_char_14.c	99
/home/swlab-jueon/swvul/tools/java-vuln-detection/slicing/output/CPG/c/cwe416_cpg/cwe416-15-cpg-resolved.bin	tc15_flow1	CWE416_Use_After_Free__malloc_free_char_15.c	37	CWE416_Use_After_Free__malloc_free_char_15.c	48
/home/swlab-jueon/swvul/tools/java-vuln-detection/slicing/output/CPG/c/cwe416_cpg/cwe416-15-cpg-resolved.bin	tc15_flow2	CWE416_Use_After_Free__malloc_free_char_15.c	76	CWE416_Use_After_Free__malloc_free_char_15.c	93
/home/swlab-jueon/swvul/tools/java-vuln-detection/slicing/output/CPG/c/cwe416_cpg/cwe416-15-cpg-resolved.bin	tc15_flow3	CWE416_Use_After_Free__malloc_free_char_15.c	112	CWE416_Use_After_Free__malloc_free_char_15.c	125
/home/swlab-jueon/swvul/tools/java-vuln-detection/slicing/output/CPG/c/cwe416_cpg/cwe416-15-cpg-resolved.bin	tc15_flow4	CWE416_Use_After_Free__malloc_free_char_15.c	152	CWE416_Use_After_Free__malloc_free_char_15.c	158
/home/swlab-jueon/swvul/tools/java-vuln-detection/slicing/output/CPG/c/cwe416_cpg/cwe416-15-cpg-resolved.bin	tc15_flow5	CWE416_Use_After_Free__malloc_free_char_15.c	182	CWE416_Use_After_Free__malloc_free_char_15.c	192
/home/swlab-jueon/swvul/tools/java-vuln-detection/slicing/output/CPG/c/cwe416_cpg/cwe416-16-cpg-resolved.bin	tc16_flow1	CWE416_Use_After_Free__malloc_free_char_16.c	36	CWE416_Use_After_Free__malloc_free_char_16.c	42
/home/swlab-jueon/swvul/tools/java-vuln-detection/slicing/output/CPG/c/cwe416_cpg/cwe416-16-cpg-resolved.bin	tc16_flow2	CWE416_Use_After_Free__malloc_free_char_16.c	65	CWE416_Use_After_Free__malloc_free_char_16.c	73
/home/swlab-jueon/swvul/tools/java-vuln-detection/slicing/output/CPG/c/cwe416_cpg/cwe416-16-cpg-resolved.bin	tc16_flow3	CWE416_Use_After_Free__malloc_free_char_16.c	91	CWE416_Use_After_Free__malloc_free_char_16.c	96
/home/swlab-jueon/swvul/tools/java-vuln-detection/slicing/output/CPG/c/cwe416_cpg/cwe416-17-cpg-resolved.bin	tc17_flow1	CWE416_Use_After_Free__malloc_free_char_17.c	37	CWE416_Use_After_Free__malloc_free_char_17.c	42
/home/swlab-jueon/swvul/tools/java-vuln-detection/slicing/output/CPG/c/cwe416_cpg/cwe416-17-cpg-resolved.bin	tc17_flow2	CWE416_Use_After_Free__malloc_free_char_17.c	65	CWE416_Use_After_Free__malloc_free_char_17.c	72
/home/swlab-jueon/swvul/tools/java-vuln-detection/slicing/output/CPG/c/cwe416_cpg/cwe416-18-cpg-resolved.bin	tc18_flow1	CWE416_Use_After_Free__malloc_free_char_18.c	36	CWE416_Use_After_Free__malloc_free_char_18.c	40
/home/swlab-jueon/swvul/tools/java-vuln-detection/slicing/output/CPG/c/cwe416_cpg/cwe416-18-cpg-resolved.bin	tc18_flow2	CWE416_Use_After_Free__malloc_free_char_18.c	61	CWE416_Use_After_Free__malloc_free_char_18.c	67
/home/swlab-jueon/swvul/tools/java-vuln-detection/slicing/output/CPG/c/cwe416_cpg/cwe416-18-cpg-resolved.bin	tc18_flow3	CWE416_Use_After_Free__malloc_free_char_18.c	83	CWE416_Use_After_Free__malloc_free_char_18.c	86
/home/swlab-jueon/swvul/tools/java-vuln-detection/slicing/output/CPG/c/cwe416_cpg/cwe416-19-cpg-resolved.bin	tc19_flow1	CWE416_Use_After_Free__malloc_free_char_43.cpp	34	CWE416_Use_After_Free__malloc_free_char_43.cpp	44
/home/swlab-jueon/swvul/tools/java-vuln-detection/slicing/output/CPG/c/cwe416_cpg/cwe416-19-cpg-resolved.bin	tc19_flow2	CWE416_Use_After_Free__malloc_free_char_43.cpp	81	CWE416_Use_After_Free__malloc_free_char_43.cpp	93
/home/swlab-jueon/swvul/tools/java-vuln-detection/slicing/output/CPG/c/cwe416_cpg/cwe416-20-cpg-resolved.bin	tc20_flow1	CWE416_Use_After_Free__malloc_free_char_62b.cpp	34	CWE416_Use_After_Free__malloc_free_char_62a.cpp	37
/home/swlab-jueon/swvul/tools/java-vuln-detection/slicing/output/CPG/c/cwe416_cpg/cwe416-20-cpg-resolved.bin	tc20_flow2	CWE416_Use_After_Free__malloc_free_char_62b.cpp	59	CWE416_Use_After_Free__malloc_free_char_62a.cpp	71
/home/swlab-jueon/swvul/tools/java-vuln-detection/slicing/output/CPG/c/cwe416_cpg/cwe416-21-cpg-resolved.bin	tc21_flow1	CWE416_Use_After_Free__malloc_free_char_63a.c	37	CWE416_Use_After_Free__malloc_free_char_63b.c	28
/home/swlab-jueon/swvul/tools/java-vuln-detection/slicing/output/CPG/c/cwe416_cpg/cwe416-21-cpg-resolved.bin	tc21_flow2	CWE416_Use_After_Free__malloc_free_char_63a.c	74	CWE416_Use_After_Free__malloc_free_char_63b.c	52
/home/swlab-jueon/swvul/tools/java-vuln-detection/slicing/output/CPG/c/cwe416_cpg/cwe416-21-cpg-resolved.bin	tc21_flow3	CWE416_Use_After_Free__malloc_free_char_63a.c	58	CWE416_Use_After_Free__malloc_free_char_63b.c	41
/home/swlab-jueon/swvul/tools/java-vuln-detection/slicing/output/CPG/c/cwe416_cpg/cwe416-22-cpg-resolved.bin	tc22_flow1	CWE416_Use_After_Free__malloc_free_char_64a.c	37	CWE416_Use_After_Free__malloc_free_char_64b.c	31
/home/swlab-jueon/swvul/tools/java-vuln-detection/slicing/output/CPG/c/cwe416_cpg/cwe416-22-cpg-resolved.bin	tc22_flow2	CWE416_Use_After_Free__malloc_free_char_64a.c	74	CWE416_Use_After_Free__malloc_free_char_64b.c	61
/home/swlab-jueon/swvul/tools/java-vuln-detection/slicing/output/CPG/c/cwe416_cpg/cwe416-22-cpg-resolved.bin	tc22_flow3	CWE416_Use_After_Free__malloc_free_char_64a.c	58	CWE416_Use_After_Free__malloc_free_char_64b.c	47
/home/swlab-jueon/swvul/tools/java-vuln-detection/slicing/output/CPG/c/cwe416_cpg/cwe416-23-cpg-resolved.bin	tc23_flow1	CWE416_Use_After_Free__malloc_free_int_01.c	39	CWE416_Use_After_Free__malloc_free_int_01.c	41
/home/swlab-jueon/swvul/tools/java-vuln-detection/slicing/output/CPG/c/cwe416_cpg/cwe416-23-cpg-resolved.bin	tc23_flow2	CWE416_Use_After_Free__malloc_free_int_01.c	86	CWE416_Use_After_Free__malloc_free_int_01.c	90
/home/swlab-jueon/swvul/tools/java-vuln-detection/slicing/output/CPG/c/cwe416_cpg/cwe416-24-cpg-resolved.bin	tc24_flow1	CWE416_Use_After_Free__malloc_free_int_02.c	41	CWE416_Use_After_Free__malloc_free_int_02.c	46
/home/swlab-jueon/swvul/tools/java-vuln-detection/slicing/output/CPG/c/cwe416_cpg/cwe416-24-cpg-resolved.bin	tc24_flow2	CWE416_Use_After_Free__malloc_free_int_02.c	73	CWE416_Use_After_Free__malloc_free_int_02.c	85
/home/swlab-jueon/swvul/tools/java-vuln-detection/slicing/output/CPG/c/cwe416_cpg/cwe416-24-cpg-resolved.bin	tc24_flow3	CWE416_Use_After_Free__malloc_free_int_02.c	107	CWE416_Use_After_Free__malloc_free_int_02.c	114
/home/swlab-jueon/swvul/tools/java-vuln-detection/slicing/output/CPG/c/cwe416_cpg/cwe416-25-cpg-resolved.bin	tc25_flow1	CWE416_Use_After_Free__malloc_free_int_03.c	41	CWE416_Use_After_Free__malloc_free_int_03.c	46
/home/swlab-jueon/swvul/tools/java-vuln-detection/slicing/output/CPG/c/cwe416_cpg/cwe416-25-cpg-resolved.bin	tc25_flow2	CWE416_Use_After_Free__malloc_free_int_03.c	73	CWE416_Use_After_Free__malloc_free_int_03.c	85
/home/swlab-jueon/swvul/tools/java-vuln-detection/slicing/output/CPG/c/cwe416_cpg/cwe416-25-cpg-resolved.bin	tc25_flow3	CWE416_Use_After_Free__malloc_free_int_03.c	107	CWE416_Use_After_Free__malloc_free_int_03.c	114
/home/swlab-jueon/swvul/tools/java-vuln-detection/slicing/output/CPG/c/cwe416_cpg/cwe416-26-cpg-resolved.bin	tc26_flow1	CWE416_Use_After_Free__malloc_free_int_04.c	47	CWE416_Use_After_Free__malloc_free_int_04.c	52
/home/swlab-jueon/swvul/tools/java-vuln-detection/slicing/output/CPG/c/cwe416_cpg/cwe416-26-cpg-resolved.bin	tc26_flow2	CWE416_Use_After_Free__malloc_free_int_04.c	79	CWE416_Use_After_Free__malloc_free_int_04.c	91
/home/swlab-jueon/swvul/tools/java-vuln-detection/slicing/output/CPG/c/cwe416_cpg/cwe416-26-cpg-resolved.bin	tc26_flow3	CWE416_Use_After_Free__malloc_free_int_04.c	113	CWE416_Use_After_Free__malloc_free_int_04.c	120
/home/swlab-jueon/swvul/tools/java-vuln-detection/slicing/output/CPG/c/cwe416_cpg/cwe416-27-cpg-resolved.bin	tc27_flow1	CWE416_Use_After_Free__malloc_free_int_05.c	47	CWE416_Use_After_Free__malloc_free_int_05.c	52
/home/swlab-jueon/swvul/tools/java-vuln-detection/slicing/output/CPG/c/cwe416_cpg/cwe416-27-cpg-resolved.bin	tc27_flow2	CWE416_Use_After_Free__malloc_free_int_05.c	79	CWE416_Use_After_Free__malloc_free_int_05.c	91
/home/swlab-jueon/swvul/tools/java-vuln-detection/slicing/output/CPG/c/cwe416_cpg/cwe416-27-cpg-resolved.bin	tc27_flow3	CWE416_Use_After_Free__malloc_free_int_05.c	113	CWE416_Use_After_Free__malloc_free_int_05.c	120
/home/swlab-jueon/swvul/tools/java-vuln-detection/slicing/output/CPG/c/cwe416_cpg/cwe416-28-cpg-resolved.bin	tc28_flow1	CWE416_Use_After_Free__malloc_free_int_06.c	46	CWE416_Use_After_Free__malloc_free_int_06.c	51
/home/swlab-jueon/swvul/tools/java-vuln-detection/slicing/output/CPG/c/cwe416_cpg/cwe416-28-cpg-resolved.bin	tc28_flow2	CWE416_Use_After_Free__malloc_free_int_06.c	78	CWE416_Use_After_Free__malloc_free_int_06.c	90
/home/swlab-jueon/swvul/tools/java-vuln-detection/slicing/output/CPG/c/cwe416_cpg/cwe416-28-cpg-resolved.bin	tc28_flow3	CWE416_Use_After_Free__malloc_free_int_06.c	112	CWE416_Use_After_Free__malloc_free_int_06.c	119
/home/swlab-jueon/swvul/tools/java-vuln-detection/slicing/output/CPG/c/cwe416_cpg/cwe416-29-cpg-resolved.bin	tc29_flow1	CWE416_Use_After_Free__malloc_free_int_07.c	46	CWE416_Use_After_Free__malloc_free_int_07.c	51
/home/swlab-jueon/swvul/tools/java-vuln-detection/slicing/output/CPG/c/cwe416_cpg/cwe416-29-cpg-resolved.bin	tc29_flow2	CWE416_Use_After_Free__malloc_free_int_07.c	78	CWE416_Use_After_Free__malloc_free_int_07.c	90
/home/swlab-jueon/swvul/tools/java-vuln-detection/slicing/output/CPG/c/cwe416_cpg/cwe416-29-cpg-resolved.bin	tc29_flow3	CWE416_Use_After_Free__malloc_free_int_07.c	112	CWE416_Use_After_Free__malloc_free_int_07.c	119
/home/swlab-jueon/swvul/tools/java-vuln-detection/slicing/output/CPG/c/cwe416_cpg/cwe416-30-cpg-resolved.bin	tc30_flow1	CWE416_Use_After_Free__malloc_free_int_08.c	54	CWE416_Use_After_Free__malloc_free_int_08.c	59
/home/swlab-jueon/swvul/tools/java-vuln-detection/slicing/output/CPG/c/cwe416_cpg/cwe416-30-cpg-resolved.bin	tc30_flow2	CWE416_Use_After_Free__malloc_free_int_08.c	86	CWE416_Use_After_Free__malloc_free_int_08.c	98
/home/swlab-jueon/swvul/tools/java-vuln-detection/slicing/output/CPG/c/cwe416_cpg/cwe416-30-cpg-resolved.bin	tc30_flow3	CWE416_Use_After_Free__malloc_free_int_08.c	120	CWE416_Use_After_Free__malloc_free_int_08.c	127
/home/swlab-jueon/swvul/tools/java-vuln-detection/slicing/output/CPG/c/cwe416_cpg/cwe416-31-cpg-resolved.bin	tc31_flow1	CWE416_Use_After_Free__malloc_free_int_09.c	41	CWE416_Use_After_Free__malloc_free_int_09.c	46
/home/swlab-jueon/swvul/tools/java-vuln-detection/slicing/output/CPG/c/cwe416_cpg/cwe416-31-cpg-resolved.bin	tc31_flow2	CWE416_Use_After_Free__malloc_free_int_09.c	73	CWE416_Use_After_Free__malloc_free_int_09.c	85
/home/swlab-jueon/swvul/tools/java-vuln-detection/slicing/output/CPG/c/cwe416_cpg/cwe416-31-cpg-resolved.bin	tc31_flow3	CWE416_Use_After_Free__malloc_free_int_09.c	107	CWE416_Use_After_Free__malloc_free_int_09.c	114
/home/swlab-jueon/swvul/tools/java-vuln-detection/slicing/output/CPG/c/cwe416_cpg/cwe416-32-cpg-resolved.bin	tc32_flow1	CWE416_Use_After_Free__malloc_free_int_10.c	41	CWE416_Use_After_Free__malloc_free_int_10.c	46
/home/swlab-jueon/swvul/tools/java-vuln-detection/slicing/output/CPG/c/cwe416_cpg/cwe416-32-cpg-resolved.bin	tc32_flow2	CWE416_Use_After_Free__malloc_free_int_10.c	73	CWE416_Use_After_Free__malloc_free_int_10.c	85
/home/swlab-jueon/swvul/tools/java-vuln-detection/slicing/output/CPG/c/cwe416_cpg/cwe416-32-cpg-resolved.bin	tc32_flow3	CWE416_Use_After_Free__malloc_free_int_10.c	107	CWE416_Use_After_Free__malloc_free_int_10.c	114
/home/swlab-jueon/swvul/tools/java-vuln-detection/slicing/output/CPG/c/cwe416_cpg/cwe416-33-cpg-resolved.bin	tc33_flow1	CWE416_Use_After_Free__malloc_free_int_11.c	41	CWE416_Use_After_Free__malloc_free_int_11.c	46
/home/swlab-jueon/swvul/tools/java-vuln-detection/slicing/output/CPG/c/cwe416_cpg/cwe416-33-cpg-resolved.bin	tc33_flow2	CWE416_Use_After_Free__malloc_free_int_11.c	73	CWE416_Use_After_Free__malloc_free_int_11.c	85
/home/swlab-jueon/swvul/tools/java-vuln-detection/slicing/output/CPG/c/cwe416_cpg/cwe416-33-cpg-resolved.bin	tc33_flow3	CWE416_Use_After_Free__malloc_free_int_11.c	107	CWE416_Use_After_Free__malloc_free_int_11.c	114
/home/swlab-jueon/swvul/tools/java-vuln-detection/slicing/output/CPG/c/cwe416_cpg/cwe416-34-cpg-resolved.bin	tc34_flow2	CWE416_Use_After_Free__malloc_free_int_12.c	95	CWE416_Use_After_Free__malloc_free_int_12.c	123
/home/swlab-jueon/swvul/tools/java-vuln-detection/slicing/output/CPG/c/cwe416_cpg/cwe416-35-cpg-resolved.bin	tc35_flow1	CWE416_Use_After_Free__malloc_free_int_13.c	41	CWE416_Use_After_Free__malloc_free_int_13.c	46
/home/swlab-jueon/swvul/tools/java-vuln-detection/slicing/output/CPG/c/cwe416_cpg/cwe416-35-cpg-resolved.bin	tc35_flow2	CWE416_Use_After_Free__malloc_free_int_13.c	73	CWE416_Use_After_Free__malloc_free_int_13.c	85
/home/swlab-jueon/swvul/tools/java-vuln-detection/slicing/output/CPG/c/cwe416_cpg/cwe416-35-cpg-resolved.bin	tc35_flow3	CWE416_Use_After_Free__malloc_free_int_13.c	107	CWE416_Use_After_Free__malloc_free_int_13.c	114
/home/swlab-jueon/swvul/tools/java-vuln-detection/slicing/output/CPG/c/cwe416_cpg/cwe416-36-cpg-resolved.bin	tc36_flow1	CWE416_Use_After_Free__malloc_free_int_14.c	41	CWE416_Use_After_Free__malloc_free_int_14.c	46
/home/swlab-jueon/swvul/tools/java-vuln-detection/slicing/output/CPG/c/cwe416_cpg/cwe416-36-cpg-resolved.bin	tc36_flow2	CWE416_Use_After_Free__malloc_free_int_14.c	73	CWE416_Use_After_Free__malloc_free_int_14.c	85
/home/swlab-jueon/swvul/tools/java-vuln-detection/slicing/output/CPG/c/cwe416_cpg/cwe416-36-cpg-resolved.bin	tc36_flow3	CWE416_Use_After_Free__malloc_free_int_14.c	107	CWE416_Use_After_Free__malloc_free_int_14.c	114
/home/swlab-jueon/swvul/tools/java-vuln-detection/slicing/output/CPG/c/cwe416_cpg/cwe416-37-cpg-resolved.bin	tc37_flow1	CWE416_Use_After_Free__malloc_free_int_15.c	42	CWE416_Use_After_Free__malloc_free_int_15.c	53
/home/swlab-jueon/swvul/tools/java-vuln-detection/slicing/output/CPG/c/cwe416_cpg/cwe416-37-cpg-resolved.bin	tc37_flow2	CWE416_Use_After_Free__malloc_free_int_15.c	86	CWE416_Use_After_Free__malloc_free_int_15.c	103
/home/swlab-jueon/swvul/tools/java-vuln-detection/slicing/output/CPG/c/cwe416_cpg/cwe416-37-cpg-resolved.bin	tc37_flow3	CWE416_Use_After_Free__malloc_free_int_15.c	127	CWE416_Use_After_Free__malloc_free_int_15.c	140
/home/swlab-jueon/swvul/tools/java-vuln-detection/slicing/output/CPG/c/cwe416_cpg/cwe416-37-cpg-resolved.bin	tc37_flow4	CWE416_Use_After_Free__malloc_free_int_15.c	172	CWE416_Use_After_Free__malloc_free_int_15.c	178
/home/swlab-jueon/swvul/tools/java-vuln-detection/slicing/output/CPG/c/cwe416_cpg/cwe416-37-cpg-resolved.bin	tc37_flow5	CWE416_Use_After_Free__malloc_free_int_15.c	207	CWE416_Use_After_Free__malloc_free_int_15.c	217
/home/swlab-jueon/swvul/tools/java-vuln-detection/slicing/output/CPG/c/cwe416_cpg/cwe416-38-cpg-resolved.bin	tc38_flow1	CWE416_Use_After_Free__malloc_free_int_16.c	41	CWE416_Use_After_Free__malloc_free_int_16.c	47
/home/swlab-jueon/swvul/tools/java-vuln-detection/slicing/output/CPG/c/cwe416_cpg/cwe416-38-cpg-resolved.bin	tc38_flow2	CWE416_Use_After_Free__malloc_free_int_16.c	75	CWE416_Use_After_Free__malloc_free_int_16.c	83
/home/swlab-jueon/swvul/tools/java-vuln-detection/slicing/output/CPG/c/cwe416_cpg/cwe416-38-cpg-resolved.bin	tc38_flow3	CWE416_Use_After_Free__malloc_free_int_16.c	106	CWE416_Use_After_Free__malloc_free_int_16.c	111
/home/swlab-jueon/swvul/tools/java-vuln-detection/slicing/output/CPG/c/cwe416_cpg/cwe416-39-cpg-resolved.bin	tc39_flow1	CWE416_Use_After_Free__malloc_free_int_17.c	42	CWE416_Use_After_Free__malloc_free_int_17.c	47
/home/swlab-jueon/swvul/tools/java-vuln-detection/slicing/output/CPG/c/cwe416_cpg/cwe416-39-cpg-resolved.bin	tc39_flow2	CWE416_Use_After_Free__malloc_free_int_17.c	75	CWE416_Use_After_Free__malloc_free_int_17.c	82
/home/swlab-jueon/swvul/tools/java-vuln-detection/slicing/output/CPG/c/cwe416_cpg/cwe416-40-cpg-resolved.bin	tc40_flow1	CWE416_Use_After_Free__malloc_free_int_18.c	41	CWE416_Use_After_Free__malloc_free_int_18.c	45
/home/swlab-jueon/swvul/tools/java-vuln-detection/slicing/output/CPG/c/cwe416_cpg/cwe416-40-cpg-resolved.bin	tc40_flow2	CWE416_Use_After_Free__malloc_free_int_18.c	71	CWE416_Use_After_Free__malloc_free_int_18.c	77
/home/swlab-jueon/swvul/tools/java-vuln-detection/slicing/output/CPG/c/cwe416_cpg/cwe416-40-cpg-resolved.bin	tc40_flow3	CWE416_Use_After_Free__malloc_free_int_18.c	98	CWE416_Use_After_Free__malloc_free_int_18.c	101
/home/swlab-jueon/swvul/tools/java-vuln-detection/slicing/output/CPG/c/cwe416_cpg/cwe416-41-cpg-resolved.bin	tc41_flow1	CWE416_Use_After_Free__malloc_free_int_43.cpp	39	CWE416_Use_After_Free__malloc_free_int_43.cpp	49
/home/swlab-jueon/swvul/tools/java-vuln-detection/slicing/output/CPG/c/cwe416_cpg/cwe416-41-cpg-resolved.bin	tc41_flow2	CWE416_Use_After_Free__malloc_free_int_43.cpp	96	CWE416_Use_After_Free__malloc_free_int_43.cpp	108
/home/swlab-jueon/swvul/tools/java-vuln-detection/slicing/output/CPG/c/cwe416_cpg/cwe416-42-cpg-resolved.bin	tc42_flow1	CWE416_Use_After_Free__malloc_free_int_62b.cpp	39	CWE416_Use_After_Free__malloc_free_int_62a.cpp	37
/home/swlab-jueon/swvul/tools/java-vuln-detection/slicing/output/CPG/c/cwe416_cpg/cwe416-42-cpg-resolved.bin	tc42_flow2	CWE416_Use_After_Free__malloc_free_int_62b.cpp	74	CWE416_Use_After_Free__malloc_free_int_62a.cpp	71
/home/swlab-jueon/swvul/tools/java-vuln-detection/slicing/output/CPG/c/cwe416_cpg/cwe416-43-cpg-resolved.bin	tc43_flow1	CWE416_Use_After_Free__malloc_free_int_63a.c	42	CWE416_Use_After_Free__malloc_free_int_63b.c	28
/home/swlab-jueon/swvul/tools/java-vuln-detection/slicing/output/CPG/c/cwe416_cpg/cwe416-43-cpg-resolved.bin	tc43_flow2	CWE416_Use_After_Free__malloc_free_int_63a.c	89	CWE416_Use_After_Free__malloc_free_int_63b.c	52
/home/swlab-jueon/swvul/tools/java-vuln-detection/slicing/output/CPG/c/cwe416_cpg/cwe416-43-cpg-resolved.bin	tc43_flow3	CWE416_Use_After_Free__malloc_free_int_63a.c	68	CWE416_Use_After_Free__malloc_free_int_63b.c	41
/home/swlab-jueon/swvul/tools/java-vuln-detection/slicing/output/CPG/c/cwe416_cpg/cwe416-44-cpg-resolved.bin	tc44_flow1	CWE416_Use_After_Free__malloc_free_int_64a.c	42	CWE416_Use_After_Free__malloc_free_int_64b.c	31
/home/swlab-jueon/swvul/tools/java-vuln-detection/slicing/output/CPG/c/cwe416_cpg/cwe416-44-cpg-resolved.bin	tc44_flow2	CWE416_Use_After_Free__malloc_free_int_64a.c	89	CWE416_Use_After_Free__malloc_free_int_64b.c	61
/home/swlab-jueon/swvul/tools/java-vuln-detection/slicing/output/CPG/c/cwe416_cpg/cwe416-44-cpg-resolved.bin	tc44_flow3	CWE416_Use_After_Free__malloc_free_int_64a.c	68	CWE416_Use_After_Free__malloc_free_int_64b.c	47
/home/swlab-jueon/swvul/tools/java-vuln-detection/slicing/output/CPG/c/cwe416_cpg/cwe416-45-cpg-resolved.bin	tc45_flow1	CWE416_Use_After_Free__malloc_free_int64_t_01.c	39	CWE416_Use_After_Free__malloc_free_int64_t_01.c	41
/home/swlab-jueon/swvul/tools/java-vuln-detection/slicing/output/CPG/c/cwe416_cpg/cwe416-45-cpg-resolved.bin	tc45_flow2	CWE416_Use_After_Free__malloc_free_int64_t_01.c	86	CWE416_Use_After_Free__malloc_free_int64_t_01.c	90
/home/swlab-jueon/swvul/tools/java-vuln-detection/slicing/output/CPG/c/cwe416_cpg/cwe416-46-cpg-resolved.bin	tc46_flow1	CWE416_Use_After_Free__malloc_free_int64_t_02.c	41	CWE416_Use_After_Free__malloc_free_int64_t_02.c	46
/home/swlab-jueon/swvul/tools/java-vuln-detection/slicing/output/CPG/c/cwe416_cpg/cwe416-46-cpg-resolved.bin	tc46_flow2	CWE416_Use_After_Free__malloc_free_int64_t_02.c	73	CWE416_Use_After_Free__malloc_free_int64_t_02.c	85
/home/swlab-jueon/swvul/tools/java-vuln-detection/slicing/output/CPG/c/cwe416_cpg/cwe416-46-cpg-resolved.bin	tc46_flow3	CWE416_Use_After_Free__malloc_free_int64_t_02.c	107	CWE416_Use_After_Free__malloc_free_int64_t_02.c	114
/home/swlab-jueon/swvul/tools/java-vuln-detection/slicing/output/CPG/c/cwe416_cpg/cwe416-47-cpg-resolved.bin	tc47_flow1	CWE416_Use_After_Free__malloc_free_int64_t_03.c	41	CWE416_Use_After_Free__malloc_free_int64_t_03.c	46
/home/swlab-jueon/swvul/tools/java-vuln-detection/slicing/output/CPG/c/cwe416_cpg/cwe416-47-cpg-resolved.bin	tc47_flow2	CWE416_Use_After_Free__malloc_free_int64_t_03.c	73	CWE416_Use_After_Free__malloc_free_int64_t_03.c	85
/home/swlab-jueon/swvul/tools/java-vuln-detection/slicing/output/CPG/c/cwe416_cpg/cwe416-47-cpg-resolved.bin	tc47_flow3	CWE416_Use_After_Free__malloc_free_int64_t_03.c	107	CWE416_Use_After_Free__malloc_free_int64_t_03.c	114
/home/swlab-jueon/swvul/tools/java-vuln-detection/slicing/output/CPG/c/cwe416_cpg/cwe416-48-cpg-resolved.bin	tc48_flow1	CWE416_Use_After_Free__malloc_free_int64_t_04.c	47	CWE416_Use_After_Free__malloc_free_int64_t_04.c	52
/home/swlab-jueon/swvul/tools/java-vuln-detection/slicing/output/CPG/c/cwe416_cpg/cwe416-48-cpg-resolved.bin	tc48_flow2	CWE416_Use_After_Free__malloc_free_int64_t_04.c	79	CWE416_Use_After_Free__malloc_free_int64_t_04.c	91
/home/swlab-jueon/swvul/tools/java-vuln-detection/slicing/output/CPG/c/cwe416_cpg/cwe416-48-cpg-resolved.bin	tc48_flow3	CWE416_Use_After_Free__malloc_free_int64_t_04.c	113	CWE416_Use_After_Free__malloc_free_int64_t_04.c	120
/home/swlab-jueon/swvul/tools/java-vuln-detection/slicing/output/CPG/c/cwe416_cpg/cwe416-49-cpg-resolved.bin	tc49_flow1	CWE416_Use_After_Free__malloc_free_int64_t_05.c	47	CWE416_Use_After_Free__malloc_free_int64_t_05.c	52
/home/swlab-jueon/swvul/tools/java-vuln-detection/slicing/output/CPG/c/cwe416_cpg/cwe416-49-cpg-resolved.bin	tc49_flow2	CWE416_Use_After_Free__malloc_free_int64_t_05.c	79	CWE416_Use_After_Free__malloc_free_int64_t_05.c	91
/home/swlab-jueon/swvul/tools/java-vuln-detection/slicing/output/CPG/c/cwe416_cpg/cwe416-49-cpg-resolved.bin	tc49_flow3	CWE416_Use_After_Free__malloc_free_int64_t_05.c	113	CWE416_Use_After_Free__malloc_free_int64_t_05.c	120
/home/swlab-jueon/swvul/tools/java-vuln-detection/slicing/output/CPG/c/cwe416_cpg/cwe416-50-cpg-resolved.bin	tc50_flow1	CWE416_Use_After_Free__malloc_free_int64_t_06.c	46	CWE416_Use_After_Free__malloc_free_int64_t_06.c	51
/home/swlab-jueon/swvul/tools/java-vuln-detection/slicing/output/CPG/c/cwe416_cpg/cwe416-50-cpg-resolved.bin	tc50_flow2	CWE416_Use_After_Free__malloc_free_int64_t_06.c	78	CWE416_Use_After_Free__malloc_free_int64_t_06.c	90
/home/swlab-jueon/swvul/tools/java-vuln-detection/slicing/output/CPG/c/cwe416_cpg/cwe416-50-cpg-resolved.bin	tc50_flow3	CWE416_Use_After_Free__malloc_free_int64_t_06.c	112	CWE416_Use_After_Free__malloc_free_int64_t_06.c	119
/home/swlab-jueon/swvul/tools/java-vuln-detection/slicing/output/CPG/c/cwe416_cpg/cwe416-51-cpg-resolved.bin	tc51_flow1	CWE416_Use_After_Free__malloc_free_int64_t_07.c	46	CWE416_Use_After_Free__malloc_free_int64_t_07.c	51
/home/swlab-jueon/swvul/tools/java-vuln-detection/slicing/output/CPG/c/cwe416_cpg/cwe416-51-cpg-resolved.bin	tc51_flow2	CWE416_Use_After_Free__malloc_free_int64_t_07.c	78	CWE416_Use_After_Free__malloc_free_int64_t_07.c	90
/home/swlab-jueon/swvul/tools/java-vuln-detection/slicing/output/CPG/c/cwe416_cpg/cwe416-51-cpg-resolved.bin	tc51_flow3	CWE416_Use_After_Free__malloc_free_int64_t_07.c	112	CWE416_Use_After_Free__malloc_free_int64_t_07.c	119
/home/swlab-jueon/swvul/tools/java-vuln-detection/slicing/output/CPG/c/cwe416_cpg/cwe416-52-cpg-resolved.bin	tc52_flow1	CWE416_Use_After_Free__malloc_free_int64_t_08.c	54	CWE416_Use_After_Free__malloc_free_int64_t_08.c	59
/home/swlab-jueon/swvul/tools/java-vuln-detection/slicing/output/CPG/c/cwe416_cpg/cwe416-52-cpg-resolved.bin	tc52_flow2	CWE416_Use_After_Free__malloc_free_int64_t_08.c	86	CWE416_Use_After_Free__malloc_free_int64_t_08.c	98
/home/swlab-jueon/swvul/tools/java-vuln-detection/slicing/output/CPG/c/cwe416_cpg/cwe416-52-cpg-resolved.bin	tc52_flow3	CWE416_Use_After_Free__malloc_free_int64_t_08.c	120	CWE416_Use_After_Free__malloc_free_int64_t_08.c	127
/home/swlab-jueon/swvul/tools/java-vuln-detection/slicing/output/CPG/c/cwe416_cpg/cwe416-53-cpg-resolved.bin	tc53_flow1	CWE416_Use_After_Free__malloc_free_int64_t_09.c	41	CWE416_Use_After_Free__malloc_free_int64_t_09.c	46
/home/swlab-jueon/swvul/tools/java-vuln-detection/slicing/output/CPG/c/cwe416_cpg/cwe416-53-cpg-resolved.bin	tc53_flow2	CWE416_Use_After_Free__malloc_free_int64_t_09.c	73	CWE416_Use_After_Free__malloc_free_int64_t_09.c	85
/home/swlab-jueon/swvul/tools/java-vuln-detection/slicing/output/CPG/c/cwe416_cpg/cwe416-53-cpg-resolved.bin	tc53_flow3	CWE416_Use_After_Free__malloc_free_int64_t_09.c	107	CWE416_Use_After_Free__malloc_free_int64_t_09.c	114
/home/swlab-jueon/swvul/tools/java-vuln-detection/slicing/output/CPG/c/cwe416_cpg/cwe416-54-cpg-resolved.bin	tc54_flow1	CWE416_Use_After_Free__malloc_free_int64_t_10.c	41	CWE416_Use_After_Free__malloc_free_int64_t_10.c	46
/home/swlab-jueon/swvul/tools/java-vuln-detection/slicing/output/CPG/c/cwe416_cpg/cwe416-54-cpg-resolved.bin	tc54_flow2	CWE416_Use_After_Free__malloc_free_int64_t_10.c	73	CWE416_Use_After_Free__malloc_free_int64_t_10.c	85
/home/swlab-jueon/swvul/tools/java-vuln-detection/slicing/output/CPG/c/cwe416_cpg/cwe416-54-cpg-resolved.bin	tc54_flow3	CWE416_Use_After_Free__malloc_free_int64_t_10.c	107	CWE416_Use_After_Free__malloc_free_int64_t_10.c	114
/home/swlab-jueon/swvul/tools/java-vuln-detection/slicing/output/CPG/c/cwe416_cpg/cwe416-55-cpg-resolved.bin	tc55_flow1	CWE416_Use_After_Free__malloc_free_int64_t_11.c	41	CWE416_Use_After_Free__malloc_free_int64_t_11.c	46
/home/swlab-jueon/swvul/tools/java-vuln-detection/slicing/output/CPG/c/cwe416_cpg/cwe416-55-cpg-resolved.bin	tc55_flow2	CWE416_Use_After_Free__malloc_free_int64_t_11.c	73	CWE416_Use_After_Free__malloc_free_int64_t_11.c	85
/home/swlab-jueon/swvul/tools/java-vuln-detection/slicing/output/CPG/c/cwe416_cpg/cwe416-55-cpg-resolved.bin	tc55_flow3	CWE416_Use_After_Free__malloc_free_int64_t_11.c	107	CWE416_Use_After_Free__malloc_free_int64_t_11.c	114
/home/swlab-jueon/swvul/tools/java-vuln-detection/slicing/output/CPG/c/cwe416_cpg/cwe416-56-cpg-resolved.bin	tc56_flow2	CWE416_Use_After_Free__malloc_free_int64_t_12.c	95	CWE416_Use_After_Free__malloc_free_int64_t_12.c	123
/home/swlab-jueon/swvul/tools/java-vuln-detection/slicing/output/CPG/c/cwe416_cpg/cwe416-57-cpg-resolved.bin	tc57_flow1	CWE416_Use_After_Free__malloc_free_int64_t_13.c	41	CWE416_Use_After_Free__malloc_free_int64_t_13.c	46
/home/swlab-jueon/swvul/tools/java-vuln-detection/slicing/output/CPG/c/cwe416_cpg/cwe416-57-cpg-resolved.bin	tc57_flow2	CWE416_Use_After_Free__malloc_free_int64_t_13.c	73	CWE416_Use_After_Free__malloc_free_int64_t_13.c	85
/home/swlab-jueon/swvul/tools/java-vuln-detection/slicing/output/CPG/c/cwe416_cpg/cwe416-57-cpg-resolved.bin	tc57_flow3	CWE416_Use_After_Free__malloc_free_int64_t_13.c	107	CWE416_Use_After_Free__malloc_free_int64_t_13.c	114
/home/swlab-jueon/swvul/tools/java-vuln-detection/slicing/output/CPG/c/cwe416_cpg/cwe416-58-cpg-resolved.bin	tc58_flow1	CWE416_Use_After_Free__malloc_free_int64_t_14.c	41	CWE416_Use_After_Free__malloc_free_int64_t_14.c	46
/home/swlab-jueon/swvul/tools/java-vuln-detection/slicing/output/CPG/c/cwe416_cpg/cwe416-58-cpg-resolved.bin	tc58_flow2	CWE416_Use_After_Free__malloc_free_int64_t_14.c	73	CWE416_Use_After_Free__malloc_free_int64_t_14.c	85
/home/swlab-jueon/swvul/tools/java-vuln-detection/slicing/output/CPG/c/cwe416_cpg/cwe416-58-cpg-resolved.bin	tc58_flow3	CWE416_Use_After_Free__malloc_free_int64_t_14.c	107	CWE416_Use_After_Free__malloc_free_int64_t_14.c	114
/home/swlab-jueon/swvul/tools/java-vuln-detection/slicing/output/CPG/c/cwe416_cpg/cwe416-59-cpg-resolved.bin	tc59_flow1	CWE416_Use_After_Free__malloc_free_int64_t_15.c	42	CWE416_Use_After_Free__malloc_free_int64_t_15.c	53
/home/swlab-jueon/swvul/tools/java-vuln-detection/slicing/output/CPG/c/cwe416_cpg/cwe416-59-cpg-resolved.bin	tc59_flow2	CWE416_Use_After_Free__malloc_free_int64_t_15.c	86	CWE416_Use_After_Free__malloc_free_int64_t_15.c	103
/home/swlab-jueon/swvul/tools/java-vuln-detection/slicing/output/CPG/c/cwe416_cpg/cwe416-59-cpg-resolved.bin	tc59_flow3	CWE416_Use_After_Free__malloc_free_int64_t_15.c	127	CWE416_Use_After_Free__malloc_free_int64_t_15.c	140
/home/swlab-jueon/swvul/tools/java-vuln-detection/slicing/output/CPG/c/cwe416_cpg/cwe416-59-cpg-resolved.bin	tc59_flow4	CWE416_Use_After_Free__malloc_free_int64_t_15.c	172	CWE416_Use_After_Free__malloc_free_int64_t_15.c	178
/home/swlab-jueon/swvul/tools/java-vuln-detection/slicing/output/CPG/c/cwe416_cpg/cwe416-59-cpg-resolved.bin	tc59_flow5	CWE416_Use_After_Free__malloc_free_int64_t_15.c	207	CWE416_Use_After_Free__malloc_free_int64_t_15.c	217
/home/swlab-jueon/swvul/tools/java-vuln-detection/slicing/output/CPG/c/cwe416_cpg/cwe416-60-cpg-resolved.bin	tc60_flow1	CWE416_Use_After_Free__malloc_free_int64_t_16.c	41	CWE416_Use_After_Free__malloc_free_int64_t_16.c	47
/home/swlab-jueon/swvul/tools/java-vuln-detection/slicing/output/CPG/c/cwe416_cpg/cwe416-60-cpg-resolved.bin	tc60_flow2	CWE416_Use_After_Free__malloc_free_int64_t_16.c	75	CWE416_Use_After_Free__malloc_free_int64_t_16.c	83
/home/swlab-jueon/swvul/tools/java-vuln-detection/slicing/output/CPG/c/cwe416_cpg/cwe416-60-cpg-resolved.bin	tc60_flow3	CWE416_Use_After_Free__malloc_free_int64_t_16.c	106	CWE416_Use_After_Free__malloc_free_int64_t_16.c	111
/home/swlab-jueon/swvul/tools/java-vuln-detection/slicing/output/CPG/c/cwe416_cpg/cwe416-61-cpg-resolved.bin	tc61_flow1	CWE416_Use_After_Free__malloc_free_int64_t_17.c	42	CWE416_Use_After_Free__malloc_free_int64_t_17.c	47
/home/swlab-jueon/swvul/tools/java-vuln-detection/slicing/output/CPG/c/cwe416_cpg/cwe416-61-cpg-resolved.bin	tc61_flow2	CWE416_Use_After_Free__malloc_free_int64_t_17.c	75	CWE416_Use_After_Free__malloc_free_int64_t_17.c	82
/home/swlab-jueon/swvul/tools/java-vuln-detection/slicing/output/CPG/c/cwe416_cpg/cwe416-62-cpg-resolved.bin	tc62_flow1	CWE416_Use_After_Free__malloc_free_int64_t_18.c	41	CWE416_Use_After_Free__malloc_free_int64_t_18.c	45
/home/swlab-jueon/swvul/tools/java-vuln-detection/slicing/output/CPG/c/cwe416_cpg/cwe416-62-cpg-resolved.bin	tc62_flow2	CWE416_Use_After_Free__malloc_free_int64_t_18.c	71	CWE416_Use_After_Free__malloc_free_int64_t_18.c	77
/home/swlab-jueon/swvul/tools/java-vuln-detection/slicing/output/CPG/c/cwe416_cpg/cwe416-62-cpg-resolved.bin	tc62_flow3	CWE416_Use_After_Free__malloc_free_int64_t_18.c	98	CWE416_Use_After_Free__malloc_free_int64_t_18.c	101
/home/swlab-jueon/swvul/tools/java-vuln-detection/slicing/output/CPG/c/cwe416_cpg/cwe416-63-cpg-resolved.bin	tc63_flow1	CWE416_Use_After_Free__malloc_free_int64_t_43.cpp	39	CWE416_Use_After_Free__malloc_free_int64_t_43.cpp	49
/home/swlab-jueon/swvul/tools/java-vuln-detection/slicing/output/CPG/c/cwe416_cpg/cwe416-63-cpg-resolved.bin	tc63_flow2	CWE416_Use_After_Free__malloc_free_int64_t_43.cpp	96	CWE416_Use_After_Free__malloc_free_int64_t_43.cpp	108
/home/swlab-jueon/swvul/tools/java-vuln-detection/slicing/output/CPG/c/cwe416_cpg/cwe416-64-cpg-resolved.bin	tc64_flow1	CWE416_Use_After_Free__malloc_free_int64_t_62b.cpp	39	CWE416_Use_After_Free__malloc_free_int64_t_62a.cpp	37
/home/swlab-jueon/swvul/tools/java-vuln-detection/slicing/output/CPG/c/cwe416_cpg/cwe416-64-cpg-resolved.bin	tc64_flow2	CWE416_Use_After_Free__malloc_free_int64_t_62b.cpp	74	CWE416_Use_After_Free__malloc_free_int64_t_62a.cpp	71
/home/swlab-jueon/swvul/tools/java-vuln-detection/slicing/output/CPG/c/cwe416_cpg/cwe416-65-cpg-resolved.bin	tc65_flow1	CWE416_Use_After_Free__malloc_free_int64_t_63a.c	42	CWE416_Use_After_Free__malloc_free_int64_t_63b.c	28
/home/swlab-jueon/swvul/tools/java-vuln-detection/slicing/output/CPG/c/cwe416_cpg/cwe416-65-cpg-resolved.bin	tc65_flow2	CWE416_Use_After_Free__malloc_free_int64_t_63a.c	89	CWE416_Use_After_Free__malloc_free_int64_t_63b.c	52
/home/swlab-jueon/swvul/tools/java-vuln-detection/slicing/output/CPG/c/cwe416_cpg/cwe416-65-cpg-resolved.bin	tc65_flow3	CWE416_Use_After_Free__malloc_free_int64_t_63a.c	68	CWE416_Use_After_Free__malloc_free_int64_t_63b.c	41
/home/swlab-jueon/swvul/tools/java-vuln-detection/slicing/output/CPG/c/cwe416_cpg/cwe416-66-cpg-resolved.bin	tc66_flow1	CWE416_Use_After_Free__malloc_free_int64_t_64a.c	42	CWE416_Use_After_Free__malloc_free_int64_t_64b.c	31
/home/swlab-jueon/swvul/tools/java-vuln-detection/slicing/output/CPG/c/cwe416_cpg/cwe416-66-cpg-resolved.bin	tc66_flow2	CWE416_Use_After_Free__malloc_free_int64_t_64a.c	89	CWE416_Use_After_Free__malloc_free_int64_t_64b.c	61
/home/swlab-jueon/swvul/tools/java-vuln-detection/slicing/output/CPG/c/cwe416_cpg/cwe416-66-cpg-resolved.bin	tc66_flow3	CWE416_Use_After_Free__malloc_free_int64_t_64a.c	68	CWE416_Use_After_Free__malloc_free_int64_t_64b.c	47
/home/swlab-jueon/swvul/tools/java-vuln-detection/slicing/output/CPG/c/cwe416_cpg/cwe416-67-cpg-resolved.bin	tc67_flow1	CWE416_Use_After_Free__malloc_free_long_01.c	39	CWE416_Use_After_Free__malloc_free_long_01.c	41
/home/swlab-jueon/swvul/tools/java-vuln-detection/slicing/output/CPG/c/cwe416_cpg/cwe416-67-cpg-resolved.bin	tc67_flow2	CWE416_Use_After_Free__malloc_free_long_01.c	86	CWE416_Use_After_Free__malloc_free_long_01.c	90
/home/swlab-jueon/swvul/tools/java-vuln-detection/slicing/output/CPG/c/cwe416_cpg/cwe416-68-cpg-resolved.bin	tc68_flow1	CWE416_Use_After_Free__malloc_free_long_02.c	41	CWE416_Use_After_Free__malloc_free_long_02.c	46
/home/swlab-jueon/swvul/tools/java-vuln-detection/slicing/output/CPG/c/cwe416_cpg/cwe416-68-cpg-resolved.bin	tc68_flow2	CWE416_Use_After_Free__malloc_free_long_02.c	73	CWE416_Use_After_Free__malloc_free_long_02.c	85
/home/swlab-jueon/swvul/tools/java-vuln-detection/slicing/output/CPG/c/cwe416_cpg/cwe416-68-cpg-resolved.bin	tc68_flow3	CWE416_Use_After_Free__malloc_free_long_02.c	107	CWE416_Use_After_Free__malloc_free_long_02.c	114
/home/swlab-jueon/swvul/tools/java-vuln-detection/slicing/output/CPG/c/cwe416_cpg/cwe416-69-cpg-resolved.bin	tc69_flow1	CWE416_Use_After_Free__malloc_free_long_03.c	41	CWE416_Use_After_Free__malloc_free_long_03.c	46
/home/swlab-jueon/swvul/tools/java-vuln-detection/slicing/output/CPG/c/cwe416_cpg/cwe416-69-cpg-resolved.bin	tc69_flow2	CWE416_Use_After_Free__malloc_free_long_03.c	73	CWE416_Use_After_Free__malloc_free_long_03.c	85
/home/swlab-jueon/swvul/tools/java-vuln-detection/slicing/output/CPG/c/cwe416_cpg/cwe416-69-cpg-resolved.bin	tc69_flow3	CWE416_Use_After_Free__malloc_free_long_03.c	107	CWE416_Use_After_Free__malloc_free_long_03.c	114
/home/swlab-jueon/swvul/tools/java-vuln-detection/slicing/output/CPG/c/cwe416_cpg/cwe416-70-cpg-resolved.bin	tc70_flow1	CWE416_Use_After_Free__malloc_free_long_04.c	47	CWE416_Use_After_Free__malloc_free_long_04.c	52
/home/swlab-jueon/swvul/tools/java-vuln-detection/slicing/output/CPG/c/cwe416_cpg/cwe416-70-cpg-resolved.bin	tc70_flow2	CWE416_Use_After_Free__malloc_free_long_04.c	79	CWE416_Use_After_Free__malloc_free_long_04.c	91
/home/swlab-jueon/swvul/tools/java-vuln-detection/slicing/output/CPG/c/cwe416_cpg/cwe416-70-cpg-resolved.bin	tc70_flow3	CWE416_Use_After_Free__malloc_free_long_04.c	113	CWE416_Use_After_Free__malloc_free_long_04.c	120
/home/swlab-jueon/swvul/tools/java-vuln-detection/slicing/output/CPG/c/cwe416_cpg/cwe416-71-cpg-resolved.bin	tc71_flow1	CWE416_Use_After_Free__malloc_free_long_05.c	47	CWE416_Use_After_Free__malloc_free_long_05.c	52
/home/swlab-jueon/swvul/tools/java-vuln-detection/slicing/output/CPG/c/cwe416_cpg/cwe416-71-cpg-resolved.bin	tc71_flow2	CWE416_Use_After_Free__malloc_free_long_05.c	79	CWE416_Use_After_Free__malloc_free_long_05.c	91
/home/swlab-jueon/swvul/tools/java-vuln-detection/slicing/output/CPG/c/cwe416_cpg/cwe416-71-cpg-resolved.bin	tc71_flow3	CWE416_Use_After_Free__malloc_free_long_05.c	113	CWE416_Use_After_Free__malloc_free_long_05.c	120
/home/swlab-jueon/swvul/tools/java-vuln-detection/slicing/output/CPG/c/cwe416_cpg/cwe416-72-cpg-resolved.bin	tc72_flow1	CWE416_Use_After_Free__malloc_free_long_06.c	46	CWE416_Use_After_Free__malloc_free_long_06.c	51
/home/swlab-jueon/swvul/tools/java-vuln-detection/slicing/output/CPG/c/cwe416_cpg/cwe416-72-cpg-resolved.bin	tc72_flow2	CWE416_Use_After_Free__malloc_free_long_06.c	78	CWE416_Use_After_Free__malloc_free_long_06.c	90
/home/swlab-jueon/swvul/tools/java-vuln-detection/slicing/output/CPG/c/cwe416_cpg/cwe416-72-cpg-resolved.bin	tc72_flow3	CWE416_Use_After_Free__malloc_free_long_06.c	112	CWE416_Use_After_Free__malloc_free_long_06.c	119
/home/swlab-jueon/swvul/tools/java-vuln-detection/slicing/output/CPG/c/cwe416_cpg/cwe416-73-cpg-resolved.bin	tc73_flow1	CWE416_Use_After_Free__malloc_free_long_07.c	46	CWE416_Use_After_Free__malloc_free_long_07.c	51
/home/swlab-jueon/swvul/tools/java-vuln-detection/slicing/output/CPG/c/cwe416_cpg/cwe416-73-cpg-resolved.bin	tc73_flow2	CWE416_Use_After_Free__malloc_free_long_07.c	78	CWE416_Use_After_Free__malloc_free_long_07.c	90
/home/swlab-jueon/swvul/tools/java-vuln-detection/slicing/output/CPG/c/cwe416_cpg/cwe416-73-cpg-resolved.bin	tc73_flow3	CWE416_Use_After_Free__malloc_free_long_07.c	112	CWE416_Use_After_Free__malloc_free_long_07.c	119
/home/swlab-jueon/swvul/tools/java-vuln-detection/slicing/output/CPG/c/cwe416_cpg/cwe416-74-cpg-resolved.bin	tc74_flow1	CWE416_Use_After_Free__malloc_free_long_08.c	54	CWE416_Use_After_Free__malloc_free_long_08.c	59
/home/swlab-jueon/swvul/tools/java-vuln-detection/slicing/output/CPG/c/cwe416_cpg/cwe416-74-cpg-resolved.bin	tc74_flow2	CWE416_Use_After_Free__malloc_free_long_08.c	86	CWE416_Use_After_Free__malloc_free_long_08.c	98
/home/swlab-jueon/swvul/tools/java-vuln-detection/slicing/output/CPG/c/cwe416_cpg/cwe416-74-cpg-resolved.bin	tc74_flow3	CWE416_Use_After_Free__malloc_free_long_08.c	120	CWE416_Use_After_Free__malloc_free_long_08.c	127
/home/swlab-jueon/swvul/tools/java-vuln-detection/slicing/output/CPG/c/cwe416_cpg/cwe416-75-cpg-resolved.bin	tc75_flow1	CWE416_Use_After_Free__malloc_free_long_09.c	41	CWE416_Use_After_Free__malloc_free_long_09.c	46
/home/swlab-jueon/swvul/tools/java-vuln-detection/slicing/output/CPG/c/cwe416_cpg/cwe416-75-cpg-resolved.bin	tc75_flow2	CWE416_Use_After_Free__malloc_free_long_09.c	73	CWE416_Use_After_Free__malloc_free_long_09.c	85
/home/swlab-jueon/swvul/tools/java-vuln-detection/slicing/output/CPG/c/cwe416_cpg/cwe416-75-cpg-resolved.bin	tc75_flow3	CWE416_Use_After_Free__malloc_free_long_09.c	107	CWE416_Use_After_Free__malloc_free_long_09.c	114
/home/swlab-jueon/swvul/tools/java-vuln-detection/slicing/output/CPG/c/cwe416_cpg/cwe416-76-cpg-resolved.bin	tc76_flow1	CWE416_Use_After_Free__malloc_free_long_10.c	41	CWE416_Use_After_Free__malloc_free_long_10.c	46
/home/swlab-jueon/swvul/tools/java-vuln-detection/slicing/output/CPG/c/cwe416_cpg/cwe416-76-cpg-resolved.bin	tc76_flow2	CWE416_Use_After_Free__malloc_free_long_10.c	73	CWE416_Use_After_Free__malloc_free_long_10.c	85
/home/swlab-jueon/swvul/tools/java-vuln-detection/slicing/output/CPG/c/cwe416_cpg/cwe416-76-cpg-resolved.bin	tc76_flow3	CWE416_Use_After_Free__malloc_free_long_10.c	107	CWE416_Use_After_Free__malloc_free_long_10.c	114
/home/swlab-jueon/swvul/tools/java-vuln-detection/slicing/output/CPG/c/cwe416_cpg/cwe416-77-cpg-resolved.bin	tc77_flow1	CWE416_Use_After_Free__malloc_free_long_11.c	41	CWE416_Use_After_Free__malloc_free_long_11.c	46
/home/swlab-jueon/swvul/tools/java-vuln-detection/slicing/output/CPG/c/cwe416_cpg/cwe416-77-cpg-resolved.bin	tc77_flow2	CWE416_Use_After_Free__malloc_free_long_11.c	73	CWE416_Use_After_Free__malloc_free_long_11.c	85
/home/swlab-jueon/swvul/tools/java-vuln-detection/slicing/output/CPG/c/cwe416_cpg/cwe416-77-cpg-resolved.bin	tc77_flow3	CWE416_Use_After_Free__malloc_free_long_11.c	107	CWE416_Use_After_Free__malloc_free_long_11.c	114
/home/swlab-jueon/swvul/tools/java-vuln-detection/slicing/output/CPG/c/cwe416_cpg/cwe416-78-cpg-resolved.bin	tc78_flow2	CWE416_Use_After_Free__malloc_free_long_12.c	95	CWE416_Use_After_Free__malloc_free_long_12.c	123
/home/swlab-jueon/swvul/tools/java-vuln-detection/slicing/output/CPG/c/cwe416_cpg/cwe416-79-cpg-resolved.bin	tc79_flow1	CWE416_Use_After_Free__malloc_free_long_13.c	41	CWE416_Use_After_Free__malloc_free_long_13.c	46
/home/swlab-jueon/swvul/tools/java-vuln-detection/slicing/output/CPG/c/cwe416_cpg/cwe416-79-cpg-resolved.bin	tc79_flow2	CWE416_Use_After_Free__malloc_free_long_13.c	73	CWE416_Use_After_Free__malloc_free_long_13.c	85
/home/swlab-jueon/swvul/tools/java-vuln-detection/slicing/output/CPG/c/cwe416_cpg/cwe416-79-cpg-resolved.bin	tc79_flow3	CWE416_Use_After_Free__malloc_free_long_13.c	107	CWE416_Use_After_Free__malloc_free_long_13.c	114
/home/swlab-jueon/swvul/tools/java-vuln-detection/slicing/output/CPG/c/cwe416_cpg/cwe416-80-cpg-resolved.bin	tc80_flow1	CWE416_Use_After_Free__malloc_free_long_14.c	41	CWE416_Use_After_Free__malloc_free_long_14.c	46
/home/swlab-jueon/swvul/tools/java-vuln-detection/slicing/output/CPG/c/cwe416_cpg/cwe416-80-cpg-resolved.bin	tc80_flow2	CWE416_Use_After_Free__malloc_free_long_14.c	73	CWE416_Use_After_Free__malloc_free_long_14.c	85
/home/swlab-jueon/swvul/tools/java-vuln-detection/slicing/output/CPG/c/cwe416_cpg/cwe416-80-cpg-resolved.bin	tc80_flow3	CWE416_Use_After_Free__malloc_free_long_14.c	107	CWE416_Use_After_Free__malloc_free_long_14.c	114
/home/swlab-jueon/swvul/tools/java-vuln-detection/slicing/output/CPG/c/cwe416_cpg/cwe416-81-cpg-resolved.bin	tc81_flow1	CWE416_Use_After_Free__malloc_free_long_15.c	42	CWE416_Use_After_Free__malloc_free_long_15.c	53
/home/swlab-jueon/swvul/tools/java-vuln-detection/slicing/output/CPG/c/cwe416_cpg/cwe416-81-cpg-resolved.bin	tc81_flow2	CWE416_Use_After_Free__malloc_free_long_15.c	86	CWE416_Use_After_Free__malloc_free_long_15.c	103
/home/swlab-jueon/swvul/tools/java-vuln-detection/slicing/output/CPG/c/cwe416_cpg/cwe416-81-cpg-resolved.bin	tc81_flow3	CWE416_Use_After_Free__malloc_free_long_15.c	127	CWE416_Use_After_Free__malloc_free_long_15.c	140
/home/swlab-jueon/swvul/tools/java-vuln-detection/slicing/output/CPG/c/cwe416_cpg/cwe416-81-cpg-resolved.bin	tc81_flow4	CWE416_Use_After_Free__malloc_free_long_15.c	172	CWE416_Use_After_Free__malloc_free_long_15.c	178
/home/swlab-jueon/swvul/tools/java-vuln-detection/slicing/output/CPG/c/cwe416_cpg/cwe416-81-cpg-resolved.bin	tc81_flow5	CWE416_Use_After_Free__malloc_free_long_15.c	207	CWE416_Use_After_Free__malloc_free_long_15.c	217
/home/swlab-jueon/swvul/tools/java-vuln-detection/slicing/output/CPG/c/cwe416_cpg/cwe416-82-cpg-resolved.bin	tc82_flow1	CWE416_Use_After_Free__malloc_free_long_16.c	41	CWE416_Use_After_Free__malloc_free_long_16.c	47
/home/swlab-jueon/swvul/tools/java-vuln-detection/slicing/output/CPG/c/cwe416_cpg/cwe416-82-cpg-resolved.bin	tc82_flow2	CWE416_Use_After_Free__malloc_free_long_16.c	75	CWE416_Use_After_Free__malloc_free_long_16.c	83
/home/swlab-jueon/swvul/tools/java-vuln-detection/slicing/output/CPG/c/cwe416_cpg/cwe416-82-cpg-resolved.bin	tc82_flow3	CWE416_Use_After_Free__malloc_free_long_16.c	106	CWE416_Use_After_Free__malloc_free_long_16.c	111
/home/swlab-jueon/swvul/tools/java-vuln-detection/slicing/output/CPG/c/cwe416_cpg/cwe416-83-cpg-resolved.bin	tc83_flow1	CWE416_Use_After_Free__malloc_free_long_17.c	42	CWE416_Use_After_Free__malloc_free_long_17.c	47
/home/swlab-jueon/swvul/tools/java-vuln-detection/slicing/output/CPG/c/cwe416_cpg/cwe416-83-cpg-resolved.bin	tc83_flow2	CWE416_Use_After_Free__malloc_free_long_17.c	75	CWE416_Use_After_Free__malloc_free_long_17.c	82
/home/swlab-jueon/swvul/tools/java-vuln-detection/slicing/output/CPG/c/cwe416_cpg/cwe416-84-cpg-resolved.bin	tc84_flow1	CWE416_Use_After_Free__malloc_free_long_18.c	41	CWE416_Use_After_Free__malloc_free_long_18.c	45
/home/swlab-jueon/swvul/tools/java-vuln-detection/slicing/output/CPG/c/cwe416_cpg/cwe416-84-cpg-resolved.bin	tc84_flow2	CWE416_Use_After_Free__malloc_free_long_18.c	71	CWE416_Use_After_Free__malloc_free_long_18.c	77
/home/swlab-jueon/swvul/tools/java-vuln-detection/slicing/output/CPG/c/cwe416_cpg/cwe416-84-cpg-resolved.bin	tc84_flow3	CWE416_Use_After_Free__malloc_free_long_18.c	98	CWE416_Use_After_Free__malloc_free_long_18.c	101
/home/swlab-jueon/swvul/tools/java-vuln-detection/slicing/output/CPG/c/cwe416_cpg/cwe416-85-cpg-resolved.bin	tc85_flow1	CWE416_Use_After_Free__malloc_free_long_43.cpp	39	CWE416_Use_After_Free__malloc_free_long_43.cpp	49
/home/swlab-jueon/swvul/tools/java-vuln-detection/slicing/output/CPG/c/cwe416_cpg/cwe416-85-cpg-resolved.bin	tc85_flow2	CWE416_Use_After_Free__malloc_free_long_43.cpp	96	CWE416_Use_After_Free__malloc_free_long_43.cpp	108
/home/swlab-jueon/swvul/tools/java-vuln-detection/slicing/output/CPG/c/cwe416_cpg/cwe416-86-cpg-resolved.bin	tc86_flow1	CWE416_Use_After_Free__malloc_free_long_62b.cpp	39	CWE416_Use_After_Free__malloc_free_long_62a.cpp	37
/home/swlab-jueon/swvul/tools/java-vuln-detection/slicing/output/CPG/c/cwe416_cpg/cwe416-86-cpg-resolved.bin	tc86_flow2	CWE416_Use_After_Free__malloc_free_long_62b.cpp	74	CWE416_Use_After_Free__malloc_free_long_62a.cpp	71
/home/swlab-jueon/swvul/tools/java-vuln-detection/slicing/output/CPG/c/cwe416_cpg/cwe416-87-cpg-resolved.bin	tc87_flow1	CWE416_Use_After_Free__malloc_free_long_63a.c	42	CWE416_Use_After_Free__malloc_free_long_63b.c	28
/home/swlab-jueon/swvul/tools/java-vuln-detection/slicing/output/CPG/c/cwe416_cpg/cwe416-87-cpg-resolved.bin	tc87_flow2	CWE416_Use_After_Free__malloc_free_long_63a.c	89	CWE416_Use_After_Free__malloc_free_long_63b.c	52
/home/swlab-jueon/swvul/tools/java-vuln-detection/slicing/output/CPG/c/cwe416_cpg/cwe416-87-cpg-resolved.bin	tc87_flow3	CWE416_Use_After_Free__malloc_free_long_63a.c	68	CWE416_Use_After_Free__malloc_free_long_63b.c	41
/home/swlab-jueon/swvul/tools/java-vuln-detection/slicing/output/CPG/c/cwe416_cpg/cwe416-88-cpg-resolved.bin	tc88_flow1	CWE416_Use_After_Free__malloc_free_long_64a.c	42	CWE416_Use_After_Free__malloc_free_long_64b.c	31
/home/swlab-jueon/swvul/tools/java-vuln-detection/slicing/output/CPG/c/cwe416_cpg/cwe416-88-cpg-resolved.bin	tc88_flow2	CWE416_Use_After_Free__malloc_free_long_64a.c	89	CWE416_Use_After_Free__malloc_free_long_64b.c	61
/home/swlab-jueon/swvul/tools/java-vuln-detection/slicing/output/CPG/c/cwe416_cpg/cwe416-88-cpg-resolved.bin	tc88_flow3	CWE416_Use_After_Free__malloc_free_long_64a.c	68	CWE416_Use_After_Free__malloc_free_long_64b.c	47
/home/swlab-jueon/swvul/tools/java-vuln-detection/slicing/output/CPG/c/cwe416_cpg/cwe416-89-cpg-resolved.bin	tc89_flow1	CWE416_Use_After_Free__malloc_free_struct_01.c	40	CWE416_Use_After_Free__malloc_free_struct_01.c	42
/home/swlab-jueon/swvul/tools/java-vuln-detection/slicing/output/CPG/c/cwe416_cpg/cwe416-89-cpg-resolved.bin	tc89_flow2	CWE416_Use_After_Free__malloc_free_struct_01.c	89	CWE416_Use_After_Free__malloc_free_struct_01.c	93
/home/swlab-jueon/swvul/tools/java-vuln-detection/slicing/output/CPG/c/cwe416_cpg/cwe416-90-cpg-resolved.bin	tc90_flow1	CWE416_Use_After_Free__malloc_free_struct_02.c	42	CWE416_Use_After_Free__malloc_free_struct_02.c	47
/home/swlab-jueon/swvul/tools/java-vuln-detection/slicing/output/CPG/c/cwe416_cpg/cwe416-90-cpg-resolved.bin	tc90_flow2	CWE416_Use_After_Free__malloc_free_struct_02.c	75	CWE416_Use_After_Free__malloc_free_struct_02.c	87
/home/swlab-jueon/swvul/tools/java-vuln-detection/slicing/output/CPG/c/cwe416_cpg/cwe416-90-cpg-resolved.bin	tc90_flow3	CWE416_Use_After_Free__malloc_free_struct_02.c	110	CWE416_Use_After_Free__malloc_free_struct_02.c	117
/home/swlab-jueon/swvul/tools/java-vuln-detection/slicing/output/CPG/c/cwe416_cpg/cwe416-91-cpg-resolved.bin	tc91_flow1	CWE416_Use_After_Free__malloc_free_struct_03.c	42	CWE416_Use_After_Free__malloc_free_struct_03.c	47
/home/swlab-jueon/swvul/tools/java-vuln-detection/slicing/output/CPG/c/cwe416_cpg/cwe416-91-cpg-resolved.bin	tc91_flow2	CWE416_Use_After_Free__malloc_free_struct_03.c	75	CWE416_Use_After_Free__malloc_free_struct_03.c	87
/home/swlab-jueon/swvul/tools/java-vuln-detection/slicing/output/CPG/c/cwe416_cpg/cwe416-91-cpg-resolved.bin	tc91_flow3	CWE416_Use_After_Free__malloc_free_struct_03.c	110	CWE416_Use_After_Free__malloc_free_struct_03.c	117
/home/swlab-jueon/swvul/tools/java-vuln-detection/slicing/output/CPG/c/cwe416_cpg/cwe416-92-cpg-resolved.bin	tc92_flow1	CWE416_Use_After_Free__malloc_free_struct_04.c	48	CWE416_Use_After_Free__malloc_free_struct_04.c	53
/home/swlab-jueon/swvul/tools/java-vuln-detection/slicing/output/CPG/c/cwe416_cpg/cwe416-92-cpg-resolved.bin	tc92_flow2	CWE416_Use_After_Free__malloc_free_struct_04.c	81	CWE416_Use_After_Free__malloc_free_struct_04.c	93
/home/swlab-jueon/swvul/tools/java-vuln-detection/slicing/output/CPG/c/cwe416_cpg/cwe416-92-cpg-resolved.bin	tc92_flow3	CWE416_Use_After_Free__malloc_free_struct_04.c	116	CWE416_Use_After_Free__malloc_free_struct_04.c	123
/home/swlab-jueon/swvul/tools/java-vuln-detection/slicing/output/CPG/c/cwe416_cpg/cwe416-93-cpg-resolved.bin	tc93_flow1	CWE416_Use_After_Free__malloc_free_struct_05.c	48	CWE416_Use_After_Free__malloc_free_struct_05.c	53
/home/swlab-jueon/swvul/tools/java-vuln-detection/slicing/output/CPG/c/cwe416_cpg/cwe416-93-cpg-resolved.bin	tc93_flow2	CWE416_Use_After_Free__malloc_free_struct_05.c	81	CWE416_Use_After_Free__malloc_free_struct_05.c	93
/home/swlab-jueon/swvul/tools/java-vuln-detection/slicing/output/CPG/c/cwe416_cpg/cwe416-93-cpg-resolved.bin	tc93_flow3	CWE416_Use_After_Free__malloc_free_struct_05.c	116	CWE416_Use_After_Free__malloc_free_struct_05.c	123
/home/swlab-jueon/swvul/tools/java-vuln-detection/slicing/output/CPG/c/cwe416_cpg/cwe416-94-cpg-resolved.bin	tc94_flow1	CWE416_Use_After_Free__malloc_free_struct_06.c	47	CWE416_Use_After_Free__malloc_free_struct_06.c	52
/home/swlab-jueon/swvul/tools/java-vuln-detection/slicing/output/CPG/c/cwe416_cpg/cwe416-94-cpg-resolved.bin	tc94_flow2	CWE416_Use_After_Free__malloc_free_struct_06.c	80	CWE416_Use_After_Free__malloc_free_struct_06.c	92
/home/swlab-jueon/swvul/tools/java-vuln-detection/slicing/output/CPG/c/cwe416_cpg/cwe416-94-cpg-resolved.bin	tc94_flow3	CWE416_Use_After_Free__malloc_free_struct_06.c	115	CWE416_Use_After_Free__malloc_free_struct_06.c	122
/home/swlab-jueon/swvul/tools/java-vuln-detection/slicing/output/CPG/c/cwe416_cpg/cwe416-95-cpg-resolved.bin	tc95_flow1	CWE416_Use_After_Free__malloc_free_struct_07.c	47	CWE416_Use_After_Free__malloc_free_struct_07.c	52
/home/swlab-jueon/swvul/tools/java-vuln-detection/slicing/output/CPG/c/cwe416_cpg/cwe416-95-cpg-resolved.bin	tc95_flow2	CWE416_Use_After_Free__malloc_free_struct_07.c	80	CWE416_Use_After_Free__malloc_free_struct_07.c	92
/home/swlab-jueon/swvul/tools/java-vuln-detection/slicing/output/CPG/c/cwe416_cpg/cwe416-95-cpg-resolved.bin	tc95_flow3	CWE416_Use_After_Free__malloc_free_struct_07.c	115	CWE416_Use_After_Free__malloc_free_struct_07.c	122
/home/swlab-jueon/swvul/tools/java-vuln-detection/slicing/output/CPG/c/cwe416_cpg/cwe416-96-cpg-resolved.bin	tc96_flow1	CWE416_Use_After_Free__malloc_free_struct_08.c	55	CWE416_Use_After_Free__malloc_free_struct_08.c	60
/home/swlab-jueon/swvul/tools/java-vuln-detection/slicing/output/CPG/c/cwe416_cpg/cwe416-96-cpg-resolved.bin	tc96_flow2	CWE416_Use_After_Free__malloc_free_struct_08.c	88	CWE416_Use_After_Free__malloc_free_struct_08.c	100
/home/swlab-jueon/swvul/tools/java-vuln-detection/slicing/output/CPG/c/cwe416_cpg/cwe416-96-cpg-resolved.bin	tc96_flow3	CWE416_Use_After_Free__malloc_free_struct_08.c	123	CWE416_Use_After_Free__malloc_free_struct_08.c	130
/home/swlab-jueon/swvul/tools/java-vuln-detection/slicing/output/CPG/c/cwe416_cpg/cwe416-97-cpg-resolved.bin	tc97_flow1	CWE416_Use_After_Free__malloc_free_struct_09.c	42	CWE416_Use_After_Free__malloc_free_struct_09.c	47
/home/swlab-jueon/swvul/tools/java-vuln-detection/slicing/output/CPG/c/cwe416_cpg/cwe416-97-cpg-resolved.bin	tc97_flow2	CWE416_Use_After_Free__malloc_free_struct_09.c	75	CWE416_Use_After_Free__malloc_free_struct_09.c	87
/home/swlab-jueon/swvul/tools/java-vuln-detection/slicing/output/CPG/c/cwe416_cpg/cwe416-97-cpg-resolved.bin	tc97_flow3	CWE416_Use_After_Free__malloc_free_struct_09.c	110	CWE416_Use_After_Free__malloc_free_struct_09.c	117
/home/swlab-jueon/swvul/tools/java-vuln-detection/slicing/output/CPG/c/cwe416_cpg/cwe416-98-cpg-resolved.bin	tc98_flow1	CWE416_Use_After_Free__malloc_free_struct_10.c	42	CWE416_Use_After_Free__malloc_free_struct_10.c	47
/home/swlab-jueon/swvul/tools/java-vuln-detection/slicing/output/CPG/c/cwe416_cpg/cwe416-98-cpg-resolved.bin	tc98_flow2	CWE416_Use_After_Free__malloc_free_struct_10.c	75	CWE416_Use_After_Free__malloc_free_struct_10.c	87
/home/swlab-jueon/swvul/tools/java-vuln-detection/slicing/output/CPG/c/cwe416_cpg/cwe416-98-cpg-resolved.bin	tc98_flow3	CWE416_Use_After_Free__malloc_free_struct_10.c	110	CWE416_Use_After_Free__malloc_free_struct_10.c	117
/home/swlab-jueon/swvul/tools/java-vuln-detection/slicing/output/CPG/c/cwe416_cpg/cwe416-99-cpg-resolved.bin	tc99_flow1	CWE416_Use_After_Free__malloc_free_struct_11.c	42	CWE416_Use_After_Free__malloc_free_struct_11.c	47
/home/swlab-jueon/swvul/tools/java-vuln-detection/slicing/output/CPG/c/cwe416_cpg/cwe416-99-cpg-resolved.bin	tc99_flow2	CWE416_Use_After_Free__malloc_free_struct_11.c	75	CWE416_Use_After_Free__malloc_free_struct_11.c	87
/home/swlab-jueon/swvul/tools/java-vuln-detection/slicing/output/CPG/c/cwe416_cpg/cwe416-99-cpg-resolved.bin	tc99_flow3	CWE416_Use_After_Free__malloc_free_struct_11.c	110	CWE416_Use_After_Free__malloc_free_struct_11.c	117
/home/swlab-jueon/swvul/tools/java-vuln-detection/slicing/output/CPG/c/cwe416_cpg/cwe416-100-cpg-resolved.bin	tc100_flow2	CWE416_Use_After_Free__malloc_free_struct_12.c	98	CWE416_Use_After_Free__malloc_free_struct_12.c	127
/home/swlab-jueon/swvul/tools/java-vuln-detection/slicing/output/CPG/c/cwe416_cpg/cwe416-101-cpg-resolved.bin	tc101_flow1	CWE416_Use_After_Free__malloc_free_struct_13.c	42	CWE416_Use_After_Free__malloc_free_struct_13.c	47
/home/swlab-jueon/swvul/tools/java-vuln-detection/slicing/output/CPG/c/cwe416_cpg/cwe416-101-cpg-resolved.bin	tc101_flow2	CWE416_Use_After_Free__malloc_free_struct_13.c	75	CWE416_Use_After_Free__malloc_free_struct_13.c	87
/home/swlab-jueon/swvul/tools/java-vuln-detection/slicing/output/CPG/c/cwe416_cpg/cwe416-101-cpg-resolved.bin	tc101_flow3	CWE416_Use_After_Free__malloc_free_struct_13.c	110	CWE416_Use_After_Free__malloc_free_struct_13.c	117
/home/swlab-jueon/swvul/tools/java-vuln-detection/slicing/output/CPG/c/cwe416_cpg/cwe416-102-cpg-resolved.bin	tc102_flow1	CWE416_Use_After_Free__malloc_free_struct_14.c	42	CWE416_Use_After_Free__malloc_free_struct_14.c	47
/home/swlab-jueon/swvul/tools/java-vuln-detection/slicing/output/CPG/c/cwe416_cpg/cwe416-102-cpg-resolved.bin	tc102_flow2	CWE416_Use_After_Free__malloc_free_struct_14.c	75	CWE416_Use_After_Free__malloc_free_struct_14.c	87
/home/swlab-jueon/swvul/tools/java-vuln-detection/slicing/output/CPG/c/cwe416_cpg/cwe416-102-cpg-resolved.bin	tc102_flow3	CWE416_Use_After_Free__malloc_free_struct_14.c	110	CWE416_Use_After_Free__malloc_free_struct_14.c	117
/home/swlab-jueon/swvul/tools/java-vuln-detection/slicing/output/CPG/c/cwe416_cpg/cwe416-103-cpg-resolved.bin	tc103_flow1	CWE416_Use_After_Free__malloc_free_struct_15.c	43	CWE416_Use_After_Free__malloc_free_struct_15.c	54
/home/swlab-jueon/swvul/tools/java-vuln-detection/slicing/output/CPG/c/cwe416_cpg/cwe416-103-cpg-resolved.bin	tc103_flow2	CWE416_Use_After_Free__malloc_free_struct_15.c	88	CWE416_Use_After_Free__malloc_free_struct_15.c	105
/home/swlab-jueon/swvul/tools/java-vuln-detection/slicing/output/CPG/c/cwe416_cpg/cwe416-103-cpg-resolved.bin	tc103_flow3	CWE416_Use_After_Free__malloc_free_struct_15.c	130	CWE416_Use_After_Free__malloc_free_struct_15.c	143
/home/swlab-jueon/swvul/tools/java-vuln-detection/slicing/output/CPG/c/cwe416_cpg/cwe416-103-cpg-resolved.bin	tc103_flow4	CWE416_Use_After_Free__malloc_free_struct_15.c	176	CWE416_Use_After_Free__malloc_free_struct_15.c	182
/home/swlab-jueon/swvul/tools/java-vuln-detection/slicing/output/CPG/c/cwe416_cpg/cwe416-103-cpg-resolved.bin	tc103_flow5	CWE416_Use_After_Free__malloc_free_struct_15.c	212	CWE416_Use_After_Free__malloc_free_struct_15.c	222
/home/swlab-jueon/swvul/tools/java-vuln-detection/slicing/output/CPG/c/cwe416_cpg/cwe416-104-cpg-resolved.bin	tc104_flow1	CWE416_Use_After_Free__malloc_free_struct_16.c	42	CWE416_Use_After_Free__malloc_free_struct_16.c	48
/home/swlab-jueon/swvul/tools/java-vuln-detection/slicing/output/CPG/c/cwe416_cpg/cwe416-104-cpg-resolved.bin	tc104_flow2	CWE416_Use_After_Free__malloc_free_struct_16.c	77	CWE416_Use_After_Free__malloc_free_struct_16.c	85
/home/swlab-jueon/swvul/tools/java-vuln-detection/slicing/output/CPG/c/cwe416_cpg/cwe416-104-cpg-resolved.bin	tc104_flow3	CWE416_Use_After_Free__malloc_free_struct_16.c	109	CWE416_Use_After_Free__malloc_free_struct_16.c	114
/home/swlab-jueon/swvul/tools/java-vuln-detection/slicing/output/CPG/c/cwe416_cpg/cwe416-105-cpg-resolved.bin	tc105_flow1	CWE416_Use_After_Free__malloc_free_struct_17.c	43	CWE416_Use_After_Free__malloc_free_struct_17.c	48
/home/swlab-jueon/swvul/tools/java-vuln-detection/slicing/output/CPG/c/cwe416_cpg/cwe416-105-cpg-resolved.bin	tc105_flow2	CWE416_Use_After_Free__malloc_free_struct_17.c	77	CWE416_Use_After_Free__malloc_free_struct_17.c	84
/home/swlab-jueon/swvul/tools/java-vuln-detection/slicing/output/CPG/c/cwe416_cpg/cwe416-106-cpg-resolved.bin	tc106_flow1	CWE416_Use_After_Free__malloc_free_struct_18.c	42	CWE416_Use_After_Free__malloc_free_struct_18.c	46
/home/swlab-jueon/swvul/tools/java-vuln-detection/slicing/output/CPG/c/cwe416_cpg/cwe416-106-cpg-resolved.bin	tc106_flow2	CWE416_Use_After_Free__malloc_free_struct_18.c	73	CWE416_Use_After_Free__malloc_free_struct_18.c	79
/home/swlab-jueon/swvul/tools/java-vuln-detection/slicing/output/CPG/c/cwe416_cpg/cwe416-106-cpg-resolved.bin	tc106_flow3	CWE416_Use_After_Free__malloc_free_struct_18.c	101	CWE416_Use_After_Free__malloc_free_struct_18.c	104
/home/swlab-jueon/swvul/tools/java-vuln-detection/slicing/output/CPG/c/cwe416_cpg/cwe416-107-cpg-resolved.bin	tc107_flow1	CWE416_Use_After_Free__malloc_free_struct_43.cpp	40	CWE416_Use_After_Free__malloc_free_struct_43.cpp	50
/home/swlab-jueon/swvul/tools/java-vuln-detection/slicing/output/CPG/c/cwe416_cpg/cwe416-107-cpg-resolved.bin	tc107_flow2	CWE416_Use_After_Free__malloc_free_struct_43.cpp	99	CWE416_Use_After_Free__malloc_free_struct_43.cpp	111
/home/swlab-jueon/swvul/tools/java-vuln-detection/slicing/output/CPG/c/cwe416_cpg/cwe416-108-cpg-resolved.bin	tc108_flow1	CWE416_Use_After_Free__malloc_free_struct_62b.cpp	40	CWE416_Use_After_Free__malloc_free_struct_62a.cpp	37
/home/swlab-jueon/swvul/tools/java-vuln-detection/slicing/output/CPG/c/cwe416_cpg/cwe416-108-cpg-resolved.bin	tc108_flow2	CWE416_Use_After_Free__malloc_free_struct_62b.cpp	77	CWE416_Use_After_Free__malloc_free_struct_62a.cpp	71
/home/swlab-jueon/swvul/tools/java-vuln-detection/slicing/output/CPG/c/cwe416_cpg/cwe416-109-cpg-resolved.bin	tc109_flow1	CWE416_Use_After_Free__malloc_free_struct_63a.c	43	CWE416_Use_After_Free__malloc_free_struct_63b.c	28
/home/swlab-jueon/swvul/tools/java-vuln-detection/slicing/output/CPG/c/cwe416_cpg/cwe416-109-cpg-resolved.bin	tc109_flow2	CWE416_Use_After_Free__malloc_free_struct_63a.c	92	CWE416_Use_After_Free__malloc_free_struct_63b.c	52
/home/swlab-jueon/swvul/tools/java-vuln-detection/slicing/output/CPG/c/cwe416_cpg/cwe416-109-cpg-resolved.bin	tc109_flow3	CWE416_Use_After_Free__malloc_free_struct_63a.c	70	CWE416_Use_After_Free__malloc_free_struct_63b.c	41
/home/swlab-jueon/swvul/tools/java-vuln-detection/slicing/output/CPG/c/cwe416_cpg/cwe416-110-cpg-resolved.bin	tc110_flow1	CWE416_Use_After_Free__malloc_free_struct_64a.c	43	CWE416_Use_After_Free__malloc_free_struct_64b.c	31
/home/swlab-jueon/swvul/tools/java-vuln-detection/slicing/output/CPG/c/cwe416_cpg/cwe416-110-cpg-resolved.bin	tc110_flow2	CWE416_Use_After_Free__malloc_free_struct_64a.c	92	CWE416_Use_After_Free__malloc_free_struct_64b.c	61
/home/swlab-jueon/swvul/tools/java-vuln-detection/slicing/output/CPG/c/cwe416_cpg/cwe416-110-cpg-resolved.bin	tc110_flow3	CWE416_Use_After_Free__malloc_free_struct_64a.c	70	CWE416_Use_After_Free__malloc_free_struct_64b.c	47
/home/swlab-jueon/swvul/tools/java-vuln-detection/slicing/output/CPG/c/cwe416_cpg/cwe416-111-cpg-resolved.bin	tc111_flow1	CWE416_Use_After_Free__malloc_free_wchar_t_01.c	34	CWE416_Use_After_Free__malloc_free_wchar_t_01.c	36
/home/swlab-jueon/swvul/tools/java-vuln-detection/slicing/output/CPG/c/cwe416_cpg/cwe416-111-cpg-resolved.bin	tc111_flow2	CWE416_Use_After_Free__malloc_free_wchar_t_01.c	71	CWE416_Use_After_Free__malloc_free_wchar_t_01.c	75
/home/swlab-jueon/swvul/tools/java-vuln-detection/slicing/output/CPG/c/cwe416_cpg/cwe416-112-cpg-resolved.bin	tc112_flow1	CWE416_Use_After_Free__malloc_free_wchar_t_02.c	36	CWE416_Use_After_Free__malloc_free_wchar_t_02.c	41
/home/swlab-jueon/swvul/tools/java-vuln-detection/slicing/output/CPG/c/cwe416_cpg/cwe416-112-cpg-resolved.bin	tc112_flow2	CWE416_Use_After_Free__malloc_free_wchar_t_02.c	63	CWE416_Use_After_Free__malloc_free_wchar_t_02.c	75
/home/swlab-jueon/swvul/tools/java-vuln-detection/slicing/output/CPG/c/cwe416_cpg/cwe416-112-cpg-resolved.bin	tc112_flow3	CWE416_Use_After_Free__malloc_free_wchar_t_02.c	92	CWE416_Use_After_Free__malloc_free_wchar_t_02.c	99
/home/swlab-jueon/swvul/tools/java-vuln-detection/slicing/output/CPG/c/cwe416_cpg/cwe416-113-cpg-resolved.bin	tc113_flow1	CWE416_Use_After_Free__malloc_free_wchar_t_03.c	36	CWE416_Use_After_Free__malloc_free_wchar_t_03.c	41
/home/swlab-jueon/swvul/tools/java-vuln-detection/slicing/output/CPG/c/cwe416_cpg/cwe416-113-cpg-resolved.bin	tc113_flow2	CWE416_Use_After_Free__malloc_free_wchar_t_03.c	63	CWE416_Use_After_Free__malloc_free_wchar_t_03.c	75
/home/swlab-jueon/swvul/tools/java-vuln-detection/slicing/output/CPG/c/cwe416_cpg/cwe416-113-cpg-resolved.bin	tc113_flow3	CWE416_Use_After_Free__malloc_free_wchar_t_03.c	92	CWE416_Use_After_Free__malloc_free_wchar_t_03.c	99
/home/swlab-jueon/swvul/tools/java-vuln-detection/slicing/output/CPG/c/cwe416_cpg/cwe416-114-cpg-resolved.bin	tc114_flow1	CWE416_Use_After_Free__malloc_free_wchar_t_04.c	42	CWE416_Use_After_Free__malloc_free_wchar_t_04.c	47
/home/swlab-jueon/swvul/tools/java-vuln-detection/slicing/output/CPG/c/cwe416_cpg/cwe416-114-cpg-resolved.bin	tc114_flow2	CWE416_Use_After_Free__malloc_free_wchar_t_04.c	69	CWE416_Use_After_Free__malloc_free_wchar_t_04.c	81
/home/swlab-jueon/swvul/tools/java-vuln-detection/slicing/output/CPG/c/cwe416_cpg/cwe416-114-cpg-resolved.bin	tc114_flow3	CWE416_Use_After_Free__malloc_free_wchar_t_04.c	98	CWE416_Use_After_Free__malloc_free_wchar_t_04.c	105
/home/swlab-jueon/swvul/tools/java-vuln-detection/slicing/output/CPG/c/cwe416_cpg/cwe416-115-cpg-resolved.bin	tc115_flow1	CWE416_Use_After_Free__malloc_free_wchar_t_05.c	42	CWE416_Use_After_Free__malloc_free_wchar_t_05.c	47
/home/swlab-jueon/swvul/tools/java-vuln-detection/slicing/output/CPG/c/cwe416_cpg/cwe416-115-cpg-resolved.bin	tc115_flow2	CWE416_Use_After_Free__malloc_free_wchar_t_05.c	69	CWE416_Use_After_Free__malloc_free_wchar_t_05.c	81
/home/swlab-jueon/swvul/tools/java-vuln-detection/slicing/output/CPG/c/cwe416_cpg/cwe416-115-cpg-resolved.bin	tc115_flow3	CWE416_Use_After_Free__malloc_free_wchar_t_05.c	98	CWE416_Use_After_Free__malloc_free_wchar_t_05.c	105
/home/swlab-jueon/swvul/tools/java-vuln-detection/slicing/output/CPG/c/cwe416_cpg/cwe416-116-cpg-resolved.bin	tc116_flow1	CWE416_Use_After_Free__malloc_free_wchar_t_06.c	41	CWE416_Use_After_Free__malloc_free_wchar_t_06.c	46
/home/swlab-jueon/swvul/tools/java-vuln-detection/slicing/output/CPG/c/cwe416_cpg/cwe416-116-cpg-resolved.bin	tc116_flow2	CWE416_Use_After_Free__malloc_free_wchar_t_06.c	68	CWE416_Use_After_Free__malloc_free_wchar_t_06.c	80
/home/swlab-jueon/swvul/tools/java-vuln-detection/slicing/output/CPG/c/cwe416_cpg/cwe416-116-cpg-resolved.bin	tc116_flow3	CWE416_Use_After_Free__malloc_free_wchar_t_06.c	97	CWE416_Use_After_Free__malloc_free_wchar_t_06.c	104
/home/swlab-jueon/swvul/tools/java-vuln-detection/slicing/output/CPG/c/cwe416_cpg/cwe416-117-cpg-resolved.bin	tc117_flow1	CWE416_Use_After_Free__malloc_free_wchar_t_07.c	41	CWE416_Use_After_Free__malloc_free_wchar_t_07.c	46
/home/swlab-jueon/swvul/tools/java-vuln-detection/slicing/output/CPG/c/cwe416_cpg/cwe416-117-cpg-resolved.bin	tc117_flow2	CWE416_Use_After_Free__malloc_free_wchar_t_07.c	68	CWE416_Use_After_Free__malloc_free_wchar_t_07.c	80
/home/swlab-jueon/swvul/tools/java-vuln-detection/slicing/output/CPG/c/cwe416_cpg/cwe416-117-cpg-resolved.bin	tc117_flow3	CWE416_Use_After_Free__malloc_free_wchar_t_07.c	97	CWE416_Use_After_Free__malloc_free_wchar_t_07.c	104
/home/swlab-jueon/swvul/tools/java-vuln-detection/slicing/output/CPG/c/cwe416_cpg/cwe416-118-cpg-resolved.bin	tc118_flow1	CWE416_Use_After_Free__malloc_free_wchar_t_08.c	49	CWE416_Use_After_Free__malloc_free_wchar_t_08.c	54
/home/swlab-jueon/swvul/tools/java-vuln-detection/slicing/output/CPG/c/cwe416_cpg/cwe416-118-cpg-resolved.bin	tc118_flow2	CWE416_Use_After_Free__malloc_free_wchar_t_08.c	76	CWE416_Use_After_Free__malloc_free_wchar_t_08.c	88
/home/swlab-jueon/swvul/tools/java-vuln-detection/slicing/output/CPG/c/cwe416_cpg/cwe416-118-cpg-resolved.bin	tc118_flow3	CWE416_Use_After_Free__malloc_free_wchar_t_08.c	105	CWE416_Use_After_Free__malloc_free_wchar_t_08.c	112
/home/swlab-jueon/swvul/tools/java-vuln-detection/slicing/output/CPG/c/cwe416_cpg/cwe416-119-cpg-resolved.bin	tc119_flow1	CWE416_Use_After_Free__malloc_free_wchar_t_09.c	36	CWE416_Use_After_Free__malloc_free_wchar_t_09.c	41
/home/swlab-jueon/swvul/tools/java-vuln-detection/slicing/output/CPG/c/cwe416_cpg/cwe416-119-cpg-resolved.bin	tc119_flow2	CWE416_Use_After_Free__malloc_free_wchar_t_09.c	63	CWE416_Use_After_Free__malloc_free_wchar_t_09.c	75
/home/swlab-jueon/swvul/tools/java-vuln-detection/slicing/output/CPG/c/cwe416_cpg/cwe416-119-cpg-resolved.bin	tc119_flow3	CWE416_Use_After_Free__malloc_free_wchar_t_09.c	92	CWE416_Use_After_Free__malloc_free_wchar_t_09.c	99
/home/swlab-jueon/swvul/tools/java-vuln-detection/slicing/output/CPG/c/cwe416_cpg/cwe416-120-cpg-resolved.bin	tc120_flow1	CWE416_Use_After_Free__malloc_free_wchar_t_10.c	36	CWE416_Use_After_Free__malloc_free_wchar_t_10.c	41
/home/swlab-jueon/swvul/tools/java-vuln-detection/slicing/output/CPG/c/cwe416_cpg/cwe416-120-cpg-resolved.bin	tc120_flow2	CWE416_Use_After_Free__malloc_free_wchar_t_10.c	63	CWE416_Use_After_Free__malloc_free_wchar_t_10.c	75
/home/swlab-jueon/swvul/tools/java-vuln-detection/slicing/output/CPG/c/cwe416_cpg/cwe416-120-cpg-resolved.bin	tc120_flow3	CWE416_Use_After_Free__malloc_free_wchar_t_10.c	92	CWE416_Use_After_Free__malloc_free_wchar_t_10.c	99
/home/swlab-jueon/swvul/tools/java-vuln-detection/slicing/output/CPG/c/cwe416_cpg/cwe416-121-cpg-resolved.bin	tc121_flow1	CWE416_Use_After_Free__malloc_free_wchar_t_11.c	36	CWE416_Use_After_Free__malloc_free_wchar_t_11.c	41
/home/swlab-jueon/swvul/tools/java-vuln-detection/slicing/output/CPG/c/cwe416_cpg/cwe416-121-cpg-resolved.bin	tc121_flow2	CWE416_Use_After_Free__malloc_free_wchar_t_11.c	63	CWE416_Use_After_Free__malloc_free_wchar_t_11.c	75
/home/swlab-jueon/swvul/tools/java-vuln-detection/slicing/output/CPG/c/cwe416_cpg/cwe416-121-cpg-resolved.bin	tc121_flow3	CWE416_Use_After_Free__malloc_free_wchar_t_11.c	92	CWE416_Use_After_Free__malloc_free_wchar_t_11.c	99
/home/swlab-jueon/swvul/tools/java-vuln-detection/slicing/output/CPG/c/cwe416_cpg/cwe416-122-cpg-resolved.bin	tc122_flow2	CWE416_Use_After_Free__malloc_free_wchar_t_12.c	80	CWE416_Use_After_Free__malloc_free_wchar_t_12.c	103
/home/swlab-jueon/swvul/tools/java-vuln-detection/slicing/output/CPG/c/cwe416_cpg/cwe416-123-cpg-resolved.bin	tc123_flow1	CWE416_Use_After_Free__malloc_free_wchar_t_13.c	36	CWE416_Use_After_Free__malloc_free_wchar_t_13.c	41
/home/swlab-jueon/swvul/tools/java-vuln-detection/slicing/output/CPG/c/cwe416_cpg/cwe416-123-cpg-resolved.bin	tc123_flow2	CWE416_Use_After_Free__malloc_free_wchar_t_13.c	63	CWE416_Use_After_Free__malloc_free_wchar_t_13.c	75
/home/swlab-jueon/swvul/tools/java-vuln-detection/slicing/output/CPG/c/cwe416_cpg/cwe416-123-cpg-resolved.bin	tc123_flow3	CWE416_Use_After_Free__malloc_free_wchar_t_13.c	92	CWE416_Use_After_Free__malloc_free_wchar_t_13.c	99
/home/swlab-jueon/swvul/tools/java-vuln-detection/slicing/output/CPG/c/cwe416_cpg/cwe416-124-cpg-resolved.bin	tc124_flow1	CWE416_Use_After_Free__malloc_free_wchar_t_14.c	36	CWE416_Use_After_Free__malloc_free_wchar_t_14.c	41
/home/swlab-jueon/swvul/tools/java-vuln-detection/slicing/output/CPG/c/cwe416_cpg/cwe416-124-cpg-resolved.bin	tc124_flow2	CWE416_Use_After_Free__malloc_free_wchar_t_14.c	63	CWE416_Use_After_Free__malloc_free_wchar_t_14.c	75
/home/swlab-jueon/swvul/tools/java-vuln-detection/slicing/output/CPG/c/cwe416_cpg/cwe416-124-cpg-resolved.bin	tc124_flow3	CWE416_Use_After_Free__malloc_free_wchar_t_14.c	92	CWE416_Use_After_Free__malloc_free_wchar_t_14.c	99
/home/swlab-jueon/swvul/tools/java-vuln-detection/slicing/output/CPG/c/cwe416_cpg/cwe416-125-cpg-resolved.bin	tc125_flow1	CWE416_Use_After_Free__malloc_free_wchar_t_15.c	37	CWE416_Use_After_Free__malloc_free_wchar_t_15.c	48
/home/swlab-jueon/swvul/tools/java-vuln-detection/slicing/output/CPG/c/cwe416_cpg/cwe416-125-cpg-resolved.bin	tc125_flow2	CWE416_Use_After_Free__malloc_free_wchar_t_15.c	76	CWE416_Use_After_Free__malloc_free_wchar_t_15.c	93
/home/swlab-jueon/swvul/tools/java-vuln-detection/slicing/output/CPG/c/cwe416_cpg/cwe416-125-cpg-resolved.bin	tc125_flow3	CWE416_Use_After_Free__malloc_free_wchar_t_15.c	112	CWE416_Use_After_Free__malloc_free_wchar_t_15.c	125
/home/swlab-jueon/swvul/tools/java-vuln-detection/slicing/output/CPG/c/cwe416_cpg/cwe416-125-cpg-resolved.bin	tc125_flow4	CWE416_Use_After_Free__malloc_free_wchar_t_15.c	152	CWE416_Use_After_Free__malloc_free_wchar_t_15.c	158
/home/swlab-jueon/swvul/tools/java-vuln-detection/slicing/output/CPG/c/cwe416_cpg/cwe416-125-cpg-resolved.bin	tc125_flow5	CWE416_Use_After_Free__malloc_free_wchar_t_15.c	182	CWE416_Use_After_Free__malloc_free_wchar_t_15.c	192
/home/swlab-jueon/swvul/tools/java-vuln-detection/slicing/output/CPG/c/cwe416_cpg/cwe416-126-cpg-resolved.bin	tc126_flow1	CWE416_Use_After_Free__malloc_free_wchar_t_16.c	36	CWE416_Use_After_Free__malloc_free_wchar_t_16.c	42
/home/swlab-jueon/swvul/tools/java-vuln-detection/slicing/output/CPG/c/cwe416_cpg/cwe416-126-cpg-resolved.bin	tc126_flow2	CWE416_Use_After_Free__malloc_free_wchar_t_16.c	65	CWE416_Use_After_Free__malloc_free_wchar_t_16.c	73
/home/swlab-jueon/swvul/tools/java-vuln-detection/slicing/output/CPG/c/cwe416_cpg/cwe416-126-cpg-resolved.bin	tc126_flow3	CWE416_Use_After_Free__malloc_free_wchar_t_16.c	91	CWE416_Use_After_Free__malloc_free_wchar_t_16.c	96
/home/swlab-jueon/swvul/tools/java-vuln-detection/slicing/output/CPG/c/cwe416_cpg/cwe416-127-cpg-resolved.bin	tc127_flow1	CWE416_Use_After_Free__malloc_free_wchar_t_17.c	37	CWE416_Use_After_Free__malloc_free_wchar_t_17.c	42
/home/swlab-jueon/swvul/tools/java-vuln-detection/slicing/output/CPG/c/cwe416_cpg/cwe416-127-cpg-resolved.bin	tc127_flow2	CWE416_Use_After_Free__malloc_free_wchar_t_17.c	65	CWE416_Use_After_Free__malloc_free_wchar_t_17.c	72
/home/swlab-jueon/swvul/tools/java-vuln-detection/slicing/output/CPG/c/cwe416_cpg/cwe416-128-cpg-resolved.bin	tc128_flow1	CWE416_Use_After_Free__malloc_free_wchar_t_18.c	36	CWE416_Use_After_Free__malloc_free_wchar_t_18.c	40
/home/swlab-jueon/swvul/tools/java-vuln-detection/slicing/output/CPG/c/cwe416_cpg/cwe416-128-cpg-resolved.bin	tc128_flow2	CWE416_Use_After_Free__malloc_free_wchar_t_18.c	61	CWE416_Use_After_Free__malloc_free_wchar_t_18.c	67
/home/swlab-jueon/swvul/tools/java-vuln-detection/slicing/output/CPG/c/cwe416_cpg/cwe416-128-cpg-resolved.bin	tc128_flow3	CWE416_Use_After_Free__malloc_free_wchar_t_18.c	83	CWE416_Use_After_Free__malloc_free_wchar_t_18.c	86
/home/swlab-jueon/swvul/tools/java-vuln-detection/slicing/output/CPG/c/cwe416_cpg/cwe416-129-cpg-resolved.bin	tc129_flow1	CWE416_Use_After_Free__malloc_free_wchar_t_43.cpp	34	CWE416_Use_After_Free__malloc_free_wchar_t_43.cpp	44
/home/swlab-jueon/swvul/tools/java-vuln-detection/slicing/output/CPG/c/cwe416_cpg/cwe416-129-cpg-resolved.bin	tc129_flow2	CWE416_Use_After_Free__malloc_free_wchar_t_43.cpp	81	CWE416_Use_After_Free__malloc_free_wchar_t_43.cpp	93
/home/swlab-jueon/swvul/tools/java-vuln-detection/slicing/output/CPG/c/cwe416_cpg/cwe416-130-cpg-resolved.bin	tc130_flow1	CWE416_Use_After_Free__malloc_free_wchar_t_62b.cpp	34	CWE416_Use_After_Free__malloc_free_wchar_t_62a.cpp	37
/home/swlab-jueon/swvul/tools/java-vuln-detection/slicing/output/CPG/c/cwe416_cpg/cwe416-130-cpg-resolved.bin	tc130_flow2	CWE416_Use_After_Free__malloc_free_wchar_t_62b.cpp	59	CWE416_Use_After_Free__malloc_free_wchar_t_62a.cpp	71
/home/swlab-jueon/swvul/tools/java-vuln-detection/slicing/output/CPG/c/cwe416_cpg/cwe416-131-cpg-resolved.bin	tc131_flow1	CWE416_Use_After_Free__malloc_free_wchar_t_63a.c	37	CWE416_Use_After_Free__malloc_free_wchar_t_63b.c	28
/home/swlab-jueon/swvul/tools/java-vuln-detection/slicing/output/CPG/c/cwe416_cpg/cwe416-131-cpg-resolved.bin	tc131_flow2	CWE416_Use_After_Free__malloc_free_wchar_t_63a.c	74	CWE416_Use_After_Free__malloc_free_wchar_t_63b.c	52
/home/swlab-jueon/swvul/tools/java-vuln-detection/slicing/output/CPG/c/cwe416_cpg/cwe416-131-cpg-resolved.bin	tc131_flow3	CWE416_Use_After_Free__malloc_free_wchar_t_63a.c	58	CWE416_Use_After_Free__malloc_free_wchar_t_63b.c	41
/home/swlab-jueon/swvul/tools/java-vuln-detection/slicing/output/CPG/c/cwe416_cpg/cwe416-132-cpg-resolved.bin	tc132_flow1	CWE416_Use_After_Free__malloc_free_wchar_t_64a.c	37	CWE416_Use_After_Free__malloc_free_wchar_t_64b.c	31
/home/swlab-jueon/swvul/tools/java-vuln-detection/slicing/output/CPG/c/cwe416_cpg/cwe416-132-cpg-resolved.bin	tc132_flow2	CWE416_Use_After_Free__malloc_free_wchar_t_64a.c	74	CWE416_Use_After_Free__malloc_free_wchar_t_64b.c	61
/home/swlab-jueon/swvul/tools/java-vuln-detection/slicing/output/CPG/c/cwe416_cpg/cwe416-132-cpg-resolved.bin	tc132_flow3	CWE416_Use_After_Free__malloc_free_wchar_t_64a.c	58	CWE416_Use_After_Free__malloc_free_wchar_t_64b.c	47
/home/swlab-jueon/swvul/tools/java-vuln-detection/slicing/output/CPG/c/cwe416_cpg/cwe416-133-cpg-resolved.bin	tc133_flow1	CWE416_Use_After_Free__new_delete_array_char_01.cpp	36	CWE416_Use_After_Free__new_delete_array_char_01.cpp	38
/home/swlab-jueon/swvul/tools/java-vuln-detection/slicing/output/CPG/c/cwe416_cpg/cwe416-133-cpg-resolved.bin	tc133_flow2	CWE416_Use_After_Free__new_delete_array_char_01.cpp	71	CWE416_Use_After_Free__new_delete_array_char_01.cpp	75
/home/swlab-jueon/swvul/tools/java-vuln-detection/slicing/output/CPG/c/cwe416_cpg/cwe416-134-cpg-resolved.bin	tc134_flow1	CWE416_Use_After_Free__new_delete_array_char_02.cpp	38	CWE416_Use_After_Free__new_delete_array_char_02.cpp	43
/home/swlab-jueon/swvul/tools/java-vuln-detection/slicing/output/CPG/c/cwe416_cpg/cwe416-134-cpg-resolved.bin	tc134_flow2	CWE416_Use_After_Free__new_delete_array_char_02.cpp	64	CWE416_Use_After_Free__new_delete_array_char_02.cpp	76
/home/swlab-jueon/swvul/tools/java-vuln-detection/slicing/output/CPG/c/cwe416_cpg/cwe416-134-cpg-resolved.bin	tc134_flow3	CWE416_Use_After_Free__new_delete_array_char_02.cpp	92	CWE416_Use_After_Free__new_delete_array_char_02.cpp	99
/home/swlab-jueon/swvul/tools/java-vuln-detection/slicing/output/CPG/c/cwe416_cpg/cwe416-135-cpg-resolved.bin	tc135_flow1	CWE416_Use_After_Free__new_delete_array_char_03.cpp	38	CWE416_Use_After_Free__new_delete_array_char_03.cpp	43
/home/swlab-jueon/swvul/tools/java-vuln-detection/slicing/output/CPG/c/cwe416_cpg/cwe416-135-cpg-resolved.bin	tc135_flow2	CWE416_Use_After_Free__new_delete_array_char_03.cpp	64	CWE416_Use_After_Free__new_delete_array_char_03.cpp	76
/home/swlab-jueon/swvul/tools/java-vuln-detection/slicing/output/CPG/c/cwe416_cpg/cwe416-135-cpg-resolved.bin	tc135_flow3	CWE416_Use_After_Free__new_delete_array_char_03.cpp	92	CWE416_Use_After_Free__new_delete_array_char_03.cpp	99
/home/swlab-jueon/swvul/tools/java-vuln-detection/slicing/output/CPG/c/cwe416_cpg/cwe416-136-cpg-resolved.bin	tc136_flow1	CWE416_Use_After_Free__new_delete_array_char_04.cpp	44	CWE416_Use_After_Free__new_delete_array_char_04.cpp	49
/home/swlab-jueon/swvul/tools/java-vuln-detection/slicing/output/CPG/c/cwe416_cpg/cwe416-136-cpg-resolved.bin	tc136_flow2	CWE416_Use_After_Free__new_delete_array_char_04.cpp	70	CWE416_Use_After_Free__new_delete_array_char_04.cpp	82
/home/swlab-jueon/swvul/tools/java-vuln-detection/slicing/output/CPG/c/cwe416_cpg/cwe416-136-cpg-resolved.bin	tc136_flow3	CWE416_Use_After_Free__new_delete_array_char_04.cpp	98	CWE416_Use_After_Free__new_delete_array_char_04.cpp	105
/home/swlab-jueon/swvul/tools/java-vuln-detection/slicing/output/CPG/c/cwe416_cpg/cwe416-137-cpg-resolved.bin	tc137_flow1	CWE416_Use_After_Free__new_delete_array_char_05.cpp	44	CWE416_Use_After_Free__new_delete_array_char_05.cpp	49
/home/swlab-jueon/swvul/tools/java-vuln-detection/slicing/output/CPG/c/cwe416_cpg/cwe416-137-cpg-resolved.bin	tc137_flow2	CWE416_Use_After_Free__new_delete_array_char_05.cpp	70	CWE416_Use_After_Free__new_delete_array_char_05.cpp	82
/home/swlab-jueon/swvul/tools/java-vuln-detection/slicing/output/CPG/c/cwe416_cpg/cwe416-137-cpg-resolved.bin	tc137_flow3	CWE416_Use_After_Free__new_delete_array_char_05.cpp	98	CWE416_Use_After_Free__new_delete_array_char_05.cpp	105
/home/swlab-jueon/swvul/tools/java-vuln-detection/slicing/output/CPG/c/cwe416_cpg/cwe416-138-cpg-resolved.bin	tc138_flow1	CWE416_Use_After_Free__new_delete_array_char_06.cpp	43	CWE416_Use_After_Free__new_delete_array_char_06.cpp	48
/home/swlab-jueon/swvul/tools/java-vuln-detection/slicing/output/CPG/c/cwe416_cpg/cwe416-138-cpg-resolved.bin	tc138_flow2	CWE416_Use_After_Free__new_delete_array_char_06.cpp	69	CWE416_Use_After_Free__new_delete_array_char_06.cpp	81
/home/swlab-jueon/swvul/tools/java-vuln-detection/slicing/output/CPG/c/cwe416_cpg/cwe416-138-cpg-resolved.bin	tc138_flow3	CWE416_Use_After_Free__new_delete_array_char_06.cpp	97	CWE416_Use_After_Free__new_delete_array_char_06.cpp	104
/home/swlab-jueon/swvul/tools/java-vuln-detection/slicing/output/CPG/c/cwe416_cpg/cwe416-139-cpg-resolved.bin	tc139_flow1	CWE416_Use_After_Free__new_delete_array_char_07.cpp	43	CWE416_Use_After_Free__new_delete_array_char_07.cpp	48
/home/swlab-jueon/swvul/tools/java-vuln-detection/slicing/output/CPG/c/cwe416_cpg/cwe416-139-cpg-resolved.bin	tc139_flow2	CWE416_Use_After_Free__new_delete_array_char_07.cpp	69	CWE416_Use_After_Free__new_delete_array_char_07.cpp	81
/home/swlab-jueon/swvul/tools/java-vuln-detection/slicing/output/CPG/c/cwe416_cpg/cwe416-139-cpg-resolved.bin	tc139_flow3	CWE416_Use_After_Free__new_delete_array_char_07.cpp	97	CWE416_Use_After_Free__new_delete_array_char_07.cpp	104
/home/swlab-jueon/swvul/tools/java-vuln-detection/slicing/output/CPG/c/cwe416_cpg/cwe416-140-cpg-resolved.bin	tc140_flow1	CWE416_Use_After_Free__new_delete_array_char_08.cpp	51	CWE416_Use_After_Free__new_delete_array_char_08.cpp	56
/home/swlab-jueon/swvul/tools/java-vuln-detection/slicing/output/CPG/c/cwe416_cpg/cwe416-140-cpg-resolved.bin	tc140_flow2	CWE416_Use_After_Free__new_delete_array_char_08.cpp	77	CWE416_Use_After_Free__new_delete_array_char_08.cpp	89
/home/swlab-jueon/swvul/tools/java-vuln-detection/slicing/output/CPG/c/cwe416_cpg/cwe416-140-cpg-resolved.bin	tc140_flow3	CWE416_Use_After_Free__new_delete_array_char_08.cpp	105	CWE416_Use_After_Free__new_delete_array_char_08.cpp	112
/home/swlab-jueon/swvul/tools/java-vuln-detection/slicing/output/CPG/c/cwe416_cpg/cwe416-141-cpg-resolved.bin	tc141_flow1	CWE416_Use_After_Free__new_delete_array_char_09.cpp	38	CWE416_Use_After_Free__new_delete_array_char_09.cpp	43
/home/swlab-jueon/swvul/tools/java-vuln-detection/slicing/output/CPG/c/cwe416_cpg/cwe416-141-cpg-resolved.bin	tc141_flow2	CWE416_Use_After_Free__new_delete_array_char_09.cpp	64	CWE416_Use_After_Free__new_delete_array_char_09.cpp	76
/home/swlab-jueon/swvul/tools/java-vuln-detection/slicing/output/CPG/c/cwe416_cpg/cwe416-141-cpg-resolved.bin	tc141_flow3	CWE416_Use_After_Free__new_delete_array_char_09.cpp	92	CWE416_Use_After_Free__new_delete_array_char_09.cpp	99
/home/swlab-jueon/swvul/tools/java-vuln-detection/slicing/output/CPG/c/cwe416_cpg/cwe416-142-cpg-resolved.bin	tc142_flow1	CWE416_Use_After_Free__new_delete_array_char_10.cpp	38	CWE416_Use_After_Free__new_delete_array_char_10.cpp	43
/home/swlab-jueon/swvul/tools/java-vuln-detection/slicing/output/CPG/c/cwe416_cpg/cwe416-142-cpg-resolved.bin	tc142_flow2	CWE416_Use_After_Free__new_delete_array_char_10.cpp	64	CWE416_Use_After_Free__new_delete_array_char_10.cpp	76
/home/swlab-jueon/swvul/tools/java-vuln-detection/slicing/output/CPG/c/cwe416_cpg/cwe416-142-cpg-resolved.bin	tc142_flow3	CWE416_Use_After_Free__new_delete_array_char_10.cpp	92	CWE416_Use_After_Free__new_delete_array_char_10.cpp	99
/home/swlab-jueon/swvul/tools/java-vuln-detection/slicing/output/CPG/c/cwe416_cpg/cwe416-143-cpg-resolved.bin	tc143_flow1	CWE416_Use_After_Free__new_delete_array_char_11.cpp	37	CWE416_Use_After_Free__new_delete_array_char_11.cpp	42
/home/swlab-jueon/swvul/tools/java-vuln-detection/slicing/output/CPG/c/cwe416_cpg/cwe416-143-cpg-resolved.bin	tc143_flow2	CWE416_Use_After_Free__new_delete_array_char_11.cpp	63	CWE416_Use_After_Free__new_delete_array_char_11.cpp	75
/home/swlab-jueon/swvul/tools/java-vuln-detection/slicing/output/CPG/c/cwe416_cpg/cwe416-143-cpg-resolved.bin	tc143_flow3	CWE416_Use_After_Free__new_delete_array_char_11.cpp	91	CWE416_Use_After_Free__new_delete_array_char_11.cpp	98
/home/swlab-jueon/swvul/tools/java-vuln-detection/slicing/output/CPG/c/cwe416_cpg/cwe416-144-cpg-resolved.bin	tc144_flow2	CWE416_Use_After_Free__new_delete_array_char_12.cpp	79	CWE416_Use_After_Free__new_delete_array_char_12.cpp	101
/home/swlab-jueon/swvul/tools/java-vuln-detection/slicing/output/CPG/c/cwe416_cpg/cwe416-145-cpg-resolved.bin	tc145_flow1	CWE416_Use_After_Free__new_delete_array_char_13.cpp	37	CWE416_Use_After_Free__new_delete_array_char_13.cpp	42
/home/swlab-jueon/swvul/tools/java-vuln-detection/slicing/output/CPG/c/cwe416_cpg/cwe416-145-cpg-resolved.bin	tc145_flow2	CWE416_Use_After_Free__new_delete_array_char_13.cpp	63	CWE416_Use_After_Free__new_delete_array_char_13.cpp	75
/home/swlab-jueon/swvul/tools/java-vuln-detection/slicing/output/CPG/c/cwe416_cpg/cwe416-145-cpg-resolved.bin	tc145_flow3	CWE416_Use_After_Free__new_delete_array_char_13.cpp	91	CWE416_Use_After_Free__new_delete_array_char_13.cpp	98
/home/swlab-jueon/swvul/tools/java-vuln-detection/slicing/output/CPG/c/cwe416_cpg/cwe416-146-cpg-resolved.bin	tc146_flow1	CWE416_Use_After_Free__new_delete_array_char_14.cpp	37	CWE416_Use_After_Free__new_delete_array_char_14.cpp	42
/home/swlab-jueon/swvul/tools/java-vuln-detection/slicing/output/CPG/c/cwe416_cpg/cwe416-146-cpg-resolved.bin	tc146_flow2	CWE416_Use_After_Free__new_delete_array_char_14.cpp	63	CWE416_Use_After_Free__new_delete_array_char_14.cpp	75
/home/swlab-jueon/swvul/tools/java-vuln-detection/slicing/output/CPG/c/cwe416_cpg/cwe416-146-cpg-resolved.bin	tc146_flow3	CWE416_Use_After_Free__new_delete_array_char_14.cpp	91	CWE416_Use_After_Free__new_delete_array_char_14.cpp	98
/home/swlab-jueon/swvul/tools/java-vuln-detection/slicing/output/CPG/c/cwe416_cpg/cwe416-147-cpg-resolved.bin	tc147_flow1	CWE416_Use_After_Free__new_delete_array_char_15.cpp	38	CWE416_Use_After_Free__new_delete_array_char_15.cpp	49
/home/swlab-jueon/swvul/tools/java-vuln-detection/slicing/output/CPG/c/cwe416_cpg/cwe416-147-cpg-resolved.bin	tc147_flow2	CWE416_Use_After_Free__new_delete_array_char_15.cpp	76	CWE416_Use_After_Free__new_delete_array_char_15.cpp	93
/home/swlab-jueon/swvul/tools/java-vuln-detection/slicing/output/CPG/c/cwe416_cpg/cwe416-147-cpg-resolved.bin	tc147_flow3	CWE416_Use_After_Free__new_delete_array_char_15.cpp	111	CWE416_Use_After_Free__new_delete_array_char_15.cpp	124
/home/swlab-jueon/swvul/tools/java-vuln-detection/slicing/output/CPG/c/cwe416_cpg/cwe416-147-cpg-resolved.bin	tc147_flow4	CWE416_Use_After_Free__new_delete_array_char_15.cpp	150	CWE416_Use_After_Free__new_delete_array_char_15.cpp	156
/home/swlab-jueon/swvul/tools/java-vuln-detection/slicing/output/CPG/c/cwe416_cpg/cwe416-147-cpg-resolved.bin	tc147_flow5	CWE416_Use_After_Free__new_delete_array_char_15.cpp	179	CWE416_Use_After_Free__new_delete_array_char_15.cpp	189
/home/swlab-jueon/swvul/tools/java-vuln-detection/slicing/output/CPG/c/cwe416_cpg/cwe416-148-cpg-resolved.bin	tc148_flow1	CWE416_Use_After_Free__new_delete_array_char_16.cpp	37	CWE416_Use_After_Free__new_delete_array_char_16.cpp	43
/home/swlab-jueon/swvul/tools/java-vuln-detection/slicing/output/CPG/c/cwe416_cpg/cwe416-148-cpg-resolved.bin	tc148_flow2	CWE416_Use_After_Free__new_delete_array_char_16.cpp	65	CWE416_Use_After_Free__new_delete_array_char_16.cpp	73
/home/swlab-jueon/swvul/tools/java-vuln-detection/slicing/output/CPG/c/cwe416_cpg/cwe416-148-cpg-resolved.bin	tc148_flow3	CWE416_Use_After_Free__new_delete_array_char_16.cpp	90	CWE416_Use_After_Free__new_delete_array_char_16.cpp	95
/home/swlab-jueon/swvul/tools/java-vuln-detection/slicing/output/CPG/c/cwe416_cpg/cwe416-149-cpg-resolved.bin	tc149_flow1	CWE416_Use_After_Free__new_delete_array_char_17.cpp	38	CWE416_Use_After_Free__new_delete_array_char_17.cpp	43
/home/swlab-jueon/swvul/tools/java-vuln-detection/slicing/output/CPG/c/cwe416_cpg/cwe416-149-cpg-resolved.bin	tc149_flow2	CWE416_Use_After_Free__new_delete_array_char_17.cpp	65	CWE416_Use_After_Free__new_delete_array_char_17.cpp	72
/home/swlab-jueon/swvul/tools/java-vuln-detection/slicing/output/CPG/c/cwe416_cpg/cwe416-150-cpg-resolved.bin	tc150_flow1	CWE416_Use_After_Free__new_delete_array_char_18.cpp	37	CWE416_Use_After_Free__new_delete_array_char_18.cpp	41
/home/swlab-jueon/swvul/tools/java-vuln-detection/slicing/output/CPG/c/cwe416_cpg/cwe416-150-cpg-resolved.bin	tc150_flow2	CWE416_Use_After_Free__new_delete_array_char_18.cpp	61	CWE416_Use_After_Free__new_delete_array_char_18.cpp	67
/home/swlab-jueon/swvul/tools/java-vuln-detection/slicing/output/CPG/c/cwe416_cpg/cwe416-150-cpg-resolved.bin	tc150_flow3	CWE416_Use_After_Free__new_delete_array_char_18.cpp	82	CWE416_Use_After_Free__new_delete_array_char_18.cpp	85
/home/swlab-jueon/swvul/tools/java-vuln-detection/slicing/output/CPG/c/cwe416_cpg/cwe416-151-cpg-resolved.bin	tc151_flow1	CWE416_Use_After_Free__new_delete_array_char_43.cpp	33	CWE416_Use_After_Free__new_delete_array_char_43.cpp	43
/home/swlab-jueon/swvul/tools/java-vuln-detection/slicing/output/CPG/c/cwe416_cpg/cwe416-151-cpg-resolved.bin	tc151_flow2	CWE416_Use_After_Free__new_delete_array_char_43.cpp	78	CWE416_Use_After_Free__new_delete_array_char_43.cpp	90
/home/swlab-jueon/swvul/tools/java-vuln-detection/slicing/output/CPG/c/cwe416_cpg/cwe416-152-cpg-resolved.bin	tc152_flow1	CWE416_Use_After_Free__new_delete_array_char_62b.cpp	33	CWE416_Use_After_Free__new_delete_array_char_62a.cpp	37
/home/swlab-jueon/swvul/tools/java-vuln-detection/slicing/output/CPG/c/cwe416_cpg/cwe416-152-cpg-resolved.bin	tc152_flow2	CWE416_Use_After_Free__new_delete_array_char_62b.cpp	56	CWE416_Use_After_Free__new_delete_array_char_62a.cpp	71
/home/swlab-jueon/swvul/tools/java-vuln-detection/slicing/output/CPG/c/cwe416_cpg/cwe416-153-cpg-resolved.bin	tc153_flow1	CWE416_Use_After_Free__new_delete_array_char_63a.cpp	39	CWE416_Use_After_Free__new_delete_array_char_63b.cpp	31
/home/swlab-jueon/swvul/tools/java-vuln-detection/slicing/output/CPG/c/cwe416_cpg/cwe416-153-cpg-resolved.bin	tc153_flow2	CWE416_Use_After_Free__new_delete_array_char_63a.cpp	74	CWE416_Use_After_Free__new_delete_array_char_63b.cpp	55
/home/swlab-jueon/swvul/tools/java-vuln-detection/slicing/output/CPG/c/cwe416_cpg/cwe416-153-cpg-resolved.bin	tc153_flow3	CWE416_Use_After_Free__new_delete_array_char_63a.cpp	59	CWE416_Use_After_Free__new_delete_array_char_63b.cpp	44
/home/swlab-jueon/swvul/tools/java-vuln-detection/slicing/output/CPG/c/cwe416_cpg/cwe416-154-cpg-resolved.bin	tc154_flow1	CWE416_Use_After_Free__new_delete_array_char_64a.cpp	39	CWE416_Use_After_Free__new_delete_array_char_64b.cpp	34
/home/swlab-jueon/swvul/tools/java-vuln-detection/slicing/output/CPG/c/cwe416_cpg/cwe416-154-cpg-resolved.bin	tc154_flow2	CWE416_Use_After_Free__new_delete_array_char_64a.cpp	74	CWE416_Use_After_Free__new_delete_array_char_64b.cpp	64
/home/swlab-jueon/swvul/tools/java-vuln-detection/slicing/output/CPG/c/cwe416_cpg/cwe416-154-cpg-resolved.bin	tc154_flow3	CWE416_Use_After_Free__new_delete_array_char_64a.cpp	59	CWE416_Use_After_Free__new_delete_array_char_64b.cpp	50
/home/swlab-jueon/swvul/tools/java-vuln-detection/slicing/output/CPG/c/cwe416_cpg/cwe416-155-cpg-resolved.bin	tc155_flow1	CWE416_Use_After_Free__new_delete_array_class_01.cpp	42	CWE416_Use_After_Free__new_delete_array_class_01.cpp	44
/home/swlab-jueon/swvul/tools/java-vuln-detection/slicing/output/CPG/c/cwe416_cpg/cwe416-155-cpg-resolved.bin	tc155_flow2	CWE416_Use_After_Free__new_delete_array_class_01.cpp	89	CWE416_Use_After_Free__new_delete_array_class_01.cpp	93
/home/swlab-jueon/swvul/tools/java-vuln-detection/slicing/output/CPG/c/cwe416_cpg/cwe416-156-cpg-resolved.bin	tc156_flow1	CWE416_Use_After_Free__new_delete_array_class_02.cpp	44	CWE416_Use_After_Free__new_delete_array_class_02.cpp	49
/home/swlab-jueon/swvul/tools/java-vuln-detection/slicing/output/CPG/c/cwe416_cpg/cwe416-156-cpg-resolved.bin	tc156_flow2	CWE416_Use_After_Free__new_delete_array_class_02.cpp	76	CWE416_Use_After_Free__new_delete_array_class_02.cpp	88
/home/swlab-jueon/swvul/tools/java-vuln-detection/slicing/output/CPG/c/cwe416_cpg/cwe416-156-cpg-resolved.bin	tc156_flow3	CWE416_Use_After_Free__new_delete_array_class_02.cpp	110	CWE416_Use_After_Free__new_delete_array_class_02.cpp	117
/home/swlab-jueon/swvul/tools/java-vuln-detection/slicing/output/CPG/c/cwe416_cpg/cwe416-157-cpg-resolved.bin	tc157_flow1	CWE416_Use_After_Free__new_delete_array_class_03.cpp	44	CWE416_Use_After_Free__new_delete_array_class_03.cpp	49
/home/swlab-jueon/swvul/tools/java-vuln-detection/slicing/output/CPG/c/cwe416_cpg/cwe416-157-cpg-resolved.bin	tc157_flow2	CWE416_Use_After_Free__new_delete_array_class_03.cpp	76	CWE416_Use_After_Free__new_delete_array_class_03.cpp	88
/home/swlab-jueon/swvul/tools/java-vuln-detection/slicing/output/CPG/c/cwe416_cpg/cwe416-157-cpg-resolved.bin	tc157_flow3	CWE416_Use_After_Free__new_delete_array_class_03.cpp	110	CWE416_Use_After_Free__new_delete_array_class_03.cpp	117
/home/swlab-jueon/swvul/tools/java-vuln-detection/slicing/output/CPG/c/cwe416_cpg/cwe416-158-cpg-resolved.bin	tc158_flow1	CWE416_Use_After_Free__new_delete_array_class_04.cpp	50	CWE416_Use_After_Free__new_delete_array_class_04.cpp	55
/home/swlab-jueon/swvul/tools/java-vuln-detection/slicing/output/CPG/c/cwe416_cpg/cwe416-158-cpg-resolved.bin	tc158_flow2	CWE416_Use_After_Free__new_delete_array_class_04.cpp	82	CWE416_Use_After_Free__new_delete_array_class_04.cpp	94
/home/swlab-jueon/swvul/tools/java-vuln-detection/slicing/output/CPG/c/cwe416_cpg/cwe416-158-cpg-resolved.bin	tc158_flow3	CWE416_Use_After_Free__new_delete_array_class_04.cpp	116	CWE416_Use_After_Free__new_delete_array_class_04.cpp	123
/home/swlab-jueon/swvul/tools/java-vuln-detection/slicing/output/CPG/c/cwe416_cpg/cwe416-159-cpg-resolved.bin	tc159_flow1	CWE416_Use_After_Free__new_delete_array_class_05.cpp	50	CWE416_Use_After_Free__new_delete_array_class_05.cpp	55
/home/swlab-jueon/swvul/tools/java-vuln-detection/slicing/output/CPG/c/cwe416_cpg/cwe416-159-cpg-resolved.bin	tc159_flow2	CWE416_Use_After_Free__new_delete_array_class_05.cpp	82	CWE416_Use_After_Free__new_delete_array_class_05.cpp	94
/home/swlab-jueon/swvul/tools/java-vuln-detection/slicing/output/CPG/c/cwe416_cpg/cwe416-159-cpg-resolved.bin	tc159_flow3	CWE416_Use_After_Free__new_delete_array_class_05.cpp	116	CWE416_Use_After_Free__new_delete_array_class_05.cpp	123
/home/swlab-jueon/swvul/tools/java-vuln-detection/slicing/output/CPG/c/cwe416_cpg/cwe416-160-cpg-resolved.bin	tc160_flow1	CWE416_Use_After_Free__new_delete_array_class_06.cpp	49	CWE416_Use_After_Free__new_delete_array_class_06.cpp	54
/home/swlab-jueon/swvul/tools/java-vuln-detection/slicing/output/CPG/c/cwe416_cpg/cwe416-160-cpg-resolved.bin	tc160_flow2	CWE416_Use_After_Free__new_delete_array_class_06.cpp	81	CWE416_Use_After_Free__new_delete_array_class_06.cpp	93
/home/swlab-jueon/swvul/tools/java-vuln-detection/slicing/output/CPG/c/cwe416_cpg/cwe416-160-cpg-resolved.bin	tc160_flow3	CWE416_Use_After_Free__new_delete_array_class_06.cpp	115	CWE416_Use_After_Free__new_delete_array_class_06.cpp	122
/home/swlab-jueon/swvul/tools/java-vuln-detection/slicing/output/CPG/c/cwe416_cpg/cwe416-161-cpg-resolved.bin	tc161_flow1	CWE416_Use_After_Free__new_delete_array_class_07.cpp	49	CWE416_Use_After_Free__new_delete_array_class_07.cpp	54
/home/swlab-jueon/swvul/tools/java-vuln-detection/slicing/output/CPG/c/cwe416_cpg/cwe416-161-cpg-resolved.bin	tc161_flow2	CWE416_Use_After_Free__new_delete_array_class_07.cpp	81	CWE416_Use_After_Free__new_delete_array_class_07.cpp	93
/home/swlab-jueon/swvul/tools/java-vuln-detection/slicing/output/CPG/c/cwe416_cpg/cwe416-161-cpg-resolved.bin	tc161_flow3	CWE416_Use_After_Free__new_delete_array_class_07.cpp	115	CWE416_Use_After_Free__new_delete_array_class_07.cpp	122
/home/swlab-jueon/swvul/tools/java-vuln-detection/slicing/output/CPG/c/cwe416_cpg/cwe416-162-cpg-resolved.bin	tc162_flow1	CWE416_Use_After_Free__new_delete_array_class_08.cpp	57	CWE416_Use_After_Free__new_delete_array_class_08.cpp	62
/home/swlab-jueon/swvul/tools/java-vuln-detection/slicing/output/CPG/c/cwe416_cpg/cwe416-162-cpg-resolved.bin	tc162_flow2	CWE416_Use_After_Free__new_delete_array_class_08.cpp	89	CWE416_Use_After_Free__new_delete_array_class_08.cpp	101
/home/swlab-jueon/swvul/tools/java-vuln-detection/slicing/output/CPG/c/cwe416_cpg/cwe416-162-cpg-resolved.bin	tc162_flow3	CWE416_Use_After_Free__new_delete_array_class_08.cpp	123	CWE416_Use_After_Free__new_delete_array_class_08.cpp	130
/home/swlab-jueon/swvul/tools/java-vuln-detection/slicing/output/CPG/c/cwe416_cpg/cwe416-163-cpg-resolved.bin	tc163_flow1	CWE416_Use_After_Free__new_delete_array_class_09.cpp	44	CWE416_Use_After_Free__new_delete_array_class_09.cpp	49
/home/swlab-jueon/swvul/tools/java-vuln-detection/slicing/output/CPG/c/cwe416_cpg/cwe416-163-cpg-resolved.bin	tc163_flow2	CWE416_Use_After_Free__new_delete_array_class_09.cpp	76	CWE416_Use_After_Free__new_delete_array_class_09.cpp	88
/home/swlab-jueon/swvul/tools/java-vuln-detection/slicing/output/CPG/c/cwe416_cpg/cwe416-163-cpg-resolved.bin	tc163_flow3	CWE416_Use_After_Free__new_delete_array_class_09.cpp	110	CWE416_Use_After_Free__new_delete_array_class_09.cpp	117
/home/swlab-jueon/swvul/tools/java-vuln-detection/slicing/output/CPG/c/cwe416_cpg/cwe416-164-cpg-resolved.bin	tc164_flow1	CWE416_Use_After_Free__new_delete_array_class_10.cpp	44	CWE416_Use_After_Free__new_delete_array_class_10.cpp	49
/home/swlab-jueon/swvul/tools/java-vuln-detection/slicing/output/CPG/c/cwe416_cpg/cwe416-164-cpg-resolved.bin	tc164_flow2	CWE416_Use_After_Free__new_delete_array_class_10.cpp	76	CWE416_Use_After_Free__new_delete_array_class_10.cpp	88
/home/swlab-jueon/swvul/tools/java-vuln-detection/slicing/output/CPG/c/cwe416_cpg/cwe416-164-cpg-resolved.bin	tc164_flow3	CWE416_Use_After_Free__new_delete_array_class_10.cpp	110	CWE416_Use_After_Free__new_delete_array_class_10.cpp	117
/home/swlab-jueon/swvul/tools/java-vuln-detection/slicing/output/CPG/c/cwe416_cpg/cwe416-165-cpg-resolved.bin	tc165_flow1	CWE416_Use_After_Free__new_delete_array_class_11.cpp	43	CWE416_Use_After_Free__new_delete_array_class_11.cpp	48
/home/swlab-jueon/swvul/tools/java-vuln-detection/slicing/output/CPG/c/cwe416_cpg/cwe416-165-cpg-resolved.bin	tc165_flow2	CWE416_Use_After_Free__new_delete_array_class_11.cpp	75	CWE416_Use_After_Free__new_delete_array_class_11.cpp	87
/home/swlab-jueon/swvul/tools/java-vuln-detection/slicing/output/CPG/c/cwe416_cpg/cwe416-165-cpg-resolved.bin	tc165_flow3	CWE416_Use_After_Free__new_delete_array_class_11.cpp	109	CWE416_Use_After_Free__new_delete_array_class_11.cpp	116
/home/swlab-jueon/swvul/tools/java-vuln-detection/slicing/output/CPG/c/cwe416_cpg/cwe416-166-cpg-resolved.bin	tc166_flow2	CWE416_Use_After_Free__new_delete_array_class_12.cpp	97	CWE416_Use_After_Free__new_delete_array_class_12.cpp	125
/home/swlab-jueon/swvul/tools/java-vuln-detection/slicing/output/CPG/c/cwe416_cpg/cwe416-167-cpg-resolved.bin	tc167_flow1	CWE416_Use_After_Free__new_delete_array_class_13.cpp	43	CWE416_Use_After_Free__new_delete_array_class_13.cpp	48
/home/swlab-jueon/swvul/tools/java-vuln-detection/slicing/output/CPG/c/cwe416_cpg/cwe416-167-cpg-resolved.bin	tc167_flow2	CWE416_Use_After_Free__new_delete_array_class_13.cpp	75	CWE416_Use_After_Free__new_delete_array_class_13.cpp	87
/home/swlab-jueon/swvul/tools/java-vuln-detection/slicing/output/CPG/c/cwe416_cpg/cwe416-167-cpg-resolved.bin	tc167_flow3	CWE416_Use_After_Free__new_delete_array_class_13.cpp	109	CWE416_Use_After_Free__new_delete_array_class_13.cpp	116
/home/swlab-jueon/swvul/tools/java-vuln-detection/slicing/output/CPG/c/cwe416_cpg/cwe416-168-cpg-resolved.bin	tc168_flow1	CWE416_Use_After_Free__new_delete_array_class_14.cpp	43	CWE416_Use_After_Free__new_delete_array_class_14.cpp	48
/home/swlab-jueon/swvul/tools/java-vuln-detection/slicing/output/CPG/c/cwe416_cpg/cwe416-168-cpg-resolved.bin	tc168_flow2	CWE416_Use_After_Free__new_delete_array_class_14.cpp	75	CWE416_Use_After_Free__new_delete_array_class_14.cpp	87
/home/swlab-jueon/swvul/tools/java-vuln-detection/slicing/output/CPG/c/cwe416_cpg/cwe416-168-cpg-resolved.bin	tc168_flow3	CWE416_Use_After_Free__new_delete_array_class_14.cpp	109	CWE416_Use_After_Free__new_delete_array_class_14.cpp	116
/home/swlab-jueon/swvul/tools/java-vuln-detection/slicing/output/CPG/c/cwe416_cpg/cwe416-169-cpg-resolved.bin	tc169_flow1	CWE416_Use_After_Free__new_delete_array_class_15.cpp	44	CWE416_Use_After_Free__new_delete_array_class_15.cpp	55
/home/swlab-jueon/swvul/tools/java-vuln-detection/slicing/output/CPG/c/cwe416_cpg/cwe416-169-cpg-resolved.bin	tc169_flow2	CWE416_Use_After_Free__new_delete_array_class_15.cpp	88	CWE416_Use_After_Free__new_delete_array_class_15.cpp	105
/home/swlab-jueon/swvul/tools/java-vuln-detection/slicing/output/CPG/c/cwe416_cpg/cwe416-169-cpg-resolved.bin	tc169_flow3	CWE416_Use_After_Free__new_delete_array_class_15.cpp	129	CWE416_Use_After_Free__new_delete_array_class_15.cpp	142
/home/swlab-jueon/swvul/tools/java-vuln-detection/slicing/output/CPG/c/cwe416_cpg/cwe416-169-cpg-resolved.bin	tc169_flow4	CWE416_Use_After_Free__new_delete_array_class_15.cpp	174	CWE416_Use_After_Free__new_delete_array_class_15.cpp	180
/home/swlab-jueon/swvul/tools/java-vuln-detection/slicing/output/CPG/c/cwe416_cpg/cwe416-169-cpg-resolved.bin	tc169_flow5	CWE416_Use_After_Free__new_delete_array_class_15.cpp	209	CWE416_Use_After_Free__new_delete_array_class_15.cpp	219
/home/swlab-jueon/swvul/tools/java-vuln-detection/slicing/output/CPG/c/cwe416_cpg/cwe416-170-cpg-resolved.bin	tc170_flow1	CWE416_Use_After_Free__new_delete_array_class_16.cpp	43	CWE416_Use_After_Free__new_delete_array_class_16.cpp	49
/home/swlab-jueon/swvul/tools/java-vuln-detection/slicing/output/CPG/c/cwe416_cpg/cwe416-170-cpg-resolved.bin	tc170_flow2	CWE416_Use_After_Free__new_delete_array_class_16.cpp	77	CWE416_Use_After_Free__new_delete_array_class_16.cpp	85
/home/swlab-jueon/swvul/tools/java-vuln-detection/slicing/output/CPG/c/cwe416_cpg/cwe416-170-cpg-resolved.bin	tc170_flow3	CWE416_Use_After_Free__new_delete_array_class_16.cpp	108	CWE416_Use_After_Free__new_delete_array_class_16.cpp	113
/home/swlab-jueon/swvul/tools/java-vuln-detection/slicing/output/CPG/c/cwe416_cpg/cwe416-171-cpg-resolved.bin	tc171_flow1	CWE416_Use_After_Free__new_delete_array_class_17.cpp	44	CWE416_Use_After_Free__new_delete_array_class_17.cpp	49
/home/swlab-jueon/swvul/tools/java-vuln-detection/slicing/output/CPG/c/cwe416_cpg/cwe416-171-cpg-resolved.bin	tc171_flow2	CWE416_Use_After_Free__new_delete_array_class_17.cpp	77	CWE416_Use_After_Free__new_delete_array_class_17.cpp	84
/home/swlab-jueon/swvul/tools/java-vuln-detection/slicing/output/CPG/c/cwe416_cpg/cwe416-172-cpg-resolved.bin	tc172_flow1	CWE416_Use_After_Free__new_delete_array_class_18.cpp	43	CWE416_Use_After_Free__new_delete_array_class_18.cpp	47
/home/swlab-jueon/swvul/tools/java-vuln-detection/slicing/output/CPG/c/cwe416_cpg/cwe416-172-cpg-resolved.bin	tc172_flow2	CWE416_Use_After_Free__new_delete_array_class_18.cpp	73	CWE416_Use_After_Free__new_delete_array_class_18.cpp	79
/home/swlab-jueon/swvul/tools/java-vuln-detection/slicing/output/CPG/c/cwe416_cpg/cwe416-172-cpg-resolved.bin	tc172_flow3	CWE416_Use_After_Free__new_delete_array_class_18.cpp	100	CWE416_Use_After_Free__new_delete_array_class_18.cpp	103
/home/swlab-jueon/swvul/tools/java-vuln-detection/slicing/output/CPG/c/cwe416_cpg/cwe416-173-cpg-resolved.bin	tc173_flow1	CWE416_Use_After_Free__new_delete_array_class_43.cpp	39	CWE416_Use_After_Free__new_delete_array_class_43.cpp	49
/home/swlab-jueon/swvul/tools/java-vuln-detection/slicing/output/CPG/c/cwe416_cpg/cwe416-173-cpg-resolved.bin	tc173_flow2	CWE416_Use_After_Free__new_delete_array_class_43.cpp	96	CWE416_Use_After_Free__new_delete_array_class_43.cpp	108
/home/swlab-jueon/swvul/tools/java-vuln-detection/slicing/output/CPG/c/cwe416_cpg/cwe416-174-cpg-resolved.bin	tc174_flow1	CWE416_Use_After_Free__new_delete_array_class_62b.cpp	39	CWE416_Use_After_Free__new_delete_array_class_62a.cpp	37
/home/swlab-jueon/swvul/tools/java-vuln-detection/slicing/output/CPG/c/cwe416_cpg/cwe416-174-cpg-resolved.bin	tc174_flow2	CWE416_Use_After_Free__new_delete_array_class_62b.cpp	74	CWE416_Use_After_Free__new_delete_array_class_62a.cpp	71
/home/swlab-jueon/swvul/tools/java-vuln-detection/slicing/output/CPG/c/cwe416_cpg/cwe416-175-cpg-resolved.bin	tc175_flow1	CWE416_Use_After_Free__new_delete_array_class_63a.cpp	45	CWE416_Use_After_Free__new_delete_array_class_63b.cpp	31
/home/swlab-jueon/swvul/tools/java-vuln-detection/slicing/output/CPG/c/cwe416_cpg/cwe416-175-cpg-resolved.bin	tc175_flow2	CWE416_Use_After_Free__new_delete_array_class_63a.cpp	92	CWE416_Use_After_Free__new_delete_array_class_63b.cpp	55
/home/swlab-jueon/swvul/tools/java-vuln-detection/slicing/output/CPG/c/cwe416_cpg/cwe416-175-cpg-resolved.bin	tc175_flow3	CWE416_Use_After_Free__new_delete_array_class_63a.cpp	71	CWE416_Use_After_Free__new_delete_array_class_63b.cpp	44
/home/swlab-jueon/swvul/tools/java-vuln-detection/slicing/output/CPG/c/cwe416_cpg/cwe416-176-cpg-resolved.bin	tc176_flow1	CWE416_Use_After_Free__new_delete_array_class_64a.cpp	45	CWE416_Use_After_Free__new_delete_array_class_64b.cpp	34
/home/swlab-jueon/swvul/tools/java-vuln-detection/slicing/output/CPG/c/cwe416_cpg/cwe416-176-cpg-resolved.bin	tc176_flow2	CWE416_Use_After_Free__new_delete_array_class_64a.cpp	92	CWE416_Use_After_Free__new_delete_array_class_64b.cpp	64
/home/swlab-jueon/swvul/tools/java-vuln-detection/slicing/output/CPG/c/cwe416_cpg/cwe416-176-cpg-resolved.bin	tc176_flow3	CWE416_Use_After_Free__new_delete_array_class_64a.cpp	71	CWE416_Use_After_Free__new_delete_array_class_64b.cpp	50
/home/swlab-jueon/swvul/tools/java-vuln-detection/slicing/output/CPG/c/cwe416_cpg/cwe416-177-cpg-resolved.bin	tc177_flow1	CWE416_Use_After_Free__new_delete_array_int_01.cpp	41	CWE416_Use_After_Free__new_delete_array_int_01.cpp	43
/home/swlab-jueon/swvul/tools/java-vuln-detection/slicing/output/CPG/c/cwe416_cpg/cwe416-177-cpg-resolved.bin	tc177_flow2	CWE416_Use_After_Free__new_delete_array_int_01.cpp	86	CWE416_Use_After_Free__new_delete_array_int_01.cpp	90
/home/swlab-jueon/swvul/tools/java-vuln-detection/slicing/output/CPG/c/cwe416_cpg/cwe416-178-cpg-resolved.bin	tc178_flow1	CWE416_Use_After_Free__new_delete_array_int_02.cpp	43	CWE416_Use_After_Free__new_delete_array_int_02.cpp	48
/home/swlab-jueon/swvul/tools/java-vuln-detection/slicing/output/CPG/c/cwe416_cpg/cwe416-178-cpg-resolved.bin	tc178_flow2	CWE416_Use_After_Free__new_delete_array_int_02.cpp	74	CWE416_Use_After_Free__new_delete_array_int_02.cpp	86
/home/swlab-jueon/swvul/tools/java-vuln-detection/slicing/output/CPG/c/cwe416_cpg/cwe416-178-cpg-resolved.bin	tc178_flow3	CWE416_Use_After_Free__new_delete_array_int_02.cpp	107	CWE416_Use_After_Free__new_delete_array_int_02.cpp	114
/home/swlab-jueon/swvul/tools/java-vuln-detection/slicing/output/CPG/c/cwe416_cpg/cwe416-179-cpg-resolved.bin	tc179_flow1	CWE416_Use_After_Free__new_delete_array_int_03.cpp	43	CWE416_Use_After_Free__new_delete_array_int_03.cpp	48
/home/swlab-jueon/swvul/tools/java-vuln-detection/slicing/output/CPG/c/cwe416_cpg/cwe416-179-cpg-resolved.bin	tc179_flow2	CWE416_Use_After_Free__new_delete_array_int_03.cpp	74	CWE416_Use_After_Free__new_delete_array_int_03.cpp	86
/home/swlab-jueon/swvul/tools/java-vuln-detection/slicing/output/CPG/c/cwe416_cpg/cwe416-179-cpg-resolved.bin	tc179_flow3	CWE416_Use_After_Free__new_delete_array_int_03.cpp	107	CWE416_Use_After_Free__new_delete_array_int_03.cpp	114
/home/swlab-jueon/swvul/tools/java-vuln-detection/slicing/output/CPG/c/cwe416_cpg/cwe416-180-cpg-resolved.bin	tc180_flow1	CWE416_Use_After_Free__new_delete_array_int_04.cpp	49	CWE416_Use_After_Free__new_delete_array_int_04.cpp	54
/home/swlab-jueon/swvul/tools/java-vuln-detection/slicing/output/CPG/c/cwe416_cpg/cwe416-180-cpg-resolved.bin	tc180_flow2	CWE416_Use_After_Free__new_delete_array_int_04.cpp	80	CWE416_Use_After_Free__new_delete_array_int_04.cpp	92
/home/swlab-jueon/swvul/tools/java-vuln-detection/slicing/output/CPG/c/cwe416_cpg/cwe416-180-cpg-resolved.bin	tc180_flow3	CWE416_Use_After_Free__new_delete_array_int_04.cpp	113	CWE416_Use_After_Free__new_delete_array_int_04.cpp	120
/home/swlab-jueon/swvul/tools/java-vuln-detection/slicing/output/CPG/c/cwe416_cpg/cwe416-181-cpg-resolved.bin	tc181_flow1	CWE416_Use_After_Free__new_delete_array_int_05.cpp	49	CWE416_Use_After_Free__new_delete_array_int_05.cpp	54
/home/swlab-jueon/swvul/tools/java-vuln-detection/slicing/output/CPG/c/cwe416_cpg/cwe416-181-cpg-resolved.bin	tc181_flow2	CWE416_Use_After_Free__new_delete_array_int_05.cpp	80	CWE416_Use_After_Free__new_delete_array_int_05.cpp	92
/home/swlab-jueon/swvul/tools/java-vuln-detection/slicing/output/CPG/c/cwe416_cpg/cwe416-181-cpg-resolved.bin	tc181_flow3	CWE416_Use_After_Free__new_delete_array_int_05.cpp	113	CWE416_Use_After_Free__new_delete_array_int_05.cpp	120
/home/swlab-jueon/swvul/tools/java-vuln-detection/slicing/output/CPG/c/cwe416_cpg/cwe416-182-cpg-resolved.bin	tc182_flow1	CWE416_Use_After_Free__new_delete_array_int_06.cpp	48	CWE416_Use_After_Free__new_delete_array_int_06.cpp	53
/home/swlab-jueon/swvul/tools/java-vuln-detection/slicing/output/CPG/c/cwe416_cpg/cwe416-182-cpg-resolved.bin	tc182_flow2	CWE416_Use_After_Free__new_delete_array_int_06.cpp	79	CWE416_Use_After_Free__new_delete_array_int_06.cpp	91
/home/swlab-jueon/swvul/tools/java-vuln-detection/slicing/output/CPG/c/cwe416_cpg/cwe416-182-cpg-resolved.bin	tc182_flow3	CWE416_Use_After_Free__new_delete_array_int_06.cpp	112	CWE416_Use_After_Free__new_delete_array_int_06.cpp	119
/home/swlab-jueon/swvul/tools/java-vuln-detection/slicing/output/CPG/c/cwe416_cpg/cwe416-183-cpg-resolved.bin	tc183_flow1	CWE416_Use_After_Free__new_delete_array_int_07.cpp	48	CWE416_Use_After_Free__new_delete_array_int_07.cpp	53
/home/swlab-jueon/swvul/tools/java-vuln-detection/slicing/output/CPG/c/cwe416_cpg/cwe416-183-cpg-resolved.bin	tc183_flow2	CWE416_Use_After_Free__new_delete_array_int_07.cpp	79	CWE416_Use_After_Free__new_delete_array_int_07.cpp	91
/home/swlab-jueon/swvul/tools/java-vuln-detection/slicing/output/CPG/c/cwe416_cpg/cwe416-183-cpg-resolved.bin	tc183_flow3	CWE416_Use_After_Free__new_delete_array_int_07.cpp	112	CWE416_Use_After_Free__new_delete_array_int_07.cpp	119
/home/swlab-jueon/swvul/tools/java-vuln-detection/slicing/output/CPG/c/cwe416_cpg/cwe416-184-cpg-resolved.bin	tc184_flow1	CWE416_Use_After_Free__new_delete_array_int_08.cpp	56	CWE416_Use_After_Free__new_delete_array_int_08.cpp	61
/home/swlab-jueon/swvul/tools/java-vuln-detection/slicing/output/CPG/c/cwe416_cpg/cwe416-184-cpg-resolved.bin	tc184_flow2	CWE416_Use_After_Free__new_delete_array_int_08.cpp	87	CWE416_Use_After_Free__new_delete_array_int_08.cpp	99
/home/swlab-jueon/swvul/tools/java-vuln-detection/slicing/output/CPG/c/cwe416_cpg/cwe416-184-cpg-resolved.bin	tc184_flow3	CWE416_Use_After_Free__new_delete_array_int_08.cpp	120	CWE416_Use_After_Free__new_delete_array_int_08.cpp	127
/home/swlab-jueon/swvul/tools/java-vuln-detection/slicing/output/CPG/c/cwe416_cpg/cwe416-185-cpg-resolved.bin	tc185_flow1	CWE416_Use_After_Free__new_delete_array_int_09.cpp	43	CWE416_Use_After_Free__new_delete_array_int_09.cpp	48
/home/swlab-jueon/swvul/tools/java-vuln-detection/slicing/output/CPG/c/cwe416_cpg/cwe416-185-cpg-resolved.bin	tc185_flow2	CWE416_Use_After_Free__new_delete_array_int_09.cpp	74	CWE416_Use_After_Free__new_delete_array_int_09.cpp	86
/home/swlab-jueon/swvul/tools/java-vuln-detection/slicing/output/CPG/c/cwe416_cpg/cwe416-185-cpg-resolved.bin	tc185_flow3	CWE416_Use_After_Free__new_delete_array_int_09.cpp	107	CWE416_Use_After_Free__new_delete_array_int_09.cpp	114
/home/swlab-jueon/swvul/tools/java-vuln-detection/slicing/output/CPG/c/cwe416_cpg/cwe416-186-cpg-resolved.bin	tc186_flow1	CWE416_Use_After_Free__new_delete_array_int_10.cpp	43	CWE416_Use_After_Free__new_delete_array_int_10.cpp	48
/home/swlab-jueon/swvul/tools/java-vuln-detection/slicing/output/CPG/c/cwe416_cpg/cwe416-186-cpg-resolved.bin	tc186_flow2	CWE416_Use_After_Free__new_delete_array_int_10.cpp	74	CWE416_Use_After_Free__new_delete_array_int_10.cpp	86
/home/swlab-jueon/swvul/tools/java-vuln-detection/slicing/output/CPG/c/cwe416_cpg/cwe416-186-cpg-resolved.bin	tc186_flow3	CWE416_Use_After_Free__new_delete_array_int_10.cpp	107	CWE416_Use_After_Free__new_delete_array_int_10.cpp	114
/home/swlab-jueon/swvul/tools/java-vuln-detection/slicing/output/CPG/c/cwe416_cpg/cwe416-187-cpg-resolved.bin	tc187_flow1	CWE416_Use_After_Free__new_delete_array_int_11.cpp	42	CWE416_Use_After_Free__new_delete_array_int_11.cpp	47
/home/swlab-jueon/swvul/tools/java-vuln-detection/slicing/output/CPG/c/cwe416_cpg/cwe416-187-cpg-resolved.bin	tc187_flow2	CWE416_Use_After_Free__new_delete_array_int_11.cpp	73	CWE416_Use_After_Free__new_delete_array_int_11.cpp	85
/home/swlab-jueon/swvul/tools/java-vuln-detection/slicing/output/CPG/c/cwe416_cpg/cwe416-187-cpg-resolved.bin	tc187_flow3	CWE416_Use_After_Free__new_delete_array_int_11.cpp	106	CWE416_Use_After_Free__new_delete_array_int_11.cpp	113
/home/swlab-jueon/swvul/tools/java-vuln-detection/slicing/output/CPG/c/cwe416_cpg/cwe416-188-cpg-resolved.bin	tc188_flow2	CWE416_Use_After_Free__new_delete_array_int_12.cpp	94	CWE416_Use_After_Free__new_delete_array_int_12.cpp	121
/home/swlab-jueon/swvul/tools/java-vuln-detection/slicing/output/CPG/c/cwe416_cpg/cwe416-189-cpg-resolved.bin	tc189_flow1	CWE416_Use_After_Free__new_delete_array_int_13.cpp	42	CWE416_Use_After_Free__new_delete_array_int_13.cpp	47
/home/swlab-jueon/swvul/tools/java-vuln-detection/slicing/output/CPG/c/cwe416_cpg/cwe416-189-cpg-resolved.bin	tc189_flow2	CWE416_Use_After_Free__new_delete_array_int_13.cpp	73	CWE416_Use_After_Free__new_delete_array_int_13.cpp	85
/home/swlab-jueon/swvul/tools/java-vuln-detection/slicing/output/CPG/c/cwe416_cpg/cwe416-189-cpg-resolved.bin	tc189_flow3	CWE416_Use_After_Free__new_delete_array_int_13.cpp	106	CWE416_Use_After_Free__new_delete_array_int_13.cpp	113
/home/swlab-jueon/swvul/tools/java-vuln-detection/slicing/output/CPG/c/cwe416_cpg/cwe416-190-cpg-resolved.bin	tc190_flow1	CWE416_Use_After_Free__new_delete_array_int_14.cpp	42	CWE416_Use_After_Free__new_delete_array_int_14.cpp	47
/home/swlab-jueon/swvul/tools/java-vuln-detection/slicing/output/CPG/c/cwe416_cpg/cwe416-190-cpg-resolved.bin	tc190_flow2	CWE416_Use_After_Free__new_delete_array_int_14.cpp	73	CWE416_Use_After_Free__new_delete_array_int_14.cpp	85
/home/swlab-jueon/swvul/tools/java-vuln-detection/slicing/output/CPG/c/cwe416_cpg/cwe416-190-cpg-resolved.bin	tc190_flow3	CWE416_Use_After_Free__new_delete_array_int_14.cpp	106	CWE416_Use_After_Free__new_delete_array_int_14.cpp	113
/home/swlab-jueon/swvul/tools/java-vuln-detection/slicing/output/CPG/c/cwe416_cpg/cwe416-191-cpg-resolved.bin	tc191_flow1	CWE416_Use_After_Free__new_delete_array_int_15.cpp	43	CWE416_Use_After_Free__new_delete_array_int_15.cpp	54
/home/swlab-jueon/swvul/tools/java-vuln-detection/slicing/output/CPG/c/cwe416_cpg/cwe416-191-cpg-resolved.bin	tc191_flow2	CWE416_Use_After_Free__new_delete_array_int_15.cpp	86	CWE416_Use_After_Free__new_delete_array_int_15.cpp	103
/home/swlab-jueon/swvul/tools/java-vuln-detection/slicing/output/CPG/c/cwe416_cpg/cwe416-191-cpg-resolved.bin	tc191_flow3	CWE416_Use_After_Free__new_delete_array_int_15.cpp	126	CWE416_Use_After_Free__new_delete_array_int_15.cpp	139
/home/swlab-jueon/swvul/tools/java-vuln-detection/slicing/output/CPG/c/cwe416_cpg/cwe416-191-cpg-resolved.bin	tc191_flow4	CWE416_Use_After_Free__new_delete_array_int_15.cpp	170	CWE416_Use_After_Free__new_delete_array_int_15.cpp	176
/home/swlab-jueon/swvul/tools/java-vuln-detection/slicing/output/CPG/c/cwe416_cpg/cwe416-191-cpg-resolved.bin	tc191_flow5	CWE416_Use_After_Free__new_delete_array_int_15.cpp	204	CWE416_Use_After_Free__new_delete_array_int_15.cpp	214
/home/swlab-jueon/swvul/tools/java-vuln-detection/slicing/output/CPG/c/cwe416_cpg/cwe416-192-cpg-resolved.bin	tc192_flow1	CWE416_Use_After_Free__new_delete_array_int_16.cpp	42	CWE416_Use_After_Free__new_delete_array_int_16.cpp	48
/home/swlab-jueon/swvul/tools/java-vuln-detection/slicing/output/CPG/c/cwe416_cpg/cwe416-192-cpg-resolved.bin	tc192_flow2	CWE416_Use_After_Free__new_delete_array_int_16.cpp	75	CWE416_Use_After_Free__new_delete_array_int_16.cpp	83
/home/swlab-jueon/swvul/tools/java-vuln-detection/slicing/output/CPG/c/cwe416_cpg/cwe416-192-cpg-resolved.bin	tc192_flow3	CWE416_Use_After_Free__new_delete_array_int_16.cpp	105	CWE416_Use_After_Free__new_delete_array_int_16.cpp	110
/home/swlab-jueon/swvul/tools/java-vuln-detection/slicing/output/CPG/c/cwe416_cpg/cwe416-193-cpg-resolved.bin	tc193_flow1	CWE416_Use_After_Free__new_delete_array_int_17.cpp	43	CWE416_Use_After_Free__new_delete_array_int_17.cpp	48
/home/swlab-jueon/swvul/tools/java-vuln-detection/slicing/output/CPG/c/cwe416_cpg/cwe416-193-cpg-resolved.bin	tc193_flow2	CWE416_Use_After_Free__new_delete_array_int_17.cpp	75	CWE416_Use_After_Free__new_delete_array_int_17.cpp	82
/home/swlab-jueon/swvul/tools/java-vuln-detection/slicing/output/CPG/c/cwe416_cpg/cwe416-194-cpg-resolved.bin	tc194_flow1	CWE416_Use_After_Free__new_delete_array_int_18.cpp	42	CWE416_Use_After_Free__new_delete_array_int_18.cpp	46
/home/swlab-jueon/swvul/tools/java-vuln-detection/slicing/output/CPG/c/cwe416_cpg/cwe416-194-cpg-resolved.bin	tc194_flow2	CWE416_Use_After_Free__new_delete_array_int_18.cpp	71	CWE416_Use_After_Free__new_delete_array_int_18.cpp	77
/home/swlab-jueon/swvul/tools/java-vuln-detection/slicing/output/CPG/c/cwe416_cpg/cwe416-194-cpg-resolved.bin	tc194_flow3	CWE416_Use_After_Free__new_delete_array_int_18.cpp	97	CWE416_Use_After_Free__new_delete_array_int_18.cpp	100
/home/swlab-jueon/swvul/tools/java-vuln-detection/slicing/output/CPG/c/cwe416_cpg/cwe416-195-cpg-resolved.bin	tc195_flow1	CWE416_Use_After_Free__new_delete_array_int_43.cpp	38	CWE416_Use_After_Free__new_delete_array_int_43.cpp	48
/home/swlab-jueon/swvul/tools/java-vuln-detection/slicing/output/CPG/c/cwe416_cpg/cwe416-195-cpg-resolved.bin	tc195_flow2	CWE416_Use_After_Free__new_delete_array_int_43.cpp	93	CWE416_Use_After_Free__new_delete_array_int_43.cpp	105
/home/swlab-jueon/swvul/tools/java-vuln-detection/slicing/output/CPG/c/cwe416_cpg/cwe416-196-cpg-resolved.bin	tc196_flow1	CWE416_Use_After_Free__new_delete_array_int_62b.cpp	38	CWE416_Use_After_Free__new_delete_array_int_62a.cpp	37
/home/swlab-jueon/swvul/tools/java-vuln-detection/slicing/output/CPG/c/cwe416_cpg/cwe416-196-cpg-resolved.bin	tc196_flow2	CWE416_Use_After_Free__new_delete_array_int_62b.cpp	71	CWE416_Use_After_Free__new_delete_array_int_62a.cpp	71
/home/swlab-jueon/swvul/tools/java-vuln-detection/slicing/output/CPG/c/cwe416_cpg/cwe416-197-cpg-resolved.bin	tc197_flow1	CWE416_Use_After_Free__new_delete_array_int_63a.cpp	44	CWE416_Use_After_Free__new_delete_array_int_63b.cpp	31
/home/swlab-jueon/swvul/tools/java-vuln-detection/slicing/output/CPG/c/cwe416_cpg/cwe416-197-cpg-resolved.bin	tc197_flow2	CWE416_Use_After_Free__new_delete_array_int_63a.cpp	89	CWE416_Use_After_Free__new_delete_array_int_63b.cpp	55
/home/swlab-jueon/swvul/tools/java-vuln-detection/slicing/output/CPG/c/cwe416_cpg/cwe416-197-cpg-resolved.bin	tc197_flow3	CWE416_Use_After_Free__new_delete_array_int_63a.cpp	69	CWE416_Use_After_Free__new_delete_array_int_63b.cpp	44
/home/swlab-jueon/swvul/tools/java-vuln-detection/slicing/output/CPG/c/cwe416_cpg/cwe416-198-cpg-resolved.bin	tc198_flow1	CWE416_Use_After_Free__new_delete_array_int_64a.cpp	44	CWE416_Use_After_Free__new_delete_array_int_64b.cpp	34
/home/swlab-jueon/swvul/tools/java-vuln-detection/slicing/output/CPG/c/cwe416_cpg/cwe416-198-cpg-resolved.bin	tc198_flow2	CWE416_Use_After_Free__new_delete_array_int_64a.cpp	89	CWE416_Use_After_Free__new_delete_array_int_64b.cpp	64
/home/swlab-jueon/swvul/tools/java-vuln-detection/slicing/output/CPG/c/cwe416_cpg/cwe416-198-cpg-resolved.bin	tc198_flow3	CWE416_Use_After_Free__new_delete_array_int_64a.cpp	69	CWE416_Use_After_Free__new_delete_array_int_64b.cpp	50
/home/swlab-jueon/swvul/tools/java-vuln-detection/slicing/output/CPG/c/cwe416_cpg/cwe416-199-cpg-resolved.bin	tc199_flow1	CWE416_Use_After_Free__new_delete_array_int64_t_01.cpp	41	CWE416_Use_After_Free__new_delete_array_int64_t_01.cpp	43
/home/swlab-jueon/swvul/tools/java-vuln-detection/slicing/output/CPG/c/cwe416_cpg/cwe416-199-cpg-resolved.bin	tc199_flow2	CWE416_Use_After_Free__new_delete_array_int64_t_01.cpp	86	CWE416_Use_After_Free__new_delete_array_int64_t_01.cpp	90
/home/swlab-jueon/swvul/tools/java-vuln-detection/slicing/output/CPG/c/cwe416_cpg/cwe416-200-cpg-resolved.bin	tc200_flow1	CWE416_Use_After_Free__new_delete_array_int64_t_02.cpp	43	CWE416_Use_After_Free__new_delete_array_int64_t_02.cpp	48
/home/swlab-jueon/swvul/tools/java-vuln-detection/slicing/output/CPG/c/cwe416_cpg/cwe416-200-cpg-resolved.bin	tc200_flow2	CWE416_Use_After_Free__new_delete_array_int64_t_02.cpp	74	CWE416_Use_After_Free__new_delete_array_int64_t_02.cpp	86
/home/swlab-jueon/swvul/tools/java-vuln-detection/slicing/output/CPG/c/cwe416_cpg/cwe416-200-cpg-resolved.bin	tc200_flow3	CWE416_Use_After_Free__new_delete_array_int64_t_02.cpp	107	CWE416_Use_After_Free__new_delete_array_int64_t_02.cpp	114
/home/swlab-jueon/swvul/tools/java-vuln-detection/slicing/output/CPG/c/cwe416_cpg/cwe416-201-cpg-resolved.bin	tc201_flow1	CWE416_Use_After_Free__new_delete_array_int64_t_03.cpp	43	CWE416_Use_After_Free__new_delete_array_int64_t_03.cpp	48
/home/swlab-jueon/swvul/tools/java-vuln-detection/slicing/output/CPG/c/cwe416_cpg/cwe416-201-cpg-resolved.bin	tc201_flow2	CWE416_Use_After_Free__new_delete_array_int64_t_03.cpp	74	CWE416_Use_After_Free__new_delete_array_int64_t_03.cpp	86
/home/swlab-jueon/swvul/tools/java-vuln-detection/slicing/output/CPG/c/cwe416_cpg/cwe416-201-cpg-resolved.bin	tc201_flow3	CWE416_Use_After_Free__new_delete_array_int64_t_03.cpp	107	CWE416_Use_After_Free__new_delete_array_int64_t_03.cpp	114
/home/swlab-jueon/swvul/tools/java-vuln-detection/slicing/output/CPG/c/cwe416_cpg/cwe416-202-cpg-resolved.bin	tc202_flow1	CWE416_Use_After_Free__new_delete_array_int64_t_04.cpp	49	CWE416_Use_After_Free__new_delete_array_int64_t_04.cpp	54
/home/swlab-jueon/swvul/tools/java-vuln-detection/slicing/output/CPG/c/cwe416_cpg/cwe416-202-cpg-resolved.bin	tc202_flow2	CWE416_Use_After_Free__new_delete_array_int64_t_04.cpp	80	CWE416_Use_After_Free__new_delete_array_int64_t_04.cpp	92
/home/swlab-jueon/swvul/tools/java-vuln-detection/slicing/output/CPG/c/cwe416_cpg/cwe416-202-cpg-resolved.bin	tc202_flow3	CWE416_Use_After_Free__new_delete_array_int64_t_04.cpp	113	CWE416_Use_After_Free__new_delete_array_int64_t_04.cpp	120
/home/swlab-jueon/swvul/tools/java-vuln-detection/slicing/output/CPG/c/cwe416_cpg/cwe416-203-cpg-resolved.bin	tc203_flow1	CWE416_Use_After_Free__new_delete_array_int64_t_05.cpp	49	CWE416_Use_After_Free__new_delete_array_int64_t_05.cpp	54
/home/swlab-jueon/swvul/tools/java-vuln-detection/slicing/output/CPG/c/cwe416_cpg/cwe416-203-cpg-resolved.bin	tc203_flow2	CWE416_Use_After_Free__new_delete_array_int64_t_05.cpp	80	CWE416_Use_After_Free__new_delete_array_int64_t_05.cpp	92
/home/swlab-jueon/swvul/tools/java-vuln-detection/slicing/output/CPG/c/cwe416_cpg/cwe416-203-cpg-resolved.bin	tc203_flow3	CWE416_Use_After_Free__new_delete_array_int64_t_05.cpp	113	CWE416_Use_After_Free__new_delete_array_int64_t_05.cpp	120
/home/swlab-jueon/swvul/tools/java-vuln-detection/slicing/output/CPG/c/cwe416_cpg/cwe416-204-cpg-resolved.bin	tc204_flow1	CWE416_Use_After_Free__new_delete_array_int64_t_06.cpp	48	CWE416_Use_After_Free__new_delete_array_int64_t_06.cpp	53
/home/swlab-jueon/swvul/tools/java-vuln-detection/slicing/output/CPG/c/cwe416_cpg/cwe416-204-cpg-resolved.bin	tc204_flow2	CWE416_Use_After_Free__new_delete_array_int64_t_06.cpp	79	CWE416_Use_After_Free__new_delete_array_int64_t_06.cpp	91
/home/swlab-jueon/swvul/tools/java-vuln-detection/slicing/output/CPG/c/cwe416_cpg/cwe416-204-cpg-resolved.bin	tc204_flow3	CWE416_Use_After_Free__new_delete_array_int64_t_06.cpp	112	CWE416_Use_After_Free__new_delete_array_int64_t_06.cpp	119
/home/swlab-jueon/swvul/tools/java-vuln-detection/slicing/output/CPG/c/cwe416_cpg/cwe416-205-cpg-resolved.bin	tc205_flow1	CWE416_Use_After_Free__new_delete_array_int64_t_07.cpp	48	CWE416_Use_After_Free__new_delete_array_int64_t_07.cpp	53
/home/swlab-jueon/swvul/tools/java-vuln-detection/slicing/output/CPG/c/cwe416_cpg/cwe416-205-cpg-resolved.bin	tc205_flow2	CWE416_Use_After_Free__new_delete_array_int64_t_07.cpp	79	CWE416_Use_After_Free__new_delete_array_int64_t_07.cpp	91
/home/swlab-jueon/swvul/tools/java-vuln-detection/slicing/output/CPG/c/cwe416_cpg/cwe416-205-cpg-resolved.bin	tc205_flow3	CWE416_Use_After_Free__new_delete_array_int64_t_07.cpp	112	CWE416_Use_After_Free__new_delete_array_int64_t_07.cpp	119
/home/swlab-jueon/swvul/tools/java-vuln-detection/slicing/output/CPG/c/cwe416_cpg/cwe416-206-cpg-resolved.bin	tc206_flow1	CWE416_Use_After_Free__new_delete_array_int64_t_08.cpp	56	CWE416_Use_After_Free__new_delete_array_int64_t_08.cpp	61
/home/swlab-jueon/swvul/tools/java-vuln-detection/slicing/output/CPG/c/cwe416_cpg/cwe416-206-cpg-resolved.bin	tc206_flow2	CWE416_Use_After_Free__new_delete_array_int64_t_08.cpp	87	CWE416_Use_After_Free__new_delete_array_int64_t_08.cpp	99
/home/swlab-jueon/swvul/tools/java-vuln-detection/slicing/output/CPG/c/cwe416_cpg/cwe416-206-cpg-resolved.bin	tc206_flow3	CWE416_Use_After_Free__new_delete_array_int64_t_08.cpp	120	CWE416_Use_After_Free__new_delete_array_int64_t_08.cpp	127
/home/swlab-jueon/swvul/tools/java-vuln-detection/slicing/output/CPG/c/cwe416_cpg/cwe416-207-cpg-resolved.bin	tc207_flow1	CWE416_Use_After_Free__new_delete_array_int64_t_09.cpp	43	CWE416_Use_After_Free__new_delete_array_int64_t_09.cpp	48
/home/swlab-jueon/swvul/tools/java-vuln-detection/slicing/output/CPG/c/cwe416_cpg/cwe416-207-cpg-resolved.bin	tc207_flow2	CWE416_Use_After_Free__new_delete_array_int64_t_09.cpp	74	CWE416_Use_After_Free__new_delete_array_int64_t_09.cpp	86
/home/swlab-jueon/swvul/tools/java-vuln-detection/slicing/output/CPG/c/cwe416_cpg/cwe416-207-cpg-resolved.bin	tc207_flow3	CWE416_Use_After_Free__new_delete_array_int64_t_09.cpp	107	CWE416_Use_After_Free__new_delete_array_int64_t_09.cpp	114
/home/swlab-jueon/swvul/tools/java-vuln-detection/slicing/output/CPG/c/cwe416_cpg/cwe416-208-cpg-resolved.bin	tc208_flow1	CWE416_Use_After_Free__new_delete_array_int64_t_10.cpp	43	CWE416_Use_After_Free__new_delete_array_int64_t_10.cpp	48
/home/swlab-jueon/swvul/tools/java-vuln-detection/slicing/output/CPG/c/cwe416_cpg/cwe416-208-cpg-resolved.bin	tc208_flow2	CWE416_Use_After_Free__new_delete_array_int64_t_10.cpp	74	CWE416_Use_After_Free__new_delete_array_int64_t_10.cpp	86
/home/swlab-jueon/swvul/tools/java-vuln-detection/slicing/output/CPG/c/cwe416_cpg/cwe416-208-cpg-resolved.bin	tc208_flow3	CWE416_Use_After_Free__new_delete_array_int64_t_10.cpp	107	CWE416_Use_After_Free__new_delete_array_int64_t_10.cpp	114
/home/swlab-jueon/swvul/tools/java-vuln-detection/slicing/output/CPG/c/cwe416_cpg/cwe416-209-cpg-resolved.bin	tc209_flow1	CWE416_Use_After_Free__new_delete_array_int64_t_11.cpp	42	CWE416_Use_After_Free__new_delete_array_int64_t_11.cpp	47
/home/swlab-jueon/swvul/tools/java-vuln-detection/slicing/output/CPG/c/cwe416_cpg/cwe416-209-cpg-resolved.bin	tc209_flow2	CWE416_Use_After_Free__new_delete_array_int64_t_11.cpp	73	CWE416_Use_After_Free__new_delete_array_int64_t_11.cpp	85
/home/swlab-jueon/swvul/tools/java-vuln-detection/slicing/output/CPG/c/cwe416_cpg/cwe416-209-cpg-resolved.bin	tc209_flow3	CWE416_Use_After_Free__new_delete_array_int64_t_11.cpp	106	CWE416_Use_After_Free__new_delete_array_int64_t_11.cpp	113
/home/swlab-jueon/swvul/tools/java-vuln-detection/slicing/output/CPG/c/cwe416_cpg/cwe416-210-cpg-resolved.bin	tc210_flow2	CWE416_Use_After_Free__new_delete_array_int64_t_12.cpp	94	CWE416_Use_After_Free__new_delete_array_int64_t_12.cpp	121
/home/swlab-jueon/swvul/tools/java-vuln-detection/slicing/output/CPG/c/cwe416_cpg/cwe416-211-cpg-resolved.bin	tc211_flow1	CWE416_Use_After_Free__new_delete_array_int64_t_13.cpp	42	CWE416_Use_After_Free__new_delete_array_int64_t_13.cpp	47
/home/swlab-jueon/swvul/tools/java-vuln-detection/slicing/output/CPG/c/cwe416_cpg/cwe416-211-cpg-resolved.bin	tc211_flow2	CWE416_Use_After_Free__new_delete_array_int64_t_13.cpp	73	CWE416_Use_After_Free__new_delete_array_int64_t_13.cpp	85
/home/swlab-jueon/swvul/tools/java-vuln-detection/slicing/output/CPG/c/cwe416_cpg/cwe416-211-cpg-resolved.bin	tc211_flow3	CWE416_Use_After_Free__new_delete_array_int64_t_13.cpp	106	CWE416_Use_After_Free__new_delete_array_int64_t_13.cpp	113
/home/swlab-jueon/swvul/tools/java-vuln-detection/slicing/output/CPG/c/cwe416_cpg/cwe416-212-cpg-resolved.bin	tc212_flow1	CWE416_Use_After_Free__new_delete_array_int64_t_14.cpp	42	CWE416_Use_After_Free__new_delete_array_int64_t_14.cpp	47
/home/swlab-jueon/swvul/tools/java-vuln-detection/slicing/output/CPG/c/cwe416_cpg/cwe416-212-cpg-resolved.bin	tc212_flow2	CWE416_Use_After_Free__new_delete_array_int64_t_14.cpp	73	CWE416_Use_After_Free__new_delete_array_int64_t_14.cpp	85
/home/swlab-jueon/swvul/tools/java-vuln-detection/slicing/output/CPG/c/cwe416_cpg/cwe416-212-cpg-resolved.bin	tc212_flow3	CWE416_Use_After_Free__new_delete_array_int64_t_14.cpp	106	CWE416_Use_After_Free__new_delete_array_int64_t_14.cpp	113
/home/swlab-jueon/swvul/tools/java-vuln-detection/slicing/output/CPG/c/cwe416_cpg/cwe416-213-cpg-resolved.bin	tc213_flow1	CWE416_Use_After_Free__new_delete_array_int64_t_15.cpp	43	CWE416_Use_After_Free__new_delete_array_int64_t_15.cpp	54
/home/swlab-jueon/swvul/tools/java-vuln-detection/slicing/output/CPG/c/cwe416_cpg/cwe416-213-cpg-resolved.bin	tc213_flow2	CWE416_Use_After_Free__new_delete_array_int64_t_15.cpp	86	CWE416_Use_After_Free__new_delete_array_int64_t_15.cpp	103
/home/swlab-jueon/swvul/tools/java-vuln-detection/slicing/output/CPG/c/cwe416_cpg/cwe416-213-cpg-resolved.bin	tc213_flow3	CWE416_Use_After_Free__new_delete_array_int64_t_15.cpp	126	CWE416_Use_After_Free__new_delete_array_int64_t_15.cpp	139
/home/swlab-jueon/swvul/tools/java-vuln-detection/slicing/output/CPG/c/cwe416_cpg/cwe416-213-cpg-resolved.bin	tc213_flow4	CWE416_Use_After_Free__new_delete_array_int64_t_15.cpp	170	CWE416_Use_After_Free__new_delete_array_int64_t_15.cpp	176
/home/swlab-jueon/swvul/tools/java-vuln-detection/slicing/output/CPG/c/cwe416_cpg/cwe416-213-cpg-resolved.bin	tc213_flow5	CWE416_Use_After_Free__new_delete_array_int64_t_15.cpp	204	CWE416_Use_After_Free__new_delete_array_int64_t_15.cpp	214
/home/swlab-jueon/swvul/tools/java-vuln-detection/slicing/output/CPG/c/cwe416_cpg/cwe416-214-cpg-resolved.bin	tc214_flow1	CWE416_Use_After_Free__new_delete_array_int64_t_16.cpp	42	CWE416_Use_After_Free__new_delete_array_int64_t_16.cpp	48
/home/swlab-jueon/swvul/tools/java-vuln-detection/slicing/output/CPG/c/cwe416_cpg/cwe416-214-cpg-resolved.bin	tc214_flow2	CWE416_Use_After_Free__new_delete_array_int64_t_16.cpp	75	CWE416_Use_After_Free__new_delete_array_int64_t_16.cpp	83
/home/swlab-jueon/swvul/tools/java-vuln-detection/slicing/output/CPG/c/cwe416_cpg/cwe416-214-cpg-resolved.bin	tc214_flow3	CWE416_Use_After_Free__new_delete_array_int64_t_16.cpp	105	CWE416_Use_After_Free__new_delete_array_int64_t_16.cpp	110
/home/swlab-jueon/swvul/tools/java-vuln-detection/slicing/output/CPG/c/cwe416_cpg/cwe416-215-cpg-resolved.bin	tc215_flow1	CWE416_Use_After_Free__new_delete_array_int64_t_17.cpp	43	CWE416_Use_After_Free__new_delete_array_int64_t_17.cpp	48
/home/swlab-jueon/swvul/tools/java-vuln-detection/slicing/output/CPG/c/cwe416_cpg/cwe416-215-cpg-resolved.bin	tc215_flow2	CWE416_Use_After_Free__new_delete_array_int64_t_17.cpp	75	CWE416_Use_After_Free__new_delete_array_int64_t_17.cpp	82
/home/swlab-jueon/swvul/tools/java-vuln-detection/slicing/output/CPG/c/cwe416_cpg/cwe416-216-cpg-resolved.bin	tc216_flow1	CWE416_Use_After_Free__new_delete_array_int64_t_18.cpp	42	CWE416_Use_After_Free__new_delete_array_int64_t_18.cpp	46
/home/swlab-jueon/swvul/tools/java-vuln-detection/slicing/output/CPG/c/cwe416_cpg/cwe416-216-cpg-resolved.bin	tc216_flow2	CWE416_Use_After_Free__new_delete_array_int64_t_18.cpp	71	CWE416_Use_After_Free__new_delete_array_int64_t_18.cpp	77
/home/swlab-jueon/swvul/tools/java-vuln-detection/slicing/output/CPG/c/cwe416_cpg/cwe416-216-cpg-resolved.bin	tc216_flow3	CWE416_Use_After_Free__new_delete_array_int64_t_18.cpp	97	CWE416_Use_After_Free__new_delete_array_int64_t_18.cpp	100
/home/swlab-jueon/swvul/tools/java-vuln-detection/slicing/output/CPG/c/cwe416_cpg/cwe416-217-cpg-resolved.bin	tc217_flow1	CWE416_Use_After_Free__new_delete_array_int64_t_43.cpp	38	CWE416_Use_After_Free__new_delete_array_int64_t_43.cpp	48
/home/swlab-jueon/swvul/tools/java-vuln-detection/slicing/output/CPG/c/cwe416_cpg/cwe416-217-cpg-resolved.bin	tc217_flow2	CWE416_Use_After_Free__new_delete_array_int64_t_43.cpp	93	CWE416_Use_After_Free__new_delete_array_int64_t_43.cpp	105
/home/swlab-jueon/swvul/tools/java-vuln-detection/slicing/output/CPG/c/cwe416_cpg/cwe416-218-cpg-resolved.bin	tc218_flow1	CWE416_Use_After_Free__new_delete_array_int64_t_62b.cpp	38	CWE416_Use_After_Free__new_delete_array_int64_t_62a.cpp	37
/home/swlab-jueon/swvul/tools/java-vuln-detection/slicing/output/CPG/c/cwe416_cpg/cwe416-218-cpg-resolved.bin	tc218_flow2	CWE416_Use_After_Free__new_delete_array_int64_t_62b.cpp	71	CWE416_Use_After_Free__new_delete_array_int64_t_62a.cpp	71
/home/swlab-jueon/swvul/tools/java-vuln-detection/slicing/output/CPG/c/cwe416_cpg/cwe416-219-cpg-resolved.bin	tc219_flow1	CWE416_Use_After_Free__new_delete_array_int64_t_63a.cpp	44	CWE416_Use_After_Free__new_delete_array_int64_t_63b.cpp	31
/home/swlab-jueon/swvul/tools/java-vuln-detection/slicing/output/CPG/c/cwe416_cpg/cwe416-219-cpg-resolved.bin	tc219_flow2	CWE416_Use_After_Free__new_delete_array_int64_t_63a.cpp	89	CWE416_Use_After_Free__new_delete_array_int64_t_63b.cpp	55
/home/swlab-jueon/swvul/tools/java-vuln-detection/slicing/output/CPG/c/cwe416_cpg/cwe416-219-cpg-resolved.bin	tc219_flow3	CWE416_Use_After_Free__new_delete_array_int64_t_63a.cpp	69	CWE416_Use_After_Free__new_delete_array_int64_t_63b.cpp	44
/home/swlab-jueon/swvul/tools/java-vuln-detection/slicing/output/CPG/c/cwe416_cpg/cwe416-220-cpg-resolved.bin	tc220_flow1	CWE416_Use_After_Free__new_delete_array_int64_t_64a.cpp	44	CWE416_Use_After_Free__new_delete_array_int64_t_64b.cpp	34
/home/swlab-jueon/swvul/tools/java-vuln-detection/slicing/output/CPG/c/cwe416_cpg/cwe416-220-cpg-resolved.bin	tc220_flow2	CWE416_Use_After_Free__new_delete_array_int64_t_64a.cpp	89	CWE416_Use_After_Free__new_delete_array_int64_t_64b.cpp	64
/home/swlab-jueon/swvul/tools/java-vuln-detection/slicing/output/CPG/c/cwe416_cpg/cwe416-220-cpg-resolved.bin	tc220_flow3	CWE416_Use_After_Free__new_delete_array_int64_t_64a.cpp	69	CWE416_Use_After_Free__new_delete_array_int64_t_64b.cpp	50
/home/swlab-jueon/swvul/tools/java-vuln-detection/slicing/output/CPG/c/cwe416_cpg/cwe416-221-cpg-resolved.bin	tc221_flow1	CWE416_Use_After_Free__new_delete_array_long_01.cpp	41	CWE416_Use_After_Free__new_delete_array_long_01.cpp	43
/home/swlab-jueon/swvul/tools/java-vuln-detection/slicing/output/CPG/c/cwe416_cpg/cwe416-221-cpg-resolved.bin	tc221_flow2	CWE416_Use_After_Free__new_delete_array_long_01.cpp	86	CWE416_Use_After_Free__new_delete_array_long_01.cpp	90
/home/swlab-jueon/swvul/tools/java-vuln-detection/slicing/output/CPG/c/cwe416_cpg/cwe416-222-cpg-resolved.bin	tc222_flow1	CWE416_Use_After_Free__new_delete_array_long_02.cpp	43	CWE416_Use_After_Free__new_delete_array_long_02.cpp	48
/home/swlab-jueon/swvul/tools/java-vuln-detection/slicing/output/CPG/c/cwe416_cpg/cwe416-222-cpg-resolved.bin	tc222_flow2	CWE416_Use_After_Free__new_delete_array_long_02.cpp	74	CWE416_Use_After_Free__new_delete_array_long_02.cpp	86
/home/swlab-jueon/swvul/tools/java-vuln-detection/slicing/output/CPG/c/cwe416_cpg/cwe416-222-cpg-resolved.bin	tc222_flow3	CWE416_Use_After_Free__new_delete_array_long_02.cpp	107	CWE416_Use_After_Free__new_delete_array_long_02.cpp	114
/home/swlab-jueon/swvul/tools/java-vuln-detection/slicing/output/CPG/c/cwe416_cpg/cwe416-223-cpg-resolved.bin	tc223_flow1	CWE416_Use_After_Free__new_delete_array_long_03.cpp	43	CWE416_Use_After_Free__new_delete_array_long_03.cpp	48
/home/swlab-jueon/swvul/tools/java-vuln-detection/slicing/output/CPG/c/cwe416_cpg/cwe416-223-cpg-resolved.bin	tc223_flow2	CWE416_Use_After_Free__new_delete_array_long_03.cpp	74	CWE416_Use_After_Free__new_delete_array_long_03.cpp	86
/home/swlab-jueon/swvul/tools/java-vuln-detection/slicing/output/CPG/c/cwe416_cpg/cwe416-223-cpg-resolved.bin	tc223_flow3	CWE416_Use_After_Free__new_delete_array_long_03.cpp	107	CWE416_Use_After_Free__new_delete_array_long_03.cpp	114
/home/swlab-jueon/swvul/tools/java-vuln-detection/slicing/output/CPG/c/cwe416_cpg/cwe416-224-cpg-resolved.bin	tc224_flow1	CWE416_Use_After_Free__new_delete_array_long_04.cpp	49	CWE416_Use_After_Free__new_delete_array_long_04.cpp	54
/home/swlab-jueon/swvul/tools/java-vuln-detection/slicing/output/CPG/c/cwe416_cpg/cwe416-224-cpg-resolved.bin	tc224_flow2	CWE416_Use_After_Free__new_delete_array_long_04.cpp	80	CWE416_Use_After_Free__new_delete_array_long_04.cpp	92
/home/swlab-jueon/swvul/tools/java-vuln-detection/slicing/output/CPG/c/cwe416_cpg/cwe416-224-cpg-resolved.bin	tc224_flow3	CWE416_Use_After_Free__new_delete_array_long_04.cpp	113	CWE416_Use_After_Free__new_delete_array_long_04.cpp	120
/home/swlab-jueon/swvul/tools/java-vuln-detection/slicing/output/CPG/c/cwe416_cpg/cwe416-225-cpg-resolved.bin	tc225_flow1	CWE416_Use_After_Free__new_delete_array_long_05.cpp	49	CWE416_Use_After_Free__new_delete_array_long_05.cpp	54
/home/swlab-jueon/swvul/tools/java-vuln-detection/slicing/output/CPG/c/cwe416_cpg/cwe416-225-cpg-resolved.bin	tc225_flow2	CWE416_Use_After_Free__new_delete_array_long_05.cpp	80	CWE416_Use_After_Free__new_delete_array_long_05.cpp	92
/home/swlab-jueon/swvul/tools/java-vuln-detection/slicing/output/CPG/c/cwe416_cpg/cwe416-225-cpg-resolved.bin	tc225_flow3	CWE416_Use_After_Free__new_delete_array_long_05.cpp	113	CWE416_Use_After_Free__new_delete_array_long_05.cpp	120
/home/swlab-jueon/swvul/tools/java-vuln-detection/slicing/output/CPG/c/cwe416_cpg/cwe416-226-cpg-resolved.bin	tc226_flow1	CWE416_Use_After_Free__new_delete_array_long_06.cpp	48	CWE416_Use_After_Free__new_delete_array_long_06.cpp	53
/home/swlab-jueon/swvul/tools/java-vuln-detection/slicing/output/CPG/c/cwe416_cpg/cwe416-226-cpg-resolved.bin	tc226_flow2	CWE416_Use_After_Free__new_delete_array_long_06.cpp	79	CWE416_Use_After_Free__new_delete_array_long_06.cpp	91
/home/swlab-jueon/swvul/tools/java-vuln-detection/slicing/output/CPG/c/cwe416_cpg/cwe416-226-cpg-resolved.bin	tc226_flow3	CWE416_Use_After_Free__new_delete_array_long_06.cpp	112	CWE416_Use_After_Free__new_delete_array_long_06.cpp	119
/home/swlab-jueon/swvul/tools/java-vuln-detection/slicing/output/CPG/c/cwe416_cpg/cwe416-227-cpg-resolved.bin	tc227_flow1	CWE416_Use_After_Free__new_delete_array_long_07.cpp	48	CWE416_Use_After_Free__new_delete_array_long_07.cpp	53
/home/swlab-jueon/swvul/tools/java-vuln-detection/slicing/output/CPG/c/cwe416_cpg/cwe416-227-cpg-resolved.bin	tc227_flow2	CWE416_Use_After_Free__new_delete_array_long_07.cpp	79	CWE416_Use_After_Free__new_delete_array_long_07.cpp	91
/home/swlab-jueon/swvul/tools/java-vuln-detection/slicing/output/CPG/c/cwe416_cpg/cwe416-227-cpg-resolved.bin	tc227_flow3	CWE416_Use_After_Free__new_delete_array_long_07.cpp	112	CWE416_Use_After_Free__new_delete_array_long_07.cpp	119
/home/swlab-jueon/swvul/tools/java-vuln-detection/slicing/output/CPG/c/cwe416_cpg/cwe416-228-cpg-resolved.bin	tc228_flow1	CWE416_Use_After_Free__new_delete_array_long_08.cpp	56	CWE416_Use_After_Free__new_delete_array_long_08.cpp	61
/home/swlab-jueon/swvul/tools/java-vuln-detection/slicing/output/CPG/c/cwe416_cpg/cwe416-228-cpg-resolved.bin	tc228_flow2	CWE416_Use_After_Free__new_delete_array_long_08.cpp	87	CWE416_Use_After_Free__new_delete_array_long_08.cpp	99
/home/swlab-jueon/swvul/tools/java-vuln-detection/slicing/output/CPG/c/cwe416_cpg/cwe416-228-cpg-resolved.bin	tc228_flow3	CWE416_Use_After_Free__new_delete_array_long_08.cpp	120	CWE416_Use_After_Free__new_delete_array_long_08.cpp	127
/home/swlab-jueon/swvul/tools/java-vuln-detection/slicing/output/CPG/c/cwe416_cpg/cwe416-229-cpg-resolved.bin	tc229_flow1	CWE416_Use_After_Free__new_delete_array_long_09.cpp	43	CWE416_Use_After_Free__new_delete_array_long_09.cpp	48
/home/swlab-jueon/swvul/tools/java-vuln-detection/slicing/output/CPG/c/cwe416_cpg/cwe416-229-cpg-resolved.bin	tc229_flow2	CWE416_Use_After_Free__new_delete_array_long_09.cpp	74	CWE416_Use_After_Free__new_delete_array_long_09.cpp	86
/home/swlab-jueon/swvul/tools/java-vuln-detection/slicing/output/CPG/c/cwe416_cpg/cwe416-229-cpg-resolved.bin	tc229_flow3	CWE416_Use_After_Free__new_delete_array_long_09.cpp	107	CWE416_Use_After_Free__new_delete_array_long_09.cpp	114
/home/swlab-jueon/swvul/tools/java-vuln-detection/slicing/output/CPG/c/cwe416_cpg/cwe416-230-cpg-resolved.bin	tc230_flow1	CWE416_Use_After_Free__new_delete_array_long_10.cpp	43	CWE416_Use_After_Free__new_delete_array_long_10.cpp	48
/home/swlab-jueon/swvul/tools/java-vuln-detection/slicing/output/CPG/c/cwe416_cpg/cwe416-230-cpg-resolved.bin	tc230_flow2	CWE416_Use_After_Free__new_delete_array_long_10.cpp	74	CWE416_Use_After_Free__new_delete_array_long_10.cpp	86
/home/swlab-jueon/swvul/tools/java-vuln-detection/slicing/output/CPG/c/cwe416_cpg/cwe416-230-cpg-resolved.bin	tc230_flow3	CWE416_Use_After_Free__new_delete_array_long_10.cpp	107	CWE416_Use_After_Free__new_delete_array_long_10.cpp	114
/home/swlab-jueon/swvul/tools/java-vuln-detection/slicing/output/CPG/c/cwe416_cpg/cwe416-231-cpg-resolved.bin	tc231_flow1	CWE416_Use_After_Free__new_delete_array_long_11.cpp	42	CWE416_Use_After_Free__new_delete_array_long_11.cpp	47
/home/swlab-jueon/swvul/tools/java-vuln-detection/slicing/output/CPG/c/cwe416_cpg/cwe416-231-cpg-resolved.bin	tc231_flow2	CWE416_Use_After_Free__new_delete_array_long_11.cpp	73	CWE416_Use_After_Free__new_delete_array_long_11.cpp	85
/home/swlab-jueon/swvul/tools/java-vuln-detection/slicing/output/CPG/c/cwe416_cpg/cwe416-231-cpg-resolved.bin	tc231_flow3	CWE416_Use_After_Free__new_delete_array_long_11.cpp	106	CWE416_Use_After_Free__new_delete_array_long_11.cpp	113
/home/swlab-jueon/swvul/tools/java-vuln-detection/slicing/output/CPG/c/cwe416_cpg/cwe416-232-cpg-resolved.bin	tc232_flow2	CWE416_Use_After_Free__new_delete_array_long_12.cpp	94	CWE416_Use_After_Free__new_delete_array_long_12.cpp	121
/home/swlab-jueon/swvul/tools/java-vuln-detection/slicing/output/CPG/c/cwe416_cpg/cwe416-233-cpg-resolved.bin	tc233_flow1	CWE416_Use_After_Free__new_delete_array_long_13.cpp	42	CWE416_Use_After_Free__new_delete_array_long_13.cpp	47
/home/swlab-jueon/swvul/tools/java-vuln-detection/slicing/output/CPG/c/cwe416_cpg/cwe416-233-cpg-resolved.bin	tc233_flow2	CWE416_Use_After_Free__new_delete_array_long_13.cpp	73	CWE416_Use_After_Free__new_delete_array_long_13.cpp	85
/home/swlab-jueon/swvul/tools/java-vuln-detection/slicing/output/CPG/c/cwe416_cpg/cwe416-233-cpg-resolved.bin	tc233_flow3	CWE416_Use_After_Free__new_delete_array_long_13.cpp	106	CWE416_Use_After_Free__new_delete_array_long_13.cpp	113
/home/swlab-jueon/swvul/tools/java-vuln-detection/slicing/output/CPG/c/cwe416_cpg/cwe416-234-cpg-resolved.bin	tc234_flow1	CWE416_Use_After_Free__new_delete_array_long_14.cpp	42	CWE416_Use_After_Free__new_delete_array_long_14.cpp	47
/home/swlab-jueon/swvul/tools/java-vuln-detection/slicing/output/CPG/c/cwe416_cpg/cwe416-234-cpg-resolved.bin	tc234_flow2	CWE416_Use_After_Free__new_delete_array_long_14.cpp	73	CWE416_Use_After_Free__new_delete_array_long_14.cpp	85
/home/swlab-jueon/swvul/tools/java-vuln-detection/slicing/output/CPG/c/cwe416_cpg/cwe416-234-cpg-resolved.bin	tc234_flow3	CWE416_Use_After_Free__new_delete_array_long_14.cpp	106	CWE416_Use_After_Free__new_delete_array_long_14.cpp	113
/home/swlab-jueon/swvul/tools/java-vuln-detection/slicing/output/CPG/c/cwe416_cpg/cwe416-235-cpg-resolved.bin	tc235_flow1	CWE416_Use_After_Free__new_delete_array_long_15.cpp	43	CWE416_Use_After_Free__new_delete_array_long_15.cpp	54
/home/swlab-jueon/swvul/tools/java-vuln-detection/slicing/output/CPG/c/cwe416_cpg/cwe416-235-cpg-resolved.bin	tc235_flow2	CWE416_Use_After_Free__new_delete_array_long_15.cpp	86	CWE416_Use_After_Free__new_delete_array_long_15.cpp	103
/home/swlab-jueon/swvul/tools/java-vuln-detection/slicing/output/CPG/c/cwe416_cpg/cwe416-235-cpg-resolved.bin	tc235_flow3	CWE416_Use_After_Free__new_delete_array_long_15.cpp	126	CWE416_Use_After_Free__new_delete_array_long_15.cpp	139
/home/swlab-jueon/swvul/tools/java-vuln-detection/slicing/output/CPG/c/cwe416_cpg/cwe416-235-cpg-resolved.bin	tc235_flow4	CWE416_Use_After_Free__new_delete_array_long_15.cpp	170	CWE416_Use_After_Free__new_delete_array_long_15.cpp	176
/home/swlab-jueon/swvul/tools/java-vuln-detection/slicing/output/CPG/c/cwe416_cpg/cwe416-235-cpg-resolved.bin	tc235_flow5	CWE416_Use_After_Free__new_delete_array_long_15.cpp	204	CWE416_Use_After_Free__new_delete_array_long_15.cpp	214
/home/swlab-jueon/swvul/tools/java-vuln-detection/slicing/output/CPG/c/cwe416_cpg/cwe416-236-cpg-resolved.bin	tc236_flow1	CWE416_Use_After_Free__new_delete_array_long_16.cpp	42	CWE416_Use_After_Free__new_delete_array_long_16.cpp	48
/home/swlab-jueon/swvul/tools/java-vuln-detection/slicing/output/CPG/c/cwe416_cpg/cwe416-236-cpg-resolved.bin	tc236_flow2	CWE416_Use_After_Free__new_delete_array_long_16.cpp	75	CWE416_Use_After_Free__new_delete_array_long_16.cpp	83
/home/swlab-jueon/swvul/tools/java-vuln-detection/slicing/output/CPG/c/cwe416_cpg/cwe416-236-cpg-resolved.bin	tc236_flow3	CWE416_Use_After_Free__new_delete_array_long_16.cpp	105	CWE416_Use_After_Free__new_delete_array_long_16.cpp	110
/home/swlab-jueon/swvul/tools/java-vuln-detection/slicing/output/CPG/c/cwe416_cpg/cwe416-237-cpg-resolved.bin	tc237_flow1	CWE416_Use_After_Free__new_delete_array_long_17.cpp	43	CWE416_Use_After_Free__new_delete_array_long_17.cpp	48
/home/swlab-jueon/swvul/tools/java-vuln-detection/slicing/output/CPG/c/cwe416_cpg/cwe416-237-cpg-resolved.bin	tc237_flow2	CWE416_Use_After_Free__new_delete_array_long_17.cpp	75	CWE416_Use_After_Free__new_delete_array_long_17.cpp	82
/home/swlab-jueon/swvul/tools/java-vuln-detection/slicing/output/CPG/c/cwe416_cpg/cwe416-238-cpg-resolved.bin	tc238_flow1	CWE416_Use_After_Free__new_delete_array_long_18.cpp	42	CWE416_Use_After_Free__new_delete_array_long_18.cpp	46
/home/swlab-jueon/swvul/tools/java-vuln-detection/slicing/output/CPG/c/cwe416_cpg/cwe416-238-cpg-resolved.bin	tc238_flow2	CWE416_Use_After_Free__new_delete_array_long_18.cpp	71	CWE416_Use_After_Free__new_delete_array_long_18.cpp	77
/home/swlab-jueon/swvul/tools/java-vuln-detection/slicing/output/CPG/c/cwe416_cpg/cwe416-238-cpg-resolved.bin	tc238_flow3	CWE416_Use_After_Free__new_delete_array_long_18.cpp	97	CWE416_Use_After_Free__new_delete_array_long_18.cpp	100
/home/swlab-jueon/swvul/tools/java-vuln-detection/slicing/output/CPG/c/cwe416_cpg/cwe416-239-cpg-resolved.bin	tc239_flow1	CWE416_Use_After_Free__new_delete_array_long_43.cpp	38	CWE416_Use_After_Free__new_delete_array_long_43.cpp	48
/home/swlab-jueon/swvul/tools/java-vuln-detection/slicing/output/CPG/c/cwe416_cpg/cwe416-239-cpg-resolved.bin	tc239_flow2	CWE416_Use_After_Free__new_delete_array_long_43.cpp	93	CWE416_Use_After_Free__new_delete_array_long_43.cpp	105
/home/swlab-jueon/swvul/tools/java-vuln-detection/slicing/output/CPG/c/cwe416_cpg/cwe416-240-cpg-resolved.bin	tc240_flow1	CWE416_Use_After_Free__new_delete_array_long_62b.cpp	38	CWE416_Use_After_Free__new_delete_array_long_62a.cpp	37
/home/swlab-jueon/swvul/tools/java-vuln-detection/slicing/output/CPG/c/cwe416_cpg/cwe416-240-cpg-resolved.bin	tc240_flow2	CWE416_Use_After_Free__new_delete_array_long_62b.cpp	71	CWE416_Use_After_Free__new_delete_array_long_62a.cpp	71
/home/swlab-jueon/swvul/tools/java-vuln-detection/slicing/output/CPG/c/cwe416_cpg/cwe416-241-cpg-resolved.bin	tc241_flow1	CWE416_Use_After_Free__new_delete_array_long_63a.cpp	44	CWE416_Use_After_Free__new_delete_array_long_63b.cpp	31
/home/swlab-jueon/swvul/tools/java-vuln-detection/slicing/output/CPG/c/cwe416_cpg/cwe416-241-cpg-resolved.bin	tc241_flow2	CWE416_Use_After_Free__new_delete_array_long_63a.cpp	89	CWE416_Use_After_Free__new_delete_array_long_63b.cpp	55
/home/swlab-jueon/swvul/tools/java-vuln-detection/slicing/output/CPG/c/cwe416_cpg/cwe416-241-cpg-resolved.bin	tc241_flow3	CWE416_Use_After_Free__new_delete_array_long_63a.cpp	69	CWE416_Use_After_Free__new_delete_array_long_63b.cpp	44
/home/swlab-jueon/swvul/tools/java-vuln-detection/slicing/output/CPG/c/cwe416_cpg/cwe416-242-cpg-resolved.bin	tc242_flow1	CWE416_Use_After_Free__new_delete_array_long_64a.cpp	44	CWE416_Use_After_Free__new_delete_array_long_64b.cpp	34
/home/swlab-jueon/swvul/tools/java-vuln-detection/slicing/output/CPG/c/cwe416_cpg/cwe416-242-cpg-resolved.bin	tc242_flow2	CWE416_Use_After_Free__new_delete_array_long_64a.cpp	89	CWE416_Use_After_Free__new_delete_array_long_64b.cpp	64
/home/swlab-jueon/swvul/tools/java-vuln-detection/slicing/output/CPG/c/cwe416_cpg/cwe416-242-cpg-resolved.bin	tc242_flow3	CWE416_Use_After_Free__new_delete_array_long_64a.cpp	69	CWE416_Use_After_Free__new_delete_array_long_64b.cpp	50
/home/swlab-jueon/swvul/tools/java-vuln-detection/slicing/output/CPG/c/cwe416_cpg/cwe416-243-cpg-resolved.bin	tc243_flow1	CWE416_Use_After_Free__new_delete_array_struct_01.cpp	42	CWE416_Use_After_Free__new_delete_array_struct_01.cpp	44
/home/swlab-jueon/swvul/tools/java-vuln-detection/slicing/output/CPG/c/cwe416_cpg/cwe416-243-cpg-resolved.bin	tc243_flow2	CWE416_Use_After_Free__new_delete_array_struct_01.cpp	89	CWE416_Use_After_Free__new_delete_array_struct_01.cpp	93
/home/swlab-jueon/swvul/tools/java-vuln-detection/slicing/output/CPG/c/cwe416_cpg/cwe416-244-cpg-resolved.bin	tc244_flow1	CWE416_Use_After_Free__new_delete_array_struct_02.cpp	44	CWE416_Use_After_Free__new_delete_array_struct_02.cpp	49
/home/swlab-jueon/swvul/tools/java-vuln-detection/slicing/output/CPG/c/cwe416_cpg/cwe416-244-cpg-resolved.bin	tc244_flow2	CWE416_Use_After_Free__new_delete_array_struct_02.cpp	76	CWE416_Use_After_Free__new_delete_array_struct_02.cpp	88
/home/swlab-jueon/swvul/tools/java-vuln-detection/slicing/output/CPG/c/cwe416_cpg/cwe416-244-cpg-resolved.bin	tc244_flow3	CWE416_Use_After_Free__new_delete_array_struct_02.cpp	110	CWE416_Use_After_Free__new_delete_array_struct_02.cpp	117
/home/swlab-jueon/swvul/tools/java-vuln-detection/slicing/output/CPG/c/cwe416_cpg/cwe416-245-cpg-resolved.bin	tc245_flow1	CWE416_Use_After_Free__new_delete_array_struct_03.cpp	44	CWE416_Use_After_Free__new_delete_array_struct_03.cpp	49
/home/swlab-jueon/swvul/tools/java-vuln-detection/slicing/output/CPG/c/cwe416_cpg/cwe416-245-cpg-resolved.bin	tc245_flow2	CWE416_Use_After_Free__new_delete_array_struct_03.cpp	76	CWE416_Use_After_Free__new_delete_array_struct_03.cpp	88
/home/swlab-jueon/swvul/tools/java-vuln-detection/slicing/output/CPG/c/cwe416_cpg/cwe416-245-cpg-resolved.bin	tc245_flow3	CWE416_Use_After_Free__new_delete_array_struct_03.cpp	110	CWE416_Use_After_Free__new_delete_array_struct_03.cpp	117
/home/swlab-jueon/swvul/tools/java-vuln-detection/slicing/output/CPG/c/cwe416_cpg/cwe416-246-cpg-resolved.bin	tc246_flow1	CWE416_Use_After_Free__new_delete_array_struct_04.cpp	50	CWE416_Use_After_Free__new_delete_array_struct_04.cpp	55
/home/swlab-jueon/swvul/tools/java-vuln-detection/slicing/output/CPG/c/cwe416_cpg/cwe416-246-cpg-resolved.bin	tc246_flow2	CWE416_Use_After_Free__new_delete_array_struct_04.cpp	82	CWE416_Use_After_Free__new_delete_array_struct_04.cpp	94
/home/swlab-jueon/swvul/tools/java-vuln-detection/slicing/output/CPG/c/cwe416_cpg/cwe416-246-cpg-resolved.bin	tc246_flow3	CWE416_Use_After_Free__new_delete_array_struct_04.cpp	116	CWE416_Use_After_Free__new_delete_array_struct_04.cpp	123
/home/swlab-jueon/swvul/tools/java-vuln-detection/slicing/output/CPG/c/cwe416_cpg/cwe416-247-cpg-resolved.bin	tc247_flow1	CWE416_Use_After_Free__new_delete_array_struct_05.cpp	50	CWE416_Use_After_Free__new_delete_array_struct_05.cpp	55
/home/swlab-jueon/swvul/tools/java-vuln-detection/slicing/output/CPG/c/cwe416_cpg/cwe416-247-cpg-resolved.bin	tc247_flow2	CWE416_Use_After_Free__new_delete_array_struct_05.cpp	82	CWE416_Use_After_Free__new_delete_array_struct_05.cpp	94
/home/swlab-jueon/swvul/tools/java-vuln-detection/slicing/output/CPG/c/cwe416_cpg/cwe416-247-cpg-resolved.bin	tc247_flow3	CWE416_Use_After_Free__new_delete_array_struct_05.cpp	116	CWE416_Use_After_Free__new_delete_array_struct_05.cpp	123
/home/swlab-jueon/swvul/tools/java-vuln-detection/slicing/output/CPG/c/cwe416_cpg/cwe416-248-cpg-resolved.bin	tc248_flow1	CWE416_Use_After_Free__new_delete_array_struct_06.cpp	49	CWE416_Use_After_Free__new_delete_array_struct_06.cpp	54
/home/swlab-jueon/swvul/tools/java-vuln-detection/slicing/output/CPG/c/cwe416_cpg/cwe416-248-cpg-resolved.bin	tc248_flow2	CWE416_Use_After_Free__new_delete_array_struct_06.cpp	81	CWE416_Use_After_Free__new_delete_array_struct_06.cpp	93
/home/swlab-jueon/swvul/tools/java-vuln-detection/slicing/output/CPG/c/cwe416_cpg/cwe416-248-cpg-resolved.bin	tc248_flow3	CWE416_Use_After_Free__new_delete_array_struct_06.cpp	115	CWE416_Use_After_Free__new_delete_array_struct_06.cpp	122
/home/swlab-jueon/swvul/tools/java-vuln-detection/slicing/output/CPG/c/cwe416_cpg/cwe416-249-cpg-resolved.bin	tc249_flow1	CWE416_Use_After_Free__new_delete_array_struct_07.cpp	49	CWE416_Use_After_Free__new_delete_array_struct_07.cpp	54
/home/swlab-jueon/swvul/tools/java-vuln-detection/slicing/output/CPG/c/cwe416_cpg/cwe416-249-cpg-resolved.bin	tc249_flow2	CWE416_Use_After_Free__new_delete_array_struct_07.cpp	81	CWE416_Use_After_Free__new_delete_array_struct_07.cpp	93
/home/swlab-jueon/swvul/tools/java-vuln-detection/slicing/output/CPG/c/cwe416_cpg/cwe416-249-cpg-resolved.bin	tc249_flow3	CWE416_Use_After_Free__new_delete_array_struct_07.cpp	115	CWE416_Use_After_Free__new_delete_array_struct_07.cpp	122
/home/swlab-jueon/swvul/tools/java-vuln-detection/slicing/output/CPG/c/cwe416_cpg/cwe416-250-cpg-resolved.bin	tc250_flow1	CWE416_Use_After_Free__new_delete_array_struct_08.cpp	57	CWE416_Use_After_Free__new_delete_array_struct_08.cpp	62
/home/swlab-jueon/swvul/tools/java-vuln-detection/slicing/output/CPG/c/cwe416_cpg/cwe416-250-cpg-resolved.bin	tc250_flow2	CWE416_Use_After_Free__new_delete_array_struct_08.cpp	89	CWE416_Use_After_Free__new_delete_array_struct_08.cpp	101
/home/swlab-jueon/swvul/tools/java-vuln-detection/slicing/output/CPG/c/cwe416_cpg/cwe416-250-cpg-resolved.bin	tc250_flow3	CWE416_Use_After_Free__new_delete_array_struct_08.cpp	123	CWE416_Use_After_Free__new_delete_array_struct_08.cpp	130
/home/swlab-jueon/swvul/tools/java-vuln-detection/slicing/output/CPG/c/cwe416_cpg/cwe416-251-cpg-resolved.bin	tc251_flow1	CWE416_Use_After_Free__new_delete_array_struct_09.cpp	44	CWE416_Use_After_Free__new_delete_array_struct_09.cpp	49
/home/swlab-jueon/swvul/tools/java-vuln-detection/slicing/output/CPG/c/cwe416_cpg/cwe416-251-cpg-resolved.bin	tc251_flow2	CWE416_Use_After_Free__new_delete_array_struct_09.cpp	76	CWE416_Use_After_Free__new_delete_array_struct_09.cpp	88
/home/swlab-jueon/swvul/tools/java-vuln-detection/slicing/output/CPG/c/cwe416_cpg/cwe416-251-cpg-resolved.bin	tc251_flow3	CWE416_Use_After_Free__new_delete_array_struct_09.cpp	110	CWE416_Use_After_Free__new_delete_array_struct_09.cpp	117
/home/swlab-jueon/swvul/tools/java-vuln-detection/slicing/output/CPG/c/cwe416_cpg/cwe416-252-cpg-resolved.bin	tc252_flow1	CWE416_Use_After_Free__new_delete_array_struct_10.cpp	44	CWE416_Use_After_Free__new_delete_array_struct_10.cpp	49
/home/swlab-jueon/swvul/tools/java-vuln-detection/slicing/output/CPG/c/cwe416_cpg/cwe416-252-cpg-resolved.bin	tc252_flow2	CWE416_Use_After_Free__new_delete_array_struct_10.cpp	76	CWE416_Use_After_Free__new_delete_array_struct_10.cpp	88
/home/swlab-jueon/swvul/tools/java-vuln-detection/slicing/output/CPG/c/cwe416_cpg/cwe416-252-cpg-resolved.bin	tc252_flow3	CWE416_Use_After_Free__new_delete_array_struct_10.cpp	110	CWE416_Use_After_Free__new_delete_array_struct_10.cpp	117
/home/swlab-jueon/swvul/tools/java-vuln-detection/slicing/output/CPG/c/cwe416_cpg/cwe416-253-cpg-resolved.bin	tc253_flow1	CWE416_Use_After_Free__new_delete_array_struct_11.cpp	43	CWE416_Use_After_Free__new_delete_array_struct_11.cpp	48
/home/swlab-jueon/swvul/tools/java-vuln-detection/slicing/output/CPG/c/cwe416_cpg/cwe416-253-cpg-resolved.bin	tc253_flow2	CWE416_Use_After_Free__new_delete_array_struct_11.cpp	75	CWE416_Use_After_Free__new_delete_array_struct_11.cpp	87
/home/swlab-jueon/swvul/tools/java-vuln-detection/slicing/output/CPG/c/cwe416_cpg/cwe416-253-cpg-resolved.bin	tc253_flow3	CWE416_Use_After_Free__new_delete_array_struct_11.cpp	109	CWE416_Use_After_Free__new_delete_array_struct_11.cpp	116
/home/swlab-jueon/swvul/tools/java-vuln-detection/slicing/output/CPG/c/cwe416_cpg/cwe416-254-cpg-resolved.bin	tc254_flow2	CWE416_Use_After_Free__new_delete_array_struct_12.cpp	97	CWE416_Use_After_Free__new_delete_array_struct_12.cpp	125
/home/swlab-jueon/swvul/tools/java-vuln-detection/slicing/output/CPG/c/cwe416_cpg/cwe416-255-cpg-resolved.bin	tc255_flow1	CWE416_Use_After_Free__new_delete_array_struct_13.cpp	43	CWE416_Use_After_Free__new_delete_array_struct_13.cpp	48
/home/swlab-jueon/swvul/tools/java-vuln-detection/slicing/output/CPG/c/cwe416_cpg/cwe416-255-cpg-resolved.bin	tc255_flow2	CWE416_Use_After_Free__new_delete_array_struct_13.cpp	75	CWE416_Use_After_Free__new_delete_array_struct_13.cpp	87
/home/swlab-jueon/swvul/tools/java-vuln-detection/slicing/output/CPG/c/cwe416_cpg/cwe416-255-cpg-resolved.bin	tc255_flow3	CWE416_Use_After_Free__new_delete_array_struct_13.cpp	109	CWE416_Use_After_Free__new_delete_array_struct_13.cpp	116
/home/swlab-jueon/swvul/tools/java-vuln-detection/slicing/output/CPG/c/cwe416_cpg/cwe416-256-cpg-resolved.bin	tc256_flow1	CWE416_Use_After_Free__new_delete_array_struct_14.cpp	43	CWE416_Use_After_Free__new_delete_array_struct_14.cpp	48
/home/swlab-jueon/swvul/tools/java-vuln-detection/slicing/output/CPG/c/cwe416_cpg/cwe416-256-cpg-resolved.bin	tc256_flow2	CWE416_Use_After_Free__new_delete_array_struct_14.cpp	75	CWE416_Use_After_Free__new_delete_array_struct_14.cpp	87
/home/swlab-jueon/swvul/tools/java-vuln-detection/slicing/output/CPG/c/cwe416_cpg/cwe416-256-cpg-resolved.bin	tc256_flow3	CWE416_Use_After_Free__new_delete_array_struct_14.cpp	109	CWE416_Use_After_Free__new_delete_array_struct_14.cpp	116
/home/swlab-jueon/swvul/tools/java-vuln-detection/slicing/output/CPG/c/cwe416_cpg/cwe416-257-cpg-resolved.bin	tc257_flow1	CWE416_Use_After_Free__new_delete_array_struct_15.cpp	44	CWE416_Use_After_Free__new_delete_array_struct_15.cpp	55
/home/swlab-jueon/swvul/tools/java-vuln-detection/slicing/output/CPG/c/cwe416_cpg/cwe416-257-cpg-resolved.bin	tc257_flow2	CWE416_Use_After_Free__new_delete_array_struct_15.cpp	88	CWE416_Use_After_Free__new_delete_array_struct_15.cpp	105
/home/swlab-jueon/swvul/tools/java-vuln-detection/slicing/output/CPG/c/cwe416_cpg/cwe416-257-cpg-resolved.bin	tc257_flow3	CWE416_Use_After_Free__new_delete_array_struct_15.cpp	129	CWE416_Use_After_Free__new_delete_array_struct_15.cpp	142
/home/swlab-jueon/swvul/tools/java-vuln-detection/slicing/output/CPG/c/cwe416_cpg/cwe416-257-cpg-resolved.bin	tc257_flow4	CWE416_Use_After_Free__new_delete_array_struct_15.cpp	174	CWE416_Use_After_Free__new_delete_array_struct_15.cpp	180
/home/swlab-jueon/swvul/tools/java-vuln-detection/slicing/output/CPG/c/cwe416_cpg/cwe416-257-cpg-resolved.bin	tc257_flow5	CWE416_Use_After_Free__new_delete_array_struct_15.cpp	209	CWE416_Use_After_Free__new_delete_array_struct_15.cpp	219
/home/swlab-jueon/swvul/tools/java-vuln-detection/slicing/output/CPG/c/cwe416_cpg/cwe416-258-cpg-resolved.bin	tc258_flow1	CWE416_Use_After_Free__new_delete_array_struct_16.cpp	43	CWE416_Use_After_Free__new_delete_array_struct_16.cpp	49
/home/swlab-jueon/swvul/tools/java-vuln-detection/slicing/output/CPG/c/cwe416_cpg/cwe416-258-cpg-resolved.bin	tc258_flow2	CWE416_Use_After_Free__new_delete_array_struct_16.cpp	77	CWE416_Use_After_Free__new_delete_array_struct_16.cpp	85
/home/swlab-jueon/swvul/tools/java-vuln-detection/slicing/output/CPG/c/cwe416_cpg/cwe416-258-cpg-resolved.bin	tc258_flow3	CWE416_Use_After_Free__new_delete_array_struct_16.cpp	108	CWE416_Use_After_Free__new_delete_array_struct_16.cpp	113
/home/swlab-jueon/swvul/tools/java-vuln-detection/slicing/output/CPG/c/cwe416_cpg/cwe416-259-cpg-resolved.bin	tc259_flow1	CWE416_Use_After_Free__new_delete_array_struct_17.cpp	44	CWE416_Use_After_Free__new_delete_array_struct_17.cpp	49
/home/swlab-jueon/swvul/tools/java-vuln-detection/slicing/output/CPG/c/cwe416_cpg/cwe416-259-cpg-resolved.bin	tc259_flow2	CWE416_Use_After_Free__new_delete_array_struct_17.cpp	77	CWE416_Use_After_Free__new_delete_array_struct_17.cpp	84
/home/swlab-jueon/swvul/tools/java-vuln-detection/slicing/output/CPG/c/cwe416_cpg/cwe416-260-cpg-resolved.bin	tc260_flow1	CWE416_Use_After_Free__new_delete_array_struct_18.cpp	43	CWE416_Use_After_Free__new_delete_array_struct_18.cpp	47
/home/swlab-jueon/swvul/tools/java-vuln-detection/slicing/output/CPG/c/cwe416_cpg/cwe416-260-cpg-resolved.bin	tc260_flow2	CWE416_Use_After_Free__new_delete_array_struct_18.cpp	73	CWE416_Use_After_Free__new_delete_array_struct_18.cpp	79
/home/swlab-jueon/swvul/tools/java-vuln-detection/slicing/output/CPG/c/cwe416_cpg/cwe416-260-cpg-resolved.bin	tc260_flow3	CWE416_Use_After_Free__new_delete_array_struct_18.cpp	100	CWE416_Use_After_Free__new_delete_array_struct_18.cpp	103
/home/swlab-jueon/swvul/tools/java-vuln-detection/slicing/output/CPG/c/cwe416_cpg/cwe416-261-cpg-resolved.bin	tc261_flow1	CWE416_Use_After_Free__new_delete_array_struct_43.cpp	39	CWE416_Use_After_Free__new_delete_array_struct_43.cpp	49
/home/swlab-jueon/swvul/tools/java-vuln-detection/slicing/output/CPG/c/cwe416_cpg/cwe416-261-cpg-resolved.bin	tc261_flow2	CWE416_Use_After_Free__new_delete_array_struct_43.cpp	96	CWE416_Use_After_Free__new_delete_array_struct_43.cpp	108
/home/swlab-jueon/swvul/tools/java-vuln-detection/slicing/output/CPG/c/cwe416_cpg/cwe416-262-cpg-resolved.bin	tc262_flow1	CWE416_Use_After_Free__new_delete_array_struct_62b.cpp	39	CWE416_Use_After_Free__new_delete_array_struct_62a.cpp	37
/home/swlab-jueon/swvul/tools/java-vuln-detection/slicing/output/CPG/c/cwe416_cpg/cwe416-262-cpg-resolved.bin	tc262_flow2	CWE416_Use_After_Free__new_delete_array_struct_62b.cpp	74	CWE416_Use_After_Free__new_delete_array_struct_62a.cpp	71
/home/swlab-jueon/swvul/tools/java-vuln-detection/slicing/output/CPG/c/cwe416_cpg/cwe416-263-cpg-resolved.bin	tc263_flow1	CWE416_Use_After_Free__new_delete_array_struct_63a.cpp	45	CWE416_Use_After_Free__new_delete_array_struct_63b.cpp	31
/home/swlab-jueon/swvul/tools/java-vuln-detection/slicing/output/CPG/c/cwe416_cpg/cwe416-263-cpg-resolved.bin	tc263_flow2	CWE416_Use_After_Free__new_delete_array_struct_63a.cpp	92	CWE416_Use_After_Free__new_delete_array_struct_63b.cpp	55
/home/swlab-jueon/swvul/tools/java-vuln-detection/slicing/output/CPG/c/cwe416_cpg/cwe416-263-cpg-resolved.bin	tc263_flow3	CWE416_Use_After_Free__new_delete_array_struct_63a.cpp	71	CWE416_Use_After_Free__new_delete_array_struct_63b.cpp	44
/home/swlab-jueon/swvul/tools/java-vuln-detection/slicing/output/CPG/c/cwe416_cpg/cwe416-264-cpg-resolved.bin	tc264_flow1	CWE416_Use_After_Free__new_delete_array_struct_64a.cpp	45	CWE416_Use_After_Free__new_delete_array_struct_64b.cpp	34
/home/swlab-jueon/swvul/tools/java-vuln-detection/slicing/output/CPG/c/cwe416_cpg/cwe416-264-cpg-resolved.bin	tc264_flow2	CWE416_Use_After_Free__new_delete_array_struct_64a.cpp	92	CWE416_Use_After_Free__new_delete_array_struct_64b.cpp	64
/home/swlab-jueon/swvul/tools/java-vuln-detection/slicing/output/CPG/c/cwe416_cpg/cwe416-264-cpg-resolved.bin	tc264_flow3	CWE416_Use_After_Free__new_delete_array_struct_64a.cpp	71	CWE416_Use_After_Free__new_delete_array_struct_64b.cpp	50
/home/swlab-jueon/swvul/tools/java-vuln-detection/slicing/output/CPG/c/cwe416_cpg/cwe416-265-cpg-resolved.bin	tc265_flow1	CWE416_Use_After_Free__new_delete_array_wchar_t_01.cpp	36	CWE416_Use_After_Free__new_delete_array_wchar_t_01.cpp	38
/home/swlab-jueon/swvul/tools/java-vuln-detection/slicing/output/CPG/c/cwe416_cpg/cwe416-265-cpg-resolved.bin	tc265_flow2	CWE416_Use_After_Free__new_delete_array_wchar_t_01.cpp	71	CWE416_Use_After_Free__new_delete_array_wchar_t_01.cpp	75
/home/swlab-jueon/swvul/tools/java-vuln-detection/slicing/output/CPG/c/cwe416_cpg/cwe416-266-cpg-resolved.bin	tc266_flow1	CWE416_Use_After_Free__new_delete_array_wchar_t_02.cpp	38	CWE416_Use_After_Free__new_delete_array_wchar_t_02.cpp	43
/home/swlab-jueon/swvul/tools/java-vuln-detection/slicing/output/CPG/c/cwe416_cpg/cwe416-266-cpg-resolved.bin	tc266_flow2	CWE416_Use_After_Free__new_delete_array_wchar_t_02.cpp	64	CWE416_Use_After_Free__new_delete_array_wchar_t_02.cpp	76
/home/swlab-jueon/swvul/tools/java-vuln-detection/slicing/output/CPG/c/cwe416_cpg/cwe416-266-cpg-resolved.bin	tc266_flow3	CWE416_Use_After_Free__new_delete_array_wchar_t_02.cpp	92	CWE416_Use_After_Free__new_delete_array_wchar_t_02.cpp	99
/home/swlab-jueon/swvul/tools/java-vuln-detection/slicing/output/CPG/c/cwe416_cpg/cwe416-267-cpg-resolved.bin	tc267_flow1	CWE416_Use_After_Free__new_delete_array_wchar_t_03.cpp	38	CWE416_Use_After_Free__new_delete_array_wchar_t_03.cpp	43
/home/swlab-jueon/swvul/tools/java-vuln-detection/slicing/output/CPG/c/cwe416_cpg/cwe416-267-cpg-resolved.bin	tc267_flow2	CWE416_Use_After_Free__new_delete_array_wchar_t_03.cpp	64	CWE416_Use_After_Free__new_delete_array_wchar_t_03.cpp	76
/home/swlab-jueon/swvul/tools/java-vuln-detection/slicing/output/CPG/c/cwe416_cpg/cwe416-267-cpg-resolved.bin	tc267_flow3	CWE416_Use_After_Free__new_delete_array_wchar_t_03.cpp	92	CWE416_Use_After_Free__new_delete_array_wchar_t_03.cpp	99
/home/swlab-jueon/swvul/tools/java-vuln-detection/slicing/output/CPG/c/cwe416_cpg/cwe416-268-cpg-resolved.bin	tc268_flow1	CWE416_Use_After_Free__new_delete_array_wchar_t_04.cpp	44	CWE416_Use_After_Free__new_delete_array_wchar_t_04.cpp	49
/home/swlab-jueon/swvul/tools/java-vuln-detection/slicing/output/CPG/c/cwe416_cpg/cwe416-268-cpg-resolved.bin	tc268_flow2	CWE416_Use_After_Free__new_delete_array_wchar_t_04.cpp	70	CWE416_Use_After_Free__new_delete_array_wchar_t_04.cpp	82
/home/swlab-jueon/swvul/tools/java-vuln-detection/slicing/output/CPG/c/cwe416_cpg/cwe416-268-cpg-resolved.bin	tc268_flow3	CWE416_Use_After_Free__new_delete_array_wchar_t_04.cpp	98	CWE416_Use_After_Free__new_delete_array_wchar_t_04.cpp	105
/home/swlab-jueon/swvul/tools/java-vuln-detection/slicing/output/CPG/c/cwe416_cpg/cwe416-269-cpg-resolved.bin	tc269_flow1	CWE416_Use_After_Free__new_delete_array_wchar_t_05.cpp	44	CWE416_Use_After_Free__new_delete_array_wchar_t_05.cpp	49
/home/swlab-jueon/swvul/tools/java-vuln-detection/slicing/output/CPG/c/cwe416_cpg/cwe416-269-cpg-resolved.bin	tc269_flow2	CWE416_Use_After_Free__new_delete_array_wchar_t_05.cpp	70	CWE416_Use_After_Free__new_delete_array_wchar_t_05.cpp	82
/home/swlab-jueon/swvul/tools/java-vuln-detection/slicing/output/CPG/c/cwe416_cpg/cwe416-269-cpg-resolved.bin	tc269_flow3	CWE416_Use_After_Free__new_delete_array_wchar_t_05.cpp	98	CWE416_Use_After_Free__new_delete_array_wchar_t_05.cpp	105
/home/swlab-jueon/swvul/tools/java-vuln-detection/slicing/output/CPG/c/cwe416_cpg/cwe416-270-cpg-resolved.bin	tc270_flow1	CWE416_Use_After_Free__new_delete_array_wchar_t_06.cpp	43	CWE416_Use_After_Free__new_delete_array_wchar_t_06.cpp	48
/home/swlab-jueon/swvul/tools/java-vuln-detection/slicing/output/CPG/c/cwe416_cpg/cwe416-270-cpg-resolved.bin	tc270_flow2	CWE416_Use_After_Free__new_delete_array_wchar_t_06.cpp	69	CWE416_Use_After_Free__new_delete_array_wchar_t_06.cpp	81
/home/swlab-jueon/swvul/tools/java-vuln-detection/slicing/output/CPG/c/cwe416_cpg/cwe416-270-cpg-resolved.bin	tc270_flow3	CWE416_Use_After_Free__new_delete_array_wchar_t_06.cpp	97	CWE416_Use_After_Free__new_delete_array_wchar_t_06.cpp	104
/home/swlab-jueon/swvul/tools/java-vuln-detection/slicing/output/CPG/c/cwe416_cpg/cwe416-271-cpg-resolved.bin	tc271_flow1	CWE416_Use_After_Free__new_delete_array_wchar_t_07.cpp	43	CWE416_Use_After_Free__new_delete_array_wchar_t_07.cpp	48
/home/swlab-jueon/swvul/tools/java-vuln-detection/slicing/output/CPG/c/cwe416_cpg/cwe416-271-cpg-resolved.bin	tc271_flow2	CWE416_Use_After_Free__new_delete_array_wchar_t_07.cpp	69	CWE416_Use_After_Free__new_delete_array_wchar_t_07.cpp	81
/home/swlab-jueon/swvul/tools/java-vuln-detection/slicing/output/CPG/c/cwe416_cpg/cwe416-271-cpg-resolved.bin	tc271_flow3	CWE416_Use_After_Free__new_delete_array_wchar_t_07.cpp	97	CWE416_Use_After_Free__new_delete_array_wchar_t_07.cpp	104
/home/swlab-jueon/swvul/tools/java-vuln-detection/slicing/output/CPG/c/cwe416_cpg/cwe416-272-cpg-resolved.bin	tc272_flow1	CWE416_Use_After_Free__new_delete_array_wchar_t_08.cpp	51	CWE416_Use_After_Free__new_delete_array_wchar_t_08.cpp	56
/home/swlab-jueon/swvul/tools/java-vuln-detection/slicing/output/CPG/c/cwe416_cpg/cwe416-272-cpg-resolved.bin	tc272_flow2	CWE416_Use_After_Free__new_delete_array_wchar_t_08.cpp	77	CWE416_Use_After_Free__new_delete_array_wchar_t_08.cpp	89
/home/swlab-jueon/swvul/tools/java-vuln-detection/slicing/output/CPG/c/cwe416_cpg/cwe416-272-cpg-resolved.bin	tc272_flow3	CWE416_Use_After_Free__new_delete_array_wchar_t_08.cpp	105	CWE416_Use_After_Free__new_delete_array_wchar_t_08.cpp	112
/home/swlab-jueon/swvul/tools/java-vuln-detection/slicing/output/CPG/c/cwe416_cpg/cwe416-273-cpg-resolved.bin	tc273_flow1	CWE416_Use_After_Free__new_delete_array_wchar_t_09.cpp	38	CWE416_Use_After_Free__new_delete_array_wchar_t_09.cpp	43
/home/swlab-jueon/swvul/tools/java-vuln-detection/slicing/output/CPG/c/cwe416_cpg/cwe416-273-cpg-resolved.bin	tc273_flow2	CWE416_Use_After_Free__new_delete_array_wchar_t_09.cpp	64	CWE416_Use_After_Free__new_delete_array_wchar_t_09.cpp	76
/home/swlab-jueon/swvul/tools/java-vuln-detection/slicing/output/CPG/c/cwe416_cpg/cwe416-273-cpg-resolved.bin	tc273_flow3	CWE416_Use_After_Free__new_delete_array_wchar_t_09.cpp	92	CWE416_Use_After_Free__new_delete_array_wchar_t_09.cpp	99
/home/swlab-jueon/swvul/tools/java-vuln-detection/slicing/output/CPG/c/cwe416_cpg/cwe416-274-cpg-resolved.bin	tc274_flow1	CWE416_Use_After_Free__new_delete_array_wchar_t_10.cpp	38	CWE416_Use_After_Free__new_delete_array_wchar_t_10.cpp	43
/home/swlab-jueon/swvul/tools/java-vuln-detection/slicing/output/CPG/c/cwe416_cpg/cwe416-274-cpg-resolved.bin	tc274_flow2	CWE416_Use_After_Free__new_delete_array_wchar_t_10.cpp	64	CWE416_Use_After_Free__new_delete_array_wchar_t_10.cpp	76
/home/swlab-jueon/swvul/tools/java-vuln-detection/slicing/output/CPG/c/cwe416_cpg/cwe416-274-cpg-resolved.bin	tc274_flow3	CWE416_Use_After_Free__new_delete_array_wchar_t_10.cpp	92	CWE416_Use_After_Free__new_delete_array_wchar_t_10.cpp	99
/home/swlab-jueon/swvul/tools/java-vuln-detection/slicing/output/CPG/c/cwe416_cpg/cwe416-275-cpg-resolved.bin	tc275_flow1	CWE416_Use_After_Free__new_delete_array_wchar_t_11.cpp	37	CWE416_Use_After_Free__new_delete_array_wchar_t_11.cpp	42
/home/swlab-jueon/swvul/tools/java-vuln-detection/slicing/output/CPG/c/cwe416_cpg/cwe416-275-cpg-resolved.bin	tc275_flow2	CWE416_Use_After_Free__new_delete_array_wchar_t_11.cpp	63	CWE416_Use_After_Free__new_delete_array_wchar_t_11.cpp	75
/home/swlab-jueon/swvul/tools/java-vuln-detection/slicing/output/CPG/c/cwe416_cpg/cwe416-275-cpg-resolved.bin	tc275_flow3	CWE416_Use_After_Free__new_delete_array_wchar_t_11.cpp	91	CWE416_Use_After_Free__new_delete_array_wchar_t_11.cpp	98
/home/swlab-jueon/swvul/tools/java-vuln-detection/slicing/output/CPG/c/cwe416_cpg/cwe416-276-cpg-resolved.bin	tc276_flow2	CWE416_Use_After_Free__new_delete_array_wchar_t_12.cpp	79	CWE416_Use_After_Free__new_delete_array_wchar_t_12.cpp	101
/home/swlab-jueon/swvul/tools/java-vuln-detection/slicing/output/CPG/c/cwe416_cpg/cwe416-277-cpg-resolved.bin	tc277_flow1	CWE416_Use_After_Free__new_delete_array_wchar_t_13.cpp	37	CWE416_Use_After_Free__new_delete_array_wchar_t_13.cpp	42
/home/swlab-jueon/swvul/tools/java-vuln-detection/slicing/output/CPG/c/cwe416_cpg/cwe416-277-cpg-resolved.bin	tc277_flow2	CWE416_Use_After_Free__new_delete_array_wchar_t_13.cpp	63	CWE416_Use_After_Free__new_delete_array_wchar_t_13.cpp	75
/home/swlab-jueon/swvul/tools/java-vuln-detection/slicing/output/CPG/c/cwe416_cpg/cwe416-277-cpg-resolved.bin	tc277_flow3	CWE416_Use_After_Free__new_delete_array_wchar_t_13.cpp	91	CWE416_Use_After_Free__new_delete_array_wchar_t_13.cpp	98
/home/swlab-jueon/swvul/tools/java-vuln-detection/slicing/output/CPG/c/cwe416_cpg/cwe416-278-cpg-resolved.bin	tc278_flow1	CWE416_Use_After_Free__new_delete_array_wchar_t_14.cpp	37	CWE416_Use_After_Free__new_delete_array_wchar_t_14.cpp	42
/home/swlab-jueon/swvul/tools/java-vuln-detection/slicing/output/CPG/c/cwe416_cpg/cwe416-278-cpg-resolved.bin	tc278_flow2	CWE416_Use_After_Free__new_delete_array_wchar_t_14.cpp	63	CWE416_Use_After_Free__new_delete_array_wchar_t_14.cpp	75
/home/swlab-jueon/swvul/tools/java-vuln-detection/slicing/output/CPG/c/cwe416_cpg/cwe416-278-cpg-resolved.bin	tc278_flow3	CWE416_Use_After_Free__new_delete_array_wchar_t_14.cpp	91	CWE416_Use_After_Free__new_delete_array_wchar_t_14.cpp	98
/home/swlab-jueon/swvul/tools/java-vuln-detection/slicing/output/CPG/c/cwe416_cpg/cwe416-279-cpg-resolved.bin	tc279_flow1	CWE416_Use_After_Free__new_delete_array_wchar_t_15.cpp	38	CWE416_Use_After_Free__new_delete_array_wchar_t_15.cpp	49
/home/swlab-jueon/swvul/tools/java-vuln-detection/slicing/output/CPG/c/cwe416_cpg/cwe416-279-cpg-resolved.bin	tc279_flow2	CWE416_Use_After_Free__new_delete_array_wchar_t_15.cpp	76	CWE416_Use_After_Free__new_delete_array_wchar_t_15.cpp	93
/home/swlab-jueon/swvul/tools/java-vuln-detection/slicing/output/CPG/c/cwe416_cpg/cwe416-279-cpg-resolved.bin	tc279_flow3	CWE416_Use_After_Free__new_delete_array_wchar_t_15.cpp	111	CWE416_Use_After_Free__new_delete_array_wchar_t_15.cpp	124
/home/swlab-jueon/swvul/tools/java-vuln-detection/slicing/output/CPG/c/cwe416_cpg/cwe416-279-cpg-resolved.bin	tc279_flow4	CWE416_Use_After_Free__new_delete_array_wchar_t_15.cpp	150	CWE416_Use_After_Free__new_delete_array_wchar_t_15.cpp	156
/home/swlab-jueon/swvul/tools/java-vuln-detection/slicing/output/CPG/c/cwe416_cpg/cwe416-279-cpg-resolved.bin	tc279_flow5	CWE416_Use_After_Free__new_delete_array_wchar_t_15.cpp	179	CWE416_Use_After_Free__new_delete_array_wchar_t_15.cpp	189
/home/swlab-jueon/swvul/tools/java-vuln-detection/slicing/output/CPG/c/cwe416_cpg/cwe416-280-cpg-resolved.bin	tc280_flow1	CWE416_Use_After_Free__new_delete_array_wchar_t_16.cpp	37	CWE416_Use_After_Free__new_delete_array_wchar_t_16.cpp	43
/home/swlab-jueon/swvul/tools/java-vuln-detection/slicing/output/CPG/c/cwe416_cpg/cwe416-280-cpg-resolved.bin	tc280_flow2	CWE416_Use_After_Free__new_delete_array_wchar_t_16.cpp	65	CWE416_Use_After_Free__new_delete_array_wchar_t_16.cpp	73
/home/swlab-jueon/swvul/tools/java-vuln-detection/slicing/output/CPG/c/cwe416_cpg/cwe416-280-cpg-resolved.bin	tc280_flow3	CWE416_Use_After_Free__new_delete_array_wchar_t_16.cpp	90	CWE416_Use_After_Free__new_delete_array_wchar_t_16.cpp	95
/home/swlab-jueon/swvul/tools/java-vuln-detection/slicing/output/CPG/c/cwe416_cpg/cwe416-281-cpg-resolved.bin	tc281_flow1	CWE416_Use_After_Free__new_delete_array_wchar_t_17.cpp	38	CWE416_Use_After_Free__new_delete_array_wchar_t_17.cpp	43
/home/swlab-jueon/swvul/tools/java-vuln-detection/slicing/output/CPG/c/cwe416_cpg/cwe416-281-cpg-resolved.bin	tc281_flow2	CWE416_Use_After_Free__new_delete_array_wchar_t_17.cpp	65	CWE416_Use_After_Free__new_delete_array_wchar_t_17.cpp	72
/home/swlab-jueon/swvul/tools/java-vuln-detection/slicing/output/CPG/c/cwe416_cpg/cwe416-282-cpg-resolved.bin	tc282_flow1	CWE416_Use_After_Free__new_delete_array_wchar_t_18.cpp	37	CWE416_Use_After_Free__new_delete_array_wchar_t_18.cpp	41
/home/swlab-jueon/swvul/tools/java-vuln-detection/slicing/output/CPG/c/cwe416_cpg/cwe416-282-cpg-resolved.bin	tc282_flow2	CWE416_Use_After_Free__new_delete_array_wchar_t_18.cpp	61	CWE416_Use_After_Free__new_delete_array_wchar_t_18.cpp	67
/home/swlab-jueon/swvul/tools/java-vuln-detection/slicing/output/CPG/c/cwe416_cpg/cwe416-282-cpg-resolved.bin	tc282_flow3	CWE416_Use_After_Free__new_delete_array_wchar_t_18.cpp	82	CWE416_Use_After_Free__new_delete_array_wchar_t_18.cpp	85
/home/swlab-jueon/swvul/tools/java-vuln-detection/slicing/output/CPG/c/cwe416_cpg/cwe416-283-cpg-resolved.bin	tc283_flow1	CWE416_Use_After_Free__new_delete_array_wchar_t_43.cpp	33	CWE416_Use_After_Free__new_delete_array_wchar_t_43.cpp	43
/home/swlab-jueon/swvul/tools/java-vuln-detection/slicing/output/CPG/c/cwe416_cpg/cwe416-283-cpg-resolved.bin	tc283_flow2	CWE416_Use_After_Free__new_delete_array_wchar_t_43.cpp	78	CWE416_Use_After_Free__new_delete_array_wchar_t_43.cpp	90
/home/swlab-jueon/swvul/tools/java-vuln-detection/slicing/output/CPG/c/cwe416_cpg/cwe416-284-cpg-resolved.bin	tc284_flow1	CWE416_Use_After_Free__new_delete_array_wchar_t_62b.cpp	33	CWE416_Use_After_Free__new_delete_array_wchar_t_62a.cpp	37
/home/swlab-jueon/swvul/tools/java-vuln-detection/slicing/output/CPG/c/cwe416_cpg/cwe416-284-cpg-resolved.bin	tc284_flow2	CWE416_Use_After_Free__new_delete_array_wchar_t_62b.cpp	56	CWE416_Use_After_Free__new_delete_array_wchar_t_62a.cpp	71
/home/swlab-jueon/swvul/tools/java-vuln-detection/slicing/output/CPG/c/cwe416_cpg/cwe416-285-cpg-resolved.bin	tc285_flow1	CWE416_Use_After_Free__new_delete_array_wchar_t_63a.cpp	39	CWE416_Use_After_Free__new_delete_array_wchar_t_63b.cpp	31
/home/swlab-jueon/swvul/tools/java-vuln-detection/slicing/output/CPG/c/cwe416_cpg/cwe416-285-cpg-resolved.bin	tc285_flow2	CWE416_Use_After_Free__new_delete_array_wchar_t_63a.cpp	74	CWE416_Use_After_Free__new_delete_array_wchar_t_63b.cpp	55
/home/swlab-jueon/swvul/tools/java-vuln-detection/slicing/output/CPG/c/cwe416_cpg/cwe416-285-cpg-resolved.bin	tc285_flow3	CWE416_Use_After_Free__new_delete_array_wchar_t_63a.cpp	59	CWE416_Use_After_Free__new_delete_array_wchar_t_63b.cpp	44
/home/swlab-jueon/swvul/tools/java-vuln-detection/slicing/output/CPG/c/cwe416_cpg/cwe416-286-cpg-resolved.bin	tc286_flow1	CWE416_Use_After_Free__new_delete_array_wchar_t_64a.cpp	39	CWE416_Use_After_Free__new_delete_array_wchar_t_64b.cpp	34
/home/swlab-jueon/swvul/tools/java-vuln-detection/slicing/output/CPG/c/cwe416_cpg/cwe416-286-cpg-resolved.bin	tc286_flow2	CWE416_Use_After_Free__new_delete_array_wchar_t_64a.cpp	74	CWE416_Use_After_Free__new_delete_array_wchar_t_64b.cpp	64
/home/swlab-jueon/swvul/tools/java-vuln-detection/slicing/output/CPG/c/cwe416_cpg/cwe416-286-cpg-resolved.bin	tc286_flow3	CWE416_Use_After_Free__new_delete_array_wchar_t_64a.cpp	59	CWE416_Use_After_Free__new_delete_array_wchar_t_64b.cpp	50
/home/swlab-jueon/swvul/tools/java-vuln-detection/slicing/output/CPG/c/cwe416_cpg/cwe416-287-cpg-resolved.bin	tc287_flow1	CWE416_Use_After_Free__new_delete_char_01.cpp	35	CWE416_Use_After_Free__new_delete_char_01.cpp	37
/home/swlab-jueon/swvul/tools/java-vuln-detection/slicing/output/CPG/c/cwe416_cpg/cwe416-287-cpg-resolved.bin	tc287_flow2	CWE416_Use_After_Free__new_delete_char_01.cpp	68	CWE416_Use_After_Free__new_delete_char_01.cpp	72
/home/swlab-jueon/swvul/tools/java-vuln-detection/slicing/output/CPG/c/cwe416_cpg/cwe416-288-cpg-resolved.bin	tc288_flow1	CWE416_Use_After_Free__new_delete_char_02.cpp	37	CWE416_Use_After_Free__new_delete_char_02.cpp	42
/home/swlab-jueon/swvul/tools/java-vuln-detection/slicing/output/CPG/c/cwe416_cpg/cwe416-288-cpg-resolved.bin	tc288_flow2	CWE416_Use_After_Free__new_delete_char_02.cpp	62	CWE416_Use_After_Free__new_delete_char_02.cpp	74
/home/swlab-jueon/swvul/tools/java-vuln-detection/slicing/output/CPG/c/cwe416_cpg/cwe416-288-cpg-resolved.bin	tc288_flow3	CWE416_Use_After_Free__new_delete_char_02.cpp	89	CWE416_Use_After_Free__new_delete_char_02.cpp	96
/home/swlab-jueon/swvul/tools/java-vuln-detection/slicing/output/CPG/c/cwe416_cpg/cwe416-289-cpg-resolved.bin	tc289_flow1	CWE416_Use_After_Free__new_delete_char_03.cpp	37	CWE416_Use_After_Free__new_delete_char_03.cpp	42
/home/swlab-jueon/swvul/tools/java-vuln-detection/slicing/output/CPG/c/cwe416_cpg/cwe416-289-cpg-resolved.bin	tc289_flow2	CWE416_Use_After_Free__new_delete_char_03.cpp	62	CWE416_Use_After_Free__new_delete_char_03.cpp	74
/home/swlab-jueon/swvul/tools/java-vuln-detection/slicing/output/CPG/c/cwe416_cpg/cwe416-289-cpg-resolved.bin	tc289_flow3	CWE416_Use_After_Free__new_delete_char_03.cpp	89	CWE416_Use_After_Free__new_delete_char_03.cpp	96
/home/swlab-jueon/swvul/tools/java-vuln-detection/slicing/output/CPG/c/cwe416_cpg/cwe416-290-cpg-resolved.bin	tc290_flow1	CWE416_Use_After_Free__new_delete_char_04.cpp	43	CWE416_Use_After_Free__new_delete_char_04.cpp	48
/home/swlab-jueon/swvul/tools/java-vuln-detection/slicing/output/CPG/c/cwe416_cpg/cwe416-290-cpg-resolved.bin	tc290_flow2	CWE416_Use_After_Free__new_delete_char_04.cpp	68	CWE416_Use_After_Free__new_delete_char_04.cpp	80
/home/swlab-jueon/swvul/tools/java-vuln-detection/slicing/output/CPG/c/cwe416_cpg/cwe416-290-cpg-resolved.bin	tc290_flow3	CWE416_Use_After_Free__new_delete_char_04.cpp	95	CWE416_Use_After_Free__new_delete_char_04.cpp	102
/home/swlab-jueon/swvul/tools/java-vuln-detection/slicing/output/CPG/c/cwe416_cpg/cwe416-291-cpg-resolved.bin	tc291_flow1	CWE416_Use_After_Free__new_delete_char_05.cpp	43	CWE416_Use_After_Free__new_delete_char_05.cpp	48
/home/swlab-jueon/swvul/tools/java-vuln-detection/slicing/output/CPG/c/cwe416_cpg/cwe416-291-cpg-resolved.bin	tc291_flow2	CWE416_Use_After_Free__new_delete_char_05.cpp	68	CWE416_Use_After_Free__new_delete_char_05.cpp	80
/home/swlab-jueon/swvul/tools/java-vuln-detection/slicing/output/CPG/c/cwe416_cpg/cwe416-291-cpg-resolved.bin	tc291_flow3	CWE416_Use_After_Free__new_delete_char_05.cpp	95	CWE416_Use_After_Free__new_delete_char_05.cpp	102
/home/swlab-jueon/swvul/tools/java-vuln-detection/slicing/output/CPG/c/cwe416_cpg/cwe416-292-cpg-resolved.bin	tc292_flow1	CWE416_Use_After_Free__new_delete_char_06.cpp	42	CWE416_Use_After_Free__new_delete_char_06.cpp	47
/home/swlab-jueon/swvul/tools/java-vuln-detection/slicing/output/CPG/c/cwe416_cpg/cwe416-292-cpg-resolved.bin	tc292_flow2	CWE416_Use_After_Free__new_delete_char_06.cpp	67	CWE416_Use_After_Free__new_delete_char_06.cpp	79
/home/swlab-jueon/swvul/tools/java-vuln-detection/slicing/output/CPG/c/cwe416_cpg/cwe416-292-cpg-resolved.bin	tc292_flow3	CWE416_Use_After_Free__new_delete_char_06.cpp	94	CWE416_Use_After_Free__new_delete_char_06.cpp	101
/home/swlab-jueon/swvul/tools/java-vuln-detection/slicing/output/CPG/c/cwe416_cpg/cwe416-293-cpg-resolved.bin	tc293_flow1	CWE416_Use_After_Free__new_delete_char_07.cpp	42	CWE416_Use_After_Free__new_delete_char_07.cpp	47
/home/swlab-jueon/swvul/tools/java-vuln-detection/slicing/output/CPG/c/cwe416_cpg/cwe416-293-cpg-resolved.bin	tc293_flow2	CWE416_Use_After_Free__new_delete_char_07.cpp	67	CWE416_Use_After_Free__new_delete_char_07.cpp	79
/home/swlab-jueon/swvul/tools/java-vuln-detection/slicing/output/CPG/c/cwe416_cpg/cwe416-293-cpg-resolved.bin	tc293_flow3	CWE416_Use_After_Free__new_delete_char_07.cpp	94	CWE416_Use_After_Free__new_delete_char_07.cpp	101
/home/swlab-jueon/swvul/tools/java-vuln-detection/slicing/output/CPG/c/cwe416_cpg/cwe416-294-cpg-resolved.bin	tc294_flow1	CWE416_Use_After_Free__new_delete_char_08.cpp	50	CWE416_Use_After_Free__new_delete_char_08.cpp	55
/home/swlab-jueon/swvul/tools/java-vuln-detection/slicing/output/CPG/c/cwe416_cpg/cwe416-294-cpg-resolved.bin	tc294_flow2	CWE416_Use_After_Free__new_delete_char_08.cpp	75	CWE416_Use_After_Free__new_delete_char_08.cpp	87
/home/swlab-jueon/swvul/tools/java-vuln-detection/slicing/output/CPG/c/cwe416_cpg/cwe416-294-cpg-resolved.bin	tc294_flow3	CWE416_Use_After_Free__new_delete_char_08.cpp	102	CWE416_Use_After_Free__new_delete_char_08.cpp	109
/home/swlab-jueon/swvul/tools/java-vuln-detection/slicing/output/CPG/c/cwe416_cpg/cwe416-295-cpg-resolved.bin	tc295_flow1	CWE416_Use_After_Free__new_delete_char_09.cpp	37	CWE416_Use_After_Free__new_delete_char_09.cpp	42
/home/swlab-jueon/swvul/tools/java-vuln-detection/slicing/output/CPG/c/cwe416_cpg/cwe416-295-cpg-resolved.bin	tc295_flow2	CWE416_Use_After_Free__new_delete_char_09.cpp	62	CWE416_Use_After_Free__new_delete_char_09.cpp	74
/home/swlab-jueon/swvul/tools/java-vuln-detection/slicing/output/CPG/c/cwe416_cpg/cwe416-295-cpg-resolved.bin	tc295_flow3	CWE416_Use_After_Free__new_delete_char_09.cpp	89	CWE416_Use_After_Free__new_delete_char_09.cpp	96
/home/swlab-jueon/swvul/tools/java-vuln-detection/slicing/output/CPG/c/cwe416_cpg/cwe416-296-cpg-resolved.bin	tc296_flow1	CWE416_Use_After_Free__new_delete_char_10.cpp	37	CWE416_Use_After_Free__new_delete_char_10.cpp	42
/home/swlab-jueon/swvul/tools/java-vuln-detection/slicing/output/CPG/c/cwe416_cpg/cwe416-296-cpg-resolved.bin	tc296_flow2	CWE416_Use_After_Free__new_delete_char_10.cpp	62	CWE416_Use_After_Free__new_delete_char_10.cpp	74
/home/swlab-jueon/swvul/tools/java-vuln-detection/slicing/output/CPG/c/cwe416_cpg/cwe416-296-cpg-resolved.bin	tc296_flow3	CWE416_Use_After_Free__new_delete_char_10.cpp	89	CWE416_Use_After_Free__new_delete_char_10.cpp	96
/home/swlab-jueon/swvul/tools/java-vuln-detection/slicing/output/CPG/c/cwe416_cpg/cwe416-297-cpg-resolved.bin	tc297_flow1	CWE416_Use_After_Free__new_delete_char_11.cpp	36	CWE416_Use_After_Free__new_delete_char_11.cpp	41
/home/swlab-jueon/swvul/tools/java-vuln-detection/slicing/output/CPG/c/cwe416_cpg/cwe416-297-cpg-resolved.bin	tc297_flow2	CWE416_Use_After_Free__new_delete_char_11.cpp	61	CWE416_Use_After_Free__new_delete_char_11.cpp	73
/home/swlab-jueon/swvul/tools/java-vuln-detection/slicing/output/CPG/c/cwe416_cpg/cwe416-297-cpg-resolved.bin	tc297_flow3	CWE416_Use_After_Free__new_delete_char_11.cpp	88	CWE416_Use_After_Free__new_delete_char_11.cpp	95
/home/swlab-jueon/swvul/tools/java-vuln-detection/slicing/output/CPG/c/cwe416_cpg/cwe416-298-cpg-resolved.bin	tc298_flow2	CWE416_Use_After_Free__new_delete_char_12.cpp	76	CWE416_Use_After_Free__new_delete_char_12.cpp	97
/home/swlab-jueon/swvul/tools/java-vuln-detection/slicing/output/CPG/c/cwe416_cpg/cwe416-299-cpg-resolved.bin	tc299_flow1	CWE416_Use_After_Free__new_delete_char_13.cpp	36	CWE416_Use_After_Free__new_delete_char_13.cpp	41
/home/swlab-jueon/swvul/tools/java-vuln-detection/slicing/output/CPG/c/cwe416_cpg/cwe416-299-cpg-resolved.bin	tc299_flow2	CWE416_Use_After_Free__new_delete_char_13.cpp	61	CWE416_Use_After_Free__new_delete_char_13.cpp	73
/home/swlab-jueon/swvul/tools/java-vuln-detection/slicing/output/CPG/c/cwe416_cpg/cwe416-299-cpg-resolved.bin	tc299_flow3	CWE416_Use_After_Free__new_delete_char_13.cpp	88	CWE416_Use_After_Free__new_delete_char_13.cpp	95
/home/swlab-jueon/swvul/tools/java-vuln-detection/slicing/output/CPG/c/cwe416_cpg/cwe416-300-cpg-resolved.bin	tc300_flow1	CWE416_Use_After_Free__new_delete_char_14.cpp	36	CWE416_Use_After_Free__new_delete_char_14.cpp	41
/home/swlab-jueon/swvul/tools/java-vuln-detection/slicing/output/CPG/c/cwe416_cpg/cwe416-300-cpg-resolved.bin	tc300_flow2	CWE416_Use_After_Free__new_delete_char_14.cpp	61	CWE416_Use_After_Free__new_delete_char_14.cpp	73
/home/swlab-jueon/swvul/tools/java-vuln-detection/slicing/output/CPG/c/cwe416_cpg/cwe416-300-cpg-resolved.bin	tc300_flow3	CWE416_Use_After_Free__new_delete_char_14.cpp	88	CWE416_Use_After_Free__new_delete_char_14.cpp	95
/home/swlab-jueon/swvul/tools/java-vuln-detection/slicing/output/CPG/c/cwe416_cpg/cwe416-301-cpg-resolved.bin	tc301_flow1	CWE416_Use_After_Free__new_delete_char_15.cpp	37	CWE416_Use_After_Free__new_delete_char_15.cpp	48
/home/swlab-jueon/swvul/tools/java-vuln-detection/slicing/output/CPG/c/cwe416_cpg/cwe416-301-cpg-resolved.bin	tc301_flow2	CWE416_Use_After_Free__new_delete_char_15.cpp	74	CWE416_Use_After_Free__new_delete_char_15.cpp	91
/home/swlab-jueon/swvul/tools/java-vuln-detection/slicing/output/CPG/c/cwe416_cpg/cwe416-301-cpg-resolved.bin	tc301_flow3	CWE416_Use_After_Free__new_delete_char_15.cpp	108	CWE416_Use_After_Free__new_delete_char_15.cpp	121
/home/swlab-jueon/swvul/tools/java-vuln-detection/slicing/output/CPG/c/cwe416_cpg/cwe416-301-cpg-resolved.bin	tc301_flow4	CWE416_Use_After_Free__new_delete_char_15.cpp	146	CWE416_Use_After_Free__new_delete_char_15.cpp	152
/home/swlab-jueon/swvul/tools/java-vuln-detection/slicing/output/CPG/c/cwe416_cpg/cwe416-301-cpg-resolved.bin	tc301_flow5	CWE416_Use_After_Free__new_delete_char_15.cpp	174	CWE416_Use_After_Free__new_delete_char_15.cpp	184
/home/swlab-jueon/swvul/tools/java-vuln-detection/slicing/output/CPG/c/cwe416_cpg/cwe416-302-cpg-resolved.bin	tc302_flow1	CWE416_Use_After_Free__new_delete_char_16.cpp	36	CWE416_Use_After_Free__new_delete_char_16.cpp	42
/home/swlab-jueon/swvul/tools/java-vuln-detection/slicing/output/CPG/c/cwe416_cpg/cwe416-302-cpg-resolved.bin	tc302_flow2	CWE416_Use_After_Free__new_delete_char_16.cpp	63	CWE416_Use_After_Free__new_delete_char_16.cpp	71
/home/swlab-jueon/swvul/tools/java-vuln-detection/slicing/output/CPG/c/cwe416_cpg/cwe416-302-cpg-resolved.bin	tc302_flow3	CWE416_Use_After_Free__new_delete_char_16.cpp	87	CWE416_Use_After_Free__new_delete_char_16.cpp	92
/home/swlab-jueon/swvul/tools/java-vuln-detection/slicing/output/CPG/c/cwe416_cpg/cwe416-303-cpg-resolved.bin	tc303_flow1	CWE416_Use_After_Free__new_delete_char_17.cpp	37	CWE416_Use_After_Free__new_delete_char_17.cpp	42
/home/swlab-jueon/swvul/tools/java-vuln-detection/slicing/output/CPG/c/cwe416_cpg/cwe416-303-cpg-resolved.bin	tc303_flow2	CWE416_Use_After_Free__new_delete_char_17.cpp	63	CWE416_Use_After_Free__new_delete_char_17.cpp	70
/home/swlab-jueon/swvul/tools/java-vuln-detection/slicing/output/CPG/c/cwe416_cpg/cwe416-304-cpg-resolved.bin	tc304_flow1	CWE416_Use_After_Free__new_delete_char_18.cpp	36	CWE416_Use_After_Free__new_delete_char_18.cpp	40
/home/swlab-jueon/swvul/tools/java-vuln-detection/slicing/output/CPG/c/cwe416_cpg/cwe416-304-cpg-resolved.bin	tc304_flow2	CWE416_Use_After_Free__new_delete_char_18.cpp	59	CWE416_Use_After_Free__new_delete_char_18.cpp	65
/home/swlab-jueon/swvul/tools/java-vuln-detection/slicing/output/CPG/c/cwe416_cpg/cwe416-304-cpg-resolved.bin	tc304_flow3	CWE416_Use_After_Free__new_delete_char_18.cpp	79	CWE416_Use_After_Free__new_delete_char_18.cpp	82
/home/swlab-jueon/swvul/tools/java-vuln-detection/slicing/output/CPG/c/cwe416_cpg/cwe416-305-cpg-resolved.bin	tc305_flow1	CWE416_Use_After_Free__new_delete_char_43.cpp	32	CWE416_Use_After_Free__new_delete_char_43.cpp	42
/home/swlab-jueon/swvul/tools/java-vuln-detection/slicing/output/CPG/c/cwe416_cpg/cwe416-305-cpg-resolved.bin	tc305_flow2	CWE416_Use_After_Free__new_delete_char_43.cpp	75	CWE416_Use_After_Free__new_delete_char_43.cpp	87
/home/swlab-jueon/swvul/tools/java-vuln-detection/slicing/output/CPG/c/cwe416_cpg/cwe416-306-cpg-resolved.bin	tc306_flow1	CWE416_Use_After_Free__new_delete_char_62b.cpp	32	CWE416_Use_After_Free__new_delete_char_62a.cpp	37
/home/swlab-jueon/swvul/tools/java-vuln-detection/slicing/output/CPG/c/cwe416_cpg/cwe416-306-cpg-resolved.bin	tc306_flow2	CWE416_Use_After_Free__new_delete_char_62b.cpp	53	CWE416_Use_After_Free__new_delete_char_62a.cpp	71
/home/swlab-jueon/swvul/tools/java-vuln-detection/slicing/output/CPG/c/cwe416_cpg/cwe416-307-cpg-resolved.bin	tc307_flow1	CWE416_Use_After_Free__new_delete_char_63a.cpp	38	CWE416_Use_After_Free__new_delete_char_63b.cpp	31
/home/swlab-jueon/swvul/tools/java-vuln-detection/slicing/output/CPG/c/cwe416_cpg/cwe416-307-cpg-resolved.bin	tc307_flow2	CWE416_Use_After_Free__new_delete_char_63a.cpp	71	CWE416_Use_After_Free__new_delete_char_63b.cpp	55
/home/swlab-jueon/swvul/tools/java-vuln-detection/slicing/output/CPG/c/cwe416_cpg/cwe416-307-cpg-resolved.bin	tc307_flow3	CWE416_Use_After_Free__new_delete_char_63a.cpp	57	CWE416_Use_After_Free__new_delete_char_63b.cpp	44
/home/swlab-jueon/swvul/tools/java-vuln-detection/slicing/output/CPG/c/cwe416_cpg/cwe416-308-cpg-resolved.bin	tc308_flow1	CWE416_Use_After_Free__new_delete_char_64a.cpp	38	CWE416_Use_After_Free__new_delete_char_64b.cpp	34
/home/swlab-jueon/swvul/tools/java-vuln-detection/slicing/output/CPG/c/cwe416_cpg/cwe416-308-cpg-resolved.bin	tc308_flow2	CWE416_Use_After_Free__new_delete_char_64a.cpp	71	CWE416_Use_After_Free__new_delete_char_64b.cpp	64
/home/swlab-jueon/swvul/tools/java-vuln-detection/slicing/output/CPG/c/cwe416_cpg/cwe416-308-cpg-resolved.bin	tc308_flow3	CWE416_Use_After_Free__new_delete_char_64a.cpp	57	CWE416_Use_After_Free__new_delete_char_64b.cpp	50
/home/swlab-jueon/swvul/tools/java-vuln-detection/slicing/output/CPG/c/cwe416_cpg/cwe416-309-cpg-resolved.bin	tc309_flow1	CWE416_Use_After_Free__new_delete_class_01.cpp	36	CWE416_Use_After_Free__new_delete_class_01.cpp	38
/home/swlab-jueon/swvul/tools/java-vuln-detection/slicing/output/CPG/c/cwe416_cpg/cwe416-309-cpg-resolved.bin	tc309_flow2	CWE416_Use_After_Free__new_delete_class_01.cpp	71	CWE416_Use_After_Free__new_delete_class_01.cpp	75
/home/swlab-jueon/swvul/tools/java-vuln-detection/slicing/output/CPG/c/cwe416_cpg/cwe416-310-cpg-resolved.bin	tc310_flow1	CWE416_Use_After_Free__new_delete_class_02.cpp	38	CWE416_Use_After_Free__new_delete_class_02.cpp	43
/home/swlab-jueon/swvul/tools/java-vuln-detection/slicing/output/CPG/c/cwe416_cpg/cwe416-310-cpg-resolved.bin	tc310_flow2	CWE416_Use_After_Free__new_delete_class_02.cpp	64	CWE416_Use_After_Free__new_delete_class_02.cpp	76
/home/swlab-jueon/swvul/tools/java-vuln-detection/slicing/output/CPG/c/cwe416_cpg/cwe416-310-cpg-resolved.bin	tc310_flow3	CWE416_Use_After_Free__new_delete_class_02.cpp	92	CWE416_Use_After_Free__new_delete_class_02.cpp	99
/home/swlab-jueon/swvul/tools/java-vuln-detection/slicing/output/CPG/c/cwe416_cpg/cwe416-311-cpg-resolved.bin	tc311_flow1	CWE416_Use_After_Free__new_delete_class_03.cpp	38	CWE416_Use_After_Free__new_delete_class_03.cpp	43
/home/swlab-jueon/swvul/tools/java-vuln-detection/slicing/output/CPG/c/cwe416_cpg/cwe416-311-cpg-resolved.bin	tc311_flow2	CWE416_Use_After_Free__new_delete_class_03.cpp	64	CWE416_Use_After_Free__new_delete_class_03.cpp	76
/home/swlab-jueon/swvul/tools/java-vuln-detection/slicing/output/CPG/c/cwe416_cpg/cwe416-311-cpg-resolved.bin	tc311_flow3	CWE416_Use_After_Free__new_delete_class_03.cpp	92	CWE416_Use_After_Free__new_delete_class_03.cpp	99
/home/swlab-jueon/swvul/tools/java-vuln-detection/slicing/output/CPG/c/cwe416_cpg/cwe416-312-cpg-resolved.bin	tc312_flow1	CWE416_Use_After_Free__new_delete_class_04.cpp	44	CWE416_Use_After_Free__new_delete_class_04.cpp	49
/home/swlab-jueon/swvul/tools/java-vuln-detection/slicing/output/CPG/c/cwe416_cpg/cwe416-312-cpg-resolved.bin	tc312_flow2	CWE416_Use_After_Free__new_delete_class_04.cpp	70	CWE416_Use_After_Free__new_delete_class_04.cpp	82
/home/swlab-jueon/swvul/tools/java-vuln-detection/slicing/output/CPG/c/cwe416_cpg/cwe416-312-cpg-resolved.bin	tc312_flow3	CWE416_Use_After_Free__new_delete_class_04.cpp	98	CWE416_Use_After_Free__new_delete_class_04.cpp	105
/home/swlab-jueon/swvul/tools/java-vuln-detection/slicing/output/CPG/c/cwe416_cpg/cwe416-313-cpg-resolved.bin	tc313_flow1	CWE416_Use_After_Free__new_delete_class_05.cpp	44	CWE416_Use_After_Free__new_delete_class_05.cpp	49
/home/swlab-jueon/swvul/tools/java-vuln-detection/slicing/output/CPG/c/cwe416_cpg/cwe416-313-cpg-resolved.bin	tc313_flow2	CWE416_Use_After_Free__new_delete_class_05.cpp	70	CWE416_Use_After_Free__new_delete_class_05.cpp	82
/home/swlab-jueon/swvul/tools/java-vuln-detection/slicing/output/CPG/c/cwe416_cpg/cwe416-313-cpg-resolved.bin	tc313_flow3	CWE416_Use_After_Free__new_delete_class_05.cpp	98	CWE416_Use_After_Free__new_delete_class_05.cpp	105
/home/swlab-jueon/swvul/tools/java-vuln-detection/slicing/output/CPG/c/cwe416_cpg/cwe416-314-cpg-resolved.bin	tc314_flow1	CWE416_Use_After_Free__new_delete_class_06.cpp	43	CWE416_Use_After_Free__new_delete_class_06.cpp	48
/home/swlab-jueon/swvul/tools/java-vuln-detection/slicing/output/CPG/c/cwe416_cpg/cwe416-314-cpg-resolved.bin	tc314_flow2	CWE416_Use_After_Free__new_delete_class_06.cpp	69	CWE416_Use_After_Free__new_delete_class_06.cpp	81
/home/swlab-jueon/swvul/tools/java-vuln-detection/slicing/output/CPG/c/cwe416_cpg/cwe416-314-cpg-resolved.bin	tc314_flow3	CWE416_Use_After_Free__new_delete_class_06.cpp	97	CWE416_Use_After_Free__new_delete_class_06.cpp	104
/home/swlab-jueon/swvul/tools/java-vuln-detection/slicing/output/CPG/c/cwe416_cpg/cwe416-315-cpg-resolved.bin	tc315_flow1	CWE416_Use_After_Free__new_delete_class_07.cpp	43	CWE416_Use_After_Free__new_delete_class_07.cpp	48
/home/swlab-jueon/swvul/tools/java-vuln-detection/slicing/output/CPG/c/cwe416_cpg/cwe416-315-cpg-resolved.bin	tc315_flow2	CWE416_Use_After_Free__new_delete_class_07.cpp	69	CWE416_Use_After_Free__new_delete_class_07.cpp	81
/home/swlab-jueon/swvul/tools/java-vuln-detection/slicing/output/CPG/c/cwe416_cpg/cwe416-315-cpg-resolved.bin	tc315_flow3	CWE416_Use_After_Free__new_delete_class_07.cpp	97	CWE416_Use_After_Free__new_delete_class_07.cpp	104
/home/swlab-jueon/swvul/tools/java-vuln-detection/slicing/output/CPG/c/cwe416_cpg/cwe416-316-cpg-resolved.bin	tc316_flow1	CWE416_Use_After_Free__new_delete_class_08.cpp	51	CWE416_Use_After_Free__new_delete_class_08.cpp	56
/home/swlab-jueon/swvul/tools/java-vuln-detection/slicing/output/CPG/c/cwe416_cpg/cwe416-316-cpg-resolved.bin	tc316_flow2	CWE416_Use_After_Free__new_delete_class_08.cpp	77	CWE416_Use_After_Free__new_delete_class_08.cpp	89
/home/swlab-jueon/swvul/tools/java-vuln-detection/slicing/output/CPG/c/cwe416_cpg/cwe416-316-cpg-resolved.bin	tc316_flow3	CWE416_Use_After_Free__new_delete_class_08.cpp	105	CWE416_Use_After_Free__new_delete_class_08.cpp	112
/home/swlab-jueon/swvul/tools/java-vuln-detection/slicing/output/CPG/c/cwe416_cpg/cwe416-317-cpg-resolved.bin	tc317_flow1	CWE416_Use_After_Free__new_delete_class_09.cpp	38	CWE416_Use_After_Free__new_delete_class_09.cpp	43
/home/swlab-jueon/swvul/tools/java-vuln-detection/slicing/output/CPG/c/cwe416_cpg/cwe416-317-cpg-resolved.bin	tc317_flow2	CWE416_Use_After_Free__new_delete_class_09.cpp	64	CWE416_Use_After_Free__new_delete_class_09.cpp	76
/home/swlab-jueon/swvul/tools/java-vuln-detection/slicing/output/CPG/c/cwe416_cpg/cwe416-317-cpg-resolved.bin	tc317_flow3	CWE416_Use_After_Free__new_delete_class_09.cpp	92	CWE416_Use_After_Free__new_delete_class_09.cpp	99
/home/swlab-jueon/swvul/tools/java-vuln-detection/slicing/output/CPG/c/cwe416_cpg/cwe416-318-cpg-resolved.bin	tc318_flow1	CWE416_Use_After_Free__new_delete_class_10.cpp	38	CWE416_Use_After_Free__new_delete_class_10.cpp	43
/home/swlab-jueon/swvul/tools/java-vuln-detection/slicing/output/CPG/c/cwe416_cpg/cwe416-318-cpg-resolved.bin	tc318_flow2	CWE416_Use_After_Free__new_delete_class_10.cpp	64	CWE416_Use_After_Free__new_delete_class_10.cpp	76
/home/swlab-jueon/swvul/tools/java-vuln-detection/slicing/output/CPG/c/cwe416_cpg/cwe416-318-cpg-resolved.bin	tc318_flow3	CWE416_Use_After_Free__new_delete_class_10.cpp	92	CWE416_Use_After_Free__new_delete_class_10.cpp	99
/home/swlab-jueon/swvul/tools/java-vuln-detection/slicing/output/CPG/c/cwe416_cpg/cwe416-319-cpg-resolved.bin	tc319_flow1	CWE416_Use_After_Free__new_delete_class_11.cpp	37	CWE416_Use_After_Free__new_delete_class_11.cpp	42
/home/swlab-jueon/swvul/tools/java-vuln-detection/slicing/output/CPG/c/cwe416_cpg/cwe416-319-cpg-resolved.bin	tc319_flow2	CWE416_Use_After_Free__new_delete_class_11.cpp	63	CWE416_Use_After_Free__new_delete_class_11.cpp	75
/home/swlab-jueon/swvul/tools/java-vuln-detection/slicing/output/CPG/c/cwe416_cpg/cwe416-319-cpg-resolved.bin	tc319_flow3	CWE416_Use_After_Free__new_delete_class_11.cpp	91	CWE416_Use_After_Free__new_delete_class_11.cpp	98
/home/swlab-jueon/swvul/tools/java-vuln-detection/slicing/output/CPG/c/cwe416_cpg/cwe416-320-cpg-resolved.bin	tc320_flow2	CWE416_Use_After_Free__new_delete_class_12.cpp	79	CWE416_Use_After_Free__new_delete_class_12.cpp	101
/home/swlab-jueon/swvul/tools/java-vuln-detection/slicing/output/CPG/c/cwe416_cpg/cwe416-321-cpg-resolved.bin	tc321_flow1	CWE416_Use_After_Free__new_delete_class_13.cpp	37	CWE416_Use_After_Free__new_delete_class_13.cpp	42
/home/swlab-jueon/swvul/tools/java-vuln-detection/slicing/output/CPG/c/cwe416_cpg/cwe416-321-cpg-resolved.bin	tc321_flow2	CWE416_Use_After_Free__new_delete_class_13.cpp	63	CWE416_Use_After_Free__new_delete_class_13.cpp	75
/home/swlab-jueon/swvul/tools/java-vuln-detection/slicing/output/CPG/c/cwe416_cpg/cwe416-321-cpg-resolved.bin	tc321_flow3	CWE416_Use_After_Free__new_delete_class_13.cpp	91	CWE416_Use_After_Free__new_delete_class_13.cpp	98
/home/swlab-jueon/swvul/tools/java-vuln-detection/slicing/output/CPG/c/cwe416_cpg/cwe416-322-cpg-resolved.bin	tc322_flow1	CWE416_Use_After_Free__new_delete_class_14.cpp	37	CWE416_Use_After_Free__new_delete_class_14.cpp	42
/home/swlab-jueon/swvul/tools/java-vuln-detection/slicing/output/CPG/c/cwe416_cpg/cwe416-322-cpg-resolved.bin	tc322_flow2	CWE416_Use_After_Free__new_delete_class_14.cpp	63	CWE416_Use_After_Free__new_delete_class_14.cpp	75
/home/swlab-jueon/swvul/tools/java-vuln-detection/slicing/output/CPG/c/cwe416_cpg/cwe416-322-cpg-resolved.bin	tc322_flow3	CWE416_Use_After_Free__new_delete_class_14.cpp	91	CWE416_Use_After_Free__new_delete_class_14.cpp	98
/home/swlab-jueon/swvul/tools/java-vuln-detection/slicing/output/CPG/c/cwe416_cpg/cwe416-323-cpg-resolved.bin	tc323_flow1	CWE416_Use_After_Free__new_delete_class_15.cpp	38	CWE416_Use_After_Free__new_delete_class_15.cpp	49
/home/swlab-jueon/swvul/tools/java-vuln-detection/slicing/output/CPG/c/cwe416_cpg/cwe416-323-cpg-resolved.bin	tc323_flow2	CWE416_Use_After_Free__new_delete_class_15.cpp	76	CWE416_Use_After_Free__new_delete_class_15.cpp	93
/home/swlab-jueon/swvul/tools/java-vuln-detection/slicing/output/CPG/c/cwe416_cpg/cwe416-323-cpg-resolved.bin	tc323_flow3	CWE416_Use_After_Free__new_delete_class_15.cpp	111	CWE416_Use_After_Free__new_delete_class_15.cpp	124
/home/swlab-jueon/swvul/tools/java-vuln-detection/slicing/output/CPG/c/cwe416_cpg/cwe416-323-cpg-resolved.bin	tc323_flow4	CWE416_Use_After_Free__new_delete_class_15.cpp	150	CWE416_Use_After_Free__new_delete_class_15.cpp	156
/home/swlab-jueon/swvul/tools/java-vuln-detection/slicing/output/CPG/c/cwe416_cpg/cwe416-323-cpg-resolved.bin	tc323_flow5	CWE416_Use_After_Free__new_delete_class_15.cpp	179	CWE416_Use_After_Free__new_delete_class_15.cpp	189
/home/swlab-jueon/swvul/tools/java-vuln-detection/slicing/output/CPG/c/cwe416_cpg/cwe416-324-cpg-resolved.bin	tc324_flow1	CWE416_Use_After_Free__new_delete_class_16.cpp	37	CWE416_Use_After_Free__new_delete_class_16.cpp	43
/home/swlab-jueon/swvul/tools/java-vuln-detection/slicing/output/CPG/c/cwe416_cpg/cwe416-324-cpg-resolved.bin	tc324_flow2	CWE416_Use_After_Free__new_delete_class_16.cpp	65	CWE416_Use_After_Free__new_delete_class_16.cpp	73
/home/swlab-jueon/swvul/tools/java-vuln-detection/slicing/output/CPG/c/cwe416_cpg/cwe416-324-cpg-resolved.bin	tc324_flow3	CWE416_Use_After_Free__new_delete_class_16.cpp	90	CWE416_Use_After_Free__new_delete_class_16.cpp	95
/home/swlab-jueon/swvul/tools/java-vuln-detection/slicing/output/CPG/c/cwe416_cpg/cwe416-325-cpg-resolved.bin	tc325_flow1	CWE416_Use_After_Free__new_delete_class_17.cpp	38	CWE416_Use_After_Free__new_delete_class_17.cpp	43
/home/swlab-jueon/swvul/tools/java-vuln-detection/slicing/output/CPG/c/cwe416_cpg/cwe416-325-cpg-resolved.bin	tc325_flow2	CWE416_Use_After_Free__new_delete_class_17.cpp	65	CWE416_Use_After_Free__new_delete_class_17.cpp	72
/home/swlab-jueon/swvul/tools/java-vuln-detection/slicing/output/CPG/c/cwe416_cpg/cwe416-326-cpg-resolved.bin	tc326_flow1	CWE416_Use_After_Free__new_delete_class_18.cpp	37	CWE416_Use_After_Free__new_delete_class_18.cpp	41
/home/swlab-jueon/swvul/tools/java-vuln-detection/slicing/output/CPG/c/cwe416_cpg/cwe416-326-cpg-resolved.bin	tc326_flow2	CWE416_Use_After_Free__new_delete_class_18.cpp	61	CWE416_Use_After_Free__new_delete_class_18.cpp	67
/home/swlab-jueon/swvul/tools/java-vuln-detection/slicing/output/CPG/c/cwe416_cpg/cwe416-326-cpg-resolved.bin	tc326_flow3	CWE416_Use_After_Free__new_delete_class_18.cpp	82	CWE416_Use_After_Free__new_delete_class_18.cpp	85
/home/swlab-jueon/swvul/tools/java-vuln-detection/slicing/output/CPG/c/cwe416_cpg/cwe416-327-cpg-resolved.bin	tc327_flow1	CWE416_Use_After_Free__new_delete_class_43.cpp	33	CWE416_Use_After_Free__new_delete_class_43.cpp	43
/home/swlab-jueon/swvul/tools/java-vuln-detection/slicing/output/CPG/c/cwe416_cpg/cwe416-327-cpg-resolved.bin	tc327_flow2	CWE416_Use_After_Free__new_delete_class_43.cpp	78	CWE416_Use_After_Free__new_delete_class_43.cpp	90
/home/swlab-jueon/swvul/tools/java-vuln-detection/slicing/output/CPG/c/cwe416_cpg/cwe416-328-cpg-resolved.bin	tc328_flow1	CWE416_Use_After_Free__new_delete_class_62b.cpp	33	CWE416_Use_After_Free__new_delete_class_62a.cpp	37
/home/swlab-jueon/swvul/tools/java-vuln-detection/slicing/output/CPG/c/cwe416_cpg/cwe416-328-cpg-resolved.bin	tc328_flow2	CWE416_Use_After_Free__new_delete_class_62b.cpp	56	CWE416_Use_After_Free__new_delete_class_62a.cpp	71
/home/swlab-jueon/swvul/tools/java-vuln-detection/slicing/output/CPG/c/cwe416_cpg/cwe416-329-cpg-resolved.bin	tc329_flow1	CWE416_Use_After_Free__new_delete_class_63a.cpp	39	CWE416_Use_After_Free__new_delete_class_63b.cpp	31
/home/swlab-jueon/swvul/tools/java-vuln-detection/slicing/output/CPG/c/cwe416_cpg/cwe416-329-cpg-resolved.bin	tc329_flow2	CWE416_Use_After_Free__new_delete_class_63a.cpp	74	CWE416_Use_After_Free__new_delete_class_63b.cpp	55
/home/swlab-jueon/swvul/tools/java-vuln-detection/slicing/output/CPG/c/cwe416_cpg/cwe416-329-cpg-resolved.bin	tc329_flow3	CWE416_Use_After_Free__new_delete_class_63a.cpp	59	CWE416_Use_After_Free__new_delete_class_63b.cpp	44
/home/swlab-jueon/swvul/tools/java-vuln-detection/slicing/output/CPG/c/cwe416_cpg/cwe416-330-cpg-resolved.bin	tc330_flow1	CWE416_Use_After_Free__new_delete_class_64a.cpp	39	CWE416_Use_After_Free__new_delete_class_64b.cpp	34
/home/swlab-jueon/swvul/tools/java-vuln-detection/slicing/output/CPG/c/cwe416_cpg/cwe416-330-cpg-resolved.bin	tc330_flow2	CWE416_Use_After_Free__new_delete_class_64a.cpp	74	CWE416_Use_After_Free__new_delete_class_64b.cpp	64
/home/swlab-jueon/swvul/tools/java-vuln-detection/slicing/output/CPG/c/cwe416_cpg/cwe416-330-cpg-resolved.bin	tc330_flow3	CWE416_Use_After_Free__new_delete_class_64a.cpp	59	CWE416_Use_After_Free__new_delete_class_64b.cpp	50
/home/swlab-jueon/swvul/tools/java-vuln-detection/slicing/output/CPG/c/cwe416_cpg/cwe416-331-cpg-resolved.bin	tc331_flow1	CWE416_Use_After_Free__new_delete_int_01.cpp	35	CWE416_Use_After_Free__new_delete_int_01.cpp	37
/home/swlab-jueon/swvul/tools/java-vuln-detection/slicing/output/CPG/c/cwe416_cpg/cwe416-331-cpg-resolved.bin	tc331_flow2	CWE416_Use_After_Free__new_delete_int_01.cpp	68	CWE416_Use_After_Free__new_delete_int_01.cpp	72
/home/swlab-jueon/swvul/tools/java-vuln-detection/slicing/output/CPG/c/cwe416_cpg/cwe416-332-cpg-resolved.bin	tc332_flow1	CWE416_Use_After_Free__new_delete_int_02.cpp	37	CWE416_Use_After_Free__new_delete_int_02.cpp	42
/home/swlab-jueon/swvul/tools/java-vuln-detection/slicing/output/CPG/c/cwe416_cpg/cwe416-332-cpg-resolved.bin	tc332_flow2	CWE416_Use_After_Free__new_delete_int_02.cpp	62	CWE416_Use_After_Free__new_delete_int_02.cpp	74
/home/swlab-jueon/swvul/tools/java-vuln-detection/slicing/output/CPG/c/cwe416_cpg/cwe416-332-cpg-resolved.bin	tc332_flow3	CWE416_Use_After_Free__new_delete_int_02.cpp	89	CWE416_Use_After_Free__new_delete_int_02.cpp	96
/home/swlab-jueon/swvul/tools/java-vuln-detection/slicing/output/CPG/c/cwe416_cpg/cwe416-333-cpg-resolved.bin	tc333_flow1	CWE416_Use_After_Free__new_delete_int_03.cpp	37	CWE416_Use_After_Free__new_delete_int_03.cpp	42
/home/swlab-jueon/swvul/tools/java-vuln-detection/slicing/output/CPG/c/cwe416_cpg/cwe416-333-cpg-resolved.bin	tc333_flow2	CWE416_Use_After_Free__new_delete_int_03.cpp	62	CWE416_Use_After_Free__new_delete_int_03.cpp	74
/home/swlab-jueon/swvul/tools/java-vuln-detection/slicing/output/CPG/c/cwe416_cpg/cwe416-333-cpg-resolved.bin	tc333_flow3	CWE416_Use_After_Free__new_delete_int_03.cpp	89	CWE416_Use_After_Free__new_delete_int_03.cpp	96
/home/swlab-jueon/swvul/tools/java-vuln-detection/slicing/output/CPG/c/cwe416_cpg/cwe416-334-cpg-resolved.bin	tc334_flow1	CWE416_Use_After_Free__new_delete_int_04.cpp	43	CWE416_Use_After_Free__new_delete_int_04.cpp	48
/home/swlab-jueon/swvul/tools/java-vuln-detection/slicing/output/CPG/c/cwe416_cpg/cwe416-334-cpg-resolved.bin	tc334_flow2	CWE416_Use_After_Free__new_delete_int_04.cpp	68	CWE416_Use_After_Free__new_delete_int_04.cpp	80
/home/swlab-jueon/swvul/tools/java-vuln-detection/slicing/output/CPG/c/cwe416_cpg/cwe416-334-cpg-resolved.bin	tc334_flow3	CWE416_Use_After_Free__new_delete_int_04.cpp	95	CWE416_Use_After_Free__new_delete_int_04.cpp	102
/home/swlab-jueon/swvul/tools/java-vuln-detection/slicing/output/CPG/c/cwe416_cpg/cwe416-335-cpg-resolved.bin	tc335_flow1	CWE416_Use_After_Free__new_delete_int_05.cpp	43	CWE416_Use_After_Free__new_delete_int_05.cpp	48
/home/swlab-jueon/swvul/tools/java-vuln-detection/slicing/output/CPG/c/cwe416_cpg/cwe416-335-cpg-resolved.bin	tc335_flow2	CWE416_Use_After_Free__new_delete_int_05.cpp	68	CWE416_Use_After_Free__new_delete_int_05.cpp	80
/home/swlab-jueon/swvul/tools/java-vuln-detection/slicing/output/CPG/c/cwe416_cpg/cwe416-335-cpg-resolved.bin	tc335_flow3	CWE416_Use_After_Free__new_delete_int_05.cpp	95	CWE416_Use_After_Free__new_delete_int_05.cpp	102
/home/swlab-jueon/swvul/tools/java-vuln-detection/slicing/output/CPG/c/cwe416_cpg/cwe416-336-cpg-resolved.bin	tc336_flow1	CWE416_Use_After_Free__new_delete_int_06.cpp	42	CWE416_Use_After_Free__new_delete_int_06.cpp	47
/home/swlab-jueon/swvul/tools/java-vuln-detection/slicing/output/CPG/c/cwe416_cpg/cwe416-336-cpg-resolved.bin	tc336_flow2	CWE416_Use_After_Free__new_delete_int_06.cpp	67	CWE416_Use_After_Free__new_delete_int_06.cpp	79
/home/swlab-jueon/swvul/tools/java-vuln-detection/slicing/output/CPG/c/cwe416_cpg/cwe416-336-cpg-resolved.bin	tc336_flow3	CWE416_Use_After_Free__new_delete_int_06.cpp	94	CWE416_Use_After_Free__new_delete_int_06.cpp	101
/home/swlab-jueon/swvul/tools/java-vuln-detection/slicing/output/CPG/c/cwe416_cpg/cwe416-337-cpg-resolved.bin	tc337_flow1	CWE416_Use_After_Free__new_delete_int_07.cpp	42	CWE416_Use_After_Free__new_delete_int_07.cpp	47
/home/swlab-jueon/swvul/tools/java-vuln-detection/slicing/output/CPG/c/cwe416_cpg/cwe416-337-cpg-resolved.bin	tc337_flow2	CWE416_Use_After_Free__new_delete_int_07.cpp	67	CWE416_Use_After_Free__new_delete_int_07.cpp	79
/home/swlab-jueon/swvul/tools/java-vuln-detection/slicing/output/CPG/c/cwe416_cpg/cwe416-337-cpg-resolved.bin	tc337_flow3	CWE416_Use_After_Free__new_delete_int_07.cpp	94	CWE416_Use_After_Free__new_delete_int_07.cpp	101
/home/swlab-jueon/swvul/tools/java-vuln-detection/slicing/output/CPG/c/cwe416_cpg/cwe416-338-cpg-resolved.bin	tc338_flow1	CWE416_Use_After_Free__new_delete_int_08.cpp	50	CWE416_Use_After_Free__new_delete_int_08.cpp	55
/home/swlab-jueon/swvul/tools/java-vuln-detection/slicing/output/CPG/c/cwe416_cpg/cwe416-338-cpg-resolved.bin	tc338_flow2	CWE416_Use_After_Free__new_delete_int_08.cpp	75	CWE416_Use_After_Free__new_delete_int_08.cpp	87
/home/swlab-jueon/swvul/tools/java-vuln-detection/slicing/output/CPG/c/cwe416_cpg/cwe416-338-cpg-resolved.bin	tc338_flow3	CWE416_Use_After_Free__new_delete_int_08.cpp	102	CWE416_Use_After_Free__new_delete_int_08.cpp	109
/home/swlab-jueon/swvul/tools/java-vuln-detection/slicing/output/CPG/c/cwe416_cpg/cwe416-339-cpg-resolved.bin	tc339_flow1	CWE416_Use_After_Free__new_delete_int_09.cpp	37	CWE416_Use_After_Free__new_delete_int_09.cpp	42
/home/swlab-jueon/swvul/tools/java-vuln-detection/slicing/output/CPG/c/cwe416_cpg/cwe416-339-cpg-resolved.bin	tc339_flow2	CWE416_Use_After_Free__new_delete_int_09.cpp	62	CWE416_Use_After_Free__new_delete_int_09.cpp	74
/home/swlab-jueon/swvul/tools/java-vuln-detection/slicing/output/CPG/c/cwe416_cpg/cwe416-339-cpg-resolved.bin	tc339_flow3	CWE416_Use_After_Free__new_delete_int_09.cpp	89	CWE416_Use_After_Free__new_delete_int_09.cpp	96
/home/swlab-jueon/swvul/tools/java-vuln-detection/slicing/output/CPG/c/cwe416_cpg/cwe416-340-cpg-resolved.bin	tc340_flow1	CWE416_Use_After_Free__new_delete_int_10.cpp	37	CWE416_Use_After_Free__new_delete_int_10.cpp	42
/home/swlab-jueon/swvul/tools/java-vuln-detection/slicing/output/CPG/c/cwe416_cpg/cwe416-340-cpg-resolved.bin	tc340_flow2	CWE416_Use_After_Free__new_delete_int_10.cpp	62	CWE416_Use_After_Free__new_delete_int_10.cpp	74
/home/swlab-jueon/swvul/tools/java-vuln-detection/slicing/output/CPG/c/cwe416_cpg/cwe416-340-cpg-resolved.bin	tc340_flow3	CWE416_Use_After_Free__new_delete_int_10.cpp	89	CWE416_Use_After_Free__new_delete_int_10.cpp	96
/home/swlab-jueon/swvul/tools/java-vuln-detection/slicing/output/CPG/c/cwe416_cpg/cwe416-341-cpg-resolved.bin	tc341_flow1	CWE416_Use_After_Free__new_delete_int_11.cpp	36	CWE416_Use_After_Free__new_delete_int_11.cpp	41
/home/swlab-jueon/swvul/tools/java-vuln-detection/slicing/output/CPG/c/cwe416_cpg/cwe416-341-cpg-resolved.bin	tc341_flow2	CWE416_Use_After_Free__new_delete_int_11.cpp	61	CWE416_Use_After_Free__new_delete_int_11.cpp	73
/home/swlab-jueon/swvul/tools/java-vuln-detection/slicing/output/CPG/c/cwe416_cpg/cwe416-341-cpg-resolved.bin	tc341_flow3	CWE416_Use_After_Free__new_delete_int_11.cpp	88	CWE416_Use_After_Free__new_delete_int_11.cpp	95
/home/swlab-jueon/swvul/tools/java-vuln-detection/slicing/output/CPG/c/cwe416_cpg/cwe416-342-cpg-resolved.bin	tc342_flow2	CWE416_Use_After_Free__new_delete_int_12.cpp	76	CWE416_Use_After_Free__new_delete_int_12.cpp	97
/home/swlab-jueon/swvul/tools/java-vuln-detection/slicing/output/CPG/c/cwe416_cpg/cwe416-343-cpg-resolved.bin	tc343_flow1	CWE416_Use_After_Free__new_delete_int_13.cpp	36	CWE416_Use_After_Free__new_delete_int_13.cpp	41
/home/swlab-jueon/swvul/tools/java-vuln-detection/slicing/output/CPG/c/cwe416_cpg/cwe416-343-cpg-resolved.bin	tc343_flow2	CWE416_Use_After_Free__new_delete_int_13.cpp	61	CWE416_Use_After_Free__new_delete_int_13.cpp	73
/home/swlab-jueon/swvul/tools/java-vuln-detection/slicing/output/CPG/c/cwe416_cpg/cwe416-343-cpg-resolved.bin	tc343_flow3	CWE416_Use_After_Free__new_delete_int_13.cpp	88	CWE416_Use_After_Free__new_delete_int_13.cpp	95
/home/swlab-jueon/swvul/tools/java-vuln-detection/slicing/output/CPG/c/cwe416_cpg/cwe416-344-cpg-resolved.bin	tc344_flow1	CWE416_Use_After_Free__new_delete_int_14.cpp	36	CWE416_Use_After_Free__new_delete_int_14.cpp	41
/home/swlab-jueon/swvul/tools/java-vuln-detection/slicing/output/CPG/c/cwe416_cpg/cwe416-344-cpg-resolved.bin	tc344_flow2	CWE416_Use_After_Free__new_delete_int_14.cpp	61	CWE416_Use_After_Free__new_delete_int_14.cpp	73
/home/swlab-jueon/swvul/tools/java-vuln-detection/slicing/output/CPG/c/cwe416_cpg/cwe416-344-cpg-resolved.bin	tc344_flow3	CWE416_Use_After_Free__new_delete_int_14.cpp	88	CWE416_Use_After_Free__new_delete_int_14.cpp	95
/home/swlab-jueon/swvul/tools/java-vuln-detection/slicing/output/CPG/c/cwe416_cpg/cwe416-345-cpg-resolved.bin	tc345_flow1	CWE416_Use_After_Free__new_delete_int_15.cpp	37	CWE416_Use_After_Free__new_delete_int_15.cpp	48
/home/swlab-jueon/swvul/tools/java-vuln-detection/slicing/output/CPG/c/cwe416_cpg/cwe416-345-cpg-resolved.bin	tc345_flow2	CWE416_Use_After_Free__new_delete_int_15.cpp	74	CWE416_Use_After_Free__new_delete_int_15.cpp	91
/home/swlab-jueon/swvul/tools/java-vuln-detection/slicing/output/CPG/c/cwe416_cpg/cwe416-345-cpg-resolved.bin	tc345_flow3	CWE416_Use_After_Free__new_delete_int_15.cpp	108	CWE416_Use_After_Free__new_delete_int_15.cpp	121
/home/swlab-jueon/swvul/tools/java-vuln-detection/slicing/output/CPG/c/cwe416_cpg/cwe416-345-cpg-resolved.bin	tc345_flow4	CWE416_Use_After_Free__new_delete_int_15.cpp	146	CWE416_Use_After_Free__new_delete_int_15.cpp	152
/home/swlab-jueon/swvul/tools/java-vuln-detection/slicing/output/CPG/c/cwe416_cpg/cwe416-345-cpg-resolved.bin	tc345_flow5	CWE416_Use_After_Free__new_delete_int_15.cpp	174	CWE416_Use_After_Free__new_delete_int_15.cpp	184
/home/swlab-jueon/swvul/tools/java-vuln-detection/slicing/output/CPG/c/cwe416_cpg/cwe416-346-cpg-resolved.bin	tc346_flow1	CWE416_Use_After_Free__new_delete_int_16.cpp	36	CWE416_Use_After_Free__new_delete_int_16.cpp	42
/home/swlab-jueon/swvul/tools/java-vuln-detection/slicing/output/CPG/c/cwe416_cpg/cwe416-346-cpg-resolved.bin	tc346_flow2	CWE416_Use_After_Free__new_delete_int_16.cpp	63	CWE416_Use_After_Free__new_delete_int_16.cpp	71
/home/swlab-jueon/swvul/tools/java-vuln-detection/slicing/output/CPG/c/cwe416_cpg/cwe416-346-cpg-resolved.bin	tc346_flow3	CWE416_Use_After_Free__new_delete_int_16.cpp	87	CWE416_Use_After_Free__new_delete_int_16.cpp	92
/home/swlab-jueon/swvul/tools/java-vuln-detection/slicing/output/CPG/c/cwe416_cpg/cwe416-347-cpg-resolved.bin	tc347_flow1	CWE416_Use_After_Free__new_delete_int_17.cpp	37	CWE416_Use_After_Free__new_delete_int_17.cpp	42
/home/swlab-jueon/swvul/tools/java-vuln-detection/slicing/output/CPG/c/cwe416_cpg/cwe416-347-cpg-resolved.bin	tc347_flow2	CWE416_Use_After_Free__new_delete_int_17.cpp	63	CWE416_Use_After_Free__new_delete_int_17.cpp	70
/home/swlab-jueon/swvul/tools/java-vuln-detection/slicing/output/CPG/c/cwe416_cpg/cwe416-348-cpg-resolved.bin	tc348_flow1	CWE416_Use_After_Free__new_delete_int_18.cpp	36	CWE416_Use_After_Free__new_delete_int_18.cpp	40
/home/swlab-jueon/swvul/tools/java-vuln-detection/slicing/output/CPG/c/cwe416_cpg/cwe416-348-cpg-resolved.bin	tc348_flow2	CWE416_Use_After_Free__new_delete_int_18.cpp	59	CWE416_Use_After_Free__new_delete_int_18.cpp	65
/home/swlab-jueon/swvul/tools/java-vuln-detection/slicing/output/CPG/c/cwe416_cpg/cwe416-348-cpg-resolved.bin	tc348_flow3	CWE416_Use_After_Free__new_delete_int_18.cpp	79	CWE416_Use_After_Free__new_delete_int_18.cpp	82
/home/swlab-jueon/swvul/tools/java-vuln-detection/slicing/output/CPG/c/cwe416_cpg/cwe416-349-cpg-resolved.bin	tc349_flow1	CWE416_Use_After_Free__new_delete_int_43.cpp	32	CWE416_Use_After_Free__new_delete_int_43.cpp	42
/home/swlab-jueon/swvul/tools/java-vuln-detection/slicing/output/CPG/c/cwe416_cpg/cwe416-349-cpg-resolved.bin	tc349_flow2	CWE416_Use_After_Free__new_delete_int_43.cpp	75	CWE416_Use_After_Free__new_delete_int_43.cpp	87
/home/swlab-jueon/swvul/tools/java-vuln-detection/slicing/output/CPG/c/cwe416_cpg/cwe416-350-cpg-resolved.bin	tc350_flow1	CWE416_Use_After_Free__new_delete_int_62b.cpp	32	CWE416_Use_After_Free__new_delete_int_62a.cpp	37
/home/swlab-jueon/swvul/tools/java-vuln-detection/slicing/output/CPG/c/cwe416_cpg/cwe416-350-cpg-resolved.bin	tc350_flow2	CWE416_Use_After_Free__new_delete_int_62b.cpp	53	CWE416_Use_After_Free__new_delete_int_62a.cpp	71
/home/swlab-jueon/swvul/tools/java-vuln-detection/slicing/output/CPG/c/cwe416_cpg/cwe416-351-cpg-resolved.bin	tc351_flow1	CWE416_Use_After_Free__new_delete_int_63a.cpp	38	CWE416_Use_After_Free__new_delete_int_63b.cpp	31
/home/swlab-jueon/swvul/tools/java-vuln-detection/slicing/output/CPG/c/cwe416_cpg/cwe416-351-cpg-resolved.bin	tc351_flow2	CWE416_Use_After_Free__new_delete_int_63a.cpp	71	CWE416_Use_After_Free__new_delete_int_63b.cpp	55
/home/swlab-jueon/swvul/tools/java-vuln-detection/slicing/output/CPG/c/cwe416_cpg/cwe416-351-cpg-resolved.bin	tc351_flow3	CWE416_Use_After_Free__new_delete_int_63a.cpp	57	CWE416_Use_After_Free__new_delete_int_63b.cpp	44
/home/swlab-jueon/swvul/tools/java-vuln-detection/slicing/output/CPG/c/cwe416_cpg/cwe416-352-cpg-resolved.bin	tc352_flow1	CWE416_Use_After_Free__new_delete_int_64a.cpp	38	CWE416_Use_After_Free__new_delete_int_64b.cpp	34
/home/swlab-jueon/swvul/tools/java-vuln-detection/slicing/output/CPG/c/cwe416_cpg/cwe416-352-cpg-resolved.bin	tc352_flow2	CWE416_Use_After_Free__new_delete_int_64a.cpp	71	CWE416_Use_After_Free__new_delete_int_64b.cpp	64
/home/swlab-jueon/swvul/tools/java-vuln-detection/slicing/output/CPG/c/cwe416_cpg/cwe416-352-cpg-resolved.bin	tc352_flow3	CWE416_Use_After_Free__new_delete_int_64a.cpp	57	CWE416_Use_After_Free__new_delete_int_64b.cpp	50
/home/swlab-jueon/swvul/tools/java-vuln-detection/slicing/output/CPG/c/cwe416_cpg/cwe416-353-cpg-resolved.bin	tc353_flow1	CWE416_Use_After_Free__new_delete_int64_t_01.cpp	35	CWE416_Use_After_Free__new_delete_int64_t_01.cpp	37
/home/swlab-jueon/swvul/tools/java-vuln-detection/slicing/output/CPG/c/cwe416_cpg/cwe416-353-cpg-resolved.bin	tc353_flow2	CWE416_Use_After_Free__new_delete_int64_t_01.cpp	68	CWE416_Use_After_Free__new_delete_int64_t_01.cpp	72
/home/swlab-jueon/swvul/tools/java-vuln-detection/slicing/output/CPG/c/cwe416_cpg/cwe416-354-cpg-resolved.bin	tc354_flow1	CWE416_Use_After_Free__new_delete_int64_t_02.cpp	37	CWE416_Use_After_Free__new_delete_int64_t_02.cpp	42
/home/swlab-jueon/swvul/tools/java-vuln-detection/slicing/output/CPG/c/cwe416_cpg/cwe416-354-cpg-resolved.bin	tc354_flow2	CWE416_Use_After_Free__new_delete_int64_t_02.cpp	62	CWE416_Use_After_Free__new_delete_int64_t_02.cpp	74
/home/swlab-jueon/swvul/tools/java-vuln-detection/slicing/output/CPG/c/cwe416_cpg/cwe416-354-cpg-resolved.bin	tc354_flow3	CWE416_Use_After_Free__new_delete_int64_t_02.cpp	89	CWE416_Use_After_Free__new_delete_int64_t_02.cpp	96
/home/swlab-jueon/swvul/tools/java-vuln-detection/slicing/output/CPG/c/cwe416_cpg/cwe416-355-cpg-resolved.bin	tc355_flow1	CWE416_Use_After_Free__new_delete_int64_t_03.cpp	37	CWE416_Use_After_Free__new_delete_int64_t_03.cpp	42
/home/swlab-jueon/swvul/tools/java-vuln-detection/slicing/output/CPG/c/cwe416_cpg/cwe416-355-cpg-resolved.bin	tc355_flow2	CWE416_Use_After_Free__new_delete_int64_t_03.cpp	62	CWE416_Use_After_Free__new_delete_int64_t_03.cpp	74
/home/swlab-jueon/swvul/tools/java-vuln-detection/slicing/output/CPG/c/cwe416_cpg/cwe416-355-cpg-resolved.bin	tc355_flow3	CWE416_Use_After_Free__new_delete_int64_t_03.cpp	89	CWE416_Use_After_Free__new_delete_int64_t_03.cpp	96
/home/swlab-jueon/swvul/tools/java-vuln-detection/slicing/output/CPG/c/cwe416_cpg/cwe416-356-cpg-resolved.bin	tc356_flow1	CWE416_Use_After_Free__new_delete_int64_t_04.cpp	43	CWE416_Use_After_Free__new_delete_int64_t_04.cpp	48
/home/swlab-jueon/swvul/tools/java-vuln-detection/slicing/output/CPG/c/cwe416_cpg/cwe416-356-cpg-resolved.bin	tc356_flow2	CWE416_Use_After_Free__new_delete_int64_t_04.cpp	68	CWE416_Use_After_Free__new_delete_int64_t_04.cpp	80
/home/swlab-jueon/swvul/tools/java-vuln-detection/slicing/output/CPG/c/cwe416_cpg/cwe416-356-cpg-resolved.bin	tc356_flow3	CWE416_Use_After_Free__new_delete_int64_t_04.cpp	95	CWE416_Use_After_Free__new_delete_int64_t_04.cpp	102
/home/swlab-jueon/swvul/tools/java-vuln-detection/slicing/output/CPG/c/cwe416_cpg/cwe416-357-cpg-resolved.bin	tc357_flow1	CWE416_Use_After_Free__new_delete_int64_t_05.cpp	43	CWE416_Use_After_Free__new_delete_int64_t_05.cpp	48
/home/swlab-jueon/swvul/tools/java-vuln-detection/slicing/output/CPG/c/cwe416_cpg/cwe416-357-cpg-resolved.bin	tc357_flow2	CWE416_Use_After_Free__new_delete_int64_t_05.cpp	68	CWE416_Use_After_Free__new_delete_int64_t_05.cpp	80
/home/swlab-jueon/swvul/tools/java-vuln-detection/slicing/output/CPG/c/cwe416_cpg/cwe416-357-cpg-resolved.bin	tc357_flow3	CWE416_Use_After_Free__new_delete_int64_t_05.cpp	95	CWE416_Use_After_Free__new_delete_int64_t_05.cpp	102
/home/swlab-jueon/swvul/tools/java-vuln-detection/slicing/output/CPG/c/cwe416_cpg/cwe416-358-cpg-resolved.bin	tc358_flow1	CWE416_Use_After_Free__new_delete_int64_t_06.cpp	42	CWE416_Use_After_Free__new_delete_int64_t_06.cpp	47
/home/swlab-jueon/swvul/tools/java-vuln-detection/slicing/output/CPG/c/cwe416_cpg/cwe416-358-cpg-resolved.bin	tc358_flow2	CWE416_Use_After_Free__new_delete_int64_t_06.cpp	67	CWE416_Use_After_Free__new_delete_int64_t_06.cpp	79
/home/swlab-jueon/swvul/tools/java-vuln-detection/slicing/output/CPG/c/cwe416_cpg/cwe416-358-cpg-resolved.bin	tc358_flow3	CWE416_Use_After_Free__new_delete_int64_t_06.cpp	94	CWE416_Use_After_Free__new_delete_int64_t_06.cpp	101
/home/swlab-jueon/swvul/tools/java-vuln-detection/slicing/output/CPG/c/cwe416_cpg/cwe416-359-cpg-resolved.bin	tc359_flow1	CWE416_Use_After_Free__new_delete_int64_t_07.cpp	42	CWE416_Use_After_Free__new_delete_int64_t_07.cpp	47
/home/swlab-jueon/swvul/tools/java-vuln-detection/slicing/output/CPG/c/cwe416_cpg/cwe416-359-cpg-resolved.bin	tc359_flow2	CWE416_Use_After_Free__new_delete_int64_t_07.cpp	67	CWE416_Use_After_Free__new_delete_int64_t_07.cpp	79
/home/swlab-jueon/swvul/tools/java-vuln-detection/slicing/output/CPG/c/cwe416_cpg/cwe416-359-cpg-resolved.bin	tc359_flow3	CWE416_Use_After_Free__new_delete_int64_t_07.cpp	94	CWE416_Use_After_Free__new_delete_int64_t_07.cpp	101
/home/swlab-jueon/swvul/tools/java-vuln-detection/slicing/output/CPG/c/cwe416_cpg/cwe416-360-cpg-resolved.bin	tc360_flow1	CWE416_Use_After_Free__new_delete_int64_t_08.cpp	50	CWE416_Use_After_Free__new_delete_int64_t_08.cpp	55
/home/swlab-jueon/swvul/tools/java-vuln-detection/slicing/output/CPG/c/cwe416_cpg/cwe416-360-cpg-resolved.bin	tc360_flow2	CWE416_Use_After_Free__new_delete_int64_t_08.cpp	75	CWE416_Use_After_Free__new_delete_int64_t_08.cpp	87
/home/swlab-jueon/swvul/tools/java-vuln-detection/slicing/output/CPG/c/cwe416_cpg/cwe416-360-cpg-resolved.bin	tc360_flow3	CWE416_Use_After_Free__new_delete_int64_t_08.cpp	102	CWE416_Use_After_Free__new_delete_int64_t_08.cpp	109
/home/swlab-jueon/swvul/tools/java-vuln-detection/slicing/output/CPG/c/cwe416_cpg/cwe416-361-cpg-resolved.bin	tc361_flow1	CWE416_Use_After_Free__new_delete_int64_t_09.cpp	37	CWE416_Use_After_Free__new_delete_int64_t_09.cpp	42
/home/swlab-jueon/swvul/tools/java-vuln-detection/slicing/output/CPG/c/cwe416_cpg/cwe416-361-cpg-resolved.bin	tc361_flow2	CWE416_Use_After_Free__new_delete_int64_t_09.cpp	62	CWE416_Use_After_Free__new_delete_int64_t_09.cpp	74
/home/swlab-jueon/swvul/tools/java-vuln-detection/slicing/output/CPG/c/cwe416_cpg/cwe416-361-cpg-resolved.bin	tc361_flow3	CWE416_Use_After_Free__new_delete_int64_t_09.cpp	89	CWE416_Use_After_Free__new_delete_int64_t_09.cpp	96
/home/swlab-jueon/swvul/tools/java-vuln-detection/slicing/output/CPG/c/cwe416_cpg/cwe416-362-cpg-resolved.bin	tc362_flow1	CWE416_Use_After_Free__new_delete_int64_t_10.cpp	37	CWE416_Use_After_Free__new_delete_int64_t_10.cpp	42
/home/swlab-jueon/swvul/tools/java-vuln-detection/slicing/output/CPG/c/cwe416_cpg/cwe416-362-cpg-resolved.bin	tc362_flow2	CWE416_Use_After_Free__new_delete_int64_t_10.cpp	62	CWE416_Use_After_Free__new_delete_int64_t_10.cpp	74
/home/swlab-jueon/swvul/tools/java-vuln-detection/slicing/output/CPG/c/cwe416_cpg/cwe416-362-cpg-resolved.bin	tc362_flow3	CWE416_Use_After_Free__new_delete_int64_t_10.cpp	89	CWE416_Use_After_Free__new_delete_int64_t_10.cpp	96
/home/swlab-jueon/swvul/tools/java-vuln-detection/slicing/output/CPG/c/cwe416_cpg/cwe416-363-cpg-resolved.bin	tc363_flow1	CWE416_Use_After_Free__new_delete_int64_t_11.cpp	36	CWE416_Use_After_Free__new_delete_int64_t_11.cpp	41
/home/swlab-jueon/swvul/tools/java-vuln-detection/slicing/output/CPG/c/cwe416_cpg/cwe416-363-cpg-resolved.bin	tc363_flow2	CWE416_Use_After_Free__new_delete_int64_t_11.cpp	61	CWE416_Use_After_Free__new_delete_int64_t_11.cpp	73
/home/swlab-jueon/swvul/tools/java-vuln-detection/slicing/output/CPG/c/cwe416_cpg/cwe416-363-cpg-resolved.bin	tc363_flow3	CWE416_Use_After_Free__new_delete_int64_t_11.cpp	88	CWE416_Use_After_Free__new_delete_int64_t_11.cpp	95
/home/swlab-jueon/swvul/tools/java-vuln-detection/slicing/output/CPG/c/cwe416_cpg/cwe416-364-cpg-resolved.bin	tc364_flow2	CWE416_Use_After_Free__new_delete_int64_t_12.cpp	76	CWE416_Use_After_Free__new_delete_int64_t_12.cpp	97
/home/swlab-jueon/swvul/tools/java-vuln-detection/slicing/output/CPG/c/cwe416_cpg/cwe416-365-cpg-resolved.bin	tc365_flow1	CWE416_Use_After_Free__new_delete_int64_t_13.cpp	36	CWE416_Use_After_Free__new_delete_int64_t_13.cpp	41
/home/swlab-jueon/swvul/tools/java-vuln-detection/slicing/output/CPG/c/cwe416_cpg/cwe416-365-cpg-resolved.bin	tc365_flow2	CWE416_Use_After_Free__new_delete_int64_t_13.cpp	61	CWE416_Use_After_Free__new_delete_int64_t_13.cpp	73
/home/swlab-jueon/swvul/tools/java-vuln-detection/slicing/output/CPG/c/cwe416_cpg/cwe416-365-cpg-resolved.bin	tc365_flow3	CWE416_Use_After_Free__new_delete_int64_t_13.cpp	88	CWE416_Use_After_Free__new_delete_int64_t_13.cpp	95
/home/swlab-jueon/swvul/tools/java-vuln-detection/slicing/output/CPG/c/cwe416_cpg/cwe416-366-cpg-resolved.bin	tc366_flow1	CWE416_Use_After_Free__new_delete_int64_t_14.cpp	36	CWE416_Use_After_Free__new_delete_int64_t_14.cpp	41
/home/swlab-jueon/swvul/tools/java-vuln-detection/slicing/output/CPG/c/cwe416_cpg/cwe416-366-cpg-resolved.bin	tc366_flow2	CWE416_Use_After_Free__new_delete_int64_t_14.cpp	61	CWE416_Use_After_Free__new_delete_int64_t_14.cpp	73
/home/swlab-jueon/swvul/tools/java-vuln-detection/slicing/output/CPG/c/cwe416_cpg/cwe416-366-cpg-resolved.bin	tc366_flow3	CWE416_Use_After_Free__new_delete_int64_t_14.cpp	88	CWE416_Use_After_Free__new_delete_int64_t_14.cpp	95
/home/swlab-jueon/swvul/tools/java-vuln-detection/slicing/output/CPG/c/cwe416_cpg/cwe416-367-cpg-resolved.bin	tc367_flow1	CWE416_Use_After_Free__new_delete_int64_t_15.cpp	37	CWE416_Use_After_Free__new_delete_int64_t_15.cpp	48
/home/swlab-jueon/swvul/tools/java-vuln-detection/slicing/output/CPG/c/cwe416_cpg/cwe416-367-cpg-resolved.bin	tc367_flow2	CWE416_Use_After_Free__new_delete_int64_t_15.cpp	74	CWE416_Use_After_Free__new_delete_int64_t_15.cpp	91
/home/swlab-jueon/swvul/tools/java-vuln-detection/slicing/output/CPG/c/cwe416_cpg/cwe416-367-cpg-resolved.bin	tc367_flow3	CWE416_Use_After_Free__new_delete_int64_t_15.cpp	108	CWE416_Use_After_Free__new_delete_int64_t_15.cpp	121
/home/swlab-jueon/swvul/tools/java-vuln-detection/slicing/output/CPG/c/cwe416_cpg/cwe416-367-cpg-resolved.bin	tc367_flow4	CWE416_Use_After_Free__new_delete_int64_t_15.cpp	146	CWE416_Use_After_Free__new_delete_int64_t_15.cpp	152
/home/swlab-jueon/swvul/tools/java-vuln-detection/slicing/output/CPG/c/cwe416_cpg/cwe416-367-cpg-resolved.bin	tc367_flow5	CWE416_Use_After_Free__new_delete_int64_t_15.cpp	174	CWE416_Use_After_Free__new_delete_int64_t_15.cpp	184
/home/swlab-jueon/swvul/tools/java-vuln-detection/slicing/output/CPG/c/cwe416_cpg/cwe416-368-cpg-resolved.bin	tc368_flow1	CWE416_Use_After_Free__new_delete_int64_t_16.cpp	36	CWE416_Use_After_Free__new_delete_int64_t_16.cpp	42
/home/swlab-jueon/swvul/tools/java-vuln-detection/slicing/output/CPG/c/cwe416_cpg/cwe416-368-cpg-resolved.bin	tc368_flow2	CWE416_Use_After_Free__new_delete_int64_t_16.cpp	63	CWE416_Use_After_Free__new_delete_int64_t_16.cpp	71
/home/swlab-jueon/swvul/tools/java-vuln-detection/slicing/output/CPG/c/cwe416_cpg/cwe416-368-cpg-resolved.bin	tc368_flow3	CWE416_Use_After_Free__new_delete_int64_t_16.cpp	87	CWE416_Use_After_Free__new_delete_int64_t_16.cpp	92
/home/swlab-jueon/swvul/tools/java-vuln-detection/slicing/output/CPG/c/cwe416_cpg/cwe416-369-cpg-resolved.bin	tc369_flow1	CWE416_Use_After_Free__new_delete_int64_t_17.cpp	37	CWE416_Use_After_Free__new_delete_int64_t_17.cpp	42
/home/swlab-jueon/swvul/tools/java-vuln-detection/slicing/output/CPG/c/cwe416_cpg/cwe416-369-cpg-resolved.bin	tc369_flow2	CWE416_Use_After_Free__new_delete_int64_t_17.cpp	63	CWE416_Use_After_Free__new_delete_int64_t_17.cpp	70
/home/swlab-jueon/swvul/tools/java-vuln-detection/slicing/output/CPG/c/cwe416_cpg/cwe416-370-cpg-resolved.bin	tc370_flow1	CWE416_Use_After_Free__new_delete_int64_t_18.cpp	36	CWE416_Use_After_Free__new_delete_int64_t_18.cpp	40
/home/swlab-jueon/swvul/tools/java-vuln-detection/slicing/output/CPG/c/cwe416_cpg/cwe416-370-cpg-resolved.bin	tc370_flow2	CWE416_Use_After_Free__new_delete_int64_t_18.cpp	59	CWE416_Use_After_Free__new_delete_int64_t_18.cpp	65
/home/swlab-jueon/swvul/tools/java-vuln-detection/slicing/output/CPG/c/cwe416_cpg/cwe416-370-cpg-resolved.bin	tc370_flow3	CWE416_Use_After_Free__new_delete_int64_t_18.cpp	79	CWE416_Use_After_Free__new_delete_int64_t_18.cpp	82
/home/swlab-jueon/swvul/tools/java-vuln-detection/slicing/output/CPG/c/cwe416_cpg/cwe416-371-cpg-resolved.bin	tc371_flow1	CWE416_Use_After_Free__new_delete_int64_t_43.cpp	32	CWE416_Use_After_Free__new_delete_int64_t_43.cpp	42
/home/swlab-jueon/swvul/tools/java-vuln-detection/slicing/output/CPG/c/cwe416_cpg/cwe416-371-cpg-resolved.bin	tc371_flow2	CWE416_Use_After_Free__new_delete_int64_t_43.cpp	75	CWE416_Use_After_Free__new_delete_int64_t_43.cpp	87
/home/swlab-jueon/swvul/tools/java-vuln-detection/slicing/output/CPG/c/cwe416_cpg/cwe416-372-cpg-resolved.bin	tc372_flow1	CWE416_Use_After_Free__new_delete_int64_t_62b.cpp	32	CWE416_Use_After_Free__new_delete_int64_t_62a.cpp	37
/home/swlab-jueon/swvul/tools/java-vuln-detection/slicing/output/CPG/c/cwe416_cpg/cwe416-372-cpg-resolved.bin	tc372_flow2	CWE416_Use_After_Free__new_delete_int64_t_62b.cpp	53	CWE416_Use_After_Free__new_delete_int64_t_62a.cpp	71
/home/swlab-jueon/swvul/tools/java-vuln-detection/slicing/output/CPG/c/cwe416_cpg/cwe416-373-cpg-resolved.bin	tc373_flow1	CWE416_Use_After_Free__new_delete_int64_t_63a.cpp	38	CWE416_Use_After_Free__new_delete_int64_t_63b.cpp	31
/home/swlab-jueon/swvul/tools/java-vuln-detection/slicing/output/CPG/c/cwe416_cpg/cwe416-373-cpg-resolved.bin	tc373_flow2	CWE416_Use_After_Free__new_delete_int64_t_63a.cpp	71	CWE416_Use_After_Free__new_delete_int64_t_63b.cpp	55
/home/swlab-jueon/swvul/tools/java-vuln-detection/slicing/output/CPG/c/cwe416_cpg/cwe416-373-cpg-resolved.bin	tc373_flow3	CWE416_Use_After_Free__new_delete_int64_t_63a.cpp	57	CWE416_Use_After_Free__new_delete_int64_t_63b.cpp	44
/home/swlab-jueon/swvul/tools/java-vuln-detection/slicing/output/CPG/c/cwe416_cpg/cwe416-374-cpg-resolved.bin	tc374_flow1	CWE416_Use_After_Free__new_delete_int64_t_64a.cpp	38	CWE416_Use_After_Free__new_delete_int64_t_64b.cpp	34
/home/swlab-jueon/swvul/tools/java-vuln-detection/slicing/output/CPG/c/cwe416_cpg/cwe416-374-cpg-resolved.bin	tc374_flow2	CWE416_Use_After_Free__new_delete_int64_t_64a.cpp	71	CWE416_Use_After_Free__new_delete_int64_t_64b.cpp	64
/home/swlab-jueon/swvul/tools/java-vuln-detection/slicing/output/CPG/c/cwe416_cpg/cwe416-374-cpg-resolved.bin	tc374_flow3	CWE416_Use_After_Free__new_delete_int64_t_64a.cpp	57	CWE416_Use_After_Free__new_delete_int64_t_64b.cpp	50
/home/swlab-jueon/swvul/tools/java-vuln-detection/slicing/output/CPG/c/cwe416_cpg/cwe416-375-cpg-resolved.bin	tc375_flow1	CWE416_Use_After_Free__new_delete_long_01.cpp	35	CWE416_Use_After_Free__new_delete_long_01.cpp	37
/home/swlab-jueon/swvul/tools/java-vuln-detection/slicing/output/CPG/c/cwe416_cpg/cwe416-375-cpg-resolved.bin	tc375_flow2	CWE416_Use_After_Free__new_delete_long_01.cpp	68	CWE416_Use_After_Free__new_delete_long_01.cpp	72
/home/swlab-jueon/swvul/tools/java-vuln-detection/slicing/output/CPG/c/cwe416_cpg/cwe416-376-cpg-resolved.bin	tc376_flow1	CWE416_Use_After_Free__new_delete_long_02.cpp	37	CWE416_Use_After_Free__new_delete_long_02.cpp	42
/home/swlab-jueon/swvul/tools/java-vuln-detection/slicing/output/CPG/c/cwe416_cpg/cwe416-376-cpg-resolved.bin	tc376_flow2	CWE416_Use_After_Free__new_delete_long_02.cpp	62	CWE416_Use_After_Free__new_delete_long_02.cpp	74
/home/swlab-jueon/swvul/tools/java-vuln-detection/slicing/output/CPG/c/cwe416_cpg/cwe416-376-cpg-resolved.bin	tc376_flow3	CWE416_Use_After_Free__new_delete_long_02.cpp	89	CWE416_Use_After_Free__new_delete_long_02.cpp	96
/home/swlab-jueon/swvul/tools/java-vuln-detection/slicing/output/CPG/c/cwe416_cpg/cwe416-377-cpg-resolved.bin	tc377_flow1	CWE416_Use_After_Free__new_delete_long_03.cpp	37	CWE416_Use_After_Free__new_delete_long_03.cpp	42
/home/swlab-jueon/swvul/tools/java-vuln-detection/slicing/output/CPG/c/cwe416_cpg/cwe416-377-cpg-resolved.bin	tc377_flow2	CWE416_Use_After_Free__new_delete_long_03.cpp	62	CWE416_Use_After_Free__new_delete_long_03.cpp	74
/home/swlab-jueon/swvul/tools/java-vuln-detection/slicing/output/CPG/c/cwe416_cpg/cwe416-377-cpg-resolved.bin	tc377_flow3	CWE416_Use_After_Free__new_delete_long_03.cpp	89	CWE416_Use_After_Free__new_delete_long_03.cpp	96
/home/swlab-jueon/swvul/tools/java-vuln-detection/slicing/output/CPG/c/cwe416_cpg/cwe416-378-cpg-resolved.bin	tc378_flow1	CWE416_Use_After_Free__new_delete_long_04.cpp	43	CWE416_Use_After_Free__new_delete_long_04.cpp	48
/home/swlab-jueon/swvul/tools/java-vuln-detection/slicing/output/CPG/c/cwe416_cpg/cwe416-378-cpg-resolved.bin	tc378_flow2	CWE416_Use_After_Free__new_delete_long_04.cpp	68	CWE416_Use_After_Free__new_delete_long_04.cpp	80
/home/swlab-jueon/swvul/tools/java-vuln-detection/slicing/output/CPG/c/cwe416_cpg/cwe416-378-cpg-resolved.bin	tc378_flow3	CWE416_Use_After_Free__new_delete_long_04.cpp	95	CWE416_Use_After_Free__new_delete_long_04.cpp	102
/home/swlab-jueon/swvul/tools/java-vuln-detection/slicing/output/CPG/c/cwe416_cpg/cwe416-379-cpg-resolved.bin	tc379_flow1	CWE416_Use_After_Free__new_delete_long_05.cpp	43	CWE416_Use_After_Free__new_delete_long_05.cpp	48
/home/swlab-jueon/swvul/tools/java-vuln-detection/slicing/output/CPG/c/cwe416_cpg/cwe416-379-cpg-resolved.bin	tc379_flow2	CWE416_Use_After_Free__new_delete_long_05.cpp	68	CWE416_Use_After_Free__new_delete_long_05.cpp	80
/home/swlab-jueon/swvul/tools/java-vuln-detection/slicing/output/CPG/c/cwe416_cpg/cwe416-379-cpg-resolved.bin	tc379_flow3	CWE416_Use_After_Free__new_delete_long_05.cpp	95	CWE416_Use_After_Free__new_delete_long_05.cpp	102
/home/swlab-jueon/swvul/tools/java-vuln-detection/slicing/output/CPG/c/cwe416_cpg/cwe416-380-cpg-resolved.bin	tc380_flow1	CWE416_Use_After_Free__new_delete_long_06.cpp	42	CWE416_Use_After_Free__new_delete_long_06.cpp	47
/home/swlab-jueon/swvul/tools/java-vuln-detection/slicing/output/CPG/c/cwe416_cpg/cwe416-380-cpg-resolved.bin	tc380_flow2	CWE416_Use_After_Free__new_delete_long_06.cpp	67	CWE416_Use_After_Free__new_delete_long_06.cpp	79
/home/swlab-jueon/swvul/tools/java-vuln-detection/slicing/output/CPG/c/cwe416_cpg/cwe416-380-cpg-resolved.bin	tc380_flow3	CWE416_Use_After_Free__new_delete_long_06.cpp	94	CWE416_Use_After_Free__new_delete_long_06.cpp	101
/home/swlab-jueon/swvul/tools/java-vuln-detection/slicing/output/CPG/c/cwe416_cpg/cwe416-381-cpg-resolved.bin	tc381_flow1	CWE416_Use_After_Free__new_delete_long_07.cpp	42	CWE416_Use_After_Free__new_delete_long_07.cpp	47
/home/swlab-jueon/swvul/tools/java-vuln-detection/slicing/output/CPG/c/cwe416_cpg/cwe416-381-cpg-resolved.bin	tc381_flow2	CWE416_Use_After_Free__new_delete_long_07.cpp	67	CWE416_Use_After_Free__new_delete_long_07.cpp	79
/home/swlab-jueon/swvul/tools/java-vuln-detection/slicing/output/CPG/c/cwe416_cpg/cwe416-381-cpg-resolved.bin	tc381_flow3	CWE416_Use_After_Free__new_delete_long_07.cpp	94	CWE416_Use_After_Free__new_delete_long_07.cpp	101
/home/swlab-jueon/swvul/tools/java-vuln-detection/slicing/output/CPG/c/cwe416_cpg/cwe416-382-cpg-resolved.bin	tc382_flow1	CWE416_Use_After_Free__new_delete_long_08.cpp	50	CWE416_Use_After_Free__new_delete_long_08.cpp	55
/home/swlab-jueon/swvul/tools/java-vuln-detection/slicing/output/CPG/c/cwe416_cpg/cwe416-382-cpg-resolved.bin	tc382_flow2	CWE416_Use_After_Free__new_delete_long_08.cpp	75	CWE416_Use_After_Free__new_delete_long_08.cpp	87
/home/swlab-jueon/swvul/tools/java-vuln-detection/slicing/output/CPG/c/cwe416_cpg/cwe416-382-cpg-resolved.bin	tc382_flow3	CWE416_Use_After_Free__new_delete_long_08.cpp	102	CWE416_Use_After_Free__new_delete_long_08.cpp	109
/home/swlab-jueon/swvul/tools/java-vuln-detection/slicing/output/CPG/c/cwe416_cpg/cwe416-383-cpg-resolved.bin	tc383_flow1	CWE416_Use_After_Free__new_delete_long_09.cpp	37	CWE416_Use_After_Free__new_delete_long_09.cpp	42
/home/swlab-jueon/swvul/tools/java-vuln-detection/slicing/output/CPG/c/cwe416_cpg/cwe416-383-cpg-resolved.bin	tc383_flow2	CWE416_Use_After_Free__new_delete_long_09.cpp	62	CWE416_Use_After_Free__new_delete_long_09.cpp	74
/home/swlab-jueon/swvul/tools/java-vuln-detection/slicing/output/CPG/c/cwe416_cpg/cwe416-383-cpg-resolved.bin	tc383_flow3	CWE416_Use_After_Free__new_delete_long_09.cpp	89	CWE416_Use_After_Free__new_delete_long_09.cpp	96
/home/swlab-jueon/swvul/tools/java-vuln-detection/slicing/output/CPG/c/cwe416_cpg/cwe416-384-cpg-resolved.bin	tc384_flow1	CWE416_Use_After_Free__new_delete_long_10.cpp	37	CWE416_Use_After_Free__new_delete_long_10.cpp	42
/home/swlab-jueon/swvul/tools/java-vuln-detection/slicing/output/CPG/c/cwe416_cpg/cwe416-384-cpg-resolved.bin	tc384_flow2	CWE416_Use_After_Free__new_delete_long_10.cpp	62	CWE416_Use_After_Free__new_delete_long_10.cpp	74
/home/swlab-jueon/swvul/tools/java-vuln-detection/slicing/output/CPG/c/cwe416_cpg/cwe416-384-cpg-resolved.bin	tc384_flow3	CWE416_Use_After_Free__new_delete_long_10.cpp	89	CWE416_Use_After_Free__new_delete_long_10.cpp	96
/home/swlab-jueon/swvul/tools/java-vuln-detection/slicing/output/CPG/c/cwe416_cpg/cwe416-385-cpg-resolved.bin	tc385_flow1	CWE416_Use_After_Free__new_delete_long_11.cpp	36	CWE416_Use_After_Free__new_delete_long_11.cpp	41
/home/swlab-jueon/swvul/tools/java-vuln-detection/slicing/output/CPG/c/cwe416_cpg/cwe416-385-cpg-resolved.bin	tc385_flow2	CWE416_Use_After_Free__new_delete_long_11.cpp	61	CWE416_Use_After_Free__new_delete_long_11.cpp	73
/home/swlab-jueon/swvul/tools/java-vuln-detection/slicing/output/CPG/c/cwe416_cpg/cwe416-385-cpg-resolved.bin	tc385_flow3	CWE416_Use_After_Free__new_delete_long_11.cpp	88	CWE416_Use_After_Free__new_delete_long_11.cpp	95
/home/swlab-jueon/swvul/tools/java-vuln-detection/slicing/output/CPG/c/cwe416_cpg/cwe416-386-cpg-resolved.bin	tc386_flow2	CWE416_Use_After_Free__new_delete_long_12.cpp	76	CWE416_Use_After_Free__new_delete_long_12.cpp	97
/home/swlab-jueon/swvul/tools/java-vuln-detection/slicing/output/CPG/c/cwe416_cpg/cwe416-387-cpg-resolved.bin	tc387_flow1	CWE416_Use_After_Free__new_delete_long_13.cpp	36	CWE416_Use_After_Free__new_delete_long_13.cpp	41
/home/swlab-jueon/swvul/tools/java-vuln-detection/slicing/output/CPG/c/cwe416_cpg/cwe416-387-cpg-resolved.bin	tc387_flow2	CWE416_Use_After_Free__new_delete_long_13.cpp	61	CWE416_Use_After_Free__new_delete_long_13.cpp	73
/home/swlab-jueon/swvul/tools/java-vuln-detection/slicing/output/CPG/c/cwe416_cpg/cwe416-387-cpg-resolved.bin	tc387_flow3	CWE416_Use_After_Free__new_delete_long_13.cpp	88	CWE416_Use_After_Free__new_delete_long_13.cpp	95
/home/swlab-jueon/swvul/tools/java-vuln-detection/slicing/output/CPG/c/cwe416_cpg/cwe416-388-cpg-resolved.bin	tc388_flow1	CWE416_Use_After_Free__new_delete_long_14.cpp	36	CWE416_Use_After_Free__new_delete_long_14.cpp	41
/home/swlab-jueon/swvul/tools/java-vuln-detection/slicing/output/CPG/c/cwe416_cpg/cwe416-388-cpg-resolved.bin	tc388_flow2	CWE416_Use_After_Free__new_delete_long_14.cpp	61	CWE416_Use_After_Free__new_delete_long_14.cpp	73
/home/swlab-jueon/swvul/tools/java-vuln-detection/slicing/output/CPG/c/cwe416_cpg/cwe416-388-cpg-resolved.bin	tc388_flow3	CWE416_Use_After_Free__new_delete_long_14.cpp	88	CWE416_Use_After_Free__new_delete_long_14.cpp	95
/home/swlab-jueon/swvul/tools/java-vuln-detection/slicing/output/CPG/c/cwe416_cpg/cwe416-389-cpg-resolved.bin	tc389_flow1	CWE416_Use_After_Free__new_delete_long_15.cpp	37	CWE416_Use_After_Free__new_delete_long_15.cpp	48
/home/swlab-jueon/swvul/tools/java-vuln-detection/slicing/output/CPG/c/cwe416_cpg/cwe416-389-cpg-resolved.bin	tc389_flow2	CWE416_Use_After_Free__new_delete_long_15.cpp	74	CWE416_Use_After_Free__new_delete_long_15.cpp	91
/home/swlab-jueon/swvul/tools/java-vuln-detection/slicing/output/CPG/c/cwe416_cpg/cwe416-389-cpg-resolved.bin	tc389_flow3	CWE416_Use_After_Free__new_delete_long_15.cpp	108	CWE416_Use_After_Free__new_delete_long_15.cpp	121
/home/swlab-jueon/swvul/tools/java-vuln-detection/slicing/output/CPG/c/cwe416_cpg/cwe416-389-cpg-resolved.bin	tc389_flow4	CWE416_Use_After_Free__new_delete_long_15.cpp	146	CWE416_Use_After_Free__new_delete_long_15.cpp	152
/home/swlab-jueon/swvul/tools/java-vuln-detection/slicing/output/CPG/c/cwe416_cpg/cwe416-389-cpg-resolved.bin	tc389_flow5	CWE416_Use_After_Free__new_delete_long_15.cpp	174	CWE416_Use_After_Free__new_delete_long_15.cpp	184
/home/swlab-jueon/swvul/tools/java-vuln-detection/slicing/output/CPG/c/cwe416_cpg/cwe416-390-cpg-resolved.bin	tc390_flow1	CWE416_Use_After_Free__new_delete_long_16.cpp	36	CWE416_Use_After_Free__new_delete_long_16.cpp	42
/home/swlab-jueon/swvul/tools/java-vuln-detection/slicing/output/CPG/c/cwe416_cpg/cwe416-390-cpg-resolved.bin	tc390_flow2	CWE416_Use_After_Free__new_delete_long_16.cpp	63	CWE416_Use_After_Free__new_delete_long_16.cpp	71
/home/swlab-jueon/swvul/tools/java-vuln-detection/slicing/output/CPG/c/cwe416_cpg/cwe416-390-cpg-resolved.bin	tc390_flow3	CWE416_Use_After_Free__new_delete_long_16.cpp	87	CWE416_Use_After_Free__new_delete_long_16.cpp	92
/home/swlab-jueon/swvul/tools/java-vuln-detection/slicing/output/CPG/c/cwe416_cpg/cwe416-391-cpg-resolved.bin	tc391_flow1	CWE416_Use_After_Free__new_delete_long_17.cpp	37	CWE416_Use_After_Free__new_delete_long_17.cpp	42
/home/swlab-jueon/swvul/tools/java-vuln-detection/slicing/output/CPG/c/cwe416_cpg/cwe416-391-cpg-resolved.bin	tc391_flow2	CWE416_Use_After_Free__new_delete_long_17.cpp	63	CWE416_Use_After_Free__new_delete_long_17.cpp	70
/home/swlab-jueon/swvul/tools/java-vuln-detection/slicing/output/CPG/c/cwe416_cpg/cwe416-392-cpg-resolved.bin	tc392_flow1	CWE416_Use_After_Free__new_delete_long_18.cpp	36	CWE416_Use_After_Free__new_delete_long_18.cpp	40
/home/swlab-jueon/swvul/tools/java-vuln-detection/slicing/output/CPG/c/cwe416_cpg/cwe416-392-cpg-resolved.bin	tc392_flow2	CWE416_Use_After_Free__new_delete_long_18.cpp	59	CWE416_Use_After_Free__new_delete_long_18.cpp	65
/home/swlab-jueon/swvul/tools/java-vuln-detection/slicing/output/CPG/c/cwe416_cpg/cwe416-392-cpg-resolved.bin	tc392_flow3	CWE416_Use_After_Free__new_delete_long_18.cpp	79	CWE416_Use_After_Free__new_delete_long_18.cpp	82
/home/swlab-jueon/swvul/tools/java-vuln-detection/slicing/output/CPG/c/cwe416_cpg/cwe416-393-cpg-resolved.bin	tc393_flow1	CWE416_Use_After_Free__new_delete_long_43.cpp	32	CWE416_Use_After_Free__new_delete_long_43.cpp	42
/home/swlab-jueon/swvul/tools/java-vuln-detection/slicing/output/CPG/c/cwe416_cpg/cwe416-393-cpg-resolved.bin	tc393_flow2	CWE416_Use_After_Free__new_delete_long_43.cpp	75	CWE416_Use_After_Free__new_delete_long_43.cpp	87
/home/swlab-jueon/swvul/tools/java-vuln-detection/slicing/output/CPG/c/cwe416_cpg/cwe416-394-cpg-resolved.bin	tc394_flow1	CWE416_Use_After_Free__new_delete_long_62b.cpp	32	CWE416_Use_After_Free__new_delete_long_62a.cpp	37
/home/swlab-jueon/swvul/tools/java-vuln-detection/slicing/output/CPG/c/cwe416_cpg/cwe416-394-cpg-resolved.bin	tc394_flow2	CWE416_Use_After_Free__new_delete_long_62b.cpp	53	CWE416_Use_After_Free__new_delete_long_62a.cpp	71
/home/swlab-jueon/swvul/tools/java-vuln-detection/slicing/output/CPG/c/cwe416_cpg/cwe416-395-cpg-resolved.bin	tc395_flow1	CWE416_Use_After_Free__new_delete_long_63a.cpp	38	CWE416_Use_After_Free__new_delete_long_63b.cpp	31
/home/swlab-jueon/swvul/tools/java-vuln-detection/slicing/output/CPG/c/cwe416_cpg/cwe416-395-cpg-resolved.bin	tc395_flow2	CWE416_Use_After_Free__new_delete_long_63a.cpp	71	CWE416_Use_After_Free__new_delete_long_63b.cpp	55
/home/swlab-jueon/swvul/tools/java-vuln-detection/slicing/output/CPG/c/cwe416_cpg/cwe416-395-cpg-resolved.bin	tc395_flow3	CWE416_Use_After_Free__new_delete_long_63a.cpp	57	CWE416_Use_After_Free__new_delete_long_63b.cpp	44
/home/swlab-jueon/swvul/tools/java-vuln-detection/slicing/output/CPG/c/cwe416_cpg/cwe416-396-cpg-resolved.bin	tc396_flow1	CWE416_Use_After_Free__new_delete_long_64a.cpp	38	CWE416_Use_After_Free__new_delete_long_64b.cpp	34
/home/swlab-jueon/swvul/tools/java-vuln-detection/slicing/output/CPG/c/cwe416_cpg/cwe416-396-cpg-resolved.bin	tc396_flow2	CWE416_Use_After_Free__new_delete_long_64a.cpp	71	CWE416_Use_After_Free__new_delete_long_64b.cpp	64
/home/swlab-jueon/swvul/tools/java-vuln-detection/slicing/output/CPG/c/cwe416_cpg/cwe416-396-cpg-resolved.bin	tc396_flow3	CWE416_Use_After_Free__new_delete_long_64a.cpp	57	CWE416_Use_After_Free__new_delete_long_64b.cpp	50
/home/swlab-jueon/swvul/tools/java-vuln-detection/slicing/output/CPG/c/cwe416_cpg/cwe416-397-cpg-resolved.bin	tc397_flow1	CWE416_Use_After_Free__new_delete_struct_01.cpp	36	CWE416_Use_After_Free__new_delete_struct_01.cpp	38
/home/swlab-jueon/swvul/tools/java-vuln-detection/slicing/output/CPG/c/cwe416_cpg/cwe416-397-cpg-resolved.bin	tc397_flow2	CWE416_Use_After_Free__new_delete_struct_01.cpp	71	CWE416_Use_After_Free__new_delete_struct_01.cpp	75
/home/swlab-jueon/swvul/tools/java-vuln-detection/slicing/output/CPG/c/cwe416_cpg/cwe416-398-cpg-resolved.bin	tc398_flow1	CWE416_Use_After_Free__new_delete_struct_02.cpp	38	CWE416_Use_After_Free__new_delete_struct_02.cpp	43
/home/swlab-jueon/swvul/tools/java-vuln-detection/slicing/output/CPG/c/cwe416_cpg/cwe416-398-cpg-resolved.bin	tc398_flow2	CWE416_Use_After_Free__new_delete_struct_02.cpp	64	CWE416_Use_After_Free__new_delete_struct_02.cpp	76
/home/swlab-jueon/swvul/tools/java-vuln-detection/slicing/output/CPG/c/cwe416_cpg/cwe416-398-cpg-resolved.bin	tc398_flow3	CWE416_Use_After_Free__new_delete_struct_02.cpp	92	CWE416_Use_After_Free__new_delete_struct_02.cpp	99
/home/swlab-jueon/swvul/tools/java-vuln-detection/slicing/output/CPG/c/cwe416_cpg/cwe416-399-cpg-resolved.bin	tc399_flow1	CWE416_Use_After_Free__new_delete_struct_03.cpp	38	CWE416_Use_After_Free__new_delete_struct_03.cpp	43
/home/swlab-jueon/swvul/tools/java-vuln-detection/slicing/output/CPG/c/cwe416_cpg/cwe416-399-cpg-resolved.bin	tc399_flow2	CWE416_Use_After_Free__new_delete_struct_03.cpp	64	CWE416_Use_After_Free__new_delete_struct_03.cpp	76
/home/swlab-jueon/swvul/tools/java-vuln-detection/slicing/output/CPG/c/cwe416_cpg/cwe416-399-cpg-resolved.bin	tc399_flow3	CWE416_Use_After_Free__new_delete_struct_03.cpp	92	CWE416_Use_After_Free__new_delete_struct_03.cpp	99
/home/swlab-jueon/swvul/tools/java-vuln-detection/slicing/output/CPG/c/cwe416_cpg/cwe416-400-cpg-resolved.bin	tc400_flow1	CWE416_Use_After_Free__new_delete_struct_04.cpp	44	CWE416_Use_After_Free__new_delete_struct_04.cpp	49
/home/swlab-jueon/swvul/tools/java-vuln-detection/slicing/output/CPG/c/cwe416_cpg/cwe416-400-cpg-resolved.bin	tc400_flow2	CWE416_Use_After_Free__new_delete_struct_04.cpp	70	CWE416_Use_After_Free__new_delete_struct_04.cpp	82
/home/swlab-jueon/swvul/tools/java-vuln-detection/slicing/output/CPG/c/cwe416_cpg/cwe416-400-cpg-resolved.bin	tc400_flow3	CWE416_Use_After_Free__new_delete_struct_04.cpp	98	CWE416_Use_After_Free__new_delete_struct_04.cpp	105
/home/swlab-jueon/swvul/tools/java-vuln-detection/slicing/output/CPG/c/cwe416_cpg/cwe416-401-cpg-resolved.bin	tc401_flow1	CWE416_Use_After_Free__new_delete_struct_05.cpp	44	CWE416_Use_After_Free__new_delete_struct_05.cpp	49
/home/swlab-jueon/swvul/tools/java-vuln-detection/slicing/output/CPG/c/cwe416_cpg/cwe416-401-cpg-resolved.bin	tc401_flow2	CWE416_Use_After_Free__new_delete_struct_05.cpp	70	CWE416_Use_After_Free__new_delete_struct_05.cpp	82
/home/swlab-jueon/swvul/tools/java-vuln-detection/slicing/output/CPG/c/cwe416_cpg/cwe416-401-cpg-resolved.bin	tc401_flow3	CWE416_Use_After_Free__new_delete_struct_05.cpp	98	CWE416_Use_After_Free__new_delete_struct_05.cpp	105
/home/swlab-jueon/swvul/tools/java-vuln-detection/slicing/output/CPG/c/cwe416_cpg/cwe416-402-cpg-resolved.bin	tc402_flow1	CWE416_Use_After_Free__new_delete_struct_06.cpp	43	CWE416_Use_After_Free__new_delete_struct_06.cpp	48
/home/swlab-jueon/swvul/tools/java-vuln-detection/slicing/output/CPG/c/cwe416_cpg/cwe416-402-cpg-resolved.bin	tc402_flow2	CWE416_Use_After_Free__new_delete_struct_06.cpp	69	CWE416_Use_After_Free__new_delete_struct_06.cpp	81
/home/swlab-jueon/swvul/tools/java-vuln-detection/slicing/output/CPG/c/cwe416_cpg/cwe416-402-cpg-resolved.bin	tc402_flow3	CWE416_Use_After_Free__new_delete_struct_06.cpp	97	CWE416_Use_After_Free__new_delete_struct_06.cpp	104
/home/swlab-jueon/swvul/tools/java-vuln-detection/slicing/output/CPG/c/cwe416_cpg/cwe416-403-cpg-resolved.bin	tc403_flow1	CWE416_Use_After_Free__new_delete_struct_07.cpp	43	CWE416_Use_After_Free__new_delete_struct_07.cpp	48
/home/swlab-jueon/swvul/tools/java-vuln-detection/slicing/output/CPG/c/cwe416_cpg/cwe416-403-cpg-resolved.bin	tc403_flow2	CWE416_Use_After_Free__new_delete_struct_07.cpp	69	CWE416_Use_After_Free__new_delete_struct_07.cpp	81
/home/swlab-jueon/swvul/tools/java-vuln-detection/slicing/output/CPG/c/cwe416_cpg/cwe416-403-cpg-resolved.bin	tc403_flow3	CWE416_Use_After_Free__new_delete_struct_07.cpp	97	CWE416_Use_After_Free__new_delete_struct_07.cpp	104
/home/swlab-jueon/swvul/tools/java-vuln-detection/slicing/output/CPG/c/cwe416_cpg/cwe416-404-cpg-resolved.bin	tc404_flow1	CWE416_Use_After_Free__new_delete_struct_08.cpp	51	CWE416_Use_After_Free__new_delete_struct_08.cpp	56
/home/swlab-jueon/swvul/tools/java-vuln-detection/slicing/output/CPG/c/cwe416_cpg/cwe416-404-cpg-resolved.bin	tc404_flow2	CWE416_Use_After_Free__new_delete_struct_08.cpp	77	CWE416_Use_After_Free__new_delete_struct_08.cpp	89
/home/swlab-jueon/swvul/tools/java-vuln-detection/slicing/output/CPG/c/cwe416_cpg/cwe416-404-cpg-resolved.bin	tc404_flow3	CWE416_Use_After_Free__new_delete_struct_08.cpp	105	CWE416_Use_After_Free__new_delete_struct_08.cpp	112
/home/swlab-jueon/swvul/tools/java-vuln-detection/slicing/output/CPG/c/cwe416_cpg/cwe416-405-cpg-resolved.bin	tc405_flow1	CWE416_Use_After_Free__new_delete_struct_09.cpp	38	CWE416_Use_After_Free__new_delete_struct_09.cpp	43
/home/swlab-jueon/swvul/tools/java-vuln-detection/slicing/output/CPG/c/cwe416_cpg/cwe416-405-cpg-resolved.bin	tc405_flow2	CWE416_Use_After_Free__new_delete_struct_09.cpp	64	CWE416_Use_After_Free__new_delete_struct_09.cpp	76
/home/swlab-jueon/swvul/tools/java-vuln-detection/slicing/output/CPG/c/cwe416_cpg/cwe416-405-cpg-resolved.bin	tc405_flow3	CWE416_Use_After_Free__new_delete_struct_09.cpp	92	CWE416_Use_After_Free__new_delete_struct_09.cpp	99
/home/swlab-jueon/swvul/tools/java-vuln-detection/slicing/output/CPG/c/cwe416_cpg/cwe416-406-cpg-resolved.bin	tc406_flow1	CWE416_Use_After_Free__new_delete_struct_10.cpp	38	CWE416_Use_After_Free__new_delete_struct_10.cpp	43
/home/swlab-jueon/swvul/tools/java-vuln-detection/slicing/output/CPG/c/cwe416_cpg/cwe416-406-cpg-resolved.bin	tc406_flow2	CWE416_Use_After_Free__new_delete_struct_10.cpp	64	CWE416_Use_After_Free__new_delete_struct_10.cpp	76
/home/swlab-jueon/swvul/tools/java-vuln-detection/slicing/output/CPG/c/cwe416_cpg/cwe416-406-cpg-resolved.bin	tc406_flow3	CWE416_Use_After_Free__new_delete_struct_10.cpp	92	CWE416_Use_After_Free__new_delete_struct_10.cpp	99
/home/swlab-jueon/swvul/tools/java-vuln-detection/slicing/output/CPG/c/cwe416_cpg/cwe416-407-cpg-resolved.bin	tc407_flow1	CWE416_Use_After_Free__new_delete_struct_11.cpp	37	CWE416_Use_After_Free__new_delete_struct_11.cpp	42
/home/swlab-jueon/swvul/tools/java-vuln-detection/slicing/output/CPG/c/cwe416_cpg/cwe416-407-cpg-resolved.bin	tc407_flow2	CWE416_Use_After_Free__new_delete_struct_11.cpp	63	CWE416_Use_After_Free__new_delete_struct_11.cpp	75
/home/swlab-jueon/swvul/tools/java-vuln-detection/slicing/output/CPG/c/cwe416_cpg/cwe416-407-cpg-resolved.bin	tc407_flow3	CWE416_Use_After_Free__new_delete_struct_11.cpp	91	CWE416_Use_After_Free__new_delete_struct_11.cpp	98
/home/swlab-jueon/swvul/tools/java-vuln-detection/slicing/output/CPG/c/cwe416_cpg/cwe416-408-cpg-resolved.bin	tc408_flow2	CWE416_Use_After_Free__new_delete_struct_12.cpp	79	CWE416_Use_After_Free__new_delete_struct_12.cpp	101
/home/swlab-jueon/swvul/tools/java-vuln-detection/slicing/output/CPG/c/cwe416_cpg/cwe416-409-cpg-resolved.bin	tc409_flow1	CWE416_Use_After_Free__new_delete_struct_13.cpp	37	CWE416_Use_After_Free__new_delete_struct_13.cpp	42
/home/swlab-jueon/swvul/tools/java-vuln-detection/slicing/output/CPG/c/cwe416_cpg/cwe416-409-cpg-resolved.bin	tc409_flow2	CWE416_Use_After_Free__new_delete_struct_13.cpp	63	CWE416_Use_After_Free__new_delete_struct_13.cpp	75
/home/swlab-jueon/swvul/tools/java-vuln-detection/slicing/output/CPG/c/cwe416_cpg/cwe416-409-cpg-resolved.bin	tc409_flow3	CWE416_Use_After_Free__new_delete_struct_13.cpp	91	CWE416_Use_After_Free__new_delete_struct_13.cpp	98
/home/swlab-jueon/swvul/tools/java-vuln-detection/slicing/output/CPG/c/cwe416_cpg/cwe416-410-cpg-resolved.bin	tc410_flow1	CWE416_Use_After_Free__new_delete_struct_14.cpp	37	CWE416_Use_After_Free__new_delete_struct_14.cpp	42
/home/swlab-jueon/swvul/tools/java-vuln-detection/slicing/output/CPG/c/cwe416_cpg/cwe416-410-cpg-resolved.bin	tc410_flow2	CWE416_Use_After_Free__new_delete_struct_14.cpp	63	CWE416_Use_After_Free__new_delete_struct_14.cpp	75
/home/swlab-jueon/swvul/tools/java-vuln-detection/slicing/output/CPG/c/cwe416_cpg/cwe416-410-cpg-resolved.bin	tc410_flow3	CWE416_Use_After_Free__new_delete_struct_14.cpp	91	CWE416_Use_After_Free__new_delete_struct_14.cpp	98
/home/swlab-jueon/swvul/tools/java-vuln-detection/slicing/output/CPG/c/cwe416_cpg/cwe416-411-cpg-resolved.bin	tc411_flow1	CWE416_Use_After_Free__new_delete_struct_15.cpp	38	CWE416_Use_After_Free__new_delete_struct_15.cpp	49
/home/swlab-jueon/swvul/tools/java-vuln-detection/slicing/output/CPG/c/cwe416_cpg/cwe416-411-cpg-resolved.bin	tc411_flow2	CWE416_Use_After_Free__new_delete_struct_15.cpp	76	CWE416_Use_After_Free__new_delete_struct_15.cpp	93
/home/swlab-jueon/swvul/tools/java-vuln-detection/slicing/output/CPG/c/cwe416_cpg/cwe416-411-cpg-resolved.bin	tc411_flow3	CWE416_Use_After_Free__new_delete_struct_15.cpp	111	CWE416_Use_After_Free__new_delete_struct_15.cpp	124
/home/swlab-jueon/swvul/tools/java-vuln-detection/slicing/output/CPG/c/cwe416_cpg/cwe416-411-cpg-resolved.bin	tc411_flow4	CWE416_Use_After_Free__new_delete_struct_15.cpp	150	CWE416_Use_After_Free__new_delete_struct_15.cpp	156
/home/swlab-jueon/swvul/tools/java-vuln-detection/slicing/output/CPG/c/cwe416_cpg/cwe416-411-cpg-resolved.bin	tc411_flow5	CWE416_Use_After_Free__new_delete_struct_15.cpp	179	CWE416_Use_After_Free__new_delete_struct_15.cpp	189
/home/swlab-jueon/swvul/tools/java-vuln-detection/slicing/output/CPG/c/cwe416_cpg/cwe416-412-cpg-resolved.bin	tc412_flow1	CWE416_Use_After_Free__new_delete_struct_16.cpp	37	CWE416_Use_After_Free__new_delete_struct_16.cpp	43
/home/swlab-jueon/swvul/tools/java-vuln-detection/slicing/output/CPG/c/cwe416_cpg/cwe416-412-cpg-resolved.bin	tc412_flow2	CWE416_Use_After_Free__new_delete_struct_16.cpp	65	CWE416_Use_After_Free__new_delete_struct_16.cpp	73
/home/swlab-jueon/swvul/tools/java-vuln-detection/slicing/output/CPG/c/cwe416_cpg/cwe416-412-cpg-resolved.bin	tc412_flow3	CWE416_Use_After_Free__new_delete_struct_16.cpp	90	CWE416_Use_After_Free__new_delete_struct_16.cpp	95
/home/swlab-jueon/swvul/tools/java-vuln-detection/slicing/output/CPG/c/cwe416_cpg/cwe416-413-cpg-resolved.bin	tc413_flow1	CWE416_Use_After_Free__new_delete_struct_17.cpp	38	CWE416_Use_After_Free__new_delete_struct_17.cpp	43
/home/swlab-jueon/swvul/tools/java-vuln-detection/slicing/output/CPG/c/cwe416_cpg/cwe416-413-cpg-resolved.bin	tc413_flow2	CWE416_Use_After_Free__new_delete_struct_17.cpp	65	CWE416_Use_After_Free__new_delete_struct_17.cpp	72
/home/swlab-jueon/swvul/tools/java-vuln-detection/slicing/output/CPG/c/cwe416_cpg/cwe416-414-cpg-resolved.bin	tc414_flow1	CWE416_Use_After_Free__new_delete_struct_18.cpp	37	CWE416_Use_After_Free__new_delete_struct_18.cpp	41
/home/swlab-jueon/swvul/tools/java-vuln-detection/slicing/output/CPG/c/cwe416_cpg/cwe416-414-cpg-resolved.bin	tc414_flow2	CWE416_Use_After_Free__new_delete_struct_18.cpp	61	CWE416_Use_After_Free__new_delete_struct_18.cpp	67
/home/swlab-jueon/swvul/tools/java-vuln-detection/slicing/output/CPG/c/cwe416_cpg/cwe416-414-cpg-resolved.bin	tc414_flow3	CWE416_Use_After_Free__new_delete_struct_18.cpp	82	CWE416_Use_After_Free__new_delete_struct_18.cpp	85
/home/swlab-jueon/swvul/tools/java-vuln-detection/slicing/output/CPG/c/cwe416_cpg/cwe416-415-cpg-resolved.bin	tc415_flow1	CWE416_Use_After_Free__new_delete_struct_43.cpp	33	CWE416_Use_After_Free__new_delete_struct_43.cpp	43
/home/swlab-jueon/swvul/tools/java-vuln-detection/slicing/output/CPG/c/cwe416_cpg/cwe416-415-cpg-resolved.bin	tc415_flow2	CWE416_Use_After_Free__new_delete_struct_43.cpp	78	CWE416_Use_After_Free__new_delete_struct_43.cpp	90
/home/swlab-jueon/swvul/tools/java-vuln-detection/slicing/output/CPG/c/cwe416_cpg/cwe416-416-cpg-resolved.bin	tc416_flow1	CWE416_Use_After_Free__new_delete_struct_62b.cpp	33	CWE416_Use_After_Free__new_delete_struct_62a.cpp	37
/home/swlab-jueon/swvul/tools/java-vuln-detection/slicing/output/CPG/c/cwe416_cpg/cwe416-416-cpg-resolved.bin	tc416_flow2	CWE416_Use_After_Free__new_delete_struct_62b.cpp	56	CWE416_Use_After_Free__new_delete_struct_62a.cpp	71
/home/swlab-jueon/swvul/tools/java-vuln-detection/slicing/output/CPG/c/cwe416_cpg/cwe416-417-cpg-resolved.bin	tc417_flow1	CWE416_Use_After_Free__new_delete_struct_63a.cpp	39	CWE416_Use_After_Free__new_delete_struct_63b.cpp	31
/home/swlab-jueon/swvul/tools/java-vuln-detection/slicing/output/CPG/c/cwe416_cpg/cwe416-417-cpg-resolved.bin	tc417_flow2	CWE416_Use_After_Free__new_delete_struct_63a.cpp	74	CWE416_Use_After_Free__new_delete_struct_63b.cpp	55
/home/swlab-jueon/swvul/tools/java-vuln-detection/slicing/output/CPG/c/cwe416_cpg/cwe416-417-cpg-resolved.bin	tc417_flow3	CWE416_Use_After_Free__new_delete_struct_63a.cpp	59	CWE416_Use_After_Free__new_delete_struct_63b.cpp	44
/home/swlab-jueon/swvul/tools/java-vuln-detection/slicing/output/CPG/c/cwe416_cpg/cwe416-418-cpg-resolved.bin	tc418_flow1	CWE416_Use_After_Free__new_delete_struct_64a.cpp	39	CWE416_Use_After_Free__new_delete_struct_64b.cpp	34
/home/swlab-jueon/swvul/tools/java-vuln-detection/slicing/output/CPG/c/cwe416_cpg/cwe416-418-cpg-resolved.bin	tc418_flow2	CWE416_Use_After_Free__new_delete_struct_64a.cpp	74	CWE416_Use_After_Free__new_delete_struct_64b.cpp	64
/home/swlab-jueon/swvul/tools/java-vuln-detection/slicing/output/CPG/c/cwe416_cpg/cwe416-418-cpg-resolved.bin	tc418_flow3	CWE416_Use_After_Free__new_delete_struct_64a.cpp	59	CWE416_Use_After_Free__new_delete_struct_64b.cpp	50
/home/swlab-jueon/swvul/tools/java-vuln-detection/slicing/output/CPG/c/cwe416_cpg/cwe416-419-cpg-resolved.bin	tc419_flow1	CWE416_Use_After_Free__new_delete_wchar_t_01.cpp	35	CWE416_Use_After_Free__new_delete_wchar_t_01.cpp	37
/home/swlab-jueon/swvul/tools/java-vuln-detection/slicing/output/CPG/c/cwe416_cpg/cwe416-419-cpg-resolved.bin	tc419_flow2	CWE416_Use_After_Free__new_delete_wchar_t_01.cpp	68	CWE416_Use_After_Free__new_delete_wchar_t_01.cpp	72
/home/swlab-jueon/swvul/tools/java-vuln-detection/slicing/output/CPG/c/cwe416_cpg/cwe416-420-cpg-resolved.bin	tc420_flow1	CWE416_Use_After_Free__new_delete_wchar_t_02.cpp	37	CWE416_Use_After_Free__new_delete_wchar_t_02.cpp	42
/home/swlab-jueon/swvul/tools/java-vuln-detection/slicing/output/CPG/c/cwe416_cpg/cwe416-420-cpg-resolved.bin	tc420_flow2	CWE416_Use_After_Free__new_delete_wchar_t_02.cpp	62	CWE416_Use_After_Free__new_delete_wchar_t_02.cpp	74
/home/swlab-jueon/swvul/tools/java-vuln-detection/slicing/output/CPG/c/cwe416_cpg/cwe416-420-cpg-resolved.bin	tc420_flow3	CWE416_Use_After_Free__new_delete_wchar_t_02.cpp	89	CWE416_Use_After_Free__new_delete_wchar_t_02.cpp	96
/home/swlab-jueon/swvul/tools/java-vuln-detection/slicing/output/CPG/c/cwe416_cpg/cwe416-421-cpg-resolved.bin	tc421_flow1	CWE416_Use_After_Free__new_delete_wchar_t_03.cpp	37	CWE416_Use_After_Free__new_delete_wchar_t_03.cpp	42
/home/swlab-jueon/swvul/tools/java-vuln-detection/slicing/output/CPG/c/cwe416_cpg/cwe416-421-cpg-resolved.bin	tc421_flow2	CWE416_Use_After_Free__new_delete_wchar_t_03.cpp	62	CWE416_Use_After_Free__new_delete_wchar_t_03.cpp	74
/home/swlab-jueon/swvul/tools/java-vuln-detection/slicing/output/CPG/c/cwe416_cpg/cwe416-421-cpg-resolved.bin	tc421_flow3	CWE416_Use_After_Free__new_delete_wchar_t_03.cpp	89	CWE416_Use_After_Free__new_delete_wchar_t_03.cpp	96
/home/swlab-jueon/swvul/tools/java-vuln-detection/slicing/output/CPG/c/cwe416_cpg/cwe416-422-cpg-resolved.bin	tc422_flow1	CWE416_Use_After_Free__new_delete_wchar_t_04.cpp	43	CWE416_Use_After_Free__new_delete_wchar_t_04.cpp	48
/home/swlab-jueon/swvul/tools/java-vuln-detection/slicing/output/CPG/c/cwe416_cpg/cwe416-422-cpg-resolved.bin	tc422_flow2	CWE416_Use_After_Free__new_delete_wchar_t_04.cpp	68	CWE416_Use_After_Free__new_delete_wchar_t_04.cpp	80
/home/swlab-jueon/swvul/tools/java-vuln-detection/slicing/output/CPG/c/cwe416_cpg/cwe416-422-cpg-resolved.bin	tc422_flow3	CWE416_Use_After_Free__new_delete_wchar_t_04.cpp	95	CWE416_Use_After_Free__new_delete_wchar_t_04.cpp	102
/home/swlab-jueon/swvul/tools/java-vuln-detection/slicing/output/CPG/c/cwe416_cpg/cwe416-423-cpg-resolved.bin	tc423_flow1	CWE416_Use_After_Free__new_delete_wchar_t_05.cpp	43	CWE416_Use_After_Free__new_delete_wchar_t_05.cpp	48
/home/swlab-jueon/swvul/tools/java-vuln-detection/slicing/output/CPG/c/cwe416_cpg/cwe416-423-cpg-resolved.bin	tc423_flow2	CWE416_Use_After_Free__new_delete_wchar_t_05.cpp	68	CWE416_Use_After_Free__new_delete_wchar_t_05.cpp	80
/home/swlab-jueon/swvul/tools/java-vuln-detection/slicing/output/CPG/c/cwe416_cpg/cwe416-423-cpg-resolved.bin	tc423_flow3	CWE416_Use_After_Free__new_delete_wchar_t_05.cpp	95	CWE416_Use_After_Free__new_delete_wchar_t_05.cpp	102
/home/swlab-jueon/swvul/tools/java-vuln-detection/slicing/output/CPG/c/cwe416_cpg/cwe416-424-cpg-resolved.bin	tc424_flow1	CWE416_Use_After_Free__new_delete_wchar_t_06.cpp	42	CWE416_Use_After_Free__new_delete_wchar_t_06.cpp	47
/home/swlab-jueon/swvul/tools/java-vuln-detection/slicing/output/CPG/c/cwe416_cpg/cwe416-424-cpg-resolved.bin	tc424_flow2	CWE416_Use_After_Free__new_delete_wchar_t_06.cpp	67	CWE416_Use_After_Free__new_delete_wchar_t_06.cpp	79
/home/swlab-jueon/swvul/tools/java-vuln-detection/slicing/output/CPG/c/cwe416_cpg/cwe416-424-cpg-resolved.bin	tc424_flow3	CWE416_Use_After_Free__new_delete_wchar_t_06.cpp	94	CWE416_Use_After_Free__new_delete_wchar_t_06.cpp	101
/home/swlab-jueon/swvul/tools/java-vuln-detection/slicing/output/CPG/c/cwe416_cpg/cwe416-425-cpg-resolved.bin	tc425_flow1	CWE416_Use_After_Free__new_delete_wchar_t_07.cpp	42	CWE416_Use_After_Free__new_delete_wchar_t_07.cpp	47
/home/swlab-jueon/swvul/tools/java-vuln-detection/slicing/output/CPG/c/cwe416_cpg/cwe416-425-cpg-resolved.bin	tc425_flow2	CWE416_Use_After_Free__new_delete_wchar_t_07.cpp	67	CWE416_Use_After_Free__new_delete_wchar_t_07.cpp	79
/home/swlab-jueon/swvul/tools/java-vuln-detection/slicing/output/CPG/c/cwe416_cpg/cwe416-425-cpg-resolved.bin	tc425_flow3	CWE416_Use_After_Free__new_delete_wchar_t_07.cpp	94	CWE416_Use_After_Free__new_delete_wchar_t_07.cpp	101
/home/swlab-jueon/swvul/tools/java-vuln-detection/slicing/output/CPG/c/cwe416_cpg/cwe416-426-cpg-resolved.bin	tc426_flow1	CWE416_Use_After_Free__new_delete_wchar_t_08.cpp	50	CWE416_Use_After_Free__new_delete_wchar_t_08.cpp	55
/home/swlab-jueon/swvul/tools/java-vuln-detection/slicing/output/CPG/c/cwe416_cpg/cwe416-426-cpg-resolved.bin	tc426_flow2	CWE416_Use_After_Free__new_delete_wchar_t_08.cpp	75	CWE416_Use_After_Free__new_delete_wchar_t_08.cpp	87
/home/swlab-jueon/swvul/tools/java-vuln-detection/slicing/output/CPG/c/cwe416_cpg/cwe416-426-cpg-resolved.bin	tc426_flow3	CWE416_Use_After_Free__new_delete_wchar_t_08.cpp	102	CWE416_Use_After_Free__new_delete_wchar_t_08.cpp	109
/home/swlab-jueon/swvul/tools/java-vuln-detection/slicing/output/CPG/c/cwe416_cpg/cwe416-427-cpg-resolved.bin	tc427_flow1	CWE416_Use_After_Free__new_delete_wchar_t_09.cpp	37	CWE416_Use_After_Free__new_delete_wchar_t_09.cpp	42
/home/swlab-jueon/swvul/tools/java-vuln-detection/slicing/output/CPG/c/cwe416_cpg/cwe416-427-cpg-resolved.bin	tc427_flow2	CWE416_Use_After_Free__new_delete_wchar_t_09.cpp	62	CWE416_Use_After_Free__new_delete_wchar_t_09.cpp	74
/home/swlab-jueon/swvul/tools/java-vuln-detection/slicing/output/CPG/c/cwe416_cpg/cwe416-427-cpg-resolved.bin	tc427_flow3	CWE416_Use_After_Free__new_delete_wchar_t_09.cpp	89	CWE416_Use_After_Free__new_delete_wchar_t_09.cpp	96
/home/swlab-jueon/swvul/tools/java-vuln-detection/slicing/output/CPG/c/cwe416_cpg/cwe416-428-cpg-resolved.bin	tc428_flow1	CWE416_Use_After_Free__new_delete_wchar_t_10.cpp	37	CWE416_Use_After_Free__new_delete_wchar_t_10.cpp	42
/home/swlab-jueon/swvul/tools/java-vuln-detection/slicing/output/CPG/c/cwe416_cpg/cwe416-428-cpg-resolved.bin	tc428_flow2	CWE416_Use_After_Free__new_delete_wchar_t_10.cpp	62	CWE416_Use_After_Free__new_delete_wchar_t_10.cpp	74
/home/swlab-jueon/swvul/tools/java-vuln-detection/slicing/output/CPG/c/cwe416_cpg/cwe416-428-cpg-resolved.bin	tc428_flow3	CWE416_Use_After_Free__new_delete_wchar_t_10.cpp	89	CWE416_Use_After_Free__new_delete_wchar_t_10.cpp	96
/home/swlab-jueon/swvul/tools/java-vuln-detection/slicing/output/CPG/c/cwe416_cpg/cwe416-429-cpg-resolved.bin	tc429_flow1	CWE416_Use_After_Free__new_delete_wchar_t_11.cpp	36	CWE416_Use_After_Free__new_delete_wchar_t_11.cpp	41
/home/swlab-jueon/swvul/tools/java-vuln-detection/slicing/output/CPG/c/cwe416_cpg/cwe416-429-cpg-resolved.bin	tc429_flow2	CWE416_Use_After_Free__new_delete_wchar_t_11.cpp	61	CWE416_Use_After_Free__new_delete_wchar_t_11.cpp	73
/home/swlab-jueon/swvul/tools/java-vuln-detection/slicing/output/CPG/c/cwe416_cpg/cwe416-429-cpg-resolved.bin	tc429_flow3	CWE416_Use_After_Free__new_delete_wchar_t_11.cpp	88	CWE416_Use_After_Free__new_delete_wchar_t_11.cpp	95
/home/swlab-jueon/swvul/tools/java-vuln-detection/slicing/output/CPG/c/cwe416_cpg/cwe416-430-cpg-resolved.bin	tc430_flow2	CWE416_Use_After_Free__new_delete_wchar_t_12.cpp	76	CWE416_Use_After_Free__new_delete_wchar_t_12.cpp	97
/home/swlab-jueon/swvul/tools/java-vuln-detection/slicing/output/CPG/c/cwe416_cpg/cwe416-431-cpg-resolved.bin	tc431_flow1	CWE416_Use_After_Free__new_delete_wchar_t_13.cpp	36	CWE416_Use_After_Free__new_delete_wchar_t_13.cpp	41
/home/swlab-jueon/swvul/tools/java-vuln-detection/slicing/output/CPG/c/cwe416_cpg/cwe416-431-cpg-resolved.bin	tc431_flow2	CWE416_Use_After_Free__new_delete_wchar_t_13.cpp	61	CWE416_Use_After_Free__new_delete_wchar_t_13.cpp	73
/home/swlab-jueon/swvul/tools/java-vuln-detection/slicing/output/CPG/c/cwe416_cpg/cwe416-431-cpg-resolved.bin	tc431_flow3	CWE416_Use_After_Free__new_delete_wchar_t_13.cpp	88	CWE416_Use_After_Free__new_delete_wchar_t_13.cpp	95
/home/swlab-jueon/swvul/tools/java-vuln-detection/slicing/output/CPG/c/cwe416_cpg/cwe416-432-cpg-resolved.bin	tc432_flow1	CWE416_Use_After_Free__new_delete_wchar_t_14.cpp	36	CWE416_Use_After_Free__new_delete_wchar_t_14.cpp	41
/home/swlab-jueon/swvul/tools/java-vuln-detection/slicing/output/CPG/c/cwe416_cpg/cwe416-432-cpg-resolved.bin	tc432_flow2	CWE416_Use_After_Free__new_delete_wchar_t_14.cpp	61	CWE416_Use_After_Free__new_delete_wchar_t_14.cpp	73
/home/swlab-jueon/swvul/tools/java-vuln-detection/slicing/output/CPG/c/cwe416_cpg/cwe416-432-cpg-resolved.bin	tc432_flow3	CWE416_Use_After_Free__new_delete_wchar_t_14.cpp	88	CWE416_Use_After_Free__new_delete_wchar_t_14.cpp	95
/home/swlab-jueon/swvul/tools/java-vuln-detection/slicing/output/CPG/c/cwe416_cpg/cwe416-433-cpg-resolved.bin	tc433_flow1	CWE416_Use_After_Free__new_delete_wchar_t_15.cpp	37	CWE416_Use_After_Free__new_delete_wchar_t_15.cpp	48
/home/swlab-jueon/swvul/tools/java-vuln-detection/slicing/output/CPG/c/cwe416_cpg/cwe416-433-cpg-resolved.bin	tc433_flow2	CWE416_Use_After_Free__new_delete_wchar_t_15.cpp	74	CWE416_Use_After_Free__new_delete_wchar_t_15.cpp	91
/home/swlab-jueon/swvul/tools/java-vuln-detection/slicing/output/CPG/c/cwe416_cpg/cwe416-433-cpg-resolved.bin	tc433_flow3	CWE416_Use_After_Free__new_delete_wchar_t_15.cpp	108	CWE416_Use_After_Free__new_delete_wchar_t_15.cpp	121
/home/swlab-jueon/swvul/tools/java-vuln-detection/slicing/output/CPG/c/cwe416_cpg/cwe416-433-cpg-resolved.bin	tc433_flow4	CWE416_Use_After_Free__new_delete_wchar_t_15.cpp	146	CWE416_Use_After_Free__new_delete_wchar_t_15.cpp	152
/home/swlab-jueon/swvul/tools/java-vuln-detection/slicing/output/CPG/c/cwe416_cpg/cwe416-433-cpg-resolved.bin	tc433_flow5	CWE416_Use_After_Free__new_delete_wchar_t_15.cpp	174	CWE416_Use_After_Free__new_delete_wchar_t_15.cpp	184
/home/swlab-jueon/swvul/tools/java-vuln-detection/slicing/output/CPG/c/cwe416_cpg/cwe416-434-cpg-resolved.bin	tc434_flow1	CWE416_Use_After_Free__new_delete_wchar_t_16.cpp	36	CWE416_Use_After_Free__new_delete_wchar_t_16.cpp	42
/home/swlab-jueon/swvul/tools/java-vuln-detection/slicing/output/CPG/c/cwe416_cpg/cwe416-434-cpg-resolved.bin	tc434_flow2	CWE416_Use_After_Free__new_delete_wchar_t_16.cpp	63	CWE416_Use_After_Free__new_delete_wchar_t_16.cpp	71
/home/swlab-jueon/swvul/tools/java-vuln-detection/slicing/output/CPG/c/cwe416_cpg/cwe416-434-cpg-resolved.bin	tc434_flow3	CWE416_Use_After_Free__new_delete_wchar_t_16.cpp	87	CWE416_Use_After_Free__new_delete_wchar_t_16.cpp	92
/home/swlab-jueon/swvul/tools/java-vuln-detection/slicing/output/CPG/c/cwe416_cpg/cwe416-435-cpg-resolved.bin	tc435_flow1	CWE416_Use_After_Free__new_delete_wchar_t_17.cpp	37	CWE416_Use_After_Free__new_delete_wchar_t_17.cpp	42
/home/swlab-jueon/swvul/tools/java-vuln-detection/slicing/output/CPG/c/cwe416_cpg/cwe416-435-cpg-resolved.bin	tc435_flow2	CWE416_Use_After_Free__new_delete_wchar_t_17.cpp	63	CWE416_Use_After_Free__new_delete_wchar_t_17.cpp	70
/home/swlab-jueon/swvul/tools/java-vuln-detection/slicing/output/CPG/c/cwe416_cpg/cwe416-436-cpg-resolved.bin	tc436_flow1	CWE416_Use_After_Free__new_delete_wchar_t_18.cpp	36	CWE416_Use_After_Free__new_delete_wchar_t_18.cpp	40
/home/swlab-jueon/swvul/tools/java-vuln-detection/slicing/output/CPG/c/cwe416_cpg/cwe416-436-cpg-resolved.bin	tc436_flow2	CWE416_Use_After_Free__new_delete_wchar_t_18.cpp	59	CWE416_Use_After_Free__new_delete_wchar_t_18.cpp	65
/home/swlab-jueon/swvul/tools/java-vuln-detection/slicing/output/CPG/c/cwe416_cpg/cwe416-436-cpg-resolved.bin	tc436_flow3	CWE416_Use_After_Free__new_delete_wchar_t_18.cpp	79	CWE416_Use_After_Free__new_delete_wchar_t_18.cpp	82
/home/swlab-jueon/swvul/tools/java-vuln-detection/slicing/output/CPG/c/cwe416_cpg/cwe416-437-cpg-resolved.bin	tc437_flow1	CWE416_Use_After_Free__new_delete_wchar_t_43.cpp	32	CWE416_Use_After_Free__new_delete_wchar_t_43.cpp	42
/home/swlab-jueon/swvul/tools/java-vuln-detection/slicing/output/CPG/c/cwe416_cpg/cwe416-437-cpg-resolved.bin	tc437_flow2	CWE416_Use_After_Free__new_delete_wchar_t_43.cpp	75	CWE416_Use_After_Free__new_delete_wchar_t_43.cpp	87
/home/swlab-jueon/swvul/tools/java-vuln-detection/slicing/output/CPG/c/cwe416_cpg/cwe416-438-cpg-resolved.bin	tc438_flow1	CWE416_Use_After_Free__new_delete_wchar_t_62b.cpp	32	CWE416_Use_After_Free__new_delete_wchar_t_62a.cpp	37
/home/swlab-jueon/swvul/tools/java-vuln-detection/slicing/output/CPG/c/cwe416_cpg/cwe416-438-cpg-resolved.bin	tc438_flow2	CWE416_Use_After_Free__new_delete_wchar_t_62b.cpp	53	CWE416_Use_After_Free__new_delete_wchar_t_62a.cpp	71
/home/swlab-jueon/swvul/tools/java-vuln-detection/slicing/output/CPG/c/cwe416_cpg/cwe416-439-cpg-resolved.bin	tc439_flow1	CWE416_Use_After_Free__new_delete_wchar_t_63a.cpp	38	CWE416_Use_After_Free__new_delete_wchar_t_63b.cpp	31
/home/swlab-jueon/swvul/tools/java-vuln-detection/slicing/output/CPG/c/cwe416_cpg/cwe416-439-cpg-resolved.bin	tc439_flow2	CWE416_Use_After_Free__new_delete_wchar_t_63a.cpp	71	CWE416_Use_After_Free__new_delete_wchar_t_63b.cpp	55
/home/swlab-jueon/swvul/tools/java-vuln-detection/slicing/output/CPG/c/cwe416_cpg/cwe416-439-cpg-resolved.bin	tc439_flow3	CWE416_Use_After_Free__new_delete_wchar_t_63a.cpp	57	CWE416_Use_After_Free__new_delete_wchar_t_63b.cpp	44
/home/swlab-jueon/swvul/tools/java-vuln-detection/slicing/output/CPG/c/cwe416_cpg/cwe416-440-cpg-resolved.bin	tc440_flow1	CWE416_Use_After_Free__new_delete_wchar_t_64a.cpp	38	CWE416_Use_After_Free__new_delete_wchar_t_64b.cpp	34
/home/swlab-jueon/swvul/tools/java-vuln-detection/slicing/output/CPG/c/cwe416_cpg/cwe416-440-cpg-resolved.bin	tc440_flow2	CWE416_Use_After_Free__new_delete_wchar_t_64a.cpp	71	CWE416_Use_After_Free__new_delete_wchar_t_64b.cpp	64
/home/swlab-jueon/swvul/tools/java-vuln-detection/slicing/output/CPG/c/cwe416_cpg/cwe416-440-cpg-resolved.bin	tc440_flow3	CWE416_Use_After_Free__new_delete_wchar_t_64a.cpp	57	CWE416_Use_After_Free__new_delete_wchar_t_64b.cpp	50
