/home/swlab-jueon/swvul/tools/java-vuln-detection/slicing/output/CPG/c/cwe563_cpg/cwe563-5-cpg-resolved.bin	tc5_flow1	CWE563_Unused_Variable__unused_init_variable_char_01.c	27	CWE563_Unused_Variable__unused_init_variable_char_01.c	30
/home/swlab-jueon/swvul/tools/java-vuln-detection/slicing/output/CPG/c/cwe563_cpg/cwe563-5-cpg-resolved.bin	tc5_flow2	CWE563_Unused_Variable__unused_init_variable_char_01.c	42	CWE563_Unused_Variable__unused_init_variable_char_01.c	44
/home/swlab-jueon/swvul/tools/java-vuln-detection/slicing/output/CPG/c/cwe563_cpg/cwe563-6-cpg-resolved.bin	tc6_flow1	CWE563_Unused_Variable__unused_init_variable_char_02.c	27	CWE563_Unused_Variable__unused_init_variable_char_02.c	32
/home/swlab-jueon/swvul/tools/java-vuln-detection/slicing/output/CPG/c/cwe563_cpg/cwe563-6-cpg-resolved.bin	tc6_flow2	CWE563_Unused_Variable__unused_init_variable_char_02.c	45	CWE563_Unused_Variable__unused_init_variable_char_02.c	54
/home/swlab-jueon/swvul/tools/java-vuln-detection/slicing/output/CPG/c/cwe563_cpg/cwe563-6-cpg-resolved.bin	tc6_flow3	CWE563_Unused_Variable__unused_init_variable_char_02.c	63	CWE563_Unused_Variable__unused_init_variable_char_02.c	67
/home/swlab-jueon/swvul/tools/java-vuln-detection/slicing/output/CPG/c/cwe563_cpg/cwe563-7-cpg-resolved.bin	tc7_flow1	CWE563_Unused_Variable__unused_init_variable_char_03.c	27	CWE563_Unused_Variable__unused_init_variable_char_03.c	32
/home/swlab-jueon/swvul/tools/java-vuln-detection/slicing/output/CPG/c/cwe563_cpg/cwe563-7-cpg-resolved.bin	tc7_flow2	CWE563_Unused_Variable__unused_init_variable_char_03.c	45	CWE563_Unused_Variable__unused_init_variable_char_03.c	54
/home/swlab-jueon/swvul/tools/java-vuln-detection/slicing/output/CPG/c/cwe563_cpg/cwe563-7-cpg-resolved.bin	tc7_flow3	CWE563_Unused_Variable__unused_init_variable_char_03.c	63	CWE563_Unused_Variable__unused_init_variable_char_03.c	67
/home/swlab-jueon/swvul/tools/java-vuln-detection/slicing/output/CPG/c/cwe563_cpg/cwe563-8-cpg-resolved.bin	tc8_flow1	CWE563_Unused_Variable__unused_init_variable_char_04.c	33	CWE563_Unused_Variable__unused_init_variable_char_04.c	38
/home/swlab-jueon/swvul/tools/java-vuln-detection/slicing/output/CPG/c/cwe563_cpg/cwe563-8-cpg-resolved.bin	tc8_flow2	CWE563_Unused_Variable__unused_init_variable_char_04.c	51	CWE563_Unused_Variable__unused_init_variable_char_04.c	60
/home/swlab-jueon/swvul/tools/java-vuln-detection/slicing/output/CPG/c/cwe563_cpg/cwe563-8-cpg-resolved.bin	tc8_flow3	CWE563_Unused_Variable__unused_init_variable_char_04.c	69	CWE563_Unused_Variable__unused_init_variable_char_04.c	73
/home/swlab-jueon/swvul/tools/java-vuln-detection/slicing/output/CPG/c/cwe563_cpg/cwe563-9-cpg-resolved.bin	tc9_flow1	CWE563_Unused_Variable__unused_init_variable_char_05.c	33	CWE563_Unused_Variable__unused_init_variable_char_05.c	38
/home/swlab-jueon/swvul/tools/java-vuln-detection/slicing/output/CPG/c/cwe563_cpg/cwe563-9-cpg-resolved.bin	tc9_flow2	CWE563_Unused_Variable__unused_init_variable_char_05.c	51	CWE563_Unused_Variable__unused_init_variable_char_05.c	60
/home/swlab-jueon/swvul/tools/java-vuln-detection/slicing/output/CPG/c/cwe563_cpg/cwe563-9-cpg-resolved.bin	tc9_flow3	CWE563_Unused_Variable__unused_init_variable_char_05.c	69	CWE563_Unused_Variable__unused_init_variable_char_05.c	73
/home/swlab-jueon/swvul/tools/java-vuln-detection/slicing/output/CPG/c/cwe563_cpg/cwe563-10-cpg-resolved.bin	tc10_flow1	CWE563_Unused_Variable__unused_init_variable_char_06.c	32	CWE563_Unused_Variable__unused_init_variable_char_06.c	37
/home/swlab-jueon/swvul/tools/java-vuln-detection/slicing/output/CPG/c/cwe563_cpg/cwe563-10-cpg-resolved.bin	tc10_flow2	CWE563_Unused_Variable__unused_init_variable_char_06.c	50	CWE563_Unused_Variable__unused_init_variable_char_06.c	59
/home/swlab-jueon/swvul/tools/java-vuln-detection/slicing/output/CPG/c/cwe563_cpg/cwe563-10-cpg-resolved.bin	tc10_flow3	CWE563_Unused_Variable__unused_init_variable_char_06.c	68	CWE563_Unused_Variable__unused_init_variable_char_06.c	72
/home/swlab-jueon/swvul/tools/java-vuln-detection/slicing/output/CPG/c/cwe563_cpg/cwe563-11-cpg-resolved.bin	tc11_flow1	CWE563_Unused_Variable__unused_init_variable_char_07.c	32	CWE563_Unused_Variable__unused_init_variable_char_07.c	37
/home/swlab-jueon/swvul/tools/java-vuln-detection/slicing/output/CPG/c/cwe563_cpg/cwe563-11-cpg-resolved.bin	tc11_flow2	CWE563_Unused_Variable__unused_init_variable_char_07.c	50	CWE563_Unused_Variable__unused_init_variable_char_07.c	59
/home/swlab-jueon/swvul/tools/java-vuln-detection/slicing/output/CPG/c/cwe563_cpg/cwe563-11-cpg-resolved.bin	tc11_flow3	CWE563_Unused_Variable__unused_init_variable_char_07.c	68	CWE563_Unused_Variable__unused_init_variable_char_07.c	72
/home/swlab-jueon/swvul/tools/java-vuln-detection/slicing/output/CPG/c/cwe563_cpg/cwe563-12-cpg-resolved.bin	tc12_flow1	CWE563_Unused_Variable__unused_init_variable_char_08.c	40	CWE563_Unused_Variable__unused_init_variable_char_08.c	45
/home/swlab-jueon/swvul/tools/java-vuln-detection/slicing/output/CPG/c/cwe563_cpg/cwe563-12-cpg-resolved.bin	tc12_flow2	CWE563_Unused_Variable__unused_init_variable_char_08.c	58	CWE563_Unused_Variable__unused_init_variable_char_08.c	67
/home/swlab-jueon/swvul/tools/java-vuln-detection/slicing/output/CPG/c/cwe563_cpg/cwe563-12-cpg-resolved.bin	tc12_flow3	CWE563_Unused_Variable__unused_init_variable_char_08.c	76	CWE563_Unused_Variable__unused_init_variable_char_08.c	80
/home/swlab-jueon/swvul/tools/java-vuln-detection/slicing/output/CPG/c/cwe563_cpg/cwe563-13-cpg-resolved.bin	tc13_flow1	CWE563_Unused_Variable__unused_init_variable_char_09.c	27	CWE563_Unused_Variable__unused_init_variable_char_09.c	32
/home/swlab-jueon/swvul/tools/java-vuln-detection/slicing/output/CPG/c/cwe563_cpg/cwe563-13-cpg-resolved.bin	tc13_flow2	CWE563_Unused_Variable__unused_init_variable_char_09.c	45	CWE563_Unused_Variable__unused_init_variable_char_09.c	54
/home/swlab-jueon/swvul/tools/java-vuln-detection/slicing/output/CPG/c/cwe563_cpg/cwe563-13-cpg-resolved.bin	tc13_flow3	CWE563_Unused_Variable__unused_init_variable_char_09.c	63	CWE563_Unused_Variable__unused_init_variable_char_09.c	67
/home/swlab-jueon/swvul/tools/java-vuln-detection/slicing/output/CPG/c/cwe563_cpg/cwe563-14-cpg-resolved.bin	tc14_flow1	CWE563_Unused_Variable__unused_init_variable_char_10.c	27	CWE563_Unused_Variable__unused_init_variable_char_10.c	32
/home/swlab-jueon/swvul/tools/java-vuln-detection/slicing/output/CPG/c/cwe563_cpg/cwe563-14-cpg-resolved.bin	tc14_flow2	CWE563_Unused_Variable__unused_init_variable_char_10.c	45	CWE563_Unused_Variable__unused_init_variable_char_10.c	54
/home/swlab-jueon/swvul/tools/java-vuln-detection/slicing/output/CPG/c/cwe563_cpg/cwe563-14-cpg-resolved.bin	tc14_flow3	CWE563_Unused_Variable__unused_init_variable_char_10.c	63	CWE563_Unused_Variable__unused_init_variable_char_10.c	67
/home/swlab-jueon/swvul/tools/java-vuln-detection/slicing/output/CPG/c/cwe563_cpg/cwe563-15-cpg-resolved.bin	tc15_flow1	CWE563_Unused_Variable__unused_init_variable_char_11.c	27	CWE563_Unused_Variable__unused_init_variable_char_11.c	32
/home/swlab-jueon/swvul/tools/java-vuln-detection/slicing/output/CPG/c/cwe563_cpg/cwe563-15-cpg-resolved.bin	tc15_flow2	CWE563_Unused_Variable__unused_init_variable_char_11.c	45	CWE563_Unused_Variable__unused_init_variable_char_11.c	54
/home/swlab-jueon/swvul/tools/java-vuln-detection/slicing/output/CPG/c/cwe563_cpg/cwe563-15-cpg-resolved.bin	tc15_flow3	CWE563_Unused_Variable__unused_init_variable_char_11.c	63	CWE563_Unused_Variable__unused_init_variable_char_11.c	67
/home/swlab-jueon/swvul/tools/java-vuln-detection/slicing/output/CPG/c/cwe563_cpg/cwe563-16-cpg-resolved.bin	tc16_flow1	CWE563_Unused_Variable__unused_init_variable_char_13.c	27	CWE563_Unused_Variable__unused_init_variable_char_13.c	32
/home/swlab-jueon/swvul/tools/java-vuln-detection/slicing/output/CPG/c/cwe563_cpg/cwe563-16-cpg-resolved.bin	tc16_flow2	CWE563_Unused_Variable__unused_init_variable_char_13.c	45	CWE563_Unused_Variable__unused_init_variable_char_13.c	54
/home/swlab-jueon/swvul/tools/java-vuln-detection/slicing/output/CPG/c/cwe563_cpg/cwe563-16-cpg-resolved.bin	tc16_flow3	CWE563_Unused_Variable__unused_init_variable_char_13.c	63	CWE563_Unused_Variable__unused_init_variable_char_13.c	67
/home/swlab-jueon/swvul/tools/java-vuln-detection/slicing/output/CPG/c/cwe563_cpg/cwe563-17-cpg-resolved.bin	tc17_flow1	CWE563_Unused_Variable__unused_init_variable_char_14.c	27	CWE563_Unused_Variable__unused_init_variable_char_14.c	32
/home/swlab-jueon/swvul/tools/java-vuln-detection/slicing/output/CPG/c/cwe563_cpg/cwe563-17-cpg-resolved.bin	tc17_flow2	CWE563_Unused_Variable__unused_init_variable_char_14.c	45	CWE563_Unused_Variable__unused_init_variable_char_14.c	54
/home/swlab-jueon/swvul/tools/java-vuln-detection/slicing/output/CPG/c/cwe563_cpg/cwe563-17-cpg-resolved.bin	tc17_flow3	CWE563_Unused_Variable__unused_init_variable_char_14.c	63	CWE563_Unused_Variable__unused_init_variable_char_14.c	67
/home/swlab-jueon/swvul/tools/java-vuln-detection/slicing/output/CPG/c/cwe563_cpg/cwe563-18-cpg-resolved.bin	tc18_flow1	CWE563_Unused_Variable__unused_init_variable_char_15.c	27	CWE563_Unused_Variable__unused_init_variable_char_15.c	33
/home/swlab-jueon/swvul/tools/java-vuln-detection/slicing/output/CPG/c/cwe563_cpg/cwe563-18-cpg-resolved.bin	tc18_flow2	CWE563_Unused_Variable__unused_init_variable_char_15.c	51	CWE563_Unused_Variable__unused_init_variable_char_15.c	60
/home/swlab-jueon/swvul/tools/java-vuln-detection/slicing/output/CPG/c/cwe563_cpg/cwe563-18-cpg-resolved.bin	tc18_flow3	CWE563_Unused_Variable__unused_init_variable_char_15.c	70	CWE563_Unused_Variable__unused_init_variable_char_15.c	75
/home/swlab-jueon/swvul/tools/java-vuln-detection/slicing/output/CPG/c/cwe563_cpg/cwe563-19-cpg-resolved.bin	tc19_flow1	CWE563_Unused_Variable__unused_init_variable_char_16.c	27	CWE563_Unused_Variable__unused_init_variable_char_16.c	32
/home/swlab-jueon/swvul/tools/java-vuln-detection/slicing/output/CPG/c/cwe563_cpg/cwe563-19-cpg-resolved.bin	tc19_flow2	CWE563_Unused_Variable__unused_init_variable_char_16.c	46	CWE563_Unused_Variable__unused_init_variable_char_16.c	50
/home/swlab-jueon/swvul/tools/java-vuln-detection/slicing/output/CPG/c/cwe563_cpg/cwe563-20-cpg-resolved.bin	tc20_flow1	CWE563_Unused_Variable__unused_init_variable_char_17.c	28	CWE563_Unused_Variable__unused_init_variable_char_17.c	33
/home/swlab-jueon/swvul/tools/java-vuln-detection/slicing/output/CPG/c/cwe563_cpg/cwe563-20-cpg-resolved.bin	tc20_flow2	CWE563_Unused_Variable__unused_init_variable_char_17.c	47	CWE563_Unused_Variable__unused_init_variable_char_17.c	51
/home/swlab-jueon/swvul/tools/java-vuln-detection/slicing/output/CPG/c/cwe563_cpg/cwe563-21-cpg-resolved.bin	tc21_flow1	CWE563_Unused_Variable__unused_init_variable_char_18.c	27	CWE563_Unused_Variable__unused_init_variable_char_18.c	32
/home/swlab-jueon/swvul/tools/java-vuln-detection/slicing/output/CPG/c/cwe563_cpg/cwe563-21-cpg-resolved.bin	tc21_flow2	CWE563_Unused_Variable__unused_init_variable_char_18.c	44	CWE563_Unused_Variable__unused_init_variable_char_18.c	48
/home/swlab-jueon/swvul/tools/java-vuln-detection/slicing/output/CPG/c/cwe563_cpg/cwe563-22-cpg-resolved.bin	tc22_flow1	CWE563_Unused_Variable__unused_init_variable_char_21.c	40	CWE563_Unused_Variable__unused_init_variable_char_21.c	32
/home/swlab-jueon/swvul/tools/java-vuln-detection/slicing/output/CPG/c/cwe563_cpg/cwe563-22-cpg-resolved.bin	tc22_flow2	CWE563_Unused_Variable__unused_init_variable_char_21.c	72	CWE563_Unused_Variable__unused_init_variable_char_21.c	64
/home/swlab-jueon/swvul/tools/java-vuln-detection/slicing/output/CPG/c/cwe563_cpg/cwe563-22-cpg-resolved.bin	tc22_flow3	CWE563_Unused_Variable__unused_init_variable_char_21.c	91	CWE563_Unused_Variable__unused_init_variable_char_21.c	83
/home/swlab-jueon/swvul/tools/java-vuln-detection/slicing/output/CPG/c/cwe563_cpg/cwe563-23-cpg-resolved.bin	tc23_flow1	CWE563_Unused_Variable__unused_init_variable_char_22a.c	32	CWE563_Unused_Variable__unused_init_variable_char_22b.c	32
/home/swlab-jueon/swvul/tools/java-vuln-detection/slicing/output/CPG/c/cwe563_cpg/cwe563-23-cpg-resolved.bin	tc23_flow2	CWE563_Unused_Variable__unused_init_variable_char_22a.c	52	CWE563_Unused_Variable__unused_init_variable_char_22b.c	55
/home/swlab-jueon/swvul/tools/java-vuln-detection/slicing/output/CPG/c/cwe563_cpg/cwe563-23-cpg-resolved.bin	tc23_flow3	CWE563_Unused_Variable__unused_init_variable_char_22a.c	64	CWE563_Unused_Variable__unused_init_variable_char_22b.c	65
/home/swlab-jueon/swvul/tools/java-vuln-detection/slicing/output/CPG/c/cwe563_cpg/cwe563-24-cpg-resolved.bin	tc24_flow1	CWE563_Unused_Variable__unused_init_variable_char_33.cpp	31	CWE563_Unused_Variable__unused_init_variable_char_33.cpp	36
/home/swlab-jueon/swvul/tools/java-vuln-detection/slicing/output/CPG/c/cwe563_cpg/cwe563-24-cpg-resolved.bin	tc24_flow2	CWE563_Unused_Variable__unused_init_variable_char_33.cpp	50	CWE563_Unused_Variable__unused_init_variable_char_33.cpp	54
/home/swlab-jueon/swvul/tools/java-vuln-detection/slicing/output/CPG/c/cwe563_cpg/cwe563-25-cpg-resolved.bin	tc25_flow1	CWE563_Unused_Variable__unused_init_variable_char_43.cpp	29	CWE563_Unused_Variable__unused_init_variable_char_43.cpp	38
/home/swlab-jueon/swvul/tools/java-vuln-detection/slicing/output/CPG/c/cwe563_cpg/cwe563-25-cpg-resolved.bin	tc25_flow2	CWE563_Unused_Variable__unused_init_variable_char_43.cpp	49	CWE563_Unused_Variable__unused_init_variable_char_43.cpp	57
/home/swlab-jueon/swvul/tools/java-vuln-detection/slicing/output/CPG/c/cwe563_cpg/cwe563-26-cpg-resolved.bin	tc26_flow1	CWE563_Unused_Variable__unused_init_variable_char_72a.cpp	37	CWE563_Unused_Variable__unused_init_variable_char_72b.cpp	35
/home/swlab-jueon/swvul/tools/java-vuln-detection/slicing/output/CPG/c/cwe563_cpg/cwe563-26-cpg-resolved.bin	tc26_flow2	CWE563_Unused_Variable__unused_init_variable_char_72a.cpp	57	CWE563_Unused_Variable__unused_init_variable_char_72b.cpp	47
/home/swlab-jueon/swvul/tools/java-vuln-detection/slicing/output/CPG/c/cwe563_cpg/cwe563-27-cpg-resolved.bin	tc27_flow1	CWE563_Unused_Variable__unused_init_variable_char_73a.cpp	37	CWE563_Unused_Variable__unused_init_variable_char_73b.cpp	35
/home/swlab-jueon/swvul/tools/java-vuln-detection/slicing/output/CPG/c/cwe563_cpg/cwe563-27-cpg-resolved.bin	tc27_flow2	CWE563_Unused_Variable__unused_init_variable_char_73a.cpp	57	CWE563_Unused_Variable__unused_init_variable_char_73b.cpp	47
/home/swlab-jueon/swvul/tools/java-vuln-detection/slicing/output/CPG/c/cwe563_cpg/cwe563-28-cpg-resolved.bin	tc28_flow1	CWE563_Unused_Variable__unused_init_variable_char_74a.cpp	37	CWE563_Unused_Variable__unused_init_variable_char_74b.cpp	35
/home/swlab-jueon/swvul/tools/java-vuln-detection/slicing/output/CPG/c/cwe563_cpg/cwe563-28-cpg-resolved.bin	tc28_flow2	CWE563_Unused_Variable__unused_init_variable_char_74a.cpp	57	CWE563_Unused_Variable__unused_init_variable_char_74b.cpp	47
/home/swlab-jueon/swvul/tools/java-vuln-detection/slicing/output/CPG/c/cwe563_cpg/cwe563-29-cpg-resolved.bin	tc29_flow1	CWE563_Unused_Variable__unused_init_variable_char_81a.cpp	29	CWE563_Unused_Variable__unused_init_variable_char_81_bad.cpp	28
/home/swlab-jueon/swvul/tools/java-vuln-detection/slicing/output/CPG/c/cwe563_cpg/cwe563-29-cpg-resolved.bin	tc29_flow2	CWE563_Unused_Variable__unused_init_variable_char_81a.cpp	43	CWE563_Unused_Variable__unused_init_variable_char_81_goodB2G.cpp	27
/home/swlab-jueon/swvul/tools/java-vuln-detection/slicing/output/CPG/c/cwe563_cpg/cwe563-30-cpg-resolved.bin	tc30_flow1	CWE563_Unused_Variable__unused_init_variable_char_82a.cpp	29	CWE563_Unused_Variable__unused_init_variable_char_82_bad.cpp	28
/home/swlab-jueon/swvul/tools/java-vuln-detection/slicing/output/CPG/c/cwe563_cpg/cwe563-30-cpg-resolved.bin	tc30_flow2	CWE563_Unused_Variable__unused_init_variable_char_82a.cpp	44	CWE563_Unused_Variable__unused_init_variable_char_82_goodB2G.cpp	27
/home/swlab-jueon/swvul/tools/java-vuln-detection/slicing/output/CPG/c/cwe563_cpg/cwe563-31-cpg-resolved.bin	tc31_flow1	CWE563_Unused_Variable__unused_init_variable_char_83_bad.cpp	27	CWE563_Unused_Variable__unused_init_variable_char_83_bad.cpp	34
/home/swlab-jueon/swvul/tools/java-vuln-detection/slicing/output/CPG/c/cwe563_cpg/cwe563-31-cpg-resolved.bin	tc31_flow2	CWE563_Unused_Variable__unused_init_variable_char_83_goodB2G.cpp	27	CWE563_Unused_Variable__unused_init_variable_char_83_goodB2G.cpp	33
/home/swlab-jueon/swvul/tools/java-vuln-detection/slicing/output/CPG/c/cwe563_cpg/cwe563-32-cpg-resolved.bin	tc32_flow1	CWE563_Unused_Variable__unused_init_variable_char_84_bad.cpp	27	CWE563_Unused_Variable__unused_init_variable_char_84_bad.cpp	34
/home/swlab-jueon/swvul/tools/java-vuln-detection/slicing/output/CPG/c/cwe563_cpg/cwe563-32-cpg-resolved.bin	tc32_flow2	CWE563_Unused_Variable__unused_init_variable_char_84_goodB2G.cpp	27	CWE563_Unused_Variable__unused_init_variable_char_84_goodB2G.cpp	33
/home/swlab-jueon/swvul/tools/java-vuln-detection/slicing/output/CPG/c/cwe563_cpg/cwe563-33-cpg-resolved.bin	tc33_flow1	CWE563_Unused_Variable__unused_init_variable_int_01.c	27	CWE563_Unused_Variable__unused_init_variable_int_01.c	30
/home/swlab-jueon/swvul/tools/java-vuln-detection/slicing/output/CPG/c/cwe563_cpg/cwe563-33-cpg-resolved.bin	tc33_flow2	CWE563_Unused_Variable__unused_init_variable_int_01.c	42	CWE563_Unused_Variable__unused_init_variable_int_01.c	44
/home/swlab-jueon/swvul/tools/java-vuln-detection/slicing/output/CPG/c/cwe563_cpg/cwe563-34-cpg-resolved.bin	tc34_flow1	CWE563_Unused_Variable__unused_init_variable_int_02.c	27	CWE563_Unused_Variable__unused_init_variable_int_02.c	32
/home/swlab-jueon/swvul/tools/java-vuln-detection/slicing/output/CPG/c/cwe563_cpg/cwe563-34-cpg-resolved.bin	tc34_flow2	CWE563_Unused_Variable__unused_init_variable_int_02.c	45	CWE563_Unused_Variable__unused_init_variable_int_02.c	54
/home/swlab-jueon/swvul/tools/java-vuln-detection/slicing/output/CPG/c/cwe563_cpg/cwe563-34-cpg-resolved.bin	tc34_flow3	CWE563_Unused_Variable__unused_init_variable_int_02.c	63	CWE563_Unused_Variable__unused_init_variable_int_02.c	67
/home/swlab-jueon/swvul/tools/java-vuln-detection/slicing/output/CPG/c/cwe563_cpg/cwe563-35-cpg-resolved.bin	tc35_flow1	CWE563_Unused_Variable__unused_init_variable_int_03.c	27	CWE563_Unused_Variable__unused_init_variable_int_03.c	32
/home/swlab-jueon/swvul/tools/java-vuln-detection/slicing/output/CPG/c/cwe563_cpg/cwe563-35-cpg-resolved.bin	tc35_flow2	CWE563_Unused_Variable__unused_init_variable_int_03.c	45	CWE563_Unused_Variable__unused_init_variable_int_03.c	54
/home/swlab-jueon/swvul/tools/java-vuln-detection/slicing/output/CPG/c/cwe563_cpg/cwe563-35-cpg-resolved.bin	tc35_flow3	CWE563_Unused_Variable__unused_init_variable_int_03.c	63	CWE563_Unused_Variable__unused_init_variable_int_03.c	67
/home/swlab-jueon/swvul/tools/java-vuln-detection/slicing/output/CPG/c/cwe563_cpg/cwe563-36-cpg-resolved.bin	tc36_flow1	CWE563_Unused_Variable__unused_init_variable_int_04.c	33	CWE563_Unused_Variable__unused_init_variable_int_04.c	38
/home/swlab-jueon/swvul/tools/java-vuln-detection/slicing/output/CPG/c/cwe563_cpg/cwe563-36-cpg-resolved.bin	tc36_flow2	CWE563_Unused_Variable__unused_init_variable_int_04.c	51	CWE563_Unused_Variable__unused_init_variable_int_04.c	60
/home/swlab-jueon/swvul/tools/java-vuln-detection/slicing/output/CPG/c/cwe563_cpg/cwe563-36-cpg-resolved.bin	tc36_flow3	CWE563_Unused_Variable__unused_init_variable_int_04.c	69	CWE563_Unused_Variable__unused_init_variable_int_04.c	73
/home/swlab-jueon/swvul/tools/java-vuln-detection/slicing/output/CPG/c/cwe563_cpg/cwe563-37-cpg-resolved.bin	tc37_flow1	CWE563_Unused_Variable__unused_init_variable_int_05.c	33	CWE563_Unused_Variable__unused_init_variable_int_05.c	38
/home/swlab-jueon/swvul/tools/java-vuln-detection/slicing/output/CPG/c/cwe563_cpg/cwe563-37-cpg-resolved.bin	tc37_flow2	CWE563_Unused_Variable__unused_init_variable_int_05.c	51	CWE563_Unused_Variable__unused_init_variable_int_05.c	60
/home/swlab-jueon/swvul/tools/java-vuln-detection/slicing/output/CPG/c/cwe563_cpg/cwe563-37-cpg-resolved.bin	tc37_flow3	CWE563_Unused_Variable__unused_init_variable_int_05.c	69	CWE563_Unused_Variable__unused_init_variable_int_05.c	73
/home/swlab-jueon/swvul/tools/java-vuln-detection/slicing/output/CPG/c/cwe563_cpg/cwe563-38-cpg-resolved.bin	tc38_flow1	CWE563_Unused_Variable__unused_init_variable_int_06.c	32	CWE563_Unused_Variable__unused_init_variable_int_06.c	37
/home/swlab-jueon/swvul/tools/java-vuln-detection/slicing/output/CPG/c/cwe563_cpg/cwe563-38-cpg-resolved.bin	tc38_flow2	CWE563_Unused_Variable__unused_init_variable_int_06.c	50	CWE563_Unused_Variable__unused_init_variable_int_06.c	59
/home/swlab-jueon/swvul/tools/java-vuln-detection/slicing/output/CPG/c/cwe563_cpg/cwe563-38-cpg-resolved.bin	tc38_flow3	CWE563_Unused_Variable__unused_init_variable_int_06.c	68	CWE563_Unused_Variable__unused_init_variable_int_06.c	72
/home/swlab-jueon/swvul/tools/java-vuln-detection/slicing/output/CPG/c/cwe563_cpg/cwe563-39-cpg-resolved.bin	tc39_flow1	CWE563_Unused_Variable__unused_init_variable_int_07.c	32	CWE563_Unused_Variable__unused_init_variable_int_07.c	37
/home/swlab-jueon/swvul/tools/java-vuln-detection/slicing/output/CPG/c/cwe563_cpg/cwe563-39-cpg-resolved.bin	tc39_flow2	CWE563_Unused_Variable__unused_init_variable_int_07.c	50	CWE563_Unused_Variable__unused_init_variable_int_07.c	59
/home/swlab-jueon/swvul/tools/java-vuln-detection/slicing/output/CPG/c/cwe563_cpg/cwe563-39-cpg-resolved.bin	tc39_flow3	CWE563_Unused_Variable__unused_init_variable_int_07.c	68	CWE563_Unused_Variable__unused_init_variable_int_07.c	72
/home/swlab-jueon/swvul/tools/java-vuln-detection/slicing/output/CPG/c/cwe563_cpg/cwe563-40-cpg-resolved.bin	tc40_flow1	CWE563_Unused_Variable__unused_init_variable_int_08.c	40	CWE563_Unused_Variable__unused_init_variable_int_08.c	45
/home/swlab-jueon/swvul/tools/java-vuln-detection/slicing/output/CPG/c/cwe563_cpg/cwe563-40-cpg-resolved.bin	tc40_flow2	CWE563_Unused_Variable__unused_init_variable_int_08.c	58	CWE563_Unused_Variable__unused_init_variable_int_08.c	67
/home/swlab-jueon/swvul/tools/java-vuln-detection/slicing/output/CPG/c/cwe563_cpg/cwe563-40-cpg-resolved.bin	tc40_flow3	CWE563_Unused_Variable__unused_init_variable_int_08.c	76	CWE563_Unused_Variable__unused_init_variable_int_08.c	80
/home/swlab-jueon/swvul/tools/java-vuln-detection/slicing/output/CPG/c/cwe563_cpg/cwe563-41-cpg-resolved.bin	tc41_flow1	CWE563_Unused_Variable__unused_init_variable_int_09.c	27	CWE563_Unused_Variable__unused_init_variable_int_09.c	32
/home/swlab-jueon/swvul/tools/java-vuln-detection/slicing/output/CPG/c/cwe563_cpg/cwe563-41-cpg-resolved.bin	tc41_flow2	CWE563_Unused_Variable__unused_init_variable_int_09.c	45	CWE563_Unused_Variable__unused_init_variable_int_09.c	54
/home/swlab-jueon/swvul/tools/java-vuln-detection/slicing/output/CPG/c/cwe563_cpg/cwe563-41-cpg-resolved.bin	tc41_flow3	CWE563_Unused_Variable__unused_init_variable_int_09.c	63	CWE563_Unused_Variable__unused_init_variable_int_09.c	67
/home/swlab-jueon/swvul/tools/java-vuln-detection/slicing/output/CPG/c/cwe563_cpg/cwe563-42-cpg-resolved.bin	tc42_flow1	CWE563_Unused_Variable__unused_init_variable_int_10.c	27	CWE563_Unused_Variable__unused_init_variable_int_10.c	32
/home/swlab-jueon/swvul/tools/java-vuln-detection/slicing/output/CPG/c/cwe563_cpg/cwe563-42-cpg-resolved.bin	tc42_flow2	CWE563_Unused_Variable__unused_init_variable_int_10.c	45	CWE563_Unused_Variable__unused_init_variable_int_10.c	54
/home/swlab-jueon/swvul/tools/java-vuln-detection/slicing/output/CPG/c/cwe563_cpg/cwe563-42-cpg-resolved.bin	tc42_flow3	CWE563_Unused_Variable__unused_init_variable_int_10.c	63	CWE563_Unused_Variable__unused_init_variable_int_10.c	67
/home/swlab-jueon/swvul/tools/java-vuln-detection/slicing/output/CPG/c/cwe563_cpg/cwe563-43-cpg-resolved.bin	tc43_flow1	CWE563_Unused_Variable__unused_init_variable_int_11.c	27	CWE563_Unused_Variable__unused_init_variable_int_11.c	32
/home/swlab-jueon/swvul/tools/java-vuln-detection/slicing/output/CPG/c/cwe563_cpg/cwe563-43-cpg-resolved.bin	tc43_flow2	CWE563_Unused_Variable__unused_init_variable_int_11.c	45	CWE563_Unused_Variable__unused_init_variable_int_11.c	54
/home/swlab-jueon/swvul/tools/java-vuln-detection/slicing/output/CPG/c/cwe563_cpg/cwe563-43-cpg-resolved.bin	tc43_flow3	CWE563_Unused_Variable__unused_init_variable_int_11.c	63	CWE563_Unused_Variable__unused_init_variable_int_11.c	67
/home/swlab-jueon/swvul/tools/java-vuln-detection/slicing/output/CPG/c/cwe563_cpg/cwe563-44-cpg-resolved.bin	tc44_flow1	CWE563_Unused_Variable__unused_init_variable_int_13.c	27	CWE563_Unused_Variable__unused_init_variable_int_13.c	32
/home/swlab-jueon/swvul/tools/java-vuln-detection/slicing/output/CPG/c/cwe563_cpg/cwe563-44-cpg-resolved.bin	tc44_flow2	CWE563_Unused_Variable__unused_init_variable_int_13.c	45	CWE563_Unused_Variable__unused_init_variable_int_13.c	54
/home/swlab-jueon/swvul/tools/java-vuln-detection/slicing/output/CPG/c/cwe563_cpg/cwe563-44-cpg-resolved.bin	tc44_flow3	CWE563_Unused_Variable__unused_init_variable_int_13.c	63	CWE563_Unused_Variable__unused_init_variable_int_13.c	67
/home/swlab-jueon/swvul/tools/java-vuln-detection/slicing/output/CPG/c/cwe563_cpg/cwe563-45-cpg-resolved.bin	tc45_flow1	CWE563_Unused_Variable__unused_init_variable_int_14.c	27	CWE563_Unused_Variable__unused_init_variable_int_14.c	32
/home/swlab-jueon/swvul/tools/java-vuln-detection/slicing/output/CPG/c/cwe563_cpg/cwe563-45-cpg-resolved.bin	tc45_flow2	CWE563_Unused_Variable__unused_init_variable_int_14.c	45	CWE563_Unused_Variable__unused_init_variable_int_14.c	54
/home/swlab-jueon/swvul/tools/java-vuln-detection/slicing/output/CPG/c/cwe563_cpg/cwe563-45-cpg-resolved.bin	tc45_flow3	CWE563_Unused_Variable__unused_init_variable_int_14.c	63	CWE563_Unused_Variable__unused_init_variable_int_14.c	67
/home/swlab-jueon/swvul/tools/java-vuln-detection/slicing/output/CPG/c/cwe563_cpg/cwe563-46-cpg-resolved.bin	tc46_flow1	CWE563_Unused_Variable__unused_init_variable_int_15.c	27	CWE563_Unused_Variable__unused_init_variable_int_15.c	33
/home/swlab-jueon/swvul/tools/java-vuln-detection/slicing/output/CPG/c/cwe563_cpg/cwe563-46-cpg-resolved.bin	tc46_flow2	CWE563_Unused_Variable__unused_init_variable_int_15.c	51	CWE563_Unused_Variable__unused_init_variable_int_15.c	60
/home/swlab-jueon/swvul/tools/java-vuln-detection/slicing/output/CPG/c/cwe563_cpg/cwe563-46-cpg-resolved.bin	tc46_flow3	CWE563_Unused_Variable__unused_init_variable_int_15.c	70	CWE563_Unused_Variable__unused_init_variable_int_15.c	75
/home/swlab-jueon/swvul/tools/java-vuln-detection/slicing/output/CPG/c/cwe563_cpg/cwe563-47-cpg-resolved.bin	tc47_flow1	CWE563_Unused_Variable__unused_init_variable_int_16.c	27	CWE563_Unused_Variable__unused_init_variable_int_16.c	32
/home/swlab-jueon/swvul/tools/java-vuln-detection/slicing/output/CPG/c/cwe563_cpg/cwe563-47-cpg-resolved.bin	tc47_flow2	CWE563_Unused_Variable__unused_init_variable_int_16.c	46	CWE563_Unused_Variable__unused_init_variable_int_16.c	50
/home/swlab-jueon/swvul/tools/java-vuln-detection/slicing/output/CPG/c/cwe563_cpg/cwe563-48-cpg-resolved.bin	tc48_flow1	CWE563_Unused_Variable__unused_init_variable_int_17.c	28	CWE563_Unused_Variable__unused_init_variable_int_17.c	33
/home/swlab-jueon/swvul/tools/java-vuln-detection/slicing/output/CPG/c/cwe563_cpg/cwe563-48-cpg-resolved.bin	tc48_flow2	CWE563_Unused_Variable__unused_init_variable_int_17.c	47	CWE563_Unused_Variable__unused_init_variable_int_17.c	51
/home/swlab-jueon/swvul/tools/java-vuln-detection/slicing/output/CPG/c/cwe563_cpg/cwe563-49-cpg-resolved.bin	tc49_flow1	CWE563_Unused_Variable__unused_init_variable_int_18.c	27	CWE563_Unused_Variable__unused_init_variable_int_18.c	32
/home/swlab-jueon/swvul/tools/java-vuln-detection/slicing/output/CPG/c/cwe563_cpg/cwe563-49-cpg-resolved.bin	tc49_flow2	CWE563_Unused_Variable__unused_init_variable_int_18.c	44	CWE563_Unused_Variable__unused_init_variable_int_18.c	48
/home/swlab-jueon/swvul/tools/java-vuln-detection/slicing/output/CPG/c/cwe563_cpg/cwe563-50-cpg-resolved.bin	tc50_flow1	CWE563_Unused_Variable__unused_init_variable_int_21.c	40	CWE563_Unused_Variable__unused_init_variable_int_21.c	32
/home/swlab-jueon/swvul/tools/java-vuln-detection/slicing/output/CPG/c/cwe563_cpg/cwe563-50-cpg-resolved.bin	tc50_flow2	CWE563_Unused_Variable__unused_init_variable_int_21.c	72	CWE563_Unused_Variable__unused_init_variable_int_21.c	64
/home/swlab-jueon/swvul/tools/java-vuln-detection/slicing/output/CPG/c/cwe563_cpg/cwe563-50-cpg-resolved.bin	tc50_flow3	CWE563_Unused_Variable__unused_init_variable_int_21.c	91	CWE563_Unused_Variable__unused_init_variable_int_21.c	83
/home/swlab-jueon/swvul/tools/java-vuln-detection/slicing/output/CPG/c/cwe563_cpg/cwe563-51-cpg-resolved.bin	tc51_flow1	CWE563_Unused_Variable__unused_init_variable_int_22a.c	32	CWE563_Unused_Variable__unused_init_variable_int_22b.c	32
/home/swlab-jueon/swvul/tools/java-vuln-detection/slicing/output/CPG/c/cwe563_cpg/cwe563-51-cpg-resolved.bin	tc51_flow2	CWE563_Unused_Variable__unused_init_variable_int_22a.c	52	CWE563_Unused_Variable__unused_init_variable_int_22b.c	55
/home/swlab-jueon/swvul/tools/java-vuln-detection/slicing/output/CPG/c/cwe563_cpg/cwe563-51-cpg-resolved.bin	tc51_flow3	CWE563_Unused_Variable__unused_init_variable_int_22a.c	64	CWE563_Unused_Variable__unused_init_variable_int_22b.c	65
/home/swlab-jueon/swvul/tools/java-vuln-detection/slicing/output/CPG/c/cwe563_cpg/cwe563-52-cpg-resolved.bin	tc52_flow1	CWE563_Unused_Variable__unused_init_variable_int_33.cpp	31	CWE563_Unused_Variable__unused_init_variable_int_33.cpp	36
/home/swlab-jueon/swvul/tools/java-vuln-detection/slicing/output/CPG/c/cwe563_cpg/cwe563-52-cpg-resolved.bin	tc52_flow2	CWE563_Unused_Variable__unused_init_variable_int_33.cpp	50	CWE563_Unused_Variable__unused_init_variable_int_33.cpp	54
/home/swlab-jueon/swvul/tools/java-vuln-detection/slicing/output/CPG/c/cwe563_cpg/cwe563-53-cpg-resolved.bin	tc53_flow1	CWE563_Unused_Variable__unused_init_variable_int_43.cpp	29	CWE563_Unused_Variable__unused_init_variable_int_43.cpp	38
/home/swlab-jueon/swvul/tools/java-vuln-detection/slicing/output/CPG/c/cwe563_cpg/cwe563-53-cpg-resolved.bin	tc53_flow2	CWE563_Unused_Variable__unused_init_variable_int_43.cpp	49	CWE563_Unused_Variable__unused_init_variable_int_43.cpp	57
/home/swlab-jueon/swvul/tools/java-vuln-detection/slicing/output/CPG/c/cwe563_cpg/cwe563-54-cpg-resolved.bin	tc54_flow1	CWE563_Unused_Variable__unused_init_variable_int_72a.cpp	37	CWE563_Unused_Variable__unused_init_variable_int_72b.cpp	35
/home/swlab-jueon/swvul/tools/java-vuln-detection/slicing/output/CPG/c/cwe563_cpg/cwe563-54-cpg-resolved.bin	tc54_flow2	CWE563_Unused_Variable__unused_init_variable_int_72a.cpp	57	CWE563_Unused_Variable__unused_init_variable_int_72b.cpp	47
/home/swlab-jueon/swvul/tools/java-vuln-detection/slicing/output/CPG/c/cwe563_cpg/cwe563-55-cpg-resolved.bin	tc55_flow1	CWE563_Unused_Variable__unused_init_variable_int_73a.cpp	37	CWE563_Unused_Variable__unused_init_variable_int_73b.cpp	35
/home/swlab-jueon/swvul/tools/java-vuln-detection/slicing/output/CPG/c/cwe563_cpg/cwe563-55-cpg-resolved.bin	tc55_flow2	CWE563_Unused_Variable__unused_init_variable_int_73a.cpp	57	CWE563_Unused_Variable__unused_init_variable_int_73b.cpp	47
/home/swlab-jueon/swvul/tools/java-vuln-detection/slicing/output/CPG/c/cwe563_cpg/cwe563-56-cpg-resolved.bin	tc56_flow1	CWE563_Unused_Variable__unused_init_variable_int_74a.cpp	37	CWE563_Unused_Variable__unused_init_variable_int_74b.cpp	35
/home/swlab-jueon/swvul/tools/java-vuln-detection/slicing/output/CPG/c/cwe563_cpg/cwe563-56-cpg-resolved.bin	tc56_flow2	CWE563_Unused_Variable__unused_init_variable_int_74a.cpp	57	CWE563_Unused_Variable__unused_init_variable_int_74b.cpp	47
/home/swlab-jueon/swvul/tools/java-vuln-detection/slicing/output/CPG/c/cwe563_cpg/cwe563-57-cpg-resolved.bin	tc57_flow1	CWE563_Unused_Variable__unused_init_variable_int_81a.cpp	29	CWE563_Unused_Variable__unused_init_variable_int_81_bad.cpp	28
/home/swlab-jueon/swvul/tools/java-vuln-detection/slicing/output/CPG/c/cwe563_cpg/cwe563-57-cpg-resolved.bin	tc57_flow2	CWE563_Unused_Variable__unused_init_variable_int_81a.cpp	43	CWE563_Unused_Variable__unused_init_variable_int_81_goodB2G.cpp	27
/home/swlab-jueon/swvul/tools/java-vuln-detection/slicing/output/CPG/c/cwe563_cpg/cwe563-58-cpg-resolved.bin	tc58_flow1	CWE563_Unused_Variable__unused_init_variable_int_82a.cpp	29	CWE563_Unused_Variable__unused_init_variable_int_82_bad.cpp	28
/home/swlab-jueon/swvul/tools/java-vuln-detection/slicing/output/CPG/c/cwe563_cpg/cwe563-58-cpg-resolved.bin	tc58_flow2	CWE563_Unused_Variable__unused_init_variable_int_82a.cpp	44	CWE563_Unused_Variable__unused_init_variable_int_82_goodB2G.cpp	27
/home/swlab-jueon/swvul/tools/java-vuln-detection/slicing/output/CPG/c/cwe563_cpg/cwe563-59-cpg-resolved.bin	tc59_flow1	CWE563_Unused_Variable__unused_init_variable_int_83_bad.cpp	27	CWE563_Unused_Variable__unused_init_variable_int_83_bad.cpp	34
/home/swlab-jueon/swvul/tools/java-vuln-detection/slicing/output/CPG/c/cwe563_cpg/cwe563-59-cpg-resolved.bin	tc59_flow2	CWE563_Unused_Variable__unused_init_variable_int_83_goodB2G.cpp	27	CWE563_Unused_Variable__unused_init_variable_int_83_goodB2G.cpp	33
/home/swlab-jueon/swvul/tools/java-vuln-detection/slicing/output/CPG/c/cwe563_cpg/cwe563-60-cpg-resolved.bin	tc60_flow1	CWE563_Unused_Variable__unused_init_variable_int_84_bad.cpp	27	CWE563_Unused_Variable__unused_init_variable_int_84_bad.cpp	34
/home/swlab-jueon/swvul/tools/java-vuln-detection/slicing/output/CPG/c/cwe563_cpg/cwe563-60-cpg-resolved.bin	tc60_flow2	CWE563_Unused_Variable__unused_init_variable_int_84_goodB2G.cpp	27	CWE563_Unused_Variable__unused_init_variable_int_84_goodB2G.cpp	33
/home/swlab-jueon/swvul/tools/java-vuln-detection/slicing/output/CPG/c/cwe563_cpg/cwe563-61-cpg-resolved.bin	tc61_flow1	CWE563_Unused_Variable__unused_init_variable_int64_t_01.c	27	CWE563_Unused_Variable__unused_init_variable_int64_t_01.c	30
/home/swlab-jueon/swvul/tools/java-vuln-detection/slicing/output/CPG/c/cwe563_cpg/cwe563-61-cpg-resolved.bin	tc61_flow2	CWE563_Unused_Variable__unused_init_variable_int64_t_01.c	42	CWE563_Unused_Variable__unused_init_variable_int64_t_01.c	44
/home/swlab-jueon/swvul/tools/java-vuln-detection/slicing/output/CPG/c/cwe563_cpg/cwe563-62-cpg-resolved.bin	tc62_flow1	CWE563_Unused_Variable__unused_init_variable_int64_t_02.c	27	CWE563_Unused_Variable__unused_init_variable_int64_t_02.c	32
/home/swlab-jueon/swvul/tools/java-vuln-detection/slicing/output/CPG/c/cwe563_cpg/cwe563-62-cpg-resolved.bin	tc62_flow2	CWE563_Unused_Variable__unused_init_variable_int64_t_02.c	45	CWE563_Unused_Variable__unused_init_variable_int64_t_02.c	54
/home/swlab-jueon/swvul/tools/java-vuln-detection/slicing/output/CPG/c/cwe563_cpg/cwe563-62-cpg-resolved.bin	tc62_flow3	CWE563_Unused_Variable__unused_init_variable_int64_t_02.c	63	CWE563_Unused_Variable__unused_init_variable_int64_t_02.c	67
/home/swlab-jueon/swvul/tools/java-vuln-detection/slicing/output/CPG/c/cwe563_cpg/cwe563-63-cpg-resolved.bin	tc63_flow1	CWE563_Unused_Variable__unused_init_variable_int64_t_03.c	27	CWE563_Unused_Variable__unused_init_variable_int64_t_03.c	32
/home/swlab-jueon/swvul/tools/java-vuln-detection/slicing/output/CPG/c/cwe563_cpg/cwe563-63-cpg-resolved.bin	tc63_flow2	CWE563_Unused_Variable__unused_init_variable_int64_t_03.c	45	CWE563_Unused_Variable__unused_init_variable_int64_t_03.c	54
/home/swlab-jueon/swvul/tools/java-vuln-detection/slicing/output/CPG/c/cwe563_cpg/cwe563-63-cpg-resolved.bin	tc63_flow3	CWE563_Unused_Variable__unused_init_variable_int64_t_03.c	63	CWE563_Unused_Variable__unused_init_variable_int64_t_03.c	67
/home/swlab-jueon/swvul/tools/java-vuln-detection/slicing/output/CPG/c/cwe563_cpg/cwe563-64-cpg-resolved.bin	tc64_flow1	CWE563_Unused_Variable__unused_init_variable_int64_t_04.c	33	CWE563_Unused_Variable__unused_init_variable_int64_t_04.c	38
/home/swlab-jueon/swvul/tools/java-vuln-detection/slicing/output/CPG/c/cwe563_cpg/cwe563-64-cpg-resolved.bin	tc64_flow2	CWE563_Unused_Variable__unused_init_variable_int64_t_04.c	51	CWE563_Unused_Variable__unused_init_variable_int64_t_04.c	60
/home/swlab-jueon/swvul/tools/java-vuln-detection/slicing/output/CPG/c/cwe563_cpg/cwe563-64-cpg-resolved.bin	tc64_flow3	CWE563_Unused_Variable__unused_init_variable_int64_t_04.c	69	CWE563_Unused_Variable__unused_init_variable_int64_t_04.c	73
/home/swlab-jueon/swvul/tools/java-vuln-detection/slicing/output/CPG/c/cwe563_cpg/cwe563-65-cpg-resolved.bin	tc65_flow1	CWE563_Unused_Variable__unused_init_variable_int64_t_05.c	33	CWE563_Unused_Variable__unused_init_variable_int64_t_05.c	38
/home/swlab-jueon/swvul/tools/java-vuln-detection/slicing/output/CPG/c/cwe563_cpg/cwe563-65-cpg-resolved.bin	tc65_flow2	CWE563_Unused_Variable__unused_init_variable_int64_t_05.c	51	CWE563_Unused_Variable__unused_init_variable_int64_t_05.c	60
/home/swlab-jueon/swvul/tools/java-vuln-detection/slicing/output/CPG/c/cwe563_cpg/cwe563-65-cpg-resolved.bin	tc65_flow3	CWE563_Unused_Variable__unused_init_variable_int64_t_05.c	69	CWE563_Unused_Variable__unused_init_variable_int64_t_05.c	73
/home/swlab-jueon/swvul/tools/java-vuln-detection/slicing/output/CPG/c/cwe563_cpg/cwe563-66-cpg-resolved.bin	tc66_flow1	CWE563_Unused_Variable__unused_init_variable_int64_t_06.c	32	CWE563_Unused_Variable__unused_init_variable_int64_t_06.c	37
/home/swlab-jueon/swvul/tools/java-vuln-detection/slicing/output/CPG/c/cwe563_cpg/cwe563-66-cpg-resolved.bin	tc66_flow2	CWE563_Unused_Variable__unused_init_variable_int64_t_06.c	50	CWE563_Unused_Variable__unused_init_variable_int64_t_06.c	59
/home/swlab-jueon/swvul/tools/java-vuln-detection/slicing/output/CPG/c/cwe563_cpg/cwe563-66-cpg-resolved.bin	tc66_flow3	CWE563_Unused_Variable__unused_init_variable_int64_t_06.c	68	CWE563_Unused_Variable__unused_init_variable_int64_t_06.c	72
/home/swlab-jueon/swvul/tools/java-vuln-detection/slicing/output/CPG/c/cwe563_cpg/cwe563-67-cpg-resolved.bin	tc67_flow1	CWE563_Unused_Variable__unused_init_variable_int64_t_07.c	32	CWE563_Unused_Variable__unused_init_variable_int64_t_07.c	37
/home/swlab-jueon/swvul/tools/java-vuln-detection/slicing/output/CPG/c/cwe563_cpg/cwe563-67-cpg-resolved.bin	tc67_flow2	CWE563_Unused_Variable__unused_init_variable_int64_t_07.c	50	CWE563_Unused_Variable__unused_init_variable_int64_t_07.c	59
/home/swlab-jueon/swvul/tools/java-vuln-detection/slicing/output/CPG/c/cwe563_cpg/cwe563-67-cpg-resolved.bin	tc67_flow3	CWE563_Unused_Variable__unused_init_variable_int64_t_07.c	68	CWE563_Unused_Variable__unused_init_variable_int64_t_07.c	72
/home/swlab-jueon/swvul/tools/java-vuln-detection/slicing/output/CPG/c/cwe563_cpg/cwe563-68-cpg-resolved.bin	tc68_flow1	CWE563_Unused_Variable__unused_init_variable_int64_t_08.c	40	CWE563_Unused_Variable__unused_init_variable_int64_t_08.c	45
/home/swlab-jueon/swvul/tools/java-vuln-detection/slicing/output/CPG/c/cwe563_cpg/cwe563-68-cpg-resolved.bin	tc68_flow2	CWE563_Unused_Variable__unused_init_variable_int64_t_08.c	58	CWE563_Unused_Variable__unused_init_variable_int64_t_08.c	67
/home/swlab-jueon/swvul/tools/java-vuln-detection/slicing/output/CPG/c/cwe563_cpg/cwe563-68-cpg-resolved.bin	tc68_flow3	CWE563_Unused_Variable__unused_init_variable_int64_t_08.c	76	CWE563_Unused_Variable__unused_init_variable_int64_t_08.c	80
/home/swlab-jueon/swvul/tools/java-vuln-detection/slicing/output/CPG/c/cwe563_cpg/cwe563-69-cpg-resolved.bin	tc69_flow1	CWE563_Unused_Variable__unused_init_variable_int64_t_09.c	27	CWE563_Unused_Variable__unused_init_variable_int64_t_09.c	32
/home/swlab-jueon/swvul/tools/java-vuln-detection/slicing/output/CPG/c/cwe563_cpg/cwe563-69-cpg-resolved.bin	tc69_flow2	CWE563_Unused_Variable__unused_init_variable_int64_t_09.c	45	CWE563_Unused_Variable__unused_init_variable_int64_t_09.c	54
/home/swlab-jueon/swvul/tools/java-vuln-detection/slicing/output/CPG/c/cwe563_cpg/cwe563-69-cpg-resolved.bin	tc69_flow3	CWE563_Unused_Variable__unused_init_variable_int64_t_09.c	63	CWE563_Unused_Variable__unused_init_variable_int64_t_09.c	67
/home/swlab-jueon/swvul/tools/java-vuln-detection/slicing/output/CPG/c/cwe563_cpg/cwe563-70-cpg-resolved.bin	tc70_flow1	CWE563_Unused_Variable__unused_init_variable_int64_t_10.c	27	CWE563_Unused_Variable__unused_init_variable_int64_t_10.c	32
/home/swlab-jueon/swvul/tools/java-vuln-detection/slicing/output/CPG/c/cwe563_cpg/cwe563-70-cpg-resolved.bin	tc70_flow2	CWE563_Unused_Variable__unused_init_variable_int64_t_10.c	45	CWE563_Unused_Variable__unused_init_variable_int64_t_10.c	54
/home/swlab-jueon/swvul/tools/java-vuln-detection/slicing/output/CPG/c/cwe563_cpg/cwe563-70-cpg-resolved.bin	tc70_flow3	CWE563_Unused_Variable__unused_init_variable_int64_t_10.c	63	CWE563_Unused_Variable__unused_init_variable_int64_t_10.c	67
/home/swlab-jueon/swvul/tools/java-vuln-detection/slicing/output/CPG/c/cwe563_cpg/cwe563-71-cpg-resolved.bin	tc71_flow1	CWE563_Unused_Variable__unused_init_variable_int64_t_11.c	27	CWE563_Unused_Variable__unused_init_variable_int64_t_11.c	32
/home/swlab-jueon/swvul/tools/java-vuln-detection/slicing/output/CPG/c/cwe563_cpg/cwe563-71-cpg-resolved.bin	tc71_flow2	CWE563_Unused_Variable__unused_init_variable_int64_t_11.c	45	CWE563_Unused_Variable__unused_init_variable_int64_t_11.c	54
/home/swlab-jueon/swvul/tools/java-vuln-detection/slicing/output/CPG/c/cwe563_cpg/cwe563-71-cpg-resolved.bin	tc71_flow3	CWE563_Unused_Variable__unused_init_variable_int64_t_11.c	63	CWE563_Unused_Variable__unused_init_variable_int64_t_11.c	67
/home/swlab-jueon/swvul/tools/java-vuln-detection/slicing/output/CPG/c/cwe563_cpg/cwe563-72-cpg-resolved.bin	tc72_flow1	CWE563_Unused_Variable__unused_init_variable_int64_t_13.c	27	CWE563_Unused_Variable__unused_init_variable_int64_t_13.c	32
/home/swlab-jueon/swvul/tools/java-vuln-detection/slicing/output/CPG/c/cwe563_cpg/cwe563-72-cpg-resolved.bin	tc72_flow2	CWE563_Unused_Variable__unused_init_variable_int64_t_13.c	45	CWE563_Unused_Variable__unused_init_variable_int64_t_13.c	54
/home/swlab-jueon/swvul/tools/java-vuln-detection/slicing/output/CPG/c/cwe563_cpg/cwe563-72-cpg-resolved.bin	tc72_flow3	CWE563_Unused_Variable__unused_init_variable_int64_t_13.c	63	CWE563_Unused_Variable__unused_init_variable_int64_t_13.c	67
/home/swlab-jueon/swvul/tools/java-vuln-detection/slicing/output/CPG/c/cwe563_cpg/cwe563-73-cpg-resolved.bin	tc73_flow1	CWE563_Unused_Variable__unused_init_variable_int64_t_14.c	27	CWE563_Unused_Variable__unused_init_variable_int64_t_14.c	32
/home/swlab-jueon/swvul/tools/java-vuln-detection/slicing/output/CPG/c/cwe563_cpg/cwe563-73-cpg-resolved.bin	tc73_flow2	CWE563_Unused_Variable__unused_init_variable_int64_t_14.c	45	CWE563_Unused_Variable__unused_init_variable_int64_t_14.c	54
/home/swlab-jueon/swvul/tools/java-vuln-detection/slicing/output/CPG/c/cwe563_cpg/cwe563-73-cpg-resolved.bin	tc73_flow3	CWE563_Unused_Variable__unused_init_variable_int64_t_14.c	63	CWE563_Unused_Variable__unused_init_variable_int64_t_14.c	67
/home/swlab-jueon/swvul/tools/java-vuln-detection/slicing/output/CPG/c/cwe563_cpg/cwe563-74-cpg-resolved.bin	tc74_flow1	CWE563_Unused_Variable__unused_init_variable_int64_t_15.c	27	CWE563_Unused_Variable__unused_init_variable_int64_t_15.c	33
/home/swlab-jueon/swvul/tools/java-vuln-detection/slicing/output/CPG/c/cwe563_cpg/cwe563-74-cpg-resolved.bin	tc74_flow2	CWE563_Unused_Variable__unused_init_variable_int64_t_15.c	51	CWE563_Unused_Variable__unused_init_variable_int64_t_15.c	60
/home/swlab-jueon/swvul/tools/java-vuln-detection/slicing/output/CPG/c/cwe563_cpg/cwe563-74-cpg-resolved.bin	tc74_flow3	CWE563_Unused_Variable__unused_init_variable_int64_t_15.c	70	CWE563_Unused_Variable__unused_init_variable_int64_t_15.c	75
/home/swlab-jueon/swvul/tools/java-vuln-detection/slicing/output/CPG/c/cwe563_cpg/cwe563-75-cpg-resolved.bin	tc75_flow1	CWE563_Unused_Variable__unused_init_variable_int64_t_16.c	27	CWE563_Unused_Variable__unused_init_variable_int64_t_16.c	32
/home/swlab-jueon/swvul/tools/java-vuln-detection/slicing/output/CPG/c/cwe563_cpg/cwe563-75-cpg-resolved.bin	tc75_flow2	CWE563_Unused_Variable__unused_init_variable_int64_t_16.c	46	CWE563_Unused_Variable__unused_init_variable_int64_t_16.c	50
/home/swlab-jueon/swvul/tools/java-vuln-detection/slicing/output/CPG/c/cwe563_cpg/cwe563-76-cpg-resolved.bin	tc76_flow1	CWE563_Unused_Variable__unused_init_variable_int64_t_17.c	28	CWE563_Unused_Variable__unused_init_variable_int64_t_17.c	33
/home/swlab-jueon/swvul/tools/java-vuln-detection/slicing/output/CPG/c/cwe563_cpg/cwe563-76-cpg-resolved.bin	tc76_flow2	CWE563_Unused_Variable__unused_init_variable_int64_t_17.c	47	CWE563_Unused_Variable__unused_init_variable_int64_t_17.c	51
/home/swlab-jueon/swvul/tools/java-vuln-detection/slicing/output/CPG/c/cwe563_cpg/cwe563-77-cpg-resolved.bin	tc77_flow1	CWE563_Unused_Variable__unused_init_variable_int64_t_18.c	27	CWE563_Unused_Variable__unused_init_variable_int64_t_18.c	32
/home/swlab-jueon/swvul/tools/java-vuln-detection/slicing/output/CPG/c/cwe563_cpg/cwe563-77-cpg-resolved.bin	tc77_flow2	CWE563_Unused_Variable__unused_init_variable_int64_t_18.c	44	CWE563_Unused_Variable__unused_init_variable_int64_t_18.c	48
/home/swlab-jueon/swvul/tools/java-vuln-detection/slicing/output/CPG/c/cwe563_cpg/cwe563-78-cpg-resolved.bin	tc78_flow1	CWE563_Unused_Variable__unused_init_variable_int64_t_21.c	40	CWE563_Unused_Variable__unused_init_variable_int64_t_21.c	32
/home/swlab-jueon/swvul/tools/java-vuln-detection/slicing/output/CPG/c/cwe563_cpg/cwe563-78-cpg-resolved.bin	tc78_flow2	CWE563_Unused_Variable__unused_init_variable_int64_t_21.c	72	CWE563_Unused_Variable__unused_init_variable_int64_t_21.c	64
/home/swlab-jueon/swvul/tools/java-vuln-detection/slicing/output/CPG/c/cwe563_cpg/cwe563-78-cpg-resolved.bin	tc78_flow3	CWE563_Unused_Variable__unused_init_variable_int64_t_21.c	91	CWE563_Unused_Variable__unused_init_variable_int64_t_21.c	83
/home/swlab-jueon/swvul/tools/java-vuln-detection/slicing/output/CPG/c/cwe563_cpg/cwe563-79-cpg-resolved.bin	tc79_flow1	CWE563_Unused_Variable__unused_init_variable_int64_t_22a.c	32	CWE563_Unused_Variable__unused_init_variable_int64_t_22b.c	32
/home/swlab-jueon/swvul/tools/java-vuln-detection/slicing/output/CPG/c/cwe563_cpg/cwe563-79-cpg-resolved.bin	tc79_flow2	CWE563_Unused_Variable__unused_init_variable_int64_t_22a.c	52	CWE563_Unused_Variable__unused_init_variable_int64_t_22b.c	55
/home/swlab-jueon/swvul/tools/java-vuln-detection/slicing/output/CPG/c/cwe563_cpg/cwe563-79-cpg-resolved.bin	tc79_flow3	CWE563_Unused_Variable__unused_init_variable_int64_t_22a.c	64	CWE563_Unused_Variable__unused_init_variable_int64_t_22b.c	65
/home/swlab-jueon/swvul/tools/java-vuln-detection/slicing/output/CPG/c/cwe563_cpg/cwe563-80-cpg-resolved.bin	tc80_flow1	CWE563_Unused_Variable__unused_init_variable_int64_t_33.cpp	31	CWE563_Unused_Variable__unused_init_variable_int64_t_33.cpp	36
/home/swlab-jueon/swvul/tools/java-vuln-detection/slicing/output/CPG/c/cwe563_cpg/cwe563-80-cpg-resolved.bin	tc80_flow2	CWE563_Unused_Variable__unused_init_variable_int64_t_33.cpp	50	CWE563_Unused_Variable__unused_init_variable_int64_t_33.cpp	54
/home/swlab-jueon/swvul/tools/java-vuln-detection/slicing/output/CPG/c/cwe563_cpg/cwe563-81-cpg-resolved.bin	tc81_flow1	CWE563_Unused_Variable__unused_init_variable_int64_t_43.cpp	29	CWE563_Unused_Variable__unused_init_variable_int64_t_43.cpp	38
/home/swlab-jueon/swvul/tools/java-vuln-detection/slicing/output/CPG/c/cwe563_cpg/cwe563-81-cpg-resolved.bin	tc81_flow2	CWE563_Unused_Variable__unused_init_variable_int64_t_43.cpp	49	CWE563_Unused_Variable__unused_init_variable_int64_t_43.cpp	57
/home/swlab-jueon/swvul/tools/java-vuln-detection/slicing/output/CPG/c/cwe563_cpg/cwe563-82-cpg-resolved.bin	tc82_flow1	CWE563_Unused_Variable__unused_init_variable_int64_t_72a.cpp	37	CWE563_Unused_Variable__unused_init_variable_int64_t_72b.cpp	35
/home/swlab-jueon/swvul/tools/java-vuln-detection/slicing/output/CPG/c/cwe563_cpg/cwe563-82-cpg-resolved.bin	tc82_flow2	CWE563_Unused_Variable__unused_init_variable_int64_t_72a.cpp	57	CWE563_Unused_Variable__unused_init_variable_int64_t_72b.cpp	47
/home/swlab-jueon/swvul/tools/java-vuln-detection/slicing/output/CPG/c/cwe563_cpg/cwe563-83-cpg-resolved.bin	tc83_flow1	CWE563_Unused_Variable__unused_init_variable_int64_t_73a.cpp	37	CWE563_Unused_Variable__unused_init_variable_int64_t_73b.cpp	35
/home/swlab-jueon/swvul/tools/java-vuln-detection/slicing/output/CPG/c/cwe563_cpg/cwe563-83-cpg-resolved.bin	tc83_flow2	CWE563_Unused_Variable__unused_init_variable_int64_t_73a.cpp	57	CWE563_Unused_Variable__unused_init_variable_int64_t_73b.cpp	47
/home/swlab-jueon/swvul/tools/java-vuln-detection/slicing/output/CPG/c/cwe563_cpg/cwe563-84-cpg-resolved.bin	tc84_flow1	CWE563_Unused_Variable__unused_init_variable_int64_t_74a.cpp	37	CWE563_Unused_Variable__unused_init_variable_int64_t_74b.cpp	35
/home/swlab-jueon/swvul/tools/java-vuln-detection/slicing/output/CPG/c/cwe563_cpg/cwe563-84-cpg-resolved.bin	tc84_flow2	CWE563_Unused_Variable__unused_init_variable_int64_t_74a.cpp	57	CWE563_Unused_Variable__unused_init_variable_int64_t_74b.cpp	47
/home/swlab-jueon/swvul/tools/java-vuln-detection/slicing/output/CPG/c/cwe563_cpg/cwe563-85-cpg-resolved.bin	tc85_flow1	CWE563_Unused_Variable__unused_init_variable_int64_t_81a.cpp	29	CWE563_Unused_Variable__unused_init_variable_int64_t_81_bad.cpp	28
/home/swlab-jueon/swvul/tools/java-vuln-detection/slicing/output/CPG/c/cwe563_cpg/cwe563-85-cpg-resolved.bin	tc85_flow2	CWE563_Unused_Variable__unused_init_variable_int64_t_81a.cpp	43	CWE563_Unused_Variable__unused_init_variable_int64_t_81_goodB2G.cpp	27
/home/swlab-jueon/swvul/tools/java-vuln-detection/slicing/output/CPG/c/cwe563_cpg/cwe563-86-cpg-resolved.bin	tc86_flow1	CWE563_Unused_Variable__unused_init_variable_int64_t_82a.cpp	29	CWE563_Unused_Variable__unused_init_variable_int64_t_82_bad.cpp	28
/home/swlab-jueon/swvul/tools/java-vuln-detection/slicing/output/CPG/c/cwe563_cpg/cwe563-86-cpg-resolved.bin	tc86_flow2	CWE563_Unused_Variable__unused_init_variable_int64_t_82a.cpp	44	CWE563_Unused_Variable__unused_init_variable_int64_t_82_goodB2G.cpp	27
/home/swlab-jueon/swvul/tools/java-vuln-detection/slicing/output/CPG/c/cwe563_cpg/cwe563-87-cpg-resolved.bin	tc87_flow1	CWE563_Unused_Variable__unused_init_variable_int64_t_83_bad.cpp	27	CWE563_Unused_Variable__unused_init_variable_int64_t_83_bad.cpp	34
/home/swlab-jueon/swvul/tools/java-vuln-detection/slicing/output/CPG/c/cwe563_cpg/cwe563-87-cpg-resolved.bin	tc87_flow2	CWE563_Unused_Variable__unused_init_variable_int64_t_83_goodB2G.cpp	27	CWE563_Unused_Variable__unused_init_variable_int64_t_83_goodB2G.cpp	33
/home/swlab-jueon/swvul/tools/java-vuln-detection/slicing/output/CPG/c/cwe563_cpg/cwe563-88-cpg-resolved.bin	tc88_flow1	CWE563_Unused_Variable__unused_init_variable_int64_t_84_bad.cpp	27	CWE563_Unused_Variable__unused_init_variable_int64_t_84_bad.cpp	34
/home/swlab-jueon/swvul/tools/java-vuln-detection/slicing/output/CPG/c/cwe563_cpg/cwe563-88-cpg-resolved.bin	tc88_flow2	CWE563_Unused_Variable__unused_init_variable_int64_t_84_goodB2G.cpp	27	CWE563_Unused_Variable__unused_init_variable_int64_t_84_goodB2G.cpp	33
/home/swlab-jueon/swvul/tools/java-vuln-detection/slicing/output/CPG/c/cwe563_cpg/cwe563-89-cpg-resolved.bin	tc89_flow1	CWE563_Unused_Variable__unused_init_variable_long_01.c	27	CWE563_Unused_Variable__unused_init_variable_long_01.c	30
/home/swlab-jueon/swvul/tools/java-vuln-detection/slicing/output/CPG/c/cwe563_cpg/cwe563-89-cpg-resolved.bin	tc89_flow2	CWE563_Unused_Variable__unused_init_variable_long_01.c	42	CWE563_Unused_Variable__unused_init_variable_long_01.c	44
/home/swlab-jueon/swvul/tools/java-vuln-detection/slicing/output/CPG/c/cwe563_cpg/cwe563-90-cpg-resolved.bin	tc90_flow1	CWE563_Unused_Variable__unused_init_variable_long_02.c	27	CWE563_Unused_Variable__unused_init_variable_long_02.c	32
/home/swlab-jueon/swvul/tools/java-vuln-detection/slicing/output/CPG/c/cwe563_cpg/cwe563-90-cpg-resolved.bin	tc90_flow2	CWE563_Unused_Variable__unused_init_variable_long_02.c	45	CWE563_Unused_Variable__unused_init_variable_long_02.c	54
/home/swlab-jueon/swvul/tools/java-vuln-detection/slicing/output/CPG/c/cwe563_cpg/cwe563-90-cpg-resolved.bin	tc90_flow3	CWE563_Unused_Variable__unused_init_variable_long_02.c	63	CWE563_Unused_Variable__unused_init_variable_long_02.c	67
/home/swlab-jueon/swvul/tools/java-vuln-detection/slicing/output/CPG/c/cwe563_cpg/cwe563-91-cpg-resolved.bin	tc91_flow1	CWE563_Unused_Variable__unused_init_variable_long_03.c	27	CWE563_Unused_Variable__unused_init_variable_long_03.c	32
/home/swlab-jueon/swvul/tools/java-vuln-detection/slicing/output/CPG/c/cwe563_cpg/cwe563-91-cpg-resolved.bin	tc91_flow2	CWE563_Unused_Variable__unused_init_variable_long_03.c	45	CWE563_Unused_Variable__unused_init_variable_long_03.c	54
/home/swlab-jueon/swvul/tools/java-vuln-detection/slicing/output/CPG/c/cwe563_cpg/cwe563-91-cpg-resolved.bin	tc91_flow3	CWE563_Unused_Variable__unused_init_variable_long_03.c	63	CWE563_Unused_Variable__unused_init_variable_long_03.c	67
/home/swlab-jueon/swvul/tools/java-vuln-detection/slicing/output/CPG/c/cwe563_cpg/cwe563-92-cpg-resolved.bin	tc92_flow1	CWE563_Unused_Variable__unused_init_variable_long_04.c	33	CWE563_Unused_Variable__unused_init_variable_long_04.c	38
/home/swlab-jueon/swvul/tools/java-vuln-detection/slicing/output/CPG/c/cwe563_cpg/cwe563-92-cpg-resolved.bin	tc92_flow2	CWE563_Unused_Variable__unused_init_variable_long_04.c	51	CWE563_Unused_Variable__unused_init_variable_long_04.c	60
/home/swlab-jueon/swvul/tools/java-vuln-detection/slicing/output/CPG/c/cwe563_cpg/cwe563-92-cpg-resolved.bin	tc92_flow3	CWE563_Unused_Variable__unused_init_variable_long_04.c	69	CWE563_Unused_Variable__unused_init_variable_long_04.c	73
/home/swlab-jueon/swvul/tools/java-vuln-detection/slicing/output/CPG/c/cwe563_cpg/cwe563-93-cpg-resolved.bin	tc93_flow1	CWE563_Unused_Variable__unused_init_variable_long_05.c	33	CWE563_Unused_Variable__unused_init_variable_long_05.c	38
/home/swlab-jueon/swvul/tools/java-vuln-detection/slicing/output/CPG/c/cwe563_cpg/cwe563-93-cpg-resolved.bin	tc93_flow2	CWE563_Unused_Variable__unused_init_variable_long_05.c	51	CWE563_Unused_Variable__unused_init_variable_long_05.c	60
/home/swlab-jueon/swvul/tools/java-vuln-detection/slicing/output/CPG/c/cwe563_cpg/cwe563-93-cpg-resolved.bin	tc93_flow3	CWE563_Unused_Variable__unused_init_variable_long_05.c	69	CWE563_Unused_Variable__unused_init_variable_long_05.c	73
/home/swlab-jueon/swvul/tools/java-vuln-detection/slicing/output/CPG/c/cwe563_cpg/cwe563-94-cpg-resolved.bin	tc94_flow1	CWE563_Unused_Variable__unused_init_variable_long_06.c	32	CWE563_Unused_Variable__unused_init_variable_long_06.c	37
/home/swlab-jueon/swvul/tools/java-vuln-detection/slicing/output/CPG/c/cwe563_cpg/cwe563-94-cpg-resolved.bin	tc94_flow2	CWE563_Unused_Variable__unused_init_variable_long_06.c	50	CWE563_Unused_Variable__unused_init_variable_long_06.c	59
/home/swlab-jueon/swvul/tools/java-vuln-detection/slicing/output/CPG/c/cwe563_cpg/cwe563-94-cpg-resolved.bin	tc94_flow3	CWE563_Unused_Variable__unused_init_variable_long_06.c	68	CWE563_Unused_Variable__unused_init_variable_long_06.c	72
/home/swlab-jueon/swvul/tools/java-vuln-detection/slicing/output/CPG/c/cwe563_cpg/cwe563-95-cpg-resolved.bin	tc95_flow1	CWE563_Unused_Variable__unused_init_variable_long_07.c	32	CWE563_Unused_Variable__unused_init_variable_long_07.c	37
/home/swlab-jueon/swvul/tools/java-vuln-detection/slicing/output/CPG/c/cwe563_cpg/cwe563-95-cpg-resolved.bin	tc95_flow2	CWE563_Unused_Variable__unused_init_variable_long_07.c	50	CWE563_Unused_Variable__unused_init_variable_long_07.c	59
/home/swlab-jueon/swvul/tools/java-vuln-detection/slicing/output/CPG/c/cwe563_cpg/cwe563-95-cpg-resolved.bin	tc95_flow3	CWE563_Unused_Variable__unused_init_variable_long_07.c	68	CWE563_Unused_Variable__unused_init_variable_long_07.c	72
/home/swlab-jueon/swvul/tools/java-vuln-detection/slicing/output/CPG/c/cwe563_cpg/cwe563-96-cpg-resolved.bin	tc96_flow1	CWE563_Unused_Variable__unused_init_variable_long_08.c	40	CWE563_Unused_Variable__unused_init_variable_long_08.c	45
/home/swlab-jueon/swvul/tools/java-vuln-detection/slicing/output/CPG/c/cwe563_cpg/cwe563-96-cpg-resolved.bin	tc96_flow2	CWE563_Unused_Variable__unused_init_variable_long_08.c	58	CWE563_Unused_Variable__unused_init_variable_long_08.c	67
/home/swlab-jueon/swvul/tools/java-vuln-detection/slicing/output/CPG/c/cwe563_cpg/cwe563-96-cpg-resolved.bin	tc96_flow3	CWE563_Unused_Variable__unused_init_variable_long_08.c	76	CWE563_Unused_Variable__unused_init_variable_long_08.c	80
/home/swlab-jueon/swvul/tools/java-vuln-detection/slicing/output/CPG/c/cwe563_cpg/cwe563-97-cpg-resolved.bin	tc97_flow1	CWE563_Unused_Variable__unused_init_variable_long_09.c	27	CWE563_Unused_Variable__unused_init_variable_long_09.c	32
/home/swlab-jueon/swvul/tools/java-vuln-detection/slicing/output/CPG/c/cwe563_cpg/cwe563-97-cpg-resolved.bin	tc97_flow2	CWE563_Unused_Variable__unused_init_variable_long_09.c	45	CWE563_Unused_Variable__unused_init_variable_long_09.c	54
/home/swlab-jueon/swvul/tools/java-vuln-detection/slicing/output/CPG/c/cwe563_cpg/cwe563-97-cpg-resolved.bin	tc97_flow3	CWE563_Unused_Variable__unused_init_variable_long_09.c	63	CWE563_Unused_Variable__unused_init_variable_long_09.c	67
/home/swlab-jueon/swvul/tools/java-vuln-detection/slicing/output/CPG/c/cwe563_cpg/cwe563-98-cpg-resolved.bin	tc98_flow1	CWE563_Unused_Variable__unused_init_variable_long_10.c	27	CWE563_Unused_Variable__unused_init_variable_long_10.c	32
/home/swlab-jueon/swvul/tools/java-vuln-detection/slicing/output/CPG/c/cwe563_cpg/cwe563-98-cpg-resolved.bin	tc98_flow2	CWE563_Unused_Variable__unused_init_variable_long_10.c	45	CWE563_Unused_Variable__unused_init_variable_long_10.c	54
/home/swlab-jueon/swvul/tools/java-vuln-detection/slicing/output/CPG/c/cwe563_cpg/cwe563-98-cpg-resolved.bin	tc98_flow3	CWE563_Unused_Variable__unused_init_variable_long_10.c	63	CWE563_Unused_Variable__unused_init_variable_long_10.c	67
/home/swlab-jueon/swvul/tools/java-vuln-detection/slicing/output/CPG/c/cwe563_cpg/cwe563-99-cpg-resolved.bin	tc99_flow1	CWE563_Unused_Variable__unused_init_variable_long_11.c	27	CWE563_Unused_Variable__unused_init_variable_long_11.c	32
/home/swlab-jueon/swvul/tools/java-vuln-detection/slicing/output/CPG/c/cwe563_cpg/cwe563-99-cpg-resolved.bin	tc99_flow2	CWE563_Unused_Variable__unused_init_variable_long_11.c	45	CWE563_Unused_Variable__unused_init_variable_long_11.c	54
/home/swlab-jueon/swvul/tools/java-vuln-detection/slicing/output/CPG/c/cwe563_cpg/cwe563-99-cpg-resolved.bin	tc99_flow3	CWE563_Unused_Variable__unused_init_variable_long_11.c	63	CWE563_Unused_Variable__unused_init_variable_long_11.c	67
/home/swlab-jueon/swvul/tools/java-vuln-detection/slicing/output/CPG/c/cwe563_cpg/cwe563-100-cpg-resolved.bin	tc100_flow1	CWE563_Unused_Variable__unused_init_variable_long_13.c	27	CWE563_Unused_Variable__unused_init_variable_long_13.c	32
/home/swlab-jueon/swvul/tools/java-vuln-detection/slicing/output/CPG/c/cwe563_cpg/cwe563-100-cpg-resolved.bin	tc100_flow2	CWE563_Unused_Variable__unused_init_variable_long_13.c	45	CWE563_Unused_Variable__unused_init_variable_long_13.c	54
/home/swlab-jueon/swvul/tools/java-vuln-detection/slicing/output/CPG/c/cwe563_cpg/cwe563-100-cpg-resolved.bin	tc100_flow3	CWE563_Unused_Variable__unused_init_variable_long_13.c	63	CWE563_Unused_Variable__unused_init_variable_long_13.c	67
/home/swlab-jueon/swvul/tools/java-vuln-detection/slicing/output/CPG/c/cwe563_cpg/cwe563-101-cpg-resolved.bin	tc101_flow1	CWE563_Unused_Variable__unused_init_variable_long_14.c	27	CWE563_Unused_Variable__unused_init_variable_long_14.c	32
/home/swlab-jueon/swvul/tools/java-vuln-detection/slicing/output/CPG/c/cwe563_cpg/cwe563-101-cpg-resolved.bin	tc101_flow2	CWE563_Unused_Variable__unused_init_variable_long_14.c	45	CWE563_Unused_Variable__unused_init_variable_long_14.c	54
/home/swlab-jueon/swvul/tools/java-vuln-detection/slicing/output/CPG/c/cwe563_cpg/cwe563-101-cpg-resolved.bin	tc101_flow3	CWE563_Unused_Variable__unused_init_variable_long_14.c	63	CWE563_Unused_Variable__unused_init_variable_long_14.c	67
/home/swlab-jueon/swvul/tools/java-vuln-detection/slicing/output/CPG/c/cwe563_cpg/cwe563-102-cpg-resolved.bin	tc102_flow1	CWE563_Unused_Variable__unused_init_variable_long_15.c	27	CWE563_Unused_Variable__unused_init_variable_long_15.c	33
/home/swlab-jueon/swvul/tools/java-vuln-detection/slicing/output/CPG/c/cwe563_cpg/cwe563-102-cpg-resolved.bin	tc102_flow2	CWE563_Unused_Variable__unused_init_variable_long_15.c	51	CWE563_Unused_Variable__unused_init_variable_long_15.c	60
/home/swlab-jueon/swvul/tools/java-vuln-detection/slicing/output/CPG/c/cwe563_cpg/cwe563-102-cpg-resolved.bin	tc102_flow3	CWE563_Unused_Variable__unused_init_variable_long_15.c	70	CWE563_Unused_Variable__unused_init_variable_long_15.c	75
/home/swlab-jueon/swvul/tools/java-vuln-detection/slicing/output/CPG/c/cwe563_cpg/cwe563-103-cpg-resolved.bin	tc103_flow1	CWE563_Unused_Variable__unused_init_variable_long_16.c	27	CWE563_Unused_Variable__unused_init_variable_long_16.c	32
/home/swlab-jueon/swvul/tools/java-vuln-detection/slicing/output/CPG/c/cwe563_cpg/cwe563-103-cpg-resolved.bin	tc103_flow2	CWE563_Unused_Variable__unused_init_variable_long_16.c	46	CWE563_Unused_Variable__unused_init_variable_long_16.c	50
/home/swlab-jueon/swvul/tools/java-vuln-detection/slicing/output/CPG/c/cwe563_cpg/cwe563-104-cpg-resolved.bin	tc104_flow1	CWE563_Unused_Variable__unused_init_variable_long_17.c	28	CWE563_Unused_Variable__unused_init_variable_long_17.c	33
/home/swlab-jueon/swvul/tools/java-vuln-detection/slicing/output/CPG/c/cwe563_cpg/cwe563-104-cpg-resolved.bin	tc104_flow2	CWE563_Unused_Variable__unused_init_variable_long_17.c	47	CWE563_Unused_Variable__unused_init_variable_long_17.c	51
/home/swlab-jueon/swvul/tools/java-vuln-detection/slicing/output/CPG/c/cwe563_cpg/cwe563-105-cpg-resolved.bin	tc105_flow1	CWE563_Unused_Variable__unused_init_variable_long_18.c	27	CWE563_Unused_Variable__unused_init_variable_long_18.c	32
/home/swlab-jueon/swvul/tools/java-vuln-detection/slicing/output/CPG/c/cwe563_cpg/cwe563-105-cpg-resolved.bin	tc105_flow2	CWE563_Unused_Variable__unused_init_variable_long_18.c	44	CWE563_Unused_Variable__unused_init_variable_long_18.c	48
/home/swlab-jueon/swvul/tools/java-vuln-detection/slicing/output/CPG/c/cwe563_cpg/cwe563-106-cpg-resolved.bin	tc106_flow1	CWE563_Unused_Variable__unused_init_variable_long_21.c	40	CWE563_Unused_Variable__unused_init_variable_long_21.c	32
/home/swlab-jueon/swvul/tools/java-vuln-detection/slicing/output/CPG/c/cwe563_cpg/cwe563-106-cpg-resolved.bin	tc106_flow2	CWE563_Unused_Variable__unused_init_variable_long_21.c	72	CWE563_Unused_Variable__unused_init_variable_long_21.c	64
/home/swlab-jueon/swvul/tools/java-vuln-detection/slicing/output/CPG/c/cwe563_cpg/cwe563-106-cpg-resolved.bin	tc106_flow3	CWE563_Unused_Variable__unused_init_variable_long_21.c	91	CWE563_Unused_Variable__unused_init_variable_long_21.c	83
/home/swlab-jueon/swvul/tools/java-vuln-detection/slicing/output/CPG/c/cwe563_cpg/cwe563-107-cpg-resolved.bin	tc107_flow1	CWE563_Unused_Variable__unused_init_variable_long_22a.c	32	CWE563_Unused_Variable__unused_init_variable_long_22b.c	32
/home/swlab-jueon/swvul/tools/java-vuln-detection/slicing/output/CPG/c/cwe563_cpg/cwe563-107-cpg-resolved.bin	tc107_flow2	CWE563_Unused_Variable__unused_init_variable_long_22a.c	52	CWE563_Unused_Variable__unused_init_variable_long_22b.c	55
/home/swlab-jueon/swvul/tools/java-vuln-detection/slicing/output/CPG/c/cwe563_cpg/cwe563-107-cpg-resolved.bin	tc107_flow3	CWE563_Unused_Variable__unused_init_variable_long_22a.c	64	CWE563_Unused_Variable__unused_init_variable_long_22b.c	65
/home/swlab-jueon/swvul/tools/java-vuln-detection/slicing/output/CPG/c/cwe563_cpg/cwe563-108-cpg-resolved.bin	tc108_flow1	CWE563_Unused_Variable__unused_init_variable_long_33.cpp	31	CWE563_Unused_Variable__unused_init_variable_long_33.cpp	36
/home/swlab-jueon/swvul/tools/java-vuln-detection/slicing/output/CPG/c/cwe563_cpg/cwe563-108-cpg-resolved.bin	tc108_flow2	CWE563_Unused_Variable__unused_init_variable_long_33.cpp	50	CWE563_Unused_Variable__unused_init_variable_long_33.cpp	54
/home/swlab-jueon/swvul/tools/java-vuln-detection/slicing/output/CPG/c/cwe563_cpg/cwe563-109-cpg-resolved.bin	tc109_flow1	CWE563_Unused_Variable__unused_init_variable_long_43.cpp	29	CWE563_Unused_Variable__unused_init_variable_long_43.cpp	38
/home/swlab-jueon/swvul/tools/java-vuln-detection/slicing/output/CPG/c/cwe563_cpg/cwe563-109-cpg-resolved.bin	tc109_flow2	CWE563_Unused_Variable__unused_init_variable_long_43.cpp	49	CWE563_Unused_Variable__unused_init_variable_long_43.cpp	57
/home/swlab-jueon/swvul/tools/java-vuln-detection/slicing/output/CPG/c/cwe563_cpg/cwe563-110-cpg-resolved.bin	tc110_flow1	CWE563_Unused_Variable__unused_init_variable_long_72a.cpp	37	CWE563_Unused_Variable__unused_init_variable_long_72b.cpp	35
/home/swlab-jueon/swvul/tools/java-vuln-detection/slicing/output/CPG/c/cwe563_cpg/cwe563-110-cpg-resolved.bin	tc110_flow2	CWE563_Unused_Variable__unused_init_variable_long_72a.cpp	57	CWE563_Unused_Variable__unused_init_variable_long_72b.cpp	47
/home/swlab-jueon/swvul/tools/java-vuln-detection/slicing/output/CPG/c/cwe563_cpg/cwe563-111-cpg-resolved.bin	tc111_flow1	CWE563_Unused_Variable__unused_init_variable_long_73a.cpp	37	CWE563_Unused_Variable__unused_init_variable_long_73b.cpp	35
/home/swlab-jueon/swvul/tools/java-vuln-detection/slicing/output/CPG/c/cwe563_cpg/cwe563-111-cpg-resolved.bin	tc111_flow2	CWE563_Unused_Variable__unused_init_variable_long_73a.cpp	57	CWE563_Unused_Variable__unused_init_variable_long_73b.cpp	47
/home/swlab-jueon/swvul/tools/java-vuln-detection/slicing/output/CPG/c/cwe563_cpg/cwe563-112-cpg-resolved.bin	tc112_flow1	CWE563_Unused_Variable__unused_init_variable_long_74a.cpp	37	CWE563_Unused_Variable__unused_init_variable_long_74b.cpp	35
/home/swlab-jueon/swvul/tools/java-vuln-detection/slicing/output/CPG/c/cwe563_cpg/cwe563-112-cpg-resolved.bin	tc112_flow2	CWE563_Unused_Variable__unused_init_variable_long_74a.cpp	57	CWE563_Unused_Variable__unused_init_variable_long_74b.cpp	47
/home/swlab-jueon/swvul/tools/java-vuln-detection/slicing/output/CPG/c/cwe563_cpg/cwe563-113-cpg-resolved.bin	tc113_flow1	CWE563_Unused_Variable__unused_init_variable_long_81a.cpp	29	CWE563_Unused_Variable__unused_init_variable_long_81_bad.cpp	28
/home/swlab-jueon/swvul/tools/java-vuln-detection/slicing/output/CPG/c/cwe563_cpg/cwe563-113-cpg-resolved.bin	tc113_flow2	CWE563_Unused_Variable__unused_init_variable_long_81a.cpp	43	CWE563_Unused_Variable__unused_init_variable_long_81_goodB2G.cpp	27
/home/swlab-jueon/swvul/tools/java-vuln-detection/slicing/output/CPG/c/cwe563_cpg/cwe563-114-cpg-resolved.bin	tc114_flow1	CWE563_Unused_Variable__unused_init_variable_long_82a.cpp	29	CWE563_Unused_Variable__unused_init_variable_long_82_bad.cpp	28
/home/swlab-jueon/swvul/tools/java-vuln-detection/slicing/output/CPG/c/cwe563_cpg/cwe563-114-cpg-resolved.bin	tc114_flow2	CWE563_Unused_Variable__unused_init_variable_long_82a.cpp	44	CWE563_Unused_Variable__unused_init_variable_long_82_goodB2G.cpp	27
/home/swlab-jueon/swvul/tools/java-vuln-detection/slicing/output/CPG/c/cwe563_cpg/cwe563-115-cpg-resolved.bin	tc115_flow1	CWE563_Unused_Variable__unused_init_variable_long_83_bad.cpp	27	CWE563_Unused_Variable__unused_init_variable_long_83_bad.cpp	34
/home/swlab-jueon/swvul/tools/java-vuln-detection/slicing/output/CPG/c/cwe563_cpg/cwe563-115-cpg-resolved.bin	tc115_flow2	CWE563_Unused_Variable__unused_init_variable_long_83_goodB2G.cpp	27	CWE563_Unused_Variable__unused_init_variable_long_83_goodB2G.cpp	33
/home/swlab-jueon/swvul/tools/java-vuln-detection/slicing/output/CPG/c/cwe563_cpg/cwe563-116-cpg-resolved.bin	tc116_flow1	CWE563_Unused_Variable__unused_init_variable_long_84_bad.cpp	27	CWE563_Unused_Variable__unused_init_variable_long_84_bad.cpp	34
/home/swlab-jueon/swvul/tools/java-vuln-detection/slicing/output/CPG/c/cwe563_cpg/cwe563-116-cpg-resolved.bin	tc116_flow2	CWE563_Unused_Variable__unused_init_variable_long_84_goodB2G.cpp	27	CWE563_Unused_Variable__unused_init_variable_long_84_goodB2G.cpp	33
/home/swlab-jueon/swvul/tools/java-vuln-detection/slicing/output/CPG/c/cwe563_cpg/cwe563-117-cpg-resolved.bin	tc117_flow1	CWE563_Unused_Variable__unused_init_variable_struct_01.c	27	CWE563_Unused_Variable__unused_init_variable_struct_01.c	31
/home/swlab-jueon/swvul/tools/java-vuln-detection/slicing/output/CPG/c/cwe563_cpg/cwe563-117-cpg-resolved.bin	tc117_flow2	CWE563_Unused_Variable__unused_init_variable_struct_01.c	43	CWE563_Unused_Variable__unused_init_variable_struct_01.c	46
/home/swlab-jueon/swvul/tools/java-vuln-detection/slicing/output/CPG/c/cwe563_cpg/cwe563-118-cpg-resolved.bin	tc118_flow1	CWE563_Unused_Variable__unused_init_variable_struct_02.c	27	CWE563_Unused_Variable__unused_init_variable_struct_02.c	33
/home/swlab-jueon/swvul/tools/java-vuln-detection/slicing/output/CPG/c/cwe563_cpg/cwe563-118-cpg-resolved.bin	tc118_flow2	CWE563_Unused_Variable__unused_init_variable_struct_02.c	46	CWE563_Unused_Variable__unused_init_variable_struct_02.c	56
/home/swlab-jueon/swvul/tools/java-vuln-detection/slicing/output/CPG/c/cwe563_cpg/cwe563-118-cpg-resolved.bin	tc118_flow3	CWE563_Unused_Variable__unused_init_variable_struct_02.c	65	CWE563_Unused_Variable__unused_init_variable_struct_02.c	70
/home/swlab-jueon/swvul/tools/java-vuln-detection/slicing/output/CPG/c/cwe563_cpg/cwe563-119-cpg-resolved.bin	tc119_flow1	CWE563_Unused_Variable__unused_init_variable_struct_03.c	27	CWE563_Unused_Variable__unused_init_variable_struct_03.c	33
/home/swlab-jueon/swvul/tools/java-vuln-detection/slicing/output/CPG/c/cwe563_cpg/cwe563-119-cpg-resolved.bin	tc119_flow2	CWE563_Unused_Variable__unused_init_variable_struct_03.c	46	CWE563_Unused_Variable__unused_init_variable_struct_03.c	56
/home/swlab-jueon/swvul/tools/java-vuln-detection/slicing/output/CPG/c/cwe563_cpg/cwe563-119-cpg-resolved.bin	tc119_flow3	CWE563_Unused_Variable__unused_init_variable_struct_03.c	65	CWE563_Unused_Variable__unused_init_variable_struct_03.c	70
/home/swlab-jueon/swvul/tools/java-vuln-detection/slicing/output/CPG/c/cwe563_cpg/cwe563-120-cpg-resolved.bin	tc120_flow1	CWE563_Unused_Variable__unused_init_variable_struct_04.c	33	CWE563_Unused_Variable__unused_init_variable_struct_04.c	39
/home/swlab-jueon/swvul/tools/java-vuln-detection/slicing/output/CPG/c/cwe563_cpg/cwe563-120-cpg-resolved.bin	tc120_flow2	CWE563_Unused_Variable__unused_init_variable_struct_04.c	52	CWE563_Unused_Variable__unused_init_variable_struct_04.c	62
/home/swlab-jueon/swvul/tools/java-vuln-detection/slicing/output/CPG/c/cwe563_cpg/cwe563-120-cpg-resolved.bin	tc120_flow3	CWE563_Unused_Variable__unused_init_variable_struct_04.c	71	CWE563_Unused_Variable__unused_init_variable_struct_04.c	76
/home/swlab-jueon/swvul/tools/java-vuln-detection/slicing/output/CPG/c/cwe563_cpg/cwe563-121-cpg-resolved.bin	tc121_flow1	CWE563_Unused_Variable__unused_init_variable_struct_05.c	33	CWE563_Unused_Variable__unused_init_variable_struct_05.c	39
/home/swlab-jueon/swvul/tools/java-vuln-detection/slicing/output/CPG/c/cwe563_cpg/cwe563-121-cpg-resolved.bin	tc121_flow2	CWE563_Unused_Variable__unused_init_variable_struct_05.c	52	CWE563_Unused_Variable__unused_init_variable_struct_05.c	62
/home/swlab-jueon/swvul/tools/java-vuln-detection/slicing/output/CPG/c/cwe563_cpg/cwe563-121-cpg-resolved.bin	tc121_flow3	CWE563_Unused_Variable__unused_init_variable_struct_05.c	71	CWE563_Unused_Variable__unused_init_variable_struct_05.c	76
/home/swlab-jueon/swvul/tools/java-vuln-detection/slicing/output/CPG/c/cwe563_cpg/cwe563-122-cpg-resolved.bin	tc122_flow1	CWE563_Unused_Variable__unused_init_variable_struct_06.c	32	CWE563_Unused_Variable__unused_init_variable_struct_06.c	38
/home/swlab-jueon/swvul/tools/java-vuln-detection/slicing/output/CPG/c/cwe563_cpg/cwe563-122-cpg-resolved.bin	tc122_flow2	CWE563_Unused_Variable__unused_init_variable_struct_06.c	51	CWE563_Unused_Variable__unused_init_variable_struct_06.c	61
/home/swlab-jueon/swvul/tools/java-vuln-detection/slicing/output/CPG/c/cwe563_cpg/cwe563-122-cpg-resolved.bin	tc122_flow3	CWE563_Unused_Variable__unused_init_variable_struct_06.c	70	CWE563_Unused_Variable__unused_init_variable_struct_06.c	75
/home/swlab-jueon/swvul/tools/java-vuln-detection/slicing/output/CPG/c/cwe563_cpg/cwe563-123-cpg-resolved.bin	tc123_flow1	CWE563_Unused_Variable__unused_init_variable_struct_07.c	32	CWE563_Unused_Variable__unused_init_variable_struct_07.c	38
/home/swlab-jueon/swvul/tools/java-vuln-detection/slicing/output/CPG/c/cwe563_cpg/cwe563-123-cpg-resolved.bin	tc123_flow2	CWE563_Unused_Variable__unused_init_variable_struct_07.c	51	CWE563_Unused_Variable__unused_init_variable_struct_07.c	61
/home/swlab-jueon/swvul/tools/java-vuln-detection/slicing/output/CPG/c/cwe563_cpg/cwe563-123-cpg-resolved.bin	tc123_flow3	CWE563_Unused_Variable__unused_init_variable_struct_07.c	70	CWE563_Unused_Variable__unused_init_variable_struct_07.c	75
/home/swlab-jueon/swvul/tools/java-vuln-detection/slicing/output/CPG/c/cwe563_cpg/cwe563-124-cpg-resolved.bin	tc124_flow1	CWE563_Unused_Variable__unused_init_variable_struct_08.c	40	CWE563_Unused_Variable__unused_init_variable_struct_08.c	46
/home/swlab-jueon/swvul/tools/java-vuln-detection/slicing/output/CPG/c/cwe563_cpg/cwe563-124-cpg-resolved.bin	tc124_flow2	CWE563_Unused_Variable__unused_init_variable_struct_08.c	59	CWE563_Unused_Variable__unused_init_variable_struct_08.c	69
/home/swlab-jueon/swvul/tools/java-vuln-detection/slicing/output/CPG/c/cwe563_cpg/cwe563-124-cpg-resolved.bin	tc124_flow3	CWE563_Unused_Variable__unused_init_variable_struct_08.c	78	CWE563_Unused_Variable__unused_init_variable_struct_08.c	83
/home/swlab-jueon/swvul/tools/java-vuln-detection/slicing/output/CPG/c/cwe563_cpg/cwe563-125-cpg-resolved.bin	tc125_flow1	CWE563_Unused_Variable__unused_init_variable_struct_09.c	27	CWE563_Unused_Variable__unused_init_variable_struct_09.c	33
/home/swlab-jueon/swvul/tools/java-vuln-detection/slicing/output/CPG/c/cwe563_cpg/cwe563-125-cpg-resolved.bin	tc125_flow2	CWE563_Unused_Variable__unused_init_variable_struct_09.c	46	CWE563_Unused_Variable__unused_init_variable_struct_09.c	56
/home/swlab-jueon/swvul/tools/java-vuln-detection/slicing/output/CPG/c/cwe563_cpg/cwe563-125-cpg-resolved.bin	tc125_flow3	CWE563_Unused_Variable__unused_init_variable_struct_09.c	65	CWE563_Unused_Variable__unused_init_variable_struct_09.c	70
/home/swlab-jueon/swvul/tools/java-vuln-detection/slicing/output/CPG/c/cwe563_cpg/cwe563-126-cpg-resolved.bin	tc126_flow1	CWE563_Unused_Variable__unused_init_variable_struct_10.c	27	CWE563_Unused_Variable__unused_init_variable_struct_10.c	33
/home/swlab-jueon/swvul/tools/java-vuln-detection/slicing/output/CPG/c/cwe563_cpg/cwe563-126-cpg-resolved.bin	tc126_flow2	CWE563_Unused_Variable__unused_init_variable_struct_10.c	46	CWE563_Unused_Variable__unused_init_variable_struct_10.c	56
/home/swlab-jueon/swvul/tools/java-vuln-detection/slicing/output/CPG/c/cwe563_cpg/cwe563-126-cpg-resolved.bin	tc126_flow3	CWE563_Unused_Variable__unused_init_variable_struct_10.c	65	CWE563_Unused_Variable__unused_init_variable_struct_10.c	70
/home/swlab-jueon/swvul/tools/java-vuln-detection/slicing/output/CPG/c/cwe563_cpg/cwe563-127-cpg-resolved.bin	tc127_flow1	CWE563_Unused_Variable__unused_init_variable_struct_11.c	27	CWE563_Unused_Variable__unused_init_variable_struct_11.c	33
/home/swlab-jueon/swvul/tools/java-vuln-detection/slicing/output/CPG/c/cwe563_cpg/cwe563-127-cpg-resolved.bin	tc127_flow2	CWE563_Unused_Variable__unused_init_variable_struct_11.c	46	CWE563_Unused_Variable__unused_init_variable_struct_11.c	56
/home/swlab-jueon/swvul/tools/java-vuln-detection/slicing/output/CPG/c/cwe563_cpg/cwe563-127-cpg-resolved.bin	tc127_flow3	CWE563_Unused_Variable__unused_init_variable_struct_11.c	65	CWE563_Unused_Variable__unused_init_variable_struct_11.c	70
/home/swlab-jueon/swvul/tools/java-vuln-detection/slicing/output/CPG/c/cwe563_cpg/cwe563-128-cpg-resolved.bin	tc128_flow1	CWE563_Unused_Variable__unused_init_variable_struct_13.c	27	CWE563_Unused_Variable__unused_init_variable_struct_13.c	33
/home/swlab-jueon/swvul/tools/java-vuln-detection/slicing/output/CPG/c/cwe563_cpg/cwe563-128-cpg-resolved.bin	tc128_flow2	CWE563_Unused_Variable__unused_init_variable_struct_13.c	46	CWE563_Unused_Variable__unused_init_variable_struct_13.c	56
/home/swlab-jueon/swvul/tools/java-vuln-detection/slicing/output/CPG/c/cwe563_cpg/cwe563-128-cpg-resolved.bin	tc128_flow3	CWE563_Unused_Variable__unused_init_variable_struct_13.c	65	CWE563_Unused_Variable__unused_init_variable_struct_13.c	70
/home/swlab-jueon/swvul/tools/java-vuln-detection/slicing/output/CPG/c/cwe563_cpg/cwe563-129-cpg-resolved.bin	tc129_flow1	CWE563_Unused_Variable__unused_init_variable_struct_14.c	27	CWE563_Unused_Variable__unused_init_variable_struct_14.c	33
/home/swlab-jueon/swvul/tools/java-vuln-detection/slicing/output/CPG/c/cwe563_cpg/cwe563-129-cpg-resolved.bin	tc129_flow2	CWE563_Unused_Variable__unused_init_variable_struct_14.c	46	CWE563_Unused_Variable__unused_init_variable_struct_14.c	56
/home/swlab-jueon/swvul/tools/java-vuln-detection/slicing/output/CPG/c/cwe563_cpg/cwe563-129-cpg-resolved.bin	tc129_flow3	CWE563_Unused_Variable__unused_init_variable_struct_14.c	65	CWE563_Unused_Variable__unused_init_variable_struct_14.c	70
/home/swlab-jueon/swvul/tools/java-vuln-detection/slicing/output/CPG/c/cwe563_cpg/cwe563-130-cpg-resolved.bin	tc130_flow1	CWE563_Unused_Variable__unused_init_variable_struct_15.c	27	CWE563_Unused_Variable__unused_init_variable_struct_15.c	34
/home/swlab-jueon/swvul/tools/java-vuln-detection/slicing/output/CPG/c/cwe563_cpg/cwe563-130-cpg-resolved.bin	tc130_flow2	CWE563_Unused_Variable__unused_init_variable_struct_15.c	52	CWE563_Unused_Variable__unused_init_variable_struct_15.c	62
/home/swlab-jueon/swvul/tools/java-vuln-detection/slicing/output/CPG/c/cwe563_cpg/cwe563-130-cpg-resolved.bin	tc130_flow3	CWE563_Unused_Variable__unused_init_variable_struct_15.c	72	CWE563_Unused_Variable__unused_init_variable_struct_15.c	78
/home/swlab-jueon/swvul/tools/java-vuln-detection/slicing/output/CPG/c/cwe563_cpg/cwe563-131-cpg-resolved.bin	tc131_flow1	CWE563_Unused_Variable__unused_init_variable_struct_16.c	27	CWE563_Unused_Variable__unused_init_variable_struct_16.c	33
/home/swlab-jueon/swvul/tools/java-vuln-detection/slicing/output/CPG/c/cwe563_cpg/cwe563-131-cpg-resolved.bin	tc131_flow2	CWE563_Unused_Variable__unused_init_variable_struct_16.c	47	CWE563_Unused_Variable__unused_init_variable_struct_16.c	52
/home/swlab-jueon/swvul/tools/java-vuln-detection/slicing/output/CPG/c/cwe563_cpg/cwe563-132-cpg-resolved.bin	tc132_flow1	CWE563_Unused_Variable__unused_init_variable_struct_17.c	28	CWE563_Unused_Variable__unused_init_variable_struct_17.c	34
/home/swlab-jueon/swvul/tools/java-vuln-detection/slicing/output/CPG/c/cwe563_cpg/cwe563-132-cpg-resolved.bin	tc132_flow2	CWE563_Unused_Variable__unused_init_variable_struct_17.c	48	CWE563_Unused_Variable__unused_init_variable_struct_17.c	53
/home/swlab-jueon/swvul/tools/java-vuln-detection/slicing/output/CPG/c/cwe563_cpg/cwe563-133-cpg-resolved.bin	tc133_flow1	CWE563_Unused_Variable__unused_init_variable_struct_18.c	27	CWE563_Unused_Variable__unused_init_variable_struct_18.c	33
/home/swlab-jueon/swvul/tools/java-vuln-detection/slicing/output/CPG/c/cwe563_cpg/cwe563-133-cpg-resolved.bin	tc133_flow2	CWE563_Unused_Variable__unused_init_variable_struct_18.c	45	CWE563_Unused_Variable__unused_init_variable_struct_18.c	50
/home/swlab-jueon/swvul/tools/java-vuln-detection/slicing/output/CPG/c/cwe563_cpg/cwe563-134-cpg-resolved.bin	tc134_flow1	CWE563_Unused_Variable__unused_init_variable_struct_21.c	40	CWE563_Unused_Variable__unused_init_variable_struct_21.c	32
/home/swlab-jueon/swvul/tools/java-vuln-detection/slicing/output/CPG/c/cwe563_cpg/cwe563-134-cpg-resolved.bin	tc134_flow2	CWE563_Unused_Variable__unused_init_variable_struct_21.c	73	CWE563_Unused_Variable__unused_init_variable_struct_21.c	65
/home/swlab-jueon/swvul/tools/java-vuln-detection/slicing/output/CPG/c/cwe563_cpg/cwe563-134-cpg-resolved.bin	tc134_flow3	CWE563_Unused_Variable__unused_init_variable_struct_21.c	93	CWE563_Unused_Variable__unused_init_variable_struct_21.c	85
/home/swlab-jueon/swvul/tools/java-vuln-detection/slicing/output/CPG/c/cwe563_cpg/cwe563-135-cpg-resolved.bin	tc135_flow1	CWE563_Unused_Variable__unused_init_variable_struct_22a.c	32	CWE563_Unused_Variable__unused_init_variable_struct_22b.c	32
/home/swlab-jueon/swvul/tools/java-vuln-detection/slicing/output/CPG/c/cwe563_cpg/cwe563-135-cpg-resolved.bin	tc135_flow2	CWE563_Unused_Variable__unused_init_variable_struct_22a.c	53	CWE563_Unused_Variable__unused_init_variable_struct_22b.c	55
/home/swlab-jueon/swvul/tools/java-vuln-detection/slicing/output/CPG/c/cwe563_cpg/cwe563-135-cpg-resolved.bin	tc135_flow3	CWE563_Unused_Variable__unused_init_variable_struct_22a.c	66	CWE563_Unused_Variable__unused_init_variable_struct_22b.c	65
/home/swlab-jueon/swvul/tools/java-vuln-detection/slicing/output/CPG/c/cwe563_cpg/cwe563-136-cpg-resolved.bin	tc136_flow1	CWE563_Unused_Variable__unused_init_variable_struct_33.cpp	31	CWE563_Unused_Variable__unused_init_variable_struct_33.cpp	37
/home/swlab-jueon/swvul/tools/java-vuln-detection/slicing/output/CPG/c/cwe563_cpg/cwe563-136-cpg-resolved.bin	tc136_flow2	CWE563_Unused_Variable__unused_init_variable_struct_33.cpp	51	CWE563_Unused_Variable__unused_init_variable_struct_33.cpp	56
/home/swlab-jueon/swvul/tools/java-vuln-detection/slicing/output/CPG/c/cwe563_cpg/cwe563-137-cpg-resolved.bin	tc137_flow1	CWE563_Unused_Variable__unused_init_variable_struct_43.cpp	29	CWE563_Unused_Variable__unused_init_variable_struct_43.cpp	39
/home/swlab-jueon/swvul/tools/java-vuln-detection/slicing/output/CPG/c/cwe563_cpg/cwe563-137-cpg-resolved.bin	tc137_flow2	CWE563_Unused_Variable__unused_init_variable_struct_43.cpp	50	CWE563_Unused_Variable__unused_init_variable_struct_43.cpp	59
/home/swlab-jueon/swvul/tools/java-vuln-detection/slicing/output/CPG/c/cwe563_cpg/cwe563-138-cpg-resolved.bin	tc138_flow1	CWE563_Unused_Variable__unused_init_variable_struct_72a.cpp	37	CWE563_Unused_Variable__unused_init_variable_struct_72b.cpp	35
/home/swlab-jueon/swvul/tools/java-vuln-detection/slicing/output/CPG/c/cwe563_cpg/cwe563-138-cpg-resolved.bin	tc138_flow2	CWE563_Unused_Variable__unused_init_variable_struct_72a.cpp	58	CWE563_Unused_Variable__unused_init_variable_struct_72b.cpp	47
/home/swlab-jueon/swvul/tools/java-vuln-detection/slicing/output/CPG/c/cwe563_cpg/cwe563-139-cpg-resolved.bin	tc139_flow1	CWE563_Unused_Variable__unused_init_variable_struct_73a.cpp	37	CWE563_Unused_Variable__unused_init_variable_struct_73b.cpp	35
/home/swlab-jueon/swvul/tools/java-vuln-detection/slicing/output/CPG/c/cwe563_cpg/cwe563-139-cpg-resolved.bin	tc139_flow2	CWE563_Unused_Variable__unused_init_variable_struct_73a.cpp	58	CWE563_Unused_Variable__unused_init_variable_struct_73b.cpp	47
/home/swlab-jueon/swvul/tools/java-vuln-detection/slicing/output/CPG/c/cwe563_cpg/cwe563-140-cpg-resolved.bin	tc140_flow1	CWE563_Unused_Variable__unused_init_variable_struct_74a.cpp	37	CWE563_Unused_Variable__unused_init_variable_struct_74b.cpp	35
/home/swlab-jueon/swvul/tools/java-vuln-detection/slicing/output/CPG/c/cwe563_cpg/cwe563-140-cpg-resolved.bin	tc140_flow2	CWE563_Unused_Variable__unused_init_variable_struct_74a.cpp	58	CWE563_Unused_Variable__unused_init_variable_struct_74b.cpp	47
/home/swlab-jueon/swvul/tools/java-vuln-detection/slicing/output/CPG/c/cwe563_cpg/cwe563-141-cpg-resolved.bin	tc141_flow1	CWE563_Unused_Variable__unused_init_variable_struct_81a.cpp	29	CWE563_Unused_Variable__unused_init_variable_struct_81_bad.cpp	28
/home/swlab-jueon/swvul/tools/java-vuln-detection/slicing/output/CPG/c/cwe563_cpg/cwe563-141-cpg-resolved.bin	tc141_flow2	CWE563_Unused_Variable__unused_init_variable_struct_81a.cpp	44	CWE563_Unused_Variable__unused_init_variable_struct_81_goodB2G.cpp	27
/home/swlab-jueon/swvul/tools/java-vuln-detection/slicing/output/CPG/c/cwe563_cpg/cwe563-142-cpg-resolved.bin	tc142_flow1	CWE563_Unused_Variable__unused_init_variable_struct_82a.cpp	29	CWE563_Unused_Variable__unused_init_variable_struct_82_bad.cpp	28
/home/swlab-jueon/swvul/tools/java-vuln-detection/slicing/output/CPG/c/cwe563_cpg/cwe563-142-cpg-resolved.bin	tc142_flow2	CWE563_Unused_Variable__unused_init_variable_struct_82a.cpp	45	CWE563_Unused_Variable__unused_init_variable_struct_82_goodB2G.cpp	27
/home/swlab-jueon/swvul/tools/java-vuln-detection/slicing/output/CPG/c/cwe563_cpg/cwe563-143-cpg-resolved.bin	tc143_flow1	CWE563_Unused_Variable__unused_init_variable_struct_83_bad.cpp	27	CWE563_Unused_Variable__unused_init_variable_struct_83_bad.cpp	35
/home/swlab-jueon/swvul/tools/java-vuln-detection/slicing/output/CPG/c/cwe563_cpg/cwe563-143-cpg-resolved.bin	tc143_flow2	CWE563_Unused_Variable__unused_init_variable_struct_83_goodB2G.cpp	27	CWE563_Unused_Variable__unused_init_variable_struct_83_goodB2G.cpp	34
/home/swlab-jueon/swvul/tools/java-vuln-detection/slicing/output/CPG/c/cwe563_cpg/cwe563-144-cpg-resolved.bin	tc144_flow1	CWE563_Unused_Variable__unused_init_variable_struct_84_bad.cpp	27	CWE563_Unused_Variable__unused_init_variable_struct_84_bad.cpp	35
/home/swlab-jueon/swvul/tools/java-vuln-detection/slicing/output/CPG/c/cwe563_cpg/cwe563-144-cpg-resolved.bin	tc144_flow2	CWE563_Unused_Variable__unused_init_variable_struct_84_goodB2G.cpp	27	CWE563_Unused_Variable__unused_init_variable_struct_84_goodB2G.cpp	34
/home/swlab-jueon/swvul/tools/java-vuln-detection/slicing/output/CPG/c/cwe563_cpg/cwe563-145-cpg-resolved.bin	tc145_flow1	CWE563_Unused_Variable__unused_init_variable_wchar_t_01.c	27	CWE563_Unused_Variable__unused_init_variable_wchar_t_01.c	30
/home/swlab-jueon/swvul/tools/java-vuln-detection/slicing/output/CPG/c/cwe563_cpg/cwe563-145-cpg-resolved.bin	tc145_flow2	CWE563_Unused_Variable__unused_init_variable_wchar_t_01.c	42	CWE563_Unused_Variable__unused_init_variable_wchar_t_01.c	44
/home/swlab-jueon/swvul/tools/java-vuln-detection/slicing/output/CPG/c/cwe563_cpg/cwe563-146-cpg-resolved.bin	tc146_flow1	CWE563_Unused_Variable__unused_init_variable_wchar_t_02.c	27	CWE563_Unused_Variable__unused_init_variable_wchar_t_02.c	32
/home/swlab-jueon/swvul/tools/java-vuln-detection/slicing/output/CPG/c/cwe563_cpg/cwe563-146-cpg-resolved.bin	tc146_flow2	CWE563_Unused_Variable__unused_init_variable_wchar_t_02.c	45	CWE563_Unused_Variable__unused_init_variable_wchar_t_02.c	54
/home/swlab-jueon/swvul/tools/java-vuln-detection/slicing/output/CPG/c/cwe563_cpg/cwe563-146-cpg-resolved.bin	tc146_flow3	CWE563_Unused_Variable__unused_init_variable_wchar_t_02.c	63	CWE563_Unused_Variable__unused_init_variable_wchar_t_02.c	67
/home/swlab-jueon/swvul/tools/java-vuln-detection/slicing/output/CPG/c/cwe563_cpg/cwe563-147-cpg-resolved.bin	tc147_flow1	CWE563_Unused_Variable__unused_init_variable_wchar_t_03.c	27	CWE563_Unused_Variable__unused_init_variable_wchar_t_03.c	32
/home/swlab-jueon/swvul/tools/java-vuln-detection/slicing/output/CPG/c/cwe563_cpg/cwe563-147-cpg-resolved.bin	tc147_flow2	CWE563_Unused_Variable__unused_init_variable_wchar_t_03.c	45	CWE563_Unused_Variable__unused_init_variable_wchar_t_03.c	54
/home/swlab-jueon/swvul/tools/java-vuln-detection/slicing/output/CPG/c/cwe563_cpg/cwe563-147-cpg-resolved.bin	tc147_flow3	CWE563_Unused_Variable__unused_init_variable_wchar_t_03.c	63	CWE563_Unused_Variable__unused_init_variable_wchar_t_03.c	67
/home/swlab-jueon/swvul/tools/java-vuln-detection/slicing/output/CPG/c/cwe563_cpg/cwe563-148-cpg-resolved.bin	tc148_flow1	CWE563_Unused_Variable__unused_init_variable_wchar_t_04.c	33	CWE563_Unused_Variable__unused_init_variable_wchar_t_04.c	38
/home/swlab-jueon/swvul/tools/java-vuln-detection/slicing/output/CPG/c/cwe563_cpg/cwe563-148-cpg-resolved.bin	tc148_flow2	CWE563_Unused_Variable__unused_init_variable_wchar_t_04.c	51	CWE563_Unused_Variable__unused_init_variable_wchar_t_04.c	60
/home/swlab-jueon/swvul/tools/java-vuln-detection/slicing/output/CPG/c/cwe563_cpg/cwe563-148-cpg-resolved.bin	tc148_flow3	CWE563_Unused_Variable__unused_init_variable_wchar_t_04.c	69	CWE563_Unused_Variable__unused_init_variable_wchar_t_04.c	73
/home/swlab-jueon/swvul/tools/java-vuln-detection/slicing/output/CPG/c/cwe563_cpg/cwe563-149-cpg-resolved.bin	tc149_flow1	CWE563_Unused_Variable__unused_init_variable_wchar_t_05.c	33	CWE563_Unused_Variable__unused_init_variable_wchar_t_05.c	38
/home/swlab-jueon/swvul/tools/java-vuln-detection/slicing/output/CPG/c/cwe563_cpg/cwe563-149-cpg-resolved.bin	tc149_flow2	CWE563_Unused_Variable__unused_init_variable_wchar_t_05.c	51	CWE563_Unused_Variable__unused_init_variable_wchar_t_05.c	60
/home/swlab-jueon/swvul/tools/java-vuln-detection/slicing/output/CPG/c/cwe563_cpg/cwe563-149-cpg-resolved.bin	tc149_flow3	CWE563_Unused_Variable__unused_init_variable_wchar_t_05.c	69	CWE563_Unused_Variable__unused_init_variable_wchar_t_05.c	73
/home/swlab-jueon/swvul/tools/java-vuln-detection/slicing/output/CPG/c/cwe563_cpg/cwe563-150-cpg-resolved.bin	tc150_flow1	CWE563_Unused_Variable__unused_init_variable_wchar_t_06.c	32	CWE563_Unused_Variable__unused_init_variable_wchar_t_06.c	37
/home/swlab-jueon/swvul/tools/java-vuln-detection/slicing/output/CPG/c/cwe563_cpg/cwe563-150-cpg-resolved.bin	tc150_flow2	CWE563_Unused_Variable__unused_init_variable_wchar_t_06.c	50	CWE563_Unused_Variable__unused_init_variable_wchar_t_06.c	59
/home/swlab-jueon/swvul/tools/java-vuln-detection/slicing/output/CPG/c/cwe563_cpg/cwe563-150-cpg-resolved.bin	tc150_flow3	CWE563_Unused_Variable__unused_init_variable_wchar_t_06.c	68	CWE563_Unused_Variable__unused_init_variable_wchar_t_06.c	72
/home/swlab-jueon/swvul/tools/java-vuln-detection/slicing/output/CPG/c/cwe563_cpg/cwe563-151-cpg-resolved.bin	tc151_flow1	CWE563_Unused_Variable__unused_init_variable_wchar_t_07.c	32	CWE563_Unused_Variable__unused_init_variable_wchar_t_07.c	37
/home/swlab-jueon/swvul/tools/java-vuln-detection/slicing/output/CPG/c/cwe563_cpg/cwe563-151-cpg-resolved.bin	tc151_flow2	CWE563_Unused_Variable__unused_init_variable_wchar_t_07.c	50	CWE563_Unused_Variable__unused_init_variable_wchar_t_07.c	59
/home/swlab-jueon/swvul/tools/java-vuln-detection/slicing/output/CPG/c/cwe563_cpg/cwe563-151-cpg-resolved.bin	tc151_flow3	CWE563_Unused_Variable__unused_init_variable_wchar_t_07.c	68	CWE563_Unused_Variable__unused_init_variable_wchar_t_07.c	72
/home/swlab-jueon/swvul/tools/java-vuln-detection/slicing/output/CPG/c/cwe563_cpg/cwe563-152-cpg-resolved.bin	tc152_flow1	CWE563_Unused_Variable__unused_init_variable_wchar_t_08.c	40	CWE563_Unused_Variable__unused_init_variable_wchar_t_08.c	45
/home/swlab-jueon/swvul/tools/java-vuln-detection/slicing/output/CPG/c/cwe563_cpg/cwe563-152-cpg-resolved.bin	tc152_flow2	CWE563_Unused_Variable__unused_init_variable_wchar_t_08.c	58	CWE563_Unused_Variable__unused_init_variable_wchar_t_08.c	67
/home/swlab-jueon/swvul/tools/java-vuln-detection/slicing/output/CPG/c/cwe563_cpg/cwe563-152-cpg-resolved.bin	tc152_flow3	CWE563_Unused_Variable__unused_init_variable_wchar_t_08.c	76	CWE563_Unused_Variable__unused_init_variable_wchar_t_08.c	80
/home/swlab-jueon/swvul/tools/java-vuln-detection/slicing/output/CPG/c/cwe563_cpg/cwe563-153-cpg-resolved.bin	tc153_flow1	CWE563_Unused_Variable__unused_init_variable_wchar_t_09.c	27	CWE563_Unused_Variable__unused_init_variable_wchar_t_09.c	32
/home/swlab-jueon/swvul/tools/java-vuln-detection/slicing/output/CPG/c/cwe563_cpg/cwe563-153-cpg-resolved.bin	tc153_flow2	CWE563_Unused_Variable__unused_init_variable_wchar_t_09.c	45	CWE563_Unused_Variable__unused_init_variable_wchar_t_09.c	54
/home/swlab-jueon/swvul/tools/java-vuln-detection/slicing/output/CPG/c/cwe563_cpg/cwe563-153-cpg-resolved.bin	tc153_flow3	CWE563_Unused_Variable__unused_init_variable_wchar_t_09.c	63	CWE563_Unused_Variable__unused_init_variable_wchar_t_09.c	67
/home/swlab-jueon/swvul/tools/java-vuln-detection/slicing/output/CPG/c/cwe563_cpg/cwe563-154-cpg-resolved.bin	tc154_flow1	CWE563_Unused_Variable__unused_init_variable_wchar_t_10.c	27	CWE563_Unused_Variable__unused_init_variable_wchar_t_10.c	32
/home/swlab-jueon/swvul/tools/java-vuln-detection/slicing/output/CPG/c/cwe563_cpg/cwe563-154-cpg-resolved.bin	tc154_flow2	CWE563_Unused_Variable__unused_init_variable_wchar_t_10.c	45	CWE563_Unused_Variable__unused_init_variable_wchar_t_10.c	54
/home/swlab-jueon/swvul/tools/java-vuln-detection/slicing/output/CPG/c/cwe563_cpg/cwe563-154-cpg-resolved.bin	tc154_flow3	CWE563_Unused_Variable__unused_init_variable_wchar_t_10.c	63	CWE563_Unused_Variable__unused_init_variable_wchar_t_10.c	67
/home/swlab-jueon/swvul/tools/java-vuln-detection/slicing/output/CPG/c/cwe563_cpg/cwe563-155-cpg-resolved.bin	tc155_flow1	CWE563_Unused_Variable__unused_init_variable_wchar_t_11.c	27	CWE563_Unused_Variable__unused_init_variable_wchar_t_11.c	32
/home/swlab-jueon/swvul/tools/java-vuln-detection/slicing/output/CPG/c/cwe563_cpg/cwe563-155-cpg-resolved.bin	tc155_flow2	CWE563_Unused_Variable__unused_init_variable_wchar_t_11.c	45	CWE563_Unused_Variable__unused_init_variable_wchar_t_11.c	54
/home/swlab-jueon/swvul/tools/java-vuln-detection/slicing/output/CPG/c/cwe563_cpg/cwe563-155-cpg-resolved.bin	tc155_flow3	CWE563_Unused_Variable__unused_init_variable_wchar_t_11.c	63	CWE563_Unused_Variable__unused_init_variable_wchar_t_11.c	67
/home/swlab-jueon/swvul/tools/java-vuln-detection/slicing/output/CPG/c/cwe563_cpg/cwe563-156-cpg-resolved.bin	tc156_flow1	CWE563_Unused_Variable__unused_init_variable_wchar_t_13.c	27	CWE563_Unused_Variable__unused_init_variable_wchar_t_13.c	32
/home/swlab-jueon/swvul/tools/java-vuln-detection/slicing/output/CPG/c/cwe563_cpg/cwe563-156-cpg-resolved.bin	tc156_flow2	CWE563_Unused_Variable__unused_init_variable_wchar_t_13.c	45	CWE563_Unused_Variable__unused_init_variable_wchar_t_13.c	54
/home/swlab-jueon/swvul/tools/java-vuln-detection/slicing/output/CPG/c/cwe563_cpg/cwe563-156-cpg-resolved.bin	tc156_flow3	CWE563_Unused_Variable__unused_init_variable_wchar_t_13.c	63	CWE563_Unused_Variable__unused_init_variable_wchar_t_13.c	67
/home/swlab-jueon/swvul/tools/java-vuln-detection/slicing/output/CPG/c/cwe563_cpg/cwe563-157-cpg-resolved.bin	tc157_flow1	CWE563_Unused_Variable__unused_init_variable_wchar_t_14.c	27	CWE563_Unused_Variable__unused_init_variable_wchar_t_14.c	32
/home/swlab-jueon/swvul/tools/java-vuln-detection/slicing/output/CPG/c/cwe563_cpg/cwe563-157-cpg-resolved.bin	tc157_flow2	CWE563_Unused_Variable__unused_init_variable_wchar_t_14.c	45	CWE563_Unused_Variable__unused_init_variable_wchar_t_14.c	54
/home/swlab-jueon/swvul/tools/java-vuln-detection/slicing/output/CPG/c/cwe563_cpg/cwe563-157-cpg-resolved.bin	tc157_flow3	CWE563_Unused_Variable__unused_init_variable_wchar_t_14.c	63	CWE563_Unused_Variable__unused_init_variable_wchar_t_14.c	67
/home/swlab-jueon/swvul/tools/java-vuln-detection/slicing/output/CPG/c/cwe563_cpg/cwe563-158-cpg-resolved.bin	tc158_flow1	CWE563_Unused_Variable__unused_init_variable_wchar_t_15.c	27	CWE563_Unused_Variable__unused_init_variable_wchar_t_15.c	33
/home/swlab-jueon/swvul/tools/java-vuln-detection/slicing/output/CPG/c/cwe563_cpg/cwe563-158-cpg-resolved.bin	tc158_flow2	CWE563_Unused_Variable__unused_init_variable_wchar_t_15.c	51	CWE563_Unused_Variable__unused_init_variable_wchar_t_15.c	60
/home/swlab-jueon/swvul/tools/java-vuln-detection/slicing/output/CPG/c/cwe563_cpg/cwe563-158-cpg-resolved.bin	tc158_flow3	CWE563_Unused_Variable__unused_init_variable_wchar_t_15.c	70	CWE563_Unused_Variable__unused_init_variable_wchar_t_15.c	75
/home/swlab-jueon/swvul/tools/java-vuln-detection/slicing/output/CPG/c/cwe563_cpg/cwe563-159-cpg-resolved.bin	tc159_flow1	CWE563_Unused_Variable__unused_init_variable_wchar_t_16.c	27	CWE563_Unused_Variable__unused_init_variable_wchar_t_16.c	32
/home/swlab-jueon/swvul/tools/java-vuln-detection/slicing/output/CPG/c/cwe563_cpg/cwe563-159-cpg-resolved.bin	tc159_flow2	CWE563_Unused_Variable__unused_init_variable_wchar_t_16.c	46	CWE563_Unused_Variable__unused_init_variable_wchar_t_16.c	50
/home/swlab-jueon/swvul/tools/java-vuln-detection/slicing/output/CPG/c/cwe563_cpg/cwe563-160-cpg-resolved.bin	tc160_flow1	CWE563_Unused_Variable__unused_init_variable_wchar_t_17.c	28	CWE563_Unused_Variable__unused_init_variable_wchar_t_17.c	33
/home/swlab-jueon/swvul/tools/java-vuln-detection/slicing/output/CPG/c/cwe563_cpg/cwe563-160-cpg-resolved.bin	tc160_flow2	CWE563_Unused_Variable__unused_init_variable_wchar_t_17.c	47	CWE563_Unused_Variable__unused_init_variable_wchar_t_17.c	51
/home/swlab-jueon/swvul/tools/java-vuln-detection/slicing/output/CPG/c/cwe563_cpg/cwe563-161-cpg-resolved.bin	tc161_flow1	CWE563_Unused_Variable__unused_init_variable_wchar_t_18.c	27	CWE563_Unused_Variable__unused_init_variable_wchar_t_18.c	32
/home/swlab-jueon/swvul/tools/java-vuln-detection/slicing/output/CPG/c/cwe563_cpg/cwe563-161-cpg-resolved.bin	tc161_flow2	CWE563_Unused_Variable__unused_init_variable_wchar_t_18.c	44	CWE563_Unused_Variable__unused_init_variable_wchar_t_18.c	48
/home/swlab-jueon/swvul/tools/java-vuln-detection/slicing/output/CPG/c/cwe563_cpg/cwe563-162-cpg-resolved.bin	tc162_flow1	CWE563_Unused_Variable__unused_init_variable_wchar_t_21.c	40	CWE563_Unused_Variable__unused_init_variable_wchar_t_21.c	32
/home/swlab-jueon/swvul/tools/java-vuln-detection/slicing/output/CPG/c/cwe563_cpg/cwe563-162-cpg-resolved.bin	tc162_flow2	CWE563_Unused_Variable__unused_init_variable_wchar_t_21.c	72	CWE563_Unused_Variable__unused_init_variable_wchar_t_21.c	64
/home/swlab-jueon/swvul/tools/java-vuln-detection/slicing/output/CPG/c/cwe563_cpg/cwe563-162-cpg-resolved.bin	tc162_flow3	CWE563_Unused_Variable__unused_init_variable_wchar_t_21.c	91	CWE563_Unused_Variable__unused_init_variable_wchar_t_21.c	83
/home/swlab-jueon/swvul/tools/java-vuln-detection/slicing/output/CPG/c/cwe563_cpg/cwe563-163-cpg-resolved.bin	tc163_flow1	CWE563_Unused_Variable__unused_init_variable_wchar_t_22a.c	32	CWE563_Unused_Variable__unused_init_variable_wchar_t_22b.c	32
/home/swlab-jueon/swvul/tools/java-vuln-detection/slicing/output/CPG/c/cwe563_cpg/cwe563-163-cpg-resolved.bin	tc163_flow2	CWE563_Unused_Variable__unused_init_variable_wchar_t_22a.c	52	CWE563_Unused_Variable__unused_init_variable_wchar_t_22b.c	55
/home/swlab-jueon/swvul/tools/java-vuln-detection/slicing/output/CPG/c/cwe563_cpg/cwe563-163-cpg-resolved.bin	tc163_flow3	CWE563_Unused_Variable__unused_init_variable_wchar_t_22a.c	64	CWE563_Unused_Variable__unused_init_variable_wchar_t_22b.c	65
/home/swlab-jueon/swvul/tools/java-vuln-detection/slicing/output/CPG/c/cwe563_cpg/cwe563-164-cpg-resolved.bin	tc164_flow1	CWE563_Unused_Variable__unused_init_variable_wchar_t_33.cpp	31	CWE563_Unused_Variable__unused_init_variable_wchar_t_33.cpp	36
/home/swlab-jueon/swvul/tools/java-vuln-detection/slicing/output/CPG/c/cwe563_cpg/cwe563-164-cpg-resolved.bin	tc164_flow2	CWE563_Unused_Variable__unused_init_variable_wchar_t_33.cpp	50	CWE563_Unused_Variable__unused_init_variable_wchar_t_33.cpp	54
/home/swlab-jueon/swvul/tools/java-vuln-detection/slicing/output/CPG/c/cwe563_cpg/cwe563-165-cpg-resolved.bin	tc165_flow1	CWE563_Unused_Variable__unused_init_variable_wchar_t_43.cpp	29	CWE563_Unused_Variable__unused_init_variable_wchar_t_43.cpp	38
/home/swlab-jueon/swvul/tools/java-vuln-detection/slicing/output/CPG/c/cwe563_cpg/cwe563-165-cpg-resolved.bin	tc165_flow2	CWE563_Unused_Variable__unused_init_variable_wchar_t_43.cpp	49	CWE563_Unused_Variable__unused_init_variable_wchar_t_43.cpp	57
/home/swlab-jueon/swvul/tools/java-vuln-detection/slicing/output/CPG/c/cwe563_cpg/cwe563-166-cpg-resolved.bin	tc166_flow1	CWE563_Unused_Variable__unused_init_variable_wchar_t_72a.cpp	37	CWE563_Unused_Variable__unused_init_variable_wchar_t_72b.cpp	35
/home/swlab-jueon/swvul/tools/java-vuln-detection/slicing/output/CPG/c/cwe563_cpg/cwe563-166-cpg-resolved.bin	tc166_flow2	CWE563_Unused_Variable__unused_init_variable_wchar_t_72a.cpp	57	CWE563_Unused_Variable__unused_init_variable_wchar_t_72b.cpp	47
/home/swlab-jueon/swvul/tools/java-vuln-detection/slicing/output/CPG/c/cwe563_cpg/cwe563-167-cpg-resolved.bin	tc167_flow1	CWE563_Unused_Variable__unused_init_variable_wchar_t_73a.cpp	37	CWE563_Unused_Variable__unused_init_variable_wchar_t_73b.cpp	35
/home/swlab-jueon/swvul/tools/java-vuln-detection/slicing/output/CPG/c/cwe563_cpg/cwe563-167-cpg-resolved.bin	tc167_flow2	CWE563_Unused_Variable__unused_init_variable_wchar_t_73a.cpp	57	CWE563_Unused_Variable__unused_init_variable_wchar_t_73b.cpp	47
/home/swlab-jueon/swvul/tools/java-vuln-detection/slicing/output/CPG/c/cwe563_cpg/cwe563-168-cpg-resolved.bin	tc168_flow1	CWE563_Unused_Variable__unused_init_variable_wchar_t_74a.cpp	37	CWE563_Unused_Variable__unused_init_variable_wchar_t_74b.cpp	35
/home/swlab-jueon/swvul/tools/java-vuln-detection/slicing/output/CPG/c/cwe563_cpg/cwe563-168-cpg-resolved.bin	tc168_flow2	CWE563_Unused_Variable__unused_init_variable_wchar_t_74a.cpp	57	CWE563_Unused_Variable__unused_init_variable_wchar_t_74b.cpp	47
/home/swlab-jueon/swvul/tools/java-vuln-detection/slicing/output/CPG/c/cwe563_cpg/cwe563-169-cpg-resolved.bin	tc169_flow1	CWE563_Unused_Variable__unused_init_variable_wchar_t_81a.cpp	29	CWE563_Unused_Variable__unused_init_variable_wchar_t_81_bad.cpp	28
/home/swlab-jueon/swvul/tools/java-vuln-detection/slicing/output/CPG/c/cwe563_cpg/cwe563-169-cpg-resolved.bin	tc169_flow2	CWE563_Unused_Variable__unused_init_variable_wchar_t_81a.cpp	43	CWE563_Unused_Variable__unused_init_variable_wchar_t_81_goodB2G.cpp	27
/home/swlab-jueon/swvul/tools/java-vuln-detection/slicing/output/CPG/c/cwe563_cpg/cwe563-170-cpg-resolved.bin	tc170_flow1	CWE563_Unused_Variable__unused_init_variable_wchar_t_82a.cpp	29	CWE563_Unused_Variable__unused_init_variable_wchar_t_82_bad.cpp	28
/home/swlab-jueon/swvul/tools/java-vuln-detection/slicing/output/CPG/c/cwe563_cpg/cwe563-170-cpg-resolved.bin	tc170_flow2	CWE563_Unused_Variable__unused_init_variable_wchar_t_82a.cpp	44	CWE563_Unused_Variable__unused_init_variable_wchar_t_82_goodB2G.cpp	27
/home/swlab-jueon/swvul/tools/java-vuln-detection/slicing/output/CPG/c/cwe563_cpg/cwe563-171-cpg-resolved.bin	tc171_flow1	CWE563_Unused_Variable__unused_init_variable_wchar_t_83_bad.cpp	27	CWE563_Unused_Variable__unused_init_variable_wchar_t_83_bad.cpp	34
/home/swlab-jueon/swvul/tools/java-vuln-detection/slicing/output/CPG/c/cwe563_cpg/cwe563-171-cpg-resolved.bin	tc171_flow2	CWE563_Unused_Variable__unused_init_variable_wchar_t_83_goodB2G.cpp	27	CWE563_Unused_Variable__unused_init_variable_wchar_t_83_goodB2G.cpp	33
/home/swlab-jueon/swvul/tools/java-vuln-detection/slicing/output/CPG/c/cwe563_cpg/cwe563-172-cpg-resolved.bin	tc172_flow1	CWE563_Unused_Variable__unused_init_variable_wchar_t_84_bad.cpp	27	CWE563_Unused_Variable__unused_init_variable_wchar_t_84_bad.cpp	34
/home/swlab-jueon/swvul/tools/java-vuln-detection/slicing/output/CPG/c/cwe563_cpg/cwe563-172-cpg-resolved.bin	tc172_flow2	CWE563_Unused_Variable__unused_init_variable_wchar_t_84_goodB2G.cpp	27	CWE563_Unused_Variable__unused_init_variable_wchar_t_84_goodB2G.cpp	33
/home/swlab-jueon/swvul/tools/java-vuln-detection/slicing/output/CPG/c/cwe563_cpg/cwe563-177-cpg-resolved.bin	tc177_flow1	CWE563_Unused_Variable__unused_uninit_variable_char_01.c	27	CWE563_Unused_Variable__unused_uninit_variable_char_01.c	30
/home/swlab-jueon/swvul/tools/java-vuln-detection/slicing/output/CPG/c/cwe563_cpg/cwe563-177-cpg-resolved.bin	tc177_flow2	CWE563_Unused_Variable__unused_uninit_variable_char_01.c	42	CWE563_Unused_Variable__unused_uninit_variable_char_01.c	44
/home/swlab-jueon/swvul/tools/java-vuln-detection/slicing/output/CPG/c/cwe563_cpg/cwe563-178-cpg-resolved.bin	tc178_flow1	CWE563_Unused_Variable__unused_uninit_variable_char_02.c	27	CWE563_Unused_Variable__unused_uninit_variable_char_02.c	32
/home/swlab-jueon/swvul/tools/java-vuln-detection/slicing/output/CPG/c/cwe563_cpg/cwe563-178-cpg-resolved.bin	tc178_flow2	CWE563_Unused_Variable__unused_uninit_variable_char_02.c	45	CWE563_Unused_Variable__unused_uninit_variable_char_02.c	54
/home/swlab-jueon/swvul/tools/java-vuln-detection/slicing/output/CPG/c/cwe563_cpg/cwe563-178-cpg-resolved.bin	tc178_flow3	CWE563_Unused_Variable__unused_uninit_variable_char_02.c	64	CWE563_Unused_Variable__unused_uninit_variable_char_02.c	68
/home/swlab-jueon/swvul/tools/java-vuln-detection/slicing/output/CPG/c/cwe563_cpg/cwe563-179-cpg-resolved.bin	tc179_flow1	CWE563_Unused_Variable__unused_uninit_variable_char_03.c	27	CWE563_Unused_Variable__unused_uninit_variable_char_03.c	32
/home/swlab-jueon/swvul/tools/java-vuln-detection/slicing/output/CPG/c/cwe563_cpg/cwe563-179-cpg-resolved.bin	tc179_flow2	CWE563_Unused_Variable__unused_uninit_variable_char_03.c	45	CWE563_Unused_Variable__unused_uninit_variable_char_03.c	54
/home/swlab-jueon/swvul/tools/java-vuln-detection/slicing/output/CPG/c/cwe563_cpg/cwe563-179-cpg-resolved.bin	tc179_flow3	CWE563_Unused_Variable__unused_uninit_variable_char_03.c	64	CWE563_Unused_Variable__unused_uninit_variable_char_03.c	68
/home/swlab-jueon/swvul/tools/java-vuln-detection/slicing/output/CPG/c/cwe563_cpg/cwe563-180-cpg-resolved.bin	tc180_flow1	CWE563_Unused_Variable__unused_uninit_variable_char_04.c	33	CWE563_Unused_Variable__unused_uninit_variable_char_04.c	38
/home/swlab-jueon/swvul/tools/java-vuln-detection/slicing/output/CPG/c/cwe563_cpg/cwe563-180-cpg-resolved.bin	tc180_flow2	CWE563_Unused_Variable__unused_uninit_variable_char_04.c	51	CWE563_Unused_Variable__unused_uninit_variable_char_04.c	60
/home/swlab-jueon/swvul/tools/java-vuln-detection/slicing/output/CPG/c/cwe563_cpg/cwe563-180-cpg-resolved.bin	tc180_flow3	CWE563_Unused_Variable__unused_uninit_variable_char_04.c	70	CWE563_Unused_Variable__unused_uninit_variable_char_04.c	74
/home/swlab-jueon/swvul/tools/java-vuln-detection/slicing/output/CPG/c/cwe563_cpg/cwe563-181-cpg-resolved.bin	tc181_flow1	CWE563_Unused_Variable__unused_uninit_variable_char_05.c	33	CWE563_Unused_Variable__unused_uninit_variable_char_05.c	38
/home/swlab-jueon/swvul/tools/java-vuln-detection/slicing/output/CPG/c/cwe563_cpg/cwe563-181-cpg-resolved.bin	tc181_flow2	CWE563_Unused_Variable__unused_uninit_variable_char_05.c	51	CWE563_Unused_Variable__unused_uninit_variable_char_05.c	60
/home/swlab-jueon/swvul/tools/java-vuln-detection/slicing/output/CPG/c/cwe563_cpg/cwe563-181-cpg-resolved.bin	tc181_flow3	CWE563_Unused_Variable__unused_uninit_variable_char_05.c	70	CWE563_Unused_Variable__unused_uninit_variable_char_05.c	74
/home/swlab-jueon/swvul/tools/java-vuln-detection/slicing/output/CPG/c/cwe563_cpg/cwe563-182-cpg-resolved.bin	tc182_flow1	CWE563_Unused_Variable__unused_uninit_variable_char_06.c	32	CWE563_Unused_Variable__unused_uninit_variable_char_06.c	37
/home/swlab-jueon/swvul/tools/java-vuln-detection/slicing/output/CPG/c/cwe563_cpg/cwe563-182-cpg-resolved.bin	tc182_flow2	CWE563_Unused_Variable__unused_uninit_variable_char_06.c	50	CWE563_Unused_Variable__unused_uninit_variable_char_06.c	59
/home/swlab-jueon/swvul/tools/java-vuln-detection/slicing/output/CPG/c/cwe563_cpg/cwe563-182-cpg-resolved.bin	tc182_flow3	CWE563_Unused_Variable__unused_uninit_variable_char_06.c	69	CWE563_Unused_Variable__unused_uninit_variable_char_06.c	73
/home/swlab-jueon/swvul/tools/java-vuln-detection/slicing/output/CPG/c/cwe563_cpg/cwe563-183-cpg-resolved.bin	tc183_flow1	CWE563_Unused_Variable__unused_uninit_variable_char_07.c	32	CWE563_Unused_Variable__unused_uninit_variable_char_07.c	37
/home/swlab-jueon/swvul/tools/java-vuln-detection/slicing/output/CPG/c/cwe563_cpg/cwe563-183-cpg-resolved.bin	tc183_flow2	CWE563_Unused_Variable__unused_uninit_variable_char_07.c	50	CWE563_Unused_Variable__unused_uninit_variable_char_07.c	59
/home/swlab-jueon/swvul/tools/java-vuln-detection/slicing/output/CPG/c/cwe563_cpg/cwe563-183-cpg-resolved.bin	tc183_flow3	CWE563_Unused_Variable__unused_uninit_variable_char_07.c	69	CWE563_Unused_Variable__unused_uninit_variable_char_07.c	73
/home/swlab-jueon/swvul/tools/java-vuln-detection/slicing/output/CPG/c/cwe563_cpg/cwe563-184-cpg-resolved.bin	tc184_flow1	CWE563_Unused_Variable__unused_uninit_variable_char_08.c	40	CWE563_Unused_Variable__unused_uninit_variable_char_08.c	45
/home/swlab-jueon/swvul/tools/java-vuln-detection/slicing/output/CPG/c/cwe563_cpg/cwe563-184-cpg-resolved.bin	tc184_flow2	CWE563_Unused_Variable__unused_uninit_variable_char_08.c	58	CWE563_Unused_Variable__unused_uninit_variable_char_08.c	67
/home/swlab-jueon/swvul/tools/java-vuln-detection/slicing/output/CPG/c/cwe563_cpg/cwe563-184-cpg-resolved.bin	tc184_flow3	CWE563_Unused_Variable__unused_uninit_variable_char_08.c	77	CWE563_Unused_Variable__unused_uninit_variable_char_08.c	81
/home/swlab-jueon/swvul/tools/java-vuln-detection/slicing/output/CPG/c/cwe563_cpg/cwe563-185-cpg-resolved.bin	tc185_flow1	CWE563_Unused_Variable__unused_uninit_variable_char_09.c	27	CWE563_Unused_Variable__unused_uninit_variable_char_09.c	32
/home/swlab-jueon/swvul/tools/java-vuln-detection/slicing/output/CPG/c/cwe563_cpg/cwe563-185-cpg-resolved.bin	tc185_flow2	CWE563_Unused_Variable__unused_uninit_variable_char_09.c	45	CWE563_Unused_Variable__unused_uninit_variable_char_09.c	54
/home/swlab-jueon/swvul/tools/java-vuln-detection/slicing/output/CPG/c/cwe563_cpg/cwe563-185-cpg-resolved.bin	tc185_flow3	CWE563_Unused_Variable__unused_uninit_variable_char_09.c	64	CWE563_Unused_Variable__unused_uninit_variable_char_09.c	68
/home/swlab-jueon/swvul/tools/java-vuln-detection/slicing/output/CPG/c/cwe563_cpg/cwe563-186-cpg-resolved.bin	tc186_flow1	CWE563_Unused_Variable__unused_uninit_variable_char_10.c	27	CWE563_Unused_Variable__unused_uninit_variable_char_10.c	32
/home/swlab-jueon/swvul/tools/java-vuln-detection/slicing/output/CPG/c/cwe563_cpg/cwe563-186-cpg-resolved.bin	tc186_flow2	CWE563_Unused_Variable__unused_uninit_variable_char_10.c	45	CWE563_Unused_Variable__unused_uninit_variable_char_10.c	54
/home/swlab-jueon/swvul/tools/java-vuln-detection/slicing/output/CPG/c/cwe563_cpg/cwe563-186-cpg-resolved.bin	tc186_flow3	CWE563_Unused_Variable__unused_uninit_variable_char_10.c	64	CWE563_Unused_Variable__unused_uninit_variable_char_10.c	68
/home/swlab-jueon/swvul/tools/java-vuln-detection/slicing/output/CPG/c/cwe563_cpg/cwe563-187-cpg-resolved.bin	tc187_flow1	CWE563_Unused_Variable__unused_uninit_variable_char_11.c	27	CWE563_Unused_Variable__unused_uninit_variable_char_11.c	32
/home/swlab-jueon/swvul/tools/java-vuln-detection/slicing/output/CPG/c/cwe563_cpg/cwe563-187-cpg-resolved.bin	tc187_flow2	CWE563_Unused_Variable__unused_uninit_variable_char_11.c	45	CWE563_Unused_Variable__unused_uninit_variable_char_11.c	54
/home/swlab-jueon/swvul/tools/java-vuln-detection/slicing/output/CPG/c/cwe563_cpg/cwe563-187-cpg-resolved.bin	tc187_flow3	CWE563_Unused_Variable__unused_uninit_variable_char_11.c	64	CWE563_Unused_Variable__unused_uninit_variable_char_11.c	68
/home/swlab-jueon/swvul/tools/java-vuln-detection/slicing/output/CPG/c/cwe563_cpg/cwe563-188-cpg-resolved.bin	tc188_flow1	CWE563_Unused_Variable__unused_uninit_variable_char_13.c	27	CWE563_Unused_Variable__unused_uninit_variable_char_13.c	32
/home/swlab-jueon/swvul/tools/java-vuln-detection/slicing/output/CPG/c/cwe563_cpg/cwe563-188-cpg-resolved.bin	tc188_flow2	CWE563_Unused_Variable__unused_uninit_variable_char_13.c	45	CWE563_Unused_Variable__unused_uninit_variable_char_13.c	54
/home/swlab-jueon/swvul/tools/java-vuln-detection/slicing/output/CPG/c/cwe563_cpg/cwe563-188-cpg-resolved.bin	tc188_flow3	CWE563_Unused_Variable__unused_uninit_variable_char_13.c	64	CWE563_Unused_Variable__unused_uninit_variable_char_13.c	68
/home/swlab-jueon/swvul/tools/java-vuln-detection/slicing/output/CPG/c/cwe563_cpg/cwe563-189-cpg-resolved.bin	tc189_flow1	CWE563_Unused_Variable__unused_uninit_variable_char_14.c	27	CWE563_Unused_Variable__unused_uninit_variable_char_14.c	32
/home/swlab-jueon/swvul/tools/java-vuln-detection/slicing/output/CPG/c/cwe563_cpg/cwe563-189-cpg-resolved.bin	tc189_flow2	CWE563_Unused_Variable__unused_uninit_variable_char_14.c	45	CWE563_Unused_Variable__unused_uninit_variable_char_14.c	54
/home/swlab-jueon/swvul/tools/java-vuln-detection/slicing/output/CPG/c/cwe563_cpg/cwe563-189-cpg-resolved.bin	tc189_flow3	CWE563_Unused_Variable__unused_uninit_variable_char_14.c	64	CWE563_Unused_Variable__unused_uninit_variable_char_14.c	68
/home/swlab-jueon/swvul/tools/java-vuln-detection/slicing/output/CPG/c/cwe563_cpg/cwe563-190-cpg-resolved.bin	tc190_flow1	CWE563_Unused_Variable__unused_uninit_variable_char_15.c	27	CWE563_Unused_Variable__unused_uninit_variable_char_15.c	33
/home/swlab-jueon/swvul/tools/java-vuln-detection/slicing/output/CPG/c/cwe563_cpg/cwe563-190-cpg-resolved.bin	tc190_flow2	CWE563_Unused_Variable__unused_uninit_variable_char_15.c	51	CWE563_Unused_Variable__unused_uninit_variable_char_15.c	60
/home/swlab-jueon/swvul/tools/java-vuln-detection/slicing/output/CPG/c/cwe563_cpg/cwe563-190-cpg-resolved.bin	tc190_flow3	CWE563_Unused_Variable__unused_uninit_variable_char_15.c	71	CWE563_Unused_Variable__unused_uninit_variable_char_15.c	76
/home/swlab-jueon/swvul/tools/java-vuln-detection/slicing/output/CPG/c/cwe563_cpg/cwe563-191-cpg-resolved.bin	tc191_flow1	CWE563_Unused_Variable__unused_uninit_variable_char_16.c	27	CWE563_Unused_Variable__unused_uninit_variable_char_16.c	32
/home/swlab-jueon/swvul/tools/java-vuln-detection/slicing/output/CPG/c/cwe563_cpg/cwe563-191-cpg-resolved.bin	tc191_flow2	CWE563_Unused_Variable__unused_uninit_variable_char_16.c	46	CWE563_Unused_Variable__unused_uninit_variable_char_16.c	50
/home/swlab-jueon/swvul/tools/java-vuln-detection/slicing/output/CPG/c/cwe563_cpg/cwe563-192-cpg-resolved.bin	tc192_flow1	CWE563_Unused_Variable__unused_uninit_variable_char_17.c	28	CWE563_Unused_Variable__unused_uninit_variable_char_17.c	33
/home/swlab-jueon/swvul/tools/java-vuln-detection/slicing/output/CPG/c/cwe563_cpg/cwe563-192-cpg-resolved.bin	tc192_flow2	CWE563_Unused_Variable__unused_uninit_variable_char_17.c	47	CWE563_Unused_Variable__unused_uninit_variable_char_17.c	51
/home/swlab-jueon/swvul/tools/java-vuln-detection/slicing/output/CPG/c/cwe563_cpg/cwe563-193-cpg-resolved.bin	tc193_flow1	CWE563_Unused_Variable__unused_uninit_variable_char_18.c	27	CWE563_Unused_Variable__unused_uninit_variable_char_18.c	32
/home/swlab-jueon/swvul/tools/java-vuln-detection/slicing/output/CPG/c/cwe563_cpg/cwe563-193-cpg-resolved.bin	tc193_flow2	CWE563_Unused_Variable__unused_uninit_variable_char_18.c	44	CWE563_Unused_Variable__unused_uninit_variable_char_18.c	48
/home/swlab-jueon/swvul/tools/java-vuln-detection/slicing/output/CPG/c/cwe563_cpg/cwe563-194-cpg-resolved.bin	tc194_flow1	CWE563_Unused_Variable__unused_uninit_variable_char_21.c	40	CWE563_Unused_Variable__unused_uninit_variable_char_21.c	32
/home/swlab-jueon/swvul/tools/java-vuln-detection/slicing/output/CPG/c/cwe563_cpg/cwe563-194-cpg-resolved.bin	tc194_flow2	CWE563_Unused_Variable__unused_uninit_variable_char_21.c	73	CWE563_Unused_Variable__unused_uninit_variable_char_21.c	64
/home/swlab-jueon/swvul/tools/java-vuln-detection/slicing/output/CPG/c/cwe563_cpg/cwe563-194-cpg-resolved.bin	tc194_flow3	CWE563_Unused_Variable__unused_uninit_variable_char_21.c	93	CWE563_Unused_Variable__unused_uninit_variable_char_21.c	84
/home/swlab-jueon/swvul/tools/java-vuln-detection/slicing/output/CPG/c/cwe563_cpg/cwe563-195-cpg-resolved.bin	tc195_flow1	CWE563_Unused_Variable__unused_uninit_variable_char_22a.c	32	CWE563_Unused_Variable__unused_uninit_variable_char_22b.c	32
/home/swlab-jueon/swvul/tools/java-vuln-detection/slicing/output/CPG/c/cwe563_cpg/cwe563-195-cpg-resolved.bin	tc195_flow2	CWE563_Unused_Variable__unused_uninit_variable_char_22a.c	52	CWE563_Unused_Variable__unused_uninit_variable_char_22b.c	55
/home/swlab-jueon/swvul/tools/java-vuln-detection/slicing/output/CPG/c/cwe563_cpg/cwe563-195-cpg-resolved.bin	tc195_flow3	CWE563_Unused_Variable__unused_uninit_variable_char_22a.c	64	CWE563_Unused_Variable__unused_uninit_variable_char_22b.c	66
/home/swlab-jueon/swvul/tools/java-vuln-detection/slicing/output/CPG/c/cwe563_cpg/cwe563-196-cpg-resolved.bin	tc196_flow1	CWE563_Unused_Variable__unused_uninit_variable_char_33.cpp	31	CWE563_Unused_Variable__unused_uninit_variable_char_33.cpp	36
/home/swlab-jueon/swvul/tools/java-vuln-detection/slicing/output/CPG/c/cwe563_cpg/cwe563-196-cpg-resolved.bin	tc196_flow2	CWE563_Unused_Variable__unused_uninit_variable_char_33.cpp	50	CWE563_Unused_Variable__unused_uninit_variable_char_33.cpp	54
/home/swlab-jueon/swvul/tools/java-vuln-detection/slicing/output/CPG/c/cwe563_cpg/cwe563-197-cpg-resolved.bin	tc197_flow1	CWE563_Unused_Variable__unused_uninit_variable_char_43.cpp	29	CWE563_Unused_Variable__unused_uninit_variable_char_43.cpp	38
/home/swlab-jueon/swvul/tools/java-vuln-detection/slicing/output/CPG/c/cwe563_cpg/cwe563-197-cpg-resolved.bin	tc197_flow2	CWE563_Unused_Variable__unused_uninit_variable_char_43.cpp	49	CWE563_Unused_Variable__unused_uninit_variable_char_43.cpp	57
/home/swlab-jueon/swvul/tools/java-vuln-detection/slicing/output/CPG/c/cwe563_cpg/cwe563-198-cpg-resolved.bin	tc198_flow1	CWE563_Unused_Variable__unused_uninit_variable_char_72a.cpp	37	CWE563_Unused_Variable__unused_uninit_variable_char_72b.cpp	35
/home/swlab-jueon/swvul/tools/java-vuln-detection/slicing/output/CPG/c/cwe563_cpg/cwe563-198-cpg-resolved.bin	tc198_flow2	CWE563_Unused_Variable__unused_uninit_variable_char_72a.cpp	57	CWE563_Unused_Variable__unused_uninit_variable_char_72b.cpp	47
/home/swlab-jueon/swvul/tools/java-vuln-detection/slicing/output/CPG/c/cwe563_cpg/cwe563-199-cpg-resolved.bin	tc199_flow1	CWE563_Unused_Variable__unused_uninit_variable_char_73a.cpp	37	CWE563_Unused_Variable__unused_uninit_variable_char_73b.cpp	35
/home/swlab-jueon/swvul/tools/java-vuln-detection/slicing/output/CPG/c/cwe563_cpg/cwe563-199-cpg-resolved.bin	tc199_flow2	CWE563_Unused_Variable__unused_uninit_variable_char_73a.cpp	57	CWE563_Unused_Variable__unused_uninit_variable_char_73b.cpp	47
/home/swlab-jueon/swvul/tools/java-vuln-detection/slicing/output/CPG/c/cwe563_cpg/cwe563-200-cpg-resolved.bin	tc200_flow1	CWE563_Unused_Variable__unused_uninit_variable_char_74a.cpp	37	CWE563_Unused_Variable__unused_uninit_variable_char_74b.cpp	35
/home/swlab-jueon/swvul/tools/java-vuln-detection/slicing/output/CPG/c/cwe563_cpg/cwe563-200-cpg-resolved.bin	tc200_flow2	CWE563_Unused_Variable__unused_uninit_variable_char_74a.cpp	57	CWE563_Unused_Variable__unused_uninit_variable_char_74b.cpp	47
/home/swlab-jueon/swvul/tools/java-vuln-detection/slicing/output/CPG/c/cwe563_cpg/cwe563-201-cpg-resolved.bin	tc201_flow1	CWE563_Unused_Variable__unused_uninit_variable_char_81a.cpp	29	CWE563_Unused_Variable__unused_uninit_variable_char_81_bad.cpp	28
/home/swlab-jueon/swvul/tools/java-vuln-detection/slicing/output/CPG/c/cwe563_cpg/cwe563-201-cpg-resolved.bin	tc201_flow2	CWE563_Unused_Variable__unused_uninit_variable_char_81a.cpp	43	CWE563_Unused_Variable__unused_uninit_variable_char_81_goodB2G.cpp	27
/home/swlab-jueon/swvul/tools/java-vuln-detection/slicing/output/CPG/c/cwe563_cpg/cwe563-202-cpg-resolved.bin	tc202_flow1	CWE563_Unused_Variable__unused_uninit_variable_char_82a.cpp	29	CWE563_Unused_Variable__unused_uninit_variable_char_82_bad.cpp	28
/home/swlab-jueon/swvul/tools/java-vuln-detection/slicing/output/CPG/c/cwe563_cpg/cwe563-202-cpg-resolved.bin	tc202_flow2	CWE563_Unused_Variable__unused_uninit_variable_char_82a.cpp	44	CWE563_Unused_Variable__unused_uninit_variable_char_82_goodB2G.cpp	27
/home/swlab-jueon/swvul/tools/java-vuln-detection/slicing/output/CPG/c/cwe563_cpg/cwe563-203-cpg-resolved.bin	tc203_flow1	CWE563_Unused_Variable__unused_uninit_variable_char_83_bad.cpp	27	CWE563_Unused_Variable__unused_uninit_variable_char_83_bad.cpp	34
/home/swlab-jueon/swvul/tools/java-vuln-detection/slicing/output/CPG/c/cwe563_cpg/cwe563-203-cpg-resolved.bin	tc203_flow2	CWE563_Unused_Variable__unused_uninit_variable_char_83_goodB2G.cpp	27	CWE563_Unused_Variable__unused_uninit_variable_char_83_goodB2G.cpp	33
/home/swlab-jueon/swvul/tools/java-vuln-detection/slicing/output/CPG/c/cwe563_cpg/cwe563-204-cpg-resolved.bin	tc204_flow1	CWE563_Unused_Variable__unused_uninit_variable_char_84_bad.cpp	27	CWE563_Unused_Variable__unused_uninit_variable_char_84_bad.cpp	34
/home/swlab-jueon/swvul/tools/java-vuln-detection/slicing/output/CPG/c/cwe563_cpg/cwe563-204-cpg-resolved.bin	tc204_flow2	CWE563_Unused_Variable__unused_uninit_variable_char_84_goodB2G.cpp	27	CWE563_Unused_Variable__unused_uninit_variable_char_84_goodB2G.cpp	33
/home/swlab-jueon/swvul/tools/java-vuln-detection/slicing/output/CPG/c/cwe563_cpg/cwe563-205-cpg-resolved.bin	tc205_flow1	CWE563_Unused_Variable__unused_uninit_variable_int_01.c	27	CWE563_Unused_Variable__unused_uninit_variable_int_01.c	30
/home/swlab-jueon/swvul/tools/java-vuln-detection/slicing/output/CPG/c/cwe563_cpg/cwe563-205-cpg-resolved.bin	tc205_flow2	CWE563_Unused_Variable__unused_uninit_variable_int_01.c	42	CWE563_Unused_Variable__unused_uninit_variable_int_01.c	44
/home/swlab-jueon/swvul/tools/java-vuln-detection/slicing/output/CPG/c/cwe563_cpg/cwe563-206-cpg-resolved.bin	tc206_flow1	CWE563_Unused_Variable__unused_uninit_variable_int_02.c	27	CWE563_Unused_Variable__unused_uninit_variable_int_02.c	32
/home/swlab-jueon/swvul/tools/java-vuln-detection/slicing/output/CPG/c/cwe563_cpg/cwe563-206-cpg-resolved.bin	tc206_flow2	CWE563_Unused_Variable__unused_uninit_variable_int_02.c	45	CWE563_Unused_Variable__unused_uninit_variable_int_02.c	54
/home/swlab-jueon/swvul/tools/java-vuln-detection/slicing/output/CPG/c/cwe563_cpg/cwe563-206-cpg-resolved.bin	tc206_flow3	CWE563_Unused_Variable__unused_uninit_variable_int_02.c	64	CWE563_Unused_Variable__unused_uninit_variable_int_02.c	68
/home/swlab-jueon/swvul/tools/java-vuln-detection/slicing/output/CPG/c/cwe563_cpg/cwe563-207-cpg-resolved.bin	tc207_flow1	CWE563_Unused_Variable__unused_uninit_variable_int_03.c	27	CWE563_Unused_Variable__unused_uninit_variable_int_03.c	32
/home/swlab-jueon/swvul/tools/java-vuln-detection/slicing/output/CPG/c/cwe563_cpg/cwe563-207-cpg-resolved.bin	tc207_flow2	CWE563_Unused_Variable__unused_uninit_variable_int_03.c	45	CWE563_Unused_Variable__unused_uninit_variable_int_03.c	54
/home/swlab-jueon/swvul/tools/java-vuln-detection/slicing/output/CPG/c/cwe563_cpg/cwe563-207-cpg-resolved.bin	tc207_flow3	CWE563_Unused_Variable__unused_uninit_variable_int_03.c	64	CWE563_Unused_Variable__unused_uninit_variable_int_03.c	68
/home/swlab-jueon/swvul/tools/java-vuln-detection/slicing/output/CPG/c/cwe563_cpg/cwe563-208-cpg-resolved.bin	tc208_flow1	CWE563_Unused_Variable__unused_uninit_variable_int_04.c	33	CWE563_Unused_Variable__unused_uninit_variable_int_04.c	38
/home/swlab-jueon/swvul/tools/java-vuln-detection/slicing/output/CPG/c/cwe563_cpg/cwe563-208-cpg-resolved.bin	tc208_flow2	CWE563_Unused_Variable__unused_uninit_variable_int_04.c	51	CWE563_Unused_Variable__unused_uninit_variable_int_04.c	60
/home/swlab-jueon/swvul/tools/java-vuln-detection/slicing/output/CPG/c/cwe563_cpg/cwe563-208-cpg-resolved.bin	tc208_flow3	CWE563_Unused_Variable__unused_uninit_variable_int_04.c	70	CWE563_Unused_Variable__unused_uninit_variable_int_04.c	74
/home/swlab-jueon/swvul/tools/java-vuln-detection/slicing/output/CPG/c/cwe563_cpg/cwe563-209-cpg-resolved.bin	tc209_flow1	CWE563_Unused_Variable__unused_uninit_variable_int_05.c	33	CWE563_Unused_Variable__unused_uninit_variable_int_05.c	38
/home/swlab-jueon/swvul/tools/java-vuln-detection/slicing/output/CPG/c/cwe563_cpg/cwe563-209-cpg-resolved.bin	tc209_flow2	CWE563_Unused_Variable__unused_uninit_variable_int_05.c	51	CWE563_Unused_Variable__unused_uninit_variable_int_05.c	60
/home/swlab-jueon/swvul/tools/java-vuln-detection/slicing/output/CPG/c/cwe563_cpg/cwe563-209-cpg-resolved.bin	tc209_flow3	CWE563_Unused_Variable__unused_uninit_variable_int_05.c	70	CWE563_Unused_Variable__unused_uninit_variable_int_05.c	74
/home/swlab-jueon/swvul/tools/java-vuln-detection/slicing/output/CPG/c/cwe563_cpg/cwe563-210-cpg-resolved.bin	tc210_flow1	CWE563_Unused_Variable__unused_uninit_variable_int_06.c	32	CWE563_Unused_Variable__unused_uninit_variable_int_06.c	37
/home/swlab-jueon/swvul/tools/java-vuln-detection/slicing/output/CPG/c/cwe563_cpg/cwe563-210-cpg-resolved.bin	tc210_flow2	CWE563_Unused_Variable__unused_uninit_variable_int_06.c	50	CWE563_Unused_Variable__unused_uninit_variable_int_06.c	59
/home/swlab-jueon/swvul/tools/java-vuln-detection/slicing/output/CPG/c/cwe563_cpg/cwe563-210-cpg-resolved.bin	tc210_flow3	CWE563_Unused_Variable__unused_uninit_variable_int_06.c	69	CWE563_Unused_Variable__unused_uninit_variable_int_06.c	73
/home/swlab-jueon/swvul/tools/java-vuln-detection/slicing/output/CPG/c/cwe563_cpg/cwe563-211-cpg-resolved.bin	tc211_flow1	CWE563_Unused_Variable__unused_uninit_variable_int_07.c	32	CWE563_Unused_Variable__unused_uninit_variable_int_07.c	37
/home/swlab-jueon/swvul/tools/java-vuln-detection/slicing/output/CPG/c/cwe563_cpg/cwe563-211-cpg-resolved.bin	tc211_flow2	CWE563_Unused_Variable__unused_uninit_variable_int_07.c	50	CWE563_Unused_Variable__unused_uninit_variable_int_07.c	59
/home/swlab-jueon/swvul/tools/java-vuln-detection/slicing/output/CPG/c/cwe563_cpg/cwe563-211-cpg-resolved.bin	tc211_flow3	CWE563_Unused_Variable__unused_uninit_variable_int_07.c	69	CWE563_Unused_Variable__unused_uninit_variable_int_07.c	73
/home/swlab-jueon/swvul/tools/java-vuln-detection/slicing/output/CPG/c/cwe563_cpg/cwe563-212-cpg-resolved.bin	tc212_flow1	CWE563_Unused_Variable__unused_uninit_variable_int_08.c	40	CWE563_Unused_Variable__unused_uninit_variable_int_08.c	45
/home/swlab-jueon/swvul/tools/java-vuln-detection/slicing/output/CPG/c/cwe563_cpg/cwe563-212-cpg-resolved.bin	tc212_flow2	CWE563_Unused_Variable__unused_uninit_variable_int_08.c	58	CWE563_Unused_Variable__unused_uninit_variable_int_08.c	67
/home/swlab-jueon/swvul/tools/java-vuln-detection/slicing/output/CPG/c/cwe563_cpg/cwe563-212-cpg-resolved.bin	tc212_flow3	CWE563_Unused_Variable__unused_uninit_variable_int_08.c	77	CWE563_Unused_Variable__unused_uninit_variable_int_08.c	81
/home/swlab-jueon/swvul/tools/java-vuln-detection/slicing/output/CPG/c/cwe563_cpg/cwe563-213-cpg-resolved.bin	tc213_flow1	CWE563_Unused_Variable__unused_uninit_variable_int_09.c	27	CWE563_Unused_Variable__unused_uninit_variable_int_09.c	32
/home/swlab-jueon/swvul/tools/java-vuln-detection/slicing/output/CPG/c/cwe563_cpg/cwe563-213-cpg-resolved.bin	tc213_flow2	CWE563_Unused_Variable__unused_uninit_variable_int_09.c	45	CWE563_Unused_Variable__unused_uninit_variable_int_09.c	54
/home/swlab-jueon/swvul/tools/java-vuln-detection/slicing/output/CPG/c/cwe563_cpg/cwe563-213-cpg-resolved.bin	tc213_flow3	CWE563_Unused_Variable__unused_uninit_variable_int_09.c	64	CWE563_Unused_Variable__unused_uninit_variable_int_09.c	68
/home/swlab-jueon/swvul/tools/java-vuln-detection/slicing/output/CPG/c/cwe563_cpg/cwe563-214-cpg-resolved.bin	tc214_flow1	CWE563_Unused_Variable__unused_uninit_variable_int_10.c	27	CWE563_Unused_Variable__unused_uninit_variable_int_10.c	32
/home/swlab-jueon/swvul/tools/java-vuln-detection/slicing/output/CPG/c/cwe563_cpg/cwe563-214-cpg-resolved.bin	tc214_flow2	CWE563_Unused_Variable__unused_uninit_variable_int_10.c	45	CWE563_Unused_Variable__unused_uninit_variable_int_10.c	54
/home/swlab-jueon/swvul/tools/java-vuln-detection/slicing/output/CPG/c/cwe563_cpg/cwe563-214-cpg-resolved.bin	tc214_flow3	CWE563_Unused_Variable__unused_uninit_variable_int_10.c	64	CWE563_Unused_Variable__unused_uninit_variable_int_10.c	68
/home/swlab-jueon/swvul/tools/java-vuln-detection/slicing/output/CPG/c/cwe563_cpg/cwe563-215-cpg-resolved.bin	tc215_flow1	CWE563_Unused_Variable__unused_uninit_variable_int_11.c	27	CWE563_Unused_Variable__unused_uninit_variable_int_11.c	32
/home/swlab-jueon/swvul/tools/java-vuln-detection/slicing/output/CPG/c/cwe563_cpg/cwe563-215-cpg-resolved.bin	tc215_flow2	CWE563_Unused_Variable__unused_uninit_variable_int_11.c	45	CWE563_Unused_Variable__unused_uninit_variable_int_11.c	54
/home/swlab-jueon/swvul/tools/java-vuln-detection/slicing/output/CPG/c/cwe563_cpg/cwe563-215-cpg-resolved.bin	tc215_flow3	CWE563_Unused_Variable__unused_uninit_variable_int_11.c	64	CWE563_Unused_Variable__unused_uninit_variable_int_11.c	68
/home/swlab-jueon/swvul/tools/java-vuln-detection/slicing/output/CPG/c/cwe563_cpg/cwe563-216-cpg-resolved.bin	tc216_flow1	CWE563_Unused_Variable__unused_uninit_variable_int_13.c	27	CWE563_Unused_Variable__unused_uninit_variable_int_13.c	32
/home/swlab-jueon/swvul/tools/java-vuln-detection/slicing/output/CPG/c/cwe563_cpg/cwe563-216-cpg-resolved.bin	tc216_flow2	CWE563_Unused_Variable__unused_uninit_variable_int_13.c	45	CWE563_Unused_Variable__unused_uninit_variable_int_13.c	54
/home/swlab-jueon/swvul/tools/java-vuln-detection/slicing/output/CPG/c/cwe563_cpg/cwe563-216-cpg-resolved.bin	tc216_flow3	CWE563_Unused_Variable__unused_uninit_variable_int_13.c	64	CWE563_Unused_Variable__unused_uninit_variable_int_13.c	68
/home/swlab-jueon/swvul/tools/java-vuln-detection/slicing/output/CPG/c/cwe563_cpg/cwe563-217-cpg-resolved.bin	tc217_flow1	CWE563_Unused_Variable__unused_uninit_variable_int_14.c	27	CWE563_Unused_Variable__unused_uninit_variable_int_14.c	32
/home/swlab-jueon/swvul/tools/java-vuln-detection/slicing/output/CPG/c/cwe563_cpg/cwe563-217-cpg-resolved.bin	tc217_flow2	CWE563_Unused_Variable__unused_uninit_variable_int_14.c	45	CWE563_Unused_Variable__unused_uninit_variable_int_14.c	54
/home/swlab-jueon/swvul/tools/java-vuln-detection/slicing/output/CPG/c/cwe563_cpg/cwe563-217-cpg-resolved.bin	tc217_flow3	CWE563_Unused_Variable__unused_uninit_variable_int_14.c	64	CWE563_Unused_Variable__unused_uninit_variable_int_14.c	68
/home/swlab-jueon/swvul/tools/java-vuln-detection/slicing/output/CPG/c/cwe563_cpg/cwe563-218-cpg-resolved.bin	tc218_flow1	CWE563_Unused_Variable__unused_uninit_variable_int_15.c	27	CWE563_Unused_Variable__unused_uninit_variable_int_15.c	33
/home/swlab-jueon/swvul/tools/java-vuln-detection/slicing/output/CPG/c/cwe563_cpg/cwe563-218-cpg-resolved.bin	tc218_flow2	CWE563_Unused_Variable__unused_uninit_variable_int_15.c	51	CWE563_Unused_Variable__unused_uninit_variable_int_15.c	60
/home/swlab-jueon/swvul/tools/java-vuln-detection/slicing/output/CPG/c/cwe563_cpg/cwe563-218-cpg-resolved.bin	tc218_flow3	CWE563_Unused_Variable__unused_uninit_variable_int_15.c	71	CWE563_Unused_Variable__unused_uninit_variable_int_15.c	76
/home/swlab-jueon/swvul/tools/java-vuln-detection/slicing/output/CPG/c/cwe563_cpg/cwe563-219-cpg-resolved.bin	tc219_flow1	CWE563_Unused_Variable__unused_uninit_variable_int_16.c	27	CWE563_Unused_Variable__unused_uninit_variable_int_16.c	32
/home/swlab-jueon/swvul/tools/java-vuln-detection/slicing/output/CPG/c/cwe563_cpg/cwe563-219-cpg-resolved.bin	tc219_flow2	CWE563_Unused_Variable__unused_uninit_variable_int_16.c	46	CWE563_Unused_Variable__unused_uninit_variable_int_16.c	50
/home/swlab-jueon/swvul/tools/java-vuln-detection/slicing/output/CPG/c/cwe563_cpg/cwe563-220-cpg-resolved.bin	tc220_flow1	CWE563_Unused_Variable__unused_uninit_variable_int_17.c	28	CWE563_Unused_Variable__unused_uninit_variable_int_17.c	33
/home/swlab-jueon/swvul/tools/java-vuln-detection/slicing/output/CPG/c/cwe563_cpg/cwe563-220-cpg-resolved.bin	tc220_flow2	CWE563_Unused_Variable__unused_uninit_variable_int_17.c	47	CWE563_Unused_Variable__unused_uninit_variable_int_17.c	51
/home/swlab-jueon/swvul/tools/java-vuln-detection/slicing/output/CPG/c/cwe563_cpg/cwe563-221-cpg-resolved.bin	tc221_flow1	CWE563_Unused_Variable__unused_uninit_variable_int_18.c	27	CWE563_Unused_Variable__unused_uninit_variable_int_18.c	32
/home/swlab-jueon/swvul/tools/java-vuln-detection/slicing/output/CPG/c/cwe563_cpg/cwe563-221-cpg-resolved.bin	tc221_flow2	CWE563_Unused_Variable__unused_uninit_variable_int_18.c	44	CWE563_Unused_Variable__unused_uninit_variable_int_18.c	48
/home/swlab-jueon/swvul/tools/java-vuln-detection/slicing/output/CPG/c/cwe563_cpg/cwe563-222-cpg-resolved.bin	tc222_flow1	CWE563_Unused_Variable__unused_uninit_variable_int_21.c	40	CWE563_Unused_Variable__unused_uninit_variable_int_21.c	32
/home/swlab-jueon/swvul/tools/java-vuln-detection/slicing/output/CPG/c/cwe563_cpg/cwe563-222-cpg-resolved.bin	tc222_flow2	CWE563_Unused_Variable__unused_uninit_variable_int_21.c	73	CWE563_Unused_Variable__unused_uninit_variable_int_21.c	64
/home/swlab-jueon/swvul/tools/java-vuln-detection/slicing/output/CPG/c/cwe563_cpg/cwe563-222-cpg-resolved.bin	tc222_flow3	CWE563_Unused_Variable__unused_uninit_variable_int_21.c	93	CWE563_Unused_Variable__unused_uninit_variable_int_21.c	84
/home/swlab-jueon/swvul/tools/java-vuln-detection/slicing/output/CPG/c/cwe563_cpg/cwe563-223-cpg-resolved.bin	tc223_flow1	CWE563_Unused_Variable__unused_uninit_variable_int_22a.c	32	CWE563_Unused_Variable__unused_uninit_variable_int_22b.c	32
/home/swlab-jueon/swvul/tools/java-vuln-detection/slicing/output/CPG/c/cwe563_cpg/cwe563-223-cpg-resolved.bin	tc223_flow2	CWE563_Unused_Variable__unused_uninit_variable_int_22a.c	52	CWE563_Unused_Variable__unused_uninit_variable_int_22b.c	55
/home/swlab-jueon/swvul/tools/java-vuln-detection/slicing/output/CPG/c/cwe563_cpg/cwe563-223-cpg-resolved.bin	tc223_flow3	CWE563_Unused_Variable__unused_uninit_variable_int_22a.c	64	CWE563_Unused_Variable__unused_uninit_variable_int_22b.c	66
/home/swlab-jueon/swvul/tools/java-vuln-detection/slicing/output/CPG/c/cwe563_cpg/cwe563-224-cpg-resolved.bin	tc224_flow1	CWE563_Unused_Variable__unused_uninit_variable_int_33.cpp	31	CWE563_Unused_Variable__unused_uninit_variable_int_33.cpp	36
/home/swlab-jueon/swvul/tools/java-vuln-detection/slicing/output/CPG/c/cwe563_cpg/cwe563-224-cpg-resolved.bin	tc224_flow2	CWE563_Unused_Variable__unused_uninit_variable_int_33.cpp	50	CWE563_Unused_Variable__unused_uninit_variable_int_33.cpp	54
/home/swlab-jueon/swvul/tools/java-vuln-detection/slicing/output/CPG/c/cwe563_cpg/cwe563-225-cpg-resolved.bin	tc225_flow1	CWE563_Unused_Variable__unused_uninit_variable_int_43.cpp	29	CWE563_Unused_Variable__unused_uninit_variable_int_43.cpp	38
/home/swlab-jueon/swvul/tools/java-vuln-detection/slicing/output/CPG/c/cwe563_cpg/cwe563-225-cpg-resolved.bin	tc225_flow2	CWE563_Unused_Variable__unused_uninit_variable_int_43.cpp	49	CWE563_Unused_Variable__unused_uninit_variable_int_43.cpp	57
/home/swlab-jueon/swvul/tools/java-vuln-detection/slicing/output/CPG/c/cwe563_cpg/cwe563-226-cpg-resolved.bin	tc226_flow1	CWE563_Unused_Variable__unused_uninit_variable_int_72a.cpp	37	CWE563_Unused_Variable__unused_uninit_variable_int_72b.cpp	35
/home/swlab-jueon/swvul/tools/java-vuln-detection/slicing/output/CPG/c/cwe563_cpg/cwe563-226-cpg-resolved.bin	tc226_flow2	CWE563_Unused_Variable__unused_uninit_variable_int_72a.cpp	57	CWE563_Unused_Variable__unused_uninit_variable_int_72b.cpp	47
/home/swlab-jueon/swvul/tools/java-vuln-detection/slicing/output/CPG/c/cwe563_cpg/cwe563-227-cpg-resolved.bin	tc227_flow1	CWE563_Unused_Variable__unused_uninit_variable_int_73a.cpp	37	CWE563_Unused_Variable__unused_uninit_variable_int_73b.cpp	35
/home/swlab-jueon/swvul/tools/java-vuln-detection/slicing/output/CPG/c/cwe563_cpg/cwe563-227-cpg-resolved.bin	tc227_flow2	CWE563_Unused_Variable__unused_uninit_variable_int_73a.cpp	57	CWE563_Unused_Variable__unused_uninit_variable_int_73b.cpp	47
/home/swlab-jueon/swvul/tools/java-vuln-detection/slicing/output/CPG/c/cwe563_cpg/cwe563-228-cpg-resolved.bin	tc228_flow1	CWE563_Unused_Variable__unused_uninit_variable_int_74a.cpp	37	CWE563_Unused_Variable__unused_uninit_variable_int_74b.cpp	35
/home/swlab-jueon/swvul/tools/java-vuln-detection/slicing/output/CPG/c/cwe563_cpg/cwe563-228-cpg-resolved.bin	tc228_flow2	CWE563_Unused_Variable__unused_uninit_variable_int_74a.cpp	57	CWE563_Unused_Variable__unused_uninit_variable_int_74b.cpp	47
/home/swlab-jueon/swvul/tools/java-vuln-detection/slicing/output/CPG/c/cwe563_cpg/cwe563-229-cpg-resolved.bin	tc229_flow1	CWE563_Unused_Variable__unused_uninit_variable_int_81a.cpp	29	CWE563_Unused_Variable__unused_uninit_variable_int_81_bad.cpp	28
/home/swlab-jueon/swvul/tools/java-vuln-detection/slicing/output/CPG/c/cwe563_cpg/cwe563-229-cpg-resolved.bin	tc229_flow2	CWE563_Unused_Variable__unused_uninit_variable_int_81a.cpp	43	CWE563_Unused_Variable__unused_uninit_variable_int_81_goodB2G.cpp	27
/home/swlab-jueon/swvul/tools/java-vuln-detection/slicing/output/CPG/c/cwe563_cpg/cwe563-230-cpg-resolved.bin	tc230_flow1	CWE563_Unused_Variable__unused_uninit_variable_int_82a.cpp	29	CWE563_Unused_Variable__unused_uninit_variable_int_82_bad.cpp	28
/home/swlab-jueon/swvul/tools/java-vuln-detection/slicing/output/CPG/c/cwe563_cpg/cwe563-230-cpg-resolved.bin	tc230_flow2	CWE563_Unused_Variable__unused_uninit_variable_int_82a.cpp	44	CWE563_Unused_Variable__unused_uninit_variable_int_82_goodB2G.cpp	27
/home/swlab-jueon/swvul/tools/java-vuln-detection/slicing/output/CPG/c/cwe563_cpg/cwe563-231-cpg-resolved.bin	tc231_flow1	CWE563_Unused_Variable__unused_uninit_variable_int_83_bad.cpp	27	CWE563_Unused_Variable__unused_uninit_variable_int_83_bad.cpp	34
/home/swlab-jueon/swvul/tools/java-vuln-detection/slicing/output/CPG/c/cwe563_cpg/cwe563-231-cpg-resolved.bin	tc231_flow2	CWE563_Unused_Variable__unused_uninit_variable_int_83_goodB2G.cpp	27	CWE563_Unused_Variable__unused_uninit_variable_int_83_goodB2G.cpp	33
/home/swlab-jueon/swvul/tools/java-vuln-detection/slicing/output/CPG/c/cwe563_cpg/cwe563-232-cpg-resolved.bin	tc232_flow1	CWE563_Unused_Variable__unused_uninit_variable_int_84_bad.cpp	27	CWE563_Unused_Variable__unused_uninit_variable_int_84_bad.cpp	34
/home/swlab-jueon/swvul/tools/java-vuln-detection/slicing/output/CPG/c/cwe563_cpg/cwe563-232-cpg-resolved.bin	tc232_flow2	CWE563_Unused_Variable__unused_uninit_variable_int_84_goodB2G.cpp	27	CWE563_Unused_Variable__unused_uninit_variable_int_84_goodB2G.cpp	33
/home/swlab-jueon/swvul/tools/java-vuln-detection/slicing/output/CPG/c/cwe563_cpg/cwe563-233-cpg-resolved.bin	tc233_flow1	CWE563_Unused_Variable__unused_uninit_variable_int64_t_01.c	27	CWE563_Unused_Variable__unused_uninit_variable_int64_t_01.c	30
/home/swlab-jueon/swvul/tools/java-vuln-detection/slicing/output/CPG/c/cwe563_cpg/cwe563-233-cpg-resolved.bin	tc233_flow2	CWE563_Unused_Variable__unused_uninit_variable_int64_t_01.c	42	CWE563_Unused_Variable__unused_uninit_variable_int64_t_01.c	44
/home/swlab-jueon/swvul/tools/java-vuln-detection/slicing/output/CPG/c/cwe563_cpg/cwe563-234-cpg-resolved.bin	tc234_flow1	CWE563_Unused_Variable__unused_uninit_variable_int64_t_02.c	27	CWE563_Unused_Variable__unused_uninit_variable_int64_t_02.c	32
/home/swlab-jueon/swvul/tools/java-vuln-detection/slicing/output/CPG/c/cwe563_cpg/cwe563-234-cpg-resolved.bin	tc234_flow2	CWE563_Unused_Variable__unused_uninit_variable_int64_t_02.c	45	CWE563_Unused_Variable__unused_uninit_variable_int64_t_02.c	54
/home/swlab-jueon/swvul/tools/java-vuln-detection/slicing/output/CPG/c/cwe563_cpg/cwe563-234-cpg-resolved.bin	tc234_flow3	CWE563_Unused_Variable__unused_uninit_variable_int64_t_02.c	64	CWE563_Unused_Variable__unused_uninit_variable_int64_t_02.c	68
/home/swlab-jueon/swvul/tools/java-vuln-detection/slicing/output/CPG/c/cwe563_cpg/cwe563-235-cpg-resolved.bin	tc235_flow1	CWE563_Unused_Variable__unused_uninit_variable_int64_t_03.c	27	CWE563_Unused_Variable__unused_uninit_variable_int64_t_03.c	32
/home/swlab-jueon/swvul/tools/java-vuln-detection/slicing/output/CPG/c/cwe563_cpg/cwe563-235-cpg-resolved.bin	tc235_flow2	CWE563_Unused_Variable__unused_uninit_variable_int64_t_03.c	45	CWE563_Unused_Variable__unused_uninit_variable_int64_t_03.c	54
/home/swlab-jueon/swvul/tools/java-vuln-detection/slicing/output/CPG/c/cwe563_cpg/cwe563-235-cpg-resolved.bin	tc235_flow3	CWE563_Unused_Variable__unused_uninit_variable_int64_t_03.c	64	CWE563_Unused_Variable__unused_uninit_variable_int64_t_03.c	68
/home/swlab-jueon/swvul/tools/java-vuln-detection/slicing/output/CPG/c/cwe563_cpg/cwe563-236-cpg-resolved.bin	tc236_flow1	CWE563_Unused_Variable__unused_uninit_variable_int64_t_04.c	33	CWE563_Unused_Variable__unused_uninit_variable_int64_t_04.c	38
/home/swlab-jueon/swvul/tools/java-vuln-detection/slicing/output/CPG/c/cwe563_cpg/cwe563-236-cpg-resolved.bin	tc236_flow2	CWE563_Unused_Variable__unused_uninit_variable_int64_t_04.c	51	CWE563_Unused_Variable__unused_uninit_variable_int64_t_04.c	60
/home/swlab-jueon/swvul/tools/java-vuln-detection/slicing/output/CPG/c/cwe563_cpg/cwe563-236-cpg-resolved.bin	tc236_flow3	CWE563_Unused_Variable__unused_uninit_variable_int64_t_04.c	70	CWE563_Unused_Variable__unused_uninit_variable_int64_t_04.c	74
/home/swlab-jueon/swvul/tools/java-vuln-detection/slicing/output/CPG/c/cwe563_cpg/cwe563-237-cpg-resolved.bin	tc237_flow1	CWE563_Unused_Variable__unused_uninit_variable_int64_t_05.c	33	CWE563_Unused_Variable__unused_uninit_variable_int64_t_05.c	38
/home/swlab-jueon/swvul/tools/java-vuln-detection/slicing/output/CPG/c/cwe563_cpg/cwe563-237-cpg-resolved.bin	tc237_flow2	CWE563_Unused_Variable__unused_uninit_variable_int64_t_05.c	51	CWE563_Unused_Variable__unused_uninit_variable_int64_t_05.c	60
/home/swlab-jueon/swvul/tools/java-vuln-detection/slicing/output/CPG/c/cwe563_cpg/cwe563-237-cpg-resolved.bin	tc237_flow3	CWE563_Unused_Variable__unused_uninit_variable_int64_t_05.c	70	CWE563_Unused_Variable__unused_uninit_variable_int64_t_05.c	74
/home/swlab-jueon/swvul/tools/java-vuln-detection/slicing/output/CPG/c/cwe563_cpg/cwe563-238-cpg-resolved.bin	tc238_flow1	CWE563_Unused_Variable__unused_uninit_variable_int64_t_06.c	32	CWE563_Unused_Variable__unused_uninit_variable_int64_t_06.c	37
/home/swlab-jueon/swvul/tools/java-vuln-detection/slicing/output/CPG/c/cwe563_cpg/cwe563-238-cpg-resolved.bin	tc238_flow2	CWE563_Unused_Variable__unused_uninit_variable_int64_t_06.c	50	CWE563_Unused_Variable__unused_uninit_variable_int64_t_06.c	59
/home/swlab-jueon/swvul/tools/java-vuln-detection/slicing/output/CPG/c/cwe563_cpg/cwe563-238-cpg-resolved.bin	tc238_flow3	CWE563_Unused_Variable__unused_uninit_variable_int64_t_06.c	69	CWE563_Unused_Variable__unused_uninit_variable_int64_t_06.c	73
/home/swlab-jueon/swvul/tools/java-vuln-detection/slicing/output/CPG/c/cwe563_cpg/cwe563-239-cpg-resolved.bin	tc239_flow1	CWE563_Unused_Variable__unused_uninit_variable_int64_t_07.c	32	CWE563_Unused_Variable__unused_uninit_variable_int64_t_07.c	37
/home/swlab-jueon/swvul/tools/java-vuln-detection/slicing/output/CPG/c/cwe563_cpg/cwe563-239-cpg-resolved.bin	tc239_flow2	CWE563_Unused_Variable__unused_uninit_variable_int64_t_07.c	50	CWE563_Unused_Variable__unused_uninit_variable_int64_t_07.c	59
/home/swlab-jueon/swvul/tools/java-vuln-detection/slicing/output/CPG/c/cwe563_cpg/cwe563-239-cpg-resolved.bin	tc239_flow3	CWE563_Unused_Variable__unused_uninit_variable_int64_t_07.c	69	CWE563_Unused_Variable__unused_uninit_variable_int64_t_07.c	73
/home/swlab-jueon/swvul/tools/java-vuln-detection/slicing/output/CPG/c/cwe563_cpg/cwe563-240-cpg-resolved.bin	tc240_flow1	CWE563_Unused_Variable__unused_uninit_variable_int64_t_08.c	40	CWE563_Unused_Variable__unused_uninit_variable_int64_t_08.c	45
/home/swlab-jueon/swvul/tools/java-vuln-detection/slicing/output/CPG/c/cwe563_cpg/cwe563-240-cpg-resolved.bin	tc240_flow2	CWE563_Unused_Variable__unused_uninit_variable_int64_t_08.c	58	CWE563_Unused_Variable__unused_uninit_variable_int64_t_08.c	67
/home/swlab-jueon/swvul/tools/java-vuln-detection/slicing/output/CPG/c/cwe563_cpg/cwe563-240-cpg-resolved.bin	tc240_flow3	CWE563_Unused_Variable__unused_uninit_variable_int64_t_08.c	77	CWE563_Unused_Variable__unused_uninit_variable_int64_t_08.c	81
/home/swlab-jueon/swvul/tools/java-vuln-detection/slicing/output/CPG/c/cwe563_cpg/cwe563-241-cpg-resolved.bin	tc241_flow1	CWE563_Unused_Variable__unused_uninit_variable_int64_t_09.c	27	CWE563_Unused_Variable__unused_uninit_variable_int64_t_09.c	32
/home/swlab-jueon/swvul/tools/java-vuln-detection/slicing/output/CPG/c/cwe563_cpg/cwe563-241-cpg-resolved.bin	tc241_flow2	CWE563_Unused_Variable__unused_uninit_variable_int64_t_09.c	45	CWE563_Unused_Variable__unused_uninit_variable_int64_t_09.c	54
/home/swlab-jueon/swvul/tools/java-vuln-detection/slicing/output/CPG/c/cwe563_cpg/cwe563-241-cpg-resolved.bin	tc241_flow3	CWE563_Unused_Variable__unused_uninit_variable_int64_t_09.c	64	CWE563_Unused_Variable__unused_uninit_variable_int64_t_09.c	68
/home/swlab-jueon/swvul/tools/java-vuln-detection/slicing/output/CPG/c/cwe563_cpg/cwe563-242-cpg-resolved.bin	tc242_flow1	CWE563_Unused_Variable__unused_uninit_variable_int64_t_10.c	27	CWE563_Unused_Variable__unused_uninit_variable_int64_t_10.c	32
/home/swlab-jueon/swvul/tools/java-vuln-detection/slicing/output/CPG/c/cwe563_cpg/cwe563-242-cpg-resolved.bin	tc242_flow2	CWE563_Unused_Variable__unused_uninit_variable_int64_t_10.c	45	CWE563_Unused_Variable__unused_uninit_variable_int64_t_10.c	54
/home/swlab-jueon/swvul/tools/java-vuln-detection/slicing/output/CPG/c/cwe563_cpg/cwe563-242-cpg-resolved.bin	tc242_flow3	CWE563_Unused_Variable__unused_uninit_variable_int64_t_10.c	64	CWE563_Unused_Variable__unused_uninit_variable_int64_t_10.c	68
/home/swlab-jueon/swvul/tools/java-vuln-detection/slicing/output/CPG/c/cwe563_cpg/cwe563-243-cpg-resolved.bin	tc243_flow1	CWE563_Unused_Variable__unused_uninit_variable_int64_t_11.c	27	CWE563_Unused_Variable__unused_uninit_variable_int64_t_11.c	32
/home/swlab-jueon/swvul/tools/java-vuln-detection/slicing/output/CPG/c/cwe563_cpg/cwe563-243-cpg-resolved.bin	tc243_flow2	CWE563_Unused_Variable__unused_uninit_variable_int64_t_11.c	45	CWE563_Unused_Variable__unused_uninit_variable_int64_t_11.c	54
/home/swlab-jueon/swvul/tools/java-vuln-detection/slicing/output/CPG/c/cwe563_cpg/cwe563-243-cpg-resolved.bin	tc243_flow3	CWE563_Unused_Variable__unused_uninit_variable_int64_t_11.c	64	CWE563_Unused_Variable__unused_uninit_variable_int64_t_11.c	68
/home/swlab-jueon/swvul/tools/java-vuln-detection/slicing/output/CPG/c/cwe563_cpg/cwe563-244-cpg-resolved.bin	tc244_flow1	CWE563_Unused_Variable__unused_uninit_variable_int64_t_13.c	27	CWE563_Unused_Variable__unused_uninit_variable_int64_t_13.c	32
/home/swlab-jueon/swvul/tools/java-vuln-detection/slicing/output/CPG/c/cwe563_cpg/cwe563-244-cpg-resolved.bin	tc244_flow2	CWE563_Unused_Variable__unused_uninit_variable_int64_t_13.c	45	CWE563_Unused_Variable__unused_uninit_variable_int64_t_13.c	54
/home/swlab-jueon/swvul/tools/java-vuln-detection/slicing/output/CPG/c/cwe563_cpg/cwe563-244-cpg-resolved.bin	tc244_flow3	CWE563_Unused_Variable__unused_uninit_variable_int64_t_13.c	64	CWE563_Unused_Variable__unused_uninit_variable_int64_t_13.c	68
/home/swlab-jueon/swvul/tools/java-vuln-detection/slicing/output/CPG/c/cwe563_cpg/cwe563-245-cpg-resolved.bin	tc245_flow1	CWE563_Unused_Variable__unused_uninit_variable_int64_t_14.c	27	CWE563_Unused_Variable__unused_uninit_variable_int64_t_14.c	32
/home/swlab-jueon/swvul/tools/java-vuln-detection/slicing/output/CPG/c/cwe563_cpg/cwe563-245-cpg-resolved.bin	tc245_flow2	CWE563_Unused_Variable__unused_uninit_variable_int64_t_14.c	45	CWE563_Unused_Variable__unused_uninit_variable_int64_t_14.c	54
/home/swlab-jueon/swvul/tools/java-vuln-detection/slicing/output/CPG/c/cwe563_cpg/cwe563-245-cpg-resolved.bin	tc245_flow3	CWE563_Unused_Variable__unused_uninit_variable_int64_t_14.c	64	CWE563_Unused_Variable__unused_uninit_variable_int64_t_14.c	68
/home/swlab-jueon/swvul/tools/java-vuln-detection/slicing/output/CPG/c/cwe563_cpg/cwe563-246-cpg-resolved.bin	tc246_flow1	CWE563_Unused_Variable__unused_uninit_variable_int64_t_15.c	27	CWE563_Unused_Variable__unused_uninit_variable_int64_t_15.c	33
/home/swlab-jueon/swvul/tools/java-vuln-detection/slicing/output/CPG/c/cwe563_cpg/cwe563-246-cpg-resolved.bin	tc246_flow2	CWE563_Unused_Variable__unused_uninit_variable_int64_t_15.c	51	CWE563_Unused_Variable__unused_uninit_variable_int64_t_15.c	60
/home/swlab-jueon/swvul/tools/java-vuln-detection/slicing/output/CPG/c/cwe563_cpg/cwe563-246-cpg-resolved.bin	tc246_flow3	CWE563_Unused_Variable__unused_uninit_variable_int64_t_15.c	71	CWE563_Unused_Variable__unused_uninit_variable_int64_t_15.c	76
/home/swlab-jueon/swvul/tools/java-vuln-detection/slicing/output/CPG/c/cwe563_cpg/cwe563-247-cpg-resolved.bin	tc247_flow1	CWE563_Unused_Variable__unused_uninit_variable_int64_t_16.c	27	CWE563_Unused_Variable__unused_uninit_variable_int64_t_16.c	32
/home/swlab-jueon/swvul/tools/java-vuln-detection/slicing/output/CPG/c/cwe563_cpg/cwe563-247-cpg-resolved.bin	tc247_flow2	CWE563_Unused_Variable__unused_uninit_variable_int64_t_16.c	46	CWE563_Unused_Variable__unused_uninit_variable_int64_t_16.c	50
/home/swlab-jueon/swvul/tools/java-vuln-detection/slicing/output/CPG/c/cwe563_cpg/cwe563-248-cpg-resolved.bin	tc248_flow1	CWE563_Unused_Variable__unused_uninit_variable_int64_t_17.c	28	CWE563_Unused_Variable__unused_uninit_variable_int64_t_17.c	33
/home/swlab-jueon/swvul/tools/java-vuln-detection/slicing/output/CPG/c/cwe563_cpg/cwe563-248-cpg-resolved.bin	tc248_flow2	CWE563_Unused_Variable__unused_uninit_variable_int64_t_17.c	47	CWE563_Unused_Variable__unused_uninit_variable_int64_t_17.c	51
/home/swlab-jueon/swvul/tools/java-vuln-detection/slicing/output/CPG/c/cwe563_cpg/cwe563-249-cpg-resolved.bin	tc249_flow1	CWE563_Unused_Variable__unused_uninit_variable_int64_t_18.c	27	CWE563_Unused_Variable__unused_uninit_variable_int64_t_18.c	32
/home/swlab-jueon/swvul/tools/java-vuln-detection/slicing/output/CPG/c/cwe563_cpg/cwe563-249-cpg-resolved.bin	tc249_flow2	CWE563_Unused_Variable__unused_uninit_variable_int64_t_18.c	44	CWE563_Unused_Variable__unused_uninit_variable_int64_t_18.c	48
/home/swlab-jueon/swvul/tools/java-vuln-detection/slicing/output/CPG/c/cwe563_cpg/cwe563-250-cpg-resolved.bin	tc250_flow1	CWE563_Unused_Variable__unused_uninit_variable_int64_t_21.c	40	CWE563_Unused_Variable__unused_uninit_variable_int64_t_21.c	32
/home/swlab-jueon/swvul/tools/java-vuln-detection/slicing/output/CPG/c/cwe563_cpg/cwe563-250-cpg-resolved.bin	tc250_flow2	CWE563_Unused_Variable__unused_uninit_variable_int64_t_21.c	73	CWE563_Unused_Variable__unused_uninit_variable_int64_t_21.c	64
/home/swlab-jueon/swvul/tools/java-vuln-detection/slicing/output/CPG/c/cwe563_cpg/cwe563-250-cpg-resolved.bin	tc250_flow3	CWE563_Unused_Variable__unused_uninit_variable_int64_t_21.c	93	CWE563_Unused_Variable__unused_uninit_variable_int64_t_21.c	84
/home/swlab-jueon/swvul/tools/java-vuln-detection/slicing/output/CPG/c/cwe563_cpg/cwe563-251-cpg-resolved.bin	tc251_flow1	CWE563_Unused_Variable__unused_uninit_variable_int64_t_22a.c	32	CWE563_Unused_Variable__unused_uninit_variable_int64_t_22b.c	32
/home/swlab-jueon/swvul/tools/java-vuln-detection/slicing/output/CPG/c/cwe563_cpg/cwe563-251-cpg-resolved.bin	tc251_flow2	CWE563_Unused_Variable__unused_uninit_variable_int64_t_22a.c	52	CWE563_Unused_Variable__unused_uninit_variable_int64_t_22b.c	55
/home/swlab-jueon/swvul/tools/java-vuln-detection/slicing/output/CPG/c/cwe563_cpg/cwe563-251-cpg-resolved.bin	tc251_flow3	CWE563_Unused_Variable__unused_uninit_variable_int64_t_22a.c	64	CWE563_Unused_Variable__unused_uninit_variable_int64_t_22b.c	66
/home/swlab-jueon/swvul/tools/java-vuln-detection/slicing/output/CPG/c/cwe563_cpg/cwe563-252-cpg-resolved.bin	tc252_flow1	CWE563_Unused_Variable__unused_uninit_variable_int64_t_33.cpp	31	CWE563_Unused_Variable__unused_uninit_variable_int64_t_33.cpp	36
/home/swlab-jueon/swvul/tools/java-vuln-detection/slicing/output/CPG/c/cwe563_cpg/cwe563-252-cpg-resolved.bin	tc252_flow2	CWE563_Unused_Variable__unused_uninit_variable_int64_t_33.cpp	50	CWE563_Unused_Variable__unused_uninit_variable_int64_t_33.cpp	54
/home/swlab-jueon/swvul/tools/java-vuln-detection/slicing/output/CPG/c/cwe563_cpg/cwe563-253-cpg-resolved.bin	tc253_flow1	CWE563_Unused_Variable__unused_uninit_variable_int64_t_43.cpp	29	CWE563_Unused_Variable__unused_uninit_variable_int64_t_43.cpp	38
/home/swlab-jueon/swvul/tools/java-vuln-detection/slicing/output/CPG/c/cwe563_cpg/cwe563-253-cpg-resolved.bin	tc253_flow2	CWE563_Unused_Variable__unused_uninit_variable_int64_t_43.cpp	49	CWE563_Unused_Variable__unused_uninit_variable_int64_t_43.cpp	57
/home/swlab-jueon/swvul/tools/java-vuln-detection/slicing/output/CPG/c/cwe563_cpg/cwe563-254-cpg-resolved.bin	tc254_flow1	CWE563_Unused_Variable__unused_uninit_variable_int64_t_72a.cpp	37	CWE563_Unused_Variable__unused_uninit_variable_int64_t_72b.cpp	35
/home/swlab-jueon/swvul/tools/java-vuln-detection/slicing/output/CPG/c/cwe563_cpg/cwe563-254-cpg-resolved.bin	tc254_flow2	CWE563_Unused_Variable__unused_uninit_variable_int64_t_72a.cpp	57	CWE563_Unused_Variable__unused_uninit_variable_int64_t_72b.cpp	47
/home/swlab-jueon/swvul/tools/java-vuln-detection/slicing/output/CPG/c/cwe563_cpg/cwe563-255-cpg-resolved.bin	tc255_flow1	CWE563_Unused_Variable__unused_uninit_variable_int64_t_73a.cpp	37	CWE563_Unused_Variable__unused_uninit_variable_int64_t_73b.cpp	35
/home/swlab-jueon/swvul/tools/java-vuln-detection/slicing/output/CPG/c/cwe563_cpg/cwe563-255-cpg-resolved.bin	tc255_flow2	CWE563_Unused_Variable__unused_uninit_variable_int64_t_73a.cpp	57	CWE563_Unused_Variable__unused_uninit_variable_int64_t_73b.cpp	47
/home/swlab-jueon/swvul/tools/java-vuln-detection/slicing/output/CPG/c/cwe563_cpg/cwe563-256-cpg-resolved.bin	tc256_flow1	CWE563_Unused_Variable__unused_uninit_variable_int64_t_74a.cpp	37	CWE563_Unused_Variable__unused_uninit_variable_int64_t_74b.cpp	35
/home/swlab-jueon/swvul/tools/java-vuln-detection/slicing/output/CPG/c/cwe563_cpg/cwe563-256-cpg-resolved.bin	tc256_flow2	CWE563_Unused_Variable__unused_uninit_variable_int64_t_74a.cpp	57	CWE563_Unused_Variable__unused_uninit_variable_int64_t_74b.cpp	47
/home/swlab-jueon/swvul/tools/java-vuln-detection/slicing/output/CPG/c/cwe563_cpg/cwe563-257-cpg-resolved.bin	tc257_flow1	CWE563_Unused_Variable__unused_uninit_variable_int64_t_81a.cpp	29	CWE563_Unused_Variable__unused_uninit_variable_int64_t_81_bad.cpp	28
/home/swlab-jueon/swvul/tools/java-vuln-detection/slicing/output/CPG/c/cwe563_cpg/cwe563-257-cpg-resolved.bin	tc257_flow2	CWE563_Unused_Variable__unused_uninit_variable_int64_t_81a.cpp	43	CWE563_Unused_Variable__unused_uninit_variable_int64_t_81_goodB2G.cpp	27
/home/swlab-jueon/swvul/tools/java-vuln-detection/slicing/output/CPG/c/cwe563_cpg/cwe563-258-cpg-resolved.bin	tc258_flow1	CWE563_Unused_Variable__unused_uninit_variable_int64_t_82a.cpp	29	CWE563_Unused_Variable__unused_uninit_variable_int64_t_82_bad.cpp	28
/home/swlab-jueon/swvul/tools/java-vuln-detection/slicing/output/CPG/c/cwe563_cpg/cwe563-258-cpg-resolved.bin	tc258_flow2	CWE563_Unused_Variable__unused_uninit_variable_int64_t_82a.cpp	44	CWE563_Unused_Variable__unused_uninit_variable_int64_t_82_goodB2G.cpp	27
/home/swlab-jueon/swvul/tools/java-vuln-detection/slicing/output/CPG/c/cwe563_cpg/cwe563-259-cpg-resolved.bin	tc259_flow1	CWE563_Unused_Variable__unused_uninit_variable_int64_t_83_bad.cpp	27	CWE563_Unused_Variable__unused_uninit_variable_int64_t_83_bad.cpp	34
/home/swlab-jueon/swvul/tools/java-vuln-detection/slicing/output/CPG/c/cwe563_cpg/cwe563-259-cpg-resolved.bin	tc259_flow2	CWE563_Unused_Variable__unused_uninit_variable_int64_t_83_goodB2G.cpp	27	CWE563_Unused_Variable__unused_uninit_variable_int64_t_83_goodB2G.cpp	33
/home/swlab-jueon/swvul/tools/java-vuln-detection/slicing/output/CPG/c/cwe563_cpg/cwe563-260-cpg-resolved.bin	tc260_flow1	CWE563_Unused_Variable__unused_uninit_variable_int64_t_84_bad.cpp	27	CWE563_Unused_Variable__unused_uninit_variable_int64_t_84_bad.cpp	34
/home/swlab-jueon/swvul/tools/java-vuln-detection/slicing/output/CPG/c/cwe563_cpg/cwe563-260-cpg-resolved.bin	tc260_flow2	CWE563_Unused_Variable__unused_uninit_variable_int64_t_84_goodB2G.cpp	27	CWE563_Unused_Variable__unused_uninit_variable_int64_t_84_goodB2G.cpp	33
/home/swlab-jueon/swvul/tools/java-vuln-detection/slicing/output/CPG/c/cwe563_cpg/cwe563-261-cpg-resolved.bin	tc261_flow1	CWE563_Unused_Variable__unused_uninit_variable_long_01.c	27	CWE563_Unused_Variable__unused_uninit_variable_long_01.c	30
/home/swlab-jueon/swvul/tools/java-vuln-detection/slicing/output/CPG/c/cwe563_cpg/cwe563-261-cpg-resolved.bin	tc261_flow2	CWE563_Unused_Variable__unused_uninit_variable_long_01.c	42	CWE563_Unused_Variable__unused_uninit_variable_long_01.c	44
/home/swlab-jueon/swvul/tools/java-vuln-detection/slicing/output/CPG/c/cwe563_cpg/cwe563-262-cpg-resolved.bin	tc262_flow1	CWE563_Unused_Variable__unused_uninit_variable_long_02.c	27	CWE563_Unused_Variable__unused_uninit_variable_long_02.c	32
/home/swlab-jueon/swvul/tools/java-vuln-detection/slicing/output/CPG/c/cwe563_cpg/cwe563-262-cpg-resolved.bin	tc262_flow2	CWE563_Unused_Variable__unused_uninit_variable_long_02.c	45	CWE563_Unused_Variable__unused_uninit_variable_long_02.c	54
/home/swlab-jueon/swvul/tools/java-vuln-detection/slicing/output/CPG/c/cwe563_cpg/cwe563-262-cpg-resolved.bin	tc262_flow3	CWE563_Unused_Variable__unused_uninit_variable_long_02.c	64	CWE563_Unused_Variable__unused_uninit_variable_long_02.c	68
/home/swlab-jueon/swvul/tools/java-vuln-detection/slicing/output/CPG/c/cwe563_cpg/cwe563-263-cpg-resolved.bin	tc263_flow1	CWE563_Unused_Variable__unused_uninit_variable_long_03.c	27	CWE563_Unused_Variable__unused_uninit_variable_long_03.c	32
/home/swlab-jueon/swvul/tools/java-vuln-detection/slicing/output/CPG/c/cwe563_cpg/cwe563-263-cpg-resolved.bin	tc263_flow2	CWE563_Unused_Variable__unused_uninit_variable_long_03.c	45	CWE563_Unused_Variable__unused_uninit_variable_long_03.c	54
/home/swlab-jueon/swvul/tools/java-vuln-detection/slicing/output/CPG/c/cwe563_cpg/cwe563-263-cpg-resolved.bin	tc263_flow3	CWE563_Unused_Variable__unused_uninit_variable_long_03.c	64	CWE563_Unused_Variable__unused_uninit_variable_long_03.c	68
/home/swlab-jueon/swvul/tools/java-vuln-detection/slicing/output/CPG/c/cwe563_cpg/cwe563-264-cpg-resolved.bin	tc264_flow1	CWE563_Unused_Variable__unused_uninit_variable_long_04.c	33	CWE563_Unused_Variable__unused_uninit_variable_long_04.c	38
/home/swlab-jueon/swvul/tools/java-vuln-detection/slicing/output/CPG/c/cwe563_cpg/cwe563-264-cpg-resolved.bin	tc264_flow2	CWE563_Unused_Variable__unused_uninit_variable_long_04.c	51	CWE563_Unused_Variable__unused_uninit_variable_long_04.c	60
/home/swlab-jueon/swvul/tools/java-vuln-detection/slicing/output/CPG/c/cwe563_cpg/cwe563-264-cpg-resolved.bin	tc264_flow3	CWE563_Unused_Variable__unused_uninit_variable_long_04.c	70	CWE563_Unused_Variable__unused_uninit_variable_long_04.c	74
/home/swlab-jueon/swvul/tools/java-vuln-detection/slicing/output/CPG/c/cwe563_cpg/cwe563-265-cpg-resolved.bin	tc265_flow1	CWE563_Unused_Variable__unused_uninit_variable_long_05.c	33	CWE563_Unused_Variable__unused_uninit_variable_long_05.c	38
/home/swlab-jueon/swvul/tools/java-vuln-detection/slicing/output/CPG/c/cwe563_cpg/cwe563-265-cpg-resolved.bin	tc265_flow2	CWE563_Unused_Variable__unused_uninit_variable_long_05.c	51	CWE563_Unused_Variable__unused_uninit_variable_long_05.c	60
/home/swlab-jueon/swvul/tools/java-vuln-detection/slicing/output/CPG/c/cwe563_cpg/cwe563-265-cpg-resolved.bin	tc265_flow3	CWE563_Unused_Variable__unused_uninit_variable_long_05.c	70	CWE563_Unused_Variable__unused_uninit_variable_long_05.c	74
/home/swlab-jueon/swvul/tools/java-vuln-detection/slicing/output/CPG/c/cwe563_cpg/cwe563-266-cpg-resolved.bin	tc266_flow1	CWE563_Unused_Variable__unused_uninit_variable_long_06.c	32	CWE563_Unused_Variable__unused_uninit_variable_long_06.c	37
/home/swlab-jueon/swvul/tools/java-vuln-detection/slicing/output/CPG/c/cwe563_cpg/cwe563-266-cpg-resolved.bin	tc266_flow2	CWE563_Unused_Variable__unused_uninit_variable_long_06.c	50	CWE563_Unused_Variable__unused_uninit_variable_long_06.c	59
/home/swlab-jueon/swvul/tools/java-vuln-detection/slicing/output/CPG/c/cwe563_cpg/cwe563-266-cpg-resolved.bin	tc266_flow3	CWE563_Unused_Variable__unused_uninit_variable_long_06.c	69	CWE563_Unused_Variable__unused_uninit_variable_long_06.c	73
/home/swlab-jueon/swvul/tools/java-vuln-detection/slicing/output/CPG/c/cwe563_cpg/cwe563-267-cpg-resolved.bin	tc267_flow1	CWE563_Unused_Variable__unused_uninit_variable_long_07.c	32	CWE563_Unused_Variable__unused_uninit_variable_long_07.c	37
/home/swlab-jueon/swvul/tools/java-vuln-detection/slicing/output/CPG/c/cwe563_cpg/cwe563-267-cpg-resolved.bin	tc267_flow2	CWE563_Unused_Variable__unused_uninit_variable_long_07.c	50	CWE563_Unused_Variable__unused_uninit_variable_long_07.c	59
/home/swlab-jueon/swvul/tools/java-vuln-detection/slicing/output/CPG/c/cwe563_cpg/cwe563-267-cpg-resolved.bin	tc267_flow3	CWE563_Unused_Variable__unused_uninit_variable_long_07.c	69	CWE563_Unused_Variable__unused_uninit_variable_long_07.c	73
/home/swlab-jueon/swvul/tools/java-vuln-detection/slicing/output/CPG/c/cwe563_cpg/cwe563-268-cpg-resolved.bin	tc268_flow1	CWE563_Unused_Variable__unused_uninit_variable_long_08.c	40	CWE563_Unused_Variable__unused_uninit_variable_long_08.c	45
/home/swlab-jueon/swvul/tools/java-vuln-detection/slicing/output/CPG/c/cwe563_cpg/cwe563-268-cpg-resolved.bin	tc268_flow2	CWE563_Unused_Variable__unused_uninit_variable_long_08.c	58	CWE563_Unused_Variable__unused_uninit_variable_long_08.c	67
/home/swlab-jueon/swvul/tools/java-vuln-detection/slicing/output/CPG/c/cwe563_cpg/cwe563-268-cpg-resolved.bin	tc268_flow3	CWE563_Unused_Variable__unused_uninit_variable_long_08.c	77	CWE563_Unused_Variable__unused_uninit_variable_long_08.c	81
/home/swlab-jueon/swvul/tools/java-vuln-detection/slicing/output/CPG/c/cwe563_cpg/cwe563-269-cpg-resolved.bin	tc269_flow1	CWE563_Unused_Variable__unused_uninit_variable_long_09.c	27	CWE563_Unused_Variable__unused_uninit_variable_long_09.c	32
/home/swlab-jueon/swvul/tools/java-vuln-detection/slicing/output/CPG/c/cwe563_cpg/cwe563-269-cpg-resolved.bin	tc269_flow2	CWE563_Unused_Variable__unused_uninit_variable_long_09.c	45	CWE563_Unused_Variable__unused_uninit_variable_long_09.c	54
/home/swlab-jueon/swvul/tools/java-vuln-detection/slicing/output/CPG/c/cwe563_cpg/cwe563-269-cpg-resolved.bin	tc269_flow3	CWE563_Unused_Variable__unused_uninit_variable_long_09.c	64	CWE563_Unused_Variable__unused_uninit_variable_long_09.c	68
/home/swlab-jueon/swvul/tools/java-vuln-detection/slicing/output/CPG/c/cwe563_cpg/cwe563-270-cpg-resolved.bin	tc270_flow1	CWE563_Unused_Variable__unused_uninit_variable_long_10.c	27	CWE563_Unused_Variable__unused_uninit_variable_long_10.c	32
/home/swlab-jueon/swvul/tools/java-vuln-detection/slicing/output/CPG/c/cwe563_cpg/cwe563-270-cpg-resolved.bin	tc270_flow2	CWE563_Unused_Variable__unused_uninit_variable_long_10.c	45	CWE563_Unused_Variable__unused_uninit_variable_long_10.c	54
/home/swlab-jueon/swvul/tools/java-vuln-detection/slicing/output/CPG/c/cwe563_cpg/cwe563-270-cpg-resolved.bin	tc270_flow3	CWE563_Unused_Variable__unused_uninit_variable_long_10.c	64	CWE563_Unused_Variable__unused_uninit_variable_long_10.c	68
/home/swlab-jueon/swvul/tools/java-vuln-detection/slicing/output/CPG/c/cwe563_cpg/cwe563-271-cpg-resolved.bin	tc271_flow1	CWE563_Unused_Variable__unused_uninit_variable_long_11.c	27	CWE563_Unused_Variable__unused_uninit_variable_long_11.c	32
/home/swlab-jueon/swvul/tools/java-vuln-detection/slicing/output/CPG/c/cwe563_cpg/cwe563-271-cpg-resolved.bin	tc271_flow2	CWE563_Unused_Variable__unused_uninit_variable_long_11.c	45	CWE563_Unused_Variable__unused_uninit_variable_long_11.c	54
/home/swlab-jueon/swvul/tools/java-vuln-detection/slicing/output/CPG/c/cwe563_cpg/cwe563-271-cpg-resolved.bin	tc271_flow3	CWE563_Unused_Variable__unused_uninit_variable_long_11.c	64	CWE563_Unused_Variable__unused_uninit_variable_long_11.c	68
/home/swlab-jueon/swvul/tools/java-vuln-detection/slicing/output/CPG/c/cwe563_cpg/cwe563-272-cpg-resolved.bin	tc272_flow1	CWE563_Unused_Variable__unused_uninit_variable_long_13.c	27	CWE563_Unused_Variable__unused_uninit_variable_long_13.c	32
/home/swlab-jueon/swvul/tools/java-vuln-detection/slicing/output/CPG/c/cwe563_cpg/cwe563-272-cpg-resolved.bin	tc272_flow2	CWE563_Unused_Variable__unused_uninit_variable_long_13.c	45	CWE563_Unused_Variable__unused_uninit_variable_long_13.c	54
/home/swlab-jueon/swvul/tools/java-vuln-detection/slicing/output/CPG/c/cwe563_cpg/cwe563-272-cpg-resolved.bin	tc272_flow3	CWE563_Unused_Variable__unused_uninit_variable_long_13.c	64	CWE563_Unused_Variable__unused_uninit_variable_long_13.c	68
/home/swlab-jueon/swvul/tools/java-vuln-detection/slicing/output/CPG/c/cwe563_cpg/cwe563-273-cpg-resolved.bin	tc273_flow1	CWE563_Unused_Variable__unused_uninit_variable_long_14.c	27	CWE563_Unused_Variable__unused_uninit_variable_long_14.c	32
/home/swlab-jueon/swvul/tools/java-vuln-detection/slicing/output/CPG/c/cwe563_cpg/cwe563-273-cpg-resolved.bin	tc273_flow2	CWE563_Unused_Variable__unused_uninit_variable_long_14.c	45	CWE563_Unused_Variable__unused_uninit_variable_long_14.c	54
/home/swlab-jueon/swvul/tools/java-vuln-detection/slicing/output/CPG/c/cwe563_cpg/cwe563-273-cpg-resolved.bin	tc273_flow3	CWE563_Unused_Variable__unused_uninit_variable_long_14.c	64	CWE563_Unused_Variable__unused_uninit_variable_long_14.c	68
/home/swlab-jueon/swvul/tools/java-vuln-detection/slicing/output/CPG/c/cwe563_cpg/cwe563-274-cpg-resolved.bin	tc274_flow1	CWE563_Unused_Variable__unused_uninit_variable_long_15.c	27	CWE563_Unused_Variable__unused_uninit_variable_long_15.c	33
/home/swlab-jueon/swvul/tools/java-vuln-detection/slicing/output/CPG/c/cwe563_cpg/cwe563-274-cpg-resolved.bin	tc274_flow2	CWE563_Unused_Variable__unused_uninit_variable_long_15.c	51	CWE563_Unused_Variable__unused_uninit_variable_long_15.c	60
/home/swlab-jueon/swvul/tools/java-vuln-detection/slicing/output/CPG/c/cwe563_cpg/cwe563-274-cpg-resolved.bin	tc274_flow3	CWE563_Unused_Variable__unused_uninit_variable_long_15.c	71	CWE563_Unused_Variable__unused_uninit_variable_long_15.c	76
/home/swlab-jueon/swvul/tools/java-vuln-detection/slicing/output/CPG/c/cwe563_cpg/cwe563-275-cpg-resolved.bin	tc275_flow1	CWE563_Unused_Variable__unused_uninit_variable_long_16.c	27	CWE563_Unused_Variable__unused_uninit_variable_long_16.c	32
/home/swlab-jueon/swvul/tools/java-vuln-detection/slicing/output/CPG/c/cwe563_cpg/cwe563-275-cpg-resolved.bin	tc275_flow2	CWE563_Unused_Variable__unused_uninit_variable_long_16.c	46	CWE563_Unused_Variable__unused_uninit_variable_long_16.c	50
/home/swlab-jueon/swvul/tools/java-vuln-detection/slicing/output/CPG/c/cwe563_cpg/cwe563-276-cpg-resolved.bin	tc276_flow1	CWE563_Unused_Variable__unused_uninit_variable_long_17.c	28	CWE563_Unused_Variable__unused_uninit_variable_long_17.c	33
/home/swlab-jueon/swvul/tools/java-vuln-detection/slicing/output/CPG/c/cwe563_cpg/cwe563-276-cpg-resolved.bin	tc276_flow2	CWE563_Unused_Variable__unused_uninit_variable_long_17.c	47	CWE563_Unused_Variable__unused_uninit_variable_long_17.c	51
/home/swlab-jueon/swvul/tools/java-vuln-detection/slicing/output/CPG/c/cwe563_cpg/cwe563-277-cpg-resolved.bin	tc277_flow1	CWE563_Unused_Variable__unused_uninit_variable_long_18.c	27	CWE563_Unused_Variable__unused_uninit_variable_long_18.c	32
/home/swlab-jueon/swvul/tools/java-vuln-detection/slicing/output/CPG/c/cwe563_cpg/cwe563-277-cpg-resolved.bin	tc277_flow2	CWE563_Unused_Variable__unused_uninit_variable_long_18.c	44	CWE563_Unused_Variable__unused_uninit_variable_long_18.c	48
/home/swlab-jueon/swvul/tools/java-vuln-detection/slicing/output/CPG/c/cwe563_cpg/cwe563-278-cpg-resolved.bin	tc278_flow1	CWE563_Unused_Variable__unused_uninit_variable_long_21.c	40	CWE563_Unused_Variable__unused_uninit_variable_long_21.c	32
/home/swlab-jueon/swvul/tools/java-vuln-detection/slicing/output/CPG/c/cwe563_cpg/cwe563-278-cpg-resolved.bin	tc278_flow2	CWE563_Unused_Variable__unused_uninit_variable_long_21.c	73	CWE563_Unused_Variable__unused_uninit_variable_long_21.c	64
/home/swlab-jueon/swvul/tools/java-vuln-detection/slicing/output/CPG/c/cwe563_cpg/cwe563-278-cpg-resolved.bin	tc278_flow3	CWE563_Unused_Variable__unused_uninit_variable_long_21.c	93	CWE563_Unused_Variable__unused_uninit_variable_long_21.c	84
/home/swlab-jueon/swvul/tools/java-vuln-detection/slicing/output/CPG/c/cwe563_cpg/cwe563-279-cpg-resolved.bin	tc279_flow1	CWE563_Unused_Variable__unused_uninit_variable_long_22a.c	32	CWE563_Unused_Variable__unused_uninit_variable_long_22b.c	32
/home/swlab-jueon/swvul/tools/java-vuln-detection/slicing/output/CPG/c/cwe563_cpg/cwe563-279-cpg-resolved.bin	tc279_flow2	CWE563_Unused_Variable__unused_uninit_variable_long_22a.c	52	CWE563_Unused_Variable__unused_uninit_variable_long_22b.c	55
/home/swlab-jueon/swvul/tools/java-vuln-detection/slicing/output/CPG/c/cwe563_cpg/cwe563-279-cpg-resolved.bin	tc279_flow3	CWE563_Unused_Variable__unused_uninit_variable_long_22a.c	64	CWE563_Unused_Variable__unused_uninit_variable_long_22b.c	66
/home/swlab-jueon/swvul/tools/java-vuln-detection/slicing/output/CPG/c/cwe563_cpg/cwe563-280-cpg-resolved.bin	tc280_flow1	CWE563_Unused_Variable__unused_uninit_variable_long_33.cpp	31	CWE563_Unused_Variable__unused_uninit_variable_long_33.cpp	36
/home/swlab-jueon/swvul/tools/java-vuln-detection/slicing/output/CPG/c/cwe563_cpg/cwe563-280-cpg-resolved.bin	tc280_flow2	CWE563_Unused_Variable__unused_uninit_variable_long_33.cpp	50	CWE563_Unused_Variable__unused_uninit_variable_long_33.cpp	54
/home/swlab-jueon/swvul/tools/java-vuln-detection/slicing/output/CPG/c/cwe563_cpg/cwe563-281-cpg-resolved.bin	tc281_flow1	CWE563_Unused_Variable__unused_uninit_variable_long_43.cpp	29	CWE563_Unused_Variable__unused_uninit_variable_long_43.cpp	38
/home/swlab-jueon/swvul/tools/java-vuln-detection/slicing/output/CPG/c/cwe563_cpg/cwe563-281-cpg-resolved.bin	tc281_flow2	CWE563_Unused_Variable__unused_uninit_variable_long_43.cpp	49	CWE563_Unused_Variable__unused_uninit_variable_long_43.cpp	57
/home/swlab-jueon/swvul/tools/java-vuln-detection/slicing/output/CPG/c/cwe563_cpg/cwe563-282-cpg-resolved.bin	tc282_flow1	CWE563_Unused_Variable__unused_uninit_variable_long_72a.cpp	37	CWE563_Unused_Variable__unused_uninit_variable_long_72b.cpp	35
/home/swlab-jueon/swvul/tools/java-vuln-detection/slicing/output/CPG/c/cwe563_cpg/cwe563-282-cpg-resolved.bin	tc282_flow2	CWE563_Unused_Variable__unused_uninit_variable_long_72a.cpp	57	CWE563_Unused_Variable__unused_uninit_variable_long_72b.cpp	47
/home/swlab-jueon/swvul/tools/java-vuln-detection/slicing/output/CPG/c/cwe563_cpg/cwe563-283-cpg-resolved.bin	tc283_flow1	CWE563_Unused_Variable__unused_uninit_variable_long_73a.cpp	37	CWE563_Unused_Variable__unused_uninit_variable_long_73b.cpp	35
/home/swlab-jueon/swvul/tools/java-vuln-detection/slicing/output/CPG/c/cwe563_cpg/cwe563-283-cpg-resolved.bin	tc283_flow2	CWE563_Unused_Variable__unused_uninit_variable_long_73a.cpp	57	CWE563_Unused_Variable__unused_uninit_variable_long_73b.cpp	47
/home/swlab-jueon/swvul/tools/java-vuln-detection/slicing/output/CPG/c/cwe563_cpg/cwe563-284-cpg-resolved.bin	tc284_flow1	CWE563_Unused_Variable__unused_uninit_variable_long_74a.cpp	37	CWE563_Unused_Variable__unused_uninit_variable_long_74b.cpp	35
/home/swlab-jueon/swvul/tools/java-vuln-detection/slicing/output/CPG/c/cwe563_cpg/cwe563-284-cpg-resolved.bin	tc284_flow2	CWE563_Unused_Variable__unused_uninit_variable_long_74a.cpp	57	CWE563_Unused_Variable__unused_uninit_variable_long_74b.cpp	47
/home/swlab-jueon/swvul/tools/java-vuln-detection/slicing/output/CPG/c/cwe563_cpg/cwe563-285-cpg-resolved.bin	tc285_flow1	CWE563_Unused_Variable__unused_uninit_variable_long_81a.cpp	29	CWE563_Unused_Variable__unused_uninit_variable_long_81_bad.cpp	28
/home/swlab-jueon/swvul/tools/java-vuln-detection/slicing/output/CPG/c/cwe563_cpg/cwe563-285-cpg-resolved.bin	tc285_flow2	CWE563_Unused_Variable__unused_uninit_variable_long_81a.cpp	43	CWE563_Unused_Variable__unused_uninit_variable_long_81_goodB2G.cpp	27
/home/swlab-jueon/swvul/tools/java-vuln-detection/slicing/output/CPG/c/cwe563_cpg/cwe563-286-cpg-resolved.bin	tc286_flow1	CWE563_Unused_Variable__unused_uninit_variable_long_82a.cpp	29	CWE563_Unused_Variable__unused_uninit_variable_long_82_bad.cpp	28
/home/swlab-jueon/swvul/tools/java-vuln-detection/slicing/output/CPG/c/cwe563_cpg/cwe563-286-cpg-resolved.bin	tc286_flow2	CWE563_Unused_Variable__unused_uninit_variable_long_82a.cpp	44	CWE563_Unused_Variable__unused_uninit_variable_long_82_goodB2G.cpp	27
/home/swlab-jueon/swvul/tools/java-vuln-detection/slicing/output/CPG/c/cwe563_cpg/cwe563-287-cpg-resolved.bin	tc287_flow1	CWE563_Unused_Variable__unused_uninit_variable_long_83_bad.cpp	27	CWE563_Unused_Variable__unused_uninit_variable_long_83_bad.cpp	34
/home/swlab-jueon/swvul/tools/java-vuln-detection/slicing/output/CPG/c/cwe563_cpg/cwe563-287-cpg-resolved.bin	tc287_flow2	CWE563_Unused_Variable__unused_uninit_variable_long_83_goodB2G.cpp	27	CWE563_Unused_Variable__unused_uninit_variable_long_83_goodB2G.cpp	33
/home/swlab-jueon/swvul/tools/java-vuln-detection/slicing/output/CPG/c/cwe563_cpg/cwe563-288-cpg-resolved.bin	tc288_flow1	CWE563_Unused_Variable__unused_uninit_variable_long_84_bad.cpp	27	CWE563_Unused_Variable__unused_uninit_variable_long_84_bad.cpp	34
/home/swlab-jueon/swvul/tools/java-vuln-detection/slicing/output/CPG/c/cwe563_cpg/cwe563-288-cpg-resolved.bin	tc288_flow2	CWE563_Unused_Variable__unused_uninit_variable_long_84_goodB2G.cpp	27	CWE563_Unused_Variable__unused_uninit_variable_long_84_goodB2G.cpp	33
/home/swlab-jueon/swvul/tools/java-vuln-detection/slicing/output/CPG/c/cwe563_cpg/cwe563-289-cpg-resolved.bin	tc289_flow1	CWE563_Unused_Variable__unused_uninit_variable_struct_01.c	27	CWE563_Unused_Variable__unused_uninit_variable_struct_01.c	30
/home/swlab-jueon/swvul/tools/java-vuln-detection/slicing/output/CPG/c/cwe563_cpg/cwe563-289-cpg-resolved.bin	tc289_flow2	CWE563_Unused_Variable__unused_uninit_variable_struct_01.c	42	CWE563_Unused_Variable__unused_uninit_variable_struct_01.c	44
/home/swlab-jueon/swvul/tools/java-vuln-detection/slicing/output/CPG/c/cwe563_cpg/cwe563-290-cpg-resolved.bin	tc290_flow1	CWE563_Unused_Variable__unused_uninit_variable_struct_02.c	27	CWE563_Unused_Variable__unused_uninit_variable_struct_02.c	32
/home/swlab-jueon/swvul/tools/java-vuln-detection/slicing/output/CPG/c/cwe563_cpg/cwe563-290-cpg-resolved.bin	tc290_flow2	CWE563_Unused_Variable__unused_uninit_variable_struct_02.c	45	CWE563_Unused_Variable__unused_uninit_variable_struct_02.c	54
/home/swlab-jueon/swvul/tools/java-vuln-detection/slicing/output/CPG/c/cwe563_cpg/cwe563-290-cpg-resolved.bin	tc290_flow3	CWE563_Unused_Variable__unused_uninit_variable_struct_02.c	65	CWE563_Unused_Variable__unused_uninit_variable_struct_02.c	69
/home/swlab-jueon/swvul/tools/java-vuln-detection/slicing/output/CPG/c/cwe563_cpg/cwe563-291-cpg-resolved.bin	tc291_flow1	CWE563_Unused_Variable__unused_uninit_variable_struct_03.c	27	CWE563_Unused_Variable__unused_uninit_variable_struct_03.c	32
/home/swlab-jueon/swvul/tools/java-vuln-detection/slicing/output/CPG/c/cwe563_cpg/cwe563-291-cpg-resolved.bin	tc291_flow2	CWE563_Unused_Variable__unused_uninit_variable_struct_03.c	45	CWE563_Unused_Variable__unused_uninit_variable_struct_03.c	54
/home/swlab-jueon/swvul/tools/java-vuln-detection/slicing/output/CPG/c/cwe563_cpg/cwe563-291-cpg-resolved.bin	tc291_flow3	CWE563_Unused_Variable__unused_uninit_variable_struct_03.c	65	CWE563_Unused_Variable__unused_uninit_variable_struct_03.c	69
/home/swlab-jueon/swvul/tools/java-vuln-detection/slicing/output/CPG/c/cwe563_cpg/cwe563-292-cpg-resolved.bin	tc292_flow1	CWE563_Unused_Variable__unused_uninit_variable_struct_04.c	33	CWE563_Unused_Variable__unused_uninit_variable_struct_04.c	38
/home/swlab-jueon/swvul/tools/java-vuln-detection/slicing/output/CPG/c/cwe563_cpg/cwe563-292-cpg-resolved.bin	tc292_flow2	CWE563_Unused_Variable__unused_uninit_variable_struct_04.c	51	CWE563_Unused_Variable__unused_uninit_variable_struct_04.c	60
/home/swlab-jueon/swvul/tools/java-vuln-detection/slicing/output/CPG/c/cwe563_cpg/cwe563-292-cpg-resolved.bin	tc292_flow3	CWE563_Unused_Variable__unused_uninit_variable_struct_04.c	71	CWE563_Unused_Variable__unused_uninit_variable_struct_04.c	75
/home/swlab-jueon/swvul/tools/java-vuln-detection/slicing/output/CPG/c/cwe563_cpg/cwe563-293-cpg-resolved.bin	tc293_flow1	CWE563_Unused_Variable__unused_uninit_variable_struct_05.c	33	CWE563_Unused_Variable__unused_uninit_variable_struct_05.c	38
/home/swlab-jueon/swvul/tools/java-vuln-detection/slicing/output/CPG/c/cwe563_cpg/cwe563-293-cpg-resolved.bin	tc293_flow2	CWE563_Unused_Variable__unused_uninit_variable_struct_05.c	51	CWE563_Unused_Variable__unused_uninit_variable_struct_05.c	60
/home/swlab-jueon/swvul/tools/java-vuln-detection/slicing/output/CPG/c/cwe563_cpg/cwe563-293-cpg-resolved.bin	tc293_flow3	CWE563_Unused_Variable__unused_uninit_variable_struct_05.c	71	CWE563_Unused_Variable__unused_uninit_variable_struct_05.c	75
/home/swlab-jueon/swvul/tools/java-vuln-detection/slicing/output/CPG/c/cwe563_cpg/cwe563-294-cpg-resolved.bin	tc294_flow1	CWE563_Unused_Variable__unused_uninit_variable_struct_06.c	32	CWE563_Unused_Variable__unused_uninit_variable_struct_06.c	37
/home/swlab-jueon/swvul/tools/java-vuln-detection/slicing/output/CPG/c/cwe563_cpg/cwe563-294-cpg-resolved.bin	tc294_flow2	CWE563_Unused_Variable__unused_uninit_variable_struct_06.c	50	CWE563_Unused_Variable__unused_uninit_variable_struct_06.c	59
/home/swlab-jueon/swvul/tools/java-vuln-detection/slicing/output/CPG/c/cwe563_cpg/cwe563-294-cpg-resolved.bin	tc294_flow3	CWE563_Unused_Variable__unused_uninit_variable_struct_06.c	70	CWE563_Unused_Variable__unused_uninit_variable_struct_06.c	74
/home/swlab-jueon/swvul/tools/java-vuln-detection/slicing/output/CPG/c/cwe563_cpg/cwe563-295-cpg-resolved.bin	tc295_flow1	CWE563_Unused_Variable__unused_uninit_variable_struct_07.c	32	CWE563_Unused_Variable__unused_uninit_variable_struct_07.c	37
/home/swlab-jueon/swvul/tools/java-vuln-detection/slicing/output/CPG/c/cwe563_cpg/cwe563-295-cpg-resolved.bin	tc295_flow2	CWE563_Unused_Variable__unused_uninit_variable_struct_07.c	50	CWE563_Unused_Variable__unused_uninit_variable_struct_07.c	59
/home/swlab-jueon/swvul/tools/java-vuln-detection/slicing/output/CPG/c/cwe563_cpg/cwe563-295-cpg-resolved.bin	tc295_flow3	CWE563_Unused_Variable__unused_uninit_variable_struct_07.c	70	CWE563_Unused_Variable__unused_uninit_variable_struct_07.c	74
/home/swlab-jueon/swvul/tools/java-vuln-detection/slicing/output/CPG/c/cwe563_cpg/cwe563-296-cpg-resolved.bin	tc296_flow1	CWE563_Unused_Variable__unused_uninit_variable_struct_08.c	40	CWE563_Unused_Variable__unused_uninit_variable_struct_08.c	45
/home/swlab-jueon/swvul/tools/java-vuln-detection/slicing/output/CPG/c/cwe563_cpg/cwe563-296-cpg-resolved.bin	tc296_flow2	CWE563_Unused_Variable__unused_uninit_variable_struct_08.c	58	CWE563_Unused_Variable__unused_uninit_variable_struct_08.c	67
/home/swlab-jueon/swvul/tools/java-vuln-detection/slicing/output/CPG/c/cwe563_cpg/cwe563-296-cpg-resolved.bin	tc296_flow3	CWE563_Unused_Variable__unused_uninit_variable_struct_08.c	78	CWE563_Unused_Variable__unused_uninit_variable_struct_08.c	82
/home/swlab-jueon/swvul/tools/java-vuln-detection/slicing/output/CPG/c/cwe563_cpg/cwe563-297-cpg-resolved.bin	tc297_flow1	CWE563_Unused_Variable__unused_uninit_variable_struct_09.c	27	CWE563_Unused_Variable__unused_uninit_variable_struct_09.c	32
/home/swlab-jueon/swvul/tools/java-vuln-detection/slicing/output/CPG/c/cwe563_cpg/cwe563-297-cpg-resolved.bin	tc297_flow2	CWE563_Unused_Variable__unused_uninit_variable_struct_09.c	45	CWE563_Unused_Variable__unused_uninit_variable_struct_09.c	54
/home/swlab-jueon/swvul/tools/java-vuln-detection/slicing/output/CPG/c/cwe563_cpg/cwe563-297-cpg-resolved.bin	tc297_flow3	CWE563_Unused_Variable__unused_uninit_variable_struct_09.c	65	CWE563_Unused_Variable__unused_uninit_variable_struct_09.c	69
/home/swlab-jueon/swvul/tools/java-vuln-detection/slicing/output/CPG/c/cwe563_cpg/cwe563-298-cpg-resolved.bin	tc298_flow1	CWE563_Unused_Variable__unused_uninit_variable_struct_10.c	27	CWE563_Unused_Variable__unused_uninit_variable_struct_10.c	32
/home/swlab-jueon/swvul/tools/java-vuln-detection/slicing/output/CPG/c/cwe563_cpg/cwe563-298-cpg-resolved.bin	tc298_flow2	CWE563_Unused_Variable__unused_uninit_variable_struct_10.c	45	CWE563_Unused_Variable__unused_uninit_variable_struct_10.c	54
/home/swlab-jueon/swvul/tools/java-vuln-detection/slicing/output/CPG/c/cwe563_cpg/cwe563-298-cpg-resolved.bin	tc298_flow3	CWE563_Unused_Variable__unused_uninit_variable_struct_10.c	65	CWE563_Unused_Variable__unused_uninit_variable_struct_10.c	69
/home/swlab-jueon/swvul/tools/java-vuln-detection/slicing/output/CPG/c/cwe563_cpg/cwe563-299-cpg-resolved.bin	tc299_flow1	CWE563_Unused_Variable__unused_uninit_variable_struct_11.c	27	CWE563_Unused_Variable__unused_uninit_variable_struct_11.c	32
/home/swlab-jueon/swvul/tools/java-vuln-detection/slicing/output/CPG/c/cwe563_cpg/cwe563-299-cpg-resolved.bin	tc299_flow2	CWE563_Unused_Variable__unused_uninit_variable_struct_11.c	45	CWE563_Unused_Variable__unused_uninit_variable_struct_11.c	54
/home/swlab-jueon/swvul/tools/java-vuln-detection/slicing/output/CPG/c/cwe563_cpg/cwe563-299-cpg-resolved.bin	tc299_flow3	CWE563_Unused_Variable__unused_uninit_variable_struct_11.c	65	CWE563_Unused_Variable__unused_uninit_variable_struct_11.c	69
/home/swlab-jueon/swvul/tools/java-vuln-detection/slicing/output/CPG/c/cwe563_cpg/cwe563-300-cpg-resolved.bin	tc300_flow1	CWE563_Unused_Variable__unused_uninit_variable_struct_13.c	27	CWE563_Unused_Variable__unused_uninit_variable_struct_13.c	32
/home/swlab-jueon/swvul/tools/java-vuln-detection/slicing/output/CPG/c/cwe563_cpg/cwe563-300-cpg-resolved.bin	tc300_flow2	CWE563_Unused_Variable__unused_uninit_variable_struct_13.c	45	CWE563_Unused_Variable__unused_uninit_variable_struct_13.c	54
/home/swlab-jueon/swvul/tools/java-vuln-detection/slicing/output/CPG/c/cwe563_cpg/cwe563-300-cpg-resolved.bin	tc300_flow3	CWE563_Unused_Variable__unused_uninit_variable_struct_13.c	65	CWE563_Unused_Variable__unused_uninit_variable_struct_13.c	69
/home/swlab-jueon/swvul/tools/java-vuln-detection/slicing/output/CPG/c/cwe563_cpg/cwe563-301-cpg-resolved.bin	tc301_flow1	CWE563_Unused_Variable__unused_uninit_variable_struct_14.c	27	CWE563_Unused_Variable__unused_uninit_variable_struct_14.c	32
/home/swlab-jueon/swvul/tools/java-vuln-detection/slicing/output/CPG/c/cwe563_cpg/cwe563-301-cpg-resolved.bin	tc301_flow2	CWE563_Unused_Variable__unused_uninit_variable_struct_14.c	45	CWE563_Unused_Variable__unused_uninit_variable_struct_14.c	54
/home/swlab-jueon/swvul/tools/java-vuln-detection/slicing/output/CPG/c/cwe563_cpg/cwe563-301-cpg-resolved.bin	tc301_flow3	CWE563_Unused_Variable__unused_uninit_variable_struct_14.c	65	CWE563_Unused_Variable__unused_uninit_variable_struct_14.c	69
/home/swlab-jueon/swvul/tools/java-vuln-detection/slicing/output/CPG/c/cwe563_cpg/cwe563-302-cpg-resolved.bin	tc302_flow1	CWE563_Unused_Variable__unused_uninit_variable_struct_15.c	27	CWE563_Unused_Variable__unused_uninit_variable_struct_15.c	33
/home/swlab-jueon/swvul/tools/java-vuln-detection/slicing/output/CPG/c/cwe563_cpg/cwe563-302-cpg-resolved.bin	tc302_flow2	CWE563_Unused_Variable__unused_uninit_variable_struct_15.c	51	CWE563_Unused_Variable__unused_uninit_variable_struct_15.c	60
/home/swlab-jueon/swvul/tools/java-vuln-detection/slicing/output/CPG/c/cwe563_cpg/cwe563-302-cpg-resolved.bin	tc302_flow3	CWE563_Unused_Variable__unused_uninit_variable_struct_15.c	72	CWE563_Unused_Variable__unused_uninit_variable_struct_15.c	77
/home/swlab-jueon/swvul/tools/java-vuln-detection/slicing/output/CPG/c/cwe563_cpg/cwe563-303-cpg-resolved.bin	tc303_flow1	CWE563_Unused_Variable__unused_uninit_variable_struct_16.c	27	CWE563_Unused_Variable__unused_uninit_variable_struct_16.c	32
/home/swlab-jueon/swvul/tools/java-vuln-detection/slicing/output/CPG/c/cwe563_cpg/cwe563-303-cpg-resolved.bin	tc303_flow2	CWE563_Unused_Variable__unused_uninit_variable_struct_16.c	46	CWE563_Unused_Variable__unused_uninit_variable_struct_16.c	50
/home/swlab-jueon/swvul/tools/java-vuln-detection/slicing/output/CPG/c/cwe563_cpg/cwe563-304-cpg-resolved.bin	tc304_flow1	CWE563_Unused_Variable__unused_uninit_variable_struct_17.c	28	CWE563_Unused_Variable__unused_uninit_variable_struct_17.c	33
/home/swlab-jueon/swvul/tools/java-vuln-detection/slicing/output/CPG/c/cwe563_cpg/cwe563-304-cpg-resolved.bin	tc304_flow2	CWE563_Unused_Variable__unused_uninit_variable_struct_17.c	47	CWE563_Unused_Variable__unused_uninit_variable_struct_17.c	51
/home/swlab-jueon/swvul/tools/java-vuln-detection/slicing/output/CPG/c/cwe563_cpg/cwe563-305-cpg-resolved.bin	tc305_flow1	CWE563_Unused_Variable__unused_uninit_variable_struct_18.c	27	CWE563_Unused_Variable__unused_uninit_variable_struct_18.c	32
/home/swlab-jueon/swvul/tools/java-vuln-detection/slicing/output/CPG/c/cwe563_cpg/cwe563-305-cpg-resolved.bin	tc305_flow2	CWE563_Unused_Variable__unused_uninit_variable_struct_18.c	44	CWE563_Unused_Variable__unused_uninit_variable_struct_18.c	48
/home/swlab-jueon/swvul/tools/java-vuln-detection/slicing/output/CPG/c/cwe563_cpg/cwe563-306-cpg-resolved.bin	tc306_flow1	CWE563_Unused_Variable__unused_uninit_variable_struct_21.c	40	CWE563_Unused_Variable__unused_uninit_variable_struct_21.c	32
/home/swlab-jueon/swvul/tools/java-vuln-detection/slicing/output/CPG/c/cwe563_cpg/cwe563-306-cpg-resolved.bin	tc306_flow2	CWE563_Unused_Variable__unused_uninit_variable_struct_21.c	74	CWE563_Unused_Variable__unused_uninit_variable_struct_21.c	64
/home/swlab-jueon/swvul/tools/java-vuln-detection/slicing/output/CPG/c/cwe563_cpg/cwe563-306-cpg-resolved.bin	tc306_flow3	CWE563_Unused_Variable__unused_uninit_variable_struct_21.c	95	CWE563_Unused_Variable__unused_uninit_variable_struct_21.c	85
/home/swlab-jueon/swvul/tools/java-vuln-detection/slicing/output/CPG/c/cwe563_cpg/cwe563-307-cpg-resolved.bin	tc307_flow1	CWE563_Unused_Variable__unused_uninit_variable_struct_22a.c	32	CWE563_Unused_Variable__unused_uninit_variable_struct_22b.c	32
/home/swlab-jueon/swvul/tools/java-vuln-detection/slicing/output/CPG/c/cwe563_cpg/cwe563-307-cpg-resolved.bin	tc307_flow2	CWE563_Unused_Variable__unused_uninit_variable_struct_22a.c	52	CWE563_Unused_Variable__unused_uninit_variable_struct_22b.c	55
/home/swlab-jueon/swvul/tools/java-vuln-detection/slicing/output/CPG/c/cwe563_cpg/cwe563-307-cpg-resolved.bin	tc307_flow3	CWE563_Unused_Variable__unused_uninit_variable_struct_22a.c	64	CWE563_Unused_Variable__unused_uninit_variable_struct_22b.c	67
/home/swlab-jueon/swvul/tools/java-vuln-detection/slicing/output/CPG/c/cwe563_cpg/cwe563-308-cpg-resolved.bin	tc308_flow1	CWE563_Unused_Variable__unused_uninit_variable_struct_33.cpp	31	CWE563_Unused_Variable__unused_uninit_variable_struct_33.cpp	36
/home/swlab-jueon/swvul/tools/java-vuln-detection/slicing/output/CPG/c/cwe563_cpg/cwe563-308-cpg-resolved.bin	tc308_flow2	CWE563_Unused_Variable__unused_uninit_variable_struct_33.cpp	50	CWE563_Unused_Variable__unused_uninit_variable_struct_33.cpp	54
/home/swlab-jueon/swvul/tools/java-vuln-detection/slicing/output/CPG/c/cwe563_cpg/cwe563-309-cpg-resolved.bin	tc309_flow1	CWE563_Unused_Variable__unused_uninit_variable_struct_43.cpp	29	CWE563_Unused_Variable__unused_uninit_variable_struct_43.cpp	38
/home/swlab-jueon/swvul/tools/java-vuln-detection/slicing/output/CPG/c/cwe563_cpg/cwe563-309-cpg-resolved.bin	tc309_flow2	CWE563_Unused_Variable__unused_uninit_variable_struct_43.cpp	49	CWE563_Unused_Variable__unused_uninit_variable_struct_43.cpp	57
/home/swlab-jueon/swvul/tools/java-vuln-detection/slicing/output/CPG/c/cwe563_cpg/cwe563-310-cpg-resolved.bin	tc310_flow1	CWE563_Unused_Variable__unused_uninit_variable_struct_72a.cpp	37	CWE563_Unused_Variable__unused_uninit_variable_struct_72b.cpp	35
/home/swlab-jueon/swvul/tools/java-vuln-detection/slicing/output/CPG/c/cwe563_cpg/cwe563-310-cpg-resolved.bin	tc310_flow2	CWE563_Unused_Variable__unused_uninit_variable_struct_72a.cpp	57	CWE563_Unused_Variable__unused_uninit_variable_struct_72b.cpp	47
/home/swlab-jueon/swvul/tools/java-vuln-detection/slicing/output/CPG/c/cwe563_cpg/cwe563-311-cpg-resolved.bin	tc311_flow1	CWE563_Unused_Variable__unused_uninit_variable_struct_73a.cpp	37	CWE563_Unused_Variable__unused_uninit_variable_struct_73b.cpp	35
/home/swlab-jueon/swvul/tools/java-vuln-detection/slicing/output/CPG/c/cwe563_cpg/cwe563-311-cpg-resolved.bin	tc311_flow2	CWE563_Unused_Variable__unused_uninit_variable_struct_73a.cpp	57	CWE563_Unused_Variable__unused_uninit_variable_struct_73b.cpp	47
/home/swlab-jueon/swvul/tools/java-vuln-detection/slicing/output/CPG/c/cwe563_cpg/cwe563-312-cpg-resolved.bin	tc312_flow1	CWE563_Unused_Variable__unused_uninit_variable_struct_74a.cpp	37	CWE563_Unused_Variable__unused_uninit_variable_struct_74b.cpp	35
/home/swlab-jueon/swvul/tools/java-vuln-detection/slicing/output/CPG/c/cwe563_cpg/cwe563-312-cpg-resolved.bin	tc312_flow2	CWE563_Unused_Variable__unused_uninit_variable_struct_74a.cpp	57	CWE563_Unused_Variable__unused_uninit_variable_struct_74b.cpp	47
/home/swlab-jueon/swvul/tools/java-vuln-detection/slicing/output/CPG/c/cwe563_cpg/cwe563-313-cpg-resolved.bin	tc313_flow1	CWE563_Unused_Variable__unused_uninit_variable_struct_81a.cpp	29	CWE563_Unused_Variable__unused_uninit_variable_struct_81_bad.cpp	28
/home/swlab-jueon/swvul/tools/java-vuln-detection/slicing/output/CPG/c/cwe563_cpg/cwe563-313-cpg-resolved.bin	tc313_flow2	CWE563_Unused_Variable__unused_uninit_variable_struct_81a.cpp	43	CWE563_Unused_Variable__unused_uninit_variable_struct_81_goodB2G.cpp	27
/home/swlab-jueon/swvul/tools/java-vuln-detection/slicing/output/CPG/c/cwe563_cpg/cwe563-314-cpg-resolved.bin	tc314_flow1	CWE563_Unused_Variable__unused_uninit_variable_struct_82a.cpp	29	CWE563_Unused_Variable__unused_uninit_variable_struct_82_bad.cpp	28
/home/swlab-jueon/swvul/tools/java-vuln-detection/slicing/output/CPG/c/cwe563_cpg/cwe563-314-cpg-resolved.bin	tc314_flow2	CWE563_Unused_Variable__unused_uninit_variable_struct_82a.cpp	44	CWE563_Unused_Variable__unused_uninit_variable_struct_82_goodB2G.cpp	27
/home/swlab-jueon/swvul/tools/java-vuln-detection/slicing/output/CPG/c/cwe563_cpg/cwe563-315-cpg-resolved.bin	tc315_flow1	CWE563_Unused_Variable__unused_uninit_variable_struct_83_bad.cpp	27	CWE563_Unused_Variable__unused_uninit_variable_struct_83_bad.cpp	34
/home/swlab-jueon/swvul/tools/java-vuln-detection/slicing/output/CPG/c/cwe563_cpg/cwe563-315-cpg-resolved.bin	tc315_flow2	CWE563_Unused_Variable__unused_uninit_variable_struct_83_goodB2G.cpp	27	CWE563_Unused_Variable__unused_uninit_variable_struct_83_goodB2G.cpp	33
/home/swlab-jueon/swvul/tools/java-vuln-detection/slicing/output/CPG/c/cwe563_cpg/cwe563-316-cpg-resolved.bin	tc316_flow1	CWE563_Unused_Variable__unused_uninit_variable_struct_84_bad.cpp	27	CWE563_Unused_Variable__unused_uninit_variable_struct_84_bad.cpp	34
/home/swlab-jueon/swvul/tools/java-vuln-detection/slicing/output/CPG/c/cwe563_cpg/cwe563-316-cpg-resolved.bin	tc316_flow2	CWE563_Unused_Variable__unused_uninit_variable_struct_84_goodB2G.cpp	27	CWE563_Unused_Variable__unused_uninit_variable_struct_84_goodB2G.cpp	33
/home/swlab-jueon/swvul/tools/java-vuln-detection/slicing/output/CPG/c/cwe563_cpg/cwe563-317-cpg-resolved.bin	tc317_flow1	CWE563_Unused_Variable__unused_uninit_variable_wchar_t_01.c	27	CWE563_Unused_Variable__unused_uninit_variable_wchar_t_01.c	30
/home/swlab-jueon/swvul/tools/java-vuln-detection/slicing/output/CPG/c/cwe563_cpg/cwe563-317-cpg-resolved.bin	tc317_flow2	CWE563_Unused_Variable__unused_uninit_variable_wchar_t_01.c	42	CWE563_Unused_Variable__unused_uninit_variable_wchar_t_01.c	44
/home/swlab-jueon/swvul/tools/java-vuln-detection/slicing/output/CPG/c/cwe563_cpg/cwe563-318-cpg-resolved.bin	tc318_flow1	CWE563_Unused_Variable__unused_uninit_variable_wchar_t_02.c	27	CWE563_Unused_Variable__unused_uninit_variable_wchar_t_02.c	32
/home/swlab-jueon/swvul/tools/java-vuln-detection/slicing/output/CPG/c/cwe563_cpg/cwe563-318-cpg-resolved.bin	tc318_flow2	CWE563_Unused_Variable__unused_uninit_variable_wchar_t_02.c	45	CWE563_Unused_Variable__unused_uninit_variable_wchar_t_02.c	54
/home/swlab-jueon/swvul/tools/java-vuln-detection/slicing/output/CPG/c/cwe563_cpg/cwe563-318-cpg-resolved.bin	tc318_flow3	CWE563_Unused_Variable__unused_uninit_variable_wchar_t_02.c	64	CWE563_Unused_Variable__unused_uninit_variable_wchar_t_02.c	68
/home/swlab-jueon/swvul/tools/java-vuln-detection/slicing/output/CPG/c/cwe563_cpg/cwe563-319-cpg-resolved.bin	tc319_flow1	CWE563_Unused_Variable__unused_uninit_variable_wchar_t_03.c	27	CWE563_Unused_Variable__unused_uninit_variable_wchar_t_03.c	32
/home/swlab-jueon/swvul/tools/java-vuln-detection/slicing/output/CPG/c/cwe563_cpg/cwe563-319-cpg-resolved.bin	tc319_flow2	CWE563_Unused_Variable__unused_uninit_variable_wchar_t_03.c	45	CWE563_Unused_Variable__unused_uninit_variable_wchar_t_03.c	54
/home/swlab-jueon/swvul/tools/java-vuln-detection/slicing/output/CPG/c/cwe563_cpg/cwe563-319-cpg-resolved.bin	tc319_flow3	CWE563_Unused_Variable__unused_uninit_variable_wchar_t_03.c	64	CWE563_Unused_Variable__unused_uninit_variable_wchar_t_03.c	68
/home/swlab-jueon/swvul/tools/java-vuln-detection/slicing/output/CPG/c/cwe563_cpg/cwe563-320-cpg-resolved.bin	tc320_flow1	CWE563_Unused_Variable__unused_uninit_variable_wchar_t_04.c	33	CWE563_Unused_Variable__unused_uninit_variable_wchar_t_04.c	38
/home/swlab-jueon/swvul/tools/java-vuln-detection/slicing/output/CPG/c/cwe563_cpg/cwe563-320-cpg-resolved.bin	tc320_flow2	CWE563_Unused_Variable__unused_uninit_variable_wchar_t_04.c	51	CWE563_Unused_Variable__unused_uninit_variable_wchar_t_04.c	60
/home/swlab-jueon/swvul/tools/java-vuln-detection/slicing/output/CPG/c/cwe563_cpg/cwe563-320-cpg-resolved.bin	tc320_flow3	CWE563_Unused_Variable__unused_uninit_variable_wchar_t_04.c	70	CWE563_Unused_Variable__unused_uninit_variable_wchar_t_04.c	74
/home/swlab-jueon/swvul/tools/java-vuln-detection/slicing/output/CPG/c/cwe563_cpg/cwe563-321-cpg-resolved.bin	tc321_flow1	CWE563_Unused_Variable__unused_uninit_variable_wchar_t_05.c	33	CWE563_Unused_Variable__unused_uninit_variable_wchar_t_05.c	38
/home/swlab-jueon/swvul/tools/java-vuln-detection/slicing/output/CPG/c/cwe563_cpg/cwe563-321-cpg-resolved.bin	tc321_flow2	CWE563_Unused_Variable__unused_uninit_variable_wchar_t_05.c	51	CWE563_Unused_Variable__unused_uninit_variable_wchar_t_05.c	60
/home/swlab-jueon/swvul/tools/java-vuln-detection/slicing/output/CPG/c/cwe563_cpg/cwe563-321-cpg-resolved.bin	tc321_flow3	CWE563_Unused_Variable__unused_uninit_variable_wchar_t_05.c	70	CWE563_Unused_Variable__unused_uninit_variable_wchar_t_05.c	74
/home/swlab-jueon/swvul/tools/java-vuln-detection/slicing/output/CPG/c/cwe563_cpg/cwe563-322-cpg-resolved.bin	tc322_flow1	CWE563_Unused_Variable__unused_uninit_variable_wchar_t_06.c	32	CWE563_Unused_Variable__unused_uninit_variable_wchar_t_06.c	37
/home/swlab-jueon/swvul/tools/java-vuln-detection/slicing/output/CPG/c/cwe563_cpg/cwe563-322-cpg-resolved.bin	tc322_flow2	CWE563_Unused_Variable__unused_uninit_variable_wchar_t_06.c	50	CWE563_Unused_Variable__unused_uninit_variable_wchar_t_06.c	59
/home/swlab-jueon/swvul/tools/java-vuln-detection/slicing/output/CPG/c/cwe563_cpg/cwe563-322-cpg-resolved.bin	tc322_flow3	CWE563_Unused_Variable__unused_uninit_variable_wchar_t_06.c	69	CWE563_Unused_Variable__unused_uninit_variable_wchar_t_06.c	73
/home/swlab-jueon/swvul/tools/java-vuln-detection/slicing/output/CPG/c/cwe563_cpg/cwe563-323-cpg-resolved.bin	tc323_flow1	CWE563_Unused_Variable__unused_uninit_variable_wchar_t_07.c	32	CWE563_Unused_Variable__unused_uninit_variable_wchar_t_07.c	37
/home/swlab-jueon/swvul/tools/java-vuln-detection/slicing/output/CPG/c/cwe563_cpg/cwe563-323-cpg-resolved.bin	tc323_flow2	CWE563_Unused_Variable__unused_uninit_variable_wchar_t_07.c	50	CWE563_Unused_Variable__unused_uninit_variable_wchar_t_07.c	59
/home/swlab-jueon/swvul/tools/java-vuln-detection/slicing/output/CPG/c/cwe563_cpg/cwe563-323-cpg-resolved.bin	tc323_flow3	CWE563_Unused_Variable__unused_uninit_variable_wchar_t_07.c	69	CWE563_Unused_Variable__unused_uninit_variable_wchar_t_07.c	73
/home/swlab-jueon/swvul/tools/java-vuln-detection/slicing/output/CPG/c/cwe563_cpg/cwe563-324-cpg-resolved.bin	tc324_flow1	CWE563_Unused_Variable__unused_uninit_variable_wchar_t_08.c	40	CWE563_Unused_Variable__unused_uninit_variable_wchar_t_08.c	45
/home/swlab-jueon/swvul/tools/java-vuln-detection/slicing/output/CPG/c/cwe563_cpg/cwe563-324-cpg-resolved.bin	tc324_flow2	CWE563_Unused_Variable__unused_uninit_variable_wchar_t_08.c	58	CWE563_Unused_Variable__unused_uninit_variable_wchar_t_08.c	67
/home/swlab-jueon/swvul/tools/java-vuln-detection/slicing/output/CPG/c/cwe563_cpg/cwe563-324-cpg-resolved.bin	tc324_flow3	CWE563_Unused_Variable__unused_uninit_variable_wchar_t_08.c	77	CWE563_Unused_Variable__unused_uninit_variable_wchar_t_08.c	81
/home/swlab-jueon/swvul/tools/java-vuln-detection/slicing/output/CPG/c/cwe563_cpg/cwe563-325-cpg-resolved.bin	tc325_flow1	CWE563_Unused_Variable__unused_uninit_variable_wchar_t_09.c	27	CWE563_Unused_Variable__unused_uninit_variable_wchar_t_09.c	32
/home/swlab-jueon/swvul/tools/java-vuln-detection/slicing/output/CPG/c/cwe563_cpg/cwe563-325-cpg-resolved.bin	tc325_flow2	CWE563_Unused_Variable__unused_uninit_variable_wchar_t_09.c	45	CWE563_Unused_Variable__unused_uninit_variable_wchar_t_09.c	54
/home/swlab-jueon/swvul/tools/java-vuln-detection/slicing/output/CPG/c/cwe563_cpg/cwe563-325-cpg-resolved.bin	tc325_flow3	CWE563_Unused_Variable__unused_uninit_variable_wchar_t_09.c	64	CWE563_Unused_Variable__unused_uninit_variable_wchar_t_09.c	68
/home/swlab-jueon/swvul/tools/java-vuln-detection/slicing/output/CPG/c/cwe563_cpg/cwe563-326-cpg-resolved.bin	tc326_flow1	CWE563_Unused_Variable__unused_uninit_variable_wchar_t_10.c	27	CWE563_Unused_Variable__unused_uninit_variable_wchar_t_10.c	32
/home/swlab-jueon/swvul/tools/java-vuln-detection/slicing/output/CPG/c/cwe563_cpg/cwe563-326-cpg-resolved.bin	tc326_flow2	CWE563_Unused_Variable__unused_uninit_variable_wchar_t_10.c	45	CWE563_Unused_Variable__unused_uninit_variable_wchar_t_10.c	54
/home/swlab-jueon/swvul/tools/java-vuln-detection/slicing/output/CPG/c/cwe563_cpg/cwe563-326-cpg-resolved.bin	tc326_flow3	CWE563_Unused_Variable__unused_uninit_variable_wchar_t_10.c	64	CWE563_Unused_Variable__unused_uninit_variable_wchar_t_10.c	68
/home/swlab-jueon/swvul/tools/java-vuln-detection/slicing/output/CPG/c/cwe563_cpg/cwe563-327-cpg-resolved.bin	tc327_flow1	CWE563_Unused_Variable__unused_uninit_variable_wchar_t_11.c	27	CWE563_Unused_Variable__unused_uninit_variable_wchar_t_11.c	32
/home/swlab-jueon/swvul/tools/java-vuln-detection/slicing/output/CPG/c/cwe563_cpg/cwe563-327-cpg-resolved.bin	tc327_flow2	CWE563_Unused_Variable__unused_uninit_variable_wchar_t_11.c	45	CWE563_Unused_Variable__unused_uninit_variable_wchar_t_11.c	54
/home/swlab-jueon/swvul/tools/java-vuln-detection/slicing/output/CPG/c/cwe563_cpg/cwe563-327-cpg-resolved.bin	tc327_flow3	CWE563_Unused_Variable__unused_uninit_variable_wchar_t_11.c	64	CWE563_Unused_Variable__unused_uninit_variable_wchar_t_11.c	68
/home/swlab-jueon/swvul/tools/java-vuln-detection/slicing/output/CPG/c/cwe563_cpg/cwe563-328-cpg-resolved.bin	tc328_flow1	CWE563_Unused_Variable__unused_uninit_variable_wchar_t_13.c	27	CWE563_Unused_Variable__unused_uninit_variable_wchar_t_13.c	32
/home/swlab-jueon/swvul/tools/java-vuln-detection/slicing/output/CPG/c/cwe563_cpg/cwe563-328-cpg-resolved.bin	tc328_flow2	CWE563_Unused_Variable__unused_uninit_variable_wchar_t_13.c	45	CWE563_Unused_Variable__unused_uninit_variable_wchar_t_13.c	54
/home/swlab-jueon/swvul/tools/java-vuln-detection/slicing/output/CPG/c/cwe563_cpg/cwe563-328-cpg-resolved.bin	tc328_flow3	CWE563_Unused_Variable__unused_uninit_variable_wchar_t_13.c	64	CWE563_Unused_Variable__unused_uninit_variable_wchar_t_13.c	68
/home/swlab-jueon/swvul/tools/java-vuln-detection/slicing/output/CPG/c/cwe563_cpg/cwe563-329-cpg-resolved.bin	tc329_flow1	CWE563_Unused_Variable__unused_uninit_variable_wchar_t_14.c	27	CWE563_Unused_Variable__unused_uninit_variable_wchar_t_14.c	32
/home/swlab-jueon/swvul/tools/java-vuln-detection/slicing/output/CPG/c/cwe563_cpg/cwe563-329-cpg-resolved.bin	tc329_flow2	CWE563_Unused_Variable__unused_uninit_variable_wchar_t_14.c	45	CWE563_Unused_Variable__unused_uninit_variable_wchar_t_14.c	54
/home/swlab-jueon/swvul/tools/java-vuln-detection/slicing/output/CPG/c/cwe563_cpg/cwe563-329-cpg-resolved.bin	tc329_flow3	CWE563_Unused_Variable__unused_uninit_variable_wchar_t_14.c	64	CWE563_Unused_Variable__unused_uninit_variable_wchar_t_14.c	68
/home/swlab-jueon/swvul/tools/java-vuln-detection/slicing/output/CPG/c/cwe563_cpg/cwe563-330-cpg-resolved.bin	tc330_flow1	CWE563_Unused_Variable__unused_uninit_variable_wchar_t_15.c	27	CWE563_Unused_Variable__unused_uninit_variable_wchar_t_15.c	33
/home/swlab-jueon/swvul/tools/java-vuln-detection/slicing/output/CPG/c/cwe563_cpg/cwe563-330-cpg-resolved.bin	tc330_flow2	CWE563_Unused_Variable__unused_uninit_variable_wchar_t_15.c	51	CWE563_Unused_Variable__unused_uninit_variable_wchar_t_15.c	60
/home/swlab-jueon/swvul/tools/java-vuln-detection/slicing/output/CPG/c/cwe563_cpg/cwe563-330-cpg-resolved.bin	tc330_flow3	CWE563_Unused_Variable__unused_uninit_variable_wchar_t_15.c	71	CWE563_Unused_Variable__unused_uninit_variable_wchar_t_15.c	76
/home/swlab-jueon/swvul/tools/java-vuln-detection/slicing/output/CPG/c/cwe563_cpg/cwe563-331-cpg-resolved.bin	tc331_flow1	CWE563_Unused_Variable__unused_uninit_variable_wchar_t_16.c	27	CWE563_Unused_Variable__unused_uninit_variable_wchar_t_16.c	32
/home/swlab-jueon/swvul/tools/java-vuln-detection/slicing/output/CPG/c/cwe563_cpg/cwe563-331-cpg-resolved.bin	tc331_flow2	CWE563_Unused_Variable__unused_uninit_variable_wchar_t_16.c	46	CWE563_Unused_Variable__unused_uninit_variable_wchar_t_16.c	50
/home/swlab-jueon/swvul/tools/java-vuln-detection/slicing/output/CPG/c/cwe563_cpg/cwe563-332-cpg-resolved.bin	tc332_flow1	CWE563_Unused_Variable__unused_uninit_variable_wchar_t_17.c	28	CWE563_Unused_Variable__unused_uninit_variable_wchar_t_17.c	33
/home/swlab-jueon/swvul/tools/java-vuln-detection/slicing/output/CPG/c/cwe563_cpg/cwe563-332-cpg-resolved.bin	tc332_flow2	CWE563_Unused_Variable__unused_uninit_variable_wchar_t_17.c	47	CWE563_Unused_Variable__unused_uninit_variable_wchar_t_17.c	51
/home/swlab-jueon/swvul/tools/java-vuln-detection/slicing/output/CPG/c/cwe563_cpg/cwe563-333-cpg-resolved.bin	tc333_flow1	CWE563_Unused_Variable__unused_uninit_variable_wchar_t_18.c	27	CWE563_Unused_Variable__unused_uninit_variable_wchar_t_18.c	32
/home/swlab-jueon/swvul/tools/java-vuln-detection/slicing/output/CPG/c/cwe563_cpg/cwe563-333-cpg-resolved.bin	tc333_flow2	CWE563_Unused_Variable__unused_uninit_variable_wchar_t_18.c	44	CWE563_Unused_Variable__unused_uninit_variable_wchar_t_18.c	48
/home/swlab-jueon/swvul/tools/java-vuln-detection/slicing/output/CPG/c/cwe563_cpg/cwe563-334-cpg-resolved.bin	tc334_flow1	CWE563_Unused_Variable__unused_uninit_variable_wchar_t_21.c	40	CWE563_Unused_Variable__unused_uninit_variable_wchar_t_21.c	32
/home/swlab-jueon/swvul/tools/java-vuln-detection/slicing/output/CPG/c/cwe563_cpg/cwe563-334-cpg-resolved.bin	tc334_flow2	CWE563_Unused_Variable__unused_uninit_variable_wchar_t_21.c	73	CWE563_Unused_Variable__unused_uninit_variable_wchar_t_21.c	64
/home/swlab-jueon/swvul/tools/java-vuln-detection/slicing/output/CPG/c/cwe563_cpg/cwe563-334-cpg-resolved.bin	tc334_flow3	CWE563_Unused_Variable__unused_uninit_variable_wchar_t_21.c	93	CWE563_Unused_Variable__unused_uninit_variable_wchar_t_21.c	84
/home/swlab-jueon/swvul/tools/java-vuln-detection/slicing/output/CPG/c/cwe563_cpg/cwe563-335-cpg-resolved.bin	tc335_flow1	CWE563_Unused_Variable__unused_uninit_variable_wchar_t_22a.c	32	CWE563_Unused_Variable__unused_uninit_variable_wchar_t_22b.c	32
/home/swlab-jueon/swvul/tools/java-vuln-detection/slicing/output/CPG/c/cwe563_cpg/cwe563-335-cpg-resolved.bin	tc335_flow2	CWE563_Unused_Variable__unused_uninit_variable_wchar_t_22a.c	52	CWE563_Unused_Variable__unused_uninit_variable_wchar_t_22b.c	55
/home/swlab-jueon/swvul/tools/java-vuln-detection/slicing/output/CPG/c/cwe563_cpg/cwe563-335-cpg-resolved.bin	tc335_flow3	CWE563_Unused_Variable__unused_uninit_variable_wchar_t_22a.c	64	CWE563_Unused_Variable__unused_uninit_variable_wchar_t_22b.c	66
/home/swlab-jueon/swvul/tools/java-vuln-detection/slicing/output/CPG/c/cwe563_cpg/cwe563-336-cpg-resolved.bin	tc336_flow1	CWE563_Unused_Variable__unused_uninit_variable_wchar_t_33.cpp	31	CWE563_Unused_Variable__unused_uninit_variable_wchar_t_33.cpp	36
/home/swlab-jueon/swvul/tools/java-vuln-detection/slicing/output/CPG/c/cwe563_cpg/cwe563-336-cpg-resolved.bin	tc336_flow2	CWE563_Unused_Variable__unused_uninit_variable_wchar_t_33.cpp	50	CWE563_Unused_Variable__unused_uninit_variable_wchar_t_33.cpp	54
/home/swlab-jueon/swvul/tools/java-vuln-detection/slicing/output/CPG/c/cwe563_cpg/cwe563-337-cpg-resolved.bin	tc337_flow1	CWE563_Unused_Variable__unused_uninit_variable_wchar_t_43.cpp	29	CWE563_Unused_Variable__unused_uninit_variable_wchar_t_43.cpp	38
/home/swlab-jueon/swvul/tools/java-vuln-detection/slicing/output/CPG/c/cwe563_cpg/cwe563-337-cpg-resolved.bin	tc337_flow2	CWE563_Unused_Variable__unused_uninit_variable_wchar_t_43.cpp	49	CWE563_Unused_Variable__unused_uninit_variable_wchar_t_43.cpp	57
/home/swlab-jueon/swvul/tools/java-vuln-detection/slicing/output/CPG/c/cwe563_cpg/cwe563-338-cpg-resolved.bin	tc338_flow1	CWE563_Unused_Variable__unused_uninit_variable_wchar_t_72a.cpp	37	CWE563_Unused_Variable__unused_uninit_variable_wchar_t_72b.cpp	35
/home/swlab-jueon/swvul/tools/java-vuln-detection/slicing/output/CPG/c/cwe563_cpg/cwe563-338-cpg-resolved.bin	tc338_flow2	CWE563_Unused_Variable__unused_uninit_variable_wchar_t_72a.cpp	57	CWE563_Unused_Variable__unused_uninit_variable_wchar_t_72b.cpp	47
/home/swlab-jueon/swvul/tools/java-vuln-detection/slicing/output/CPG/c/cwe563_cpg/cwe563-339-cpg-resolved.bin	tc339_flow1	CWE563_Unused_Variable__unused_uninit_variable_wchar_t_73a.cpp	37	CWE563_Unused_Variable__unused_uninit_variable_wchar_t_73b.cpp	35
/home/swlab-jueon/swvul/tools/java-vuln-detection/slicing/output/CPG/c/cwe563_cpg/cwe563-339-cpg-resolved.bin	tc339_flow2	CWE563_Unused_Variable__unused_uninit_variable_wchar_t_73a.cpp	57	CWE563_Unused_Variable__unused_uninit_variable_wchar_t_73b.cpp	47
/home/swlab-jueon/swvul/tools/java-vuln-detection/slicing/output/CPG/c/cwe563_cpg/cwe563-340-cpg-resolved.bin	tc340_flow1	CWE563_Unused_Variable__unused_uninit_variable_wchar_t_74a.cpp	37	CWE563_Unused_Variable__unused_uninit_variable_wchar_t_74b.cpp	35
/home/swlab-jueon/swvul/tools/java-vuln-detection/slicing/output/CPG/c/cwe563_cpg/cwe563-340-cpg-resolved.bin	tc340_flow2	CWE563_Unused_Variable__unused_uninit_variable_wchar_t_74a.cpp	57	CWE563_Unused_Variable__unused_uninit_variable_wchar_t_74b.cpp	47
/home/swlab-jueon/swvul/tools/java-vuln-detection/slicing/output/CPG/c/cwe563_cpg/cwe563-341-cpg-resolved.bin	tc341_flow1	CWE563_Unused_Variable__unused_uninit_variable_wchar_t_81a.cpp	29	CWE563_Unused_Variable__unused_uninit_variable_wchar_t_81_bad.cpp	28
/home/swlab-jueon/swvul/tools/java-vuln-detection/slicing/output/CPG/c/cwe563_cpg/cwe563-341-cpg-resolved.bin	tc341_flow2	CWE563_Unused_Variable__unused_uninit_variable_wchar_t_81a.cpp	43	CWE563_Unused_Variable__unused_uninit_variable_wchar_t_81_goodB2G.cpp	27
/home/swlab-jueon/swvul/tools/java-vuln-detection/slicing/output/CPG/c/cwe563_cpg/cwe563-342-cpg-resolved.bin	tc342_flow1	CWE563_Unused_Variable__unused_uninit_variable_wchar_t_82a.cpp	29	CWE563_Unused_Variable__unused_uninit_variable_wchar_t_82_bad.cpp	28
/home/swlab-jueon/swvul/tools/java-vuln-detection/slicing/output/CPG/c/cwe563_cpg/cwe563-342-cpg-resolved.bin	tc342_flow2	CWE563_Unused_Variable__unused_uninit_variable_wchar_t_82a.cpp	44	CWE563_Unused_Variable__unused_uninit_variable_wchar_t_82_goodB2G.cpp	27
/home/swlab-jueon/swvul/tools/java-vuln-detection/slicing/output/CPG/c/cwe563_cpg/cwe563-343-cpg-resolved.bin	tc343_flow1	CWE563_Unused_Variable__unused_uninit_variable_wchar_t_83_bad.cpp	27	CWE563_Unused_Variable__unused_uninit_variable_wchar_t_83_bad.cpp	34
/home/swlab-jueon/swvul/tools/java-vuln-detection/slicing/output/CPG/c/cwe563_cpg/cwe563-343-cpg-resolved.bin	tc343_flow2	CWE563_Unused_Variable__unused_uninit_variable_wchar_t_83_goodB2G.cpp	27	CWE563_Unused_Variable__unused_uninit_variable_wchar_t_83_goodB2G.cpp	33
/home/swlab-jueon/swvul/tools/java-vuln-detection/slicing/output/CPG/c/cwe563_cpg/cwe563-344-cpg-resolved.bin	tc344_flow1	CWE563_Unused_Variable__unused_uninit_variable_wchar_t_84_bad.cpp	27	CWE563_Unused_Variable__unused_uninit_variable_wchar_t_84_bad.cpp	34
/home/swlab-jueon/swvul/tools/java-vuln-detection/slicing/output/CPG/c/cwe563_cpg/cwe563-344-cpg-resolved.bin	tc344_flow2	CWE563_Unused_Variable__unused_uninit_variable_wchar_t_84_goodB2G.cpp	27	CWE563_Unused_Variable__unused_uninit_variable_wchar_t_84_goodB2G.cpp	33
/home/swlab-jueon/swvul/tools/java-vuln-detection/slicing/output/CPG/c/cwe563_cpg/cwe563-345-cpg-resolved.bin	tc345_flow1	CWE563_Unused_Variable__unused_value_char_01.c	28	CWE563_Unused_Variable__unused_value_char_01.c	30
/home/swlab-jueon/swvul/tools/java-vuln-detection/slicing/output/CPG/c/cwe563_cpg/cwe563-345-cpg-resolved.bin	tc345_flow2	CWE563_Unused_Variable__unused_value_char_01.c	55	CWE563_Unused_Variable__unused_value_char_01.c	57
/home/swlab-jueon/swvul/tools/java-vuln-detection/slicing/output/CPG/c/cwe563_cpg/cwe563-345-cpg-resolved.bin	tc345_flow3	CWE563_Unused_Variable__unused_value_char_01.c	43	CWE563_Unused_Variable__unused_value_char_01.c	46
/home/swlab-jueon/swvul/tools/java-vuln-detection/slicing/output/CPG/c/cwe563_cpg/cwe563-346-cpg-resolved.bin	tc346_flow1	CWE563_Unused_Variable__unused_value_char_02.c	30	CWE563_Unused_Variable__unused_value_char_02.c	35
/home/swlab-jueon/swvul/tools/java-vuln-detection/slicing/output/CPG/c/cwe563_cpg/cwe563-346-cpg-resolved.bin	tc346_flow2	CWE563_Unused_Variable__unused_value_char_02.c	51	CWE563_Unused_Variable__unused_value_char_02.c	61
/home/swlab-jueon/swvul/tools/java-vuln-detection/slicing/output/CPG/c/cwe563_cpg/cwe563-346-cpg-resolved.bin	tc346_flow3	CWE563_Unused_Variable__unused_value_char_02.c	72	CWE563_Unused_Variable__unused_value_char_02.c	77
/home/swlab-jueon/swvul/tools/java-vuln-detection/slicing/output/CPG/c/cwe563_cpg/cwe563-346-cpg-resolved.bin	tc346_flow4	CWE563_Unused_Variable__unused_value_char_02.c	93	CWE563_Unused_Variable__unused_value_char_02.c	99
/home/swlab-jueon/swvul/tools/java-vuln-detection/slicing/output/CPG/c/cwe563_cpg/cwe563-346-cpg-resolved.bin	tc346_flow5	CWE563_Unused_Variable__unused_value_char_02.c	111	CWE563_Unused_Variable__unused_value_char_02.c	117
/home/swlab-jueon/swvul/tools/java-vuln-detection/slicing/output/CPG/c/cwe563_cpg/cwe563-347-cpg-resolved.bin	tc347_flow1	CWE563_Unused_Variable__unused_value_char_03.c	30	CWE563_Unused_Variable__unused_value_char_03.c	35
/home/swlab-jueon/swvul/tools/java-vuln-detection/slicing/output/CPG/c/cwe563_cpg/cwe563-347-cpg-resolved.bin	tc347_flow2	CWE563_Unused_Variable__unused_value_char_03.c	51	CWE563_Unused_Variable__unused_value_char_03.c	61
/home/swlab-jueon/swvul/tools/java-vuln-detection/slicing/output/CPG/c/cwe563_cpg/cwe563-347-cpg-resolved.bin	tc347_flow3	CWE563_Unused_Variable__unused_value_char_03.c	72	CWE563_Unused_Variable__unused_value_char_03.c	77
/home/swlab-jueon/swvul/tools/java-vuln-detection/slicing/output/CPG/c/cwe563_cpg/cwe563-347-cpg-resolved.bin	tc347_flow4	CWE563_Unused_Variable__unused_value_char_03.c	93	CWE563_Unused_Variable__unused_value_char_03.c	99
/home/swlab-jueon/swvul/tools/java-vuln-detection/slicing/output/CPG/c/cwe563_cpg/cwe563-347-cpg-resolved.bin	tc347_flow5	CWE563_Unused_Variable__unused_value_char_03.c	111	CWE563_Unused_Variable__unused_value_char_03.c	117
/home/swlab-jueon/swvul/tools/java-vuln-detection/slicing/output/CPG/c/cwe563_cpg/cwe563-348-cpg-resolved.bin	tc348_flow1	CWE563_Unused_Variable__unused_value_char_04.c	36	CWE563_Unused_Variable__unused_value_char_04.c	41
/home/swlab-jueon/swvul/tools/java-vuln-detection/slicing/output/CPG/c/cwe563_cpg/cwe563-348-cpg-resolved.bin	tc348_flow2	CWE563_Unused_Variable__unused_value_char_04.c	57	CWE563_Unused_Variable__unused_value_char_04.c	67
/home/swlab-jueon/swvul/tools/java-vuln-detection/slicing/output/CPG/c/cwe563_cpg/cwe563-348-cpg-resolved.bin	tc348_flow3	CWE563_Unused_Variable__unused_value_char_04.c	78	CWE563_Unused_Variable__unused_value_char_04.c	83
/home/swlab-jueon/swvul/tools/java-vuln-detection/slicing/output/CPG/c/cwe563_cpg/cwe563-348-cpg-resolved.bin	tc348_flow4	CWE563_Unused_Variable__unused_value_char_04.c	99	CWE563_Unused_Variable__unused_value_char_04.c	105
/home/swlab-jueon/swvul/tools/java-vuln-detection/slicing/output/CPG/c/cwe563_cpg/cwe563-348-cpg-resolved.bin	tc348_flow5	CWE563_Unused_Variable__unused_value_char_04.c	117	CWE563_Unused_Variable__unused_value_char_04.c	123
/home/swlab-jueon/swvul/tools/java-vuln-detection/slicing/output/CPG/c/cwe563_cpg/cwe563-349-cpg-resolved.bin	tc349_flow1	CWE563_Unused_Variable__unused_value_char_05.c	36	CWE563_Unused_Variable__unused_value_char_05.c	41
/home/swlab-jueon/swvul/tools/java-vuln-detection/slicing/output/CPG/c/cwe563_cpg/cwe563-349-cpg-resolved.bin	tc349_flow2	CWE563_Unused_Variable__unused_value_char_05.c	57	CWE563_Unused_Variable__unused_value_char_05.c	67
/home/swlab-jueon/swvul/tools/java-vuln-detection/slicing/output/CPG/c/cwe563_cpg/cwe563-349-cpg-resolved.bin	tc349_flow3	CWE563_Unused_Variable__unused_value_char_05.c	78	CWE563_Unused_Variable__unused_value_char_05.c	83
/home/swlab-jueon/swvul/tools/java-vuln-detection/slicing/output/CPG/c/cwe563_cpg/cwe563-349-cpg-resolved.bin	tc349_flow4	CWE563_Unused_Variable__unused_value_char_05.c	99	CWE563_Unused_Variable__unused_value_char_05.c	105
/home/swlab-jueon/swvul/tools/java-vuln-detection/slicing/output/CPG/c/cwe563_cpg/cwe563-349-cpg-resolved.bin	tc349_flow5	CWE563_Unused_Variable__unused_value_char_05.c	117	CWE563_Unused_Variable__unused_value_char_05.c	123
/home/swlab-jueon/swvul/tools/java-vuln-detection/slicing/output/CPG/c/cwe563_cpg/cwe563-350-cpg-resolved.bin	tc350_flow1	CWE563_Unused_Variable__unused_value_char_06.c	35	CWE563_Unused_Variable__unused_value_char_06.c	40
/home/swlab-jueon/swvul/tools/java-vuln-detection/slicing/output/CPG/c/cwe563_cpg/cwe563-350-cpg-resolved.bin	tc350_flow2	CWE563_Unused_Variable__unused_value_char_06.c	56	CWE563_Unused_Variable__unused_value_char_06.c	66
/home/swlab-jueon/swvul/tools/java-vuln-detection/slicing/output/CPG/c/cwe563_cpg/cwe563-350-cpg-resolved.bin	tc350_flow3	CWE563_Unused_Variable__unused_value_char_06.c	77	CWE563_Unused_Variable__unused_value_char_06.c	82
/home/swlab-jueon/swvul/tools/java-vuln-detection/slicing/output/CPG/c/cwe563_cpg/cwe563-350-cpg-resolved.bin	tc350_flow4	CWE563_Unused_Variable__unused_value_char_06.c	98	CWE563_Unused_Variable__unused_value_char_06.c	104
/home/swlab-jueon/swvul/tools/java-vuln-detection/slicing/output/CPG/c/cwe563_cpg/cwe563-350-cpg-resolved.bin	tc350_flow5	CWE563_Unused_Variable__unused_value_char_06.c	116	CWE563_Unused_Variable__unused_value_char_06.c	122
/home/swlab-jueon/swvul/tools/java-vuln-detection/slicing/output/CPG/c/cwe563_cpg/cwe563-351-cpg-resolved.bin	tc351_flow1	CWE563_Unused_Variable__unused_value_char_07.c	35	CWE563_Unused_Variable__unused_value_char_07.c	40
/home/swlab-jueon/swvul/tools/java-vuln-detection/slicing/output/CPG/c/cwe563_cpg/cwe563-351-cpg-resolved.bin	tc351_flow2	CWE563_Unused_Variable__unused_value_char_07.c	56	CWE563_Unused_Variable__unused_value_char_07.c	66
/home/swlab-jueon/swvul/tools/java-vuln-detection/slicing/output/CPG/c/cwe563_cpg/cwe563-351-cpg-resolved.bin	tc351_flow3	CWE563_Unused_Variable__unused_value_char_07.c	77	CWE563_Unused_Variable__unused_value_char_07.c	82
/home/swlab-jueon/swvul/tools/java-vuln-detection/slicing/output/CPG/c/cwe563_cpg/cwe563-351-cpg-resolved.bin	tc351_flow4	CWE563_Unused_Variable__unused_value_char_07.c	98	CWE563_Unused_Variable__unused_value_char_07.c	104
/home/swlab-jueon/swvul/tools/java-vuln-detection/slicing/output/CPG/c/cwe563_cpg/cwe563-351-cpg-resolved.bin	tc351_flow5	CWE563_Unused_Variable__unused_value_char_07.c	116	CWE563_Unused_Variable__unused_value_char_07.c	122
/home/swlab-jueon/swvul/tools/java-vuln-detection/slicing/output/CPG/c/cwe563_cpg/cwe563-352-cpg-resolved.bin	tc352_flow1	CWE563_Unused_Variable__unused_value_char_08.c	43	CWE563_Unused_Variable__unused_value_char_08.c	48
/home/swlab-jueon/swvul/tools/java-vuln-detection/slicing/output/CPG/c/cwe563_cpg/cwe563-352-cpg-resolved.bin	tc352_flow2	CWE563_Unused_Variable__unused_value_char_08.c	64	CWE563_Unused_Variable__unused_value_char_08.c	74
/home/swlab-jueon/swvul/tools/java-vuln-detection/slicing/output/CPG/c/cwe563_cpg/cwe563-352-cpg-resolved.bin	tc352_flow3	CWE563_Unused_Variable__unused_value_char_08.c	85	CWE563_Unused_Variable__unused_value_char_08.c	90
/home/swlab-jueon/swvul/tools/java-vuln-detection/slicing/output/CPG/c/cwe563_cpg/cwe563-352-cpg-resolved.bin	tc352_flow4	CWE563_Unused_Variable__unused_value_char_08.c	106	CWE563_Unused_Variable__unused_value_char_08.c	112
/home/swlab-jueon/swvul/tools/java-vuln-detection/slicing/output/CPG/c/cwe563_cpg/cwe563-352-cpg-resolved.bin	tc352_flow5	CWE563_Unused_Variable__unused_value_char_08.c	124	CWE563_Unused_Variable__unused_value_char_08.c	130
/home/swlab-jueon/swvul/tools/java-vuln-detection/slicing/output/CPG/c/cwe563_cpg/cwe563-353-cpg-resolved.bin	tc353_flow1	CWE563_Unused_Variable__unused_value_char_09.c	30	CWE563_Unused_Variable__unused_value_char_09.c	35
/home/swlab-jueon/swvul/tools/java-vuln-detection/slicing/output/CPG/c/cwe563_cpg/cwe563-353-cpg-resolved.bin	tc353_flow2	CWE563_Unused_Variable__unused_value_char_09.c	51	CWE563_Unused_Variable__unused_value_char_09.c	61
/home/swlab-jueon/swvul/tools/java-vuln-detection/slicing/output/CPG/c/cwe563_cpg/cwe563-353-cpg-resolved.bin	tc353_flow3	CWE563_Unused_Variable__unused_value_char_09.c	72	CWE563_Unused_Variable__unused_value_char_09.c	77
/home/swlab-jueon/swvul/tools/java-vuln-detection/slicing/output/CPG/c/cwe563_cpg/cwe563-353-cpg-resolved.bin	tc353_flow4	CWE563_Unused_Variable__unused_value_char_09.c	93	CWE563_Unused_Variable__unused_value_char_09.c	99
/home/swlab-jueon/swvul/tools/java-vuln-detection/slicing/output/CPG/c/cwe563_cpg/cwe563-353-cpg-resolved.bin	tc353_flow5	CWE563_Unused_Variable__unused_value_char_09.c	111	CWE563_Unused_Variable__unused_value_char_09.c	117
/home/swlab-jueon/swvul/tools/java-vuln-detection/slicing/output/CPG/c/cwe563_cpg/cwe563-354-cpg-resolved.bin	tc354_flow1	CWE563_Unused_Variable__unused_value_char_10.c	30	CWE563_Unused_Variable__unused_value_char_10.c	35
/home/swlab-jueon/swvul/tools/java-vuln-detection/slicing/output/CPG/c/cwe563_cpg/cwe563-354-cpg-resolved.bin	tc354_flow2	CWE563_Unused_Variable__unused_value_char_10.c	51	CWE563_Unused_Variable__unused_value_char_10.c	61
/home/swlab-jueon/swvul/tools/java-vuln-detection/slicing/output/CPG/c/cwe563_cpg/cwe563-354-cpg-resolved.bin	tc354_flow3	CWE563_Unused_Variable__unused_value_char_10.c	72	CWE563_Unused_Variable__unused_value_char_10.c	77
/home/swlab-jueon/swvul/tools/java-vuln-detection/slicing/output/CPG/c/cwe563_cpg/cwe563-354-cpg-resolved.bin	tc354_flow4	CWE563_Unused_Variable__unused_value_char_10.c	93	CWE563_Unused_Variable__unused_value_char_10.c	99
/home/swlab-jueon/swvul/tools/java-vuln-detection/slicing/output/CPG/c/cwe563_cpg/cwe563-354-cpg-resolved.bin	tc354_flow5	CWE563_Unused_Variable__unused_value_char_10.c	111	CWE563_Unused_Variable__unused_value_char_10.c	117
/home/swlab-jueon/swvul/tools/java-vuln-detection/slicing/output/CPG/c/cwe563_cpg/cwe563-355-cpg-resolved.bin	tc355_flow1	CWE563_Unused_Variable__unused_value_char_11.c	30	CWE563_Unused_Variable__unused_value_char_11.c	35
/home/swlab-jueon/swvul/tools/java-vuln-detection/slicing/output/CPG/c/cwe563_cpg/cwe563-355-cpg-resolved.bin	tc355_flow2	CWE563_Unused_Variable__unused_value_char_11.c	51	CWE563_Unused_Variable__unused_value_char_11.c	61
/home/swlab-jueon/swvul/tools/java-vuln-detection/slicing/output/CPG/c/cwe563_cpg/cwe563-355-cpg-resolved.bin	tc355_flow3	CWE563_Unused_Variable__unused_value_char_11.c	72	CWE563_Unused_Variable__unused_value_char_11.c	77
/home/swlab-jueon/swvul/tools/java-vuln-detection/slicing/output/CPG/c/cwe563_cpg/cwe563-355-cpg-resolved.bin	tc355_flow4	CWE563_Unused_Variable__unused_value_char_11.c	93	CWE563_Unused_Variable__unused_value_char_11.c	99
/home/swlab-jueon/swvul/tools/java-vuln-detection/slicing/output/CPG/c/cwe563_cpg/cwe563-355-cpg-resolved.bin	tc355_flow5	CWE563_Unused_Variable__unused_value_char_11.c	111	CWE563_Unused_Variable__unused_value_char_11.c	117
/home/swlab-jueon/swvul/tools/java-vuln-detection/slicing/output/CPG/c/cwe563_cpg/cwe563-356-cpg-resolved.bin	tc356_flow1	CWE563_Unused_Variable__unused_value_char_13.c	30	CWE563_Unused_Variable__unused_value_char_13.c	35
/home/swlab-jueon/swvul/tools/java-vuln-detection/slicing/output/CPG/c/cwe563_cpg/cwe563-356-cpg-resolved.bin	tc356_flow2	CWE563_Unused_Variable__unused_value_char_13.c	51	CWE563_Unused_Variable__unused_value_char_13.c	61
/home/swlab-jueon/swvul/tools/java-vuln-detection/slicing/output/CPG/c/cwe563_cpg/cwe563-356-cpg-resolved.bin	tc356_flow3	CWE563_Unused_Variable__unused_value_char_13.c	72	CWE563_Unused_Variable__unused_value_char_13.c	77
/home/swlab-jueon/swvul/tools/java-vuln-detection/slicing/output/CPG/c/cwe563_cpg/cwe563-356-cpg-resolved.bin	tc356_flow4	CWE563_Unused_Variable__unused_value_char_13.c	93	CWE563_Unused_Variable__unused_value_char_13.c	99
/home/swlab-jueon/swvul/tools/java-vuln-detection/slicing/output/CPG/c/cwe563_cpg/cwe563-356-cpg-resolved.bin	tc356_flow5	CWE563_Unused_Variable__unused_value_char_13.c	111	CWE563_Unused_Variable__unused_value_char_13.c	117
/home/swlab-jueon/swvul/tools/java-vuln-detection/slicing/output/CPG/c/cwe563_cpg/cwe563-357-cpg-resolved.bin	tc357_flow1	CWE563_Unused_Variable__unused_value_char_14.c	30	CWE563_Unused_Variable__unused_value_char_14.c	35
/home/swlab-jueon/swvul/tools/java-vuln-detection/slicing/output/CPG/c/cwe563_cpg/cwe563-357-cpg-resolved.bin	tc357_flow2	CWE563_Unused_Variable__unused_value_char_14.c	51	CWE563_Unused_Variable__unused_value_char_14.c	61
/home/swlab-jueon/swvul/tools/java-vuln-detection/slicing/output/CPG/c/cwe563_cpg/cwe563-357-cpg-resolved.bin	tc357_flow3	CWE563_Unused_Variable__unused_value_char_14.c	72	CWE563_Unused_Variable__unused_value_char_14.c	77
/home/swlab-jueon/swvul/tools/java-vuln-detection/slicing/output/CPG/c/cwe563_cpg/cwe563-357-cpg-resolved.bin	tc357_flow4	CWE563_Unused_Variable__unused_value_char_14.c	93	CWE563_Unused_Variable__unused_value_char_14.c	99
/home/swlab-jueon/swvul/tools/java-vuln-detection/slicing/output/CPG/c/cwe563_cpg/cwe563-357-cpg-resolved.bin	tc357_flow5	CWE563_Unused_Variable__unused_value_char_14.c	111	CWE563_Unused_Variable__unused_value_char_14.c	117
/home/swlab-jueon/swvul/tools/java-vuln-detection/slicing/output/CPG/c/cwe563_cpg/cwe563-358-cpg-resolved.bin	tc358_flow1	CWE563_Unused_Variable__unused_value_char_15.c	31	CWE563_Unused_Variable__unused_value_char_15.c	42
/home/swlab-jueon/swvul/tools/java-vuln-detection/slicing/output/CPG/c/cwe563_cpg/cwe563-358-cpg-resolved.bin	tc358_flow2	CWE563_Unused_Variable__unused_value_char_15.c	64	CWE563_Unused_Variable__unused_value_char_15.c	79
/home/swlab-jueon/swvul/tools/java-vuln-detection/slicing/output/CPG/c/cwe563_cpg/cwe563-358-cpg-resolved.bin	tc358_flow3	CWE563_Unused_Variable__unused_value_char_15.c	92	CWE563_Unused_Variable__unused_value_char_15.c	103
/home/swlab-jueon/swvul/tools/java-vuln-detection/slicing/output/CPG/c/cwe563_cpg/cwe563-358-cpg-resolved.bin	tc358_flow4	CWE563_Unused_Variable__unused_value_char_15.c	124	CWE563_Unused_Variable__unused_value_char_15.c	132
/home/swlab-jueon/swvul/tools/java-vuln-detection/slicing/output/CPG/c/cwe563_cpg/cwe563-358-cpg-resolved.bin	tc358_flow5	CWE563_Unused_Variable__unused_value_char_15.c	150	CWE563_Unused_Variable__unused_value_char_15.c	162
/home/swlab-jueon/swvul/tools/java-vuln-detection/slicing/output/CPG/c/cwe563_cpg/cwe563-359-cpg-resolved.bin	tc359_flow1	CWE563_Unused_Variable__unused_value_char_16.c	30	CWE563_Unused_Variable__unused_value_char_16.c	36
/home/swlab-jueon/swvul/tools/java-vuln-detection/slicing/output/CPG/c/cwe563_cpg/cwe563-359-cpg-resolved.bin	tc359_flow2	CWE563_Unused_Variable__unused_value_char_16.c	53	CWE563_Unused_Variable__unused_value_char_16.c	59
/home/swlab-jueon/swvul/tools/java-vuln-detection/slicing/output/CPG/c/cwe563_cpg/cwe563-359-cpg-resolved.bin	tc359_flow3	CWE563_Unused_Variable__unused_value_char_16.c	71	CWE563_Unused_Variable__unused_value_char_16.c	78
/home/swlab-jueon/swvul/tools/java-vuln-detection/slicing/output/CPG/c/cwe563_cpg/cwe563-360-cpg-resolved.bin	tc360_flow1	CWE563_Unused_Variable__unused_value_char_17.c	31	CWE563_Unused_Variable__unused_value_char_17.c	36
/home/swlab-jueon/swvul/tools/java-vuln-detection/slicing/output/CPG/c/cwe563_cpg/cwe563-360-cpg-resolved.bin	tc360_flow2	CWE563_Unused_Variable__unused_value_char_17.c	53	CWE563_Unused_Variable__unused_value_char_17.c	58
/home/swlab-jueon/swvul/tools/java-vuln-detection/slicing/output/CPG/c/cwe563_cpg/cwe563-360-cpg-resolved.bin	tc360_flow3	CWE563_Unused_Variable__unused_value_char_17.c	70	CWE563_Unused_Variable__unused_value_char_17.c	76
/home/swlab-jueon/swvul/tools/java-vuln-detection/slicing/output/CPG/c/cwe563_cpg/cwe563-361-cpg-resolved.bin	tc361_flow1	CWE563_Unused_Variable__unused_value_char_18.c	30	CWE563_Unused_Variable__unused_value_char_18.c	34
/home/swlab-jueon/swvul/tools/java-vuln-detection/slicing/output/CPG/c/cwe563_cpg/cwe563-361-cpg-resolved.bin	tc361_flow2	CWE563_Unused_Variable__unused_value_char_18.c	49	CWE563_Unused_Variable__unused_value_char_18.c	53
/home/swlab-jueon/swvul/tools/java-vuln-detection/slicing/output/CPG/c/cwe563_cpg/cwe563-361-cpg-resolved.bin	tc361_flow3	CWE563_Unused_Variable__unused_value_char_18.c	63	CWE563_Unused_Variable__unused_value_char_18.c	68
/home/swlab-jueon/swvul/tools/java-vuln-detection/slicing/output/CPG/c/cwe563_cpg/cwe563-362-cpg-resolved.bin	tc362_flow1	CWE563_Unused_Variable__unused_value_char_21.c	41	CWE563_Unused_Variable__unused_value_char_21.c	32
/home/swlab-jueon/swvul/tools/java-vuln-detection/slicing/output/CPG/c/cwe563_cpg/cwe563-362-cpg-resolved.bin	tc362_flow2	CWE563_Unused_Variable__unused_value_char_21.c	74	CWE563_Unused_Variable__unused_value_char_21.c	66
/home/swlab-jueon/swvul/tools/java-vuln-detection/slicing/output/CPG/c/cwe563_cpg/cwe563-362-cpg-resolved.bin	tc362_flow3	CWE563_Unused_Variable__unused_value_char_21.c	93	CWE563_Unused_Variable__unused_value_char_21.c	85
/home/swlab-jueon/swvul/tools/java-vuln-detection/slicing/output/CPG/c/cwe563_cpg/cwe563-362-cpg-resolved.bin	tc362_flow4	CWE563_Unused_Variable__unused_value_char_21.c	113	CWE563_Unused_Variable__unused_value_char_21.c	104
/home/swlab-jueon/swvul/tools/java-vuln-detection/slicing/output/CPG/c/cwe563_cpg/cwe563-363-cpg-resolved.bin	tc363_flow1	CWE563_Unused_Variable__unused_value_char_22a.c	33	CWE563_Unused_Variable__unused_value_char_22b.c	32
/home/swlab-jueon/swvul/tools/java-vuln-detection/slicing/output/CPG/c/cwe563_cpg/cwe563-363-cpg-resolved.bin	tc363_flow2	CWE563_Unused_Variable__unused_value_char_22a.c	54	CWE563_Unused_Variable__unused_value_char_22b.c	57
/home/swlab-jueon/swvul/tools/java-vuln-detection/slicing/output/CPG/c/cwe563_cpg/cwe563-363-cpg-resolved.bin	tc363_flow3	CWE563_Unused_Variable__unused_value_char_22a.c	66	CWE563_Unused_Variable__unused_value_char_22b.c	67
/home/swlab-jueon/swvul/tools/java-vuln-detection/slicing/output/CPG/c/cwe563_cpg/cwe563-363-cpg-resolved.bin	tc363_flow4	CWE563_Unused_Variable__unused_value_char_22a.c	78	CWE563_Unused_Variable__unused_value_char_22b.c	77
/home/swlab-jueon/swvul/tools/java-vuln-detection/slicing/output/CPG/c/cwe563_cpg/cwe563-364-cpg-resolved.bin	tc364_flow1	CWE563_Unused_Variable__unused_value_char_33.cpp	32	CWE563_Unused_Variable__unused_value_char_33.cpp	36
/home/swlab-jueon/swvul/tools/java-vuln-detection/slicing/output/CPG/c/cwe563_cpg/cwe563-364-cpg-resolved.bin	tc364_flow2	CWE563_Unused_Variable__unused_value_char_33.cpp	67	CWE563_Unused_Variable__unused_value_char_33.cpp	71
/home/swlab-jueon/swvul/tools/java-vuln-detection/slicing/output/CPG/c/cwe563_cpg/cwe563-364-cpg-resolved.bin	tc364_flow3	CWE563_Unused_Variable__unused_value_char_33.cpp	51	CWE563_Unused_Variable__unused_value_char_33.cpp	56
/home/swlab-jueon/swvul/tools/java-vuln-detection/slicing/output/CPG/c/cwe563_cpg/cwe563-365-cpg-resolved.bin	tc365_flow1	CWE563_Unused_Variable__unused_value_char_43.cpp	30	CWE563_Unused_Variable__unused_value_char_43.cpp	38
/home/swlab-jueon/swvul/tools/java-vuln-detection/slicing/output/CPG/c/cwe563_cpg/cwe563-365-cpg-resolved.bin	tc365_flow2	CWE563_Unused_Variable__unused_value_char_43.cpp	67	CWE563_Unused_Variable__unused_value_char_43.cpp	75
/home/swlab-jueon/swvul/tools/java-vuln-detection/slicing/output/CPG/c/cwe563_cpg/cwe563-365-cpg-resolved.bin	tc365_flow3	CWE563_Unused_Variable__unused_value_char_43.cpp	50	CWE563_Unused_Variable__unused_value_char_43.cpp	59
/home/swlab-jueon/swvul/tools/java-vuln-detection/slicing/output/CPG/c/cwe563_cpg/cwe563-366-cpg-resolved.bin	tc366_flow1	CWE563_Unused_Variable__unused_value_char_72a.cpp	38	CWE563_Unused_Variable__unused_value_char_72b.cpp	35
/home/swlab-jueon/swvul/tools/java-vuln-detection/slicing/output/CPG/c/cwe563_cpg/cwe563-366-cpg-resolved.bin	tc366_flow2	CWE563_Unused_Variable__unused_value_char_72a.cpp	75	CWE563_Unused_Variable__unused_value_char_72b.cpp	57
/home/swlab-jueon/swvul/tools/java-vuln-detection/slicing/output/CPG/c/cwe563_cpg/cwe563-366-cpg-resolved.bin	tc366_flow3	CWE563_Unused_Variable__unused_value_char_72a.cpp	58	CWE563_Unused_Variable__unused_value_char_72b.cpp	48
/home/swlab-jueon/swvul/tools/java-vuln-detection/slicing/output/CPG/c/cwe563_cpg/cwe563-367-cpg-resolved.bin	tc367_flow1	CWE563_Unused_Variable__unused_value_char_73a.cpp	38	CWE563_Unused_Variable__unused_value_char_73b.cpp	35
/home/swlab-jueon/swvul/tools/java-vuln-detection/slicing/output/CPG/c/cwe563_cpg/cwe563-367-cpg-resolved.bin	tc367_flow2	CWE563_Unused_Variable__unused_value_char_73a.cpp	75	CWE563_Unused_Variable__unused_value_char_73b.cpp	57
/home/swlab-jueon/swvul/tools/java-vuln-detection/slicing/output/CPG/c/cwe563_cpg/cwe563-367-cpg-resolved.bin	tc367_flow3	CWE563_Unused_Variable__unused_value_char_73a.cpp	58	CWE563_Unused_Variable__unused_value_char_73b.cpp	48
/home/swlab-jueon/swvul/tools/java-vuln-detection/slicing/output/CPG/c/cwe563_cpg/cwe563-368-cpg-resolved.bin	tc368_flow1	CWE563_Unused_Variable__unused_value_char_74a.cpp	38	CWE563_Unused_Variable__unused_value_char_74b.cpp	35
/home/swlab-jueon/swvul/tools/java-vuln-detection/slicing/output/CPG/c/cwe563_cpg/cwe563-368-cpg-resolved.bin	tc368_flow2	CWE563_Unused_Variable__unused_value_char_74a.cpp	75	CWE563_Unused_Variable__unused_value_char_74b.cpp	57
/home/swlab-jueon/swvul/tools/java-vuln-detection/slicing/output/CPG/c/cwe563_cpg/cwe563-368-cpg-resolved.bin	tc368_flow3	CWE563_Unused_Variable__unused_value_char_74a.cpp	58	CWE563_Unused_Variable__unused_value_char_74b.cpp	48
/home/swlab-jueon/swvul/tools/java-vuln-detection/slicing/output/CPG/c/cwe563_cpg/cwe563-369-cpg-resolved.bin	tc369_flow1	CWE563_Unused_Variable__unused_value_char_81a.cpp	30	CWE563_Unused_Variable__unused_value_char_81_bad.cpp	28
/home/swlab-jueon/swvul/tools/java-vuln-detection/slicing/output/CPG/c/cwe563_cpg/cwe563-369-cpg-resolved.bin	tc369_flow2	CWE563_Unused_Variable__unused_value_char_81a.cpp	55	CWE563_Unused_Variable__unused_value_char_81_goodB2G.cpp	28
/home/swlab-jueon/swvul/tools/java-vuln-detection/slicing/output/CPG/c/cwe563_cpg/cwe563-369-cpg-resolved.bin	tc369_flow3	CWE563_Unused_Variable__unused_value_char_81a.cpp	44	CWE563_Unused_Variable__unused_value_char_81_goodG2B.cpp	28
/home/swlab-jueon/swvul/tools/java-vuln-detection/slicing/output/CPG/c/cwe563_cpg/cwe563-370-cpg-resolved.bin	tc370_flow1	CWE563_Unused_Variable__unused_value_char_82a.cpp	30	CWE563_Unused_Variable__unused_value_char_82_bad.cpp	28
/home/swlab-jueon/swvul/tools/java-vuln-detection/slicing/output/CPG/c/cwe563_cpg/cwe563-370-cpg-resolved.bin	tc370_flow2	CWE563_Unused_Variable__unused_value_char_82a.cpp	57	CWE563_Unused_Variable__unused_value_char_82_goodB2G.cpp	28
/home/swlab-jueon/swvul/tools/java-vuln-detection/slicing/output/CPG/c/cwe563_cpg/cwe563-370-cpg-resolved.bin	tc370_flow3	CWE563_Unused_Variable__unused_value_char_82a.cpp	45	CWE563_Unused_Variable__unused_value_char_82_goodG2B.cpp	28
/home/swlab-jueon/swvul/tools/java-vuln-detection/slicing/output/CPG/c/cwe563_cpg/cwe563-371-cpg-resolved.bin	tc371_flow1	CWE563_Unused_Variable__unused_value_char_83_bad.cpp	28	CWE563_Unused_Variable__unused_value_char_83_bad.cpp	34
/home/swlab-jueon/swvul/tools/java-vuln-detection/slicing/output/CPG/c/cwe563_cpg/cwe563-371-cpg-resolved.bin	tc371_flow2	CWE563_Unused_Variable__unused_value_char_83_goodB2G.cpp	28	CWE563_Unused_Variable__unused_value_char_83_goodB2G.cpp	34
/home/swlab-jueon/swvul/tools/java-vuln-detection/slicing/output/CPG/c/cwe563_cpg/cwe563-371-cpg-resolved.bin	tc371_flow3	CWE563_Unused_Variable__unused_value_char_83_goodG2B.cpp	28	CWE563_Unused_Variable__unused_value_char_83_goodG2B.cpp	35
/home/swlab-jueon/swvul/tools/java-vuln-detection/slicing/output/CPG/c/cwe563_cpg/cwe563-372-cpg-resolved.bin	tc372_flow1	CWE563_Unused_Variable__unused_value_char_84_bad.cpp	28	CWE563_Unused_Variable__unused_value_char_84_bad.cpp	34
/home/swlab-jueon/swvul/tools/java-vuln-detection/slicing/output/CPG/c/cwe563_cpg/cwe563-372-cpg-resolved.bin	tc372_flow2	CWE563_Unused_Variable__unused_value_char_84_goodB2G.cpp	28	CWE563_Unused_Variable__unused_value_char_84_goodB2G.cpp	34
/home/swlab-jueon/swvul/tools/java-vuln-detection/slicing/output/CPG/c/cwe563_cpg/cwe563-372-cpg-resolved.bin	tc372_flow3	CWE563_Unused_Variable__unused_value_char_84_goodG2B.cpp	28	CWE563_Unused_Variable__unused_value_char_84_goodG2B.cpp	35
/home/swlab-jueon/swvul/tools/java-vuln-detection/slicing/output/CPG/c/cwe563_cpg/cwe563-373-cpg-resolved.bin	tc373_flow1	CWE563_Unused_Variable__unused_value_int_01.c	28	CWE563_Unused_Variable__unused_value_int_01.c	30
/home/swlab-jueon/swvul/tools/java-vuln-detection/slicing/output/CPG/c/cwe563_cpg/cwe563-373-cpg-resolved.bin	tc373_flow2	CWE563_Unused_Variable__unused_value_int_01.c	55	CWE563_Unused_Variable__unused_value_int_01.c	57
/home/swlab-jueon/swvul/tools/java-vuln-detection/slicing/output/CPG/c/cwe563_cpg/cwe563-373-cpg-resolved.bin	tc373_flow3	CWE563_Unused_Variable__unused_value_int_01.c	43	CWE563_Unused_Variable__unused_value_int_01.c	46
/home/swlab-jueon/swvul/tools/java-vuln-detection/slicing/output/CPG/c/cwe563_cpg/cwe563-374-cpg-resolved.bin	tc374_flow1	CWE563_Unused_Variable__unused_value_int_02.c	30	CWE563_Unused_Variable__unused_value_int_02.c	35
/home/swlab-jueon/swvul/tools/java-vuln-detection/slicing/output/CPG/c/cwe563_cpg/cwe563-374-cpg-resolved.bin	tc374_flow2	CWE563_Unused_Variable__unused_value_int_02.c	51	CWE563_Unused_Variable__unused_value_int_02.c	61
/home/swlab-jueon/swvul/tools/java-vuln-detection/slicing/output/CPG/c/cwe563_cpg/cwe563-374-cpg-resolved.bin	tc374_flow3	CWE563_Unused_Variable__unused_value_int_02.c	72	CWE563_Unused_Variable__unused_value_int_02.c	77
/home/swlab-jueon/swvul/tools/java-vuln-detection/slicing/output/CPG/c/cwe563_cpg/cwe563-374-cpg-resolved.bin	tc374_flow4	CWE563_Unused_Variable__unused_value_int_02.c	93	CWE563_Unused_Variable__unused_value_int_02.c	99
/home/swlab-jueon/swvul/tools/java-vuln-detection/slicing/output/CPG/c/cwe563_cpg/cwe563-374-cpg-resolved.bin	tc374_flow5	CWE563_Unused_Variable__unused_value_int_02.c	111	CWE563_Unused_Variable__unused_value_int_02.c	117
/home/swlab-jueon/swvul/tools/java-vuln-detection/slicing/output/CPG/c/cwe563_cpg/cwe563-375-cpg-resolved.bin	tc375_flow1	CWE563_Unused_Variable__unused_value_int_03.c	30	CWE563_Unused_Variable__unused_value_int_03.c	35
/home/swlab-jueon/swvul/tools/java-vuln-detection/slicing/output/CPG/c/cwe563_cpg/cwe563-375-cpg-resolved.bin	tc375_flow2	CWE563_Unused_Variable__unused_value_int_03.c	51	CWE563_Unused_Variable__unused_value_int_03.c	61
/home/swlab-jueon/swvul/tools/java-vuln-detection/slicing/output/CPG/c/cwe563_cpg/cwe563-375-cpg-resolved.bin	tc375_flow3	CWE563_Unused_Variable__unused_value_int_03.c	72	CWE563_Unused_Variable__unused_value_int_03.c	77
/home/swlab-jueon/swvul/tools/java-vuln-detection/slicing/output/CPG/c/cwe563_cpg/cwe563-375-cpg-resolved.bin	tc375_flow4	CWE563_Unused_Variable__unused_value_int_03.c	93	CWE563_Unused_Variable__unused_value_int_03.c	99
/home/swlab-jueon/swvul/tools/java-vuln-detection/slicing/output/CPG/c/cwe563_cpg/cwe563-375-cpg-resolved.bin	tc375_flow5	CWE563_Unused_Variable__unused_value_int_03.c	111	CWE563_Unused_Variable__unused_value_int_03.c	117
/home/swlab-jueon/swvul/tools/java-vuln-detection/slicing/output/CPG/c/cwe563_cpg/cwe563-376-cpg-resolved.bin	tc376_flow1	CWE563_Unused_Variable__unused_value_int_04.c	36	CWE563_Unused_Variable__unused_value_int_04.c	41
/home/swlab-jueon/swvul/tools/java-vuln-detection/slicing/output/CPG/c/cwe563_cpg/cwe563-376-cpg-resolved.bin	tc376_flow2	CWE563_Unused_Variable__unused_value_int_04.c	57	CWE563_Unused_Variable__unused_value_int_04.c	67
/home/swlab-jueon/swvul/tools/java-vuln-detection/slicing/output/CPG/c/cwe563_cpg/cwe563-376-cpg-resolved.bin	tc376_flow3	CWE563_Unused_Variable__unused_value_int_04.c	78	CWE563_Unused_Variable__unused_value_int_04.c	83
/home/swlab-jueon/swvul/tools/java-vuln-detection/slicing/output/CPG/c/cwe563_cpg/cwe563-376-cpg-resolved.bin	tc376_flow4	CWE563_Unused_Variable__unused_value_int_04.c	99	CWE563_Unused_Variable__unused_value_int_04.c	105
/home/swlab-jueon/swvul/tools/java-vuln-detection/slicing/output/CPG/c/cwe563_cpg/cwe563-376-cpg-resolved.bin	tc376_flow5	CWE563_Unused_Variable__unused_value_int_04.c	117	CWE563_Unused_Variable__unused_value_int_04.c	123
/home/swlab-jueon/swvul/tools/java-vuln-detection/slicing/output/CPG/c/cwe563_cpg/cwe563-377-cpg-resolved.bin	tc377_flow1	CWE563_Unused_Variable__unused_value_int_05.c	36	CWE563_Unused_Variable__unused_value_int_05.c	41
/home/swlab-jueon/swvul/tools/java-vuln-detection/slicing/output/CPG/c/cwe563_cpg/cwe563-377-cpg-resolved.bin	tc377_flow2	CWE563_Unused_Variable__unused_value_int_05.c	57	CWE563_Unused_Variable__unused_value_int_05.c	67
/home/swlab-jueon/swvul/tools/java-vuln-detection/slicing/output/CPG/c/cwe563_cpg/cwe563-377-cpg-resolved.bin	tc377_flow3	CWE563_Unused_Variable__unused_value_int_05.c	78	CWE563_Unused_Variable__unused_value_int_05.c	83
/home/swlab-jueon/swvul/tools/java-vuln-detection/slicing/output/CPG/c/cwe563_cpg/cwe563-377-cpg-resolved.bin	tc377_flow4	CWE563_Unused_Variable__unused_value_int_05.c	99	CWE563_Unused_Variable__unused_value_int_05.c	105
/home/swlab-jueon/swvul/tools/java-vuln-detection/slicing/output/CPG/c/cwe563_cpg/cwe563-377-cpg-resolved.bin	tc377_flow5	CWE563_Unused_Variable__unused_value_int_05.c	117	CWE563_Unused_Variable__unused_value_int_05.c	123
/home/swlab-jueon/swvul/tools/java-vuln-detection/slicing/output/CPG/c/cwe563_cpg/cwe563-378-cpg-resolved.bin	tc378_flow1	CWE563_Unused_Variable__unused_value_int_06.c	35	CWE563_Unused_Variable__unused_value_int_06.c	40
/home/swlab-jueon/swvul/tools/java-vuln-detection/slicing/output/CPG/c/cwe563_cpg/cwe563-378-cpg-resolved.bin	tc378_flow2	CWE563_Unused_Variable__unused_value_int_06.c	56	CWE563_Unused_Variable__unused_value_int_06.c	66
/home/swlab-jueon/swvul/tools/java-vuln-detection/slicing/output/CPG/c/cwe563_cpg/cwe563-378-cpg-resolved.bin	tc378_flow3	CWE563_Unused_Variable__unused_value_int_06.c	77	CWE563_Unused_Variable__unused_value_int_06.c	82
/home/swlab-jueon/swvul/tools/java-vuln-detection/slicing/output/CPG/c/cwe563_cpg/cwe563-378-cpg-resolved.bin	tc378_flow4	CWE563_Unused_Variable__unused_value_int_06.c	98	CWE563_Unused_Variable__unused_value_int_06.c	104
/home/swlab-jueon/swvul/tools/java-vuln-detection/slicing/output/CPG/c/cwe563_cpg/cwe563-378-cpg-resolved.bin	tc378_flow5	CWE563_Unused_Variable__unused_value_int_06.c	116	CWE563_Unused_Variable__unused_value_int_06.c	122
/home/swlab-jueon/swvul/tools/java-vuln-detection/slicing/output/CPG/c/cwe563_cpg/cwe563-379-cpg-resolved.bin	tc379_flow1	CWE563_Unused_Variable__unused_value_int_07.c	35	CWE563_Unused_Variable__unused_value_int_07.c	40
/home/swlab-jueon/swvul/tools/java-vuln-detection/slicing/output/CPG/c/cwe563_cpg/cwe563-379-cpg-resolved.bin	tc379_flow2	CWE563_Unused_Variable__unused_value_int_07.c	56	CWE563_Unused_Variable__unused_value_int_07.c	66
/home/swlab-jueon/swvul/tools/java-vuln-detection/slicing/output/CPG/c/cwe563_cpg/cwe563-379-cpg-resolved.bin	tc379_flow3	CWE563_Unused_Variable__unused_value_int_07.c	77	CWE563_Unused_Variable__unused_value_int_07.c	82
/home/swlab-jueon/swvul/tools/java-vuln-detection/slicing/output/CPG/c/cwe563_cpg/cwe563-379-cpg-resolved.bin	tc379_flow4	CWE563_Unused_Variable__unused_value_int_07.c	98	CWE563_Unused_Variable__unused_value_int_07.c	104
/home/swlab-jueon/swvul/tools/java-vuln-detection/slicing/output/CPG/c/cwe563_cpg/cwe563-379-cpg-resolved.bin	tc379_flow5	CWE563_Unused_Variable__unused_value_int_07.c	116	CWE563_Unused_Variable__unused_value_int_07.c	122
/home/swlab-jueon/swvul/tools/java-vuln-detection/slicing/output/CPG/c/cwe563_cpg/cwe563-380-cpg-resolved.bin	tc380_flow1	CWE563_Unused_Variable__unused_value_int_08.c	43	CWE563_Unused_Variable__unused_value_int_08.c	48
/home/swlab-jueon/swvul/tools/java-vuln-detection/slicing/output/CPG/c/cwe563_cpg/cwe563-380-cpg-resolved.bin	tc380_flow2	CWE563_Unused_Variable__unused_value_int_08.c	64	CWE563_Unused_Variable__unused_value_int_08.c	74
/home/swlab-jueon/swvul/tools/java-vuln-detection/slicing/output/CPG/c/cwe563_cpg/cwe563-380-cpg-resolved.bin	tc380_flow3	CWE563_Unused_Variable__unused_value_int_08.c	85	CWE563_Unused_Variable__unused_value_int_08.c	90
/home/swlab-jueon/swvul/tools/java-vuln-detection/slicing/output/CPG/c/cwe563_cpg/cwe563-380-cpg-resolved.bin	tc380_flow4	CWE563_Unused_Variable__unused_value_int_08.c	106	CWE563_Unused_Variable__unused_value_int_08.c	112
/home/swlab-jueon/swvul/tools/java-vuln-detection/slicing/output/CPG/c/cwe563_cpg/cwe563-380-cpg-resolved.bin	tc380_flow5	CWE563_Unused_Variable__unused_value_int_08.c	124	CWE563_Unused_Variable__unused_value_int_08.c	130
/home/swlab-jueon/swvul/tools/java-vuln-detection/slicing/output/CPG/c/cwe563_cpg/cwe563-381-cpg-resolved.bin	tc381_flow1	CWE563_Unused_Variable__unused_value_int_09.c	30	CWE563_Unused_Variable__unused_value_int_09.c	35
/home/swlab-jueon/swvul/tools/java-vuln-detection/slicing/output/CPG/c/cwe563_cpg/cwe563-381-cpg-resolved.bin	tc381_flow2	CWE563_Unused_Variable__unused_value_int_09.c	51	CWE563_Unused_Variable__unused_value_int_09.c	61
/home/swlab-jueon/swvul/tools/java-vuln-detection/slicing/output/CPG/c/cwe563_cpg/cwe563-381-cpg-resolved.bin	tc381_flow3	CWE563_Unused_Variable__unused_value_int_09.c	72	CWE563_Unused_Variable__unused_value_int_09.c	77
/home/swlab-jueon/swvul/tools/java-vuln-detection/slicing/output/CPG/c/cwe563_cpg/cwe563-381-cpg-resolved.bin	tc381_flow4	CWE563_Unused_Variable__unused_value_int_09.c	93	CWE563_Unused_Variable__unused_value_int_09.c	99
/home/swlab-jueon/swvul/tools/java-vuln-detection/slicing/output/CPG/c/cwe563_cpg/cwe563-381-cpg-resolved.bin	tc381_flow5	CWE563_Unused_Variable__unused_value_int_09.c	111	CWE563_Unused_Variable__unused_value_int_09.c	117
/home/swlab-jueon/swvul/tools/java-vuln-detection/slicing/output/CPG/c/cwe563_cpg/cwe563-382-cpg-resolved.bin	tc382_flow1	CWE563_Unused_Variable__unused_value_int_10.c	30	CWE563_Unused_Variable__unused_value_int_10.c	35
/home/swlab-jueon/swvul/tools/java-vuln-detection/slicing/output/CPG/c/cwe563_cpg/cwe563-382-cpg-resolved.bin	tc382_flow2	CWE563_Unused_Variable__unused_value_int_10.c	51	CWE563_Unused_Variable__unused_value_int_10.c	61
/home/swlab-jueon/swvul/tools/java-vuln-detection/slicing/output/CPG/c/cwe563_cpg/cwe563-382-cpg-resolved.bin	tc382_flow3	CWE563_Unused_Variable__unused_value_int_10.c	72	CWE563_Unused_Variable__unused_value_int_10.c	77
/home/swlab-jueon/swvul/tools/java-vuln-detection/slicing/output/CPG/c/cwe563_cpg/cwe563-382-cpg-resolved.bin	tc382_flow4	CWE563_Unused_Variable__unused_value_int_10.c	93	CWE563_Unused_Variable__unused_value_int_10.c	99
/home/swlab-jueon/swvul/tools/java-vuln-detection/slicing/output/CPG/c/cwe563_cpg/cwe563-382-cpg-resolved.bin	tc382_flow5	CWE563_Unused_Variable__unused_value_int_10.c	111	CWE563_Unused_Variable__unused_value_int_10.c	117
/home/swlab-jueon/swvul/tools/java-vuln-detection/slicing/output/CPG/c/cwe563_cpg/cwe563-383-cpg-resolved.bin	tc383_flow1	CWE563_Unused_Variable__unused_value_int_11.c	30	CWE563_Unused_Variable__unused_value_int_11.c	35
/home/swlab-jueon/swvul/tools/java-vuln-detection/slicing/output/CPG/c/cwe563_cpg/cwe563-383-cpg-resolved.bin	tc383_flow2	CWE563_Unused_Variable__unused_value_int_11.c	51	CWE563_Unused_Variable__unused_value_int_11.c	61
/home/swlab-jueon/swvul/tools/java-vuln-detection/slicing/output/CPG/c/cwe563_cpg/cwe563-383-cpg-resolved.bin	tc383_flow3	CWE563_Unused_Variable__unused_value_int_11.c	72	CWE563_Unused_Variable__unused_value_int_11.c	77
/home/swlab-jueon/swvul/tools/java-vuln-detection/slicing/output/CPG/c/cwe563_cpg/cwe563-383-cpg-resolved.bin	tc383_flow4	CWE563_Unused_Variable__unused_value_int_11.c	93	CWE563_Unused_Variable__unused_value_int_11.c	99
/home/swlab-jueon/swvul/tools/java-vuln-detection/slicing/output/CPG/c/cwe563_cpg/cwe563-383-cpg-resolved.bin	tc383_flow5	CWE563_Unused_Variable__unused_value_int_11.c	111	CWE563_Unused_Variable__unused_value_int_11.c	117
/home/swlab-jueon/swvul/tools/java-vuln-detection/slicing/output/CPG/c/cwe563_cpg/cwe563-384-cpg-resolved.bin	tc384_flow1	CWE563_Unused_Variable__unused_value_int_13.c	30	CWE563_Unused_Variable__unused_value_int_13.c	35
/home/swlab-jueon/swvul/tools/java-vuln-detection/slicing/output/CPG/c/cwe563_cpg/cwe563-384-cpg-resolved.bin	tc384_flow2	CWE563_Unused_Variable__unused_value_int_13.c	51	CWE563_Unused_Variable__unused_value_int_13.c	61
/home/swlab-jueon/swvul/tools/java-vuln-detection/slicing/output/CPG/c/cwe563_cpg/cwe563-384-cpg-resolved.bin	tc384_flow3	CWE563_Unused_Variable__unused_value_int_13.c	72	CWE563_Unused_Variable__unused_value_int_13.c	77
/home/swlab-jueon/swvul/tools/java-vuln-detection/slicing/output/CPG/c/cwe563_cpg/cwe563-384-cpg-resolved.bin	tc384_flow4	CWE563_Unused_Variable__unused_value_int_13.c	93	CWE563_Unused_Variable__unused_value_int_13.c	99
/home/swlab-jueon/swvul/tools/java-vuln-detection/slicing/output/CPG/c/cwe563_cpg/cwe563-384-cpg-resolved.bin	tc384_flow5	CWE563_Unused_Variable__unused_value_int_13.c	111	CWE563_Unused_Variable__unused_value_int_13.c	117
/home/swlab-jueon/swvul/tools/java-vuln-detection/slicing/output/CPG/c/cwe563_cpg/cwe563-385-cpg-resolved.bin	tc385_flow1	CWE563_Unused_Variable__unused_value_int_14.c	30	CWE563_Unused_Variable__unused_value_int_14.c	35
/home/swlab-jueon/swvul/tools/java-vuln-detection/slicing/output/CPG/c/cwe563_cpg/cwe563-385-cpg-resolved.bin	tc385_flow2	CWE563_Unused_Variable__unused_value_int_14.c	51	CWE563_Unused_Variable__unused_value_int_14.c	61
/home/swlab-jueon/swvul/tools/java-vuln-detection/slicing/output/CPG/c/cwe563_cpg/cwe563-385-cpg-resolved.bin	tc385_flow3	CWE563_Unused_Variable__unused_value_int_14.c	72	CWE563_Unused_Variable__unused_value_int_14.c	77
/home/swlab-jueon/swvul/tools/java-vuln-detection/slicing/output/CPG/c/cwe563_cpg/cwe563-385-cpg-resolved.bin	tc385_flow4	CWE563_Unused_Variable__unused_value_int_14.c	93	CWE563_Unused_Variable__unused_value_int_14.c	99
/home/swlab-jueon/swvul/tools/java-vuln-detection/slicing/output/CPG/c/cwe563_cpg/cwe563-385-cpg-resolved.bin	tc385_flow5	CWE563_Unused_Variable__unused_value_int_14.c	111	CWE563_Unused_Variable__unused_value_int_14.c	117
/home/swlab-jueon/swvul/tools/java-vuln-detection/slicing/output/CPG/c/cwe563_cpg/cwe563-386-cpg-resolved.bin	tc386_flow1	CWE563_Unused_Variable__unused_value_int_15.c	31	CWE563_Unused_Variable__unused_value_int_15.c	42
/home/swlab-jueon/swvul/tools/java-vuln-detection/slicing/output/CPG/c/cwe563_cpg/cwe563-386-cpg-resolved.bin	tc386_flow2	CWE563_Unused_Variable__unused_value_int_15.c	64	CWE563_Unused_Variable__unused_value_int_15.c	79
/home/swlab-jueon/swvul/tools/java-vuln-detection/slicing/output/CPG/c/cwe563_cpg/cwe563-386-cpg-resolved.bin	tc386_flow3	CWE563_Unused_Variable__unused_value_int_15.c	92	CWE563_Unused_Variable__unused_value_int_15.c	103
/home/swlab-jueon/swvul/tools/java-vuln-detection/slicing/output/CPG/c/cwe563_cpg/cwe563-386-cpg-resolved.bin	tc386_flow4	CWE563_Unused_Variable__unused_value_int_15.c	124	CWE563_Unused_Variable__unused_value_int_15.c	132
/home/swlab-jueon/swvul/tools/java-vuln-detection/slicing/output/CPG/c/cwe563_cpg/cwe563-386-cpg-resolved.bin	tc386_flow5	CWE563_Unused_Variable__unused_value_int_15.c	150	CWE563_Unused_Variable__unused_value_int_15.c	162
/home/swlab-jueon/swvul/tools/java-vuln-detection/slicing/output/CPG/c/cwe563_cpg/cwe563-387-cpg-resolved.bin	tc387_flow1	CWE563_Unused_Variable__unused_value_int_16.c	30	CWE563_Unused_Variable__unused_value_int_16.c	36
/home/swlab-jueon/swvul/tools/java-vuln-detection/slicing/output/CPG/c/cwe563_cpg/cwe563-387-cpg-resolved.bin	tc387_flow2	CWE563_Unused_Variable__unused_value_int_16.c	53	CWE563_Unused_Variable__unused_value_int_16.c	59
/home/swlab-jueon/swvul/tools/java-vuln-detection/slicing/output/CPG/c/cwe563_cpg/cwe563-387-cpg-resolved.bin	tc387_flow3	CWE563_Unused_Variable__unused_value_int_16.c	71	CWE563_Unused_Variable__unused_value_int_16.c	78
/home/swlab-jueon/swvul/tools/java-vuln-detection/slicing/output/CPG/c/cwe563_cpg/cwe563-388-cpg-resolved.bin	tc388_flow1	CWE563_Unused_Variable__unused_value_int_17.c	31	CWE563_Unused_Variable__unused_value_int_17.c	36
/home/swlab-jueon/swvul/tools/java-vuln-detection/slicing/output/CPG/c/cwe563_cpg/cwe563-388-cpg-resolved.bin	tc388_flow2	CWE563_Unused_Variable__unused_value_int_17.c	53	CWE563_Unused_Variable__unused_value_int_17.c	58
/home/swlab-jueon/swvul/tools/java-vuln-detection/slicing/output/CPG/c/cwe563_cpg/cwe563-388-cpg-resolved.bin	tc388_flow3	CWE563_Unused_Variable__unused_value_int_17.c	70	CWE563_Unused_Variable__unused_value_int_17.c	76
/home/swlab-jueon/swvul/tools/java-vuln-detection/slicing/output/CPG/c/cwe563_cpg/cwe563-389-cpg-resolved.bin	tc389_flow1	CWE563_Unused_Variable__unused_value_int_18.c	30	CWE563_Unused_Variable__unused_value_int_18.c	34
/home/swlab-jueon/swvul/tools/java-vuln-detection/slicing/output/CPG/c/cwe563_cpg/cwe563-389-cpg-resolved.bin	tc389_flow2	CWE563_Unused_Variable__unused_value_int_18.c	49	CWE563_Unused_Variable__unused_value_int_18.c	53
/home/swlab-jueon/swvul/tools/java-vuln-detection/slicing/output/CPG/c/cwe563_cpg/cwe563-389-cpg-resolved.bin	tc389_flow3	CWE563_Unused_Variable__unused_value_int_18.c	63	CWE563_Unused_Variable__unused_value_int_18.c	68
/home/swlab-jueon/swvul/tools/java-vuln-detection/slicing/output/CPG/c/cwe563_cpg/cwe563-390-cpg-resolved.bin	tc390_flow1	CWE563_Unused_Variable__unused_value_int_21.c	41	CWE563_Unused_Variable__unused_value_int_21.c	32
/home/swlab-jueon/swvul/tools/java-vuln-detection/slicing/output/CPG/c/cwe563_cpg/cwe563-390-cpg-resolved.bin	tc390_flow2	CWE563_Unused_Variable__unused_value_int_21.c	74	CWE563_Unused_Variable__unused_value_int_21.c	66
/home/swlab-jueon/swvul/tools/java-vuln-detection/slicing/output/CPG/c/cwe563_cpg/cwe563-390-cpg-resolved.bin	tc390_flow3	CWE563_Unused_Variable__unused_value_int_21.c	93	CWE563_Unused_Variable__unused_value_int_21.c	85
/home/swlab-jueon/swvul/tools/java-vuln-detection/slicing/output/CPG/c/cwe563_cpg/cwe563-390-cpg-resolved.bin	tc390_flow4	CWE563_Unused_Variable__unused_value_int_21.c	113	CWE563_Unused_Variable__unused_value_int_21.c	104
/home/swlab-jueon/swvul/tools/java-vuln-detection/slicing/output/CPG/c/cwe563_cpg/cwe563-391-cpg-resolved.bin	tc391_flow1	CWE563_Unused_Variable__unused_value_int_22a.c	33	CWE563_Unused_Variable__unused_value_int_22b.c	32
/home/swlab-jueon/swvul/tools/java-vuln-detection/slicing/output/CPG/c/cwe563_cpg/cwe563-391-cpg-resolved.bin	tc391_flow2	CWE563_Unused_Variable__unused_value_int_22a.c	54	CWE563_Unused_Variable__unused_value_int_22b.c	57
/home/swlab-jueon/swvul/tools/java-vuln-detection/slicing/output/CPG/c/cwe563_cpg/cwe563-391-cpg-resolved.bin	tc391_flow3	CWE563_Unused_Variable__unused_value_int_22a.c	66	CWE563_Unused_Variable__unused_value_int_22b.c	67
/home/swlab-jueon/swvul/tools/java-vuln-detection/slicing/output/CPG/c/cwe563_cpg/cwe563-391-cpg-resolved.bin	tc391_flow4	CWE563_Unused_Variable__unused_value_int_22a.c	78	CWE563_Unused_Variable__unused_value_int_22b.c	77
/home/swlab-jueon/swvul/tools/java-vuln-detection/slicing/output/CPG/c/cwe563_cpg/cwe563-392-cpg-resolved.bin	tc392_flow1	CWE563_Unused_Variable__unused_value_int_33.cpp	32	CWE563_Unused_Variable__unused_value_int_33.cpp	36
/home/swlab-jueon/swvul/tools/java-vuln-detection/slicing/output/CPG/c/cwe563_cpg/cwe563-392-cpg-resolved.bin	tc392_flow2	CWE563_Unused_Variable__unused_value_int_33.cpp	67	CWE563_Unused_Variable__unused_value_int_33.cpp	71
/home/swlab-jueon/swvul/tools/java-vuln-detection/slicing/output/CPG/c/cwe563_cpg/cwe563-392-cpg-resolved.bin	tc392_flow3	CWE563_Unused_Variable__unused_value_int_33.cpp	51	CWE563_Unused_Variable__unused_value_int_33.cpp	56
/home/swlab-jueon/swvul/tools/java-vuln-detection/slicing/output/CPG/c/cwe563_cpg/cwe563-393-cpg-resolved.bin	tc393_flow1	CWE563_Unused_Variable__unused_value_int_43.cpp	30	CWE563_Unused_Variable__unused_value_int_43.cpp	38
/home/swlab-jueon/swvul/tools/java-vuln-detection/slicing/output/CPG/c/cwe563_cpg/cwe563-393-cpg-resolved.bin	tc393_flow2	CWE563_Unused_Variable__unused_value_int_43.cpp	67	CWE563_Unused_Variable__unused_value_int_43.cpp	75
/home/swlab-jueon/swvul/tools/java-vuln-detection/slicing/output/CPG/c/cwe563_cpg/cwe563-393-cpg-resolved.bin	tc393_flow3	CWE563_Unused_Variable__unused_value_int_43.cpp	50	CWE563_Unused_Variable__unused_value_int_43.cpp	59
/home/swlab-jueon/swvul/tools/java-vuln-detection/slicing/output/CPG/c/cwe563_cpg/cwe563-394-cpg-resolved.bin	tc394_flow1	CWE563_Unused_Variable__unused_value_int_72a.cpp	38	CWE563_Unused_Variable__unused_value_int_72b.cpp	35
/home/swlab-jueon/swvul/tools/java-vuln-detection/slicing/output/CPG/c/cwe563_cpg/cwe563-394-cpg-resolved.bin	tc394_flow2	CWE563_Unused_Variable__unused_value_int_72a.cpp	75	CWE563_Unused_Variable__unused_value_int_72b.cpp	57
/home/swlab-jueon/swvul/tools/java-vuln-detection/slicing/output/CPG/c/cwe563_cpg/cwe563-394-cpg-resolved.bin	tc394_flow3	CWE563_Unused_Variable__unused_value_int_72a.cpp	58	CWE563_Unused_Variable__unused_value_int_72b.cpp	48
/home/swlab-jueon/swvul/tools/java-vuln-detection/slicing/output/CPG/c/cwe563_cpg/cwe563-395-cpg-resolved.bin	tc395_flow1	CWE563_Unused_Variable__unused_value_int_73a.cpp	38	CWE563_Unused_Variable__unused_value_int_73b.cpp	35
/home/swlab-jueon/swvul/tools/java-vuln-detection/slicing/output/CPG/c/cwe563_cpg/cwe563-395-cpg-resolved.bin	tc395_flow2	CWE563_Unused_Variable__unused_value_int_73a.cpp	75	CWE563_Unused_Variable__unused_value_int_73b.cpp	57
/home/swlab-jueon/swvul/tools/java-vuln-detection/slicing/output/CPG/c/cwe563_cpg/cwe563-395-cpg-resolved.bin	tc395_flow3	CWE563_Unused_Variable__unused_value_int_73a.cpp	58	CWE563_Unused_Variable__unused_value_int_73b.cpp	48
/home/swlab-jueon/swvul/tools/java-vuln-detection/slicing/output/CPG/c/cwe563_cpg/cwe563-396-cpg-resolved.bin	tc396_flow1	CWE563_Unused_Variable__unused_value_int_74a.cpp	38	CWE563_Unused_Variable__unused_value_int_74b.cpp	35
/home/swlab-jueon/swvul/tools/java-vuln-detection/slicing/output/CPG/c/cwe563_cpg/cwe563-396-cpg-resolved.bin	tc396_flow2	CWE563_Unused_Variable__unused_value_int_74a.cpp	75	CWE563_Unused_Variable__unused_value_int_74b.cpp	57
/home/swlab-jueon/swvul/tools/java-vuln-detection/slicing/output/CPG/c/cwe563_cpg/cwe563-396-cpg-resolved.bin	tc396_flow3	CWE563_Unused_Variable__unused_value_int_74a.cpp	58	CWE563_Unused_Variable__unused_value_int_74b.cpp	48
/home/swlab-jueon/swvul/tools/java-vuln-detection/slicing/output/CPG/c/cwe563_cpg/cwe563-397-cpg-resolved.bin	tc397_flow1	CWE563_Unused_Variable__unused_value_int_81a.cpp	30	CWE563_Unused_Variable__unused_value_int_81_bad.cpp	28
/home/swlab-jueon/swvul/tools/java-vuln-detection/slicing/output/CPG/c/cwe563_cpg/cwe563-397-cpg-resolved.bin	tc397_flow2	CWE563_Unused_Variable__unused_value_int_81a.cpp	55	CWE563_Unused_Variable__unused_value_int_81_goodB2G.cpp	28
/home/swlab-jueon/swvul/tools/java-vuln-detection/slicing/output/CPG/c/cwe563_cpg/cwe563-397-cpg-resolved.bin	tc397_flow3	CWE563_Unused_Variable__unused_value_int_81a.cpp	44	CWE563_Unused_Variable__unused_value_int_81_goodG2B.cpp	28
/home/swlab-jueon/swvul/tools/java-vuln-detection/slicing/output/CPG/c/cwe563_cpg/cwe563-398-cpg-resolved.bin	tc398_flow1	CWE563_Unused_Variable__unused_value_int_82a.cpp	30	CWE563_Unused_Variable__unused_value_int_82_bad.cpp	28
/home/swlab-jueon/swvul/tools/java-vuln-detection/slicing/output/CPG/c/cwe563_cpg/cwe563-398-cpg-resolved.bin	tc398_flow2	CWE563_Unused_Variable__unused_value_int_82a.cpp	57	CWE563_Unused_Variable__unused_value_int_82_goodB2G.cpp	28
/home/swlab-jueon/swvul/tools/java-vuln-detection/slicing/output/CPG/c/cwe563_cpg/cwe563-398-cpg-resolved.bin	tc398_flow3	CWE563_Unused_Variable__unused_value_int_82a.cpp	45	CWE563_Unused_Variable__unused_value_int_82_goodG2B.cpp	28
/home/swlab-jueon/swvul/tools/java-vuln-detection/slicing/output/CPG/c/cwe563_cpg/cwe563-399-cpg-resolved.bin	tc399_flow1	CWE563_Unused_Variable__unused_value_int_83_bad.cpp	28	CWE563_Unused_Variable__unused_value_int_83_bad.cpp	34
/home/swlab-jueon/swvul/tools/java-vuln-detection/slicing/output/CPG/c/cwe563_cpg/cwe563-399-cpg-resolved.bin	tc399_flow2	CWE563_Unused_Variable__unused_value_int_83_goodB2G.cpp	28	CWE563_Unused_Variable__unused_value_int_83_goodB2G.cpp	34
/home/swlab-jueon/swvul/tools/java-vuln-detection/slicing/output/CPG/c/cwe563_cpg/cwe563-399-cpg-resolved.bin	tc399_flow3	CWE563_Unused_Variable__unused_value_int_83_goodG2B.cpp	28	CWE563_Unused_Variable__unused_value_int_83_goodG2B.cpp	35
/home/swlab-jueon/swvul/tools/java-vuln-detection/slicing/output/CPG/c/cwe563_cpg/cwe563-400-cpg-resolved.bin	tc400_flow1	CWE563_Unused_Variable__unused_value_int_84_bad.cpp	28	CWE563_Unused_Variable__unused_value_int_84_bad.cpp	34
/home/swlab-jueon/swvul/tools/java-vuln-detection/slicing/output/CPG/c/cwe563_cpg/cwe563-400-cpg-resolved.bin	tc400_flow2	CWE563_Unused_Variable__unused_value_int_84_goodB2G.cpp	28	CWE563_Unused_Variable__unused_value_int_84_goodB2G.cpp	34
/home/swlab-jueon/swvul/tools/java-vuln-detection/slicing/output/CPG/c/cwe563_cpg/cwe563-400-cpg-resolved.bin	tc400_flow3	CWE563_Unused_Variable__unused_value_int_84_goodG2B.cpp	28	CWE563_Unused_Variable__unused_value_int_84_goodG2B.cpp	35
/home/swlab-jueon/swvul/tools/java-vuln-detection/slicing/output/CPG/c/cwe563_cpg/cwe563-401-cpg-resolved.bin	tc401_flow1	CWE563_Unused_Variable__unused_value_int64_t_01.c	28	CWE563_Unused_Variable__unused_value_int64_t_01.c	30
/home/swlab-jueon/swvul/tools/java-vuln-detection/slicing/output/CPG/c/cwe563_cpg/cwe563-401-cpg-resolved.bin	tc401_flow2	CWE563_Unused_Variable__unused_value_int64_t_01.c	55	CWE563_Unused_Variable__unused_value_int64_t_01.c	57
/home/swlab-jueon/swvul/tools/java-vuln-detection/slicing/output/CPG/c/cwe563_cpg/cwe563-401-cpg-resolved.bin	tc401_flow3	CWE563_Unused_Variable__unused_value_int64_t_01.c	43	CWE563_Unused_Variable__unused_value_int64_t_01.c	46
/home/swlab-jueon/swvul/tools/java-vuln-detection/slicing/output/CPG/c/cwe563_cpg/cwe563-402-cpg-resolved.bin	tc402_flow1	CWE563_Unused_Variable__unused_value_int64_t_02.c	30	CWE563_Unused_Variable__unused_value_int64_t_02.c	35
/home/swlab-jueon/swvul/tools/java-vuln-detection/slicing/output/CPG/c/cwe563_cpg/cwe563-402-cpg-resolved.bin	tc402_flow2	CWE563_Unused_Variable__unused_value_int64_t_02.c	51	CWE563_Unused_Variable__unused_value_int64_t_02.c	61
/home/swlab-jueon/swvul/tools/java-vuln-detection/slicing/output/CPG/c/cwe563_cpg/cwe563-402-cpg-resolved.bin	tc402_flow3	CWE563_Unused_Variable__unused_value_int64_t_02.c	72	CWE563_Unused_Variable__unused_value_int64_t_02.c	77
/home/swlab-jueon/swvul/tools/java-vuln-detection/slicing/output/CPG/c/cwe563_cpg/cwe563-402-cpg-resolved.bin	tc402_flow4	CWE563_Unused_Variable__unused_value_int64_t_02.c	93	CWE563_Unused_Variable__unused_value_int64_t_02.c	99
/home/swlab-jueon/swvul/tools/java-vuln-detection/slicing/output/CPG/c/cwe563_cpg/cwe563-402-cpg-resolved.bin	tc402_flow5	CWE563_Unused_Variable__unused_value_int64_t_02.c	111	CWE563_Unused_Variable__unused_value_int64_t_02.c	117
/home/swlab-jueon/swvul/tools/java-vuln-detection/slicing/output/CPG/c/cwe563_cpg/cwe563-403-cpg-resolved.bin	tc403_flow1	CWE563_Unused_Variable__unused_value_int64_t_03.c	30	CWE563_Unused_Variable__unused_value_int64_t_03.c	35
/home/swlab-jueon/swvul/tools/java-vuln-detection/slicing/output/CPG/c/cwe563_cpg/cwe563-403-cpg-resolved.bin	tc403_flow2	CWE563_Unused_Variable__unused_value_int64_t_03.c	51	CWE563_Unused_Variable__unused_value_int64_t_03.c	61
/home/swlab-jueon/swvul/tools/java-vuln-detection/slicing/output/CPG/c/cwe563_cpg/cwe563-403-cpg-resolved.bin	tc403_flow3	CWE563_Unused_Variable__unused_value_int64_t_03.c	72	CWE563_Unused_Variable__unused_value_int64_t_03.c	77
/home/swlab-jueon/swvul/tools/java-vuln-detection/slicing/output/CPG/c/cwe563_cpg/cwe563-403-cpg-resolved.bin	tc403_flow4	CWE563_Unused_Variable__unused_value_int64_t_03.c	93	CWE563_Unused_Variable__unused_value_int64_t_03.c	99
/home/swlab-jueon/swvul/tools/java-vuln-detection/slicing/output/CPG/c/cwe563_cpg/cwe563-403-cpg-resolved.bin	tc403_flow5	CWE563_Unused_Variable__unused_value_int64_t_03.c	111	CWE563_Unused_Variable__unused_value_int64_t_03.c	117
/home/swlab-jueon/swvul/tools/java-vuln-detection/slicing/output/CPG/c/cwe563_cpg/cwe563-404-cpg-resolved.bin	tc404_flow1	CWE563_Unused_Variable__unused_value_int64_t_04.c	36	CWE563_Unused_Variable__unused_value_int64_t_04.c	41
/home/swlab-jueon/swvul/tools/java-vuln-detection/slicing/output/CPG/c/cwe563_cpg/cwe563-404-cpg-resolved.bin	tc404_flow2	CWE563_Unused_Variable__unused_value_int64_t_04.c	57	CWE563_Unused_Variable__unused_value_int64_t_04.c	67
/home/swlab-jueon/swvul/tools/java-vuln-detection/slicing/output/CPG/c/cwe563_cpg/cwe563-404-cpg-resolved.bin	tc404_flow3	CWE563_Unused_Variable__unused_value_int64_t_04.c	78	CWE563_Unused_Variable__unused_value_int64_t_04.c	83
/home/swlab-jueon/swvul/tools/java-vuln-detection/slicing/output/CPG/c/cwe563_cpg/cwe563-404-cpg-resolved.bin	tc404_flow4	CWE563_Unused_Variable__unused_value_int64_t_04.c	99	CWE563_Unused_Variable__unused_value_int64_t_04.c	105
/home/swlab-jueon/swvul/tools/java-vuln-detection/slicing/output/CPG/c/cwe563_cpg/cwe563-404-cpg-resolved.bin	tc404_flow5	CWE563_Unused_Variable__unused_value_int64_t_04.c	117	CWE563_Unused_Variable__unused_value_int64_t_04.c	123
/home/swlab-jueon/swvul/tools/java-vuln-detection/slicing/output/CPG/c/cwe563_cpg/cwe563-405-cpg-resolved.bin	tc405_flow1	CWE563_Unused_Variable__unused_value_int64_t_05.c	36	CWE563_Unused_Variable__unused_value_int64_t_05.c	41
/home/swlab-jueon/swvul/tools/java-vuln-detection/slicing/output/CPG/c/cwe563_cpg/cwe563-405-cpg-resolved.bin	tc405_flow2	CWE563_Unused_Variable__unused_value_int64_t_05.c	57	CWE563_Unused_Variable__unused_value_int64_t_05.c	67
/home/swlab-jueon/swvul/tools/java-vuln-detection/slicing/output/CPG/c/cwe563_cpg/cwe563-405-cpg-resolved.bin	tc405_flow3	CWE563_Unused_Variable__unused_value_int64_t_05.c	78	CWE563_Unused_Variable__unused_value_int64_t_05.c	83
/home/swlab-jueon/swvul/tools/java-vuln-detection/slicing/output/CPG/c/cwe563_cpg/cwe563-405-cpg-resolved.bin	tc405_flow4	CWE563_Unused_Variable__unused_value_int64_t_05.c	99	CWE563_Unused_Variable__unused_value_int64_t_05.c	105
/home/swlab-jueon/swvul/tools/java-vuln-detection/slicing/output/CPG/c/cwe563_cpg/cwe563-405-cpg-resolved.bin	tc405_flow5	CWE563_Unused_Variable__unused_value_int64_t_05.c	117	CWE563_Unused_Variable__unused_value_int64_t_05.c	123
/home/swlab-jueon/swvul/tools/java-vuln-detection/slicing/output/CPG/c/cwe563_cpg/cwe563-406-cpg-resolved.bin	tc406_flow1	CWE563_Unused_Variable__unused_value_int64_t_06.c	35	CWE563_Unused_Variable__unused_value_int64_t_06.c	40
/home/swlab-jueon/swvul/tools/java-vuln-detection/slicing/output/CPG/c/cwe563_cpg/cwe563-406-cpg-resolved.bin	tc406_flow2	CWE563_Unused_Variable__unused_value_int64_t_06.c	56	CWE563_Unused_Variable__unused_value_int64_t_06.c	66
/home/swlab-jueon/swvul/tools/java-vuln-detection/slicing/output/CPG/c/cwe563_cpg/cwe563-406-cpg-resolved.bin	tc406_flow3	CWE563_Unused_Variable__unused_value_int64_t_06.c	77	CWE563_Unused_Variable__unused_value_int64_t_06.c	82
/home/swlab-jueon/swvul/tools/java-vuln-detection/slicing/output/CPG/c/cwe563_cpg/cwe563-406-cpg-resolved.bin	tc406_flow4	CWE563_Unused_Variable__unused_value_int64_t_06.c	98	CWE563_Unused_Variable__unused_value_int64_t_06.c	104
/home/swlab-jueon/swvul/tools/java-vuln-detection/slicing/output/CPG/c/cwe563_cpg/cwe563-406-cpg-resolved.bin	tc406_flow5	CWE563_Unused_Variable__unused_value_int64_t_06.c	116	CWE563_Unused_Variable__unused_value_int64_t_06.c	122
/home/swlab-jueon/swvul/tools/java-vuln-detection/slicing/output/CPG/c/cwe563_cpg/cwe563-407-cpg-resolved.bin	tc407_flow1	CWE563_Unused_Variable__unused_value_int64_t_07.c	35	CWE563_Unused_Variable__unused_value_int64_t_07.c	40
/home/swlab-jueon/swvul/tools/java-vuln-detection/slicing/output/CPG/c/cwe563_cpg/cwe563-407-cpg-resolved.bin	tc407_flow2	CWE563_Unused_Variable__unused_value_int64_t_07.c	56	CWE563_Unused_Variable__unused_value_int64_t_07.c	66
/home/swlab-jueon/swvul/tools/java-vuln-detection/slicing/output/CPG/c/cwe563_cpg/cwe563-407-cpg-resolved.bin	tc407_flow3	CWE563_Unused_Variable__unused_value_int64_t_07.c	77	CWE563_Unused_Variable__unused_value_int64_t_07.c	82
/home/swlab-jueon/swvul/tools/java-vuln-detection/slicing/output/CPG/c/cwe563_cpg/cwe563-407-cpg-resolved.bin	tc407_flow4	CWE563_Unused_Variable__unused_value_int64_t_07.c	98	CWE563_Unused_Variable__unused_value_int64_t_07.c	104
/home/swlab-jueon/swvul/tools/java-vuln-detection/slicing/output/CPG/c/cwe563_cpg/cwe563-407-cpg-resolved.bin	tc407_flow5	CWE563_Unused_Variable__unused_value_int64_t_07.c	116	CWE563_Unused_Variable__unused_value_int64_t_07.c	122
/home/swlab-jueon/swvul/tools/java-vuln-detection/slicing/output/CPG/c/cwe563_cpg/cwe563-408-cpg-resolved.bin	tc408_flow1	CWE563_Unused_Variable__unused_value_int64_t_08.c	43	CWE563_Unused_Variable__unused_value_int64_t_08.c	48
/home/swlab-jueon/swvul/tools/java-vuln-detection/slicing/output/CPG/c/cwe563_cpg/cwe563-408-cpg-resolved.bin	tc408_flow2	CWE563_Unused_Variable__unused_value_int64_t_08.c	64	CWE563_Unused_Variable__unused_value_int64_t_08.c	74
/home/swlab-jueon/swvul/tools/java-vuln-detection/slicing/output/CPG/c/cwe563_cpg/cwe563-408-cpg-resolved.bin	tc408_flow3	CWE563_Unused_Variable__unused_value_int64_t_08.c	85	CWE563_Unused_Variable__unused_value_int64_t_08.c	90
/home/swlab-jueon/swvul/tools/java-vuln-detection/slicing/output/CPG/c/cwe563_cpg/cwe563-408-cpg-resolved.bin	tc408_flow4	CWE563_Unused_Variable__unused_value_int64_t_08.c	106	CWE563_Unused_Variable__unused_value_int64_t_08.c	112
/home/swlab-jueon/swvul/tools/java-vuln-detection/slicing/output/CPG/c/cwe563_cpg/cwe563-408-cpg-resolved.bin	tc408_flow5	CWE563_Unused_Variable__unused_value_int64_t_08.c	124	CWE563_Unused_Variable__unused_value_int64_t_08.c	130
/home/swlab-jueon/swvul/tools/java-vuln-detection/slicing/output/CPG/c/cwe563_cpg/cwe563-409-cpg-resolved.bin	tc409_flow1	CWE563_Unused_Variable__unused_value_int64_t_09.c	30	CWE563_Unused_Variable__unused_value_int64_t_09.c	35
/home/swlab-jueon/swvul/tools/java-vuln-detection/slicing/output/CPG/c/cwe563_cpg/cwe563-409-cpg-resolved.bin	tc409_flow2	CWE563_Unused_Variable__unused_value_int64_t_09.c	51	CWE563_Unused_Variable__unused_value_int64_t_09.c	61
/home/swlab-jueon/swvul/tools/java-vuln-detection/slicing/output/CPG/c/cwe563_cpg/cwe563-409-cpg-resolved.bin	tc409_flow3	CWE563_Unused_Variable__unused_value_int64_t_09.c	72	CWE563_Unused_Variable__unused_value_int64_t_09.c	77
/home/swlab-jueon/swvul/tools/java-vuln-detection/slicing/output/CPG/c/cwe563_cpg/cwe563-409-cpg-resolved.bin	tc409_flow4	CWE563_Unused_Variable__unused_value_int64_t_09.c	93	CWE563_Unused_Variable__unused_value_int64_t_09.c	99
/home/swlab-jueon/swvul/tools/java-vuln-detection/slicing/output/CPG/c/cwe563_cpg/cwe563-409-cpg-resolved.bin	tc409_flow5	CWE563_Unused_Variable__unused_value_int64_t_09.c	111	CWE563_Unused_Variable__unused_value_int64_t_09.c	117
/home/swlab-jueon/swvul/tools/java-vuln-detection/slicing/output/CPG/c/cwe563_cpg/cwe563-410-cpg-resolved.bin	tc410_flow1	CWE563_Unused_Variable__unused_value_int64_t_10.c	30	CWE563_Unused_Variable__unused_value_int64_t_10.c	35
/home/swlab-jueon/swvul/tools/java-vuln-detection/slicing/output/CPG/c/cwe563_cpg/cwe563-410-cpg-resolved.bin	tc410_flow2	CWE563_Unused_Variable__unused_value_int64_t_10.c	51	CWE563_Unused_Variable__unused_value_int64_t_10.c	61
/home/swlab-jueon/swvul/tools/java-vuln-detection/slicing/output/CPG/c/cwe563_cpg/cwe563-410-cpg-resolved.bin	tc410_flow3	CWE563_Unused_Variable__unused_value_int64_t_10.c	72	CWE563_Unused_Variable__unused_value_int64_t_10.c	77
/home/swlab-jueon/swvul/tools/java-vuln-detection/slicing/output/CPG/c/cwe563_cpg/cwe563-410-cpg-resolved.bin	tc410_flow4	CWE563_Unused_Variable__unused_value_int64_t_10.c	93	CWE563_Unused_Variable__unused_value_int64_t_10.c	99
/home/swlab-jueon/swvul/tools/java-vuln-detection/slicing/output/CPG/c/cwe563_cpg/cwe563-410-cpg-resolved.bin	tc410_flow5	CWE563_Unused_Variable__unused_value_int64_t_10.c	111	CWE563_Unused_Variable__unused_value_int64_t_10.c	117
/home/swlab-jueon/swvul/tools/java-vuln-detection/slicing/output/CPG/c/cwe563_cpg/cwe563-411-cpg-resolved.bin	tc411_flow1	CWE563_Unused_Variable__unused_value_int64_t_11.c	30	CWE563_Unused_Variable__unused_value_int64_t_11.c	35
/home/swlab-jueon/swvul/tools/java-vuln-detection/slicing/output/CPG/c/cwe563_cpg/cwe563-411-cpg-resolved.bin	tc411_flow2	CWE563_Unused_Variable__unused_value_int64_t_11.c	51	CWE563_Unused_Variable__unused_value_int64_t_11.c	61
/home/swlab-jueon/swvul/tools/java-vuln-detection/slicing/output/CPG/c/cwe563_cpg/cwe563-411-cpg-resolved.bin	tc411_flow3	CWE563_Unused_Variable__unused_value_int64_t_11.c	72	CWE563_Unused_Variable__unused_value_int64_t_11.c	77
/home/swlab-jueon/swvul/tools/java-vuln-detection/slicing/output/CPG/c/cwe563_cpg/cwe563-411-cpg-resolved.bin	tc411_flow4	CWE563_Unused_Variable__unused_value_int64_t_11.c	93	CWE563_Unused_Variable__unused_value_int64_t_11.c	99
/home/swlab-jueon/swvul/tools/java-vuln-detection/slicing/output/CPG/c/cwe563_cpg/cwe563-411-cpg-resolved.bin	tc411_flow5	CWE563_Unused_Variable__unused_value_int64_t_11.c	111	CWE563_Unused_Variable__unused_value_int64_t_11.c	117
/home/swlab-jueon/swvul/tools/java-vuln-detection/slicing/output/CPG/c/cwe563_cpg/cwe563-412-cpg-resolved.bin	tc412_flow1	CWE563_Unused_Variable__unused_value_int64_t_13.c	30	CWE563_Unused_Variable__unused_value_int64_t_13.c	35
/home/swlab-jueon/swvul/tools/java-vuln-detection/slicing/output/CPG/c/cwe563_cpg/cwe563-412-cpg-resolved.bin	tc412_flow2	CWE563_Unused_Variable__unused_value_int64_t_13.c	51	CWE563_Unused_Variable__unused_value_int64_t_13.c	61
/home/swlab-jueon/swvul/tools/java-vuln-detection/slicing/output/CPG/c/cwe563_cpg/cwe563-412-cpg-resolved.bin	tc412_flow3	CWE563_Unused_Variable__unused_value_int64_t_13.c	72	CWE563_Unused_Variable__unused_value_int64_t_13.c	77
/home/swlab-jueon/swvul/tools/java-vuln-detection/slicing/output/CPG/c/cwe563_cpg/cwe563-412-cpg-resolved.bin	tc412_flow4	CWE563_Unused_Variable__unused_value_int64_t_13.c	93	CWE563_Unused_Variable__unused_value_int64_t_13.c	99
/home/swlab-jueon/swvul/tools/java-vuln-detection/slicing/output/CPG/c/cwe563_cpg/cwe563-412-cpg-resolved.bin	tc412_flow5	CWE563_Unused_Variable__unused_value_int64_t_13.c	111	CWE563_Unused_Variable__unused_value_int64_t_13.c	117
/home/swlab-jueon/swvul/tools/java-vuln-detection/slicing/output/CPG/c/cwe563_cpg/cwe563-413-cpg-resolved.bin	tc413_flow1	CWE563_Unused_Variable__unused_value_int64_t_14.c	30	CWE563_Unused_Variable__unused_value_int64_t_14.c	35
/home/swlab-jueon/swvul/tools/java-vuln-detection/slicing/output/CPG/c/cwe563_cpg/cwe563-413-cpg-resolved.bin	tc413_flow2	CWE563_Unused_Variable__unused_value_int64_t_14.c	51	CWE563_Unused_Variable__unused_value_int64_t_14.c	61
/home/swlab-jueon/swvul/tools/java-vuln-detection/slicing/output/CPG/c/cwe563_cpg/cwe563-413-cpg-resolved.bin	tc413_flow3	CWE563_Unused_Variable__unused_value_int64_t_14.c	72	CWE563_Unused_Variable__unused_value_int64_t_14.c	77
/home/swlab-jueon/swvul/tools/java-vuln-detection/slicing/output/CPG/c/cwe563_cpg/cwe563-413-cpg-resolved.bin	tc413_flow4	CWE563_Unused_Variable__unused_value_int64_t_14.c	93	CWE563_Unused_Variable__unused_value_int64_t_14.c	99
/home/swlab-jueon/swvul/tools/java-vuln-detection/slicing/output/CPG/c/cwe563_cpg/cwe563-413-cpg-resolved.bin	tc413_flow5	CWE563_Unused_Variable__unused_value_int64_t_14.c	111	CWE563_Unused_Variable__unused_value_int64_t_14.c	117
/home/swlab-jueon/swvul/tools/java-vuln-detection/slicing/output/CPG/c/cwe563_cpg/cwe563-414-cpg-resolved.bin	tc414_flow1	CWE563_Unused_Variable__unused_value_int64_t_15.c	31	CWE563_Unused_Variable__unused_value_int64_t_15.c	42
/home/swlab-jueon/swvul/tools/java-vuln-detection/slicing/output/CPG/c/cwe563_cpg/cwe563-414-cpg-resolved.bin	tc414_flow2	CWE563_Unused_Variable__unused_value_int64_t_15.c	64	CWE563_Unused_Variable__unused_value_int64_t_15.c	79
/home/swlab-jueon/swvul/tools/java-vuln-detection/slicing/output/CPG/c/cwe563_cpg/cwe563-414-cpg-resolved.bin	tc414_flow3	CWE563_Unused_Variable__unused_value_int64_t_15.c	92	CWE563_Unused_Variable__unused_value_int64_t_15.c	103
/home/swlab-jueon/swvul/tools/java-vuln-detection/slicing/output/CPG/c/cwe563_cpg/cwe563-414-cpg-resolved.bin	tc414_flow4	CWE563_Unused_Variable__unused_value_int64_t_15.c	124	CWE563_Unused_Variable__unused_value_int64_t_15.c	132
/home/swlab-jueon/swvul/tools/java-vuln-detection/slicing/output/CPG/c/cwe563_cpg/cwe563-414-cpg-resolved.bin	tc414_flow5	CWE563_Unused_Variable__unused_value_int64_t_15.c	150	CWE563_Unused_Variable__unused_value_int64_t_15.c	162
/home/swlab-jueon/swvul/tools/java-vuln-detection/slicing/output/CPG/c/cwe563_cpg/cwe563-415-cpg-resolved.bin	tc415_flow1	CWE563_Unused_Variable__unused_value_int64_t_16.c	30	CWE563_Unused_Variable__unused_value_int64_t_16.c	36
/home/swlab-jueon/swvul/tools/java-vuln-detection/slicing/output/CPG/c/cwe563_cpg/cwe563-415-cpg-resolved.bin	tc415_flow2	CWE563_Unused_Variable__unused_value_int64_t_16.c	53	CWE563_Unused_Variable__unused_value_int64_t_16.c	59
/home/swlab-jueon/swvul/tools/java-vuln-detection/slicing/output/CPG/c/cwe563_cpg/cwe563-415-cpg-resolved.bin	tc415_flow3	CWE563_Unused_Variable__unused_value_int64_t_16.c	71	CWE563_Unused_Variable__unused_value_int64_t_16.c	78
/home/swlab-jueon/swvul/tools/java-vuln-detection/slicing/output/CPG/c/cwe563_cpg/cwe563-416-cpg-resolved.bin	tc416_flow1	CWE563_Unused_Variable__unused_value_int64_t_17.c	31	CWE563_Unused_Variable__unused_value_int64_t_17.c	36
/home/swlab-jueon/swvul/tools/java-vuln-detection/slicing/output/CPG/c/cwe563_cpg/cwe563-416-cpg-resolved.bin	tc416_flow2	CWE563_Unused_Variable__unused_value_int64_t_17.c	53	CWE563_Unused_Variable__unused_value_int64_t_17.c	58
/home/swlab-jueon/swvul/tools/java-vuln-detection/slicing/output/CPG/c/cwe563_cpg/cwe563-416-cpg-resolved.bin	tc416_flow3	CWE563_Unused_Variable__unused_value_int64_t_17.c	70	CWE563_Unused_Variable__unused_value_int64_t_17.c	76
/home/swlab-jueon/swvul/tools/java-vuln-detection/slicing/output/CPG/c/cwe563_cpg/cwe563-417-cpg-resolved.bin	tc417_flow1	CWE563_Unused_Variable__unused_value_int64_t_18.c	30	CWE563_Unused_Variable__unused_value_int64_t_18.c	34
/home/swlab-jueon/swvul/tools/java-vuln-detection/slicing/output/CPG/c/cwe563_cpg/cwe563-417-cpg-resolved.bin	tc417_flow2	CWE563_Unused_Variable__unused_value_int64_t_18.c	49	CWE563_Unused_Variable__unused_value_int64_t_18.c	53
/home/swlab-jueon/swvul/tools/java-vuln-detection/slicing/output/CPG/c/cwe563_cpg/cwe563-417-cpg-resolved.bin	tc417_flow3	CWE563_Unused_Variable__unused_value_int64_t_18.c	63	CWE563_Unused_Variable__unused_value_int64_t_18.c	68
/home/swlab-jueon/swvul/tools/java-vuln-detection/slicing/output/CPG/c/cwe563_cpg/cwe563-418-cpg-resolved.bin	tc418_flow1	CWE563_Unused_Variable__unused_value_int64_t_21.c	41	CWE563_Unused_Variable__unused_value_int64_t_21.c	32
/home/swlab-jueon/swvul/tools/java-vuln-detection/slicing/output/CPG/c/cwe563_cpg/cwe563-418-cpg-resolved.bin	tc418_flow2	CWE563_Unused_Variable__unused_value_int64_t_21.c	74	CWE563_Unused_Variable__unused_value_int64_t_21.c	66
/home/swlab-jueon/swvul/tools/java-vuln-detection/slicing/output/CPG/c/cwe563_cpg/cwe563-418-cpg-resolved.bin	tc418_flow3	CWE563_Unused_Variable__unused_value_int64_t_21.c	93	CWE563_Unused_Variable__unused_value_int64_t_21.c	85
/home/swlab-jueon/swvul/tools/java-vuln-detection/slicing/output/CPG/c/cwe563_cpg/cwe563-418-cpg-resolved.bin	tc418_flow4	CWE563_Unused_Variable__unused_value_int64_t_21.c	113	CWE563_Unused_Variable__unused_value_int64_t_21.c	104
/home/swlab-jueon/swvul/tools/java-vuln-detection/slicing/output/CPG/c/cwe563_cpg/cwe563-419-cpg-resolved.bin	tc419_flow1	CWE563_Unused_Variable__unused_value_int64_t_22a.c	33	CWE563_Unused_Variable__unused_value_int64_t_22b.c	32
/home/swlab-jueon/swvul/tools/java-vuln-detection/slicing/output/CPG/c/cwe563_cpg/cwe563-419-cpg-resolved.bin	tc419_flow2	CWE563_Unused_Variable__unused_value_int64_t_22a.c	54	CWE563_Unused_Variable__unused_value_int64_t_22b.c	57
/home/swlab-jueon/swvul/tools/java-vuln-detection/slicing/output/CPG/c/cwe563_cpg/cwe563-419-cpg-resolved.bin	tc419_flow3	CWE563_Unused_Variable__unused_value_int64_t_22a.c	66	CWE563_Unused_Variable__unused_value_int64_t_22b.c	67
/home/swlab-jueon/swvul/tools/java-vuln-detection/slicing/output/CPG/c/cwe563_cpg/cwe563-419-cpg-resolved.bin	tc419_flow4	CWE563_Unused_Variable__unused_value_int64_t_22a.c	78	CWE563_Unused_Variable__unused_value_int64_t_22b.c	77
/home/swlab-jueon/swvul/tools/java-vuln-detection/slicing/output/CPG/c/cwe563_cpg/cwe563-420-cpg-resolved.bin	tc420_flow1	CWE563_Unused_Variable__unused_value_int64_t_33.cpp	32	CWE563_Unused_Variable__unused_value_int64_t_33.cpp	36
/home/swlab-jueon/swvul/tools/java-vuln-detection/slicing/output/CPG/c/cwe563_cpg/cwe563-420-cpg-resolved.bin	tc420_flow2	CWE563_Unused_Variable__unused_value_int64_t_33.cpp	67	CWE563_Unused_Variable__unused_value_int64_t_33.cpp	71
/home/swlab-jueon/swvul/tools/java-vuln-detection/slicing/output/CPG/c/cwe563_cpg/cwe563-420-cpg-resolved.bin	tc420_flow3	CWE563_Unused_Variable__unused_value_int64_t_33.cpp	51	CWE563_Unused_Variable__unused_value_int64_t_33.cpp	56
/home/swlab-jueon/swvul/tools/java-vuln-detection/slicing/output/CPG/c/cwe563_cpg/cwe563-421-cpg-resolved.bin	tc421_flow1	CWE563_Unused_Variable__unused_value_int64_t_43.cpp	30	CWE563_Unused_Variable__unused_value_int64_t_43.cpp	38
/home/swlab-jueon/swvul/tools/java-vuln-detection/slicing/output/CPG/c/cwe563_cpg/cwe563-421-cpg-resolved.bin	tc421_flow2	CWE563_Unused_Variable__unused_value_int64_t_43.cpp	67	CWE563_Unused_Variable__unused_value_int64_t_43.cpp	75
/home/swlab-jueon/swvul/tools/java-vuln-detection/slicing/output/CPG/c/cwe563_cpg/cwe563-421-cpg-resolved.bin	tc421_flow3	CWE563_Unused_Variable__unused_value_int64_t_43.cpp	50	CWE563_Unused_Variable__unused_value_int64_t_43.cpp	59
/home/swlab-jueon/swvul/tools/java-vuln-detection/slicing/output/CPG/c/cwe563_cpg/cwe563-422-cpg-resolved.bin	tc422_flow1	CWE563_Unused_Variable__unused_value_int64_t_72a.cpp	38	CWE563_Unused_Variable__unused_value_int64_t_72b.cpp	35
/home/swlab-jueon/swvul/tools/java-vuln-detection/slicing/output/CPG/c/cwe563_cpg/cwe563-422-cpg-resolved.bin	tc422_flow2	CWE563_Unused_Variable__unused_value_int64_t_72a.cpp	75	CWE563_Unused_Variable__unused_value_int64_t_72b.cpp	57
/home/swlab-jueon/swvul/tools/java-vuln-detection/slicing/output/CPG/c/cwe563_cpg/cwe563-422-cpg-resolved.bin	tc422_flow3	CWE563_Unused_Variable__unused_value_int64_t_72a.cpp	58	CWE563_Unused_Variable__unused_value_int64_t_72b.cpp	48
/home/swlab-jueon/swvul/tools/java-vuln-detection/slicing/output/CPG/c/cwe563_cpg/cwe563-423-cpg-resolved.bin	tc423_flow1	CWE563_Unused_Variable__unused_value_int64_t_73a.cpp	38	CWE563_Unused_Variable__unused_value_int64_t_73b.cpp	35
/home/swlab-jueon/swvul/tools/java-vuln-detection/slicing/output/CPG/c/cwe563_cpg/cwe563-423-cpg-resolved.bin	tc423_flow2	CWE563_Unused_Variable__unused_value_int64_t_73a.cpp	75	CWE563_Unused_Variable__unused_value_int64_t_73b.cpp	57
/home/swlab-jueon/swvul/tools/java-vuln-detection/slicing/output/CPG/c/cwe563_cpg/cwe563-423-cpg-resolved.bin	tc423_flow3	CWE563_Unused_Variable__unused_value_int64_t_73a.cpp	58	CWE563_Unused_Variable__unused_value_int64_t_73b.cpp	48
/home/swlab-jueon/swvul/tools/java-vuln-detection/slicing/output/CPG/c/cwe563_cpg/cwe563-424-cpg-resolved.bin	tc424_flow1	CWE563_Unused_Variable__unused_value_int64_t_74a.cpp	38	CWE563_Unused_Variable__unused_value_int64_t_74b.cpp	35
/home/swlab-jueon/swvul/tools/java-vuln-detection/slicing/output/CPG/c/cwe563_cpg/cwe563-424-cpg-resolved.bin	tc424_flow2	CWE563_Unused_Variable__unused_value_int64_t_74a.cpp	75	CWE563_Unused_Variable__unused_value_int64_t_74b.cpp	57
/home/swlab-jueon/swvul/tools/java-vuln-detection/slicing/output/CPG/c/cwe563_cpg/cwe563-424-cpg-resolved.bin	tc424_flow3	CWE563_Unused_Variable__unused_value_int64_t_74a.cpp	58	CWE563_Unused_Variable__unused_value_int64_t_74b.cpp	48
/home/swlab-jueon/swvul/tools/java-vuln-detection/slicing/output/CPG/c/cwe563_cpg/cwe563-425-cpg-resolved.bin	tc425_flow1	CWE563_Unused_Variable__unused_value_int64_t_81a.cpp	30	CWE563_Unused_Variable__unused_value_int64_t_81_bad.cpp	28
/home/swlab-jueon/swvul/tools/java-vuln-detection/slicing/output/CPG/c/cwe563_cpg/cwe563-425-cpg-resolved.bin	tc425_flow2	CWE563_Unused_Variable__unused_value_int64_t_81a.cpp	55	CWE563_Unused_Variable__unused_value_int64_t_81_goodB2G.cpp	28
/home/swlab-jueon/swvul/tools/java-vuln-detection/slicing/output/CPG/c/cwe563_cpg/cwe563-425-cpg-resolved.bin	tc425_flow3	CWE563_Unused_Variable__unused_value_int64_t_81a.cpp	44	CWE563_Unused_Variable__unused_value_int64_t_81_goodG2B.cpp	28
/home/swlab-jueon/swvul/tools/java-vuln-detection/slicing/output/CPG/c/cwe563_cpg/cwe563-426-cpg-resolved.bin	tc426_flow1	CWE563_Unused_Variable__unused_value_int64_t_82a.cpp	30	CWE563_Unused_Variable__unused_value_int64_t_82_bad.cpp	28
/home/swlab-jueon/swvul/tools/java-vuln-detection/slicing/output/CPG/c/cwe563_cpg/cwe563-426-cpg-resolved.bin	tc426_flow2	CWE563_Unused_Variable__unused_value_int64_t_82a.cpp	57	CWE563_Unused_Variable__unused_value_int64_t_82_goodB2G.cpp	28
/home/swlab-jueon/swvul/tools/java-vuln-detection/slicing/output/CPG/c/cwe563_cpg/cwe563-426-cpg-resolved.bin	tc426_flow3	CWE563_Unused_Variable__unused_value_int64_t_82a.cpp	45	CWE563_Unused_Variable__unused_value_int64_t_82_goodG2B.cpp	28
/home/swlab-jueon/swvul/tools/java-vuln-detection/slicing/output/CPG/c/cwe563_cpg/cwe563-427-cpg-resolved.bin	tc427_flow1	CWE563_Unused_Variable__unused_value_int64_t_83_bad.cpp	28	CWE563_Unused_Variable__unused_value_int64_t_83_bad.cpp	34
/home/swlab-jueon/swvul/tools/java-vuln-detection/slicing/output/CPG/c/cwe563_cpg/cwe563-427-cpg-resolved.bin	tc427_flow2	CWE563_Unused_Variable__unused_value_int64_t_83_goodB2G.cpp	28	CWE563_Unused_Variable__unused_value_int64_t_83_goodB2G.cpp	34
/home/swlab-jueon/swvul/tools/java-vuln-detection/slicing/output/CPG/c/cwe563_cpg/cwe563-427-cpg-resolved.bin	tc427_flow3	CWE563_Unused_Variable__unused_value_int64_t_83_goodG2B.cpp	28	CWE563_Unused_Variable__unused_value_int64_t_83_goodG2B.cpp	35
/home/swlab-jueon/swvul/tools/java-vuln-detection/slicing/output/CPG/c/cwe563_cpg/cwe563-428-cpg-resolved.bin	tc428_flow1	CWE563_Unused_Variable__unused_value_int64_t_84_bad.cpp	28	CWE563_Unused_Variable__unused_value_int64_t_84_bad.cpp	34
/home/swlab-jueon/swvul/tools/java-vuln-detection/slicing/output/CPG/c/cwe563_cpg/cwe563-428-cpg-resolved.bin	tc428_flow2	CWE563_Unused_Variable__unused_value_int64_t_84_goodB2G.cpp	28	CWE563_Unused_Variable__unused_value_int64_t_84_goodB2G.cpp	34
/home/swlab-jueon/swvul/tools/java-vuln-detection/slicing/output/CPG/c/cwe563_cpg/cwe563-428-cpg-resolved.bin	tc428_flow3	CWE563_Unused_Variable__unused_value_int64_t_84_goodG2B.cpp	28	CWE563_Unused_Variable__unused_value_int64_t_84_goodG2B.cpp	35
/home/swlab-jueon/swvul/tools/java-vuln-detection/slicing/output/CPG/c/cwe563_cpg/cwe563-429-cpg-resolved.bin	tc429_flow1	CWE563_Unused_Variable__unused_value_long_01.c	28	CWE563_Unused_Variable__unused_value_long_01.c	30
/home/swlab-jueon/swvul/tools/java-vuln-detection/slicing/output/CPG/c/cwe563_cpg/cwe563-429-cpg-resolved.bin	tc429_flow2	CWE563_Unused_Variable__unused_value_long_01.c	55	CWE563_Unused_Variable__unused_value_long_01.c	57
/home/swlab-jueon/swvul/tools/java-vuln-detection/slicing/output/CPG/c/cwe563_cpg/cwe563-429-cpg-resolved.bin	tc429_flow3	CWE563_Unused_Variable__unused_value_long_01.c	43	CWE563_Unused_Variable__unused_value_long_01.c	46
/home/swlab-jueon/swvul/tools/java-vuln-detection/slicing/output/CPG/c/cwe563_cpg/cwe563-430-cpg-resolved.bin	tc430_flow1	CWE563_Unused_Variable__unused_value_long_02.c	30	CWE563_Unused_Variable__unused_value_long_02.c	35
/home/swlab-jueon/swvul/tools/java-vuln-detection/slicing/output/CPG/c/cwe563_cpg/cwe563-430-cpg-resolved.bin	tc430_flow2	CWE563_Unused_Variable__unused_value_long_02.c	51	CWE563_Unused_Variable__unused_value_long_02.c	61
/home/swlab-jueon/swvul/tools/java-vuln-detection/slicing/output/CPG/c/cwe563_cpg/cwe563-430-cpg-resolved.bin	tc430_flow3	CWE563_Unused_Variable__unused_value_long_02.c	72	CWE563_Unused_Variable__unused_value_long_02.c	77
/home/swlab-jueon/swvul/tools/java-vuln-detection/slicing/output/CPG/c/cwe563_cpg/cwe563-430-cpg-resolved.bin	tc430_flow4	CWE563_Unused_Variable__unused_value_long_02.c	93	CWE563_Unused_Variable__unused_value_long_02.c	99
/home/swlab-jueon/swvul/tools/java-vuln-detection/slicing/output/CPG/c/cwe563_cpg/cwe563-430-cpg-resolved.bin	tc430_flow5	CWE563_Unused_Variable__unused_value_long_02.c	111	CWE563_Unused_Variable__unused_value_long_02.c	117
/home/swlab-jueon/swvul/tools/java-vuln-detection/slicing/output/CPG/c/cwe563_cpg/cwe563-431-cpg-resolved.bin	tc431_flow1	CWE563_Unused_Variable__unused_value_long_03.c	30	CWE563_Unused_Variable__unused_value_long_03.c	35
/home/swlab-jueon/swvul/tools/java-vuln-detection/slicing/output/CPG/c/cwe563_cpg/cwe563-431-cpg-resolved.bin	tc431_flow2	CWE563_Unused_Variable__unused_value_long_03.c	51	CWE563_Unused_Variable__unused_value_long_03.c	61
/home/swlab-jueon/swvul/tools/java-vuln-detection/slicing/output/CPG/c/cwe563_cpg/cwe563-431-cpg-resolved.bin	tc431_flow3	CWE563_Unused_Variable__unused_value_long_03.c	72	CWE563_Unused_Variable__unused_value_long_03.c	77
/home/swlab-jueon/swvul/tools/java-vuln-detection/slicing/output/CPG/c/cwe563_cpg/cwe563-431-cpg-resolved.bin	tc431_flow4	CWE563_Unused_Variable__unused_value_long_03.c	93	CWE563_Unused_Variable__unused_value_long_03.c	99
/home/swlab-jueon/swvul/tools/java-vuln-detection/slicing/output/CPG/c/cwe563_cpg/cwe563-431-cpg-resolved.bin	tc431_flow5	CWE563_Unused_Variable__unused_value_long_03.c	111	CWE563_Unused_Variable__unused_value_long_03.c	117
/home/swlab-jueon/swvul/tools/java-vuln-detection/slicing/output/CPG/c/cwe563_cpg/cwe563-432-cpg-resolved.bin	tc432_flow1	CWE563_Unused_Variable__unused_value_long_04.c	36	CWE563_Unused_Variable__unused_value_long_04.c	41
/home/swlab-jueon/swvul/tools/java-vuln-detection/slicing/output/CPG/c/cwe563_cpg/cwe563-432-cpg-resolved.bin	tc432_flow2	CWE563_Unused_Variable__unused_value_long_04.c	57	CWE563_Unused_Variable__unused_value_long_04.c	67
/home/swlab-jueon/swvul/tools/java-vuln-detection/slicing/output/CPG/c/cwe563_cpg/cwe563-432-cpg-resolved.bin	tc432_flow3	CWE563_Unused_Variable__unused_value_long_04.c	78	CWE563_Unused_Variable__unused_value_long_04.c	83
/home/swlab-jueon/swvul/tools/java-vuln-detection/slicing/output/CPG/c/cwe563_cpg/cwe563-432-cpg-resolved.bin	tc432_flow4	CWE563_Unused_Variable__unused_value_long_04.c	99	CWE563_Unused_Variable__unused_value_long_04.c	105
/home/swlab-jueon/swvul/tools/java-vuln-detection/slicing/output/CPG/c/cwe563_cpg/cwe563-432-cpg-resolved.bin	tc432_flow5	CWE563_Unused_Variable__unused_value_long_04.c	117	CWE563_Unused_Variable__unused_value_long_04.c	123
/home/swlab-jueon/swvul/tools/java-vuln-detection/slicing/output/CPG/c/cwe563_cpg/cwe563-433-cpg-resolved.bin	tc433_flow1	CWE563_Unused_Variable__unused_value_long_05.c	36	CWE563_Unused_Variable__unused_value_long_05.c	41
/home/swlab-jueon/swvul/tools/java-vuln-detection/slicing/output/CPG/c/cwe563_cpg/cwe563-433-cpg-resolved.bin	tc433_flow2	CWE563_Unused_Variable__unused_value_long_05.c	57	CWE563_Unused_Variable__unused_value_long_05.c	67
/home/swlab-jueon/swvul/tools/java-vuln-detection/slicing/output/CPG/c/cwe563_cpg/cwe563-433-cpg-resolved.bin	tc433_flow3	CWE563_Unused_Variable__unused_value_long_05.c	78	CWE563_Unused_Variable__unused_value_long_05.c	83
/home/swlab-jueon/swvul/tools/java-vuln-detection/slicing/output/CPG/c/cwe563_cpg/cwe563-433-cpg-resolved.bin	tc433_flow4	CWE563_Unused_Variable__unused_value_long_05.c	99	CWE563_Unused_Variable__unused_value_long_05.c	105
/home/swlab-jueon/swvul/tools/java-vuln-detection/slicing/output/CPG/c/cwe563_cpg/cwe563-433-cpg-resolved.bin	tc433_flow5	CWE563_Unused_Variable__unused_value_long_05.c	117	CWE563_Unused_Variable__unused_value_long_05.c	123
/home/swlab-jueon/swvul/tools/java-vuln-detection/slicing/output/CPG/c/cwe563_cpg/cwe563-434-cpg-resolved.bin	tc434_flow1	CWE563_Unused_Variable__unused_value_long_06.c	35	CWE563_Unused_Variable__unused_value_long_06.c	40
/home/swlab-jueon/swvul/tools/java-vuln-detection/slicing/output/CPG/c/cwe563_cpg/cwe563-434-cpg-resolved.bin	tc434_flow2	CWE563_Unused_Variable__unused_value_long_06.c	56	CWE563_Unused_Variable__unused_value_long_06.c	66
/home/swlab-jueon/swvul/tools/java-vuln-detection/slicing/output/CPG/c/cwe563_cpg/cwe563-434-cpg-resolved.bin	tc434_flow3	CWE563_Unused_Variable__unused_value_long_06.c	77	CWE563_Unused_Variable__unused_value_long_06.c	82
/home/swlab-jueon/swvul/tools/java-vuln-detection/slicing/output/CPG/c/cwe563_cpg/cwe563-434-cpg-resolved.bin	tc434_flow4	CWE563_Unused_Variable__unused_value_long_06.c	98	CWE563_Unused_Variable__unused_value_long_06.c	104
/home/swlab-jueon/swvul/tools/java-vuln-detection/slicing/output/CPG/c/cwe563_cpg/cwe563-434-cpg-resolved.bin	tc434_flow5	CWE563_Unused_Variable__unused_value_long_06.c	116	CWE563_Unused_Variable__unused_value_long_06.c	122
/home/swlab-jueon/swvul/tools/java-vuln-detection/slicing/output/CPG/c/cwe563_cpg/cwe563-435-cpg-resolved.bin	tc435_flow1	CWE563_Unused_Variable__unused_value_long_07.c	35	CWE563_Unused_Variable__unused_value_long_07.c	40
/home/swlab-jueon/swvul/tools/java-vuln-detection/slicing/output/CPG/c/cwe563_cpg/cwe563-435-cpg-resolved.bin	tc435_flow2	CWE563_Unused_Variable__unused_value_long_07.c	56	CWE563_Unused_Variable__unused_value_long_07.c	66
/home/swlab-jueon/swvul/tools/java-vuln-detection/slicing/output/CPG/c/cwe563_cpg/cwe563-435-cpg-resolved.bin	tc435_flow3	CWE563_Unused_Variable__unused_value_long_07.c	77	CWE563_Unused_Variable__unused_value_long_07.c	82
/home/swlab-jueon/swvul/tools/java-vuln-detection/slicing/output/CPG/c/cwe563_cpg/cwe563-435-cpg-resolved.bin	tc435_flow4	CWE563_Unused_Variable__unused_value_long_07.c	98	CWE563_Unused_Variable__unused_value_long_07.c	104
/home/swlab-jueon/swvul/tools/java-vuln-detection/slicing/output/CPG/c/cwe563_cpg/cwe563-435-cpg-resolved.bin	tc435_flow5	CWE563_Unused_Variable__unused_value_long_07.c	116	CWE563_Unused_Variable__unused_value_long_07.c	122
/home/swlab-jueon/swvul/tools/java-vuln-detection/slicing/output/CPG/c/cwe563_cpg/cwe563-436-cpg-resolved.bin	tc436_flow1	CWE563_Unused_Variable__unused_value_long_08.c	43	CWE563_Unused_Variable__unused_value_long_08.c	48
/home/swlab-jueon/swvul/tools/java-vuln-detection/slicing/output/CPG/c/cwe563_cpg/cwe563-436-cpg-resolved.bin	tc436_flow2	CWE563_Unused_Variable__unused_value_long_08.c	64	CWE563_Unused_Variable__unused_value_long_08.c	74
/home/swlab-jueon/swvul/tools/java-vuln-detection/slicing/output/CPG/c/cwe563_cpg/cwe563-436-cpg-resolved.bin	tc436_flow3	CWE563_Unused_Variable__unused_value_long_08.c	85	CWE563_Unused_Variable__unused_value_long_08.c	90
/home/swlab-jueon/swvul/tools/java-vuln-detection/slicing/output/CPG/c/cwe563_cpg/cwe563-436-cpg-resolved.bin	tc436_flow4	CWE563_Unused_Variable__unused_value_long_08.c	106	CWE563_Unused_Variable__unused_value_long_08.c	112
/home/swlab-jueon/swvul/tools/java-vuln-detection/slicing/output/CPG/c/cwe563_cpg/cwe563-436-cpg-resolved.bin	tc436_flow5	CWE563_Unused_Variable__unused_value_long_08.c	124	CWE563_Unused_Variable__unused_value_long_08.c	130
/home/swlab-jueon/swvul/tools/java-vuln-detection/slicing/output/CPG/c/cwe563_cpg/cwe563-437-cpg-resolved.bin	tc437_flow1	CWE563_Unused_Variable__unused_value_long_09.c	30	CWE563_Unused_Variable__unused_value_long_09.c	35
/home/swlab-jueon/swvul/tools/java-vuln-detection/slicing/output/CPG/c/cwe563_cpg/cwe563-437-cpg-resolved.bin	tc437_flow2	CWE563_Unused_Variable__unused_value_long_09.c	51	CWE563_Unused_Variable__unused_value_long_09.c	61
/home/swlab-jueon/swvul/tools/java-vuln-detection/slicing/output/CPG/c/cwe563_cpg/cwe563-437-cpg-resolved.bin	tc437_flow3	CWE563_Unused_Variable__unused_value_long_09.c	72	CWE563_Unused_Variable__unused_value_long_09.c	77
/home/swlab-jueon/swvul/tools/java-vuln-detection/slicing/output/CPG/c/cwe563_cpg/cwe563-437-cpg-resolved.bin	tc437_flow4	CWE563_Unused_Variable__unused_value_long_09.c	93	CWE563_Unused_Variable__unused_value_long_09.c	99
/home/swlab-jueon/swvul/tools/java-vuln-detection/slicing/output/CPG/c/cwe563_cpg/cwe563-437-cpg-resolved.bin	tc437_flow5	CWE563_Unused_Variable__unused_value_long_09.c	111	CWE563_Unused_Variable__unused_value_long_09.c	117
/home/swlab-jueon/swvul/tools/java-vuln-detection/slicing/output/CPG/c/cwe563_cpg/cwe563-438-cpg-resolved.bin	tc438_flow1	CWE563_Unused_Variable__unused_value_long_10.c	30	CWE563_Unused_Variable__unused_value_long_10.c	35
/home/swlab-jueon/swvul/tools/java-vuln-detection/slicing/output/CPG/c/cwe563_cpg/cwe563-438-cpg-resolved.bin	tc438_flow2	CWE563_Unused_Variable__unused_value_long_10.c	51	CWE563_Unused_Variable__unused_value_long_10.c	61
/home/swlab-jueon/swvul/tools/java-vuln-detection/slicing/output/CPG/c/cwe563_cpg/cwe563-438-cpg-resolved.bin	tc438_flow3	CWE563_Unused_Variable__unused_value_long_10.c	72	CWE563_Unused_Variable__unused_value_long_10.c	77
/home/swlab-jueon/swvul/tools/java-vuln-detection/slicing/output/CPG/c/cwe563_cpg/cwe563-438-cpg-resolved.bin	tc438_flow4	CWE563_Unused_Variable__unused_value_long_10.c	93	CWE563_Unused_Variable__unused_value_long_10.c	99
/home/swlab-jueon/swvul/tools/java-vuln-detection/slicing/output/CPG/c/cwe563_cpg/cwe563-438-cpg-resolved.bin	tc438_flow5	CWE563_Unused_Variable__unused_value_long_10.c	111	CWE563_Unused_Variable__unused_value_long_10.c	117
/home/swlab-jueon/swvul/tools/java-vuln-detection/slicing/output/CPG/c/cwe563_cpg/cwe563-439-cpg-resolved.bin	tc439_flow1	CWE563_Unused_Variable__unused_value_long_11.c	30	CWE563_Unused_Variable__unused_value_long_11.c	35
/home/swlab-jueon/swvul/tools/java-vuln-detection/slicing/output/CPG/c/cwe563_cpg/cwe563-439-cpg-resolved.bin	tc439_flow2	CWE563_Unused_Variable__unused_value_long_11.c	51	CWE563_Unused_Variable__unused_value_long_11.c	61
/home/swlab-jueon/swvul/tools/java-vuln-detection/slicing/output/CPG/c/cwe563_cpg/cwe563-439-cpg-resolved.bin	tc439_flow3	CWE563_Unused_Variable__unused_value_long_11.c	72	CWE563_Unused_Variable__unused_value_long_11.c	77
/home/swlab-jueon/swvul/tools/java-vuln-detection/slicing/output/CPG/c/cwe563_cpg/cwe563-439-cpg-resolved.bin	tc439_flow4	CWE563_Unused_Variable__unused_value_long_11.c	93	CWE563_Unused_Variable__unused_value_long_11.c	99
/home/swlab-jueon/swvul/tools/java-vuln-detection/slicing/output/CPG/c/cwe563_cpg/cwe563-439-cpg-resolved.bin	tc439_flow5	CWE563_Unused_Variable__unused_value_long_11.c	111	CWE563_Unused_Variable__unused_value_long_11.c	117
/home/swlab-jueon/swvul/tools/java-vuln-detection/slicing/output/CPG/c/cwe563_cpg/cwe563-440-cpg-resolved.bin	tc440_flow1	CWE563_Unused_Variable__unused_value_long_13.c	30	CWE563_Unused_Variable__unused_value_long_13.c	35
/home/swlab-jueon/swvul/tools/java-vuln-detection/slicing/output/CPG/c/cwe563_cpg/cwe563-440-cpg-resolved.bin	tc440_flow2	CWE563_Unused_Variable__unused_value_long_13.c	51	CWE563_Unused_Variable__unused_value_long_13.c	61
/home/swlab-jueon/swvul/tools/java-vuln-detection/slicing/output/CPG/c/cwe563_cpg/cwe563-440-cpg-resolved.bin	tc440_flow3	CWE563_Unused_Variable__unused_value_long_13.c	72	CWE563_Unused_Variable__unused_value_long_13.c	77
/home/swlab-jueon/swvul/tools/java-vuln-detection/slicing/output/CPG/c/cwe563_cpg/cwe563-440-cpg-resolved.bin	tc440_flow4	CWE563_Unused_Variable__unused_value_long_13.c	93	CWE563_Unused_Variable__unused_value_long_13.c	99
/home/swlab-jueon/swvul/tools/java-vuln-detection/slicing/output/CPG/c/cwe563_cpg/cwe563-440-cpg-resolved.bin	tc440_flow5	CWE563_Unused_Variable__unused_value_long_13.c	111	CWE563_Unused_Variable__unused_value_long_13.c	117
/home/swlab-jueon/swvul/tools/java-vuln-detection/slicing/output/CPG/c/cwe563_cpg/cwe563-441-cpg-resolved.bin	tc441_flow1	CWE563_Unused_Variable__unused_value_long_14.c	30	CWE563_Unused_Variable__unused_value_long_14.c	35
/home/swlab-jueon/swvul/tools/java-vuln-detection/slicing/output/CPG/c/cwe563_cpg/cwe563-441-cpg-resolved.bin	tc441_flow2	CWE563_Unused_Variable__unused_value_long_14.c	51	CWE563_Unused_Variable__unused_value_long_14.c	61
/home/swlab-jueon/swvul/tools/java-vuln-detection/slicing/output/CPG/c/cwe563_cpg/cwe563-441-cpg-resolved.bin	tc441_flow3	CWE563_Unused_Variable__unused_value_long_14.c	72	CWE563_Unused_Variable__unused_value_long_14.c	77
/home/swlab-jueon/swvul/tools/java-vuln-detection/slicing/output/CPG/c/cwe563_cpg/cwe563-441-cpg-resolved.bin	tc441_flow4	CWE563_Unused_Variable__unused_value_long_14.c	93	CWE563_Unused_Variable__unused_value_long_14.c	99
/home/swlab-jueon/swvul/tools/java-vuln-detection/slicing/output/CPG/c/cwe563_cpg/cwe563-441-cpg-resolved.bin	tc441_flow5	CWE563_Unused_Variable__unused_value_long_14.c	111	CWE563_Unused_Variable__unused_value_long_14.c	117
/home/swlab-jueon/swvul/tools/java-vuln-detection/slicing/output/CPG/c/cwe563_cpg/cwe563-442-cpg-resolved.bin	tc442_flow1	CWE563_Unused_Variable__unused_value_long_15.c	31	CWE563_Unused_Variable__unused_value_long_15.c	42
/home/swlab-jueon/swvul/tools/java-vuln-detection/slicing/output/CPG/c/cwe563_cpg/cwe563-442-cpg-resolved.bin	tc442_flow2	CWE563_Unused_Variable__unused_value_long_15.c	64	CWE563_Unused_Variable__unused_value_long_15.c	79
/home/swlab-jueon/swvul/tools/java-vuln-detection/slicing/output/CPG/c/cwe563_cpg/cwe563-442-cpg-resolved.bin	tc442_flow3	CWE563_Unused_Variable__unused_value_long_15.c	92	CWE563_Unused_Variable__unused_value_long_15.c	103
/home/swlab-jueon/swvul/tools/java-vuln-detection/slicing/output/CPG/c/cwe563_cpg/cwe563-442-cpg-resolved.bin	tc442_flow4	CWE563_Unused_Variable__unused_value_long_15.c	124	CWE563_Unused_Variable__unused_value_long_15.c	132
/home/swlab-jueon/swvul/tools/java-vuln-detection/slicing/output/CPG/c/cwe563_cpg/cwe563-442-cpg-resolved.bin	tc442_flow5	CWE563_Unused_Variable__unused_value_long_15.c	150	CWE563_Unused_Variable__unused_value_long_15.c	162
/home/swlab-jueon/swvul/tools/java-vuln-detection/slicing/output/CPG/c/cwe563_cpg/cwe563-443-cpg-resolved.bin	tc443_flow1	CWE563_Unused_Variable__unused_value_long_16.c	30	CWE563_Unused_Variable__unused_value_long_16.c	36
/home/swlab-jueon/swvul/tools/java-vuln-detection/slicing/output/CPG/c/cwe563_cpg/cwe563-443-cpg-resolved.bin	tc443_flow2	CWE563_Unused_Variable__unused_value_long_16.c	53	CWE563_Unused_Variable__unused_value_long_16.c	59
/home/swlab-jueon/swvul/tools/java-vuln-detection/slicing/output/CPG/c/cwe563_cpg/cwe563-443-cpg-resolved.bin	tc443_flow3	CWE563_Unused_Variable__unused_value_long_16.c	71	CWE563_Unused_Variable__unused_value_long_16.c	78
/home/swlab-jueon/swvul/tools/java-vuln-detection/slicing/output/CPG/c/cwe563_cpg/cwe563-444-cpg-resolved.bin	tc444_flow1	CWE563_Unused_Variable__unused_value_long_17.c	31	CWE563_Unused_Variable__unused_value_long_17.c	36
/home/swlab-jueon/swvul/tools/java-vuln-detection/slicing/output/CPG/c/cwe563_cpg/cwe563-444-cpg-resolved.bin	tc444_flow2	CWE563_Unused_Variable__unused_value_long_17.c	53	CWE563_Unused_Variable__unused_value_long_17.c	58
/home/swlab-jueon/swvul/tools/java-vuln-detection/slicing/output/CPG/c/cwe563_cpg/cwe563-444-cpg-resolved.bin	tc444_flow3	CWE563_Unused_Variable__unused_value_long_17.c	70	CWE563_Unused_Variable__unused_value_long_17.c	76
/home/swlab-jueon/swvul/tools/java-vuln-detection/slicing/output/CPG/c/cwe563_cpg/cwe563-445-cpg-resolved.bin	tc445_flow1	CWE563_Unused_Variable__unused_value_long_18.c	30	CWE563_Unused_Variable__unused_value_long_18.c	34
/home/swlab-jueon/swvul/tools/java-vuln-detection/slicing/output/CPG/c/cwe563_cpg/cwe563-445-cpg-resolved.bin	tc445_flow2	CWE563_Unused_Variable__unused_value_long_18.c	49	CWE563_Unused_Variable__unused_value_long_18.c	53
/home/swlab-jueon/swvul/tools/java-vuln-detection/slicing/output/CPG/c/cwe563_cpg/cwe563-445-cpg-resolved.bin	tc445_flow3	CWE563_Unused_Variable__unused_value_long_18.c	63	CWE563_Unused_Variable__unused_value_long_18.c	68
/home/swlab-jueon/swvul/tools/java-vuln-detection/slicing/output/CPG/c/cwe563_cpg/cwe563-446-cpg-resolved.bin	tc446_flow1	CWE563_Unused_Variable__unused_value_long_21.c	41	CWE563_Unused_Variable__unused_value_long_21.c	32
/home/swlab-jueon/swvul/tools/java-vuln-detection/slicing/output/CPG/c/cwe563_cpg/cwe563-446-cpg-resolved.bin	tc446_flow2	CWE563_Unused_Variable__unused_value_long_21.c	74	CWE563_Unused_Variable__unused_value_long_21.c	66
/home/swlab-jueon/swvul/tools/java-vuln-detection/slicing/output/CPG/c/cwe563_cpg/cwe563-446-cpg-resolved.bin	tc446_flow3	CWE563_Unused_Variable__unused_value_long_21.c	93	CWE563_Unused_Variable__unused_value_long_21.c	85
/home/swlab-jueon/swvul/tools/java-vuln-detection/slicing/output/CPG/c/cwe563_cpg/cwe563-446-cpg-resolved.bin	tc446_flow4	CWE563_Unused_Variable__unused_value_long_21.c	113	CWE563_Unused_Variable__unused_value_long_21.c	104
/home/swlab-jueon/swvul/tools/java-vuln-detection/slicing/output/CPG/c/cwe563_cpg/cwe563-447-cpg-resolved.bin	tc447_flow1	CWE563_Unused_Variable__unused_value_long_22a.c	33	CWE563_Unused_Variable__unused_value_long_22b.c	32
/home/swlab-jueon/swvul/tools/java-vuln-detection/slicing/output/CPG/c/cwe563_cpg/cwe563-447-cpg-resolved.bin	tc447_flow2	CWE563_Unused_Variable__unused_value_long_22a.c	54	CWE563_Unused_Variable__unused_value_long_22b.c	57
/home/swlab-jueon/swvul/tools/java-vuln-detection/slicing/output/CPG/c/cwe563_cpg/cwe563-447-cpg-resolved.bin	tc447_flow3	CWE563_Unused_Variable__unused_value_long_22a.c	66	CWE563_Unused_Variable__unused_value_long_22b.c	67
/home/swlab-jueon/swvul/tools/java-vuln-detection/slicing/output/CPG/c/cwe563_cpg/cwe563-447-cpg-resolved.bin	tc447_flow4	CWE563_Unused_Variable__unused_value_long_22a.c	78	CWE563_Unused_Variable__unused_value_long_22b.c	77
/home/swlab-jueon/swvul/tools/java-vuln-detection/slicing/output/CPG/c/cwe563_cpg/cwe563-448-cpg-resolved.bin	tc448_flow1	CWE563_Unused_Variable__unused_value_long_33.cpp	32	CWE563_Unused_Variable__unused_value_long_33.cpp	36
/home/swlab-jueon/swvul/tools/java-vuln-detection/slicing/output/CPG/c/cwe563_cpg/cwe563-448-cpg-resolved.bin	tc448_flow2	CWE563_Unused_Variable__unused_value_long_33.cpp	67	CWE563_Unused_Variable__unused_value_long_33.cpp	71
/home/swlab-jueon/swvul/tools/java-vuln-detection/slicing/output/CPG/c/cwe563_cpg/cwe563-448-cpg-resolved.bin	tc448_flow3	CWE563_Unused_Variable__unused_value_long_33.cpp	51	CWE563_Unused_Variable__unused_value_long_33.cpp	56
/home/swlab-jueon/swvul/tools/java-vuln-detection/slicing/output/CPG/c/cwe563_cpg/cwe563-449-cpg-resolved.bin	tc449_flow1	CWE563_Unused_Variable__unused_value_long_43.cpp	30	CWE563_Unused_Variable__unused_value_long_43.cpp	38
/home/swlab-jueon/swvul/tools/java-vuln-detection/slicing/output/CPG/c/cwe563_cpg/cwe563-449-cpg-resolved.bin	tc449_flow2	CWE563_Unused_Variable__unused_value_long_43.cpp	67	CWE563_Unused_Variable__unused_value_long_43.cpp	75
/home/swlab-jueon/swvul/tools/java-vuln-detection/slicing/output/CPG/c/cwe563_cpg/cwe563-449-cpg-resolved.bin	tc449_flow3	CWE563_Unused_Variable__unused_value_long_43.cpp	50	CWE563_Unused_Variable__unused_value_long_43.cpp	59
/home/swlab-jueon/swvul/tools/java-vuln-detection/slicing/output/CPG/c/cwe563_cpg/cwe563-450-cpg-resolved.bin	tc450_flow1	CWE563_Unused_Variable__unused_value_long_72a.cpp	38	CWE563_Unused_Variable__unused_value_long_72b.cpp	35
/home/swlab-jueon/swvul/tools/java-vuln-detection/slicing/output/CPG/c/cwe563_cpg/cwe563-450-cpg-resolved.bin	tc450_flow2	CWE563_Unused_Variable__unused_value_long_72a.cpp	75	CWE563_Unused_Variable__unused_value_long_72b.cpp	57
/home/swlab-jueon/swvul/tools/java-vuln-detection/slicing/output/CPG/c/cwe563_cpg/cwe563-450-cpg-resolved.bin	tc450_flow3	CWE563_Unused_Variable__unused_value_long_72a.cpp	58	CWE563_Unused_Variable__unused_value_long_72b.cpp	48
/home/swlab-jueon/swvul/tools/java-vuln-detection/slicing/output/CPG/c/cwe563_cpg/cwe563-451-cpg-resolved.bin	tc451_flow1	CWE563_Unused_Variable__unused_value_long_73a.cpp	38	CWE563_Unused_Variable__unused_value_long_73b.cpp	35
/home/swlab-jueon/swvul/tools/java-vuln-detection/slicing/output/CPG/c/cwe563_cpg/cwe563-451-cpg-resolved.bin	tc451_flow2	CWE563_Unused_Variable__unused_value_long_73a.cpp	75	CWE563_Unused_Variable__unused_value_long_73b.cpp	57
/home/swlab-jueon/swvul/tools/java-vuln-detection/slicing/output/CPG/c/cwe563_cpg/cwe563-451-cpg-resolved.bin	tc451_flow3	CWE563_Unused_Variable__unused_value_long_73a.cpp	58	CWE563_Unused_Variable__unused_value_long_73b.cpp	48
/home/swlab-jueon/swvul/tools/java-vuln-detection/slicing/output/CPG/c/cwe563_cpg/cwe563-452-cpg-resolved.bin	tc452_flow1	CWE563_Unused_Variable__unused_value_long_74a.cpp	38	CWE563_Unused_Variable__unused_value_long_74b.cpp	35
/home/swlab-jueon/swvul/tools/java-vuln-detection/slicing/output/CPG/c/cwe563_cpg/cwe563-452-cpg-resolved.bin	tc452_flow2	CWE563_Unused_Variable__unused_value_long_74a.cpp	75	CWE563_Unused_Variable__unused_value_long_74b.cpp	57
/home/swlab-jueon/swvul/tools/java-vuln-detection/slicing/output/CPG/c/cwe563_cpg/cwe563-452-cpg-resolved.bin	tc452_flow3	CWE563_Unused_Variable__unused_value_long_74a.cpp	58	CWE563_Unused_Variable__unused_value_long_74b.cpp	48
/home/swlab-jueon/swvul/tools/java-vuln-detection/slicing/output/CPG/c/cwe563_cpg/cwe563-453-cpg-resolved.bin	tc453_flow1	CWE563_Unused_Variable__unused_value_long_81a.cpp	30	CWE563_Unused_Variable__unused_value_long_81_bad.cpp	28
/home/swlab-jueon/swvul/tools/java-vuln-detection/slicing/output/CPG/c/cwe563_cpg/cwe563-453-cpg-resolved.bin	tc453_flow2	CWE563_Unused_Variable__unused_value_long_81a.cpp	55	CWE563_Unused_Variable__unused_value_long_81_goodB2G.cpp	28
/home/swlab-jueon/swvul/tools/java-vuln-detection/slicing/output/CPG/c/cwe563_cpg/cwe563-453-cpg-resolved.bin	tc453_flow3	CWE563_Unused_Variable__unused_value_long_81a.cpp	44	CWE563_Unused_Variable__unused_value_long_81_goodG2B.cpp	28
/home/swlab-jueon/swvul/tools/java-vuln-detection/slicing/output/CPG/c/cwe563_cpg/cwe563-454-cpg-resolved.bin	tc454_flow1	CWE563_Unused_Variable__unused_value_long_82a.cpp	30	CWE563_Unused_Variable__unused_value_long_82_bad.cpp	28
/home/swlab-jueon/swvul/tools/java-vuln-detection/slicing/output/CPG/c/cwe563_cpg/cwe563-454-cpg-resolved.bin	tc454_flow2	CWE563_Unused_Variable__unused_value_long_82a.cpp	57	CWE563_Unused_Variable__unused_value_long_82_goodB2G.cpp	28
/home/swlab-jueon/swvul/tools/java-vuln-detection/slicing/output/CPG/c/cwe563_cpg/cwe563-454-cpg-resolved.bin	tc454_flow3	CWE563_Unused_Variable__unused_value_long_82a.cpp	45	CWE563_Unused_Variable__unused_value_long_82_goodG2B.cpp	28
/home/swlab-jueon/swvul/tools/java-vuln-detection/slicing/output/CPG/c/cwe563_cpg/cwe563-455-cpg-resolved.bin	tc455_flow1	CWE563_Unused_Variable__unused_value_long_83_bad.cpp	28	CWE563_Unused_Variable__unused_value_long_83_bad.cpp	34
/home/swlab-jueon/swvul/tools/java-vuln-detection/slicing/output/CPG/c/cwe563_cpg/cwe563-455-cpg-resolved.bin	tc455_flow2	CWE563_Unused_Variable__unused_value_long_83_goodB2G.cpp	28	CWE563_Unused_Variable__unused_value_long_83_goodB2G.cpp	34
/home/swlab-jueon/swvul/tools/java-vuln-detection/slicing/output/CPG/c/cwe563_cpg/cwe563-455-cpg-resolved.bin	tc455_flow3	CWE563_Unused_Variable__unused_value_long_83_goodG2B.cpp	28	CWE563_Unused_Variable__unused_value_long_83_goodG2B.cpp	35
/home/swlab-jueon/swvul/tools/java-vuln-detection/slicing/output/CPG/c/cwe563_cpg/cwe563-456-cpg-resolved.bin	tc456_flow1	CWE563_Unused_Variable__unused_value_long_84_bad.cpp	28	CWE563_Unused_Variable__unused_value_long_84_bad.cpp	34
/home/swlab-jueon/swvul/tools/java-vuln-detection/slicing/output/CPG/c/cwe563_cpg/cwe563-456-cpg-resolved.bin	tc456_flow2	CWE563_Unused_Variable__unused_value_long_84_goodB2G.cpp	28	CWE563_Unused_Variable__unused_value_long_84_goodB2G.cpp	34
/home/swlab-jueon/swvul/tools/java-vuln-detection/slicing/output/CPG/c/cwe563_cpg/cwe563-456-cpg-resolved.bin	tc456_flow3	CWE563_Unused_Variable__unused_value_long_84_goodG2B.cpp	28	CWE563_Unused_Variable__unused_value_long_84_goodG2B.cpp	35
/home/swlab-jueon/swvul/tools/java-vuln-detection/slicing/output/CPG/c/cwe563_cpg/cwe563-457-cpg-resolved.bin	tc457_flow1	CWE563_Unused_Variable__unused_value_struct_01.c	28	CWE563_Unused_Variable__unused_value_struct_01.c	31
/home/swlab-jueon/swvul/tools/java-vuln-detection/slicing/output/CPG/c/cwe563_cpg/cwe563-457-cpg-resolved.bin	tc457_flow2	CWE563_Unused_Variable__unused_value_struct_01.c	59	CWE563_Unused_Variable__unused_value_struct_01.c	62
/home/swlab-jueon/swvul/tools/java-vuln-detection/slicing/output/CPG/c/cwe563_cpg/cwe563-457-cpg-resolved.bin	tc457_flow3	CWE563_Unused_Variable__unused_value_struct_01.c	45	CWE563_Unused_Variable__unused_value_struct_01.c	49
/home/swlab-jueon/swvul/tools/java-vuln-detection/slicing/output/CPG/c/cwe563_cpg/cwe563-458-cpg-resolved.bin	tc458_flow1	CWE563_Unused_Variable__unused_value_struct_02.c	30	CWE563_Unused_Variable__unused_value_struct_02.c	36
/home/swlab-jueon/swvul/tools/java-vuln-detection/slicing/output/CPG/c/cwe563_cpg/cwe563-458-cpg-resolved.bin	tc458_flow2	CWE563_Unused_Variable__unused_value_struct_02.c	53	CWE563_Unused_Variable__unused_value_struct_02.c	64
/home/swlab-jueon/swvul/tools/java-vuln-detection/slicing/output/CPG/c/cwe563_cpg/cwe563-458-cpg-resolved.bin	tc458_flow3	CWE563_Unused_Variable__unused_value_struct_02.c	75	CWE563_Unused_Variable__unused_value_struct_02.c	81
/home/swlab-jueon/swvul/tools/java-vuln-detection/slicing/output/CPG/c/cwe563_cpg/cwe563-458-cpg-resolved.bin	tc458_flow4	CWE563_Unused_Variable__unused_value_struct_02.c	97	CWE563_Unused_Variable__unused_value_struct_02.c	104
/home/swlab-jueon/swvul/tools/java-vuln-detection/slicing/output/CPG/c/cwe563_cpg/cwe563-458-cpg-resolved.bin	tc458_flow5	CWE563_Unused_Variable__unused_value_struct_02.c	117	CWE563_Unused_Variable__unused_value_struct_02.c	124
/home/swlab-jueon/swvul/tools/java-vuln-detection/slicing/output/CPG/c/cwe563_cpg/cwe563-459-cpg-resolved.bin	tc459_flow1	CWE563_Unused_Variable__unused_value_struct_03.c	30	CWE563_Unused_Variable__unused_value_struct_03.c	36
/home/swlab-jueon/swvul/tools/java-vuln-detection/slicing/output/CPG/c/cwe563_cpg/cwe563-459-cpg-resolved.bin	tc459_flow2	CWE563_Unused_Variable__unused_value_struct_03.c	53	CWE563_Unused_Variable__unused_value_struct_03.c	64
/home/swlab-jueon/swvul/tools/java-vuln-detection/slicing/output/CPG/c/cwe563_cpg/cwe563-459-cpg-resolved.bin	tc459_flow3	CWE563_Unused_Variable__unused_value_struct_03.c	75	CWE563_Unused_Variable__unused_value_struct_03.c	81
/home/swlab-jueon/swvul/tools/java-vuln-detection/slicing/output/CPG/c/cwe563_cpg/cwe563-459-cpg-resolved.bin	tc459_flow4	CWE563_Unused_Variable__unused_value_struct_03.c	97	CWE563_Unused_Variable__unused_value_struct_03.c	104
/home/swlab-jueon/swvul/tools/java-vuln-detection/slicing/output/CPG/c/cwe563_cpg/cwe563-459-cpg-resolved.bin	tc459_flow5	CWE563_Unused_Variable__unused_value_struct_03.c	117	CWE563_Unused_Variable__unused_value_struct_03.c	124
/home/swlab-jueon/swvul/tools/java-vuln-detection/slicing/output/CPG/c/cwe563_cpg/cwe563-460-cpg-resolved.bin	tc460_flow1	CWE563_Unused_Variable__unused_value_struct_04.c	36	CWE563_Unused_Variable__unused_value_struct_04.c	42
/home/swlab-jueon/swvul/tools/java-vuln-detection/slicing/output/CPG/c/cwe563_cpg/cwe563-460-cpg-resolved.bin	tc460_flow2	CWE563_Unused_Variable__unused_value_struct_04.c	59	CWE563_Unused_Variable__unused_value_struct_04.c	70
/home/swlab-jueon/swvul/tools/java-vuln-detection/slicing/output/CPG/c/cwe563_cpg/cwe563-460-cpg-resolved.bin	tc460_flow3	CWE563_Unused_Variable__unused_value_struct_04.c	81	CWE563_Unused_Variable__unused_value_struct_04.c	87
/home/swlab-jueon/swvul/tools/java-vuln-detection/slicing/output/CPG/c/cwe563_cpg/cwe563-460-cpg-resolved.bin	tc460_flow4	CWE563_Unused_Variable__unused_value_struct_04.c	103	CWE563_Unused_Variable__unused_value_struct_04.c	110
/home/swlab-jueon/swvul/tools/java-vuln-detection/slicing/output/CPG/c/cwe563_cpg/cwe563-460-cpg-resolved.bin	tc460_flow5	CWE563_Unused_Variable__unused_value_struct_04.c	123	CWE563_Unused_Variable__unused_value_struct_04.c	130
/home/swlab-jueon/swvul/tools/java-vuln-detection/slicing/output/CPG/c/cwe563_cpg/cwe563-461-cpg-resolved.bin	tc461_flow1	CWE563_Unused_Variable__unused_value_struct_05.c	36	CWE563_Unused_Variable__unused_value_struct_05.c	42
/home/swlab-jueon/swvul/tools/java-vuln-detection/slicing/output/CPG/c/cwe563_cpg/cwe563-461-cpg-resolved.bin	tc461_flow2	CWE563_Unused_Variable__unused_value_struct_05.c	59	CWE563_Unused_Variable__unused_value_struct_05.c	70
/home/swlab-jueon/swvul/tools/java-vuln-detection/slicing/output/CPG/c/cwe563_cpg/cwe563-461-cpg-resolved.bin	tc461_flow3	CWE563_Unused_Variable__unused_value_struct_05.c	81	CWE563_Unused_Variable__unused_value_struct_05.c	87
/home/swlab-jueon/swvul/tools/java-vuln-detection/slicing/output/CPG/c/cwe563_cpg/cwe563-461-cpg-resolved.bin	tc461_flow4	CWE563_Unused_Variable__unused_value_struct_05.c	103	CWE563_Unused_Variable__unused_value_struct_05.c	110
/home/swlab-jueon/swvul/tools/java-vuln-detection/slicing/output/CPG/c/cwe563_cpg/cwe563-461-cpg-resolved.bin	tc461_flow5	CWE563_Unused_Variable__unused_value_struct_05.c	123	CWE563_Unused_Variable__unused_value_struct_05.c	130
/home/swlab-jueon/swvul/tools/java-vuln-detection/slicing/output/CPG/c/cwe563_cpg/cwe563-462-cpg-resolved.bin	tc462_flow1	CWE563_Unused_Variable__unused_value_struct_06.c	35	CWE563_Unused_Variable__unused_value_struct_06.c	41
/home/swlab-jueon/swvul/tools/java-vuln-detection/slicing/output/CPG/c/cwe563_cpg/cwe563-462-cpg-resolved.bin	tc462_flow2	CWE563_Unused_Variable__unused_value_struct_06.c	58	CWE563_Unused_Variable__unused_value_struct_06.c	69
/home/swlab-jueon/swvul/tools/java-vuln-detection/slicing/output/CPG/c/cwe563_cpg/cwe563-462-cpg-resolved.bin	tc462_flow3	CWE563_Unused_Variable__unused_value_struct_06.c	80	CWE563_Unused_Variable__unused_value_struct_06.c	86
/home/swlab-jueon/swvul/tools/java-vuln-detection/slicing/output/CPG/c/cwe563_cpg/cwe563-462-cpg-resolved.bin	tc462_flow4	CWE563_Unused_Variable__unused_value_struct_06.c	102	CWE563_Unused_Variable__unused_value_struct_06.c	109
/home/swlab-jueon/swvul/tools/java-vuln-detection/slicing/output/CPG/c/cwe563_cpg/cwe563-462-cpg-resolved.bin	tc462_flow5	CWE563_Unused_Variable__unused_value_struct_06.c	122	CWE563_Unused_Variable__unused_value_struct_06.c	129
/home/swlab-jueon/swvul/tools/java-vuln-detection/slicing/output/CPG/c/cwe563_cpg/cwe563-463-cpg-resolved.bin	tc463_flow1	CWE563_Unused_Variable__unused_value_struct_07.c	35	CWE563_Unused_Variable__unused_value_struct_07.c	41
/home/swlab-jueon/swvul/tools/java-vuln-detection/slicing/output/CPG/c/cwe563_cpg/cwe563-463-cpg-resolved.bin	tc463_flow2	CWE563_Unused_Variable__unused_value_struct_07.c	58	CWE563_Unused_Variable__unused_value_struct_07.c	69
/home/swlab-jueon/swvul/tools/java-vuln-detection/slicing/output/CPG/c/cwe563_cpg/cwe563-463-cpg-resolved.bin	tc463_flow3	CWE563_Unused_Variable__unused_value_struct_07.c	80	CWE563_Unused_Variable__unused_value_struct_07.c	86
/home/swlab-jueon/swvul/tools/java-vuln-detection/slicing/output/CPG/c/cwe563_cpg/cwe563-463-cpg-resolved.bin	tc463_flow4	CWE563_Unused_Variable__unused_value_struct_07.c	102	CWE563_Unused_Variable__unused_value_struct_07.c	109
/home/swlab-jueon/swvul/tools/java-vuln-detection/slicing/output/CPG/c/cwe563_cpg/cwe563-463-cpg-resolved.bin	tc463_flow5	CWE563_Unused_Variable__unused_value_struct_07.c	122	CWE563_Unused_Variable__unused_value_struct_07.c	129
/home/swlab-jueon/swvul/tools/java-vuln-detection/slicing/output/CPG/c/cwe563_cpg/cwe563-464-cpg-resolved.bin	tc464_flow1	CWE563_Unused_Variable__unused_value_struct_08.c	43	CWE563_Unused_Variable__unused_value_struct_08.c	49
/home/swlab-jueon/swvul/tools/java-vuln-detection/slicing/output/CPG/c/cwe563_cpg/cwe563-464-cpg-resolved.bin	tc464_flow2	CWE563_Unused_Variable__unused_value_struct_08.c	66	CWE563_Unused_Variable__unused_value_struct_08.c	77
/home/swlab-jueon/swvul/tools/java-vuln-detection/slicing/output/CPG/c/cwe563_cpg/cwe563-464-cpg-resolved.bin	tc464_flow3	CWE563_Unused_Variable__unused_value_struct_08.c	88	CWE563_Unused_Variable__unused_value_struct_08.c	94
/home/swlab-jueon/swvul/tools/java-vuln-detection/slicing/output/CPG/c/cwe563_cpg/cwe563-464-cpg-resolved.bin	tc464_flow4	CWE563_Unused_Variable__unused_value_struct_08.c	110	CWE563_Unused_Variable__unused_value_struct_08.c	117
/home/swlab-jueon/swvul/tools/java-vuln-detection/slicing/output/CPG/c/cwe563_cpg/cwe563-464-cpg-resolved.bin	tc464_flow5	CWE563_Unused_Variable__unused_value_struct_08.c	130	CWE563_Unused_Variable__unused_value_struct_08.c	137
/home/swlab-jueon/swvul/tools/java-vuln-detection/slicing/output/CPG/c/cwe563_cpg/cwe563-465-cpg-resolved.bin	tc465_flow1	CWE563_Unused_Variable__unused_value_struct_09.c	30	CWE563_Unused_Variable__unused_value_struct_09.c	36
/home/swlab-jueon/swvul/tools/java-vuln-detection/slicing/output/CPG/c/cwe563_cpg/cwe563-465-cpg-resolved.bin	tc465_flow2	CWE563_Unused_Variable__unused_value_struct_09.c	53	CWE563_Unused_Variable__unused_value_struct_09.c	64
/home/swlab-jueon/swvul/tools/java-vuln-detection/slicing/output/CPG/c/cwe563_cpg/cwe563-465-cpg-resolved.bin	tc465_flow3	CWE563_Unused_Variable__unused_value_struct_09.c	75	CWE563_Unused_Variable__unused_value_struct_09.c	81
/home/swlab-jueon/swvul/tools/java-vuln-detection/slicing/output/CPG/c/cwe563_cpg/cwe563-465-cpg-resolved.bin	tc465_flow4	CWE563_Unused_Variable__unused_value_struct_09.c	97	CWE563_Unused_Variable__unused_value_struct_09.c	104
/home/swlab-jueon/swvul/tools/java-vuln-detection/slicing/output/CPG/c/cwe563_cpg/cwe563-465-cpg-resolved.bin	tc465_flow5	CWE563_Unused_Variable__unused_value_struct_09.c	117	CWE563_Unused_Variable__unused_value_struct_09.c	124
/home/swlab-jueon/swvul/tools/java-vuln-detection/slicing/output/CPG/c/cwe563_cpg/cwe563-466-cpg-resolved.bin	tc466_flow1	CWE563_Unused_Variable__unused_value_struct_10.c	30	CWE563_Unused_Variable__unused_value_struct_10.c	36
/home/swlab-jueon/swvul/tools/java-vuln-detection/slicing/output/CPG/c/cwe563_cpg/cwe563-466-cpg-resolved.bin	tc466_flow2	CWE563_Unused_Variable__unused_value_struct_10.c	53	CWE563_Unused_Variable__unused_value_struct_10.c	64
/home/swlab-jueon/swvul/tools/java-vuln-detection/slicing/output/CPG/c/cwe563_cpg/cwe563-466-cpg-resolved.bin	tc466_flow3	CWE563_Unused_Variable__unused_value_struct_10.c	75	CWE563_Unused_Variable__unused_value_struct_10.c	81
/home/swlab-jueon/swvul/tools/java-vuln-detection/slicing/output/CPG/c/cwe563_cpg/cwe563-466-cpg-resolved.bin	tc466_flow4	CWE563_Unused_Variable__unused_value_struct_10.c	97	CWE563_Unused_Variable__unused_value_struct_10.c	104
/home/swlab-jueon/swvul/tools/java-vuln-detection/slicing/output/CPG/c/cwe563_cpg/cwe563-466-cpg-resolved.bin	tc466_flow5	CWE563_Unused_Variable__unused_value_struct_10.c	117	CWE563_Unused_Variable__unused_value_struct_10.c	124
/home/swlab-jueon/swvul/tools/java-vuln-detection/slicing/output/CPG/c/cwe563_cpg/cwe563-467-cpg-resolved.bin	tc467_flow1	CWE563_Unused_Variable__unused_value_struct_11.c	30	CWE563_Unused_Variable__unused_value_struct_11.c	36
/home/swlab-jueon/swvul/tools/java-vuln-detection/slicing/output/CPG/c/cwe563_cpg/cwe563-467-cpg-resolved.bin	tc467_flow2	CWE563_Unused_Variable__unused_value_struct_11.c	53	CWE563_Unused_Variable__unused_value_struct_11.c	64
/home/swlab-jueon/swvul/tools/java-vuln-detection/slicing/output/CPG/c/cwe563_cpg/cwe563-467-cpg-resolved.bin	tc467_flow3	CWE563_Unused_Variable__unused_value_struct_11.c	75	CWE563_Unused_Variable__unused_value_struct_11.c	81
/home/swlab-jueon/swvul/tools/java-vuln-detection/slicing/output/CPG/c/cwe563_cpg/cwe563-467-cpg-resolved.bin	tc467_flow4	CWE563_Unused_Variable__unused_value_struct_11.c	97	CWE563_Unused_Variable__unused_value_struct_11.c	104
/home/swlab-jueon/swvul/tools/java-vuln-detection/slicing/output/CPG/c/cwe563_cpg/cwe563-467-cpg-resolved.bin	tc467_flow5	CWE563_Unused_Variable__unused_value_struct_11.c	117	CWE563_Unused_Variable__unused_value_struct_11.c	124
/home/swlab-jueon/swvul/tools/java-vuln-detection/slicing/output/CPG/c/cwe563_cpg/cwe563-468-cpg-resolved.bin	tc468_flow1	CWE563_Unused_Variable__unused_value_struct_13.c	30	CWE563_Unused_Variable__unused_value_struct_13.c	36
/home/swlab-jueon/swvul/tools/java-vuln-detection/slicing/output/CPG/c/cwe563_cpg/cwe563-468-cpg-resolved.bin	tc468_flow2	CWE563_Unused_Variable__unused_value_struct_13.c	53	CWE563_Unused_Variable__unused_value_struct_13.c	64
/home/swlab-jueon/swvul/tools/java-vuln-detection/slicing/output/CPG/c/cwe563_cpg/cwe563-468-cpg-resolved.bin	tc468_flow3	CWE563_Unused_Variable__unused_value_struct_13.c	75	CWE563_Unused_Variable__unused_value_struct_13.c	81
/home/swlab-jueon/swvul/tools/java-vuln-detection/slicing/output/CPG/c/cwe563_cpg/cwe563-468-cpg-resolved.bin	tc468_flow4	CWE563_Unused_Variable__unused_value_struct_13.c	97	CWE563_Unused_Variable__unused_value_struct_13.c	104
/home/swlab-jueon/swvul/tools/java-vuln-detection/slicing/output/CPG/c/cwe563_cpg/cwe563-468-cpg-resolved.bin	tc468_flow5	CWE563_Unused_Variable__unused_value_struct_13.c	117	CWE563_Unused_Variable__unused_value_struct_13.c	124
/home/swlab-jueon/swvul/tools/java-vuln-detection/slicing/output/CPG/c/cwe563_cpg/cwe563-469-cpg-resolved.bin	tc469_flow1	CWE563_Unused_Variable__unused_value_struct_14.c	30	CWE563_Unused_Variable__unused_value_struct_14.c	36
/home/swlab-jueon/swvul/tools/java-vuln-detection/slicing/output/CPG/c/cwe563_cpg/cwe563-469-cpg-resolved.bin	tc469_flow2	CWE563_Unused_Variable__unused_value_struct_14.c	53	CWE563_Unused_Variable__unused_value_struct_14.c	64
/home/swlab-jueon/swvul/tools/java-vuln-detection/slicing/output/CPG/c/cwe563_cpg/cwe563-469-cpg-resolved.bin	tc469_flow3	CWE563_Unused_Variable__unused_value_struct_14.c	75	CWE563_Unused_Variable__unused_value_struct_14.c	81
/home/swlab-jueon/swvul/tools/java-vuln-detection/slicing/output/CPG/c/cwe563_cpg/cwe563-469-cpg-resolved.bin	tc469_flow4	CWE563_Unused_Variable__unused_value_struct_14.c	97	CWE563_Unused_Variable__unused_value_struct_14.c	104
/home/swlab-jueon/swvul/tools/java-vuln-detection/slicing/output/CPG/c/cwe563_cpg/cwe563-469-cpg-resolved.bin	tc469_flow5	CWE563_Unused_Variable__unused_value_struct_14.c	117	CWE563_Unused_Variable__unused_value_struct_14.c	124
/home/swlab-jueon/swvul/tools/java-vuln-detection/slicing/output/CPG/c/cwe563_cpg/cwe563-470-cpg-resolved.bin	tc470_flow1	CWE563_Unused_Variable__unused_value_struct_15.c	31	CWE563_Unused_Variable__unused_value_struct_15.c	43
/home/swlab-jueon/swvul/tools/java-vuln-detection/slicing/output/CPG/c/cwe563_cpg/cwe563-470-cpg-resolved.bin	tc470_flow2	CWE563_Unused_Variable__unused_value_struct_15.c	66	CWE563_Unused_Variable__unused_value_struct_15.c	82
/home/swlab-jueon/swvul/tools/java-vuln-detection/slicing/output/CPG/c/cwe563_cpg/cwe563-470-cpg-resolved.bin	tc470_flow3	CWE563_Unused_Variable__unused_value_struct_15.c	95	CWE563_Unused_Variable__unused_value_struct_15.c	107
/home/swlab-jueon/swvul/tools/java-vuln-detection/slicing/output/CPG/c/cwe563_cpg/cwe563-470-cpg-resolved.bin	tc470_flow4	CWE563_Unused_Variable__unused_value_struct_15.c	128	CWE563_Unused_Variable__unused_value_struct_15.c	137
/home/swlab-jueon/swvul/tools/java-vuln-detection/slicing/output/CPG/c/cwe563_cpg/cwe563-470-cpg-resolved.bin	tc470_flow5	CWE563_Unused_Variable__unused_value_struct_15.c	156	CWE563_Unused_Variable__unused_value_struct_15.c	169
/home/swlab-jueon/swvul/tools/java-vuln-detection/slicing/output/CPG/c/cwe563_cpg/cwe563-471-cpg-resolved.bin	tc471_flow1	CWE563_Unused_Variable__unused_value_struct_16.c	30	CWE563_Unused_Variable__unused_value_struct_16.c	37
/home/swlab-jueon/swvul/tools/java-vuln-detection/slicing/output/CPG/c/cwe563_cpg/cwe563-471-cpg-resolved.bin	tc471_flow2	CWE563_Unused_Variable__unused_value_struct_16.c	55	CWE563_Unused_Variable__unused_value_struct_16.c	62
/home/swlab-jueon/swvul/tools/java-vuln-detection/slicing/output/CPG/c/cwe563_cpg/cwe563-471-cpg-resolved.bin	tc471_flow3	CWE563_Unused_Variable__unused_value_struct_16.c	74	CWE563_Unused_Variable__unused_value_struct_16.c	82
/home/swlab-jueon/swvul/tools/java-vuln-detection/slicing/output/CPG/c/cwe563_cpg/cwe563-472-cpg-resolved.bin	tc472_flow1	CWE563_Unused_Variable__unused_value_struct_17.c	31	CWE563_Unused_Variable__unused_value_struct_17.c	37
/home/swlab-jueon/swvul/tools/java-vuln-detection/slicing/output/CPG/c/cwe563_cpg/cwe563-472-cpg-resolved.bin	tc472_flow2	CWE563_Unused_Variable__unused_value_struct_17.c	55	CWE563_Unused_Variable__unused_value_struct_17.c	61
/home/swlab-jueon/swvul/tools/java-vuln-detection/slicing/output/CPG/c/cwe563_cpg/cwe563-472-cpg-resolved.bin	tc472_flow3	CWE563_Unused_Variable__unused_value_struct_17.c	73	CWE563_Unused_Variable__unused_value_struct_17.c	80
/home/swlab-jueon/swvul/tools/java-vuln-detection/slicing/output/CPG/c/cwe563_cpg/cwe563-473-cpg-resolved.bin	tc473_flow1	CWE563_Unused_Variable__unused_value_struct_18.c	30	CWE563_Unused_Variable__unused_value_struct_18.c	35
/home/swlab-jueon/swvul/tools/java-vuln-detection/slicing/output/CPG/c/cwe563_cpg/cwe563-473-cpg-resolved.bin	tc473_flow2	CWE563_Unused_Variable__unused_value_struct_18.c	51	CWE563_Unused_Variable__unused_value_struct_18.c	56
/home/swlab-jueon/swvul/tools/java-vuln-detection/slicing/output/CPG/c/cwe563_cpg/cwe563-473-cpg-resolved.bin	tc473_flow3	CWE563_Unused_Variable__unused_value_struct_18.c	66	CWE563_Unused_Variable__unused_value_struct_18.c	72
/home/swlab-jueon/swvul/tools/java-vuln-detection/slicing/output/CPG/c/cwe563_cpg/cwe563-474-cpg-resolved.bin	tc474_flow1	CWE563_Unused_Variable__unused_value_struct_21.c	42	CWE563_Unused_Variable__unused_value_struct_21.c	32
/home/swlab-jueon/swvul/tools/java-vuln-detection/slicing/output/CPG/c/cwe563_cpg/cwe563-474-cpg-resolved.bin	tc474_flow2	CWE563_Unused_Variable__unused_value_struct_21.c	76	CWE563_Unused_Variable__unused_value_struct_21.c	68
/home/swlab-jueon/swvul/tools/java-vuln-detection/slicing/output/CPG/c/cwe563_cpg/cwe563-474-cpg-resolved.bin	tc474_flow3	CWE563_Unused_Variable__unused_value_struct_21.c	96	CWE563_Unused_Variable__unused_value_struct_21.c	88
/home/swlab-jueon/swvul/tools/java-vuln-detection/slicing/output/CPG/c/cwe563_cpg/cwe563-474-cpg-resolved.bin	tc474_flow4	CWE563_Unused_Variable__unused_value_struct_21.c	118	CWE563_Unused_Variable__unused_value_struct_21.c	108
/home/swlab-jueon/swvul/tools/java-vuln-detection/slicing/output/CPG/c/cwe563_cpg/cwe563-475-cpg-resolved.bin	tc475_flow1	CWE563_Unused_Variable__unused_value_struct_22a.c	33	CWE563_Unused_Variable__unused_value_struct_22b.c	32
/home/swlab-jueon/swvul/tools/java-vuln-detection/slicing/output/CPG/c/cwe563_cpg/cwe563-475-cpg-resolved.bin	tc475_flow2	CWE563_Unused_Variable__unused_value_struct_22a.c	55	CWE563_Unused_Variable__unused_value_struct_22b.c	58
/home/swlab-jueon/swvul/tools/java-vuln-detection/slicing/output/CPG/c/cwe563_cpg/cwe563-475-cpg-resolved.bin	tc475_flow3	CWE563_Unused_Variable__unused_value_struct_22a.c	68	CWE563_Unused_Variable__unused_value_struct_22b.c	68
/home/swlab-jueon/swvul/tools/java-vuln-detection/slicing/output/CPG/c/cwe563_cpg/cwe563-475-cpg-resolved.bin	tc475_flow4	CWE563_Unused_Variable__unused_value_struct_22a.c	81	CWE563_Unused_Variable__unused_value_struct_22b.c	78
/home/swlab-jueon/swvul/tools/java-vuln-detection/slicing/output/CPG/c/cwe563_cpg/cwe563-476-cpg-resolved.bin	tc476_flow1	CWE563_Unused_Variable__unused_value_struct_33.cpp	32	CWE563_Unused_Variable__unused_value_struct_33.cpp	37
/home/swlab-jueon/swvul/tools/java-vuln-detection/slicing/output/CPG/c/cwe563_cpg/cwe563-476-cpg-resolved.bin	tc476_flow2	CWE563_Unused_Variable__unused_value_struct_33.cpp	71	CWE563_Unused_Variable__unused_value_struct_33.cpp	76
/home/swlab-jueon/swvul/tools/java-vuln-detection/slicing/output/CPG/c/cwe563_cpg/cwe563-476-cpg-resolved.bin	tc476_flow3	CWE563_Unused_Variable__unused_value_struct_33.cpp	53	CWE563_Unused_Variable__unused_value_struct_33.cpp	59
/home/swlab-jueon/swvul/tools/java-vuln-detection/slicing/output/CPG/c/cwe563_cpg/cwe563-477-cpg-resolved.bin	tc477_flow1	CWE563_Unused_Variable__unused_value_struct_43.cpp	30	CWE563_Unused_Variable__unused_value_struct_43.cpp	39
/home/swlab-jueon/swvul/tools/java-vuln-detection/slicing/output/CPG/c/cwe563_cpg/cwe563-477-cpg-resolved.bin	tc477_flow2	CWE563_Unused_Variable__unused_value_struct_43.cpp	71	CWE563_Unused_Variable__unused_value_struct_43.cpp	80
/home/swlab-jueon/swvul/tools/java-vuln-detection/slicing/output/CPG/c/cwe563_cpg/cwe563-477-cpg-resolved.bin	tc477_flow3	CWE563_Unused_Variable__unused_value_struct_43.cpp	52	CWE563_Unused_Variable__unused_value_struct_43.cpp	62
/home/swlab-jueon/swvul/tools/java-vuln-detection/slicing/output/CPG/c/cwe563_cpg/cwe563-478-cpg-resolved.bin	tc478_flow1	CWE563_Unused_Variable__unused_value_struct_72a.cpp	38	CWE563_Unused_Variable__unused_value_struct_72b.cpp	35
/home/swlab-jueon/swvul/tools/java-vuln-detection/slicing/output/CPG/c/cwe563_cpg/cwe563-478-cpg-resolved.bin	tc478_flow2	CWE563_Unused_Variable__unused_value_struct_72a.cpp	77	CWE563_Unused_Variable__unused_value_struct_72b.cpp	59
/home/swlab-jueon/swvul/tools/java-vuln-detection/slicing/output/CPG/c/cwe563_cpg/cwe563-478-cpg-resolved.bin	tc478_flow3	CWE563_Unused_Variable__unused_value_struct_72a.cpp	59	CWE563_Unused_Variable__unused_value_struct_72b.cpp	49
/home/swlab-jueon/swvul/tools/java-vuln-detection/slicing/output/CPG/c/cwe563_cpg/cwe563-479-cpg-resolved.bin	tc479_flow1	CWE563_Unused_Variable__unused_value_struct_73a.cpp	38	CWE563_Unused_Variable__unused_value_struct_73b.cpp	35
/home/swlab-jueon/swvul/tools/java-vuln-detection/slicing/output/CPG/c/cwe563_cpg/cwe563-479-cpg-resolved.bin	tc479_flow2	CWE563_Unused_Variable__unused_value_struct_73a.cpp	77	CWE563_Unused_Variable__unused_value_struct_73b.cpp	59
/home/swlab-jueon/swvul/tools/java-vuln-detection/slicing/output/CPG/c/cwe563_cpg/cwe563-479-cpg-resolved.bin	tc479_flow3	CWE563_Unused_Variable__unused_value_struct_73a.cpp	59	CWE563_Unused_Variable__unused_value_struct_73b.cpp	49
/home/swlab-jueon/swvul/tools/java-vuln-detection/slicing/output/CPG/c/cwe563_cpg/cwe563-480-cpg-resolved.bin	tc480_flow1	CWE563_Unused_Variable__unused_value_struct_74a.cpp	38	CWE563_Unused_Variable__unused_value_struct_74b.cpp	35
/home/swlab-jueon/swvul/tools/java-vuln-detection/slicing/output/CPG/c/cwe563_cpg/cwe563-480-cpg-resolved.bin	tc480_flow2	CWE563_Unused_Variable__unused_value_struct_74a.cpp	77	CWE563_Unused_Variable__unused_value_struct_74b.cpp	59
/home/swlab-jueon/swvul/tools/java-vuln-detection/slicing/output/CPG/c/cwe563_cpg/cwe563-480-cpg-resolved.bin	tc480_flow3	CWE563_Unused_Variable__unused_value_struct_74a.cpp	59	CWE563_Unused_Variable__unused_value_struct_74b.cpp	49
/home/swlab-jueon/swvul/tools/java-vuln-detection/slicing/output/CPG/c/cwe563_cpg/cwe563-481-cpg-resolved.bin	tc481_flow1	CWE563_Unused_Variable__unused_value_struct_81a.cpp	30	CWE563_Unused_Variable__unused_value_struct_81_bad.cpp	28
/home/swlab-jueon/swvul/tools/java-vuln-detection/slicing/output/CPG/c/cwe563_cpg/cwe563-481-cpg-resolved.bin	tc481_flow2	CWE563_Unused_Variable__unused_value_struct_81a.cpp	57	CWE563_Unused_Variable__unused_value_struct_81_goodB2G.cpp	28
/home/swlab-jueon/swvul/tools/java-vuln-detection/slicing/output/CPG/c/cwe563_cpg/cwe563-481-cpg-resolved.bin	tc481_flow3	CWE563_Unused_Variable__unused_value_struct_81a.cpp	45	CWE563_Unused_Variable__unused_value_struct_81_goodG2B.cpp	28
/home/swlab-jueon/swvul/tools/java-vuln-detection/slicing/output/CPG/c/cwe563_cpg/cwe563-482-cpg-resolved.bin	tc482_flow1	CWE563_Unused_Variable__unused_value_struct_82a.cpp	30	CWE563_Unused_Variable__unused_value_struct_82_bad.cpp	28
/home/swlab-jueon/swvul/tools/java-vuln-detection/slicing/output/CPG/c/cwe563_cpg/cwe563-482-cpg-resolved.bin	tc482_flow2	CWE563_Unused_Variable__unused_value_struct_82a.cpp	59	CWE563_Unused_Variable__unused_value_struct_82_goodB2G.cpp	28
/home/swlab-jueon/swvul/tools/java-vuln-detection/slicing/output/CPG/c/cwe563_cpg/cwe563-482-cpg-resolved.bin	tc482_flow3	CWE563_Unused_Variable__unused_value_struct_82a.cpp	46	CWE563_Unused_Variable__unused_value_struct_82_goodG2B.cpp	28
/home/swlab-jueon/swvul/tools/java-vuln-detection/slicing/output/CPG/c/cwe563_cpg/cwe563-483-cpg-resolved.bin	tc483_flow1	CWE563_Unused_Variable__unused_value_struct_83_bad.cpp	28	CWE563_Unused_Variable__unused_value_struct_83_bad.cpp	35
/home/swlab-jueon/swvul/tools/java-vuln-detection/slicing/output/CPG/c/cwe563_cpg/cwe563-483-cpg-resolved.bin	tc483_flow2	CWE563_Unused_Variable__unused_value_struct_83_goodB2G.cpp	28	CWE563_Unused_Variable__unused_value_struct_83_goodB2G.cpp	35
/home/swlab-jueon/swvul/tools/java-vuln-detection/slicing/output/CPG/c/cwe563_cpg/cwe563-483-cpg-resolved.bin	tc483_flow3	CWE563_Unused_Variable__unused_value_struct_83_goodG2B.cpp	28	CWE563_Unused_Variable__unused_value_struct_83_goodG2B.cpp	36
/home/swlab-jueon/swvul/tools/java-vuln-detection/slicing/output/CPG/c/cwe563_cpg/cwe563-484-cpg-resolved.bin	tc484_flow1	CWE563_Unused_Variable__unused_value_struct_84_bad.cpp	28	CWE563_Unused_Variable__unused_value_struct_84_bad.cpp	35
/home/swlab-jueon/swvul/tools/java-vuln-detection/slicing/output/CPG/c/cwe563_cpg/cwe563-484-cpg-resolved.bin	tc484_flow2	CWE563_Unused_Variable__unused_value_struct_84_goodB2G.cpp	28	CWE563_Unused_Variable__unused_value_struct_84_goodB2G.cpp	35
/home/swlab-jueon/swvul/tools/java-vuln-detection/slicing/output/CPG/c/cwe563_cpg/cwe563-484-cpg-resolved.bin	tc484_flow3	CWE563_Unused_Variable__unused_value_struct_84_goodG2B.cpp	28	CWE563_Unused_Variable__unused_value_struct_84_goodG2B.cpp	36
/home/swlab-jueon/swvul/tools/java-vuln-detection/slicing/output/CPG/c/cwe563_cpg/cwe563-485-cpg-resolved.bin	tc485_flow1	CWE563_Unused_Variable__unused_value_wchar_t_01.c	28	CWE563_Unused_Variable__unused_value_wchar_t_01.c	30
/home/swlab-jueon/swvul/tools/java-vuln-detection/slicing/output/CPG/c/cwe563_cpg/cwe563-485-cpg-resolved.bin	tc485_flow2	CWE563_Unused_Variable__unused_value_wchar_t_01.c	55	CWE563_Unused_Variable__unused_value_wchar_t_01.c	57
/home/swlab-jueon/swvul/tools/java-vuln-detection/slicing/output/CPG/c/cwe563_cpg/cwe563-485-cpg-resolved.bin	tc485_flow3	CWE563_Unused_Variable__unused_value_wchar_t_01.c	43	CWE563_Unused_Variable__unused_value_wchar_t_01.c	46
/home/swlab-jueon/swvul/tools/java-vuln-detection/slicing/output/CPG/c/cwe563_cpg/cwe563-486-cpg-resolved.bin	tc486_flow1	CWE563_Unused_Variable__unused_value_wchar_t_02.c	30	CWE563_Unused_Variable__unused_value_wchar_t_02.c	35
/home/swlab-jueon/swvul/tools/java-vuln-detection/slicing/output/CPG/c/cwe563_cpg/cwe563-486-cpg-resolved.bin	tc486_flow2	CWE563_Unused_Variable__unused_value_wchar_t_02.c	51	CWE563_Unused_Variable__unused_value_wchar_t_02.c	61
/home/swlab-jueon/swvul/tools/java-vuln-detection/slicing/output/CPG/c/cwe563_cpg/cwe563-486-cpg-resolved.bin	tc486_flow3	CWE563_Unused_Variable__unused_value_wchar_t_02.c	72	CWE563_Unused_Variable__unused_value_wchar_t_02.c	77
/home/swlab-jueon/swvul/tools/java-vuln-detection/slicing/output/CPG/c/cwe563_cpg/cwe563-486-cpg-resolved.bin	tc486_flow4	CWE563_Unused_Variable__unused_value_wchar_t_02.c	93	CWE563_Unused_Variable__unused_value_wchar_t_02.c	99
/home/swlab-jueon/swvul/tools/java-vuln-detection/slicing/output/CPG/c/cwe563_cpg/cwe563-486-cpg-resolved.bin	tc486_flow5	CWE563_Unused_Variable__unused_value_wchar_t_02.c	111	CWE563_Unused_Variable__unused_value_wchar_t_02.c	117
/home/swlab-jueon/swvul/tools/java-vuln-detection/slicing/output/CPG/c/cwe563_cpg/cwe563-487-cpg-resolved.bin	tc487_flow1	CWE563_Unused_Variable__unused_value_wchar_t_03.c	30	CWE563_Unused_Variable__unused_value_wchar_t_03.c	35
/home/swlab-jueon/swvul/tools/java-vuln-detection/slicing/output/CPG/c/cwe563_cpg/cwe563-487-cpg-resolved.bin	tc487_flow2	CWE563_Unused_Variable__unused_value_wchar_t_03.c	51	CWE563_Unused_Variable__unused_value_wchar_t_03.c	61
/home/swlab-jueon/swvul/tools/java-vuln-detection/slicing/output/CPG/c/cwe563_cpg/cwe563-487-cpg-resolved.bin	tc487_flow3	CWE563_Unused_Variable__unused_value_wchar_t_03.c	72	CWE563_Unused_Variable__unused_value_wchar_t_03.c	77
/home/swlab-jueon/swvul/tools/java-vuln-detection/slicing/output/CPG/c/cwe563_cpg/cwe563-487-cpg-resolved.bin	tc487_flow4	CWE563_Unused_Variable__unused_value_wchar_t_03.c	93	CWE563_Unused_Variable__unused_value_wchar_t_03.c	99
/home/swlab-jueon/swvul/tools/java-vuln-detection/slicing/output/CPG/c/cwe563_cpg/cwe563-487-cpg-resolved.bin	tc487_flow5	CWE563_Unused_Variable__unused_value_wchar_t_03.c	111	CWE563_Unused_Variable__unused_value_wchar_t_03.c	117
/home/swlab-jueon/swvul/tools/java-vuln-detection/slicing/output/CPG/c/cwe563_cpg/cwe563-488-cpg-resolved.bin	tc488_flow1	CWE563_Unused_Variable__unused_value_wchar_t_04.c	36	CWE563_Unused_Variable__unused_value_wchar_t_04.c	41
/home/swlab-jueon/swvul/tools/java-vuln-detection/slicing/output/CPG/c/cwe563_cpg/cwe563-488-cpg-resolved.bin	tc488_flow2	CWE563_Unused_Variable__unused_value_wchar_t_04.c	57	CWE563_Unused_Variable__unused_value_wchar_t_04.c	67
/home/swlab-jueon/swvul/tools/java-vuln-detection/slicing/output/CPG/c/cwe563_cpg/cwe563-488-cpg-resolved.bin	tc488_flow3	CWE563_Unused_Variable__unused_value_wchar_t_04.c	78	CWE563_Unused_Variable__unused_value_wchar_t_04.c	83
/home/swlab-jueon/swvul/tools/java-vuln-detection/slicing/output/CPG/c/cwe563_cpg/cwe563-488-cpg-resolved.bin	tc488_flow4	CWE563_Unused_Variable__unused_value_wchar_t_04.c	99	CWE563_Unused_Variable__unused_value_wchar_t_04.c	105
/home/swlab-jueon/swvul/tools/java-vuln-detection/slicing/output/CPG/c/cwe563_cpg/cwe563-488-cpg-resolved.bin	tc488_flow5	CWE563_Unused_Variable__unused_value_wchar_t_04.c	117	CWE563_Unused_Variable__unused_value_wchar_t_04.c	123
/home/swlab-jueon/swvul/tools/java-vuln-detection/slicing/output/CPG/c/cwe563_cpg/cwe563-489-cpg-resolved.bin	tc489_flow1	CWE563_Unused_Variable__unused_value_wchar_t_05.c	36	CWE563_Unused_Variable__unused_value_wchar_t_05.c	41
/home/swlab-jueon/swvul/tools/java-vuln-detection/slicing/output/CPG/c/cwe563_cpg/cwe563-489-cpg-resolved.bin	tc489_flow2	CWE563_Unused_Variable__unused_value_wchar_t_05.c	57	CWE563_Unused_Variable__unused_value_wchar_t_05.c	67
/home/swlab-jueon/swvul/tools/java-vuln-detection/slicing/output/CPG/c/cwe563_cpg/cwe563-489-cpg-resolved.bin	tc489_flow3	CWE563_Unused_Variable__unused_value_wchar_t_05.c	78	CWE563_Unused_Variable__unused_value_wchar_t_05.c	83
/home/swlab-jueon/swvul/tools/java-vuln-detection/slicing/output/CPG/c/cwe563_cpg/cwe563-489-cpg-resolved.bin	tc489_flow4	CWE563_Unused_Variable__unused_value_wchar_t_05.c	99	CWE563_Unused_Variable__unused_value_wchar_t_05.c	105
/home/swlab-jueon/swvul/tools/java-vuln-detection/slicing/output/CPG/c/cwe563_cpg/cwe563-489-cpg-resolved.bin	tc489_flow5	CWE563_Unused_Variable__unused_value_wchar_t_05.c	117	CWE563_Unused_Variable__unused_value_wchar_t_05.c	123
/home/swlab-jueon/swvul/tools/java-vuln-detection/slicing/output/CPG/c/cwe563_cpg/cwe563-490-cpg-resolved.bin	tc490_flow1	CWE563_Unused_Variable__unused_value_wchar_t_06.c	35	CWE563_Unused_Variable__unused_value_wchar_t_06.c	40
/home/swlab-jueon/swvul/tools/java-vuln-detection/slicing/output/CPG/c/cwe563_cpg/cwe563-490-cpg-resolved.bin	tc490_flow2	CWE563_Unused_Variable__unused_value_wchar_t_06.c	56	CWE563_Unused_Variable__unused_value_wchar_t_06.c	66
/home/swlab-jueon/swvul/tools/java-vuln-detection/slicing/output/CPG/c/cwe563_cpg/cwe563-490-cpg-resolved.bin	tc490_flow3	CWE563_Unused_Variable__unused_value_wchar_t_06.c	77	CWE563_Unused_Variable__unused_value_wchar_t_06.c	82
/home/swlab-jueon/swvul/tools/java-vuln-detection/slicing/output/CPG/c/cwe563_cpg/cwe563-490-cpg-resolved.bin	tc490_flow4	CWE563_Unused_Variable__unused_value_wchar_t_06.c	98	CWE563_Unused_Variable__unused_value_wchar_t_06.c	104
/home/swlab-jueon/swvul/tools/java-vuln-detection/slicing/output/CPG/c/cwe563_cpg/cwe563-490-cpg-resolved.bin	tc490_flow5	CWE563_Unused_Variable__unused_value_wchar_t_06.c	116	CWE563_Unused_Variable__unused_value_wchar_t_06.c	122
/home/swlab-jueon/swvul/tools/java-vuln-detection/slicing/output/CPG/c/cwe563_cpg/cwe563-491-cpg-resolved.bin	tc491_flow1	CWE563_Unused_Variable__unused_value_wchar_t_07.c	35	CWE563_Unused_Variable__unused_value_wchar_t_07.c	40
/home/swlab-jueon/swvul/tools/java-vuln-detection/slicing/output/CPG/c/cwe563_cpg/cwe563-491-cpg-resolved.bin	tc491_flow2	CWE563_Unused_Variable__unused_value_wchar_t_07.c	56	CWE563_Unused_Variable__unused_value_wchar_t_07.c	66
/home/swlab-jueon/swvul/tools/java-vuln-detection/slicing/output/CPG/c/cwe563_cpg/cwe563-491-cpg-resolved.bin	tc491_flow3	CWE563_Unused_Variable__unused_value_wchar_t_07.c	77	CWE563_Unused_Variable__unused_value_wchar_t_07.c	82
/home/swlab-jueon/swvul/tools/java-vuln-detection/slicing/output/CPG/c/cwe563_cpg/cwe563-491-cpg-resolved.bin	tc491_flow4	CWE563_Unused_Variable__unused_value_wchar_t_07.c	98	CWE563_Unused_Variable__unused_value_wchar_t_07.c	104
/home/swlab-jueon/swvul/tools/java-vuln-detection/slicing/output/CPG/c/cwe563_cpg/cwe563-491-cpg-resolved.bin	tc491_flow5	CWE563_Unused_Variable__unused_value_wchar_t_07.c	116	CWE563_Unused_Variable__unused_value_wchar_t_07.c	122
/home/swlab-jueon/swvul/tools/java-vuln-detection/slicing/output/CPG/c/cwe563_cpg/cwe563-492-cpg-resolved.bin	tc492_flow1	CWE563_Unused_Variable__unused_value_wchar_t_08.c	43	CWE563_Unused_Variable__unused_value_wchar_t_08.c	48
/home/swlab-jueon/swvul/tools/java-vuln-detection/slicing/output/CPG/c/cwe563_cpg/cwe563-492-cpg-resolved.bin	tc492_flow2	CWE563_Unused_Variable__unused_value_wchar_t_08.c	64	CWE563_Unused_Variable__unused_value_wchar_t_08.c	74
/home/swlab-jueon/swvul/tools/java-vuln-detection/slicing/output/CPG/c/cwe563_cpg/cwe563-492-cpg-resolved.bin	tc492_flow3	CWE563_Unused_Variable__unused_value_wchar_t_08.c	85	CWE563_Unused_Variable__unused_value_wchar_t_08.c	90
/home/swlab-jueon/swvul/tools/java-vuln-detection/slicing/output/CPG/c/cwe563_cpg/cwe563-492-cpg-resolved.bin	tc492_flow4	CWE563_Unused_Variable__unused_value_wchar_t_08.c	106	CWE563_Unused_Variable__unused_value_wchar_t_08.c	112
/home/swlab-jueon/swvul/tools/java-vuln-detection/slicing/output/CPG/c/cwe563_cpg/cwe563-492-cpg-resolved.bin	tc492_flow5	CWE563_Unused_Variable__unused_value_wchar_t_08.c	124	CWE563_Unused_Variable__unused_value_wchar_t_08.c	130
/home/swlab-jueon/swvul/tools/java-vuln-detection/slicing/output/CPG/c/cwe563_cpg/cwe563-493-cpg-resolved.bin	tc493_flow1	CWE563_Unused_Variable__unused_value_wchar_t_09.c	30	CWE563_Unused_Variable__unused_value_wchar_t_09.c	35
/home/swlab-jueon/swvul/tools/java-vuln-detection/slicing/output/CPG/c/cwe563_cpg/cwe563-493-cpg-resolved.bin	tc493_flow2	CWE563_Unused_Variable__unused_value_wchar_t_09.c	51	CWE563_Unused_Variable__unused_value_wchar_t_09.c	61
/home/swlab-jueon/swvul/tools/java-vuln-detection/slicing/output/CPG/c/cwe563_cpg/cwe563-493-cpg-resolved.bin	tc493_flow3	CWE563_Unused_Variable__unused_value_wchar_t_09.c	72	CWE563_Unused_Variable__unused_value_wchar_t_09.c	77
/home/swlab-jueon/swvul/tools/java-vuln-detection/slicing/output/CPG/c/cwe563_cpg/cwe563-493-cpg-resolved.bin	tc493_flow4	CWE563_Unused_Variable__unused_value_wchar_t_09.c	93	CWE563_Unused_Variable__unused_value_wchar_t_09.c	99
/home/swlab-jueon/swvul/tools/java-vuln-detection/slicing/output/CPG/c/cwe563_cpg/cwe563-493-cpg-resolved.bin	tc493_flow5	CWE563_Unused_Variable__unused_value_wchar_t_09.c	111	CWE563_Unused_Variable__unused_value_wchar_t_09.c	117
/home/swlab-jueon/swvul/tools/java-vuln-detection/slicing/output/CPG/c/cwe563_cpg/cwe563-494-cpg-resolved.bin	tc494_flow1	CWE563_Unused_Variable__unused_value_wchar_t_10.c	30	CWE563_Unused_Variable__unused_value_wchar_t_10.c	35
/home/swlab-jueon/swvul/tools/java-vuln-detection/slicing/output/CPG/c/cwe563_cpg/cwe563-494-cpg-resolved.bin	tc494_flow2	CWE563_Unused_Variable__unused_value_wchar_t_10.c	51	CWE563_Unused_Variable__unused_value_wchar_t_10.c	61
/home/swlab-jueon/swvul/tools/java-vuln-detection/slicing/output/CPG/c/cwe563_cpg/cwe563-494-cpg-resolved.bin	tc494_flow3	CWE563_Unused_Variable__unused_value_wchar_t_10.c	72	CWE563_Unused_Variable__unused_value_wchar_t_10.c	77
/home/swlab-jueon/swvul/tools/java-vuln-detection/slicing/output/CPG/c/cwe563_cpg/cwe563-494-cpg-resolved.bin	tc494_flow4	CWE563_Unused_Variable__unused_value_wchar_t_10.c	93	CWE563_Unused_Variable__unused_value_wchar_t_10.c	99
/home/swlab-jueon/swvul/tools/java-vuln-detection/slicing/output/CPG/c/cwe563_cpg/cwe563-494-cpg-resolved.bin	tc494_flow5	CWE563_Unused_Variable__unused_value_wchar_t_10.c	111	CWE563_Unused_Variable__unused_value_wchar_t_10.c	117
/home/swlab-jueon/swvul/tools/java-vuln-detection/slicing/output/CPG/c/cwe563_cpg/cwe563-495-cpg-resolved.bin	tc495_flow1	CWE563_Unused_Variable__unused_value_wchar_t_11.c	30	CWE563_Unused_Variable__unused_value_wchar_t_11.c	35
/home/swlab-jueon/swvul/tools/java-vuln-detection/slicing/output/CPG/c/cwe563_cpg/cwe563-495-cpg-resolved.bin	tc495_flow2	CWE563_Unused_Variable__unused_value_wchar_t_11.c	51	CWE563_Unused_Variable__unused_value_wchar_t_11.c	61
/home/swlab-jueon/swvul/tools/java-vuln-detection/slicing/output/CPG/c/cwe563_cpg/cwe563-495-cpg-resolved.bin	tc495_flow3	CWE563_Unused_Variable__unused_value_wchar_t_11.c	72	CWE563_Unused_Variable__unused_value_wchar_t_11.c	77
/home/swlab-jueon/swvul/tools/java-vuln-detection/slicing/output/CPG/c/cwe563_cpg/cwe563-495-cpg-resolved.bin	tc495_flow4	CWE563_Unused_Variable__unused_value_wchar_t_11.c	93	CWE563_Unused_Variable__unused_value_wchar_t_11.c	99
/home/swlab-jueon/swvul/tools/java-vuln-detection/slicing/output/CPG/c/cwe563_cpg/cwe563-495-cpg-resolved.bin	tc495_flow5	CWE563_Unused_Variable__unused_value_wchar_t_11.c	111	CWE563_Unused_Variable__unused_value_wchar_t_11.c	117
/home/swlab-jueon/swvul/tools/java-vuln-detection/slicing/output/CPG/c/cwe563_cpg/cwe563-496-cpg-resolved.bin	tc496_flow1	CWE563_Unused_Variable__unused_value_wchar_t_13.c	30	CWE563_Unused_Variable__unused_value_wchar_t_13.c	35
/home/swlab-jueon/swvul/tools/java-vuln-detection/slicing/output/CPG/c/cwe563_cpg/cwe563-496-cpg-resolved.bin	tc496_flow2	CWE563_Unused_Variable__unused_value_wchar_t_13.c	51	CWE563_Unused_Variable__unused_value_wchar_t_13.c	61
/home/swlab-jueon/swvul/tools/java-vuln-detection/slicing/output/CPG/c/cwe563_cpg/cwe563-496-cpg-resolved.bin	tc496_flow3	CWE563_Unused_Variable__unused_value_wchar_t_13.c	72	CWE563_Unused_Variable__unused_value_wchar_t_13.c	77
/home/swlab-jueon/swvul/tools/java-vuln-detection/slicing/output/CPG/c/cwe563_cpg/cwe563-496-cpg-resolved.bin	tc496_flow4	CWE563_Unused_Variable__unused_value_wchar_t_13.c	93	CWE563_Unused_Variable__unused_value_wchar_t_13.c	99
/home/swlab-jueon/swvul/tools/java-vuln-detection/slicing/output/CPG/c/cwe563_cpg/cwe563-496-cpg-resolved.bin	tc496_flow5	CWE563_Unused_Variable__unused_value_wchar_t_13.c	111	CWE563_Unused_Variable__unused_value_wchar_t_13.c	117
/home/swlab-jueon/swvul/tools/java-vuln-detection/slicing/output/CPG/c/cwe563_cpg/cwe563-497-cpg-resolved.bin	tc497_flow1	CWE563_Unused_Variable__unused_value_wchar_t_14.c	30	CWE563_Unused_Variable__unused_value_wchar_t_14.c	35
/home/swlab-jueon/swvul/tools/java-vuln-detection/slicing/output/CPG/c/cwe563_cpg/cwe563-497-cpg-resolved.bin	tc497_flow2	CWE563_Unused_Variable__unused_value_wchar_t_14.c	51	CWE563_Unused_Variable__unused_value_wchar_t_14.c	61
/home/swlab-jueon/swvul/tools/java-vuln-detection/slicing/output/CPG/c/cwe563_cpg/cwe563-497-cpg-resolved.bin	tc497_flow3	CWE563_Unused_Variable__unused_value_wchar_t_14.c	72	CWE563_Unused_Variable__unused_value_wchar_t_14.c	77
/home/swlab-jueon/swvul/tools/java-vuln-detection/slicing/output/CPG/c/cwe563_cpg/cwe563-497-cpg-resolved.bin	tc497_flow4	CWE563_Unused_Variable__unused_value_wchar_t_14.c	93	CWE563_Unused_Variable__unused_value_wchar_t_14.c	99
/home/swlab-jueon/swvul/tools/java-vuln-detection/slicing/output/CPG/c/cwe563_cpg/cwe563-497-cpg-resolved.bin	tc497_flow5	CWE563_Unused_Variable__unused_value_wchar_t_14.c	111	CWE563_Unused_Variable__unused_value_wchar_t_14.c	117
/home/swlab-jueon/swvul/tools/java-vuln-detection/slicing/output/CPG/c/cwe563_cpg/cwe563-498-cpg-resolved.bin	tc498_flow1	CWE563_Unused_Variable__unused_value_wchar_t_15.c	31	CWE563_Unused_Variable__unused_value_wchar_t_15.c	42
/home/swlab-jueon/swvul/tools/java-vuln-detection/slicing/output/CPG/c/cwe563_cpg/cwe563-498-cpg-resolved.bin	tc498_flow2	CWE563_Unused_Variable__unused_value_wchar_t_15.c	64	CWE563_Unused_Variable__unused_value_wchar_t_15.c	79
/home/swlab-jueon/swvul/tools/java-vuln-detection/slicing/output/CPG/c/cwe563_cpg/cwe563-498-cpg-resolved.bin	tc498_flow3	CWE563_Unused_Variable__unused_value_wchar_t_15.c	92	CWE563_Unused_Variable__unused_value_wchar_t_15.c	103
/home/swlab-jueon/swvul/tools/java-vuln-detection/slicing/output/CPG/c/cwe563_cpg/cwe563-498-cpg-resolved.bin	tc498_flow4	CWE563_Unused_Variable__unused_value_wchar_t_15.c	124	CWE563_Unused_Variable__unused_value_wchar_t_15.c	132
/home/swlab-jueon/swvul/tools/java-vuln-detection/slicing/output/CPG/c/cwe563_cpg/cwe563-498-cpg-resolved.bin	tc498_flow5	CWE563_Unused_Variable__unused_value_wchar_t_15.c	150	CWE563_Unused_Variable__unused_value_wchar_t_15.c	162
/home/swlab-jueon/swvul/tools/java-vuln-detection/slicing/output/CPG/c/cwe563_cpg/cwe563-499-cpg-resolved.bin	tc499_flow1	CWE563_Unused_Variable__unused_value_wchar_t_16.c	30	CWE563_Unused_Variable__unused_value_wchar_t_16.c	36
/home/swlab-jueon/swvul/tools/java-vuln-detection/slicing/output/CPG/c/cwe563_cpg/cwe563-499-cpg-resolved.bin	tc499_flow2	CWE563_Unused_Variable__unused_value_wchar_t_16.c	53	CWE563_Unused_Variable__unused_value_wchar_t_16.c	59
/home/swlab-jueon/swvul/tools/java-vuln-detection/slicing/output/CPG/c/cwe563_cpg/cwe563-499-cpg-resolved.bin	tc499_flow3	CWE563_Unused_Variable__unused_value_wchar_t_16.c	71	CWE563_Unused_Variable__unused_value_wchar_t_16.c	78
/home/swlab-jueon/swvul/tools/java-vuln-detection/slicing/output/CPG/c/cwe563_cpg/cwe563-500-cpg-resolved.bin	tc500_flow1	CWE563_Unused_Variable__unused_value_wchar_t_17.c	31	CWE563_Unused_Variable__unused_value_wchar_t_17.c	36
/home/swlab-jueon/swvul/tools/java-vuln-detection/slicing/output/CPG/c/cwe563_cpg/cwe563-500-cpg-resolved.bin	tc500_flow2	CWE563_Unused_Variable__unused_value_wchar_t_17.c	53	CWE563_Unused_Variable__unused_value_wchar_t_17.c	58
/home/swlab-jueon/swvul/tools/java-vuln-detection/slicing/output/CPG/c/cwe563_cpg/cwe563-500-cpg-resolved.bin	tc500_flow3	CWE563_Unused_Variable__unused_value_wchar_t_17.c	70	CWE563_Unused_Variable__unused_value_wchar_t_17.c	76
/home/swlab-jueon/swvul/tools/java-vuln-detection/slicing/output/CPG/c/cwe563_cpg/cwe563-501-cpg-resolved.bin	tc501_flow1	CWE563_Unused_Variable__unused_value_wchar_t_18.c	30	CWE563_Unused_Variable__unused_value_wchar_t_18.c	34
/home/swlab-jueon/swvul/tools/java-vuln-detection/slicing/output/CPG/c/cwe563_cpg/cwe563-501-cpg-resolved.bin	tc501_flow2	CWE563_Unused_Variable__unused_value_wchar_t_18.c	49	CWE563_Unused_Variable__unused_value_wchar_t_18.c	53
/home/swlab-jueon/swvul/tools/java-vuln-detection/slicing/output/CPG/c/cwe563_cpg/cwe563-501-cpg-resolved.bin	tc501_flow3	CWE563_Unused_Variable__unused_value_wchar_t_18.c	63	CWE563_Unused_Variable__unused_value_wchar_t_18.c	68
/home/swlab-jueon/swvul/tools/java-vuln-detection/slicing/output/CPG/c/cwe563_cpg/cwe563-502-cpg-resolved.bin	tc502_flow1	CWE563_Unused_Variable__unused_value_wchar_t_21.c	41	CWE563_Unused_Variable__unused_value_wchar_t_21.c	32
/home/swlab-jueon/swvul/tools/java-vuln-detection/slicing/output/CPG/c/cwe563_cpg/cwe563-502-cpg-resolved.bin	tc502_flow2	CWE563_Unused_Variable__unused_value_wchar_t_21.c	74	CWE563_Unused_Variable__unused_value_wchar_t_21.c	66
/home/swlab-jueon/swvul/tools/java-vuln-detection/slicing/output/CPG/c/cwe563_cpg/cwe563-502-cpg-resolved.bin	tc502_flow3	CWE563_Unused_Variable__unused_value_wchar_t_21.c	93	CWE563_Unused_Variable__unused_value_wchar_t_21.c	85
/home/swlab-jueon/swvul/tools/java-vuln-detection/slicing/output/CPG/c/cwe563_cpg/cwe563-502-cpg-resolved.bin	tc502_flow4	CWE563_Unused_Variable__unused_value_wchar_t_21.c	113	CWE563_Unused_Variable__unused_value_wchar_t_21.c	104
/home/swlab-jueon/swvul/tools/java-vuln-detection/slicing/output/CPG/c/cwe563_cpg/cwe563-503-cpg-resolved.bin	tc503_flow1	CWE563_Unused_Variable__unused_value_wchar_t_22a.c	33	CWE563_Unused_Variable__unused_value_wchar_t_22b.c	32
/home/swlab-jueon/swvul/tools/java-vuln-detection/slicing/output/CPG/c/cwe563_cpg/cwe563-503-cpg-resolved.bin	tc503_flow2	CWE563_Unused_Variable__unused_value_wchar_t_22a.c	54	CWE563_Unused_Variable__unused_value_wchar_t_22b.c	57
/home/swlab-jueon/swvul/tools/java-vuln-detection/slicing/output/CPG/c/cwe563_cpg/cwe563-503-cpg-resolved.bin	tc503_flow3	CWE563_Unused_Variable__unused_value_wchar_t_22a.c	66	CWE563_Unused_Variable__unused_value_wchar_t_22b.c	67
/home/swlab-jueon/swvul/tools/java-vuln-detection/slicing/output/CPG/c/cwe563_cpg/cwe563-503-cpg-resolved.bin	tc503_flow4	CWE563_Unused_Variable__unused_value_wchar_t_22a.c	78	CWE563_Unused_Variable__unused_value_wchar_t_22b.c	77
/home/swlab-jueon/swvul/tools/java-vuln-detection/slicing/output/CPG/c/cwe563_cpg/cwe563-504-cpg-resolved.bin	tc504_flow1	CWE563_Unused_Variable__unused_value_wchar_t_33.cpp	32	CWE563_Unused_Variable__unused_value_wchar_t_33.cpp	36
/home/swlab-jueon/swvul/tools/java-vuln-detection/slicing/output/CPG/c/cwe563_cpg/cwe563-504-cpg-resolved.bin	tc504_flow2	CWE563_Unused_Variable__unused_value_wchar_t_33.cpp	67	CWE563_Unused_Variable__unused_value_wchar_t_33.cpp	71
/home/swlab-jueon/swvul/tools/java-vuln-detection/slicing/output/CPG/c/cwe563_cpg/cwe563-504-cpg-resolved.bin	tc504_flow3	CWE563_Unused_Variable__unused_value_wchar_t_33.cpp	51	CWE563_Unused_Variable__unused_value_wchar_t_33.cpp	56
/home/swlab-jueon/swvul/tools/java-vuln-detection/slicing/output/CPG/c/cwe563_cpg/cwe563-505-cpg-resolved.bin	tc505_flow1	CWE563_Unused_Variable__unused_value_wchar_t_43.cpp	30	CWE563_Unused_Variable__unused_value_wchar_t_43.cpp	38
/home/swlab-jueon/swvul/tools/java-vuln-detection/slicing/output/CPG/c/cwe563_cpg/cwe563-505-cpg-resolved.bin	tc505_flow2	CWE563_Unused_Variable__unused_value_wchar_t_43.cpp	67	CWE563_Unused_Variable__unused_value_wchar_t_43.cpp	75
/home/swlab-jueon/swvul/tools/java-vuln-detection/slicing/output/CPG/c/cwe563_cpg/cwe563-505-cpg-resolved.bin	tc505_flow3	CWE563_Unused_Variable__unused_value_wchar_t_43.cpp	50	CWE563_Unused_Variable__unused_value_wchar_t_43.cpp	59
/home/swlab-jueon/swvul/tools/java-vuln-detection/slicing/output/CPG/c/cwe563_cpg/cwe563-506-cpg-resolved.bin	tc506_flow1	CWE563_Unused_Variable__unused_value_wchar_t_72a.cpp	38	CWE563_Unused_Variable__unused_value_wchar_t_72b.cpp	35
/home/swlab-jueon/swvul/tools/java-vuln-detection/slicing/output/CPG/c/cwe563_cpg/cwe563-506-cpg-resolved.bin	tc506_flow2	CWE563_Unused_Variable__unused_value_wchar_t_72a.cpp	75	CWE563_Unused_Variable__unused_value_wchar_t_72b.cpp	57
/home/swlab-jueon/swvul/tools/java-vuln-detection/slicing/output/CPG/c/cwe563_cpg/cwe563-506-cpg-resolved.bin	tc506_flow3	CWE563_Unused_Variable__unused_value_wchar_t_72a.cpp	58	CWE563_Unused_Variable__unused_value_wchar_t_72b.cpp	48
/home/swlab-jueon/swvul/tools/java-vuln-detection/slicing/output/CPG/c/cwe563_cpg/cwe563-507-cpg-resolved.bin	tc507_flow1	CWE563_Unused_Variable__unused_value_wchar_t_73a.cpp	38	CWE563_Unused_Variable__unused_value_wchar_t_73b.cpp	35
/home/swlab-jueon/swvul/tools/java-vuln-detection/slicing/output/CPG/c/cwe563_cpg/cwe563-507-cpg-resolved.bin	tc507_flow2	CWE563_Unused_Variable__unused_value_wchar_t_73a.cpp	75	CWE563_Unused_Variable__unused_value_wchar_t_73b.cpp	57
/home/swlab-jueon/swvul/tools/java-vuln-detection/slicing/output/CPG/c/cwe563_cpg/cwe563-507-cpg-resolved.bin	tc507_flow3	CWE563_Unused_Variable__unused_value_wchar_t_73a.cpp	58	CWE563_Unused_Variable__unused_value_wchar_t_73b.cpp	48
/home/swlab-jueon/swvul/tools/java-vuln-detection/slicing/output/CPG/c/cwe563_cpg/cwe563-508-cpg-resolved.bin	tc508_flow1	CWE563_Unused_Variable__unused_value_wchar_t_74a.cpp	38	CWE563_Unused_Variable__unused_value_wchar_t_74b.cpp	35
/home/swlab-jueon/swvul/tools/java-vuln-detection/slicing/output/CPG/c/cwe563_cpg/cwe563-508-cpg-resolved.bin	tc508_flow2	CWE563_Unused_Variable__unused_value_wchar_t_74a.cpp	75	CWE563_Unused_Variable__unused_value_wchar_t_74b.cpp	57
/home/swlab-jueon/swvul/tools/java-vuln-detection/slicing/output/CPG/c/cwe563_cpg/cwe563-508-cpg-resolved.bin	tc508_flow3	CWE563_Unused_Variable__unused_value_wchar_t_74a.cpp	58	CWE563_Unused_Variable__unused_value_wchar_t_74b.cpp	48
/home/swlab-jueon/swvul/tools/java-vuln-detection/slicing/output/CPG/c/cwe563_cpg/cwe563-509-cpg-resolved.bin	tc509_flow1	CWE563_Unused_Variable__unused_value_wchar_t_81a.cpp	30	CWE563_Unused_Variable__unused_value_wchar_t_81_bad.cpp	28
/home/swlab-jueon/swvul/tools/java-vuln-detection/slicing/output/CPG/c/cwe563_cpg/cwe563-509-cpg-resolved.bin	tc509_flow2	CWE563_Unused_Variable__unused_value_wchar_t_81a.cpp	55	CWE563_Unused_Variable__unused_value_wchar_t_81_goodB2G.cpp	28
/home/swlab-jueon/swvul/tools/java-vuln-detection/slicing/output/CPG/c/cwe563_cpg/cwe563-509-cpg-resolved.bin	tc509_flow3	CWE563_Unused_Variable__unused_value_wchar_t_81a.cpp	44	CWE563_Unused_Variable__unused_value_wchar_t_81_goodG2B.cpp	28
/home/swlab-jueon/swvul/tools/java-vuln-detection/slicing/output/CPG/c/cwe563_cpg/cwe563-510-cpg-resolved.bin	tc510_flow1	CWE563_Unused_Variable__unused_value_wchar_t_82a.cpp	30	CWE563_Unused_Variable__unused_value_wchar_t_82_bad.cpp	28
/home/swlab-jueon/swvul/tools/java-vuln-detection/slicing/output/CPG/c/cwe563_cpg/cwe563-510-cpg-resolved.bin	tc510_flow2	CWE563_Unused_Variable__unused_value_wchar_t_82a.cpp	57	CWE563_Unused_Variable__unused_value_wchar_t_82_goodB2G.cpp	28
/home/swlab-jueon/swvul/tools/java-vuln-detection/slicing/output/CPG/c/cwe563_cpg/cwe563-510-cpg-resolved.bin	tc510_flow3	CWE563_Unused_Variable__unused_value_wchar_t_82a.cpp	45	CWE563_Unused_Variable__unused_value_wchar_t_82_goodG2B.cpp	28
/home/swlab-jueon/swvul/tools/java-vuln-detection/slicing/output/CPG/c/cwe563_cpg/cwe563-511-cpg-resolved.bin	tc511_flow1	CWE563_Unused_Variable__unused_value_wchar_t_83_bad.cpp	28	CWE563_Unused_Variable__unused_value_wchar_t_83_bad.cpp	34
/home/swlab-jueon/swvul/tools/java-vuln-detection/slicing/output/CPG/c/cwe563_cpg/cwe563-511-cpg-resolved.bin	tc511_flow2	CWE563_Unused_Variable__unused_value_wchar_t_83_goodB2G.cpp	28	CWE563_Unused_Variable__unused_value_wchar_t_83_goodB2G.cpp	34
/home/swlab-jueon/swvul/tools/java-vuln-detection/slicing/output/CPG/c/cwe563_cpg/cwe563-511-cpg-resolved.bin	tc511_flow3	CWE563_Unused_Variable__unused_value_wchar_t_83_goodG2B.cpp	28	CWE563_Unused_Variable__unused_value_wchar_t_83_goodG2B.cpp	35
/home/swlab-jueon/swvul/tools/java-vuln-detection/slicing/output/CPG/c/cwe563_cpg/cwe563-512-cpg-resolved.bin	tc512_flow1	CWE563_Unused_Variable__unused_value_wchar_t_84_bad.cpp	28	CWE563_Unused_Variable__unused_value_wchar_t_84_bad.cpp	34
/home/swlab-jueon/swvul/tools/java-vuln-detection/slicing/output/CPG/c/cwe563_cpg/cwe563-512-cpg-resolved.bin	tc512_flow2	CWE563_Unused_Variable__unused_value_wchar_t_84_goodB2G.cpp	28	CWE563_Unused_Variable__unused_value_wchar_t_84_goodB2G.cpp	34
/home/swlab-jueon/swvul/tools/java-vuln-detection/slicing/output/CPG/c/cwe563_cpg/cwe563-512-cpg-resolved.bin	tc512_flow3	CWE563_Unused_Variable__unused_value_wchar_t_84_goodG2B.cpp	28	CWE563_Unused_Variable__unused_value_wchar_t_84_goodG2B.cpp	35
