/home/swlab-jueon/swvul/tools/java-vuln-detection/slicing/output/CPG/c/cwe680_cpg/cwe680-1-cpg-resolved.bin	tc1_flow1	CWE680_Integer_Overflow_to_Buffer_Overflow__malloc_connect_socket_01.c	67	CWE680_Integer_Overflow_to_Buffer_Overflow__malloc_connect_socket_01.c	109
/home/swlab-jueon/swvul/tools/java-vuln-detection/slicing/output/CPG/c/cwe680_cpg/cwe680-1-cpg-resolved.bin	tc1_flow2	CWE680_Integer_Overflow_to_Buffer_Overflow__malloc_connect_socket_01.c	131	CWE680_Integer_Overflow_to_Buffer_Overflow__malloc_connect_socket_01.c	137
/home/swlab-jueon/swvul/tools/java-vuln-detection/slicing/output/CPG/c/cwe680_cpg/cwe680-2-cpg-resolved.bin	tc2_flow1	CWE680_Integer_Overflow_to_Buffer_Overflow__malloc_connect_socket_02.c	69	CWE680_Integer_Overflow_to_Buffer_Overflow__malloc_connect_socket_02.c	112
/home/swlab-jueon/swvul/tools/java-vuln-detection/slicing/output/CPG/c/cwe680_cpg/cwe680-2-cpg-resolved.bin	tc2_flow2	CWE680_Integer_Overflow_to_Buffer_Overflow__malloc_connect_socket_02.c	141	CWE680_Integer_Overflow_to_Buffer_Overflow__malloc_connect_socket_02.c	148
/home/swlab-jueon/swvul/tools/java-vuln-detection/slicing/output/CPG/c/cwe680_cpg/cwe680-2-cpg-resolved.bin	tc2_flow3	CWE680_Integer_Overflow_to_Buffer_Overflow__malloc_connect_socket_02.c	168	CWE680_Integer_Overflow_to_Buffer_Overflow__malloc_connect_socket_02.c	175
/home/swlab-jueon/swvul/tools/java-vuln-detection/slicing/output/CPG/c/cwe680_cpg/cwe680-3-cpg-resolved.bin	tc3_flow1	CWE680_Integer_Overflow_to_Buffer_Overflow__malloc_connect_socket_03.c	69	CWE680_Integer_Overflow_to_Buffer_Overflow__malloc_connect_socket_03.c	112
/home/swlab-jueon/swvul/tools/java-vuln-detection/slicing/output/CPG/c/cwe680_cpg/cwe680-3-cpg-resolved.bin	tc3_flow2	CWE680_Integer_Overflow_to_Buffer_Overflow__malloc_connect_socket_03.c	141	CWE680_Integer_Overflow_to_Buffer_Overflow__malloc_connect_socket_03.c	148
/home/swlab-jueon/swvul/tools/java-vuln-detection/slicing/output/CPG/c/cwe680_cpg/cwe680-3-cpg-resolved.bin	tc3_flow3	CWE680_Integer_Overflow_to_Buffer_Overflow__malloc_connect_socket_03.c	168	CWE680_Integer_Overflow_to_Buffer_Overflow__malloc_connect_socket_03.c	175
/home/swlab-jueon/swvul/tools/java-vuln-detection/slicing/output/CPG/c/cwe680_cpg/cwe680-4-cpg-resolved.bin	tc4_flow1	CWE680_Integer_Overflow_to_Buffer_Overflow__malloc_connect_socket_04.c	76	CWE680_Integer_Overflow_to_Buffer_Overflow__malloc_connect_socket_04.c	119
/home/swlab-jueon/swvul/tools/java-vuln-detection/slicing/output/CPG/c/cwe680_cpg/cwe680-4-cpg-resolved.bin	tc4_flow2	CWE680_Integer_Overflow_to_Buffer_Overflow__malloc_connect_socket_04.c	148	CWE680_Integer_Overflow_to_Buffer_Overflow__malloc_connect_socket_04.c	155
/home/swlab-jueon/swvul/tools/java-vuln-detection/slicing/output/CPG/c/cwe680_cpg/cwe680-4-cpg-resolved.bin	tc4_flow3	CWE680_Integer_Overflow_to_Buffer_Overflow__malloc_connect_socket_04.c	175	CWE680_Integer_Overflow_to_Buffer_Overflow__malloc_connect_socket_04.c	182
/home/swlab-jueon/swvul/tools/java-vuln-detection/slicing/output/CPG/c/cwe680_cpg/cwe680-5-cpg-resolved.bin	tc5_flow1	CWE680_Integer_Overflow_to_Buffer_Overflow__malloc_connect_socket_05.c	76	CWE680_Integer_Overflow_to_Buffer_Overflow__malloc_connect_socket_05.c	119
/home/swlab-jueon/swvul/tools/java-vuln-detection/slicing/output/CPG/c/cwe680_cpg/cwe680-5-cpg-resolved.bin	tc5_flow2	CWE680_Integer_Overflow_to_Buffer_Overflow__malloc_connect_socket_05.c	148	CWE680_Integer_Overflow_to_Buffer_Overflow__malloc_connect_socket_05.c	155
/home/swlab-jueon/swvul/tools/java-vuln-detection/slicing/output/CPG/c/cwe680_cpg/cwe680-5-cpg-resolved.bin	tc5_flow3	CWE680_Integer_Overflow_to_Buffer_Overflow__malloc_connect_socket_05.c	175	CWE680_Integer_Overflow_to_Buffer_Overflow__malloc_connect_socket_05.c	182
/home/swlab-jueon/swvul/tools/java-vuln-detection/slicing/output/CPG/c/cwe680_cpg/cwe680-6-cpg-resolved.bin	tc6_flow1	CWE680_Integer_Overflow_to_Buffer_Overflow__malloc_connect_socket_06.c	73	CWE680_Integer_Overflow_to_Buffer_Overflow__malloc_connect_socket_06.c	116
/home/swlab-jueon/swvul/tools/java-vuln-detection/slicing/output/CPG/c/cwe680_cpg/cwe680-6-cpg-resolved.bin	tc6_flow2	CWE680_Integer_Overflow_to_Buffer_Overflow__malloc_connect_socket_06.c	145	CWE680_Integer_Overflow_to_Buffer_Overflow__malloc_connect_socket_06.c	152
/home/swlab-jueon/swvul/tools/java-vuln-detection/slicing/output/CPG/c/cwe680_cpg/cwe680-6-cpg-resolved.bin	tc6_flow3	CWE680_Integer_Overflow_to_Buffer_Overflow__malloc_connect_socket_06.c	172	CWE680_Integer_Overflow_to_Buffer_Overflow__malloc_connect_socket_06.c	179
/home/swlab-jueon/swvul/tools/java-vuln-detection/slicing/output/CPG/c/cwe680_cpg/cwe680-7-cpg-resolved.bin	tc7_flow1	CWE680_Integer_Overflow_to_Buffer_Overflow__malloc_connect_socket_07.c	75	CWE680_Integer_Overflow_to_Buffer_Overflow__malloc_connect_socket_07.c	118
/home/swlab-jueon/swvul/tools/java-vuln-detection/slicing/output/CPG/c/cwe680_cpg/cwe680-7-cpg-resolved.bin	tc7_flow2	CWE680_Integer_Overflow_to_Buffer_Overflow__malloc_connect_socket_07.c	147	CWE680_Integer_Overflow_to_Buffer_Overflow__malloc_connect_socket_07.c	154
/home/swlab-jueon/swvul/tools/java-vuln-detection/slicing/output/CPG/c/cwe680_cpg/cwe680-7-cpg-resolved.bin	tc7_flow3	CWE680_Integer_Overflow_to_Buffer_Overflow__malloc_connect_socket_07.c	174	CWE680_Integer_Overflow_to_Buffer_Overflow__malloc_connect_socket_07.c	181
/home/swlab-jueon/swvul/tools/java-vuln-detection/slicing/output/CPG/c/cwe680_cpg/cwe680-8-cpg-resolved.bin	tc8_flow1	CWE680_Integer_Overflow_to_Buffer_Overflow__malloc_connect_socket_08.c	83	CWE680_Integer_Overflow_to_Buffer_Overflow__malloc_connect_socket_08.c	126
/home/swlab-jueon/swvul/tools/java-vuln-detection/slicing/output/CPG/c/cwe680_cpg/cwe680-8-cpg-resolved.bin	tc8_flow2	CWE680_Integer_Overflow_to_Buffer_Overflow__malloc_connect_socket_08.c	155	CWE680_Integer_Overflow_to_Buffer_Overflow__malloc_connect_socket_08.c	162
/home/swlab-jueon/swvul/tools/java-vuln-detection/slicing/output/CPG/c/cwe680_cpg/cwe680-8-cpg-resolved.bin	tc8_flow3	CWE680_Integer_Overflow_to_Buffer_Overflow__malloc_connect_socket_08.c	182	CWE680_Integer_Overflow_to_Buffer_Overflow__malloc_connect_socket_08.c	189
/home/swlab-jueon/swvul/tools/java-vuln-detection/slicing/output/CPG/c/cwe680_cpg/cwe680-9-cpg-resolved.bin	tc9_flow1	CWE680_Integer_Overflow_to_Buffer_Overflow__malloc_connect_socket_09.c	69	CWE680_Integer_Overflow_to_Buffer_Overflow__malloc_connect_socket_09.c	112
/home/swlab-jueon/swvul/tools/java-vuln-detection/slicing/output/CPG/c/cwe680_cpg/cwe680-9-cpg-resolved.bin	tc9_flow2	CWE680_Integer_Overflow_to_Buffer_Overflow__malloc_connect_socket_09.c	141	CWE680_Integer_Overflow_to_Buffer_Overflow__malloc_connect_socket_09.c	148
/home/swlab-jueon/swvul/tools/java-vuln-detection/slicing/output/CPG/c/cwe680_cpg/cwe680-9-cpg-resolved.bin	tc9_flow3	CWE680_Integer_Overflow_to_Buffer_Overflow__malloc_connect_socket_09.c	168	CWE680_Integer_Overflow_to_Buffer_Overflow__malloc_connect_socket_09.c	175
/home/swlab-jueon/swvul/tools/java-vuln-detection/slicing/output/CPG/c/cwe680_cpg/cwe680-10-cpg-resolved.bin	tc10_flow1	CWE680_Integer_Overflow_to_Buffer_Overflow__malloc_connect_socket_10.c	69	CWE680_Integer_Overflow_to_Buffer_Overflow__malloc_connect_socket_10.c	112
/home/swlab-jueon/swvul/tools/java-vuln-detection/slicing/output/CPG/c/cwe680_cpg/cwe680-10-cpg-resolved.bin	tc10_flow2	CWE680_Integer_Overflow_to_Buffer_Overflow__malloc_connect_socket_10.c	141	CWE680_Integer_Overflow_to_Buffer_Overflow__malloc_connect_socket_10.c	148
/home/swlab-jueon/swvul/tools/java-vuln-detection/slicing/output/CPG/c/cwe680_cpg/cwe680-10-cpg-resolved.bin	tc10_flow3	CWE680_Integer_Overflow_to_Buffer_Overflow__malloc_connect_socket_10.c	168	CWE680_Integer_Overflow_to_Buffer_Overflow__malloc_connect_socket_10.c	175
/home/swlab-jueon/swvul/tools/java-vuln-detection/slicing/output/CPG/c/cwe680_cpg/cwe680-11-cpg-resolved.bin	tc11_flow1	CWE680_Integer_Overflow_to_Buffer_Overflow__malloc_connect_socket_11.c	69	CWE680_Integer_Overflow_to_Buffer_Overflow__malloc_connect_socket_11.c	112
/home/swlab-jueon/swvul/tools/java-vuln-detection/slicing/output/CPG/c/cwe680_cpg/cwe680-11-cpg-resolved.bin	tc11_flow2	CWE680_Integer_Overflow_to_Buffer_Overflow__malloc_connect_socket_11.c	141	CWE680_Integer_Overflow_to_Buffer_Overflow__malloc_connect_socket_11.c	148
/home/swlab-jueon/swvul/tools/java-vuln-detection/slicing/output/CPG/c/cwe680_cpg/cwe680-11-cpg-resolved.bin	tc11_flow3	CWE680_Integer_Overflow_to_Buffer_Overflow__malloc_connect_socket_11.c	168	CWE680_Integer_Overflow_to_Buffer_Overflow__malloc_connect_socket_11.c	175
/home/swlab-jueon/swvul/tools/java-vuln-detection/slicing/output/CPG/c/cwe680_cpg/cwe680-12-cpg-resolved.bin	tc12_flow1	CWE680_Integer_Overflow_to_Buffer_Overflow__malloc_connect_socket_12.c	69	CWE680_Integer_Overflow_to_Buffer_Overflow__malloc_connect_socket_12.c	117
/home/swlab-jueon/swvul/tools/java-vuln-detection/slicing/output/CPG/c/cwe680_cpg/cwe680-12-cpg-resolved.bin	tc12_flow2	CWE680_Integer_Overflow_to_Buffer_Overflow__malloc_connect_socket_12.c	142	CWE680_Integer_Overflow_to_Buffer_Overflow__malloc_connect_socket_12.c	154
/home/swlab-jueon/swvul/tools/java-vuln-detection/slicing/output/CPG/c/cwe680_cpg/cwe680-13-cpg-resolved.bin	tc13_flow1	CWE680_Integer_Overflow_to_Buffer_Overflow__malloc_connect_socket_13.c	69	CWE680_Integer_Overflow_to_Buffer_Overflow__malloc_connect_socket_13.c	112
/home/swlab-jueon/swvul/tools/java-vuln-detection/slicing/output/CPG/c/cwe680_cpg/cwe680-13-cpg-resolved.bin	tc13_flow2	CWE680_Integer_Overflow_to_Buffer_Overflow__malloc_connect_socket_13.c	141	CWE680_Integer_Overflow_to_Buffer_Overflow__malloc_connect_socket_13.c	148
/home/swlab-jueon/swvul/tools/java-vuln-detection/slicing/output/CPG/c/cwe680_cpg/cwe680-13-cpg-resolved.bin	tc13_flow3	CWE680_Integer_Overflow_to_Buffer_Overflow__malloc_connect_socket_13.c	168	CWE680_Integer_Overflow_to_Buffer_Overflow__malloc_connect_socket_13.c	175
/home/swlab-jueon/swvul/tools/java-vuln-detection/slicing/output/CPG/c/cwe680_cpg/cwe680-14-cpg-resolved.bin	tc14_flow1	CWE680_Integer_Overflow_to_Buffer_Overflow__malloc_connect_socket_14.c	69	CWE680_Integer_Overflow_to_Buffer_Overflow__malloc_connect_socket_14.c	112
/home/swlab-jueon/swvul/tools/java-vuln-detection/slicing/output/CPG/c/cwe680_cpg/cwe680-14-cpg-resolved.bin	tc14_flow2	CWE680_Integer_Overflow_to_Buffer_Overflow__malloc_connect_socket_14.c	141	CWE680_Integer_Overflow_to_Buffer_Overflow__malloc_connect_socket_14.c	148
/home/swlab-jueon/swvul/tools/java-vuln-detection/slicing/output/CPG/c/cwe680_cpg/cwe680-14-cpg-resolved.bin	tc14_flow3	CWE680_Integer_Overflow_to_Buffer_Overflow__malloc_connect_socket_14.c	168	CWE680_Integer_Overflow_to_Buffer_Overflow__malloc_connect_socket_14.c	175
/home/swlab-jueon/swvul/tools/java-vuln-detection/slicing/output/CPG/c/cwe680_cpg/cwe680-15-cpg-resolved.bin	tc15_flow1	CWE680_Integer_Overflow_to_Buffer_Overflow__malloc_connect_socket_15.c	70	CWE680_Integer_Overflow_to_Buffer_Overflow__malloc_connect_socket_15.c	118
/home/swlab-jueon/swvul/tools/java-vuln-detection/slicing/output/CPG/c/cwe680_cpg/cwe680-15-cpg-resolved.bin	tc15_flow2	CWE680_Integer_Overflow_to_Buffer_Overflow__malloc_connect_socket_15.c	147	CWE680_Integer_Overflow_to_Buffer_Overflow__malloc_connect_socket_15.c	155
/home/swlab-jueon/swvul/tools/java-vuln-detection/slicing/output/CPG/c/cwe680_cpg/cwe680-15-cpg-resolved.bin	tc15_flow3	CWE680_Integer_Overflow_to_Buffer_Overflow__malloc_connect_socket_15.c	176	CWE680_Integer_Overflow_to_Buffer_Overflow__malloc_connect_socket_15.c	188
/home/swlab-jueon/swvul/tools/java-vuln-detection/slicing/output/CPG/c/cwe680_cpg/cwe680-16-cpg-resolved.bin	tc16_flow1	CWE680_Integer_Overflow_to_Buffer_Overflow__malloc_connect_socket_16.c	69	CWE680_Integer_Overflow_to_Buffer_Overflow__malloc_connect_socket_16.c	113
/home/swlab-jueon/swvul/tools/java-vuln-detection/slicing/output/CPG/c/cwe680_cpg/cwe680-16-cpg-resolved.bin	tc16_flow2	CWE680_Integer_Overflow_to_Buffer_Overflow__malloc_connect_socket_16.c	137	CWE680_Integer_Overflow_to_Buffer_Overflow__malloc_connect_socket_16.c	145
/home/swlab-jueon/swvul/tools/java-vuln-detection/slicing/output/CPG/c/cwe680_cpg/cwe680-17-cpg-resolved.bin	tc17_flow1	CWE680_Integer_Overflow_to_Buffer_Overflow__malloc_connect_socket_17.c	70	CWE680_Integer_Overflow_to_Buffer_Overflow__malloc_connect_socket_17.c	113
/home/swlab-jueon/swvul/tools/java-vuln-detection/slicing/output/CPG/c/cwe680_cpg/cwe680-17-cpg-resolved.bin	tc17_flow2	CWE680_Integer_Overflow_to_Buffer_Overflow__malloc_connect_socket_17.c	138	CWE680_Integer_Overflow_to_Buffer_Overflow__malloc_connect_socket_17.c	145
/home/swlab-jueon/swvul/tools/java-vuln-detection/slicing/output/CPG/c/cwe680_cpg/cwe680-18-cpg-resolved.bin	tc18_flow1	CWE680_Integer_Overflow_to_Buffer_Overflow__malloc_connect_socket_18.c	69	CWE680_Integer_Overflow_to_Buffer_Overflow__malloc_connect_socket_18.c	111
/home/swlab-jueon/swvul/tools/java-vuln-detection/slicing/output/CPG/c/cwe680_cpg/cwe680-18-cpg-resolved.bin	tc18_flow2	CWE680_Integer_Overflow_to_Buffer_Overflow__malloc_connect_socket_18.c	135	CWE680_Integer_Overflow_to_Buffer_Overflow__malloc_connect_socket_18.c	141
/home/swlab-jueon/swvul/tools/java-vuln-detection/slicing/output/CPG/c/cwe680_cpg/cwe680-19-cpg-resolved.bin	tc19_flow1	CWE680_Integer_Overflow_to_Buffer_Overflow__malloc_connect_socket_21.c	69	CWE680_Integer_Overflow_to_Buffer_Overflow__malloc_connect_socket_21.c	122
/home/swlab-jueon/swvul/tools/java-vuln-detection/slicing/output/CPG/c/cwe680_cpg/cwe680-19-cpg-resolved.bin	tc19_flow2	CWE680_Integer_Overflow_to_Buffer_Overflow__malloc_connect_socket_21.c	152	CWE680_Integer_Overflow_to_Buffer_Overflow__malloc_connect_socket_21.c	169
/home/swlab-jueon/swvul/tools/java-vuln-detection/slicing/output/CPG/c/cwe680_cpg/cwe680-19-cpg-resolved.bin	tc19_flow3	CWE680_Integer_Overflow_to_Buffer_Overflow__malloc_connect_socket_21.c	186	CWE680_Integer_Overflow_to_Buffer_Overflow__malloc_connect_socket_21.c	203
/home/swlab-jueon/swvul/tools/java-vuln-detection/slicing/output/CPG/c/cwe680_cpg/cwe680-20-cpg-resolved.bin	tc20_flow1	CWE680_Integer_Overflow_to_Buffer_Overflow__malloc_connect_socket_22b.c	69	CWE680_Integer_Overflow_to_Buffer_Overflow__malloc_connect_socket_22a.c	38
/home/swlab-jueon/swvul/tools/java-vuln-detection/slicing/output/CPG/c/cwe680_cpg/cwe680-20-cpg-resolved.bin	tc20_flow2	CWE680_Integer_Overflow_to_Buffer_Overflow__malloc_connect_socket_22b.c	129	CWE680_Integer_Overflow_to_Buffer_Overflow__malloc_connect_socket_22a.c	72
/home/swlab-jueon/swvul/tools/java-vuln-detection/slicing/output/CPG/c/cwe680_cpg/cwe680-20-cpg-resolved.bin	tc20_flow3	CWE680_Integer_Overflow_to_Buffer_Overflow__malloc_connect_socket_22b.c	140	CWE680_Integer_Overflow_to_Buffer_Overflow__malloc_connect_socket_22a.c	98
/home/swlab-jueon/swvul/tools/java-vuln-detection/slicing/output/CPG/c/cwe680_cpg/cwe680-21-cpg-resolved.bin	tc21_flow1	CWE680_Integer_Overflow_to_Buffer_Overflow__malloc_connect_socket_31.c	67	CWE680_Integer_Overflow_to_Buffer_Overflow__malloc_connect_socket_31.c	112
/home/swlab-jueon/swvul/tools/java-vuln-detection/slicing/output/CPG/c/cwe680_cpg/cwe680-21-cpg-resolved.bin	tc21_flow2	CWE680_Integer_Overflow_to_Buffer_Overflow__malloc_connect_socket_31.c	135	CWE680_Integer_Overflow_to_Buffer_Overflow__malloc_connect_socket_31.c	144
/home/swlab-jueon/swvul/tools/java-vuln-detection/slicing/output/CPG/c/cwe680_cpg/cwe680-22-cpg-resolved.bin	tc22_flow1	CWE680_Integer_Overflow_to_Buffer_Overflow__malloc_connect_socket_32.c	71	CWE680_Integer_Overflow_to_Buffer_Overflow__malloc_connect_socket_32.c	117
/home/swlab-jueon/swvul/tools/java-vuln-detection/slicing/output/CPG/c/cwe680_cpg/cwe680-22-cpg-resolved.bin	tc22_flow2	CWE680_Integer_Overflow_to_Buffer_Overflow__malloc_connect_socket_32.c	144	CWE680_Integer_Overflow_to_Buffer_Overflow__malloc_connect_socket_32.c	154
/home/swlab-jueon/swvul/tools/java-vuln-detection/slicing/output/CPG/c/cwe680_cpg/cwe680-23-cpg-resolved.bin	tc23_flow1	CWE680_Integer_Overflow_to_Buffer_Overflow__malloc_connect_socket_33.cpp	71	CWE680_Integer_Overflow_to_Buffer_Overflow__malloc_connect_socket_33.cpp	115
/home/swlab-jueon/swvul/tools/java-vuln-detection/slicing/output/CPG/c/cwe680_cpg/cwe680-23-cpg-resolved.bin	tc23_flow2	CWE680_Integer_Overflow_to_Buffer_Overflow__malloc_connect_socket_33.cpp	139	CWE680_Integer_Overflow_to_Buffer_Overflow__malloc_connect_socket_33.cpp	147
/home/swlab-jueon/swvul/tools/java-vuln-detection/slicing/output/CPG/c/cwe680_cpg/cwe680-24-cpg-resolved.bin	tc24_flow1	CWE680_Integer_Overflow_to_Buffer_Overflow__malloc_connect_socket_34.c	74	CWE680_Integer_Overflow_to_Buffer_Overflow__malloc_connect_socket_34.c	119
/home/swlab-jueon/swvul/tools/java-vuln-detection/slicing/output/CPG/c/cwe680_cpg/cwe680-24-cpg-resolved.bin	tc24_flow2	CWE680_Integer_Overflow_to_Buffer_Overflow__malloc_connect_socket_34.c	143	CWE680_Integer_Overflow_to_Buffer_Overflow__malloc_connect_socket_34.c	152
/home/swlab-jueon/swvul/tools/java-vuln-detection/slicing/output/CPG/c/cwe680_cpg/cwe680-25-cpg-resolved.bin	tc25_flow1	CWE680_Integer_Overflow_to_Buffer_Overflow__malloc_connect_socket_41.c	85	CWE680_Integer_Overflow_to_Buffer_Overflow__malloc_connect_socket_41.c	50
/home/swlab-jueon/swvul/tools/java-vuln-detection/slicing/output/CPG/c/cwe680_cpg/cwe680-25-cpg-resolved.bin	tc25_flow2	CWE680_Integer_Overflow_to_Buffer_Overflow__malloc_connect_socket_41.c	154	CWE680_Integer_Overflow_to_Buffer_Overflow__malloc_connect_socket_41.c	136
/home/swlab-jueon/swvul/tools/java-vuln-detection/slicing/output/CPG/c/cwe680_cpg/cwe680-26-cpg-resolved.bin	tc26_flow1	CWE680_Integer_Overflow_to_Buffer_Overflow__malloc_connect_socket_42.c	64	CWE680_Integer_Overflow_to_Buffer_Overflow__malloc_connect_socket_42.c	115
/home/swlab-jueon/swvul/tools/java-vuln-detection/slicing/output/CPG/c/cwe680_cpg/cwe680-26-cpg-resolved.bin	tc26_flow2	CWE680_Integer_Overflow_to_Buffer_Overflow__malloc_connect_socket_42.c	133	CWE680_Integer_Overflow_to_Buffer_Overflow__malloc_connect_socket_42.c	149
/home/swlab-jueon/swvul/tools/java-vuln-detection/slicing/output/CPG/c/cwe680_cpg/cwe680-27-cpg-resolved.bin	tc27_flow1	CWE680_Integer_Overflow_to_Buffer_Overflow__malloc_connect_socket_43.cpp	67	CWE680_Integer_Overflow_to_Buffer_Overflow__malloc_connect_socket_43.cpp	117
/home/swlab-jueon/swvul/tools/java-vuln-detection/slicing/output/CPG/c/cwe680_cpg/cwe680-27-cpg-resolved.bin	tc27_flow2	CWE680_Integer_Overflow_to_Buffer_Overflow__malloc_connect_socket_43.cpp	136	CWE680_Integer_Overflow_to_Buffer_Overflow__malloc_connect_socket_43.cpp	150
/home/swlab-jueon/swvul/tools/java-vuln-detection/slicing/output/CPG/c/cwe680_cpg/cwe680-28-cpg-resolved.bin	tc28_flow1	CWE680_Integer_Overflow_to_Buffer_Overflow__malloc_connect_socket_44.c	87	CWE680_Integer_Overflow_to_Buffer_Overflow__malloc_connect_socket_44.c	50
/home/swlab-jueon/swvul/tools/java-vuln-detection/slicing/output/CPG/c/cwe680_cpg/cwe680-28-cpg-resolved.bin	tc28_flow2	CWE680_Integer_Overflow_to_Buffer_Overflow__malloc_connect_socket_44.c	158	CWE680_Integer_Overflow_to_Buffer_Overflow__malloc_connect_socket_44.c	140
/home/swlab-jueon/swvul/tools/java-vuln-detection/slicing/output/CPG/c/cwe680_cpg/cwe680-29-cpg-resolved.bin	tc29_flow1	CWE680_Integer_Overflow_to_Buffer_Overflow__malloc_connect_socket_45.c	89	CWE680_Integer_Overflow_to_Buffer_Overflow__malloc_connect_socket_45.c	54
/home/swlab-jueon/swvul/tools/java-vuln-detection/slicing/output/CPG/c/cwe680_cpg/cwe680-29-cpg-resolved.bin	tc29_flow2	CWE680_Integer_Overflow_to_Buffer_Overflow__malloc_connect_socket_45.c	160	CWE680_Integer_Overflow_to_Buffer_Overflow__malloc_connect_socket_45.c	143
/home/swlab-jueon/swvul/tools/java-vuln-detection/slicing/output/CPG/c/cwe680_cpg/cwe680-30-cpg-resolved.bin	tc30_flow1	CWE680_Integer_Overflow_to_Buffer_Overflow__malloc_connect_socket_51a.c	70	CWE680_Integer_Overflow_to_Buffer_Overflow__malloc_connect_socket_51b.c	52
/home/swlab-jueon/swvul/tools/java-vuln-detection/slicing/output/CPG/c/cwe680_cpg/cwe680-30-cpg-resolved.bin	tc30_flow2	CWE680_Integer_Overflow_to_Buffer_Overflow__malloc_connect_socket_51a.c	124	CWE680_Integer_Overflow_to_Buffer_Overflow__malloc_connect_socket_51b.c	75
/home/swlab-jueon/swvul/tools/java-vuln-detection/slicing/output/CPG/c/cwe680_cpg/cwe680-31-cpg-resolved.bin	tc31_flow1	CWE680_Integer_Overflow_to_Buffer_Overflow__malloc_connect_socket_52a.c	70	CWE680_Integer_Overflow_to_Buffer_Overflow__malloc_connect_socket_52c.c	52
/home/swlab-jueon/swvul/tools/java-vuln-detection/slicing/output/CPG/c/cwe680_cpg/cwe680-31-cpg-resolved.bin	tc31_flow2	CWE680_Integer_Overflow_to_Buffer_Overflow__malloc_connect_socket_52a.c	124	CWE680_Integer_Overflow_to_Buffer_Overflow__malloc_connect_socket_52c.c	75
/home/swlab-jueon/swvul/tools/java-vuln-detection/slicing/output/CPG/c/cwe680_cpg/cwe680-32-cpg-resolved.bin	tc32_flow1	CWE680_Integer_Overflow_to_Buffer_Overflow__malloc_connect_socket_53a.c	70	CWE680_Integer_Overflow_to_Buffer_Overflow__malloc_connect_socket_53d.c	52
/home/swlab-jueon/swvul/tools/java-vuln-detection/slicing/output/CPG/c/cwe680_cpg/cwe680-32-cpg-resolved.bin	tc32_flow2	CWE680_Integer_Overflow_to_Buffer_Overflow__malloc_connect_socket_53a.c	124	CWE680_Integer_Overflow_to_Buffer_Overflow__malloc_connect_socket_53d.c	75
/home/swlab-jueon/swvul/tools/java-vuln-detection/slicing/output/CPG/c/cwe680_cpg/cwe680-33-cpg-resolved.bin	tc33_flow1	CWE680_Integer_Overflow_to_Buffer_Overflow__malloc_connect_socket_54a.c	70	CWE680_Integer_Overflow_to_Buffer_Overflow__malloc_connect_socket_54e.c	52
/home/swlab-jueon/swvul/tools/java-vuln-detection/slicing/output/CPG/c/cwe680_cpg/cwe680-33-cpg-resolved.bin	tc33_flow2	CWE680_Integer_Overflow_to_Buffer_Overflow__malloc_connect_socket_54a.c	124	CWE680_Integer_Overflow_to_Buffer_Overflow__malloc_connect_socket_54e.c	75
/home/swlab-jueon/swvul/tools/java-vuln-detection/slicing/output/CPG/c/cwe680_cpg/cwe680-34-cpg-resolved.bin	tc34_flow1	CWE680_Integer_Overflow_to_Buffer_Overflow__malloc_connect_socket_61b.c	64	CWE680_Integer_Overflow_to_Buffer_Overflow__malloc_connect_socket_61a.c	57
/home/swlab-jueon/swvul/tools/java-vuln-detection/slicing/output/CPG/c/cwe680_cpg/cwe680-34-cpg-resolved.bin	tc34_flow2	CWE680_Integer_Overflow_to_Buffer_Overflow__malloc_connect_socket_61b.c	112	CWE680_Integer_Overflow_to_Buffer_Overflow__malloc_connect_socket_61a.c	86
/home/swlab-jueon/swvul/tools/java-vuln-detection/slicing/output/CPG/c/cwe680_cpg/cwe680-35-cpg-resolved.bin	tc35_flow1	CWE680_Integer_Overflow_to_Buffer_Overflow__malloc_connect_socket_62b.cpp	67	CWE680_Integer_Overflow_to_Buffer_Overflow__malloc_connect_socket_62a.cpp	38
/home/swlab-jueon/swvul/tools/java-vuln-detection/slicing/output/CPG/c/cwe680_cpg/cwe680-35-cpg-resolved.bin	tc35_flow2	CWE680_Integer_Overflow_to_Buffer_Overflow__malloc_connect_socket_62b.cpp	114	CWE680_Integer_Overflow_to_Buffer_Overflow__malloc_connect_socket_62a.cpp	67
/home/swlab-jueon/swvul/tools/java-vuln-detection/slicing/output/CPG/c/cwe680_cpg/cwe680-36-cpg-resolved.bin	tc36_flow1	CWE680_Integer_Overflow_to_Buffer_Overflow__malloc_connect_socket_63a.c	70	CWE680_Integer_Overflow_to_Buffer_Overflow__malloc_connect_socket_63b.c	51
/home/swlab-jueon/swvul/tools/java-vuln-detection/slicing/output/CPG/c/cwe680_cpg/cwe680-36-cpg-resolved.bin	tc36_flow2	CWE680_Integer_Overflow_to_Buffer_Overflow__malloc_connect_socket_63a.c	123	CWE680_Integer_Overflow_to_Buffer_Overflow__malloc_connect_socket_63b.c	75
/home/swlab-jueon/swvul/tools/java-vuln-detection/slicing/output/CPG/c/cwe680_cpg/cwe680-37-cpg-resolved.bin	tc37_flow1	CWE680_Integer_Overflow_to_Buffer_Overflow__malloc_connect_socket_64a.c	70	CWE680_Integer_Overflow_to_Buffer_Overflow__malloc_connect_socket_64b.c	54
/home/swlab-jueon/swvul/tools/java-vuln-detection/slicing/output/CPG/c/cwe680_cpg/cwe680-37-cpg-resolved.bin	tc37_flow2	CWE680_Integer_Overflow_to_Buffer_Overflow__malloc_connect_socket_64a.c	123	CWE680_Integer_Overflow_to_Buffer_Overflow__malloc_connect_socket_64b.c	81
/home/swlab-jueon/swvul/tools/java-vuln-detection/slicing/output/CPG/c/cwe680_cpg/cwe680-38-cpg-resolved.bin	tc38_flow1	CWE680_Integer_Overflow_to_Buffer_Overflow__malloc_connect_socket_65a.c	72	CWE680_Integer_Overflow_to_Buffer_Overflow__malloc_connect_socket_65b.c	50
/home/swlab-jueon/swvul/tools/java-vuln-detection/slicing/output/CPG/c/cwe680_cpg/cwe680-38-cpg-resolved.bin	tc38_flow2	CWE680_Integer_Overflow_to_Buffer_Overflow__malloc_connect_socket_65a.c	127	CWE680_Integer_Overflow_to_Buffer_Overflow__malloc_connect_socket_65b.c	73
/home/swlab-jueon/swvul/tools/java-vuln-detection/slicing/output/CPG/c/cwe680_cpg/cwe680-39-cpg-resolved.bin	tc39_flow1	CWE680_Integer_Overflow_to_Buffer_Overflow__malloc_connect_socket_66a.c	71	CWE680_Integer_Overflow_to_Buffer_Overflow__malloc_connect_socket_66b.c	52
/home/swlab-jueon/swvul/tools/java-vuln-detection/slicing/output/CPG/c/cwe680_cpg/cwe680-39-cpg-resolved.bin	tc39_flow2	CWE680_Integer_Overflow_to_Buffer_Overflow__malloc_connect_socket_66a.c	127	CWE680_Integer_Overflow_to_Buffer_Overflow__malloc_connect_socket_66b.c	76
/home/swlab-jueon/swvul/tools/java-vuln-detection/slicing/output/CPG/c/cwe680_cpg/cwe680-40-cpg-resolved.bin	tc40_flow1	CWE680_Integer_Overflow_to_Buffer_Overflow__malloc_connect_socket_67a.c	76	CWE680_Integer_Overflow_to_Buffer_Overflow__malloc_connect_socket_67b.c	56
/home/swlab-jueon/swvul/tools/java-vuln-detection/slicing/output/CPG/c/cwe680_cpg/cwe680-40-cpg-resolved.bin	tc40_flow2	CWE680_Integer_Overflow_to_Buffer_Overflow__malloc_connect_socket_67a.c	131	CWE680_Integer_Overflow_to_Buffer_Overflow__malloc_connect_socket_67b.c	80
/home/swlab-jueon/swvul/tools/java-vuln-detection/slicing/output/CPG/c/cwe680_cpg/cwe680-41-cpg-resolved.bin	tc41_flow1	CWE680_Integer_Overflow_to_Buffer_Overflow__malloc_connect_socket_68a.c	73	CWE680_Integer_Overflow_to_Buffer_Overflow__malloc_connect_socket_68b.c	56
/home/swlab-jueon/swvul/tools/java-vuln-detection/slicing/output/CPG/c/cwe680_cpg/cwe680-41-cpg-resolved.bin	tc41_flow2	CWE680_Integer_Overflow_to_Buffer_Overflow__malloc_connect_socket_68a.c	128	CWE680_Integer_Overflow_to_Buffer_Overflow__malloc_connect_socket_68b.c	80
/home/swlab-jueon/swvul/tools/java-vuln-detection/slicing/output/CPG/c/cwe680_cpg/cwe680-42-cpg-resolved.bin	tc42_flow1	CWE680_Integer_Overflow_to_Buffer_Overflow__malloc_connect_socket_72a.cpp	77	CWE680_Integer_Overflow_to_Buffer_Overflow__malloc_connect_socket_72b.cpp	36
/home/swlab-jueon/swvul/tools/java-vuln-detection/slicing/output/CPG/c/cwe680_cpg/cwe680-42-cpg-resolved.bin	tc42_flow2	CWE680_Integer_Overflow_to_Buffer_Overflow__malloc_connect_socket_72a.cpp	137	CWE680_Integer_Overflow_to_Buffer_Overflow__malloc_connect_socket_72b.cpp	60
/home/swlab-jueon/swvul/tools/java-vuln-detection/slicing/output/CPG/c/cwe680_cpg/cwe680-43-cpg-resolved.bin	tc43_flow1	CWE680_Integer_Overflow_to_Buffer_Overflow__malloc_connect_socket_73a.cpp	77	CWE680_Integer_Overflow_to_Buffer_Overflow__malloc_connect_socket_73b.cpp	36
/home/swlab-jueon/swvul/tools/java-vuln-detection/slicing/output/CPG/c/cwe680_cpg/cwe680-43-cpg-resolved.bin	tc43_flow2	CWE680_Integer_Overflow_to_Buffer_Overflow__malloc_connect_socket_73a.cpp	137	CWE680_Integer_Overflow_to_Buffer_Overflow__malloc_connect_socket_73b.cpp	60
/home/swlab-jueon/swvul/tools/java-vuln-detection/slicing/output/CPG/c/cwe680_cpg/cwe680-44-cpg-resolved.bin	tc44_flow1	CWE680_Integer_Overflow_to_Buffer_Overflow__malloc_connect_socket_74a.cpp	77	CWE680_Integer_Overflow_to_Buffer_Overflow__malloc_connect_socket_74b.cpp	36
/home/swlab-jueon/swvul/tools/java-vuln-detection/slicing/output/CPG/c/cwe680_cpg/cwe680-44-cpg-resolved.bin	tc44_flow2	CWE680_Integer_Overflow_to_Buffer_Overflow__malloc_connect_socket_74a.cpp	137	CWE680_Integer_Overflow_to_Buffer_Overflow__malloc_connect_socket_74b.cpp	60
/home/swlab-jueon/swvul/tools/java-vuln-detection/slicing/output/CPG/c/cwe680_cpg/cwe680-45-cpg-resolved.bin	tc45_flow1	CWE680_Integer_Overflow_to_Buffer_Overflow__malloc_connect_socket_81a.cpp	71	CWE680_Integer_Overflow_to_Buffer_Overflow__malloc_connect_socket_81_bad.cpp	31
/home/swlab-jueon/swvul/tools/java-vuln-detection/slicing/output/CPG/c/cwe680_cpg/cwe680-45-cpg-resolved.bin	tc45_flow2	CWE680_Integer_Overflow_to_Buffer_Overflow__malloc_connect_socket_81a.cpp	123	CWE680_Integer_Overflow_to_Buffer_Overflow__malloc_connect_socket_81_goodG2B.cpp	31
/home/swlab-jueon/swvul/tools/java-vuln-detection/slicing/output/CPG/c/cwe680_cpg/cwe680-46-cpg-resolved.bin	tc46_flow1	CWE680_Integer_Overflow_to_Buffer_Overflow__malloc_connect_socket_82a.cpp	71	CWE680_Integer_Overflow_to_Buffer_Overflow__malloc_connect_socket_82_bad.cpp	31
/home/swlab-jueon/swvul/tools/java-vuln-detection/slicing/output/CPG/c/cwe680_cpg/cwe680-46-cpg-resolved.bin	tc46_flow2	CWE680_Integer_Overflow_to_Buffer_Overflow__malloc_connect_socket_82a.cpp	124	CWE680_Integer_Overflow_to_Buffer_Overflow__malloc_connect_socket_82_goodG2B.cpp	31
/home/swlab-jueon/swvul/tools/java-vuln-detection/slicing/output/CPG/c/cwe680_cpg/cwe680-47-cpg-resolved.bin	tc47_flow1	CWE680_Integer_Overflow_to_Buffer_Overflow__malloc_connect_socket_83_bad.cpp	67	CWE680_Integer_Overflow_to_Buffer_Overflow__malloc_connect_socket_83_bad.cpp	113
/home/swlab-jueon/swvul/tools/java-vuln-detection/slicing/output/CPG/c/cwe680_cpg/cwe680-47-cpg-resolved.bin	tc47_flow2	CWE680_Integer_Overflow_to_Buffer_Overflow__malloc_connect_socket_83_goodG2B.cpp	27	CWE680_Integer_Overflow_to_Buffer_Overflow__malloc_connect_socket_83_goodG2B.cpp	37
/home/swlab-jueon/swvul/tools/java-vuln-detection/slicing/output/CPG/c/cwe680_cpg/cwe680-48-cpg-resolved.bin	tc48_flow1	CWE680_Integer_Overflow_to_Buffer_Overflow__malloc_connect_socket_84_bad.cpp	67	CWE680_Integer_Overflow_to_Buffer_Overflow__malloc_connect_socket_84_bad.cpp	113
/home/swlab-jueon/swvul/tools/java-vuln-detection/slicing/output/CPG/c/cwe680_cpg/cwe680-48-cpg-resolved.bin	tc48_flow2	CWE680_Integer_Overflow_to_Buffer_Overflow__malloc_connect_socket_84_goodG2B.cpp	27	CWE680_Integer_Overflow_to_Buffer_Overflow__malloc_connect_socket_84_goodG2B.cpp	37
/home/swlab-jueon/swvul/tools/java-vuln-detection/slicing/output/CPG/c/cwe680_cpg/cwe680-49-cpg-resolved.bin	tc49_flow1	CWE680_Integer_Overflow_to_Buffer_Overflow__malloc_fgets_01.c	31	CWE680_Integer_Overflow_to_Buffer_Overflow__malloc_fgets_01.c	46
/home/swlab-jueon/swvul/tools/java-vuln-detection/slicing/output/CPG/c/cwe680_cpg/cwe680-49-cpg-resolved.bin	tc49_flow2	CWE680_Integer_Overflow_to_Buffer_Overflow__malloc_fgets_01.c	68	CWE680_Integer_Overflow_to_Buffer_Overflow__malloc_fgets_01.c	74
/home/swlab-jueon/swvul/tools/java-vuln-detection/slicing/output/CPG/c/cwe680_cpg/cwe680-50-cpg-resolved.bin	tc50_flow1	CWE680_Integer_Overflow_to_Buffer_Overflow__malloc_fgets_02.c	33	CWE680_Integer_Overflow_to_Buffer_Overflow__malloc_fgets_02.c	49
/home/swlab-jueon/swvul/tools/java-vuln-detection/slicing/output/CPG/c/cwe680_cpg/cwe680-50-cpg-resolved.bin	tc50_flow2	CWE680_Integer_Overflow_to_Buffer_Overflow__malloc_fgets_02.c	78	CWE680_Integer_Overflow_to_Buffer_Overflow__malloc_fgets_02.c	85
/home/swlab-jueon/swvul/tools/java-vuln-detection/slicing/output/CPG/c/cwe680_cpg/cwe680-50-cpg-resolved.bin	tc50_flow3	CWE680_Integer_Overflow_to_Buffer_Overflow__malloc_fgets_02.c	105	CWE680_Integer_Overflow_to_Buffer_Overflow__malloc_fgets_02.c	112
/home/swlab-jueon/swvul/tools/java-vuln-detection/slicing/output/CPG/c/cwe680_cpg/cwe680-51-cpg-resolved.bin	tc51_flow1	CWE680_Integer_Overflow_to_Buffer_Overflow__malloc_fgets_03.c	33	CWE680_Integer_Overflow_to_Buffer_Overflow__malloc_fgets_03.c	49
/home/swlab-jueon/swvul/tools/java-vuln-detection/slicing/output/CPG/c/cwe680_cpg/cwe680-51-cpg-resolved.bin	tc51_flow2	CWE680_Integer_Overflow_to_Buffer_Overflow__malloc_fgets_03.c	78	CWE680_Integer_Overflow_to_Buffer_Overflow__malloc_fgets_03.c	85
/home/swlab-jueon/swvul/tools/java-vuln-detection/slicing/output/CPG/c/cwe680_cpg/cwe680-51-cpg-resolved.bin	tc51_flow3	CWE680_Integer_Overflow_to_Buffer_Overflow__malloc_fgets_03.c	105	CWE680_Integer_Overflow_to_Buffer_Overflow__malloc_fgets_03.c	112
/home/swlab-jueon/swvul/tools/java-vuln-detection/slicing/output/CPG/c/cwe680_cpg/cwe680-52-cpg-resolved.bin	tc52_flow1	CWE680_Integer_Overflow_to_Buffer_Overflow__malloc_fgets_04.c	40	CWE680_Integer_Overflow_to_Buffer_Overflow__malloc_fgets_04.c	56
/home/swlab-jueon/swvul/tools/java-vuln-detection/slicing/output/CPG/c/cwe680_cpg/cwe680-52-cpg-resolved.bin	tc52_flow2	CWE680_Integer_Overflow_to_Buffer_Overflow__malloc_fgets_04.c	85	CWE680_Integer_Overflow_to_Buffer_Overflow__malloc_fgets_04.c	92
/home/swlab-jueon/swvul/tools/java-vuln-detection/slicing/output/CPG/c/cwe680_cpg/cwe680-52-cpg-resolved.bin	tc52_flow3	CWE680_Integer_Overflow_to_Buffer_Overflow__malloc_fgets_04.c	112	CWE680_Integer_Overflow_to_Buffer_Overflow__malloc_fgets_04.c	119
/home/swlab-jueon/swvul/tools/java-vuln-detection/slicing/output/CPG/c/cwe680_cpg/cwe680-53-cpg-resolved.bin	tc53_flow1	CWE680_Integer_Overflow_to_Buffer_Overflow__malloc_fgets_05.c	40	CWE680_Integer_Overflow_to_Buffer_Overflow__malloc_fgets_05.c	56
/home/swlab-jueon/swvul/tools/java-vuln-detection/slicing/output/CPG/c/cwe680_cpg/cwe680-53-cpg-resolved.bin	tc53_flow2	CWE680_Integer_Overflow_to_Buffer_Overflow__malloc_fgets_05.c	85	CWE680_Integer_Overflow_to_Buffer_Overflow__malloc_fgets_05.c	92
/home/swlab-jueon/swvul/tools/java-vuln-detection/slicing/output/CPG/c/cwe680_cpg/cwe680-53-cpg-resolved.bin	tc53_flow3	CWE680_Integer_Overflow_to_Buffer_Overflow__malloc_fgets_05.c	112	CWE680_Integer_Overflow_to_Buffer_Overflow__malloc_fgets_05.c	119
/home/swlab-jueon/swvul/tools/java-vuln-detection/slicing/output/CPG/c/cwe680_cpg/cwe680-54-cpg-resolved.bin	tc54_flow1	CWE680_Integer_Overflow_to_Buffer_Overflow__malloc_fgets_06.c	37	CWE680_Integer_Overflow_to_Buffer_Overflow__malloc_fgets_06.c	53
/home/swlab-jueon/swvul/tools/java-vuln-detection/slicing/output/CPG/c/cwe680_cpg/cwe680-54-cpg-resolved.bin	tc54_flow2	CWE680_Integer_Overflow_to_Buffer_Overflow__malloc_fgets_06.c	82	CWE680_Integer_Overflow_to_Buffer_Overflow__malloc_fgets_06.c	89
/home/swlab-jueon/swvul/tools/java-vuln-detection/slicing/output/CPG/c/cwe680_cpg/cwe680-54-cpg-resolved.bin	tc54_flow3	CWE680_Integer_Overflow_to_Buffer_Overflow__malloc_fgets_06.c	109	CWE680_Integer_Overflow_to_Buffer_Overflow__malloc_fgets_06.c	116
/home/swlab-jueon/swvul/tools/java-vuln-detection/slicing/output/CPG/c/cwe680_cpg/cwe680-55-cpg-resolved.bin	tc55_flow1	CWE680_Integer_Overflow_to_Buffer_Overflow__malloc_fgets_07.c	39	CWE680_Integer_Overflow_to_Buffer_Overflow__malloc_fgets_07.c	55
/home/swlab-jueon/swvul/tools/java-vuln-detection/slicing/output/CPG/c/cwe680_cpg/cwe680-55-cpg-resolved.bin	tc55_flow2	CWE680_Integer_Overflow_to_Buffer_Overflow__malloc_fgets_07.c	84	CWE680_Integer_Overflow_to_Buffer_Overflow__malloc_fgets_07.c	91
/home/swlab-jueon/swvul/tools/java-vuln-detection/slicing/output/CPG/c/cwe680_cpg/cwe680-55-cpg-resolved.bin	tc55_flow3	CWE680_Integer_Overflow_to_Buffer_Overflow__malloc_fgets_07.c	111	CWE680_Integer_Overflow_to_Buffer_Overflow__malloc_fgets_07.c	118
/home/swlab-jueon/swvul/tools/java-vuln-detection/slicing/output/CPG/c/cwe680_cpg/cwe680-56-cpg-resolved.bin	tc56_flow1	CWE680_Integer_Overflow_to_Buffer_Overflow__malloc_fgets_08.c	47	CWE680_Integer_Overflow_to_Buffer_Overflow__malloc_fgets_08.c	63
/home/swlab-jueon/swvul/tools/java-vuln-detection/slicing/output/CPG/c/cwe680_cpg/cwe680-56-cpg-resolved.bin	tc56_flow2	CWE680_Integer_Overflow_to_Buffer_Overflow__malloc_fgets_08.c	92	CWE680_Integer_Overflow_to_Buffer_Overflow__malloc_fgets_08.c	99
/home/swlab-jueon/swvul/tools/java-vuln-detection/slicing/output/CPG/c/cwe680_cpg/cwe680-56-cpg-resolved.bin	tc56_flow3	CWE680_Integer_Overflow_to_Buffer_Overflow__malloc_fgets_08.c	119	CWE680_Integer_Overflow_to_Buffer_Overflow__malloc_fgets_08.c	126
/home/swlab-jueon/swvul/tools/java-vuln-detection/slicing/output/CPG/c/cwe680_cpg/cwe680-57-cpg-resolved.bin	tc57_flow1	CWE680_Integer_Overflow_to_Buffer_Overflow__malloc_fgets_09.c	33	CWE680_Integer_Overflow_to_Buffer_Overflow__malloc_fgets_09.c	49
/home/swlab-jueon/swvul/tools/java-vuln-detection/slicing/output/CPG/c/cwe680_cpg/cwe680-57-cpg-resolved.bin	tc57_flow2	CWE680_Integer_Overflow_to_Buffer_Overflow__malloc_fgets_09.c	78	CWE680_Integer_Overflow_to_Buffer_Overflow__malloc_fgets_09.c	85
/home/swlab-jueon/swvul/tools/java-vuln-detection/slicing/output/CPG/c/cwe680_cpg/cwe680-57-cpg-resolved.bin	tc57_flow3	CWE680_Integer_Overflow_to_Buffer_Overflow__malloc_fgets_09.c	105	CWE680_Integer_Overflow_to_Buffer_Overflow__malloc_fgets_09.c	112
/home/swlab-jueon/swvul/tools/java-vuln-detection/slicing/output/CPG/c/cwe680_cpg/cwe680-58-cpg-resolved.bin	tc58_flow1	CWE680_Integer_Overflow_to_Buffer_Overflow__malloc_fgets_10.c	33	CWE680_Integer_Overflow_to_Buffer_Overflow__malloc_fgets_10.c	49
/home/swlab-jueon/swvul/tools/java-vuln-detection/slicing/output/CPG/c/cwe680_cpg/cwe680-58-cpg-resolved.bin	tc58_flow2	CWE680_Integer_Overflow_to_Buffer_Overflow__malloc_fgets_10.c	78	CWE680_Integer_Overflow_to_Buffer_Overflow__malloc_fgets_10.c	85
/home/swlab-jueon/swvul/tools/java-vuln-detection/slicing/output/CPG/c/cwe680_cpg/cwe680-58-cpg-resolved.bin	tc58_flow3	CWE680_Integer_Overflow_to_Buffer_Overflow__malloc_fgets_10.c	105	CWE680_Integer_Overflow_to_Buffer_Overflow__malloc_fgets_10.c	112
/home/swlab-jueon/swvul/tools/java-vuln-detection/slicing/output/CPG/c/cwe680_cpg/cwe680-59-cpg-resolved.bin	tc59_flow1	CWE680_Integer_Overflow_to_Buffer_Overflow__malloc_fgets_11.c	33	CWE680_Integer_Overflow_to_Buffer_Overflow__malloc_fgets_11.c	49
/home/swlab-jueon/swvul/tools/java-vuln-detection/slicing/output/CPG/c/cwe680_cpg/cwe680-59-cpg-resolved.bin	tc59_flow2	CWE680_Integer_Overflow_to_Buffer_Overflow__malloc_fgets_11.c	78	CWE680_Integer_Overflow_to_Buffer_Overflow__malloc_fgets_11.c	85
/home/swlab-jueon/swvul/tools/java-vuln-detection/slicing/output/CPG/c/cwe680_cpg/cwe680-59-cpg-resolved.bin	tc59_flow3	CWE680_Integer_Overflow_to_Buffer_Overflow__malloc_fgets_11.c	105	CWE680_Integer_Overflow_to_Buffer_Overflow__malloc_fgets_11.c	112
/home/swlab-jueon/swvul/tools/java-vuln-detection/slicing/output/CPG/c/cwe680_cpg/cwe680-60-cpg-resolved.bin	tc60_flow1	CWE680_Integer_Overflow_to_Buffer_Overflow__malloc_fgets_12.c	33	CWE680_Integer_Overflow_to_Buffer_Overflow__malloc_fgets_12.c	54
/home/swlab-jueon/swvul/tools/java-vuln-detection/slicing/output/CPG/c/cwe680_cpg/cwe680-60-cpg-resolved.bin	tc60_flow2	CWE680_Integer_Overflow_to_Buffer_Overflow__malloc_fgets_12.c	79	CWE680_Integer_Overflow_to_Buffer_Overflow__malloc_fgets_12.c	91
/home/swlab-jueon/swvul/tools/java-vuln-detection/slicing/output/CPG/c/cwe680_cpg/cwe680-61-cpg-resolved.bin	tc61_flow1	CWE680_Integer_Overflow_to_Buffer_Overflow__malloc_fgets_13.c	33	CWE680_Integer_Overflow_to_Buffer_Overflow__malloc_fgets_13.c	49
/home/swlab-jueon/swvul/tools/java-vuln-detection/slicing/output/CPG/c/cwe680_cpg/cwe680-61-cpg-resolved.bin	tc61_flow2	CWE680_Integer_Overflow_to_Buffer_Overflow__malloc_fgets_13.c	78	CWE680_Integer_Overflow_to_Buffer_Overflow__malloc_fgets_13.c	85
/home/swlab-jueon/swvul/tools/java-vuln-detection/slicing/output/CPG/c/cwe680_cpg/cwe680-61-cpg-resolved.bin	tc61_flow3	CWE680_Integer_Overflow_to_Buffer_Overflow__malloc_fgets_13.c	105	CWE680_Integer_Overflow_to_Buffer_Overflow__malloc_fgets_13.c	112
/home/swlab-jueon/swvul/tools/java-vuln-detection/slicing/output/CPG/c/cwe680_cpg/cwe680-62-cpg-resolved.bin	tc62_flow1	CWE680_Integer_Overflow_to_Buffer_Overflow__malloc_fgets_14.c	33	CWE680_Integer_Overflow_to_Buffer_Overflow__malloc_fgets_14.c	49
/home/swlab-jueon/swvul/tools/java-vuln-detection/slicing/output/CPG/c/cwe680_cpg/cwe680-62-cpg-resolved.bin	tc62_flow2	CWE680_Integer_Overflow_to_Buffer_Overflow__malloc_fgets_14.c	78	CWE680_Integer_Overflow_to_Buffer_Overflow__malloc_fgets_14.c	85
/home/swlab-jueon/swvul/tools/java-vuln-detection/slicing/output/CPG/c/cwe680_cpg/cwe680-62-cpg-resolved.bin	tc62_flow3	CWE680_Integer_Overflow_to_Buffer_Overflow__malloc_fgets_14.c	105	CWE680_Integer_Overflow_to_Buffer_Overflow__malloc_fgets_14.c	112
/home/swlab-jueon/swvul/tools/java-vuln-detection/slicing/output/CPG/c/cwe680_cpg/cwe680-63-cpg-resolved.bin	tc63_flow1	CWE680_Integer_Overflow_to_Buffer_Overflow__malloc_fgets_15.c	34	CWE680_Integer_Overflow_to_Buffer_Overflow__malloc_fgets_15.c	55
/home/swlab-jueon/swvul/tools/java-vuln-detection/slicing/output/CPG/c/cwe680_cpg/cwe680-63-cpg-resolved.bin	tc63_flow2	CWE680_Integer_Overflow_to_Buffer_Overflow__malloc_fgets_15.c	84	CWE680_Integer_Overflow_to_Buffer_Overflow__malloc_fgets_15.c	92
/home/swlab-jueon/swvul/tools/java-vuln-detection/slicing/output/CPG/c/cwe680_cpg/cwe680-63-cpg-resolved.bin	tc63_flow3	CWE680_Integer_Overflow_to_Buffer_Overflow__malloc_fgets_15.c	113	CWE680_Integer_Overflow_to_Buffer_Overflow__malloc_fgets_15.c	125
/home/swlab-jueon/swvul/tools/java-vuln-detection/slicing/output/CPG/c/cwe680_cpg/cwe680-64-cpg-resolved.bin	tc64_flow1	CWE680_Integer_Overflow_to_Buffer_Overflow__malloc_fgets_16.c	33	CWE680_Integer_Overflow_to_Buffer_Overflow__malloc_fgets_16.c	50
/home/swlab-jueon/swvul/tools/java-vuln-detection/slicing/output/CPG/c/cwe680_cpg/cwe680-64-cpg-resolved.bin	tc64_flow2	CWE680_Integer_Overflow_to_Buffer_Overflow__malloc_fgets_16.c	74	CWE680_Integer_Overflow_to_Buffer_Overflow__malloc_fgets_16.c	82
/home/swlab-jueon/swvul/tools/java-vuln-detection/slicing/output/CPG/c/cwe680_cpg/cwe680-65-cpg-resolved.bin	tc65_flow1	CWE680_Integer_Overflow_to_Buffer_Overflow__malloc_fgets_17.c	34	CWE680_Integer_Overflow_to_Buffer_Overflow__malloc_fgets_17.c	50
/home/swlab-jueon/swvul/tools/java-vuln-detection/slicing/output/CPG/c/cwe680_cpg/cwe680-65-cpg-resolved.bin	tc65_flow2	CWE680_Integer_Overflow_to_Buffer_Overflow__malloc_fgets_17.c	75	CWE680_Integer_Overflow_to_Buffer_Overflow__malloc_fgets_17.c	82
/home/swlab-jueon/swvul/tools/java-vuln-detection/slicing/output/CPG/c/cwe680_cpg/cwe680-66-cpg-resolved.bin	tc66_flow1	CWE680_Integer_Overflow_to_Buffer_Overflow__malloc_fgets_18.c	33	CWE680_Integer_Overflow_to_Buffer_Overflow__malloc_fgets_18.c	48
/home/swlab-jueon/swvul/tools/java-vuln-detection/slicing/output/CPG/c/cwe680_cpg/cwe680-66-cpg-resolved.bin	tc66_flow2	CWE680_Integer_Overflow_to_Buffer_Overflow__malloc_fgets_18.c	72	CWE680_Integer_Overflow_to_Buffer_Overflow__malloc_fgets_18.c	78
/home/swlab-jueon/swvul/tools/java-vuln-detection/slicing/output/CPG/c/cwe680_cpg/cwe680-67-cpg-resolved.bin	tc67_flow1	CWE680_Integer_Overflow_to_Buffer_Overflow__malloc_fgets_21.c	33	CWE680_Integer_Overflow_to_Buffer_Overflow__malloc_fgets_21.c	59
/home/swlab-jueon/swvul/tools/java-vuln-detection/slicing/output/CPG/c/cwe680_cpg/cwe680-67-cpg-resolved.bin	tc67_flow2	CWE680_Integer_Overflow_to_Buffer_Overflow__malloc_fgets_21.c	89	CWE680_Integer_Overflow_to_Buffer_Overflow__malloc_fgets_21.c	106
/home/swlab-jueon/swvul/tools/java-vuln-detection/slicing/output/CPG/c/cwe680_cpg/cwe680-67-cpg-resolved.bin	tc67_flow3	CWE680_Integer_Overflow_to_Buffer_Overflow__malloc_fgets_21.c	123	CWE680_Integer_Overflow_to_Buffer_Overflow__malloc_fgets_21.c	140
/home/swlab-jueon/swvul/tools/java-vuln-detection/slicing/output/CPG/c/cwe680_cpg/cwe680-68-cpg-resolved.bin	tc68_flow1	CWE680_Integer_Overflow_to_Buffer_Overflow__malloc_fgets_22b.c	33	CWE680_Integer_Overflow_to_Buffer_Overflow__malloc_fgets_22a.c	38
/home/swlab-jueon/swvul/tools/java-vuln-detection/slicing/output/CPG/c/cwe680_cpg/cwe680-68-cpg-resolved.bin	tc68_flow2	CWE680_Integer_Overflow_to_Buffer_Overflow__malloc_fgets_22b.c	66	CWE680_Integer_Overflow_to_Buffer_Overflow__malloc_fgets_22a.c	72
/home/swlab-jueon/swvul/tools/java-vuln-detection/slicing/output/CPG/c/cwe680_cpg/cwe680-68-cpg-resolved.bin	tc68_flow3	CWE680_Integer_Overflow_to_Buffer_Overflow__malloc_fgets_22b.c	77	CWE680_Integer_Overflow_to_Buffer_Overflow__malloc_fgets_22a.c	98
/home/swlab-jueon/swvul/tools/java-vuln-detection/slicing/output/CPG/c/cwe680_cpg/cwe680-69-cpg-resolved.bin	tc69_flow1	CWE680_Integer_Overflow_to_Buffer_Overflow__malloc_fgets_31.c	31	CWE680_Integer_Overflow_to_Buffer_Overflow__malloc_fgets_31.c	49
/home/swlab-jueon/swvul/tools/java-vuln-detection/slicing/output/CPG/c/cwe680_cpg/cwe680-69-cpg-resolved.bin	tc69_flow2	CWE680_Integer_Overflow_to_Buffer_Overflow__malloc_fgets_31.c	72	CWE680_Integer_Overflow_to_Buffer_Overflow__malloc_fgets_31.c	81
/home/swlab-jueon/swvul/tools/java-vuln-detection/slicing/output/CPG/c/cwe680_cpg/cwe680-70-cpg-resolved.bin	tc70_flow1	CWE680_Integer_Overflow_to_Buffer_Overflow__malloc_fgets_32.c	35	CWE680_Integer_Overflow_to_Buffer_Overflow__malloc_fgets_32.c	54
/home/swlab-jueon/swvul/tools/java-vuln-detection/slicing/output/CPG/c/cwe680_cpg/cwe680-70-cpg-resolved.bin	tc70_flow2	CWE680_Integer_Overflow_to_Buffer_Overflow__malloc_fgets_32.c	81	CWE680_Integer_Overflow_to_Buffer_Overflow__malloc_fgets_32.c	91
/home/swlab-jueon/swvul/tools/java-vuln-detection/slicing/output/CPG/c/cwe680_cpg/cwe680-71-cpg-resolved.bin	tc71_flow1	CWE680_Integer_Overflow_to_Buffer_Overflow__malloc_fgets_33.cpp	35	CWE680_Integer_Overflow_to_Buffer_Overflow__malloc_fgets_33.cpp	52
/home/swlab-jueon/swvul/tools/java-vuln-detection/slicing/output/CPG/c/cwe680_cpg/cwe680-71-cpg-resolved.bin	tc71_flow2	CWE680_Integer_Overflow_to_Buffer_Overflow__malloc_fgets_33.cpp	76	CWE680_Integer_Overflow_to_Buffer_Overflow__malloc_fgets_33.cpp	84
/home/swlab-jueon/swvul/tools/java-vuln-detection/slicing/output/CPG/c/cwe680_cpg/cwe680-72-cpg-resolved.bin	tc72_flow1	CWE680_Integer_Overflow_to_Buffer_Overflow__malloc_fgets_34.c	38	CWE680_Integer_Overflow_to_Buffer_Overflow__malloc_fgets_34.c	56
/home/swlab-jueon/swvul/tools/java-vuln-detection/slicing/output/CPG/c/cwe680_cpg/cwe680-72-cpg-resolved.bin	tc72_flow2	CWE680_Integer_Overflow_to_Buffer_Overflow__malloc_fgets_34.c	80	CWE680_Integer_Overflow_to_Buffer_Overflow__malloc_fgets_34.c	89
/home/swlab-jueon/swvul/tools/java-vuln-detection/slicing/output/CPG/c/cwe680_cpg/cwe680-73-cpg-resolved.bin	tc73_flow1	CWE680_Integer_Overflow_to_Buffer_Overflow__malloc_fgets_41.c	49	CWE680_Integer_Overflow_to_Buffer_Overflow__malloc_fgets_41.c	30
/home/swlab-jueon/swvul/tools/java-vuln-detection/slicing/output/CPG/c/cwe680_cpg/cwe680-73-cpg-resolved.bin	tc73_flow2	CWE680_Integer_Overflow_to_Buffer_Overflow__malloc_fgets_41.c	91	CWE680_Integer_Overflow_to_Buffer_Overflow__malloc_fgets_41.c	73
/home/swlab-jueon/swvul/tools/java-vuln-detection/slicing/output/CPG/c/cwe680_cpg/cwe680-74-cpg-resolved.bin	tc74_flow1	CWE680_Integer_Overflow_to_Buffer_Overflow__malloc_fgets_42.c	28	CWE680_Integer_Overflow_to_Buffer_Overflow__malloc_fgets_42.c	52
/home/swlab-jueon/swvul/tools/java-vuln-detection/slicing/output/CPG/c/cwe680_cpg/cwe680-74-cpg-resolved.bin	tc74_flow2	CWE680_Integer_Overflow_to_Buffer_Overflow__malloc_fgets_42.c	70	CWE680_Integer_Overflow_to_Buffer_Overflow__malloc_fgets_42.c	86
/home/swlab-jueon/swvul/tools/java-vuln-detection/slicing/output/CPG/c/cwe680_cpg/cwe680-75-cpg-resolved.bin	tc75_flow1	CWE680_Integer_Overflow_to_Buffer_Overflow__malloc_fgets_43.cpp	31	CWE680_Integer_Overflow_to_Buffer_Overflow__malloc_fgets_43.cpp	54
/home/swlab-jueon/swvul/tools/java-vuln-detection/slicing/output/CPG/c/cwe680_cpg/cwe680-75-cpg-resolved.bin	tc75_flow2	CWE680_Integer_Overflow_to_Buffer_Overflow__malloc_fgets_43.cpp	73	CWE680_Integer_Overflow_to_Buffer_Overflow__malloc_fgets_43.cpp	87
/home/swlab-jueon/swvul/tools/java-vuln-detection/slicing/output/CPG/c/cwe680_cpg/cwe680-76-cpg-resolved.bin	tc76_flow1	CWE680_Integer_Overflow_to_Buffer_Overflow__malloc_fgets_44.c	51	CWE680_Integer_Overflow_to_Buffer_Overflow__malloc_fgets_44.c	30
/home/swlab-jueon/swvul/tools/java-vuln-detection/slicing/output/CPG/c/cwe680_cpg/cwe680-76-cpg-resolved.bin	tc76_flow2	CWE680_Integer_Overflow_to_Buffer_Overflow__malloc_fgets_44.c	95	CWE680_Integer_Overflow_to_Buffer_Overflow__malloc_fgets_44.c	77
/home/swlab-jueon/swvul/tools/java-vuln-detection/slicing/output/CPG/c/cwe680_cpg/cwe680-77-cpg-resolved.bin	tc77_flow1	CWE680_Integer_Overflow_to_Buffer_Overflow__malloc_fgets_45.c	53	CWE680_Integer_Overflow_to_Buffer_Overflow__malloc_fgets_45.c	34
/home/swlab-jueon/swvul/tools/java-vuln-detection/slicing/output/CPG/c/cwe680_cpg/cwe680-77-cpg-resolved.bin	tc77_flow2	CWE680_Integer_Overflow_to_Buffer_Overflow__malloc_fgets_45.c	97	CWE680_Integer_Overflow_to_Buffer_Overflow__malloc_fgets_45.c	80
/home/swlab-jueon/swvul/tools/java-vuln-detection/slicing/output/CPG/c/cwe680_cpg/cwe680-78-cpg-resolved.bin	tc78_flow1	CWE680_Integer_Overflow_to_Buffer_Overflow__malloc_fgets_51a.c	34	CWE680_Integer_Overflow_to_Buffer_Overflow__malloc_fgets_51b.c	32
/home/swlab-jueon/swvul/tools/java-vuln-detection/slicing/output/CPG/c/cwe680_cpg/cwe680-78-cpg-resolved.bin	tc78_flow2	CWE680_Integer_Overflow_to_Buffer_Overflow__malloc_fgets_51a.c	61	CWE680_Integer_Overflow_to_Buffer_Overflow__malloc_fgets_51b.c	55
/home/swlab-jueon/swvul/tools/java-vuln-detection/slicing/output/CPG/c/cwe680_cpg/cwe680-79-cpg-resolved.bin	tc79_flow1	CWE680_Integer_Overflow_to_Buffer_Overflow__malloc_fgets_52a.c	34	CWE680_Integer_Overflow_to_Buffer_Overflow__malloc_fgets_52c.c	32
/home/swlab-jueon/swvul/tools/java-vuln-detection/slicing/output/CPG/c/cwe680_cpg/cwe680-79-cpg-resolved.bin	tc79_flow2	CWE680_Integer_Overflow_to_Buffer_Overflow__malloc_fgets_52a.c	61	CWE680_Integer_Overflow_to_Buffer_Overflow__malloc_fgets_52c.c	55
/home/swlab-jueon/swvul/tools/java-vuln-detection/slicing/output/CPG/c/cwe680_cpg/cwe680-80-cpg-resolved.bin	tc80_flow1	CWE680_Integer_Overflow_to_Buffer_Overflow__malloc_fgets_53a.c	34	CWE680_Integer_Overflow_to_Buffer_Overflow__malloc_fgets_53d.c	32
/home/swlab-jueon/swvul/tools/java-vuln-detection/slicing/output/CPG/c/cwe680_cpg/cwe680-80-cpg-resolved.bin	tc80_flow2	CWE680_Integer_Overflow_to_Buffer_Overflow__malloc_fgets_53a.c	61	CWE680_Integer_Overflow_to_Buffer_Overflow__malloc_fgets_53d.c	55
/home/swlab-jueon/swvul/tools/java-vuln-detection/slicing/output/CPG/c/cwe680_cpg/cwe680-81-cpg-resolved.bin	tc81_flow1	CWE680_Integer_Overflow_to_Buffer_Overflow__malloc_fgets_54a.c	34	CWE680_Integer_Overflow_to_Buffer_Overflow__malloc_fgets_54e.c	32
/home/swlab-jueon/swvul/tools/java-vuln-detection/slicing/output/CPG/c/cwe680_cpg/cwe680-81-cpg-resolved.bin	tc81_flow2	CWE680_Integer_Overflow_to_Buffer_Overflow__malloc_fgets_54a.c	61	CWE680_Integer_Overflow_to_Buffer_Overflow__malloc_fgets_54e.c	55
/home/swlab-jueon/swvul/tools/java-vuln-detection/slicing/output/CPG/c/cwe680_cpg/cwe680-82-cpg-resolved.bin	tc82_flow1	CWE680_Integer_Overflow_to_Buffer_Overflow__malloc_fgets_61b.c	28	CWE680_Integer_Overflow_to_Buffer_Overflow__malloc_fgets_61a.c	37
/home/swlab-jueon/swvul/tools/java-vuln-detection/slicing/output/CPG/c/cwe680_cpg/cwe680-82-cpg-resolved.bin	tc82_flow2	CWE680_Integer_Overflow_to_Buffer_Overflow__malloc_fgets_61b.c	49	CWE680_Integer_Overflow_to_Buffer_Overflow__malloc_fgets_61a.c	66
/home/swlab-jueon/swvul/tools/java-vuln-detection/slicing/output/CPG/c/cwe680_cpg/cwe680-83-cpg-resolved.bin	tc83_flow1	CWE680_Integer_Overflow_to_Buffer_Overflow__malloc_fgets_62b.cpp	31	CWE680_Integer_Overflow_to_Buffer_Overflow__malloc_fgets_62a.cpp	38
/home/swlab-jueon/swvul/tools/java-vuln-detection/slicing/output/CPG/c/cwe680_cpg/cwe680-83-cpg-resolved.bin	tc83_flow2	CWE680_Integer_Overflow_to_Buffer_Overflow__malloc_fgets_62b.cpp	51	CWE680_Integer_Overflow_to_Buffer_Overflow__malloc_fgets_62a.cpp	67
/home/swlab-jueon/swvul/tools/java-vuln-detection/slicing/output/CPG/c/cwe680_cpg/cwe680-84-cpg-resolved.bin	tc84_flow1	CWE680_Integer_Overflow_to_Buffer_Overflow__malloc_fgets_63a.c	34	CWE680_Integer_Overflow_to_Buffer_Overflow__malloc_fgets_63b.c	31
/home/swlab-jueon/swvul/tools/java-vuln-detection/slicing/output/CPG/c/cwe680_cpg/cwe680-84-cpg-resolved.bin	tc84_flow2	CWE680_Integer_Overflow_to_Buffer_Overflow__malloc_fgets_63a.c	60	CWE680_Integer_Overflow_to_Buffer_Overflow__malloc_fgets_63b.c	55
/home/swlab-jueon/swvul/tools/java-vuln-detection/slicing/output/CPG/c/cwe680_cpg/cwe680-85-cpg-resolved.bin	tc85_flow1	CWE680_Integer_Overflow_to_Buffer_Overflow__malloc_fgets_64a.c	34	CWE680_Integer_Overflow_to_Buffer_Overflow__malloc_fgets_64b.c	34
/home/swlab-jueon/swvul/tools/java-vuln-detection/slicing/output/CPG/c/cwe680_cpg/cwe680-85-cpg-resolved.bin	tc85_flow2	CWE680_Integer_Overflow_to_Buffer_Overflow__malloc_fgets_64a.c	60	CWE680_Integer_Overflow_to_Buffer_Overflow__malloc_fgets_64b.c	61
/home/swlab-jueon/swvul/tools/java-vuln-detection/slicing/output/CPG/c/cwe680_cpg/cwe680-86-cpg-resolved.bin	tc86_flow1	CWE680_Integer_Overflow_to_Buffer_Overflow__malloc_fgets_65a.c	36	CWE680_Integer_Overflow_to_Buffer_Overflow__malloc_fgets_65b.c	30
/home/swlab-jueon/swvul/tools/java-vuln-detection/slicing/output/CPG/c/cwe680_cpg/cwe680-86-cpg-resolved.bin	tc86_flow2	CWE680_Integer_Overflow_to_Buffer_Overflow__malloc_fgets_65a.c	64	CWE680_Integer_Overflow_to_Buffer_Overflow__malloc_fgets_65b.c	53
/home/swlab-jueon/swvul/tools/java-vuln-detection/slicing/output/CPG/c/cwe680_cpg/cwe680-87-cpg-resolved.bin	tc87_flow1	CWE680_Integer_Overflow_to_Buffer_Overflow__malloc_fgets_66a.c	35	CWE680_Integer_Overflow_to_Buffer_Overflow__malloc_fgets_66b.c	32
/home/swlab-jueon/swvul/tools/java-vuln-detection/slicing/output/CPG/c/cwe680_cpg/cwe680-87-cpg-resolved.bin	tc87_flow2	CWE680_Integer_Overflow_to_Buffer_Overflow__malloc_fgets_66a.c	64	CWE680_Integer_Overflow_to_Buffer_Overflow__malloc_fgets_66b.c	56
/home/swlab-jueon/swvul/tools/java-vuln-detection/slicing/output/CPG/c/cwe680_cpg/cwe680-88-cpg-resolved.bin	tc88_flow1	CWE680_Integer_Overflow_to_Buffer_Overflow__malloc_fgets_67a.c	40	CWE680_Integer_Overflow_to_Buffer_Overflow__malloc_fgets_67b.c	36
/home/swlab-jueon/swvul/tools/java-vuln-detection/slicing/output/CPG/c/cwe680_cpg/cwe680-88-cpg-resolved.bin	tc88_flow2	CWE680_Integer_Overflow_to_Buffer_Overflow__malloc_fgets_67a.c	68	CWE680_Integer_Overflow_to_Buffer_Overflow__malloc_fgets_67b.c	60
/home/swlab-jueon/swvul/tools/java-vuln-detection/slicing/output/CPG/c/cwe680_cpg/cwe680-89-cpg-resolved.bin	tc89_flow1	CWE680_Integer_Overflow_to_Buffer_Overflow__malloc_fgets_68a.c	37	CWE680_Integer_Overflow_to_Buffer_Overflow__malloc_fgets_68b.c	36
/home/swlab-jueon/swvul/tools/java-vuln-detection/slicing/output/CPG/c/cwe680_cpg/cwe680-89-cpg-resolved.bin	tc89_flow2	CWE680_Integer_Overflow_to_Buffer_Overflow__malloc_fgets_68a.c	65	CWE680_Integer_Overflow_to_Buffer_Overflow__malloc_fgets_68b.c	60
/home/swlab-jueon/swvul/tools/java-vuln-detection/slicing/output/CPG/c/cwe680_cpg/cwe680-90-cpg-resolved.bin	tc90_flow1	CWE680_Integer_Overflow_to_Buffer_Overflow__malloc_fgets_72a.cpp	41	CWE680_Integer_Overflow_to_Buffer_Overflow__malloc_fgets_72b.cpp	36
/home/swlab-jueon/swvul/tools/java-vuln-detection/slicing/output/CPG/c/cwe680_cpg/cwe680-90-cpg-resolved.bin	tc90_flow2	CWE680_Integer_Overflow_to_Buffer_Overflow__malloc_fgets_72a.cpp	74	CWE680_Integer_Overflow_to_Buffer_Overflow__malloc_fgets_72b.cpp	60
/home/swlab-jueon/swvul/tools/java-vuln-detection/slicing/output/CPG/c/cwe680_cpg/cwe680-91-cpg-resolved.bin	tc91_flow1	CWE680_Integer_Overflow_to_Buffer_Overflow__malloc_fgets_73a.cpp	41	CWE680_Integer_Overflow_to_Buffer_Overflow__malloc_fgets_73b.cpp	36
/home/swlab-jueon/swvul/tools/java-vuln-detection/slicing/output/CPG/c/cwe680_cpg/cwe680-91-cpg-resolved.bin	tc91_flow2	CWE680_Integer_Overflow_to_Buffer_Overflow__malloc_fgets_73a.cpp	74	CWE680_Integer_Overflow_to_Buffer_Overflow__malloc_fgets_73b.cpp	60
/home/swlab-jueon/swvul/tools/java-vuln-detection/slicing/output/CPG/c/cwe680_cpg/cwe680-92-cpg-resolved.bin	tc92_flow1	CWE680_Integer_Overflow_to_Buffer_Overflow__malloc_fgets_74a.cpp	41	CWE680_Integer_Overflow_to_Buffer_Overflow__malloc_fgets_74b.cpp	36
/home/swlab-jueon/swvul/tools/java-vuln-detection/slicing/output/CPG/c/cwe680_cpg/cwe680-92-cpg-resolved.bin	tc92_flow2	CWE680_Integer_Overflow_to_Buffer_Overflow__malloc_fgets_74a.cpp	74	CWE680_Integer_Overflow_to_Buffer_Overflow__malloc_fgets_74b.cpp	60
/home/swlab-jueon/swvul/tools/java-vuln-detection/slicing/output/CPG/c/cwe680_cpg/cwe680-93-cpg-resolved.bin	tc93_flow1	CWE680_Integer_Overflow_to_Buffer_Overflow__malloc_fgets_81a.cpp	35	CWE680_Integer_Overflow_to_Buffer_Overflow__malloc_fgets_81_bad.cpp	31
/home/swlab-jueon/swvul/tools/java-vuln-detection/slicing/output/CPG/c/cwe680_cpg/cwe680-93-cpg-resolved.bin	tc93_flow2	CWE680_Integer_Overflow_to_Buffer_Overflow__malloc_fgets_81a.cpp	60	CWE680_Integer_Overflow_to_Buffer_Overflow__malloc_fgets_81_goodG2B.cpp	31
/home/swlab-jueon/swvul/tools/java-vuln-detection/slicing/output/CPG/c/cwe680_cpg/cwe680-94-cpg-resolved.bin	tc94_flow1	CWE680_Integer_Overflow_to_Buffer_Overflow__malloc_fgets_82a.cpp	35	CWE680_Integer_Overflow_to_Buffer_Overflow__malloc_fgets_82_bad.cpp	31
/home/swlab-jueon/swvul/tools/java-vuln-detection/slicing/output/CPG/c/cwe680_cpg/cwe680-94-cpg-resolved.bin	tc94_flow2	CWE680_Integer_Overflow_to_Buffer_Overflow__malloc_fgets_82a.cpp	61	CWE680_Integer_Overflow_to_Buffer_Overflow__malloc_fgets_82_goodG2B.cpp	31
/home/swlab-jueon/swvul/tools/java-vuln-detection/slicing/output/CPG/c/cwe680_cpg/cwe680-95-cpg-resolved.bin	tc95_flow1	CWE680_Integer_Overflow_to_Buffer_Overflow__malloc_fgets_83_bad.cpp	31	CWE680_Integer_Overflow_to_Buffer_Overflow__malloc_fgets_83_bad.cpp	50
/home/swlab-jueon/swvul/tools/java-vuln-detection/slicing/output/CPG/c/cwe680_cpg/cwe680-95-cpg-resolved.bin	tc95_flow2	CWE680_Integer_Overflow_to_Buffer_Overflow__malloc_fgets_83_goodG2B.cpp	27	CWE680_Integer_Overflow_to_Buffer_Overflow__malloc_fgets_83_goodG2B.cpp	37
/home/swlab-jueon/swvul/tools/java-vuln-detection/slicing/output/CPG/c/cwe680_cpg/cwe680-96-cpg-resolved.bin	tc96_flow1	CWE680_Integer_Overflow_to_Buffer_Overflow__malloc_fgets_84_bad.cpp	31	CWE680_Integer_Overflow_to_Buffer_Overflow__malloc_fgets_84_bad.cpp	50
/home/swlab-jueon/swvul/tools/java-vuln-detection/slicing/output/CPG/c/cwe680_cpg/cwe680-96-cpg-resolved.bin	tc96_flow2	CWE680_Integer_Overflow_to_Buffer_Overflow__malloc_fgets_84_goodG2B.cpp	27	CWE680_Integer_Overflow_to_Buffer_Overflow__malloc_fgets_84_goodG2B.cpp	37
/home/swlab-jueon/swvul/tools/java-vuln-detection/slicing/output/CPG/c/cwe680_cpg/cwe680-97-cpg-resolved.bin	tc97_flow1	CWE680_Integer_Overflow_to_Buffer_Overflow__malloc_fixed_01.c	27	CWE680_Integer_Overflow_to_Buffer_Overflow__malloc_fixed_01.c	35
/home/swlab-jueon/swvul/tools/java-vuln-detection/slicing/output/CPG/c/cwe680_cpg/cwe680-97-cpg-resolved.bin	tc97_flow2	CWE680_Integer_Overflow_to_Buffer_Overflow__malloc_fixed_01.c	57	CWE680_Integer_Overflow_to_Buffer_Overflow__malloc_fixed_01.c	63
/home/swlab-jueon/swvul/tools/java-vuln-detection/slicing/output/CPG/c/cwe680_cpg/cwe680-98-cpg-resolved.bin	tc98_flow1	CWE680_Integer_Overflow_to_Buffer_Overflow__malloc_fixed_02.c	29	CWE680_Integer_Overflow_to_Buffer_Overflow__malloc_fixed_02.c	38
/home/swlab-jueon/swvul/tools/java-vuln-detection/slicing/output/CPG/c/cwe680_cpg/cwe680-98-cpg-resolved.bin	tc98_flow2	CWE680_Integer_Overflow_to_Buffer_Overflow__malloc_fixed_02.c	67	CWE680_Integer_Overflow_to_Buffer_Overflow__malloc_fixed_02.c	74
/home/swlab-jueon/swvul/tools/java-vuln-detection/slicing/output/CPG/c/cwe680_cpg/cwe680-98-cpg-resolved.bin	tc98_flow3	CWE680_Integer_Overflow_to_Buffer_Overflow__malloc_fixed_02.c	94	CWE680_Integer_Overflow_to_Buffer_Overflow__malloc_fixed_02.c	101
/home/swlab-jueon/swvul/tools/java-vuln-detection/slicing/output/CPG/c/cwe680_cpg/cwe680-99-cpg-resolved.bin	tc99_flow1	CWE680_Integer_Overflow_to_Buffer_Overflow__malloc_fixed_03.c	29	CWE680_Integer_Overflow_to_Buffer_Overflow__malloc_fixed_03.c	38
/home/swlab-jueon/swvul/tools/java-vuln-detection/slicing/output/CPG/c/cwe680_cpg/cwe680-99-cpg-resolved.bin	tc99_flow2	CWE680_Integer_Overflow_to_Buffer_Overflow__malloc_fixed_03.c	67	CWE680_Integer_Overflow_to_Buffer_Overflow__malloc_fixed_03.c	74
/home/swlab-jueon/swvul/tools/java-vuln-detection/slicing/output/CPG/c/cwe680_cpg/cwe680-99-cpg-resolved.bin	tc99_flow3	CWE680_Integer_Overflow_to_Buffer_Overflow__malloc_fixed_03.c	94	CWE680_Integer_Overflow_to_Buffer_Overflow__malloc_fixed_03.c	101
/home/swlab-jueon/swvul/tools/java-vuln-detection/slicing/output/CPG/c/cwe680_cpg/cwe680-100-cpg-resolved.bin	tc100_flow1	CWE680_Integer_Overflow_to_Buffer_Overflow__malloc_fixed_04.c	36	CWE680_Integer_Overflow_to_Buffer_Overflow__malloc_fixed_04.c	45
/home/swlab-jueon/swvul/tools/java-vuln-detection/slicing/output/CPG/c/cwe680_cpg/cwe680-100-cpg-resolved.bin	tc100_flow2	CWE680_Integer_Overflow_to_Buffer_Overflow__malloc_fixed_04.c	74	CWE680_Integer_Overflow_to_Buffer_Overflow__malloc_fixed_04.c	81
/home/swlab-jueon/swvul/tools/java-vuln-detection/slicing/output/CPG/c/cwe680_cpg/cwe680-100-cpg-resolved.bin	tc100_flow3	CWE680_Integer_Overflow_to_Buffer_Overflow__malloc_fixed_04.c	101	CWE680_Integer_Overflow_to_Buffer_Overflow__malloc_fixed_04.c	108
/home/swlab-jueon/swvul/tools/java-vuln-detection/slicing/output/CPG/c/cwe680_cpg/cwe680-101-cpg-resolved.bin	tc101_flow1	CWE680_Integer_Overflow_to_Buffer_Overflow__malloc_fixed_05.c	36	CWE680_Integer_Overflow_to_Buffer_Overflow__malloc_fixed_05.c	45
/home/swlab-jueon/swvul/tools/java-vuln-detection/slicing/output/CPG/c/cwe680_cpg/cwe680-101-cpg-resolved.bin	tc101_flow2	CWE680_Integer_Overflow_to_Buffer_Overflow__malloc_fixed_05.c	74	CWE680_Integer_Overflow_to_Buffer_Overflow__malloc_fixed_05.c	81
/home/swlab-jueon/swvul/tools/java-vuln-detection/slicing/output/CPG/c/cwe680_cpg/cwe680-101-cpg-resolved.bin	tc101_flow3	CWE680_Integer_Overflow_to_Buffer_Overflow__malloc_fixed_05.c	101	CWE680_Integer_Overflow_to_Buffer_Overflow__malloc_fixed_05.c	108
/home/swlab-jueon/swvul/tools/java-vuln-detection/slicing/output/CPG/c/cwe680_cpg/cwe680-102-cpg-resolved.bin	tc102_flow1	CWE680_Integer_Overflow_to_Buffer_Overflow__malloc_fixed_06.c	33	CWE680_Integer_Overflow_to_Buffer_Overflow__malloc_fixed_06.c	42
/home/swlab-jueon/swvul/tools/java-vuln-detection/slicing/output/CPG/c/cwe680_cpg/cwe680-102-cpg-resolved.bin	tc102_flow2	CWE680_Integer_Overflow_to_Buffer_Overflow__malloc_fixed_06.c	71	CWE680_Integer_Overflow_to_Buffer_Overflow__malloc_fixed_06.c	78
/home/swlab-jueon/swvul/tools/java-vuln-detection/slicing/output/CPG/c/cwe680_cpg/cwe680-102-cpg-resolved.bin	tc102_flow3	CWE680_Integer_Overflow_to_Buffer_Overflow__malloc_fixed_06.c	98	CWE680_Integer_Overflow_to_Buffer_Overflow__malloc_fixed_06.c	105
/home/swlab-jueon/swvul/tools/java-vuln-detection/slicing/output/CPG/c/cwe680_cpg/cwe680-103-cpg-resolved.bin	tc103_flow1	CWE680_Integer_Overflow_to_Buffer_Overflow__malloc_fixed_07.c	35	CWE680_Integer_Overflow_to_Buffer_Overflow__malloc_fixed_07.c	44
/home/swlab-jueon/swvul/tools/java-vuln-detection/slicing/output/CPG/c/cwe680_cpg/cwe680-103-cpg-resolved.bin	tc103_flow2	CWE680_Integer_Overflow_to_Buffer_Overflow__malloc_fixed_07.c	73	CWE680_Integer_Overflow_to_Buffer_Overflow__malloc_fixed_07.c	80
/home/swlab-jueon/swvul/tools/java-vuln-detection/slicing/output/CPG/c/cwe680_cpg/cwe680-103-cpg-resolved.bin	tc103_flow3	CWE680_Integer_Overflow_to_Buffer_Overflow__malloc_fixed_07.c	100	CWE680_Integer_Overflow_to_Buffer_Overflow__malloc_fixed_07.c	107
/home/swlab-jueon/swvul/tools/java-vuln-detection/slicing/output/CPG/c/cwe680_cpg/cwe680-104-cpg-resolved.bin	tc104_flow1	CWE680_Integer_Overflow_to_Buffer_Overflow__malloc_fixed_08.c	43	CWE680_Integer_Overflow_to_Buffer_Overflow__malloc_fixed_08.c	52
/home/swlab-jueon/swvul/tools/java-vuln-detection/slicing/output/CPG/c/cwe680_cpg/cwe680-104-cpg-resolved.bin	tc104_flow2	CWE680_Integer_Overflow_to_Buffer_Overflow__malloc_fixed_08.c	81	CWE680_Integer_Overflow_to_Buffer_Overflow__malloc_fixed_08.c	88
/home/swlab-jueon/swvul/tools/java-vuln-detection/slicing/output/CPG/c/cwe680_cpg/cwe680-104-cpg-resolved.bin	tc104_flow3	CWE680_Integer_Overflow_to_Buffer_Overflow__malloc_fixed_08.c	108	CWE680_Integer_Overflow_to_Buffer_Overflow__malloc_fixed_08.c	115
/home/swlab-jueon/swvul/tools/java-vuln-detection/slicing/output/CPG/c/cwe680_cpg/cwe680-105-cpg-resolved.bin	tc105_flow1	CWE680_Integer_Overflow_to_Buffer_Overflow__malloc_fixed_09.c	29	CWE680_Integer_Overflow_to_Buffer_Overflow__malloc_fixed_09.c	38
/home/swlab-jueon/swvul/tools/java-vuln-detection/slicing/output/CPG/c/cwe680_cpg/cwe680-105-cpg-resolved.bin	tc105_flow2	CWE680_Integer_Overflow_to_Buffer_Overflow__malloc_fixed_09.c	67	CWE680_Integer_Overflow_to_Buffer_Overflow__malloc_fixed_09.c	74
/home/swlab-jueon/swvul/tools/java-vuln-detection/slicing/output/CPG/c/cwe680_cpg/cwe680-105-cpg-resolved.bin	tc105_flow3	CWE680_Integer_Overflow_to_Buffer_Overflow__malloc_fixed_09.c	94	CWE680_Integer_Overflow_to_Buffer_Overflow__malloc_fixed_09.c	101
/home/swlab-jueon/swvul/tools/java-vuln-detection/slicing/output/CPG/c/cwe680_cpg/cwe680-106-cpg-resolved.bin	tc106_flow1	CWE680_Integer_Overflow_to_Buffer_Overflow__malloc_fixed_10.c	29	CWE680_Integer_Overflow_to_Buffer_Overflow__malloc_fixed_10.c	38
/home/swlab-jueon/swvul/tools/java-vuln-detection/slicing/output/CPG/c/cwe680_cpg/cwe680-106-cpg-resolved.bin	tc106_flow2	CWE680_Integer_Overflow_to_Buffer_Overflow__malloc_fixed_10.c	67	CWE680_Integer_Overflow_to_Buffer_Overflow__malloc_fixed_10.c	74
/home/swlab-jueon/swvul/tools/java-vuln-detection/slicing/output/CPG/c/cwe680_cpg/cwe680-106-cpg-resolved.bin	tc106_flow3	CWE680_Integer_Overflow_to_Buffer_Overflow__malloc_fixed_10.c	94	CWE680_Integer_Overflow_to_Buffer_Overflow__malloc_fixed_10.c	101
/home/swlab-jueon/swvul/tools/java-vuln-detection/slicing/output/CPG/c/cwe680_cpg/cwe680-107-cpg-resolved.bin	tc107_flow1	CWE680_Integer_Overflow_to_Buffer_Overflow__malloc_fixed_11.c	29	CWE680_Integer_Overflow_to_Buffer_Overflow__malloc_fixed_11.c	38
/home/swlab-jueon/swvul/tools/java-vuln-detection/slicing/output/CPG/c/cwe680_cpg/cwe680-107-cpg-resolved.bin	tc107_flow2	CWE680_Integer_Overflow_to_Buffer_Overflow__malloc_fixed_11.c	67	CWE680_Integer_Overflow_to_Buffer_Overflow__malloc_fixed_11.c	74
/home/swlab-jueon/swvul/tools/java-vuln-detection/slicing/output/CPG/c/cwe680_cpg/cwe680-107-cpg-resolved.bin	tc107_flow3	CWE680_Integer_Overflow_to_Buffer_Overflow__malloc_fixed_11.c	94	CWE680_Integer_Overflow_to_Buffer_Overflow__malloc_fixed_11.c	101
/home/swlab-jueon/swvul/tools/java-vuln-detection/slicing/output/CPG/c/cwe680_cpg/cwe680-108-cpg-resolved.bin	tc108_flow1	CWE680_Integer_Overflow_to_Buffer_Overflow__malloc_fixed_12.c	29	CWE680_Integer_Overflow_to_Buffer_Overflow__malloc_fixed_12.c	43
/home/swlab-jueon/swvul/tools/java-vuln-detection/slicing/output/CPG/c/cwe680_cpg/cwe680-108-cpg-resolved.bin	tc108_flow2	CWE680_Integer_Overflow_to_Buffer_Overflow__malloc_fixed_12.c	68	CWE680_Integer_Overflow_to_Buffer_Overflow__malloc_fixed_12.c	80
/home/swlab-jueon/swvul/tools/java-vuln-detection/slicing/output/CPG/c/cwe680_cpg/cwe680-109-cpg-resolved.bin	tc109_flow1	CWE680_Integer_Overflow_to_Buffer_Overflow__malloc_fixed_13.c	29	CWE680_Integer_Overflow_to_Buffer_Overflow__malloc_fixed_13.c	38
/home/swlab-jueon/swvul/tools/java-vuln-detection/slicing/output/CPG/c/cwe680_cpg/cwe680-109-cpg-resolved.bin	tc109_flow2	CWE680_Integer_Overflow_to_Buffer_Overflow__malloc_fixed_13.c	67	CWE680_Integer_Overflow_to_Buffer_Overflow__malloc_fixed_13.c	74
/home/swlab-jueon/swvul/tools/java-vuln-detection/slicing/output/CPG/c/cwe680_cpg/cwe680-109-cpg-resolved.bin	tc109_flow3	CWE680_Integer_Overflow_to_Buffer_Overflow__malloc_fixed_13.c	94	CWE680_Integer_Overflow_to_Buffer_Overflow__malloc_fixed_13.c	101
/home/swlab-jueon/swvul/tools/java-vuln-detection/slicing/output/CPG/c/cwe680_cpg/cwe680-110-cpg-resolved.bin	tc110_flow1	CWE680_Integer_Overflow_to_Buffer_Overflow__malloc_fixed_14.c	29	CWE680_Integer_Overflow_to_Buffer_Overflow__malloc_fixed_14.c	38
/home/swlab-jueon/swvul/tools/java-vuln-detection/slicing/output/CPG/c/cwe680_cpg/cwe680-110-cpg-resolved.bin	tc110_flow2	CWE680_Integer_Overflow_to_Buffer_Overflow__malloc_fixed_14.c	67	CWE680_Integer_Overflow_to_Buffer_Overflow__malloc_fixed_14.c	74
/home/swlab-jueon/swvul/tools/java-vuln-detection/slicing/output/CPG/c/cwe680_cpg/cwe680-110-cpg-resolved.bin	tc110_flow3	CWE680_Integer_Overflow_to_Buffer_Overflow__malloc_fixed_14.c	94	CWE680_Integer_Overflow_to_Buffer_Overflow__malloc_fixed_14.c	101
/home/swlab-jueon/swvul/tools/java-vuln-detection/slicing/output/CPG/c/cwe680_cpg/cwe680-111-cpg-resolved.bin	tc111_flow1	CWE680_Integer_Overflow_to_Buffer_Overflow__malloc_fixed_15.c	30	CWE680_Integer_Overflow_to_Buffer_Overflow__malloc_fixed_15.c	44
/home/swlab-jueon/swvul/tools/java-vuln-detection/slicing/output/CPG/c/cwe680_cpg/cwe680-111-cpg-resolved.bin	tc111_flow2	CWE680_Integer_Overflow_to_Buffer_Overflow__malloc_fixed_15.c	73	CWE680_Integer_Overflow_to_Buffer_Overflow__malloc_fixed_15.c	81
/home/swlab-jueon/swvul/tools/java-vuln-detection/slicing/output/CPG/c/cwe680_cpg/cwe680-111-cpg-resolved.bin	tc111_flow3	CWE680_Integer_Overflow_to_Buffer_Overflow__malloc_fixed_15.c	102	CWE680_Integer_Overflow_to_Buffer_Overflow__malloc_fixed_15.c	114
/home/swlab-jueon/swvul/tools/java-vuln-detection/slicing/output/CPG/c/cwe680_cpg/cwe680-112-cpg-resolved.bin	tc112_flow1	CWE680_Integer_Overflow_to_Buffer_Overflow__malloc_fixed_16.c	29	CWE680_Integer_Overflow_to_Buffer_Overflow__malloc_fixed_16.c	39
/home/swlab-jueon/swvul/tools/java-vuln-detection/slicing/output/CPG/c/cwe680_cpg/cwe680-112-cpg-resolved.bin	tc112_flow2	CWE680_Integer_Overflow_to_Buffer_Overflow__malloc_fixed_16.c	63	CWE680_Integer_Overflow_to_Buffer_Overflow__malloc_fixed_16.c	71
/home/swlab-jueon/swvul/tools/java-vuln-detection/slicing/output/CPG/c/cwe680_cpg/cwe680-113-cpg-resolved.bin	tc113_flow1	CWE680_Integer_Overflow_to_Buffer_Overflow__malloc_fixed_17.c	30	CWE680_Integer_Overflow_to_Buffer_Overflow__malloc_fixed_17.c	39
/home/swlab-jueon/swvul/tools/java-vuln-detection/slicing/output/CPG/c/cwe680_cpg/cwe680-113-cpg-resolved.bin	tc113_flow2	CWE680_Integer_Overflow_to_Buffer_Overflow__malloc_fixed_17.c	64	CWE680_Integer_Overflow_to_Buffer_Overflow__malloc_fixed_17.c	71
/home/swlab-jueon/swvul/tools/java-vuln-detection/slicing/output/CPG/c/cwe680_cpg/cwe680-114-cpg-resolved.bin	tc114_flow1	CWE680_Integer_Overflow_to_Buffer_Overflow__malloc_fixed_18.c	29	CWE680_Integer_Overflow_to_Buffer_Overflow__malloc_fixed_18.c	37
/home/swlab-jueon/swvul/tools/java-vuln-detection/slicing/output/CPG/c/cwe680_cpg/cwe680-114-cpg-resolved.bin	tc114_flow2	CWE680_Integer_Overflow_to_Buffer_Overflow__malloc_fixed_18.c	61	CWE680_Integer_Overflow_to_Buffer_Overflow__malloc_fixed_18.c	67
/home/swlab-jueon/swvul/tools/java-vuln-detection/slicing/output/CPG/c/cwe680_cpg/cwe680-115-cpg-resolved.bin	tc115_flow1	CWE680_Integer_Overflow_to_Buffer_Overflow__malloc_fixed_21.c	29	CWE680_Integer_Overflow_to_Buffer_Overflow__malloc_fixed_21.c	48
/home/swlab-jueon/swvul/tools/java-vuln-detection/slicing/output/CPG/c/cwe680_cpg/cwe680-115-cpg-resolved.bin	tc115_flow2	CWE680_Integer_Overflow_to_Buffer_Overflow__malloc_fixed_21.c	78	CWE680_Integer_Overflow_to_Buffer_Overflow__malloc_fixed_21.c	95
/home/swlab-jueon/swvul/tools/java-vuln-detection/slicing/output/CPG/c/cwe680_cpg/cwe680-115-cpg-resolved.bin	tc115_flow3	CWE680_Integer_Overflow_to_Buffer_Overflow__malloc_fixed_21.c	112	CWE680_Integer_Overflow_to_Buffer_Overflow__malloc_fixed_21.c	129
/home/swlab-jueon/swvul/tools/java-vuln-detection/slicing/output/CPG/c/cwe680_cpg/cwe680-116-cpg-resolved.bin	tc116_flow1	CWE680_Integer_Overflow_to_Buffer_Overflow__malloc_fixed_22b.c	29	CWE680_Integer_Overflow_to_Buffer_Overflow__malloc_fixed_22a.c	38
/home/swlab-jueon/swvul/tools/java-vuln-detection/slicing/output/CPG/c/cwe680_cpg/cwe680-116-cpg-resolved.bin	tc116_flow2	CWE680_Integer_Overflow_to_Buffer_Overflow__malloc_fixed_22b.c	55	CWE680_Integer_Overflow_to_Buffer_Overflow__malloc_fixed_22a.c	72
/home/swlab-jueon/swvul/tools/java-vuln-detection/slicing/output/CPG/c/cwe680_cpg/cwe680-116-cpg-resolved.bin	tc116_flow3	CWE680_Integer_Overflow_to_Buffer_Overflow__malloc_fixed_22b.c	66	CWE680_Integer_Overflow_to_Buffer_Overflow__malloc_fixed_22a.c	98
/home/swlab-jueon/swvul/tools/java-vuln-detection/slicing/output/CPG/c/cwe680_cpg/cwe680-117-cpg-resolved.bin	tc117_flow1	CWE680_Integer_Overflow_to_Buffer_Overflow__malloc_fixed_31.c	27	CWE680_Integer_Overflow_to_Buffer_Overflow__malloc_fixed_31.c	38
/home/swlab-jueon/swvul/tools/java-vuln-detection/slicing/output/CPG/c/cwe680_cpg/cwe680-117-cpg-resolved.bin	tc117_flow2	CWE680_Integer_Overflow_to_Buffer_Overflow__malloc_fixed_31.c	61	CWE680_Integer_Overflow_to_Buffer_Overflow__malloc_fixed_31.c	70
/home/swlab-jueon/swvul/tools/java-vuln-detection/slicing/output/CPG/c/cwe680_cpg/cwe680-118-cpg-resolved.bin	tc118_flow1	CWE680_Integer_Overflow_to_Buffer_Overflow__malloc_fixed_32.c	31	CWE680_Integer_Overflow_to_Buffer_Overflow__malloc_fixed_32.c	43
/home/swlab-jueon/swvul/tools/java-vuln-detection/slicing/output/CPG/c/cwe680_cpg/cwe680-118-cpg-resolved.bin	tc118_flow2	CWE680_Integer_Overflow_to_Buffer_Overflow__malloc_fixed_32.c	70	CWE680_Integer_Overflow_to_Buffer_Overflow__malloc_fixed_32.c	80
/home/swlab-jueon/swvul/tools/java-vuln-detection/slicing/output/CPG/c/cwe680_cpg/cwe680-119-cpg-resolved.bin	tc119_flow1	CWE680_Integer_Overflow_to_Buffer_Overflow__malloc_fixed_33.cpp	31	CWE680_Integer_Overflow_to_Buffer_Overflow__malloc_fixed_33.cpp	41
/home/swlab-jueon/swvul/tools/java-vuln-detection/slicing/output/CPG/c/cwe680_cpg/cwe680-119-cpg-resolved.bin	tc119_flow2	CWE680_Integer_Overflow_to_Buffer_Overflow__malloc_fixed_33.cpp	65	CWE680_Integer_Overflow_to_Buffer_Overflow__malloc_fixed_33.cpp	73
/home/swlab-jueon/swvul/tools/java-vuln-detection/slicing/output/CPG/c/cwe680_cpg/cwe680-120-cpg-resolved.bin	tc120_flow1	CWE680_Integer_Overflow_to_Buffer_Overflow__malloc_fixed_34.c	34	CWE680_Integer_Overflow_to_Buffer_Overflow__malloc_fixed_34.c	45
/home/swlab-jueon/swvul/tools/java-vuln-detection/slicing/output/CPG/c/cwe680_cpg/cwe680-120-cpg-resolved.bin	tc120_flow2	CWE680_Integer_Overflow_to_Buffer_Overflow__malloc_fixed_34.c	69	CWE680_Integer_Overflow_to_Buffer_Overflow__malloc_fixed_34.c	78
/home/swlab-jueon/swvul/tools/java-vuln-detection/slicing/output/CPG/c/cwe680_cpg/cwe680-121-cpg-resolved.bin	tc121_flow1	CWE680_Integer_Overflow_to_Buffer_Overflow__malloc_fixed_41.c	45	CWE680_Integer_Overflow_to_Buffer_Overflow__malloc_fixed_41.c	28
/home/swlab-jueon/swvul/tools/java-vuln-detection/slicing/output/CPG/c/cwe680_cpg/cwe680-121-cpg-resolved.bin	tc121_flow2	CWE680_Integer_Overflow_to_Buffer_Overflow__malloc_fixed_41.c	80	CWE680_Integer_Overflow_to_Buffer_Overflow__malloc_fixed_41.c	62
/home/swlab-jueon/swvul/tools/java-vuln-detection/slicing/output/CPG/c/cwe680_cpg/cwe680-122-cpg-resolved.bin	tc122_flow1	CWE680_Integer_Overflow_to_Buffer_Overflow__malloc_fixed_42.c	24	CWE680_Integer_Overflow_to_Buffer_Overflow__malloc_fixed_42.c	41
/home/swlab-jueon/swvul/tools/java-vuln-detection/slicing/output/CPG/c/cwe680_cpg/cwe680-122-cpg-resolved.bin	tc122_flow2	CWE680_Integer_Overflow_to_Buffer_Overflow__malloc_fixed_42.c	59	CWE680_Integer_Overflow_to_Buffer_Overflow__malloc_fixed_42.c	75
/home/swlab-jueon/swvul/tools/java-vuln-detection/slicing/output/CPG/c/cwe680_cpg/cwe680-123-cpg-resolved.bin	tc123_flow1	CWE680_Integer_Overflow_to_Buffer_Overflow__malloc_fixed_43.cpp	27	CWE680_Integer_Overflow_to_Buffer_Overflow__malloc_fixed_43.cpp	43
/home/swlab-jueon/swvul/tools/java-vuln-detection/slicing/output/CPG/c/cwe680_cpg/cwe680-123-cpg-resolved.bin	tc123_flow2	CWE680_Integer_Overflow_to_Buffer_Overflow__malloc_fixed_43.cpp	62	CWE680_Integer_Overflow_to_Buffer_Overflow__malloc_fixed_43.cpp	76
/home/swlab-jueon/swvul/tools/java-vuln-detection/slicing/output/CPG/c/cwe680_cpg/cwe680-124-cpg-resolved.bin	tc124_flow1	CWE680_Integer_Overflow_to_Buffer_Overflow__malloc_fixed_44.c	47	CWE680_Integer_Overflow_to_Buffer_Overflow__malloc_fixed_44.c	28
/home/swlab-jueon/swvul/tools/java-vuln-detection/slicing/output/CPG/c/cwe680_cpg/cwe680-124-cpg-resolved.bin	tc124_flow2	CWE680_Integer_Overflow_to_Buffer_Overflow__malloc_fixed_44.c	84	CWE680_Integer_Overflow_to_Buffer_Overflow__malloc_fixed_44.c	66
/home/swlab-jueon/swvul/tools/java-vuln-detection/slicing/output/CPG/c/cwe680_cpg/cwe680-125-cpg-resolved.bin	tc125_flow1	CWE680_Integer_Overflow_to_Buffer_Overflow__malloc_fixed_45.c	49	CWE680_Integer_Overflow_to_Buffer_Overflow__malloc_fixed_45.c	32
/home/swlab-jueon/swvul/tools/java-vuln-detection/slicing/output/CPG/c/cwe680_cpg/cwe680-125-cpg-resolved.bin	tc125_flow2	CWE680_Integer_Overflow_to_Buffer_Overflow__malloc_fixed_45.c	86	CWE680_Integer_Overflow_to_Buffer_Overflow__malloc_fixed_45.c	69
/home/swlab-jueon/swvul/tools/java-vuln-detection/slicing/output/CPG/c/cwe680_cpg/cwe680-126-cpg-resolved.bin	tc126_flow1	CWE680_Integer_Overflow_to_Buffer_Overflow__malloc_fixed_51a.c	30	CWE680_Integer_Overflow_to_Buffer_Overflow__malloc_fixed_51b.c	30
/home/swlab-jueon/swvul/tools/java-vuln-detection/slicing/output/CPG/c/cwe680_cpg/cwe680-126-cpg-resolved.bin	tc126_flow2	CWE680_Integer_Overflow_to_Buffer_Overflow__malloc_fixed_51a.c	50	CWE680_Integer_Overflow_to_Buffer_Overflow__malloc_fixed_51b.c	53
/home/swlab-jueon/swvul/tools/java-vuln-detection/slicing/output/CPG/c/cwe680_cpg/cwe680-127-cpg-resolved.bin	tc127_flow1	CWE680_Integer_Overflow_to_Buffer_Overflow__malloc_fixed_52a.c	30	CWE680_Integer_Overflow_to_Buffer_Overflow__malloc_fixed_52c.c	30
/home/swlab-jueon/swvul/tools/java-vuln-detection/slicing/output/CPG/c/cwe680_cpg/cwe680-127-cpg-resolved.bin	tc127_flow2	CWE680_Integer_Overflow_to_Buffer_Overflow__malloc_fixed_52a.c	50	CWE680_Integer_Overflow_to_Buffer_Overflow__malloc_fixed_52c.c	53
/home/swlab-jueon/swvul/tools/java-vuln-detection/slicing/output/CPG/c/cwe680_cpg/cwe680-128-cpg-resolved.bin	tc128_flow1	CWE680_Integer_Overflow_to_Buffer_Overflow__malloc_fixed_53a.c	30	CWE680_Integer_Overflow_to_Buffer_Overflow__malloc_fixed_53d.c	30
/home/swlab-jueon/swvul/tools/java-vuln-detection/slicing/output/CPG/c/cwe680_cpg/cwe680-128-cpg-resolved.bin	tc128_flow2	CWE680_Integer_Overflow_to_Buffer_Overflow__malloc_fixed_53a.c	50	CWE680_Integer_Overflow_to_Buffer_Overflow__malloc_fixed_53d.c	53
/home/swlab-jueon/swvul/tools/java-vuln-detection/slicing/output/CPG/c/cwe680_cpg/cwe680-129-cpg-resolved.bin	tc129_flow1	CWE680_Integer_Overflow_to_Buffer_Overflow__malloc_fixed_54a.c	30	CWE680_Integer_Overflow_to_Buffer_Overflow__malloc_fixed_54e.c	30
/home/swlab-jueon/swvul/tools/java-vuln-detection/slicing/output/CPG/c/cwe680_cpg/cwe680-129-cpg-resolved.bin	tc129_flow2	CWE680_Integer_Overflow_to_Buffer_Overflow__malloc_fixed_54a.c	50	CWE680_Integer_Overflow_to_Buffer_Overflow__malloc_fixed_54e.c	53
/home/swlab-jueon/swvul/tools/java-vuln-detection/slicing/output/CPG/c/cwe680_cpg/cwe680-130-cpg-resolved.bin	tc130_flow1	CWE680_Integer_Overflow_to_Buffer_Overflow__malloc_fixed_61b.c	24	CWE680_Integer_Overflow_to_Buffer_Overflow__malloc_fixed_61a.c	35
/home/swlab-jueon/swvul/tools/java-vuln-detection/slicing/output/CPG/c/cwe680_cpg/cwe680-130-cpg-resolved.bin	tc130_flow2	CWE680_Integer_Overflow_to_Buffer_Overflow__malloc_fixed_61b.c	38	CWE680_Integer_Overflow_to_Buffer_Overflow__malloc_fixed_61a.c	64
/home/swlab-jueon/swvul/tools/java-vuln-detection/slicing/output/CPG/c/cwe680_cpg/cwe680-131-cpg-resolved.bin	tc131_flow1	CWE680_Integer_Overflow_to_Buffer_Overflow__malloc_fixed_62b.cpp	27	CWE680_Integer_Overflow_to_Buffer_Overflow__malloc_fixed_62a.cpp	38
/home/swlab-jueon/swvul/tools/java-vuln-detection/slicing/output/CPG/c/cwe680_cpg/cwe680-131-cpg-resolved.bin	tc131_flow2	CWE680_Integer_Overflow_to_Buffer_Overflow__malloc_fixed_62b.cpp	40	CWE680_Integer_Overflow_to_Buffer_Overflow__malloc_fixed_62a.cpp	67
/home/swlab-jueon/swvul/tools/java-vuln-detection/slicing/output/CPG/c/cwe680_cpg/cwe680-132-cpg-resolved.bin	tc132_flow1	CWE680_Integer_Overflow_to_Buffer_Overflow__malloc_fixed_63a.c	30	CWE680_Integer_Overflow_to_Buffer_Overflow__malloc_fixed_63b.c	29
/home/swlab-jueon/swvul/tools/java-vuln-detection/slicing/output/CPG/c/cwe680_cpg/cwe680-132-cpg-resolved.bin	tc132_flow2	CWE680_Integer_Overflow_to_Buffer_Overflow__malloc_fixed_63a.c	49	CWE680_Integer_Overflow_to_Buffer_Overflow__malloc_fixed_63b.c	53
/home/swlab-jueon/swvul/tools/java-vuln-detection/slicing/output/CPG/c/cwe680_cpg/cwe680-133-cpg-resolved.bin	tc133_flow1	CWE680_Integer_Overflow_to_Buffer_Overflow__malloc_fixed_64a.c	30	CWE680_Integer_Overflow_to_Buffer_Overflow__malloc_fixed_64b.c	32
/home/swlab-jueon/swvul/tools/java-vuln-detection/slicing/output/CPG/c/cwe680_cpg/cwe680-133-cpg-resolved.bin	tc133_flow2	CWE680_Integer_Overflow_to_Buffer_Overflow__malloc_fixed_64a.c	49	CWE680_Integer_Overflow_to_Buffer_Overflow__malloc_fixed_64b.c	59
/home/swlab-jueon/swvul/tools/java-vuln-detection/slicing/output/CPG/c/cwe680_cpg/cwe680-134-cpg-resolved.bin	tc134_flow1	CWE680_Integer_Overflow_to_Buffer_Overflow__malloc_fixed_65a.c	32	CWE680_Integer_Overflow_to_Buffer_Overflow__malloc_fixed_65b.c	28
/home/swlab-jueon/swvul/tools/java-vuln-detection/slicing/output/CPG/c/cwe680_cpg/cwe680-134-cpg-resolved.bin	tc134_flow2	CWE680_Integer_Overflow_to_Buffer_Overflow__malloc_fixed_65a.c	53	CWE680_Integer_Overflow_to_Buffer_Overflow__malloc_fixed_65b.c	51
/home/swlab-jueon/swvul/tools/java-vuln-detection/slicing/output/CPG/c/cwe680_cpg/cwe680-135-cpg-resolved.bin	tc135_flow1	CWE680_Integer_Overflow_to_Buffer_Overflow__malloc_fixed_66a.c	31	CWE680_Integer_Overflow_to_Buffer_Overflow__malloc_fixed_66b.c	30
/home/swlab-jueon/swvul/tools/java-vuln-detection/slicing/output/CPG/c/cwe680_cpg/cwe680-135-cpg-resolved.bin	tc135_flow2	CWE680_Integer_Overflow_to_Buffer_Overflow__malloc_fixed_66a.c	53	CWE680_Integer_Overflow_to_Buffer_Overflow__malloc_fixed_66b.c	54
/home/swlab-jueon/swvul/tools/java-vuln-detection/slicing/output/CPG/c/cwe680_cpg/cwe680-136-cpg-resolved.bin	tc136_flow1	CWE680_Integer_Overflow_to_Buffer_Overflow__malloc_fixed_67a.c	36	CWE680_Integer_Overflow_to_Buffer_Overflow__malloc_fixed_67b.c	34
/home/swlab-jueon/swvul/tools/java-vuln-detection/slicing/output/CPG/c/cwe680_cpg/cwe680-136-cpg-resolved.bin	tc136_flow2	CWE680_Integer_Overflow_to_Buffer_Overflow__malloc_fixed_67a.c	57	CWE680_Integer_Overflow_to_Buffer_Overflow__malloc_fixed_67b.c	58
/home/swlab-jueon/swvul/tools/java-vuln-detection/slicing/output/CPG/c/cwe680_cpg/cwe680-137-cpg-resolved.bin	tc137_flow1	CWE680_Integer_Overflow_to_Buffer_Overflow__malloc_fixed_68a.c	33	CWE680_Integer_Overflow_to_Buffer_Overflow__malloc_fixed_68b.c	34
/home/swlab-jueon/swvul/tools/java-vuln-detection/slicing/output/CPG/c/cwe680_cpg/cwe680-137-cpg-resolved.bin	tc137_flow2	CWE680_Integer_Overflow_to_Buffer_Overflow__malloc_fixed_68a.c	54	CWE680_Integer_Overflow_to_Buffer_Overflow__malloc_fixed_68b.c	58
/home/swlab-jueon/swvul/tools/java-vuln-detection/slicing/output/CPG/c/cwe680_cpg/cwe680-138-cpg-resolved.bin	tc138_flow1	CWE680_Integer_Overflow_to_Buffer_Overflow__malloc_fixed_72a.cpp	37	CWE680_Integer_Overflow_to_Buffer_Overflow__malloc_fixed_72b.cpp	36
/home/swlab-jueon/swvul/tools/java-vuln-detection/slicing/output/CPG/c/cwe680_cpg/cwe680-138-cpg-resolved.bin	tc138_flow2	CWE680_Integer_Overflow_to_Buffer_Overflow__malloc_fixed_72a.cpp	63	CWE680_Integer_Overflow_to_Buffer_Overflow__malloc_fixed_72b.cpp	60
/home/swlab-jueon/swvul/tools/java-vuln-detection/slicing/output/CPG/c/cwe680_cpg/cwe680-139-cpg-resolved.bin	tc139_flow1	CWE680_Integer_Overflow_to_Buffer_Overflow__malloc_fixed_73a.cpp	37	CWE680_Integer_Overflow_to_Buffer_Overflow__malloc_fixed_73b.cpp	36
/home/swlab-jueon/swvul/tools/java-vuln-detection/slicing/output/CPG/c/cwe680_cpg/cwe680-139-cpg-resolved.bin	tc139_flow2	CWE680_Integer_Overflow_to_Buffer_Overflow__malloc_fixed_73a.cpp	63	CWE680_Integer_Overflow_to_Buffer_Overflow__malloc_fixed_73b.cpp	60
/home/swlab-jueon/swvul/tools/java-vuln-detection/slicing/output/CPG/c/cwe680_cpg/cwe680-140-cpg-resolved.bin	tc140_flow1	CWE680_Integer_Overflow_to_Buffer_Overflow__malloc_fixed_74a.cpp	37	CWE680_Integer_Overflow_to_Buffer_Overflow__malloc_fixed_74b.cpp	36
/home/swlab-jueon/swvul/tools/java-vuln-detection/slicing/output/CPG/c/cwe680_cpg/cwe680-140-cpg-resolved.bin	tc140_flow2	CWE680_Integer_Overflow_to_Buffer_Overflow__malloc_fixed_74a.cpp	63	CWE680_Integer_Overflow_to_Buffer_Overflow__malloc_fixed_74b.cpp	60
/home/swlab-jueon/swvul/tools/java-vuln-detection/slicing/output/CPG/c/cwe680_cpg/cwe680-141-cpg-resolved.bin	tc141_flow1	CWE680_Integer_Overflow_to_Buffer_Overflow__malloc_fixed_81a.cpp	31	CWE680_Integer_Overflow_to_Buffer_Overflow__malloc_fixed_81_bad.cpp	31
/home/swlab-jueon/swvul/tools/java-vuln-detection/slicing/output/CPG/c/cwe680_cpg/cwe680-141-cpg-resolved.bin	tc141_flow2	CWE680_Integer_Overflow_to_Buffer_Overflow__malloc_fixed_81a.cpp	49	CWE680_Integer_Overflow_to_Buffer_Overflow__malloc_fixed_81_goodG2B.cpp	31
/home/swlab-jueon/swvul/tools/java-vuln-detection/slicing/output/CPG/c/cwe680_cpg/cwe680-142-cpg-resolved.bin	tc142_flow1	CWE680_Integer_Overflow_to_Buffer_Overflow__malloc_fixed_82a.cpp	31	CWE680_Integer_Overflow_to_Buffer_Overflow__malloc_fixed_82_bad.cpp	31
/home/swlab-jueon/swvul/tools/java-vuln-detection/slicing/output/CPG/c/cwe680_cpg/cwe680-142-cpg-resolved.bin	tc142_flow2	CWE680_Integer_Overflow_to_Buffer_Overflow__malloc_fixed_82a.cpp	50	CWE680_Integer_Overflow_to_Buffer_Overflow__malloc_fixed_82_goodG2B.cpp	31
/home/swlab-jueon/swvul/tools/java-vuln-detection/slicing/output/CPG/c/cwe680_cpg/cwe680-143-cpg-resolved.bin	tc143_flow1	CWE680_Integer_Overflow_to_Buffer_Overflow__malloc_fixed_83_bad.cpp	27	CWE680_Integer_Overflow_to_Buffer_Overflow__malloc_fixed_83_bad.cpp	39
/home/swlab-jueon/swvul/tools/java-vuln-detection/slicing/output/CPG/c/cwe680_cpg/cwe680-143-cpg-resolved.bin	tc143_flow2	CWE680_Integer_Overflow_to_Buffer_Overflow__malloc_fixed_83_goodG2B.cpp	27	CWE680_Integer_Overflow_to_Buffer_Overflow__malloc_fixed_83_goodG2B.cpp	37
/home/swlab-jueon/swvul/tools/java-vuln-detection/slicing/output/CPG/c/cwe680_cpg/cwe680-144-cpg-resolved.bin	tc144_flow1	CWE680_Integer_Overflow_to_Buffer_Overflow__malloc_fixed_84_bad.cpp	27	CWE680_Integer_Overflow_to_Buffer_Overflow__malloc_fixed_84_bad.cpp	39
/home/swlab-jueon/swvul/tools/java-vuln-detection/slicing/output/CPG/c/cwe680_cpg/cwe680-144-cpg-resolved.bin	tc144_flow2	CWE680_Integer_Overflow_to_Buffer_Overflow__malloc_fixed_84_goodG2B.cpp	27	CWE680_Integer_Overflow_to_Buffer_Overflow__malloc_fixed_84_goodG2B.cpp	37
/home/swlab-jueon/swvul/tools/java-vuln-detection/slicing/output/CPG/c/cwe680_cpg/cwe680-145-cpg-resolved.bin	tc145_flow1	CWE680_Integer_Overflow_to_Buffer_Overflow__malloc_fscanf_01.c	27	CWE680_Integer_Overflow_to_Buffer_Overflow__malloc_fscanf_01.c	33
/home/swlab-jueon/swvul/tools/java-vuln-detection/slicing/output/CPG/c/cwe680_cpg/cwe680-145-cpg-resolved.bin	tc145_flow2	CWE680_Integer_Overflow_to_Buffer_Overflow__malloc_fscanf_01.c	55	CWE680_Integer_Overflow_to_Buffer_Overflow__malloc_fscanf_01.c	61
/home/swlab-jueon/swvul/tools/java-vuln-detection/slicing/output/CPG/c/cwe680_cpg/cwe680-146-cpg-resolved.bin	tc146_flow1	CWE680_Integer_Overflow_to_Buffer_Overflow__malloc_fscanf_02.c	29	CWE680_Integer_Overflow_to_Buffer_Overflow__malloc_fscanf_02.c	36
/home/swlab-jueon/swvul/tools/java-vuln-detection/slicing/output/CPG/c/cwe680_cpg/cwe680-146-cpg-resolved.bin	tc146_flow2	CWE680_Integer_Overflow_to_Buffer_Overflow__malloc_fscanf_02.c	65	CWE680_Integer_Overflow_to_Buffer_Overflow__malloc_fscanf_02.c	72
/home/swlab-jueon/swvul/tools/java-vuln-detection/slicing/output/CPG/c/cwe680_cpg/cwe680-146-cpg-resolved.bin	tc146_flow3	CWE680_Integer_Overflow_to_Buffer_Overflow__malloc_fscanf_02.c	92	CWE680_Integer_Overflow_to_Buffer_Overflow__malloc_fscanf_02.c	99
/home/swlab-jueon/swvul/tools/java-vuln-detection/slicing/output/CPG/c/cwe680_cpg/cwe680-147-cpg-resolved.bin	tc147_flow1	CWE680_Integer_Overflow_to_Buffer_Overflow__malloc_fscanf_03.c	29	CWE680_Integer_Overflow_to_Buffer_Overflow__malloc_fscanf_03.c	36
/home/swlab-jueon/swvul/tools/java-vuln-detection/slicing/output/CPG/c/cwe680_cpg/cwe680-147-cpg-resolved.bin	tc147_flow2	CWE680_Integer_Overflow_to_Buffer_Overflow__malloc_fscanf_03.c	65	CWE680_Integer_Overflow_to_Buffer_Overflow__malloc_fscanf_03.c	72
/home/swlab-jueon/swvul/tools/java-vuln-detection/slicing/output/CPG/c/cwe680_cpg/cwe680-147-cpg-resolved.bin	tc147_flow3	CWE680_Integer_Overflow_to_Buffer_Overflow__malloc_fscanf_03.c	92	CWE680_Integer_Overflow_to_Buffer_Overflow__malloc_fscanf_03.c	99
/home/swlab-jueon/swvul/tools/java-vuln-detection/slicing/output/CPG/c/cwe680_cpg/cwe680-148-cpg-resolved.bin	tc148_flow1	CWE680_Integer_Overflow_to_Buffer_Overflow__malloc_fscanf_04.c	36	CWE680_Integer_Overflow_to_Buffer_Overflow__malloc_fscanf_04.c	43
/home/swlab-jueon/swvul/tools/java-vuln-detection/slicing/output/CPG/c/cwe680_cpg/cwe680-148-cpg-resolved.bin	tc148_flow2	CWE680_Integer_Overflow_to_Buffer_Overflow__malloc_fscanf_04.c	72	CWE680_Integer_Overflow_to_Buffer_Overflow__malloc_fscanf_04.c	79
/home/swlab-jueon/swvul/tools/java-vuln-detection/slicing/output/CPG/c/cwe680_cpg/cwe680-148-cpg-resolved.bin	tc148_flow3	CWE680_Integer_Overflow_to_Buffer_Overflow__malloc_fscanf_04.c	99	CWE680_Integer_Overflow_to_Buffer_Overflow__malloc_fscanf_04.c	106
/home/swlab-jueon/swvul/tools/java-vuln-detection/slicing/output/CPG/c/cwe680_cpg/cwe680-149-cpg-resolved.bin	tc149_flow1	CWE680_Integer_Overflow_to_Buffer_Overflow__malloc_fscanf_05.c	36	CWE680_Integer_Overflow_to_Buffer_Overflow__malloc_fscanf_05.c	43
/home/swlab-jueon/swvul/tools/java-vuln-detection/slicing/output/CPG/c/cwe680_cpg/cwe680-149-cpg-resolved.bin	tc149_flow2	CWE680_Integer_Overflow_to_Buffer_Overflow__malloc_fscanf_05.c	72	CWE680_Integer_Overflow_to_Buffer_Overflow__malloc_fscanf_05.c	79
/home/swlab-jueon/swvul/tools/java-vuln-detection/slicing/output/CPG/c/cwe680_cpg/cwe680-149-cpg-resolved.bin	tc149_flow3	CWE680_Integer_Overflow_to_Buffer_Overflow__malloc_fscanf_05.c	99	CWE680_Integer_Overflow_to_Buffer_Overflow__malloc_fscanf_05.c	106
/home/swlab-jueon/swvul/tools/java-vuln-detection/slicing/output/CPG/c/cwe680_cpg/cwe680-150-cpg-resolved.bin	tc150_flow1	CWE680_Integer_Overflow_to_Buffer_Overflow__malloc_fscanf_06.c	33	CWE680_Integer_Overflow_to_Buffer_Overflow__malloc_fscanf_06.c	40
/home/swlab-jueon/swvul/tools/java-vuln-detection/slicing/output/CPG/c/cwe680_cpg/cwe680-150-cpg-resolved.bin	tc150_flow2	CWE680_Integer_Overflow_to_Buffer_Overflow__malloc_fscanf_06.c	69	CWE680_Integer_Overflow_to_Buffer_Overflow__malloc_fscanf_06.c	76
/home/swlab-jueon/swvul/tools/java-vuln-detection/slicing/output/CPG/c/cwe680_cpg/cwe680-150-cpg-resolved.bin	tc150_flow3	CWE680_Integer_Overflow_to_Buffer_Overflow__malloc_fscanf_06.c	96	CWE680_Integer_Overflow_to_Buffer_Overflow__malloc_fscanf_06.c	103
/home/swlab-jueon/swvul/tools/java-vuln-detection/slicing/output/CPG/c/cwe680_cpg/cwe680-151-cpg-resolved.bin	tc151_flow1	CWE680_Integer_Overflow_to_Buffer_Overflow__malloc_fscanf_07.c	35	CWE680_Integer_Overflow_to_Buffer_Overflow__malloc_fscanf_07.c	42
/home/swlab-jueon/swvul/tools/java-vuln-detection/slicing/output/CPG/c/cwe680_cpg/cwe680-151-cpg-resolved.bin	tc151_flow2	CWE680_Integer_Overflow_to_Buffer_Overflow__malloc_fscanf_07.c	71	CWE680_Integer_Overflow_to_Buffer_Overflow__malloc_fscanf_07.c	78
/home/swlab-jueon/swvul/tools/java-vuln-detection/slicing/output/CPG/c/cwe680_cpg/cwe680-151-cpg-resolved.bin	tc151_flow3	CWE680_Integer_Overflow_to_Buffer_Overflow__malloc_fscanf_07.c	98	CWE680_Integer_Overflow_to_Buffer_Overflow__malloc_fscanf_07.c	105
/home/swlab-jueon/swvul/tools/java-vuln-detection/slicing/output/CPG/c/cwe680_cpg/cwe680-152-cpg-resolved.bin	tc152_flow1	CWE680_Integer_Overflow_to_Buffer_Overflow__malloc_fscanf_08.c	43	CWE680_Integer_Overflow_to_Buffer_Overflow__malloc_fscanf_08.c	50
/home/swlab-jueon/swvul/tools/java-vuln-detection/slicing/output/CPG/c/cwe680_cpg/cwe680-152-cpg-resolved.bin	tc152_flow2	CWE680_Integer_Overflow_to_Buffer_Overflow__malloc_fscanf_08.c	79	CWE680_Integer_Overflow_to_Buffer_Overflow__malloc_fscanf_08.c	86
/home/swlab-jueon/swvul/tools/java-vuln-detection/slicing/output/CPG/c/cwe680_cpg/cwe680-152-cpg-resolved.bin	tc152_flow3	CWE680_Integer_Overflow_to_Buffer_Overflow__malloc_fscanf_08.c	106	CWE680_Integer_Overflow_to_Buffer_Overflow__malloc_fscanf_08.c	113
/home/swlab-jueon/swvul/tools/java-vuln-detection/slicing/output/CPG/c/cwe680_cpg/cwe680-153-cpg-resolved.bin	tc153_flow1	CWE680_Integer_Overflow_to_Buffer_Overflow__malloc_fscanf_09.c	29	CWE680_Integer_Overflow_to_Buffer_Overflow__malloc_fscanf_09.c	36
/home/swlab-jueon/swvul/tools/java-vuln-detection/slicing/output/CPG/c/cwe680_cpg/cwe680-153-cpg-resolved.bin	tc153_flow2	CWE680_Integer_Overflow_to_Buffer_Overflow__malloc_fscanf_09.c	65	CWE680_Integer_Overflow_to_Buffer_Overflow__malloc_fscanf_09.c	72
/home/swlab-jueon/swvul/tools/java-vuln-detection/slicing/output/CPG/c/cwe680_cpg/cwe680-153-cpg-resolved.bin	tc153_flow3	CWE680_Integer_Overflow_to_Buffer_Overflow__malloc_fscanf_09.c	92	CWE680_Integer_Overflow_to_Buffer_Overflow__malloc_fscanf_09.c	99
/home/swlab-jueon/swvul/tools/java-vuln-detection/slicing/output/CPG/c/cwe680_cpg/cwe680-154-cpg-resolved.bin	tc154_flow1	CWE680_Integer_Overflow_to_Buffer_Overflow__malloc_fscanf_10.c	29	CWE680_Integer_Overflow_to_Buffer_Overflow__malloc_fscanf_10.c	36
/home/swlab-jueon/swvul/tools/java-vuln-detection/slicing/output/CPG/c/cwe680_cpg/cwe680-154-cpg-resolved.bin	tc154_flow2	CWE680_Integer_Overflow_to_Buffer_Overflow__malloc_fscanf_10.c	65	CWE680_Integer_Overflow_to_Buffer_Overflow__malloc_fscanf_10.c	72
/home/swlab-jueon/swvul/tools/java-vuln-detection/slicing/output/CPG/c/cwe680_cpg/cwe680-154-cpg-resolved.bin	tc154_flow3	CWE680_Integer_Overflow_to_Buffer_Overflow__malloc_fscanf_10.c	92	CWE680_Integer_Overflow_to_Buffer_Overflow__malloc_fscanf_10.c	99
/home/swlab-jueon/swvul/tools/java-vuln-detection/slicing/output/CPG/c/cwe680_cpg/cwe680-155-cpg-resolved.bin	tc155_flow1	CWE680_Integer_Overflow_to_Buffer_Overflow__malloc_fscanf_11.c	29	CWE680_Integer_Overflow_to_Buffer_Overflow__malloc_fscanf_11.c	36
/home/swlab-jueon/swvul/tools/java-vuln-detection/slicing/output/CPG/c/cwe680_cpg/cwe680-155-cpg-resolved.bin	tc155_flow2	CWE680_Integer_Overflow_to_Buffer_Overflow__malloc_fscanf_11.c	65	CWE680_Integer_Overflow_to_Buffer_Overflow__malloc_fscanf_11.c	72
/home/swlab-jueon/swvul/tools/java-vuln-detection/slicing/output/CPG/c/cwe680_cpg/cwe680-155-cpg-resolved.bin	tc155_flow3	CWE680_Integer_Overflow_to_Buffer_Overflow__malloc_fscanf_11.c	92	CWE680_Integer_Overflow_to_Buffer_Overflow__malloc_fscanf_11.c	99
/home/swlab-jueon/swvul/tools/java-vuln-detection/slicing/output/CPG/c/cwe680_cpg/cwe680-156-cpg-resolved.bin	tc156_flow1	CWE680_Integer_Overflow_to_Buffer_Overflow__malloc_fscanf_12.c	29	CWE680_Integer_Overflow_to_Buffer_Overflow__malloc_fscanf_12.c	41
/home/swlab-jueon/swvul/tools/java-vuln-detection/slicing/output/CPG/c/cwe680_cpg/cwe680-156-cpg-resolved.bin	tc156_flow2	CWE680_Integer_Overflow_to_Buffer_Overflow__malloc_fscanf_12.c	66	CWE680_Integer_Overflow_to_Buffer_Overflow__malloc_fscanf_12.c	78
/home/swlab-jueon/swvul/tools/java-vuln-detection/slicing/output/CPG/c/cwe680_cpg/cwe680-157-cpg-resolved.bin	tc157_flow1	CWE680_Integer_Overflow_to_Buffer_Overflow__malloc_fscanf_13.c	29	CWE680_Integer_Overflow_to_Buffer_Overflow__malloc_fscanf_13.c	36
/home/swlab-jueon/swvul/tools/java-vuln-detection/slicing/output/CPG/c/cwe680_cpg/cwe680-157-cpg-resolved.bin	tc157_flow2	CWE680_Integer_Overflow_to_Buffer_Overflow__malloc_fscanf_13.c	65	CWE680_Integer_Overflow_to_Buffer_Overflow__malloc_fscanf_13.c	72
/home/swlab-jueon/swvul/tools/java-vuln-detection/slicing/output/CPG/c/cwe680_cpg/cwe680-157-cpg-resolved.bin	tc157_flow3	CWE680_Integer_Overflow_to_Buffer_Overflow__malloc_fscanf_13.c	92	CWE680_Integer_Overflow_to_Buffer_Overflow__malloc_fscanf_13.c	99
/home/swlab-jueon/swvul/tools/java-vuln-detection/slicing/output/CPG/c/cwe680_cpg/cwe680-158-cpg-resolved.bin	tc158_flow1	CWE680_Integer_Overflow_to_Buffer_Overflow__malloc_fscanf_14.c	29	CWE680_Integer_Overflow_to_Buffer_Overflow__malloc_fscanf_14.c	36
/home/swlab-jueon/swvul/tools/java-vuln-detection/slicing/output/CPG/c/cwe680_cpg/cwe680-158-cpg-resolved.bin	tc158_flow2	CWE680_Integer_Overflow_to_Buffer_Overflow__malloc_fscanf_14.c	65	CWE680_Integer_Overflow_to_Buffer_Overflow__malloc_fscanf_14.c	72
/home/swlab-jueon/swvul/tools/java-vuln-detection/slicing/output/CPG/c/cwe680_cpg/cwe680-158-cpg-resolved.bin	tc158_flow3	CWE680_Integer_Overflow_to_Buffer_Overflow__malloc_fscanf_14.c	92	CWE680_Integer_Overflow_to_Buffer_Overflow__malloc_fscanf_14.c	99
/home/swlab-jueon/swvul/tools/java-vuln-detection/slicing/output/CPG/c/cwe680_cpg/cwe680-159-cpg-resolved.bin	tc159_flow1	CWE680_Integer_Overflow_to_Buffer_Overflow__malloc_fscanf_15.c	30	CWE680_Integer_Overflow_to_Buffer_Overflow__malloc_fscanf_15.c	42
/home/swlab-jueon/swvul/tools/java-vuln-detection/slicing/output/CPG/c/cwe680_cpg/cwe680-159-cpg-resolved.bin	tc159_flow2	CWE680_Integer_Overflow_to_Buffer_Overflow__malloc_fscanf_15.c	71	CWE680_Integer_Overflow_to_Buffer_Overflow__malloc_fscanf_15.c	79
/home/swlab-jueon/swvul/tools/java-vuln-detection/slicing/output/CPG/c/cwe680_cpg/cwe680-159-cpg-resolved.bin	tc159_flow3	CWE680_Integer_Overflow_to_Buffer_Overflow__malloc_fscanf_15.c	100	CWE680_Integer_Overflow_to_Buffer_Overflow__malloc_fscanf_15.c	112
/home/swlab-jueon/swvul/tools/java-vuln-detection/slicing/output/CPG/c/cwe680_cpg/cwe680-160-cpg-resolved.bin	tc160_flow1	CWE680_Integer_Overflow_to_Buffer_Overflow__malloc_fscanf_16.c	29	CWE680_Integer_Overflow_to_Buffer_Overflow__malloc_fscanf_16.c	37
/home/swlab-jueon/swvul/tools/java-vuln-detection/slicing/output/CPG/c/cwe680_cpg/cwe680-160-cpg-resolved.bin	tc160_flow2	CWE680_Integer_Overflow_to_Buffer_Overflow__malloc_fscanf_16.c	61	CWE680_Integer_Overflow_to_Buffer_Overflow__malloc_fscanf_16.c	69
/home/swlab-jueon/swvul/tools/java-vuln-detection/slicing/output/CPG/c/cwe680_cpg/cwe680-161-cpg-resolved.bin	tc161_flow1	CWE680_Integer_Overflow_to_Buffer_Overflow__malloc_fscanf_17.c	30	CWE680_Integer_Overflow_to_Buffer_Overflow__malloc_fscanf_17.c	37
/home/swlab-jueon/swvul/tools/java-vuln-detection/slicing/output/CPG/c/cwe680_cpg/cwe680-161-cpg-resolved.bin	tc161_flow2	CWE680_Integer_Overflow_to_Buffer_Overflow__malloc_fscanf_17.c	62	CWE680_Integer_Overflow_to_Buffer_Overflow__malloc_fscanf_17.c	69
/home/swlab-jueon/swvul/tools/java-vuln-detection/slicing/output/CPG/c/cwe680_cpg/cwe680-162-cpg-resolved.bin	tc162_flow1	CWE680_Integer_Overflow_to_Buffer_Overflow__malloc_fscanf_18.c	29	CWE680_Integer_Overflow_to_Buffer_Overflow__malloc_fscanf_18.c	35
/home/swlab-jueon/swvul/tools/java-vuln-detection/slicing/output/CPG/c/cwe680_cpg/cwe680-162-cpg-resolved.bin	tc162_flow2	CWE680_Integer_Overflow_to_Buffer_Overflow__malloc_fscanf_18.c	59	CWE680_Integer_Overflow_to_Buffer_Overflow__malloc_fscanf_18.c	65
/home/swlab-jueon/swvul/tools/java-vuln-detection/slicing/output/CPG/c/cwe680_cpg/cwe680-163-cpg-resolved.bin	tc163_flow1	CWE680_Integer_Overflow_to_Buffer_Overflow__malloc_fscanf_21.c	29	CWE680_Integer_Overflow_to_Buffer_Overflow__malloc_fscanf_21.c	46
/home/swlab-jueon/swvul/tools/java-vuln-detection/slicing/output/CPG/c/cwe680_cpg/cwe680-163-cpg-resolved.bin	tc163_flow2	CWE680_Integer_Overflow_to_Buffer_Overflow__malloc_fscanf_21.c	76	CWE680_Integer_Overflow_to_Buffer_Overflow__malloc_fscanf_21.c	93
/home/swlab-jueon/swvul/tools/java-vuln-detection/slicing/output/CPG/c/cwe680_cpg/cwe680-163-cpg-resolved.bin	tc163_flow3	CWE680_Integer_Overflow_to_Buffer_Overflow__malloc_fscanf_21.c	110	CWE680_Integer_Overflow_to_Buffer_Overflow__malloc_fscanf_21.c	127
/home/swlab-jueon/swvul/tools/java-vuln-detection/slicing/output/CPG/c/cwe680_cpg/cwe680-164-cpg-resolved.bin	tc164_flow1	CWE680_Integer_Overflow_to_Buffer_Overflow__malloc_fscanf_22b.c	29	CWE680_Integer_Overflow_to_Buffer_Overflow__malloc_fscanf_22a.c	38
/home/swlab-jueon/swvul/tools/java-vuln-detection/slicing/output/CPG/c/cwe680_cpg/cwe680-164-cpg-resolved.bin	tc164_flow2	CWE680_Integer_Overflow_to_Buffer_Overflow__malloc_fscanf_22b.c	53	CWE680_Integer_Overflow_to_Buffer_Overflow__malloc_fscanf_22a.c	72
/home/swlab-jueon/swvul/tools/java-vuln-detection/slicing/output/CPG/c/cwe680_cpg/cwe680-164-cpg-resolved.bin	tc164_flow3	CWE680_Integer_Overflow_to_Buffer_Overflow__malloc_fscanf_22b.c	64	CWE680_Integer_Overflow_to_Buffer_Overflow__malloc_fscanf_22a.c	98
/home/swlab-jueon/swvul/tools/java-vuln-detection/slicing/output/CPG/c/cwe680_cpg/cwe680-165-cpg-resolved.bin	tc165_flow1	CWE680_Integer_Overflow_to_Buffer_Overflow__malloc_fscanf_31.c	27	CWE680_Integer_Overflow_to_Buffer_Overflow__malloc_fscanf_31.c	36
/home/swlab-jueon/swvul/tools/java-vuln-detection/slicing/output/CPG/c/cwe680_cpg/cwe680-165-cpg-resolved.bin	tc165_flow2	CWE680_Integer_Overflow_to_Buffer_Overflow__malloc_fscanf_31.c	59	CWE680_Integer_Overflow_to_Buffer_Overflow__malloc_fscanf_31.c	68
/home/swlab-jueon/swvul/tools/java-vuln-detection/slicing/output/CPG/c/cwe680_cpg/cwe680-166-cpg-resolved.bin	tc166_flow1	CWE680_Integer_Overflow_to_Buffer_Overflow__malloc_fscanf_32.c	31	CWE680_Integer_Overflow_to_Buffer_Overflow__malloc_fscanf_32.c	41
/home/swlab-jueon/swvul/tools/java-vuln-detection/slicing/output/CPG/c/cwe680_cpg/cwe680-166-cpg-resolved.bin	tc166_flow2	CWE680_Integer_Overflow_to_Buffer_Overflow__malloc_fscanf_32.c	68	CWE680_Integer_Overflow_to_Buffer_Overflow__malloc_fscanf_32.c	78
/home/swlab-jueon/swvul/tools/java-vuln-detection/slicing/output/CPG/c/cwe680_cpg/cwe680-167-cpg-resolved.bin	tc167_flow1	CWE680_Integer_Overflow_to_Buffer_Overflow__malloc_fscanf_33.cpp	31	CWE680_Integer_Overflow_to_Buffer_Overflow__malloc_fscanf_33.cpp	39
/home/swlab-jueon/swvul/tools/java-vuln-detection/slicing/output/CPG/c/cwe680_cpg/cwe680-167-cpg-resolved.bin	tc167_flow2	CWE680_Integer_Overflow_to_Buffer_Overflow__malloc_fscanf_33.cpp	63	CWE680_Integer_Overflow_to_Buffer_Overflow__malloc_fscanf_33.cpp	71
/home/swlab-jueon/swvul/tools/java-vuln-detection/slicing/output/CPG/c/cwe680_cpg/cwe680-168-cpg-resolved.bin	tc168_flow1	CWE680_Integer_Overflow_to_Buffer_Overflow__malloc_fscanf_34.c	34	CWE680_Integer_Overflow_to_Buffer_Overflow__malloc_fscanf_34.c	43
/home/swlab-jueon/swvul/tools/java-vuln-detection/slicing/output/CPG/c/cwe680_cpg/cwe680-168-cpg-resolved.bin	tc168_flow2	CWE680_Integer_Overflow_to_Buffer_Overflow__malloc_fscanf_34.c	67	CWE680_Integer_Overflow_to_Buffer_Overflow__malloc_fscanf_34.c	76
/home/swlab-jueon/swvul/tools/java-vuln-detection/slicing/output/CPG/c/cwe680_cpg/cwe680-169-cpg-resolved.bin	tc169_flow1	CWE680_Integer_Overflow_to_Buffer_Overflow__malloc_fscanf_41.c	45	CWE680_Integer_Overflow_to_Buffer_Overflow__malloc_fscanf_41.c	28
/home/swlab-jueon/swvul/tools/java-vuln-detection/slicing/output/CPG/c/cwe680_cpg/cwe680-169-cpg-resolved.bin	tc169_flow2	CWE680_Integer_Overflow_to_Buffer_Overflow__malloc_fscanf_41.c	78	CWE680_Integer_Overflow_to_Buffer_Overflow__malloc_fscanf_41.c	60
/home/swlab-jueon/swvul/tools/java-vuln-detection/slicing/output/CPG/c/cwe680_cpg/cwe680-170-cpg-resolved.bin	tc170_flow1	CWE680_Integer_Overflow_to_Buffer_Overflow__malloc_fscanf_42.c	24	CWE680_Integer_Overflow_to_Buffer_Overflow__malloc_fscanf_42.c	39
/home/swlab-jueon/swvul/tools/java-vuln-detection/slicing/output/CPG/c/cwe680_cpg/cwe680-170-cpg-resolved.bin	tc170_flow2	CWE680_Integer_Overflow_to_Buffer_Overflow__malloc_fscanf_42.c	57	CWE680_Integer_Overflow_to_Buffer_Overflow__malloc_fscanf_42.c	73
/home/swlab-jueon/swvul/tools/java-vuln-detection/slicing/output/CPG/c/cwe680_cpg/cwe680-171-cpg-resolved.bin	tc171_flow1	CWE680_Integer_Overflow_to_Buffer_Overflow__malloc_fscanf_43.cpp	27	CWE680_Integer_Overflow_to_Buffer_Overflow__malloc_fscanf_43.cpp	41
/home/swlab-jueon/swvul/tools/java-vuln-detection/slicing/output/CPG/c/cwe680_cpg/cwe680-171-cpg-resolved.bin	tc171_flow2	CWE680_Integer_Overflow_to_Buffer_Overflow__malloc_fscanf_43.cpp	60	CWE680_Integer_Overflow_to_Buffer_Overflow__malloc_fscanf_43.cpp	74
/home/swlab-jueon/swvul/tools/java-vuln-detection/slicing/output/CPG/c/cwe680_cpg/cwe680-172-cpg-resolved.bin	tc172_flow1	CWE680_Integer_Overflow_to_Buffer_Overflow__malloc_fscanf_44.c	47	CWE680_Integer_Overflow_to_Buffer_Overflow__malloc_fscanf_44.c	28
/home/swlab-jueon/swvul/tools/java-vuln-detection/slicing/output/CPG/c/cwe680_cpg/cwe680-172-cpg-resolved.bin	tc172_flow2	CWE680_Integer_Overflow_to_Buffer_Overflow__malloc_fscanf_44.c	82	CWE680_Integer_Overflow_to_Buffer_Overflow__malloc_fscanf_44.c	64
/home/swlab-jueon/swvul/tools/java-vuln-detection/slicing/output/CPG/c/cwe680_cpg/cwe680-173-cpg-resolved.bin	tc173_flow1	CWE680_Integer_Overflow_to_Buffer_Overflow__malloc_fscanf_45.c	49	CWE680_Integer_Overflow_to_Buffer_Overflow__malloc_fscanf_45.c	32
/home/swlab-jueon/swvul/tools/java-vuln-detection/slicing/output/CPG/c/cwe680_cpg/cwe680-173-cpg-resolved.bin	tc173_flow2	CWE680_Integer_Overflow_to_Buffer_Overflow__malloc_fscanf_45.c	84	CWE680_Integer_Overflow_to_Buffer_Overflow__malloc_fscanf_45.c	67
/home/swlab-jueon/swvul/tools/java-vuln-detection/slicing/output/CPG/c/cwe680_cpg/cwe680-174-cpg-resolved.bin	tc174_flow1	CWE680_Integer_Overflow_to_Buffer_Overflow__malloc_fscanf_51a.c	30	CWE680_Integer_Overflow_to_Buffer_Overflow__malloc_fscanf_51b.c	30
/home/swlab-jueon/swvul/tools/java-vuln-detection/slicing/output/CPG/c/cwe680_cpg/cwe680-174-cpg-resolved.bin	tc174_flow2	CWE680_Integer_Overflow_to_Buffer_Overflow__malloc_fscanf_51a.c	48	CWE680_Integer_Overflow_to_Buffer_Overflow__malloc_fscanf_51b.c	53
/home/swlab-jueon/swvul/tools/java-vuln-detection/slicing/output/CPG/c/cwe680_cpg/cwe680-175-cpg-resolved.bin	tc175_flow1	CWE680_Integer_Overflow_to_Buffer_Overflow__malloc_fscanf_52a.c	30	CWE680_Integer_Overflow_to_Buffer_Overflow__malloc_fscanf_52c.c	30
/home/swlab-jueon/swvul/tools/java-vuln-detection/slicing/output/CPG/c/cwe680_cpg/cwe680-175-cpg-resolved.bin	tc175_flow2	CWE680_Integer_Overflow_to_Buffer_Overflow__malloc_fscanf_52a.c	48	CWE680_Integer_Overflow_to_Buffer_Overflow__malloc_fscanf_52c.c	53
/home/swlab-jueon/swvul/tools/java-vuln-detection/slicing/output/CPG/c/cwe680_cpg/cwe680-176-cpg-resolved.bin	tc176_flow1	CWE680_Integer_Overflow_to_Buffer_Overflow__malloc_fscanf_53a.c	30	CWE680_Integer_Overflow_to_Buffer_Overflow__malloc_fscanf_53d.c	30
/home/swlab-jueon/swvul/tools/java-vuln-detection/slicing/output/CPG/c/cwe680_cpg/cwe680-176-cpg-resolved.bin	tc176_flow2	CWE680_Integer_Overflow_to_Buffer_Overflow__malloc_fscanf_53a.c	48	CWE680_Integer_Overflow_to_Buffer_Overflow__malloc_fscanf_53d.c	53
/home/swlab-jueon/swvul/tools/java-vuln-detection/slicing/output/CPG/c/cwe680_cpg/cwe680-177-cpg-resolved.bin	tc177_flow1	CWE680_Integer_Overflow_to_Buffer_Overflow__malloc_fscanf_54a.c	30	CWE680_Integer_Overflow_to_Buffer_Overflow__malloc_fscanf_54e.c	30
/home/swlab-jueon/swvul/tools/java-vuln-detection/slicing/output/CPG/c/cwe680_cpg/cwe680-177-cpg-resolved.bin	tc177_flow2	CWE680_Integer_Overflow_to_Buffer_Overflow__malloc_fscanf_54a.c	48	CWE680_Integer_Overflow_to_Buffer_Overflow__malloc_fscanf_54e.c	53
/home/swlab-jueon/swvul/tools/java-vuln-detection/slicing/output/CPG/c/cwe680_cpg/cwe680-178-cpg-resolved.bin	tc178_flow1	CWE680_Integer_Overflow_to_Buffer_Overflow__malloc_fscanf_61b.c	24	CWE680_Integer_Overflow_to_Buffer_Overflow__malloc_fscanf_61a.c	35
/home/swlab-jueon/swvul/tools/java-vuln-detection/slicing/output/CPG/c/cwe680_cpg/cwe680-178-cpg-resolved.bin	tc178_flow2	CWE680_Integer_Overflow_to_Buffer_Overflow__malloc_fscanf_61b.c	36	CWE680_Integer_Overflow_to_Buffer_Overflow__malloc_fscanf_61a.c	64
/home/swlab-jueon/swvul/tools/java-vuln-detection/slicing/output/CPG/c/cwe680_cpg/cwe680-179-cpg-resolved.bin	tc179_flow1	CWE680_Integer_Overflow_to_Buffer_Overflow__malloc_fscanf_62b.cpp	27	CWE680_Integer_Overflow_to_Buffer_Overflow__malloc_fscanf_62a.cpp	38
/home/swlab-jueon/swvul/tools/java-vuln-detection/slicing/output/CPG/c/cwe680_cpg/cwe680-179-cpg-resolved.bin	tc179_flow2	CWE680_Integer_Overflow_to_Buffer_Overflow__malloc_fscanf_62b.cpp	38	CWE680_Integer_Overflow_to_Buffer_Overflow__malloc_fscanf_62a.cpp	67
/home/swlab-jueon/swvul/tools/java-vuln-detection/slicing/output/CPG/c/cwe680_cpg/cwe680-180-cpg-resolved.bin	tc180_flow1	CWE680_Integer_Overflow_to_Buffer_Overflow__malloc_fscanf_63a.c	30	CWE680_Integer_Overflow_to_Buffer_Overflow__malloc_fscanf_63b.c	29
/home/swlab-jueon/swvul/tools/java-vuln-detection/slicing/output/CPG/c/cwe680_cpg/cwe680-180-cpg-resolved.bin	tc180_flow2	CWE680_Integer_Overflow_to_Buffer_Overflow__malloc_fscanf_63a.c	47	CWE680_Integer_Overflow_to_Buffer_Overflow__malloc_fscanf_63b.c	53
/home/swlab-jueon/swvul/tools/java-vuln-detection/slicing/output/CPG/c/cwe680_cpg/cwe680-181-cpg-resolved.bin	tc181_flow1	CWE680_Integer_Overflow_to_Buffer_Overflow__malloc_fscanf_64a.c	30	CWE680_Integer_Overflow_to_Buffer_Overflow__malloc_fscanf_64b.c	32
/home/swlab-jueon/swvul/tools/java-vuln-detection/slicing/output/CPG/c/cwe680_cpg/cwe680-181-cpg-resolved.bin	tc181_flow2	CWE680_Integer_Overflow_to_Buffer_Overflow__malloc_fscanf_64a.c	47	CWE680_Integer_Overflow_to_Buffer_Overflow__malloc_fscanf_64b.c	59
/home/swlab-jueon/swvul/tools/java-vuln-detection/slicing/output/CPG/c/cwe680_cpg/cwe680-182-cpg-resolved.bin	tc182_flow1	CWE680_Integer_Overflow_to_Buffer_Overflow__malloc_fscanf_65a.c	32	CWE680_Integer_Overflow_to_Buffer_Overflow__malloc_fscanf_65b.c	28
/home/swlab-jueon/swvul/tools/java-vuln-detection/slicing/output/CPG/c/cwe680_cpg/cwe680-182-cpg-resolved.bin	tc182_flow2	CWE680_Integer_Overflow_to_Buffer_Overflow__malloc_fscanf_65a.c	51	CWE680_Integer_Overflow_to_Buffer_Overflow__malloc_fscanf_65b.c	51
/home/swlab-jueon/swvul/tools/java-vuln-detection/slicing/output/CPG/c/cwe680_cpg/cwe680-183-cpg-resolved.bin	tc183_flow1	CWE680_Integer_Overflow_to_Buffer_Overflow__malloc_fscanf_66a.c	31	CWE680_Integer_Overflow_to_Buffer_Overflow__malloc_fscanf_66b.c	30
/home/swlab-jueon/swvul/tools/java-vuln-detection/slicing/output/CPG/c/cwe680_cpg/cwe680-183-cpg-resolved.bin	tc183_flow2	CWE680_Integer_Overflow_to_Buffer_Overflow__malloc_fscanf_66a.c	51	CWE680_Integer_Overflow_to_Buffer_Overflow__malloc_fscanf_66b.c	54
/home/swlab-jueon/swvul/tools/java-vuln-detection/slicing/output/CPG/c/cwe680_cpg/cwe680-184-cpg-resolved.bin	tc184_flow1	CWE680_Integer_Overflow_to_Buffer_Overflow__malloc_fscanf_67a.c	36	CWE680_Integer_Overflow_to_Buffer_Overflow__malloc_fscanf_67b.c	34
/home/swlab-jueon/swvul/tools/java-vuln-detection/slicing/output/CPG/c/cwe680_cpg/cwe680-184-cpg-resolved.bin	tc184_flow2	CWE680_Integer_Overflow_to_Buffer_Overflow__malloc_fscanf_67a.c	55	CWE680_Integer_Overflow_to_Buffer_Overflow__malloc_fscanf_67b.c	58
/home/swlab-jueon/swvul/tools/java-vuln-detection/slicing/output/CPG/c/cwe680_cpg/cwe680-185-cpg-resolved.bin	tc185_flow1	CWE680_Integer_Overflow_to_Buffer_Overflow__malloc_fscanf_68a.c	33	CWE680_Integer_Overflow_to_Buffer_Overflow__malloc_fscanf_68b.c	34
/home/swlab-jueon/swvul/tools/java-vuln-detection/slicing/output/CPG/c/cwe680_cpg/cwe680-185-cpg-resolved.bin	tc185_flow2	CWE680_Integer_Overflow_to_Buffer_Overflow__malloc_fscanf_68a.c	52	CWE680_Integer_Overflow_to_Buffer_Overflow__malloc_fscanf_68b.c	58
/home/swlab-jueon/swvul/tools/java-vuln-detection/slicing/output/CPG/c/cwe680_cpg/cwe680-186-cpg-resolved.bin	tc186_flow1	CWE680_Integer_Overflow_to_Buffer_Overflow__malloc_fscanf_72a.cpp	37	CWE680_Integer_Overflow_to_Buffer_Overflow__malloc_fscanf_72b.cpp	36
/home/swlab-jueon/swvul/tools/java-vuln-detection/slicing/output/CPG/c/cwe680_cpg/cwe680-186-cpg-resolved.bin	tc186_flow2	CWE680_Integer_Overflow_to_Buffer_Overflow__malloc_fscanf_72a.cpp	61	CWE680_Integer_Overflow_to_Buffer_Overflow__malloc_fscanf_72b.cpp	60
/home/swlab-jueon/swvul/tools/java-vuln-detection/slicing/output/CPG/c/cwe680_cpg/cwe680-187-cpg-resolved.bin	tc187_flow1	CWE680_Integer_Overflow_to_Buffer_Overflow__malloc_fscanf_73a.cpp	37	CWE680_Integer_Overflow_to_Buffer_Overflow__malloc_fscanf_73b.cpp	36
/home/swlab-jueon/swvul/tools/java-vuln-detection/slicing/output/CPG/c/cwe680_cpg/cwe680-187-cpg-resolved.bin	tc187_flow2	CWE680_Integer_Overflow_to_Buffer_Overflow__malloc_fscanf_73a.cpp	61	CWE680_Integer_Overflow_to_Buffer_Overflow__malloc_fscanf_73b.cpp	60
/home/swlab-jueon/swvul/tools/java-vuln-detection/slicing/output/CPG/c/cwe680_cpg/cwe680-188-cpg-resolved.bin	tc188_flow1	CWE680_Integer_Overflow_to_Buffer_Overflow__malloc_fscanf_74a.cpp	37	CWE680_Integer_Overflow_to_Buffer_Overflow__malloc_fscanf_74b.cpp	36
/home/swlab-jueon/swvul/tools/java-vuln-detection/slicing/output/CPG/c/cwe680_cpg/cwe680-188-cpg-resolved.bin	tc188_flow2	CWE680_Integer_Overflow_to_Buffer_Overflow__malloc_fscanf_74a.cpp	61	CWE680_Integer_Overflow_to_Buffer_Overflow__malloc_fscanf_74b.cpp	60
/home/swlab-jueon/swvul/tools/java-vuln-detection/slicing/output/CPG/c/cwe680_cpg/cwe680-189-cpg-resolved.bin	tc189_flow1	CWE680_Integer_Overflow_to_Buffer_Overflow__malloc_fscanf_81a.cpp	31	CWE680_Integer_Overflow_to_Buffer_Overflow__malloc_fscanf_81_bad.cpp	31
/home/swlab-jueon/swvul/tools/java-vuln-detection/slicing/output/CPG/c/cwe680_cpg/cwe680-189-cpg-resolved.bin	tc189_flow2	CWE680_Integer_Overflow_to_Buffer_Overflow__malloc_fscanf_81a.cpp	47	CWE680_Integer_Overflow_to_Buffer_Overflow__malloc_fscanf_81_goodG2B.cpp	31
/home/swlab-jueon/swvul/tools/java-vuln-detection/slicing/output/CPG/c/cwe680_cpg/cwe680-190-cpg-resolved.bin	tc190_flow1	CWE680_Integer_Overflow_to_Buffer_Overflow__malloc_fscanf_82a.cpp	31	CWE680_Integer_Overflow_to_Buffer_Overflow__malloc_fscanf_82_bad.cpp	31
/home/swlab-jueon/swvul/tools/java-vuln-detection/slicing/output/CPG/c/cwe680_cpg/cwe680-190-cpg-resolved.bin	tc190_flow2	CWE680_Integer_Overflow_to_Buffer_Overflow__malloc_fscanf_82a.cpp	48	CWE680_Integer_Overflow_to_Buffer_Overflow__malloc_fscanf_82_goodG2B.cpp	31
/home/swlab-jueon/swvul/tools/java-vuln-detection/slicing/output/CPG/c/cwe680_cpg/cwe680-191-cpg-resolved.bin	tc191_flow1	CWE680_Integer_Overflow_to_Buffer_Overflow__malloc_fscanf_83_bad.cpp	27	CWE680_Integer_Overflow_to_Buffer_Overflow__malloc_fscanf_83_bad.cpp	37
/home/swlab-jueon/swvul/tools/java-vuln-detection/slicing/output/CPG/c/cwe680_cpg/cwe680-191-cpg-resolved.bin	tc191_flow2	CWE680_Integer_Overflow_to_Buffer_Overflow__malloc_fscanf_83_goodG2B.cpp	27	CWE680_Integer_Overflow_to_Buffer_Overflow__malloc_fscanf_83_goodG2B.cpp	37
/home/swlab-jueon/swvul/tools/java-vuln-detection/slicing/output/CPG/c/cwe680_cpg/cwe680-192-cpg-resolved.bin	tc192_flow1	CWE680_Integer_Overflow_to_Buffer_Overflow__malloc_fscanf_84_bad.cpp	27	CWE680_Integer_Overflow_to_Buffer_Overflow__malloc_fscanf_84_bad.cpp	37
/home/swlab-jueon/swvul/tools/java-vuln-detection/slicing/output/CPG/c/cwe680_cpg/cwe680-192-cpg-resolved.bin	tc192_flow2	CWE680_Integer_Overflow_to_Buffer_Overflow__malloc_fscanf_84_goodG2B.cpp	27	CWE680_Integer_Overflow_to_Buffer_Overflow__malloc_fscanf_84_goodG2B.cpp	37
/home/swlab-jueon/swvul/tools/java-vuln-detection/slicing/output/CPG/c/cwe680_cpg/cwe680-193-cpg-resolved.bin	tc193_flow1	CWE680_Integer_Overflow_to_Buffer_Overflow__malloc_listen_socket_01.c	68	CWE680_Integer_Overflow_to_Buffer_Overflow__malloc_listen_socket_01.c	122
/home/swlab-jueon/swvul/tools/java-vuln-detection/slicing/output/CPG/c/cwe680_cpg/cwe680-193-cpg-resolved.bin	tc193_flow2	CWE680_Integer_Overflow_to_Buffer_Overflow__malloc_listen_socket_01.c	144	CWE680_Integer_Overflow_to_Buffer_Overflow__malloc_listen_socket_01.c	150
/home/swlab-jueon/swvul/tools/java-vuln-detection/slicing/output/CPG/c/cwe680_cpg/cwe680-194-cpg-resolved.bin	tc194_flow1	CWE680_Integer_Overflow_to_Buffer_Overflow__malloc_listen_socket_02.c	70	CWE680_Integer_Overflow_to_Buffer_Overflow__malloc_listen_socket_02.c	125
/home/swlab-jueon/swvul/tools/java-vuln-detection/slicing/output/CPG/c/cwe680_cpg/cwe680-194-cpg-resolved.bin	tc194_flow2	CWE680_Integer_Overflow_to_Buffer_Overflow__malloc_listen_socket_02.c	154	CWE680_Integer_Overflow_to_Buffer_Overflow__malloc_listen_socket_02.c	161
/home/swlab-jueon/swvul/tools/java-vuln-detection/slicing/output/CPG/c/cwe680_cpg/cwe680-194-cpg-resolved.bin	tc194_flow3	CWE680_Integer_Overflow_to_Buffer_Overflow__malloc_listen_socket_02.c	181	CWE680_Integer_Overflow_to_Buffer_Overflow__malloc_listen_socket_02.c	188
/home/swlab-jueon/swvul/tools/java-vuln-detection/slicing/output/CPG/c/cwe680_cpg/cwe680-195-cpg-resolved.bin	tc195_flow1	CWE680_Integer_Overflow_to_Buffer_Overflow__malloc_listen_socket_03.c	70	CWE680_Integer_Overflow_to_Buffer_Overflow__malloc_listen_socket_03.c	125
/home/swlab-jueon/swvul/tools/java-vuln-detection/slicing/output/CPG/c/cwe680_cpg/cwe680-195-cpg-resolved.bin	tc195_flow2	CWE680_Integer_Overflow_to_Buffer_Overflow__malloc_listen_socket_03.c	154	CWE680_Integer_Overflow_to_Buffer_Overflow__malloc_listen_socket_03.c	161
/home/swlab-jueon/swvul/tools/java-vuln-detection/slicing/output/CPG/c/cwe680_cpg/cwe680-195-cpg-resolved.bin	tc195_flow3	CWE680_Integer_Overflow_to_Buffer_Overflow__malloc_listen_socket_03.c	181	CWE680_Integer_Overflow_to_Buffer_Overflow__malloc_listen_socket_03.c	188
/home/swlab-jueon/swvul/tools/java-vuln-detection/slicing/output/CPG/c/cwe680_cpg/cwe680-196-cpg-resolved.bin	tc196_flow1	CWE680_Integer_Overflow_to_Buffer_Overflow__malloc_listen_socket_04.c	77	CWE680_Integer_Overflow_to_Buffer_Overflow__malloc_listen_socket_04.c	132
/home/swlab-jueon/swvul/tools/java-vuln-detection/slicing/output/CPG/c/cwe680_cpg/cwe680-196-cpg-resolved.bin	tc196_flow2	CWE680_Integer_Overflow_to_Buffer_Overflow__malloc_listen_socket_04.c	161	CWE680_Integer_Overflow_to_Buffer_Overflow__malloc_listen_socket_04.c	168
/home/swlab-jueon/swvul/tools/java-vuln-detection/slicing/output/CPG/c/cwe680_cpg/cwe680-196-cpg-resolved.bin	tc196_flow3	CWE680_Integer_Overflow_to_Buffer_Overflow__malloc_listen_socket_04.c	188	CWE680_Integer_Overflow_to_Buffer_Overflow__malloc_listen_socket_04.c	195
/home/swlab-jueon/swvul/tools/java-vuln-detection/slicing/output/CPG/c/cwe680_cpg/cwe680-197-cpg-resolved.bin	tc197_flow1	CWE680_Integer_Overflow_to_Buffer_Overflow__malloc_listen_socket_05.c	77	CWE680_Integer_Overflow_to_Buffer_Overflow__malloc_listen_socket_05.c	132
/home/swlab-jueon/swvul/tools/java-vuln-detection/slicing/output/CPG/c/cwe680_cpg/cwe680-197-cpg-resolved.bin	tc197_flow2	CWE680_Integer_Overflow_to_Buffer_Overflow__malloc_listen_socket_05.c	161	CWE680_Integer_Overflow_to_Buffer_Overflow__malloc_listen_socket_05.c	168
/home/swlab-jueon/swvul/tools/java-vuln-detection/slicing/output/CPG/c/cwe680_cpg/cwe680-197-cpg-resolved.bin	tc197_flow3	CWE680_Integer_Overflow_to_Buffer_Overflow__malloc_listen_socket_05.c	188	CWE680_Integer_Overflow_to_Buffer_Overflow__malloc_listen_socket_05.c	195
/home/swlab-jueon/swvul/tools/java-vuln-detection/slicing/output/CPG/c/cwe680_cpg/cwe680-198-cpg-resolved.bin	tc198_flow1	CWE680_Integer_Overflow_to_Buffer_Overflow__malloc_listen_socket_06.c	74	CWE680_Integer_Overflow_to_Buffer_Overflow__malloc_listen_socket_06.c	129
/home/swlab-jueon/swvul/tools/java-vuln-detection/slicing/output/CPG/c/cwe680_cpg/cwe680-198-cpg-resolved.bin	tc198_flow2	CWE680_Integer_Overflow_to_Buffer_Overflow__malloc_listen_socket_06.c	158	CWE680_Integer_Overflow_to_Buffer_Overflow__malloc_listen_socket_06.c	165
/home/swlab-jueon/swvul/tools/java-vuln-detection/slicing/output/CPG/c/cwe680_cpg/cwe680-198-cpg-resolved.bin	tc198_flow3	CWE680_Integer_Overflow_to_Buffer_Overflow__malloc_listen_socket_06.c	185	CWE680_Integer_Overflow_to_Buffer_Overflow__malloc_listen_socket_06.c	192
/home/swlab-jueon/swvul/tools/java-vuln-detection/slicing/output/CPG/c/cwe680_cpg/cwe680-199-cpg-resolved.bin	tc199_flow1	CWE680_Integer_Overflow_to_Buffer_Overflow__malloc_listen_socket_07.c	76	CWE680_Integer_Overflow_to_Buffer_Overflow__malloc_listen_socket_07.c	131
/home/swlab-jueon/swvul/tools/java-vuln-detection/slicing/output/CPG/c/cwe680_cpg/cwe680-199-cpg-resolved.bin	tc199_flow2	CWE680_Integer_Overflow_to_Buffer_Overflow__malloc_listen_socket_07.c	160	CWE680_Integer_Overflow_to_Buffer_Overflow__malloc_listen_socket_07.c	167
/home/swlab-jueon/swvul/tools/java-vuln-detection/slicing/output/CPG/c/cwe680_cpg/cwe680-199-cpg-resolved.bin	tc199_flow3	CWE680_Integer_Overflow_to_Buffer_Overflow__malloc_listen_socket_07.c	187	CWE680_Integer_Overflow_to_Buffer_Overflow__malloc_listen_socket_07.c	194
/home/swlab-jueon/swvul/tools/java-vuln-detection/slicing/output/CPG/c/cwe680_cpg/cwe680-200-cpg-resolved.bin	tc200_flow1	CWE680_Integer_Overflow_to_Buffer_Overflow__malloc_listen_socket_08.c	84	CWE680_Integer_Overflow_to_Buffer_Overflow__malloc_listen_socket_08.c	139
/home/swlab-jueon/swvul/tools/java-vuln-detection/slicing/output/CPG/c/cwe680_cpg/cwe680-200-cpg-resolved.bin	tc200_flow2	CWE680_Integer_Overflow_to_Buffer_Overflow__malloc_listen_socket_08.c	168	CWE680_Integer_Overflow_to_Buffer_Overflow__malloc_listen_socket_08.c	175
/home/swlab-jueon/swvul/tools/java-vuln-detection/slicing/output/CPG/c/cwe680_cpg/cwe680-200-cpg-resolved.bin	tc200_flow3	CWE680_Integer_Overflow_to_Buffer_Overflow__malloc_listen_socket_08.c	195	CWE680_Integer_Overflow_to_Buffer_Overflow__malloc_listen_socket_08.c	202
/home/swlab-jueon/swvul/tools/java-vuln-detection/slicing/output/CPG/c/cwe680_cpg/cwe680-201-cpg-resolved.bin	tc201_flow1	CWE680_Integer_Overflow_to_Buffer_Overflow__malloc_listen_socket_09.c	70	CWE680_Integer_Overflow_to_Buffer_Overflow__malloc_listen_socket_09.c	125
/home/swlab-jueon/swvul/tools/java-vuln-detection/slicing/output/CPG/c/cwe680_cpg/cwe680-201-cpg-resolved.bin	tc201_flow2	CWE680_Integer_Overflow_to_Buffer_Overflow__malloc_listen_socket_09.c	154	CWE680_Integer_Overflow_to_Buffer_Overflow__malloc_listen_socket_09.c	161
/home/swlab-jueon/swvul/tools/java-vuln-detection/slicing/output/CPG/c/cwe680_cpg/cwe680-201-cpg-resolved.bin	tc201_flow3	CWE680_Integer_Overflow_to_Buffer_Overflow__malloc_listen_socket_09.c	181	CWE680_Integer_Overflow_to_Buffer_Overflow__malloc_listen_socket_09.c	188
/home/swlab-jueon/swvul/tools/java-vuln-detection/slicing/output/CPG/c/cwe680_cpg/cwe680-202-cpg-resolved.bin	tc202_flow1	CWE680_Integer_Overflow_to_Buffer_Overflow__malloc_listen_socket_10.c	70	CWE680_Integer_Overflow_to_Buffer_Overflow__malloc_listen_socket_10.c	125
/home/swlab-jueon/swvul/tools/java-vuln-detection/slicing/output/CPG/c/cwe680_cpg/cwe680-202-cpg-resolved.bin	tc202_flow2	CWE680_Integer_Overflow_to_Buffer_Overflow__malloc_listen_socket_10.c	154	CWE680_Integer_Overflow_to_Buffer_Overflow__malloc_listen_socket_10.c	161
/home/swlab-jueon/swvul/tools/java-vuln-detection/slicing/output/CPG/c/cwe680_cpg/cwe680-202-cpg-resolved.bin	tc202_flow3	CWE680_Integer_Overflow_to_Buffer_Overflow__malloc_listen_socket_10.c	181	CWE680_Integer_Overflow_to_Buffer_Overflow__malloc_listen_socket_10.c	188
/home/swlab-jueon/swvul/tools/java-vuln-detection/slicing/output/CPG/c/cwe680_cpg/cwe680-203-cpg-resolved.bin	tc203_flow1	CWE680_Integer_Overflow_to_Buffer_Overflow__malloc_listen_socket_11.c	70	CWE680_Integer_Overflow_to_Buffer_Overflow__malloc_listen_socket_11.c	125
/home/swlab-jueon/swvul/tools/java-vuln-detection/slicing/output/CPG/c/cwe680_cpg/cwe680-203-cpg-resolved.bin	tc203_flow2	CWE680_Integer_Overflow_to_Buffer_Overflow__malloc_listen_socket_11.c	154	CWE680_Integer_Overflow_to_Buffer_Overflow__malloc_listen_socket_11.c	161
/home/swlab-jueon/swvul/tools/java-vuln-detection/slicing/output/CPG/c/cwe680_cpg/cwe680-203-cpg-resolved.bin	tc203_flow3	CWE680_Integer_Overflow_to_Buffer_Overflow__malloc_listen_socket_11.c	181	CWE680_Integer_Overflow_to_Buffer_Overflow__malloc_listen_socket_11.c	188
/home/swlab-jueon/swvul/tools/java-vuln-detection/slicing/output/CPG/c/cwe680_cpg/cwe680-204-cpg-resolved.bin	tc204_flow1	CWE680_Integer_Overflow_to_Buffer_Overflow__malloc_listen_socket_12.c	70	CWE680_Integer_Overflow_to_Buffer_Overflow__malloc_listen_socket_12.c	130
/home/swlab-jueon/swvul/tools/java-vuln-detection/slicing/output/CPG/c/cwe680_cpg/cwe680-204-cpg-resolved.bin	tc204_flow2	CWE680_Integer_Overflow_to_Buffer_Overflow__malloc_listen_socket_12.c	155	CWE680_Integer_Overflow_to_Buffer_Overflow__malloc_listen_socket_12.c	167
/home/swlab-jueon/swvul/tools/java-vuln-detection/slicing/output/CPG/c/cwe680_cpg/cwe680-205-cpg-resolved.bin	tc205_flow1	CWE680_Integer_Overflow_to_Buffer_Overflow__malloc_listen_socket_13.c	70	CWE680_Integer_Overflow_to_Buffer_Overflow__malloc_listen_socket_13.c	125
/home/swlab-jueon/swvul/tools/java-vuln-detection/slicing/output/CPG/c/cwe680_cpg/cwe680-205-cpg-resolved.bin	tc205_flow2	CWE680_Integer_Overflow_to_Buffer_Overflow__malloc_listen_socket_13.c	154	CWE680_Integer_Overflow_to_Buffer_Overflow__malloc_listen_socket_13.c	161
/home/swlab-jueon/swvul/tools/java-vuln-detection/slicing/output/CPG/c/cwe680_cpg/cwe680-205-cpg-resolved.bin	tc205_flow3	CWE680_Integer_Overflow_to_Buffer_Overflow__malloc_listen_socket_13.c	181	CWE680_Integer_Overflow_to_Buffer_Overflow__malloc_listen_socket_13.c	188
/home/swlab-jueon/swvul/tools/java-vuln-detection/slicing/output/CPG/c/cwe680_cpg/cwe680-206-cpg-resolved.bin	tc206_flow1	CWE680_Integer_Overflow_to_Buffer_Overflow__malloc_listen_socket_14.c	70	CWE680_Integer_Overflow_to_Buffer_Overflow__malloc_listen_socket_14.c	125
/home/swlab-jueon/swvul/tools/java-vuln-detection/slicing/output/CPG/c/cwe680_cpg/cwe680-206-cpg-resolved.bin	tc206_flow2	CWE680_Integer_Overflow_to_Buffer_Overflow__malloc_listen_socket_14.c	154	CWE680_Integer_Overflow_to_Buffer_Overflow__malloc_listen_socket_14.c	161
/home/swlab-jueon/swvul/tools/java-vuln-detection/slicing/output/CPG/c/cwe680_cpg/cwe680-206-cpg-resolved.bin	tc206_flow3	CWE680_Integer_Overflow_to_Buffer_Overflow__malloc_listen_socket_14.c	181	CWE680_Integer_Overflow_to_Buffer_Overflow__malloc_listen_socket_14.c	188
/home/swlab-jueon/swvul/tools/java-vuln-detection/slicing/output/CPG/c/cwe680_cpg/cwe680-207-cpg-resolved.bin	tc207_flow1	CWE680_Integer_Overflow_to_Buffer_Overflow__malloc_listen_socket_15.c	71	CWE680_Integer_Overflow_to_Buffer_Overflow__malloc_listen_socket_15.c	131
/home/swlab-jueon/swvul/tools/java-vuln-detection/slicing/output/CPG/c/cwe680_cpg/cwe680-207-cpg-resolved.bin	tc207_flow2	CWE680_Integer_Overflow_to_Buffer_Overflow__malloc_listen_socket_15.c	160	CWE680_Integer_Overflow_to_Buffer_Overflow__malloc_listen_socket_15.c	168
/home/swlab-jueon/swvul/tools/java-vuln-detection/slicing/output/CPG/c/cwe680_cpg/cwe680-207-cpg-resolved.bin	tc207_flow3	CWE680_Integer_Overflow_to_Buffer_Overflow__malloc_listen_socket_15.c	189	CWE680_Integer_Overflow_to_Buffer_Overflow__malloc_listen_socket_15.c	201
/home/swlab-jueon/swvul/tools/java-vuln-detection/slicing/output/CPG/c/cwe680_cpg/cwe680-208-cpg-resolved.bin	tc208_flow1	CWE680_Integer_Overflow_to_Buffer_Overflow__malloc_listen_socket_16.c	70	CWE680_Integer_Overflow_to_Buffer_Overflow__malloc_listen_socket_16.c	126
/home/swlab-jueon/swvul/tools/java-vuln-detection/slicing/output/CPG/c/cwe680_cpg/cwe680-208-cpg-resolved.bin	tc208_flow2	CWE680_Integer_Overflow_to_Buffer_Overflow__malloc_listen_socket_16.c	150	CWE680_Integer_Overflow_to_Buffer_Overflow__malloc_listen_socket_16.c	158
/home/swlab-jueon/swvul/tools/java-vuln-detection/slicing/output/CPG/c/cwe680_cpg/cwe680-209-cpg-resolved.bin	tc209_flow1	CWE680_Integer_Overflow_to_Buffer_Overflow__malloc_listen_socket_17.c	71	CWE680_Integer_Overflow_to_Buffer_Overflow__malloc_listen_socket_17.c	126
/home/swlab-jueon/swvul/tools/java-vuln-detection/slicing/output/CPG/c/cwe680_cpg/cwe680-209-cpg-resolved.bin	tc209_flow2	CWE680_Integer_Overflow_to_Buffer_Overflow__malloc_listen_socket_17.c	151	CWE680_Integer_Overflow_to_Buffer_Overflow__malloc_listen_socket_17.c	158
/home/swlab-jueon/swvul/tools/java-vuln-detection/slicing/output/CPG/c/cwe680_cpg/cwe680-210-cpg-resolved.bin	tc210_flow1	CWE680_Integer_Overflow_to_Buffer_Overflow__malloc_listen_socket_18.c	70	CWE680_Integer_Overflow_to_Buffer_Overflow__malloc_listen_socket_18.c	124
/home/swlab-jueon/swvul/tools/java-vuln-detection/slicing/output/CPG/c/cwe680_cpg/cwe680-210-cpg-resolved.bin	tc210_flow2	CWE680_Integer_Overflow_to_Buffer_Overflow__malloc_listen_socket_18.c	148	CWE680_Integer_Overflow_to_Buffer_Overflow__malloc_listen_socket_18.c	154
/home/swlab-jueon/swvul/tools/java-vuln-detection/slicing/output/CPG/c/cwe680_cpg/cwe680-211-cpg-resolved.bin	tc211_flow1	CWE680_Integer_Overflow_to_Buffer_Overflow__malloc_listen_socket_21.c	70	CWE680_Integer_Overflow_to_Buffer_Overflow__malloc_listen_socket_21.c	135
/home/swlab-jueon/swvul/tools/java-vuln-detection/slicing/output/CPG/c/cwe680_cpg/cwe680-211-cpg-resolved.bin	tc211_flow2	CWE680_Integer_Overflow_to_Buffer_Overflow__malloc_listen_socket_21.c	165	CWE680_Integer_Overflow_to_Buffer_Overflow__malloc_listen_socket_21.c	182
/home/swlab-jueon/swvul/tools/java-vuln-detection/slicing/output/CPG/c/cwe680_cpg/cwe680-211-cpg-resolved.bin	tc211_flow3	CWE680_Integer_Overflow_to_Buffer_Overflow__malloc_listen_socket_21.c	199	CWE680_Integer_Overflow_to_Buffer_Overflow__malloc_listen_socket_21.c	216
/home/swlab-jueon/swvul/tools/java-vuln-detection/slicing/output/CPG/c/cwe680_cpg/cwe680-212-cpg-resolved.bin	tc212_flow1	CWE680_Integer_Overflow_to_Buffer_Overflow__malloc_listen_socket_22b.c	70	CWE680_Integer_Overflow_to_Buffer_Overflow__malloc_listen_socket_22a.c	38
/home/swlab-jueon/swvul/tools/java-vuln-detection/slicing/output/CPG/c/cwe680_cpg/cwe680-212-cpg-resolved.bin	tc212_flow2	CWE680_Integer_Overflow_to_Buffer_Overflow__malloc_listen_socket_22b.c	142	CWE680_Integer_Overflow_to_Buffer_Overflow__malloc_listen_socket_22a.c	72
/home/swlab-jueon/swvul/tools/java-vuln-detection/slicing/output/CPG/c/cwe680_cpg/cwe680-212-cpg-resolved.bin	tc212_flow3	CWE680_Integer_Overflow_to_Buffer_Overflow__malloc_listen_socket_22b.c	153	CWE680_Integer_Overflow_to_Buffer_Overflow__malloc_listen_socket_22a.c	98
/home/swlab-jueon/swvul/tools/java-vuln-detection/slicing/output/CPG/c/cwe680_cpg/cwe680-213-cpg-resolved.bin	tc213_flow1	CWE680_Integer_Overflow_to_Buffer_Overflow__malloc_listen_socket_31.c	68	CWE680_Integer_Overflow_to_Buffer_Overflow__malloc_listen_socket_31.c	125
/home/swlab-jueon/swvul/tools/java-vuln-detection/slicing/output/CPG/c/cwe680_cpg/cwe680-213-cpg-resolved.bin	tc213_flow2	CWE680_Integer_Overflow_to_Buffer_Overflow__malloc_listen_socket_31.c	148	CWE680_Integer_Overflow_to_Buffer_Overflow__malloc_listen_socket_31.c	157
/home/swlab-jueon/swvul/tools/java-vuln-detection/slicing/output/CPG/c/cwe680_cpg/cwe680-214-cpg-resolved.bin	tc214_flow1	CWE680_Integer_Overflow_to_Buffer_Overflow__malloc_listen_socket_32.c	72	CWE680_Integer_Overflow_to_Buffer_Overflow__malloc_listen_socket_32.c	130
/home/swlab-jueon/swvul/tools/java-vuln-detection/slicing/output/CPG/c/cwe680_cpg/cwe680-214-cpg-resolved.bin	tc214_flow2	CWE680_Integer_Overflow_to_Buffer_Overflow__malloc_listen_socket_32.c	157	CWE680_Integer_Overflow_to_Buffer_Overflow__malloc_listen_socket_32.c	167
/home/swlab-jueon/swvul/tools/java-vuln-detection/slicing/output/CPG/c/cwe680_cpg/cwe680-215-cpg-resolved.bin	tc215_flow1	CWE680_Integer_Overflow_to_Buffer_Overflow__malloc_listen_socket_33.cpp	72	CWE680_Integer_Overflow_to_Buffer_Overflow__malloc_listen_socket_33.cpp	128
/home/swlab-jueon/swvul/tools/java-vuln-detection/slicing/output/CPG/c/cwe680_cpg/cwe680-215-cpg-resolved.bin	tc215_flow2	CWE680_Integer_Overflow_to_Buffer_Overflow__malloc_listen_socket_33.cpp	152	CWE680_Integer_Overflow_to_Buffer_Overflow__malloc_listen_socket_33.cpp	160
/home/swlab-jueon/swvul/tools/java-vuln-detection/slicing/output/CPG/c/cwe680_cpg/cwe680-216-cpg-resolved.bin	tc216_flow1	CWE680_Integer_Overflow_to_Buffer_Overflow__malloc_listen_socket_34.c	75	CWE680_Integer_Overflow_to_Buffer_Overflow__malloc_listen_socket_34.c	132
/home/swlab-jueon/swvul/tools/java-vuln-detection/slicing/output/CPG/c/cwe680_cpg/cwe680-216-cpg-resolved.bin	tc216_flow2	CWE680_Integer_Overflow_to_Buffer_Overflow__malloc_listen_socket_34.c	156	CWE680_Integer_Overflow_to_Buffer_Overflow__malloc_listen_socket_34.c	165
/home/swlab-jueon/swvul/tools/java-vuln-detection/slicing/output/CPG/c/cwe680_cpg/cwe680-217-cpg-resolved.bin	tc217_flow1	CWE680_Integer_Overflow_to_Buffer_Overflow__malloc_listen_socket_41.c	86	CWE680_Integer_Overflow_to_Buffer_Overflow__malloc_listen_socket_41.c	50
/home/swlab-jueon/swvul/tools/java-vuln-detection/slicing/output/CPG/c/cwe680_cpg/cwe680-217-cpg-resolved.bin	tc217_flow2	CWE680_Integer_Overflow_to_Buffer_Overflow__malloc_listen_socket_41.c	167	CWE680_Integer_Overflow_to_Buffer_Overflow__malloc_listen_socket_41.c	149
/home/swlab-jueon/swvul/tools/java-vuln-detection/slicing/output/CPG/c/cwe680_cpg/cwe680-218-cpg-resolved.bin	tc218_flow1	CWE680_Integer_Overflow_to_Buffer_Overflow__malloc_listen_socket_42.c	65	CWE680_Integer_Overflow_to_Buffer_Overflow__malloc_listen_socket_42.c	128
/home/swlab-jueon/swvul/tools/java-vuln-detection/slicing/output/CPG/c/cwe680_cpg/cwe680-218-cpg-resolved.bin	tc218_flow2	CWE680_Integer_Overflow_to_Buffer_Overflow__malloc_listen_socket_42.c	146	CWE680_Integer_Overflow_to_Buffer_Overflow__malloc_listen_socket_42.c	162
/home/swlab-jueon/swvul/tools/java-vuln-detection/slicing/output/CPG/c/cwe680_cpg/cwe680-219-cpg-resolved.bin	tc219_flow1	CWE680_Integer_Overflow_to_Buffer_Overflow__malloc_listen_socket_43.cpp	68	CWE680_Integer_Overflow_to_Buffer_Overflow__malloc_listen_socket_43.cpp	130
/home/swlab-jueon/swvul/tools/java-vuln-detection/slicing/output/CPG/c/cwe680_cpg/cwe680-219-cpg-resolved.bin	tc219_flow2	CWE680_Integer_Overflow_to_Buffer_Overflow__malloc_listen_socket_43.cpp	149	CWE680_Integer_Overflow_to_Buffer_Overflow__malloc_listen_socket_43.cpp	163
/home/swlab-jueon/swvul/tools/java-vuln-detection/slicing/output/CPG/c/cwe680_cpg/cwe680-220-cpg-resolved.bin	tc220_flow1	CWE680_Integer_Overflow_to_Buffer_Overflow__malloc_listen_socket_44.c	88	CWE680_Integer_Overflow_to_Buffer_Overflow__malloc_listen_socket_44.c	50
/home/swlab-jueon/swvul/tools/java-vuln-detection/slicing/output/CPG/c/cwe680_cpg/cwe680-220-cpg-resolved.bin	tc220_flow2	CWE680_Integer_Overflow_to_Buffer_Overflow__malloc_listen_socket_44.c	171	CWE680_Integer_Overflow_to_Buffer_Overflow__malloc_listen_socket_44.c	153
/home/swlab-jueon/swvul/tools/java-vuln-detection/slicing/output/CPG/c/cwe680_cpg/cwe680-221-cpg-resolved.bin	tc221_flow1	CWE680_Integer_Overflow_to_Buffer_Overflow__malloc_listen_socket_45.c	90	CWE680_Integer_Overflow_to_Buffer_Overflow__malloc_listen_socket_45.c	54
/home/swlab-jueon/swvul/tools/java-vuln-detection/slicing/output/CPG/c/cwe680_cpg/cwe680-221-cpg-resolved.bin	tc221_flow2	CWE680_Integer_Overflow_to_Buffer_Overflow__malloc_listen_socket_45.c	173	CWE680_Integer_Overflow_to_Buffer_Overflow__malloc_listen_socket_45.c	156
/home/swlab-jueon/swvul/tools/java-vuln-detection/slicing/output/CPG/c/cwe680_cpg/cwe680-222-cpg-resolved.bin	tc222_flow1	CWE680_Integer_Overflow_to_Buffer_Overflow__malloc_listen_socket_51a.c	71	CWE680_Integer_Overflow_to_Buffer_Overflow__malloc_listen_socket_51b.c	52
/home/swlab-jueon/swvul/tools/java-vuln-detection/slicing/output/CPG/c/cwe680_cpg/cwe680-222-cpg-resolved.bin	tc222_flow2	CWE680_Integer_Overflow_to_Buffer_Overflow__malloc_listen_socket_51a.c	137	CWE680_Integer_Overflow_to_Buffer_Overflow__malloc_listen_socket_51b.c	75
/home/swlab-jueon/swvul/tools/java-vuln-detection/slicing/output/CPG/c/cwe680_cpg/cwe680-223-cpg-resolved.bin	tc223_flow1	CWE680_Integer_Overflow_to_Buffer_Overflow__malloc_listen_socket_52a.c	71	CWE680_Integer_Overflow_to_Buffer_Overflow__malloc_listen_socket_52c.c	52
/home/swlab-jueon/swvul/tools/java-vuln-detection/slicing/output/CPG/c/cwe680_cpg/cwe680-223-cpg-resolved.bin	tc223_flow2	CWE680_Integer_Overflow_to_Buffer_Overflow__malloc_listen_socket_52a.c	137	CWE680_Integer_Overflow_to_Buffer_Overflow__malloc_listen_socket_52c.c	75
/home/swlab-jueon/swvul/tools/java-vuln-detection/slicing/output/CPG/c/cwe680_cpg/cwe680-224-cpg-resolved.bin	tc224_flow1	CWE680_Integer_Overflow_to_Buffer_Overflow__malloc_listen_socket_53a.c	71	CWE680_Integer_Overflow_to_Buffer_Overflow__malloc_listen_socket_53d.c	52
/home/swlab-jueon/swvul/tools/java-vuln-detection/slicing/output/CPG/c/cwe680_cpg/cwe680-224-cpg-resolved.bin	tc224_flow2	CWE680_Integer_Overflow_to_Buffer_Overflow__malloc_listen_socket_53a.c	137	CWE680_Integer_Overflow_to_Buffer_Overflow__malloc_listen_socket_53d.c	75
/home/swlab-jueon/swvul/tools/java-vuln-detection/slicing/output/CPG/c/cwe680_cpg/cwe680-225-cpg-resolved.bin	tc225_flow1	CWE680_Integer_Overflow_to_Buffer_Overflow__malloc_listen_socket_54a.c	71	CWE680_Integer_Overflow_to_Buffer_Overflow__malloc_listen_socket_54e.c	52
/home/swlab-jueon/swvul/tools/java-vuln-detection/slicing/output/CPG/c/cwe680_cpg/cwe680-225-cpg-resolved.bin	tc225_flow2	CWE680_Integer_Overflow_to_Buffer_Overflow__malloc_listen_socket_54a.c	137	CWE680_Integer_Overflow_to_Buffer_Overflow__malloc_listen_socket_54e.c	75
/home/swlab-jueon/swvul/tools/java-vuln-detection/slicing/output/CPG/c/cwe680_cpg/cwe680-226-cpg-resolved.bin	tc226_flow1	CWE680_Integer_Overflow_to_Buffer_Overflow__malloc_listen_socket_61b.c	65	CWE680_Integer_Overflow_to_Buffer_Overflow__malloc_listen_socket_61a.c	57
/home/swlab-jueon/swvul/tools/java-vuln-detection/slicing/output/CPG/c/cwe680_cpg/cwe680-226-cpg-resolved.bin	tc226_flow2	CWE680_Integer_Overflow_to_Buffer_Overflow__malloc_listen_socket_61b.c	125	CWE680_Integer_Overflow_to_Buffer_Overflow__malloc_listen_socket_61a.c	86
/home/swlab-jueon/swvul/tools/java-vuln-detection/slicing/output/CPG/c/cwe680_cpg/cwe680-227-cpg-resolved.bin	tc227_flow1	CWE680_Integer_Overflow_to_Buffer_Overflow__malloc_listen_socket_62b.cpp	68	CWE680_Integer_Overflow_to_Buffer_Overflow__malloc_listen_socket_62a.cpp	38
/home/swlab-jueon/swvul/tools/java-vuln-detection/slicing/output/CPG/c/cwe680_cpg/cwe680-227-cpg-resolved.bin	tc227_flow2	CWE680_Integer_Overflow_to_Buffer_Overflow__malloc_listen_socket_62b.cpp	127	CWE680_Integer_Overflow_to_Buffer_Overflow__malloc_listen_socket_62a.cpp	67
/home/swlab-jueon/swvul/tools/java-vuln-detection/slicing/output/CPG/c/cwe680_cpg/cwe680-228-cpg-resolved.bin	tc228_flow1	CWE680_Integer_Overflow_to_Buffer_Overflow__malloc_listen_socket_63a.c	71	CWE680_Integer_Overflow_to_Buffer_Overflow__malloc_listen_socket_63b.c	51
/home/swlab-jueon/swvul/tools/java-vuln-detection/slicing/output/CPG/c/cwe680_cpg/cwe680-228-cpg-resolved.bin	tc228_flow2	CWE680_Integer_Overflow_to_Buffer_Overflow__malloc_listen_socket_63a.c	136	CWE680_Integer_Overflow_to_Buffer_Overflow__malloc_listen_socket_63b.c	75
/home/swlab-jueon/swvul/tools/java-vuln-detection/slicing/output/CPG/c/cwe680_cpg/cwe680-229-cpg-resolved.bin	tc229_flow1	CWE680_Integer_Overflow_to_Buffer_Overflow__malloc_listen_socket_64a.c	71	CWE680_Integer_Overflow_to_Buffer_Overflow__malloc_listen_socket_64b.c	54
/home/swlab-jueon/swvul/tools/java-vuln-detection/slicing/output/CPG/c/cwe680_cpg/cwe680-229-cpg-resolved.bin	tc229_flow2	CWE680_Integer_Overflow_to_Buffer_Overflow__malloc_listen_socket_64a.c	136	CWE680_Integer_Overflow_to_Buffer_Overflow__malloc_listen_socket_64b.c	81
/home/swlab-jueon/swvul/tools/java-vuln-detection/slicing/output/CPG/c/cwe680_cpg/cwe680-230-cpg-resolved.bin	tc230_flow1	CWE680_Integer_Overflow_to_Buffer_Overflow__malloc_listen_socket_65a.c	73	CWE680_Integer_Overflow_to_Buffer_Overflow__malloc_listen_socket_65b.c	50
/home/swlab-jueon/swvul/tools/java-vuln-detection/slicing/output/CPG/c/cwe680_cpg/cwe680-230-cpg-resolved.bin	tc230_flow2	CWE680_Integer_Overflow_to_Buffer_Overflow__malloc_listen_socket_65a.c	140	CWE680_Integer_Overflow_to_Buffer_Overflow__malloc_listen_socket_65b.c	73
/home/swlab-jueon/swvul/tools/java-vuln-detection/slicing/output/CPG/c/cwe680_cpg/cwe680-231-cpg-resolved.bin	tc231_flow1	CWE680_Integer_Overflow_to_Buffer_Overflow__malloc_listen_socket_66a.c	72	CWE680_Integer_Overflow_to_Buffer_Overflow__malloc_listen_socket_66b.c	52
/home/swlab-jueon/swvul/tools/java-vuln-detection/slicing/output/CPG/c/cwe680_cpg/cwe680-231-cpg-resolved.bin	tc231_flow2	CWE680_Integer_Overflow_to_Buffer_Overflow__malloc_listen_socket_66a.c	140	CWE680_Integer_Overflow_to_Buffer_Overflow__malloc_listen_socket_66b.c	76
/home/swlab-jueon/swvul/tools/java-vuln-detection/slicing/output/CPG/c/cwe680_cpg/cwe680-232-cpg-resolved.bin	tc232_flow1	CWE680_Integer_Overflow_to_Buffer_Overflow__malloc_listen_socket_67a.c	77	CWE680_Integer_Overflow_to_Buffer_Overflow__malloc_listen_socket_67b.c	56
/home/swlab-jueon/swvul/tools/java-vuln-detection/slicing/output/CPG/c/cwe680_cpg/cwe680-232-cpg-resolved.bin	tc232_flow2	CWE680_Integer_Overflow_to_Buffer_Overflow__malloc_listen_socket_67a.c	144	CWE680_Integer_Overflow_to_Buffer_Overflow__malloc_listen_socket_67b.c	80
/home/swlab-jueon/swvul/tools/java-vuln-detection/slicing/output/CPG/c/cwe680_cpg/cwe680-233-cpg-resolved.bin	tc233_flow1	CWE680_Integer_Overflow_to_Buffer_Overflow__malloc_listen_socket_68a.c	74	CWE680_Integer_Overflow_to_Buffer_Overflow__malloc_listen_socket_68b.c	56
/home/swlab-jueon/swvul/tools/java-vuln-detection/slicing/output/CPG/c/cwe680_cpg/cwe680-233-cpg-resolved.bin	tc233_flow2	CWE680_Integer_Overflow_to_Buffer_Overflow__malloc_listen_socket_68a.c	141	CWE680_Integer_Overflow_to_Buffer_Overflow__malloc_listen_socket_68b.c	80
/home/swlab-jueon/swvul/tools/java-vuln-detection/slicing/output/CPG/c/cwe680_cpg/cwe680-234-cpg-resolved.bin	tc234_flow1	CWE680_Integer_Overflow_to_Buffer_Overflow__malloc_listen_socket_72a.cpp	78	CWE680_Integer_Overflow_to_Buffer_Overflow__malloc_listen_socket_72b.cpp	36
/home/swlab-jueon/swvul/tools/java-vuln-detection/slicing/output/CPG/c/cwe680_cpg/cwe680-234-cpg-resolved.bin	tc234_flow2	CWE680_Integer_Overflow_to_Buffer_Overflow__malloc_listen_socket_72a.cpp	150	CWE680_Integer_Overflow_to_Buffer_Overflow__malloc_listen_socket_72b.cpp	60
/home/swlab-jueon/swvul/tools/java-vuln-detection/slicing/output/CPG/c/cwe680_cpg/cwe680-235-cpg-resolved.bin	tc235_flow1	CWE680_Integer_Overflow_to_Buffer_Overflow__malloc_listen_socket_73a.cpp	78	CWE680_Integer_Overflow_to_Buffer_Overflow__malloc_listen_socket_73b.cpp	36
/home/swlab-jueon/swvul/tools/java-vuln-detection/slicing/output/CPG/c/cwe680_cpg/cwe680-235-cpg-resolved.bin	tc235_flow2	CWE680_Integer_Overflow_to_Buffer_Overflow__malloc_listen_socket_73a.cpp	150	CWE680_Integer_Overflow_to_Buffer_Overflow__malloc_listen_socket_73b.cpp	60
/home/swlab-jueon/swvul/tools/java-vuln-detection/slicing/output/CPG/c/cwe680_cpg/cwe680-236-cpg-resolved.bin	tc236_flow1	CWE680_Integer_Overflow_to_Buffer_Overflow__malloc_listen_socket_74a.cpp	78	CWE680_Integer_Overflow_to_Buffer_Overflow__malloc_listen_socket_74b.cpp	36
/home/swlab-jueon/swvul/tools/java-vuln-detection/slicing/output/CPG/c/cwe680_cpg/cwe680-236-cpg-resolved.bin	tc236_flow2	CWE680_Integer_Overflow_to_Buffer_Overflow__malloc_listen_socket_74a.cpp	150	CWE680_Integer_Overflow_to_Buffer_Overflow__malloc_listen_socket_74b.cpp	60
/home/swlab-jueon/swvul/tools/java-vuln-detection/slicing/output/CPG/c/cwe680_cpg/cwe680-237-cpg-resolved.bin	tc237_flow1	CWE680_Integer_Overflow_to_Buffer_Overflow__malloc_listen_socket_81a.cpp	72	CWE680_Integer_Overflow_to_Buffer_Overflow__malloc_listen_socket_81_bad.cpp	31
/home/swlab-jueon/swvul/tools/java-vuln-detection/slicing/output/CPG/c/cwe680_cpg/cwe680-237-cpg-resolved.bin	tc237_flow2	CWE680_Integer_Overflow_to_Buffer_Overflow__malloc_listen_socket_81a.cpp	136	CWE680_Integer_Overflow_to_Buffer_Overflow__malloc_listen_socket_81_goodG2B.cpp	31
/home/swlab-jueon/swvul/tools/java-vuln-detection/slicing/output/CPG/c/cwe680_cpg/cwe680-238-cpg-resolved.bin	tc238_flow1	CWE680_Integer_Overflow_to_Buffer_Overflow__malloc_listen_socket_82a.cpp	72	CWE680_Integer_Overflow_to_Buffer_Overflow__malloc_listen_socket_82_bad.cpp	31
/home/swlab-jueon/swvul/tools/java-vuln-detection/slicing/output/CPG/c/cwe680_cpg/cwe680-238-cpg-resolved.bin	tc238_flow2	CWE680_Integer_Overflow_to_Buffer_Overflow__malloc_listen_socket_82a.cpp	137	CWE680_Integer_Overflow_to_Buffer_Overflow__malloc_listen_socket_82_goodG2B.cpp	31
/home/swlab-jueon/swvul/tools/java-vuln-detection/slicing/output/CPG/c/cwe680_cpg/cwe680-239-cpg-resolved.bin	tc239_flow1	CWE680_Integer_Overflow_to_Buffer_Overflow__malloc_listen_socket_83_bad.cpp	68	CWE680_Integer_Overflow_to_Buffer_Overflow__malloc_listen_socket_83_bad.cpp	126
/home/swlab-jueon/swvul/tools/java-vuln-detection/slicing/output/CPG/c/cwe680_cpg/cwe680-239-cpg-resolved.bin	tc239_flow2	CWE680_Integer_Overflow_to_Buffer_Overflow__malloc_listen_socket_83_goodG2B.cpp	27	CWE680_Integer_Overflow_to_Buffer_Overflow__malloc_listen_socket_83_goodG2B.cpp	37
/home/swlab-jueon/swvul/tools/java-vuln-detection/slicing/output/CPG/c/cwe680_cpg/cwe680-240-cpg-resolved.bin	tc240_flow1	CWE680_Integer_Overflow_to_Buffer_Overflow__malloc_listen_socket_84_bad.cpp	68	CWE680_Integer_Overflow_to_Buffer_Overflow__malloc_listen_socket_84_bad.cpp	126
/home/swlab-jueon/swvul/tools/java-vuln-detection/slicing/output/CPG/c/cwe680_cpg/cwe680-240-cpg-resolved.bin	tc240_flow2	CWE680_Integer_Overflow_to_Buffer_Overflow__malloc_listen_socket_84_goodG2B.cpp	27	CWE680_Integer_Overflow_to_Buffer_Overflow__malloc_listen_socket_84_goodG2B.cpp	37
/home/swlab-jueon/swvul/tools/java-vuln-detection/slicing/output/CPG/c/cwe680_cpg/cwe680-241-cpg-resolved.bin	tc241_flow1	CWE680_Integer_Overflow_to_Buffer_Overflow__malloc_rand_01.c	27	CWE680_Integer_Overflow_to_Buffer_Overflow__malloc_rand_01.c	33
/home/swlab-jueon/swvul/tools/java-vuln-detection/slicing/output/CPG/c/cwe680_cpg/cwe680-241-cpg-resolved.bin	tc241_flow2	CWE680_Integer_Overflow_to_Buffer_Overflow__malloc_rand_01.c	55	CWE680_Integer_Overflow_to_Buffer_Overflow__malloc_rand_01.c	61
/home/swlab-jueon/swvul/tools/java-vuln-detection/slicing/output/CPG/c/cwe680_cpg/cwe680-242-cpg-resolved.bin	tc242_flow1	CWE680_Integer_Overflow_to_Buffer_Overflow__malloc_rand_02.c	29	CWE680_Integer_Overflow_to_Buffer_Overflow__malloc_rand_02.c	36
/home/swlab-jueon/swvul/tools/java-vuln-detection/slicing/output/CPG/c/cwe680_cpg/cwe680-242-cpg-resolved.bin	tc242_flow2	CWE680_Integer_Overflow_to_Buffer_Overflow__malloc_rand_02.c	65	CWE680_Integer_Overflow_to_Buffer_Overflow__malloc_rand_02.c	72
/home/swlab-jueon/swvul/tools/java-vuln-detection/slicing/output/CPG/c/cwe680_cpg/cwe680-242-cpg-resolved.bin	tc242_flow3	CWE680_Integer_Overflow_to_Buffer_Overflow__malloc_rand_02.c	92	CWE680_Integer_Overflow_to_Buffer_Overflow__malloc_rand_02.c	99
/home/swlab-jueon/swvul/tools/java-vuln-detection/slicing/output/CPG/c/cwe680_cpg/cwe680-243-cpg-resolved.bin	tc243_flow1	CWE680_Integer_Overflow_to_Buffer_Overflow__malloc_rand_03.c	29	CWE680_Integer_Overflow_to_Buffer_Overflow__malloc_rand_03.c	36
/home/swlab-jueon/swvul/tools/java-vuln-detection/slicing/output/CPG/c/cwe680_cpg/cwe680-243-cpg-resolved.bin	tc243_flow2	CWE680_Integer_Overflow_to_Buffer_Overflow__malloc_rand_03.c	65	CWE680_Integer_Overflow_to_Buffer_Overflow__malloc_rand_03.c	72
/home/swlab-jueon/swvul/tools/java-vuln-detection/slicing/output/CPG/c/cwe680_cpg/cwe680-243-cpg-resolved.bin	tc243_flow3	CWE680_Integer_Overflow_to_Buffer_Overflow__malloc_rand_03.c	92	CWE680_Integer_Overflow_to_Buffer_Overflow__malloc_rand_03.c	99
/home/swlab-jueon/swvul/tools/java-vuln-detection/slicing/output/CPG/c/cwe680_cpg/cwe680-244-cpg-resolved.bin	tc244_flow1	CWE680_Integer_Overflow_to_Buffer_Overflow__malloc_rand_04.c	36	CWE680_Integer_Overflow_to_Buffer_Overflow__malloc_rand_04.c	43
/home/swlab-jueon/swvul/tools/java-vuln-detection/slicing/output/CPG/c/cwe680_cpg/cwe680-244-cpg-resolved.bin	tc244_flow2	CWE680_Integer_Overflow_to_Buffer_Overflow__malloc_rand_04.c	72	CWE680_Integer_Overflow_to_Buffer_Overflow__malloc_rand_04.c	79
/home/swlab-jueon/swvul/tools/java-vuln-detection/slicing/output/CPG/c/cwe680_cpg/cwe680-244-cpg-resolved.bin	tc244_flow3	CWE680_Integer_Overflow_to_Buffer_Overflow__malloc_rand_04.c	99	CWE680_Integer_Overflow_to_Buffer_Overflow__malloc_rand_04.c	106
/home/swlab-jueon/swvul/tools/java-vuln-detection/slicing/output/CPG/c/cwe680_cpg/cwe680-245-cpg-resolved.bin	tc245_flow1	CWE680_Integer_Overflow_to_Buffer_Overflow__malloc_rand_05.c	36	CWE680_Integer_Overflow_to_Buffer_Overflow__malloc_rand_05.c	43
/home/swlab-jueon/swvul/tools/java-vuln-detection/slicing/output/CPG/c/cwe680_cpg/cwe680-245-cpg-resolved.bin	tc245_flow2	CWE680_Integer_Overflow_to_Buffer_Overflow__malloc_rand_05.c	72	CWE680_Integer_Overflow_to_Buffer_Overflow__malloc_rand_05.c	79
/home/swlab-jueon/swvul/tools/java-vuln-detection/slicing/output/CPG/c/cwe680_cpg/cwe680-245-cpg-resolved.bin	tc245_flow3	CWE680_Integer_Overflow_to_Buffer_Overflow__malloc_rand_05.c	99	CWE680_Integer_Overflow_to_Buffer_Overflow__malloc_rand_05.c	106
/home/swlab-jueon/swvul/tools/java-vuln-detection/slicing/output/CPG/c/cwe680_cpg/cwe680-246-cpg-resolved.bin	tc246_flow1	CWE680_Integer_Overflow_to_Buffer_Overflow__malloc_rand_06.c	33	CWE680_Integer_Overflow_to_Buffer_Overflow__malloc_rand_06.c	40
/home/swlab-jueon/swvul/tools/java-vuln-detection/slicing/output/CPG/c/cwe680_cpg/cwe680-246-cpg-resolved.bin	tc246_flow2	CWE680_Integer_Overflow_to_Buffer_Overflow__malloc_rand_06.c	69	CWE680_Integer_Overflow_to_Buffer_Overflow__malloc_rand_06.c	76
/home/swlab-jueon/swvul/tools/java-vuln-detection/slicing/output/CPG/c/cwe680_cpg/cwe680-246-cpg-resolved.bin	tc246_flow3	CWE680_Integer_Overflow_to_Buffer_Overflow__malloc_rand_06.c	96	CWE680_Integer_Overflow_to_Buffer_Overflow__malloc_rand_06.c	103
/home/swlab-jueon/swvul/tools/java-vuln-detection/slicing/output/CPG/c/cwe680_cpg/cwe680-247-cpg-resolved.bin	tc247_flow1	CWE680_Integer_Overflow_to_Buffer_Overflow__malloc_rand_07.c	35	CWE680_Integer_Overflow_to_Buffer_Overflow__malloc_rand_07.c	42
/home/swlab-jueon/swvul/tools/java-vuln-detection/slicing/output/CPG/c/cwe680_cpg/cwe680-247-cpg-resolved.bin	tc247_flow2	CWE680_Integer_Overflow_to_Buffer_Overflow__malloc_rand_07.c	71	CWE680_Integer_Overflow_to_Buffer_Overflow__malloc_rand_07.c	78
/home/swlab-jueon/swvul/tools/java-vuln-detection/slicing/output/CPG/c/cwe680_cpg/cwe680-247-cpg-resolved.bin	tc247_flow3	CWE680_Integer_Overflow_to_Buffer_Overflow__malloc_rand_07.c	98	CWE680_Integer_Overflow_to_Buffer_Overflow__malloc_rand_07.c	105
/home/swlab-jueon/swvul/tools/java-vuln-detection/slicing/output/CPG/c/cwe680_cpg/cwe680-248-cpg-resolved.bin	tc248_flow1	CWE680_Integer_Overflow_to_Buffer_Overflow__malloc_rand_08.c	43	CWE680_Integer_Overflow_to_Buffer_Overflow__malloc_rand_08.c	50
/home/swlab-jueon/swvul/tools/java-vuln-detection/slicing/output/CPG/c/cwe680_cpg/cwe680-248-cpg-resolved.bin	tc248_flow2	CWE680_Integer_Overflow_to_Buffer_Overflow__malloc_rand_08.c	79	CWE680_Integer_Overflow_to_Buffer_Overflow__malloc_rand_08.c	86
/home/swlab-jueon/swvul/tools/java-vuln-detection/slicing/output/CPG/c/cwe680_cpg/cwe680-248-cpg-resolved.bin	tc248_flow3	CWE680_Integer_Overflow_to_Buffer_Overflow__malloc_rand_08.c	106	CWE680_Integer_Overflow_to_Buffer_Overflow__malloc_rand_08.c	113
/home/swlab-jueon/swvul/tools/java-vuln-detection/slicing/output/CPG/c/cwe680_cpg/cwe680-249-cpg-resolved.bin	tc249_flow1	CWE680_Integer_Overflow_to_Buffer_Overflow__malloc_rand_09.c	29	CWE680_Integer_Overflow_to_Buffer_Overflow__malloc_rand_09.c	36
/home/swlab-jueon/swvul/tools/java-vuln-detection/slicing/output/CPG/c/cwe680_cpg/cwe680-249-cpg-resolved.bin	tc249_flow2	CWE680_Integer_Overflow_to_Buffer_Overflow__malloc_rand_09.c	65	CWE680_Integer_Overflow_to_Buffer_Overflow__malloc_rand_09.c	72
/home/swlab-jueon/swvul/tools/java-vuln-detection/slicing/output/CPG/c/cwe680_cpg/cwe680-249-cpg-resolved.bin	tc249_flow3	CWE680_Integer_Overflow_to_Buffer_Overflow__malloc_rand_09.c	92	CWE680_Integer_Overflow_to_Buffer_Overflow__malloc_rand_09.c	99
/home/swlab-jueon/swvul/tools/java-vuln-detection/slicing/output/CPG/c/cwe680_cpg/cwe680-250-cpg-resolved.bin	tc250_flow1	CWE680_Integer_Overflow_to_Buffer_Overflow__malloc_rand_10.c	29	CWE680_Integer_Overflow_to_Buffer_Overflow__malloc_rand_10.c	36
/home/swlab-jueon/swvul/tools/java-vuln-detection/slicing/output/CPG/c/cwe680_cpg/cwe680-250-cpg-resolved.bin	tc250_flow2	CWE680_Integer_Overflow_to_Buffer_Overflow__malloc_rand_10.c	65	CWE680_Integer_Overflow_to_Buffer_Overflow__malloc_rand_10.c	72
/home/swlab-jueon/swvul/tools/java-vuln-detection/slicing/output/CPG/c/cwe680_cpg/cwe680-250-cpg-resolved.bin	tc250_flow3	CWE680_Integer_Overflow_to_Buffer_Overflow__malloc_rand_10.c	92	CWE680_Integer_Overflow_to_Buffer_Overflow__malloc_rand_10.c	99
/home/swlab-jueon/swvul/tools/java-vuln-detection/slicing/output/CPG/c/cwe680_cpg/cwe680-251-cpg-resolved.bin	tc251_flow1	CWE680_Integer_Overflow_to_Buffer_Overflow__malloc_rand_11.c	29	CWE680_Integer_Overflow_to_Buffer_Overflow__malloc_rand_11.c	36
/home/swlab-jueon/swvul/tools/java-vuln-detection/slicing/output/CPG/c/cwe680_cpg/cwe680-251-cpg-resolved.bin	tc251_flow2	CWE680_Integer_Overflow_to_Buffer_Overflow__malloc_rand_11.c	65	CWE680_Integer_Overflow_to_Buffer_Overflow__malloc_rand_11.c	72
/home/swlab-jueon/swvul/tools/java-vuln-detection/slicing/output/CPG/c/cwe680_cpg/cwe680-251-cpg-resolved.bin	tc251_flow3	CWE680_Integer_Overflow_to_Buffer_Overflow__malloc_rand_11.c	92	CWE680_Integer_Overflow_to_Buffer_Overflow__malloc_rand_11.c	99
/home/swlab-jueon/swvul/tools/java-vuln-detection/slicing/output/CPG/c/cwe680_cpg/cwe680-252-cpg-resolved.bin	tc252_flow1	CWE680_Integer_Overflow_to_Buffer_Overflow__malloc_rand_12.c	29	CWE680_Integer_Overflow_to_Buffer_Overflow__malloc_rand_12.c	41
/home/swlab-jueon/swvul/tools/java-vuln-detection/slicing/output/CPG/c/cwe680_cpg/cwe680-252-cpg-resolved.bin	tc252_flow2	CWE680_Integer_Overflow_to_Buffer_Overflow__malloc_rand_12.c	66	CWE680_Integer_Overflow_to_Buffer_Overflow__malloc_rand_12.c	78
/home/swlab-jueon/swvul/tools/java-vuln-detection/slicing/output/CPG/c/cwe680_cpg/cwe680-253-cpg-resolved.bin	tc253_flow1	CWE680_Integer_Overflow_to_Buffer_Overflow__malloc_rand_13.c	29	CWE680_Integer_Overflow_to_Buffer_Overflow__malloc_rand_13.c	36
/home/swlab-jueon/swvul/tools/java-vuln-detection/slicing/output/CPG/c/cwe680_cpg/cwe680-253-cpg-resolved.bin	tc253_flow2	CWE680_Integer_Overflow_to_Buffer_Overflow__malloc_rand_13.c	65	CWE680_Integer_Overflow_to_Buffer_Overflow__malloc_rand_13.c	72
/home/swlab-jueon/swvul/tools/java-vuln-detection/slicing/output/CPG/c/cwe680_cpg/cwe680-253-cpg-resolved.bin	tc253_flow3	CWE680_Integer_Overflow_to_Buffer_Overflow__malloc_rand_13.c	92	CWE680_Integer_Overflow_to_Buffer_Overflow__malloc_rand_13.c	99
/home/swlab-jueon/swvul/tools/java-vuln-detection/slicing/output/CPG/c/cwe680_cpg/cwe680-254-cpg-resolved.bin	tc254_flow1	CWE680_Integer_Overflow_to_Buffer_Overflow__malloc_rand_14.c	29	CWE680_Integer_Overflow_to_Buffer_Overflow__malloc_rand_14.c	36
/home/swlab-jueon/swvul/tools/java-vuln-detection/slicing/output/CPG/c/cwe680_cpg/cwe680-254-cpg-resolved.bin	tc254_flow2	CWE680_Integer_Overflow_to_Buffer_Overflow__malloc_rand_14.c	65	CWE680_Integer_Overflow_to_Buffer_Overflow__malloc_rand_14.c	72
/home/swlab-jueon/swvul/tools/java-vuln-detection/slicing/output/CPG/c/cwe680_cpg/cwe680-254-cpg-resolved.bin	tc254_flow3	CWE680_Integer_Overflow_to_Buffer_Overflow__malloc_rand_14.c	92	CWE680_Integer_Overflow_to_Buffer_Overflow__malloc_rand_14.c	99
/home/swlab-jueon/swvul/tools/java-vuln-detection/slicing/output/CPG/c/cwe680_cpg/cwe680-255-cpg-resolved.bin	tc255_flow1	CWE680_Integer_Overflow_to_Buffer_Overflow__malloc_rand_15.c	30	CWE680_Integer_Overflow_to_Buffer_Overflow__malloc_rand_15.c	42
/home/swlab-jueon/swvul/tools/java-vuln-detection/slicing/output/CPG/c/cwe680_cpg/cwe680-255-cpg-resolved.bin	tc255_flow2	CWE680_Integer_Overflow_to_Buffer_Overflow__malloc_rand_15.c	71	CWE680_Integer_Overflow_to_Buffer_Overflow__malloc_rand_15.c	79
/home/swlab-jueon/swvul/tools/java-vuln-detection/slicing/output/CPG/c/cwe680_cpg/cwe680-255-cpg-resolved.bin	tc255_flow3	CWE680_Integer_Overflow_to_Buffer_Overflow__malloc_rand_15.c	100	CWE680_Integer_Overflow_to_Buffer_Overflow__malloc_rand_15.c	112
/home/swlab-jueon/swvul/tools/java-vuln-detection/slicing/output/CPG/c/cwe680_cpg/cwe680-256-cpg-resolved.bin	tc256_flow1	CWE680_Integer_Overflow_to_Buffer_Overflow__malloc_rand_16.c	29	CWE680_Integer_Overflow_to_Buffer_Overflow__malloc_rand_16.c	37
/home/swlab-jueon/swvul/tools/java-vuln-detection/slicing/output/CPG/c/cwe680_cpg/cwe680-256-cpg-resolved.bin	tc256_flow2	CWE680_Integer_Overflow_to_Buffer_Overflow__malloc_rand_16.c	61	CWE680_Integer_Overflow_to_Buffer_Overflow__malloc_rand_16.c	69
/home/swlab-jueon/swvul/tools/java-vuln-detection/slicing/output/CPG/c/cwe680_cpg/cwe680-257-cpg-resolved.bin	tc257_flow1	CWE680_Integer_Overflow_to_Buffer_Overflow__malloc_rand_17.c	30	CWE680_Integer_Overflow_to_Buffer_Overflow__malloc_rand_17.c	37
/home/swlab-jueon/swvul/tools/java-vuln-detection/slicing/output/CPG/c/cwe680_cpg/cwe680-257-cpg-resolved.bin	tc257_flow2	CWE680_Integer_Overflow_to_Buffer_Overflow__malloc_rand_17.c	62	CWE680_Integer_Overflow_to_Buffer_Overflow__malloc_rand_17.c	69
/home/swlab-jueon/swvul/tools/java-vuln-detection/slicing/output/CPG/c/cwe680_cpg/cwe680-258-cpg-resolved.bin	tc258_flow1	CWE680_Integer_Overflow_to_Buffer_Overflow__malloc_rand_18.c	29	CWE680_Integer_Overflow_to_Buffer_Overflow__malloc_rand_18.c	35
/home/swlab-jueon/swvul/tools/java-vuln-detection/slicing/output/CPG/c/cwe680_cpg/cwe680-258-cpg-resolved.bin	tc258_flow2	CWE680_Integer_Overflow_to_Buffer_Overflow__malloc_rand_18.c	59	CWE680_Integer_Overflow_to_Buffer_Overflow__malloc_rand_18.c	65
/home/swlab-jueon/swvul/tools/java-vuln-detection/slicing/output/CPG/c/cwe680_cpg/cwe680-259-cpg-resolved.bin	tc259_flow1	CWE680_Integer_Overflow_to_Buffer_Overflow__malloc_rand_21.c	29	CWE680_Integer_Overflow_to_Buffer_Overflow__malloc_rand_21.c	46
/home/swlab-jueon/swvul/tools/java-vuln-detection/slicing/output/CPG/c/cwe680_cpg/cwe680-259-cpg-resolved.bin	tc259_flow2	CWE680_Integer_Overflow_to_Buffer_Overflow__malloc_rand_21.c	76	CWE680_Integer_Overflow_to_Buffer_Overflow__malloc_rand_21.c	93
/home/swlab-jueon/swvul/tools/java-vuln-detection/slicing/output/CPG/c/cwe680_cpg/cwe680-259-cpg-resolved.bin	tc259_flow3	CWE680_Integer_Overflow_to_Buffer_Overflow__malloc_rand_21.c	110	CWE680_Integer_Overflow_to_Buffer_Overflow__malloc_rand_21.c	127
/home/swlab-jueon/swvul/tools/java-vuln-detection/slicing/output/CPG/c/cwe680_cpg/cwe680-260-cpg-resolved.bin	tc260_flow1	CWE680_Integer_Overflow_to_Buffer_Overflow__malloc_rand_22b.c	29	CWE680_Integer_Overflow_to_Buffer_Overflow__malloc_rand_22a.c	38
/home/swlab-jueon/swvul/tools/java-vuln-detection/slicing/output/CPG/c/cwe680_cpg/cwe680-260-cpg-resolved.bin	tc260_flow2	CWE680_Integer_Overflow_to_Buffer_Overflow__malloc_rand_22b.c	53	CWE680_Integer_Overflow_to_Buffer_Overflow__malloc_rand_22a.c	72
/home/swlab-jueon/swvul/tools/java-vuln-detection/slicing/output/CPG/c/cwe680_cpg/cwe680-260-cpg-resolved.bin	tc260_flow3	CWE680_Integer_Overflow_to_Buffer_Overflow__malloc_rand_22b.c	64	CWE680_Integer_Overflow_to_Buffer_Overflow__malloc_rand_22a.c	98
/home/swlab-jueon/swvul/tools/java-vuln-detection/slicing/output/CPG/c/cwe680_cpg/cwe680-261-cpg-resolved.bin	tc261_flow1	CWE680_Integer_Overflow_to_Buffer_Overflow__malloc_rand_31.c	27	CWE680_Integer_Overflow_to_Buffer_Overflow__malloc_rand_31.c	36
/home/swlab-jueon/swvul/tools/java-vuln-detection/slicing/output/CPG/c/cwe680_cpg/cwe680-261-cpg-resolved.bin	tc261_flow2	CWE680_Integer_Overflow_to_Buffer_Overflow__malloc_rand_31.c	59	CWE680_Integer_Overflow_to_Buffer_Overflow__malloc_rand_31.c	68
/home/swlab-jueon/swvul/tools/java-vuln-detection/slicing/output/CPG/c/cwe680_cpg/cwe680-262-cpg-resolved.bin	tc262_flow1	CWE680_Integer_Overflow_to_Buffer_Overflow__malloc_rand_32.c	31	CWE680_Integer_Overflow_to_Buffer_Overflow__malloc_rand_32.c	41
/home/swlab-jueon/swvul/tools/java-vuln-detection/slicing/output/CPG/c/cwe680_cpg/cwe680-262-cpg-resolved.bin	tc262_flow2	CWE680_Integer_Overflow_to_Buffer_Overflow__malloc_rand_32.c	68	CWE680_Integer_Overflow_to_Buffer_Overflow__malloc_rand_32.c	78
/home/swlab-jueon/swvul/tools/java-vuln-detection/slicing/output/CPG/c/cwe680_cpg/cwe680-263-cpg-resolved.bin	tc263_flow1	CWE680_Integer_Overflow_to_Buffer_Overflow__malloc_rand_33.cpp	31	CWE680_Integer_Overflow_to_Buffer_Overflow__malloc_rand_33.cpp	39
/home/swlab-jueon/swvul/tools/java-vuln-detection/slicing/output/CPG/c/cwe680_cpg/cwe680-263-cpg-resolved.bin	tc263_flow2	CWE680_Integer_Overflow_to_Buffer_Overflow__malloc_rand_33.cpp	63	CWE680_Integer_Overflow_to_Buffer_Overflow__malloc_rand_33.cpp	71
/home/swlab-jueon/swvul/tools/java-vuln-detection/slicing/output/CPG/c/cwe680_cpg/cwe680-264-cpg-resolved.bin	tc264_flow1	CWE680_Integer_Overflow_to_Buffer_Overflow__malloc_rand_34.c	34	CWE680_Integer_Overflow_to_Buffer_Overflow__malloc_rand_34.c	43
/home/swlab-jueon/swvul/tools/java-vuln-detection/slicing/output/CPG/c/cwe680_cpg/cwe680-264-cpg-resolved.bin	tc264_flow2	CWE680_Integer_Overflow_to_Buffer_Overflow__malloc_rand_34.c	67	CWE680_Integer_Overflow_to_Buffer_Overflow__malloc_rand_34.c	76
/home/swlab-jueon/swvul/tools/java-vuln-detection/slicing/output/CPG/c/cwe680_cpg/cwe680-265-cpg-resolved.bin	tc265_flow1	CWE680_Integer_Overflow_to_Buffer_Overflow__malloc_rand_41.c	45	CWE680_Integer_Overflow_to_Buffer_Overflow__malloc_rand_41.c	28
/home/swlab-jueon/swvul/tools/java-vuln-detection/slicing/output/CPG/c/cwe680_cpg/cwe680-265-cpg-resolved.bin	tc265_flow2	CWE680_Integer_Overflow_to_Buffer_Overflow__malloc_rand_41.c	78	CWE680_Integer_Overflow_to_Buffer_Overflow__malloc_rand_41.c	60
/home/swlab-jueon/swvul/tools/java-vuln-detection/slicing/output/CPG/c/cwe680_cpg/cwe680-266-cpg-resolved.bin	tc266_flow1	CWE680_Integer_Overflow_to_Buffer_Overflow__malloc_rand_42.c	24	CWE680_Integer_Overflow_to_Buffer_Overflow__malloc_rand_42.c	39
/home/swlab-jueon/swvul/tools/java-vuln-detection/slicing/output/CPG/c/cwe680_cpg/cwe680-266-cpg-resolved.bin	tc266_flow2	CWE680_Integer_Overflow_to_Buffer_Overflow__malloc_rand_42.c	57	CWE680_Integer_Overflow_to_Buffer_Overflow__malloc_rand_42.c	73
/home/swlab-jueon/swvul/tools/java-vuln-detection/slicing/output/CPG/c/cwe680_cpg/cwe680-267-cpg-resolved.bin	tc267_flow1	CWE680_Integer_Overflow_to_Buffer_Overflow__malloc_rand_43.cpp	27	CWE680_Integer_Overflow_to_Buffer_Overflow__malloc_rand_43.cpp	41
/home/swlab-jueon/swvul/tools/java-vuln-detection/slicing/output/CPG/c/cwe680_cpg/cwe680-267-cpg-resolved.bin	tc267_flow2	CWE680_Integer_Overflow_to_Buffer_Overflow__malloc_rand_43.cpp	60	CWE680_Integer_Overflow_to_Buffer_Overflow__malloc_rand_43.cpp	74
/home/swlab-jueon/swvul/tools/java-vuln-detection/slicing/output/CPG/c/cwe680_cpg/cwe680-268-cpg-resolved.bin	tc268_flow1	CWE680_Integer_Overflow_to_Buffer_Overflow__malloc_rand_44.c	47	CWE680_Integer_Overflow_to_Buffer_Overflow__malloc_rand_44.c	28
/home/swlab-jueon/swvul/tools/java-vuln-detection/slicing/output/CPG/c/cwe680_cpg/cwe680-268-cpg-resolved.bin	tc268_flow2	CWE680_Integer_Overflow_to_Buffer_Overflow__malloc_rand_44.c	82	CWE680_Integer_Overflow_to_Buffer_Overflow__malloc_rand_44.c	64
/home/swlab-jueon/swvul/tools/java-vuln-detection/slicing/output/CPG/c/cwe680_cpg/cwe680-269-cpg-resolved.bin	tc269_flow1	CWE680_Integer_Overflow_to_Buffer_Overflow__malloc_rand_45.c	49	CWE680_Integer_Overflow_to_Buffer_Overflow__malloc_rand_45.c	32
/home/swlab-jueon/swvul/tools/java-vuln-detection/slicing/output/CPG/c/cwe680_cpg/cwe680-269-cpg-resolved.bin	tc269_flow2	CWE680_Integer_Overflow_to_Buffer_Overflow__malloc_rand_45.c	84	CWE680_Integer_Overflow_to_Buffer_Overflow__malloc_rand_45.c	67
/home/swlab-jueon/swvul/tools/java-vuln-detection/slicing/output/CPG/c/cwe680_cpg/cwe680-270-cpg-resolved.bin	tc270_flow1	CWE680_Integer_Overflow_to_Buffer_Overflow__malloc_rand_51a.c	30	CWE680_Integer_Overflow_to_Buffer_Overflow__malloc_rand_51b.c	30
/home/swlab-jueon/swvul/tools/java-vuln-detection/slicing/output/CPG/c/cwe680_cpg/cwe680-270-cpg-resolved.bin	tc270_flow2	CWE680_Integer_Overflow_to_Buffer_Overflow__malloc_rand_51a.c	48	CWE680_Integer_Overflow_to_Buffer_Overflow__malloc_rand_51b.c	53
/home/swlab-jueon/swvul/tools/java-vuln-detection/slicing/output/CPG/c/cwe680_cpg/cwe680-271-cpg-resolved.bin	tc271_flow1	CWE680_Integer_Overflow_to_Buffer_Overflow__malloc_rand_52a.c	30	CWE680_Integer_Overflow_to_Buffer_Overflow__malloc_rand_52c.c	30
/home/swlab-jueon/swvul/tools/java-vuln-detection/slicing/output/CPG/c/cwe680_cpg/cwe680-271-cpg-resolved.bin	tc271_flow2	CWE680_Integer_Overflow_to_Buffer_Overflow__malloc_rand_52a.c	48	CWE680_Integer_Overflow_to_Buffer_Overflow__malloc_rand_52c.c	53
/home/swlab-jueon/swvul/tools/java-vuln-detection/slicing/output/CPG/c/cwe680_cpg/cwe680-272-cpg-resolved.bin	tc272_flow1	CWE680_Integer_Overflow_to_Buffer_Overflow__malloc_rand_53a.c	30	CWE680_Integer_Overflow_to_Buffer_Overflow__malloc_rand_53d.c	30
/home/swlab-jueon/swvul/tools/java-vuln-detection/slicing/output/CPG/c/cwe680_cpg/cwe680-272-cpg-resolved.bin	tc272_flow2	CWE680_Integer_Overflow_to_Buffer_Overflow__malloc_rand_53a.c	48	CWE680_Integer_Overflow_to_Buffer_Overflow__malloc_rand_53d.c	53
/home/swlab-jueon/swvul/tools/java-vuln-detection/slicing/output/CPG/c/cwe680_cpg/cwe680-273-cpg-resolved.bin	tc273_flow1	CWE680_Integer_Overflow_to_Buffer_Overflow__malloc_rand_54a.c	30	CWE680_Integer_Overflow_to_Buffer_Overflow__malloc_rand_54e.c	30
/home/swlab-jueon/swvul/tools/java-vuln-detection/slicing/output/CPG/c/cwe680_cpg/cwe680-273-cpg-resolved.bin	tc273_flow2	CWE680_Integer_Overflow_to_Buffer_Overflow__malloc_rand_54a.c	48	CWE680_Integer_Overflow_to_Buffer_Overflow__malloc_rand_54e.c	53
/home/swlab-jueon/swvul/tools/java-vuln-detection/slicing/output/CPG/c/cwe680_cpg/cwe680-274-cpg-resolved.bin	tc274_flow1	CWE680_Integer_Overflow_to_Buffer_Overflow__malloc_rand_61b.c	24	CWE680_Integer_Overflow_to_Buffer_Overflow__malloc_rand_61a.c	35
/home/swlab-jueon/swvul/tools/java-vuln-detection/slicing/output/CPG/c/cwe680_cpg/cwe680-274-cpg-resolved.bin	tc274_flow2	CWE680_Integer_Overflow_to_Buffer_Overflow__malloc_rand_61b.c	36	CWE680_Integer_Overflow_to_Buffer_Overflow__malloc_rand_61a.c	64
/home/swlab-jueon/swvul/tools/java-vuln-detection/slicing/output/CPG/c/cwe680_cpg/cwe680-275-cpg-resolved.bin	tc275_flow1	CWE680_Integer_Overflow_to_Buffer_Overflow__malloc_rand_62b.cpp	27	CWE680_Integer_Overflow_to_Buffer_Overflow__malloc_rand_62a.cpp	38
/home/swlab-jueon/swvul/tools/java-vuln-detection/slicing/output/CPG/c/cwe680_cpg/cwe680-275-cpg-resolved.bin	tc275_flow2	CWE680_Integer_Overflow_to_Buffer_Overflow__malloc_rand_62b.cpp	38	CWE680_Integer_Overflow_to_Buffer_Overflow__malloc_rand_62a.cpp	67
/home/swlab-jueon/swvul/tools/java-vuln-detection/slicing/output/CPG/c/cwe680_cpg/cwe680-276-cpg-resolved.bin	tc276_flow1	CWE680_Integer_Overflow_to_Buffer_Overflow__malloc_rand_63a.c	30	CWE680_Integer_Overflow_to_Buffer_Overflow__malloc_rand_63b.c	29
/home/swlab-jueon/swvul/tools/java-vuln-detection/slicing/output/CPG/c/cwe680_cpg/cwe680-276-cpg-resolved.bin	tc276_flow2	CWE680_Integer_Overflow_to_Buffer_Overflow__malloc_rand_63a.c	47	CWE680_Integer_Overflow_to_Buffer_Overflow__malloc_rand_63b.c	53
/home/swlab-jueon/swvul/tools/java-vuln-detection/slicing/output/CPG/c/cwe680_cpg/cwe680-277-cpg-resolved.bin	tc277_flow1	CWE680_Integer_Overflow_to_Buffer_Overflow__malloc_rand_64a.c	30	CWE680_Integer_Overflow_to_Buffer_Overflow__malloc_rand_64b.c	32
/home/swlab-jueon/swvul/tools/java-vuln-detection/slicing/output/CPG/c/cwe680_cpg/cwe680-277-cpg-resolved.bin	tc277_flow2	CWE680_Integer_Overflow_to_Buffer_Overflow__malloc_rand_64a.c	47	CWE680_Integer_Overflow_to_Buffer_Overflow__malloc_rand_64b.c	59
/home/swlab-jueon/swvul/tools/java-vuln-detection/slicing/output/CPG/c/cwe680_cpg/cwe680-278-cpg-resolved.bin	tc278_flow1	CWE680_Integer_Overflow_to_Buffer_Overflow__malloc_rand_65a.c	32	CWE680_Integer_Overflow_to_Buffer_Overflow__malloc_rand_65b.c	28
/home/swlab-jueon/swvul/tools/java-vuln-detection/slicing/output/CPG/c/cwe680_cpg/cwe680-278-cpg-resolved.bin	tc278_flow2	CWE680_Integer_Overflow_to_Buffer_Overflow__malloc_rand_65a.c	51	CWE680_Integer_Overflow_to_Buffer_Overflow__malloc_rand_65b.c	51
/home/swlab-jueon/swvul/tools/java-vuln-detection/slicing/output/CPG/c/cwe680_cpg/cwe680-279-cpg-resolved.bin	tc279_flow1	CWE680_Integer_Overflow_to_Buffer_Overflow__malloc_rand_66a.c	31	CWE680_Integer_Overflow_to_Buffer_Overflow__malloc_rand_66b.c	30
/home/swlab-jueon/swvul/tools/java-vuln-detection/slicing/output/CPG/c/cwe680_cpg/cwe680-279-cpg-resolved.bin	tc279_flow2	CWE680_Integer_Overflow_to_Buffer_Overflow__malloc_rand_66a.c	51	CWE680_Integer_Overflow_to_Buffer_Overflow__malloc_rand_66b.c	54
/home/swlab-jueon/swvul/tools/java-vuln-detection/slicing/output/CPG/c/cwe680_cpg/cwe680-280-cpg-resolved.bin	tc280_flow1	CWE680_Integer_Overflow_to_Buffer_Overflow__malloc_rand_67a.c	36	CWE680_Integer_Overflow_to_Buffer_Overflow__malloc_rand_67b.c	34
/home/swlab-jueon/swvul/tools/java-vuln-detection/slicing/output/CPG/c/cwe680_cpg/cwe680-280-cpg-resolved.bin	tc280_flow2	CWE680_Integer_Overflow_to_Buffer_Overflow__malloc_rand_67a.c	55	CWE680_Integer_Overflow_to_Buffer_Overflow__malloc_rand_67b.c	58
/home/swlab-jueon/swvul/tools/java-vuln-detection/slicing/output/CPG/c/cwe680_cpg/cwe680-281-cpg-resolved.bin	tc281_flow1	CWE680_Integer_Overflow_to_Buffer_Overflow__malloc_rand_68a.c	33	CWE680_Integer_Overflow_to_Buffer_Overflow__malloc_rand_68b.c	34
/home/swlab-jueon/swvul/tools/java-vuln-detection/slicing/output/CPG/c/cwe680_cpg/cwe680-281-cpg-resolved.bin	tc281_flow2	CWE680_Integer_Overflow_to_Buffer_Overflow__malloc_rand_68a.c	52	CWE680_Integer_Overflow_to_Buffer_Overflow__malloc_rand_68b.c	58
/home/swlab-jueon/swvul/tools/java-vuln-detection/slicing/output/CPG/c/cwe680_cpg/cwe680-282-cpg-resolved.bin	tc282_flow1	CWE680_Integer_Overflow_to_Buffer_Overflow__malloc_rand_72a.cpp	37	CWE680_Integer_Overflow_to_Buffer_Overflow__malloc_rand_72b.cpp	36
/home/swlab-jueon/swvul/tools/java-vuln-detection/slicing/output/CPG/c/cwe680_cpg/cwe680-282-cpg-resolved.bin	tc282_flow2	CWE680_Integer_Overflow_to_Buffer_Overflow__malloc_rand_72a.cpp	61	CWE680_Integer_Overflow_to_Buffer_Overflow__malloc_rand_72b.cpp	60
/home/swlab-jueon/swvul/tools/java-vuln-detection/slicing/output/CPG/c/cwe680_cpg/cwe680-283-cpg-resolved.bin	tc283_flow1	CWE680_Integer_Overflow_to_Buffer_Overflow__malloc_rand_73a.cpp	37	CWE680_Integer_Overflow_to_Buffer_Overflow__malloc_rand_73b.cpp	36
/home/swlab-jueon/swvul/tools/java-vuln-detection/slicing/output/CPG/c/cwe680_cpg/cwe680-283-cpg-resolved.bin	tc283_flow2	CWE680_Integer_Overflow_to_Buffer_Overflow__malloc_rand_73a.cpp	61	CWE680_Integer_Overflow_to_Buffer_Overflow__malloc_rand_73b.cpp	60
/home/swlab-jueon/swvul/tools/java-vuln-detection/slicing/output/CPG/c/cwe680_cpg/cwe680-284-cpg-resolved.bin	tc284_flow1	CWE680_Integer_Overflow_to_Buffer_Overflow__malloc_rand_74a.cpp	37	CWE680_Integer_Overflow_to_Buffer_Overflow__malloc_rand_74b.cpp	36
/home/swlab-jueon/swvul/tools/java-vuln-detection/slicing/output/CPG/c/cwe680_cpg/cwe680-284-cpg-resolved.bin	tc284_flow2	CWE680_Integer_Overflow_to_Buffer_Overflow__malloc_rand_74a.cpp	61	CWE680_Integer_Overflow_to_Buffer_Overflow__malloc_rand_74b.cpp	60
/home/swlab-jueon/swvul/tools/java-vuln-detection/slicing/output/CPG/c/cwe680_cpg/cwe680-285-cpg-resolved.bin	tc285_flow1	CWE680_Integer_Overflow_to_Buffer_Overflow__malloc_rand_81a.cpp	31	CWE680_Integer_Overflow_to_Buffer_Overflow__malloc_rand_81_bad.cpp	31
/home/swlab-jueon/swvul/tools/java-vuln-detection/slicing/output/CPG/c/cwe680_cpg/cwe680-285-cpg-resolved.bin	tc285_flow2	CWE680_Integer_Overflow_to_Buffer_Overflow__malloc_rand_81a.cpp	47	CWE680_Integer_Overflow_to_Buffer_Overflow__malloc_rand_81_goodG2B.cpp	31
/home/swlab-jueon/swvul/tools/java-vuln-detection/slicing/output/CPG/c/cwe680_cpg/cwe680-286-cpg-resolved.bin	tc286_flow1	CWE680_Integer_Overflow_to_Buffer_Overflow__malloc_rand_82a.cpp	31	CWE680_Integer_Overflow_to_Buffer_Overflow__malloc_rand_82_bad.cpp	31
/home/swlab-jueon/swvul/tools/java-vuln-detection/slicing/output/CPG/c/cwe680_cpg/cwe680-286-cpg-resolved.bin	tc286_flow2	CWE680_Integer_Overflow_to_Buffer_Overflow__malloc_rand_82a.cpp	48	CWE680_Integer_Overflow_to_Buffer_Overflow__malloc_rand_82_goodG2B.cpp	31
/home/swlab-jueon/swvul/tools/java-vuln-detection/slicing/output/CPG/c/cwe680_cpg/cwe680-287-cpg-resolved.bin	tc287_flow1	CWE680_Integer_Overflow_to_Buffer_Overflow__malloc_rand_83_bad.cpp	27	CWE680_Integer_Overflow_to_Buffer_Overflow__malloc_rand_83_bad.cpp	37
/home/swlab-jueon/swvul/tools/java-vuln-detection/slicing/output/CPG/c/cwe680_cpg/cwe680-287-cpg-resolved.bin	tc287_flow2	CWE680_Integer_Overflow_to_Buffer_Overflow__malloc_rand_83_goodG2B.cpp	27	CWE680_Integer_Overflow_to_Buffer_Overflow__malloc_rand_83_goodG2B.cpp	37
/home/swlab-jueon/swvul/tools/java-vuln-detection/slicing/output/CPG/c/cwe680_cpg/cwe680-288-cpg-resolved.bin	tc288_flow1	CWE680_Integer_Overflow_to_Buffer_Overflow__malloc_rand_84_bad.cpp	27	CWE680_Integer_Overflow_to_Buffer_Overflow__malloc_rand_84_bad.cpp	37
/home/swlab-jueon/swvul/tools/java-vuln-detection/slicing/output/CPG/c/cwe680_cpg/cwe680-288-cpg-resolved.bin	tc288_flow2	CWE680_Integer_Overflow_to_Buffer_Overflow__malloc_rand_84_goodG2B.cpp	27	CWE680_Integer_Overflow_to_Buffer_Overflow__malloc_rand_84_goodG2B.cpp	37
/home/swlab-jueon/swvul/tools/java-vuln-detection/slicing/output/CPG/c/cwe680_cpg/cwe680-289-cpg-resolved.bin	tc289_flow1	CWE680_Integer_Overflow_to_Buffer_Overflow__new_connect_socket_01.cpp	70	CWE680_Integer_Overflow_to_Buffer_Overflow__new_connect_socket_01.cpp	111
/home/swlab-jueon/swvul/tools/java-vuln-detection/slicing/output/CPG/c/cwe680_cpg/cwe680-289-cpg-resolved.bin	tc289_flow2	CWE680_Integer_Overflow_to_Buffer_Overflow__new_connect_socket_01.cpp	133	CWE680_Integer_Overflow_to_Buffer_Overflow__new_connect_socket_01.cpp	138
/home/swlab-jueon/swvul/tools/java-vuln-detection/slicing/output/CPG/c/cwe680_cpg/cwe680-290-cpg-resolved.bin	tc290_flow1	CWE680_Integer_Overflow_to_Buffer_Overflow__new_connect_socket_02.cpp	72	CWE680_Integer_Overflow_to_Buffer_Overflow__new_connect_socket_02.cpp	114
/home/swlab-jueon/swvul/tools/java-vuln-detection/slicing/output/CPG/c/cwe680_cpg/cwe680-290-cpg-resolved.bin	tc290_flow2	CWE680_Integer_Overflow_to_Buffer_Overflow__new_connect_socket_02.cpp	143	CWE680_Integer_Overflow_to_Buffer_Overflow__new_connect_socket_02.cpp	149
/home/swlab-jueon/swvul/tools/java-vuln-detection/slicing/output/CPG/c/cwe680_cpg/cwe680-290-cpg-resolved.bin	tc290_flow3	CWE680_Integer_Overflow_to_Buffer_Overflow__new_connect_socket_02.cpp	169	CWE680_Integer_Overflow_to_Buffer_Overflow__new_connect_socket_02.cpp	175
/home/swlab-jueon/swvul/tools/java-vuln-detection/slicing/output/CPG/c/cwe680_cpg/cwe680-291-cpg-resolved.bin	tc291_flow1	CWE680_Integer_Overflow_to_Buffer_Overflow__new_connect_socket_03.cpp	72	CWE680_Integer_Overflow_to_Buffer_Overflow__new_connect_socket_03.cpp	114
/home/swlab-jueon/swvul/tools/java-vuln-detection/slicing/output/CPG/c/cwe680_cpg/cwe680-291-cpg-resolved.bin	tc291_flow2	CWE680_Integer_Overflow_to_Buffer_Overflow__new_connect_socket_03.cpp	143	CWE680_Integer_Overflow_to_Buffer_Overflow__new_connect_socket_03.cpp	149
/home/swlab-jueon/swvul/tools/java-vuln-detection/slicing/output/CPG/c/cwe680_cpg/cwe680-291-cpg-resolved.bin	tc291_flow3	CWE680_Integer_Overflow_to_Buffer_Overflow__new_connect_socket_03.cpp	169	CWE680_Integer_Overflow_to_Buffer_Overflow__new_connect_socket_03.cpp	175
/home/swlab-jueon/swvul/tools/java-vuln-detection/slicing/output/CPG/c/cwe680_cpg/cwe680-292-cpg-resolved.bin	tc292_flow1	CWE680_Integer_Overflow_to_Buffer_Overflow__new_connect_socket_04.cpp	78	CWE680_Integer_Overflow_to_Buffer_Overflow__new_connect_socket_04.cpp	120
/home/swlab-jueon/swvul/tools/java-vuln-detection/slicing/output/CPG/c/cwe680_cpg/cwe680-292-cpg-resolved.bin	tc292_flow2	CWE680_Integer_Overflow_to_Buffer_Overflow__new_connect_socket_04.cpp	149	CWE680_Integer_Overflow_to_Buffer_Overflow__new_connect_socket_04.cpp	155
/home/swlab-jueon/swvul/tools/java-vuln-detection/slicing/output/CPG/c/cwe680_cpg/cwe680-292-cpg-resolved.bin	tc292_flow3	CWE680_Integer_Overflow_to_Buffer_Overflow__new_connect_socket_04.cpp	175	CWE680_Integer_Overflow_to_Buffer_Overflow__new_connect_socket_04.cpp	181
/home/swlab-jueon/swvul/tools/java-vuln-detection/slicing/output/CPG/c/cwe680_cpg/cwe680-293-cpg-resolved.bin	tc293_flow1	CWE680_Integer_Overflow_to_Buffer_Overflow__new_connect_socket_05.cpp	78	CWE680_Integer_Overflow_to_Buffer_Overflow__new_connect_socket_05.cpp	120
/home/swlab-jueon/swvul/tools/java-vuln-detection/slicing/output/CPG/c/cwe680_cpg/cwe680-293-cpg-resolved.bin	tc293_flow2	CWE680_Integer_Overflow_to_Buffer_Overflow__new_connect_socket_05.cpp	149	CWE680_Integer_Overflow_to_Buffer_Overflow__new_connect_socket_05.cpp	155
/home/swlab-jueon/swvul/tools/java-vuln-detection/slicing/output/CPG/c/cwe680_cpg/cwe680-293-cpg-resolved.bin	tc293_flow3	CWE680_Integer_Overflow_to_Buffer_Overflow__new_connect_socket_05.cpp	175	CWE680_Integer_Overflow_to_Buffer_Overflow__new_connect_socket_05.cpp	181
/home/swlab-jueon/swvul/tools/java-vuln-detection/slicing/output/CPG/c/cwe680_cpg/cwe680-294-cpg-resolved.bin	tc294_flow1	CWE680_Integer_Overflow_to_Buffer_Overflow__new_connect_socket_06.cpp	77	CWE680_Integer_Overflow_to_Buffer_Overflow__new_connect_socket_06.cpp	119
/home/swlab-jueon/swvul/tools/java-vuln-detection/slicing/output/CPG/c/cwe680_cpg/cwe680-294-cpg-resolved.bin	tc294_flow2	CWE680_Integer_Overflow_to_Buffer_Overflow__new_connect_socket_06.cpp	148	CWE680_Integer_Overflow_to_Buffer_Overflow__new_connect_socket_06.cpp	154
/home/swlab-jueon/swvul/tools/java-vuln-detection/slicing/output/CPG/c/cwe680_cpg/cwe680-294-cpg-resolved.bin	tc294_flow3	CWE680_Integer_Overflow_to_Buffer_Overflow__new_connect_socket_06.cpp	174	CWE680_Integer_Overflow_to_Buffer_Overflow__new_connect_socket_06.cpp	180
/home/swlab-jueon/swvul/tools/java-vuln-detection/slicing/output/CPG/c/cwe680_cpg/cwe680-295-cpg-resolved.bin	tc295_flow1	CWE680_Integer_Overflow_to_Buffer_Overflow__new_connect_socket_07.cpp	77	CWE680_Integer_Overflow_to_Buffer_Overflow__new_connect_socket_07.cpp	119
/home/swlab-jueon/swvul/tools/java-vuln-detection/slicing/output/CPG/c/cwe680_cpg/cwe680-295-cpg-resolved.bin	tc295_flow2	CWE680_Integer_Overflow_to_Buffer_Overflow__new_connect_socket_07.cpp	148	CWE680_Integer_Overflow_to_Buffer_Overflow__new_connect_socket_07.cpp	154
/home/swlab-jueon/swvul/tools/java-vuln-detection/slicing/output/CPG/c/cwe680_cpg/cwe680-295-cpg-resolved.bin	tc295_flow3	CWE680_Integer_Overflow_to_Buffer_Overflow__new_connect_socket_07.cpp	174	CWE680_Integer_Overflow_to_Buffer_Overflow__new_connect_socket_07.cpp	180
/home/swlab-jueon/swvul/tools/java-vuln-detection/slicing/output/CPG/c/cwe680_cpg/cwe680-296-cpg-resolved.bin	tc296_flow1	CWE680_Integer_Overflow_to_Buffer_Overflow__new_connect_socket_08.cpp	85	CWE680_Integer_Overflow_to_Buffer_Overflow__new_connect_socket_08.cpp	127
/home/swlab-jueon/swvul/tools/java-vuln-detection/slicing/output/CPG/c/cwe680_cpg/cwe680-296-cpg-resolved.bin	tc296_flow2	CWE680_Integer_Overflow_to_Buffer_Overflow__new_connect_socket_08.cpp	156	CWE680_Integer_Overflow_to_Buffer_Overflow__new_connect_socket_08.cpp	162
/home/swlab-jueon/swvul/tools/java-vuln-detection/slicing/output/CPG/c/cwe680_cpg/cwe680-296-cpg-resolved.bin	tc296_flow3	CWE680_Integer_Overflow_to_Buffer_Overflow__new_connect_socket_08.cpp	182	CWE680_Integer_Overflow_to_Buffer_Overflow__new_connect_socket_08.cpp	188
/home/swlab-jueon/swvul/tools/java-vuln-detection/slicing/output/CPG/c/cwe680_cpg/cwe680-297-cpg-resolved.bin	tc297_flow1	CWE680_Integer_Overflow_to_Buffer_Overflow__new_connect_socket_09.cpp	72	CWE680_Integer_Overflow_to_Buffer_Overflow__new_connect_socket_09.cpp	114
/home/swlab-jueon/swvul/tools/java-vuln-detection/slicing/output/CPG/c/cwe680_cpg/cwe680-297-cpg-resolved.bin	tc297_flow2	CWE680_Integer_Overflow_to_Buffer_Overflow__new_connect_socket_09.cpp	143	CWE680_Integer_Overflow_to_Buffer_Overflow__new_connect_socket_09.cpp	149
/home/swlab-jueon/swvul/tools/java-vuln-detection/slicing/output/CPG/c/cwe680_cpg/cwe680-297-cpg-resolved.bin	tc297_flow3	CWE680_Integer_Overflow_to_Buffer_Overflow__new_connect_socket_09.cpp	169	CWE680_Integer_Overflow_to_Buffer_Overflow__new_connect_socket_09.cpp	175
/home/swlab-jueon/swvul/tools/java-vuln-detection/slicing/output/CPG/c/cwe680_cpg/cwe680-298-cpg-resolved.bin	tc298_flow1	CWE680_Integer_Overflow_to_Buffer_Overflow__new_connect_socket_10.cpp	72	CWE680_Integer_Overflow_to_Buffer_Overflow__new_connect_socket_10.cpp	114
/home/swlab-jueon/swvul/tools/java-vuln-detection/slicing/output/CPG/c/cwe680_cpg/cwe680-298-cpg-resolved.bin	tc298_flow2	CWE680_Integer_Overflow_to_Buffer_Overflow__new_connect_socket_10.cpp	143	CWE680_Integer_Overflow_to_Buffer_Overflow__new_connect_socket_10.cpp	149
/home/swlab-jueon/swvul/tools/java-vuln-detection/slicing/output/CPG/c/cwe680_cpg/cwe680-298-cpg-resolved.bin	tc298_flow3	CWE680_Integer_Overflow_to_Buffer_Overflow__new_connect_socket_10.cpp	169	CWE680_Integer_Overflow_to_Buffer_Overflow__new_connect_socket_10.cpp	175
/home/swlab-jueon/swvul/tools/java-vuln-detection/slicing/output/CPG/c/cwe680_cpg/cwe680-299-cpg-resolved.bin	tc299_flow1	CWE680_Integer_Overflow_to_Buffer_Overflow__new_connect_socket_11.cpp	72	CWE680_Integer_Overflow_to_Buffer_Overflow__new_connect_socket_11.cpp	114
/home/swlab-jueon/swvul/tools/java-vuln-detection/slicing/output/CPG/c/cwe680_cpg/cwe680-299-cpg-resolved.bin	tc299_flow2	CWE680_Integer_Overflow_to_Buffer_Overflow__new_connect_socket_11.cpp	143	CWE680_Integer_Overflow_to_Buffer_Overflow__new_connect_socket_11.cpp	149
/home/swlab-jueon/swvul/tools/java-vuln-detection/slicing/output/CPG/c/cwe680_cpg/cwe680-299-cpg-resolved.bin	tc299_flow3	CWE680_Integer_Overflow_to_Buffer_Overflow__new_connect_socket_11.cpp	169	CWE680_Integer_Overflow_to_Buffer_Overflow__new_connect_socket_11.cpp	175
/home/swlab-jueon/swvul/tools/java-vuln-detection/slicing/output/CPG/c/cwe680_cpg/cwe680-300-cpg-resolved.bin	tc300_flow1	CWE680_Integer_Overflow_to_Buffer_Overflow__new_connect_socket_12.cpp	72	CWE680_Integer_Overflow_to_Buffer_Overflow__new_connect_socket_12.cpp	119
/home/swlab-jueon/swvul/tools/java-vuln-detection/slicing/output/CPG/c/cwe680_cpg/cwe680-300-cpg-resolved.bin	tc300_flow2	CWE680_Integer_Overflow_to_Buffer_Overflow__new_connect_socket_12.cpp	144	CWE680_Integer_Overflow_to_Buffer_Overflow__new_connect_socket_12.cpp	155
/home/swlab-jueon/swvul/tools/java-vuln-detection/slicing/output/CPG/c/cwe680_cpg/cwe680-301-cpg-resolved.bin	tc301_flow1	CWE680_Integer_Overflow_to_Buffer_Overflow__new_connect_socket_13.cpp	72	CWE680_Integer_Overflow_to_Buffer_Overflow__new_connect_socket_13.cpp	114
/home/swlab-jueon/swvul/tools/java-vuln-detection/slicing/output/CPG/c/cwe680_cpg/cwe680-301-cpg-resolved.bin	tc301_flow2	CWE680_Integer_Overflow_to_Buffer_Overflow__new_connect_socket_13.cpp	143	CWE680_Integer_Overflow_to_Buffer_Overflow__new_connect_socket_13.cpp	149
/home/swlab-jueon/swvul/tools/java-vuln-detection/slicing/output/CPG/c/cwe680_cpg/cwe680-301-cpg-resolved.bin	tc301_flow3	CWE680_Integer_Overflow_to_Buffer_Overflow__new_connect_socket_13.cpp	169	CWE680_Integer_Overflow_to_Buffer_Overflow__new_connect_socket_13.cpp	175
/home/swlab-jueon/swvul/tools/java-vuln-detection/slicing/output/CPG/c/cwe680_cpg/cwe680-302-cpg-resolved.bin	tc302_flow1	CWE680_Integer_Overflow_to_Buffer_Overflow__new_connect_socket_14.cpp	72	CWE680_Integer_Overflow_to_Buffer_Overflow__new_connect_socket_14.cpp	114
/home/swlab-jueon/swvul/tools/java-vuln-detection/slicing/output/CPG/c/cwe680_cpg/cwe680-302-cpg-resolved.bin	tc302_flow2	CWE680_Integer_Overflow_to_Buffer_Overflow__new_connect_socket_14.cpp	143	CWE680_Integer_Overflow_to_Buffer_Overflow__new_connect_socket_14.cpp	149
/home/swlab-jueon/swvul/tools/java-vuln-detection/slicing/output/CPG/c/cwe680_cpg/cwe680-302-cpg-resolved.bin	tc302_flow3	CWE680_Integer_Overflow_to_Buffer_Overflow__new_connect_socket_14.cpp	169	CWE680_Integer_Overflow_to_Buffer_Overflow__new_connect_socket_14.cpp	175
/home/swlab-jueon/swvul/tools/java-vuln-detection/slicing/output/CPG/c/cwe680_cpg/cwe680-303-cpg-resolved.bin	tc303_flow1	CWE680_Integer_Overflow_to_Buffer_Overflow__new_connect_socket_15.cpp	73	CWE680_Integer_Overflow_to_Buffer_Overflow__new_connect_socket_15.cpp	120
/home/swlab-jueon/swvul/tools/java-vuln-detection/slicing/output/CPG/c/cwe680_cpg/cwe680-303-cpg-resolved.bin	tc303_flow2	CWE680_Integer_Overflow_to_Buffer_Overflow__new_connect_socket_15.cpp	149	CWE680_Integer_Overflow_to_Buffer_Overflow__new_connect_socket_15.cpp	156
/home/swlab-jueon/swvul/tools/java-vuln-detection/slicing/output/CPG/c/cwe680_cpg/cwe680-303-cpg-resolved.bin	tc303_flow3	CWE680_Integer_Overflow_to_Buffer_Overflow__new_connect_socket_15.cpp	177	CWE680_Integer_Overflow_to_Buffer_Overflow__new_connect_socket_15.cpp	188
/home/swlab-jueon/swvul/tools/java-vuln-detection/slicing/output/CPG/c/cwe680_cpg/cwe680-304-cpg-resolved.bin	tc304_flow1	CWE680_Integer_Overflow_to_Buffer_Overflow__new_connect_socket_16.cpp	72	CWE680_Integer_Overflow_to_Buffer_Overflow__new_connect_socket_16.cpp	115
/home/swlab-jueon/swvul/tools/java-vuln-detection/slicing/output/CPG/c/cwe680_cpg/cwe680-304-cpg-resolved.bin	tc304_flow2	CWE680_Integer_Overflow_to_Buffer_Overflow__new_connect_socket_16.cpp	139	CWE680_Integer_Overflow_to_Buffer_Overflow__new_connect_socket_16.cpp	146
/home/swlab-jueon/swvul/tools/java-vuln-detection/slicing/output/CPG/c/cwe680_cpg/cwe680-305-cpg-resolved.bin	tc305_flow1	CWE680_Integer_Overflow_to_Buffer_Overflow__new_connect_socket_17.cpp	73	CWE680_Integer_Overflow_to_Buffer_Overflow__new_connect_socket_17.cpp	115
/home/swlab-jueon/swvul/tools/java-vuln-detection/slicing/output/CPG/c/cwe680_cpg/cwe680-305-cpg-resolved.bin	tc305_flow2	CWE680_Integer_Overflow_to_Buffer_Overflow__new_connect_socket_17.cpp	140	CWE680_Integer_Overflow_to_Buffer_Overflow__new_connect_socket_17.cpp	146
/home/swlab-jueon/swvul/tools/java-vuln-detection/slicing/output/CPG/c/cwe680_cpg/cwe680-306-cpg-resolved.bin	tc306_flow1	CWE680_Integer_Overflow_to_Buffer_Overflow__new_connect_socket_18.cpp	72	CWE680_Integer_Overflow_to_Buffer_Overflow__new_connect_socket_18.cpp	113
/home/swlab-jueon/swvul/tools/java-vuln-detection/slicing/output/CPG/c/cwe680_cpg/cwe680-306-cpg-resolved.bin	tc306_flow2	CWE680_Integer_Overflow_to_Buffer_Overflow__new_connect_socket_18.cpp	137	CWE680_Integer_Overflow_to_Buffer_Overflow__new_connect_socket_18.cpp	142
/home/swlab-jueon/swvul/tools/java-vuln-detection/slicing/output/CPG/c/cwe680_cpg/cwe680-307-cpg-resolved.bin	tc307_flow1	CWE680_Integer_Overflow_to_Buffer_Overflow__new_connect_socket_21.cpp	72	CWE680_Integer_Overflow_to_Buffer_Overflow__new_connect_socket_21.cpp	124
/home/swlab-jueon/swvul/tools/java-vuln-detection/slicing/output/CPG/c/cwe680_cpg/cwe680-307-cpg-resolved.bin	tc307_flow2	CWE680_Integer_Overflow_to_Buffer_Overflow__new_connect_socket_21.cpp	155	CWE680_Integer_Overflow_to_Buffer_Overflow__new_connect_socket_21.cpp	171
/home/swlab-jueon/swvul/tools/java-vuln-detection/slicing/output/CPG/c/cwe680_cpg/cwe680-307-cpg-resolved.bin	tc307_flow3	CWE680_Integer_Overflow_to_Buffer_Overflow__new_connect_socket_21.cpp	189	CWE680_Integer_Overflow_to_Buffer_Overflow__new_connect_socket_21.cpp	205
/home/swlab-jueon/swvul/tools/java-vuln-detection/slicing/output/CPG/c/cwe680_cpg/cwe680-308-cpg-resolved.bin	tc308_flow1	CWE680_Integer_Overflow_to_Buffer_Overflow__new_connect_socket_22b.cpp	73	CWE680_Integer_Overflow_to_Buffer_Overflow__new_connect_socket_22a.cpp	41
/home/swlab-jueon/swvul/tools/java-vuln-detection/slicing/output/CPG/c/cwe680_cpg/cwe680-308-cpg-resolved.bin	tc308_flow2	CWE680_Integer_Overflow_to_Buffer_Overflow__new_connect_socket_22b.cpp	134	CWE680_Integer_Overflow_to_Buffer_Overflow__new_connect_socket_22a.cpp	76
/home/swlab-jueon/swvul/tools/java-vuln-detection/slicing/output/CPG/c/cwe680_cpg/cwe680-308-cpg-resolved.bin	tc308_flow3	CWE680_Integer_Overflow_to_Buffer_Overflow__new_connect_socket_22b.cpp	145	CWE680_Integer_Overflow_to_Buffer_Overflow__new_connect_socket_22a.cpp	102
/home/swlab-jueon/swvul/tools/java-vuln-detection/slicing/output/CPG/c/cwe680_cpg/cwe680-309-cpg-resolved.bin	tc309_flow1	CWE680_Integer_Overflow_to_Buffer_Overflow__new_connect_socket_31.cpp	70	CWE680_Integer_Overflow_to_Buffer_Overflow__new_connect_socket_31.cpp	114
/home/swlab-jueon/swvul/tools/java-vuln-detection/slicing/output/CPG/c/cwe680_cpg/cwe680-309-cpg-resolved.bin	tc309_flow2	CWE680_Integer_Overflow_to_Buffer_Overflow__new_connect_socket_31.cpp	137	CWE680_Integer_Overflow_to_Buffer_Overflow__new_connect_socket_31.cpp	145
/home/swlab-jueon/swvul/tools/java-vuln-detection/slicing/output/CPG/c/cwe680_cpg/cwe680-310-cpg-resolved.bin	tc310_flow1	CWE680_Integer_Overflow_to_Buffer_Overflow__new_connect_socket_32.cpp	74	CWE680_Integer_Overflow_to_Buffer_Overflow__new_connect_socket_32.cpp	119
/home/swlab-jueon/swvul/tools/java-vuln-detection/slicing/output/CPG/c/cwe680_cpg/cwe680-310-cpg-resolved.bin	tc310_flow2	CWE680_Integer_Overflow_to_Buffer_Overflow__new_connect_socket_32.cpp	146	CWE680_Integer_Overflow_to_Buffer_Overflow__new_connect_socket_32.cpp	155
/home/swlab-jueon/swvul/tools/java-vuln-detection/slicing/output/CPG/c/cwe680_cpg/cwe680-311-cpg-resolved.bin	tc311_flow1	CWE680_Integer_Overflow_to_Buffer_Overflow__new_connect_socket_33.cpp	71	CWE680_Integer_Overflow_to_Buffer_Overflow__new_connect_socket_33.cpp	114
/home/swlab-jueon/swvul/tools/java-vuln-detection/slicing/output/CPG/c/cwe680_cpg/cwe680-311-cpg-resolved.bin	tc311_flow2	CWE680_Integer_Overflow_to_Buffer_Overflow__new_connect_socket_33.cpp	138	CWE680_Integer_Overflow_to_Buffer_Overflow__new_connect_socket_33.cpp	145
/home/swlab-jueon/swvul/tools/java-vuln-detection/slicing/output/CPG/c/cwe680_cpg/cwe680-312-cpg-resolved.bin	tc312_flow1	CWE680_Integer_Overflow_to_Buffer_Overflow__new_connect_socket_34.cpp	77	CWE680_Integer_Overflow_to_Buffer_Overflow__new_connect_socket_34.cpp	121
/home/swlab-jueon/swvul/tools/java-vuln-detection/slicing/output/CPG/c/cwe680_cpg/cwe680-312-cpg-resolved.bin	tc312_flow2	CWE680_Integer_Overflow_to_Buffer_Overflow__new_connect_socket_34.cpp	145	CWE680_Integer_Overflow_to_Buffer_Overflow__new_connect_socket_34.cpp	153
/home/swlab-jueon/swvul/tools/java-vuln-detection/slicing/output/CPG/c/cwe680_cpg/cwe680-313-cpg-resolved.bin	tc313_flow1	CWE680_Integer_Overflow_to_Buffer_Overflow__new_connect_socket_41.cpp	87	CWE680_Integer_Overflow_to_Buffer_Overflow__new_connect_socket_41.cpp	52
/home/swlab-jueon/swvul/tools/java-vuln-detection/slicing/output/CPG/c/cwe680_cpg/cwe680-313-cpg-resolved.bin	tc313_flow2	CWE680_Integer_Overflow_to_Buffer_Overflow__new_connect_socket_41.cpp	155	CWE680_Integer_Overflow_to_Buffer_Overflow__new_connect_socket_41.cpp	137
/home/swlab-jueon/swvul/tools/java-vuln-detection/slicing/output/CPG/c/cwe680_cpg/cwe680-314-cpg-resolved.bin	tc314_flow1	CWE680_Integer_Overflow_to_Buffer_Overflow__new_connect_socket_42.cpp	67	CWE680_Integer_Overflow_to_Buffer_Overflow__new_connect_socket_42.cpp	117
/home/swlab-jueon/swvul/tools/java-vuln-detection/slicing/output/CPG/c/cwe680_cpg/cwe680-314-cpg-resolved.bin	tc314_flow2	CWE680_Integer_Overflow_to_Buffer_Overflow__new_connect_socket_42.cpp	135	CWE680_Integer_Overflow_to_Buffer_Overflow__new_connect_socket_42.cpp	150
/home/swlab-jueon/swvul/tools/java-vuln-detection/slicing/output/CPG/c/cwe680_cpg/cwe680-315-cpg-resolved.bin	tc315_flow1	CWE680_Integer_Overflow_to_Buffer_Overflow__new_connect_socket_43.cpp	67	CWE680_Integer_Overflow_to_Buffer_Overflow__new_connect_socket_43.cpp	116
/home/swlab-jueon/swvul/tools/java-vuln-detection/slicing/output/CPG/c/cwe680_cpg/cwe680-315-cpg-resolved.bin	tc315_flow2	CWE680_Integer_Overflow_to_Buffer_Overflow__new_connect_socket_43.cpp	135	CWE680_Integer_Overflow_to_Buffer_Overflow__new_connect_socket_43.cpp	148
/home/swlab-jueon/swvul/tools/java-vuln-detection/slicing/output/CPG/c/cwe680_cpg/cwe680-316-cpg-resolved.bin	tc316_flow1	CWE680_Integer_Overflow_to_Buffer_Overflow__new_connect_socket_44.cpp	89	CWE680_Integer_Overflow_to_Buffer_Overflow__new_connect_socket_44.cpp	52
/home/swlab-jueon/swvul/tools/java-vuln-detection/slicing/output/CPG/c/cwe680_cpg/cwe680-316-cpg-resolved.bin	tc316_flow2	CWE680_Integer_Overflow_to_Buffer_Overflow__new_connect_socket_44.cpp	159	CWE680_Integer_Overflow_to_Buffer_Overflow__new_connect_socket_44.cpp	141
/home/swlab-jueon/swvul/tools/java-vuln-detection/slicing/output/CPG/c/cwe680_cpg/cwe680-317-cpg-resolved.bin	tc317_flow1	CWE680_Integer_Overflow_to_Buffer_Overflow__new_connect_socket_45.cpp	91	CWE680_Integer_Overflow_to_Buffer_Overflow__new_connect_socket_45.cpp	56
/home/swlab-jueon/swvul/tools/java-vuln-detection/slicing/output/CPG/c/cwe680_cpg/cwe680-317-cpg-resolved.bin	tc317_flow2	CWE680_Integer_Overflow_to_Buffer_Overflow__new_connect_socket_45.cpp	161	CWE680_Integer_Overflow_to_Buffer_Overflow__new_connect_socket_45.cpp	144
/home/swlab-jueon/swvul/tools/java-vuln-detection/slicing/output/CPG/c/cwe680_cpg/cwe680-318-cpg-resolved.bin	tc318_flow1	CWE680_Integer_Overflow_to_Buffer_Overflow__new_connect_socket_51a.cpp	73	CWE680_Integer_Overflow_to_Buffer_Overflow__new_connect_socket_51b.cpp	54
/home/swlab-jueon/swvul/tools/java-vuln-detection/slicing/output/CPG/c/cwe680_cpg/cwe680-318-cpg-resolved.bin	tc318_flow2	CWE680_Integer_Overflow_to_Buffer_Overflow__new_connect_socket_51a.cpp	127	CWE680_Integer_Overflow_to_Buffer_Overflow__new_connect_socket_51b.cpp	76
/home/swlab-jueon/swvul/tools/java-vuln-detection/slicing/output/CPG/c/cwe680_cpg/cwe680-319-cpg-resolved.bin	tc319_flow1	CWE680_Integer_Overflow_to_Buffer_Overflow__new_connect_socket_52a.cpp	73	CWE680_Integer_Overflow_to_Buffer_Overflow__new_connect_socket_52c.cpp	54
/home/swlab-jueon/swvul/tools/java-vuln-detection/slicing/output/CPG/c/cwe680_cpg/cwe680-319-cpg-resolved.bin	tc319_flow2	CWE680_Integer_Overflow_to_Buffer_Overflow__new_connect_socket_52a.cpp	127	CWE680_Integer_Overflow_to_Buffer_Overflow__new_connect_socket_52c.cpp	76
/home/swlab-jueon/swvul/tools/java-vuln-detection/slicing/output/CPG/c/cwe680_cpg/cwe680-320-cpg-resolved.bin	tc320_flow1	CWE680_Integer_Overflow_to_Buffer_Overflow__new_connect_socket_53a.cpp	73	CWE680_Integer_Overflow_to_Buffer_Overflow__new_connect_socket_53d.cpp	54
/home/swlab-jueon/swvul/tools/java-vuln-detection/slicing/output/CPG/c/cwe680_cpg/cwe680-320-cpg-resolved.bin	tc320_flow2	CWE680_Integer_Overflow_to_Buffer_Overflow__new_connect_socket_53a.cpp	127	CWE680_Integer_Overflow_to_Buffer_Overflow__new_connect_socket_53d.cpp	76
/home/swlab-jueon/swvul/tools/java-vuln-detection/slicing/output/CPG/c/cwe680_cpg/cwe680-321-cpg-resolved.bin	tc321_flow1	CWE680_Integer_Overflow_to_Buffer_Overflow__new_connect_socket_54a.cpp	73	CWE680_Integer_Overflow_to_Buffer_Overflow__new_connect_socket_54e.cpp	54
/home/swlab-jueon/swvul/tools/java-vuln-detection/slicing/output/CPG/c/cwe680_cpg/cwe680-321-cpg-resolved.bin	tc321_flow2	CWE680_Integer_Overflow_to_Buffer_Overflow__new_connect_socket_54a.cpp	127	CWE680_Integer_Overflow_to_Buffer_Overflow__new_connect_socket_54e.cpp	76
/home/swlab-jueon/swvul/tools/java-vuln-detection/slicing/output/CPG/c/cwe680_cpg/cwe680-322-cpg-resolved.bin	tc322_flow1	CWE680_Integer_Overflow_to_Buffer_Overflow__new_connect_socket_61b.cpp	67	CWE680_Integer_Overflow_to_Buffer_Overflow__new_connect_socket_61a.cpp	59
/home/swlab-jueon/swvul/tools/java-vuln-detection/slicing/output/CPG/c/cwe680_cpg/cwe680-322-cpg-resolved.bin	tc322_flow2	CWE680_Integer_Overflow_to_Buffer_Overflow__new_connect_socket_61b.cpp	115	CWE680_Integer_Overflow_to_Buffer_Overflow__new_connect_socket_61a.cpp	87
/home/swlab-jueon/swvul/tools/java-vuln-detection/slicing/output/CPG/c/cwe680_cpg/cwe680-323-cpg-resolved.bin	tc323_flow1	CWE680_Integer_Overflow_to_Buffer_Overflow__new_connect_socket_62b.cpp	67	CWE680_Integer_Overflow_to_Buffer_Overflow__new_connect_socket_62a.cpp	59
/home/swlab-jueon/swvul/tools/java-vuln-detection/slicing/output/CPG/c/cwe680_cpg/cwe680-323-cpg-resolved.bin	tc323_flow2	CWE680_Integer_Overflow_to_Buffer_Overflow__new_connect_socket_62b.cpp	114	CWE680_Integer_Overflow_to_Buffer_Overflow__new_connect_socket_62a.cpp	87
/home/swlab-jueon/swvul/tools/java-vuln-detection/slicing/output/CPG/c/cwe680_cpg/cwe680-324-cpg-resolved.bin	tc324_flow1	CWE680_Integer_Overflow_to_Buffer_Overflow__new_connect_socket_63a.cpp	73	CWE680_Integer_Overflow_to_Buffer_Overflow__new_connect_socket_63b.cpp	53
/home/swlab-jueon/swvul/tools/java-vuln-detection/slicing/output/CPG/c/cwe680_cpg/cwe680-324-cpg-resolved.bin	tc324_flow2	CWE680_Integer_Overflow_to_Buffer_Overflow__new_connect_socket_63a.cpp	126	CWE680_Integer_Overflow_to_Buffer_Overflow__new_connect_socket_63b.cpp	76
/home/swlab-jueon/swvul/tools/java-vuln-detection/slicing/output/CPG/c/cwe680_cpg/cwe680-325-cpg-resolved.bin	tc325_flow1	CWE680_Integer_Overflow_to_Buffer_Overflow__new_connect_socket_64a.cpp	73	CWE680_Integer_Overflow_to_Buffer_Overflow__new_connect_socket_64b.cpp	56
/home/swlab-jueon/swvul/tools/java-vuln-detection/slicing/output/CPG/c/cwe680_cpg/cwe680-325-cpg-resolved.bin	tc325_flow2	CWE680_Integer_Overflow_to_Buffer_Overflow__new_connect_socket_64a.cpp	126	CWE680_Integer_Overflow_to_Buffer_Overflow__new_connect_socket_64b.cpp	82
/home/swlab-jueon/swvul/tools/java-vuln-detection/slicing/output/CPG/c/cwe680_cpg/cwe680-326-cpg-resolved.bin	tc326_flow1	CWE680_Integer_Overflow_to_Buffer_Overflow__new_connect_socket_65a.cpp	75	CWE680_Integer_Overflow_to_Buffer_Overflow__new_connect_socket_65b.cpp	52
/home/swlab-jueon/swvul/tools/java-vuln-detection/slicing/output/CPG/c/cwe680_cpg/cwe680-326-cpg-resolved.bin	tc326_flow2	CWE680_Integer_Overflow_to_Buffer_Overflow__new_connect_socket_65a.cpp	130	CWE680_Integer_Overflow_to_Buffer_Overflow__new_connect_socket_65b.cpp	74
/home/swlab-jueon/swvul/tools/java-vuln-detection/slicing/output/CPG/c/cwe680_cpg/cwe680-327-cpg-resolved.bin	tc327_flow1	CWE680_Integer_Overflow_to_Buffer_Overflow__new_connect_socket_66a.cpp	74	CWE680_Integer_Overflow_to_Buffer_Overflow__new_connect_socket_66b.cpp	54
/home/swlab-jueon/swvul/tools/java-vuln-detection/slicing/output/CPG/c/cwe680_cpg/cwe680-327-cpg-resolved.bin	tc327_flow2	CWE680_Integer_Overflow_to_Buffer_Overflow__new_connect_socket_66a.cpp	132	CWE680_Integer_Overflow_to_Buffer_Overflow__new_connect_socket_66b.cpp	77
/home/swlab-jueon/swvul/tools/java-vuln-detection/slicing/output/CPG/c/cwe680_cpg/cwe680-328-cpg-resolved.bin	tc328_flow1	CWE680_Integer_Overflow_to_Buffer_Overflow__new_connect_socket_67a.cpp	79	CWE680_Integer_Overflow_to_Buffer_Overflow__new_connect_socket_67b.cpp	58
/home/swlab-jueon/swvul/tools/java-vuln-detection/slicing/output/CPG/c/cwe680_cpg/cwe680-328-cpg-resolved.bin	tc328_flow2	CWE680_Integer_Overflow_to_Buffer_Overflow__new_connect_socket_67a.cpp	134	CWE680_Integer_Overflow_to_Buffer_Overflow__new_connect_socket_67b.cpp	81
/home/swlab-jueon/swvul/tools/java-vuln-detection/slicing/output/CPG/c/cwe680_cpg/cwe680-329-cpg-resolved.bin	tc329_flow1	CWE680_Integer_Overflow_to_Buffer_Overflow__new_connect_socket_68a.cpp	76	CWE680_Integer_Overflow_to_Buffer_Overflow__new_connect_socket_68b.cpp	58
/home/swlab-jueon/swvul/tools/java-vuln-detection/slicing/output/CPG/c/cwe680_cpg/cwe680-329-cpg-resolved.bin	tc329_flow2	CWE680_Integer_Overflow_to_Buffer_Overflow__new_connect_socket_68a.cpp	131	CWE680_Integer_Overflow_to_Buffer_Overflow__new_connect_socket_68b.cpp	81
/home/swlab-jueon/swvul/tools/java-vuln-detection/slicing/output/CPG/c/cwe680_cpg/cwe680-330-cpg-resolved.bin	tc330_flow1	CWE680_Integer_Overflow_to_Buffer_Overflow__new_connect_socket_72a.cpp	77	CWE680_Integer_Overflow_to_Buffer_Overflow__new_connect_socket_72b.cpp	35
/home/swlab-jueon/swvul/tools/java-vuln-detection/slicing/output/CPG/c/cwe680_cpg/cwe680-330-cpg-resolved.bin	tc330_flow2	CWE680_Integer_Overflow_to_Buffer_Overflow__new_connect_socket_72a.cpp	137	CWE680_Integer_Overflow_to_Buffer_Overflow__new_connect_socket_72b.cpp	58
/home/swlab-jueon/swvul/tools/java-vuln-detection/slicing/output/CPG/c/cwe680_cpg/cwe680-331-cpg-resolved.bin	tc331_flow1	CWE680_Integer_Overflow_to_Buffer_Overflow__new_connect_socket_73a.cpp	77	CWE680_Integer_Overflow_to_Buffer_Overflow__new_connect_socket_73b.cpp	35
/home/swlab-jueon/swvul/tools/java-vuln-detection/slicing/output/CPG/c/cwe680_cpg/cwe680-331-cpg-resolved.bin	tc331_flow2	CWE680_Integer_Overflow_to_Buffer_Overflow__new_connect_socket_73a.cpp	137	CWE680_Integer_Overflow_to_Buffer_Overflow__new_connect_socket_73b.cpp	58
/home/swlab-jueon/swvul/tools/java-vuln-detection/slicing/output/CPG/c/cwe680_cpg/cwe680-332-cpg-resolved.bin	tc332_flow1	CWE680_Integer_Overflow_to_Buffer_Overflow__new_connect_socket_74a.cpp	77	CWE680_Integer_Overflow_to_Buffer_Overflow__new_connect_socket_74b.cpp	35
/home/swlab-jueon/swvul/tools/java-vuln-detection/slicing/output/CPG/c/cwe680_cpg/cwe680-332-cpg-resolved.bin	tc332_flow2	CWE680_Integer_Overflow_to_Buffer_Overflow__new_connect_socket_74a.cpp	137	CWE680_Integer_Overflow_to_Buffer_Overflow__new_connect_socket_74b.cpp	58
/home/swlab-jueon/swvul/tools/java-vuln-detection/slicing/output/CPG/c/cwe680_cpg/cwe680-333-cpg-resolved.bin	tc333_flow1	CWE680_Integer_Overflow_to_Buffer_Overflow__new_connect_socket_81a.cpp	71	CWE680_Integer_Overflow_to_Buffer_Overflow__new_connect_socket_81_bad.cpp	30
/home/swlab-jueon/swvul/tools/java-vuln-detection/slicing/output/CPG/c/cwe680_cpg/cwe680-333-cpg-resolved.bin	tc333_flow2	CWE680_Integer_Overflow_to_Buffer_Overflow__new_connect_socket_81a.cpp	123	CWE680_Integer_Overflow_to_Buffer_Overflow__new_connect_socket_81_goodG2B.cpp	30
/home/swlab-jueon/swvul/tools/java-vuln-detection/slicing/output/CPG/c/cwe680_cpg/cwe680-334-cpg-resolved.bin	tc334_flow1	CWE680_Integer_Overflow_to_Buffer_Overflow__new_connect_socket_82a.cpp	71	CWE680_Integer_Overflow_to_Buffer_Overflow__new_connect_socket_82_bad.cpp	30
/home/swlab-jueon/swvul/tools/java-vuln-detection/slicing/output/CPG/c/cwe680_cpg/cwe680-334-cpg-resolved.bin	tc334_flow2	CWE680_Integer_Overflow_to_Buffer_Overflow__new_connect_socket_82a.cpp	124	CWE680_Integer_Overflow_to_Buffer_Overflow__new_connect_socket_82_goodG2B.cpp	30
/home/swlab-jueon/swvul/tools/java-vuln-detection/slicing/output/CPG/c/cwe680_cpg/cwe680-335-cpg-resolved.bin	tc335_flow1	CWE680_Integer_Overflow_to_Buffer_Overflow__new_connect_socket_83_bad.cpp	67	CWE680_Integer_Overflow_to_Buffer_Overflow__new_connect_socket_83_bad.cpp	112
/home/swlab-jueon/swvul/tools/java-vuln-detection/slicing/output/CPG/c/cwe680_cpg/cwe680-335-cpg-resolved.bin	tc335_flow2	CWE680_Integer_Overflow_to_Buffer_Overflow__new_connect_socket_83_goodG2B.cpp	27	CWE680_Integer_Overflow_to_Buffer_Overflow__new_connect_socket_83_goodG2B.cpp	36
/home/swlab-jueon/swvul/tools/java-vuln-detection/slicing/output/CPG/c/cwe680_cpg/cwe680-336-cpg-resolved.bin	tc336_flow1	CWE680_Integer_Overflow_to_Buffer_Overflow__new_connect_socket_84_bad.cpp	67	CWE680_Integer_Overflow_to_Buffer_Overflow__new_connect_socket_84_bad.cpp	112
/home/swlab-jueon/swvul/tools/java-vuln-detection/slicing/output/CPG/c/cwe680_cpg/cwe680-336-cpg-resolved.bin	tc336_flow2	CWE680_Integer_Overflow_to_Buffer_Overflow__new_connect_socket_84_goodG2B.cpp	27	CWE680_Integer_Overflow_to_Buffer_Overflow__new_connect_socket_84_goodG2B.cpp	36
/home/swlab-jueon/swvul/tools/java-vuln-detection/slicing/output/CPG/c/cwe680_cpg/cwe680-337-cpg-resolved.bin	tc337_flow1	CWE680_Integer_Overflow_to_Buffer_Overflow__new_fgets_01.cpp	34	CWE680_Integer_Overflow_to_Buffer_Overflow__new_fgets_01.cpp	48
/home/swlab-jueon/swvul/tools/java-vuln-detection/slicing/output/CPG/c/cwe680_cpg/cwe680-337-cpg-resolved.bin	tc337_flow2	CWE680_Integer_Overflow_to_Buffer_Overflow__new_fgets_01.cpp	70	CWE680_Integer_Overflow_to_Buffer_Overflow__new_fgets_01.cpp	75
/home/swlab-jueon/swvul/tools/java-vuln-detection/slicing/output/CPG/c/cwe680_cpg/cwe680-338-cpg-resolved.bin	tc338_flow1	CWE680_Integer_Overflow_to_Buffer_Overflow__new_fgets_02.cpp	36	CWE680_Integer_Overflow_to_Buffer_Overflow__new_fgets_02.cpp	51
/home/swlab-jueon/swvul/tools/java-vuln-detection/slicing/output/CPG/c/cwe680_cpg/cwe680-338-cpg-resolved.bin	tc338_flow2	CWE680_Integer_Overflow_to_Buffer_Overflow__new_fgets_02.cpp	80	CWE680_Integer_Overflow_to_Buffer_Overflow__new_fgets_02.cpp	86
/home/swlab-jueon/swvul/tools/java-vuln-detection/slicing/output/CPG/c/cwe680_cpg/cwe680-338-cpg-resolved.bin	tc338_flow3	CWE680_Integer_Overflow_to_Buffer_Overflow__new_fgets_02.cpp	106	CWE680_Integer_Overflow_to_Buffer_Overflow__new_fgets_02.cpp	112
/home/swlab-jueon/swvul/tools/java-vuln-detection/slicing/output/CPG/c/cwe680_cpg/cwe680-339-cpg-resolved.bin	tc339_flow1	CWE680_Integer_Overflow_to_Buffer_Overflow__new_fgets_03.cpp	36	CWE680_Integer_Overflow_to_Buffer_Overflow__new_fgets_03.cpp	51
/home/swlab-jueon/swvul/tools/java-vuln-detection/slicing/output/CPG/c/cwe680_cpg/cwe680-339-cpg-resolved.bin	tc339_flow2	CWE680_Integer_Overflow_to_Buffer_Overflow__new_fgets_03.cpp	80	CWE680_Integer_Overflow_to_Buffer_Overflow__new_fgets_03.cpp	86
/home/swlab-jueon/swvul/tools/java-vuln-detection/slicing/output/CPG/c/cwe680_cpg/cwe680-339-cpg-resolved.bin	tc339_flow3	CWE680_Integer_Overflow_to_Buffer_Overflow__new_fgets_03.cpp	106	CWE680_Integer_Overflow_to_Buffer_Overflow__new_fgets_03.cpp	112
/home/swlab-jueon/swvul/tools/java-vuln-detection/slicing/output/CPG/c/cwe680_cpg/cwe680-340-cpg-resolved.bin	tc340_flow1	CWE680_Integer_Overflow_to_Buffer_Overflow__new_fgets_04.cpp	42	CWE680_Integer_Overflow_to_Buffer_Overflow__new_fgets_04.cpp	57
/home/swlab-jueon/swvul/tools/java-vuln-detection/slicing/output/CPG/c/cwe680_cpg/cwe680-340-cpg-resolved.bin	tc340_flow2	CWE680_Integer_Overflow_to_Buffer_Overflow__new_fgets_04.cpp	86	CWE680_Integer_Overflow_to_Buffer_Overflow__new_fgets_04.cpp	92
/home/swlab-jueon/swvul/tools/java-vuln-detection/slicing/output/CPG/c/cwe680_cpg/cwe680-340-cpg-resolved.bin	tc340_flow3	CWE680_Integer_Overflow_to_Buffer_Overflow__new_fgets_04.cpp	112	CWE680_Integer_Overflow_to_Buffer_Overflow__new_fgets_04.cpp	118
/home/swlab-jueon/swvul/tools/java-vuln-detection/slicing/output/CPG/c/cwe680_cpg/cwe680-341-cpg-resolved.bin	tc341_flow1	CWE680_Integer_Overflow_to_Buffer_Overflow__new_fgets_05.cpp	42	CWE680_Integer_Overflow_to_Buffer_Overflow__new_fgets_05.cpp	57
/home/swlab-jueon/swvul/tools/java-vuln-detection/slicing/output/CPG/c/cwe680_cpg/cwe680-341-cpg-resolved.bin	tc341_flow2	CWE680_Integer_Overflow_to_Buffer_Overflow__new_fgets_05.cpp	86	CWE680_Integer_Overflow_to_Buffer_Overflow__new_fgets_05.cpp	92
/home/swlab-jueon/swvul/tools/java-vuln-detection/slicing/output/CPG/c/cwe680_cpg/cwe680-341-cpg-resolved.bin	tc341_flow3	CWE680_Integer_Overflow_to_Buffer_Overflow__new_fgets_05.cpp	112	CWE680_Integer_Overflow_to_Buffer_Overflow__new_fgets_05.cpp	118
/home/swlab-jueon/swvul/tools/java-vuln-detection/slicing/output/CPG/c/cwe680_cpg/cwe680-342-cpg-resolved.bin	tc342_flow1	CWE680_Integer_Overflow_to_Buffer_Overflow__new_fgets_06.cpp	41	CWE680_Integer_Overflow_to_Buffer_Overflow__new_fgets_06.cpp	56
/home/swlab-jueon/swvul/tools/java-vuln-detection/slicing/output/CPG/c/cwe680_cpg/cwe680-342-cpg-resolved.bin	tc342_flow2	CWE680_Integer_Overflow_to_Buffer_Overflow__new_fgets_06.cpp	85	CWE680_Integer_Overflow_to_Buffer_Overflow__new_fgets_06.cpp	91
/home/swlab-jueon/swvul/tools/java-vuln-detection/slicing/output/CPG/c/cwe680_cpg/cwe680-342-cpg-resolved.bin	tc342_flow3	CWE680_Integer_Overflow_to_Buffer_Overflow__new_fgets_06.cpp	111	CWE680_Integer_Overflow_to_Buffer_Overflow__new_fgets_06.cpp	117
/home/swlab-jueon/swvul/tools/java-vuln-detection/slicing/output/CPG/c/cwe680_cpg/cwe680-343-cpg-resolved.bin	tc343_flow1	CWE680_Integer_Overflow_to_Buffer_Overflow__new_fgets_07.cpp	41	CWE680_Integer_Overflow_to_Buffer_Overflow__new_fgets_07.cpp	56
/home/swlab-jueon/swvul/tools/java-vuln-detection/slicing/output/CPG/c/cwe680_cpg/cwe680-343-cpg-resolved.bin	tc343_flow2	CWE680_Integer_Overflow_to_Buffer_Overflow__new_fgets_07.cpp	85	CWE680_Integer_Overflow_to_Buffer_Overflow__new_fgets_07.cpp	91
/home/swlab-jueon/swvul/tools/java-vuln-detection/slicing/output/CPG/c/cwe680_cpg/cwe680-343-cpg-resolved.bin	tc343_flow3	CWE680_Integer_Overflow_to_Buffer_Overflow__new_fgets_07.cpp	111	CWE680_Integer_Overflow_to_Buffer_Overflow__new_fgets_07.cpp	117
/home/swlab-jueon/swvul/tools/java-vuln-detection/slicing/output/CPG/c/cwe680_cpg/cwe680-344-cpg-resolved.bin	tc344_flow1	CWE680_Integer_Overflow_to_Buffer_Overflow__new_fgets_08.cpp	49	CWE680_Integer_Overflow_to_Buffer_Overflow__new_fgets_08.cpp	64
/home/swlab-jueon/swvul/tools/java-vuln-detection/slicing/output/CPG/c/cwe680_cpg/cwe680-344-cpg-resolved.bin	tc344_flow2	CWE680_Integer_Overflow_to_Buffer_Overflow__new_fgets_08.cpp	93	CWE680_Integer_Overflow_to_Buffer_Overflow__new_fgets_08.cpp	99
/home/swlab-jueon/swvul/tools/java-vuln-detection/slicing/output/CPG/c/cwe680_cpg/cwe680-344-cpg-resolved.bin	tc344_flow3	CWE680_Integer_Overflow_to_Buffer_Overflow__new_fgets_08.cpp	119	CWE680_Integer_Overflow_to_Buffer_Overflow__new_fgets_08.cpp	125
/home/swlab-jueon/swvul/tools/java-vuln-detection/slicing/output/CPG/c/cwe680_cpg/cwe680-345-cpg-resolved.bin	tc345_flow1	CWE680_Integer_Overflow_to_Buffer_Overflow__new_fgets_09.cpp	36	CWE680_Integer_Overflow_to_Buffer_Overflow__new_fgets_09.cpp	51
/home/swlab-jueon/swvul/tools/java-vuln-detection/slicing/output/CPG/c/cwe680_cpg/cwe680-345-cpg-resolved.bin	tc345_flow2	CWE680_Integer_Overflow_to_Buffer_Overflow__new_fgets_09.cpp	80	CWE680_Integer_Overflow_to_Buffer_Overflow__new_fgets_09.cpp	86
/home/swlab-jueon/swvul/tools/java-vuln-detection/slicing/output/CPG/c/cwe680_cpg/cwe680-345-cpg-resolved.bin	tc345_flow3	CWE680_Integer_Overflow_to_Buffer_Overflow__new_fgets_09.cpp	106	CWE680_Integer_Overflow_to_Buffer_Overflow__new_fgets_09.cpp	112
/home/swlab-jueon/swvul/tools/java-vuln-detection/slicing/output/CPG/c/cwe680_cpg/cwe680-346-cpg-resolved.bin	tc346_flow1	CWE680_Integer_Overflow_to_Buffer_Overflow__new_fgets_10.cpp	36	CWE680_Integer_Overflow_to_Buffer_Overflow__new_fgets_10.cpp	51
/home/swlab-jueon/swvul/tools/java-vuln-detection/slicing/output/CPG/c/cwe680_cpg/cwe680-346-cpg-resolved.bin	tc346_flow2	CWE680_Integer_Overflow_to_Buffer_Overflow__new_fgets_10.cpp	80	CWE680_Integer_Overflow_to_Buffer_Overflow__new_fgets_10.cpp	86
/home/swlab-jueon/swvul/tools/java-vuln-detection/slicing/output/CPG/c/cwe680_cpg/cwe680-346-cpg-resolved.bin	tc346_flow3	CWE680_Integer_Overflow_to_Buffer_Overflow__new_fgets_10.cpp	106	CWE680_Integer_Overflow_to_Buffer_Overflow__new_fgets_10.cpp	112
/home/swlab-jueon/swvul/tools/java-vuln-detection/slicing/output/CPG/c/cwe680_cpg/cwe680-347-cpg-resolved.bin	tc347_flow1	CWE680_Integer_Overflow_to_Buffer_Overflow__new_fgets_11.cpp	36	CWE680_Integer_Overflow_to_Buffer_Overflow__new_fgets_11.cpp	51
/home/swlab-jueon/swvul/tools/java-vuln-detection/slicing/output/CPG/c/cwe680_cpg/cwe680-347-cpg-resolved.bin	tc347_flow2	CWE680_Integer_Overflow_to_Buffer_Overflow__new_fgets_11.cpp	80	CWE680_Integer_Overflow_to_Buffer_Overflow__new_fgets_11.cpp	86
/home/swlab-jueon/swvul/tools/java-vuln-detection/slicing/output/CPG/c/cwe680_cpg/cwe680-347-cpg-resolved.bin	tc347_flow3	CWE680_Integer_Overflow_to_Buffer_Overflow__new_fgets_11.cpp	106	CWE680_Integer_Overflow_to_Buffer_Overflow__new_fgets_11.cpp	112
/home/swlab-jueon/swvul/tools/java-vuln-detection/slicing/output/CPG/c/cwe680_cpg/cwe680-348-cpg-resolved.bin	tc348_flow1	CWE680_Integer_Overflow_to_Buffer_Overflow__new_fgets_12.cpp	36	CWE680_Integer_Overflow_to_Buffer_Overflow__new_fgets_12.cpp	56
/home/swlab-jueon/swvul/tools/java-vuln-detection/slicing/output/CPG/c/cwe680_cpg/cwe680-348-cpg-resolved.bin	tc348_flow2	CWE680_Integer_Overflow_to_Buffer_Overflow__new_fgets_12.cpp	81	CWE680_Integer_Overflow_to_Buffer_Overflow__new_fgets_12.cpp	92
/home/swlab-jueon/swvul/tools/java-vuln-detection/slicing/output/CPG/c/cwe680_cpg/cwe680-349-cpg-resolved.bin	tc349_flow1	CWE680_Integer_Overflow_to_Buffer_Overflow__new_fgets_13.cpp	36	CWE680_Integer_Overflow_to_Buffer_Overflow__new_fgets_13.cpp	51
/home/swlab-jueon/swvul/tools/java-vuln-detection/slicing/output/CPG/c/cwe680_cpg/cwe680-349-cpg-resolved.bin	tc349_flow2	CWE680_Integer_Overflow_to_Buffer_Overflow__new_fgets_13.cpp	80	CWE680_Integer_Overflow_to_Buffer_Overflow__new_fgets_13.cpp	86
/home/swlab-jueon/swvul/tools/java-vuln-detection/slicing/output/CPG/c/cwe680_cpg/cwe680-349-cpg-resolved.bin	tc349_flow3	CWE680_Integer_Overflow_to_Buffer_Overflow__new_fgets_13.cpp	106	CWE680_Integer_Overflow_to_Buffer_Overflow__new_fgets_13.cpp	112
/home/swlab-jueon/swvul/tools/java-vuln-detection/slicing/output/CPG/c/cwe680_cpg/cwe680-350-cpg-resolved.bin	tc350_flow1	CWE680_Integer_Overflow_to_Buffer_Overflow__new_fgets_14.cpp	36	CWE680_Integer_Overflow_to_Buffer_Overflow__new_fgets_14.cpp	51
/home/swlab-jueon/swvul/tools/java-vuln-detection/slicing/output/CPG/c/cwe680_cpg/cwe680-350-cpg-resolved.bin	tc350_flow2	CWE680_Integer_Overflow_to_Buffer_Overflow__new_fgets_14.cpp	80	CWE680_Integer_Overflow_to_Buffer_Overflow__new_fgets_14.cpp	86
/home/swlab-jueon/swvul/tools/java-vuln-detection/slicing/output/CPG/c/cwe680_cpg/cwe680-350-cpg-resolved.bin	tc350_flow3	CWE680_Integer_Overflow_to_Buffer_Overflow__new_fgets_14.cpp	106	CWE680_Integer_Overflow_to_Buffer_Overflow__new_fgets_14.cpp	112
/home/swlab-jueon/swvul/tools/java-vuln-detection/slicing/output/CPG/c/cwe680_cpg/cwe680-351-cpg-resolved.bin	tc351_flow1	CWE680_Integer_Overflow_to_Buffer_Overflow__new_fgets_15.cpp	37	CWE680_Integer_Overflow_to_Buffer_Overflow__new_fgets_15.cpp	57
/home/swlab-jueon/swvul/tools/java-vuln-detection/slicing/output/CPG/c/cwe680_cpg/cwe680-351-cpg-resolved.bin	tc351_flow2	CWE680_Integer_Overflow_to_Buffer_Overflow__new_fgets_15.cpp	86	CWE680_Integer_Overflow_to_Buffer_Overflow__new_fgets_15.cpp	93
/home/swlab-jueon/swvul/tools/java-vuln-detection/slicing/output/CPG/c/cwe680_cpg/cwe680-351-cpg-resolved.bin	tc351_flow3	CWE680_Integer_Overflow_to_Buffer_Overflow__new_fgets_15.cpp	114	CWE680_Integer_Overflow_to_Buffer_Overflow__new_fgets_15.cpp	125
/home/swlab-jueon/swvul/tools/java-vuln-detection/slicing/output/CPG/c/cwe680_cpg/cwe680-352-cpg-resolved.bin	tc352_flow1	CWE680_Integer_Overflow_to_Buffer_Overflow__new_fgets_16.cpp	36	CWE680_Integer_Overflow_to_Buffer_Overflow__new_fgets_16.cpp	52
/home/swlab-jueon/swvul/tools/java-vuln-detection/slicing/output/CPG/c/cwe680_cpg/cwe680-352-cpg-resolved.bin	tc352_flow2	CWE680_Integer_Overflow_to_Buffer_Overflow__new_fgets_16.cpp	76	CWE680_Integer_Overflow_to_Buffer_Overflow__new_fgets_16.cpp	83
/home/swlab-jueon/swvul/tools/java-vuln-detection/slicing/output/CPG/c/cwe680_cpg/cwe680-353-cpg-resolved.bin	tc353_flow1	CWE680_Integer_Overflow_to_Buffer_Overflow__new_fgets_17.cpp	37	CWE680_Integer_Overflow_to_Buffer_Overflow__new_fgets_17.cpp	52
/home/swlab-jueon/swvul/tools/java-vuln-detection/slicing/output/CPG/c/cwe680_cpg/cwe680-353-cpg-resolved.bin	tc353_flow2	CWE680_Integer_Overflow_to_Buffer_Overflow__new_fgets_17.cpp	77	CWE680_Integer_Overflow_to_Buffer_Overflow__new_fgets_17.cpp	83
/home/swlab-jueon/swvul/tools/java-vuln-detection/slicing/output/CPG/c/cwe680_cpg/cwe680-354-cpg-resolved.bin	tc354_flow1	CWE680_Integer_Overflow_to_Buffer_Overflow__new_fgets_18.cpp	36	CWE680_Integer_Overflow_to_Buffer_Overflow__new_fgets_18.cpp	50
/home/swlab-jueon/swvul/tools/java-vuln-detection/slicing/output/CPG/c/cwe680_cpg/cwe680-354-cpg-resolved.bin	tc354_flow2	CWE680_Integer_Overflow_to_Buffer_Overflow__new_fgets_18.cpp	74	CWE680_Integer_Overflow_to_Buffer_Overflow__new_fgets_18.cpp	79
/home/swlab-jueon/swvul/tools/java-vuln-detection/slicing/output/CPG/c/cwe680_cpg/cwe680-355-cpg-resolved.bin	tc355_flow1	CWE680_Integer_Overflow_to_Buffer_Overflow__new_fgets_21.cpp	36	CWE680_Integer_Overflow_to_Buffer_Overflow__new_fgets_21.cpp	61
/home/swlab-jueon/swvul/tools/java-vuln-detection/slicing/output/CPG/c/cwe680_cpg/cwe680-355-cpg-resolved.bin	tc355_flow2	CWE680_Integer_Overflow_to_Buffer_Overflow__new_fgets_21.cpp	92	CWE680_Integer_Overflow_to_Buffer_Overflow__new_fgets_21.cpp	108
/home/swlab-jueon/swvul/tools/java-vuln-detection/slicing/output/CPG/c/cwe680_cpg/cwe680-355-cpg-resolved.bin	tc355_flow3	CWE680_Integer_Overflow_to_Buffer_Overflow__new_fgets_21.cpp	126	CWE680_Integer_Overflow_to_Buffer_Overflow__new_fgets_21.cpp	142
/home/swlab-jueon/swvul/tools/java-vuln-detection/slicing/output/CPG/c/cwe680_cpg/cwe680-356-cpg-resolved.bin	tc356_flow1	CWE680_Integer_Overflow_to_Buffer_Overflow__new_fgets_22b.cpp	37	CWE680_Integer_Overflow_to_Buffer_Overflow__new_fgets_22a.cpp	41
/home/swlab-jueon/swvul/tools/java-vuln-detection/slicing/output/CPG/c/cwe680_cpg/cwe680-356-cpg-resolved.bin	tc356_flow2	CWE680_Integer_Overflow_to_Buffer_Overflow__new_fgets_22b.cpp	71	CWE680_Integer_Overflow_to_Buffer_Overflow__new_fgets_22a.cpp	76
/home/swlab-jueon/swvul/tools/java-vuln-detection/slicing/output/CPG/c/cwe680_cpg/cwe680-356-cpg-resolved.bin	tc356_flow3	CWE680_Integer_Overflow_to_Buffer_Overflow__new_fgets_22b.cpp	82	CWE680_Integer_Overflow_to_Buffer_Overflow__new_fgets_22a.cpp	102
/home/swlab-jueon/swvul/tools/java-vuln-detection/slicing/output/CPG/c/cwe680_cpg/cwe680-357-cpg-resolved.bin	tc357_flow1	CWE680_Integer_Overflow_to_Buffer_Overflow__new_fgets_31.cpp	34	CWE680_Integer_Overflow_to_Buffer_Overflow__new_fgets_31.cpp	51
/home/swlab-jueon/swvul/tools/java-vuln-detection/slicing/output/CPG/c/cwe680_cpg/cwe680-357-cpg-resolved.bin	tc357_flow2	CWE680_Integer_Overflow_to_Buffer_Overflow__new_fgets_31.cpp	74	CWE680_Integer_Overflow_to_Buffer_Overflow__new_fgets_31.cpp	82
/home/swlab-jueon/swvul/tools/java-vuln-detection/slicing/output/CPG/c/cwe680_cpg/cwe680-358-cpg-resolved.bin	tc358_flow1	CWE680_Integer_Overflow_to_Buffer_Overflow__new_fgets_32.cpp	38	CWE680_Integer_Overflow_to_Buffer_Overflow__new_fgets_32.cpp	56
/home/swlab-jueon/swvul/tools/java-vuln-detection/slicing/output/CPG/c/cwe680_cpg/cwe680-358-cpg-resolved.bin	tc358_flow2	CWE680_Integer_Overflow_to_Buffer_Overflow__new_fgets_32.cpp	83	CWE680_Integer_Overflow_to_Buffer_Overflow__new_fgets_32.cpp	92
/home/swlab-jueon/swvul/tools/java-vuln-detection/slicing/output/CPG/c/cwe680_cpg/cwe680-359-cpg-resolved.bin	tc359_flow1	CWE680_Integer_Overflow_to_Buffer_Overflow__new_fgets_33.cpp	35	CWE680_Integer_Overflow_to_Buffer_Overflow__new_fgets_33.cpp	51
/home/swlab-jueon/swvul/tools/java-vuln-detection/slicing/output/CPG/c/cwe680_cpg/cwe680-359-cpg-resolved.bin	tc359_flow2	CWE680_Integer_Overflow_to_Buffer_Overflow__new_fgets_33.cpp	75	CWE680_Integer_Overflow_to_Buffer_Overflow__new_fgets_33.cpp	82
/home/swlab-jueon/swvul/tools/java-vuln-detection/slicing/output/CPG/c/cwe680_cpg/cwe680-360-cpg-resolved.bin	tc360_flow1	CWE680_Integer_Overflow_to_Buffer_Overflow__new_fgets_34.cpp	41	CWE680_Integer_Overflow_to_Buffer_Overflow__new_fgets_34.cpp	58
/home/swlab-jueon/swvul/tools/java-vuln-detection/slicing/output/CPG/c/cwe680_cpg/cwe680-360-cpg-resolved.bin	tc360_flow2	CWE680_Integer_Overflow_to_Buffer_Overflow__new_fgets_34.cpp	82	CWE680_Integer_Overflow_to_Buffer_Overflow__new_fgets_34.cpp	90
/home/swlab-jueon/swvul/tools/java-vuln-detection/slicing/output/CPG/c/cwe680_cpg/cwe680-361-cpg-resolved.bin	tc361_flow1	CWE680_Integer_Overflow_to_Buffer_Overflow__new_fgets_41.cpp	51	CWE680_Integer_Overflow_to_Buffer_Overflow__new_fgets_41.cpp	32
/home/swlab-jueon/swvul/tools/java-vuln-detection/slicing/output/CPG/c/cwe680_cpg/cwe680-361-cpg-resolved.bin	tc361_flow2	CWE680_Integer_Overflow_to_Buffer_Overflow__new_fgets_41.cpp	92	CWE680_Integer_Overflow_to_Buffer_Overflow__new_fgets_41.cpp	74
/home/swlab-jueon/swvul/tools/java-vuln-detection/slicing/output/CPG/c/cwe680_cpg/cwe680-362-cpg-resolved.bin	tc362_flow1	CWE680_Integer_Overflow_to_Buffer_Overflow__new_fgets_42.cpp	31	CWE680_Integer_Overflow_to_Buffer_Overflow__new_fgets_42.cpp	54
/home/swlab-jueon/swvul/tools/java-vuln-detection/slicing/output/CPG/c/cwe680_cpg/cwe680-362-cpg-resolved.bin	tc362_flow2	CWE680_Integer_Overflow_to_Buffer_Overflow__new_fgets_42.cpp	72	CWE680_Integer_Overflow_to_Buffer_Overflow__new_fgets_42.cpp	87
/home/swlab-jueon/swvul/tools/java-vuln-detection/slicing/output/CPG/c/cwe680_cpg/cwe680-363-cpg-resolved.bin	tc363_flow1	CWE680_Integer_Overflow_to_Buffer_Overflow__new_fgets_43.cpp	31	CWE680_Integer_Overflow_to_Buffer_Overflow__new_fgets_43.cpp	53
/home/swlab-jueon/swvul/tools/java-vuln-detection/slicing/output/CPG/c/cwe680_cpg/cwe680-363-cpg-resolved.bin	tc363_flow2	CWE680_Integer_Overflow_to_Buffer_Overflow__new_fgets_43.cpp	72	CWE680_Integer_Overflow_to_Buffer_Overflow__new_fgets_43.cpp	85
/home/swlab-jueon/swvul/tools/java-vuln-detection/slicing/output/CPG/c/cwe680_cpg/cwe680-364-cpg-resolved.bin	tc364_flow1	CWE680_Integer_Overflow_to_Buffer_Overflow__new_fgets_44.cpp	53	CWE680_Integer_Overflow_to_Buffer_Overflow__new_fgets_44.cpp	32
/home/swlab-jueon/swvul/tools/java-vuln-detection/slicing/output/CPG/c/cwe680_cpg/cwe680-364-cpg-resolved.bin	tc364_flow2	CWE680_Integer_Overflow_to_Buffer_Overflow__new_fgets_44.cpp	96	CWE680_Integer_Overflow_to_Buffer_Overflow__new_fgets_44.cpp	78
/home/swlab-jueon/swvul/tools/java-vuln-detection/slicing/output/CPG/c/cwe680_cpg/cwe680-365-cpg-resolved.bin	tc365_flow1	CWE680_Integer_Overflow_to_Buffer_Overflow__new_fgets_45.cpp	55	CWE680_Integer_Overflow_to_Buffer_Overflow__new_fgets_45.cpp	36
/home/swlab-jueon/swvul/tools/java-vuln-detection/slicing/output/CPG/c/cwe680_cpg/cwe680-365-cpg-resolved.bin	tc365_flow2	CWE680_Integer_Overflow_to_Buffer_Overflow__new_fgets_45.cpp	98	CWE680_Integer_Overflow_to_Buffer_Overflow__new_fgets_45.cpp	81
/home/swlab-jueon/swvul/tools/java-vuln-detection/slicing/output/CPG/c/cwe680_cpg/cwe680-366-cpg-resolved.bin	tc366_flow1	CWE680_Integer_Overflow_to_Buffer_Overflow__new_fgets_51a.cpp	37	CWE680_Integer_Overflow_to_Buffer_Overflow__new_fgets_51b.cpp	34
/home/swlab-jueon/swvul/tools/java-vuln-detection/slicing/output/CPG/c/cwe680_cpg/cwe680-366-cpg-resolved.bin	tc366_flow2	CWE680_Integer_Overflow_to_Buffer_Overflow__new_fgets_51a.cpp	64	CWE680_Integer_Overflow_to_Buffer_Overflow__new_fgets_51b.cpp	56
/home/swlab-jueon/swvul/tools/java-vuln-detection/slicing/output/CPG/c/cwe680_cpg/cwe680-367-cpg-resolved.bin	tc367_flow1	CWE680_Integer_Overflow_to_Buffer_Overflow__new_fgets_52a.cpp	37	CWE680_Integer_Overflow_to_Buffer_Overflow__new_fgets_52c.cpp	34
/home/swlab-jueon/swvul/tools/java-vuln-detection/slicing/output/CPG/c/cwe680_cpg/cwe680-367-cpg-resolved.bin	tc367_flow2	CWE680_Integer_Overflow_to_Buffer_Overflow__new_fgets_52a.cpp	64	CWE680_Integer_Overflow_to_Buffer_Overflow__new_fgets_52c.cpp	56
/home/swlab-jueon/swvul/tools/java-vuln-detection/slicing/output/CPG/c/cwe680_cpg/cwe680-368-cpg-resolved.bin	tc368_flow1	CWE680_Integer_Overflow_to_Buffer_Overflow__new_fgets_53a.cpp	37	CWE680_Integer_Overflow_to_Buffer_Overflow__new_fgets_53d.cpp	34
/home/swlab-jueon/swvul/tools/java-vuln-detection/slicing/output/CPG/c/cwe680_cpg/cwe680-368-cpg-resolved.bin	tc368_flow2	CWE680_Integer_Overflow_to_Buffer_Overflow__new_fgets_53a.cpp	64	CWE680_Integer_Overflow_to_Buffer_Overflow__new_fgets_53d.cpp	56
/home/swlab-jueon/swvul/tools/java-vuln-detection/slicing/output/CPG/c/cwe680_cpg/cwe680-369-cpg-resolved.bin	tc369_flow1	CWE680_Integer_Overflow_to_Buffer_Overflow__new_fgets_54a.cpp	37	CWE680_Integer_Overflow_to_Buffer_Overflow__new_fgets_54e.cpp	34
/home/swlab-jueon/swvul/tools/java-vuln-detection/slicing/output/CPG/c/cwe680_cpg/cwe680-369-cpg-resolved.bin	tc369_flow2	CWE680_Integer_Overflow_to_Buffer_Overflow__new_fgets_54a.cpp	64	CWE680_Integer_Overflow_to_Buffer_Overflow__new_fgets_54e.cpp	56
/home/swlab-jueon/swvul/tools/java-vuln-detection/slicing/output/CPG/c/cwe680_cpg/cwe680-370-cpg-resolved.bin	tc370_flow1	CWE680_Integer_Overflow_to_Buffer_Overflow__new_fgets_61b.cpp	31	CWE680_Integer_Overflow_to_Buffer_Overflow__new_fgets_61a.cpp	39
/home/swlab-jueon/swvul/tools/java-vuln-detection/slicing/output/CPG/c/cwe680_cpg/cwe680-370-cpg-resolved.bin	tc370_flow2	CWE680_Integer_Overflow_to_Buffer_Overflow__new_fgets_61b.cpp	52	CWE680_Integer_Overflow_to_Buffer_Overflow__new_fgets_61a.cpp	67
/home/swlab-jueon/swvul/tools/java-vuln-detection/slicing/output/CPG/c/cwe680_cpg/cwe680-371-cpg-resolved.bin	tc371_flow1	CWE680_Integer_Overflow_to_Buffer_Overflow__new_fgets_62b.cpp	31	CWE680_Integer_Overflow_to_Buffer_Overflow__new_fgets_62a.cpp	39
/home/swlab-jueon/swvul/tools/java-vuln-detection/slicing/output/CPG/c/cwe680_cpg/cwe680-371-cpg-resolved.bin	tc371_flow2	CWE680_Integer_Overflow_to_Buffer_Overflow__new_fgets_62b.cpp	51	CWE680_Integer_Overflow_to_Buffer_Overflow__new_fgets_62a.cpp	67
/home/swlab-jueon/swvul/tools/java-vuln-detection/slicing/output/CPG/c/cwe680_cpg/cwe680-372-cpg-resolved.bin	tc372_flow1	CWE680_Integer_Overflow_to_Buffer_Overflow__new_fgets_63a.cpp	37	CWE680_Integer_Overflow_to_Buffer_Overflow__new_fgets_63b.cpp	33
/home/swlab-jueon/swvul/tools/java-vuln-detection/slicing/output/CPG/c/cwe680_cpg/cwe680-372-cpg-resolved.bin	tc372_flow2	CWE680_Integer_Overflow_to_Buffer_Overflow__new_fgets_63a.cpp	63	CWE680_Integer_Overflow_to_Buffer_Overflow__new_fgets_63b.cpp	56
/home/swlab-jueon/swvul/tools/java-vuln-detection/slicing/output/CPG/c/cwe680_cpg/cwe680-373-cpg-resolved.bin	tc373_flow1	CWE680_Integer_Overflow_to_Buffer_Overflow__new_fgets_64a.cpp	37	CWE680_Integer_Overflow_to_Buffer_Overflow__new_fgets_64b.cpp	36
/home/swlab-jueon/swvul/tools/java-vuln-detection/slicing/output/CPG/c/cwe680_cpg/cwe680-373-cpg-resolved.bin	tc373_flow2	CWE680_Integer_Overflow_to_Buffer_Overflow__new_fgets_64a.cpp	63	CWE680_Integer_Overflow_to_Buffer_Overflow__new_fgets_64b.cpp	62
/home/swlab-jueon/swvul/tools/java-vuln-detection/slicing/output/CPG/c/cwe680_cpg/cwe680-374-cpg-resolved.bin	tc374_flow1	CWE680_Integer_Overflow_to_Buffer_Overflow__new_fgets_65a.cpp	39	CWE680_Integer_Overflow_to_Buffer_Overflow__new_fgets_65b.cpp	32
/home/swlab-jueon/swvul/tools/java-vuln-detection/slicing/output/CPG/c/cwe680_cpg/cwe680-374-cpg-resolved.bin	tc374_flow2	CWE680_Integer_Overflow_to_Buffer_Overflow__new_fgets_65a.cpp	67	CWE680_Integer_Overflow_to_Buffer_Overflow__new_fgets_65b.cpp	54
/home/swlab-jueon/swvul/tools/java-vuln-detection/slicing/output/CPG/c/cwe680_cpg/cwe680-375-cpg-resolved.bin	tc375_flow1	CWE680_Integer_Overflow_to_Buffer_Overflow__new_fgets_66a.cpp	38	CWE680_Integer_Overflow_to_Buffer_Overflow__new_fgets_66b.cpp	34
/home/swlab-jueon/swvul/tools/java-vuln-detection/slicing/output/CPG/c/cwe680_cpg/cwe680-375-cpg-resolved.bin	tc375_flow2	CWE680_Integer_Overflow_to_Buffer_Overflow__new_fgets_66a.cpp	69	CWE680_Integer_Overflow_to_Buffer_Overflow__new_fgets_66b.cpp	57
/home/swlab-jueon/swvul/tools/java-vuln-detection/slicing/output/CPG/c/cwe680_cpg/cwe680-376-cpg-resolved.bin	tc376_flow1	CWE680_Integer_Overflow_to_Buffer_Overflow__new_fgets_67a.cpp	43	CWE680_Integer_Overflow_to_Buffer_Overflow__new_fgets_67b.cpp	38
/home/swlab-jueon/swvul/tools/java-vuln-detection/slicing/output/CPG/c/cwe680_cpg/cwe680-376-cpg-resolved.bin	tc376_flow2	CWE680_Integer_Overflow_to_Buffer_Overflow__new_fgets_67a.cpp	71	CWE680_Integer_Overflow_to_Buffer_Overflow__new_fgets_67b.cpp	61
/home/swlab-jueon/swvul/tools/java-vuln-detection/slicing/output/CPG/c/cwe680_cpg/cwe680-377-cpg-resolved.bin	tc377_flow1	CWE680_Integer_Overflow_to_Buffer_Overflow__new_fgets_68a.cpp	40	CWE680_Integer_Overflow_to_Buffer_Overflow__new_fgets_68b.cpp	38
/home/swlab-jueon/swvul/tools/java-vuln-detection/slicing/output/CPG/c/cwe680_cpg/cwe680-377-cpg-resolved.bin	tc377_flow2	CWE680_Integer_Overflow_to_Buffer_Overflow__new_fgets_68a.cpp	68	CWE680_Integer_Overflow_to_Buffer_Overflow__new_fgets_68b.cpp	61
/home/swlab-jueon/swvul/tools/java-vuln-detection/slicing/output/CPG/c/cwe680_cpg/cwe680-378-cpg-resolved.bin	tc378_flow1	CWE680_Integer_Overflow_to_Buffer_Overflow__new_fgets_72a.cpp	41	CWE680_Integer_Overflow_to_Buffer_Overflow__new_fgets_72b.cpp	35
/home/swlab-jueon/swvul/tools/java-vuln-detection/slicing/output/CPG/c/cwe680_cpg/cwe680-378-cpg-resolved.bin	tc378_flow2	CWE680_Integer_Overflow_to_Buffer_Overflow__new_fgets_72a.cpp	74	CWE680_Integer_Overflow_to_Buffer_Overflow__new_fgets_72b.cpp	58
/home/swlab-jueon/swvul/tools/java-vuln-detection/slicing/output/CPG/c/cwe680_cpg/cwe680-379-cpg-resolved.bin	tc379_flow1	CWE680_Integer_Overflow_to_Buffer_Overflow__new_fgets_73a.cpp	41	CWE680_Integer_Overflow_to_Buffer_Overflow__new_fgets_73b.cpp	35
/home/swlab-jueon/swvul/tools/java-vuln-detection/slicing/output/CPG/c/cwe680_cpg/cwe680-379-cpg-resolved.bin	tc379_flow2	CWE680_Integer_Overflow_to_Buffer_Overflow__new_fgets_73a.cpp	74	CWE680_Integer_Overflow_to_Buffer_Overflow__new_fgets_73b.cpp	58
/home/swlab-jueon/swvul/tools/java-vuln-detection/slicing/output/CPG/c/cwe680_cpg/cwe680-380-cpg-resolved.bin	tc380_flow1	CWE680_Integer_Overflow_to_Buffer_Overflow__new_fgets_74a.cpp	41	CWE680_Integer_Overflow_to_Buffer_Overflow__new_fgets_74b.cpp	35
/home/swlab-jueon/swvul/tools/java-vuln-detection/slicing/output/CPG/c/cwe680_cpg/cwe680-380-cpg-resolved.bin	tc380_flow2	CWE680_Integer_Overflow_to_Buffer_Overflow__new_fgets_74a.cpp	74	CWE680_Integer_Overflow_to_Buffer_Overflow__new_fgets_74b.cpp	58
/home/swlab-jueon/swvul/tools/java-vuln-detection/slicing/output/CPG/c/cwe680_cpg/cwe680-381-cpg-resolved.bin	tc381_flow1	CWE680_Integer_Overflow_to_Buffer_Overflow__new_fgets_81a.cpp	35	CWE680_Integer_Overflow_to_Buffer_Overflow__new_fgets_81_bad.cpp	30
/home/swlab-jueon/swvul/tools/java-vuln-detection/slicing/output/CPG/c/cwe680_cpg/cwe680-381-cpg-resolved.bin	tc381_flow2	CWE680_Integer_Overflow_to_Buffer_Overflow__new_fgets_81a.cpp	60	CWE680_Integer_Overflow_to_Buffer_Overflow__new_fgets_81_goodG2B.cpp	30
/home/swlab-jueon/swvul/tools/java-vuln-detection/slicing/output/CPG/c/cwe680_cpg/cwe680-382-cpg-resolved.bin	tc382_flow1	CWE680_Integer_Overflow_to_Buffer_Overflow__new_fgets_82a.cpp	35	CWE680_Integer_Overflow_to_Buffer_Overflow__new_fgets_82_bad.cpp	30
/home/swlab-jueon/swvul/tools/java-vuln-detection/slicing/output/CPG/c/cwe680_cpg/cwe680-382-cpg-resolved.bin	tc382_flow2	CWE680_Integer_Overflow_to_Buffer_Overflow__new_fgets_82a.cpp	61	CWE680_Integer_Overflow_to_Buffer_Overflow__new_fgets_82_goodG2B.cpp	30
/home/swlab-jueon/swvul/tools/java-vuln-detection/slicing/output/CPG/c/cwe680_cpg/cwe680-383-cpg-resolved.bin	tc383_flow1	CWE680_Integer_Overflow_to_Buffer_Overflow__new_fgets_83_bad.cpp	31	CWE680_Integer_Overflow_to_Buffer_Overflow__new_fgets_83_bad.cpp	49
/home/swlab-jueon/swvul/tools/java-vuln-detection/slicing/output/CPG/c/cwe680_cpg/cwe680-383-cpg-resolved.bin	tc383_flow2	CWE680_Integer_Overflow_to_Buffer_Overflow__new_fgets_83_goodG2B.cpp	27	CWE680_Integer_Overflow_to_Buffer_Overflow__new_fgets_83_goodG2B.cpp	36
/home/swlab-jueon/swvul/tools/java-vuln-detection/slicing/output/CPG/c/cwe680_cpg/cwe680-384-cpg-resolved.bin	tc384_flow1	CWE680_Integer_Overflow_to_Buffer_Overflow__new_fgets_84_bad.cpp	31	CWE680_Integer_Overflow_to_Buffer_Overflow__new_fgets_84_bad.cpp	49
/home/swlab-jueon/swvul/tools/java-vuln-detection/slicing/output/CPG/c/cwe680_cpg/cwe680-384-cpg-resolved.bin	tc384_flow2	CWE680_Integer_Overflow_to_Buffer_Overflow__new_fgets_84_goodG2B.cpp	27	CWE680_Integer_Overflow_to_Buffer_Overflow__new_fgets_84_goodG2B.cpp	36
/home/swlab-jueon/swvul/tools/java-vuln-detection/slicing/output/CPG/c/cwe680_cpg/cwe680-385-cpg-resolved.bin	tc385_flow1	CWE680_Integer_Overflow_to_Buffer_Overflow__new_fixed_01.cpp	30	CWE680_Integer_Overflow_to_Buffer_Overflow__new_fixed_01.cpp	37
/home/swlab-jueon/swvul/tools/java-vuln-detection/slicing/output/CPG/c/cwe680_cpg/cwe680-385-cpg-resolved.bin	tc385_flow2	CWE680_Integer_Overflow_to_Buffer_Overflow__new_fixed_01.cpp	59	CWE680_Integer_Overflow_to_Buffer_Overflow__new_fixed_01.cpp	64
/home/swlab-jueon/swvul/tools/java-vuln-detection/slicing/output/CPG/c/cwe680_cpg/cwe680-386-cpg-resolved.bin	tc386_flow1	CWE680_Integer_Overflow_to_Buffer_Overflow__new_fixed_02.cpp	32	CWE680_Integer_Overflow_to_Buffer_Overflow__new_fixed_02.cpp	40
/home/swlab-jueon/swvul/tools/java-vuln-detection/slicing/output/CPG/c/cwe680_cpg/cwe680-386-cpg-resolved.bin	tc386_flow2	CWE680_Integer_Overflow_to_Buffer_Overflow__new_fixed_02.cpp	69	CWE680_Integer_Overflow_to_Buffer_Overflow__new_fixed_02.cpp	75
/home/swlab-jueon/swvul/tools/java-vuln-detection/slicing/output/CPG/c/cwe680_cpg/cwe680-386-cpg-resolved.bin	tc386_flow3	CWE680_Integer_Overflow_to_Buffer_Overflow__new_fixed_02.cpp	95	CWE680_Integer_Overflow_to_Buffer_Overflow__new_fixed_02.cpp	101
/home/swlab-jueon/swvul/tools/java-vuln-detection/slicing/output/CPG/c/cwe680_cpg/cwe680-387-cpg-resolved.bin	tc387_flow1	CWE680_Integer_Overflow_to_Buffer_Overflow__new_fixed_03.cpp	32	CWE680_Integer_Overflow_to_Buffer_Overflow__new_fixed_03.cpp	40
/home/swlab-jueon/swvul/tools/java-vuln-detection/slicing/output/CPG/c/cwe680_cpg/cwe680-387-cpg-resolved.bin	tc387_flow2	CWE680_Integer_Overflow_to_Buffer_Overflow__new_fixed_03.cpp	69	CWE680_Integer_Overflow_to_Buffer_Overflow__new_fixed_03.cpp	75
/home/swlab-jueon/swvul/tools/java-vuln-detection/slicing/output/CPG/c/cwe680_cpg/cwe680-387-cpg-resolved.bin	tc387_flow3	CWE680_Integer_Overflow_to_Buffer_Overflow__new_fixed_03.cpp	95	CWE680_Integer_Overflow_to_Buffer_Overflow__new_fixed_03.cpp	101
/home/swlab-jueon/swvul/tools/java-vuln-detection/slicing/output/CPG/c/cwe680_cpg/cwe680-388-cpg-resolved.bin	tc388_flow1	CWE680_Integer_Overflow_to_Buffer_Overflow__new_fixed_04.cpp	38	CWE680_Integer_Overflow_to_Buffer_Overflow__new_fixed_04.cpp	46
/home/swlab-jueon/swvul/tools/java-vuln-detection/slicing/output/CPG/c/cwe680_cpg/cwe680-388-cpg-resolved.bin	tc388_flow2	CWE680_Integer_Overflow_to_Buffer_Overflow__new_fixed_04.cpp	75	CWE680_Integer_Overflow_to_Buffer_Overflow__new_fixed_04.cpp	81
/home/swlab-jueon/swvul/tools/java-vuln-detection/slicing/output/CPG/c/cwe680_cpg/cwe680-388-cpg-resolved.bin	tc388_flow3	CWE680_Integer_Overflow_to_Buffer_Overflow__new_fixed_04.cpp	101	CWE680_Integer_Overflow_to_Buffer_Overflow__new_fixed_04.cpp	107
/home/swlab-jueon/swvul/tools/java-vuln-detection/slicing/output/CPG/c/cwe680_cpg/cwe680-389-cpg-resolved.bin	tc389_flow1	CWE680_Integer_Overflow_to_Buffer_Overflow__new_fixed_05.cpp	38	CWE680_Integer_Overflow_to_Buffer_Overflow__new_fixed_05.cpp	46
/home/swlab-jueon/swvul/tools/java-vuln-detection/slicing/output/CPG/c/cwe680_cpg/cwe680-389-cpg-resolved.bin	tc389_flow2	CWE680_Integer_Overflow_to_Buffer_Overflow__new_fixed_05.cpp	75	CWE680_Integer_Overflow_to_Buffer_Overflow__new_fixed_05.cpp	81
/home/swlab-jueon/swvul/tools/java-vuln-detection/slicing/output/CPG/c/cwe680_cpg/cwe680-389-cpg-resolved.bin	tc389_flow3	CWE680_Integer_Overflow_to_Buffer_Overflow__new_fixed_05.cpp	101	CWE680_Integer_Overflow_to_Buffer_Overflow__new_fixed_05.cpp	107
/home/swlab-jueon/swvul/tools/java-vuln-detection/slicing/output/CPG/c/cwe680_cpg/cwe680-390-cpg-resolved.bin	tc390_flow1	CWE680_Integer_Overflow_to_Buffer_Overflow__new_fixed_06.cpp	37	CWE680_Integer_Overflow_to_Buffer_Overflow__new_fixed_06.cpp	45
/home/swlab-jueon/swvul/tools/java-vuln-detection/slicing/output/CPG/c/cwe680_cpg/cwe680-390-cpg-resolved.bin	tc390_flow2	CWE680_Integer_Overflow_to_Buffer_Overflow__new_fixed_06.cpp	74	CWE680_Integer_Overflow_to_Buffer_Overflow__new_fixed_06.cpp	80
/home/swlab-jueon/swvul/tools/java-vuln-detection/slicing/output/CPG/c/cwe680_cpg/cwe680-390-cpg-resolved.bin	tc390_flow3	CWE680_Integer_Overflow_to_Buffer_Overflow__new_fixed_06.cpp	100	CWE680_Integer_Overflow_to_Buffer_Overflow__new_fixed_06.cpp	106
/home/swlab-jueon/swvul/tools/java-vuln-detection/slicing/output/CPG/c/cwe680_cpg/cwe680-391-cpg-resolved.bin	tc391_flow1	CWE680_Integer_Overflow_to_Buffer_Overflow__new_fixed_07.cpp	37	CWE680_Integer_Overflow_to_Buffer_Overflow__new_fixed_07.cpp	45
/home/swlab-jueon/swvul/tools/java-vuln-detection/slicing/output/CPG/c/cwe680_cpg/cwe680-391-cpg-resolved.bin	tc391_flow2	CWE680_Integer_Overflow_to_Buffer_Overflow__new_fixed_07.cpp	74	CWE680_Integer_Overflow_to_Buffer_Overflow__new_fixed_07.cpp	80
/home/swlab-jueon/swvul/tools/java-vuln-detection/slicing/output/CPG/c/cwe680_cpg/cwe680-391-cpg-resolved.bin	tc391_flow3	CWE680_Integer_Overflow_to_Buffer_Overflow__new_fixed_07.cpp	100	CWE680_Integer_Overflow_to_Buffer_Overflow__new_fixed_07.cpp	106
/home/swlab-jueon/swvul/tools/java-vuln-detection/slicing/output/CPG/c/cwe680_cpg/cwe680-392-cpg-resolved.bin	tc392_flow1	CWE680_Integer_Overflow_to_Buffer_Overflow__new_fixed_08.cpp	45	CWE680_Integer_Overflow_to_Buffer_Overflow__new_fixed_08.cpp	53
/home/swlab-jueon/swvul/tools/java-vuln-detection/slicing/output/CPG/c/cwe680_cpg/cwe680-392-cpg-resolved.bin	tc392_flow2	CWE680_Integer_Overflow_to_Buffer_Overflow__new_fixed_08.cpp	82	CWE680_Integer_Overflow_to_Buffer_Overflow__new_fixed_08.cpp	88
/home/swlab-jueon/swvul/tools/java-vuln-detection/slicing/output/CPG/c/cwe680_cpg/cwe680-392-cpg-resolved.bin	tc392_flow3	CWE680_Integer_Overflow_to_Buffer_Overflow__new_fixed_08.cpp	108	CWE680_Integer_Overflow_to_Buffer_Overflow__new_fixed_08.cpp	114
/home/swlab-jueon/swvul/tools/java-vuln-detection/slicing/output/CPG/c/cwe680_cpg/cwe680-393-cpg-resolved.bin	tc393_flow1	CWE680_Integer_Overflow_to_Buffer_Overflow__new_fixed_09.cpp	32	CWE680_Integer_Overflow_to_Buffer_Overflow__new_fixed_09.cpp	40
/home/swlab-jueon/swvul/tools/java-vuln-detection/slicing/output/CPG/c/cwe680_cpg/cwe680-393-cpg-resolved.bin	tc393_flow2	CWE680_Integer_Overflow_to_Buffer_Overflow__new_fixed_09.cpp	69	CWE680_Integer_Overflow_to_Buffer_Overflow__new_fixed_09.cpp	75
/home/swlab-jueon/swvul/tools/java-vuln-detection/slicing/output/CPG/c/cwe680_cpg/cwe680-393-cpg-resolved.bin	tc393_flow3	CWE680_Integer_Overflow_to_Buffer_Overflow__new_fixed_09.cpp	95	CWE680_Integer_Overflow_to_Buffer_Overflow__new_fixed_09.cpp	101
/home/swlab-jueon/swvul/tools/java-vuln-detection/slicing/output/CPG/c/cwe680_cpg/cwe680-394-cpg-resolved.bin	tc394_flow1	CWE680_Integer_Overflow_to_Buffer_Overflow__new_fixed_10.cpp	32	CWE680_Integer_Overflow_to_Buffer_Overflow__new_fixed_10.cpp	40
/home/swlab-jueon/swvul/tools/java-vuln-detection/slicing/output/CPG/c/cwe680_cpg/cwe680-394-cpg-resolved.bin	tc394_flow2	CWE680_Integer_Overflow_to_Buffer_Overflow__new_fixed_10.cpp	69	CWE680_Integer_Overflow_to_Buffer_Overflow__new_fixed_10.cpp	75
/home/swlab-jueon/swvul/tools/java-vuln-detection/slicing/output/CPG/c/cwe680_cpg/cwe680-394-cpg-resolved.bin	tc394_flow3	CWE680_Integer_Overflow_to_Buffer_Overflow__new_fixed_10.cpp	95	CWE680_Integer_Overflow_to_Buffer_Overflow__new_fixed_10.cpp	101
/home/swlab-jueon/swvul/tools/java-vuln-detection/slicing/output/CPG/c/cwe680_cpg/cwe680-395-cpg-resolved.bin	tc395_flow1	CWE680_Integer_Overflow_to_Buffer_Overflow__new_fixed_11.cpp	32	CWE680_Integer_Overflow_to_Buffer_Overflow__new_fixed_11.cpp	40
/home/swlab-jueon/swvul/tools/java-vuln-detection/slicing/output/CPG/c/cwe680_cpg/cwe680-395-cpg-resolved.bin	tc395_flow2	CWE680_Integer_Overflow_to_Buffer_Overflow__new_fixed_11.cpp	69	CWE680_Integer_Overflow_to_Buffer_Overflow__new_fixed_11.cpp	75
/home/swlab-jueon/swvul/tools/java-vuln-detection/slicing/output/CPG/c/cwe680_cpg/cwe680-395-cpg-resolved.bin	tc395_flow3	CWE680_Integer_Overflow_to_Buffer_Overflow__new_fixed_11.cpp	95	CWE680_Integer_Overflow_to_Buffer_Overflow__new_fixed_11.cpp	101
/home/swlab-jueon/swvul/tools/java-vuln-detection/slicing/output/CPG/c/cwe680_cpg/cwe680-396-cpg-resolved.bin	tc396_flow1	CWE680_Integer_Overflow_to_Buffer_Overflow__new_fixed_12.cpp	32	CWE680_Integer_Overflow_to_Buffer_Overflow__new_fixed_12.cpp	45
/home/swlab-jueon/swvul/tools/java-vuln-detection/slicing/output/CPG/c/cwe680_cpg/cwe680-396-cpg-resolved.bin	tc396_flow2	CWE680_Integer_Overflow_to_Buffer_Overflow__new_fixed_12.cpp	70	CWE680_Integer_Overflow_to_Buffer_Overflow__new_fixed_12.cpp	81
/home/swlab-jueon/swvul/tools/java-vuln-detection/slicing/output/CPG/c/cwe680_cpg/cwe680-397-cpg-resolved.bin	tc397_flow1	CWE680_Integer_Overflow_to_Buffer_Overflow__new_fixed_13.cpp	32	CWE680_Integer_Overflow_to_Buffer_Overflow__new_fixed_13.cpp	40
/home/swlab-jueon/swvul/tools/java-vuln-detection/slicing/output/CPG/c/cwe680_cpg/cwe680-397-cpg-resolved.bin	tc397_flow2	CWE680_Integer_Overflow_to_Buffer_Overflow__new_fixed_13.cpp	69	CWE680_Integer_Overflow_to_Buffer_Overflow__new_fixed_13.cpp	75
/home/swlab-jueon/swvul/tools/java-vuln-detection/slicing/output/CPG/c/cwe680_cpg/cwe680-397-cpg-resolved.bin	tc397_flow3	CWE680_Integer_Overflow_to_Buffer_Overflow__new_fixed_13.cpp	95	CWE680_Integer_Overflow_to_Buffer_Overflow__new_fixed_13.cpp	101
/home/swlab-jueon/swvul/tools/java-vuln-detection/slicing/output/CPG/c/cwe680_cpg/cwe680-398-cpg-resolved.bin	tc398_flow1	CWE680_Integer_Overflow_to_Buffer_Overflow__new_fixed_14.cpp	32	CWE680_Integer_Overflow_to_Buffer_Overflow__new_fixed_14.cpp	40
/home/swlab-jueon/swvul/tools/java-vuln-detection/slicing/output/CPG/c/cwe680_cpg/cwe680-398-cpg-resolved.bin	tc398_flow2	CWE680_Integer_Overflow_to_Buffer_Overflow__new_fixed_14.cpp	69	CWE680_Integer_Overflow_to_Buffer_Overflow__new_fixed_14.cpp	75
/home/swlab-jueon/swvul/tools/java-vuln-detection/slicing/output/CPG/c/cwe680_cpg/cwe680-398-cpg-resolved.bin	tc398_flow3	CWE680_Integer_Overflow_to_Buffer_Overflow__new_fixed_14.cpp	95	CWE680_Integer_Overflow_to_Buffer_Overflow__new_fixed_14.cpp	101
/home/swlab-jueon/swvul/tools/java-vuln-detection/slicing/output/CPG/c/cwe680_cpg/cwe680-399-cpg-resolved.bin	tc399_flow1	CWE680_Integer_Overflow_to_Buffer_Overflow__new_fixed_15.cpp	33	CWE680_Integer_Overflow_to_Buffer_Overflow__new_fixed_15.cpp	46
/home/swlab-jueon/swvul/tools/java-vuln-detection/slicing/output/CPG/c/cwe680_cpg/cwe680-399-cpg-resolved.bin	tc399_flow2	CWE680_Integer_Overflow_to_Buffer_Overflow__new_fixed_15.cpp	75	CWE680_Integer_Overflow_to_Buffer_Overflow__new_fixed_15.cpp	82
/home/swlab-jueon/swvul/tools/java-vuln-detection/slicing/output/CPG/c/cwe680_cpg/cwe680-399-cpg-resolved.bin	tc399_flow3	CWE680_Integer_Overflow_to_Buffer_Overflow__new_fixed_15.cpp	103	CWE680_Integer_Overflow_to_Buffer_Overflow__new_fixed_15.cpp	114
/home/swlab-jueon/swvul/tools/java-vuln-detection/slicing/output/CPG/c/cwe680_cpg/cwe680-400-cpg-resolved.bin	tc400_flow1	CWE680_Integer_Overflow_to_Buffer_Overflow__new_fixed_16.cpp	32	CWE680_Integer_Overflow_to_Buffer_Overflow__new_fixed_16.cpp	41
/home/swlab-jueon/swvul/tools/java-vuln-detection/slicing/output/CPG/c/cwe680_cpg/cwe680-400-cpg-resolved.bin	tc400_flow2	CWE680_Integer_Overflow_to_Buffer_Overflow__new_fixed_16.cpp	65	CWE680_Integer_Overflow_to_Buffer_Overflow__new_fixed_16.cpp	72
/home/swlab-jueon/swvul/tools/java-vuln-detection/slicing/output/CPG/c/cwe680_cpg/cwe680-401-cpg-resolved.bin	tc401_flow1	CWE680_Integer_Overflow_to_Buffer_Overflow__new_fixed_17.cpp	33	CWE680_Integer_Overflow_to_Buffer_Overflow__new_fixed_17.cpp	41
/home/swlab-jueon/swvul/tools/java-vuln-detection/slicing/output/CPG/c/cwe680_cpg/cwe680-401-cpg-resolved.bin	tc401_flow2	CWE680_Integer_Overflow_to_Buffer_Overflow__new_fixed_17.cpp	66	CWE680_Integer_Overflow_to_Buffer_Overflow__new_fixed_17.cpp	72
/home/swlab-jueon/swvul/tools/java-vuln-detection/slicing/output/CPG/c/cwe680_cpg/cwe680-402-cpg-resolved.bin	tc402_flow1	CWE680_Integer_Overflow_to_Buffer_Overflow__new_fixed_18.cpp	32	CWE680_Integer_Overflow_to_Buffer_Overflow__new_fixed_18.cpp	39
/home/swlab-jueon/swvul/tools/java-vuln-detection/slicing/output/CPG/c/cwe680_cpg/cwe680-402-cpg-resolved.bin	tc402_flow2	CWE680_Integer_Overflow_to_Buffer_Overflow__new_fixed_18.cpp	63	CWE680_Integer_Overflow_to_Buffer_Overflow__new_fixed_18.cpp	68
/home/swlab-jueon/swvul/tools/java-vuln-detection/slicing/output/CPG/c/cwe680_cpg/cwe680-403-cpg-resolved.bin	tc403_flow1	CWE680_Integer_Overflow_to_Buffer_Overflow__new_fixed_21.cpp	32	CWE680_Integer_Overflow_to_Buffer_Overflow__new_fixed_21.cpp	50
/home/swlab-jueon/swvul/tools/java-vuln-detection/slicing/output/CPG/c/cwe680_cpg/cwe680-403-cpg-resolved.bin	tc403_flow2	CWE680_Integer_Overflow_to_Buffer_Overflow__new_fixed_21.cpp	81	CWE680_Integer_Overflow_to_Buffer_Overflow__new_fixed_21.cpp	97
/home/swlab-jueon/swvul/tools/java-vuln-detection/slicing/output/CPG/c/cwe680_cpg/cwe680-403-cpg-resolved.bin	tc403_flow3	CWE680_Integer_Overflow_to_Buffer_Overflow__new_fixed_21.cpp	115	CWE680_Integer_Overflow_to_Buffer_Overflow__new_fixed_21.cpp	131
/home/swlab-jueon/swvul/tools/java-vuln-detection/slicing/output/CPG/c/cwe680_cpg/cwe680-404-cpg-resolved.bin	tc404_flow1	CWE680_Integer_Overflow_to_Buffer_Overflow__new_fixed_22b.cpp	33	CWE680_Integer_Overflow_to_Buffer_Overflow__new_fixed_22a.cpp	41
/home/swlab-jueon/swvul/tools/java-vuln-detection/slicing/output/CPG/c/cwe680_cpg/cwe680-404-cpg-resolved.bin	tc404_flow2	CWE680_Integer_Overflow_to_Buffer_Overflow__new_fixed_22b.cpp	60	CWE680_Integer_Overflow_to_Buffer_Overflow__new_fixed_22a.cpp	76
/home/swlab-jueon/swvul/tools/java-vuln-detection/slicing/output/CPG/c/cwe680_cpg/cwe680-404-cpg-resolved.bin	tc404_flow3	CWE680_Integer_Overflow_to_Buffer_Overflow__new_fixed_22b.cpp	71	CWE680_Integer_Overflow_to_Buffer_Overflow__new_fixed_22a.cpp	102
/home/swlab-jueon/swvul/tools/java-vuln-detection/slicing/output/CPG/c/cwe680_cpg/cwe680-405-cpg-resolved.bin	tc405_flow1	CWE680_Integer_Overflow_to_Buffer_Overflow__new_fixed_31.cpp	30	CWE680_Integer_Overflow_to_Buffer_Overflow__new_fixed_31.cpp	40
/home/swlab-jueon/swvul/tools/java-vuln-detection/slicing/output/CPG/c/cwe680_cpg/cwe680-405-cpg-resolved.bin	tc405_flow2	CWE680_Integer_Overflow_to_Buffer_Overflow__new_fixed_31.cpp	63	CWE680_Integer_Overflow_to_Buffer_Overflow__new_fixed_31.cpp	71
/home/swlab-jueon/swvul/tools/java-vuln-detection/slicing/output/CPG/c/cwe680_cpg/cwe680-406-cpg-resolved.bin	tc406_flow1	CWE680_Integer_Overflow_to_Buffer_Overflow__new_fixed_32.cpp	34	CWE680_Integer_Overflow_to_Buffer_Overflow__new_fixed_32.cpp	45
/home/swlab-jueon/swvul/tools/java-vuln-detection/slicing/output/CPG/c/cwe680_cpg/cwe680-406-cpg-resolved.bin	tc406_flow2	CWE680_Integer_Overflow_to_Buffer_Overflow__new_fixed_32.cpp	72	CWE680_Integer_Overflow_to_Buffer_Overflow__new_fixed_32.cpp	81
/home/swlab-jueon/swvul/tools/java-vuln-detection/slicing/output/CPG/c/cwe680_cpg/cwe680-407-cpg-resolved.bin	tc407_flow1	CWE680_Integer_Overflow_to_Buffer_Overflow__new_fixed_33.cpp	31	CWE680_Integer_Overflow_to_Buffer_Overflow__new_fixed_33.cpp	40
/home/swlab-jueon/swvul/tools/java-vuln-detection/slicing/output/CPG/c/cwe680_cpg/cwe680-407-cpg-resolved.bin	tc407_flow2	CWE680_Integer_Overflow_to_Buffer_Overflow__new_fixed_33.cpp	64	CWE680_Integer_Overflow_to_Buffer_Overflow__new_fixed_33.cpp	71
/home/swlab-jueon/swvul/tools/java-vuln-detection/slicing/output/CPG/c/cwe680_cpg/cwe680-408-cpg-resolved.bin	tc408_flow1	CWE680_Integer_Overflow_to_Buffer_Overflow__new_fixed_34.cpp	37	CWE680_Integer_Overflow_to_Buffer_Overflow__new_fixed_34.cpp	47
/home/swlab-jueon/swvul/tools/java-vuln-detection/slicing/output/CPG/c/cwe680_cpg/cwe680-408-cpg-resolved.bin	tc408_flow2	CWE680_Integer_Overflow_to_Buffer_Overflow__new_fixed_34.cpp	71	CWE680_Integer_Overflow_to_Buffer_Overflow__new_fixed_34.cpp	79
/home/swlab-jueon/swvul/tools/java-vuln-detection/slicing/output/CPG/c/cwe680_cpg/cwe680-409-cpg-resolved.bin	tc409_flow1	CWE680_Integer_Overflow_to_Buffer_Overflow__new_fixed_41.cpp	47	CWE680_Integer_Overflow_to_Buffer_Overflow__new_fixed_41.cpp	30
/home/swlab-jueon/swvul/tools/java-vuln-detection/slicing/output/CPG/c/cwe680_cpg/cwe680-409-cpg-resolved.bin	tc409_flow2	CWE680_Integer_Overflow_to_Buffer_Overflow__new_fixed_41.cpp	81	CWE680_Integer_Overflow_to_Buffer_Overflow__new_fixed_41.cpp	63
/home/swlab-jueon/swvul/tools/java-vuln-detection/slicing/output/CPG/c/cwe680_cpg/cwe680-410-cpg-resolved.bin	tc410_flow1	CWE680_Integer_Overflow_to_Buffer_Overflow__new_fixed_42.cpp	27	CWE680_Integer_Overflow_to_Buffer_Overflow__new_fixed_42.cpp	43
/home/swlab-jueon/swvul/tools/java-vuln-detection/slicing/output/CPG/c/cwe680_cpg/cwe680-410-cpg-resolved.bin	tc410_flow2	CWE680_Integer_Overflow_to_Buffer_Overflow__new_fixed_42.cpp	61	CWE680_Integer_Overflow_to_Buffer_Overflow__new_fixed_42.cpp	76
/home/swlab-jueon/swvul/tools/java-vuln-detection/slicing/output/CPG/c/cwe680_cpg/cwe680-411-cpg-resolved.bin	tc411_flow1	CWE680_Integer_Overflow_to_Buffer_Overflow__new_fixed_43.cpp	27	CWE680_Integer_Overflow_to_Buffer_Overflow__new_fixed_43.cpp	42
/home/swlab-jueon/swvul/tools/java-vuln-detection/slicing/output/CPG/c/cwe680_cpg/cwe680-411-cpg-resolved.bin	tc411_flow2	CWE680_Integer_Overflow_to_Buffer_Overflow__new_fixed_43.cpp	61	CWE680_Integer_Overflow_to_Buffer_Overflow__new_fixed_43.cpp	74
/home/swlab-jueon/swvul/tools/java-vuln-detection/slicing/output/CPG/c/cwe680_cpg/cwe680-412-cpg-resolved.bin	tc412_flow1	CWE680_Integer_Overflow_to_Buffer_Overflow__new_fixed_44.cpp	49	CWE680_Integer_Overflow_to_Buffer_Overflow__new_fixed_44.cpp	30
/home/swlab-jueon/swvul/tools/java-vuln-detection/slicing/output/CPG/c/cwe680_cpg/cwe680-412-cpg-resolved.bin	tc412_flow2	CWE680_Integer_Overflow_to_Buffer_Overflow__new_fixed_44.cpp	85	CWE680_Integer_Overflow_to_Buffer_Overflow__new_fixed_44.cpp	67
/home/swlab-jueon/swvul/tools/java-vuln-detection/slicing/output/CPG/c/cwe680_cpg/cwe680-413-cpg-resolved.bin	tc413_flow1	CWE680_Integer_Overflow_to_Buffer_Overflow__new_fixed_45.cpp	51	CWE680_Integer_Overflow_to_Buffer_Overflow__new_fixed_45.cpp	34
/home/swlab-jueon/swvul/tools/java-vuln-detection/slicing/output/CPG/c/cwe680_cpg/cwe680-413-cpg-resolved.bin	tc413_flow2	CWE680_Integer_Overflow_to_Buffer_Overflow__new_fixed_45.cpp	87	CWE680_Integer_Overflow_to_Buffer_Overflow__new_fixed_45.cpp	70
/home/swlab-jueon/swvul/tools/java-vuln-detection/slicing/output/CPG/c/cwe680_cpg/cwe680-414-cpg-resolved.bin	tc414_flow1	CWE680_Integer_Overflow_to_Buffer_Overflow__new_fixed_51a.cpp	33	CWE680_Integer_Overflow_to_Buffer_Overflow__new_fixed_51b.cpp	32
/home/swlab-jueon/swvul/tools/java-vuln-detection/slicing/output/CPG/c/cwe680_cpg/cwe680-414-cpg-resolved.bin	tc414_flow2	CWE680_Integer_Overflow_to_Buffer_Overflow__new_fixed_51a.cpp	53	CWE680_Integer_Overflow_to_Buffer_Overflow__new_fixed_51b.cpp	54
/home/swlab-jueon/swvul/tools/java-vuln-detection/slicing/output/CPG/c/cwe680_cpg/cwe680-415-cpg-resolved.bin	tc415_flow1	CWE680_Integer_Overflow_to_Buffer_Overflow__new_fixed_52a.cpp	33	CWE680_Integer_Overflow_to_Buffer_Overflow__new_fixed_52c.cpp	32
/home/swlab-jueon/swvul/tools/java-vuln-detection/slicing/output/CPG/c/cwe680_cpg/cwe680-415-cpg-resolved.bin	tc415_flow2	CWE680_Integer_Overflow_to_Buffer_Overflow__new_fixed_52a.cpp	53	CWE680_Integer_Overflow_to_Buffer_Overflow__new_fixed_52c.cpp	54
/home/swlab-jueon/swvul/tools/java-vuln-detection/slicing/output/CPG/c/cwe680_cpg/cwe680-416-cpg-resolved.bin	tc416_flow1	CWE680_Integer_Overflow_to_Buffer_Overflow__new_fixed_53a.cpp	33	CWE680_Integer_Overflow_to_Buffer_Overflow__new_fixed_53d.cpp	32
/home/swlab-jueon/swvul/tools/java-vuln-detection/slicing/output/CPG/c/cwe680_cpg/cwe680-416-cpg-resolved.bin	tc416_flow2	CWE680_Integer_Overflow_to_Buffer_Overflow__new_fixed_53a.cpp	53	CWE680_Integer_Overflow_to_Buffer_Overflow__new_fixed_53d.cpp	54
/home/swlab-jueon/swvul/tools/java-vuln-detection/slicing/output/CPG/c/cwe680_cpg/cwe680-417-cpg-resolved.bin	tc417_flow1	CWE680_Integer_Overflow_to_Buffer_Overflow__new_fixed_54a.cpp	33	CWE680_Integer_Overflow_to_Buffer_Overflow__new_fixed_54e.cpp	32
/home/swlab-jueon/swvul/tools/java-vuln-detection/slicing/output/CPG/c/cwe680_cpg/cwe680-417-cpg-resolved.bin	tc417_flow2	CWE680_Integer_Overflow_to_Buffer_Overflow__new_fixed_54a.cpp	53	CWE680_Integer_Overflow_to_Buffer_Overflow__new_fixed_54e.cpp	54
/home/swlab-jueon/swvul/tools/java-vuln-detection/slicing/output/CPG/c/cwe680_cpg/cwe680-418-cpg-resolved.bin	tc418_flow1	CWE680_Integer_Overflow_to_Buffer_Overflow__new_fixed_61b.cpp	27	CWE680_Integer_Overflow_to_Buffer_Overflow__new_fixed_61a.cpp	37
/home/swlab-jueon/swvul/tools/java-vuln-detection/slicing/output/CPG/c/cwe680_cpg/cwe680-418-cpg-resolved.bin	tc418_flow2	CWE680_Integer_Overflow_to_Buffer_Overflow__new_fixed_61b.cpp	41	CWE680_Integer_Overflow_to_Buffer_Overflow__new_fixed_61a.cpp	65
/home/swlab-jueon/swvul/tools/java-vuln-detection/slicing/output/CPG/c/cwe680_cpg/cwe680-419-cpg-resolved.bin	tc419_flow1	CWE680_Integer_Overflow_to_Buffer_Overflow__new_fixed_62b.cpp	27	CWE680_Integer_Overflow_to_Buffer_Overflow__new_fixed_62a.cpp	37
/home/swlab-jueon/swvul/tools/java-vuln-detection/slicing/output/CPG/c/cwe680_cpg/cwe680-419-cpg-resolved.bin	tc419_flow2	CWE680_Integer_Overflow_to_Buffer_Overflow__new_fixed_62b.cpp	40	CWE680_Integer_Overflow_to_Buffer_Overflow__new_fixed_62a.cpp	65
/home/swlab-jueon/swvul/tools/java-vuln-detection/slicing/output/CPG/c/cwe680_cpg/cwe680-420-cpg-resolved.bin	tc420_flow1	CWE680_Integer_Overflow_to_Buffer_Overflow__new_fixed_63a.cpp	33	CWE680_Integer_Overflow_to_Buffer_Overflow__new_fixed_63b.cpp	31
/home/swlab-jueon/swvul/tools/java-vuln-detection/slicing/output/CPG/c/cwe680_cpg/cwe680-420-cpg-resolved.bin	tc420_flow2	CWE680_Integer_Overflow_to_Buffer_Overflow__new_fixed_63a.cpp	52	CWE680_Integer_Overflow_to_Buffer_Overflow__new_fixed_63b.cpp	54
/home/swlab-jueon/swvul/tools/java-vuln-detection/slicing/output/CPG/c/cwe680_cpg/cwe680-421-cpg-resolved.bin	tc421_flow1	CWE680_Integer_Overflow_to_Buffer_Overflow__new_fixed_64a.cpp	33	CWE680_Integer_Overflow_to_Buffer_Overflow__new_fixed_64b.cpp	34
/home/swlab-jueon/swvul/tools/java-vuln-detection/slicing/output/CPG/c/cwe680_cpg/cwe680-421-cpg-resolved.bin	tc421_flow2	CWE680_Integer_Overflow_to_Buffer_Overflow__new_fixed_64a.cpp	52	CWE680_Integer_Overflow_to_Buffer_Overflow__new_fixed_64b.cpp	60
/home/swlab-jueon/swvul/tools/java-vuln-detection/slicing/output/CPG/c/cwe680_cpg/cwe680-422-cpg-resolved.bin	tc422_flow1	CWE680_Integer_Overflow_to_Buffer_Overflow__new_fixed_65a.cpp	35	CWE680_Integer_Overflow_to_Buffer_Overflow__new_fixed_65b.cpp	30
/home/swlab-jueon/swvul/tools/java-vuln-detection/slicing/output/CPG/c/cwe680_cpg/cwe680-422-cpg-resolved.bin	tc422_flow2	CWE680_Integer_Overflow_to_Buffer_Overflow__new_fixed_65a.cpp	56	CWE680_Integer_Overflow_to_Buffer_Overflow__new_fixed_65b.cpp	52
/home/swlab-jueon/swvul/tools/java-vuln-detection/slicing/output/CPG/c/cwe680_cpg/cwe680-423-cpg-resolved.bin	tc423_flow1	CWE680_Integer_Overflow_to_Buffer_Overflow__new_fixed_66a.cpp	34	CWE680_Integer_Overflow_to_Buffer_Overflow__new_fixed_66b.cpp	32
/home/swlab-jueon/swvul/tools/java-vuln-detection/slicing/output/CPG/c/cwe680_cpg/cwe680-423-cpg-resolved.bin	tc423_flow2	CWE680_Integer_Overflow_to_Buffer_Overflow__new_fixed_66a.cpp	58	CWE680_Integer_Overflow_to_Buffer_Overflow__new_fixed_66b.cpp	55
/home/swlab-jueon/swvul/tools/java-vuln-detection/slicing/output/CPG/c/cwe680_cpg/cwe680-424-cpg-resolved.bin	tc424_flow1	CWE680_Integer_Overflow_to_Buffer_Overflow__new_fixed_67a.cpp	39	CWE680_Integer_Overflow_to_Buffer_Overflow__new_fixed_67b.cpp	36
/home/swlab-jueon/swvul/tools/java-vuln-detection/slicing/output/CPG/c/cwe680_cpg/cwe680-424-cpg-resolved.bin	tc424_flow2	CWE680_Integer_Overflow_to_Buffer_Overflow__new_fixed_67a.cpp	60	CWE680_Integer_Overflow_to_Buffer_Overflow__new_fixed_67b.cpp	59
/home/swlab-jueon/swvul/tools/java-vuln-detection/slicing/output/CPG/c/cwe680_cpg/cwe680-425-cpg-resolved.bin	tc425_flow1	CWE680_Integer_Overflow_to_Buffer_Overflow__new_fixed_68a.cpp	36	CWE680_Integer_Overflow_to_Buffer_Overflow__new_fixed_68b.cpp	36
/home/swlab-jueon/swvul/tools/java-vuln-detection/slicing/output/CPG/c/cwe680_cpg/cwe680-425-cpg-resolved.bin	tc425_flow2	CWE680_Integer_Overflow_to_Buffer_Overflow__new_fixed_68a.cpp	57	CWE680_Integer_Overflow_to_Buffer_Overflow__new_fixed_68b.cpp	59
/home/swlab-jueon/swvul/tools/java-vuln-detection/slicing/output/CPG/c/cwe680_cpg/cwe680-426-cpg-resolved.bin	tc426_flow1	CWE680_Integer_Overflow_to_Buffer_Overflow__new_fixed_72a.cpp	37	CWE680_Integer_Overflow_to_Buffer_Overflow__new_fixed_72b.cpp	35
/home/swlab-jueon/swvul/tools/java-vuln-detection/slicing/output/CPG/c/cwe680_cpg/cwe680-426-cpg-resolved.bin	tc426_flow2	CWE680_Integer_Overflow_to_Buffer_Overflow__new_fixed_72a.cpp	63	CWE680_Integer_Overflow_to_Buffer_Overflow__new_fixed_72b.cpp	58
/home/swlab-jueon/swvul/tools/java-vuln-detection/slicing/output/CPG/c/cwe680_cpg/cwe680-427-cpg-resolved.bin	tc427_flow1	CWE680_Integer_Overflow_to_Buffer_Overflow__new_fixed_73a.cpp	37	CWE680_Integer_Overflow_to_Buffer_Overflow__new_fixed_73b.cpp	35
/home/swlab-jueon/swvul/tools/java-vuln-detection/slicing/output/CPG/c/cwe680_cpg/cwe680-427-cpg-resolved.bin	tc427_flow2	CWE680_Integer_Overflow_to_Buffer_Overflow__new_fixed_73a.cpp	63	CWE680_Integer_Overflow_to_Buffer_Overflow__new_fixed_73b.cpp	58
/home/swlab-jueon/swvul/tools/java-vuln-detection/slicing/output/CPG/c/cwe680_cpg/cwe680-428-cpg-resolved.bin	tc428_flow1	CWE680_Integer_Overflow_to_Buffer_Overflow__new_fixed_74a.cpp	37	CWE680_Integer_Overflow_to_Buffer_Overflow__new_fixed_74b.cpp	35
/home/swlab-jueon/swvul/tools/java-vuln-detection/slicing/output/CPG/c/cwe680_cpg/cwe680-428-cpg-resolved.bin	tc428_flow2	CWE680_Integer_Overflow_to_Buffer_Overflow__new_fixed_74a.cpp	63	CWE680_Integer_Overflow_to_Buffer_Overflow__new_fixed_74b.cpp	58
/home/swlab-jueon/swvul/tools/java-vuln-detection/slicing/output/CPG/c/cwe680_cpg/cwe680-429-cpg-resolved.bin	tc429_flow1	CWE680_Integer_Overflow_to_Buffer_Overflow__new_fixed_81a.cpp	31	CWE680_Integer_Overflow_to_Buffer_Overflow__new_fixed_81_bad.cpp	30
/home/swlab-jueon/swvul/tools/java-vuln-detection/slicing/output/CPG/c/cwe680_cpg/cwe680-429-cpg-resolved.bin	tc429_flow2	CWE680_Integer_Overflow_to_Buffer_Overflow__new_fixed_81a.cpp	49	CWE680_Integer_Overflow_to_Buffer_Overflow__new_fixed_81_goodG2B.cpp	30
/home/swlab-jueon/swvul/tools/java-vuln-detection/slicing/output/CPG/c/cwe680_cpg/cwe680-430-cpg-resolved.bin	tc430_flow1	CWE680_Integer_Overflow_to_Buffer_Overflow__new_fixed_82a.cpp	31	CWE680_Integer_Overflow_to_Buffer_Overflow__new_fixed_82_bad.cpp	30
/home/swlab-jueon/swvul/tools/java-vuln-detection/slicing/output/CPG/c/cwe680_cpg/cwe680-430-cpg-resolved.bin	tc430_flow2	CWE680_Integer_Overflow_to_Buffer_Overflow__new_fixed_82a.cpp	50	CWE680_Integer_Overflow_to_Buffer_Overflow__new_fixed_82_goodG2B.cpp	30
/home/swlab-jueon/swvul/tools/java-vuln-detection/slicing/output/CPG/c/cwe680_cpg/cwe680-431-cpg-resolved.bin	tc431_flow1	CWE680_Integer_Overflow_to_Buffer_Overflow__new_fixed_83_bad.cpp	27	CWE680_Integer_Overflow_to_Buffer_Overflow__new_fixed_83_bad.cpp	38
/home/swlab-jueon/swvul/tools/java-vuln-detection/slicing/output/CPG/c/cwe680_cpg/cwe680-431-cpg-resolved.bin	tc431_flow2	CWE680_Integer_Overflow_to_Buffer_Overflow__new_fixed_83_goodG2B.cpp	27	CWE680_Integer_Overflow_to_Buffer_Overflow__new_fixed_83_goodG2B.cpp	36
/home/swlab-jueon/swvul/tools/java-vuln-detection/slicing/output/CPG/c/cwe680_cpg/cwe680-432-cpg-resolved.bin	tc432_flow1	CWE680_Integer_Overflow_to_Buffer_Overflow__new_fixed_84_bad.cpp	27	CWE680_Integer_Overflow_to_Buffer_Overflow__new_fixed_84_bad.cpp	38
/home/swlab-jueon/swvul/tools/java-vuln-detection/slicing/output/CPG/c/cwe680_cpg/cwe680-432-cpg-resolved.bin	tc432_flow2	CWE680_Integer_Overflow_to_Buffer_Overflow__new_fixed_84_goodG2B.cpp	27	CWE680_Integer_Overflow_to_Buffer_Overflow__new_fixed_84_goodG2B.cpp	36
/home/swlab-jueon/swvul/tools/java-vuln-detection/slicing/output/CPG/c/cwe680_cpg/cwe680-433-cpg-resolved.bin	tc433_flow1	CWE680_Integer_Overflow_to_Buffer_Overflow__new_fscanf_01.cpp	30	CWE680_Integer_Overflow_to_Buffer_Overflow__new_fscanf_01.cpp	35
/home/swlab-jueon/swvul/tools/java-vuln-detection/slicing/output/CPG/c/cwe680_cpg/cwe680-433-cpg-resolved.bin	tc433_flow2	CWE680_Integer_Overflow_to_Buffer_Overflow__new_fscanf_01.cpp	57	CWE680_Integer_Overflow_to_Buffer_Overflow__new_fscanf_01.cpp	62
/home/swlab-jueon/swvul/tools/java-vuln-detection/slicing/output/CPG/c/cwe680_cpg/cwe680-434-cpg-resolved.bin	tc434_flow1	CWE680_Integer_Overflow_to_Buffer_Overflow__new_fscanf_02.cpp	32	CWE680_Integer_Overflow_to_Buffer_Overflow__new_fscanf_02.cpp	38
/home/swlab-jueon/swvul/tools/java-vuln-detection/slicing/output/CPG/c/cwe680_cpg/cwe680-434-cpg-resolved.bin	tc434_flow2	CWE680_Integer_Overflow_to_Buffer_Overflow__new_fscanf_02.cpp	67	CWE680_Integer_Overflow_to_Buffer_Overflow__new_fscanf_02.cpp	73
/home/swlab-jueon/swvul/tools/java-vuln-detection/slicing/output/CPG/c/cwe680_cpg/cwe680-434-cpg-resolved.bin	tc434_flow3	CWE680_Integer_Overflow_to_Buffer_Overflow__new_fscanf_02.cpp	93	CWE680_Integer_Overflow_to_Buffer_Overflow__new_fscanf_02.cpp	99
/home/swlab-jueon/swvul/tools/java-vuln-detection/slicing/output/CPG/c/cwe680_cpg/cwe680-435-cpg-resolved.bin	tc435_flow1	CWE680_Integer_Overflow_to_Buffer_Overflow__new_fscanf_03.cpp	32	CWE680_Integer_Overflow_to_Buffer_Overflow__new_fscanf_03.cpp	38
/home/swlab-jueon/swvul/tools/java-vuln-detection/slicing/output/CPG/c/cwe680_cpg/cwe680-435-cpg-resolved.bin	tc435_flow2	CWE680_Integer_Overflow_to_Buffer_Overflow__new_fscanf_03.cpp	67	CWE680_Integer_Overflow_to_Buffer_Overflow__new_fscanf_03.cpp	73
/home/swlab-jueon/swvul/tools/java-vuln-detection/slicing/output/CPG/c/cwe680_cpg/cwe680-435-cpg-resolved.bin	tc435_flow3	CWE680_Integer_Overflow_to_Buffer_Overflow__new_fscanf_03.cpp	93	CWE680_Integer_Overflow_to_Buffer_Overflow__new_fscanf_03.cpp	99
/home/swlab-jueon/swvul/tools/java-vuln-detection/slicing/output/CPG/c/cwe680_cpg/cwe680-436-cpg-resolved.bin	tc436_flow1	CWE680_Integer_Overflow_to_Buffer_Overflow__new_fscanf_04.cpp	38	CWE680_Integer_Overflow_to_Buffer_Overflow__new_fscanf_04.cpp	44
/home/swlab-jueon/swvul/tools/java-vuln-detection/slicing/output/CPG/c/cwe680_cpg/cwe680-436-cpg-resolved.bin	tc436_flow2	CWE680_Integer_Overflow_to_Buffer_Overflow__new_fscanf_04.cpp	73	CWE680_Integer_Overflow_to_Buffer_Overflow__new_fscanf_04.cpp	79
/home/swlab-jueon/swvul/tools/java-vuln-detection/slicing/output/CPG/c/cwe680_cpg/cwe680-436-cpg-resolved.bin	tc436_flow3	CWE680_Integer_Overflow_to_Buffer_Overflow__new_fscanf_04.cpp	99	CWE680_Integer_Overflow_to_Buffer_Overflow__new_fscanf_04.cpp	105
/home/swlab-jueon/swvul/tools/java-vuln-detection/slicing/output/CPG/c/cwe680_cpg/cwe680-437-cpg-resolved.bin	tc437_flow1	CWE680_Integer_Overflow_to_Buffer_Overflow__new_fscanf_05.cpp	38	CWE680_Integer_Overflow_to_Buffer_Overflow__new_fscanf_05.cpp	44
/home/swlab-jueon/swvul/tools/java-vuln-detection/slicing/output/CPG/c/cwe680_cpg/cwe680-437-cpg-resolved.bin	tc437_flow2	CWE680_Integer_Overflow_to_Buffer_Overflow__new_fscanf_05.cpp	73	CWE680_Integer_Overflow_to_Buffer_Overflow__new_fscanf_05.cpp	79
/home/swlab-jueon/swvul/tools/java-vuln-detection/slicing/output/CPG/c/cwe680_cpg/cwe680-437-cpg-resolved.bin	tc437_flow3	CWE680_Integer_Overflow_to_Buffer_Overflow__new_fscanf_05.cpp	99	CWE680_Integer_Overflow_to_Buffer_Overflow__new_fscanf_05.cpp	105
/home/swlab-jueon/swvul/tools/java-vuln-detection/slicing/output/CPG/c/cwe680_cpg/cwe680-438-cpg-resolved.bin	tc438_flow1	CWE680_Integer_Overflow_to_Buffer_Overflow__new_fscanf_06.cpp	37	CWE680_Integer_Overflow_to_Buffer_Overflow__new_fscanf_06.cpp	43
/home/swlab-jueon/swvul/tools/java-vuln-detection/slicing/output/CPG/c/cwe680_cpg/cwe680-438-cpg-resolved.bin	tc438_flow2	CWE680_Integer_Overflow_to_Buffer_Overflow__new_fscanf_06.cpp	72	CWE680_Integer_Overflow_to_Buffer_Overflow__new_fscanf_06.cpp	78
/home/swlab-jueon/swvul/tools/java-vuln-detection/slicing/output/CPG/c/cwe680_cpg/cwe680-438-cpg-resolved.bin	tc438_flow3	CWE680_Integer_Overflow_to_Buffer_Overflow__new_fscanf_06.cpp	98	CWE680_Integer_Overflow_to_Buffer_Overflow__new_fscanf_06.cpp	104
/home/swlab-jueon/swvul/tools/java-vuln-detection/slicing/output/CPG/c/cwe680_cpg/cwe680-439-cpg-resolved.bin	tc439_flow1	CWE680_Integer_Overflow_to_Buffer_Overflow__new_fscanf_07.cpp	37	CWE680_Integer_Overflow_to_Buffer_Overflow__new_fscanf_07.cpp	43
/home/swlab-jueon/swvul/tools/java-vuln-detection/slicing/output/CPG/c/cwe680_cpg/cwe680-439-cpg-resolved.bin	tc439_flow2	CWE680_Integer_Overflow_to_Buffer_Overflow__new_fscanf_07.cpp	72	CWE680_Integer_Overflow_to_Buffer_Overflow__new_fscanf_07.cpp	78
/home/swlab-jueon/swvul/tools/java-vuln-detection/slicing/output/CPG/c/cwe680_cpg/cwe680-439-cpg-resolved.bin	tc439_flow3	CWE680_Integer_Overflow_to_Buffer_Overflow__new_fscanf_07.cpp	98	CWE680_Integer_Overflow_to_Buffer_Overflow__new_fscanf_07.cpp	104
/home/swlab-jueon/swvul/tools/java-vuln-detection/slicing/output/CPG/c/cwe680_cpg/cwe680-440-cpg-resolved.bin	tc440_flow1	CWE680_Integer_Overflow_to_Buffer_Overflow__new_fscanf_08.cpp	45	CWE680_Integer_Overflow_to_Buffer_Overflow__new_fscanf_08.cpp	51
/home/swlab-jueon/swvul/tools/java-vuln-detection/slicing/output/CPG/c/cwe680_cpg/cwe680-440-cpg-resolved.bin	tc440_flow2	CWE680_Integer_Overflow_to_Buffer_Overflow__new_fscanf_08.cpp	80	CWE680_Integer_Overflow_to_Buffer_Overflow__new_fscanf_08.cpp	86
/home/swlab-jueon/swvul/tools/java-vuln-detection/slicing/output/CPG/c/cwe680_cpg/cwe680-440-cpg-resolved.bin	tc440_flow3	CWE680_Integer_Overflow_to_Buffer_Overflow__new_fscanf_08.cpp	106	CWE680_Integer_Overflow_to_Buffer_Overflow__new_fscanf_08.cpp	112
/home/swlab-jueon/swvul/tools/java-vuln-detection/slicing/output/CPG/c/cwe680_cpg/cwe680-441-cpg-resolved.bin	tc441_flow1	CWE680_Integer_Overflow_to_Buffer_Overflow__new_fscanf_09.cpp	32	CWE680_Integer_Overflow_to_Buffer_Overflow__new_fscanf_09.cpp	38
/home/swlab-jueon/swvul/tools/java-vuln-detection/slicing/output/CPG/c/cwe680_cpg/cwe680-441-cpg-resolved.bin	tc441_flow2	CWE680_Integer_Overflow_to_Buffer_Overflow__new_fscanf_09.cpp	67	CWE680_Integer_Overflow_to_Buffer_Overflow__new_fscanf_09.cpp	73
/home/swlab-jueon/swvul/tools/java-vuln-detection/slicing/output/CPG/c/cwe680_cpg/cwe680-441-cpg-resolved.bin	tc441_flow3	CWE680_Integer_Overflow_to_Buffer_Overflow__new_fscanf_09.cpp	93	CWE680_Integer_Overflow_to_Buffer_Overflow__new_fscanf_09.cpp	99
/home/swlab-jueon/swvul/tools/java-vuln-detection/slicing/output/CPG/c/cwe680_cpg/cwe680-442-cpg-resolved.bin	tc442_flow1	CWE680_Integer_Overflow_to_Buffer_Overflow__new_fscanf_10.cpp	32	CWE680_Integer_Overflow_to_Buffer_Overflow__new_fscanf_10.cpp	38
/home/swlab-jueon/swvul/tools/java-vuln-detection/slicing/output/CPG/c/cwe680_cpg/cwe680-442-cpg-resolved.bin	tc442_flow2	CWE680_Integer_Overflow_to_Buffer_Overflow__new_fscanf_10.cpp	67	CWE680_Integer_Overflow_to_Buffer_Overflow__new_fscanf_10.cpp	73
/home/swlab-jueon/swvul/tools/java-vuln-detection/slicing/output/CPG/c/cwe680_cpg/cwe680-442-cpg-resolved.bin	tc442_flow3	CWE680_Integer_Overflow_to_Buffer_Overflow__new_fscanf_10.cpp	93	CWE680_Integer_Overflow_to_Buffer_Overflow__new_fscanf_10.cpp	99
/home/swlab-jueon/swvul/tools/java-vuln-detection/slicing/output/CPG/c/cwe680_cpg/cwe680-443-cpg-resolved.bin	tc443_flow1	CWE680_Integer_Overflow_to_Buffer_Overflow__new_fscanf_11.cpp	32	CWE680_Integer_Overflow_to_Buffer_Overflow__new_fscanf_11.cpp	38
/home/swlab-jueon/swvul/tools/java-vuln-detection/slicing/output/CPG/c/cwe680_cpg/cwe680-443-cpg-resolved.bin	tc443_flow2	CWE680_Integer_Overflow_to_Buffer_Overflow__new_fscanf_11.cpp	67	CWE680_Integer_Overflow_to_Buffer_Overflow__new_fscanf_11.cpp	73
/home/swlab-jueon/swvul/tools/java-vuln-detection/slicing/output/CPG/c/cwe680_cpg/cwe680-443-cpg-resolved.bin	tc443_flow3	CWE680_Integer_Overflow_to_Buffer_Overflow__new_fscanf_11.cpp	93	CWE680_Integer_Overflow_to_Buffer_Overflow__new_fscanf_11.cpp	99
/home/swlab-jueon/swvul/tools/java-vuln-detection/slicing/output/CPG/c/cwe680_cpg/cwe680-444-cpg-resolved.bin	tc444_flow1	CWE680_Integer_Overflow_to_Buffer_Overflow__new_fscanf_12.cpp	32	CWE680_Integer_Overflow_to_Buffer_Overflow__new_fscanf_12.cpp	43
/home/swlab-jueon/swvul/tools/java-vuln-detection/slicing/output/CPG/c/cwe680_cpg/cwe680-444-cpg-resolved.bin	tc444_flow2	CWE680_Integer_Overflow_to_Buffer_Overflow__new_fscanf_12.cpp	68	CWE680_Integer_Overflow_to_Buffer_Overflow__new_fscanf_12.cpp	79
/home/swlab-jueon/swvul/tools/java-vuln-detection/slicing/output/CPG/c/cwe680_cpg/cwe680-445-cpg-resolved.bin	tc445_flow1	CWE680_Integer_Overflow_to_Buffer_Overflow__new_fscanf_13.cpp	32	CWE680_Integer_Overflow_to_Buffer_Overflow__new_fscanf_13.cpp	38
/home/swlab-jueon/swvul/tools/java-vuln-detection/slicing/output/CPG/c/cwe680_cpg/cwe680-445-cpg-resolved.bin	tc445_flow2	CWE680_Integer_Overflow_to_Buffer_Overflow__new_fscanf_13.cpp	67	CWE680_Integer_Overflow_to_Buffer_Overflow__new_fscanf_13.cpp	73
/home/swlab-jueon/swvul/tools/java-vuln-detection/slicing/output/CPG/c/cwe680_cpg/cwe680-445-cpg-resolved.bin	tc445_flow3	CWE680_Integer_Overflow_to_Buffer_Overflow__new_fscanf_13.cpp	93	CWE680_Integer_Overflow_to_Buffer_Overflow__new_fscanf_13.cpp	99
/home/swlab-jueon/swvul/tools/java-vuln-detection/slicing/output/CPG/c/cwe680_cpg/cwe680-446-cpg-resolved.bin	tc446_flow1	CWE680_Integer_Overflow_to_Buffer_Overflow__new_fscanf_14.cpp	32	CWE680_Integer_Overflow_to_Buffer_Overflow__new_fscanf_14.cpp	38
/home/swlab-jueon/swvul/tools/java-vuln-detection/slicing/output/CPG/c/cwe680_cpg/cwe680-446-cpg-resolved.bin	tc446_flow2	CWE680_Integer_Overflow_to_Buffer_Overflow__new_fscanf_14.cpp	67	CWE680_Integer_Overflow_to_Buffer_Overflow__new_fscanf_14.cpp	73
/home/swlab-jueon/swvul/tools/java-vuln-detection/slicing/output/CPG/c/cwe680_cpg/cwe680-446-cpg-resolved.bin	tc446_flow3	CWE680_Integer_Overflow_to_Buffer_Overflow__new_fscanf_14.cpp	93	CWE680_Integer_Overflow_to_Buffer_Overflow__new_fscanf_14.cpp	99
/home/swlab-jueon/swvul/tools/java-vuln-detection/slicing/output/CPG/c/cwe680_cpg/cwe680-447-cpg-resolved.bin	tc447_flow1	CWE680_Integer_Overflow_to_Buffer_Overflow__new_fscanf_15.cpp	33	CWE680_Integer_Overflow_to_Buffer_Overflow__new_fscanf_15.cpp	44
/home/swlab-jueon/swvul/tools/java-vuln-detection/slicing/output/CPG/c/cwe680_cpg/cwe680-447-cpg-resolved.bin	tc447_flow2	CWE680_Integer_Overflow_to_Buffer_Overflow__new_fscanf_15.cpp	73	CWE680_Integer_Overflow_to_Buffer_Overflow__new_fscanf_15.cpp	80
/home/swlab-jueon/swvul/tools/java-vuln-detection/slicing/output/CPG/c/cwe680_cpg/cwe680-447-cpg-resolved.bin	tc447_flow3	CWE680_Integer_Overflow_to_Buffer_Overflow__new_fscanf_15.cpp	101	CWE680_Integer_Overflow_to_Buffer_Overflow__new_fscanf_15.cpp	112
/home/swlab-jueon/swvul/tools/java-vuln-detection/slicing/output/CPG/c/cwe680_cpg/cwe680-448-cpg-resolved.bin	tc448_flow1	CWE680_Integer_Overflow_to_Buffer_Overflow__new_fscanf_16.cpp	32	CWE680_Integer_Overflow_to_Buffer_Overflow__new_fscanf_16.cpp	39
/home/swlab-jueon/swvul/tools/java-vuln-detection/slicing/output/CPG/c/cwe680_cpg/cwe680-448-cpg-resolved.bin	tc448_flow2	CWE680_Integer_Overflow_to_Buffer_Overflow__new_fscanf_16.cpp	63	CWE680_Integer_Overflow_to_Buffer_Overflow__new_fscanf_16.cpp	70
/home/swlab-jueon/swvul/tools/java-vuln-detection/slicing/output/CPG/c/cwe680_cpg/cwe680-449-cpg-resolved.bin	tc449_flow1	CWE680_Integer_Overflow_to_Buffer_Overflow__new_fscanf_17.cpp	33	CWE680_Integer_Overflow_to_Buffer_Overflow__new_fscanf_17.cpp	39
/home/swlab-jueon/swvul/tools/java-vuln-detection/slicing/output/CPG/c/cwe680_cpg/cwe680-449-cpg-resolved.bin	tc449_flow2	CWE680_Integer_Overflow_to_Buffer_Overflow__new_fscanf_17.cpp	64	CWE680_Integer_Overflow_to_Buffer_Overflow__new_fscanf_17.cpp	70
/home/swlab-jueon/swvul/tools/java-vuln-detection/slicing/output/CPG/c/cwe680_cpg/cwe680-450-cpg-resolved.bin	tc450_flow1	CWE680_Integer_Overflow_to_Buffer_Overflow__new_fscanf_18.cpp	32	CWE680_Integer_Overflow_to_Buffer_Overflow__new_fscanf_18.cpp	37
/home/swlab-jueon/swvul/tools/java-vuln-detection/slicing/output/CPG/c/cwe680_cpg/cwe680-450-cpg-resolved.bin	tc450_flow2	CWE680_Integer_Overflow_to_Buffer_Overflow__new_fscanf_18.cpp	61	CWE680_Integer_Overflow_to_Buffer_Overflow__new_fscanf_18.cpp	66
/home/swlab-jueon/swvul/tools/java-vuln-detection/slicing/output/CPG/c/cwe680_cpg/cwe680-451-cpg-resolved.bin	tc451_flow1	CWE680_Integer_Overflow_to_Buffer_Overflow__new_fscanf_21.cpp	32	CWE680_Integer_Overflow_to_Buffer_Overflow__new_fscanf_21.cpp	48
/home/swlab-jueon/swvul/tools/java-vuln-detection/slicing/output/CPG/c/cwe680_cpg/cwe680-451-cpg-resolved.bin	tc451_flow2	CWE680_Integer_Overflow_to_Buffer_Overflow__new_fscanf_21.cpp	79	CWE680_Integer_Overflow_to_Buffer_Overflow__new_fscanf_21.cpp	95
/home/swlab-jueon/swvul/tools/java-vuln-detection/slicing/output/CPG/c/cwe680_cpg/cwe680-451-cpg-resolved.bin	tc451_flow3	CWE680_Integer_Overflow_to_Buffer_Overflow__new_fscanf_21.cpp	113	CWE680_Integer_Overflow_to_Buffer_Overflow__new_fscanf_21.cpp	129
/home/swlab-jueon/swvul/tools/java-vuln-detection/slicing/output/CPG/c/cwe680_cpg/cwe680-452-cpg-resolved.bin	tc452_flow1	CWE680_Integer_Overflow_to_Buffer_Overflow__new_fscanf_22b.cpp	33	CWE680_Integer_Overflow_to_Buffer_Overflow__new_fscanf_22a.cpp	41
/home/swlab-jueon/swvul/tools/java-vuln-detection/slicing/output/CPG/c/cwe680_cpg/cwe680-452-cpg-resolved.bin	tc452_flow2	CWE680_Integer_Overflow_to_Buffer_Overflow__new_fscanf_22b.cpp	58	CWE680_Integer_Overflow_to_Buffer_Overflow__new_fscanf_22a.cpp	76
/home/swlab-jueon/swvul/tools/java-vuln-detection/slicing/output/CPG/c/cwe680_cpg/cwe680-452-cpg-resolved.bin	tc452_flow3	CWE680_Integer_Overflow_to_Buffer_Overflow__new_fscanf_22b.cpp	69	CWE680_Integer_Overflow_to_Buffer_Overflow__new_fscanf_22a.cpp	102
/home/swlab-jueon/swvul/tools/java-vuln-detection/slicing/output/CPG/c/cwe680_cpg/cwe680-453-cpg-resolved.bin	tc453_flow1	CWE680_Integer_Overflow_to_Buffer_Overflow__new_fscanf_31.cpp	30	CWE680_Integer_Overflow_to_Buffer_Overflow__new_fscanf_31.cpp	38
/home/swlab-jueon/swvul/tools/java-vuln-detection/slicing/output/CPG/c/cwe680_cpg/cwe680-453-cpg-resolved.bin	tc453_flow2	CWE680_Integer_Overflow_to_Buffer_Overflow__new_fscanf_31.cpp	61	CWE680_Integer_Overflow_to_Buffer_Overflow__new_fscanf_31.cpp	69
/home/swlab-jueon/swvul/tools/java-vuln-detection/slicing/output/CPG/c/cwe680_cpg/cwe680-454-cpg-resolved.bin	tc454_flow1	CWE680_Integer_Overflow_to_Buffer_Overflow__new_fscanf_32.cpp	34	CWE680_Integer_Overflow_to_Buffer_Overflow__new_fscanf_32.cpp	43
/home/swlab-jueon/swvul/tools/java-vuln-detection/slicing/output/CPG/c/cwe680_cpg/cwe680-454-cpg-resolved.bin	tc454_flow2	CWE680_Integer_Overflow_to_Buffer_Overflow__new_fscanf_32.cpp	70	CWE680_Integer_Overflow_to_Buffer_Overflow__new_fscanf_32.cpp	79
/home/swlab-jueon/swvul/tools/java-vuln-detection/slicing/output/CPG/c/cwe680_cpg/cwe680-455-cpg-resolved.bin	tc455_flow1	CWE680_Integer_Overflow_to_Buffer_Overflow__new_fscanf_33.cpp	31	CWE680_Integer_Overflow_to_Buffer_Overflow__new_fscanf_33.cpp	38
/home/swlab-jueon/swvul/tools/java-vuln-detection/slicing/output/CPG/c/cwe680_cpg/cwe680-455-cpg-resolved.bin	tc455_flow2	CWE680_Integer_Overflow_to_Buffer_Overflow__new_fscanf_33.cpp	62	CWE680_Integer_Overflow_to_Buffer_Overflow__new_fscanf_33.cpp	69
/home/swlab-jueon/swvul/tools/java-vuln-detection/slicing/output/CPG/c/cwe680_cpg/cwe680-456-cpg-resolved.bin	tc456_flow1	CWE680_Integer_Overflow_to_Buffer_Overflow__new_fscanf_34.cpp	37	CWE680_Integer_Overflow_to_Buffer_Overflow__new_fscanf_34.cpp	45
/home/swlab-jueon/swvul/tools/java-vuln-detection/slicing/output/CPG/c/cwe680_cpg/cwe680-456-cpg-resolved.bin	tc456_flow2	CWE680_Integer_Overflow_to_Buffer_Overflow__new_fscanf_34.cpp	69	CWE680_Integer_Overflow_to_Buffer_Overflow__new_fscanf_34.cpp	77
/home/swlab-jueon/swvul/tools/java-vuln-detection/slicing/output/CPG/c/cwe680_cpg/cwe680-457-cpg-resolved.bin	tc457_flow1	CWE680_Integer_Overflow_to_Buffer_Overflow__new_fscanf_41.cpp	47	CWE680_Integer_Overflow_to_Buffer_Overflow__new_fscanf_41.cpp	30
/home/swlab-jueon/swvul/tools/java-vuln-detection/slicing/output/CPG/c/cwe680_cpg/cwe680-457-cpg-resolved.bin	tc457_flow2	CWE680_Integer_Overflow_to_Buffer_Overflow__new_fscanf_41.cpp	79	CWE680_Integer_Overflow_to_Buffer_Overflow__new_fscanf_41.cpp	61
/home/swlab-jueon/swvul/tools/java-vuln-detection/slicing/output/CPG/c/cwe680_cpg/cwe680-458-cpg-resolved.bin	tc458_flow1	CWE680_Integer_Overflow_to_Buffer_Overflow__new_fscanf_42.cpp	27	CWE680_Integer_Overflow_to_Buffer_Overflow__new_fscanf_42.cpp	41
/home/swlab-jueon/swvul/tools/java-vuln-detection/slicing/output/CPG/c/cwe680_cpg/cwe680-458-cpg-resolved.bin	tc458_flow2	CWE680_Integer_Overflow_to_Buffer_Overflow__new_fscanf_42.cpp	59	CWE680_Integer_Overflow_to_Buffer_Overflow__new_fscanf_42.cpp	74
/home/swlab-jueon/swvul/tools/java-vuln-detection/slicing/output/CPG/c/cwe680_cpg/cwe680-459-cpg-resolved.bin	tc459_flow1	CWE680_Integer_Overflow_to_Buffer_Overflow__new_fscanf_43.cpp	27	CWE680_Integer_Overflow_to_Buffer_Overflow__new_fscanf_43.cpp	40
/home/swlab-jueon/swvul/tools/java-vuln-detection/slicing/output/CPG/c/cwe680_cpg/cwe680-459-cpg-resolved.bin	tc459_flow2	CWE680_Integer_Overflow_to_Buffer_Overflow__new_fscanf_43.cpp	59	CWE680_Integer_Overflow_to_Buffer_Overflow__new_fscanf_43.cpp	72
/home/swlab-jueon/swvul/tools/java-vuln-detection/slicing/output/CPG/c/cwe680_cpg/cwe680-460-cpg-resolved.bin	tc460_flow1	CWE680_Integer_Overflow_to_Buffer_Overflow__new_fscanf_44.cpp	49	CWE680_Integer_Overflow_to_Buffer_Overflow__new_fscanf_44.cpp	30
/home/swlab-jueon/swvul/tools/java-vuln-detection/slicing/output/CPG/c/cwe680_cpg/cwe680-460-cpg-resolved.bin	tc460_flow2	CWE680_Integer_Overflow_to_Buffer_Overflow__new_fscanf_44.cpp	83	CWE680_Integer_Overflow_to_Buffer_Overflow__new_fscanf_44.cpp	65
/home/swlab-jueon/swvul/tools/java-vuln-detection/slicing/output/CPG/c/cwe680_cpg/cwe680-461-cpg-resolved.bin	tc461_flow1	CWE680_Integer_Overflow_to_Buffer_Overflow__new_fscanf_45.cpp	51	CWE680_Integer_Overflow_to_Buffer_Overflow__new_fscanf_45.cpp	34
/home/swlab-jueon/swvul/tools/java-vuln-detection/slicing/output/CPG/c/cwe680_cpg/cwe680-461-cpg-resolved.bin	tc461_flow2	CWE680_Integer_Overflow_to_Buffer_Overflow__new_fscanf_45.cpp	85	CWE680_Integer_Overflow_to_Buffer_Overflow__new_fscanf_45.cpp	68
/home/swlab-jueon/swvul/tools/java-vuln-detection/slicing/output/CPG/c/cwe680_cpg/cwe680-462-cpg-resolved.bin	tc462_flow1	CWE680_Integer_Overflow_to_Buffer_Overflow__new_fscanf_51a.cpp	33	CWE680_Integer_Overflow_to_Buffer_Overflow__new_fscanf_51b.cpp	32
/home/swlab-jueon/swvul/tools/java-vuln-detection/slicing/output/CPG/c/cwe680_cpg/cwe680-462-cpg-resolved.bin	tc462_flow2	CWE680_Integer_Overflow_to_Buffer_Overflow__new_fscanf_51a.cpp	51	CWE680_Integer_Overflow_to_Buffer_Overflow__new_fscanf_51b.cpp	54
/home/swlab-jueon/swvul/tools/java-vuln-detection/slicing/output/CPG/c/cwe680_cpg/cwe680-463-cpg-resolved.bin	tc463_flow1	CWE680_Integer_Overflow_to_Buffer_Overflow__new_fscanf_52a.cpp	33	CWE680_Integer_Overflow_to_Buffer_Overflow__new_fscanf_52c.cpp	32
/home/swlab-jueon/swvul/tools/java-vuln-detection/slicing/output/CPG/c/cwe680_cpg/cwe680-463-cpg-resolved.bin	tc463_flow2	CWE680_Integer_Overflow_to_Buffer_Overflow__new_fscanf_52a.cpp	51	CWE680_Integer_Overflow_to_Buffer_Overflow__new_fscanf_52c.cpp	54
/home/swlab-jueon/swvul/tools/java-vuln-detection/slicing/output/CPG/c/cwe680_cpg/cwe680-464-cpg-resolved.bin	tc464_flow1	CWE680_Integer_Overflow_to_Buffer_Overflow__new_fscanf_53a.cpp	33	CWE680_Integer_Overflow_to_Buffer_Overflow__new_fscanf_53d.cpp	32
/home/swlab-jueon/swvul/tools/java-vuln-detection/slicing/output/CPG/c/cwe680_cpg/cwe680-464-cpg-resolved.bin	tc464_flow2	CWE680_Integer_Overflow_to_Buffer_Overflow__new_fscanf_53a.cpp	51	CWE680_Integer_Overflow_to_Buffer_Overflow__new_fscanf_53d.cpp	54
/home/swlab-jueon/swvul/tools/java-vuln-detection/slicing/output/CPG/c/cwe680_cpg/cwe680-465-cpg-resolved.bin	tc465_flow1	CWE680_Integer_Overflow_to_Buffer_Overflow__new_fscanf_54a.cpp	33	CWE680_Integer_Overflow_to_Buffer_Overflow__new_fscanf_54e.cpp	32
/home/swlab-jueon/swvul/tools/java-vuln-detection/slicing/output/CPG/c/cwe680_cpg/cwe680-465-cpg-resolved.bin	tc465_flow2	CWE680_Integer_Overflow_to_Buffer_Overflow__new_fscanf_54a.cpp	51	CWE680_Integer_Overflow_to_Buffer_Overflow__new_fscanf_54e.cpp	54
/home/swlab-jueon/swvul/tools/java-vuln-detection/slicing/output/CPG/c/cwe680_cpg/cwe680-466-cpg-resolved.bin	tc466_flow1	CWE680_Integer_Overflow_to_Buffer_Overflow__new_fscanf_61b.cpp	27	CWE680_Integer_Overflow_to_Buffer_Overflow__new_fscanf_61a.cpp	37
/home/swlab-jueon/swvul/tools/java-vuln-detection/slicing/output/CPG/c/cwe680_cpg/cwe680-466-cpg-resolved.bin	tc466_flow2	CWE680_Integer_Overflow_to_Buffer_Overflow__new_fscanf_61b.cpp	39	CWE680_Integer_Overflow_to_Buffer_Overflow__new_fscanf_61a.cpp	65
/home/swlab-jueon/swvul/tools/java-vuln-detection/slicing/output/CPG/c/cwe680_cpg/cwe680-467-cpg-resolved.bin	tc467_flow1	CWE680_Integer_Overflow_to_Buffer_Overflow__new_fscanf_62b.cpp	27	CWE680_Integer_Overflow_to_Buffer_Overflow__new_fscanf_62a.cpp	37
/home/swlab-jueon/swvul/tools/java-vuln-detection/slicing/output/CPG/c/cwe680_cpg/cwe680-467-cpg-resolved.bin	tc467_flow2	CWE680_Integer_Overflow_to_Buffer_Overflow__new_fscanf_62b.cpp	38	CWE680_Integer_Overflow_to_Buffer_Overflow__new_fscanf_62a.cpp	65
/home/swlab-jueon/swvul/tools/java-vuln-detection/slicing/output/CPG/c/cwe680_cpg/cwe680-468-cpg-resolved.bin	tc468_flow1	CWE680_Integer_Overflow_to_Buffer_Overflow__new_fscanf_63a.cpp	33	CWE680_Integer_Overflow_to_Buffer_Overflow__new_fscanf_63b.cpp	31
/home/swlab-jueon/swvul/tools/java-vuln-detection/slicing/output/CPG/c/cwe680_cpg/cwe680-468-cpg-resolved.bin	tc468_flow2	CWE680_Integer_Overflow_to_Buffer_Overflow__new_fscanf_63a.cpp	50	CWE680_Integer_Overflow_to_Buffer_Overflow__new_fscanf_63b.cpp	54
/home/swlab-jueon/swvul/tools/java-vuln-detection/slicing/output/CPG/c/cwe680_cpg/cwe680-469-cpg-resolved.bin	tc469_flow1	CWE680_Integer_Overflow_to_Buffer_Overflow__new_fscanf_64a.cpp	33	CWE680_Integer_Overflow_to_Buffer_Overflow__new_fscanf_64b.cpp	34
/home/swlab-jueon/swvul/tools/java-vuln-detection/slicing/output/CPG/c/cwe680_cpg/cwe680-469-cpg-resolved.bin	tc469_flow2	CWE680_Integer_Overflow_to_Buffer_Overflow__new_fscanf_64a.cpp	50	CWE680_Integer_Overflow_to_Buffer_Overflow__new_fscanf_64b.cpp	60
/home/swlab-jueon/swvul/tools/java-vuln-detection/slicing/output/CPG/c/cwe680_cpg/cwe680-470-cpg-resolved.bin	tc470_flow1	CWE680_Integer_Overflow_to_Buffer_Overflow__new_fscanf_65a.cpp	35	CWE680_Integer_Overflow_to_Buffer_Overflow__new_fscanf_65b.cpp	30
/home/swlab-jueon/swvul/tools/java-vuln-detection/slicing/output/CPG/c/cwe680_cpg/cwe680-470-cpg-resolved.bin	tc470_flow2	CWE680_Integer_Overflow_to_Buffer_Overflow__new_fscanf_65a.cpp	54	CWE680_Integer_Overflow_to_Buffer_Overflow__new_fscanf_65b.cpp	52
/home/swlab-jueon/swvul/tools/java-vuln-detection/slicing/output/CPG/c/cwe680_cpg/cwe680-471-cpg-resolved.bin	tc471_flow1	CWE680_Integer_Overflow_to_Buffer_Overflow__new_fscanf_66a.cpp	34	CWE680_Integer_Overflow_to_Buffer_Overflow__new_fscanf_66b.cpp	32
/home/swlab-jueon/swvul/tools/java-vuln-detection/slicing/output/CPG/c/cwe680_cpg/cwe680-471-cpg-resolved.bin	tc471_flow2	CWE680_Integer_Overflow_to_Buffer_Overflow__new_fscanf_66a.cpp	56	CWE680_Integer_Overflow_to_Buffer_Overflow__new_fscanf_66b.cpp	55
/home/swlab-jueon/swvul/tools/java-vuln-detection/slicing/output/CPG/c/cwe680_cpg/cwe680-472-cpg-resolved.bin	tc472_flow1	CWE680_Integer_Overflow_to_Buffer_Overflow__new_fscanf_67a.cpp	39	CWE680_Integer_Overflow_to_Buffer_Overflow__new_fscanf_67b.cpp	36
/home/swlab-jueon/swvul/tools/java-vuln-detection/slicing/output/CPG/c/cwe680_cpg/cwe680-472-cpg-resolved.bin	tc472_flow2	CWE680_Integer_Overflow_to_Buffer_Overflow__new_fscanf_67a.cpp	58	CWE680_Integer_Overflow_to_Buffer_Overflow__new_fscanf_67b.cpp	59
/home/swlab-jueon/swvul/tools/java-vuln-detection/slicing/output/CPG/c/cwe680_cpg/cwe680-473-cpg-resolved.bin	tc473_flow1	CWE680_Integer_Overflow_to_Buffer_Overflow__new_fscanf_68a.cpp	36	CWE680_Integer_Overflow_to_Buffer_Overflow__new_fscanf_68b.cpp	36
/home/swlab-jueon/swvul/tools/java-vuln-detection/slicing/output/CPG/c/cwe680_cpg/cwe680-473-cpg-resolved.bin	tc473_flow2	CWE680_Integer_Overflow_to_Buffer_Overflow__new_fscanf_68a.cpp	55	CWE680_Integer_Overflow_to_Buffer_Overflow__new_fscanf_68b.cpp	59
/home/swlab-jueon/swvul/tools/java-vuln-detection/slicing/output/CPG/c/cwe680_cpg/cwe680-474-cpg-resolved.bin	tc474_flow1	CWE680_Integer_Overflow_to_Buffer_Overflow__new_fscanf_72a.cpp	37	CWE680_Integer_Overflow_to_Buffer_Overflow__new_fscanf_72b.cpp	35
/home/swlab-jueon/swvul/tools/java-vuln-detection/slicing/output/CPG/c/cwe680_cpg/cwe680-474-cpg-resolved.bin	tc474_flow2	CWE680_Integer_Overflow_to_Buffer_Overflow__new_fscanf_72a.cpp	61	CWE680_Integer_Overflow_to_Buffer_Overflow__new_fscanf_72b.cpp	58
/home/swlab-jueon/swvul/tools/java-vuln-detection/slicing/output/CPG/c/cwe680_cpg/cwe680-475-cpg-resolved.bin	tc475_flow1	CWE680_Integer_Overflow_to_Buffer_Overflow__new_fscanf_73a.cpp	37	CWE680_Integer_Overflow_to_Buffer_Overflow__new_fscanf_73b.cpp	35
/home/swlab-jueon/swvul/tools/java-vuln-detection/slicing/output/CPG/c/cwe680_cpg/cwe680-475-cpg-resolved.bin	tc475_flow2	CWE680_Integer_Overflow_to_Buffer_Overflow__new_fscanf_73a.cpp	61	CWE680_Integer_Overflow_to_Buffer_Overflow__new_fscanf_73b.cpp	58
/home/swlab-jueon/swvul/tools/java-vuln-detection/slicing/output/CPG/c/cwe680_cpg/cwe680-476-cpg-resolved.bin	tc476_flow1	CWE680_Integer_Overflow_to_Buffer_Overflow__new_fscanf_74a.cpp	37	CWE680_Integer_Overflow_to_Buffer_Overflow__new_fscanf_74b.cpp	35
/home/swlab-jueon/swvul/tools/java-vuln-detection/slicing/output/CPG/c/cwe680_cpg/cwe680-476-cpg-resolved.bin	tc476_flow2	CWE680_Integer_Overflow_to_Buffer_Overflow__new_fscanf_74a.cpp	61	CWE680_Integer_Overflow_to_Buffer_Overflow__new_fscanf_74b.cpp	58
/home/swlab-jueon/swvul/tools/java-vuln-detection/slicing/output/CPG/c/cwe680_cpg/cwe680-477-cpg-resolved.bin	tc477_flow1	CWE680_Integer_Overflow_to_Buffer_Overflow__new_fscanf_81a.cpp	31	CWE680_Integer_Overflow_to_Buffer_Overflow__new_fscanf_81_bad.cpp	30
/home/swlab-jueon/swvul/tools/java-vuln-detection/slicing/output/CPG/c/cwe680_cpg/cwe680-477-cpg-resolved.bin	tc477_flow2	CWE680_Integer_Overflow_to_Buffer_Overflow__new_fscanf_81a.cpp	47	CWE680_Integer_Overflow_to_Buffer_Overflow__new_fscanf_81_goodG2B.cpp	30
/home/swlab-jueon/swvul/tools/java-vuln-detection/slicing/output/CPG/c/cwe680_cpg/cwe680-478-cpg-resolved.bin	tc478_flow1	CWE680_Integer_Overflow_to_Buffer_Overflow__new_fscanf_82a.cpp	31	CWE680_Integer_Overflow_to_Buffer_Overflow__new_fscanf_82_bad.cpp	30
/home/swlab-jueon/swvul/tools/java-vuln-detection/slicing/output/CPG/c/cwe680_cpg/cwe680-478-cpg-resolved.bin	tc478_flow2	CWE680_Integer_Overflow_to_Buffer_Overflow__new_fscanf_82a.cpp	48	CWE680_Integer_Overflow_to_Buffer_Overflow__new_fscanf_82_goodG2B.cpp	30
/home/swlab-jueon/swvul/tools/java-vuln-detection/slicing/output/CPG/c/cwe680_cpg/cwe680-479-cpg-resolved.bin	tc479_flow1	CWE680_Integer_Overflow_to_Buffer_Overflow__new_fscanf_83_bad.cpp	27	CWE680_Integer_Overflow_to_Buffer_Overflow__new_fscanf_83_bad.cpp	36
/home/swlab-jueon/swvul/tools/java-vuln-detection/slicing/output/CPG/c/cwe680_cpg/cwe680-479-cpg-resolved.bin	tc479_flow2	CWE680_Integer_Overflow_to_Buffer_Overflow__new_fscanf_83_goodG2B.cpp	27	CWE680_Integer_Overflow_to_Buffer_Overflow__new_fscanf_83_goodG2B.cpp	36
/home/swlab-jueon/swvul/tools/java-vuln-detection/slicing/output/CPG/c/cwe680_cpg/cwe680-480-cpg-resolved.bin	tc480_flow1	CWE680_Integer_Overflow_to_Buffer_Overflow__new_fscanf_84_bad.cpp	27	CWE680_Integer_Overflow_to_Buffer_Overflow__new_fscanf_84_bad.cpp	36
/home/swlab-jueon/swvul/tools/java-vuln-detection/slicing/output/CPG/c/cwe680_cpg/cwe680-480-cpg-resolved.bin	tc480_flow2	CWE680_Integer_Overflow_to_Buffer_Overflow__new_fscanf_84_goodG2B.cpp	27	CWE680_Integer_Overflow_to_Buffer_Overflow__new_fscanf_84_goodG2B.cpp	36
/home/swlab-jueon/swvul/tools/java-vuln-detection/slicing/output/CPG/c/cwe680_cpg/cwe680-481-cpg-resolved.bin	tc481_flow1	CWE680_Integer_Overflow_to_Buffer_Overflow__new_listen_socket_01.cpp	71	CWE680_Integer_Overflow_to_Buffer_Overflow__new_listen_socket_01.cpp	124
/home/swlab-jueon/swvul/tools/java-vuln-detection/slicing/output/CPG/c/cwe680_cpg/cwe680-481-cpg-resolved.bin	tc481_flow2	CWE680_Integer_Overflow_to_Buffer_Overflow__new_listen_socket_01.cpp	146	CWE680_Integer_Overflow_to_Buffer_Overflow__new_listen_socket_01.cpp	151
/home/swlab-jueon/swvul/tools/java-vuln-detection/slicing/output/CPG/c/cwe680_cpg/cwe680-482-cpg-resolved.bin	tc482_flow1	CWE680_Integer_Overflow_to_Buffer_Overflow__new_listen_socket_02.cpp	73	CWE680_Integer_Overflow_to_Buffer_Overflow__new_listen_socket_02.cpp	127
/home/swlab-jueon/swvul/tools/java-vuln-detection/slicing/output/CPG/c/cwe680_cpg/cwe680-482-cpg-resolved.bin	tc482_flow2	CWE680_Integer_Overflow_to_Buffer_Overflow__new_listen_socket_02.cpp	156	CWE680_Integer_Overflow_to_Buffer_Overflow__new_listen_socket_02.cpp	162
/home/swlab-jueon/swvul/tools/java-vuln-detection/slicing/output/CPG/c/cwe680_cpg/cwe680-482-cpg-resolved.bin	tc482_flow3	CWE680_Integer_Overflow_to_Buffer_Overflow__new_listen_socket_02.cpp	182	CWE680_Integer_Overflow_to_Buffer_Overflow__new_listen_socket_02.cpp	188
/home/swlab-jueon/swvul/tools/java-vuln-detection/slicing/output/CPG/c/cwe680_cpg/cwe680-483-cpg-resolved.bin	tc483_flow1	CWE680_Integer_Overflow_to_Buffer_Overflow__new_listen_socket_03.cpp	73	CWE680_Integer_Overflow_to_Buffer_Overflow__new_listen_socket_03.cpp	127
/home/swlab-jueon/swvul/tools/java-vuln-detection/slicing/output/CPG/c/cwe680_cpg/cwe680-483-cpg-resolved.bin	tc483_flow2	CWE680_Integer_Overflow_to_Buffer_Overflow__new_listen_socket_03.cpp	156	CWE680_Integer_Overflow_to_Buffer_Overflow__new_listen_socket_03.cpp	162
/home/swlab-jueon/swvul/tools/java-vuln-detection/slicing/output/CPG/c/cwe680_cpg/cwe680-483-cpg-resolved.bin	tc483_flow3	CWE680_Integer_Overflow_to_Buffer_Overflow__new_listen_socket_03.cpp	182	CWE680_Integer_Overflow_to_Buffer_Overflow__new_listen_socket_03.cpp	188
/home/swlab-jueon/swvul/tools/java-vuln-detection/slicing/output/CPG/c/cwe680_cpg/cwe680-484-cpg-resolved.bin	tc484_flow1	CWE680_Integer_Overflow_to_Buffer_Overflow__new_listen_socket_04.cpp	79	CWE680_Integer_Overflow_to_Buffer_Overflow__new_listen_socket_04.cpp	133
/home/swlab-jueon/swvul/tools/java-vuln-detection/slicing/output/CPG/c/cwe680_cpg/cwe680-484-cpg-resolved.bin	tc484_flow2	CWE680_Integer_Overflow_to_Buffer_Overflow__new_listen_socket_04.cpp	162	CWE680_Integer_Overflow_to_Buffer_Overflow__new_listen_socket_04.cpp	168
/home/swlab-jueon/swvul/tools/java-vuln-detection/slicing/output/CPG/c/cwe680_cpg/cwe680-484-cpg-resolved.bin	tc484_flow3	CWE680_Integer_Overflow_to_Buffer_Overflow__new_listen_socket_04.cpp	188	CWE680_Integer_Overflow_to_Buffer_Overflow__new_listen_socket_04.cpp	194
/home/swlab-jueon/swvul/tools/java-vuln-detection/slicing/output/CPG/c/cwe680_cpg/cwe680-485-cpg-resolved.bin	tc485_flow1	CWE680_Integer_Overflow_to_Buffer_Overflow__new_listen_socket_05.cpp	79	CWE680_Integer_Overflow_to_Buffer_Overflow__new_listen_socket_05.cpp	133
/home/swlab-jueon/swvul/tools/java-vuln-detection/slicing/output/CPG/c/cwe680_cpg/cwe680-485-cpg-resolved.bin	tc485_flow2	CWE680_Integer_Overflow_to_Buffer_Overflow__new_listen_socket_05.cpp	162	CWE680_Integer_Overflow_to_Buffer_Overflow__new_listen_socket_05.cpp	168
/home/swlab-jueon/swvul/tools/java-vuln-detection/slicing/output/CPG/c/cwe680_cpg/cwe680-485-cpg-resolved.bin	tc485_flow3	CWE680_Integer_Overflow_to_Buffer_Overflow__new_listen_socket_05.cpp	188	CWE680_Integer_Overflow_to_Buffer_Overflow__new_listen_socket_05.cpp	194
/home/swlab-jueon/swvul/tools/java-vuln-detection/slicing/output/CPG/c/cwe680_cpg/cwe680-486-cpg-resolved.bin	tc486_flow1	CWE680_Integer_Overflow_to_Buffer_Overflow__new_listen_socket_06.cpp	78	CWE680_Integer_Overflow_to_Buffer_Overflow__new_listen_socket_06.cpp	132
/home/swlab-jueon/swvul/tools/java-vuln-detection/slicing/output/CPG/c/cwe680_cpg/cwe680-486-cpg-resolved.bin	tc486_flow2	CWE680_Integer_Overflow_to_Buffer_Overflow__new_listen_socket_06.cpp	161	CWE680_Integer_Overflow_to_Buffer_Overflow__new_listen_socket_06.cpp	167
/home/swlab-jueon/swvul/tools/java-vuln-detection/slicing/output/CPG/c/cwe680_cpg/cwe680-486-cpg-resolved.bin	tc486_flow3	CWE680_Integer_Overflow_to_Buffer_Overflow__new_listen_socket_06.cpp	187	CWE680_Integer_Overflow_to_Buffer_Overflow__new_listen_socket_06.cpp	193
/home/swlab-jueon/swvul/tools/java-vuln-detection/slicing/output/CPG/c/cwe680_cpg/cwe680-487-cpg-resolved.bin	tc487_flow1	CWE680_Integer_Overflow_to_Buffer_Overflow__new_listen_socket_07.cpp	78	CWE680_Integer_Overflow_to_Buffer_Overflow__new_listen_socket_07.cpp	132
/home/swlab-jueon/swvul/tools/java-vuln-detection/slicing/output/CPG/c/cwe680_cpg/cwe680-487-cpg-resolved.bin	tc487_flow2	CWE680_Integer_Overflow_to_Buffer_Overflow__new_listen_socket_07.cpp	161	CWE680_Integer_Overflow_to_Buffer_Overflow__new_listen_socket_07.cpp	167
/home/swlab-jueon/swvul/tools/java-vuln-detection/slicing/output/CPG/c/cwe680_cpg/cwe680-487-cpg-resolved.bin	tc487_flow3	CWE680_Integer_Overflow_to_Buffer_Overflow__new_listen_socket_07.cpp	187	CWE680_Integer_Overflow_to_Buffer_Overflow__new_listen_socket_07.cpp	193
/home/swlab-jueon/swvul/tools/java-vuln-detection/slicing/output/CPG/c/cwe680_cpg/cwe680-488-cpg-resolved.bin	tc488_flow1	CWE680_Integer_Overflow_to_Buffer_Overflow__new_listen_socket_08.cpp	86	CWE680_Integer_Overflow_to_Buffer_Overflow__new_listen_socket_08.cpp	140
/home/swlab-jueon/swvul/tools/java-vuln-detection/slicing/output/CPG/c/cwe680_cpg/cwe680-488-cpg-resolved.bin	tc488_flow2	CWE680_Integer_Overflow_to_Buffer_Overflow__new_listen_socket_08.cpp	169	CWE680_Integer_Overflow_to_Buffer_Overflow__new_listen_socket_08.cpp	175
/home/swlab-jueon/swvul/tools/java-vuln-detection/slicing/output/CPG/c/cwe680_cpg/cwe680-488-cpg-resolved.bin	tc488_flow3	CWE680_Integer_Overflow_to_Buffer_Overflow__new_listen_socket_08.cpp	195	CWE680_Integer_Overflow_to_Buffer_Overflow__new_listen_socket_08.cpp	201
/home/swlab-jueon/swvul/tools/java-vuln-detection/slicing/output/CPG/c/cwe680_cpg/cwe680-489-cpg-resolved.bin	tc489_flow1	CWE680_Integer_Overflow_to_Buffer_Overflow__new_listen_socket_09.cpp	73	CWE680_Integer_Overflow_to_Buffer_Overflow__new_listen_socket_09.cpp	127
/home/swlab-jueon/swvul/tools/java-vuln-detection/slicing/output/CPG/c/cwe680_cpg/cwe680-489-cpg-resolved.bin	tc489_flow2	CWE680_Integer_Overflow_to_Buffer_Overflow__new_listen_socket_09.cpp	156	CWE680_Integer_Overflow_to_Buffer_Overflow__new_listen_socket_09.cpp	162
/home/swlab-jueon/swvul/tools/java-vuln-detection/slicing/output/CPG/c/cwe680_cpg/cwe680-489-cpg-resolved.bin	tc489_flow3	CWE680_Integer_Overflow_to_Buffer_Overflow__new_listen_socket_09.cpp	182	CWE680_Integer_Overflow_to_Buffer_Overflow__new_listen_socket_09.cpp	188
/home/swlab-jueon/swvul/tools/java-vuln-detection/slicing/output/CPG/c/cwe680_cpg/cwe680-490-cpg-resolved.bin	tc490_flow1	CWE680_Integer_Overflow_to_Buffer_Overflow__new_listen_socket_10.cpp	73	CWE680_Integer_Overflow_to_Buffer_Overflow__new_listen_socket_10.cpp	127
/home/swlab-jueon/swvul/tools/java-vuln-detection/slicing/output/CPG/c/cwe680_cpg/cwe680-490-cpg-resolved.bin	tc490_flow2	CWE680_Integer_Overflow_to_Buffer_Overflow__new_listen_socket_10.cpp	156	CWE680_Integer_Overflow_to_Buffer_Overflow__new_listen_socket_10.cpp	162
/home/swlab-jueon/swvul/tools/java-vuln-detection/slicing/output/CPG/c/cwe680_cpg/cwe680-490-cpg-resolved.bin	tc490_flow3	CWE680_Integer_Overflow_to_Buffer_Overflow__new_listen_socket_10.cpp	182	CWE680_Integer_Overflow_to_Buffer_Overflow__new_listen_socket_10.cpp	188
/home/swlab-jueon/swvul/tools/java-vuln-detection/slicing/output/CPG/c/cwe680_cpg/cwe680-491-cpg-resolved.bin	tc491_flow1	CWE680_Integer_Overflow_to_Buffer_Overflow__new_listen_socket_11.cpp	73	CWE680_Integer_Overflow_to_Buffer_Overflow__new_listen_socket_11.cpp	127
/home/swlab-jueon/swvul/tools/java-vuln-detection/slicing/output/CPG/c/cwe680_cpg/cwe680-491-cpg-resolved.bin	tc491_flow2	CWE680_Integer_Overflow_to_Buffer_Overflow__new_listen_socket_11.cpp	156	CWE680_Integer_Overflow_to_Buffer_Overflow__new_listen_socket_11.cpp	162
/home/swlab-jueon/swvul/tools/java-vuln-detection/slicing/output/CPG/c/cwe680_cpg/cwe680-491-cpg-resolved.bin	tc491_flow3	CWE680_Integer_Overflow_to_Buffer_Overflow__new_listen_socket_11.cpp	182	CWE680_Integer_Overflow_to_Buffer_Overflow__new_listen_socket_11.cpp	188
/home/swlab-jueon/swvul/tools/java-vuln-detection/slicing/output/CPG/c/cwe680_cpg/cwe680-492-cpg-resolved.bin	tc492_flow1	CWE680_Integer_Overflow_to_Buffer_Overflow__new_listen_socket_12.cpp	73	CWE680_Integer_Overflow_to_Buffer_Overflow__new_listen_socket_12.cpp	132
/home/swlab-jueon/swvul/tools/java-vuln-detection/slicing/output/CPG/c/cwe680_cpg/cwe680-492-cpg-resolved.bin	tc492_flow2	CWE680_Integer_Overflow_to_Buffer_Overflow__new_listen_socket_12.cpp	157	CWE680_Integer_Overflow_to_Buffer_Overflow__new_listen_socket_12.cpp	168
/home/swlab-jueon/swvul/tools/java-vuln-detection/slicing/output/CPG/c/cwe680_cpg/cwe680-493-cpg-resolved.bin	tc493_flow1	CWE680_Integer_Overflow_to_Buffer_Overflow__new_listen_socket_13.cpp	73	CWE680_Integer_Overflow_to_Buffer_Overflow__new_listen_socket_13.cpp	127
/home/swlab-jueon/swvul/tools/java-vuln-detection/slicing/output/CPG/c/cwe680_cpg/cwe680-493-cpg-resolved.bin	tc493_flow2	CWE680_Integer_Overflow_to_Buffer_Overflow__new_listen_socket_13.cpp	156	CWE680_Integer_Overflow_to_Buffer_Overflow__new_listen_socket_13.cpp	162
/home/swlab-jueon/swvul/tools/java-vuln-detection/slicing/output/CPG/c/cwe680_cpg/cwe680-493-cpg-resolved.bin	tc493_flow3	CWE680_Integer_Overflow_to_Buffer_Overflow__new_listen_socket_13.cpp	182	CWE680_Integer_Overflow_to_Buffer_Overflow__new_listen_socket_13.cpp	188
/home/swlab-jueon/swvul/tools/java-vuln-detection/slicing/output/CPG/c/cwe680_cpg/cwe680-494-cpg-resolved.bin	tc494_flow1	CWE680_Integer_Overflow_to_Buffer_Overflow__new_listen_socket_14.cpp	73	CWE680_Integer_Overflow_to_Buffer_Overflow__new_listen_socket_14.cpp	127
/home/swlab-jueon/swvul/tools/java-vuln-detection/slicing/output/CPG/c/cwe680_cpg/cwe680-494-cpg-resolved.bin	tc494_flow2	CWE680_Integer_Overflow_to_Buffer_Overflow__new_listen_socket_14.cpp	156	CWE680_Integer_Overflow_to_Buffer_Overflow__new_listen_socket_14.cpp	162
/home/swlab-jueon/swvul/tools/java-vuln-detection/slicing/output/CPG/c/cwe680_cpg/cwe680-494-cpg-resolved.bin	tc494_flow3	CWE680_Integer_Overflow_to_Buffer_Overflow__new_listen_socket_14.cpp	182	CWE680_Integer_Overflow_to_Buffer_Overflow__new_listen_socket_14.cpp	188
/home/swlab-jueon/swvul/tools/java-vuln-detection/slicing/output/CPG/c/cwe680_cpg/cwe680-495-cpg-resolved.bin	tc495_flow1	CWE680_Integer_Overflow_to_Buffer_Overflow__new_listen_socket_15.cpp	74	CWE680_Integer_Overflow_to_Buffer_Overflow__new_listen_socket_15.cpp	133
/home/swlab-jueon/swvul/tools/java-vuln-detection/slicing/output/CPG/c/cwe680_cpg/cwe680-495-cpg-resolved.bin	tc495_flow2	CWE680_Integer_Overflow_to_Buffer_Overflow__new_listen_socket_15.cpp	162	CWE680_Integer_Overflow_to_Buffer_Overflow__new_listen_socket_15.cpp	169
/home/swlab-jueon/swvul/tools/java-vuln-detection/slicing/output/CPG/c/cwe680_cpg/cwe680-495-cpg-resolved.bin	tc495_flow3	CWE680_Integer_Overflow_to_Buffer_Overflow__new_listen_socket_15.cpp	190	CWE680_Integer_Overflow_to_Buffer_Overflow__new_listen_socket_15.cpp	201
/home/swlab-jueon/swvul/tools/java-vuln-detection/slicing/output/CPG/c/cwe680_cpg/cwe680-496-cpg-resolved.bin	tc496_flow1	CWE680_Integer_Overflow_to_Buffer_Overflow__new_listen_socket_16.cpp	73	CWE680_Integer_Overflow_to_Buffer_Overflow__new_listen_socket_16.cpp	128
/home/swlab-jueon/swvul/tools/java-vuln-detection/slicing/output/CPG/c/cwe680_cpg/cwe680-496-cpg-resolved.bin	tc496_flow2	CWE680_Integer_Overflow_to_Buffer_Overflow__new_listen_socket_16.cpp	152	CWE680_Integer_Overflow_to_Buffer_Overflow__new_listen_socket_16.cpp	159
/home/swlab-jueon/swvul/tools/java-vuln-detection/slicing/output/CPG/c/cwe680_cpg/cwe680-497-cpg-resolved.bin	tc497_flow1	CWE680_Integer_Overflow_to_Buffer_Overflow__new_listen_socket_17.cpp	74	CWE680_Integer_Overflow_to_Buffer_Overflow__new_listen_socket_17.cpp	128
/home/swlab-jueon/swvul/tools/java-vuln-detection/slicing/output/CPG/c/cwe680_cpg/cwe680-497-cpg-resolved.bin	tc497_flow2	CWE680_Integer_Overflow_to_Buffer_Overflow__new_listen_socket_17.cpp	153	CWE680_Integer_Overflow_to_Buffer_Overflow__new_listen_socket_17.cpp	159
/home/swlab-jueon/swvul/tools/java-vuln-detection/slicing/output/CPG/c/cwe680_cpg/cwe680-498-cpg-resolved.bin	tc498_flow1	CWE680_Integer_Overflow_to_Buffer_Overflow__new_listen_socket_18.cpp	73	CWE680_Integer_Overflow_to_Buffer_Overflow__new_listen_socket_18.cpp	126
/home/swlab-jueon/swvul/tools/java-vuln-detection/slicing/output/CPG/c/cwe680_cpg/cwe680-498-cpg-resolved.bin	tc498_flow2	CWE680_Integer_Overflow_to_Buffer_Overflow__new_listen_socket_18.cpp	150	CWE680_Integer_Overflow_to_Buffer_Overflow__new_listen_socket_18.cpp	155
/home/swlab-jueon/swvul/tools/java-vuln-detection/slicing/output/CPG/c/cwe680_cpg/cwe680-499-cpg-resolved.bin	tc499_flow1	CWE680_Integer_Overflow_to_Buffer_Overflow__new_listen_socket_21.cpp	73	CWE680_Integer_Overflow_to_Buffer_Overflow__new_listen_socket_21.cpp	137
/home/swlab-jueon/swvul/tools/java-vuln-detection/slicing/output/CPG/c/cwe680_cpg/cwe680-499-cpg-resolved.bin	tc499_flow2	CWE680_Integer_Overflow_to_Buffer_Overflow__new_listen_socket_21.cpp	168	CWE680_Integer_Overflow_to_Buffer_Overflow__new_listen_socket_21.cpp	184
/home/swlab-jueon/swvul/tools/java-vuln-detection/slicing/output/CPG/c/cwe680_cpg/cwe680-499-cpg-resolved.bin	tc499_flow3	CWE680_Integer_Overflow_to_Buffer_Overflow__new_listen_socket_21.cpp	202	CWE680_Integer_Overflow_to_Buffer_Overflow__new_listen_socket_21.cpp	218
/home/swlab-jueon/swvul/tools/java-vuln-detection/slicing/output/CPG/c/cwe680_cpg/cwe680-500-cpg-resolved.bin	tc500_flow1	CWE680_Integer_Overflow_to_Buffer_Overflow__new_listen_socket_22b.cpp	74	CWE680_Integer_Overflow_to_Buffer_Overflow__new_listen_socket_22a.cpp	41
/home/swlab-jueon/swvul/tools/java-vuln-detection/slicing/output/CPG/c/cwe680_cpg/cwe680-500-cpg-resolved.bin	tc500_flow2	CWE680_Integer_Overflow_to_Buffer_Overflow__new_listen_socket_22b.cpp	147	CWE680_Integer_Overflow_to_Buffer_Overflow__new_listen_socket_22a.cpp	76
/home/swlab-jueon/swvul/tools/java-vuln-detection/slicing/output/CPG/c/cwe680_cpg/cwe680-500-cpg-resolved.bin	tc500_flow3	CWE680_Integer_Overflow_to_Buffer_Overflow__new_listen_socket_22b.cpp	158	CWE680_Integer_Overflow_to_Buffer_Overflow__new_listen_socket_22a.cpp	102
/home/swlab-jueon/swvul/tools/java-vuln-detection/slicing/output/CPG/c/cwe680_cpg/cwe680-501-cpg-resolved.bin	tc501_flow1	CWE680_Integer_Overflow_to_Buffer_Overflow__new_listen_socket_31.cpp	71	CWE680_Integer_Overflow_to_Buffer_Overflow__new_listen_socket_31.cpp	127
/home/swlab-jueon/swvul/tools/java-vuln-detection/slicing/output/CPG/c/cwe680_cpg/cwe680-501-cpg-resolved.bin	tc501_flow2	CWE680_Integer_Overflow_to_Buffer_Overflow__new_listen_socket_31.cpp	150	CWE680_Integer_Overflow_to_Buffer_Overflow__new_listen_socket_31.cpp	158
/home/swlab-jueon/swvul/tools/java-vuln-detection/slicing/output/CPG/c/cwe680_cpg/cwe680-502-cpg-resolved.bin	tc502_flow1	CWE680_Integer_Overflow_to_Buffer_Overflow__new_listen_socket_32.cpp	75	CWE680_Integer_Overflow_to_Buffer_Overflow__new_listen_socket_32.cpp	132
/home/swlab-jueon/swvul/tools/java-vuln-detection/slicing/output/CPG/c/cwe680_cpg/cwe680-502-cpg-resolved.bin	tc502_flow2	CWE680_Integer_Overflow_to_Buffer_Overflow__new_listen_socket_32.cpp	159	CWE680_Integer_Overflow_to_Buffer_Overflow__new_listen_socket_32.cpp	168
/home/swlab-jueon/swvul/tools/java-vuln-detection/slicing/output/CPG/c/cwe680_cpg/cwe680-503-cpg-resolved.bin	tc503_flow1	CWE680_Integer_Overflow_to_Buffer_Overflow__new_listen_socket_33.cpp	72	CWE680_Integer_Overflow_to_Buffer_Overflow__new_listen_socket_33.cpp	127
/home/swlab-jueon/swvul/tools/java-vuln-detection/slicing/output/CPG/c/cwe680_cpg/cwe680-503-cpg-resolved.bin	tc503_flow2	CWE680_Integer_Overflow_to_Buffer_Overflow__new_listen_socket_33.cpp	151	CWE680_Integer_Overflow_to_Buffer_Overflow__new_listen_socket_33.cpp	158
/home/swlab-jueon/swvul/tools/java-vuln-detection/slicing/output/CPG/c/cwe680_cpg/cwe680-504-cpg-resolved.bin	tc504_flow1	CWE680_Integer_Overflow_to_Buffer_Overflow__new_listen_socket_34.cpp	78	CWE680_Integer_Overflow_to_Buffer_Overflow__new_listen_socket_34.cpp	134
/home/swlab-jueon/swvul/tools/java-vuln-detection/slicing/output/CPG/c/cwe680_cpg/cwe680-504-cpg-resolved.bin	tc504_flow2	CWE680_Integer_Overflow_to_Buffer_Overflow__new_listen_socket_34.cpp	158	CWE680_Integer_Overflow_to_Buffer_Overflow__new_listen_socket_34.cpp	166
/home/swlab-jueon/swvul/tools/java-vuln-detection/slicing/output/CPG/c/cwe680_cpg/cwe680-505-cpg-resolved.bin	tc505_flow1	CWE680_Integer_Overflow_to_Buffer_Overflow__new_listen_socket_41.cpp	88	CWE680_Integer_Overflow_to_Buffer_Overflow__new_listen_socket_41.cpp	52
/home/swlab-jueon/swvul/tools/java-vuln-detection/slicing/output/CPG/c/cwe680_cpg/cwe680-505-cpg-resolved.bin	tc505_flow2	CWE680_Integer_Overflow_to_Buffer_Overflow__new_listen_socket_41.cpp	168	CWE680_Integer_Overflow_to_Buffer_Overflow__new_listen_socket_41.cpp	150
/home/swlab-jueon/swvul/tools/java-vuln-detection/slicing/output/CPG/c/cwe680_cpg/cwe680-506-cpg-resolved.bin	tc506_flow1	CWE680_Integer_Overflow_to_Buffer_Overflow__new_listen_socket_42.cpp	68	CWE680_Integer_Overflow_to_Buffer_Overflow__new_listen_socket_42.cpp	130
/home/swlab-jueon/swvul/tools/java-vuln-detection/slicing/output/CPG/c/cwe680_cpg/cwe680-506-cpg-resolved.bin	tc506_flow2	CWE680_Integer_Overflow_to_Buffer_Overflow__new_listen_socket_42.cpp	148	CWE680_Integer_Overflow_to_Buffer_Overflow__new_listen_socket_42.cpp	163
/home/swlab-jueon/swvul/tools/java-vuln-detection/slicing/output/CPG/c/cwe680_cpg/cwe680-507-cpg-resolved.bin	tc507_flow1	CWE680_Integer_Overflow_to_Buffer_Overflow__new_listen_socket_43.cpp	68	CWE680_Integer_Overflow_to_Buffer_Overflow__new_listen_socket_43.cpp	129
/home/swlab-jueon/swvul/tools/java-vuln-detection/slicing/output/CPG/c/cwe680_cpg/cwe680-507-cpg-resolved.bin	tc507_flow2	CWE680_Integer_Overflow_to_Buffer_Overflow__new_listen_socket_43.cpp	148	CWE680_Integer_Overflow_to_Buffer_Overflow__new_listen_socket_43.cpp	161
/home/swlab-jueon/swvul/tools/java-vuln-detection/slicing/output/CPG/c/cwe680_cpg/cwe680-508-cpg-resolved.bin	tc508_flow1	CWE680_Integer_Overflow_to_Buffer_Overflow__new_listen_socket_44.cpp	90	CWE680_Integer_Overflow_to_Buffer_Overflow__new_listen_socket_44.cpp	52
/home/swlab-jueon/swvul/tools/java-vuln-detection/slicing/output/CPG/c/cwe680_cpg/cwe680-508-cpg-resolved.bin	tc508_flow2	CWE680_Integer_Overflow_to_Buffer_Overflow__new_listen_socket_44.cpp	172	CWE680_Integer_Overflow_to_Buffer_Overflow__new_listen_socket_44.cpp	154
/home/swlab-jueon/swvul/tools/java-vuln-detection/slicing/output/CPG/c/cwe680_cpg/cwe680-509-cpg-resolved.bin	tc509_flow1	CWE680_Integer_Overflow_to_Buffer_Overflow__new_listen_socket_45.cpp	92	CWE680_Integer_Overflow_to_Buffer_Overflow__new_listen_socket_45.cpp	56
/home/swlab-jueon/swvul/tools/java-vuln-detection/slicing/output/CPG/c/cwe680_cpg/cwe680-509-cpg-resolved.bin	tc509_flow2	CWE680_Integer_Overflow_to_Buffer_Overflow__new_listen_socket_45.cpp	174	CWE680_Integer_Overflow_to_Buffer_Overflow__new_listen_socket_45.cpp	157
/home/swlab-jueon/swvul/tools/java-vuln-detection/slicing/output/CPG/c/cwe680_cpg/cwe680-510-cpg-resolved.bin	tc510_flow1	CWE680_Integer_Overflow_to_Buffer_Overflow__new_listen_socket_51a.cpp	74	CWE680_Integer_Overflow_to_Buffer_Overflow__new_listen_socket_51b.cpp	54
/home/swlab-jueon/swvul/tools/java-vuln-detection/slicing/output/CPG/c/cwe680_cpg/cwe680-510-cpg-resolved.bin	tc510_flow2	CWE680_Integer_Overflow_to_Buffer_Overflow__new_listen_socket_51a.cpp	140	CWE680_Integer_Overflow_to_Buffer_Overflow__new_listen_socket_51b.cpp	76
/home/swlab-jueon/swvul/tools/java-vuln-detection/slicing/output/CPG/c/cwe680_cpg/cwe680-511-cpg-resolved.bin	tc511_flow1	CWE680_Integer_Overflow_to_Buffer_Overflow__new_listen_socket_52a.cpp	74	CWE680_Integer_Overflow_to_Buffer_Overflow__new_listen_socket_52c.cpp	54
/home/swlab-jueon/swvul/tools/java-vuln-detection/slicing/output/CPG/c/cwe680_cpg/cwe680-511-cpg-resolved.bin	tc511_flow2	CWE680_Integer_Overflow_to_Buffer_Overflow__new_listen_socket_52a.cpp	140	CWE680_Integer_Overflow_to_Buffer_Overflow__new_listen_socket_52c.cpp	76
/home/swlab-jueon/swvul/tools/java-vuln-detection/slicing/output/CPG/c/cwe680_cpg/cwe680-512-cpg-resolved.bin	tc512_flow1	CWE680_Integer_Overflow_to_Buffer_Overflow__new_listen_socket_53a.cpp	74	CWE680_Integer_Overflow_to_Buffer_Overflow__new_listen_socket_53d.cpp	54
/home/swlab-jueon/swvul/tools/java-vuln-detection/slicing/output/CPG/c/cwe680_cpg/cwe680-512-cpg-resolved.bin	tc512_flow2	CWE680_Integer_Overflow_to_Buffer_Overflow__new_listen_socket_53a.cpp	140	CWE680_Integer_Overflow_to_Buffer_Overflow__new_listen_socket_53d.cpp	76
/home/swlab-jueon/swvul/tools/java-vuln-detection/slicing/output/CPG/c/cwe680_cpg/cwe680-513-cpg-resolved.bin	tc513_flow1	CWE680_Integer_Overflow_to_Buffer_Overflow__new_listen_socket_54a.cpp	74	CWE680_Integer_Overflow_to_Buffer_Overflow__new_listen_socket_54e.cpp	54
/home/swlab-jueon/swvul/tools/java-vuln-detection/slicing/output/CPG/c/cwe680_cpg/cwe680-513-cpg-resolved.bin	tc513_flow2	CWE680_Integer_Overflow_to_Buffer_Overflow__new_listen_socket_54a.cpp	140	CWE680_Integer_Overflow_to_Buffer_Overflow__new_listen_socket_54e.cpp	76
/home/swlab-jueon/swvul/tools/java-vuln-detection/slicing/output/CPG/c/cwe680_cpg/cwe680-514-cpg-resolved.bin	tc514_flow1	CWE680_Integer_Overflow_to_Buffer_Overflow__new_listen_socket_61b.cpp	68	CWE680_Integer_Overflow_to_Buffer_Overflow__new_listen_socket_61a.cpp	59
/home/swlab-jueon/swvul/tools/java-vuln-detection/slicing/output/CPG/c/cwe680_cpg/cwe680-514-cpg-resolved.bin	tc514_flow2	CWE680_Integer_Overflow_to_Buffer_Overflow__new_listen_socket_61b.cpp	128	CWE680_Integer_Overflow_to_Buffer_Overflow__new_listen_socket_61a.cpp	87
/home/swlab-jueon/swvul/tools/java-vuln-detection/slicing/output/CPG/c/cwe680_cpg/cwe680-515-cpg-resolved.bin	tc515_flow1	CWE680_Integer_Overflow_to_Buffer_Overflow__new_listen_socket_62b.cpp	68	CWE680_Integer_Overflow_to_Buffer_Overflow__new_listen_socket_62a.cpp	59
/home/swlab-jueon/swvul/tools/java-vuln-detection/slicing/output/CPG/c/cwe680_cpg/cwe680-515-cpg-resolved.bin	tc515_flow2	CWE680_Integer_Overflow_to_Buffer_Overflow__new_listen_socket_62b.cpp	127	CWE680_Integer_Overflow_to_Buffer_Overflow__new_listen_socket_62a.cpp	87
/home/swlab-jueon/swvul/tools/java-vuln-detection/slicing/output/CPG/c/cwe680_cpg/cwe680-516-cpg-resolved.bin	tc516_flow1	CWE680_Integer_Overflow_to_Buffer_Overflow__new_listen_socket_63a.cpp	74	CWE680_Integer_Overflow_to_Buffer_Overflow__new_listen_socket_63b.cpp	53
/home/swlab-jueon/swvul/tools/java-vuln-detection/slicing/output/CPG/c/cwe680_cpg/cwe680-516-cpg-resolved.bin	tc516_flow2	CWE680_Integer_Overflow_to_Buffer_Overflow__new_listen_socket_63a.cpp	139	CWE680_Integer_Overflow_to_Buffer_Overflow__new_listen_socket_63b.cpp	76
/home/swlab-jueon/swvul/tools/java-vuln-detection/slicing/output/CPG/c/cwe680_cpg/cwe680-517-cpg-resolved.bin	tc517_flow1	CWE680_Integer_Overflow_to_Buffer_Overflow__new_listen_socket_64a.cpp	74	CWE680_Integer_Overflow_to_Buffer_Overflow__new_listen_socket_64b.cpp	56
/home/swlab-jueon/swvul/tools/java-vuln-detection/slicing/output/CPG/c/cwe680_cpg/cwe680-517-cpg-resolved.bin	tc517_flow2	CWE680_Integer_Overflow_to_Buffer_Overflow__new_listen_socket_64a.cpp	139	CWE680_Integer_Overflow_to_Buffer_Overflow__new_listen_socket_64b.cpp	82
/home/swlab-jueon/swvul/tools/java-vuln-detection/slicing/output/CPG/c/cwe680_cpg/cwe680-518-cpg-resolved.bin	tc518_flow1	CWE680_Integer_Overflow_to_Buffer_Overflow__new_listen_socket_65a.cpp	76	CWE680_Integer_Overflow_to_Buffer_Overflow__new_listen_socket_65b.cpp	52
/home/swlab-jueon/swvul/tools/java-vuln-detection/slicing/output/CPG/c/cwe680_cpg/cwe680-518-cpg-resolved.bin	tc518_flow2	CWE680_Integer_Overflow_to_Buffer_Overflow__new_listen_socket_65a.cpp	143	CWE680_Integer_Overflow_to_Buffer_Overflow__new_listen_socket_65b.cpp	74
/home/swlab-jueon/swvul/tools/java-vuln-detection/slicing/output/CPG/c/cwe680_cpg/cwe680-519-cpg-resolved.bin	tc519_flow1	CWE680_Integer_Overflow_to_Buffer_Overflow__new_listen_socket_66a.cpp	75	CWE680_Integer_Overflow_to_Buffer_Overflow__new_listen_socket_66b.cpp	54
/home/swlab-jueon/swvul/tools/java-vuln-detection/slicing/output/CPG/c/cwe680_cpg/cwe680-519-cpg-resolved.bin	tc519_flow2	CWE680_Integer_Overflow_to_Buffer_Overflow__new_listen_socket_66a.cpp	145	CWE680_Integer_Overflow_to_Buffer_Overflow__new_listen_socket_66b.cpp	77
/home/swlab-jueon/swvul/tools/java-vuln-detection/slicing/output/CPG/c/cwe680_cpg/cwe680-520-cpg-resolved.bin	tc520_flow1	CWE680_Integer_Overflow_to_Buffer_Overflow__new_listen_socket_67a.cpp	80	CWE680_Integer_Overflow_to_Buffer_Overflow__new_listen_socket_67b.cpp	58
/home/swlab-jueon/swvul/tools/java-vuln-detection/slicing/output/CPG/c/cwe680_cpg/cwe680-520-cpg-resolved.bin	tc520_flow2	CWE680_Integer_Overflow_to_Buffer_Overflow__new_listen_socket_67a.cpp	147	CWE680_Integer_Overflow_to_Buffer_Overflow__new_listen_socket_67b.cpp	81
/home/swlab-jueon/swvul/tools/java-vuln-detection/slicing/output/CPG/c/cwe680_cpg/cwe680-521-cpg-resolved.bin	tc521_flow1	CWE680_Integer_Overflow_to_Buffer_Overflow__new_listen_socket_68a.cpp	77	CWE680_Integer_Overflow_to_Buffer_Overflow__new_listen_socket_68b.cpp	58
/home/swlab-jueon/swvul/tools/java-vuln-detection/slicing/output/CPG/c/cwe680_cpg/cwe680-521-cpg-resolved.bin	tc521_flow2	CWE680_Integer_Overflow_to_Buffer_Overflow__new_listen_socket_68a.cpp	144	CWE680_Integer_Overflow_to_Buffer_Overflow__new_listen_socket_68b.cpp	81
/home/swlab-jueon/swvul/tools/java-vuln-detection/slicing/output/CPG/c/cwe680_cpg/cwe680-522-cpg-resolved.bin	tc522_flow1	CWE680_Integer_Overflow_to_Buffer_Overflow__new_listen_socket_72a.cpp	78	CWE680_Integer_Overflow_to_Buffer_Overflow__new_listen_socket_72b.cpp	35
/home/swlab-jueon/swvul/tools/java-vuln-detection/slicing/output/CPG/c/cwe680_cpg/cwe680-522-cpg-resolved.bin	tc522_flow2	CWE680_Integer_Overflow_to_Buffer_Overflow__new_listen_socket_72a.cpp	150	CWE680_Integer_Overflow_to_Buffer_Overflow__new_listen_socket_72b.cpp	58
/home/swlab-jueon/swvul/tools/java-vuln-detection/slicing/output/CPG/c/cwe680_cpg/cwe680-523-cpg-resolved.bin	tc523_flow1	CWE680_Integer_Overflow_to_Buffer_Overflow__new_listen_socket_73a.cpp	78	CWE680_Integer_Overflow_to_Buffer_Overflow__new_listen_socket_73b.cpp	35
/home/swlab-jueon/swvul/tools/java-vuln-detection/slicing/output/CPG/c/cwe680_cpg/cwe680-523-cpg-resolved.bin	tc523_flow2	CWE680_Integer_Overflow_to_Buffer_Overflow__new_listen_socket_73a.cpp	150	CWE680_Integer_Overflow_to_Buffer_Overflow__new_listen_socket_73b.cpp	58
/home/swlab-jueon/swvul/tools/java-vuln-detection/slicing/output/CPG/c/cwe680_cpg/cwe680-524-cpg-resolved.bin	tc524_flow1	CWE680_Integer_Overflow_to_Buffer_Overflow__new_listen_socket_74a.cpp	78	CWE680_Integer_Overflow_to_Buffer_Overflow__new_listen_socket_74b.cpp	35
/home/swlab-jueon/swvul/tools/java-vuln-detection/slicing/output/CPG/c/cwe680_cpg/cwe680-524-cpg-resolved.bin	tc524_flow2	CWE680_Integer_Overflow_to_Buffer_Overflow__new_listen_socket_74a.cpp	150	CWE680_Integer_Overflow_to_Buffer_Overflow__new_listen_socket_74b.cpp	58
/home/swlab-jueon/swvul/tools/java-vuln-detection/slicing/output/CPG/c/cwe680_cpg/cwe680-525-cpg-resolved.bin	tc525_flow1	CWE680_Integer_Overflow_to_Buffer_Overflow__new_listen_socket_81a.cpp	72	CWE680_Integer_Overflow_to_Buffer_Overflow__new_listen_socket_81_bad.cpp	30
/home/swlab-jueon/swvul/tools/java-vuln-detection/slicing/output/CPG/c/cwe680_cpg/cwe680-525-cpg-resolved.bin	tc525_flow2	CWE680_Integer_Overflow_to_Buffer_Overflow__new_listen_socket_81a.cpp	136	CWE680_Integer_Overflow_to_Buffer_Overflow__new_listen_socket_81_goodG2B.cpp	30
/home/swlab-jueon/swvul/tools/java-vuln-detection/slicing/output/CPG/c/cwe680_cpg/cwe680-526-cpg-resolved.bin	tc526_flow1	CWE680_Integer_Overflow_to_Buffer_Overflow__new_listen_socket_82a.cpp	72	CWE680_Integer_Overflow_to_Buffer_Overflow__new_listen_socket_82_bad.cpp	30
/home/swlab-jueon/swvul/tools/java-vuln-detection/slicing/output/CPG/c/cwe680_cpg/cwe680-526-cpg-resolved.bin	tc526_flow2	CWE680_Integer_Overflow_to_Buffer_Overflow__new_listen_socket_82a.cpp	137	CWE680_Integer_Overflow_to_Buffer_Overflow__new_listen_socket_82_goodG2B.cpp	30
/home/swlab-jueon/swvul/tools/java-vuln-detection/slicing/output/CPG/c/cwe680_cpg/cwe680-527-cpg-resolved.bin	tc527_flow1	CWE680_Integer_Overflow_to_Buffer_Overflow__new_listen_socket_83_bad.cpp	68	CWE680_Integer_Overflow_to_Buffer_Overflow__new_listen_socket_83_bad.cpp	125
/home/swlab-jueon/swvul/tools/java-vuln-detection/slicing/output/CPG/c/cwe680_cpg/cwe680-527-cpg-resolved.bin	tc527_flow2	CWE680_Integer_Overflow_to_Buffer_Overflow__new_listen_socket_83_goodG2B.cpp	27	CWE680_Integer_Overflow_to_Buffer_Overflow__new_listen_socket_83_goodG2B.cpp	36
/home/swlab-jueon/swvul/tools/java-vuln-detection/slicing/output/CPG/c/cwe680_cpg/cwe680-528-cpg-resolved.bin	tc528_flow1	CWE680_Integer_Overflow_to_Buffer_Overflow__new_listen_socket_84_bad.cpp	68	CWE680_Integer_Overflow_to_Buffer_Overflow__new_listen_socket_84_bad.cpp	125
/home/swlab-jueon/swvul/tools/java-vuln-detection/slicing/output/CPG/c/cwe680_cpg/cwe680-528-cpg-resolved.bin	tc528_flow2	CWE680_Integer_Overflow_to_Buffer_Overflow__new_listen_socket_84_goodG2B.cpp	27	CWE680_Integer_Overflow_to_Buffer_Overflow__new_listen_socket_84_goodG2B.cpp	36
/home/swlab-jueon/swvul/tools/java-vuln-detection/slicing/output/CPG/c/cwe680_cpg/cwe680-529-cpg-resolved.bin	tc529_flow1	CWE680_Integer_Overflow_to_Buffer_Overflow__new_rand_01.cpp	30	CWE680_Integer_Overflow_to_Buffer_Overflow__new_rand_01.cpp	35
/home/swlab-jueon/swvul/tools/java-vuln-detection/slicing/output/CPG/c/cwe680_cpg/cwe680-529-cpg-resolved.bin	tc529_flow2	CWE680_Integer_Overflow_to_Buffer_Overflow__new_rand_01.cpp	57	CWE680_Integer_Overflow_to_Buffer_Overflow__new_rand_01.cpp	62
/home/swlab-jueon/swvul/tools/java-vuln-detection/slicing/output/CPG/c/cwe680_cpg/cwe680-530-cpg-resolved.bin	tc530_flow1	CWE680_Integer_Overflow_to_Buffer_Overflow__new_rand_02.cpp	32	CWE680_Integer_Overflow_to_Buffer_Overflow__new_rand_02.cpp	38
/home/swlab-jueon/swvul/tools/java-vuln-detection/slicing/output/CPG/c/cwe680_cpg/cwe680-530-cpg-resolved.bin	tc530_flow2	CWE680_Integer_Overflow_to_Buffer_Overflow__new_rand_02.cpp	67	CWE680_Integer_Overflow_to_Buffer_Overflow__new_rand_02.cpp	73
/home/swlab-jueon/swvul/tools/java-vuln-detection/slicing/output/CPG/c/cwe680_cpg/cwe680-530-cpg-resolved.bin	tc530_flow3	CWE680_Integer_Overflow_to_Buffer_Overflow__new_rand_02.cpp	93	CWE680_Integer_Overflow_to_Buffer_Overflow__new_rand_02.cpp	99
/home/swlab-jueon/swvul/tools/java-vuln-detection/slicing/output/CPG/c/cwe680_cpg/cwe680-531-cpg-resolved.bin	tc531_flow1	CWE680_Integer_Overflow_to_Buffer_Overflow__new_rand_03.cpp	32	CWE680_Integer_Overflow_to_Buffer_Overflow__new_rand_03.cpp	38
/home/swlab-jueon/swvul/tools/java-vuln-detection/slicing/output/CPG/c/cwe680_cpg/cwe680-531-cpg-resolved.bin	tc531_flow2	CWE680_Integer_Overflow_to_Buffer_Overflow__new_rand_03.cpp	67	CWE680_Integer_Overflow_to_Buffer_Overflow__new_rand_03.cpp	73
/home/swlab-jueon/swvul/tools/java-vuln-detection/slicing/output/CPG/c/cwe680_cpg/cwe680-531-cpg-resolved.bin	tc531_flow3	CWE680_Integer_Overflow_to_Buffer_Overflow__new_rand_03.cpp	93	CWE680_Integer_Overflow_to_Buffer_Overflow__new_rand_03.cpp	99
/home/swlab-jueon/swvul/tools/java-vuln-detection/slicing/output/CPG/c/cwe680_cpg/cwe680-532-cpg-resolved.bin	tc532_flow1	CWE680_Integer_Overflow_to_Buffer_Overflow__new_rand_04.cpp	38	CWE680_Integer_Overflow_to_Buffer_Overflow__new_rand_04.cpp	44
/home/swlab-jueon/swvul/tools/java-vuln-detection/slicing/output/CPG/c/cwe680_cpg/cwe680-532-cpg-resolved.bin	tc532_flow2	CWE680_Integer_Overflow_to_Buffer_Overflow__new_rand_04.cpp	73	CWE680_Integer_Overflow_to_Buffer_Overflow__new_rand_04.cpp	79
/home/swlab-jueon/swvul/tools/java-vuln-detection/slicing/output/CPG/c/cwe680_cpg/cwe680-532-cpg-resolved.bin	tc532_flow3	CWE680_Integer_Overflow_to_Buffer_Overflow__new_rand_04.cpp	99	CWE680_Integer_Overflow_to_Buffer_Overflow__new_rand_04.cpp	105
/home/swlab-jueon/swvul/tools/java-vuln-detection/slicing/output/CPG/c/cwe680_cpg/cwe680-533-cpg-resolved.bin	tc533_flow1	CWE680_Integer_Overflow_to_Buffer_Overflow__new_rand_05.cpp	38	CWE680_Integer_Overflow_to_Buffer_Overflow__new_rand_05.cpp	44
/home/swlab-jueon/swvul/tools/java-vuln-detection/slicing/output/CPG/c/cwe680_cpg/cwe680-533-cpg-resolved.bin	tc533_flow2	CWE680_Integer_Overflow_to_Buffer_Overflow__new_rand_05.cpp	73	CWE680_Integer_Overflow_to_Buffer_Overflow__new_rand_05.cpp	79
/home/swlab-jueon/swvul/tools/java-vuln-detection/slicing/output/CPG/c/cwe680_cpg/cwe680-533-cpg-resolved.bin	tc533_flow3	CWE680_Integer_Overflow_to_Buffer_Overflow__new_rand_05.cpp	99	CWE680_Integer_Overflow_to_Buffer_Overflow__new_rand_05.cpp	105
/home/swlab-jueon/swvul/tools/java-vuln-detection/slicing/output/CPG/c/cwe680_cpg/cwe680-534-cpg-resolved.bin	tc534_flow1	CWE680_Integer_Overflow_to_Buffer_Overflow__new_rand_06.cpp	37	CWE680_Integer_Overflow_to_Buffer_Overflow__new_rand_06.cpp	43
/home/swlab-jueon/swvul/tools/java-vuln-detection/slicing/output/CPG/c/cwe680_cpg/cwe680-534-cpg-resolved.bin	tc534_flow2	CWE680_Integer_Overflow_to_Buffer_Overflow__new_rand_06.cpp	72	CWE680_Integer_Overflow_to_Buffer_Overflow__new_rand_06.cpp	78
/home/swlab-jueon/swvul/tools/java-vuln-detection/slicing/output/CPG/c/cwe680_cpg/cwe680-534-cpg-resolved.bin	tc534_flow3	CWE680_Integer_Overflow_to_Buffer_Overflow__new_rand_06.cpp	98	CWE680_Integer_Overflow_to_Buffer_Overflow__new_rand_06.cpp	104
/home/swlab-jueon/swvul/tools/java-vuln-detection/slicing/output/CPG/c/cwe680_cpg/cwe680-535-cpg-resolved.bin	tc535_flow1	CWE680_Integer_Overflow_to_Buffer_Overflow__new_rand_07.cpp	37	CWE680_Integer_Overflow_to_Buffer_Overflow__new_rand_07.cpp	43
/home/swlab-jueon/swvul/tools/java-vuln-detection/slicing/output/CPG/c/cwe680_cpg/cwe680-535-cpg-resolved.bin	tc535_flow2	CWE680_Integer_Overflow_to_Buffer_Overflow__new_rand_07.cpp	72	CWE680_Integer_Overflow_to_Buffer_Overflow__new_rand_07.cpp	78
/home/swlab-jueon/swvul/tools/java-vuln-detection/slicing/output/CPG/c/cwe680_cpg/cwe680-535-cpg-resolved.bin	tc535_flow3	CWE680_Integer_Overflow_to_Buffer_Overflow__new_rand_07.cpp	98	CWE680_Integer_Overflow_to_Buffer_Overflow__new_rand_07.cpp	104
/home/swlab-jueon/swvul/tools/java-vuln-detection/slicing/output/CPG/c/cwe680_cpg/cwe680-536-cpg-resolved.bin	tc536_flow1	CWE680_Integer_Overflow_to_Buffer_Overflow__new_rand_08.cpp	45	CWE680_Integer_Overflow_to_Buffer_Overflow__new_rand_08.cpp	51
/home/swlab-jueon/swvul/tools/java-vuln-detection/slicing/output/CPG/c/cwe680_cpg/cwe680-536-cpg-resolved.bin	tc536_flow2	CWE680_Integer_Overflow_to_Buffer_Overflow__new_rand_08.cpp	80	CWE680_Integer_Overflow_to_Buffer_Overflow__new_rand_08.cpp	86
/home/swlab-jueon/swvul/tools/java-vuln-detection/slicing/output/CPG/c/cwe680_cpg/cwe680-536-cpg-resolved.bin	tc536_flow3	CWE680_Integer_Overflow_to_Buffer_Overflow__new_rand_08.cpp	106	CWE680_Integer_Overflow_to_Buffer_Overflow__new_rand_08.cpp	112
/home/swlab-jueon/swvul/tools/java-vuln-detection/slicing/output/CPG/c/cwe680_cpg/cwe680-537-cpg-resolved.bin	tc537_flow1	CWE680_Integer_Overflow_to_Buffer_Overflow__new_rand_09.cpp	32	CWE680_Integer_Overflow_to_Buffer_Overflow__new_rand_09.cpp	38
/home/swlab-jueon/swvul/tools/java-vuln-detection/slicing/output/CPG/c/cwe680_cpg/cwe680-537-cpg-resolved.bin	tc537_flow2	CWE680_Integer_Overflow_to_Buffer_Overflow__new_rand_09.cpp	67	CWE680_Integer_Overflow_to_Buffer_Overflow__new_rand_09.cpp	73
/home/swlab-jueon/swvul/tools/java-vuln-detection/slicing/output/CPG/c/cwe680_cpg/cwe680-537-cpg-resolved.bin	tc537_flow3	CWE680_Integer_Overflow_to_Buffer_Overflow__new_rand_09.cpp	93	CWE680_Integer_Overflow_to_Buffer_Overflow__new_rand_09.cpp	99
/home/swlab-jueon/swvul/tools/java-vuln-detection/slicing/output/CPG/c/cwe680_cpg/cwe680-538-cpg-resolved.bin	tc538_flow1	CWE680_Integer_Overflow_to_Buffer_Overflow__new_rand_10.cpp	32	CWE680_Integer_Overflow_to_Buffer_Overflow__new_rand_10.cpp	38
/home/swlab-jueon/swvul/tools/java-vuln-detection/slicing/output/CPG/c/cwe680_cpg/cwe680-538-cpg-resolved.bin	tc538_flow2	CWE680_Integer_Overflow_to_Buffer_Overflow__new_rand_10.cpp	67	CWE680_Integer_Overflow_to_Buffer_Overflow__new_rand_10.cpp	73
/home/swlab-jueon/swvul/tools/java-vuln-detection/slicing/output/CPG/c/cwe680_cpg/cwe680-538-cpg-resolved.bin	tc538_flow3	CWE680_Integer_Overflow_to_Buffer_Overflow__new_rand_10.cpp	93	CWE680_Integer_Overflow_to_Buffer_Overflow__new_rand_10.cpp	99
/home/swlab-jueon/swvul/tools/java-vuln-detection/slicing/output/CPG/c/cwe680_cpg/cwe680-539-cpg-resolved.bin	tc539_flow1	CWE680_Integer_Overflow_to_Buffer_Overflow__new_rand_11.cpp	32	CWE680_Integer_Overflow_to_Buffer_Overflow__new_rand_11.cpp	38
/home/swlab-jueon/swvul/tools/java-vuln-detection/slicing/output/CPG/c/cwe680_cpg/cwe680-539-cpg-resolved.bin	tc539_flow2	CWE680_Integer_Overflow_to_Buffer_Overflow__new_rand_11.cpp	67	CWE680_Integer_Overflow_to_Buffer_Overflow__new_rand_11.cpp	73
/home/swlab-jueon/swvul/tools/java-vuln-detection/slicing/output/CPG/c/cwe680_cpg/cwe680-539-cpg-resolved.bin	tc539_flow3	CWE680_Integer_Overflow_to_Buffer_Overflow__new_rand_11.cpp	93	CWE680_Integer_Overflow_to_Buffer_Overflow__new_rand_11.cpp	99
/home/swlab-jueon/swvul/tools/java-vuln-detection/slicing/output/CPG/c/cwe680_cpg/cwe680-540-cpg-resolved.bin	tc540_flow1	CWE680_Integer_Overflow_to_Buffer_Overflow__new_rand_12.cpp	32	CWE680_Integer_Overflow_to_Buffer_Overflow__new_rand_12.cpp	43
/home/swlab-jueon/swvul/tools/java-vuln-detection/slicing/output/CPG/c/cwe680_cpg/cwe680-540-cpg-resolved.bin	tc540_flow2	CWE680_Integer_Overflow_to_Buffer_Overflow__new_rand_12.cpp	68	CWE680_Integer_Overflow_to_Buffer_Overflow__new_rand_12.cpp	79
/home/swlab-jueon/swvul/tools/java-vuln-detection/slicing/output/CPG/c/cwe680_cpg/cwe680-541-cpg-resolved.bin	tc541_flow1	CWE680_Integer_Overflow_to_Buffer_Overflow__new_rand_13.cpp	32	CWE680_Integer_Overflow_to_Buffer_Overflow__new_rand_13.cpp	38
/home/swlab-jueon/swvul/tools/java-vuln-detection/slicing/output/CPG/c/cwe680_cpg/cwe680-541-cpg-resolved.bin	tc541_flow2	CWE680_Integer_Overflow_to_Buffer_Overflow__new_rand_13.cpp	67	CWE680_Integer_Overflow_to_Buffer_Overflow__new_rand_13.cpp	73
/home/swlab-jueon/swvul/tools/java-vuln-detection/slicing/output/CPG/c/cwe680_cpg/cwe680-541-cpg-resolved.bin	tc541_flow3	CWE680_Integer_Overflow_to_Buffer_Overflow__new_rand_13.cpp	93	CWE680_Integer_Overflow_to_Buffer_Overflow__new_rand_13.cpp	99
/home/swlab-jueon/swvul/tools/java-vuln-detection/slicing/output/CPG/c/cwe680_cpg/cwe680-542-cpg-resolved.bin	tc542_flow1	CWE680_Integer_Overflow_to_Buffer_Overflow__new_rand_14.cpp	32	CWE680_Integer_Overflow_to_Buffer_Overflow__new_rand_14.cpp	38
/home/swlab-jueon/swvul/tools/java-vuln-detection/slicing/output/CPG/c/cwe680_cpg/cwe680-542-cpg-resolved.bin	tc542_flow2	CWE680_Integer_Overflow_to_Buffer_Overflow__new_rand_14.cpp	67	CWE680_Integer_Overflow_to_Buffer_Overflow__new_rand_14.cpp	73
/home/swlab-jueon/swvul/tools/java-vuln-detection/slicing/output/CPG/c/cwe680_cpg/cwe680-542-cpg-resolved.bin	tc542_flow3	CWE680_Integer_Overflow_to_Buffer_Overflow__new_rand_14.cpp	93	CWE680_Integer_Overflow_to_Buffer_Overflow__new_rand_14.cpp	99
/home/swlab-jueon/swvul/tools/java-vuln-detection/slicing/output/CPG/c/cwe680_cpg/cwe680-543-cpg-resolved.bin	tc543_flow1	CWE680_Integer_Overflow_to_Buffer_Overflow__new_rand_15.cpp	33	CWE680_Integer_Overflow_to_Buffer_Overflow__new_rand_15.cpp	44
/home/swlab-jueon/swvul/tools/java-vuln-detection/slicing/output/CPG/c/cwe680_cpg/cwe680-543-cpg-resolved.bin	tc543_flow2	CWE680_Integer_Overflow_to_Buffer_Overflow__new_rand_15.cpp	73	CWE680_Integer_Overflow_to_Buffer_Overflow__new_rand_15.cpp	80
/home/swlab-jueon/swvul/tools/java-vuln-detection/slicing/output/CPG/c/cwe680_cpg/cwe680-543-cpg-resolved.bin	tc543_flow3	CWE680_Integer_Overflow_to_Buffer_Overflow__new_rand_15.cpp	101	CWE680_Integer_Overflow_to_Buffer_Overflow__new_rand_15.cpp	112
/home/swlab-jueon/swvul/tools/java-vuln-detection/slicing/output/CPG/c/cwe680_cpg/cwe680-544-cpg-resolved.bin	tc544_flow1	CWE680_Integer_Overflow_to_Buffer_Overflow__new_rand_16.cpp	32	CWE680_Integer_Overflow_to_Buffer_Overflow__new_rand_16.cpp	39
/home/swlab-jueon/swvul/tools/java-vuln-detection/slicing/output/CPG/c/cwe680_cpg/cwe680-544-cpg-resolved.bin	tc544_flow2	CWE680_Integer_Overflow_to_Buffer_Overflow__new_rand_16.cpp	63	CWE680_Integer_Overflow_to_Buffer_Overflow__new_rand_16.cpp	70
/home/swlab-jueon/swvul/tools/java-vuln-detection/slicing/output/CPG/c/cwe680_cpg/cwe680-545-cpg-resolved.bin	tc545_flow1	CWE680_Integer_Overflow_to_Buffer_Overflow__new_rand_17.cpp	33	CWE680_Integer_Overflow_to_Buffer_Overflow__new_rand_17.cpp	39
/home/swlab-jueon/swvul/tools/java-vuln-detection/slicing/output/CPG/c/cwe680_cpg/cwe680-545-cpg-resolved.bin	tc545_flow2	CWE680_Integer_Overflow_to_Buffer_Overflow__new_rand_17.cpp	64	CWE680_Integer_Overflow_to_Buffer_Overflow__new_rand_17.cpp	70
/home/swlab-jueon/swvul/tools/java-vuln-detection/slicing/output/CPG/c/cwe680_cpg/cwe680-546-cpg-resolved.bin	tc546_flow1	CWE680_Integer_Overflow_to_Buffer_Overflow__new_rand_18.cpp	32	CWE680_Integer_Overflow_to_Buffer_Overflow__new_rand_18.cpp	37
/home/swlab-jueon/swvul/tools/java-vuln-detection/slicing/output/CPG/c/cwe680_cpg/cwe680-546-cpg-resolved.bin	tc546_flow2	CWE680_Integer_Overflow_to_Buffer_Overflow__new_rand_18.cpp	61	CWE680_Integer_Overflow_to_Buffer_Overflow__new_rand_18.cpp	66
/home/swlab-jueon/swvul/tools/java-vuln-detection/slicing/output/CPG/c/cwe680_cpg/cwe680-547-cpg-resolved.bin	tc547_flow1	CWE680_Integer_Overflow_to_Buffer_Overflow__new_rand_21.cpp	32	CWE680_Integer_Overflow_to_Buffer_Overflow__new_rand_21.cpp	48
/home/swlab-jueon/swvul/tools/java-vuln-detection/slicing/output/CPG/c/cwe680_cpg/cwe680-547-cpg-resolved.bin	tc547_flow2	CWE680_Integer_Overflow_to_Buffer_Overflow__new_rand_21.cpp	79	CWE680_Integer_Overflow_to_Buffer_Overflow__new_rand_21.cpp	95
/home/swlab-jueon/swvul/tools/java-vuln-detection/slicing/output/CPG/c/cwe680_cpg/cwe680-547-cpg-resolved.bin	tc547_flow3	CWE680_Integer_Overflow_to_Buffer_Overflow__new_rand_21.cpp	113	CWE680_Integer_Overflow_to_Buffer_Overflow__new_rand_21.cpp	129
/home/swlab-jueon/swvul/tools/java-vuln-detection/slicing/output/CPG/c/cwe680_cpg/cwe680-548-cpg-resolved.bin	tc548_flow1	CWE680_Integer_Overflow_to_Buffer_Overflow__new_rand_22b.cpp	33	CWE680_Integer_Overflow_to_Buffer_Overflow__new_rand_22a.cpp	41
/home/swlab-jueon/swvul/tools/java-vuln-detection/slicing/output/CPG/c/cwe680_cpg/cwe680-548-cpg-resolved.bin	tc548_flow2	CWE680_Integer_Overflow_to_Buffer_Overflow__new_rand_22b.cpp	58	CWE680_Integer_Overflow_to_Buffer_Overflow__new_rand_22a.cpp	76
/home/swlab-jueon/swvul/tools/java-vuln-detection/slicing/output/CPG/c/cwe680_cpg/cwe680-548-cpg-resolved.bin	tc548_flow3	CWE680_Integer_Overflow_to_Buffer_Overflow__new_rand_22b.cpp	69	CWE680_Integer_Overflow_to_Buffer_Overflow__new_rand_22a.cpp	102
/home/swlab-jueon/swvul/tools/java-vuln-detection/slicing/output/CPG/c/cwe680_cpg/cwe680-549-cpg-resolved.bin	tc549_flow1	CWE680_Integer_Overflow_to_Buffer_Overflow__new_rand_31.cpp	30	CWE680_Integer_Overflow_to_Buffer_Overflow__new_rand_31.cpp	38
/home/swlab-jueon/swvul/tools/java-vuln-detection/slicing/output/CPG/c/cwe680_cpg/cwe680-549-cpg-resolved.bin	tc549_flow2	CWE680_Integer_Overflow_to_Buffer_Overflow__new_rand_31.cpp	61	CWE680_Integer_Overflow_to_Buffer_Overflow__new_rand_31.cpp	69
/home/swlab-jueon/swvul/tools/java-vuln-detection/slicing/output/CPG/c/cwe680_cpg/cwe680-550-cpg-resolved.bin	tc550_flow1	CWE680_Integer_Overflow_to_Buffer_Overflow__new_rand_32.cpp	34	CWE680_Integer_Overflow_to_Buffer_Overflow__new_rand_32.cpp	43
/home/swlab-jueon/swvul/tools/java-vuln-detection/slicing/output/CPG/c/cwe680_cpg/cwe680-550-cpg-resolved.bin	tc550_flow2	CWE680_Integer_Overflow_to_Buffer_Overflow__new_rand_32.cpp	70	CWE680_Integer_Overflow_to_Buffer_Overflow__new_rand_32.cpp	79
/home/swlab-jueon/swvul/tools/java-vuln-detection/slicing/output/CPG/c/cwe680_cpg/cwe680-551-cpg-resolved.bin	tc551_flow1	CWE680_Integer_Overflow_to_Buffer_Overflow__new_rand_33.cpp	31	CWE680_Integer_Overflow_to_Buffer_Overflow__new_rand_33.cpp	38
/home/swlab-jueon/swvul/tools/java-vuln-detection/slicing/output/CPG/c/cwe680_cpg/cwe680-551-cpg-resolved.bin	tc551_flow2	CWE680_Integer_Overflow_to_Buffer_Overflow__new_rand_33.cpp	62	CWE680_Integer_Overflow_to_Buffer_Overflow__new_rand_33.cpp	69
/home/swlab-jueon/swvul/tools/java-vuln-detection/slicing/output/CPG/c/cwe680_cpg/cwe680-552-cpg-resolved.bin	tc552_flow1	CWE680_Integer_Overflow_to_Buffer_Overflow__new_rand_34.cpp	37	CWE680_Integer_Overflow_to_Buffer_Overflow__new_rand_34.cpp	45
/home/swlab-jueon/swvul/tools/java-vuln-detection/slicing/output/CPG/c/cwe680_cpg/cwe680-552-cpg-resolved.bin	tc552_flow2	CWE680_Integer_Overflow_to_Buffer_Overflow__new_rand_34.cpp	69	CWE680_Integer_Overflow_to_Buffer_Overflow__new_rand_34.cpp	77
/home/swlab-jueon/swvul/tools/java-vuln-detection/slicing/output/CPG/c/cwe680_cpg/cwe680-553-cpg-resolved.bin	tc553_flow1	CWE680_Integer_Overflow_to_Buffer_Overflow__new_rand_41.cpp	47	CWE680_Integer_Overflow_to_Buffer_Overflow__new_rand_41.cpp	30
/home/swlab-jueon/swvul/tools/java-vuln-detection/slicing/output/CPG/c/cwe680_cpg/cwe680-553-cpg-resolved.bin	tc553_flow2	CWE680_Integer_Overflow_to_Buffer_Overflow__new_rand_41.cpp	79	CWE680_Integer_Overflow_to_Buffer_Overflow__new_rand_41.cpp	61
/home/swlab-jueon/swvul/tools/java-vuln-detection/slicing/output/CPG/c/cwe680_cpg/cwe680-554-cpg-resolved.bin	tc554_flow1	CWE680_Integer_Overflow_to_Buffer_Overflow__new_rand_42.cpp	27	CWE680_Integer_Overflow_to_Buffer_Overflow__new_rand_42.cpp	41
/home/swlab-jueon/swvul/tools/java-vuln-detection/slicing/output/CPG/c/cwe680_cpg/cwe680-554-cpg-resolved.bin	tc554_flow2	CWE680_Integer_Overflow_to_Buffer_Overflow__new_rand_42.cpp	59	CWE680_Integer_Overflow_to_Buffer_Overflow__new_rand_42.cpp	74
/home/swlab-jueon/swvul/tools/java-vuln-detection/slicing/output/CPG/c/cwe680_cpg/cwe680-555-cpg-resolved.bin	tc555_flow1	CWE680_Integer_Overflow_to_Buffer_Overflow__new_rand_43.cpp	27	CWE680_Integer_Overflow_to_Buffer_Overflow__new_rand_43.cpp	40
/home/swlab-jueon/swvul/tools/java-vuln-detection/slicing/output/CPG/c/cwe680_cpg/cwe680-555-cpg-resolved.bin	tc555_flow2	CWE680_Integer_Overflow_to_Buffer_Overflow__new_rand_43.cpp	59	CWE680_Integer_Overflow_to_Buffer_Overflow__new_rand_43.cpp	72
/home/swlab-jueon/swvul/tools/java-vuln-detection/slicing/output/CPG/c/cwe680_cpg/cwe680-556-cpg-resolved.bin	tc556_flow1	CWE680_Integer_Overflow_to_Buffer_Overflow__new_rand_44.cpp	49	CWE680_Integer_Overflow_to_Buffer_Overflow__new_rand_44.cpp	30
/home/swlab-jueon/swvul/tools/java-vuln-detection/slicing/output/CPG/c/cwe680_cpg/cwe680-556-cpg-resolved.bin	tc556_flow2	CWE680_Integer_Overflow_to_Buffer_Overflow__new_rand_44.cpp	83	CWE680_Integer_Overflow_to_Buffer_Overflow__new_rand_44.cpp	65
/home/swlab-jueon/swvul/tools/java-vuln-detection/slicing/output/CPG/c/cwe680_cpg/cwe680-557-cpg-resolved.bin	tc557_flow1	CWE680_Integer_Overflow_to_Buffer_Overflow__new_rand_45.cpp	51	CWE680_Integer_Overflow_to_Buffer_Overflow__new_rand_45.cpp	34
/home/swlab-jueon/swvul/tools/java-vuln-detection/slicing/output/CPG/c/cwe680_cpg/cwe680-557-cpg-resolved.bin	tc557_flow2	CWE680_Integer_Overflow_to_Buffer_Overflow__new_rand_45.cpp	85	CWE680_Integer_Overflow_to_Buffer_Overflow__new_rand_45.cpp	68
/home/swlab-jueon/swvul/tools/java-vuln-detection/slicing/output/CPG/c/cwe680_cpg/cwe680-558-cpg-resolved.bin	tc558_flow1	CWE680_Integer_Overflow_to_Buffer_Overflow__new_rand_51a.cpp	33	CWE680_Integer_Overflow_to_Buffer_Overflow__new_rand_51b.cpp	32
/home/swlab-jueon/swvul/tools/java-vuln-detection/slicing/output/CPG/c/cwe680_cpg/cwe680-558-cpg-resolved.bin	tc558_flow2	CWE680_Integer_Overflow_to_Buffer_Overflow__new_rand_51a.cpp	51	CWE680_Integer_Overflow_to_Buffer_Overflow__new_rand_51b.cpp	54
/home/swlab-jueon/swvul/tools/java-vuln-detection/slicing/output/CPG/c/cwe680_cpg/cwe680-559-cpg-resolved.bin	tc559_flow1	CWE680_Integer_Overflow_to_Buffer_Overflow__new_rand_52a.cpp	33	CWE680_Integer_Overflow_to_Buffer_Overflow__new_rand_52c.cpp	32
/home/swlab-jueon/swvul/tools/java-vuln-detection/slicing/output/CPG/c/cwe680_cpg/cwe680-559-cpg-resolved.bin	tc559_flow2	CWE680_Integer_Overflow_to_Buffer_Overflow__new_rand_52a.cpp	51	CWE680_Integer_Overflow_to_Buffer_Overflow__new_rand_52c.cpp	54
/home/swlab-jueon/swvul/tools/java-vuln-detection/slicing/output/CPG/c/cwe680_cpg/cwe680-560-cpg-resolved.bin	tc560_flow1	CWE680_Integer_Overflow_to_Buffer_Overflow__new_rand_53a.cpp	33	CWE680_Integer_Overflow_to_Buffer_Overflow__new_rand_53d.cpp	32
/home/swlab-jueon/swvul/tools/java-vuln-detection/slicing/output/CPG/c/cwe680_cpg/cwe680-560-cpg-resolved.bin	tc560_flow2	CWE680_Integer_Overflow_to_Buffer_Overflow__new_rand_53a.cpp	51	CWE680_Integer_Overflow_to_Buffer_Overflow__new_rand_53d.cpp	54
/home/swlab-jueon/swvul/tools/java-vuln-detection/slicing/output/CPG/c/cwe680_cpg/cwe680-561-cpg-resolved.bin	tc561_flow1	CWE680_Integer_Overflow_to_Buffer_Overflow__new_rand_54a.cpp	33	CWE680_Integer_Overflow_to_Buffer_Overflow__new_rand_54e.cpp	32
/home/swlab-jueon/swvul/tools/java-vuln-detection/slicing/output/CPG/c/cwe680_cpg/cwe680-561-cpg-resolved.bin	tc561_flow2	CWE680_Integer_Overflow_to_Buffer_Overflow__new_rand_54a.cpp	51	CWE680_Integer_Overflow_to_Buffer_Overflow__new_rand_54e.cpp	54
/home/swlab-jueon/swvul/tools/java-vuln-detection/slicing/output/CPG/c/cwe680_cpg/cwe680-562-cpg-resolved.bin	tc562_flow1	CWE680_Integer_Overflow_to_Buffer_Overflow__new_rand_61b.cpp	27	CWE680_Integer_Overflow_to_Buffer_Overflow__new_rand_61a.cpp	37
/home/swlab-jueon/swvul/tools/java-vuln-detection/slicing/output/CPG/c/cwe680_cpg/cwe680-562-cpg-resolved.bin	tc562_flow2	CWE680_Integer_Overflow_to_Buffer_Overflow__new_rand_61b.cpp	39	CWE680_Integer_Overflow_to_Buffer_Overflow__new_rand_61a.cpp	65
/home/swlab-jueon/swvul/tools/java-vuln-detection/slicing/output/CPG/c/cwe680_cpg/cwe680-563-cpg-resolved.bin	tc563_flow1	CWE680_Integer_Overflow_to_Buffer_Overflow__new_rand_62b.cpp	27	CWE680_Integer_Overflow_to_Buffer_Overflow__new_rand_62a.cpp	37
/home/swlab-jueon/swvul/tools/java-vuln-detection/slicing/output/CPG/c/cwe680_cpg/cwe680-563-cpg-resolved.bin	tc563_flow2	CWE680_Integer_Overflow_to_Buffer_Overflow__new_rand_62b.cpp	38	CWE680_Integer_Overflow_to_Buffer_Overflow__new_rand_62a.cpp	65
/home/swlab-jueon/swvul/tools/java-vuln-detection/slicing/output/CPG/c/cwe680_cpg/cwe680-564-cpg-resolved.bin	tc564_flow1	CWE680_Integer_Overflow_to_Buffer_Overflow__new_rand_63a.cpp	33	CWE680_Integer_Overflow_to_Buffer_Overflow__new_rand_63b.cpp	31
/home/swlab-jueon/swvul/tools/java-vuln-detection/slicing/output/CPG/c/cwe680_cpg/cwe680-564-cpg-resolved.bin	tc564_flow2	CWE680_Integer_Overflow_to_Buffer_Overflow__new_rand_63a.cpp	50	CWE680_Integer_Overflow_to_Buffer_Overflow__new_rand_63b.cpp	54
/home/swlab-jueon/swvul/tools/java-vuln-detection/slicing/output/CPG/c/cwe680_cpg/cwe680-565-cpg-resolved.bin	tc565_flow1	CWE680_Integer_Overflow_to_Buffer_Overflow__new_rand_64a.cpp	33	CWE680_Integer_Overflow_to_Buffer_Overflow__new_rand_64b.cpp	34
/home/swlab-jueon/swvul/tools/java-vuln-detection/slicing/output/CPG/c/cwe680_cpg/cwe680-565-cpg-resolved.bin	tc565_flow2	CWE680_Integer_Overflow_to_Buffer_Overflow__new_rand_64a.cpp	50	CWE680_Integer_Overflow_to_Buffer_Overflow__new_rand_64b.cpp	60
/home/swlab-jueon/swvul/tools/java-vuln-detection/slicing/output/CPG/c/cwe680_cpg/cwe680-566-cpg-resolved.bin	tc566_flow1	CWE680_Integer_Overflow_to_Buffer_Overflow__new_rand_65a.cpp	35	CWE680_Integer_Overflow_to_Buffer_Overflow__new_rand_65b.cpp	30
/home/swlab-jueon/swvul/tools/java-vuln-detection/slicing/output/CPG/c/cwe680_cpg/cwe680-566-cpg-resolved.bin	tc566_flow2	CWE680_Integer_Overflow_to_Buffer_Overflow__new_rand_65a.cpp	54	CWE680_Integer_Overflow_to_Buffer_Overflow__new_rand_65b.cpp	52
/home/swlab-jueon/swvul/tools/java-vuln-detection/slicing/output/CPG/c/cwe680_cpg/cwe680-567-cpg-resolved.bin	tc567_flow1	CWE680_Integer_Overflow_to_Buffer_Overflow__new_rand_66a.cpp	34	CWE680_Integer_Overflow_to_Buffer_Overflow__new_rand_66b.cpp	32
/home/swlab-jueon/swvul/tools/java-vuln-detection/slicing/output/CPG/c/cwe680_cpg/cwe680-567-cpg-resolved.bin	tc567_flow2	CWE680_Integer_Overflow_to_Buffer_Overflow__new_rand_66a.cpp	56	CWE680_Integer_Overflow_to_Buffer_Overflow__new_rand_66b.cpp	55
/home/swlab-jueon/swvul/tools/java-vuln-detection/slicing/output/CPG/c/cwe680_cpg/cwe680-568-cpg-resolved.bin	tc568_flow1	CWE680_Integer_Overflow_to_Buffer_Overflow__new_rand_67a.cpp	39	CWE680_Integer_Overflow_to_Buffer_Overflow__new_rand_67b.cpp	36
/home/swlab-jueon/swvul/tools/java-vuln-detection/slicing/output/CPG/c/cwe680_cpg/cwe680-568-cpg-resolved.bin	tc568_flow2	CWE680_Integer_Overflow_to_Buffer_Overflow__new_rand_67a.cpp	58	CWE680_Integer_Overflow_to_Buffer_Overflow__new_rand_67b.cpp	59
/home/swlab-jueon/swvul/tools/java-vuln-detection/slicing/output/CPG/c/cwe680_cpg/cwe680-569-cpg-resolved.bin	tc569_flow1	CWE680_Integer_Overflow_to_Buffer_Overflow__new_rand_68a.cpp	36	CWE680_Integer_Overflow_to_Buffer_Overflow__new_rand_68b.cpp	36
/home/swlab-jueon/swvul/tools/java-vuln-detection/slicing/output/CPG/c/cwe680_cpg/cwe680-569-cpg-resolved.bin	tc569_flow2	CWE680_Integer_Overflow_to_Buffer_Overflow__new_rand_68a.cpp	55	CWE680_Integer_Overflow_to_Buffer_Overflow__new_rand_68b.cpp	59
/home/swlab-jueon/swvul/tools/java-vuln-detection/slicing/output/CPG/c/cwe680_cpg/cwe680-570-cpg-resolved.bin	tc570_flow1	CWE680_Integer_Overflow_to_Buffer_Overflow__new_rand_72a.cpp	37	CWE680_Integer_Overflow_to_Buffer_Overflow__new_rand_72b.cpp	35
/home/swlab-jueon/swvul/tools/java-vuln-detection/slicing/output/CPG/c/cwe680_cpg/cwe680-570-cpg-resolved.bin	tc570_flow2	CWE680_Integer_Overflow_to_Buffer_Overflow__new_rand_72a.cpp	61	CWE680_Integer_Overflow_to_Buffer_Overflow__new_rand_72b.cpp	58
/home/swlab-jueon/swvul/tools/java-vuln-detection/slicing/output/CPG/c/cwe680_cpg/cwe680-571-cpg-resolved.bin	tc571_flow1	CWE680_Integer_Overflow_to_Buffer_Overflow__new_rand_73a.cpp	37	CWE680_Integer_Overflow_to_Buffer_Overflow__new_rand_73b.cpp	35
/home/swlab-jueon/swvul/tools/java-vuln-detection/slicing/output/CPG/c/cwe680_cpg/cwe680-571-cpg-resolved.bin	tc571_flow2	CWE680_Integer_Overflow_to_Buffer_Overflow__new_rand_73a.cpp	61	CWE680_Integer_Overflow_to_Buffer_Overflow__new_rand_73b.cpp	58
/home/swlab-jueon/swvul/tools/java-vuln-detection/slicing/output/CPG/c/cwe680_cpg/cwe680-572-cpg-resolved.bin	tc572_flow1	CWE680_Integer_Overflow_to_Buffer_Overflow__new_rand_74a.cpp	37	CWE680_Integer_Overflow_to_Buffer_Overflow__new_rand_74b.cpp	35
/home/swlab-jueon/swvul/tools/java-vuln-detection/slicing/output/CPG/c/cwe680_cpg/cwe680-572-cpg-resolved.bin	tc572_flow2	CWE680_Integer_Overflow_to_Buffer_Overflow__new_rand_74a.cpp	61	CWE680_Integer_Overflow_to_Buffer_Overflow__new_rand_74b.cpp	58
/home/swlab-jueon/swvul/tools/java-vuln-detection/slicing/output/CPG/c/cwe680_cpg/cwe680-573-cpg-resolved.bin	tc573_flow1	CWE680_Integer_Overflow_to_Buffer_Overflow__new_rand_81a.cpp	31	CWE680_Integer_Overflow_to_Buffer_Overflow__new_rand_81_bad.cpp	30
/home/swlab-jueon/swvul/tools/java-vuln-detection/slicing/output/CPG/c/cwe680_cpg/cwe680-573-cpg-resolved.bin	tc573_flow2	CWE680_Integer_Overflow_to_Buffer_Overflow__new_rand_81a.cpp	47	CWE680_Integer_Overflow_to_Buffer_Overflow__new_rand_81_goodG2B.cpp	30
/home/swlab-jueon/swvul/tools/java-vuln-detection/slicing/output/CPG/c/cwe680_cpg/cwe680-574-cpg-resolved.bin	tc574_flow1	CWE680_Integer_Overflow_to_Buffer_Overflow__new_rand_82a.cpp	31	CWE680_Integer_Overflow_to_Buffer_Overflow__new_rand_82_bad.cpp	30
/home/swlab-jueon/swvul/tools/java-vuln-detection/slicing/output/CPG/c/cwe680_cpg/cwe680-574-cpg-resolved.bin	tc574_flow2	CWE680_Integer_Overflow_to_Buffer_Overflow__new_rand_82a.cpp	48	CWE680_Integer_Overflow_to_Buffer_Overflow__new_rand_82_goodG2B.cpp	30
/home/swlab-jueon/swvul/tools/java-vuln-detection/slicing/output/CPG/c/cwe680_cpg/cwe680-575-cpg-resolved.bin	tc575_flow1	CWE680_Integer_Overflow_to_Buffer_Overflow__new_rand_83_bad.cpp	27	CWE680_Integer_Overflow_to_Buffer_Overflow__new_rand_83_bad.cpp	36
/home/swlab-jueon/swvul/tools/java-vuln-detection/slicing/output/CPG/c/cwe680_cpg/cwe680-575-cpg-resolved.bin	tc575_flow2	CWE680_Integer_Overflow_to_Buffer_Overflow__new_rand_83_goodG2B.cpp	27	CWE680_Integer_Overflow_to_Buffer_Overflow__new_rand_83_goodG2B.cpp	36
/home/swlab-jueon/swvul/tools/java-vuln-detection/slicing/output/CPG/c/cwe680_cpg/cwe680-576-cpg-resolved.bin	tc576_flow1	CWE680_Integer_Overflow_to_Buffer_Overflow__new_rand_84_bad.cpp	27	CWE680_Integer_Overflow_to_Buffer_Overflow__new_rand_84_bad.cpp	36
/home/swlab-jueon/swvul/tools/java-vuln-detection/slicing/output/CPG/c/cwe680_cpg/cwe680-576-cpg-resolved.bin	tc576_flow2	CWE680_Integer_Overflow_to_Buffer_Overflow__new_rand_84_goodG2B.cpp	27	CWE680_Integer_Overflow_to_Buffer_Overflow__new_rand_84_goodG2B.cpp	36
