/home/hyeonji/java-vuln-detection/slicing/output/CPG/cwe476_cpg/cwe476-1-cpg-resolved.bin	tc1_flow1	CWE476_NULL_Pointer_Dereference__Integer_01.java	29	CWE476_NULL_Pointer_Dereference__Integer_01.java	32
/home/hyeonji/java-vuln-detection/slicing/output/CPG/cwe476_cpg/cwe476-1-cpg-resolved.bin	tc1_flow2	CWE476_NULL_Pointer_Dereference__Integer_01.java	61	CWE476_NULL_Pointer_Dereference__Integer_01.java	64
/home/hyeonji/java-vuln-detection/slicing/output/CPG/cwe476_cpg/cwe476-1-cpg-resolved.bin	tc1_flow3	CWE476_NULL_Pointer_Dereference__Integer_01.java	48	CWE476_NULL_Pointer_Dereference__Integer_01.java	51
/home/hyeonji/java-vuln-detection/slicing/output/CPG/cwe476_cpg/cwe476-2-cpg-resolved.bin	tc2_flow1	CWE476_NULL_Pointer_Dereference__Integer_02.java	30	CWE476_NULL_Pointer_Dereference__Integer_02.java	42
/home/hyeonji/java-vuln-detection/slicing/output/CPG/cwe476_cpg/cwe476-2-cpg-resolved.bin	tc2_flow2	CWE476_NULL_Pointer_Dereference__Integer_02.java	101	CWE476_NULL_Pointer_Dereference__Integer_02.java	119
/home/hyeonji/java-vuln-detection/slicing/output/CPG/cwe476_cpg/cwe476-2-cpg-resolved.bin	tc2_flow3	CWE476_NULL_Pointer_Dereference__Integer_02.java	138	CWE476_NULL_Pointer_Dereference__Integer_02.java	150
/home/hyeonji/java-vuln-detection/slicing/output/CPG/cwe476_cpg/cwe476-2-cpg-resolved.bin	tc2_flow4	CWE476_NULL_Pointer_Dereference__Integer_02.java	60	CWE476_NULL_Pointer_Dereference__Integer_02.java	67
/home/hyeonji/java-vuln-detection/slicing/output/CPG/cwe476_cpg/cwe476-2-cpg-resolved.bin	tc2_flow5	CWE476_NULL_Pointer_Dereference__Integer_02.java	78	CWE476_NULL_Pointer_Dereference__Integer_02.java	90
/home/hyeonji/java-vuln-detection/slicing/output/CPG/cwe476_cpg/cwe476-3-cpg-resolved.bin	tc3_flow1	CWE476_NULL_Pointer_Dereference__Integer_03.java	30	CWE476_NULL_Pointer_Dereference__Integer_03.java	42
/home/hyeonji/java-vuln-detection/slicing/output/CPG/cwe476_cpg/cwe476-3-cpg-resolved.bin	tc3_flow2	CWE476_NULL_Pointer_Dereference__Integer_03.java	101	CWE476_NULL_Pointer_Dereference__Integer_03.java	119
/home/hyeonji/java-vuln-detection/slicing/output/CPG/cwe476_cpg/cwe476-3-cpg-resolved.bin	tc3_flow3	CWE476_NULL_Pointer_Dereference__Integer_03.java	138	CWE476_NULL_Pointer_Dereference__Integer_03.java	150
/home/hyeonji/java-vuln-detection/slicing/output/CPG/cwe476_cpg/cwe476-3-cpg-resolved.bin	tc3_flow4	CWE476_NULL_Pointer_Dereference__Integer_03.java	60	CWE476_NULL_Pointer_Dereference__Integer_03.java	67
/home/hyeonji/java-vuln-detection/slicing/output/CPG/cwe476_cpg/cwe476-3-cpg-resolved.bin	tc3_flow5	CWE476_NULL_Pointer_Dereference__Integer_03.java	78	CWE476_NULL_Pointer_Dereference__Integer_03.java	90
/home/hyeonji/java-vuln-detection/slicing/output/CPG/cwe476_cpg/cwe476-4-cpg-resolved.bin	tc4_flow1	CWE476_NULL_Pointer_Dereference__Integer_04.java	37	CWE476_NULL_Pointer_Dereference__Integer_04.java	49
/home/hyeonji/java-vuln-detection/slicing/output/CPG/cwe476_cpg/cwe476-4-cpg-resolved.bin	tc4_flow2	CWE476_NULL_Pointer_Dereference__Integer_04.java	108	CWE476_NULL_Pointer_Dereference__Integer_04.java	126
/home/hyeonji/java-vuln-detection/slicing/output/CPG/cwe476_cpg/cwe476-4-cpg-resolved.bin	tc4_flow3	CWE476_NULL_Pointer_Dereference__Integer_04.java	145	CWE476_NULL_Pointer_Dereference__Integer_04.java	157
/home/hyeonji/java-vuln-detection/slicing/output/CPG/cwe476_cpg/cwe476-4-cpg-resolved.bin	tc4_flow4	CWE476_NULL_Pointer_Dereference__Integer_04.java	67	CWE476_NULL_Pointer_Dereference__Integer_04.java	74
/home/hyeonji/java-vuln-detection/slicing/output/CPG/cwe476_cpg/cwe476-4-cpg-resolved.bin	tc4_flow5	CWE476_NULL_Pointer_Dereference__Integer_04.java	85	CWE476_NULL_Pointer_Dereference__Integer_04.java	97
/home/hyeonji/java-vuln-detection/slicing/output/CPG/cwe476_cpg/cwe476-5-cpg-resolved.bin	tc5_flow1	CWE476_NULL_Pointer_Dereference__Integer_05.java	37	CWE476_NULL_Pointer_Dereference__Integer_05.java	49
/home/hyeonji/java-vuln-detection/slicing/output/CPG/cwe476_cpg/cwe476-5-cpg-resolved.bin	tc5_flow2	CWE476_NULL_Pointer_Dereference__Integer_05.java	109	CWE476_NULL_Pointer_Dereference__Integer_05.java	127
/home/hyeonji/java-vuln-detection/slicing/output/CPG/cwe476_cpg/cwe476-5-cpg-resolved.bin	tc5_flow3	CWE476_NULL_Pointer_Dereference__Integer_05.java	146	CWE476_NULL_Pointer_Dereference__Integer_05.java	158
/home/hyeonji/java-vuln-detection/slicing/output/CPG/cwe476_cpg/cwe476-5-cpg-resolved.bin	tc5_flow4	CWE476_NULL_Pointer_Dereference__Integer_05.java	67	CWE476_NULL_Pointer_Dereference__Integer_05.java	74
/home/hyeonji/java-vuln-detection/slicing/output/CPG/cwe476_cpg/cwe476-5-cpg-resolved.bin	tc5_flow5	CWE476_NULL_Pointer_Dereference__Integer_05.java	85	CWE476_NULL_Pointer_Dereference__Integer_05.java	97
/home/hyeonji/java-vuln-detection/slicing/output/CPG/cwe476_cpg/cwe476-6-cpg-resolved.bin	tc6_flow1	CWE476_NULL_Pointer_Dereference__Integer_06.java	35	CWE476_NULL_Pointer_Dereference__Integer_06.java	47
/home/hyeonji/java-vuln-detection/slicing/output/CPG/cwe476_cpg/cwe476-6-cpg-resolved.bin	tc6_flow2	CWE476_NULL_Pointer_Dereference__Integer_06.java	106	CWE476_NULL_Pointer_Dereference__Integer_06.java	124
/home/hyeonji/java-vuln-detection/slicing/output/CPG/cwe476_cpg/cwe476-6-cpg-resolved.bin	tc6_flow3	CWE476_NULL_Pointer_Dereference__Integer_06.java	143	CWE476_NULL_Pointer_Dereference__Integer_06.java	155
/home/hyeonji/java-vuln-detection/slicing/output/CPG/cwe476_cpg/cwe476-6-cpg-resolved.bin	tc6_flow4	CWE476_NULL_Pointer_Dereference__Integer_06.java	65	CWE476_NULL_Pointer_Dereference__Integer_06.java	72
/home/hyeonji/java-vuln-detection/slicing/output/CPG/cwe476_cpg/cwe476-6-cpg-resolved.bin	tc6_flow5	CWE476_NULL_Pointer_Dereference__Integer_06.java	83	CWE476_NULL_Pointer_Dereference__Integer_06.java	95
/home/hyeonji/java-vuln-detection/slicing/output/CPG/cwe476_cpg/cwe476-7-cpg-resolved.bin	tc7_flow1	CWE476_NULL_Pointer_Dereference__Integer_07.java	35	CWE476_NULL_Pointer_Dereference__Integer_07.java	47
/home/hyeonji/java-vuln-detection/slicing/output/CPG/cwe476_cpg/cwe476-7-cpg-resolved.bin	tc7_flow2	CWE476_NULL_Pointer_Dereference__Integer_07.java	106	CWE476_NULL_Pointer_Dereference__Integer_07.java	124
/home/hyeonji/java-vuln-detection/slicing/output/CPG/cwe476_cpg/cwe476-7-cpg-resolved.bin	tc7_flow3	CWE476_NULL_Pointer_Dereference__Integer_07.java	143	CWE476_NULL_Pointer_Dereference__Integer_07.java	155
/home/hyeonji/java-vuln-detection/slicing/output/CPG/cwe476_cpg/cwe476-7-cpg-resolved.bin	tc7_flow4	CWE476_NULL_Pointer_Dereference__Integer_07.java	65	CWE476_NULL_Pointer_Dereference__Integer_07.java	72
/home/hyeonji/java-vuln-detection/slicing/output/CPG/cwe476_cpg/cwe476-7-cpg-resolved.bin	tc7_flow5	CWE476_NULL_Pointer_Dereference__Integer_07.java	83	CWE476_NULL_Pointer_Dereference__Integer_07.java	95
/home/hyeonji/java-vuln-detection/slicing/output/CPG/cwe476_cpg/cwe476-8-cpg-resolved.bin	tc8_flow1	CWE476_NULL_Pointer_Dereference__Integer_08.java	43	CWE476_NULL_Pointer_Dereference__Integer_08.java	55
/home/hyeonji/java-vuln-detection/slicing/output/CPG/cwe476_cpg/cwe476-8-cpg-resolved.bin	tc8_flow2	CWE476_NULL_Pointer_Dereference__Integer_08.java	114	CWE476_NULL_Pointer_Dereference__Integer_08.java	132
/home/hyeonji/java-vuln-detection/slicing/output/CPG/cwe476_cpg/cwe476-8-cpg-resolved.bin	tc8_flow3	CWE476_NULL_Pointer_Dereference__Integer_08.java	151	CWE476_NULL_Pointer_Dereference__Integer_08.java	163
/home/hyeonji/java-vuln-detection/slicing/output/CPG/cwe476_cpg/cwe476-8-cpg-resolved.bin	tc8_flow4	CWE476_NULL_Pointer_Dereference__Integer_08.java	73	CWE476_NULL_Pointer_Dereference__Integer_08.java	80
/home/hyeonji/java-vuln-detection/slicing/output/CPG/cwe476_cpg/cwe476-8-cpg-resolved.bin	tc8_flow5	CWE476_NULL_Pointer_Dereference__Integer_08.java	91	CWE476_NULL_Pointer_Dereference__Integer_08.java	103
/home/hyeonji/java-vuln-detection/slicing/output/CPG/cwe476_cpg/cwe476-9-cpg-resolved.bin	tc9_flow1	CWE476_NULL_Pointer_Dereference__Integer_09.java	30	CWE476_NULL_Pointer_Dereference__Integer_09.java	42
/home/hyeonji/java-vuln-detection/slicing/output/CPG/cwe476_cpg/cwe476-9-cpg-resolved.bin	tc9_flow2	CWE476_NULL_Pointer_Dereference__Integer_09.java	101	CWE476_NULL_Pointer_Dereference__Integer_09.java	119
/home/hyeonji/java-vuln-detection/slicing/output/CPG/cwe476_cpg/cwe476-9-cpg-resolved.bin	tc9_flow3	CWE476_NULL_Pointer_Dereference__Integer_09.java	138	CWE476_NULL_Pointer_Dereference__Integer_09.java	150
/home/hyeonji/java-vuln-detection/slicing/output/CPG/cwe476_cpg/cwe476-9-cpg-resolved.bin	tc9_flow4	CWE476_NULL_Pointer_Dereference__Integer_09.java	60	CWE476_NULL_Pointer_Dereference__Integer_09.java	67
/home/hyeonji/java-vuln-detection/slicing/output/CPG/cwe476_cpg/cwe476-9-cpg-resolved.bin	tc9_flow5	CWE476_NULL_Pointer_Dereference__Integer_09.java	78	CWE476_NULL_Pointer_Dereference__Integer_09.java	90
/home/hyeonji/java-vuln-detection/slicing/output/CPG/cwe476_cpg/cwe476-10-cpg-resolved.bin	tc10_flow1	CWE476_NULL_Pointer_Dereference__Integer_10.java	30	CWE476_NULL_Pointer_Dereference__Integer_10.java	42
/home/hyeonji/java-vuln-detection/slicing/output/CPG/cwe476_cpg/cwe476-10-cpg-resolved.bin	tc10_flow2	CWE476_NULL_Pointer_Dereference__Integer_10.java	101	CWE476_NULL_Pointer_Dereference__Integer_10.java	119
/home/hyeonji/java-vuln-detection/slicing/output/CPG/cwe476_cpg/cwe476-10-cpg-resolved.bin	tc10_flow3	CWE476_NULL_Pointer_Dereference__Integer_10.java	138	CWE476_NULL_Pointer_Dereference__Integer_10.java	150
/home/hyeonji/java-vuln-detection/slicing/output/CPG/cwe476_cpg/cwe476-10-cpg-resolved.bin	tc10_flow4	CWE476_NULL_Pointer_Dereference__Integer_10.java	60	CWE476_NULL_Pointer_Dereference__Integer_10.java	67
/home/hyeonji/java-vuln-detection/slicing/output/CPG/cwe476_cpg/cwe476-10-cpg-resolved.bin	tc10_flow5	CWE476_NULL_Pointer_Dereference__Integer_10.java	78	CWE476_NULL_Pointer_Dereference__Integer_10.java	90
/home/hyeonji/java-vuln-detection/slicing/output/CPG/cwe476_cpg/cwe476-11-cpg-resolved.bin	tc11_flow1	CWE476_NULL_Pointer_Dereference__Integer_11.java	30	CWE476_NULL_Pointer_Dereference__Integer_11.java	42
/home/hyeonji/java-vuln-detection/slicing/output/CPG/cwe476_cpg/cwe476-11-cpg-resolved.bin	tc11_flow2	CWE476_NULL_Pointer_Dereference__Integer_11.java	102	CWE476_NULL_Pointer_Dereference__Integer_11.java	120
/home/hyeonji/java-vuln-detection/slicing/output/CPG/cwe476_cpg/cwe476-11-cpg-resolved.bin	tc11_flow3	CWE476_NULL_Pointer_Dereference__Integer_11.java	139	CWE476_NULL_Pointer_Dereference__Integer_11.java	151
/home/hyeonji/java-vuln-detection/slicing/output/CPG/cwe476_cpg/cwe476-11-cpg-resolved.bin	tc11_flow4	CWE476_NULL_Pointer_Dereference__Integer_11.java	60	CWE476_NULL_Pointer_Dereference__Integer_11.java	67
/home/hyeonji/java-vuln-detection/slicing/output/CPG/cwe476_cpg/cwe476-11-cpg-resolved.bin	tc11_flow5	CWE476_NULL_Pointer_Dereference__Integer_11.java	79	CWE476_NULL_Pointer_Dereference__Integer_11.java	91
/home/hyeonji/java-vuln-detection/slicing/output/CPG/cwe476_cpg/cwe476-12-cpg-resolved.bin	tc12_flow2	CWE476_NULL_Pointer_Dereference__Integer_12.java	101	CWE476_NULL_Pointer_Dereference__Integer_12.java	127
/home/hyeonji/java-vuln-detection/slicing/output/CPG/cwe476_cpg/cwe476-12-cpg-resolved.bin	tc12_flow3	CWE476_NULL_Pointer_Dereference__Integer_12.java	69	CWE476_NULL_Pointer_Dereference__Integer_12.java	88
/home/hyeonji/java-vuln-detection/slicing/output/CPG/cwe476_cpg/cwe476-13-cpg-resolved.bin	tc13_flow1	CWE476_NULL_Pointer_Dereference__Integer_13.java	30	CWE476_NULL_Pointer_Dereference__Integer_13.java	42
/home/hyeonji/java-vuln-detection/slicing/output/CPG/cwe476_cpg/cwe476-13-cpg-resolved.bin	tc13_flow2	CWE476_NULL_Pointer_Dereference__Integer_13.java	101	CWE476_NULL_Pointer_Dereference__Integer_13.java	119
/home/hyeonji/java-vuln-detection/slicing/output/CPG/cwe476_cpg/cwe476-13-cpg-resolved.bin	tc13_flow3	CWE476_NULL_Pointer_Dereference__Integer_13.java	138	CWE476_NULL_Pointer_Dereference__Integer_13.java	150
/home/hyeonji/java-vuln-detection/slicing/output/CPG/cwe476_cpg/cwe476-13-cpg-resolved.bin	tc13_flow4	CWE476_NULL_Pointer_Dereference__Integer_13.java	60	CWE476_NULL_Pointer_Dereference__Integer_13.java	67
/home/hyeonji/java-vuln-detection/slicing/output/CPG/cwe476_cpg/cwe476-13-cpg-resolved.bin	tc13_flow5	CWE476_NULL_Pointer_Dereference__Integer_13.java	78	CWE476_NULL_Pointer_Dereference__Integer_13.java	90
/home/hyeonji/java-vuln-detection/slicing/output/CPG/cwe476_cpg/cwe476-14-cpg-resolved.bin	tc14_flow1	CWE476_NULL_Pointer_Dereference__Integer_14.java	30	CWE476_NULL_Pointer_Dereference__Integer_14.java	42
/home/hyeonji/java-vuln-detection/slicing/output/CPG/cwe476_cpg/cwe476-14-cpg-resolved.bin	tc14_flow2	CWE476_NULL_Pointer_Dereference__Integer_14.java	101	CWE476_NULL_Pointer_Dereference__Integer_14.java	119
/home/hyeonji/java-vuln-detection/slicing/output/CPG/cwe476_cpg/cwe476-14-cpg-resolved.bin	tc14_flow3	CWE476_NULL_Pointer_Dereference__Integer_14.java	138	CWE476_NULL_Pointer_Dereference__Integer_14.java	150
/home/hyeonji/java-vuln-detection/slicing/output/CPG/cwe476_cpg/cwe476-14-cpg-resolved.bin	tc14_flow4	CWE476_NULL_Pointer_Dereference__Integer_14.java	60	CWE476_NULL_Pointer_Dereference__Integer_14.java	67
/home/hyeonji/java-vuln-detection/slicing/output/CPG/cwe476_cpg/cwe476-14-cpg-resolved.bin	tc14_flow5	CWE476_NULL_Pointer_Dereference__Integer_14.java	78	CWE476_NULL_Pointer_Dereference__Integer_14.java	90
/home/hyeonji/java-vuln-detection/slicing/output/CPG/cwe476_cpg/cwe476-15-cpg-resolved.bin	tc15_flow1	CWE476_NULL_Pointer_Dereference__Integer_15.java	32	CWE476_NULL_Pointer_Dereference__Integer_15.java	45
/home/hyeonji/java-vuln-detection/slicing/output/CPG/cwe476_cpg/cwe476-15-cpg-resolved.bin	tc15_flow2	CWE476_NULL_Pointer_Dereference__Integer_15.java	125	CWE476_NULL_Pointer_Dereference__Integer_15.java	142
/home/hyeonji/java-vuln-detection/slicing/output/CPG/cwe476_cpg/cwe476-15-cpg-resolved.bin	tc15_flow3	CWE476_NULL_Pointer_Dereference__Integer_15.java	163	CWE476_NULL_Pointer_Dereference__Integer_15.java	176
/home/hyeonji/java-vuln-detection/slicing/output/CPG/cwe476_cpg/cwe476-15-cpg-resolved.bin	tc15_flow4	CWE476_NULL_Pointer_Dereference__Integer_15.java	68	CWE476_NULL_Pointer_Dereference__Integer_15.java	76
/home/hyeonji/java-vuln-detection/slicing/output/CPG/cwe476_cpg/cwe476-15-cpg-resolved.bin	tc15_flow5	CWE476_NULL_Pointer_Dereference__Integer_15.java	94	CWE476_NULL_Pointer_Dereference__Integer_15.java	107
/home/hyeonji/java-vuln-detection/slicing/output/CPG/cwe476_cpg/cwe476-16-cpg-resolved.bin	tc16_flow1	CWE476_NULL_Pointer_Dereference__Integer_16.java	31	CWE476_NULL_Pointer_Dereference__Integer_16.java	38
/home/hyeonji/java-vuln-detection/slicing/output/CPG/cwe476_cpg/cwe476-16-cpg-resolved.bin	tc16_flow2	CWE476_NULL_Pointer_Dereference__Integer_16.java	72	CWE476_NULL_Pointer_Dereference__Integer_16.java	79
/home/hyeonji/java-vuln-detection/slicing/output/CPG/cwe476_cpg/cwe476-16-cpg-resolved.bin	tc16_flow3	CWE476_NULL_Pointer_Dereference__Integer_16.java	51	CWE476_NULL_Pointer_Dereference__Integer_16.java	58
/home/hyeonji/java-vuln-detection/slicing/output/CPG/cwe476_cpg/cwe476-17-cpg-resolved.bin	tc17_flow1	CWE476_NULL_Pointer_Dereference__Integer_17.java	34	CWE476_NULL_Pointer_Dereference__Integer_17.java	39
/home/hyeonji/java-vuln-detection/slicing/output/CPG/cwe476_cpg/cwe476-17-cpg-resolved.bin	tc17_flow2	CWE476_NULL_Pointer_Dereference__Integer_17.java	64	CWE476_NULL_Pointer_Dereference__Integer_17.java	69
/home/hyeonji/java-vuln-detection/slicing/output/CPG/cwe476_cpg/cwe476-17-cpg-resolved.bin	tc17_flow3	CWE476_NULL_Pointer_Dereference__Integer_17.java	49	CWE476_NULL_Pointer_Dereference__Integer_17.java	54
/home/hyeonji/java-vuln-detection/slicing/output/CPG/cwe476_cpg/cwe476-18-cpg-resolved.bin	tc18_flow1	CWE476_NULL_Pointer_Dereference__Integer_21.java	32	CWE476_NULL_Pointer_Dereference__Integer_21.java	43
/home/hyeonji/java-vuln-detection/slicing/output/CPG/cwe476_cpg/cwe476-18-cpg-resolved.bin	tc18_flow2	CWE476_NULL_Pointer_Dereference__Integer_21.java	65	CWE476_NULL_Pointer_Dereference__Integer_21.java	82
/home/hyeonji/java-vuln-detection/slicing/output/CPG/cwe476_cpg/cwe476-18-cpg-resolved.bin	tc18_flow3	CWE476_NULL_Pointer_Dereference__Integer_21.java	100	CWE476_NULL_Pointer_Dereference__Integer_21.java	111
/home/hyeonji/java-vuln-detection/slicing/output/CPG/cwe476_cpg/cwe476-18-cpg-resolved.bin	tc18_flow4	CWE476_NULL_Pointer_Dereference__Integer_21.java	128	CWE476_NULL_Pointer_Dereference__Integer_21.java	139
/home/hyeonji/java-vuln-detection/slicing/output/CPG/cwe476_cpg/cwe476-19-cpg-resolved.bin	tc19_flow1	CWE476_NULL_Pointer_Dereference__Integer_22a.java	33	CWE476_NULL_Pointer_Dereference__Integer_22b.java	29
/home/hyeonji/java-vuln-detection/slicing/output/CPG/cwe476_cpg/cwe476-19-cpg-resolved.bin	tc19_flow2	CWE476_NULL_Pointer_Dereference__Integer_22a.java	58	CWE476_NULL_Pointer_Dereference__Integer_22b.java	52
/home/hyeonji/java-vuln-detection/slicing/output/CPG/cwe476_cpg/cwe476-19-cpg-resolved.bin	tc19_flow3	CWE476_NULL_Pointer_Dereference__Integer_22a.java	70	CWE476_NULL_Pointer_Dereference__Integer_22b.java	70
/home/hyeonji/java-vuln-detection/slicing/output/CPG/cwe476_cpg/cwe476-19-cpg-resolved.bin	tc19_flow4	CWE476_NULL_Pointer_Dereference__Integer_22a.java	82	CWE476_NULL_Pointer_Dereference__Integer_22b.java	93
/home/hyeonji/java-vuln-detection/slicing/output/CPG/cwe476_cpg/cwe476-20-cpg-resolved.bin	tc20_flow1	CWE476_NULL_Pointer_Dereference__Integer_31.java	31	CWE476_NULL_Pointer_Dereference__Integer_31.java	39
/home/hyeonji/java-vuln-detection/slicing/output/CPG/cwe476_cpg/cwe476-20-cpg-resolved.bin	tc20_flow2	CWE476_NULL_Pointer_Dereference__Integer_31.java	79	CWE476_NULL_Pointer_Dereference__Integer_31.java	87
/home/hyeonji/java-vuln-detection/slicing/output/CPG/cwe476_cpg/cwe476-20-cpg-resolved.bin	tc20_flow3	CWE476_NULL_Pointer_Dereference__Integer_31.java	58	CWE476_NULL_Pointer_Dereference__Integer_31.java	66
/home/hyeonji/java-vuln-detection/slicing/output/CPG/cwe476_cpg/cwe476-21-cpg-resolved.bin	tc21_flow1	CWE476_NULL_Pointer_Dereference__Integer_41.java	37	CWE476_NULL_Pointer_Dereference__Integer_41.java	28
/home/hyeonji/java-vuln-detection/slicing/output/CPG/cwe476_cpg/cwe476-21-cpg-resolved.bin	tc21_flow2	CWE476_NULL_Pointer_Dereference__Integer_41.java	88	CWE476_NULL_Pointer_Dereference__Integer_41.java	71
/home/hyeonji/java-vuln-detection/slicing/output/CPG/cwe476_cpg/cwe476-21-cpg-resolved.bin	tc21_flow3	CWE476_NULL_Pointer_Dereference__Integer_41.java	62	CWE476_NULL_Pointer_Dereference__Integer_41.java	52
/home/hyeonji/java-vuln-detection/slicing/output/CPG/cwe476_cpg/cwe476-22-cpg-resolved.bin	tc22_flow1	CWE476_NULL_Pointer_Dereference__Integer_42.java	29	CWE476_NULL_Pointer_Dereference__Integer_42.java	39
/home/hyeonji/java-vuln-detection/slicing/output/CPG/cwe476_cpg/cwe476-22-cpg-resolved.bin	tc22_flow2	CWE476_NULL_Pointer_Dereference__Integer_42.java	69	CWE476_NULL_Pointer_Dereference__Integer_42.java	79
/home/hyeonji/java-vuln-detection/slicing/output/CPG/cwe476_cpg/cwe476-22-cpg-resolved.bin	tc22_flow3	CWE476_NULL_Pointer_Dereference__Integer_42.java	49	CWE476_NULL_Pointer_Dereference__Integer_42.java	59
/home/hyeonji/java-vuln-detection/slicing/output/CPG/cwe476_cpg/cwe476-23-cpg-resolved.bin	tc23_flow1	CWE476_NULL_Pointer_Dereference__Integer_45.java	42	CWE476_NULL_Pointer_Dereference__Integer_45.java	33
/home/hyeonji/java-vuln-detection/slicing/output/CPG/cwe476_cpg/cwe476-23-cpg-resolved.bin	tc23_flow2	CWE476_NULL_Pointer_Dereference__Integer_45.java	97	CWE476_NULL_Pointer_Dereference__Integer_45.java	80
/home/hyeonji/java-vuln-detection/slicing/output/CPG/cwe476_cpg/cwe476-23-cpg-resolved.bin	tc23_flow3	CWE476_NULL_Pointer_Dereference__Integer_45.java	69	CWE476_NULL_Pointer_Dereference__Integer_45.java	59
/home/hyeonji/java-vuln-detection/slicing/output/CPG/cwe476_cpg/cwe476-24-cpg-resolved.bin	tc24_flow1	CWE476_NULL_Pointer_Dereference__Integer_51a.java	29	CWE476_NULL_Pointer_Dereference__Integer_51b.java	28
/home/hyeonji/java-vuln-detection/slicing/output/CPG/cwe476_cpg/cwe476-24-cpg-resolved.bin	tc24_flow2	CWE476_NULL_Pointer_Dereference__Integer_51a.java	57	CWE476_NULL_Pointer_Dereference__Integer_51b.java	46
/home/hyeonji/java-vuln-detection/slicing/output/CPG/cwe476_cpg/cwe476-24-cpg-resolved.bin	tc24_flow3	CWE476_NULL_Pointer_Dereference__Integer_51a.java	46	CWE476_NULL_Pointer_Dereference__Integer_51b.java	37
/home/hyeonji/java-vuln-detection/slicing/output/CPG/cwe476_cpg/cwe476-25-cpg-resolved.bin	tc25_flow1	CWE476_NULL_Pointer_Dereference__Integer_52a.java	29	CWE476_NULL_Pointer_Dereference__Integer_52c.java	28
/home/hyeonji/java-vuln-detection/slicing/output/CPG/cwe476_cpg/cwe476-25-cpg-resolved.bin	tc25_flow2	CWE476_NULL_Pointer_Dereference__Integer_52a.java	57	CWE476_NULL_Pointer_Dereference__Integer_52c.java	46
/home/hyeonji/java-vuln-detection/slicing/output/CPG/cwe476_cpg/cwe476-25-cpg-resolved.bin	tc25_flow3	CWE476_NULL_Pointer_Dereference__Integer_52a.java	46	CWE476_NULL_Pointer_Dereference__Integer_52c.java	37
/home/hyeonji/java-vuln-detection/slicing/output/CPG/cwe476_cpg/cwe476-26-cpg-resolved.bin	tc26_flow1	CWE476_NULL_Pointer_Dereference__Integer_53a.java	29	CWE476_NULL_Pointer_Dereference__Integer_53d.java	28
/home/hyeonji/java-vuln-detection/slicing/output/CPG/cwe476_cpg/cwe476-26-cpg-resolved.bin	tc26_flow2	CWE476_NULL_Pointer_Dereference__Integer_53a.java	57	CWE476_NULL_Pointer_Dereference__Integer_53d.java	46
/home/hyeonji/java-vuln-detection/slicing/output/CPG/cwe476_cpg/cwe476-26-cpg-resolved.bin	tc26_flow3	CWE476_NULL_Pointer_Dereference__Integer_53a.java	46	CWE476_NULL_Pointer_Dereference__Integer_53d.java	37
/home/hyeonji/java-vuln-detection/slicing/output/CPG/cwe476_cpg/cwe476-27-cpg-resolved.bin	tc27_flow1	CWE476_NULL_Pointer_Dereference__Integer_54a.java	29	CWE476_NULL_Pointer_Dereference__Integer_54e.java	28
/home/hyeonji/java-vuln-detection/slicing/output/CPG/cwe476_cpg/cwe476-27-cpg-resolved.bin	tc27_flow2	CWE476_NULL_Pointer_Dereference__Integer_54a.java	57	CWE476_NULL_Pointer_Dereference__Integer_54e.java	46
/home/hyeonji/java-vuln-detection/slicing/output/CPG/cwe476_cpg/cwe476-27-cpg-resolved.bin	tc27_flow3	CWE476_NULL_Pointer_Dereference__Integer_54a.java	46	CWE476_NULL_Pointer_Dereference__Integer_54e.java	37
/home/hyeonji/java-vuln-detection/slicing/output/CPG/cwe476_cpg/cwe476-28-cpg-resolved.bin	tc28_flow1	CWE476_NULL_Pointer_Dereference__Integer_61b.java	29	CWE476_NULL_Pointer_Dereference__Integer_61a.java	29
/home/hyeonji/java-vuln-detection/slicing/output/CPG/cwe476_cpg/cwe476-28-cpg-resolved.bin	tc28_flow2	CWE476_NULL_Pointer_Dereference__Integer_61b.java	51	CWE476_NULL_Pointer_Dereference__Integer_61a.java	55
/home/hyeonji/java-vuln-detection/slicing/output/CPG/cwe476_cpg/cwe476-28-cpg-resolved.bin	tc28_flow3	CWE476_NULL_Pointer_Dereference__Integer_61b.java	40	CWE476_NULL_Pointer_Dereference__Integer_61a.java	45
/home/hyeonji/java-vuln-detection/slicing/output/CPG/cwe476_cpg/cwe476-29-cpg-resolved.bin	tc29_flow1	CWE476_NULL_Pointer_Dereference__Integer_66a.java	29	CWE476_NULL_Pointer_Dereference__Integer_66b.java	29
/home/hyeonji/java-vuln-detection/slicing/output/CPG/cwe476_cpg/cwe476-29-cpg-resolved.bin	tc29_flow2	CWE476_NULL_Pointer_Dereference__Integer_66a.java	61	CWE476_NULL_Pointer_Dereference__Integer_66b.java	49
/home/hyeonji/java-vuln-detection/slicing/output/CPG/cwe476_cpg/cwe476-29-cpg-resolved.bin	tc29_flow3	CWE476_NULL_Pointer_Dereference__Integer_66a.java	48	CWE476_NULL_Pointer_Dereference__Integer_66b.java	39
/home/hyeonji/java-vuln-detection/slicing/output/CPG/cwe476_cpg/cwe476-30-cpg-resolved.bin	tc30_flow1	CWE476_NULL_Pointer_Dereference__Integer_67a.java	34	CWE476_NULL_Pointer_Dereference__Integer_67b.java	29
/home/hyeonji/java-vuln-detection/slicing/output/CPG/cwe476_cpg/cwe476-30-cpg-resolved.bin	tc30_flow2	CWE476_NULL_Pointer_Dereference__Integer_67a.java	66	CWE476_NULL_Pointer_Dereference__Integer_67b.java	49
/home/hyeonji/java-vuln-detection/slicing/output/CPG/cwe476_cpg/cwe476-30-cpg-resolved.bin	tc30_flow3	CWE476_NULL_Pointer_Dereference__Integer_67a.java	53	CWE476_NULL_Pointer_Dereference__Integer_67b.java	39
/home/hyeonji/java-vuln-detection/slicing/output/CPG/cwe476_cpg/cwe476-31-cpg-resolved.bin	tc31_flow1	CWE476_NULL_Pointer_Dereference__Integer_68a.java	30	CWE476_NULL_Pointer_Dereference__Integer_68b.java	29
/home/hyeonji/java-vuln-detection/slicing/output/CPG/cwe476_cpg/cwe476-31-cpg-resolved.bin	tc31_flow2	CWE476_NULL_Pointer_Dereference__Integer_68a.java	56	CWE476_NULL_Pointer_Dereference__Integer_68b.java	49
/home/hyeonji/java-vuln-detection/slicing/output/CPG/cwe476_cpg/cwe476-31-cpg-resolved.bin	tc31_flow3	CWE476_NULL_Pointer_Dereference__Integer_68a.java	46	CWE476_NULL_Pointer_Dereference__Integer_68b.java	39
/home/hyeonji/java-vuln-detection/slicing/output/CPG/cwe476_cpg/cwe476-32-cpg-resolved.bin	tc32_flow1	CWE476_NULL_Pointer_Dereference__Integer_71a.java	29	CWE476_NULL_Pointer_Dereference__Integer_71b.java	29
/home/hyeonji/java-vuln-detection/slicing/output/CPG/cwe476_cpg/cwe476-32-cpg-resolved.bin	tc32_flow2	CWE476_NULL_Pointer_Dereference__Integer_71a.java	57	CWE476_NULL_Pointer_Dereference__Integer_71b.java	49
/home/hyeonji/java-vuln-detection/slicing/output/CPG/cwe476_cpg/cwe476-32-cpg-resolved.bin	tc32_flow3	CWE476_NULL_Pointer_Dereference__Integer_71a.java	46	CWE476_NULL_Pointer_Dereference__Integer_71b.java	39
/home/hyeonji/java-vuln-detection/slicing/output/CPG/cwe476_cpg/cwe476-33-cpg-resolved.bin	tc33_flow1	CWE476_NULL_Pointer_Dereference__Integer_72a.java	30	CWE476_NULL_Pointer_Dereference__Integer_72b.java	30
/home/hyeonji/java-vuln-detection/slicing/output/CPG/cwe476_cpg/cwe476-33-cpg-resolved.bin	tc33_flow2	CWE476_NULL_Pointer_Dereference__Integer_72a.java	66	CWE476_NULL_Pointer_Dereference__Integer_72b.java	50
/home/hyeonji/java-vuln-detection/slicing/output/CPG/cwe476_cpg/cwe476-33-cpg-resolved.bin	tc33_flow3	CWE476_NULL_Pointer_Dereference__Integer_72a.java	51	CWE476_NULL_Pointer_Dereference__Integer_72b.java	40
/home/hyeonji/java-vuln-detection/slicing/output/CPG/cwe476_cpg/cwe476-34-cpg-resolved.bin	tc34_flow1	CWE476_NULL_Pointer_Dereference__Integer_73a.java	30	CWE476_NULL_Pointer_Dereference__Integer_73b.java	30
/home/hyeonji/java-vuln-detection/slicing/output/CPG/cwe476_cpg/cwe476-34-cpg-resolved.bin	tc34_flow2	CWE476_NULL_Pointer_Dereference__Integer_73a.java	66	CWE476_NULL_Pointer_Dereference__Integer_73b.java	50
/home/hyeonji/java-vuln-detection/slicing/output/CPG/cwe476_cpg/cwe476-34-cpg-resolved.bin	tc34_flow3	CWE476_NULL_Pointer_Dereference__Integer_73a.java	51	CWE476_NULL_Pointer_Dereference__Integer_73b.java	40
/home/hyeonji/java-vuln-detection/slicing/output/CPG/cwe476_cpg/cwe476-35-cpg-resolved.bin	tc35_flow1	CWE476_NULL_Pointer_Dereference__Integer_74a.java	30	CWE476_NULL_Pointer_Dereference__Integer_74b.java	30
/home/hyeonji/java-vuln-detection/slicing/output/CPG/cwe476_cpg/cwe476-35-cpg-resolved.bin	tc35_flow2	CWE476_NULL_Pointer_Dereference__Integer_74a.java	66	CWE476_NULL_Pointer_Dereference__Integer_74b.java	50
/home/hyeonji/java-vuln-detection/slicing/output/CPG/cwe476_cpg/cwe476-35-cpg-resolved.bin	tc35_flow3	CWE476_NULL_Pointer_Dereference__Integer_74a.java	51	CWE476_NULL_Pointer_Dereference__Integer_74b.java	40
/home/hyeonji/java-vuln-detection/slicing/output/CPG/cwe476_cpg/cwe476-36-cpg-resolved.bin	tc36_flow1	CWE476_NULL_Pointer_Dereference__Integer_75a.java	34	CWE476_NULL_Pointer_Dereference__Integer_75b.java	41
/home/hyeonji/java-vuln-detection/slicing/output/CPG/cwe476_cpg/cwe476-36-cpg-resolved.bin	tc36_flow2	CWE476_NULL_Pointer_Dereference__Integer_75a.java	146	CWE476_NULL_Pointer_Dereference__Integer_75b.java	148
/home/hyeonji/java-vuln-detection/slicing/output/CPG/cwe476_cpg/cwe476-36-cpg-resolved.bin	tc36_flow3	CWE476_NULL_Pointer_Dereference__Integer_75a.java	93	CWE476_NULL_Pointer_Dereference__Integer_75b.java	94
/home/hyeonji/java-vuln-detection/slicing/output/CPG/cwe476_cpg/cwe476-37-cpg-resolved.bin	tc37_flow1	CWE476_NULL_Pointer_Dereference__Integer_81a.java	29	CWE476_NULL_Pointer_Dereference__Integer_81_bad.java	28
/home/hyeonji/java-vuln-detection/slicing/output/CPG/cwe476_cpg/cwe476-37-cpg-resolved.bin	tc37_flow2	CWE476_NULL_Pointer_Dereference__Integer_81a.java	59	CWE476_NULL_Pointer_Dereference__Integer_81_goodB2G.java	28
/home/hyeonji/java-vuln-detection/slicing/output/CPG/cwe476_cpg/cwe476-37-cpg-resolved.bin	tc37_flow3	CWE476_NULL_Pointer_Dereference__Integer_81a.java	47	CWE476_NULL_Pointer_Dereference__Integer_81_goodG2B.java	28
/home/hyeonji/java-vuln-detection/slicing/output/CPG/cwe476_cpg/cwe476-38-cpg-resolved.bin	tc38_flow1	CWE476_NULL_Pointer_Dereference__String_01.java	29	CWE476_NULL_Pointer_Dereference__String_01.java	32
/home/hyeonji/java-vuln-detection/slicing/output/CPG/cwe476_cpg/cwe476-38-cpg-resolved.bin	tc38_flow2	CWE476_NULL_Pointer_Dereference__String_01.java	61	CWE476_NULL_Pointer_Dereference__String_01.java	64
/home/hyeonji/java-vuln-detection/slicing/output/CPG/cwe476_cpg/cwe476-38-cpg-resolved.bin	tc38_flow3	CWE476_NULL_Pointer_Dereference__String_01.java	48	CWE476_NULL_Pointer_Dereference__String_01.java	51
/home/hyeonji/java-vuln-detection/slicing/output/CPG/cwe476_cpg/cwe476-39-cpg-resolved.bin	tc39_flow1	CWE476_NULL_Pointer_Dereference__String_02.java	30	CWE476_NULL_Pointer_Dereference__String_02.java	42
/home/hyeonji/java-vuln-detection/slicing/output/CPG/cwe476_cpg/cwe476-39-cpg-resolved.bin	tc39_flow2	CWE476_NULL_Pointer_Dereference__String_02.java	101	CWE476_NULL_Pointer_Dereference__String_02.java	119
/home/hyeonji/java-vuln-detection/slicing/output/CPG/cwe476_cpg/cwe476-39-cpg-resolved.bin	tc39_flow3	CWE476_NULL_Pointer_Dereference__String_02.java	138	CWE476_NULL_Pointer_Dereference__String_02.java	150
/home/hyeonji/java-vuln-detection/slicing/output/CPG/cwe476_cpg/cwe476-39-cpg-resolved.bin	tc39_flow4	CWE476_NULL_Pointer_Dereference__String_02.java	60	CWE476_NULL_Pointer_Dereference__String_02.java	67
/home/hyeonji/java-vuln-detection/slicing/output/CPG/cwe476_cpg/cwe476-39-cpg-resolved.bin	tc39_flow5	CWE476_NULL_Pointer_Dereference__String_02.java	78	CWE476_NULL_Pointer_Dereference__String_02.java	90
/home/hyeonji/java-vuln-detection/slicing/output/CPG/cwe476_cpg/cwe476-40-cpg-resolved.bin	tc40_flow1	CWE476_NULL_Pointer_Dereference__String_03.java	30	CWE476_NULL_Pointer_Dereference__String_03.java	42
/home/hyeonji/java-vuln-detection/slicing/output/CPG/cwe476_cpg/cwe476-40-cpg-resolved.bin	tc40_flow2	CWE476_NULL_Pointer_Dereference__String_03.java	101	CWE476_NULL_Pointer_Dereference__String_03.java	119
/home/hyeonji/java-vuln-detection/slicing/output/CPG/cwe476_cpg/cwe476-40-cpg-resolved.bin	tc40_flow3	CWE476_NULL_Pointer_Dereference__String_03.java	138	CWE476_NULL_Pointer_Dereference__String_03.java	150
/home/hyeonji/java-vuln-detection/slicing/output/CPG/cwe476_cpg/cwe476-40-cpg-resolved.bin	tc40_flow4	CWE476_NULL_Pointer_Dereference__String_03.java	60	CWE476_NULL_Pointer_Dereference__String_03.java	67
/home/hyeonji/java-vuln-detection/slicing/output/CPG/cwe476_cpg/cwe476-40-cpg-resolved.bin	tc40_flow5	CWE476_NULL_Pointer_Dereference__String_03.java	78	CWE476_NULL_Pointer_Dereference__String_03.java	90
/home/hyeonji/java-vuln-detection/slicing/output/CPG/cwe476_cpg/cwe476-41-cpg-resolved.bin	tc41_flow1	CWE476_NULL_Pointer_Dereference__String_04.java	37	CWE476_NULL_Pointer_Dereference__String_04.java	49
/home/hyeonji/java-vuln-detection/slicing/output/CPG/cwe476_cpg/cwe476-41-cpg-resolved.bin	tc41_flow2	CWE476_NULL_Pointer_Dereference__String_04.java	108	CWE476_NULL_Pointer_Dereference__String_04.java	126
/home/hyeonji/java-vuln-detection/slicing/output/CPG/cwe476_cpg/cwe476-41-cpg-resolved.bin	tc41_flow3	CWE476_NULL_Pointer_Dereference__String_04.java	145	CWE476_NULL_Pointer_Dereference__String_04.java	157
/home/hyeonji/java-vuln-detection/slicing/output/CPG/cwe476_cpg/cwe476-41-cpg-resolved.bin	tc41_flow4	CWE476_NULL_Pointer_Dereference__String_04.java	67	CWE476_NULL_Pointer_Dereference__String_04.java	74
/home/hyeonji/java-vuln-detection/slicing/output/CPG/cwe476_cpg/cwe476-41-cpg-resolved.bin	tc41_flow5	CWE476_NULL_Pointer_Dereference__String_04.java	85	CWE476_NULL_Pointer_Dereference__String_04.java	97
/home/hyeonji/java-vuln-detection/slicing/output/CPG/cwe476_cpg/cwe476-42-cpg-resolved.bin	tc42_flow1	CWE476_NULL_Pointer_Dereference__String_05.java	37	CWE476_NULL_Pointer_Dereference__String_05.java	49
/home/hyeonji/java-vuln-detection/slicing/output/CPG/cwe476_cpg/cwe476-42-cpg-resolved.bin	tc42_flow2	CWE476_NULL_Pointer_Dereference__String_05.java	109	CWE476_NULL_Pointer_Dereference__String_05.java	127
/home/hyeonji/java-vuln-detection/slicing/output/CPG/cwe476_cpg/cwe476-42-cpg-resolved.bin	tc42_flow3	CWE476_NULL_Pointer_Dereference__String_05.java	146	CWE476_NULL_Pointer_Dereference__String_05.java	158
/home/hyeonji/java-vuln-detection/slicing/output/CPG/cwe476_cpg/cwe476-42-cpg-resolved.bin	tc42_flow4	CWE476_NULL_Pointer_Dereference__String_05.java	67	CWE476_NULL_Pointer_Dereference__String_05.java	74
/home/hyeonji/java-vuln-detection/slicing/output/CPG/cwe476_cpg/cwe476-42-cpg-resolved.bin	tc42_flow5	CWE476_NULL_Pointer_Dereference__String_05.java	85	CWE476_NULL_Pointer_Dereference__String_05.java	97
/home/hyeonji/java-vuln-detection/slicing/output/CPG/cwe476_cpg/cwe476-43-cpg-resolved.bin	tc43_flow1	CWE476_NULL_Pointer_Dereference__String_06.java	35	CWE476_NULL_Pointer_Dereference__String_06.java	47
/home/hyeonji/java-vuln-detection/slicing/output/CPG/cwe476_cpg/cwe476-43-cpg-resolved.bin	tc43_flow2	CWE476_NULL_Pointer_Dereference__String_06.java	106	CWE476_NULL_Pointer_Dereference__String_06.java	124
/home/hyeonji/java-vuln-detection/slicing/output/CPG/cwe476_cpg/cwe476-43-cpg-resolved.bin	tc43_flow3	CWE476_NULL_Pointer_Dereference__String_06.java	143	CWE476_NULL_Pointer_Dereference__String_06.java	155
/home/hyeonji/java-vuln-detection/slicing/output/CPG/cwe476_cpg/cwe476-43-cpg-resolved.bin	tc43_flow4	CWE476_NULL_Pointer_Dereference__String_06.java	65	CWE476_NULL_Pointer_Dereference__String_06.java	72
/home/hyeonji/java-vuln-detection/slicing/output/CPG/cwe476_cpg/cwe476-43-cpg-resolved.bin	tc43_flow5	CWE476_NULL_Pointer_Dereference__String_06.java	83	CWE476_NULL_Pointer_Dereference__String_06.java	95
/home/hyeonji/java-vuln-detection/slicing/output/CPG/cwe476_cpg/cwe476-44-cpg-resolved.bin	tc44_flow1	CWE476_NULL_Pointer_Dereference__String_07.java	35	CWE476_NULL_Pointer_Dereference__String_07.java	47
/home/hyeonji/java-vuln-detection/slicing/output/CPG/cwe476_cpg/cwe476-44-cpg-resolved.bin	tc44_flow2	CWE476_NULL_Pointer_Dereference__String_07.java	106	CWE476_NULL_Pointer_Dereference__String_07.java	124
/home/hyeonji/java-vuln-detection/slicing/output/CPG/cwe476_cpg/cwe476-44-cpg-resolved.bin	tc44_flow3	CWE476_NULL_Pointer_Dereference__String_07.java	143	CWE476_NULL_Pointer_Dereference__String_07.java	155
/home/hyeonji/java-vuln-detection/slicing/output/CPG/cwe476_cpg/cwe476-44-cpg-resolved.bin	tc44_flow4	CWE476_NULL_Pointer_Dereference__String_07.java	65	CWE476_NULL_Pointer_Dereference__String_07.java	72
/home/hyeonji/java-vuln-detection/slicing/output/CPG/cwe476_cpg/cwe476-44-cpg-resolved.bin	tc44_flow5	CWE476_NULL_Pointer_Dereference__String_07.java	83	CWE476_NULL_Pointer_Dereference__String_07.java	95
/home/hyeonji/java-vuln-detection/slicing/output/CPG/cwe476_cpg/cwe476-45-cpg-resolved.bin	tc45_flow1	CWE476_NULL_Pointer_Dereference__String_08.java	43	CWE476_NULL_Pointer_Dereference__String_08.java	55
/home/hyeonji/java-vuln-detection/slicing/output/CPG/cwe476_cpg/cwe476-45-cpg-resolved.bin	tc45_flow2	CWE476_NULL_Pointer_Dereference__String_08.java	114	CWE476_NULL_Pointer_Dereference__String_08.java	132
/home/hyeonji/java-vuln-detection/slicing/output/CPG/cwe476_cpg/cwe476-45-cpg-resolved.bin	tc45_flow3	CWE476_NULL_Pointer_Dereference__String_08.java	151	CWE476_NULL_Pointer_Dereference__String_08.java	163
/home/hyeonji/java-vuln-detection/slicing/output/CPG/cwe476_cpg/cwe476-45-cpg-resolved.bin	tc45_flow4	CWE476_NULL_Pointer_Dereference__String_08.java	73	CWE476_NULL_Pointer_Dereference__String_08.java	80
/home/hyeonji/java-vuln-detection/slicing/output/CPG/cwe476_cpg/cwe476-45-cpg-resolved.bin	tc45_flow5	CWE476_NULL_Pointer_Dereference__String_08.java	91	CWE476_NULL_Pointer_Dereference__String_08.java	103
/home/hyeonji/java-vuln-detection/slicing/output/CPG/cwe476_cpg/cwe476-46-cpg-resolved.bin	tc46_flow1	CWE476_NULL_Pointer_Dereference__String_09.java	30	CWE476_NULL_Pointer_Dereference__String_09.java	42
/home/hyeonji/java-vuln-detection/slicing/output/CPG/cwe476_cpg/cwe476-46-cpg-resolved.bin	tc46_flow2	CWE476_NULL_Pointer_Dereference__String_09.java	101	CWE476_NULL_Pointer_Dereference__String_09.java	119
/home/hyeonji/java-vuln-detection/slicing/output/CPG/cwe476_cpg/cwe476-46-cpg-resolved.bin	tc46_flow3	CWE476_NULL_Pointer_Dereference__String_09.java	138	CWE476_NULL_Pointer_Dereference__String_09.java	150
/home/hyeonji/java-vuln-detection/slicing/output/CPG/cwe476_cpg/cwe476-46-cpg-resolved.bin	tc46_flow4	CWE476_NULL_Pointer_Dereference__String_09.java	60	CWE476_NULL_Pointer_Dereference__String_09.java	67
/home/hyeonji/java-vuln-detection/slicing/output/CPG/cwe476_cpg/cwe476-46-cpg-resolved.bin	tc46_flow5	CWE476_NULL_Pointer_Dereference__String_09.java	78	CWE476_NULL_Pointer_Dereference__String_09.java	90
/home/hyeonji/java-vuln-detection/slicing/output/CPG/cwe476_cpg/cwe476-47-cpg-resolved.bin	tc47_flow1	CWE476_NULL_Pointer_Dereference__String_10.java	30	CWE476_NULL_Pointer_Dereference__String_10.java	42
/home/hyeonji/java-vuln-detection/slicing/output/CPG/cwe476_cpg/cwe476-47-cpg-resolved.bin	tc47_flow2	CWE476_NULL_Pointer_Dereference__String_10.java	101	CWE476_NULL_Pointer_Dereference__String_10.java	119
/home/hyeonji/java-vuln-detection/slicing/output/CPG/cwe476_cpg/cwe476-47-cpg-resolved.bin	tc47_flow3	CWE476_NULL_Pointer_Dereference__String_10.java	138	CWE476_NULL_Pointer_Dereference__String_10.java	150
/home/hyeonji/java-vuln-detection/slicing/output/CPG/cwe476_cpg/cwe476-47-cpg-resolved.bin	tc47_flow4	CWE476_NULL_Pointer_Dereference__String_10.java	60	CWE476_NULL_Pointer_Dereference__String_10.java	67
/home/hyeonji/java-vuln-detection/slicing/output/CPG/cwe476_cpg/cwe476-47-cpg-resolved.bin	tc47_flow5	CWE476_NULL_Pointer_Dereference__String_10.java	78	CWE476_NULL_Pointer_Dereference__String_10.java	90
/home/hyeonji/java-vuln-detection/slicing/output/CPG/cwe476_cpg/cwe476-48-cpg-resolved.bin	tc48_flow1	CWE476_NULL_Pointer_Dereference__String_11.java	30	CWE476_NULL_Pointer_Dereference__String_11.java	42
/home/hyeonji/java-vuln-detection/slicing/output/CPG/cwe476_cpg/cwe476-48-cpg-resolved.bin	tc48_flow2	CWE476_NULL_Pointer_Dereference__String_11.java	102	CWE476_NULL_Pointer_Dereference__String_11.java	120
/home/hyeonji/java-vuln-detection/slicing/output/CPG/cwe476_cpg/cwe476-48-cpg-resolved.bin	tc48_flow3	CWE476_NULL_Pointer_Dereference__String_11.java	139	CWE476_NULL_Pointer_Dereference__String_11.java	151
/home/hyeonji/java-vuln-detection/slicing/output/CPG/cwe476_cpg/cwe476-48-cpg-resolved.bin	tc48_flow4	CWE476_NULL_Pointer_Dereference__String_11.java	60	CWE476_NULL_Pointer_Dereference__String_11.java	67
/home/hyeonji/java-vuln-detection/slicing/output/CPG/cwe476_cpg/cwe476-48-cpg-resolved.bin	tc48_flow5	CWE476_NULL_Pointer_Dereference__String_11.java	79	CWE476_NULL_Pointer_Dereference__String_11.java	91
/home/hyeonji/java-vuln-detection/slicing/output/CPG/cwe476_cpg/cwe476-49-cpg-resolved.bin	tc49_flow2	CWE476_NULL_Pointer_Dereference__String_12.java	101	CWE476_NULL_Pointer_Dereference__String_12.java	127
/home/hyeonji/java-vuln-detection/slicing/output/CPG/cwe476_cpg/cwe476-49-cpg-resolved.bin	tc49_flow3	CWE476_NULL_Pointer_Dereference__String_12.java	69	CWE476_NULL_Pointer_Dereference__String_12.java	88
/home/hyeonji/java-vuln-detection/slicing/output/CPG/cwe476_cpg/cwe476-50-cpg-resolved.bin	tc50_flow1	CWE476_NULL_Pointer_Dereference__String_13.java	30	CWE476_NULL_Pointer_Dereference__String_13.java	42
/home/hyeonji/java-vuln-detection/slicing/output/CPG/cwe476_cpg/cwe476-50-cpg-resolved.bin	tc50_flow2	CWE476_NULL_Pointer_Dereference__String_13.java	101	CWE476_NULL_Pointer_Dereference__String_13.java	119
/home/hyeonji/java-vuln-detection/slicing/output/CPG/cwe476_cpg/cwe476-50-cpg-resolved.bin	tc50_flow3	CWE476_NULL_Pointer_Dereference__String_13.java	138	CWE476_NULL_Pointer_Dereference__String_13.java	150
/home/hyeonji/java-vuln-detection/slicing/output/CPG/cwe476_cpg/cwe476-50-cpg-resolved.bin	tc50_flow4	CWE476_NULL_Pointer_Dereference__String_13.java	60	CWE476_NULL_Pointer_Dereference__String_13.java	67
/home/hyeonji/java-vuln-detection/slicing/output/CPG/cwe476_cpg/cwe476-50-cpg-resolved.bin	tc50_flow5	CWE476_NULL_Pointer_Dereference__String_13.java	78	CWE476_NULL_Pointer_Dereference__String_13.java	90
/home/hyeonji/java-vuln-detection/slicing/output/CPG/cwe476_cpg/cwe476-51-cpg-resolved.bin	tc51_flow1	CWE476_NULL_Pointer_Dereference__String_14.java	30	CWE476_NULL_Pointer_Dereference__String_14.java	42
/home/hyeonji/java-vuln-detection/slicing/output/CPG/cwe476_cpg/cwe476-51-cpg-resolved.bin	tc51_flow2	CWE476_NULL_Pointer_Dereference__String_14.java	101	CWE476_NULL_Pointer_Dereference__String_14.java	119
/home/hyeonji/java-vuln-detection/slicing/output/CPG/cwe476_cpg/cwe476-51-cpg-resolved.bin	tc51_flow3	CWE476_NULL_Pointer_Dereference__String_14.java	138	CWE476_NULL_Pointer_Dereference__String_14.java	150
/home/hyeonji/java-vuln-detection/slicing/output/CPG/cwe476_cpg/cwe476-51-cpg-resolved.bin	tc51_flow4	CWE476_NULL_Pointer_Dereference__String_14.java	60	CWE476_NULL_Pointer_Dereference__String_14.java	67
/home/hyeonji/java-vuln-detection/slicing/output/CPG/cwe476_cpg/cwe476-51-cpg-resolved.bin	tc51_flow5	CWE476_NULL_Pointer_Dereference__String_14.java	78	CWE476_NULL_Pointer_Dereference__String_14.java	90
/home/hyeonji/java-vuln-detection/slicing/output/CPG/cwe476_cpg/cwe476-52-cpg-resolved.bin	tc52_flow1	CWE476_NULL_Pointer_Dereference__String_15.java	32	CWE476_NULL_Pointer_Dereference__String_15.java	45
/home/hyeonji/java-vuln-detection/slicing/output/CPG/cwe476_cpg/cwe476-52-cpg-resolved.bin	tc52_flow2	CWE476_NULL_Pointer_Dereference__String_15.java	125	CWE476_NULL_Pointer_Dereference__String_15.java	142
/home/hyeonji/java-vuln-detection/slicing/output/CPG/cwe476_cpg/cwe476-52-cpg-resolved.bin	tc52_flow3	CWE476_NULL_Pointer_Dereference__String_15.java	163	CWE476_NULL_Pointer_Dereference__String_15.java	176
/home/hyeonji/java-vuln-detection/slicing/output/CPG/cwe476_cpg/cwe476-52-cpg-resolved.bin	tc52_flow4	CWE476_NULL_Pointer_Dereference__String_15.java	68	CWE476_NULL_Pointer_Dereference__String_15.java	76
/home/hyeonji/java-vuln-detection/slicing/output/CPG/cwe476_cpg/cwe476-52-cpg-resolved.bin	tc52_flow5	CWE476_NULL_Pointer_Dereference__String_15.java	94	CWE476_NULL_Pointer_Dereference__String_15.java	107
/home/hyeonji/java-vuln-detection/slicing/output/CPG/cwe476_cpg/cwe476-53-cpg-resolved.bin	tc53_flow1	CWE476_NULL_Pointer_Dereference__String_16.java	31	CWE476_NULL_Pointer_Dereference__String_16.java	38
/home/hyeonji/java-vuln-detection/slicing/output/CPG/cwe476_cpg/cwe476-53-cpg-resolved.bin	tc53_flow2	CWE476_NULL_Pointer_Dereference__String_16.java	72	CWE476_NULL_Pointer_Dereference__String_16.java	79
/home/hyeonji/java-vuln-detection/slicing/output/CPG/cwe476_cpg/cwe476-53-cpg-resolved.bin	tc53_flow3	CWE476_NULL_Pointer_Dereference__String_16.java	51	CWE476_NULL_Pointer_Dereference__String_16.java	58
/home/hyeonji/java-vuln-detection/slicing/output/CPG/cwe476_cpg/cwe476-54-cpg-resolved.bin	tc54_flow1	CWE476_NULL_Pointer_Dereference__String_17.java	34	CWE476_NULL_Pointer_Dereference__String_17.java	39
/home/hyeonji/java-vuln-detection/slicing/output/CPG/cwe476_cpg/cwe476-54-cpg-resolved.bin	tc54_flow2	CWE476_NULL_Pointer_Dereference__String_17.java	64	CWE476_NULL_Pointer_Dereference__String_17.java	69
/home/hyeonji/java-vuln-detection/slicing/output/CPG/cwe476_cpg/cwe476-54-cpg-resolved.bin	tc54_flow3	CWE476_NULL_Pointer_Dereference__String_17.java	49	CWE476_NULL_Pointer_Dereference__String_17.java	54
/home/hyeonji/java-vuln-detection/slicing/output/CPG/cwe476_cpg/cwe476-55-cpg-resolved.bin	tc55_flow1	CWE476_NULL_Pointer_Dereference__String_21.java	32	CWE476_NULL_Pointer_Dereference__String_21.java	43
/home/hyeonji/java-vuln-detection/slicing/output/CPG/cwe476_cpg/cwe476-55-cpg-resolved.bin	tc55_flow2	CWE476_NULL_Pointer_Dereference__String_21.java	65	CWE476_NULL_Pointer_Dereference__String_21.java	82
/home/hyeonji/java-vuln-detection/slicing/output/CPG/cwe476_cpg/cwe476-55-cpg-resolved.bin	tc55_flow3	CWE476_NULL_Pointer_Dereference__String_21.java	100	CWE476_NULL_Pointer_Dereference__String_21.java	111
/home/hyeonji/java-vuln-detection/slicing/output/CPG/cwe476_cpg/cwe476-55-cpg-resolved.bin	tc55_flow4	CWE476_NULL_Pointer_Dereference__String_21.java	128	CWE476_NULL_Pointer_Dereference__String_21.java	139
/home/hyeonji/java-vuln-detection/slicing/output/CPG/cwe476_cpg/cwe476-56-cpg-resolved.bin	tc56_flow1	CWE476_NULL_Pointer_Dereference__String_22a.java	33	CWE476_NULL_Pointer_Dereference__String_22b.java	29
/home/hyeonji/java-vuln-detection/slicing/output/CPG/cwe476_cpg/cwe476-56-cpg-resolved.bin	tc56_flow2	CWE476_NULL_Pointer_Dereference__String_22a.java	58	CWE476_NULL_Pointer_Dereference__String_22b.java	52
/home/hyeonji/java-vuln-detection/slicing/output/CPG/cwe476_cpg/cwe476-56-cpg-resolved.bin	tc56_flow3	CWE476_NULL_Pointer_Dereference__String_22a.java	70	CWE476_NULL_Pointer_Dereference__String_22b.java	70
/home/hyeonji/java-vuln-detection/slicing/output/CPG/cwe476_cpg/cwe476-56-cpg-resolved.bin	tc56_flow4	CWE476_NULL_Pointer_Dereference__String_22a.java	82	CWE476_NULL_Pointer_Dereference__String_22b.java	93
/home/hyeonji/java-vuln-detection/slicing/output/CPG/cwe476_cpg/cwe476-57-cpg-resolved.bin	tc57_flow1	CWE476_NULL_Pointer_Dereference__String_31.java	31	CWE476_NULL_Pointer_Dereference__String_31.java	39
/home/hyeonji/java-vuln-detection/slicing/output/CPG/cwe476_cpg/cwe476-57-cpg-resolved.bin	tc57_flow2	CWE476_NULL_Pointer_Dereference__String_31.java	79	CWE476_NULL_Pointer_Dereference__String_31.java	87
/home/hyeonji/java-vuln-detection/slicing/output/CPG/cwe476_cpg/cwe476-57-cpg-resolved.bin	tc57_flow3	CWE476_NULL_Pointer_Dereference__String_31.java	58	CWE476_NULL_Pointer_Dereference__String_31.java	66
/home/hyeonji/java-vuln-detection/slicing/output/CPG/cwe476_cpg/cwe476-58-cpg-resolved.bin	tc58_flow1	CWE476_NULL_Pointer_Dereference__String_41.java	37	CWE476_NULL_Pointer_Dereference__String_41.java	28
/home/hyeonji/java-vuln-detection/slicing/output/CPG/cwe476_cpg/cwe476-58-cpg-resolved.bin	tc58_flow2	CWE476_NULL_Pointer_Dereference__String_41.java	88	CWE476_NULL_Pointer_Dereference__String_41.java	71
/home/hyeonji/java-vuln-detection/slicing/output/CPG/cwe476_cpg/cwe476-58-cpg-resolved.bin	tc58_flow3	CWE476_NULL_Pointer_Dereference__String_41.java	62	CWE476_NULL_Pointer_Dereference__String_41.java	52
/home/hyeonji/java-vuln-detection/slicing/output/CPG/cwe476_cpg/cwe476-59-cpg-resolved.bin	tc59_flow1	CWE476_NULL_Pointer_Dereference__String_42.java	29	CWE476_NULL_Pointer_Dereference__String_42.java	39
/home/hyeonji/java-vuln-detection/slicing/output/CPG/cwe476_cpg/cwe476-59-cpg-resolved.bin	tc59_flow2	CWE476_NULL_Pointer_Dereference__String_42.java	69	CWE476_NULL_Pointer_Dereference__String_42.java	79
/home/hyeonji/java-vuln-detection/slicing/output/CPG/cwe476_cpg/cwe476-59-cpg-resolved.bin	tc59_flow3	CWE476_NULL_Pointer_Dereference__String_42.java	49	CWE476_NULL_Pointer_Dereference__String_42.java	59
/home/hyeonji/java-vuln-detection/slicing/output/CPG/cwe476_cpg/cwe476-60-cpg-resolved.bin	tc60_flow1	CWE476_NULL_Pointer_Dereference__String_45.java	42	CWE476_NULL_Pointer_Dereference__String_45.java	33
/home/hyeonji/java-vuln-detection/slicing/output/CPG/cwe476_cpg/cwe476-60-cpg-resolved.bin	tc60_flow2	CWE476_NULL_Pointer_Dereference__String_45.java	97	CWE476_NULL_Pointer_Dereference__String_45.java	80
/home/hyeonji/java-vuln-detection/slicing/output/CPG/cwe476_cpg/cwe476-60-cpg-resolved.bin	tc60_flow3	CWE476_NULL_Pointer_Dereference__String_45.java	69	CWE476_NULL_Pointer_Dereference__String_45.java	59
/home/hyeonji/java-vuln-detection/slicing/output/CPG/cwe476_cpg/cwe476-61-cpg-resolved.bin	tc61_flow1	CWE476_NULL_Pointer_Dereference__String_51a.java	29	CWE476_NULL_Pointer_Dereference__String_51b.java	28
/home/hyeonji/java-vuln-detection/slicing/output/CPG/cwe476_cpg/cwe476-61-cpg-resolved.bin	tc61_flow2	CWE476_NULL_Pointer_Dereference__String_51a.java	57	CWE476_NULL_Pointer_Dereference__String_51b.java	46
/home/hyeonji/java-vuln-detection/slicing/output/CPG/cwe476_cpg/cwe476-61-cpg-resolved.bin	tc61_flow3	CWE476_NULL_Pointer_Dereference__String_51a.java	46	CWE476_NULL_Pointer_Dereference__String_51b.java	37
/home/hyeonji/java-vuln-detection/slicing/output/CPG/cwe476_cpg/cwe476-62-cpg-resolved.bin	tc62_flow1	CWE476_NULL_Pointer_Dereference__String_52a.java	29	CWE476_NULL_Pointer_Dereference__String_52c.java	28
/home/hyeonji/java-vuln-detection/slicing/output/CPG/cwe476_cpg/cwe476-62-cpg-resolved.bin	tc62_flow2	CWE476_NULL_Pointer_Dereference__String_52a.java	57	CWE476_NULL_Pointer_Dereference__String_52c.java	46
/home/hyeonji/java-vuln-detection/slicing/output/CPG/cwe476_cpg/cwe476-62-cpg-resolved.bin	tc62_flow3	CWE476_NULL_Pointer_Dereference__String_52a.java	46	CWE476_NULL_Pointer_Dereference__String_52c.java	37
/home/hyeonji/java-vuln-detection/slicing/output/CPG/cwe476_cpg/cwe476-63-cpg-resolved.bin	tc63_flow1	CWE476_NULL_Pointer_Dereference__String_53a.java	29	CWE476_NULL_Pointer_Dereference__String_53d.java	28
/home/hyeonji/java-vuln-detection/slicing/output/CPG/cwe476_cpg/cwe476-63-cpg-resolved.bin	tc63_flow2	CWE476_NULL_Pointer_Dereference__String_53a.java	57	CWE476_NULL_Pointer_Dereference__String_53d.java	46
/home/hyeonji/java-vuln-detection/slicing/output/CPG/cwe476_cpg/cwe476-63-cpg-resolved.bin	tc63_flow3	CWE476_NULL_Pointer_Dereference__String_53a.java	46	CWE476_NULL_Pointer_Dereference__String_53d.java	37
/home/hyeonji/java-vuln-detection/slicing/output/CPG/cwe476_cpg/cwe476-64-cpg-resolved.bin	tc64_flow1	CWE476_NULL_Pointer_Dereference__String_54a.java	29	CWE476_NULL_Pointer_Dereference__String_54e.java	28
/home/hyeonji/java-vuln-detection/slicing/output/CPG/cwe476_cpg/cwe476-64-cpg-resolved.bin	tc64_flow2	CWE476_NULL_Pointer_Dereference__String_54a.java	57	CWE476_NULL_Pointer_Dereference__String_54e.java	46
/home/hyeonji/java-vuln-detection/slicing/output/CPG/cwe476_cpg/cwe476-64-cpg-resolved.bin	tc64_flow3	CWE476_NULL_Pointer_Dereference__String_54a.java	46	CWE476_NULL_Pointer_Dereference__String_54e.java	37
/home/hyeonji/java-vuln-detection/slicing/output/CPG/cwe476_cpg/cwe476-65-cpg-resolved.bin	tc65_flow1	CWE476_NULL_Pointer_Dereference__String_61b.java	29	CWE476_NULL_Pointer_Dereference__String_61a.java	29
/home/hyeonji/java-vuln-detection/slicing/output/CPG/cwe476_cpg/cwe476-65-cpg-resolved.bin	tc65_flow2	CWE476_NULL_Pointer_Dereference__String_61b.java	51	CWE476_NULL_Pointer_Dereference__String_61a.java	55
/home/hyeonji/java-vuln-detection/slicing/output/CPG/cwe476_cpg/cwe476-65-cpg-resolved.bin	tc65_flow3	CWE476_NULL_Pointer_Dereference__String_61b.java	40	CWE476_NULL_Pointer_Dereference__String_61a.java	45
/home/hyeonji/java-vuln-detection/slicing/output/CPG/cwe476_cpg/cwe476-66-cpg-resolved.bin	tc66_flow1	CWE476_NULL_Pointer_Dereference__String_66a.java	29	CWE476_NULL_Pointer_Dereference__String_66b.java	29
/home/hyeonji/java-vuln-detection/slicing/output/CPG/cwe476_cpg/cwe476-66-cpg-resolved.bin	tc66_flow2	CWE476_NULL_Pointer_Dereference__String_66a.java	61	CWE476_NULL_Pointer_Dereference__String_66b.java	49
/home/hyeonji/java-vuln-detection/slicing/output/CPG/cwe476_cpg/cwe476-66-cpg-resolved.bin	tc66_flow3	CWE476_NULL_Pointer_Dereference__String_66a.java	48	CWE476_NULL_Pointer_Dereference__String_66b.java	39
/home/hyeonji/java-vuln-detection/slicing/output/CPG/cwe476_cpg/cwe476-67-cpg-resolved.bin	tc67_flow1	CWE476_NULL_Pointer_Dereference__String_67a.java	34	CWE476_NULL_Pointer_Dereference__String_67b.java	29
/home/hyeonji/java-vuln-detection/slicing/output/CPG/cwe476_cpg/cwe476-67-cpg-resolved.bin	tc67_flow2	CWE476_NULL_Pointer_Dereference__String_67a.java	66	CWE476_NULL_Pointer_Dereference__String_67b.java	49
/home/hyeonji/java-vuln-detection/slicing/output/CPG/cwe476_cpg/cwe476-67-cpg-resolved.bin	tc67_flow3	CWE476_NULL_Pointer_Dereference__String_67a.java	53	CWE476_NULL_Pointer_Dereference__String_67b.java	39
/home/hyeonji/java-vuln-detection/slicing/output/CPG/cwe476_cpg/cwe476-68-cpg-resolved.bin	tc68_flow1	CWE476_NULL_Pointer_Dereference__String_68a.java	30	CWE476_NULL_Pointer_Dereference__String_68b.java	29
/home/hyeonji/java-vuln-detection/slicing/output/CPG/cwe476_cpg/cwe476-68-cpg-resolved.bin	tc68_flow2	CWE476_NULL_Pointer_Dereference__String_68a.java	56	CWE476_NULL_Pointer_Dereference__String_68b.java	49
/home/hyeonji/java-vuln-detection/slicing/output/CPG/cwe476_cpg/cwe476-68-cpg-resolved.bin	tc68_flow3	CWE476_NULL_Pointer_Dereference__String_68a.java	46	CWE476_NULL_Pointer_Dereference__String_68b.java	39
/home/hyeonji/java-vuln-detection/slicing/output/CPG/cwe476_cpg/cwe476-69-cpg-resolved.bin	tc69_flow1	CWE476_NULL_Pointer_Dereference__String_71a.java	29	CWE476_NULL_Pointer_Dereference__String_71b.java	29
/home/hyeonji/java-vuln-detection/slicing/output/CPG/cwe476_cpg/cwe476-69-cpg-resolved.bin	tc69_flow2	CWE476_NULL_Pointer_Dereference__String_71a.java	57	CWE476_NULL_Pointer_Dereference__String_71b.java	49
/home/hyeonji/java-vuln-detection/slicing/output/CPG/cwe476_cpg/cwe476-69-cpg-resolved.bin	tc69_flow3	CWE476_NULL_Pointer_Dereference__String_71a.java	46	CWE476_NULL_Pointer_Dereference__String_71b.java	39
/home/hyeonji/java-vuln-detection/slicing/output/CPG/cwe476_cpg/cwe476-70-cpg-resolved.bin	tc70_flow1	CWE476_NULL_Pointer_Dereference__String_72a.java	30	CWE476_NULL_Pointer_Dereference__String_72b.java	30
/home/hyeonji/java-vuln-detection/slicing/output/CPG/cwe476_cpg/cwe476-70-cpg-resolved.bin	tc70_flow2	CWE476_NULL_Pointer_Dereference__String_72a.java	66	CWE476_NULL_Pointer_Dereference__String_72b.java	50
/home/hyeonji/java-vuln-detection/slicing/output/CPG/cwe476_cpg/cwe476-70-cpg-resolved.bin	tc70_flow3	CWE476_NULL_Pointer_Dereference__String_72a.java	51	CWE476_NULL_Pointer_Dereference__String_72b.java	40
/home/hyeonji/java-vuln-detection/slicing/output/CPG/cwe476_cpg/cwe476-71-cpg-resolved.bin	tc71_flow1	CWE476_NULL_Pointer_Dereference__String_73a.java	30	CWE476_NULL_Pointer_Dereference__String_73b.java	30
/home/hyeonji/java-vuln-detection/slicing/output/CPG/cwe476_cpg/cwe476-71-cpg-resolved.bin	tc71_flow2	CWE476_NULL_Pointer_Dereference__String_73a.java	66	CWE476_NULL_Pointer_Dereference__String_73b.java	50
/home/hyeonji/java-vuln-detection/slicing/output/CPG/cwe476_cpg/cwe476-71-cpg-resolved.bin	tc71_flow3	CWE476_NULL_Pointer_Dereference__String_73a.java	51	CWE476_NULL_Pointer_Dereference__String_73b.java	40
/home/hyeonji/java-vuln-detection/slicing/output/CPG/cwe476_cpg/cwe476-72-cpg-resolved.bin	tc72_flow1	CWE476_NULL_Pointer_Dereference__String_74a.java	30	CWE476_NULL_Pointer_Dereference__String_74b.java	30
/home/hyeonji/java-vuln-detection/slicing/output/CPG/cwe476_cpg/cwe476-72-cpg-resolved.bin	tc72_flow2	CWE476_NULL_Pointer_Dereference__String_74a.java	66	CWE476_NULL_Pointer_Dereference__String_74b.java	50
/home/hyeonji/java-vuln-detection/slicing/output/CPG/cwe476_cpg/cwe476-72-cpg-resolved.bin	tc72_flow3	CWE476_NULL_Pointer_Dereference__String_74a.java	51	CWE476_NULL_Pointer_Dereference__String_74b.java	40
/home/hyeonji/java-vuln-detection/slicing/output/CPG/cwe476_cpg/cwe476-73-cpg-resolved.bin	tc73_flow1	CWE476_NULL_Pointer_Dereference__String_75a.java	34	CWE476_NULL_Pointer_Dereference__String_75b.java	41
/home/hyeonji/java-vuln-detection/slicing/output/CPG/cwe476_cpg/cwe476-73-cpg-resolved.bin	tc73_flow2	CWE476_NULL_Pointer_Dereference__String_75a.java	146	CWE476_NULL_Pointer_Dereference__String_75b.java	148
/home/hyeonji/java-vuln-detection/slicing/output/CPG/cwe476_cpg/cwe476-73-cpg-resolved.bin	tc73_flow3	CWE476_NULL_Pointer_Dereference__String_75a.java	93	CWE476_NULL_Pointer_Dereference__String_75b.java	94
/home/hyeonji/java-vuln-detection/slicing/output/CPG/cwe476_cpg/cwe476-74-cpg-resolved.bin	tc74_flow1	CWE476_NULL_Pointer_Dereference__String_81a.java	29	CWE476_NULL_Pointer_Dereference__String_81_bad.java	28
/home/hyeonji/java-vuln-detection/slicing/output/CPG/cwe476_cpg/cwe476-74-cpg-resolved.bin	tc74_flow2	CWE476_NULL_Pointer_Dereference__String_81a.java	59	CWE476_NULL_Pointer_Dereference__String_81_goodB2G.java	28
/home/hyeonji/java-vuln-detection/slicing/output/CPG/cwe476_cpg/cwe476-74-cpg-resolved.bin	tc74_flow3	CWE476_NULL_Pointer_Dereference__String_81a.java	47	CWE476_NULL_Pointer_Dereference__String_81_goodG2B.java	28
/home/hyeonji/java-vuln-detection/slicing/output/CPG/cwe476_cpg/cwe476-75-cpg-resolved.bin	tc75_flow1	CWE476_NULL_Pointer_Dereference__StringBuilder_01.java	29	CWE476_NULL_Pointer_Dereference__StringBuilder_01.java	32
/home/hyeonji/java-vuln-detection/slicing/output/CPG/cwe476_cpg/cwe476-75-cpg-resolved.bin	tc75_flow2	CWE476_NULL_Pointer_Dereference__StringBuilder_01.java	61	CWE476_NULL_Pointer_Dereference__StringBuilder_01.java	64
/home/hyeonji/java-vuln-detection/slicing/output/CPG/cwe476_cpg/cwe476-75-cpg-resolved.bin	tc75_flow3	CWE476_NULL_Pointer_Dereference__StringBuilder_01.java	48	CWE476_NULL_Pointer_Dereference__StringBuilder_01.java	51
/home/hyeonji/java-vuln-detection/slicing/output/CPG/cwe476_cpg/cwe476-76-cpg-resolved.bin	tc76_flow1	CWE476_NULL_Pointer_Dereference__StringBuilder_02.java	30	CWE476_NULL_Pointer_Dereference__StringBuilder_02.java	42
/home/hyeonji/java-vuln-detection/slicing/output/CPG/cwe476_cpg/cwe476-76-cpg-resolved.bin	tc76_flow2	CWE476_NULL_Pointer_Dereference__StringBuilder_02.java	101	CWE476_NULL_Pointer_Dereference__StringBuilder_02.java	119
/home/hyeonji/java-vuln-detection/slicing/output/CPG/cwe476_cpg/cwe476-76-cpg-resolved.bin	tc76_flow3	CWE476_NULL_Pointer_Dereference__StringBuilder_02.java	138	CWE476_NULL_Pointer_Dereference__StringBuilder_02.java	150
/home/hyeonji/java-vuln-detection/slicing/output/CPG/cwe476_cpg/cwe476-76-cpg-resolved.bin	tc76_flow4	CWE476_NULL_Pointer_Dereference__StringBuilder_02.java	60	CWE476_NULL_Pointer_Dereference__StringBuilder_02.java	67
/home/hyeonji/java-vuln-detection/slicing/output/CPG/cwe476_cpg/cwe476-76-cpg-resolved.bin	tc76_flow5	CWE476_NULL_Pointer_Dereference__StringBuilder_02.java	78	CWE476_NULL_Pointer_Dereference__StringBuilder_02.java	90
/home/hyeonji/java-vuln-detection/slicing/output/CPG/cwe476_cpg/cwe476-77-cpg-resolved.bin	tc77_flow1	CWE476_NULL_Pointer_Dereference__StringBuilder_03.java	30	CWE476_NULL_Pointer_Dereference__StringBuilder_03.java	42
/home/hyeonji/java-vuln-detection/slicing/output/CPG/cwe476_cpg/cwe476-77-cpg-resolved.bin	tc77_flow2	CWE476_NULL_Pointer_Dereference__StringBuilder_03.java	101	CWE476_NULL_Pointer_Dereference__StringBuilder_03.java	119
/home/hyeonji/java-vuln-detection/slicing/output/CPG/cwe476_cpg/cwe476-77-cpg-resolved.bin	tc77_flow3	CWE476_NULL_Pointer_Dereference__StringBuilder_03.java	138	CWE476_NULL_Pointer_Dereference__StringBuilder_03.java	150
/home/hyeonji/java-vuln-detection/slicing/output/CPG/cwe476_cpg/cwe476-77-cpg-resolved.bin	tc77_flow4	CWE476_NULL_Pointer_Dereference__StringBuilder_03.java	60	CWE476_NULL_Pointer_Dereference__StringBuilder_03.java	67
/home/hyeonji/java-vuln-detection/slicing/output/CPG/cwe476_cpg/cwe476-77-cpg-resolved.bin	tc77_flow5	CWE476_NULL_Pointer_Dereference__StringBuilder_03.java	78	CWE476_NULL_Pointer_Dereference__StringBuilder_03.java	90
/home/hyeonji/java-vuln-detection/slicing/output/CPG/cwe476_cpg/cwe476-78-cpg-resolved.bin	tc78_flow1	CWE476_NULL_Pointer_Dereference__StringBuilder_04.java	37	CWE476_NULL_Pointer_Dereference__StringBuilder_04.java	49
/home/hyeonji/java-vuln-detection/slicing/output/CPG/cwe476_cpg/cwe476-78-cpg-resolved.bin	tc78_flow2	CWE476_NULL_Pointer_Dereference__StringBuilder_04.java	108	CWE476_NULL_Pointer_Dereference__StringBuilder_04.java	126
/home/hyeonji/java-vuln-detection/slicing/output/CPG/cwe476_cpg/cwe476-78-cpg-resolved.bin	tc78_flow3	CWE476_NULL_Pointer_Dereference__StringBuilder_04.java	145	CWE476_NULL_Pointer_Dereference__StringBuilder_04.java	157
/home/hyeonji/java-vuln-detection/slicing/output/CPG/cwe476_cpg/cwe476-78-cpg-resolved.bin	tc78_flow4	CWE476_NULL_Pointer_Dereference__StringBuilder_04.java	67	CWE476_NULL_Pointer_Dereference__StringBuilder_04.java	74
/home/hyeonji/java-vuln-detection/slicing/output/CPG/cwe476_cpg/cwe476-78-cpg-resolved.bin	tc78_flow5	CWE476_NULL_Pointer_Dereference__StringBuilder_04.java	85	CWE476_NULL_Pointer_Dereference__StringBuilder_04.java	97
/home/hyeonji/java-vuln-detection/slicing/output/CPG/cwe476_cpg/cwe476-79-cpg-resolved.bin	tc79_flow1	CWE476_NULL_Pointer_Dereference__StringBuilder_05.java	37	CWE476_NULL_Pointer_Dereference__StringBuilder_05.java	49
/home/hyeonji/java-vuln-detection/slicing/output/CPG/cwe476_cpg/cwe476-79-cpg-resolved.bin	tc79_flow2	CWE476_NULL_Pointer_Dereference__StringBuilder_05.java	109	CWE476_NULL_Pointer_Dereference__StringBuilder_05.java	127
/home/hyeonji/java-vuln-detection/slicing/output/CPG/cwe476_cpg/cwe476-79-cpg-resolved.bin	tc79_flow3	CWE476_NULL_Pointer_Dereference__StringBuilder_05.java	146	CWE476_NULL_Pointer_Dereference__StringBuilder_05.java	158
/home/hyeonji/java-vuln-detection/slicing/output/CPG/cwe476_cpg/cwe476-79-cpg-resolved.bin	tc79_flow4	CWE476_NULL_Pointer_Dereference__StringBuilder_05.java	67	CWE476_NULL_Pointer_Dereference__StringBuilder_05.java	74
/home/hyeonji/java-vuln-detection/slicing/output/CPG/cwe476_cpg/cwe476-79-cpg-resolved.bin	tc79_flow5	CWE476_NULL_Pointer_Dereference__StringBuilder_05.java	85	CWE476_NULL_Pointer_Dereference__StringBuilder_05.java	97
/home/hyeonji/java-vuln-detection/slicing/output/CPG/cwe476_cpg/cwe476-80-cpg-resolved.bin	tc80_flow1	CWE476_NULL_Pointer_Dereference__StringBuilder_06.java	35	CWE476_NULL_Pointer_Dereference__StringBuilder_06.java	47
/home/hyeonji/java-vuln-detection/slicing/output/CPG/cwe476_cpg/cwe476-80-cpg-resolved.bin	tc80_flow2	CWE476_NULL_Pointer_Dereference__StringBuilder_06.java	106	CWE476_NULL_Pointer_Dereference__StringBuilder_06.java	124
/home/hyeonji/java-vuln-detection/slicing/output/CPG/cwe476_cpg/cwe476-80-cpg-resolved.bin	tc80_flow3	CWE476_NULL_Pointer_Dereference__StringBuilder_06.java	143	CWE476_NULL_Pointer_Dereference__StringBuilder_06.java	155
/home/hyeonji/java-vuln-detection/slicing/output/CPG/cwe476_cpg/cwe476-80-cpg-resolved.bin	tc80_flow4	CWE476_NULL_Pointer_Dereference__StringBuilder_06.java	65	CWE476_NULL_Pointer_Dereference__StringBuilder_06.java	72
/home/hyeonji/java-vuln-detection/slicing/output/CPG/cwe476_cpg/cwe476-80-cpg-resolved.bin	tc80_flow5	CWE476_NULL_Pointer_Dereference__StringBuilder_06.java	83	CWE476_NULL_Pointer_Dereference__StringBuilder_06.java	95
/home/hyeonji/java-vuln-detection/slicing/output/CPG/cwe476_cpg/cwe476-81-cpg-resolved.bin	tc81_flow1	CWE476_NULL_Pointer_Dereference__StringBuilder_07.java	35	CWE476_NULL_Pointer_Dereference__StringBuilder_07.java	47
/home/hyeonji/java-vuln-detection/slicing/output/CPG/cwe476_cpg/cwe476-81-cpg-resolved.bin	tc81_flow2	CWE476_NULL_Pointer_Dereference__StringBuilder_07.java	106	CWE476_NULL_Pointer_Dereference__StringBuilder_07.java	124
/home/hyeonji/java-vuln-detection/slicing/output/CPG/cwe476_cpg/cwe476-81-cpg-resolved.bin	tc81_flow3	CWE476_NULL_Pointer_Dereference__StringBuilder_07.java	143	CWE476_NULL_Pointer_Dereference__StringBuilder_07.java	155
/home/hyeonji/java-vuln-detection/slicing/output/CPG/cwe476_cpg/cwe476-81-cpg-resolved.bin	tc81_flow4	CWE476_NULL_Pointer_Dereference__StringBuilder_07.java	65	CWE476_NULL_Pointer_Dereference__StringBuilder_07.java	72
/home/hyeonji/java-vuln-detection/slicing/output/CPG/cwe476_cpg/cwe476-81-cpg-resolved.bin	tc81_flow5	CWE476_NULL_Pointer_Dereference__StringBuilder_07.java	83	CWE476_NULL_Pointer_Dereference__StringBuilder_07.java	95
/home/hyeonji/java-vuln-detection/slicing/output/CPG/cwe476_cpg/cwe476-82-cpg-resolved.bin	tc82_flow1	CWE476_NULL_Pointer_Dereference__StringBuilder_08.java	43	CWE476_NULL_Pointer_Dereference__StringBuilder_08.java	55
/home/hyeonji/java-vuln-detection/slicing/output/CPG/cwe476_cpg/cwe476-82-cpg-resolved.bin	tc82_flow2	CWE476_NULL_Pointer_Dereference__StringBuilder_08.java	114	CWE476_NULL_Pointer_Dereference__StringBuilder_08.java	132
/home/hyeonji/java-vuln-detection/slicing/output/CPG/cwe476_cpg/cwe476-82-cpg-resolved.bin	tc82_flow3	CWE476_NULL_Pointer_Dereference__StringBuilder_08.java	151	CWE476_NULL_Pointer_Dereference__StringBuilder_08.java	163
/home/hyeonji/java-vuln-detection/slicing/output/CPG/cwe476_cpg/cwe476-82-cpg-resolved.bin	tc82_flow4	CWE476_NULL_Pointer_Dereference__StringBuilder_08.java	73	CWE476_NULL_Pointer_Dereference__StringBuilder_08.java	80
/home/hyeonji/java-vuln-detection/slicing/output/CPG/cwe476_cpg/cwe476-82-cpg-resolved.bin	tc82_flow5	CWE476_NULL_Pointer_Dereference__StringBuilder_08.java	91	CWE476_NULL_Pointer_Dereference__StringBuilder_08.java	103
/home/hyeonji/java-vuln-detection/slicing/output/CPG/cwe476_cpg/cwe476-83-cpg-resolved.bin	tc83_flow1	CWE476_NULL_Pointer_Dereference__StringBuilder_09.java	30	CWE476_NULL_Pointer_Dereference__StringBuilder_09.java	42
/home/hyeonji/java-vuln-detection/slicing/output/CPG/cwe476_cpg/cwe476-83-cpg-resolved.bin	tc83_flow2	CWE476_NULL_Pointer_Dereference__StringBuilder_09.java	101	CWE476_NULL_Pointer_Dereference__StringBuilder_09.java	119
/home/hyeonji/java-vuln-detection/slicing/output/CPG/cwe476_cpg/cwe476-83-cpg-resolved.bin	tc83_flow3	CWE476_NULL_Pointer_Dereference__StringBuilder_09.java	138	CWE476_NULL_Pointer_Dereference__StringBuilder_09.java	150
/home/hyeonji/java-vuln-detection/slicing/output/CPG/cwe476_cpg/cwe476-83-cpg-resolved.bin	tc83_flow4	CWE476_NULL_Pointer_Dereference__StringBuilder_09.java	60	CWE476_NULL_Pointer_Dereference__StringBuilder_09.java	67
/home/hyeonji/java-vuln-detection/slicing/output/CPG/cwe476_cpg/cwe476-83-cpg-resolved.bin	tc83_flow5	CWE476_NULL_Pointer_Dereference__StringBuilder_09.java	78	CWE476_NULL_Pointer_Dereference__StringBuilder_09.java	90
/home/hyeonji/java-vuln-detection/slicing/output/CPG/cwe476_cpg/cwe476-84-cpg-resolved.bin	tc84_flow1	CWE476_NULL_Pointer_Dereference__StringBuilder_10.java	30	CWE476_NULL_Pointer_Dereference__StringBuilder_10.java	42
/home/hyeonji/java-vuln-detection/slicing/output/CPG/cwe476_cpg/cwe476-84-cpg-resolved.bin	tc84_flow2	CWE476_NULL_Pointer_Dereference__StringBuilder_10.java	101	CWE476_NULL_Pointer_Dereference__StringBuilder_10.java	119
/home/hyeonji/java-vuln-detection/slicing/output/CPG/cwe476_cpg/cwe476-84-cpg-resolved.bin	tc84_flow3	CWE476_NULL_Pointer_Dereference__StringBuilder_10.java	138	CWE476_NULL_Pointer_Dereference__StringBuilder_10.java	150
/home/hyeonji/java-vuln-detection/slicing/output/CPG/cwe476_cpg/cwe476-84-cpg-resolved.bin	tc84_flow4	CWE476_NULL_Pointer_Dereference__StringBuilder_10.java	60	CWE476_NULL_Pointer_Dereference__StringBuilder_10.java	67
/home/hyeonji/java-vuln-detection/slicing/output/CPG/cwe476_cpg/cwe476-84-cpg-resolved.bin	tc84_flow5	CWE476_NULL_Pointer_Dereference__StringBuilder_10.java	78	CWE476_NULL_Pointer_Dereference__StringBuilder_10.java	90
/home/hyeonji/java-vuln-detection/slicing/output/CPG/cwe476_cpg/cwe476-85-cpg-resolved.bin	tc85_flow1	CWE476_NULL_Pointer_Dereference__StringBuilder_11.java	30	CWE476_NULL_Pointer_Dereference__StringBuilder_11.java	42
/home/hyeonji/java-vuln-detection/slicing/output/CPG/cwe476_cpg/cwe476-85-cpg-resolved.bin	tc85_flow2	CWE476_NULL_Pointer_Dereference__StringBuilder_11.java	102	CWE476_NULL_Pointer_Dereference__StringBuilder_11.java	120
/home/hyeonji/java-vuln-detection/slicing/output/CPG/cwe476_cpg/cwe476-85-cpg-resolved.bin	tc85_flow3	CWE476_NULL_Pointer_Dereference__StringBuilder_11.java	139	CWE476_NULL_Pointer_Dereference__StringBuilder_11.java	151
/home/hyeonji/java-vuln-detection/slicing/output/CPG/cwe476_cpg/cwe476-85-cpg-resolved.bin	tc85_flow4	CWE476_NULL_Pointer_Dereference__StringBuilder_11.java	60	CWE476_NULL_Pointer_Dereference__StringBuilder_11.java	67
/home/hyeonji/java-vuln-detection/slicing/output/CPG/cwe476_cpg/cwe476-85-cpg-resolved.bin	tc85_flow5	CWE476_NULL_Pointer_Dereference__StringBuilder_11.java	79	CWE476_NULL_Pointer_Dereference__StringBuilder_11.java	91
/home/hyeonji/java-vuln-detection/slicing/output/CPG/cwe476_cpg/cwe476-86-cpg-resolved.bin	tc86_flow2	CWE476_NULL_Pointer_Dereference__StringBuilder_12.java	101	CWE476_NULL_Pointer_Dereference__StringBuilder_12.java	127
/home/hyeonji/java-vuln-detection/slicing/output/CPG/cwe476_cpg/cwe476-86-cpg-resolved.bin	tc86_flow3	CWE476_NULL_Pointer_Dereference__StringBuilder_12.java	69	CWE476_NULL_Pointer_Dereference__StringBuilder_12.java	88
/home/hyeonji/java-vuln-detection/slicing/output/CPG/cwe476_cpg/cwe476-87-cpg-resolved.bin	tc87_flow1	CWE476_NULL_Pointer_Dereference__StringBuilder_13.java	30	CWE476_NULL_Pointer_Dereference__StringBuilder_13.java	42
/home/hyeonji/java-vuln-detection/slicing/output/CPG/cwe476_cpg/cwe476-87-cpg-resolved.bin	tc87_flow2	CWE476_NULL_Pointer_Dereference__StringBuilder_13.java	101	CWE476_NULL_Pointer_Dereference__StringBuilder_13.java	119
/home/hyeonji/java-vuln-detection/slicing/output/CPG/cwe476_cpg/cwe476-87-cpg-resolved.bin	tc87_flow3	CWE476_NULL_Pointer_Dereference__StringBuilder_13.java	138	CWE476_NULL_Pointer_Dereference__StringBuilder_13.java	150
/home/hyeonji/java-vuln-detection/slicing/output/CPG/cwe476_cpg/cwe476-87-cpg-resolved.bin	tc87_flow4	CWE476_NULL_Pointer_Dereference__StringBuilder_13.java	60	CWE476_NULL_Pointer_Dereference__StringBuilder_13.java	67
/home/hyeonji/java-vuln-detection/slicing/output/CPG/cwe476_cpg/cwe476-87-cpg-resolved.bin	tc87_flow5	CWE476_NULL_Pointer_Dereference__StringBuilder_13.java	78	CWE476_NULL_Pointer_Dereference__StringBuilder_13.java	90
/home/hyeonji/java-vuln-detection/slicing/output/CPG/cwe476_cpg/cwe476-88-cpg-resolved.bin	tc88_flow1	CWE476_NULL_Pointer_Dereference__StringBuilder_14.java	30	CWE476_NULL_Pointer_Dereference__StringBuilder_14.java	42
/home/hyeonji/java-vuln-detection/slicing/output/CPG/cwe476_cpg/cwe476-88-cpg-resolved.bin	tc88_flow2	CWE476_NULL_Pointer_Dereference__StringBuilder_14.java	101	CWE476_NULL_Pointer_Dereference__StringBuilder_14.java	119
/home/hyeonji/java-vuln-detection/slicing/output/CPG/cwe476_cpg/cwe476-88-cpg-resolved.bin	tc88_flow3	CWE476_NULL_Pointer_Dereference__StringBuilder_14.java	138	CWE476_NULL_Pointer_Dereference__StringBuilder_14.java	150
/home/hyeonji/java-vuln-detection/slicing/output/CPG/cwe476_cpg/cwe476-88-cpg-resolved.bin	tc88_flow4	CWE476_NULL_Pointer_Dereference__StringBuilder_14.java	60	CWE476_NULL_Pointer_Dereference__StringBuilder_14.java	67
/home/hyeonji/java-vuln-detection/slicing/output/CPG/cwe476_cpg/cwe476-88-cpg-resolved.bin	tc88_flow5	CWE476_NULL_Pointer_Dereference__StringBuilder_14.java	78	CWE476_NULL_Pointer_Dereference__StringBuilder_14.java	90
/home/hyeonji/java-vuln-detection/slicing/output/CPG/cwe476_cpg/cwe476-89-cpg-resolved.bin	tc89_flow1	CWE476_NULL_Pointer_Dereference__StringBuilder_15.java	32	CWE476_NULL_Pointer_Dereference__StringBuilder_15.java	45
/home/hyeonji/java-vuln-detection/slicing/output/CPG/cwe476_cpg/cwe476-89-cpg-resolved.bin	tc89_flow2	CWE476_NULL_Pointer_Dereference__StringBuilder_15.java	125	CWE476_NULL_Pointer_Dereference__StringBuilder_15.java	142
/home/hyeonji/java-vuln-detection/slicing/output/CPG/cwe476_cpg/cwe476-89-cpg-resolved.bin	tc89_flow3	CWE476_NULL_Pointer_Dereference__StringBuilder_15.java	163	CWE476_NULL_Pointer_Dereference__StringBuilder_15.java	176
/home/hyeonji/java-vuln-detection/slicing/output/CPG/cwe476_cpg/cwe476-89-cpg-resolved.bin	tc89_flow4	CWE476_NULL_Pointer_Dereference__StringBuilder_15.java	68	CWE476_NULL_Pointer_Dereference__StringBuilder_15.java	76
/home/hyeonji/java-vuln-detection/slicing/output/CPG/cwe476_cpg/cwe476-89-cpg-resolved.bin	tc89_flow5	CWE476_NULL_Pointer_Dereference__StringBuilder_15.java	94	CWE476_NULL_Pointer_Dereference__StringBuilder_15.java	107
/home/hyeonji/java-vuln-detection/slicing/output/CPG/cwe476_cpg/cwe476-90-cpg-resolved.bin	tc90_flow1	CWE476_NULL_Pointer_Dereference__StringBuilder_16.java	31	CWE476_NULL_Pointer_Dereference__StringBuilder_16.java	38
/home/hyeonji/java-vuln-detection/slicing/output/CPG/cwe476_cpg/cwe476-90-cpg-resolved.bin	tc90_flow2	CWE476_NULL_Pointer_Dereference__StringBuilder_16.java	72	CWE476_NULL_Pointer_Dereference__StringBuilder_16.java	79
/home/hyeonji/java-vuln-detection/slicing/output/CPG/cwe476_cpg/cwe476-90-cpg-resolved.bin	tc90_flow3	CWE476_NULL_Pointer_Dereference__StringBuilder_16.java	51	CWE476_NULL_Pointer_Dereference__StringBuilder_16.java	58
/home/hyeonji/java-vuln-detection/slicing/output/CPG/cwe476_cpg/cwe476-91-cpg-resolved.bin	tc91_flow1	CWE476_NULL_Pointer_Dereference__StringBuilder_17.java	34	CWE476_NULL_Pointer_Dereference__StringBuilder_17.java	39
/home/hyeonji/java-vuln-detection/slicing/output/CPG/cwe476_cpg/cwe476-91-cpg-resolved.bin	tc91_flow2	CWE476_NULL_Pointer_Dereference__StringBuilder_17.java	64	CWE476_NULL_Pointer_Dereference__StringBuilder_17.java	69
/home/hyeonji/java-vuln-detection/slicing/output/CPG/cwe476_cpg/cwe476-91-cpg-resolved.bin	tc91_flow3	CWE476_NULL_Pointer_Dereference__StringBuilder_17.java	49	CWE476_NULL_Pointer_Dereference__StringBuilder_17.java	54
/home/hyeonji/java-vuln-detection/slicing/output/CPG/cwe476_cpg/cwe476-92-cpg-resolved.bin	tc92_flow1	CWE476_NULL_Pointer_Dereference__StringBuilder_21.java	32	CWE476_NULL_Pointer_Dereference__StringBuilder_21.java	43
/home/hyeonji/java-vuln-detection/slicing/output/CPG/cwe476_cpg/cwe476-92-cpg-resolved.bin	tc92_flow2	CWE476_NULL_Pointer_Dereference__StringBuilder_21.java	65	CWE476_NULL_Pointer_Dereference__StringBuilder_21.java	82
/home/hyeonji/java-vuln-detection/slicing/output/CPG/cwe476_cpg/cwe476-92-cpg-resolved.bin	tc92_flow3	CWE476_NULL_Pointer_Dereference__StringBuilder_21.java	100	CWE476_NULL_Pointer_Dereference__StringBuilder_21.java	111
/home/hyeonji/java-vuln-detection/slicing/output/CPG/cwe476_cpg/cwe476-92-cpg-resolved.bin	tc92_flow4	CWE476_NULL_Pointer_Dereference__StringBuilder_21.java	128	CWE476_NULL_Pointer_Dereference__StringBuilder_21.java	139
/home/hyeonji/java-vuln-detection/slicing/output/CPG/cwe476_cpg/cwe476-93-cpg-resolved.bin	tc93_flow1	CWE476_NULL_Pointer_Dereference__StringBuilder_22a.java	33	CWE476_NULL_Pointer_Dereference__StringBuilder_22b.java	29
/home/hyeonji/java-vuln-detection/slicing/output/CPG/cwe476_cpg/cwe476-93-cpg-resolved.bin	tc93_flow2	CWE476_NULL_Pointer_Dereference__StringBuilder_22a.java	58	CWE476_NULL_Pointer_Dereference__StringBuilder_22b.java	52
/home/hyeonji/java-vuln-detection/slicing/output/CPG/cwe476_cpg/cwe476-93-cpg-resolved.bin	tc93_flow3	CWE476_NULL_Pointer_Dereference__StringBuilder_22a.java	70	CWE476_NULL_Pointer_Dereference__StringBuilder_22b.java	70
/home/hyeonji/java-vuln-detection/slicing/output/CPG/cwe476_cpg/cwe476-93-cpg-resolved.bin	tc93_flow4	CWE476_NULL_Pointer_Dereference__StringBuilder_22a.java	82	CWE476_NULL_Pointer_Dereference__StringBuilder_22b.java	93
/home/hyeonji/java-vuln-detection/slicing/output/CPG/cwe476_cpg/cwe476-94-cpg-resolved.bin	tc94_flow1	CWE476_NULL_Pointer_Dereference__StringBuilder_31.java	31	CWE476_NULL_Pointer_Dereference__StringBuilder_31.java	39
/home/hyeonji/java-vuln-detection/slicing/output/CPG/cwe476_cpg/cwe476-94-cpg-resolved.bin	tc94_flow2	CWE476_NULL_Pointer_Dereference__StringBuilder_31.java	79	CWE476_NULL_Pointer_Dereference__StringBuilder_31.java	87
/home/hyeonji/java-vuln-detection/slicing/output/CPG/cwe476_cpg/cwe476-94-cpg-resolved.bin	tc94_flow3	CWE476_NULL_Pointer_Dereference__StringBuilder_31.java	58	CWE476_NULL_Pointer_Dereference__StringBuilder_31.java	66
/home/hyeonji/java-vuln-detection/slicing/output/CPG/cwe476_cpg/cwe476-95-cpg-resolved.bin	tc95_flow1	CWE476_NULL_Pointer_Dereference__StringBuilder_41.java	37	CWE476_NULL_Pointer_Dereference__StringBuilder_41.java	28
/home/hyeonji/java-vuln-detection/slicing/output/CPG/cwe476_cpg/cwe476-95-cpg-resolved.bin	tc95_flow2	CWE476_NULL_Pointer_Dereference__StringBuilder_41.java	88	CWE476_NULL_Pointer_Dereference__StringBuilder_41.java	71
/home/hyeonji/java-vuln-detection/slicing/output/CPG/cwe476_cpg/cwe476-95-cpg-resolved.bin	tc95_flow3	CWE476_NULL_Pointer_Dereference__StringBuilder_41.java	62	CWE476_NULL_Pointer_Dereference__StringBuilder_41.java	52
/home/hyeonji/java-vuln-detection/slicing/output/CPG/cwe476_cpg/cwe476-96-cpg-resolved.bin	tc96_flow1	CWE476_NULL_Pointer_Dereference__StringBuilder_42.java	29	CWE476_NULL_Pointer_Dereference__StringBuilder_42.java	39
/home/hyeonji/java-vuln-detection/slicing/output/CPG/cwe476_cpg/cwe476-96-cpg-resolved.bin	tc96_flow2	CWE476_NULL_Pointer_Dereference__StringBuilder_42.java	69	CWE476_NULL_Pointer_Dereference__StringBuilder_42.java	79
/home/hyeonji/java-vuln-detection/slicing/output/CPG/cwe476_cpg/cwe476-96-cpg-resolved.bin	tc96_flow3	CWE476_NULL_Pointer_Dereference__StringBuilder_42.java	49	CWE476_NULL_Pointer_Dereference__StringBuilder_42.java	59
/home/hyeonji/java-vuln-detection/slicing/output/CPG/cwe476_cpg/cwe476-97-cpg-resolved.bin	tc97_flow1	CWE476_NULL_Pointer_Dereference__StringBuilder_45.java	42	CWE476_NULL_Pointer_Dereference__StringBuilder_45.java	33
/home/hyeonji/java-vuln-detection/slicing/output/CPG/cwe476_cpg/cwe476-97-cpg-resolved.bin	tc97_flow2	CWE476_NULL_Pointer_Dereference__StringBuilder_45.java	97	CWE476_NULL_Pointer_Dereference__StringBuilder_45.java	80
/home/hyeonji/java-vuln-detection/slicing/output/CPG/cwe476_cpg/cwe476-97-cpg-resolved.bin	tc97_flow3	CWE476_NULL_Pointer_Dereference__StringBuilder_45.java	69	CWE476_NULL_Pointer_Dereference__StringBuilder_45.java	59
/home/hyeonji/java-vuln-detection/slicing/output/CPG/cwe476_cpg/cwe476-98-cpg-resolved.bin	tc98_flow1	CWE476_NULL_Pointer_Dereference__StringBuilder_51a.java	29	CWE476_NULL_Pointer_Dereference__StringBuilder_51b.java	28
/home/hyeonji/java-vuln-detection/slicing/output/CPG/cwe476_cpg/cwe476-98-cpg-resolved.bin	tc98_flow2	CWE476_NULL_Pointer_Dereference__StringBuilder_51a.java	57	CWE476_NULL_Pointer_Dereference__StringBuilder_51b.java	46
/home/hyeonji/java-vuln-detection/slicing/output/CPG/cwe476_cpg/cwe476-98-cpg-resolved.bin	tc98_flow3	CWE476_NULL_Pointer_Dereference__StringBuilder_51a.java	46	CWE476_NULL_Pointer_Dereference__StringBuilder_51b.java	37
/home/hyeonji/java-vuln-detection/slicing/output/CPG/cwe476_cpg/cwe476-99-cpg-resolved.bin	tc99_flow1	CWE476_NULL_Pointer_Dereference__StringBuilder_52a.java	29	CWE476_NULL_Pointer_Dereference__StringBuilder_52c.java	28
/home/hyeonji/java-vuln-detection/slicing/output/CPG/cwe476_cpg/cwe476-99-cpg-resolved.bin	tc99_flow2	CWE476_NULL_Pointer_Dereference__StringBuilder_52a.java	57	CWE476_NULL_Pointer_Dereference__StringBuilder_52c.java	46
/home/hyeonji/java-vuln-detection/slicing/output/CPG/cwe476_cpg/cwe476-99-cpg-resolved.bin	tc99_flow3	CWE476_NULL_Pointer_Dereference__StringBuilder_52a.java	46	CWE476_NULL_Pointer_Dereference__StringBuilder_52c.java	37
/home/hyeonji/java-vuln-detection/slicing/output/CPG/cwe476_cpg/cwe476-100-cpg-resolved.bin	tc100_flow1	CWE476_NULL_Pointer_Dereference__StringBuilder_53a.java	29	CWE476_NULL_Pointer_Dereference__StringBuilder_53d.java	28
/home/hyeonji/java-vuln-detection/slicing/output/CPG/cwe476_cpg/cwe476-100-cpg-resolved.bin	tc100_flow2	CWE476_NULL_Pointer_Dereference__StringBuilder_53a.java	57	CWE476_NULL_Pointer_Dereference__StringBuilder_53d.java	46
/home/hyeonji/java-vuln-detection/slicing/output/CPG/cwe476_cpg/cwe476-100-cpg-resolved.bin	tc100_flow3	CWE476_NULL_Pointer_Dereference__StringBuilder_53a.java	46	CWE476_NULL_Pointer_Dereference__StringBuilder_53d.java	37
/home/hyeonji/java-vuln-detection/slicing/output/CPG/cwe476_cpg/cwe476-101-cpg-resolved.bin	tc101_flow1	CWE476_NULL_Pointer_Dereference__StringBuilder_54a.java	29	CWE476_NULL_Pointer_Dereference__StringBuilder_54e.java	28
/home/hyeonji/java-vuln-detection/slicing/output/CPG/cwe476_cpg/cwe476-101-cpg-resolved.bin	tc101_flow2	CWE476_NULL_Pointer_Dereference__StringBuilder_54a.java	57	CWE476_NULL_Pointer_Dereference__StringBuilder_54e.java	46
/home/hyeonji/java-vuln-detection/slicing/output/CPG/cwe476_cpg/cwe476-101-cpg-resolved.bin	tc101_flow3	CWE476_NULL_Pointer_Dereference__StringBuilder_54a.java	46	CWE476_NULL_Pointer_Dereference__StringBuilder_54e.java	37
/home/hyeonji/java-vuln-detection/slicing/output/CPG/cwe476_cpg/cwe476-102-cpg-resolved.bin	tc102_flow1	CWE476_NULL_Pointer_Dereference__StringBuilder_61b.java	29	CWE476_NULL_Pointer_Dereference__StringBuilder_61a.java	29
/home/hyeonji/java-vuln-detection/slicing/output/CPG/cwe476_cpg/cwe476-102-cpg-resolved.bin	tc102_flow2	CWE476_NULL_Pointer_Dereference__StringBuilder_61b.java	51	CWE476_NULL_Pointer_Dereference__StringBuilder_61a.java	55
/home/hyeonji/java-vuln-detection/slicing/output/CPG/cwe476_cpg/cwe476-102-cpg-resolved.bin	tc102_flow3	CWE476_NULL_Pointer_Dereference__StringBuilder_61b.java	40	CWE476_NULL_Pointer_Dereference__StringBuilder_61a.java	45
/home/hyeonji/java-vuln-detection/slicing/output/CPG/cwe476_cpg/cwe476-103-cpg-resolved.bin	tc103_flow1	CWE476_NULL_Pointer_Dereference__StringBuilder_66a.java	29	CWE476_NULL_Pointer_Dereference__StringBuilder_66b.java	29
/home/hyeonji/java-vuln-detection/slicing/output/CPG/cwe476_cpg/cwe476-103-cpg-resolved.bin	tc103_flow2	CWE476_NULL_Pointer_Dereference__StringBuilder_66a.java	61	CWE476_NULL_Pointer_Dereference__StringBuilder_66b.java	49
/home/hyeonji/java-vuln-detection/slicing/output/CPG/cwe476_cpg/cwe476-103-cpg-resolved.bin	tc103_flow3	CWE476_NULL_Pointer_Dereference__StringBuilder_66a.java	48	CWE476_NULL_Pointer_Dereference__StringBuilder_66b.java	39
/home/hyeonji/java-vuln-detection/slicing/output/CPG/cwe476_cpg/cwe476-104-cpg-resolved.bin	tc104_flow1	CWE476_NULL_Pointer_Dereference__StringBuilder_67a.java	34	CWE476_NULL_Pointer_Dereference__StringBuilder_67b.java	29
/home/hyeonji/java-vuln-detection/slicing/output/CPG/cwe476_cpg/cwe476-104-cpg-resolved.bin	tc104_flow2	CWE476_NULL_Pointer_Dereference__StringBuilder_67a.java	66	CWE476_NULL_Pointer_Dereference__StringBuilder_67b.java	49
/home/hyeonji/java-vuln-detection/slicing/output/CPG/cwe476_cpg/cwe476-104-cpg-resolved.bin	tc104_flow3	CWE476_NULL_Pointer_Dereference__StringBuilder_67a.java	53	CWE476_NULL_Pointer_Dereference__StringBuilder_67b.java	39
/home/hyeonji/java-vuln-detection/slicing/output/CPG/cwe476_cpg/cwe476-105-cpg-resolved.bin	tc105_flow1	CWE476_NULL_Pointer_Dereference__StringBuilder_68a.java	30	CWE476_NULL_Pointer_Dereference__StringBuilder_68b.java	29
/home/hyeonji/java-vuln-detection/slicing/output/CPG/cwe476_cpg/cwe476-105-cpg-resolved.bin	tc105_flow2	CWE476_NULL_Pointer_Dereference__StringBuilder_68a.java	56	CWE476_NULL_Pointer_Dereference__StringBuilder_68b.java	49
/home/hyeonji/java-vuln-detection/slicing/output/CPG/cwe476_cpg/cwe476-105-cpg-resolved.bin	tc105_flow3	CWE476_NULL_Pointer_Dereference__StringBuilder_68a.java	46	CWE476_NULL_Pointer_Dereference__StringBuilder_68b.java	39
/home/hyeonji/java-vuln-detection/slicing/output/CPG/cwe476_cpg/cwe476-106-cpg-resolved.bin	tc106_flow1	CWE476_NULL_Pointer_Dereference__StringBuilder_71a.java	29	CWE476_NULL_Pointer_Dereference__StringBuilder_71b.java	29
/home/hyeonji/java-vuln-detection/slicing/output/CPG/cwe476_cpg/cwe476-106-cpg-resolved.bin	tc106_flow2	CWE476_NULL_Pointer_Dereference__StringBuilder_71a.java	57	CWE476_NULL_Pointer_Dereference__StringBuilder_71b.java	49
/home/hyeonji/java-vuln-detection/slicing/output/CPG/cwe476_cpg/cwe476-106-cpg-resolved.bin	tc106_flow3	CWE476_NULL_Pointer_Dereference__StringBuilder_71a.java	46	CWE476_NULL_Pointer_Dereference__StringBuilder_71b.java	39
/home/hyeonji/java-vuln-detection/slicing/output/CPG/cwe476_cpg/cwe476-107-cpg-resolved.bin	tc107_flow1	CWE476_NULL_Pointer_Dereference__StringBuilder_72a.java	30	CWE476_NULL_Pointer_Dereference__StringBuilder_72b.java	30
/home/hyeonji/java-vuln-detection/slicing/output/CPG/cwe476_cpg/cwe476-107-cpg-resolved.bin	tc107_flow2	CWE476_NULL_Pointer_Dereference__StringBuilder_72a.java	66	CWE476_NULL_Pointer_Dereference__StringBuilder_72b.java	50
/home/hyeonji/java-vuln-detection/slicing/output/CPG/cwe476_cpg/cwe476-107-cpg-resolved.bin	tc107_flow3	CWE476_NULL_Pointer_Dereference__StringBuilder_72a.java	51	CWE476_NULL_Pointer_Dereference__StringBuilder_72b.java	40
/home/hyeonji/java-vuln-detection/slicing/output/CPG/cwe476_cpg/cwe476-108-cpg-resolved.bin	tc108_flow1	CWE476_NULL_Pointer_Dereference__StringBuilder_73a.java	30	CWE476_NULL_Pointer_Dereference__StringBuilder_73b.java	30
/home/hyeonji/java-vuln-detection/slicing/output/CPG/cwe476_cpg/cwe476-108-cpg-resolved.bin	tc108_flow2	CWE476_NULL_Pointer_Dereference__StringBuilder_73a.java	66	CWE476_NULL_Pointer_Dereference__StringBuilder_73b.java	50
/home/hyeonji/java-vuln-detection/slicing/output/CPG/cwe476_cpg/cwe476-108-cpg-resolved.bin	tc108_flow3	CWE476_NULL_Pointer_Dereference__StringBuilder_73a.java	51	CWE476_NULL_Pointer_Dereference__StringBuilder_73b.java	40
/home/hyeonji/java-vuln-detection/slicing/output/CPG/cwe476_cpg/cwe476-109-cpg-resolved.bin	tc109_flow1	CWE476_NULL_Pointer_Dereference__StringBuilder_74a.java	30	CWE476_NULL_Pointer_Dereference__StringBuilder_74b.java	30
/home/hyeonji/java-vuln-detection/slicing/output/CPG/cwe476_cpg/cwe476-109-cpg-resolved.bin	tc109_flow2	CWE476_NULL_Pointer_Dereference__StringBuilder_74a.java	66	CWE476_NULL_Pointer_Dereference__StringBuilder_74b.java	50
/home/hyeonji/java-vuln-detection/slicing/output/CPG/cwe476_cpg/cwe476-109-cpg-resolved.bin	tc109_flow3	CWE476_NULL_Pointer_Dereference__StringBuilder_74a.java	51	CWE476_NULL_Pointer_Dereference__StringBuilder_74b.java	40
/home/hyeonji/java-vuln-detection/slicing/output/CPG/cwe476_cpg/cwe476-110-cpg-resolved.bin	tc110_flow1	CWE476_NULL_Pointer_Dereference__StringBuilder_75a.java	34	CWE476_NULL_Pointer_Dereference__StringBuilder_75b.java	41
/home/hyeonji/java-vuln-detection/slicing/output/CPG/cwe476_cpg/cwe476-110-cpg-resolved.bin	tc110_flow2	CWE476_NULL_Pointer_Dereference__StringBuilder_75a.java	146	CWE476_NULL_Pointer_Dereference__StringBuilder_75b.java	148
/home/hyeonji/java-vuln-detection/slicing/output/CPG/cwe476_cpg/cwe476-110-cpg-resolved.bin	tc110_flow3	CWE476_NULL_Pointer_Dereference__StringBuilder_75a.java	93	CWE476_NULL_Pointer_Dereference__StringBuilder_75b.java	94
/home/hyeonji/java-vuln-detection/slicing/output/CPG/cwe476_cpg/cwe476-111-cpg-resolved.bin	tc111_flow1	CWE476_NULL_Pointer_Dereference__StringBuilder_81a.java	29	CWE476_NULL_Pointer_Dereference__StringBuilder_81_bad.java	28
/home/hyeonji/java-vuln-detection/slicing/output/CPG/cwe476_cpg/cwe476-111-cpg-resolved.bin	tc111_flow2	CWE476_NULL_Pointer_Dereference__StringBuilder_81a.java	59	CWE476_NULL_Pointer_Dereference__StringBuilder_81_goodB2G.java	28
/home/hyeonji/java-vuln-detection/slicing/output/CPG/cwe476_cpg/cwe476-111-cpg-resolved.bin	tc111_flow3	CWE476_NULL_Pointer_Dereference__StringBuilder_81a.java	47	CWE476_NULL_Pointer_Dereference__StringBuilder_81_goodG2B.java	28
/home/hyeonji/java-vuln-detection/slicing/output/CPG/cwe476_cpg/cwe476-146-cpg-resolved.bin	tc146_flow1	CWE476_NULL_Pointer_Dereference__int_array_01.java	29	CWE476_NULL_Pointer_Dereference__int_array_01.java	32
/home/hyeonji/java-vuln-detection/slicing/output/CPG/cwe476_cpg/cwe476-146-cpg-resolved.bin	tc146_flow2	CWE476_NULL_Pointer_Dereference__int_array_01.java	61	CWE476_NULL_Pointer_Dereference__int_array_01.java	64
/home/hyeonji/java-vuln-detection/slicing/output/CPG/cwe476_cpg/cwe476-146-cpg-resolved.bin	tc146_flow3	CWE476_NULL_Pointer_Dereference__int_array_01.java	48	CWE476_NULL_Pointer_Dereference__int_array_01.java	51
/home/hyeonji/java-vuln-detection/slicing/output/CPG/cwe476_cpg/cwe476-147-cpg-resolved.bin	tc147_flow1	CWE476_NULL_Pointer_Dereference__int_array_02.java	30	CWE476_NULL_Pointer_Dereference__int_array_02.java	42
/home/hyeonji/java-vuln-detection/slicing/output/CPG/cwe476_cpg/cwe476-147-cpg-resolved.bin	tc147_flow2	CWE476_NULL_Pointer_Dereference__int_array_02.java	101	CWE476_NULL_Pointer_Dereference__int_array_02.java	119
/home/hyeonji/java-vuln-detection/slicing/output/CPG/cwe476_cpg/cwe476-147-cpg-resolved.bin	tc147_flow3	CWE476_NULL_Pointer_Dereference__int_array_02.java	138	CWE476_NULL_Pointer_Dereference__int_array_02.java	150
/home/hyeonji/java-vuln-detection/slicing/output/CPG/cwe476_cpg/cwe476-147-cpg-resolved.bin	tc147_flow4	CWE476_NULL_Pointer_Dereference__int_array_02.java	60	CWE476_NULL_Pointer_Dereference__int_array_02.java	67
/home/hyeonji/java-vuln-detection/slicing/output/CPG/cwe476_cpg/cwe476-147-cpg-resolved.bin	tc147_flow5	CWE476_NULL_Pointer_Dereference__int_array_02.java	78	CWE476_NULL_Pointer_Dereference__int_array_02.java	90
/home/hyeonji/java-vuln-detection/slicing/output/CPG/cwe476_cpg/cwe476-148-cpg-resolved.bin	tc148_flow1	CWE476_NULL_Pointer_Dereference__int_array_03.java	30	CWE476_NULL_Pointer_Dereference__int_array_03.java	42
/home/hyeonji/java-vuln-detection/slicing/output/CPG/cwe476_cpg/cwe476-148-cpg-resolved.bin	tc148_flow2	CWE476_NULL_Pointer_Dereference__int_array_03.java	101	CWE476_NULL_Pointer_Dereference__int_array_03.java	119
/home/hyeonji/java-vuln-detection/slicing/output/CPG/cwe476_cpg/cwe476-148-cpg-resolved.bin	tc148_flow3	CWE476_NULL_Pointer_Dereference__int_array_03.java	138	CWE476_NULL_Pointer_Dereference__int_array_03.java	150
/home/hyeonji/java-vuln-detection/slicing/output/CPG/cwe476_cpg/cwe476-148-cpg-resolved.bin	tc148_flow4	CWE476_NULL_Pointer_Dereference__int_array_03.java	60	CWE476_NULL_Pointer_Dereference__int_array_03.java	67
/home/hyeonji/java-vuln-detection/slicing/output/CPG/cwe476_cpg/cwe476-148-cpg-resolved.bin	tc148_flow5	CWE476_NULL_Pointer_Dereference__int_array_03.java	78	CWE476_NULL_Pointer_Dereference__int_array_03.java	90
/home/hyeonji/java-vuln-detection/slicing/output/CPG/cwe476_cpg/cwe476-149-cpg-resolved.bin	tc149_flow1	CWE476_NULL_Pointer_Dereference__int_array_04.java	37	CWE476_NULL_Pointer_Dereference__int_array_04.java	49
/home/hyeonji/java-vuln-detection/slicing/output/CPG/cwe476_cpg/cwe476-149-cpg-resolved.bin	tc149_flow2	CWE476_NULL_Pointer_Dereference__int_array_04.java	108	CWE476_NULL_Pointer_Dereference__int_array_04.java	126
/home/hyeonji/java-vuln-detection/slicing/output/CPG/cwe476_cpg/cwe476-149-cpg-resolved.bin	tc149_flow3	CWE476_NULL_Pointer_Dereference__int_array_04.java	145	CWE476_NULL_Pointer_Dereference__int_array_04.java	157
/home/hyeonji/java-vuln-detection/slicing/output/CPG/cwe476_cpg/cwe476-149-cpg-resolved.bin	tc149_flow4	CWE476_NULL_Pointer_Dereference__int_array_04.java	67	CWE476_NULL_Pointer_Dereference__int_array_04.java	74
/home/hyeonji/java-vuln-detection/slicing/output/CPG/cwe476_cpg/cwe476-149-cpg-resolved.bin	tc149_flow5	CWE476_NULL_Pointer_Dereference__int_array_04.java	85	CWE476_NULL_Pointer_Dereference__int_array_04.java	97
/home/hyeonji/java-vuln-detection/slicing/output/CPG/cwe476_cpg/cwe476-150-cpg-resolved.bin	tc150_flow1	CWE476_NULL_Pointer_Dereference__int_array_05.java	37	CWE476_NULL_Pointer_Dereference__int_array_05.java	49
/home/hyeonji/java-vuln-detection/slicing/output/CPG/cwe476_cpg/cwe476-150-cpg-resolved.bin	tc150_flow2	CWE476_NULL_Pointer_Dereference__int_array_05.java	109	CWE476_NULL_Pointer_Dereference__int_array_05.java	127
/home/hyeonji/java-vuln-detection/slicing/output/CPG/cwe476_cpg/cwe476-150-cpg-resolved.bin	tc150_flow3	CWE476_NULL_Pointer_Dereference__int_array_05.java	146	CWE476_NULL_Pointer_Dereference__int_array_05.java	158
/home/hyeonji/java-vuln-detection/slicing/output/CPG/cwe476_cpg/cwe476-150-cpg-resolved.bin	tc150_flow4	CWE476_NULL_Pointer_Dereference__int_array_05.java	67	CWE476_NULL_Pointer_Dereference__int_array_05.java	74
/home/hyeonji/java-vuln-detection/slicing/output/CPG/cwe476_cpg/cwe476-150-cpg-resolved.bin	tc150_flow5	CWE476_NULL_Pointer_Dereference__int_array_05.java	85	CWE476_NULL_Pointer_Dereference__int_array_05.java	97
/home/hyeonji/java-vuln-detection/slicing/output/CPG/cwe476_cpg/cwe476-151-cpg-resolved.bin	tc151_flow1	CWE476_NULL_Pointer_Dereference__int_array_06.java	35	CWE476_NULL_Pointer_Dereference__int_array_06.java	47
/home/hyeonji/java-vuln-detection/slicing/output/CPG/cwe476_cpg/cwe476-151-cpg-resolved.bin	tc151_flow2	CWE476_NULL_Pointer_Dereference__int_array_06.java	106	CWE476_NULL_Pointer_Dereference__int_array_06.java	124
/home/hyeonji/java-vuln-detection/slicing/output/CPG/cwe476_cpg/cwe476-151-cpg-resolved.bin	tc151_flow3	CWE476_NULL_Pointer_Dereference__int_array_06.java	143	CWE476_NULL_Pointer_Dereference__int_array_06.java	155
/home/hyeonji/java-vuln-detection/slicing/output/CPG/cwe476_cpg/cwe476-151-cpg-resolved.bin	tc151_flow4	CWE476_NULL_Pointer_Dereference__int_array_06.java	65	CWE476_NULL_Pointer_Dereference__int_array_06.java	72
/home/hyeonji/java-vuln-detection/slicing/output/CPG/cwe476_cpg/cwe476-151-cpg-resolved.bin	tc151_flow5	CWE476_NULL_Pointer_Dereference__int_array_06.java	83	CWE476_NULL_Pointer_Dereference__int_array_06.java	95
/home/hyeonji/java-vuln-detection/slicing/output/CPG/cwe476_cpg/cwe476-152-cpg-resolved.bin	tc152_flow1	CWE476_NULL_Pointer_Dereference__int_array_07.java	35	CWE476_NULL_Pointer_Dereference__int_array_07.java	47
/home/hyeonji/java-vuln-detection/slicing/output/CPG/cwe476_cpg/cwe476-152-cpg-resolved.bin	tc152_flow2	CWE476_NULL_Pointer_Dereference__int_array_07.java	106	CWE476_NULL_Pointer_Dereference__int_array_07.java	124
/home/hyeonji/java-vuln-detection/slicing/output/CPG/cwe476_cpg/cwe476-152-cpg-resolved.bin	tc152_flow3	CWE476_NULL_Pointer_Dereference__int_array_07.java	143	CWE476_NULL_Pointer_Dereference__int_array_07.java	155
/home/hyeonji/java-vuln-detection/slicing/output/CPG/cwe476_cpg/cwe476-152-cpg-resolved.bin	tc152_flow4	CWE476_NULL_Pointer_Dereference__int_array_07.java	65	CWE476_NULL_Pointer_Dereference__int_array_07.java	72
/home/hyeonji/java-vuln-detection/slicing/output/CPG/cwe476_cpg/cwe476-152-cpg-resolved.bin	tc152_flow5	CWE476_NULL_Pointer_Dereference__int_array_07.java	83	CWE476_NULL_Pointer_Dereference__int_array_07.java	95
/home/hyeonji/java-vuln-detection/slicing/output/CPG/cwe476_cpg/cwe476-153-cpg-resolved.bin	tc153_flow1	CWE476_NULL_Pointer_Dereference__int_array_08.java	43	CWE476_NULL_Pointer_Dereference__int_array_08.java	55
/home/hyeonji/java-vuln-detection/slicing/output/CPG/cwe476_cpg/cwe476-153-cpg-resolved.bin	tc153_flow2	CWE476_NULL_Pointer_Dereference__int_array_08.java	114	CWE476_NULL_Pointer_Dereference__int_array_08.java	132
/home/hyeonji/java-vuln-detection/slicing/output/CPG/cwe476_cpg/cwe476-153-cpg-resolved.bin	tc153_flow3	CWE476_NULL_Pointer_Dereference__int_array_08.java	151	CWE476_NULL_Pointer_Dereference__int_array_08.java	163
/home/hyeonji/java-vuln-detection/slicing/output/CPG/cwe476_cpg/cwe476-153-cpg-resolved.bin	tc153_flow4	CWE476_NULL_Pointer_Dereference__int_array_08.java	73	CWE476_NULL_Pointer_Dereference__int_array_08.java	80
/home/hyeonji/java-vuln-detection/slicing/output/CPG/cwe476_cpg/cwe476-153-cpg-resolved.bin	tc153_flow5	CWE476_NULL_Pointer_Dereference__int_array_08.java	91	CWE476_NULL_Pointer_Dereference__int_array_08.java	103
/home/hyeonji/java-vuln-detection/slicing/output/CPG/cwe476_cpg/cwe476-154-cpg-resolved.bin	tc154_flow1	CWE476_NULL_Pointer_Dereference__int_array_09.java	30	CWE476_NULL_Pointer_Dereference__int_array_09.java	42
/home/hyeonji/java-vuln-detection/slicing/output/CPG/cwe476_cpg/cwe476-154-cpg-resolved.bin	tc154_flow2	CWE476_NULL_Pointer_Dereference__int_array_09.java	101	CWE476_NULL_Pointer_Dereference__int_array_09.java	119
/home/hyeonji/java-vuln-detection/slicing/output/CPG/cwe476_cpg/cwe476-154-cpg-resolved.bin	tc154_flow3	CWE476_NULL_Pointer_Dereference__int_array_09.java	138	CWE476_NULL_Pointer_Dereference__int_array_09.java	150
/home/hyeonji/java-vuln-detection/slicing/output/CPG/cwe476_cpg/cwe476-154-cpg-resolved.bin	tc154_flow4	CWE476_NULL_Pointer_Dereference__int_array_09.java	60	CWE476_NULL_Pointer_Dereference__int_array_09.java	67
/home/hyeonji/java-vuln-detection/slicing/output/CPG/cwe476_cpg/cwe476-154-cpg-resolved.bin	tc154_flow5	CWE476_NULL_Pointer_Dereference__int_array_09.java	78	CWE476_NULL_Pointer_Dereference__int_array_09.java	90
/home/hyeonji/java-vuln-detection/slicing/output/CPG/cwe476_cpg/cwe476-155-cpg-resolved.bin	tc155_flow1	CWE476_NULL_Pointer_Dereference__int_array_10.java	30	CWE476_NULL_Pointer_Dereference__int_array_10.java	42
/home/hyeonji/java-vuln-detection/slicing/output/CPG/cwe476_cpg/cwe476-155-cpg-resolved.bin	tc155_flow2	CWE476_NULL_Pointer_Dereference__int_array_10.java	101	CWE476_NULL_Pointer_Dereference__int_array_10.java	119
/home/hyeonji/java-vuln-detection/slicing/output/CPG/cwe476_cpg/cwe476-155-cpg-resolved.bin	tc155_flow3	CWE476_NULL_Pointer_Dereference__int_array_10.java	138	CWE476_NULL_Pointer_Dereference__int_array_10.java	150
/home/hyeonji/java-vuln-detection/slicing/output/CPG/cwe476_cpg/cwe476-155-cpg-resolved.bin	tc155_flow4	CWE476_NULL_Pointer_Dereference__int_array_10.java	60	CWE476_NULL_Pointer_Dereference__int_array_10.java	67
/home/hyeonji/java-vuln-detection/slicing/output/CPG/cwe476_cpg/cwe476-155-cpg-resolved.bin	tc155_flow5	CWE476_NULL_Pointer_Dereference__int_array_10.java	78	CWE476_NULL_Pointer_Dereference__int_array_10.java	90
/home/hyeonji/java-vuln-detection/slicing/output/CPG/cwe476_cpg/cwe476-156-cpg-resolved.bin	tc156_flow1	CWE476_NULL_Pointer_Dereference__int_array_11.java	30	CWE476_NULL_Pointer_Dereference__int_array_11.java	42
/home/hyeonji/java-vuln-detection/slicing/output/CPG/cwe476_cpg/cwe476-156-cpg-resolved.bin	tc156_flow2	CWE476_NULL_Pointer_Dereference__int_array_11.java	102	CWE476_NULL_Pointer_Dereference__int_array_11.java	120
/home/hyeonji/java-vuln-detection/slicing/output/CPG/cwe476_cpg/cwe476-156-cpg-resolved.bin	tc156_flow3	CWE476_NULL_Pointer_Dereference__int_array_11.java	139	CWE476_NULL_Pointer_Dereference__int_array_11.java	151
/home/hyeonji/java-vuln-detection/slicing/output/CPG/cwe476_cpg/cwe476-156-cpg-resolved.bin	tc156_flow4	CWE476_NULL_Pointer_Dereference__int_array_11.java	60	CWE476_NULL_Pointer_Dereference__int_array_11.java	67
/home/hyeonji/java-vuln-detection/slicing/output/CPG/cwe476_cpg/cwe476-156-cpg-resolved.bin	tc156_flow5	CWE476_NULL_Pointer_Dereference__int_array_11.java	79	CWE476_NULL_Pointer_Dereference__int_array_11.java	91
/home/hyeonji/java-vuln-detection/slicing/output/CPG/cwe476_cpg/cwe476-157-cpg-resolved.bin	tc157_flow2	CWE476_NULL_Pointer_Dereference__int_array_12.java	101	CWE476_NULL_Pointer_Dereference__int_array_12.java	127
/home/hyeonji/java-vuln-detection/slicing/output/CPG/cwe476_cpg/cwe476-157-cpg-resolved.bin	tc157_flow3	CWE476_NULL_Pointer_Dereference__int_array_12.java	69	CWE476_NULL_Pointer_Dereference__int_array_12.java	88
/home/hyeonji/java-vuln-detection/slicing/output/CPG/cwe476_cpg/cwe476-158-cpg-resolved.bin	tc158_flow1	CWE476_NULL_Pointer_Dereference__int_array_13.java	30	CWE476_NULL_Pointer_Dereference__int_array_13.java	42
/home/hyeonji/java-vuln-detection/slicing/output/CPG/cwe476_cpg/cwe476-158-cpg-resolved.bin	tc158_flow2	CWE476_NULL_Pointer_Dereference__int_array_13.java	101	CWE476_NULL_Pointer_Dereference__int_array_13.java	119
/home/hyeonji/java-vuln-detection/slicing/output/CPG/cwe476_cpg/cwe476-158-cpg-resolved.bin	tc158_flow3	CWE476_NULL_Pointer_Dereference__int_array_13.java	138	CWE476_NULL_Pointer_Dereference__int_array_13.java	150
/home/hyeonji/java-vuln-detection/slicing/output/CPG/cwe476_cpg/cwe476-158-cpg-resolved.bin	tc158_flow4	CWE476_NULL_Pointer_Dereference__int_array_13.java	60	CWE476_NULL_Pointer_Dereference__int_array_13.java	67
/home/hyeonji/java-vuln-detection/slicing/output/CPG/cwe476_cpg/cwe476-158-cpg-resolved.bin	tc158_flow5	CWE476_NULL_Pointer_Dereference__int_array_13.java	78	CWE476_NULL_Pointer_Dereference__int_array_13.java	90
/home/hyeonji/java-vuln-detection/slicing/output/CPG/cwe476_cpg/cwe476-159-cpg-resolved.bin	tc159_flow1	CWE476_NULL_Pointer_Dereference__int_array_14.java	30	CWE476_NULL_Pointer_Dereference__int_array_14.java	42
/home/hyeonji/java-vuln-detection/slicing/output/CPG/cwe476_cpg/cwe476-159-cpg-resolved.bin	tc159_flow2	CWE476_NULL_Pointer_Dereference__int_array_14.java	101	CWE476_NULL_Pointer_Dereference__int_array_14.java	119
/home/hyeonji/java-vuln-detection/slicing/output/CPG/cwe476_cpg/cwe476-159-cpg-resolved.bin	tc159_flow3	CWE476_NULL_Pointer_Dereference__int_array_14.java	138	CWE476_NULL_Pointer_Dereference__int_array_14.java	150
/home/hyeonji/java-vuln-detection/slicing/output/CPG/cwe476_cpg/cwe476-159-cpg-resolved.bin	tc159_flow4	CWE476_NULL_Pointer_Dereference__int_array_14.java	60	CWE476_NULL_Pointer_Dereference__int_array_14.java	67
/home/hyeonji/java-vuln-detection/slicing/output/CPG/cwe476_cpg/cwe476-159-cpg-resolved.bin	tc159_flow5	CWE476_NULL_Pointer_Dereference__int_array_14.java	78	CWE476_NULL_Pointer_Dereference__int_array_14.java	90
/home/hyeonji/java-vuln-detection/slicing/output/CPG/cwe476_cpg/cwe476-160-cpg-resolved.bin	tc160_flow1	CWE476_NULL_Pointer_Dereference__int_array_15.java	32	CWE476_NULL_Pointer_Dereference__int_array_15.java	45
/home/hyeonji/java-vuln-detection/slicing/output/CPG/cwe476_cpg/cwe476-160-cpg-resolved.bin	tc160_flow2	CWE476_NULL_Pointer_Dereference__int_array_15.java	125	CWE476_NULL_Pointer_Dereference__int_array_15.java	142
/home/hyeonji/java-vuln-detection/slicing/output/CPG/cwe476_cpg/cwe476-160-cpg-resolved.bin	tc160_flow3	CWE476_NULL_Pointer_Dereference__int_array_15.java	163	CWE476_NULL_Pointer_Dereference__int_array_15.java	176
/home/hyeonji/java-vuln-detection/slicing/output/CPG/cwe476_cpg/cwe476-160-cpg-resolved.bin	tc160_flow4	CWE476_NULL_Pointer_Dereference__int_array_15.java	68	CWE476_NULL_Pointer_Dereference__int_array_15.java	76
/home/hyeonji/java-vuln-detection/slicing/output/CPG/cwe476_cpg/cwe476-160-cpg-resolved.bin	tc160_flow5	CWE476_NULL_Pointer_Dereference__int_array_15.java	94	CWE476_NULL_Pointer_Dereference__int_array_15.java	107
/home/hyeonji/java-vuln-detection/slicing/output/CPG/cwe476_cpg/cwe476-161-cpg-resolved.bin	tc161_flow1	CWE476_NULL_Pointer_Dereference__int_array_16.java	31	CWE476_NULL_Pointer_Dereference__int_array_16.java	38
/home/hyeonji/java-vuln-detection/slicing/output/CPG/cwe476_cpg/cwe476-161-cpg-resolved.bin	tc161_flow2	CWE476_NULL_Pointer_Dereference__int_array_16.java	72	CWE476_NULL_Pointer_Dereference__int_array_16.java	79
/home/hyeonji/java-vuln-detection/slicing/output/CPG/cwe476_cpg/cwe476-161-cpg-resolved.bin	tc161_flow3	CWE476_NULL_Pointer_Dereference__int_array_16.java	51	CWE476_NULL_Pointer_Dereference__int_array_16.java	58
/home/hyeonji/java-vuln-detection/slicing/output/CPG/cwe476_cpg/cwe476-162-cpg-resolved.bin	tc162_flow1	CWE476_NULL_Pointer_Dereference__int_array_17.java	34	CWE476_NULL_Pointer_Dereference__int_array_17.java	39
/home/hyeonji/java-vuln-detection/slicing/output/CPG/cwe476_cpg/cwe476-162-cpg-resolved.bin	tc162_flow2	CWE476_NULL_Pointer_Dereference__int_array_17.java	64	CWE476_NULL_Pointer_Dereference__int_array_17.java	69
/home/hyeonji/java-vuln-detection/slicing/output/CPG/cwe476_cpg/cwe476-162-cpg-resolved.bin	tc162_flow3	CWE476_NULL_Pointer_Dereference__int_array_17.java	49	CWE476_NULL_Pointer_Dereference__int_array_17.java	54
/home/hyeonji/java-vuln-detection/slicing/output/CPG/cwe476_cpg/cwe476-163-cpg-resolved.bin	tc163_flow1	CWE476_NULL_Pointer_Dereference__int_array_21.java	32	CWE476_NULL_Pointer_Dereference__int_array_21.java	43
/home/hyeonji/java-vuln-detection/slicing/output/CPG/cwe476_cpg/cwe476-163-cpg-resolved.bin	tc163_flow2	CWE476_NULL_Pointer_Dereference__int_array_21.java	65	CWE476_NULL_Pointer_Dereference__int_array_21.java	82
/home/hyeonji/java-vuln-detection/slicing/output/CPG/cwe476_cpg/cwe476-163-cpg-resolved.bin	tc163_flow3	CWE476_NULL_Pointer_Dereference__int_array_21.java	100	CWE476_NULL_Pointer_Dereference__int_array_21.java	111
/home/hyeonji/java-vuln-detection/slicing/output/CPG/cwe476_cpg/cwe476-163-cpg-resolved.bin	tc163_flow4	CWE476_NULL_Pointer_Dereference__int_array_21.java	128	CWE476_NULL_Pointer_Dereference__int_array_21.java	139
/home/hyeonji/java-vuln-detection/slicing/output/CPG/cwe476_cpg/cwe476-164-cpg-resolved.bin	tc164_flow1	CWE476_NULL_Pointer_Dereference__int_array_22a.java	33	CWE476_NULL_Pointer_Dereference__int_array_22b.java	29
/home/hyeonji/java-vuln-detection/slicing/output/CPG/cwe476_cpg/cwe476-164-cpg-resolved.bin	tc164_flow2	CWE476_NULL_Pointer_Dereference__int_array_22a.java	58	CWE476_NULL_Pointer_Dereference__int_array_22b.java	52
/home/hyeonji/java-vuln-detection/slicing/output/CPG/cwe476_cpg/cwe476-164-cpg-resolved.bin	tc164_flow3	CWE476_NULL_Pointer_Dereference__int_array_22a.java	70	CWE476_NULL_Pointer_Dereference__int_array_22b.java	70
/home/hyeonji/java-vuln-detection/slicing/output/CPG/cwe476_cpg/cwe476-164-cpg-resolved.bin	tc164_flow4	CWE476_NULL_Pointer_Dereference__int_array_22a.java	82	CWE476_NULL_Pointer_Dereference__int_array_22b.java	93
/home/hyeonji/java-vuln-detection/slicing/output/CPG/cwe476_cpg/cwe476-165-cpg-resolved.bin	tc165_flow1	CWE476_NULL_Pointer_Dereference__int_array_31.java	31	CWE476_NULL_Pointer_Dereference__int_array_31.java	39
/home/hyeonji/java-vuln-detection/slicing/output/CPG/cwe476_cpg/cwe476-165-cpg-resolved.bin	tc165_flow2	CWE476_NULL_Pointer_Dereference__int_array_31.java	79	CWE476_NULL_Pointer_Dereference__int_array_31.java	87
/home/hyeonji/java-vuln-detection/slicing/output/CPG/cwe476_cpg/cwe476-165-cpg-resolved.bin	tc165_flow3	CWE476_NULL_Pointer_Dereference__int_array_31.java	58	CWE476_NULL_Pointer_Dereference__int_array_31.java	66
/home/hyeonji/java-vuln-detection/slicing/output/CPG/cwe476_cpg/cwe476-166-cpg-resolved.bin	tc166_flow1	CWE476_NULL_Pointer_Dereference__int_array_41.java	37	CWE476_NULL_Pointer_Dereference__int_array_41.java	28
/home/hyeonji/java-vuln-detection/slicing/output/CPG/cwe476_cpg/cwe476-166-cpg-resolved.bin	tc166_flow2	CWE476_NULL_Pointer_Dereference__int_array_41.java	88	CWE476_NULL_Pointer_Dereference__int_array_41.java	71
/home/hyeonji/java-vuln-detection/slicing/output/CPG/cwe476_cpg/cwe476-166-cpg-resolved.bin	tc166_flow3	CWE476_NULL_Pointer_Dereference__int_array_41.java	62	CWE476_NULL_Pointer_Dereference__int_array_41.java	52
/home/hyeonji/java-vuln-detection/slicing/output/CPG/cwe476_cpg/cwe476-167-cpg-resolved.bin	tc167_flow1	CWE476_NULL_Pointer_Dereference__int_array_42.java	29	CWE476_NULL_Pointer_Dereference__int_array_42.java	39
/home/hyeonji/java-vuln-detection/slicing/output/CPG/cwe476_cpg/cwe476-167-cpg-resolved.bin	tc167_flow2	CWE476_NULL_Pointer_Dereference__int_array_42.java	69	CWE476_NULL_Pointer_Dereference__int_array_42.java	79
/home/hyeonji/java-vuln-detection/slicing/output/CPG/cwe476_cpg/cwe476-167-cpg-resolved.bin	tc167_flow3	CWE476_NULL_Pointer_Dereference__int_array_42.java	49	CWE476_NULL_Pointer_Dereference__int_array_42.java	59
/home/hyeonji/java-vuln-detection/slicing/output/CPG/cwe476_cpg/cwe476-168-cpg-resolved.bin	tc168_flow1	CWE476_NULL_Pointer_Dereference__int_array_45.java	42	CWE476_NULL_Pointer_Dereference__int_array_45.java	33
/home/hyeonji/java-vuln-detection/slicing/output/CPG/cwe476_cpg/cwe476-168-cpg-resolved.bin	tc168_flow2	CWE476_NULL_Pointer_Dereference__int_array_45.java	97	CWE476_NULL_Pointer_Dereference__int_array_45.java	80
/home/hyeonji/java-vuln-detection/slicing/output/CPG/cwe476_cpg/cwe476-168-cpg-resolved.bin	tc168_flow3	CWE476_NULL_Pointer_Dereference__int_array_45.java	69	CWE476_NULL_Pointer_Dereference__int_array_45.java	59
/home/hyeonji/java-vuln-detection/slicing/output/CPG/cwe476_cpg/cwe476-169-cpg-resolved.bin	tc169_flow1	CWE476_NULL_Pointer_Dereference__int_array_51a.java	29	CWE476_NULL_Pointer_Dereference__int_array_51b.java	28
/home/hyeonji/java-vuln-detection/slicing/output/CPG/cwe476_cpg/cwe476-169-cpg-resolved.bin	tc169_flow2	CWE476_NULL_Pointer_Dereference__int_array_51a.java	57	CWE476_NULL_Pointer_Dereference__int_array_51b.java	46
/home/hyeonji/java-vuln-detection/slicing/output/CPG/cwe476_cpg/cwe476-169-cpg-resolved.bin	tc169_flow3	CWE476_NULL_Pointer_Dereference__int_array_51a.java	46	CWE476_NULL_Pointer_Dereference__int_array_51b.java	37
/home/hyeonji/java-vuln-detection/slicing/output/CPG/cwe476_cpg/cwe476-170-cpg-resolved.bin	tc170_flow1	CWE476_NULL_Pointer_Dereference__int_array_52a.java	29	CWE476_NULL_Pointer_Dereference__int_array_52c.java	28
/home/hyeonji/java-vuln-detection/slicing/output/CPG/cwe476_cpg/cwe476-170-cpg-resolved.bin	tc170_flow2	CWE476_NULL_Pointer_Dereference__int_array_52a.java	57	CWE476_NULL_Pointer_Dereference__int_array_52c.java	46
/home/hyeonji/java-vuln-detection/slicing/output/CPG/cwe476_cpg/cwe476-170-cpg-resolved.bin	tc170_flow3	CWE476_NULL_Pointer_Dereference__int_array_52a.java	46	CWE476_NULL_Pointer_Dereference__int_array_52c.java	37
/home/hyeonji/java-vuln-detection/slicing/output/CPG/cwe476_cpg/cwe476-171-cpg-resolved.bin	tc171_flow1	CWE476_NULL_Pointer_Dereference__int_array_53a.java	29	CWE476_NULL_Pointer_Dereference__int_array_53d.java	28
/home/hyeonji/java-vuln-detection/slicing/output/CPG/cwe476_cpg/cwe476-171-cpg-resolved.bin	tc171_flow2	CWE476_NULL_Pointer_Dereference__int_array_53a.java	57	CWE476_NULL_Pointer_Dereference__int_array_53d.java	46
/home/hyeonji/java-vuln-detection/slicing/output/CPG/cwe476_cpg/cwe476-171-cpg-resolved.bin	tc171_flow3	CWE476_NULL_Pointer_Dereference__int_array_53a.java	46	CWE476_NULL_Pointer_Dereference__int_array_53d.java	37
/home/hyeonji/java-vuln-detection/slicing/output/CPG/cwe476_cpg/cwe476-172-cpg-resolved.bin	tc172_flow1	CWE476_NULL_Pointer_Dereference__int_array_54a.java	29	CWE476_NULL_Pointer_Dereference__int_array_54e.java	28
/home/hyeonji/java-vuln-detection/slicing/output/CPG/cwe476_cpg/cwe476-172-cpg-resolved.bin	tc172_flow2	CWE476_NULL_Pointer_Dereference__int_array_54a.java	57	CWE476_NULL_Pointer_Dereference__int_array_54e.java	46
/home/hyeonji/java-vuln-detection/slicing/output/CPG/cwe476_cpg/cwe476-172-cpg-resolved.bin	tc172_flow3	CWE476_NULL_Pointer_Dereference__int_array_54a.java	46	CWE476_NULL_Pointer_Dereference__int_array_54e.java	37
/home/hyeonji/java-vuln-detection/slicing/output/CPG/cwe476_cpg/cwe476-173-cpg-resolved.bin	tc173_flow1	CWE476_NULL_Pointer_Dereference__int_array_61b.java	29	CWE476_NULL_Pointer_Dereference__int_array_61a.java	29
/home/hyeonji/java-vuln-detection/slicing/output/CPG/cwe476_cpg/cwe476-173-cpg-resolved.bin	tc173_flow2	CWE476_NULL_Pointer_Dereference__int_array_61b.java	51	CWE476_NULL_Pointer_Dereference__int_array_61a.java	55
/home/hyeonji/java-vuln-detection/slicing/output/CPG/cwe476_cpg/cwe476-173-cpg-resolved.bin	tc173_flow3	CWE476_NULL_Pointer_Dereference__int_array_61b.java	40	CWE476_NULL_Pointer_Dereference__int_array_61a.java	45
/home/hyeonji/java-vuln-detection/slicing/output/CPG/cwe476_cpg/cwe476-174-cpg-resolved.bin	tc174_flow1	CWE476_NULL_Pointer_Dereference__int_array_67a.java	34	CWE476_NULL_Pointer_Dereference__int_array_67b.java	29
/home/hyeonji/java-vuln-detection/slicing/output/CPG/cwe476_cpg/cwe476-174-cpg-resolved.bin	tc174_flow2	CWE476_NULL_Pointer_Dereference__int_array_67a.java	66	CWE476_NULL_Pointer_Dereference__int_array_67b.java	49
/home/hyeonji/java-vuln-detection/slicing/output/CPG/cwe476_cpg/cwe476-174-cpg-resolved.bin	tc174_flow3	CWE476_NULL_Pointer_Dereference__int_array_67a.java	53	CWE476_NULL_Pointer_Dereference__int_array_67b.java	39
/home/hyeonji/java-vuln-detection/slicing/output/CPG/cwe476_cpg/cwe476-175-cpg-resolved.bin	tc175_flow1	CWE476_NULL_Pointer_Dereference__int_array_68a.java	30	CWE476_NULL_Pointer_Dereference__int_array_68b.java	29
/home/hyeonji/java-vuln-detection/slicing/output/CPG/cwe476_cpg/cwe476-175-cpg-resolved.bin	tc175_flow2	CWE476_NULL_Pointer_Dereference__int_array_68a.java	56	CWE476_NULL_Pointer_Dereference__int_array_68b.java	49
/home/hyeonji/java-vuln-detection/slicing/output/CPG/cwe476_cpg/cwe476-175-cpg-resolved.bin	tc175_flow3	CWE476_NULL_Pointer_Dereference__int_array_68a.java	46	CWE476_NULL_Pointer_Dereference__int_array_68b.java	39
/home/hyeonji/java-vuln-detection/slicing/output/CPG/cwe476_cpg/cwe476-176-cpg-resolved.bin	tc176_flow1	CWE476_NULL_Pointer_Dereference__int_array_71a.java	29	CWE476_NULL_Pointer_Dereference__int_array_71b.java	29
/home/hyeonji/java-vuln-detection/slicing/output/CPG/cwe476_cpg/cwe476-176-cpg-resolved.bin	tc176_flow2	CWE476_NULL_Pointer_Dereference__int_array_71a.java	57	CWE476_NULL_Pointer_Dereference__int_array_71b.java	49
/home/hyeonji/java-vuln-detection/slicing/output/CPG/cwe476_cpg/cwe476-176-cpg-resolved.bin	tc176_flow3	CWE476_NULL_Pointer_Dereference__int_array_71a.java	46	CWE476_NULL_Pointer_Dereference__int_array_71b.java	39
/home/hyeonji/java-vuln-detection/slicing/output/CPG/cwe476_cpg/cwe476-177-cpg-resolved.bin	tc177_flow1	CWE476_NULL_Pointer_Dereference__int_array_72a.java	30	CWE476_NULL_Pointer_Dereference__int_array_72b.java	30
/home/hyeonji/java-vuln-detection/slicing/output/CPG/cwe476_cpg/cwe476-177-cpg-resolved.bin	tc177_flow2	CWE476_NULL_Pointer_Dereference__int_array_72a.java	66	CWE476_NULL_Pointer_Dereference__int_array_72b.java	50
/home/hyeonji/java-vuln-detection/slicing/output/CPG/cwe476_cpg/cwe476-177-cpg-resolved.bin	tc177_flow3	CWE476_NULL_Pointer_Dereference__int_array_72a.java	51	CWE476_NULL_Pointer_Dereference__int_array_72b.java	40
/home/hyeonji/java-vuln-detection/slicing/output/CPG/cwe476_cpg/cwe476-178-cpg-resolved.bin	tc178_flow1	CWE476_NULL_Pointer_Dereference__int_array_73a.java	30	CWE476_NULL_Pointer_Dereference__int_array_73b.java	30
/home/hyeonji/java-vuln-detection/slicing/output/CPG/cwe476_cpg/cwe476-178-cpg-resolved.bin	tc178_flow2	CWE476_NULL_Pointer_Dereference__int_array_73a.java	66	CWE476_NULL_Pointer_Dereference__int_array_73b.java	50
/home/hyeonji/java-vuln-detection/slicing/output/CPG/cwe476_cpg/cwe476-178-cpg-resolved.bin	tc178_flow3	CWE476_NULL_Pointer_Dereference__int_array_73a.java	51	CWE476_NULL_Pointer_Dereference__int_array_73b.java	40
/home/hyeonji/java-vuln-detection/slicing/output/CPG/cwe476_cpg/cwe476-179-cpg-resolved.bin	tc179_flow1	CWE476_NULL_Pointer_Dereference__int_array_74a.java	30	CWE476_NULL_Pointer_Dereference__int_array_74b.java	30
/home/hyeonji/java-vuln-detection/slicing/output/CPG/cwe476_cpg/cwe476-179-cpg-resolved.bin	tc179_flow2	CWE476_NULL_Pointer_Dereference__int_array_74a.java	66	CWE476_NULL_Pointer_Dereference__int_array_74b.java	50
/home/hyeonji/java-vuln-detection/slicing/output/CPG/cwe476_cpg/cwe476-179-cpg-resolved.bin	tc179_flow3	CWE476_NULL_Pointer_Dereference__int_array_74a.java	51	CWE476_NULL_Pointer_Dereference__int_array_74b.java	40
/home/hyeonji/java-vuln-detection/slicing/output/CPG/cwe476_cpg/cwe476-180-cpg-resolved.bin	tc180_flow1	CWE476_NULL_Pointer_Dereference__int_array_75a.java	34	CWE476_NULL_Pointer_Dereference__int_array_75b.java	41
/home/hyeonji/java-vuln-detection/slicing/output/CPG/cwe476_cpg/cwe476-180-cpg-resolved.bin	tc180_flow2	CWE476_NULL_Pointer_Dereference__int_array_75a.java	146	CWE476_NULL_Pointer_Dereference__int_array_75b.java	148
/home/hyeonji/java-vuln-detection/slicing/output/CPG/cwe476_cpg/cwe476-180-cpg-resolved.bin	tc180_flow3	CWE476_NULL_Pointer_Dereference__int_array_75a.java	93	CWE476_NULL_Pointer_Dereference__int_array_75b.java	94
/home/hyeonji/java-vuln-detection/slicing/output/CPG/cwe476_cpg/cwe476-181-cpg-resolved.bin	tc181_flow1	CWE476_NULL_Pointer_Dereference__int_array_81a.java	29	CWE476_NULL_Pointer_Dereference__int_array_81_bad.java	28
/home/hyeonji/java-vuln-detection/slicing/output/CPG/cwe476_cpg/cwe476-181-cpg-resolved.bin	tc181_flow2	CWE476_NULL_Pointer_Dereference__int_array_81a.java	59	CWE476_NULL_Pointer_Dereference__int_array_81_goodB2G.java	28
/home/hyeonji/java-vuln-detection/slicing/output/CPG/cwe476_cpg/cwe476-181-cpg-resolved.bin	tc181_flow3	CWE476_NULL_Pointer_Dereference__int_array_81a.java	47	CWE476_NULL_Pointer_Dereference__int_array_81_goodG2B.java	28
